=== cargo geiger --manifest-path /home/eirikr/Github/open_gororoba/crates/cd_kernel/Cargo.toml started at 2026-04-30T17:35:51-07:00 ===
Failed to match (ignoring source) package: registry+https://github.com/rust-lang/crates.io-index#ash@0.38.0+1.3.281 
Failed to match (ignoring source) package: registry+https://github.com/rust-lang/crates.io-index#ash@0.38.0+1.3.281 
Failed to match (ignoring source) package: registry+https://github.com/rust-lang/crates.io-index#ash@0.38.0+1.3.281 
Failed to match (ignoring source) package: registry+https://github.com/rust-lang/crates.io-index#ash@0.38.0+1.3.281 
Failed to match (ignoring source) package: registry+https://github.com/rust-lang/crates.io-index#ash@0.38.0+1.3.281 
Failed to match (ignoring source) package: registry+https://github.com/rust-lang/crates.io-index#ash@0.38.0+1.3.281 
Failed to match (ignoring source) package: registry+https://github.com/rust-lang/crates.io-index#ash@0.38.0+1.3.281 
Failed to match (ignoring source) package: registry+https://github.com/rust-lang/crates.io-index#ash@0.38.0+1.3.281 
Failed to match (ignoring source) package: registry+https://github.com/rust-lang/crates.io-index#ash@0.38.0+1.3.281 
Failed to match (ignoring source) package: registry+https://github.com/rust-lang/crates.io-index#ash@0.38.0+1.3.281 
Failed to match (ignoring source) package: registry+https://github.com/rust-lang/crates.io-index#ash@0.38.0+1.3.281 
Failed to match (ignoring source) package: registry+https://github.com/rust-lang/crates.io-index#ash@0.38.0+1.3.281 
Failed to match (ignoring source) package: registry+https://github.com/rust-lang/crates.io-index#ash@0.38.0+1.3.281 
Failed to match (ignoring source) package: registry+https://github.com/rust-lang/crates.io-index#ash@0.38.0+1.3.281 
Failed to match (ignoring source) package: registry+https://github.com/rust-lang/crates.io-index#ash@0.38.0+1.3.281 
Failed to match (ignoring source) package: registry+https://github.com/rust-lang/crates.io-index#ash@0.38.0+1.3.281 
Failed to match (ignoring source) package: registry+https://github.com/rust-lang/crates.io-index#ash@0.38.0+1.3.281 
Failed to match (ignoring source) package: registry+https://github.com/rust-lang/crates.io-index#ash@0.38.0+1.3.281 
Failed to match (ignoring source) package: registry+https://github.com/rust-lang/crates.io-index#ash@0.38.0+1.3.281 
Failed to match (ignoring source) package: registry+https://github.com/rust-lang/crates.io-index#ash@0.38.0+1.3.281 
Failed to match (ignoring source) package: registry+https://github.com/rust-lang/crates.io-index#ash@0.38.0+1.3.281 
Failed to match (ignoring source) package: registry+https://github.com/rust-lang/crates.io-index#ash@0.38.0+1.3.281 
Failed to match (ignoring source) package: registry+https://github.com/rust-lang/crates.io-index#ash@0.38.0+1.3.281 
Failed to match (ignoring source) package: registry+https://github.com/rust-lang/crates.io-index#ash@0.38.0+1.3.281 
Failed to match (ignoring source) package: registry+https://github.com/rust-lang/crates.io-index#ash@0.38.0+1.3.281 
Failed to match (ignoring source) package: registry+https://github.com/rust-lang/crates.io-index#ash@0.38.0+1.3.281 
Failed to match (ignoring source) package: registry+https://github.com/rust-lang/crates.io-index#cudarc@0.19.4 
Failed to match (ignoring source) package: registry+https://github.com/rust-lang/crates.io-index#cudarc@0.19.4 
Failed to match (ignoring source) package: registry+https://github.com/rust-lang/crates.io-index#cudarc@0.19.4 
Failed to match (ignoring source) package: registry+https://github.com/rust-lang/crates.io-index#cudarc@0.19.4 
Failed to match (ignoring source) package: registry+https://github.com/rust-lang/crates.io-index#cudarc@0.19.4 
Failed to match (ignoring source) package: registry+https://github.com/rust-lang/crates.io-index#cudarc@0.19.4 
Failed to match (ignoring source) package: registry+https://github.com/rust-lang/crates.io-index#cudarc@0.19.4 
Failed to match (ignoring source) package: registry+https://github.com/rust-lang/crates.io-index#cudarc@0.19.4 
Failed to match (ignoring source) package: registry+https://github.com/rust-lang/crates.io-index#cudarc@0.19.4 
Failed to match (ignoring source) package: registry+https://github.com/rust-lang/crates.io-index#cudarc@0.19.4 
Failed to match (ignoring source) package: registry+https://github.com/rust-lang/crates.io-index#cudarc@0.19.4 
Failed to match (ignoring source) package: registry+https://github.com/rust-lang/crates.io-index#cudarc@0.19.4 
Failed to match (ignoring source) package: registry+https://github.com/rust-lang/crates.io-index#cudarc@0.19.4 
Failed to match (ignoring source) package: registry+https://github.com/rust-lang/crates.io-index#cudarc@0.19.4 
Failed to match (ignoring source) package: registry+https://github.com/rust-lang/crates.io-index#cudarc@0.19.4 
Failed to match (ignoring source) package: registry+https://github.com/rust-lang/crates.io-index#cudarc@0.19.4 
Failed to match (ignoring source) package: registry+https://github.com/rust-lang/crates.io-index#cudarc@0.19.4 
Failed to match (ignoring source) package: registry+https://github.com/rust-lang/crates.io-index#cudarc@0.19.4 
Failed to match (ignoring source) package: registry+https://github.com/rust-lang/crates.io-index#cudarc@0.19.4 
Failed to match (ignoring source) package: registry+https://github.com/rust-lang/crates.io-index#cudarc@0.19.4 
Failed to match (ignoring source) package: registry+https://github.com/rust-lang/crates.io-index#cudarc@0.19.4 
Failed to match (ignoring source) package: registry+https://github.com/rust-lang/crates.io-index#cudarc@0.19.4 
Failed to match (ignoring source) package: registry+https://github.com/rust-lang/crates.io-index#cudarc@0.19.4 
Failed to match (ignoring source) package: registry+https://github.com/rust-lang/crates.io-index#cudarc@0.19.4 
Failed to match (ignoring source) package: registry+https://github.com/rust-lang/crates.io-index#cudarc@0.19.4 
Failed to match (ignoring source) package: registry+https://github.com/rust-lang/crates.io-index#cudarc@0.19.4 
Failed to match (ignoring source) package: registry+https://github.com/rust-lang/crates.io-index#arbitrary@1.4.2 
Failed to match (ignoring source) package: registry+https://github.com/rust-lang/crates.io-index#arbitrary@1.4.2 
Failed to match (ignoring source) package: registry+https://github.com/rust-lang/crates.io-index#arbitrary@1.4.2 
Failed to match (ignoring source) package: registry+https://github.com/rust-lang/crates.io-index#arbitrary@1.4.2 
Failed to match (ignoring source) package: registry+https://github.com/rust-lang/crates.io-index#arbitrary@1.4.2 
Failed to match (ignoring source) package: registry+https://github.com/rust-lang/crates.io-index#arbitrary@1.4.2 
Failed to match (ignoring source) package: registry+https://github.com/rust-lang/crates.io-index#arbitrary@1.4.2 
Failed to match (ignoring source) package: registry+https://github.com/rust-lang/crates.io-index#arbitrary@1.4.2 
Failed to match (ignoring source) package: registry+https://github.com/rust-lang/crates.io-index#arbitrary@1.4.2 
Failed to match (ignoring source) package: registry+https://github.com/rust-lang/crates.io-index#arbitrary@1.4.2 
Failed to match (ignoring source) package: registry+https://github.com/rust-lang/crates.io-index#arbitrary@1.4.2 
Failed to match (ignoring source) package: registry+https://github.com/rust-lang/crates.io-index#arbitrary@1.4.2 
Failed to match (ignoring source) package: registry+https://github.com/rust-lang/crates.io-index#arbitrary@1.4.2 
Failed to match (ignoring source) package: registry+https://github.com/rust-lang/crates.io-index#arbitrary@1.4.2 
Failed to match (ignoring source) package: registry+https://github.com/rust-lang/crates.io-index#allocator-api2@0.2.21 
Failed to match (ignoring source) package: registry+https://github.com/rust-lang/crates.io-index#allocator-api2@0.2.21 
Failed to match (ignoring source) package: registry+https://github.com/rust-lang/crates.io-index#allocator-api2@0.2.21 
Failed to match (ignoring source) package: registry+https://github.com/rust-lang/crates.io-index#allocator-api2@0.2.21 
Failed to match (ignoring source) package: registry+https://github.com/rust-lang/crates.io-index#allocator-api2@0.2.21 
Failed to match (ignoring source) package: registry+https://github.com/rust-lang/crates.io-index#allocator-api2@0.2.21 
Failed to match (ignoring source) package: registry+https://github.com/rust-lang/crates.io-index#allocator-api2@0.2.21 
Failed to match (ignoring source) package: registry+https://github.com/rust-lang/crates.io-index#allocator-api2@0.2.21 
Failed to match (ignoring source) package: registry+https://github.com/rust-lang/crates.io-index#allocator-api2@0.2.21 
Failed to match (ignoring source) package: registry+https://github.com/rust-lang/crates.io-index#allocator-api2@0.2.21 
Failed to match (ignoring source) package: registry+https://github.com/rust-lang/crates.io-index#allocator-api2@0.2.21 
Failed to match (ignoring source) package: registry+https://github.com/rust-lang/crates.io-index#allocator-api2@0.2.21 
Failed to match (ignoring source) package: registry+https://github.com/rust-lang/crates.io-index#allocator-api2@0.2.21 
Failed to match (ignoring source) package: registry+https://github.com/rust-lang/crates.io-index#allocator-api2@0.2.21 
Failed to match (ignoring source) package: registry+https://github.com/rust-lang/crates.io-index#allocator-api2@0.2.21 
Failed to match (ignoring source) package: registry+https://github.com/rust-lang/crates.io-index#foldhash@0.2.0 
Failed to match (ignoring source) package: registry+https://github.com/rust-lang/crates.io-index#foldhash@0.2.0 
Failed to match (ignoring source) package: registry+https://github.com/rust-lang/crates.io-index#foldhash@0.2.0 
Failed to match (ignoring source) package: registry+https://github.com/rust-lang/crates.io-index#foldhash@0.2.0 
Failed to match (ignoring source) package: registry+https://github.com/rust-lang/crates.io-index#foldhash@0.2.0 
Failed to match (ignoring source) package: registry+https://github.com/rust-lang/crates.io-index#foldhash@0.2.0 
Failed to match (ignoring source) package: registry+https://github.com/rust-lang/crates.io-index#foldhash@0.2.0 
Failed to match (ignoring source) package: registry+https://github.com/rust-lang/crates.io-index#foldhash@0.2.0 
Failed to match (ignoring source) package: registry+https://github.com/rust-lang/crates.io-index#foldhash@0.2.0 
Failed to match (ignoring source) package: registry+https://github.com/rust-lang/crates.io-index#foldhash@0.2.0 
Failed to match (ignoring source) package: registry+https://github.com/rust-lang/crates.io-index#foldhash@0.2.0 
Failed to match (ignoring source) package: registry+https://github.com/rust-lang/crates.io-index#foldhash@0.2.0 
Failed to match (ignoring source) package: registry+https://github.com/rust-lang/crates.io-index#foldhash@0.2.0 
Failed to match (ignoring source) package: registry+https://github.com/rust-lang/crates.io-index#foldhash@0.2.0 
Failed to match (ignoring source) package: registry+https://github.com/rust-lang/crates.io-index#foldhash@0.2.0 
Failed to match (ignoring source) package: registry+https://github.com/rust-lang/crates.io-index#clap_derive@4.6.0 
Failed to match (ignoring source) package: registry+https://github.com/rust-lang/crates.io-index#clap_derive@4.6.0 
Failed to match (ignoring source) package: registry+https://github.com/rust-lang/crates.io-index#clap_derive@4.6.0 
Failed to match (ignoring source) package: registry+https://github.com/rust-lang/crates.io-index#clap_derive@4.6.0 
Failed to match (ignoring source) package: registry+https://github.com/rust-lang/crates.io-index#clap_derive@4.6.0 
Failed to match (ignoring source) package: registry+https://github.com/rust-lang/crates.io-index#clap_derive@4.6.0 
Failed to match (ignoring source) package: registry+https://github.com/rust-lang/crates.io-index#clap_derive@4.6.0 
Failed to match (ignoring source) package: registry+https://github.com/rust-lang/crates.io-index#clap_derive@4.6.0 
Failed to match (ignoring source) package: registry+https://github.com/rust-lang/crates.io-index#clap_derive@4.6.0 
Failed to match (ignoring source) package: registry+https://github.com/rust-lang/crates.io-index#clap_derive@4.6.0 
Failed to match (ignoring source) package: registry+https://github.com/rust-lang/crates.io-index#clap_derive@4.6.0 
Failed to match (ignoring source) package: registry+https://github.com/rust-lang/crates.io-index#anstream@1.0.0 
Failed to match (ignoring source) package: registry+https://github.com/rust-lang/crates.io-index#anstream@1.0.0 
Failed to match (ignoring source) package: registry+https://github.com/rust-lang/crates.io-index#anstream@1.0.0 
Failed to match (ignoring source) package: registry+https://github.com/rust-lang/crates.io-index#anstream@1.0.0 
Failed to match (ignoring source) package: registry+https://github.com/rust-lang/crates.io-index#anstream@1.0.0 
Failed to match (ignoring source) package: registry+https://github.com/rust-lang/crates.io-index#anstream@1.0.0 
Failed to match (ignoring source) package: registry+https://github.com/rust-lang/crates.io-index#anstream@1.0.0 
Failed to match (ignoring source) package: registry+https://github.com/rust-lang/crates.io-index#anstream@1.0.0 
Failed to match (ignoring source) package: registry+https://github.com/rust-lang/crates.io-index#anstream@1.0.0 
Failed to match (ignoring source) package: registry+https://github.com/rust-lang/crates.io-index#anstream@1.0.0 
Failed to match (ignoring source) package: registry+https://github.com/rust-lang/crates.io-index#anstream@1.0.0 
Failed to match (ignoring source) package: registry+https://github.com/rust-lang/crates.io-index#anstream@1.0.0 
Failed to match (ignoring source) package: registry+https://github.com/rust-lang/crates.io-index#strsim@0.11.1 
Failed to match (ignoring source) package: registry+https://github.com/rust-lang/crates.io-index#strsim@0.11.1 
Failed to match (ignoring source) package: registry+https://github.com/rust-lang/crates.io-index#strsim@0.11.1 
Failed to match (ignoring source) package: registry+https://github.com/rust-lang/crates.io-index#strsim@0.11.1 
Failed to match (ignoring source) package: registry+https://github.com/rust-lang/crates.io-index#strsim@0.11.1 
Failed to match (ignoring source) package: registry+https://github.com/rust-lang/crates.io-index#strsim@0.11.1 
Failed to match (ignoring source) package: registry+https://github.com/rust-lang/crates.io-index#strsim@0.11.1 
Failed to match (ignoring source) package: registry+https://github.com/rust-lang/crates.io-index#strsim@0.11.1 
Failed to match (ignoring source) package: registry+https://github.com/rust-lang/crates.io-index#strsim@0.11.1 
Failed to match (ignoring source) package: registry+https://github.com/rust-lang/crates.io-index#strsim@0.11.1 
Failed to match (ignoring source) package: registry+https://github.com/rust-lang/crates.io-index#strsim@0.11.1 
Failed to match (ignoring source) package: registry+https://github.com/rust-lang/crates.io-index#strsim@0.11.1 
Failed to match (ignoring source) package: registry+https://github.com/rust-lang/crates.io-index#unicode-width@0.2.2 
Failed to match (ignoring source) package: registry+https://github.com/rust-lang/crates.io-index#unicode-width@0.2.2 
Failed to match (ignoring source) package: registry+https://github.com/rust-lang/crates.io-index#unicode-width@0.2.2 
Failed to match (ignoring source) package: registry+https://github.com/rust-lang/crates.io-index#unicode-width@0.2.2 
Failed to match (ignoring source) package: registry+https://github.com/rust-lang/crates.io-index#unicode-width@0.2.2 
Failed to match (ignoring source) package: registry+https://github.com/rust-lang/crates.io-index#unicode-width@0.2.2 
Failed to match (ignoring source) package: registry+https://github.com/rust-lang/crates.io-index#unicode-width@0.2.2 
Failed to match (ignoring source) package: registry+https://github.com/rust-lang/crates.io-index#unicode-width@0.2.2 
Failed to match (ignoring source) package: registry+https://github.com/rust-lang/crates.io-index#unicode-width@0.2.2 
Failed to match (ignoring source) package: registry+https://github.com/rust-lang/crates.io-index#unicode-width@0.2.2 
Failed to match (ignoring source) package: registry+https://github.com/rust-lang/crates.io-index#unicode-width@0.2.2 
Failed to match (ignoring source) package: registry+https://github.com/rust-lang/crates.io-index#unicode-width@0.2.2 
Failed to match (ignoring source) package: registry+https://github.com/rust-lang/crates.io-index#allocator-api2@0.2.21 
Failed to match (ignoring source) package: registry+https://github.com/rust-lang/crates.io-index#allocator-api2@0.2.21 
Failed to match (ignoring source) package: registry+https://github.com/rust-lang/crates.io-index#allocator-api2@0.2.21 
Failed to match (ignoring source) package: registry+https://github.com/rust-lang/crates.io-index#allocator-api2@0.2.21 
Failed to match (ignoring source) package: registry+https://github.com/rust-lang/crates.io-index#allocator-api2@0.2.21 
Failed to match (ignoring source) package: registry+https://github.com/rust-lang/crates.io-index#allocator-api2@0.2.21 
Failed to match (ignoring source) package: registry+https://github.com/rust-lang/crates.io-index#allocator-api2@0.2.21 
Failed to match (ignoring source) package: registry+https://github.com/rust-lang/crates.io-index#allocator-api2@0.2.21 
Failed to match (ignoring source) package: registry+https://github.com/rust-lang/crates.io-index#allocator-api2@0.2.21 
Failed to match (ignoring source) package: registry+https://github.com/rust-lang/crates.io-index#allocator-api2@0.2.21 
Failed to match (ignoring source) package: registry+https://github.com/rust-lang/crates.io-index#allocator-api2@0.2.21 
Failed to match (ignoring source) package: registry+https://github.com/rust-lang/crates.io-index#allocator-api2@0.2.21 
Failed to match (ignoring source) package: registry+https://github.com/rust-lang/crates.io-index#allocator-api2@0.2.21 
Failed to match (ignoring source) package: registry+https://github.com/rust-lang/crates.io-index#allocator-api2@0.2.21 
Failed to match (ignoring source) package: registry+https://github.com/rust-lang/crates.io-index#document-features@0.2.12 
Failed to match (ignoring source) package: registry+https://github.com/rust-lang/crates.io-index#document-features@0.2.12 
Failed to match (ignoring source) package: registry+https://github.com/rust-lang/crates.io-index#document-features@0.2.12 
Failed to match (ignoring source) package: registry+https://github.com/rust-lang/crates.io-index#document-features@0.2.12 
Failed to match (ignoring source) package: registry+https://github.com/rust-lang/crates.io-index#document-features@0.2.12 
Failed to match (ignoring source) package: registry+https://github.com/rust-lang/crates.io-index#document-features@0.2.12 
Failed to match (ignoring source) package: registry+https://github.com/rust-lang/crates.io-index#document-features@0.2.12 
Failed to match (ignoring source) package: registry+https://github.com/rust-lang/crates.io-index#document-features@0.2.12 
Failed to match (ignoring source) package: registry+https://github.com/rust-lang/crates.io-index#document-features@0.2.12 
Failed to match (ignoring source) package: registry+https://github.com/rust-lang/crates.io-index#document-features@0.2.12 
Failed to match (ignoring source) package: registry+https://github.com/rust-lang/crates.io-index#document-features@0.2.12 
Failed to match (ignoring source) package: registry+https://github.com/rust-lang/crates.io-index#arbitrary@1.4.2 
Failed to match (ignoring source) package: registry+https://github.com/rust-lang/crates.io-index#arbitrary@1.4.2 
Failed to match (ignoring source) package: registry+https://github.com/rust-lang/crates.io-index#arbitrary@1.4.2 
Failed to match (ignoring source) package: registry+https://github.com/rust-lang/crates.io-index#arbitrary@1.4.2 
Failed to match (ignoring source) package: registry+https://github.com/rust-lang/crates.io-index#arbitrary@1.4.2 
Failed to match (ignoring source) package: registry+https://github.com/rust-lang/crates.io-index#fallible-iterator@0.3.0 
Failed to match (ignoring source) package: registry+https://github.com/rust-lang/crates.io-index#fallible-iterator@0.3.0 
Failed to match (ignoring source) package: registry+https://github.com/rust-lang/crates.io-index#fallible-iterator@0.3.0 
Failed to match (ignoring source) package: registry+https://github.com/rust-lang/crates.io-index#fallible-iterator@0.3.0 
Failed to match (ignoring source) package: registry+https://github.com/rust-lang/crates.io-index#fallible-iterator@0.3.0 
Failed to match (ignoring source) package: registry+https://github.com/rust-lang/crates.io-index#fallible-iterator@0.3.0 
Failed to match (ignoring source) package: registry+https://github.com/rust-lang/crates.io-index#fallible-iterator@0.3.0 
Failed to match (ignoring source) package: registry+https://github.com/rust-lang/crates.io-index#fallible-iterator@0.3.0 
Failed to match (ignoring source) package: registry+https://github.com/rust-lang/crates.io-index#fallible-iterator@0.3.0 
Failed to match (ignoring source) package: registry+https://github.com/rust-lang/crates.io-index#fallible-iterator@0.3.0 
Failed to match (ignoring source) package: registry+https://github.com/rust-lang/crates.io-index#fallible-iterator@0.3.0 
Failed to match (ignoring source) package: registry+https://github.com/rust-lang/crates.io-index#fallible-iterator@0.3.0 
Failed to match (ignoring source) package: registry+https://github.com/rust-lang/crates.io-index#fallible-iterator@0.3.0 
Failed to match (ignoring source) package: registry+https://github.com/rust-lang/crates.io-index#fallible-iterator@0.3.0 
Failed to match (ignoring source) package: registry+https://github.com/rust-lang/crates.io-index#fallible-iterator@0.3.0 
Failed to match (ignoring source) package: registry+https://github.com/rust-lang/crates.io-index#typed-arena@2.0.2 
Failed to match (ignoring source) package: registry+https://github.com/rust-lang/crates.io-index#typed-arena@2.0.2 
Failed to match (ignoring source) package: registry+https://github.com/rust-lang/crates.io-index#typed-arena@2.0.2 
Failed to match (ignoring source) package: registry+https://github.com/rust-lang/crates.io-index#typed-arena@2.0.2 
Failed to match (ignoring source) package: registry+https://github.com/rust-lang/crates.io-index#typed-arena@2.0.2 
Failed to match (ignoring source) package: registry+https://github.com/rust-lang/crates.io-index#typed-arena@2.0.2 
Failed to match (ignoring source) package: registry+https://github.com/rust-lang/crates.io-index#typed-arena@2.0.2 
Failed to match (ignoring source) package: registry+https://github.com/rust-lang/crates.io-index#typed-arena@2.0.2 
Failed to match (ignoring source) package: registry+https://github.com/rust-lang/crates.io-index#typed-arena@2.0.2 
Failed to match (ignoring source) package: registry+https://github.com/rust-lang/crates.io-index#typed-arena@2.0.2 
Failed to match (ignoring source) package: registry+https://github.com/rust-lang/crates.io-index#typed-arena@2.0.2 
Failed to match (ignoring source) package: registry+https://github.com/rust-lang/crates.io-index#typed-arena@2.0.2 
Failed to match (ignoring source) package: registry+https://github.com/rust-lang/crates.io-index#typed-arena@2.0.2 
Failed to match (ignoring source) package: registry+https://github.com/rust-lang/crates.io-index#typed-arena@2.0.2 
Failed to match (ignoring source) package: registry+https://github.com/rust-lang/crates.io-index#typed-arena@2.0.2 
Failed to match (ignoring source) package: registry+https://github.com/rust-lang/crates.io-index#stable_deref_trait@1.2.1 
Failed to match (ignoring source) package: registry+https://github.com/rust-lang/crates.io-index#stable_deref_trait@1.2.1 
Failed to match (ignoring source) package: registry+https://github.com/rust-lang/crates.io-index#stable_deref_trait@1.2.1 
Failed to match (ignoring source) package: registry+https://github.com/rust-lang/crates.io-index#stable_deref_trait@1.2.1 
Failed to match (ignoring source) package: registry+https://github.com/rust-lang/crates.io-index#fallible-iterator@0.3.0 
Failed to match (ignoring source) package: registry+https://github.com/rust-lang/crates.io-index#fallible-iterator@0.3.0 
Failed to match (ignoring source) package: registry+https://github.com/rust-lang/crates.io-index#fallible-iterator@0.3.0 
Failed to match (ignoring source) package: registry+https://github.com/rust-lang/crates.io-index#fallible-iterator@0.3.0 
Failed to match (ignoring source) package: registry+https://github.com/rust-lang/crates.io-index#fallible-iterator@0.3.0 
Failed to match (ignoring source) package: registry+https://github.com/rust-lang/crates.io-index#fallible-iterator@0.3.0 
Failed to match (ignoring source) package: registry+https://github.com/rust-lang/crates.io-index#stable_deref_trait@1.2.1 
Failed to match (ignoring source) package: registry+https://github.com/rust-lang/crates.io-index#stable_deref_trait@1.2.1 
Failed to match (ignoring source) package: registry+https://github.com/rust-lang/crates.io-index#stable_deref_trait@1.2.1 
Failed to match (ignoring source) package: registry+https://github.com/rust-lang/crates.io-index#stable_deref_trait@1.2.1 
Failed to match (ignoring source) package: registry+https://github.com/rust-lang/crates.io-index#stable_deref_trait@1.2.1 
Failed to match (ignoring source) package: registry+https://github.com/rust-lang/crates.io-index#stable_deref_trait@1.2.1 
Failed to match (ignoring source) package: registry+https://github.com/rust-lang/crates.io-index#arbitrary@1.4.2 
Failed to match (ignoring source) package: registry+https://github.com/rust-lang/crates.io-index#arbitrary@1.4.2 
Failed to match (ignoring source) package: registry+https://github.com/rust-lang/crates.io-index#arbitrary@1.4.2 
Failed to match (ignoring source) package: registry+https://github.com/rust-lang/crates.io-index#arbitrary@1.4.2 
Failed to match (ignoring source) package: registry+https://github.com/rust-lang/crates.io-index#arbitrary@1.4.2 
Failed to match (ignoring source) package: registry+https://github.com/rust-lang/crates.io-index#arbitrary@1.4.2 
Failed to match (ignoring source) package: registry+https://github.com/rust-lang/crates.io-index#arbitrary@1.4.2 
Failed to match (ignoring source) package: registry+https://github.com/rust-lang/crates.io-index#arbitrary@1.4.2 
Failed to match (ignoring source) package: registry+https://github.com/rust-lang/crates.io-index#arbitrary@1.4.2 
Failed to match (ignoring source) package: registry+https://github.com/rust-lang/crates.io-index#arbitrary@1.4.2 
Failed to match (ignoring source) package: registry+https://github.com/rust-lang/crates.io-index#arbitrary@1.4.2 
Failed to match (ignoring source) package: registry+https://github.com/rust-lang/crates.io-index#glam@0.14.0 
Failed to match (ignoring source) package: registry+https://github.com/rust-lang/crates.io-index#glam@0.14.0 
Failed to match (ignoring source) package: registry+https://github.com/rust-lang/crates.io-index#glam@0.14.0 
Failed to match (ignoring source) package: registry+https://github.com/rust-lang/crates.io-index#glam@0.14.0 
Failed to match (ignoring source) package: registry+https://github.com/rust-lang/crates.io-index#glam@0.14.0 
Failed to match (ignoring source) package: registry+https://github.com/rust-lang/crates.io-index#glam@0.14.0 
Failed to match (ignoring source) package: registry+https://github.com/rust-lang/crates.io-index#glam@0.14.0 
Failed to match (ignoring source) package: registry+https://github.com/rust-lang/crates.io-index#glam@0.14.0 
Failed to match (ignoring source) package: registry+https://github.com/rust-lang/crates.io-index#glam@0.14.0 
Failed to match (ignoring source) package: registry+https://github.com/rust-lang/crates.io-index#glam@0.14.0 
Failed to match (ignoring source) package: registry+https://github.com/rust-lang/crates.io-index#glam@0.14.0 
Failed to match (ignoring source) package: registry+https://github.com/rust-lang/crates.io-index#glam@0.14.0 
Failed to match (ignoring source) package: registry+https://github.com/rust-lang/crates.io-index#glam@0.14.0 
Failed to match (ignoring source) package: registry+https://github.com/rust-lang/crates.io-index#glam@0.14.0 
Failed to match (ignoring source) package: registry+https://github.com/rust-lang/crates.io-index#glam@0.14.0 
Failed to match (ignoring source) package: registry+https://github.com/rust-lang/crates.io-index#glam@0.14.0 
Failed to match (ignoring source) package: registry+https://github.com/rust-lang/crates.io-index#glam@0.14.0 
Failed to match (ignoring source) package: registry+https://github.com/rust-lang/crates.io-index#glam@0.14.0 
Failed to match (ignoring source) package: registry+https://github.com/rust-lang/crates.io-index#glam@0.14.0 
Failed to match (ignoring source) package: registry+https://github.com/rust-lang/crates.io-index#glam@0.14.0 
Failed to match (ignoring source) package: registry+https://github.com/rust-lang/crates.io-index#glam@0.14.0 
Failed to match (ignoring source) package: registry+https://github.com/rust-lang/crates.io-index#glam@0.14.0 
Failed to match (ignoring source) package: registry+https://github.com/rust-lang/crates.io-index#glam@0.14.0 
Failed to match (ignoring source) package: registry+https://github.com/rust-lang/crates.io-index#glam@0.14.0 
Failed to match (ignoring source) package: registry+https://github.com/rust-lang/crates.io-index#glam@0.14.0 
Failed to match (ignoring source) package: registry+https://github.com/rust-lang/crates.io-index#glam@0.14.0 
Failed to match (ignoring source) package: registry+https://github.com/rust-lang/crates.io-index#glam@0.14.0 
Failed to match (ignoring source) package: registry+https://github.com/rust-lang/crates.io-index#glam@0.14.0 
Failed to match (ignoring source) package: registry+https://github.com/rust-lang/crates.io-index#glam@0.14.0 
Failed to match (ignoring source) package: registry+https://github.com/rust-lang/crates.io-index#glam@0.14.0 
Failed to match (ignoring source) package: registry+https://github.com/rust-lang/crates.io-index#glam@0.14.0 
Failed to match (ignoring source) package: registry+https://github.com/rust-lang/crates.io-index#glam@0.14.0 
Failed to match (ignoring source) package: registry+https://github.com/rust-lang/crates.io-index#glam@0.14.0 
Failed to match (ignoring source) package: registry+https://github.com/rust-lang/crates.io-index#glam@0.14.0 
Failed to match (ignoring source) package: registry+https://github.com/rust-lang/crates.io-index#glam@0.14.0 
Failed to match (ignoring source) package: registry+https://github.com/rust-lang/crates.io-index#glam@0.14.0 
Failed to match (ignoring source) package: registry+https://github.com/rust-lang/crates.io-index#glam@0.14.0 
Failed to match (ignoring source) package: registry+https://github.com/rust-lang/crates.io-index#glam@0.14.0 
Failed to match (ignoring source) package: registry+https://github.com/rust-lang/crates.io-index#glam@0.14.0 
Failed to match (ignoring source) package: registry+https://github.com/rust-lang/crates.io-index#glam@0.14.0 
Failed to match (ignoring source) package: registry+https://github.com/rust-lang/crates.io-index#glam@0.14.0 
Failed to match (ignoring source) package: registry+https://github.com/rust-lang/crates.io-index#glam@0.14.0 
Failed to match (ignoring source) package: registry+https://github.com/rust-lang/crates.io-index#glam@0.14.0 
Failed to match (ignoring source) package: registry+https://github.com/rust-lang/crates.io-index#glam@0.14.0 
Failed to match (ignoring source) package: registry+https://github.com/rust-lang/crates.io-index#glam@0.14.0 
Failed to match (ignoring source) package: registry+https://github.com/rust-lang/crates.io-index#glam@0.14.0 
Failed to match (ignoring source) package: registry+https://github.com/rust-lang/crates.io-index#glam@0.14.0 
Failed to match (ignoring source) package: registry+https://github.com/rust-lang/crates.io-index#glam@0.14.0 
Failed to match (ignoring source) package: registry+https://github.com/rust-lang/crates.io-index#glam@0.14.0 
Failed to match (ignoring source) package: registry+https://github.com/rust-lang/crates.io-index#glam@0.15.2 
Failed to match (ignoring source) package: registry+https://github.com/rust-lang/crates.io-index#glam@0.15.2 
Failed to match (ignoring source) package: registry+https://github.com/rust-lang/crates.io-index#glam@0.15.2 
Failed to match (ignoring source) package: registry+https://github.com/rust-lang/crates.io-index#glam@0.15.2 
Failed to match (ignoring source) package: registry+https://github.com/rust-lang/crates.io-index#glam@0.15.2 
Failed to match (ignoring source) package: registry+https://github.com/rust-lang/crates.io-index#glam@0.15.2 
Failed to match (ignoring source) package: registry+https://github.com/rust-lang/crates.io-index#glam@0.15.2 
Failed to match (ignoring source) package: registry+https://github.com/rust-lang/crates.io-index#glam@0.15.2 
Failed to match (ignoring source) package: registry+https://github.com/rust-lang/crates.io-index#glam@0.15.2 
Failed to match (ignoring source) package: registry+https://github.com/rust-lang/crates.io-index#glam@0.15.2 
Failed to match (ignoring source) package: registry+https://github.com/rust-lang/crates.io-index#glam@0.15.2 
Failed to match (ignoring source) package: registry+https://github.com/rust-lang/crates.io-index#glam@0.15.2 
Failed to match (ignoring source) package: registry+https://github.com/rust-lang/crates.io-index#glam@0.15.2 
Failed to match (ignoring source) package: registry+https://github.com/rust-lang/crates.io-index#glam@0.15.2 
Failed to match (ignoring source) package: registry+https://github.com/rust-lang/crates.io-index#glam@0.15.2 
Failed to match (ignoring source) package: registry+https://github.com/rust-lang/crates.io-index#glam@0.15.2 
Failed to match (ignoring source) package: registry+https://github.com/rust-lang/crates.io-index#glam@0.15.2 
Failed to match (ignoring source) package: registry+https://github.com/rust-lang/crates.io-index#glam@0.15.2 
Failed to match (ignoring source) package: registry+https://github.com/rust-lang/crates.io-index#glam@0.15.2 
Failed to match (ignoring source) package: registry+https://github.com/rust-lang/crates.io-index#glam@0.15.2 
Failed to match (ignoring source) package: registry+https://github.com/rust-lang/crates.io-index#glam@0.15.2 
Failed to match (ignoring source) package: registry+https://github.com/rust-lang/crates.io-index#glam@0.15.2 
Failed to match (ignoring source) package: registry+https://github.com/rust-lang/crates.io-index#glam@0.15.2 
Failed to match (ignoring source) package: registry+https://github.com/rust-lang/crates.io-index#glam@0.15.2 
Failed to match (ignoring source) package: registry+https://github.com/rust-lang/crates.io-index#glam@0.15.2 
Failed to match (ignoring source) package: registry+https://github.com/rust-lang/crates.io-index#glam@0.15.2 
Failed to match (ignoring source) package: registry+https://github.com/rust-lang/crates.io-index#glam@0.15.2 
Failed to match (ignoring source) package: registry+https://github.com/rust-lang/crates.io-index#glam@0.15.2 
Failed to match (ignoring source) package: registry+https://github.com/rust-lang/crates.io-index#glam@0.15.2 
Failed to match (ignoring source) package: registry+https://github.com/rust-lang/crates.io-index#glam@0.15.2 
Failed to match (ignoring source) package: registry+https://github.com/rust-lang/crates.io-index#glam@0.15.2 
Failed to match (ignoring source) package: registry+https://github.com/rust-lang/crates.io-index#glam@0.15.2 
Failed to match (ignoring source) package: registry+https://github.com/rust-lang/crates.io-index#glam@0.15.2 
Failed to match (ignoring source) package: registry+https://github.com/rust-lang/crates.io-index#glam@0.15.2 
Failed to match (ignoring source) package: registry+https://github.com/rust-lang/crates.io-index#glam@0.15.2 
Failed to match (ignoring source) package: registry+https://github.com/rust-lang/crates.io-index#glam@0.15.2 
Failed to match (ignoring source) package: registry+https://github.com/rust-lang/crates.io-index#glam@0.15.2 
Failed to match (ignoring source) package: registry+https://github.com/rust-lang/crates.io-index#glam@0.15.2 
Failed to match (ignoring source) package: registry+https://github.com/rust-lang/crates.io-index#glam@0.15.2 
Failed to match (ignoring source) package: registry+https://github.com/rust-lang/crates.io-index#glam@0.15.2 
Failed to match (ignoring source) package: registry+https://github.com/rust-lang/crates.io-index#glam@0.15.2 
Failed to match (ignoring source) package: registry+https://github.com/rust-lang/crates.io-index#glam@0.15.2 
Failed to match (ignoring source) package: registry+https://github.com/rust-lang/crates.io-index#glam@0.15.2 
Failed to match (ignoring source) package: registry+https://github.com/rust-lang/crates.io-index#glam@0.15.2 
Failed to match (ignoring source) package: registry+https://github.com/rust-lang/crates.io-index#glam@0.15.2 
Failed to match (ignoring source) package: registry+https://github.com/rust-lang/crates.io-index#glam@0.15.2 
Failed to match (ignoring source) package: registry+https://github.com/rust-lang/crates.io-index#glam@0.15.2 
Failed to match (ignoring source) package: registry+https://github.com/rust-lang/crates.io-index#glam@0.15.2 
Failed to match (ignoring source) package: registry+https://github.com/rust-lang/crates.io-index#glam@0.15.2 
Failed to match (ignoring source) package: registry+https://github.com/rust-lang/crates.io-index#glam@0.16.0 
Failed to match (ignoring source) package: registry+https://github.com/rust-lang/crates.io-index#glam@0.16.0 
Failed to match (ignoring source) package: registry+https://github.com/rust-lang/crates.io-index#glam@0.16.0 
Failed to match (ignoring source) package: registry+https://github.com/rust-lang/crates.io-index#glam@0.16.0 
Failed to match (ignoring source) package: registry+https://github.com/rust-lang/crates.io-index#glam@0.16.0 
Failed to match (ignoring source) package: registry+https://github.com/rust-lang/crates.io-index#glam@0.16.0 
Failed to match (ignoring source) package: registry+https://github.com/rust-lang/crates.io-index#glam@0.16.0 
Failed to match (ignoring source) package: registry+https://github.com/rust-lang/crates.io-index#glam@0.16.0 
Failed to match (ignoring source) package: registry+https://github.com/rust-lang/crates.io-index#glam@0.16.0 
Failed to match (ignoring source) package: registry+https://github.com/rust-lang/crates.io-index#glam@0.16.0 
Failed to match (ignoring source) package: registry+https://github.com/rust-lang/crates.io-index#glam@0.16.0 
Failed to match (ignoring source) package: registry+https://github.com/rust-lang/crates.io-index#glam@0.16.0 
Failed to match (ignoring source) package: registry+https://github.com/rust-lang/crates.io-index#glam@0.16.0 
Failed to match (ignoring source) package: registry+https://github.com/rust-lang/crates.io-index#glam@0.16.0 
Failed to match (ignoring source) package: registry+https://github.com/rust-lang/crates.io-index#glam@0.16.0 
Failed to match (ignoring source) package: registry+https://github.com/rust-lang/crates.io-index#glam@0.16.0 
Failed to match (ignoring source) package: registry+https://github.com/rust-lang/crates.io-index#glam@0.16.0 
Failed to match (ignoring source) package: registry+https://github.com/rust-lang/crates.io-index#glam@0.16.0 
Failed to match (ignoring source) package: registry+https://github.com/rust-lang/crates.io-index#glam@0.16.0 
Failed to match (ignoring source) package: registry+https://github.com/rust-lang/crates.io-index#glam@0.16.0 
Failed to match (ignoring source) package: registry+https://github.com/rust-lang/crates.io-index#glam@0.16.0 
Failed to match (ignoring source) package: registry+https://github.com/rust-lang/crates.io-index#glam@0.16.0 
Failed to match (ignoring source) package: registry+https://github.com/rust-lang/crates.io-index#glam@0.16.0 
Failed to match (ignoring source) package: registry+https://github.com/rust-lang/crates.io-index#glam@0.16.0 
Failed to match (ignoring source) package: registry+https://github.com/rust-lang/crates.io-index#glam@0.16.0 
Failed to match (ignoring source) package: registry+https://github.com/rust-lang/crates.io-index#glam@0.16.0 
Failed to match (ignoring source) package: registry+https://github.com/rust-lang/crates.io-index#glam@0.16.0 
Failed to match (ignoring source) package: registry+https://github.com/rust-lang/crates.io-index#glam@0.16.0 
Failed to match (ignoring source) package: registry+https://github.com/rust-lang/crates.io-index#glam@0.16.0 
Failed to match (ignoring source) package: registry+https://github.com/rust-lang/crates.io-index#glam@0.16.0 
Failed to match (ignoring source) package: registry+https://github.com/rust-lang/crates.io-index#glam@0.16.0 
Failed to match (ignoring source) package: registry+https://github.com/rust-lang/crates.io-index#glam@0.16.0 
Failed to match (ignoring source) package: registry+https://github.com/rust-lang/crates.io-index#glam@0.16.0 
Failed to match (ignoring source) package: registry+https://github.com/rust-lang/crates.io-index#glam@0.16.0 
Failed to match (ignoring source) package: registry+https://github.com/rust-lang/crates.io-index#glam@0.16.0 
Failed to match (ignoring source) package: registry+https://github.com/rust-lang/crates.io-index#glam@0.16.0 
Failed to match (ignoring source) package: registry+https://github.com/rust-lang/crates.io-index#glam@0.16.0 
Failed to match (ignoring source) package: registry+https://github.com/rust-lang/crates.io-index#glam@0.16.0 
Failed to match (ignoring source) package: registry+https://github.com/rust-lang/crates.io-index#glam@0.16.0 
Failed to match (ignoring source) package: registry+https://github.com/rust-lang/crates.io-index#glam@0.16.0 
Failed to match (ignoring source) package: registry+https://github.com/rust-lang/crates.io-index#glam@0.16.0 
Failed to match (ignoring source) package: registry+https://github.com/rust-lang/crates.io-index#glam@0.16.0 
Failed to match (ignoring source) package: registry+https://github.com/rust-lang/crates.io-index#glam@0.16.0 
Failed to match (ignoring source) package: registry+https://github.com/rust-lang/crates.io-index#glam@0.16.0 
Failed to match (ignoring source) package: registry+https://github.com/rust-lang/crates.io-index#glam@0.16.0 
Failed to match (ignoring source) package: registry+https://github.com/rust-lang/crates.io-index#glam@0.16.0 
Failed to match (ignoring source) package: registry+https://github.com/rust-lang/crates.io-index#glam@0.16.0 
Failed to match (ignoring source) package: registry+https://github.com/rust-lang/crates.io-index#glam@0.16.0 
Failed to match (ignoring source) package: registry+https://github.com/rust-lang/crates.io-index#glam@0.16.0 
Failed to match (ignoring source) package: registry+https://github.com/rust-lang/crates.io-index#glam@0.17.3 
Failed to match (ignoring source) package: registry+https://github.com/rust-lang/crates.io-index#glam@0.17.3 
Failed to match (ignoring source) package: registry+https://github.com/rust-lang/crates.io-index#glam@0.17.3 
Failed to match (ignoring source) package: registry+https://github.com/rust-lang/crates.io-index#glam@0.17.3 
Failed to match (ignoring source) package: registry+https://github.com/rust-lang/crates.io-index#glam@0.17.3 
Failed to match (ignoring source) package: registry+https://github.com/rust-lang/crates.io-index#glam@0.17.3 
Failed to match (ignoring source) package: registry+https://github.com/rust-lang/crates.io-index#glam@0.17.3 
Failed to match (ignoring source) package: registry+https://github.com/rust-lang/crates.io-index#glam@0.17.3 
Failed to match (ignoring source) package: registry+https://github.com/rust-lang/crates.io-index#glam@0.17.3 
Failed to match (ignoring source) package: registry+https://github.com/rust-lang/crates.io-index#glam@0.17.3 
Failed to match (ignoring source) package: registry+https://github.com/rust-lang/crates.io-index#glam@0.17.3 
Failed to match (ignoring source) package: registry+https://github.com/rust-lang/crates.io-index#glam@0.17.3 
Failed to match (ignoring source) package: registry+https://github.com/rust-lang/crates.io-index#glam@0.17.3 
Failed to match (ignoring source) package: registry+https://github.com/rust-lang/crates.io-index#glam@0.17.3 
Failed to match (ignoring source) package: registry+https://github.com/rust-lang/crates.io-index#glam@0.17.3 
Failed to match (ignoring source) package: registry+https://github.com/rust-lang/crates.io-index#glam@0.17.3 
Failed to match (ignoring source) package: registry+https://github.com/rust-lang/crates.io-index#glam@0.17.3 
Failed to match (ignoring source) package: registry+https://github.com/rust-lang/crates.io-index#glam@0.17.3 
Failed to match (ignoring source) package: registry+https://github.com/rust-lang/crates.io-index#glam@0.17.3 
Failed to match (ignoring source) package: registry+https://github.com/rust-lang/crates.io-index#glam@0.17.3 
Failed to match (ignoring source) package: registry+https://github.com/rust-lang/crates.io-index#glam@0.17.3 
Failed to match (ignoring source) package: registry+https://github.com/rust-lang/crates.io-index#glam@0.17.3 
Failed to match (ignoring source) package: registry+https://github.com/rust-lang/crates.io-index#glam@0.17.3 
Failed to match (ignoring source) package: registry+https://github.com/rust-lang/crates.io-index#glam@0.17.3 
Failed to match (ignoring source) package: registry+https://github.com/rust-lang/crates.io-index#glam@0.17.3 
Failed to match (ignoring source) package: registry+https://github.com/rust-lang/crates.io-index#glam@0.17.3 
Failed to match (ignoring source) package: registry+https://github.com/rust-lang/crates.io-index#glam@0.17.3 
Failed to match (ignoring source) package: registry+https://github.com/rust-lang/crates.io-index#glam@0.17.3 
Failed to match (ignoring source) package: registry+https://github.com/rust-lang/crates.io-index#glam@0.17.3 
Failed to match (ignoring source) package: registry+https://github.com/rust-lang/crates.io-index#glam@0.17.3 
Failed to match (ignoring source) package: registry+https://github.com/rust-lang/crates.io-index#glam@0.17.3 
Failed to match (ignoring source) package: registry+https://github.com/rust-lang/crates.io-index#glam@0.17.3 
Failed to match (ignoring source) package: registry+https://github.com/rust-lang/crates.io-index#glam@0.17.3 
Failed to match (ignoring source) package: registry+https://github.com/rust-lang/crates.io-index#glam@0.17.3 
Failed to match (ignoring source) package: registry+https://github.com/rust-lang/crates.io-index#glam@0.17.3 
Failed to match (ignoring source) package: registry+https://github.com/rust-lang/crates.io-index#glam@0.17.3 
Failed to match (ignoring source) package: registry+https://github.com/rust-lang/crates.io-index#glam@0.17.3 
Failed to match (ignoring source) package: registry+https://github.com/rust-lang/crates.io-index#glam@0.17.3 
Failed to match (ignoring source) package: registry+https://github.com/rust-lang/crates.io-index#glam@0.17.3 
Failed to match (ignoring source) package: registry+https://github.com/rust-lang/crates.io-index#glam@0.17.3 
Failed to match (ignoring source) package: registry+https://github.com/rust-lang/crates.io-index#glam@0.17.3 
Failed to match (ignoring source) package: registry+https://github.com/rust-lang/crates.io-index#glam@0.17.3 
Failed to match (ignoring source) package: registry+https://github.com/rust-lang/crates.io-index#glam@0.17.3 
Failed to match (ignoring source) package: registry+https://github.com/rust-lang/crates.io-index#glam@0.17.3 
Failed to match (ignoring source) package: registry+https://github.com/rust-lang/crates.io-index#glam@0.17.3 
Failed to match (ignoring source) package: registry+https://github.com/rust-lang/crates.io-index#glam@0.17.3 
Failed to match (ignoring source) package: registry+https://github.com/rust-lang/crates.io-index#glam@0.17.3 
Failed to match (ignoring source) package: registry+https://github.com/rust-lang/crates.io-index#glam@0.17.3 
Failed to match (ignoring source) package: registry+https://github.com/rust-lang/crates.io-index#glam@0.17.3 
Failed to match (ignoring source) package: registry+https://github.com/rust-lang/crates.io-index#glam@0.18.0 
Failed to match (ignoring source) package: registry+https://github.com/rust-lang/crates.io-index#glam@0.18.0 
Failed to match (ignoring source) package: registry+https://github.com/rust-lang/crates.io-index#glam@0.18.0 
Failed to match (ignoring source) package: registry+https://github.com/rust-lang/crates.io-index#glam@0.18.0 
Failed to match (ignoring source) package: registry+https://github.com/rust-lang/crates.io-index#glam@0.18.0 
Failed to match (ignoring source) package: registry+https://github.com/rust-lang/crates.io-index#glam@0.18.0 
Failed to match (ignoring source) package: registry+https://github.com/rust-lang/crates.io-index#glam@0.18.0 
Failed to match (ignoring source) package: registry+https://github.com/rust-lang/crates.io-index#glam@0.18.0 
Failed to match (ignoring source) package: registry+https://github.com/rust-lang/crates.io-index#glam@0.18.0 
Failed to match (ignoring source) package: registry+https://github.com/rust-lang/crates.io-index#glam@0.18.0 
Failed to match (ignoring source) package: registry+https://github.com/rust-lang/crates.io-index#glam@0.18.0 
Failed to match (ignoring source) package: registry+https://github.com/rust-lang/crates.io-index#glam@0.18.0 
Failed to match (ignoring source) package: registry+https://github.com/rust-lang/crates.io-index#glam@0.18.0 
Failed to match (ignoring source) package: registry+https://github.com/rust-lang/crates.io-index#glam@0.18.0 
Failed to match (ignoring source) package: registry+https://github.com/rust-lang/crates.io-index#glam@0.18.0 
Failed to match (ignoring source) package: registry+https://github.com/rust-lang/crates.io-index#glam@0.18.0 
Failed to match (ignoring source) package: registry+https://github.com/rust-lang/crates.io-index#glam@0.18.0 
Failed to match (ignoring source) package: registry+https://github.com/rust-lang/crates.io-index#glam@0.18.0 
Failed to match (ignoring source) package: registry+https://github.com/rust-lang/crates.io-index#glam@0.18.0 
Failed to match (ignoring source) package: registry+https://github.com/rust-lang/crates.io-index#glam@0.18.0 
Failed to match (ignoring source) package: registry+https://github.com/rust-lang/crates.io-index#glam@0.18.0 
Failed to match (ignoring source) package: registry+https://github.com/rust-lang/crates.io-index#glam@0.18.0 
Failed to match (ignoring source) package: registry+https://github.com/rust-lang/crates.io-index#glam@0.18.0 
Failed to match (ignoring source) package: registry+https://github.com/rust-lang/crates.io-index#glam@0.18.0 
Failed to match (ignoring source) package: registry+https://github.com/rust-lang/crates.io-index#glam@0.18.0 
Failed to match (ignoring source) package: registry+https://github.com/rust-lang/crates.io-index#glam@0.18.0 
Failed to match (ignoring source) package: registry+https://github.com/rust-lang/crates.io-index#glam@0.18.0 
Failed to match (ignoring source) package: registry+https://github.com/rust-lang/crates.io-index#glam@0.18.0 
Failed to match (ignoring source) package: registry+https://github.com/rust-lang/crates.io-index#glam@0.18.0 
Failed to match (ignoring source) package: registry+https://github.com/rust-lang/crates.io-index#glam@0.18.0 
Failed to match (ignoring source) package: registry+https://github.com/rust-lang/crates.io-index#glam@0.18.0 
Failed to match (ignoring source) package: registry+https://github.com/rust-lang/crates.io-index#glam@0.18.0 
Failed to match (ignoring source) package: registry+https://github.com/rust-lang/crates.io-index#glam@0.18.0 
Failed to match (ignoring source) package: registry+https://github.com/rust-lang/crates.io-index#glam@0.18.0 
Failed to match (ignoring source) package: registry+https://github.com/rust-lang/crates.io-index#glam@0.18.0 
Failed to match (ignoring source) package: registry+https://github.com/rust-lang/crates.io-index#glam@0.18.0 
Failed to match (ignoring source) package: registry+https://github.com/rust-lang/crates.io-index#glam@0.18.0 
Failed to match (ignoring source) package: registry+https://github.com/rust-lang/crates.io-index#glam@0.18.0 
Failed to match (ignoring source) package: registry+https://github.com/rust-lang/crates.io-index#glam@0.18.0 
Failed to match (ignoring source) package: registry+https://github.com/rust-lang/crates.io-index#glam@0.18.0 
Failed to match (ignoring source) package: registry+https://github.com/rust-lang/crates.io-index#glam@0.18.0 
Failed to match (ignoring source) package: registry+https://github.com/rust-lang/crates.io-index#glam@0.18.0 
Failed to match (ignoring source) package: registry+https://github.com/rust-lang/crates.io-index#glam@0.18.0 
Failed to match (ignoring source) package: registry+https://github.com/rust-lang/crates.io-index#glam@0.18.0 
Failed to match (ignoring source) package: registry+https://github.com/rust-lang/crates.io-index#glam@0.18.0 
Failed to match (ignoring source) package: registry+https://github.com/rust-lang/crates.io-index#glam@0.18.0 
Failed to match (ignoring source) package: registry+https://github.com/rust-lang/crates.io-index#glam@0.18.0 
Failed to match (ignoring source) package: registry+https://github.com/rust-lang/crates.io-index#glam@0.18.0 
Failed to match (ignoring source) package: registry+https://github.com/rust-lang/crates.io-index#glam@0.18.0 
Failed to match (ignoring source) package: registry+https://github.com/rust-lang/crates.io-index#glam@0.19.0 
Failed to match (ignoring source) package: registry+https://github.com/rust-lang/crates.io-index#glam@0.19.0 
Failed to match (ignoring source) package: registry+https://github.com/rust-lang/crates.io-index#glam@0.19.0 
Failed to match (ignoring source) package: registry+https://github.com/rust-lang/crates.io-index#glam@0.19.0 
Failed to match (ignoring source) package: registry+https://github.com/rust-lang/crates.io-index#glam@0.19.0 
Failed to match (ignoring source) package: registry+https://github.com/rust-lang/crates.io-index#glam@0.19.0 
Failed to match (ignoring source) package: registry+https://github.com/rust-lang/crates.io-index#glam@0.19.0 
Failed to match (ignoring source) package: registry+https://github.com/rust-lang/crates.io-index#glam@0.19.0 
Failed to match (ignoring source) package: registry+https://github.com/rust-lang/crates.io-index#glam@0.19.0 
Failed to match (ignoring source) package: registry+https://github.com/rust-lang/crates.io-index#glam@0.19.0 
Failed to match (ignoring source) package: registry+https://github.com/rust-lang/crates.io-index#glam@0.19.0 
Failed to match (ignoring source) package: registry+https://github.com/rust-lang/crates.io-index#glam@0.19.0 
Failed to match (ignoring source) package: registry+https://github.com/rust-lang/crates.io-index#glam@0.19.0 
Failed to match (ignoring source) package: registry+https://github.com/rust-lang/crates.io-index#glam@0.19.0 
Failed to match (ignoring source) package: registry+https://github.com/rust-lang/crates.io-index#glam@0.19.0 
Failed to match (ignoring source) package: registry+https://github.com/rust-lang/crates.io-index#glam@0.19.0 
Failed to match (ignoring source) package: registry+https://github.com/rust-lang/crates.io-index#glam@0.19.0 
Failed to match (ignoring source) package: registry+https://github.com/rust-lang/crates.io-index#glam@0.19.0 
Failed to match (ignoring source) package: registry+https://github.com/rust-lang/crates.io-index#glam@0.19.0 
Failed to match (ignoring source) package: registry+https://github.com/rust-lang/crates.io-index#glam@0.19.0 
Failed to match (ignoring source) package: registry+https://github.com/rust-lang/crates.io-index#glam@0.19.0 
Failed to match (ignoring source) package: registry+https://github.com/rust-lang/crates.io-index#glam@0.19.0 
Failed to match (ignoring source) package: registry+https://github.com/rust-lang/crates.io-index#glam@0.19.0 
Failed to match (ignoring source) package: registry+https://github.com/rust-lang/crates.io-index#glam@0.19.0 
Failed to match (ignoring source) package: registry+https://github.com/rust-lang/crates.io-index#glam@0.19.0 
Failed to match (ignoring source) package: registry+https://github.com/rust-lang/crates.io-index#glam@0.19.0 
Failed to match (ignoring source) package: registry+https://github.com/rust-lang/crates.io-index#glam@0.19.0 
Failed to match (ignoring source) package: registry+https://github.com/rust-lang/crates.io-index#glam@0.19.0 
Failed to match (ignoring source) package: registry+https://github.com/rust-lang/crates.io-index#glam@0.19.0 
Failed to match (ignoring source) package: registry+https://github.com/rust-lang/crates.io-index#glam@0.19.0 
Failed to match (ignoring source) package: registry+https://github.com/rust-lang/crates.io-index#glam@0.19.0 
Failed to match (ignoring source) package: registry+https://github.com/rust-lang/crates.io-index#glam@0.19.0 
Failed to match (ignoring source) package: registry+https://github.com/rust-lang/crates.io-index#glam@0.19.0 
Failed to match (ignoring source) package: registry+https://github.com/rust-lang/crates.io-index#glam@0.19.0 
Failed to match (ignoring source) package: registry+https://github.com/rust-lang/crates.io-index#glam@0.19.0 
Failed to match (ignoring source) package: registry+https://github.com/rust-lang/crates.io-index#glam@0.19.0 
Failed to match (ignoring source) package: registry+https://github.com/rust-lang/crates.io-index#glam@0.19.0 
Failed to match (ignoring source) package: registry+https://github.com/rust-lang/crates.io-index#glam@0.19.0 
Failed to match (ignoring source) package: registry+https://github.com/rust-lang/crates.io-index#glam@0.19.0 
Failed to match (ignoring source) package: registry+https://github.com/rust-lang/crates.io-index#glam@0.19.0 
Failed to match (ignoring source) package: registry+https://github.com/rust-lang/crates.io-index#glam@0.19.0 
Failed to match (ignoring source) package: registry+https://github.com/rust-lang/crates.io-index#glam@0.19.0 
Failed to match (ignoring source) package: registry+https://github.com/rust-lang/crates.io-index#glam@0.19.0 
Failed to match (ignoring source) package: registry+https://github.com/rust-lang/crates.io-index#glam@0.19.0 
Failed to match (ignoring source) package: registry+https://github.com/rust-lang/crates.io-index#glam@0.19.0 
Failed to match (ignoring source) package: registry+https://github.com/rust-lang/crates.io-index#glam@0.19.0 
Failed to match (ignoring source) package: registry+https://github.com/rust-lang/crates.io-index#glam@0.19.0 
Failed to match (ignoring source) package: registry+https://github.com/rust-lang/crates.io-index#glam@0.19.0 
Failed to match (ignoring source) package: registry+https://github.com/rust-lang/crates.io-index#glam@0.19.0 
Failed to match (ignoring source) package: registry+https://github.com/rust-lang/crates.io-index#glam@0.20.5 
Failed to match (ignoring source) package: registry+https://github.com/rust-lang/crates.io-index#glam@0.20.5 
Failed to match (ignoring source) package: registry+https://github.com/rust-lang/crates.io-index#glam@0.20.5 
Failed to match (ignoring source) package: registry+https://github.com/rust-lang/crates.io-index#glam@0.20.5 
Failed to match (ignoring source) package: registry+https://github.com/rust-lang/crates.io-index#glam@0.20.5 
Failed to match (ignoring source) package: registry+https://github.com/rust-lang/crates.io-index#glam@0.20.5 
Failed to match (ignoring source) package: registry+https://github.com/rust-lang/crates.io-index#glam@0.20.5 
Failed to match (ignoring source) package: registry+https://github.com/rust-lang/crates.io-index#glam@0.20.5 
Failed to match (ignoring source) package: registry+https://github.com/rust-lang/crates.io-index#glam@0.20.5 
Failed to match (ignoring source) package: registry+https://github.com/rust-lang/crates.io-index#glam@0.20.5 
Failed to match (ignoring source) package: registry+https://github.com/rust-lang/crates.io-index#glam@0.20.5 
Failed to match (ignoring source) package: registry+https://github.com/rust-lang/crates.io-index#glam@0.20.5 
Failed to match (ignoring source) package: registry+https://github.com/rust-lang/crates.io-index#glam@0.20.5 
Failed to match (ignoring source) package: registry+https://github.com/rust-lang/crates.io-index#glam@0.20.5 
Failed to match (ignoring source) package: registry+https://github.com/rust-lang/crates.io-index#glam@0.20.5 
Failed to match (ignoring source) package: registry+https://github.com/rust-lang/crates.io-index#glam@0.20.5 
Failed to match (ignoring source) package: registry+https://github.com/rust-lang/crates.io-index#glam@0.20.5 
Failed to match (ignoring source) package: registry+https://github.com/rust-lang/crates.io-index#glam@0.20.5 
Failed to match (ignoring source) package: registry+https://github.com/rust-lang/crates.io-index#glam@0.20.5 
Failed to match (ignoring source) package: registry+https://github.com/rust-lang/crates.io-index#glam@0.20.5 
Failed to match (ignoring source) package: registry+https://github.com/rust-lang/crates.io-index#glam@0.20.5 
Failed to match (ignoring source) package: registry+https://github.com/rust-lang/crates.io-index#glam@0.20.5 
Failed to match (ignoring source) package: registry+https://github.com/rust-lang/crates.io-index#glam@0.20.5 
Failed to match (ignoring source) package: registry+https://github.com/rust-lang/crates.io-index#glam@0.20.5 
Failed to match (ignoring source) package: registry+https://github.com/rust-lang/crates.io-index#glam@0.20.5 
Failed to match (ignoring source) package: registry+https://github.com/rust-lang/crates.io-index#glam@0.20.5 
Failed to match (ignoring source) package: registry+https://github.com/rust-lang/crates.io-index#glam@0.20.5 
Failed to match (ignoring source) package: registry+https://github.com/rust-lang/crates.io-index#glam@0.20.5 
Failed to match (ignoring source) package: registry+https://github.com/rust-lang/crates.io-index#glam@0.20.5 
Failed to match (ignoring source) package: registry+https://github.com/rust-lang/crates.io-index#glam@0.20.5 
Failed to match (ignoring source) package: registry+https://github.com/rust-lang/crates.io-index#glam@0.20.5 
Failed to match (ignoring source) package: registry+https://github.com/rust-lang/crates.io-index#glam@0.20.5 
Failed to match (ignoring source) package: registry+https://github.com/rust-lang/crates.io-index#glam@0.20.5 
Failed to match (ignoring source) package: registry+https://github.com/rust-lang/crates.io-index#glam@0.20.5 
Failed to match (ignoring source) package: registry+https://github.com/rust-lang/crates.io-index#glam@0.20.5 
Failed to match (ignoring source) package: registry+https://github.com/rust-lang/crates.io-index#glam@0.20.5 
Failed to match (ignoring source) package: registry+https://github.com/rust-lang/crates.io-index#glam@0.20.5 
Failed to match (ignoring source) package: registry+https://github.com/rust-lang/crates.io-index#glam@0.20.5 
Failed to match (ignoring source) package: registry+https://github.com/rust-lang/crates.io-index#glam@0.20.5 
Failed to match (ignoring source) package: registry+https://github.com/rust-lang/crates.io-index#glam@0.20.5 
Failed to match (ignoring source) package: registry+https://github.com/rust-lang/crates.io-index#glam@0.20.5 
Failed to match (ignoring source) package: registry+https://github.com/rust-lang/crates.io-index#glam@0.20.5 
Failed to match (ignoring source) package: registry+https://github.com/rust-lang/crates.io-index#glam@0.20.5 
Failed to match (ignoring source) package: registry+https://github.com/rust-lang/crates.io-index#glam@0.20.5 
Failed to match (ignoring source) package: registry+https://github.com/rust-lang/crates.io-index#glam@0.20.5 
Failed to match (ignoring source) package: registry+https://github.com/rust-lang/crates.io-index#glam@0.20.5 
Failed to match (ignoring source) package: registry+https://github.com/rust-lang/crates.io-index#glam@0.20.5 
Failed to match (ignoring source) package: registry+https://github.com/rust-lang/crates.io-index#glam@0.20.5 
Failed to match (ignoring source) package: registry+https://github.com/rust-lang/crates.io-index#glam@0.20.5 
Failed to match (ignoring source) package: registry+https://github.com/rust-lang/crates.io-index#glam@0.21.3 
Failed to match (ignoring source) package: registry+https://github.com/rust-lang/crates.io-index#glam@0.21.3 
Failed to match (ignoring source) package: registry+https://github.com/rust-lang/crates.io-index#glam@0.21.3 
Failed to match (ignoring source) package: registry+https://github.com/rust-lang/crates.io-index#glam@0.21.3 
Failed to match (ignoring source) package: registry+https://github.com/rust-lang/crates.io-index#glam@0.21.3 
Failed to match (ignoring source) package: registry+https://github.com/rust-lang/crates.io-index#glam@0.21.3 
Failed to match (ignoring source) package: registry+https://github.com/rust-lang/crates.io-index#glam@0.21.3 
Failed to match (ignoring source) package: registry+https://github.com/rust-lang/crates.io-index#glam@0.21.3 
Failed to match (ignoring source) package: registry+https://github.com/rust-lang/crates.io-index#glam@0.21.3 
Failed to match (ignoring source) package: registry+https://github.com/rust-lang/crates.io-index#glam@0.21.3 
Failed to match (ignoring source) package: registry+https://github.com/rust-lang/crates.io-index#glam@0.21.3 
Failed to match (ignoring source) package: registry+https://github.com/rust-lang/crates.io-index#glam@0.21.3 
Failed to match (ignoring source) package: registry+https://github.com/rust-lang/crates.io-index#glam@0.21.3 
Failed to match (ignoring source) package: registry+https://github.com/rust-lang/crates.io-index#glam@0.21.3 
Failed to match (ignoring source) package: registry+https://github.com/rust-lang/crates.io-index#glam@0.21.3 
Failed to match (ignoring source) package: registry+https://github.com/rust-lang/crates.io-index#glam@0.21.3 
Failed to match (ignoring source) package: registry+https://github.com/rust-lang/crates.io-index#glam@0.21.3 
Failed to match (ignoring source) package: registry+https://github.com/rust-lang/crates.io-index#glam@0.21.3 
Failed to match (ignoring source) package: registry+https://github.com/rust-lang/crates.io-index#glam@0.21.3 
Failed to match (ignoring source) package: registry+https://github.com/rust-lang/crates.io-index#glam@0.21.3 
Failed to match (ignoring source) package: registry+https://github.com/rust-lang/crates.io-index#glam@0.21.3 
Failed to match (ignoring source) package: registry+https://github.com/rust-lang/crates.io-index#glam@0.21.3 
Failed to match (ignoring source) package: registry+https://github.com/rust-lang/crates.io-index#glam@0.21.3 
Failed to match (ignoring source) package: registry+https://github.com/rust-lang/crates.io-index#glam@0.21.3 
Failed to match (ignoring source) package: registry+https://github.com/rust-lang/crates.io-index#glam@0.21.3 
Failed to match (ignoring source) package: registry+https://github.com/rust-lang/crates.io-index#glam@0.21.3 
Failed to match (ignoring source) package: registry+https://github.com/rust-lang/crates.io-index#glam@0.21.3 
Failed to match (ignoring source) package: registry+https://github.com/rust-lang/crates.io-index#glam@0.21.3 
Failed to match (ignoring source) package: registry+https://github.com/rust-lang/crates.io-index#glam@0.21.3 
Failed to match (ignoring source) package: registry+https://github.com/rust-lang/crates.io-index#glam@0.21.3 
Failed to match (ignoring source) package: registry+https://github.com/rust-lang/crates.io-index#glam@0.21.3 
Failed to match (ignoring source) package: registry+https://github.com/rust-lang/crates.io-index#glam@0.21.3 
Failed to match (ignoring source) package: registry+https://github.com/rust-lang/crates.io-index#glam@0.21.3 
Failed to match (ignoring source) package: registry+https://github.com/rust-lang/crates.io-index#glam@0.21.3 
Failed to match (ignoring source) package: registry+https://github.com/rust-lang/crates.io-index#glam@0.21.3 
Failed to match (ignoring source) package: registry+https://github.com/rust-lang/crates.io-index#glam@0.21.3 
Failed to match (ignoring source) package: registry+https://github.com/rust-lang/crates.io-index#glam@0.21.3 
Failed to match (ignoring source) package: registry+https://github.com/rust-lang/crates.io-index#glam@0.21.3 
Failed to match (ignoring source) package: registry+https://github.com/rust-lang/crates.io-index#glam@0.21.3 
Failed to match (ignoring source) package: registry+https://github.com/rust-lang/crates.io-index#glam@0.21.3 
Failed to match (ignoring source) package: registry+https://github.com/rust-lang/crates.io-index#glam@0.21.3 
Failed to match (ignoring source) package: registry+https://github.com/rust-lang/crates.io-index#glam@0.21.3 
Failed to match (ignoring source) package: registry+https://github.com/rust-lang/crates.io-index#glam@0.21.3 
Failed to match (ignoring source) package: registry+https://github.com/rust-lang/crates.io-index#glam@0.21.3 
Failed to match (ignoring source) package: registry+https://github.com/rust-lang/crates.io-index#glam@0.21.3 
Failed to match (ignoring source) package: registry+https://github.com/rust-lang/crates.io-index#glam@0.21.3 
Failed to match (ignoring source) package: registry+https://github.com/rust-lang/crates.io-index#glam@0.21.3 
Failed to match (ignoring source) package: registry+https://github.com/rust-lang/crates.io-index#glam@0.21.3 
Failed to match (ignoring source) package: registry+https://github.com/rust-lang/crates.io-index#glam@0.21.3 
Failed to match (ignoring source) package: registry+https://github.com/rust-lang/crates.io-index#glam@0.22.0 
Failed to match (ignoring source) package: registry+https://github.com/rust-lang/crates.io-index#glam@0.22.0 
Failed to match (ignoring source) package: registry+https://github.com/rust-lang/crates.io-index#glam@0.22.0 
Failed to match (ignoring source) package: registry+https://github.com/rust-lang/crates.io-index#glam@0.22.0 
Failed to match (ignoring source) package: registry+https://github.com/rust-lang/crates.io-index#glam@0.22.0 
Failed to match (ignoring source) package: registry+https://github.com/rust-lang/crates.io-index#glam@0.22.0 
Failed to match (ignoring source) package: registry+https://github.com/rust-lang/crates.io-index#glam@0.22.0 
Failed to match (ignoring source) package: registry+https://github.com/rust-lang/crates.io-index#glam@0.22.0 
Failed to match (ignoring source) package: registry+https://github.com/rust-lang/crates.io-index#glam@0.22.0 
Failed to match (ignoring source) package: registry+https://github.com/rust-lang/crates.io-index#glam@0.22.0 
Failed to match (ignoring source) package: registry+https://github.com/rust-lang/crates.io-index#glam@0.22.0 
Failed to match (ignoring source) package: registry+https://github.com/rust-lang/crates.io-index#glam@0.22.0 
Failed to match (ignoring source) package: registry+https://github.com/rust-lang/crates.io-index#glam@0.22.0 
Failed to match (ignoring source) package: registry+https://github.com/rust-lang/crates.io-index#glam@0.22.0 
Failed to match (ignoring source) package: registry+https://github.com/rust-lang/crates.io-index#glam@0.22.0 
Failed to match (ignoring source) package: registry+https://github.com/rust-lang/crates.io-index#glam@0.22.0 
Failed to match (ignoring source) package: registry+https://github.com/rust-lang/crates.io-index#glam@0.22.0 
Failed to match (ignoring source) package: registry+https://github.com/rust-lang/crates.io-index#glam@0.22.0 
Failed to match (ignoring source) package: registry+https://github.com/rust-lang/crates.io-index#glam@0.22.0 
Failed to match (ignoring source) package: registry+https://github.com/rust-lang/crates.io-index#glam@0.22.0 
Failed to match (ignoring source) package: registry+https://github.com/rust-lang/crates.io-index#glam@0.22.0 
Failed to match (ignoring source) package: registry+https://github.com/rust-lang/crates.io-index#glam@0.22.0 
Failed to match (ignoring source) package: registry+https://github.com/rust-lang/crates.io-index#glam@0.22.0 
Failed to match (ignoring source) package: registry+https://github.com/rust-lang/crates.io-index#glam@0.22.0 
Failed to match (ignoring source) package: registry+https://github.com/rust-lang/crates.io-index#glam@0.22.0 
Failed to match (ignoring source) package: registry+https://github.com/rust-lang/crates.io-index#glam@0.22.0 
Failed to match (ignoring source) package: registry+https://github.com/rust-lang/crates.io-index#glam@0.22.0 
Failed to match (ignoring source) package: registry+https://github.com/rust-lang/crates.io-index#glam@0.22.0 
Failed to match (ignoring source) package: registry+https://github.com/rust-lang/crates.io-index#glam@0.22.0 
Failed to match (ignoring source) package: registry+https://github.com/rust-lang/crates.io-index#glam@0.22.0 
Failed to match (ignoring source) package: registry+https://github.com/rust-lang/crates.io-index#glam@0.22.0 
Failed to match (ignoring source) package: registry+https://github.com/rust-lang/crates.io-index#glam@0.22.0 
Failed to match (ignoring source) package: registry+https://github.com/rust-lang/crates.io-index#glam@0.22.0 
Failed to match (ignoring source) package: registry+https://github.com/rust-lang/crates.io-index#glam@0.22.0 
Failed to match (ignoring source) package: registry+https://github.com/rust-lang/crates.io-index#glam@0.22.0 
Failed to match (ignoring source) package: registry+https://github.com/rust-lang/crates.io-index#glam@0.22.0 
Failed to match (ignoring source) package: registry+https://github.com/rust-lang/crates.io-index#glam@0.22.0 
Failed to match (ignoring source) package: registry+https://github.com/rust-lang/crates.io-index#glam@0.22.0 
Failed to match (ignoring source) package: registry+https://github.com/rust-lang/crates.io-index#glam@0.22.0 
Failed to match (ignoring source) package: registry+https://github.com/rust-lang/crates.io-index#glam@0.22.0 
Failed to match (ignoring source) package: registry+https://github.com/rust-lang/crates.io-index#glam@0.22.0 
Failed to match (ignoring source) package: registry+https://github.com/rust-lang/crates.io-index#glam@0.22.0 
Failed to match (ignoring source) package: registry+https://github.com/rust-lang/crates.io-index#glam@0.22.0 
Failed to match (ignoring source) package: registry+https://github.com/rust-lang/crates.io-index#glam@0.22.0 
Failed to match (ignoring source) package: registry+https://github.com/rust-lang/crates.io-index#glam@0.22.0 
Failed to match (ignoring source) package: registry+https://github.com/rust-lang/crates.io-index#glam@0.22.0 
Failed to match (ignoring source) package: registry+https://github.com/rust-lang/crates.io-index#glam@0.22.0 
Failed to match (ignoring source) package: registry+https://github.com/rust-lang/crates.io-index#glam@0.22.0 
Failed to match (ignoring source) package: registry+https://github.com/rust-lang/crates.io-index#glam@0.22.0 
Failed to match (ignoring source) package: registry+https://github.com/rust-lang/crates.io-index#glam@0.23.0 
Failed to match (ignoring source) package: registry+https://github.com/rust-lang/crates.io-index#glam@0.23.0 
Failed to match (ignoring source) package: registry+https://github.com/rust-lang/crates.io-index#glam@0.23.0 
Failed to match (ignoring source) package: registry+https://github.com/rust-lang/crates.io-index#glam@0.23.0 
Failed to match (ignoring source) package: registry+https://github.com/rust-lang/crates.io-index#glam@0.23.0 
Failed to match (ignoring source) package: registry+https://github.com/rust-lang/crates.io-index#glam@0.23.0 
Failed to match (ignoring source) package: registry+https://github.com/rust-lang/crates.io-index#glam@0.23.0 
Failed to match (ignoring source) package: registry+https://github.com/rust-lang/crates.io-index#glam@0.23.0 
Failed to match (ignoring source) package: registry+https://github.com/rust-lang/crates.io-index#glam@0.23.0 
Failed to match (ignoring source) package: registry+https://github.com/rust-lang/crates.io-index#glam@0.23.0 
Failed to match (ignoring source) package: registry+https://github.com/rust-lang/crates.io-index#glam@0.23.0 
Failed to match (ignoring source) package: registry+https://github.com/rust-lang/crates.io-index#glam@0.23.0 
Failed to match (ignoring source) package: registry+https://github.com/rust-lang/crates.io-index#glam@0.23.0 
Failed to match (ignoring source) package: registry+https://github.com/rust-lang/crates.io-index#glam@0.23.0 
Failed to match (ignoring source) package: registry+https://github.com/rust-lang/crates.io-index#glam@0.23.0 
Failed to match (ignoring source) package: registry+https://github.com/rust-lang/crates.io-index#glam@0.23.0 
Failed to match (ignoring source) package: registry+https://github.com/rust-lang/crates.io-index#glam@0.23.0 
Failed to match (ignoring source) package: registry+https://github.com/rust-lang/crates.io-index#glam@0.23.0 
Failed to match (ignoring source) package: registry+https://github.com/rust-lang/crates.io-index#glam@0.23.0 
Failed to match (ignoring source) package: registry+https://github.com/rust-lang/crates.io-index#glam@0.23.0 
Failed to match (ignoring source) package: registry+https://github.com/rust-lang/crates.io-index#glam@0.23.0 
Failed to match (ignoring source) package: registry+https://github.com/rust-lang/crates.io-index#glam@0.23.0 
Failed to match (ignoring source) package: registry+https://github.com/rust-lang/crates.io-index#glam@0.23.0 
Failed to match (ignoring source) package: registry+https://github.com/rust-lang/crates.io-index#glam@0.23.0 
Failed to match (ignoring source) package: registry+https://github.com/rust-lang/crates.io-index#glam@0.23.0 
Failed to match (ignoring source) package: registry+https://github.com/rust-lang/crates.io-index#glam@0.23.0 
Failed to match (ignoring source) package: registry+https://github.com/rust-lang/crates.io-index#glam@0.23.0 
Failed to match (ignoring source) package: registry+https://github.com/rust-lang/crates.io-index#glam@0.23.0 
Failed to match (ignoring source) package: registry+https://github.com/rust-lang/crates.io-index#glam@0.23.0 
Failed to match (ignoring source) package: registry+https://github.com/rust-lang/crates.io-index#glam@0.23.0 
Failed to match (ignoring source) package: registry+https://github.com/rust-lang/crates.io-index#glam@0.23.0 
Failed to match (ignoring source) package: registry+https://github.com/rust-lang/crates.io-index#glam@0.23.0 
Failed to match (ignoring source) package: registry+https://github.com/rust-lang/crates.io-index#glam@0.23.0 
Failed to match (ignoring source) package: registry+https://github.com/rust-lang/crates.io-index#glam@0.23.0 
Failed to match (ignoring source) package: registry+https://github.com/rust-lang/crates.io-index#glam@0.23.0 
Failed to match (ignoring source) package: registry+https://github.com/rust-lang/crates.io-index#glam@0.23.0 
Failed to match (ignoring source) package: registry+https://github.com/rust-lang/crates.io-index#glam@0.23.0 
Failed to match (ignoring source) package: registry+https://github.com/rust-lang/crates.io-index#glam@0.23.0 
Failed to match (ignoring source) package: registry+https://github.com/rust-lang/crates.io-index#glam@0.23.0 
Failed to match (ignoring source) package: registry+https://github.com/rust-lang/crates.io-index#glam@0.23.0 
Failed to match (ignoring source) package: registry+https://github.com/rust-lang/crates.io-index#glam@0.23.0 
Failed to match (ignoring source) package: registry+https://github.com/rust-lang/crates.io-index#glam@0.23.0 
Failed to match (ignoring source) package: registry+https://github.com/rust-lang/crates.io-index#glam@0.23.0 
Failed to match (ignoring source) package: registry+https://github.com/rust-lang/crates.io-index#glam@0.23.0 
Failed to match (ignoring source) package: registry+https://github.com/rust-lang/crates.io-index#glam@0.23.0 
Failed to match (ignoring source) package: registry+https://github.com/rust-lang/crates.io-index#glam@0.23.0 
Failed to match (ignoring source) package: registry+https://github.com/rust-lang/crates.io-index#glam@0.23.0 
Failed to match (ignoring source) package: registry+https://github.com/rust-lang/crates.io-index#glam@0.23.0 
Failed to match (ignoring source) package: registry+https://github.com/rust-lang/crates.io-index#glam@0.23.0 
Failed to match (ignoring source) package: registry+https://github.com/rust-lang/crates.io-index#glam@0.24.2 
Failed to match (ignoring source) package: registry+https://github.com/rust-lang/crates.io-index#glam@0.24.2 
Failed to match (ignoring source) package: registry+https://github.com/rust-lang/crates.io-index#glam@0.24.2 
Failed to match (ignoring source) package: registry+https://github.com/rust-lang/crates.io-index#glam@0.24.2 
Failed to match (ignoring source) package: registry+https://github.com/rust-lang/crates.io-index#glam@0.24.2 
Failed to match (ignoring source) package: registry+https://github.com/rust-lang/crates.io-index#glam@0.24.2 
Failed to match (ignoring source) package: registry+https://github.com/rust-lang/crates.io-index#glam@0.24.2 
Failed to match (ignoring source) package: registry+https://github.com/rust-lang/crates.io-index#glam@0.24.2 
Failed to match (ignoring source) package: registry+https://github.com/rust-lang/crates.io-index#glam@0.24.2 
Failed to match (ignoring source) package: registry+https://github.com/rust-lang/crates.io-index#glam@0.24.2 
Failed to match (ignoring source) package: registry+https://github.com/rust-lang/crates.io-index#glam@0.24.2 
Failed to match (ignoring source) package: registry+https://github.com/rust-lang/crates.io-index#glam@0.24.2 
Failed to match (ignoring source) package: registry+https://github.com/rust-lang/crates.io-index#glam@0.24.2 
Failed to match (ignoring source) package: registry+https://github.com/rust-lang/crates.io-index#glam@0.24.2 
Failed to match (ignoring source) package: registry+https://github.com/rust-lang/crates.io-index#glam@0.24.2 
Failed to match (ignoring source) package: registry+https://github.com/rust-lang/crates.io-index#glam@0.24.2 
Failed to match (ignoring source) package: registry+https://github.com/rust-lang/crates.io-index#glam@0.24.2 
Failed to match (ignoring source) package: registry+https://github.com/rust-lang/crates.io-index#glam@0.24.2 
Failed to match (ignoring source) package: registry+https://github.com/rust-lang/crates.io-index#glam@0.24.2 
Failed to match (ignoring source) package: registry+https://github.com/rust-lang/crates.io-index#glam@0.24.2 
Failed to match (ignoring source) package: registry+https://github.com/rust-lang/crates.io-index#glam@0.24.2 
Failed to match (ignoring source) package: registry+https://github.com/rust-lang/crates.io-index#glam@0.24.2 
Failed to match (ignoring source) package: registry+https://github.com/rust-lang/crates.io-index#glam@0.24.2 
Failed to match (ignoring source) package: registry+https://github.com/rust-lang/crates.io-index#glam@0.24.2 
Failed to match (ignoring source) package: registry+https://github.com/rust-lang/crates.io-index#glam@0.24.2 
Failed to match (ignoring source) package: registry+https://github.com/rust-lang/crates.io-index#glam@0.24.2 
Failed to match (ignoring source) package: registry+https://github.com/rust-lang/crates.io-index#glam@0.24.2 
Failed to match (ignoring source) package: registry+https://github.com/rust-lang/crates.io-index#glam@0.24.2 
Failed to match (ignoring source) package: registry+https://github.com/rust-lang/crates.io-index#glam@0.24.2 
Failed to match (ignoring source) package: registry+https://github.com/rust-lang/crates.io-index#glam@0.24.2 
Failed to match (ignoring source) package: registry+https://github.com/rust-lang/crates.io-index#glam@0.24.2 
Failed to match (ignoring source) package: registry+https://github.com/rust-lang/crates.io-index#glam@0.24.2 
Failed to match (ignoring source) package: registry+https://github.com/rust-lang/crates.io-index#glam@0.24.2 
Failed to match (ignoring source) package: registry+https://github.com/rust-lang/crates.io-index#glam@0.24.2 
Failed to match (ignoring source) package: registry+https://github.com/rust-lang/crates.io-index#glam@0.24.2 
Failed to match (ignoring source) package: registry+https://github.com/rust-lang/crates.io-index#glam@0.24.2 
Failed to match (ignoring source) package: registry+https://github.com/rust-lang/crates.io-index#glam@0.24.2 
Failed to match (ignoring source) package: registry+https://github.com/rust-lang/crates.io-index#glam@0.24.2 
Failed to match (ignoring source) package: registry+https://github.com/rust-lang/crates.io-index#glam@0.24.2 
Failed to match (ignoring source) package: registry+https://github.com/rust-lang/crates.io-index#glam@0.24.2 
Failed to match (ignoring source) package: registry+https://github.com/rust-lang/crates.io-index#glam@0.24.2 
Failed to match (ignoring source) package: registry+https://github.com/rust-lang/crates.io-index#glam@0.24.2 
Failed to match (ignoring source) package: registry+https://github.com/rust-lang/crates.io-index#glam@0.24.2 
Failed to match (ignoring source) package: registry+https://github.com/rust-lang/crates.io-index#glam@0.24.2 
Failed to match (ignoring source) package: registry+https://github.com/rust-lang/crates.io-index#glam@0.24.2 
Failed to match (ignoring source) package: registry+https://github.com/rust-lang/crates.io-index#glam@0.24.2 
Failed to match (ignoring source) package: registry+https://github.com/rust-lang/crates.io-index#glam@0.24.2 
Failed to match (ignoring source) package: registry+https://github.com/rust-lang/crates.io-index#glam@0.24.2 
Failed to match (ignoring source) package: registry+https://github.com/rust-lang/crates.io-index#glam@0.24.2 
Failed to match (ignoring source) package: registry+https://github.com/rust-lang/crates.io-index#glam@0.25.0 
Failed to match (ignoring source) package: registry+https://github.com/rust-lang/crates.io-index#glam@0.25.0 
Failed to match (ignoring source) package: registry+https://github.com/rust-lang/crates.io-index#glam@0.25.0 
Failed to match (ignoring source) package: registry+https://github.com/rust-lang/crates.io-index#glam@0.25.0 
Failed to match (ignoring source) package: registry+https://github.com/rust-lang/crates.io-index#glam@0.25.0 
Failed to match (ignoring source) package: registry+https://github.com/rust-lang/crates.io-index#glam@0.25.0 
Failed to match (ignoring source) package: registry+https://github.com/rust-lang/crates.io-index#glam@0.25.0 
Failed to match (ignoring source) package: registry+https://github.com/rust-lang/crates.io-index#glam@0.25.0 
Failed to match (ignoring source) package: registry+https://github.com/rust-lang/crates.io-index#glam@0.25.0 
Failed to match (ignoring source) package: registry+https://github.com/rust-lang/crates.io-index#glam@0.25.0 
Failed to match (ignoring source) package: registry+https://github.com/rust-lang/crates.io-index#glam@0.25.0 
Failed to match (ignoring source) package: registry+https://github.com/rust-lang/crates.io-index#glam@0.25.0 
Failed to match (ignoring source) package: registry+https://github.com/rust-lang/crates.io-index#glam@0.25.0 
Failed to match (ignoring source) package: registry+https://github.com/rust-lang/crates.io-index#glam@0.25.0 
Failed to match (ignoring source) package: registry+https://github.com/rust-lang/crates.io-index#glam@0.25.0 
Failed to match (ignoring source) package: registry+https://github.com/rust-lang/crates.io-index#glam@0.25.0 
Failed to match (ignoring source) package: registry+https://github.com/rust-lang/crates.io-index#glam@0.25.0 
Failed to match (ignoring source) package: registry+https://github.com/rust-lang/crates.io-index#glam@0.25.0 
Failed to match (ignoring source) package: registry+https://github.com/rust-lang/crates.io-index#glam@0.25.0 
Failed to match (ignoring source) package: registry+https://github.com/rust-lang/crates.io-index#glam@0.25.0 
Failed to match (ignoring source) package: registry+https://github.com/rust-lang/crates.io-index#glam@0.25.0 
Failed to match (ignoring source) package: registry+https://github.com/rust-lang/crates.io-index#glam@0.25.0 
Failed to match (ignoring source) package: registry+https://github.com/rust-lang/crates.io-index#glam@0.25.0 
Failed to match (ignoring source) package: registry+https://github.com/rust-lang/crates.io-index#glam@0.25.0 
Failed to match (ignoring source) package: registry+https://github.com/rust-lang/crates.io-index#glam@0.25.0 
Failed to match (ignoring source) package: registry+https://github.com/rust-lang/crates.io-index#glam@0.25.0 
Failed to match (ignoring source) package: registry+https://github.com/rust-lang/crates.io-index#glam@0.25.0 
Failed to match (ignoring source) package: registry+https://github.com/rust-lang/crates.io-index#glam@0.25.0 
Failed to match (ignoring source) package: registry+https://github.com/rust-lang/crates.io-index#glam@0.25.0 
Failed to match (ignoring source) package: registry+https://github.com/rust-lang/crates.io-index#glam@0.25.0 
Failed to match (ignoring source) package: registry+https://github.com/rust-lang/crates.io-index#glam@0.25.0 
Failed to match (ignoring source) package: registry+https://github.com/rust-lang/crates.io-index#glam@0.25.0 
Failed to match (ignoring source) package: registry+https://github.com/rust-lang/crates.io-index#glam@0.25.0 
Failed to match (ignoring source) package: registry+https://github.com/rust-lang/crates.io-index#glam@0.25.0 
Failed to match (ignoring source) package: registry+https://github.com/rust-lang/crates.io-index#glam@0.25.0 
Failed to match (ignoring source) package: registry+https://github.com/rust-lang/crates.io-index#glam@0.25.0 
Failed to match (ignoring source) package: registry+https://github.com/rust-lang/crates.io-index#glam@0.25.0 
Failed to match (ignoring source) package: registry+https://github.com/rust-lang/crates.io-index#glam@0.25.0 
Failed to match (ignoring source) package: registry+https://github.com/rust-lang/crates.io-index#glam@0.25.0 
Failed to match (ignoring source) package: registry+https://github.com/rust-lang/crates.io-index#glam@0.25.0 
Failed to match (ignoring source) package: registry+https://github.com/rust-lang/crates.io-index#glam@0.25.0 
Failed to match (ignoring source) package: registry+https://github.com/rust-lang/crates.io-index#glam@0.25.0 
Failed to match (ignoring source) package: registry+https://github.com/rust-lang/crates.io-index#glam@0.25.0 
Failed to match (ignoring source) package: registry+https://github.com/rust-lang/crates.io-index#glam@0.25.0 
Failed to match (ignoring source) package: registry+https://github.com/rust-lang/crates.io-index#glam@0.25.0 
Failed to match (ignoring source) package: registry+https://github.com/rust-lang/crates.io-index#glam@0.25.0 
Failed to match (ignoring source) package: registry+https://github.com/rust-lang/crates.io-index#glam@0.25.0 
Failed to match (ignoring source) package: registry+https://github.com/rust-lang/crates.io-index#glam@0.25.0 
Failed to match (ignoring source) package: registry+https://github.com/rust-lang/crates.io-index#glam@0.25.0 
Failed to match (ignoring source) package: registry+https://github.com/rust-lang/crates.io-index#glam@0.27.0 
Failed to match (ignoring source) package: registry+https://github.com/rust-lang/crates.io-index#glam@0.27.0 
Failed to match (ignoring source) package: registry+https://github.com/rust-lang/crates.io-index#glam@0.27.0 
Failed to match (ignoring source) package: registry+https://github.com/rust-lang/crates.io-index#glam@0.27.0 
Failed to match (ignoring source) package: registry+https://github.com/rust-lang/crates.io-index#glam@0.27.0 
Failed to match (ignoring source) package: registry+https://github.com/rust-lang/crates.io-index#glam@0.27.0 
Failed to match (ignoring source) package: registry+https://github.com/rust-lang/crates.io-index#glam@0.27.0 
Failed to match (ignoring source) package: registry+https://github.com/rust-lang/crates.io-index#glam@0.27.0 
Failed to match (ignoring source) package: registry+https://github.com/rust-lang/crates.io-index#glam@0.27.0 
Failed to match (ignoring source) package: registry+https://github.com/rust-lang/crates.io-index#glam@0.27.0 
Failed to match (ignoring source) package: registry+https://github.com/rust-lang/crates.io-index#glam@0.27.0 
Failed to match (ignoring source) package: registry+https://github.com/rust-lang/crates.io-index#glam@0.27.0 
Failed to match (ignoring source) package: registry+https://github.com/rust-lang/crates.io-index#glam@0.27.0 
Failed to match (ignoring source) package: registry+https://github.com/rust-lang/crates.io-index#glam@0.27.0 
Failed to match (ignoring source) package: registry+https://github.com/rust-lang/crates.io-index#glam@0.27.0 
Failed to match (ignoring source) package: registry+https://github.com/rust-lang/crates.io-index#glam@0.27.0 
Failed to match (ignoring source) package: registry+https://github.com/rust-lang/crates.io-index#glam@0.27.0 
Failed to match (ignoring source) package: registry+https://github.com/rust-lang/crates.io-index#glam@0.27.0 
Failed to match (ignoring source) package: registry+https://github.com/rust-lang/crates.io-index#glam@0.27.0 
Failed to match (ignoring source) package: registry+https://github.com/rust-lang/crates.io-index#glam@0.27.0 
Failed to match (ignoring source) package: registry+https://github.com/rust-lang/crates.io-index#glam@0.27.0 
Failed to match (ignoring source) package: registry+https://github.com/rust-lang/crates.io-index#glam@0.27.0 
Failed to match (ignoring source) package: registry+https://github.com/rust-lang/crates.io-index#glam@0.27.0 
Failed to match (ignoring source) package: registry+https://github.com/rust-lang/crates.io-index#glam@0.27.0 
Failed to match (ignoring source) package: registry+https://github.com/rust-lang/crates.io-index#glam@0.27.0 
Failed to match (ignoring source) package: registry+https://github.com/rust-lang/crates.io-index#glam@0.27.0 
Failed to match (ignoring source) package: registry+https://github.com/rust-lang/crates.io-index#glam@0.27.0 
Failed to match (ignoring source) package: registry+https://github.com/rust-lang/crates.io-index#glam@0.27.0 
Failed to match (ignoring source) package: registry+https://github.com/rust-lang/crates.io-index#glam@0.27.0 
Failed to match (ignoring source) package: registry+https://github.com/rust-lang/crates.io-index#glam@0.27.0 
Failed to match (ignoring source) package: registry+https://github.com/rust-lang/crates.io-index#glam@0.27.0 
Failed to match (ignoring source) package: registry+https://github.com/rust-lang/crates.io-index#glam@0.27.0 
Failed to match (ignoring source) package: registry+https://github.com/rust-lang/crates.io-index#glam@0.27.0 
Failed to match (ignoring source) package: registry+https://github.com/rust-lang/crates.io-index#glam@0.27.0 
Failed to match (ignoring source) package: registry+https://github.com/rust-lang/crates.io-index#glam@0.27.0 
Failed to match (ignoring source) package: registry+https://github.com/rust-lang/crates.io-index#glam@0.27.0 
Failed to match (ignoring source) package: registry+https://github.com/rust-lang/crates.io-index#glam@0.27.0 
Failed to match (ignoring source) package: registry+https://github.com/rust-lang/crates.io-index#glam@0.27.0 
Failed to match (ignoring source) package: registry+https://github.com/rust-lang/crates.io-index#glam@0.27.0 
Failed to match (ignoring source) package: registry+https://github.com/rust-lang/crates.io-index#glam@0.27.0 
Failed to match (ignoring source) package: registry+https://github.com/rust-lang/crates.io-index#glam@0.27.0 
Failed to match (ignoring source) package: registry+https://github.com/rust-lang/crates.io-index#glam@0.27.0 
Failed to match (ignoring source) package: registry+https://github.com/rust-lang/crates.io-index#glam@0.27.0 
Failed to match (ignoring source) package: registry+https://github.com/rust-lang/crates.io-index#glam@0.27.0 
Failed to match (ignoring source) package: registry+https://github.com/rust-lang/crates.io-index#glam@0.27.0 
Failed to match (ignoring source) package: registry+https://github.com/rust-lang/crates.io-index#glam@0.27.0 
Failed to match (ignoring source) package: registry+https://github.com/rust-lang/crates.io-index#glam@0.27.0 
Failed to match (ignoring source) package: registry+https://github.com/rust-lang/crates.io-index#glam@0.27.0 
Failed to match (ignoring source) package: registry+https://github.com/rust-lang/crates.io-index#glam@0.27.0 
Failed to match (ignoring source) package: registry+https://github.com/rust-lang/crates.io-index#glam@0.28.0 
Failed to match (ignoring source) package: registry+https://github.com/rust-lang/crates.io-index#glam@0.28.0 
Failed to match (ignoring source) package: registry+https://github.com/rust-lang/crates.io-index#glam@0.28.0 
Failed to match (ignoring source) package: registry+https://github.com/rust-lang/crates.io-index#glam@0.28.0 
Failed to match (ignoring source) package: registry+https://github.com/rust-lang/crates.io-index#glam@0.28.0 
Failed to match (ignoring source) package: registry+https://github.com/rust-lang/crates.io-index#glam@0.28.0 
Failed to match (ignoring source) package: registry+https://github.com/rust-lang/crates.io-index#glam@0.28.0 
Failed to match (ignoring source) package: registry+https://github.com/rust-lang/crates.io-index#glam@0.28.0 
Failed to match (ignoring source) package: registry+https://github.com/rust-lang/crates.io-index#glam@0.28.0 
Failed to match (ignoring source) package: registry+https://github.com/rust-lang/crates.io-index#glam@0.28.0 
Failed to match (ignoring source) package: registry+https://github.com/rust-lang/crates.io-index#glam@0.28.0 
Failed to match (ignoring source) package: registry+https://github.com/rust-lang/crates.io-index#glam@0.28.0 
Failed to match (ignoring source) package: registry+https://github.com/rust-lang/crates.io-index#glam@0.28.0 
Failed to match (ignoring source) package: registry+https://github.com/rust-lang/crates.io-index#glam@0.28.0 
Failed to match (ignoring source) package: registry+https://github.com/rust-lang/crates.io-index#glam@0.28.0 
Failed to match (ignoring source) package: registry+https://github.com/rust-lang/crates.io-index#glam@0.28.0 
Failed to match (ignoring source) package: registry+https://github.com/rust-lang/crates.io-index#glam@0.28.0 
Failed to match (ignoring source) package: registry+https://github.com/rust-lang/crates.io-index#glam@0.28.0 
Failed to match (ignoring source) package: registry+https://github.com/rust-lang/crates.io-index#glam@0.28.0 
Failed to match (ignoring source) package: registry+https://github.com/rust-lang/crates.io-index#glam@0.28.0 
Failed to match (ignoring source) package: registry+https://github.com/rust-lang/crates.io-index#glam@0.28.0 
Failed to match (ignoring source) package: registry+https://github.com/rust-lang/crates.io-index#glam@0.28.0 
Failed to match (ignoring source) package: registry+https://github.com/rust-lang/crates.io-index#glam@0.28.0 
Failed to match (ignoring source) package: registry+https://github.com/rust-lang/crates.io-index#glam@0.28.0 
Failed to match (ignoring source) package: registry+https://github.com/rust-lang/crates.io-index#glam@0.28.0 
Failed to match (ignoring source) package: registry+https://github.com/rust-lang/crates.io-index#glam@0.28.0 
Failed to match (ignoring source) package: registry+https://github.com/rust-lang/crates.io-index#glam@0.28.0 
Failed to match (ignoring source) package: registry+https://github.com/rust-lang/crates.io-index#glam@0.28.0 
Failed to match (ignoring source) package: registry+https://github.com/rust-lang/crates.io-index#glam@0.28.0 
Failed to match (ignoring source) package: registry+https://github.com/rust-lang/crates.io-index#glam@0.28.0 
Failed to match (ignoring source) package: registry+https://github.com/rust-lang/crates.io-index#glam@0.28.0 
Failed to match (ignoring source) package: registry+https://github.com/rust-lang/crates.io-index#glam@0.28.0 
Failed to match (ignoring source) package: registry+https://github.com/rust-lang/crates.io-index#glam@0.28.0 
Failed to match (ignoring source) package: registry+https://github.com/rust-lang/crates.io-index#glam@0.28.0 
Failed to match (ignoring source) package: registry+https://github.com/rust-lang/crates.io-index#glam@0.28.0 
Failed to match (ignoring source) package: registry+https://github.com/rust-lang/crates.io-index#glam@0.28.0 
Failed to match (ignoring source) package: registry+https://github.com/rust-lang/crates.io-index#glam@0.28.0 
Failed to match (ignoring source) package: registry+https://github.com/rust-lang/crates.io-index#glam@0.28.0 
Failed to match (ignoring source) package: registry+https://github.com/rust-lang/crates.io-index#glam@0.28.0 
Failed to match (ignoring source) package: registry+https://github.com/rust-lang/crates.io-index#glam@0.28.0 
Failed to match (ignoring source) package: registry+https://github.com/rust-lang/crates.io-index#glam@0.28.0 
Failed to match (ignoring source) package: registry+https://github.com/rust-lang/crates.io-index#glam@0.28.0 
Failed to match (ignoring source) package: registry+https://github.com/rust-lang/crates.io-index#glam@0.28.0 
Failed to match (ignoring source) package: registry+https://github.com/rust-lang/crates.io-index#glam@0.28.0 
Failed to match (ignoring source) package: registry+https://github.com/rust-lang/crates.io-index#glam@0.28.0 
Failed to match (ignoring source) package: registry+https://github.com/rust-lang/crates.io-index#glam@0.28.0 
Failed to match (ignoring source) package: registry+https://github.com/rust-lang/crates.io-index#glam@0.28.0 
Failed to match (ignoring source) package: registry+https://github.com/rust-lang/crates.io-index#glam@0.28.0 
Failed to match (ignoring source) package: registry+https://github.com/rust-lang/crates.io-index#glam@0.28.0 
Failed to match (ignoring source) package: registry+https://github.com/rust-lang/crates.io-index#glam@0.29.3 
Failed to match (ignoring source) package: registry+https://github.com/rust-lang/crates.io-index#glam@0.29.3 
Failed to match (ignoring source) package: registry+https://github.com/rust-lang/crates.io-index#glam@0.29.3 
Failed to match (ignoring source) package: registry+https://github.com/rust-lang/crates.io-index#glam@0.29.3 
Failed to match (ignoring source) package: registry+https://github.com/rust-lang/crates.io-index#glam@0.29.3 
Failed to match (ignoring source) package: registry+https://github.com/rust-lang/crates.io-index#glam@0.29.3 
Failed to match (ignoring source) package: registry+https://github.com/rust-lang/crates.io-index#glam@0.29.3 
Failed to match (ignoring source) package: registry+https://github.com/rust-lang/crates.io-index#glam@0.29.3 
Failed to match (ignoring source) package: registry+https://github.com/rust-lang/crates.io-index#glam@0.29.3 
Failed to match (ignoring source) package: registry+https://github.com/rust-lang/crates.io-index#glam@0.29.3 
Failed to match (ignoring source) package: registry+https://github.com/rust-lang/crates.io-index#glam@0.29.3 
Failed to match (ignoring source) package: registry+https://github.com/rust-lang/crates.io-index#glam@0.29.3 
Failed to match (ignoring source) package: registry+https://github.com/rust-lang/crates.io-index#glam@0.29.3 
Failed to match (ignoring source) package: registry+https://github.com/rust-lang/crates.io-index#glam@0.29.3 
Failed to match (ignoring source) package: registry+https://github.com/rust-lang/crates.io-index#glam@0.29.3 
Failed to match (ignoring source) package: registry+https://github.com/rust-lang/crates.io-index#glam@0.29.3 
Failed to match (ignoring source) package: registry+https://github.com/rust-lang/crates.io-index#glam@0.29.3 
Failed to match (ignoring source) package: registry+https://github.com/rust-lang/crates.io-index#glam@0.29.3 
Failed to match (ignoring source) package: registry+https://github.com/rust-lang/crates.io-index#glam@0.29.3 
Failed to match (ignoring source) package: registry+https://github.com/rust-lang/crates.io-index#glam@0.29.3 
Failed to match (ignoring source) package: registry+https://github.com/rust-lang/crates.io-index#glam@0.29.3 
Failed to match (ignoring source) package: registry+https://github.com/rust-lang/crates.io-index#glam@0.29.3 
Failed to match (ignoring source) package: registry+https://github.com/rust-lang/crates.io-index#glam@0.29.3 
Failed to match (ignoring source) package: registry+https://github.com/rust-lang/crates.io-index#glam@0.29.3 
Failed to match (ignoring source) package: registry+https://github.com/rust-lang/crates.io-index#glam@0.29.3 
Failed to match (ignoring source) package: registry+https://github.com/rust-lang/crates.io-index#glam@0.29.3 
Failed to match (ignoring source) package: registry+https://github.com/rust-lang/crates.io-index#glam@0.29.3 
Failed to match (ignoring source) package: registry+https://github.com/rust-lang/crates.io-index#glam@0.29.3 
Failed to match (ignoring source) package: registry+https://github.com/rust-lang/crates.io-index#glam@0.29.3 
Failed to match (ignoring source) package: registry+https://github.com/rust-lang/crates.io-index#glam@0.29.3 
Failed to match (ignoring source) package: registry+https://github.com/rust-lang/crates.io-index#glam@0.29.3 
Failed to match (ignoring source) package: registry+https://github.com/rust-lang/crates.io-index#glam@0.29.3 
Failed to match (ignoring source) package: registry+https://github.com/rust-lang/crates.io-index#glam@0.29.3 
Failed to match (ignoring source) package: registry+https://github.com/rust-lang/crates.io-index#glam@0.29.3 
Failed to match (ignoring source) package: registry+https://github.com/rust-lang/crates.io-index#glam@0.29.3 
Failed to match (ignoring source) package: registry+https://github.com/rust-lang/crates.io-index#glam@0.29.3 
Failed to match (ignoring source) package: registry+https://github.com/rust-lang/crates.io-index#glam@0.29.3 
Failed to match (ignoring source) package: registry+https://github.com/rust-lang/crates.io-index#glam@0.29.3 
Failed to match (ignoring source) package: registry+https://github.com/rust-lang/crates.io-index#glam@0.29.3 
Failed to match (ignoring source) package: registry+https://github.com/rust-lang/crates.io-index#glam@0.29.3 
Failed to match (ignoring source) package: registry+https://github.com/rust-lang/crates.io-index#glam@0.29.3 
Failed to match (ignoring source) package: registry+https://github.com/rust-lang/crates.io-index#glam@0.29.3 
Failed to match (ignoring source) package: registry+https://github.com/rust-lang/crates.io-index#glam@0.29.3 
Failed to match (ignoring source) package: registry+https://github.com/rust-lang/crates.io-index#glam@0.29.3 
Failed to match (ignoring source) package: registry+https://github.com/rust-lang/crates.io-index#glam@0.29.3 
Failed to match (ignoring source) package: registry+https://github.com/rust-lang/crates.io-index#glam@0.29.3 
Failed to match (ignoring source) package: registry+https://github.com/rust-lang/crates.io-index#glam@0.29.3 
Failed to match (ignoring source) package: registry+https://github.com/rust-lang/crates.io-index#glam@0.29.3 
Failed to match (ignoring source) package: registry+https://github.com/rust-lang/crates.io-index#glam@0.29.3 
Failed to match (ignoring source) package: registry+https://github.com/rust-lang/crates.io-index#glam@0.30.10 
Failed to match (ignoring source) package: registry+https://github.com/rust-lang/crates.io-index#glam@0.30.10 
Failed to match (ignoring source) package: registry+https://github.com/rust-lang/crates.io-index#glam@0.30.10 
Failed to match (ignoring source) package: registry+https://github.com/rust-lang/crates.io-index#glam@0.30.10 
Failed to match (ignoring source) package: registry+https://github.com/rust-lang/crates.io-index#glam@0.30.10 
Failed to match (ignoring source) package: registry+https://github.com/rust-lang/crates.io-index#glam@0.30.10 
Failed to match (ignoring source) package: registry+https://github.com/rust-lang/crates.io-index#glam@0.30.10 
Failed to match (ignoring source) package: registry+https://github.com/rust-lang/crates.io-index#glam@0.30.10 
Failed to match (ignoring source) package: registry+https://github.com/rust-lang/crates.io-index#glam@0.30.10 
Failed to match (ignoring source) package: registry+https://github.com/rust-lang/crates.io-index#glam@0.30.10 
Failed to match (ignoring source) package: registry+https://github.com/rust-lang/crates.io-index#glam@0.30.10 
Failed to match (ignoring source) package: registry+https://github.com/rust-lang/crates.io-index#glam@0.30.10 
Failed to match (ignoring source) package: registry+https://github.com/rust-lang/crates.io-index#glam@0.30.10 
Failed to match (ignoring source) package: registry+https://github.com/rust-lang/crates.io-index#glam@0.30.10 
Failed to match (ignoring source) package: registry+https://github.com/rust-lang/crates.io-index#glam@0.30.10 
Failed to match (ignoring source) package: registry+https://github.com/rust-lang/crates.io-index#glam@0.30.10 
Failed to match (ignoring source) package: registry+https://github.com/rust-lang/crates.io-index#glam@0.30.10 
Failed to match (ignoring source) package: registry+https://github.com/rust-lang/crates.io-index#glam@0.30.10 
Failed to match (ignoring source) package: registry+https://github.com/rust-lang/crates.io-index#glam@0.30.10 
Failed to match (ignoring source) package: registry+https://github.com/rust-lang/crates.io-index#glam@0.30.10 
Failed to match (ignoring source) package: registry+https://github.com/rust-lang/crates.io-index#glam@0.30.10 
Failed to match (ignoring source) package: registry+https://github.com/rust-lang/crates.io-index#glam@0.30.10 
Failed to match (ignoring source) package: registry+https://github.com/rust-lang/crates.io-index#glam@0.30.10 
Failed to match (ignoring source) package: registry+https://github.com/rust-lang/crates.io-index#glam@0.30.10 
Failed to match (ignoring source) package: registry+https://github.com/rust-lang/crates.io-index#glam@0.30.10 
Failed to match (ignoring source) package: registry+https://github.com/rust-lang/crates.io-index#glam@0.30.10 
Failed to match (ignoring source) package: registry+https://github.com/rust-lang/crates.io-index#glam@0.30.10 
Failed to match (ignoring source) package: registry+https://github.com/rust-lang/crates.io-index#glam@0.30.10 
Failed to match (ignoring source) package: registry+https://github.com/rust-lang/crates.io-index#glam@0.30.10 
Failed to match (ignoring source) package: registry+https://github.com/rust-lang/crates.io-index#glam@0.30.10 
Failed to match (ignoring source) package: registry+https://github.com/rust-lang/crates.io-index#glam@0.30.10 
Failed to match (ignoring source) package: registry+https://github.com/rust-lang/crates.io-index#glam@0.30.10 
Failed to match (ignoring source) package: registry+https://github.com/rust-lang/crates.io-index#glam@0.30.10 
Failed to match (ignoring source) package: registry+https://github.com/rust-lang/crates.io-index#glam@0.30.10 
Failed to match (ignoring source) package: registry+https://github.com/rust-lang/crates.io-index#glam@0.30.10 
Failed to match (ignoring source) package: registry+https://github.com/rust-lang/crates.io-index#glam@0.30.10 
Failed to match (ignoring source) package: registry+https://github.com/rust-lang/crates.io-index#glam@0.30.10 
Failed to match (ignoring source) package: registry+https://github.com/rust-lang/crates.io-index#glam@0.30.10 
Failed to match (ignoring source) package: registry+https://github.com/rust-lang/crates.io-index#glam@0.30.10 
Failed to match (ignoring source) package: registry+https://github.com/rust-lang/crates.io-index#glam@0.30.10 
Failed to match (ignoring source) package: registry+https://github.com/rust-lang/crates.io-index#glam@0.30.10 
Failed to match (ignoring source) package: registry+https://github.com/rust-lang/crates.io-index#glam@0.30.10 
Failed to match (ignoring source) package: registry+https://github.com/rust-lang/crates.io-index#glam@0.30.10 
Failed to match (ignoring source) package: registry+https://github.com/rust-lang/crates.io-index#glam@0.30.10 
Failed to match (ignoring source) package: registry+https://github.com/rust-lang/crates.io-index#glam@0.30.10 
Failed to match (ignoring source) package: registry+https://github.com/rust-lang/crates.io-index#glam@0.30.10 
Failed to match (ignoring source) package: registry+https://github.com/rust-lang/crates.io-index#glam@0.30.10 
Failed to match (ignoring source) package: registry+https://github.com/rust-lang/crates.io-index#glam@0.30.10 
Failed to match (ignoring source) package: registry+https://github.com/rust-lang/crates.io-index#glam@0.30.10 
Failed to match (ignoring source) package: registry+https://github.com/rust-lang/crates.io-index#glam@0.31.1 
Failed to match (ignoring source) package: registry+https://github.com/rust-lang/crates.io-index#glam@0.31.1 
Failed to match (ignoring source) package: registry+https://github.com/rust-lang/crates.io-index#glam@0.31.1 
Failed to match (ignoring source) package: registry+https://github.com/rust-lang/crates.io-index#glam@0.31.1 
Failed to match (ignoring source) package: registry+https://github.com/rust-lang/crates.io-index#glam@0.31.1 
Failed to match (ignoring source) package: registry+https://github.com/rust-lang/crates.io-index#glam@0.31.1 
Failed to match (ignoring source) package: registry+https://github.com/rust-lang/crates.io-index#glam@0.31.1 
Failed to match (ignoring source) package: registry+https://github.com/rust-lang/crates.io-index#glam@0.31.1 
Failed to match (ignoring source) package: registry+https://github.com/rust-lang/crates.io-index#glam@0.31.1 
Failed to match (ignoring source) package: registry+https://github.com/rust-lang/crates.io-index#glam@0.31.1 
Failed to match (ignoring source) package: registry+https://github.com/rust-lang/crates.io-index#glam@0.31.1 
Failed to match (ignoring source) package: registry+https://github.com/rust-lang/crates.io-index#glam@0.31.1 
Failed to match (ignoring source) package: registry+https://github.com/rust-lang/crates.io-index#glam@0.31.1 
Failed to match (ignoring source) package: registry+https://github.com/rust-lang/crates.io-index#glam@0.31.1 
Failed to match (ignoring source) package: registry+https://github.com/rust-lang/crates.io-index#glam@0.31.1 
Failed to match (ignoring source) package: registry+https://github.com/rust-lang/crates.io-index#glam@0.31.1 
Failed to match (ignoring source) package: registry+https://github.com/rust-lang/crates.io-index#glam@0.31.1 
Failed to match (ignoring source) package: registry+https://github.com/rust-lang/crates.io-index#glam@0.31.1 
Failed to match (ignoring source) package: registry+https://github.com/rust-lang/crates.io-index#glam@0.31.1 
Failed to match (ignoring source) package: registry+https://github.com/rust-lang/crates.io-index#glam@0.31.1 
Failed to match (ignoring source) package: registry+https://github.com/rust-lang/crates.io-index#glam@0.31.1 
Failed to match (ignoring source) package: registry+https://github.com/rust-lang/crates.io-index#glam@0.31.1 
Failed to match (ignoring source) package: registry+https://github.com/rust-lang/crates.io-index#glam@0.31.1 
Failed to match (ignoring source) package: registry+https://github.com/rust-lang/crates.io-index#glam@0.31.1 
Failed to match (ignoring source) package: registry+https://github.com/rust-lang/crates.io-index#glam@0.31.1 
Failed to match (ignoring source) package: registry+https://github.com/rust-lang/crates.io-index#glam@0.31.1 
Failed to match (ignoring source) package: registry+https://github.com/rust-lang/crates.io-index#glam@0.31.1 
Failed to match (ignoring source) package: registry+https://github.com/rust-lang/crates.io-index#glam@0.31.1 
Failed to match (ignoring source) package: registry+https://github.com/rust-lang/crates.io-index#glam@0.31.1 
Failed to match (ignoring source) package: registry+https://github.com/rust-lang/crates.io-index#glam@0.31.1 
Failed to match (ignoring source) package: registry+https://github.com/rust-lang/crates.io-index#glam@0.31.1 
Failed to match (ignoring source) package: registry+https://github.com/rust-lang/crates.io-index#glam@0.31.1 
Failed to match (ignoring source) package: registry+https://github.com/rust-lang/crates.io-index#glam@0.31.1 
Failed to match (ignoring source) package: registry+https://github.com/rust-lang/crates.io-index#glam@0.31.1 
Failed to match (ignoring source) package: registry+https://github.com/rust-lang/crates.io-index#glam@0.31.1 
Failed to match (ignoring source) package: registry+https://github.com/rust-lang/crates.io-index#glam@0.31.1 
Failed to match (ignoring source) package: registry+https://github.com/rust-lang/crates.io-index#glam@0.31.1 
Failed to match (ignoring source) package: registry+https://github.com/rust-lang/crates.io-index#glam@0.31.1 
Failed to match (ignoring source) package: registry+https://github.com/rust-lang/crates.io-index#glam@0.31.1 
Failed to match (ignoring source) package: registry+https://github.com/rust-lang/crates.io-index#glam@0.31.1 
Failed to match (ignoring source) package: registry+https://github.com/rust-lang/crates.io-index#glam@0.31.1 
Failed to match (ignoring source) package: registry+https://github.com/rust-lang/crates.io-index#glam@0.31.1 
Failed to match (ignoring source) package: registry+https://github.com/rust-lang/crates.io-index#glam@0.31.1 
Failed to match (ignoring source) package: registry+https://github.com/rust-lang/crates.io-index#glam@0.31.1 
Failed to match (ignoring source) package: registry+https://github.com/rust-lang/crates.io-index#glam@0.31.1 
Failed to match (ignoring source) package: registry+https://github.com/rust-lang/crates.io-index#glam@0.31.1 
Failed to match (ignoring source) package: registry+https://github.com/rust-lang/crates.io-index#glam@0.31.1 
Failed to match (ignoring source) package: registry+https://github.com/rust-lang/crates.io-index#glam@0.31.1 
Failed to match (ignoring source) package: registry+https://github.com/rust-lang/crates.io-index#glam@0.31.1 
Failed to match (ignoring source) package: registry+https://github.com/rust-lang/crates.io-index#glam@0.32.1 
Failed to match (ignoring source) package: registry+https://github.com/rust-lang/crates.io-index#glam@0.32.1 
Failed to match (ignoring source) package: registry+https://github.com/rust-lang/crates.io-index#glam@0.32.1 
Failed to match (ignoring source) package: registry+https://github.com/rust-lang/crates.io-index#glam@0.32.1 
Failed to match (ignoring source) package: registry+https://github.com/rust-lang/crates.io-index#glam@0.32.1 
Failed to match (ignoring source) package: registry+https://github.com/rust-lang/crates.io-index#glam@0.32.1 
Failed to match (ignoring source) package: registry+https://github.com/rust-lang/crates.io-index#glam@0.32.1 
Failed to match (ignoring source) package: registry+https://github.com/rust-lang/crates.io-index#glam@0.32.1 
Failed to match (ignoring source) package: registry+https://github.com/rust-lang/crates.io-index#glam@0.32.1 
Failed to match (ignoring source) package: registry+https://github.com/rust-lang/crates.io-index#glam@0.32.1 
Failed to match (ignoring source) package: registry+https://github.com/rust-lang/crates.io-index#glam@0.32.1 
Failed to match (ignoring source) package: registry+https://github.com/rust-lang/crates.io-index#glam@0.32.1 
Failed to match (ignoring source) package: registry+https://github.com/rust-lang/crates.io-index#glam@0.32.1 
Failed to match (ignoring source) package: registry+https://github.com/rust-lang/crates.io-index#glam@0.32.1 
Failed to match (ignoring source) package: registry+https://github.com/rust-lang/crates.io-index#glam@0.32.1 
Failed to match (ignoring source) package: registry+https://github.com/rust-lang/crates.io-index#glam@0.32.1 
Failed to match (ignoring source) package: registry+https://github.com/rust-lang/crates.io-index#glam@0.32.1 
Failed to match (ignoring source) package: registry+https://github.com/rust-lang/crates.io-index#glam@0.32.1 
Failed to match (ignoring source) package: registry+https://github.com/rust-lang/crates.io-index#glam@0.32.1 
Failed to match (ignoring source) package: registry+https://github.com/rust-lang/crates.io-index#glam@0.32.1 
Failed to match (ignoring source) package: registry+https://github.com/rust-lang/crates.io-index#glam@0.32.1 
Failed to match (ignoring source) package: registry+https://github.com/rust-lang/crates.io-index#glam@0.32.1 
Failed to match (ignoring source) package: registry+https://github.com/rust-lang/crates.io-index#glam@0.32.1 
Failed to match (ignoring source) package: registry+https://github.com/rust-lang/crates.io-index#glam@0.32.1 
Failed to match (ignoring source) package: registry+https://github.com/rust-lang/crates.io-index#glam@0.32.1 
Failed to match (ignoring source) package: registry+https://github.com/rust-lang/crates.io-index#glam@0.32.1 
Failed to match (ignoring source) package: registry+https://github.com/rust-lang/crates.io-index#glam@0.32.1 
Failed to match (ignoring source) package: registry+https://github.com/rust-lang/crates.io-index#glam@0.32.1 
Failed to match (ignoring source) package: registry+https://github.com/rust-lang/crates.io-index#glam@0.32.1 
Failed to match (ignoring source) package: registry+https://github.com/rust-lang/crates.io-index#glam@0.32.1 
Failed to match (ignoring source) package: registry+https://github.com/rust-lang/crates.io-index#glam@0.32.1 
Failed to match (ignoring source) package: registry+https://github.com/rust-lang/crates.io-index#glam@0.32.1 
Failed to match (ignoring source) package: registry+https://github.com/rust-lang/crates.io-index#glam@0.32.1 
Failed to match (ignoring source) package: registry+https://github.com/rust-lang/crates.io-index#glam@0.32.1 
Failed to match (ignoring source) package: registry+https://github.com/rust-lang/crates.io-index#glam@0.32.1 
Failed to match (ignoring source) package: registry+https://github.com/rust-lang/crates.io-index#glam@0.32.1 
Failed to match (ignoring source) package: registry+https://github.com/rust-lang/crates.io-index#glam@0.32.1 
Failed to match (ignoring source) package: registry+https://github.com/rust-lang/crates.io-index#glam@0.32.1 
Failed to match (ignoring source) package: registry+https://github.com/rust-lang/crates.io-index#glam@0.32.1 
Failed to match (ignoring source) package: registry+https://github.com/rust-lang/crates.io-index#glam@0.32.1 
Failed to match (ignoring source) package: registry+https://github.com/rust-lang/crates.io-index#glam@0.32.1 
Failed to match (ignoring source) package: registry+https://github.com/rust-lang/crates.io-index#glam@0.32.1 
Failed to match (ignoring source) package: registry+https://github.com/rust-lang/crates.io-index#glam@0.32.1 
Failed to match (ignoring source) package: registry+https://github.com/rust-lang/crates.io-index#glam@0.32.1 
Failed to match (ignoring source) package: registry+https://github.com/rust-lang/crates.io-index#glam@0.32.1 
Failed to match (ignoring source) package: registry+https://github.com/rust-lang/crates.io-index#glam@0.32.1 
Failed to match (ignoring source) package: registry+https://github.com/rust-lang/crates.io-index#glam@0.32.1 
Failed to match (ignoring source) package: registry+https://github.com/rust-lang/crates.io-index#glam@0.32.1 
Failed to match (ignoring source) package: registry+https://github.com/rust-lang/crates.io-index#glam@0.32.1 
Failed to match (ignoring source) package: registry+https://github.com/rust-lang/crates.io-index#arbitrary@1.4.2 
Failed to match (ignoring source) package: registry+https://github.com/rust-lang/crates.io-index#arbitrary@1.4.2 
Failed to match (ignoring source) package: registry+https://github.com/rust-lang/crates.io-index#arbitrary@1.4.2 
Failed to match (ignoring source) package: registry+https://github.com/rust-lang/crates.io-index#arbitrary@1.4.2 
Failed to match (ignoring source) package: registry+https://github.com/rust-lang/crates.io-index#arbitrary@1.4.2 
Failed to match (ignoring source) package: registry+https://github.com/rust-lang/crates.io-index#arbitrary@1.4.2 
Failed to match (ignoring source) package: registry+https://github.com/rust-lang/crates.io-index#arbitrary@1.4.2 
Failed to match (ignoring source) package: registry+https://github.com/rust-lang/crates.io-index#arbitrary@1.4.2 
Failed to match (ignoring source) package: registry+https://github.com/rust-lang/crates.io-index#arbitrary@1.4.2 
Failed to match (ignoring source) package: registry+https://github.com/rust-lang/crates.io-index#arbitrary@1.4.2 
Failed to match (ignoring source) package: registry+https://github.com/rust-lang/crates.io-index#arbitrary@1.4.2 
Failed to match (ignoring source) package: registry+https://github.com/rust-lang/crates.io-index#arbitrary@1.4.2 
Failed to match (ignoring source) package: registry+https://github.com/rust-lang/crates.io-index#arbitrary@1.4.2 
Failed to match (ignoring source) package: registry+https://github.com/rust-lang/crates.io-index#arbitrary@1.4.2 
Failed to match (ignoring source) package: registry+https://github.com/rust-lang/crates.io-index#arbitrary@1.4.2 
Failed to match (ignoring source) package: registry+https://github.com/rust-lang/crates.io-index#arbitrary@1.4.2 
Failed to match (ignoring source) package: registry+https://github.com/rust-lang/crates.io-index#arbitrary@1.4.2 
Failed to match (ignoring source) package: registry+https://github.com/rust-lang/crates.io-index#arbitrary@1.4.2 
Failed to match (ignoring source) package: registry+https://github.com/rust-lang/crates.io-index#arbitrary@1.4.2 
Failed to match (ignoring source) package: registry+https://github.com/rust-lang/crates.io-index#arbitrary@1.4.2 
Failed to match (ignoring source) package: registry+https://github.com/rust-lang/crates.io-index#arbitrary@1.4.2 
Failed to match (ignoring source) package: registry+https://github.com/rust-lang/crates.io-index#arbitrary@1.4.2 
Failed to match (ignoring source) package: registry+https://github.com/rust-lang/crates.io-index#arbitrary@1.4.2 
Failed to match (ignoring source) package: registry+https://github.com/rust-lang/crates.io-index#arbitrary@1.4.2 
Failed to match (ignoring source) package: registry+https://github.com/rust-lang/crates.io-index#critical-section@1.2.0 
Failed to match (ignoring source) package: registry+https://github.com/rust-lang/crates.io-index#critical-section@1.2.0 
Failed to match (ignoring source) package: registry+https://github.com/rust-lang/crates.io-index#critical-section@1.2.0 
Failed to match (ignoring source) package: registry+https://github.com/rust-lang/crates.io-index#critical-section@1.2.0 
Failed to match (ignoring source) package: registry+https://github.com/rust-lang/crates.io-index#critical-section@1.2.0 
Failed to match (ignoring source) package: registry+https://github.com/rust-lang/crates.io-index#parking_lot_core@0.9.12 
Failed to match (ignoring source) package: registry+https://github.com/rust-lang/crates.io-index#parking_lot_core@0.9.12 
Failed to match (ignoring source) package: registry+https://github.com/rust-lang/crates.io-index#parking_lot_core@0.9.12 
Failed to match (ignoring source) package: registry+https://github.com/rust-lang/crates.io-index#parking_lot_core@0.9.12 
Failed to match (ignoring source) package: registry+https://github.com/rust-lang/crates.io-index#parking_lot_core@0.9.12 
Failed to match (ignoring source) package: registry+https://github.com/rust-lang/crates.io-index#critical-section@1.2.0 
Failed to match (ignoring source) package: registry+https://github.com/rust-lang/crates.io-index#critical-section@1.2.0 
Failed to match (ignoring source) package: registry+https://github.com/rust-lang/crates.io-index#critical-section@1.2.0 
Failed to match (ignoring source) package: registry+https://github.com/rust-lang/crates.io-index#critical-section@1.2.0 
Failed to match (ignoring source) package: registry+https://github.com/rust-lang/crates.io-index#critical-section@1.2.0 
Failed to match (ignoring source) package: registry+https://github.com/rust-lang/crates.io-index#critical-section@1.2.0 
Failed to match (ignoring source) package: registry+https://github.com/rust-lang/crates.io-index#critical-section@1.2.0 
Failed to match (ignoring source) package: registry+https://github.com/rust-lang/crates.io-index#critical-section@1.2.0 
Failed to match (ignoring source) package: registry+https://github.com/rust-lang/crates.io-index#critical-section@1.2.0 
Failed to match (ignoring source) package: registry+https://github.com/rust-lang/crates.io-index#critical-section@1.2.0 
Failed to match (ignoring source) package: registry+https://github.com/rust-lang/crates.io-index#critical-section@1.2.0 
Failed to match (ignoring source) package: registry+https://github.com/rust-lang/crates.io-index#critical-section@1.2.0 
Failed to match (ignoring source) package: registry+https://github.com/rust-lang/crates.io-index#critical-section@1.2.0 
Failed to match (ignoring source) package: registry+https://github.com/rust-lang/crates.io-index#arbitrary@1.4.2 
Failed to match (ignoring source) package: registry+https://github.com/rust-lang/crates.io-index#arbitrary@1.4.2 
Failed to match (ignoring source) package: registry+https://github.com/rust-lang/crates.io-index#arbitrary@1.4.2 
Failed to match (ignoring source) package: registry+https://github.com/rust-lang/crates.io-index#arbitrary@1.4.2 
Failed to match (ignoring source) package: registry+https://github.com/rust-lang/crates.io-index#arbitrary@1.4.2 
Failed to match (ignoring source) package: registry+https://github.com/rust-lang/crates.io-index#arbitrary@1.4.2 
Failed to match (ignoring source) package: registry+https://github.com/rust-lang/crates.io-index#arbitrary@1.4.2 
Failed to match (ignoring source) package: registry+https://github.com/rust-lang/crates.io-index#arbitrary@1.4.2 
Failed to match (ignoring source) package: registry+https://github.com/rust-lang/crates.io-index#arbitrary@1.4.2 
Failed to match (ignoring source) package: registry+https://github.com/rust-lang/crates.io-index#arbitrary@1.4.2 
Failed to match (ignoring source) package: registry+https://github.com/rust-lang/crates.io-index#arbitrary@1.4.2 
Failed to match (ignoring source) package: registry+https://github.com/rust-lang/crates.io-index#arbitrary@1.4.2 
Failed to match (ignoring source) package: registry+https://github.com/rust-lang/crates.io-index#arbitrary@1.4.2 
Failed to match (ignoring source) package: registry+https://github.com/rust-lang/crates.io-index#arbitrary@1.4.2 
Failed to match (ignoring source) package: registry+https://github.com/rust-lang/crates.io-index#arbitrary@1.4.2 
Failed to match (ignoring source) package: registry+https://github.com/rust-lang/crates.io-index#bincode@2.0.1 
Failed to match (ignoring source) package: registry+https://github.com/rust-lang/crates.io-index#bincode@2.0.1 
Failed to match (ignoring source) package: registry+https://github.com/rust-lang/crates.io-index#bincode@2.0.1 
Failed to match (ignoring source) package: registry+https://github.com/rust-lang/crates.io-index#bincode@2.0.1 
Failed to match (ignoring source) package: registry+https://github.com/rust-lang/crates.io-index#bincode@2.0.1 
Failed to match (ignoring source) package: registry+https://github.com/rust-lang/crates.io-index#bincode@2.0.1 
Failed to match (ignoring source) package: registry+https://github.com/rust-lang/crates.io-index#bincode@2.0.1 
Failed to match (ignoring source) package: registry+https://github.com/rust-lang/crates.io-index#bincode@2.0.1 
Failed to match (ignoring source) package: registry+https://github.com/rust-lang/crates.io-index#unty@0.0.4 
Failed to match (ignoring source) package: registry+https://github.com/rust-lang/crates.io-index#unty@0.0.4 
Failed to match (ignoring source) package: registry+https://github.com/rust-lang/crates.io-index#unty@0.0.4 
Failed to match (ignoring source) package: registry+https://github.com/rust-lang/crates.io-index#unty@0.0.4 
Failed to match (ignoring source) package: registry+https://github.com/rust-lang/crates.io-index#unty@0.0.4 
Failed to match (ignoring source) package: registry+https://github.com/rust-lang/crates.io-index#unty@0.0.4 
Failed to match (ignoring source) package: registry+https://github.com/rust-lang/crates.io-index#unty@0.0.4 
Failed to match (ignoring source) package: registry+https://github.com/rust-lang/crates.io-index#unty@0.0.4 
Failed to match (ignoring source) package: registry+https://github.com/rust-lang/crates.io-index#arbitrary@1.4.2 
Failed to match (ignoring source) package: registry+https://github.com/rust-lang/crates.io-index#arbitrary@1.4.2 
Failed to match (ignoring source) package: registry+https://github.com/rust-lang/crates.io-index#arbitrary@1.4.2 
Failed to match (ignoring source) package: registry+https://github.com/rust-lang/crates.io-index#arbitrary@1.4.2 
Failed to match (ignoring source) package: registry+https://github.com/rust-lang/crates.io-index#arbitrary@1.4.2 
Failed to match (ignoring source) package: registry+https://github.com/rust-lang/crates.io-index#arbitrary@1.4.2 
Failed to match (ignoring source) package: registry+https://github.com/rust-lang/crates.io-index#arbitrary@1.4.2 
Failed to match (ignoring source) package: registry+https://github.com/rust-lang/crates.io-index#arbitrary@1.4.2 
Failed to match (ignoring source) package: registry+https://github.com/rust-lang/crates.io-index#arbitrary@1.4.2 
Failed to match (ignoring source) package: registry+https://github.com/rust-lang/crates.io-index#arbitrary@1.4.2 
Failed to match (ignoring source) package: registry+https://github.com/rust-lang/crates.io-index#arbitrary@1.4.2 
Failed to match (ignoring source) package: registry+https://github.com/rust-lang/crates.io-index#arbitrary@1.4.2 
Failed to match (ignoring source) package: registry+https://github.com/rust-lang/crates.io-index#arbitrary@1.4.2 
     Removed 64996 files, 117.3GiB total
   Compiling proc-macro2 v1.0.106
   Compiling unicode-ident v1.0.24
   Compiling quote v1.0.45
   Compiling autocfg v1.5.0
   Compiling libm v0.2.16
   Compiling libc v0.2.184
    Checking cfg-if v1.0.4
   Compiling typenum v1.19.0
   Compiling zerocopy v0.8.48
   Compiling paste v1.0.15
   Compiling crossbeam-utils v0.8.21
   Compiling getrandom v0.3.4
{"$message_type":"artifact","artifact":"/home/eirikr/Github/open_gororoba/target/debug/deps/cfg_if-c218790dac368b91.d","emit":"dep-info"}
{"$message_type":"artifact","artifact":"/home/eirikr/Github/open_gororoba/target/debug/deps/libcfg_if-c218790dac368b91.rmeta","emit":"metadata"}
{"$message_type":"artifact","artifact":"/home/eirikr/Github/open_gororoba/target/debug/deps/unicode_ident-cac381541b9bbcce.d","emit":"dep-info"}
    Checking rand_core v0.10.0
{"$message_type":"artifact","artifact":"/home/eirikr/Github/open_gororoba/target/debug/build/crossbeam-utils-c2056a47fb4ccd18/build_script_build-c2056a47fb4ccd18.d","emit":"dep-info"}
{"$message_type":"artifact","artifact":"/home/eirikr/Github/open_gororoba/target/debug/build/libm-5ed9cf9a088d20a2/build_script_build-5ed9cf9a088d20a2.d","emit":"dep-info"}
{"$message_type":"artifact","artifact":"/home/eirikr/Github/open_gororoba/target/debug/build/paste-2506c4d4e3625000/build_script_build-2506c4d4e3625000.d","emit":"dep-info"}
{"$message_type":"artifact","artifact":"/home/eirikr/Github/open_gororoba/target/debug/build/quote-b160456183300516/build_script_build-b160456183300516.d","emit":"dep-info"}
{"$message_type":"artifact","artifact":"/home/eirikr/Github/open_gororoba/target/debug/build/getrandom-312d9cda6e40d7a7/build_script_build-312d9cda6e40d7a7.d","emit":"dep-info"}
{"$message_type":"artifact","artifact":"/home/eirikr/Github/open_gororoba/target/debug/build/proc-macro2-9025252e06561b37/build_script_build-9025252e06561b37.d","emit":"dep-info"}
{"$message_type":"artifact","artifact":"/home/eirikr/Github/open_gororoba/target/debug/build/zerocopy-21c489bad9ab2a99/build_script_build-21c489bad9ab2a99.d","emit":"dep-info"}
{"$message_type":"artifact","artifact":"/home/eirikr/Github/open_gororoba/target/debug/build/typenum-40f926ea4f2b2d2b/build_script_build-40f926ea4f2b2d2b.d","emit":"dep-info"}
{"$message_type":"artifact","artifact":"/home/eirikr/Github/open_gororoba/target/debug/build/libc-6b94f971ad4a11a9/build_script_build-6b94f971ad4a11a9.d","emit":"dep-info"}
{"$message_type":"artifact","artifact":"/home/eirikr/Github/open_gororoba/target/debug/deps/autocfg-d51e26a393b360f8.d","emit":"dep-info"}
{"$message_type":"artifact","artifact":"/home/eirikr/Github/open_gororoba/target/debug/deps/rand_core-1fd3ec8cccbaa3c4.d","emit":"dep-info"}
{"$message_type":"artifact","artifact":"/home/eirikr/Github/open_gororoba/target/debug/deps/libunicode_ident-cac381541b9bbcce.rmeta","emit":"metadata"}
{"$message_type":"artifact","artifact":"/home/eirikr/Github/open_gororoba/target/debug/deps/libunicode_ident-cac381541b9bbcce.rlib","emit":"link"}
    Checking cpufeatures v0.3.0
{"$message_type":"artifact","artifact":"/home/eirikr/Github/open_gororoba/target/debug/deps/librand_core-1fd3ec8cccbaa3c4.rmeta","emit":"metadata"}
   Compiling getrandom v0.4.2
{"$message_type":"artifact","artifact":"/home/eirikr/Github/open_gororoba/target/debug/build/getrandom-d9bdf359a1a33157/build_script_build-d9bdf359a1a33157.d","emit":"dep-info"}
{"$message_type":"artifact","artifact":"/home/eirikr/Github/open_gororoba/target/debug/deps/cpufeatures-d582fbc31da499de.d","emit":"dep-info"}
{"$message_type":"artifact","artifact":"/home/eirikr/Github/open_gororoba/target/debug/deps/libcpufeatures-d582fbc31da499de.rmeta","emit":"metadata"}
   Compiling shlex v1.3.0
{"$message_type":"artifact","artifact":"/home/eirikr/Github/open_gororoba/target/debug/deps/libautocfg-d51e26a393b360f8.rmeta","emit":"metadata"}
{"$message_type":"artifact","artifact":"/home/eirikr/Github/open_gororoba/target/debug/deps/shlex-3d76faef699c52d0.d","emit":"dep-info"}
{"$message_type":"artifact","artifact":"/home/eirikr/Github/open_gororoba/target/debug/deps/libshlex-3d76faef699c52d0.rmeta","emit":"metadata"}
{"$message_type":"artifact","artifact":"/home/eirikr/Github/open_gororoba/target/debug/deps/libshlex-3d76faef699c52d0.rlib","emit":"link"}
    Checking rawpointer v0.2.1
{"$message_type":"artifact","artifact":"/home/eirikr/Github/open_gororoba/target/debug/build/proc-macro2-9025252e06561b37/build_script_build-9025252e06561b37","emit":"link"}
{"$message_type":"artifact","artifact":"/home/eirikr/Github/open_gororoba/target/debug/build/getrandom-312d9cda6e40d7a7/build_script_build-312d9cda6e40d7a7","emit":"link"}
{"$message_type":"artifact","artifact":"/home/eirikr/Github/open_gororoba/target/debug/build/quote-b160456183300516/build_script_build-b160456183300516","emit":"link"}
{"$message_type":"artifact","artifact":"/home/eirikr/Github/open_gororoba/target/debug/build/libc-6b94f971ad4a11a9/build_script_build-6b94f971ad4a11a9","emit":"link"}
{"$message_type":"artifact","artifact":"/home/eirikr/Github/open_gororoba/target/debug/build/getrandom-d9bdf359a1a33157/build_script_build-d9bdf359a1a33157","emit":"link"}
{"$message_type":"artifact","artifact":"/home/eirikr/Github/open_gororoba/target/debug/build/crossbeam-utils-c2056a47fb4ccd18/build_script_build-c2056a47fb4ccd18","emit":"link"}
{"$message_type":"artifact","artifact":"/home/eirikr/Github/open_gororoba/target/debug/build/paste-2506c4d4e3625000/build_script_build-2506c4d4e3625000","emit":"link"}
{"$message_type":"artifact","artifact":"/home/eirikr/Github/open_gororoba/target/debug/build/zerocopy-21c489bad9ab2a99/build_script_build-21c489bad9ab2a99","emit":"link"}
{"$message_type":"artifact","artifact":"/home/eirikr/Github/open_gororoba/target/debug/build/typenum-40f926ea4f2b2d2b/build_script_build-40f926ea4f2b2d2b","emit":"link"}
{"$message_type":"artifact","artifact":"/home/eirikr/Github/open_gororoba/target/debug/build/libm-5ed9cf9a088d20a2/build_script_build-5ed9cf9a088d20a2","emit":"link"}
{"$message_type":"artifact","artifact":"/home/eirikr/Github/open_gororoba/target/debug/deps/libautocfg-d51e26a393b360f8.rlib","emit":"link"}
{"$message_type":"artifact","artifact":"/home/eirikr/Github/open_gororoba/target/debug/deps/rawpointer-09709bb05e39c614.d","emit":"dep-info"}
{"$message_type":"artifact","artifact":"/home/eirikr/Github/open_gororoba/target/debug/deps/librawpointer-09709bb05e39c614.rmeta","emit":"metadata"}
   Compiling num-traits v0.2.19
   Compiling matrixmultiply v0.3.10
   Compiling rayon-core v1.13.0
   Compiling find-msvc-tools v0.1.9
{"$message_type":"artifact","artifact":"/home/eirikr/Github/open_gororoba/target/debug/build/num-traits-4ad8fb07612be683/build_script_build-4ad8fb07612be683.d","emit":"dep-info"}
{"$message_type":"artifact","artifact":"/home/eirikr/Github/open_gororoba/target/debug/build/matrixmultiply-63db71adfcca4954/build_script_build-63db71adfcca4954.d","emit":"dep-info"}
{"$message_type":"artifact","artifact":"/home/eirikr/Github/open_gororoba/target/debug/build/rayon-core-f0d24f469b71278c/build_script_build-f0d24f469b71278c.d","emit":"dep-info"}
{"$message_type":"artifact","artifact":"/home/eirikr/Github/open_gororoba/target/debug/deps/find_msvc_tools-1da86ed038f7d3cd.d","emit":"dep-info"}
{"$message_type":"artifact","artifact":"/home/eirikr/Github/open_gororoba/target/debug/build/num-traits-4ad8fb07612be683/build_script_build-4ad8fb07612be683","emit":"link"}
{"$message_type":"artifact","artifact":"/home/eirikr/Github/open_gororoba/target/debug/build/rayon-core-f0d24f469b71278c/build_script_build-f0d24f469b71278c","emit":"link"}
    Checking chacha20 v0.10.0
{"$message_type":"artifact","artifact":"/home/eirikr/Github/open_gororoba/target/debug/build/matrixmultiply-63db71adfcca4954/build_script_build-63db71adfcca4954","emit":"link"}
{"$message_type":"artifact","artifact":"/home/eirikr/Github/open_gororoba/target/debug/deps/crossbeam_utils-de6b821095fcf83f.d","emit":"dep-info"}
   Compiling radium v0.7.0
{"$message_type":"artifact","artifact":"/home/eirikr/Github/open_gororoba/target/debug/deps/paste-a46c71a01fd93e52.d","emit":"dep-info"}
{"$message_type":"artifact","artifact":"/home/eirikr/Github/open_gororoba/target/debug/deps/chacha20-80cf1e2ae472874f.d","emit":"dep-info"}
{"$message_type":"artifact","artifact":"/home/eirikr/Github/open_gororoba/target/debug/deps/libfind_msvc_tools-1da86ed038f7d3cd.rmeta","emit":"metadata"}
{"$message_type":"artifact","artifact":"/home/eirikr/Github/open_gororoba/target/debug/build/radium-b4a6c28768126154/build_script_build-b4a6c28768126154.d","emit":"dep-info"}
    Checking bitflags v2.11.0
{"$message_type":"artifact","artifact":"/home/eirikr/Github/open_gororoba/target/debug/deps/matrixmultiply-3cc8d75d10407e35.d","emit":"dep-info"}
{"$message_type":"artifact","artifact":"/home/eirikr/Github/open_gororoba/target/debug/deps/proc_macro2-8622de837a17f3d2.d","emit":"dep-info"}
{"$message_type":"artifact","artifact":"/home/eirikr/Github/open_gororoba/target/debug/deps/typenum-fbd5eddeb602b5b8.d","emit":"dep-info"}
{"$message_type":"artifact","artifact":"/home/eirikr/Github/open_gororoba/target/debug/deps/bitflags-bea9654778eaca6d.d","emit":"dep-info"}
{"$message_type":"artifact","artifact":"/home/eirikr/Github/open_gororoba/target/debug/deps/libfind_msvc_tools-1da86ed038f7d3cd.rlib","emit":"link"}
   Compiling cc v1.2.59
{"$message_type":"artifact","artifact":"/home/eirikr/Github/open_gororoba/target/debug/deps/libm-c03a4eb18312a513.d","emit":"dep-info"}
{"$message_type":"artifact","artifact":"/home/eirikr/Github/open_gororoba/target/debug/build/radium-b4a6c28768126154/build_script_build-b4a6c28768126154","emit":"link"}
   Compiling version_check v0.9.5
{"$message_type":"artifact","artifact":"/home/eirikr/Github/open_gororoba/target/debug/deps/libchacha20-80cf1e2ae472874f.rmeta","emit":"metadata"}
{"$message_type":"artifact","artifact":"/home/eirikr/Github/open_gororoba/target/debug/deps/libbitflags-bea9654778eaca6d.rmeta","emit":"metadata"}
    Checking raw-cpuid v11.6.0
    Checking const-oid v0.10.2
{"$message_type":"artifact","artifact":"/home/eirikr/Github/open_gororoba/target/debug/deps/version_check-6c5d7bc345316545.d","emit":"dep-info"}
{"$message_type":"artifact","artifact":"/home/eirikr/Github/open_gororoba/target/debug/deps/libmatrixmultiply-3cc8d75d10407e35.rmeta","emit":"metadata"}
{"$message_type":"artifact","artifact":"/home/eirikr/Github/open_gororoba/target/debug/deps/cc-8fd4de499ddad1b5.d","emit":"dep-info"}
    Checking tap v1.0.1
{"$message_type":"artifact","artifact":"/home/eirikr/Github/open_gororoba/target/debug/deps/const_oid-84b7b1bce9c95b90.d","emit":"dep-info"}
{"$message_type":"artifact","artifact":"/home/eirikr/Github/open_gororoba/target/debug/deps/libc-d45d21c27a466d51.d","emit":"dep-info"}
{"$message_type":"artifact","artifact":"/home/eirikr/Github/open_gororoba/target/debug/deps/tap-77727434bca64130.d","emit":"dep-info"}
{"$message_type":"artifact","artifact":"/home/eirikr/Github/open_gororoba/target/debug/deps/libcrossbeam_utils-de6b821095fcf83f.rmeta","emit":"metadata"}
{"$message_type":"artifact","artifact":"/home/eirikr/Github/open_gororoba/target/debug/deps/libtap-77727434bca64130.rmeta","emit":"metadata"}
    Checking crossbeam-epoch v0.9.18
{"$message_type":"artifact","artifact":"/home/eirikr/Github/open_gororoba/target/debug/deps/libversion_check-6c5d7bc345316545.rmeta","emit":"metadata"}
   Compiling thiserror v2.0.18
{"$message_type":"artifact","artifact":"/home/eirikr/Github/open_gororoba/target/debug/deps/libconst_oid-84b7b1bce9c95b90.rmeta","emit":"metadata"}
{"$message_type":"artifact","artifact":"/home/eirikr/Github/open_gororoba/target/debug/deps/libpaste-a46c71a01fd93e52.so","emit":"link"}
    Checking either v1.15.0
{"$message_type":"artifact","artifact":"/home/eirikr/Github/open_gororoba/target/debug/build/thiserror-34f36950f2870ff2/build_script_build-34f36950f2870ff2.d","emit":"dep-info"}
    Checking wyz v0.5.1
{"$message_type":"artifact","artifact":"/home/eirikr/Github/open_gororoba/target/debug/deps/crossbeam_epoch-6d6ead730c48f53e.d","emit":"dep-info"}
{"$message_type":"artifact","artifact":"/home/eirikr/Github/open_gororoba/target/debug/deps/either-1324b621cffa6f34.d","emit":"dep-info"}
{"$message_type":"artifact","artifact":"/home/eirikr/Github/open_gororoba/target/debug/deps/wyz-dcf792683dd9de4a.d","emit":"dep-info"}
{"$message_type":"artifact","artifact":"/home/eirikr/Github/open_gororoba/target/debug/deps/libproc_macro2-8622de837a17f3d2.rmeta","emit":"metadata"}
{"$message_type":"artifact","artifact":"/home/eirikr/Github/open_gororoba/target/debug/deps/libversion_check-6c5d7bc345316545.rlib","emit":"link"}
   Compiling pulp v0.22.2
{"$message_type":"artifact","artifact":"/home/eirikr/Github/open_gororoba/target/debug/deps/libeither-1324b621cffa6f34.rmeta","emit":"metadata"}
{"$message_type":"artifact","artifact":"/home/eirikr/Github/open_gororoba/target/debug/deps/raw_cpuid-383b8c614bdfaf74.d","emit":"dep-info"}
{"$message_type":"artifact","artifact":"/home/eirikr/Github/open_gororoba/target/debug/build/pulp-03879af305560928/build_script_build-03879af305560928.d","emit":"dep-info"}
{"$message_type":"artifact","artifact":"/home/eirikr/Github/open_gororoba/target/debug/deps/libwyz-dcf792683dd9de4a.rmeta","emit":"metadata"}
    Checking reborrow v0.5.5
{"$message_type":"artifact","artifact":"/home/eirikr/Github/open_gororoba/target/debug/build/thiserror-34f36950f2870ff2/build_script_build-34f36950f2870ff2","emit":"link"}
{"$message_type":"artifact","artifact":"/home/eirikr/Github/open_gororoba/target/debug/deps/libcrossbeam_epoch-6d6ead730c48f53e.rmeta","emit":"metadata"}
    Checking crossbeam-deque v0.8.6
{"$message_type":"artifact","artifact":"/home/eirikr/Github/open_gororoba/target/debug/deps/reborrow-133540d2f847d910.d","emit":"dep-info"}
{"$message_type":"artifact","artifact":"/home/eirikr/Github/open_gororoba/target/debug/deps/radium-1780f114949e3a7d.d","emit":"dep-info"}
{"$message_type":"artifact","artifact":"/home/eirikr/Github/open_gororoba/target/debug/deps/libreborrow-133540d2f847d910.rmeta","emit":"metadata"}
    Checking funty v2.0.0
    Checking pulp-wasm-simd-flag v0.1.0
{"$message_type":"artifact","artifact":"/home/eirikr/Github/open_gororoba/target/debug/deps/crossbeam_deque-525983ac8297de2b.d","emit":"dep-info"}
{"$message_type":"artifact","artifact":"/home/eirikr/Github/open_gororoba/target/debug/deps/pulp_wasm_simd_flag-239102ad6c961c4b.d","emit":"dep-info"}
{"$message_type":"artifact","artifact":"/home/eirikr/Github/open_gororoba/target/debug/deps/libpulp_wasm_simd_flag-239102ad6c961c4b.rmeta","emit":"metadata"}
   Compiling dyn-stack-macros v0.1.3
{"$message_type":"artifact","artifact":"/home/eirikr/Github/open_gororoba/target/debug/deps/dyn_stack_macros-40fd64b1fc372eb1.d","emit":"dep-info"}
{"$message_type":"artifact","artifact":"/home/eirikr/Github/open_gororoba/target/debug/deps/libproc_macro2-8622de837a17f3d2.rlib","emit":"link"}
{"$message_type":"artifact","artifact":"/home/eirikr/Github/open_gororoba/target/debug/deps/libradium-1780f114949e3a7d.rmeta","emit":"metadata"}
{"$message_type":"artifact","artifact":"/home/eirikr/Github/open_gororoba/target/debug/deps/funty-1daeb83b948745d8.d","emit":"dep-info"}
{"$message_type":"artifact","artifact":"/home/eirikr/Github/open_gororoba/target/debug/deps/libcrossbeam_deque-525983ac8297de2b.rmeta","emit":"metadata"}
    Checking smallvec v1.15.1
{"$message_type":"artifact","artifact":"/home/eirikr/Github/open_gororoba/target/debug/build/pulp-03879af305560928/build_script_build-03879af305560928","emit":"link"}
{"$message_type":"artifact","artifact":"/home/eirikr/Github/open_gororoba/target/debug/deps/smallvec-fb3fd2eaf15837de.d","emit":"dep-info"}
{"$message_type":"artifact","artifact":"/home/eirikr/Github/open_gororoba/target/debug/deps/libtypenum-fbd5eddeb602b5b8.rmeta","emit":"metadata"}
{"$message_type":"artifact","artifact":"/home/eirikr/Github/open_gororoba/target/debug/deps/quote-821d05606ded24d4.d","emit":"dep-info"}
    Checking hybrid-array v0.4.10
{"$message_type":"artifact","artifact":"/home/eirikr/Github/open_gororoba/target/debug/deps/zerocopy-c95acb55f699a336.d","emit":"dep-info"}
{"$message_type":"artifact","artifact":"/home/eirikr/Github/open_gororoba/target/debug/deps/rayon_core-ed4688ba314bc1d2.d","emit":"dep-info"}
{"$message_type":"artifact","artifact":"/home/eirikr/Github/open_gororoba/target/debug/deps/libdyn_stack_macros-40fd64b1fc372eb1.so","emit":"link"}
{"$message_type":"artifact","artifact":"/home/eirikr/Github/open_gororoba/target/debug/deps/hybrid_array-2a8244ceaaa8fd7a.d","emit":"dep-info"}
{"$message_type":"artifact","artifact":"/home/eirikr/Github/open_gororoba/target/debug/deps/libsmallvec-fb3fd2eaf15837de.rmeta","emit":"metadata"}
{"$message_type":"artifact","artifact":"/home/eirikr/Github/open_gororoba/target/debug/deps/libquote-821d05606ded24d4.rmeta","emit":"metadata"}
{"$message_type":"artifact","artifact":"/home/eirikr/Github/open_gororoba/target/debug/deps/libquote-821d05606ded24d4.rlib","emit":"link"}
   Compiling syn v2.0.117
{"$message_type":"artifact","artifact":"/home/eirikr/Github/open_gororoba/target/debug/deps/libcc-8fd4de499ddad1b5.rmeta","emit":"metadata"}
{"$message_type":"artifact","artifact":"/home/eirikr/Github/open_gororoba/target/debug/deps/liblibc-d45d21c27a466d51.rmeta","emit":"metadata"}
{"$message_type":"artifact","artifact":"/home/eirikr/Github/open_gororoba/target/debug/deps/getrandom-ee00243d491a6282.d","emit":"dep-info"}
{"$message_type":"artifact","artifact":"/home/eirikr/Github/open_gororoba/target/debug/deps/librayon_core-ed4688ba314bc1d2.rmeta","emit":"metadata"}
    Checking num_cpus v1.17.0
    Checking rayon v1.11.0
{"$message_type":"artifact","artifact":"/home/eirikr/Github/open_gororoba/target/debug/deps/libgetrandom-ee00243d491a6282.rmeta","emit":"metadata"}
{"$message_type":"artifact","artifact":"/home/eirikr/Github/open_gororoba/target/debug/deps/libcc-8fd4de499ddad1b5.rlib","emit":"link"}
    Checking rand_core v0.9.5
{"$message_type":"artifact","artifact":"/home/eirikr/Github/open_gororoba/target/debug/deps/libfunty-1daeb83b948745d8.rmeta","emit":"metadata"}
   Compiling simsimd v6.5.16
    Checking bitvec v1.0.1
{"$message_type":"artifact","artifact":"/home/eirikr/Github/open_gororoba/target/debug/deps/num_cpus-a9a90a67f626df55.d","emit":"dep-info"}
{"$message_type":"artifact","artifact":"/home/eirikr/Github/open_gororoba/target/debug/deps/getrandom-2a2bf3a5e8c2cee3.d","emit":"dep-info"}
{"$message_type":"artifact","artifact":"/home/eirikr/Github/open_gororoba/target/debug/build/simsimd-c2b6fd73e06da174/build_script_build-c2b6fd73e06da174.d","emit":"dep-info"}
{"$message_type":"artifact","artifact":"/home/eirikr/Github/open_gororoba/target/debug/deps/rand_core-282dc8e985fa8138.d","emit":"dep-info"}
{"$message_type":"artifact","artifact":"/home/eirikr/Github/open_gororoba/target/debug/deps/liblibm-c03a4eb18312a513.rmeta","emit":"metadata"}
{"$message_type":"artifact","artifact":"/home/eirikr/Github/open_gororoba/target/debug/deps/libnum_cpus-a9a90a67f626df55.rmeta","emit":"metadata"}
{"$message_type":"artifact","artifact":"/home/eirikr/Github/open_gororoba/target/debug/deps/libgetrandom-2a2bf3a5e8c2cee3.rmeta","emit":"metadata"}
    Checking core_affinity v0.8.3
{"$message_type":"artifact","artifact":"/home/eirikr/Github/open_gororoba/target/debug/deps/syn-25d737fd054b8461.d","emit":"dep-info"}
    Checking rand v0.10.0
{"$message_type":"artifact","artifact":"/home/eirikr/Github/open_gororoba/target/debug/deps/librand_core-282dc8e985fa8138.rmeta","emit":"metadata"}
{"$message_type":"artifact","artifact":"/home/eirikr/Github/open_gororoba/target/debug/deps/core_affinity-d86f22afa723458b.d","emit":"dep-info"}
{"$message_type":"artifact","artifact":"/home/eirikr/Github/open_gororoba/target/debug/build/simsimd-c2b6fd73e06da174/build_script_build-c2b6fd73e06da174","emit":"link"}
{"$message_type":"artifact","artifact":"/home/eirikr/Github/open_gororoba/target/debug/deps/libcore_affinity-d86f22afa723458b.rmeta","emit":"metadata"}
{"$message_type":"artifact","artifact":"/home/eirikr/Github/open_gororoba/target/debug/deps/rand-30dcdede09e028b8.d","emit":"dep-info"}
{"$message_type":"artifact","artifact":"/home/eirikr/Github/open_gororoba/target/debug/deps/num_traits-b6cec96b707077bf.d","emit":"dep-info"}
{"$message_type":"artifact","artifact":"/home/eirikr/Github/open_gororoba/target/debug/deps/libhybrid_array-2a8244ceaaa8fd7a.rmeta","emit":"metadata"}
    Checking block-buffer v0.12.0
    Checking crypto-common v0.2.1
{"$message_type":"artifact","artifact":"/home/eirikr/Github/open_gororoba/target/debug/deps/rayon-f0789a161bc88997.d","emit":"dep-info"}
{"$message_type":"artifact","artifact":"/home/eirikr/Github/open_gororoba/target/debug/deps/block_buffer-1c03d7744ac90442.d","emit":"dep-info"}
{"$message_type":"artifact","artifact":"/home/eirikr/Github/open_gororoba/target/debug/deps/crypto_common-4b2211079bdf3366.d","emit":"dep-info"}
{"$message_type":"artifact","artifact":"/home/eirikr/Github/open_gororoba/target/debug/deps/libblock_buffer-1c03d7744ac90442.rmeta","emit":"metadata"}
{"$message_type":"artifact","artifact":"/home/eirikr/Github/open_gororoba/target/debug/deps/bitvec-9eba1c18fab307bf.d","emit":"dep-info"}
{"$message_type":"artifact","artifact":"/home/eirikr/Github/open_gororoba/target/debug/deps/librand-30dcdede09e028b8.rmeta","emit":"metadata"}
{"$message_type":"artifact","artifact":"/home/eirikr/Github/open_gororoba/target/debug/deps/libraw_cpuid-383b8c614bdfaf74.rmeta","emit":"metadata"}
{"$message_type":"artifact","artifact":"/home/eirikr/Github/open_gororoba/target/debug/deps/libnum_traits-b6cec96b707077bf.rmeta","emit":"metadata"}
    Checking approx v0.5.1
    Checking num-integer v0.1.46
    Checking rand_distr v0.6.0
{"$message_type":"artifact","artifact":"/home/eirikr/Github/open_gororoba/target/debug/deps/approx-ff43614a5f309b24.d","emit":"dep-info"}
{"$message_type":"artifact","artifact":"/home/eirikr/Github/open_gororoba/target/debug/deps/num_integer-2813998a17bc3a4e.d","emit":"dep-info"}
{"$message_type":"artifact","artifact":"/home/eirikr/Github/open_gororoba/target/debug/deps/libapprox-ff43614a5f309b24.rmeta","emit":"metadata"}
{"$message_type":"artifact","artifact":"/home/eirikr/Github/open_gororoba/target/debug/deps/rand_distr-79c7d27d17e919e0.d","emit":"dep-info"}
{"$message_type":"artifact","artifact":"/home/eirikr/Github/open_gororoba/target/debug/deps/libnum_integer-2813998a17bc3a4e.rmeta","emit":"metadata"}
    Checking num-rational v0.4.2
{"$message_type":"artifact","artifact":"/home/eirikr/Github/open_gororoba/target/debug/deps/libcrypto_common-4b2211079bdf3366.rmeta","emit":"metadata"}
    Checking digest v0.11.2
{"$message_type":"artifact","artifact":"/home/eirikr/Github/open_gororoba/target/debug/deps/num_rational-5892fdf80b8ff56a.d","emit":"dep-info"}
{"$message_type":"artifact","artifact":"/home/eirikr/Github/open_gororoba/target/debug/deps/digest-2a2d2952d27edb86.d","emit":"dep-info"}
{"$message_type":"artifact","artifact":"/home/eirikr/Github/open_gororoba/target/debug/deps/libdigest-2a2d2952d27edb86.rmeta","emit":"metadata"}
    Checking sha2 v0.11.0
{"$message_type":"artifact","artifact":"/home/eirikr/Github/open_gororoba/target/debug/deps/librand_distr-79c7d27d17e919e0.rmeta","emit":"metadata"}
{"$message_type":"artifact","artifact":"/home/eirikr/Github/open_gororoba/target/debug/deps/sha2-ed11fb3e69f4bbab.d","emit":"dep-info"}
{"$message_type":"artifact","artifact":"/home/eirikr/Github/open_gororoba/target/debug/deps/libnum_rational-5892fdf80b8ff56a.rmeta","emit":"metadata"}
{"$message_type":"artifact","artifact":"/home/eirikr/Github/open_gororoba/target/debug/deps/librayon-f0789a161bc88997.rmeta","emit":"metadata"}
{"$message_type":"artifact","artifact":"/home/eirikr/Github/open_gororoba/target/debug/deps/libsha2-ed11fb3e69f4bbab.rmeta","emit":"metadata"}
{"$message_type":"artifact","artifact":"/home/eirikr/Github/open_gororoba/target/debug/deps/libsyn-25d737fd054b8461.rmeta","emit":"metadata"}
{"$message_type":"artifact","artifact":"/home/eirikr/Github/open_gororoba/target/debug/deps/libbitvec-9eba1c18fab307bf.rmeta","emit":"metadata"}
{"$message_type":"artifact","artifact":"/home/eirikr/Github/open_gororoba/target/debug/deps/libsyn-25d737fd054b8461.rlib","emit":"link"}
   Compiling bytemuck_derive v1.10.2
   Compiling nalgebra-macros v0.3.0
   Compiling equator-macro v0.4.2
   Compiling thiserror-impl v2.0.18
{"$message_type":"artifact","artifact":"/home/eirikr/Github/open_gororoba/target/debug/deps/nalgebra_macros-ac0d7786d7c221d4.d","emit":"dep-info"}
{"$message_type":"artifact","artifact":"/home/eirikr/Github/open_gororoba/target/debug/deps/equator_macro-5ea39292985f0434.d","emit":"dep-info"}
{"$message_type":"artifact","artifact":"/home/eirikr/Github/open_gororoba/target/debug/deps/bytemuck_derive-de9ace55cfd28f42.d","emit":"dep-info"}
{"$message_type":"artifact","artifact":"/home/eirikr/Github/open_gororoba/target/debug/deps/thiserror_impl-fed620c60b4afbbc.d","emit":"dep-info"}
{"$message_type":"artifact","artifact":"/home/eirikr/Github/open_gororoba/target/debug/deps/libzerocopy-c95acb55f699a336.rmeta","emit":"metadata"}
{"$message_type":"artifact","artifact":"/home/eirikr/Github/open_gororoba/target/debug/deps/libnalgebra_macros-ac0d7786d7c221d4.so","emit":"link"}
    Checking ppv-lite86 v0.2.21
{"$message_type":"artifact","artifact":"/home/eirikr/Github/open_gororoba/target/debug/deps/libequator_macro-5ea39292985f0434.so","emit":"link"}
{"$message_type":"artifact","artifact":"/home/eirikr/Github/open_gororoba/target/debug/deps/ppv_lite86-68abc50af10d71ce.d","emit":"dep-info"}
    Checking equator v0.4.2
{"$message_type":"artifact","artifact":"/home/eirikr/Github/open_gororoba/target/debug/deps/equator-009476d06ad17750.d","emit":"dep-info"}
{"$message_type":"artifact","artifact":"/home/eirikr/Github/open_gororoba/target/debug/deps/libequator-009476d06ad17750.rmeta","emit":"metadata"}
    Checking aligned-vec v0.6.4
{"$message_type":"artifact","artifact":"/home/eirikr/Github/open_gororoba/target/debug/deps/libppv_lite86-68abc50af10d71ce.rmeta","emit":"metadata"}
    Checking rand_chacha v0.9.0
{"$message_type":"artifact","artifact":"/home/eirikr/Github/open_gororoba/target/debug/deps/aligned_vec-94944c89cec7d5b9.d","emit":"dep-info"}
    Checking rand_chacha v0.10.0
{"$message_type":"artifact","artifact":"/home/eirikr/Github/open_gororoba/target/debug/deps/rand_chacha-e316aa370588bc41.d","emit":"dep-info"}
{"$message_type":"artifact","artifact":"/home/eirikr/Github/open_gororoba/target/debug/deps/rand_chacha-6ce48289d8ae38d4.d","emit":"dep-info"}
{"$message_type":"artifact","artifact":"/home/eirikr/Github/open_gororoba/target/debug/deps/libbytemuck_derive-de9ace55cfd28f42.so","emit":"link"}
{"$message_type":"artifact","artifact":"/home/eirikr/Github/open_gororoba/target/debug/deps/libaligned_vec-94944c89cec7d5b9.rmeta","emit":"metadata"}
    Checking bytemuck v1.25.0
{"$message_type":"artifact","artifact":"/home/eirikr/Github/open_gororoba/target/debug/deps/libthiserror_impl-fed620c60b4afbbc.so","emit":"link"}
{"$message_type":"artifact","artifact":"/home/eirikr/Github/open_gororoba/target/debug/deps/librand_chacha-e316aa370588bc41.rmeta","emit":"metadata"}
    Checking rand v0.9.2
{"$message_type":"artifact","artifact":"/home/eirikr/Github/open_gororoba/target/debug/deps/librand_chacha-6ce48289d8ae38d4.rmeta","emit":"metadata"}
{"$message_type":"artifact","artifact":"/home/eirikr/Github/open_gororoba/target/debug/deps/thiserror-a0cb06943332fa32.d","emit":"dep-info"}
{"$message_type":"artifact","artifact":"/home/eirikr/Github/open_gororoba/target/debug/deps/bytemuck-3f9a51ef093b1524.d","emit":"dep-info"}
{"$message_type":"artifact","artifact":"/home/eirikr/Github/open_gororoba/target/debug/deps/libthiserror-a0cb06943332fa32.rmeta","emit":"metadata"}
{"$message_type":"artifact","artifact":"/home/eirikr/Github/open_gororoba/target/debug/deps/libbytemuck-3f9a51ef093b1524.rmeta","emit":"metadata"}
    Checking safe_arch v0.7.4
    Checking num-complex v0.4.6
    Checking safe_arch v1.0.0
    Checking dyn-stack v0.13.2
{"$message_type":"artifact","artifact":"/home/eirikr/Github/open_gororoba/target/debug/deps/rand-6c9851edc1402448.d","emit":"dep-info"}
{"$message_type":"artifact","artifact":"/home/eirikr/Github/open_gororoba/target/debug/deps/dyn_stack-eb6071988abcda56.d","emit":"dep-info"}
{"$message_type":"artifact","artifact":"/home/eirikr/Github/open_gororoba/target/debug/deps/num_complex-5f1e05c30ad9f3fd.d","emit":"dep-info"}
{"$message_type":"artifact","artifact":"/home/eirikr/Github/open_gororoba/target/debug/deps/safe_arch-4f8e02db4d38775e.d","emit":"dep-info"}
{"$message_type":"artifact","artifact":"/home/eirikr/Github/open_gororoba/target/debug/deps/libdyn_stack-eb6071988abcda56.rmeta","emit":"metadata"}
{"$message_type":"artifact","artifact":"/home/eirikr/Github/open_gororoba/target/debug/deps/safe_arch-86d911dcd5463724.d","emit":"dep-info"}
{"$message_type":"artifact","artifact":"/home/eirikr/Github/open_gororoba/target/debug/deps/libsafe_arch-4f8e02db4d38775e.rmeta","emit":"metadata"}
    Checking wide v0.7.33
{"$message_type":"artifact","artifact":"/home/eirikr/Github/open_gororoba/target/debug/deps/libnum_complex-5f1e05c30ad9f3fd.rmeta","emit":"metadata"}
{"$message_type":"artifact","artifact":"/home/eirikr/Github/open_gororoba/target/debug/deps/librand-6c9851edc1402448.rmeta","emit":"metadata"}
{"$message_type":"artifact","artifact":"/home/eirikr/Github/open_gororoba/target/debug/deps/libsafe_arch-86d911dcd5463724.rmeta","emit":"metadata"}
    Checking rand_distr v0.5.1
    Checking wide v1.2.0
{"$message_type":"artifact","artifact":"/home/eirikr/Github/open_gororoba/target/debug/deps/rand_distr-c04750e146d19593.d","emit":"dep-info"}
{"$message_type":"artifact","artifact":"/home/eirikr/Github/open_gororoba/target/debug/deps/wide-34dede96ce459638.d","emit":"dep-info"}
{"$message_type":"artifact","artifact":"/home/eirikr/Github/open_gororoba/target/debug/deps/wide-4718dfa6f91ccdd7.d","emit":"dep-info"}
{"$message_type":"artifact","artifact":"/home/eirikr/Github/open_gororoba/target/debug/deps/librand_distr-c04750e146d19593.rmeta","emit":"metadata"}
    Checking fwht v0.1.0 (/home/eirikr/Github/cratesgororobas/fwht)
{"$message_type":"artifact","artifact":"/home/eirikr/Github/open_gororoba/target/debug/deps/fwht-28afbe2ac4dc3f0d.d","emit":"dep-info"}
{"$message_type":"artifact","artifact":"/home/eirikr/Github/open_gororoba/target/debug/deps/libfwht-28afbe2ac4dc3f0d.rmeta","emit":"metadata"}
{"$message_type":"artifact","artifact":"/home/eirikr/Github/open_gororoba/target/debug/deps/pulp-d7e8add543a482ee.d","emit":"dep-info"}
{"$message_type":"artifact","artifact":"/home/eirikr/Github/open_gororoba/target/debug/deps/libwide-34dede96ce459638.rmeta","emit":"metadata"}
    Checking simba v0.9.1
{"$message_type":"artifact","artifact":"/home/eirikr/Github/open_gororoba/target/debug/deps/simba-0fa9b643c5addd64.d","emit":"dep-info"}
{"$message_type":"artifact","artifact":"/home/eirikr/Github/open_gororoba/target/debug/deps/libwide-4718dfa6f91ccdd7.rmeta","emit":"metadata"}
{"$message_type":"artifact","artifact":"/home/eirikr/Github/open_gororoba/target/debug/deps/libpulp-d7e8add543a482ee.rmeta","emit":"metadata"}
{"$message_type":"artifact","artifact":"/home/eirikr/Github/open_gororoba/target/debug/deps/simsimd-368a1cd2dd4a312d.d","emit":"dep-info"}
{"$message_type":"artifact","artifact":"/home/eirikr/Github/open_gororoba/target/debug/deps/libsimsimd-368a1cd2dd4a312d.rmeta","emit":"metadata"}
{"$message_type":"artifact","artifact":"/home/eirikr/Github/open_gororoba/target/debug/deps/libsimba-0fa9b643c5addd64.rmeta","emit":"metadata"}
    Checking nalgebra v0.34.2
{"$message_type":"artifact","artifact":"/home/eirikr/Github/open_gororoba/target/debug/deps/nalgebra-2465f477c910c7bf.d","emit":"dep-info"}
{"$message_type":"artifact","artifact":"/home/eirikr/Github/open_gororoba/target/debug/deps/libnalgebra-2465f477c910c7bf.rmeta","emit":"metadata"}
    Checking verified_core v0.1.0 (/home/eirikr/Github/open_gororoba/crates/verified_core)
    Checking gauss-quad v0.3.1
{"$message_type":"artifact","artifact":"/home/eirikr/Github/open_gororoba/target/debug/deps/gauss_quad-81a97cf433712b69.d","emit":"dep-info"}
{"$message_type":"artifact","artifact":"/home/eirikr/Github/open_gororoba/target/debug/deps/verified_core-f9d6170a60583390.d","emit":"dep-info"}
{"$message_type":"artifact","artifact":"/home/eirikr/Github/open_gororoba/target/debug/deps/libverified_core-f9d6170a60583390.rmeta","emit":"metadata"}
{"$message_type":"artifact","artifact":"/home/eirikr/Github/open_gororoba/target/debug/deps/libgauss_quad-81a97cf433712b69.rmeta","emit":"metadata"}
    Checking cd_kernel v0.1.0 (/home/eirikr/Github/open_gororoba/crates/cd_kernel)
{"$message_type":"artifact","artifact":"/home/eirikr/Github/open_gororoba/target/debug/deps/cd_kernel-72e07a559cfb6dee.d","emit":"dep-info"}
{"$message_type":"artifact","artifact":"/home/eirikr/Github/open_gororoba/target/debug/deps/libcd_kernel-72e07a559cfb6dee.rmeta","emit":"metadata"}
    Finished `dev` profile [optimized + debuginfo] target(s) in 83m 03s
Failed to parse file: /home/eirikr/.cargo/registry/src/index.crates.io-1949cf8c6b5b557f/signal-hook-registry-1.4.8/src/lib.rs, Syn(Error("expected `;`"), "/home/eirikr/.cargo/registry/src/index.crates.io-1949cf8c6b5b557f/signal-hook-registry-1.4.8/src/lib.rs") 
Failed to parse file: /home/eirikr/.cargo/registry/src/index.crates.io-1949cf8c6b5b557f/exr-1.74.0/src/image/channel_groups.rs, Syn(Error("unexpected end of input, expected an expression"), "/home/eirikr/.cargo/registry/src/index.crates.io-1949cf8c6b5b557f/exr-1.74.0/src/image/channel_groups.rs") 
Failed to parse file: /home/eirikr/.cargo/registry/src/index.crates.io-1949cf8c6b5b557f/pom-1.1.0/src/parser.rs, Syn(Error("expected `,`"), "/home/eirikr/.cargo/registry/src/index.crates.io-1949cf8c6b5b557f/pom-1.1.0/src/parser.rs") 
Failed to parse file: /home/eirikr/.cargo/registry/src/index.crates.io-1949cf8c6b5b557f/pin-project-1.1.11/tests/ui/pinned_drop/invalid-self.rs, Syn(Error("expected `,`"), "/home/eirikr/.cargo/registry/src/index.crates.io-1949cf8c6b5b557f/pin-project-1.1.11/tests/ui/pinned_drop/invalid-self.rs") 
Failed to parse file: /home/eirikr/.cargo/registry/src/index.crates.io-1949cf8c6b5b557f/nb-0.1.3/src/lib.rs, Syn(Error("expected delimiter"), "/home/eirikr/.cargo/registry/src/index.crates.io-1949cf8c6b5b557f/nb-0.1.3/src/lib.rs") 
Failed to parse file: /home/eirikr/.cargo/registry/src/index.crates.io-1949cf8c6b5b557f/objc-0.2.7/src/exception.rs, Syn(Error("expected identifier, found keyword `try`"), "/home/eirikr/.cargo/registry/src/index.crates.io-1949cf8c6b5b557f/objc-0.2.7/src/exception.rs") 
    Scanning done
WARNING: Dependency file was never scanned: /home/eirikr/.cargo/registry/src/index.crates.io-1949cf8c6b5b557f/rustls-webpki-0.103.13/src/data/alg-rsa-pkcs1-sha256-absent-params.der
WARNING: Dependency file was never scanned: /home/eirikr/.cargo/registry/src/index.crates.io-1949cf8c6b5b557f/zerocopy-0.8.48/benches/split_via_immutable_dynamic_padding.x86-64
WARNING: Dependency file was never scanned: /home/eirikr/.cargo/registry/src/index.crates.io-1949cf8c6b5b557f/bitvec-1.0.1/doc/field/BitField_store_be.md
WARNING: Dependency file was never scanned: /home/eirikr/.cargo/registry/src/index.crates.io-1949cf8c6b5b557f/zerocopy-0.8.48/benches/split_via_unchecked_dynamic_padding.x86-64.mca
WARNING: Dependency file was never scanned: /home/eirikr/.cargo/registry/src/index.crates.io-1949cf8c6b5b557f/icu_properties_data-2.2.0/data/property_binary_alphabetic_v1.rs.data
WARNING: Dependency file was never scanned: /home/eirikr/.cargo/registry/src/index.crates.io-1949cf8c6b5b557f/icu_properties_data-2.2.0/data/property_binary_alnum_v1.rs.data
WARNING: Dependency file was never scanned: /home/eirikr/.cargo/registry/src/index.crates.io-1949cf8c6b5b557f/bitvec-1.0.1/doc/array/BitArray.md
WARNING: Dependency file was never scanned: /home/eirikr/.cargo/registry/src/index.crates.io-1949cf8c6b5b557f/bitvec-1.0.1/doc/ptr/write_unaligned.md
WARNING: Dependency file was never scanned: /home/eirikr/.cargo/registry/src/index.crates.io-1949cf8c6b5b557f/zerocopy-0.8.48/benches/read_from_bytes.x86-64.mca
WARNING: Dependency file was never scanned: /home/eirikr/.cargo/registry/src/index.crates.io-1949cf8c6b5b557f/rustls-pki-types-1.14.0/src/data/alg-ecdsa-p521.der
WARNING: Dependency file was never scanned: /home/eirikr/.cargo/registry/src/index.crates.io-1949cf8c6b5b557f/const-oid-0.10.2/README.md
WARNING: Dependency file was never scanned: /home/eirikr/.cargo/registry/src/index.crates.io-1949cf8c6b5b557f/zerocopy-0.8.48/benches/ref_from_suffix_dynamic_size.x86-64.mca
WARNING: Dependency file was never scanned: /home/eirikr/.cargo/registry/src/index.crates.io-1949cf8c6b5b557f/bitvec-1.0.1/doc/mem/BitElement.md
WARNING: Dependency file was never scanned: /home/eirikr/.cargo/registry/src/index.crates.io-1949cf8c6b5b557f/bitvec-1.0.1/doc/ptr/BitSpan.md
WARNING: Dependency file was never scanned: /home/eirikr/.cargo/registry/src/index.crates.io-1949cf8c6b5b557f/rustls-webpki-0.103.13/src/cert.rs
WARNING: Dependency file was never scanned: /home/eirikr/Github/open_gororoba/target/debug/build/materials_data-db461387d7165534/out/generated_optical_params.rs
WARNING: Dependency file was never scanned: /home/eirikr/.cargo/registry/src/index.crates.io-1949cf8c6b5b557f/zerocopy-0.8.48/benches/new_zeroed.x86-64
WARNING: Dependency file was never scanned: /home/eirikr/.cargo/registry/src/index.crates.io-1949cf8c6b5b557f/icu_properties_data-2.2.0/data/property_name_parse_numeric_type_v1.rs.data
WARNING: Dependency file was never scanned: /home/eirikr/.cargo/registry/src/index.crates.io-1949cf8c6b5b557f/icu_properties_data-2.2.0/data/property_binary_grapheme_link_v1.rs.data
WARNING: Dependency file was never scanned: /home/eirikr/.cargo/registry/src/index.crates.io-1949cf8c6b5b557f/zerocopy-0.8.48/benches/ref_from_prefix_with_elems_dynamic_size.x86-64
WARNING: Dependency file was never scanned: /home/eirikr/.cargo/registry/src/index.crates.io-1949cf8c6b5b557f/zerocopy-0.8.48/benches/try_ref_from_bytes_dynamic_size.x86-64
WARNING: Dependency file was never scanned: /home/eirikr/.cargo/registry/src/index.crates.io-1949cf8c6b5b557f/bitvec-1.0.1/doc/field.md
WARNING: Dependency file was never scanned: /home/eirikr/.cargo/registry/src/index.crates.io-1949cf8c6b5b557f/bitvec-1.0.1/doc/access.md
WARNING: Dependency file was never scanned: /home/eirikr/.cargo/registry/src/index.crates.io-1949cf8c6b5b557f/bitvec-1.0.1/doc/slice/iter/SplitMut.md
WARNING: Dependency file was never scanned: /home/eirikr/.cargo/registry/src/index.crates.io-1949cf8c6b5b557f/zerocopy-0.8.48/benches/try_ref_from_suffix_dynamic_size.x86-64.mca
WARNING: Dependency file was never scanned: /home/eirikr/.cargo/registry/src/index.crates.io-1949cf8c6b5b557f/icu_properties_data-2.2.0/data/property_name_short_indic_syllabic_category_v1.rs.data
WARNING: Dependency file was never scanned: /home/eirikr/.cargo/registry/src/index.crates.io-1949cf8c6b5b557f/zerocopy-0.8.48/benches/ref_from_prefix_with_elems_dynamic_size.x86-64.mca
WARNING: Dependency file was never scanned: /home/eirikr/.cargo/registry/src/index.crates.io-1949cf8c6b5b557f/rand_core-0.10.0/README.md
WARNING: Dependency file was never scanned: /home/eirikr/.cargo/registry/src/index.crates.io-1949cf8c6b5b557f/bitvec-1.0.1/doc/vec/iter/FillStatus.md
WARNING: Dependency file was never scanned: /home/eirikr/.cargo/registry/src/index.crates.io-1949cf8c6b5b557f/crypto-common-0.2.1/README.md
WARNING: Dependency file was never scanned: /home/eirikr/.cargo/registry/src/index.crates.io-1949cf8c6b5b557f/boxcar-0.2.14/README.md
WARNING: Dependency file was never scanned: /home/eirikr/.cargo/registry/src/index.crates.io-1949cf8c6b5b557f/compact_str-0.9.0/README.md
WARNING: Dependency file was never scanned: /home/eirikr/Github/open_gororoba/target/debug/build/libsqlite3-sys-f165929c41b46248/out/bindgen.rs
WARNING: Dependency file was never scanned: /home/eirikr/.cargo/registry/src/index.crates.io-1949cf8c6b5b557f/bitvec-1.0.1/doc/ptr/BitPtr.md
WARNING: Dependency file was never scanned: /home/eirikr/.cargo/registry/src/index.crates.io-1949cf8c6b5b557f/icu_properties_data-2.2.0/data/property_name_parse_script_v1.rs.data
WARNING: Dependency file was never scanned: /home/eirikr/.cargo/registry/src/index.crates.io-1949cf8c6b5b557f/gif-0.12.0/README.md
WARNING: Dependency file was never scanned: /home/eirikr/.cargo/registry/src/index.crates.io-1949cf8c6b5b557f/icu_properties_data-2.2.0/data/property_name_short_canonical_combining_class_v1.rs.data
WARNING: Dependency file was never scanned: /home/eirikr/.cargo/registry/src/index.crates.io-1949cf8c6b5b557f/zerocopy-0.8.48/benches/transmute_ref_static_size.x86-64.mca
WARNING: Dependency file was never scanned: /home/eirikr/.cargo/registry/src/index.crates.io-1949cf8c6b5b557f/bitvec-1.0.1/doc/order/verify_for_type.md
WARNING: Dependency file was never scanned: /home/eirikr/.cargo/registry/src/index.crates.io-1949cf8c6b5b557f/zerocopy-0.8.48/benches/zero_dynamic_padding.x86-64
WARNING: Dependency file was never scanned: /home/eirikr/.cargo/registry/src/index.crates.io-1949cf8c6b5b557f/bitvec-1.0.1/doc/boxed.md
WARNING: Dependency file was never scanned: /home/eirikr/.cargo/registry/src/index.crates.io-1949cf8c6b5b557f/bitvec-1.0.1/doc/vec/iter/Extend_bool.md
WARNING: Dependency file was never scanned: /home/eirikr/.cargo/registry/src/index.crates.io-1949cf8c6b5b557f/der_derive-0.7.3/README.md
WARNING: Dependency file was never scanned: /home/eirikr/Github/open_gororoba/target/debug/build/thiserror-267eb86efd94921d/out/private.rs
WARNING: Dependency file was never scanned: /home/eirikr/Github/open_gororoba/target/debug/build/web_atoms-f3a8d756e9113260/out/named_entities.rs
WARNING: Dependency file was never scanned: /home/eirikr/.cargo/registry/src/index.crates.io-1949cf8c6b5b557f/cc-1.2.59/src/detect_compiler_family.c
WARNING: Dependency file was never scanned: /home/eirikr/.cargo/registry/src/index.crates.io-1949cf8c6b5b557f/derive_builder_core-0.11.2/src/doc_tpl/builder_method.md
WARNING: Dependency file was never scanned: /home/eirikr/.cargo/registry/src/index.crates.io-1949cf8c6b5b557f/derive_more-impl-2.1.1/doc/deref_mut.md
WARNING: Dependency file was never scanned: /home/eirikr/.cargo/registry/src/index.crates.io-1949cf8c6b5b557f/bitvec-1.0.1/doc/access/BitSafe.md
WARNING: Dependency file was never scanned: /home/eirikr/.cargo/registry/src/index.crates.io-1949cf8c6b5b557f/rustls-webpki-0.103.13/src/x509.rs
WARNING: Dependency file was never scanned: /home/eirikr/.cargo/registry/src/index.crates.io-1949cf8c6b5b557f/icu_properties_data-2.2.0/data/property_binary_terminal_punctuation_v1.rs.data
WARNING: Dependency file was never scanned: /home/eirikr/.cargo/registry/src/index.crates.io-1949cf8c6b5b557f/icu_properties_data-2.2.0/data/property_binary_cased_v1.rs.data
WARNING: Dependency file was never scanned: /home/eirikr/.cargo/registry/src/index.crates.io-1949cf8c6b5b557f/icu_properties_data-2.2.0/data/property_binary_xid_start_v1.rs.data
WARNING: Dependency file was never scanned: /home/eirikr/.cargo/registry/src/index.crates.io-1949cf8c6b5b557f/chacha20-0.10.0/README.md
WARNING: Dependency file was never scanned: /home/eirikr/.cargo/registry/src/index.crates.io-1949cf8c6b5b557f/bitvec-1.0.1/doc/view/AsMutBits.md
WARNING: Dependency file was never scanned: /home/eirikr/.cargo/registry/src/index.crates.io-1949cf8c6b5b557f/icu_properties_data-2.2.0/data/property_name_parse_general_category_mask_v1.rs.data
WARNING: Dependency file was never scanned: /home/eirikr/.cargo/registry/src/index.crates.io-1949cf8c6b5b557f/icu_properties_data-2.2.0/data/property_name_parse_general_category_v1.rs.data
WARNING: Dependency file was never scanned: /home/eirikr/.cargo/registry/src/index.crates.io-1949cf8c6b5b557f/icu_properties_data-2.2.0/data/property_name_long_indic_conjunct_break_v1.rs.data
WARNING: Dependency file was never scanned: /home/eirikr/.cargo/registry/src/index.crates.io-1949cf8c6b5b557f/zerocopy-0.8.48/benches/transmute_ref_static_size.x86-64
WARNING: Dependency file was never scanned: /home/eirikr/.cargo/registry/src/index.crates.io-1949cf8c6b5b557f/icu_properties_data-2.2.0/data/property_binary_emoji_modifier_base_v1.rs.data
WARNING: Dependency file was never scanned: /home/eirikr/.cargo/registry/src/index.crates.io-1949cf8c6b5b557f/bitvec-1.0.1/doc/ptr/read.md
WARNING: Dependency file was never scanned: /home/eirikr/.cargo/registry/src/index.crates.io-1949cf8c6b5b557f/bitvec-1.0.1/doc/order/verify.md
WARNING: Dependency file was never scanned: /home/eirikr/.cargo/registry/src/index.crates.io-1949cf8c6b5b557f/bitvec-1.0.1/doc/field/BitField_store_le.md
WARNING: Dependency file was never scanned: /home/eirikr/.cargo/registry/src/index.crates.io-1949cf8c6b5b557f/rustls-webpki-0.103.13/src/rpk_entity.rs
WARNING: Dependency file was never scanned: /home/eirikr/.cargo/registry/src/index.crates.io-1949cf8c6b5b557f/zerocopy-0.8.48/benches/try_ref_from_bytes_dynamic_size.x86-64.mca
WARNING: Dependency file was never scanned: /home/eirikr/.cargo/registry/src/index.crates.io-1949cf8c6b5b557f/bitvec-1.0.1/doc/domain/Domain.md
WARNING: Dependency file was never scanned: /home/eirikr/.cargo/registry/src/index.crates.io-1949cf8c6b5b557f/bitvec-1.0.1/doc/slice/iter/IterMut.md
WARNING: Dependency file was never scanned: /home/eirikr/.cargo/registry/src/index.crates.io-1949cf8c6b5b557f/zerocopy-0.8.48/benches/ref_from_prefix_with_elems_dynamic_padding.x86-64
WARNING: Dependency file was never scanned: /home/eirikr/.cargo/registry/src/index.crates.io-1949cf8c6b5b557f/zerocopy-0.8.48/benches/split_at_dynamic_padding.x86-64
WARNING: Dependency file was never scanned: /home/eirikr/.cargo/registry/src/index.crates.io-1949cf8c6b5b557f/cmov-0.5.3/README.md
WARNING: Dependency file was never scanned: /home/eirikr/.cargo/registry/src/index.crates.io-1949cf8c6b5b557f/zerocopy-0.8.48/benches/split_at_unchecked_dynamic_size.x86-64.mca
WARNING: Dependency file was never scanned: /home/eirikr/.cargo/registry/src/index.crates.io-1949cf8c6b5b557f/bitvec-1.0.1/doc/slice/traits.md
WARNING: Dependency file was never scanned: /home/eirikr/.cargo/registry/src/index.crates.io-1949cf8c6b5b557f/icu_properties_data-2.2.0/data/property_binary_ids_trinary_operator_v1.rs.data
WARNING: Dependency file was never scanned: /home/eirikr/.cargo/registry/src/index.crates.io-1949cf8c6b5b557f/zerocopy-0.8.48/benches/write_to_prefix_static_size.x86-64.mca
WARNING: Dependency file was never scanned: /home/eirikr/.cargo/registry/src/index.crates.io-1949cf8c6b5b557f/bitvec-1.0.1/doc/ptr/write_volatile.md
WARNING: Dependency file was never scanned: /home/eirikr/.cargo/registry/src/index.crates.io-1949cf8c6b5b557f/rustls-webpki-0.103.13/src/data/alg-rsa-pkcs1-sha384-absent-params.der
WARNING: Dependency file was never scanned: /home/eirikr/.cargo/registry/src/index.crates.io-1949cf8c6b5b557f/bitvec-1.0.1/doc/vec/iter/FromIterator_bool.md
WARNING: Dependency file was never scanned: /home/eirikr/.cargo/registry/src/index.crates.io-1949cf8c6b5b557f/derive_more-impl-2.1.1/doc/display.md
WARNING: Dependency file was never scanned: /home/eirikr/Github/open_gororoba/target/debug/build/selectors-9522e0b5d5d4eff0/out/ascii_case_insensitive_html_attributes.rs
WARNING: Dependency file was never scanned: /home/eirikr/.cargo/registry/src/index.crates.io-1949cf8c6b5b557f/bitvec-1.0.1/doc/ptr/drop_in_place.md
WARNING: Dependency file was never scanned: /home/eirikr/.cargo/registry/src/index.crates.io-1949cf8c6b5b557f/bitvec-1.0.1/doc/slice/iter/IterOnes.md
WARNING: Dependency file was never scanned: /home/eirikr/.cargo/registry/src/index.crates.io-1949cf8c6b5b557f/icu_properties_data-2.2.0/data/property_binary_pattern_syntax_v1.rs.data
WARNING: Dependency file was never scanned: /home/eirikr/.cargo/registry/src/index.crates.io-1949cf8c6b5b557f/icu_properties_data-2.2.0/data/property_enum_joining_type_v1.rs.data
WARNING: Dependency file was never scanned: /home/eirikr/.cargo/registry/src/index.crates.io-1949cf8c6b5b557f/bitvec-1.0.1/doc/index/BitEnd.md
WARNING: Dependency file was never scanned: /home/eirikr/.cargo/registry/src/index.crates.io-1949cf8c6b5b557f/bitvec-1.0.1/doc/domain/BitDomain.md
WARNING: Dependency file was never scanned: /home/eirikr/.cargo/registry/src/index.crates.io-1949cf8c6b5b557f/snafu-0.9.0/src/Snafu.md
WARNING: Dependency file was never scanned: /home/eirikr/.cargo/registry/src/index.crates.io-1949cf8c6b5b557f/fastrand-2.4.1/src/global_rng.rs
WARNING: Dependency file was never scanned: /home/eirikr/.cargo/registry/src/index.crates.io-1949cf8c6b5b557f/bitvec-1.0.1/doc/slice/iter/SplitN.md
WARNING: Dependency file was never scanned: /home/eirikr/.cargo/registry/src/index.crates.io-1949cf8c6b5b557f/bitvec-1.0.1/doc/ptr/slice_from_raw_parts.md
WARNING: Dependency file was never scanned: /home/eirikr/.cargo/registry/src/index.crates.io-1949cf8c6b5b557f/bitvec-1.0.1/doc/slice/iter/NoAlias.md
WARNING: Dependency file was never scanned: /home/eirikr/.cargo/registry/src/index.crates.io-1949cf8c6b5b557f/bitvec-1.0.1/doc/macros.md
WARNING: Dependency file was never scanned: /home/eirikr/.cargo/registry/src/index.crates.io-1949cf8c6b5b557f/zerocopy-0.8.48/benches/read_from_bytes.x86-64
WARNING: Dependency file was never scanned: /home/eirikr/.cargo/registry/src/index.crates.io-1949cf8c6b5b557f/bitvec-1.0.1/doc/ptr/BitPtrRange.md
WARNING: Dependency file was never scanned: /home/eirikr/.cargo/registry/src/index.crates.io-1949cf8c6b5b557f/icu_properties_data-2.2.0/data/property_binary_quotation_mark_v1.rs.data
WARNING: Dependency file was never scanned: /home/eirikr/.cargo/registry/src/index.crates.io-1949cf8c6b5b557f/bitvec-1.0.1/doc/array/IntoIter.md
WARNING: Dependency file was never scanned: /home/eirikr/.cargo/registry/src/index.crates.io-1949cf8c6b5b557f/bitvec-1.0.1/doc/field/BitField_Msb0_store_be.md
WARNING: Dependency file was never scanned: /home/eirikr/.cargo/registry/src/index.crates.io-1949cf8c6b5b557f/built-0.8.0/README.md
WARNING: Dependency file was never scanned: /home/eirikr/.cargo/registry/src/index.crates.io-1949cf8c6b5b557f/icu_properties_data-2.2.0/data/property_binary_logical_order_exception_v1.rs.data
WARNING: Dependency file was never scanned: /home/eirikr/.cargo/registry/src/index.crates.io-1949cf8c6b5b557f/bitvec-1.0.1/doc/ptr/read_volatile.md
WARNING: Dependency file was never scanned: /home/eirikr/.cargo/registry/src/index.crates.io-1949cf8c6b5b557f/bitvec-1.0.1/doc/slice/iter/RChunksExactMut.md
WARNING: Dependency file was never scanned: /home/eirikr/.cargo/registry/src/index.crates.io-1949cf8c6b5b557f/zerocopy-0.8.48/benches/ref_from_bytes_dynamic_size.x86-64.mca
WARNING: Dependency file was never scanned: /home/eirikr/.cargo/registry/src/index.crates.io-1949cf8c6b5b557f/icu_properties_data-2.2.0/data/property_enum_grapheme_cluster_break_v1.rs.data
WARNING: Dependency file was never scanned: /home/eirikr/.cargo/registry/src/index.crates.io-1949cf8c6b5b557f/zerocopy-0.8.48/benches/try_transmute_ref_static_size.x86-64
WARNING: Dependency file was never scanned: /home/eirikr/.cargo/registry/src/index.crates.io-1949cf8c6b5b557f/bitvec-1.0.1/doc/macros/BitArr_type.md
WARNING: Dependency file was never scanned: /home/eirikr/.cargo/registry/src/index.crates.io-1949cf8c6b5b557f/icu_properties_data-2.2.0/data/property_name_parse_line_break_v1.rs.data
WARNING: Dependency file was never scanned: /home/eirikr/.cargo/registry/src/index.crates.io-1949cf8c6b5b557f/bitvec-1.0.1/doc/slice/iter/RChunksMut.md
WARNING: Dependency file was never scanned: /home/eirikr/.cargo/registry/src/index.crates.io-1949cf8c6b5b557f/zerocopy-0.8.48/benches/transmute_ref_dynamic_size.x86-64
WARNING: Dependency file was never scanned: /home/eirikr/.cargo/registry/src/index.crates.io-1949cf8c6b5b557f/zerocopy-0.8.48/benches/try_ref_from_prefix_with_elems_dynamic_padding.x86-64
WARNING: Dependency file was never scanned: /home/eirikr/.cargo/registry/src/index.crates.io-1949cf8c6b5b557f/icu_properties_data-2.2.0/data/property_name_parse_sentence_break_v1.rs.data
WARNING: Dependency file was never scanned: /home/eirikr/.cargo/registry/src/index.crates.io-1949cf8c6b5b557f/bitvec-1.0.1/doc/slice/BitSliceIndex.md
WARNING: Dependency file was never scanned: /home/eirikr/.cargo/registry/src/index.crates.io-1949cf8c6b5b557f/rustls-pki-types-1.14.0/src/data/alg-ml-dsa-65.der
WARNING: Dependency file was never scanned: /home/eirikr/.cargo/registry/src/index.crates.io-1949cf8c6b5b557f/rustls-pki-types-1.14.0/src/data/alg-rsa-pss-sha256.der
WARNING: Dependency file was never scanned: /home/eirikr/.cargo/registry/src/index.crates.io-1949cf8c6b5b557f/bitvec-1.0.1/doc/view/BitView.md
WARNING: Dependency file was never scanned: /home/eirikr/.cargo/registry/src/index.crates.io-1949cf8c6b5b557f/bitvec-1.0.1/doc/ptr/swap.md
WARNING: Dependency file was never scanned: /home/eirikr/.cargo/registry/src/index.crates.io-1949cf8c6b5b557f/rustls-webpki-0.103.13/src/data/alg-rsa-pkcs1-sha512-absent-params.der
WARNING: Dependency file was never scanned: /home/eirikr/.cargo/registry/src/index.crates.io-1949cf8c6b5b557f/bitvec-1.0.1/doc/array.md
WARNING: Dependency file was never scanned: /home/eirikr/.cargo/registry/src/index.crates.io-1949cf8c6b5b557f/bitvec-1.0.1/doc/slice/iter/RSplitNMut.md
WARNING: Dependency file was never scanned: /home/eirikr/.cargo/registry/src/index.crates.io-1949cf8c6b5b557f/zerocopy-0.8.48/benches/try_ref_from_prefix_with_elems_dynamic_size.x86-64.mca
WARNING: Dependency file was never scanned: /home/eirikr/.cargo/registry/src/index.crates.io-1949cf8c6b5b557f/bitvec-1.0.1/doc/index/BitSel.md
WARNING: Dependency file was never scanned: /home/eirikr/.cargo/registry/src/index.crates.io-1949cf8c6b5b557f/zerocopy-0.8.48/benches/write_to_suffix_dynamic_size.x86-64.mca
WARNING: Dependency file was never scanned: /home/eirikr/.cargo/registry/src/index.crates.io-1949cf8c6b5b557f/icu_properties_data-2.2.0/data/property_enum_word_break_v1.rs.data
WARNING: Dependency file was never scanned: /home/eirikr/Github/open_gororoba/target/debug/build/materials_data-db461387d7165534/out/generated_nk_tables.rs
WARNING: Dependency file was never scanned: /home/eirikr/.cargo/registry/src/index.crates.io-1949cf8c6b5b557f/icu_properties_data-2.2.0/data/property_binary_uppercase_v1.rs.data
WARNING: Dependency file was never scanned: /home/eirikr/.cargo/registry/src/index.crates.io-1949cf8c6b5b557f/bitvec-1.0.1/doc/field/BitField_load_le.md
WARNING: Dependency file was never scanned: /home/eirikr/.cargo/registry/src/index.crates.io-1949cf8c6b5b557f/bitvec-1.0.1/doc/index/BitPos.md
WARNING: Dependency file was never scanned: /home/eirikr/.cargo/registry/src/index.crates.io-1949cf8c6b5b557f/bitvec-1.0.1/doc/slice/iter/RSplitMut.md
WARNING: Dependency file was never scanned: /home/eirikr/.cargo/registry/src/index.crates.io-1949cf8c6b5b557f/bitvec-1.0.1/doc/mem/elts.md
WARNING: Dependency file was never scanned: /home/eirikr/.cargo/registry/src/index.crates.io-1949cf8c6b5b557f/icu_properties_data-2.2.0/data/property_name_short_general_category_v1.rs.data
WARNING: Dependency file was never scanned: /home/eirikr/Github/open_gororoba/target/debug/build/private-gemm-x86-fc8b1e088fd4b169/out/asm.rs
WARNING: Dependency file was never scanned: /home/eirikr/.cargo/registry/src/index.crates.io-1949cf8c6b5b557f/zerocopy-0.8.48/benches/ref_from_suffix_static_size.x86-64
WARNING: Dependency file was never scanned: /home/eirikr/.cargo/registry/src/index.crates.io-1949cf8c6b5b557f/zerocopy-0.8.48/benches/write_to_static_size.x86-64
WARNING: Dependency file was never scanned: /home/eirikr/.cargo/registry/src/index.crates.io-1949cf8c6b5b557f/zerocopy-0.8.48/benches/ref_from_bytes_dynamic_padding.x86-64
WARNING: Dependency file was never scanned: /home/eirikr/.cargo/registry/src/index.crates.io-1949cf8c6b5b557f/zerocopy-0.8.48/benches/zero_dynamic_padding.x86-64.mca
WARNING: Dependency file was never scanned: /home/eirikr/.cargo/registry/src/index.crates.io-1949cf8c6b5b557f/icu_properties_data-2.2.0/data/property_binary_emoji_v1.rs.data
WARNING: Dependency file was never scanned: /home/eirikr/.cargo/registry/src/index.crates.io-1949cf8c6b5b557f/bitvec-1.0.1/doc/order.md
WARNING: Dependency file was never scanned: /home/eirikr/.cargo/registry/src/index.crates.io-1949cf8c6b5b557f/icu_properties_data-2.2.0/data/property_name_parse_word_break_v1.rs.data
WARNING: Dependency file was never scanned: /home/eirikr/.cargo/registry/src/index.crates.io-1949cf8c6b5b557f/bitvec-1.0.1/doc/boxed/iter.md
WARNING: Dependency file was never scanned: /home/eirikr/.cargo/registry/src/index.crates.io-1949cf8c6b5b557f/rustls-pki-types-1.14.0/src/data/alg-rsa-encryption.der
WARNING: Dependency file was never scanned: /home/eirikr/.cargo/registry/src/index.crates.io-1949cf8c6b5b557f/zerocopy-0.8.48/benches/try_ref_from_suffix_with_elems_dynamic_padding.x86-64
WARNING: Dependency file was never scanned: /home/eirikr/.cargo/registry/src/index.crates.io-1949cf8c6b5b557f/zerocopy-0.8.48/benches/zero_static_size.x86-64
WARNING: Dependency file was never scanned: /home/eirikr/.cargo/registry/src/index.crates.io-1949cf8c6b5b557f/icu_properties_data-2.2.0/data/property_name_parse_canonical_combining_class_v1.rs.data
WARNING: Dependency file was never scanned: /home/eirikr/.cargo/registry/src/index.crates.io-1949cf8c6b5b557f/icu_properties_data-2.2.0/data/property_binary_print_v1.rs.data
WARNING: Dependency file was never scanned: /home/eirikr/.cargo/registry/src/index.crates.io-1949cf8c6b5b557f/zerocopy-0.8.48/benches/split_at_dynamic_padding.x86-64.mca
WARNING: Dependency file was never scanned: /home/eirikr/.cargo/registry/src/index.crates.io-1949cf8c6b5b557f/rustls-webpki-0.103.13/src/end_entity.rs
WARNING: Dependency file was never scanned: /home/eirikr/.cargo/registry/src/index.crates.io-1949cf8c6b5b557f/icu_properties_data-2.2.0/data/property_enum_line_break_v1.rs.data
WARNING: Dependency file was never scanned: /home/eirikr/.cargo/registry/src/index.crates.io-1949cf8c6b5b557f/bitvec-1.0.1/doc/slice/iter/SplitNMut.md
WARNING: Dependency file was never scanned: /home/eirikr/.cargo/registry/src/index.crates.io-1949cf8c6b5b557f/icu_properties_data-2.2.0/data/property_binary_graph_v1.rs.data
WARNING: Dependency file was never scanned: /home/eirikr/.cargo/registry/src/index.crates.io-1949cf8c6b5b557f/icu_properties_data-2.2.0/data/property_binary_id_compat_math_continue_v1.rs.data
WARNING: Dependency file was never scanned: /home/eirikr/.cargo/registry/src/index.crates.io-1949cf8c6b5b557f/icu_properties_data-2.2.0/data/property_enum_numeric_type_v1.rs.data
WARNING: Dependency file was never scanned: /home/eirikr/.cargo/registry/src/index.crates.io-1949cf8c6b5b557f/zerocopy-0.8.48/benches/write_to_suffix_static_size.x86-64
WARNING: Dependency file was never scanned: /home/eirikr/.cargo/registry/src/index.crates.io-1949cf8c6b5b557f/bitvec-1.0.1/doc/field/io/Read_BitSlice.md
WARNING: Dependency file was never scanned: /home/eirikr/.cargo/registry/src/index.crates.io-1949cf8c6b5b557f/icu_properties_data-2.2.0/data/property_binary_ascii_hex_digit_v1.rs.data
WARNING: Dependency file was never scanned: /home/eirikr/.cargo/registry/src/index.crates.io-1949cf8c6b5b557f/bitvec-1.0.1/doc/mem.md
WARNING: Dependency file was never scanned: /home/eirikr/.cargo/registry/src/index.crates.io-1949cf8c6b5b557f/zerocopy-0.8.48/benches/read_from_suffix.x86-64.mca
WARNING: Dependency file was never scanned: /home/eirikr/.cargo/registry/src/index.crates.io-1949cf8c6b5b557f/bitvec-1.0.1/doc/index/BitMask.md
WARNING: Dependency file was never scanned: /home/eirikr/.cargo/registry/src/index.crates.io-1949cf8c6b5b557f/bitvec-1.0.1/doc/ptr/copy.md
WARNING: Dependency file was never scanned: /home/eirikr/.cargo/registry/src/index.crates.io-1949cf8c6b5b557f/derive_more-impl-2.1.1/doc/as_ref.md
WARNING: Dependency file was never scanned: /home/eirikr/.cargo/registry/src/index.crates.io-1949cf8c6b5b557f/icu_properties_data-2.2.0/data/property_binary_sentence_terminal_v1.rs.data
WARNING: Dependency file was never scanned: /home/eirikr/.cargo/registry/src/index.crates.io-1949cf8c6b5b557f/icu_properties_data-2.2.0/data/property_binary_white_space_v1.rs.data
WARNING: Dependency file was never scanned: /home/eirikr/.cargo/registry/src/index.crates.io-1949cf8c6b5b557f/opener-0.5.2/src/xdg-open
WARNING: Dependency file was never scanned: /home/eirikr/Github/open_gororoba/target/debug/build/fitsio-sys-44a0b495da205caf/out/aliases.rs
WARNING: Dependency file was never scanned: /home/eirikr/.cargo/registry/src/index.crates.io-1949cf8c6b5b557f/bitvec-1.0.1/doc/slice/ops.md
WARNING: Dependency file was never scanned: /home/eirikr/.cargo/registry/src/index.crates.io-1949cf8c6b5b557f/icu_properties_data-2.2.0/data/property_enum_script_v1.rs.data
WARNING: Dependency file was never scanned: /home/eirikr/Github/open_gororoba/target/debug/build/serde_core-87f6f2f14dd7162c/out/private.rs
WARNING: Dependency file was never scanned: /home/eirikr/.cargo/registry/src/index.crates.io-1949cf8c6b5b557f/icu_properties_data-2.2.0/data/property_binary_id_start_v1.rs.data
WARNING: Dependency file was never scanned: /home/eirikr/.cargo/registry/src/index.crates.io-1949cf8c6b5b557f/digest-0.11.2/README.md
WARNING: Dependency file was never scanned: /home/eirikr/.cargo/registry/src/index.crates.io-1949cf8c6b5b557f/icu_properties_data-2.2.0/data/property_enum_indic_conjunct_break_v1.rs.data
WARNING: Dependency file was never scanned: /home/eirikr/.cargo/registry/src/index.crates.io-1949cf8c6b5b557f/bitvec-1.0.1/doc/order/Lsb0.md
WARNING: Dependency file was never scanned: /home/eirikr/.cargo/registry/src/index.crates.io-1949cf8c6b5b557f/bitvec-1.0.1/doc/ptr/range.md
WARNING: Dependency file was never scanned: /home/eirikr/.cargo/registry/src/index.crates.io-1949cf8c6b5b557f/bumpalo-3.20.2/README.md
WARNING: Dependency file was never scanned: /home/eirikr/.cargo/registry/src/index.crates.io-1949cf8c6b5b557f/bitvec-1.0.1/doc/slice/from_raw_parts.md
WARNING: Dependency file was never scanned: /home/eirikr/.cargo/registry/src/index.crates.io-1949cf8c6b5b557f/comfy-table-7.2.2/README.md
WARNING: Dependency file was never scanned: /home/eirikr/.cargo/registry/src/index.crates.io-1949cf8c6b5b557f/derive_more-impl-2.1.1/doc/mul.md
WARNING: Dependency file was never scanned: /home/eirikr/.cargo/registry/src/index.crates.io-1949cf8c6b5b557f/bitvec-1.0.1/doc/slice/iter/RChunks.md
WARNING: Dependency file was never scanned: /home/eirikr/.cargo/registry/src/index.crates.io-1949cf8c6b5b557f/rustls-pki-types-1.14.0/src/data/alg-ml-dsa-87.der
WARNING: Dependency file was never scanned: /home/eirikr/.cargo/registry/src/index.crates.io-1949cf8c6b5b557f/icu_properties_data-2.2.0/data/property_name_parse_joining_group_v1.rs.data
WARNING: Dependency file was never scanned: /home/eirikr/.cargo/registry/src/index.crates.io-1949cf8c6b5b557f/bitvec-1.0.1/doc/ptr/bitslice_from_raw_parts_mut.md
WARNING: Dependency file was never scanned: /home/eirikr/.cargo/registry/src/index.crates.io-1949cf8c6b5b557f/icu_properties_data-2.2.0/data/property_name_short_grapheme_cluster_break_v1.rs.data
WARNING: Dependency file was never scanned: /home/eirikr/.cargo/registry/src/index.crates.io-1949cf8c6b5b557f/icu_properties_data-2.2.0/data/property_binary_basic_emoji_v1.rs.data
WARNING: Dependency file was never scanned: /home/eirikr/.cargo/registry/src/index.crates.io-1949cf8c6b5b557f/icu_properties_data-2.2.0/data/property_binary_modifier_combining_mark_v1.rs.data
WARNING: Dependency file was never scanned: /home/eirikr/.cargo/registry/src/index.crates.io-1949cf8c6b5b557f/rustls-webpki-0.103.13/src/verify_cert.rs
WARNING: Dependency file was never scanned: /home/eirikr/.cargo/registry/src/index.crates.io-1949cf8c6b5b557f/bitvec-1.0.1/doc/index.md
WARNING: Dependency file was never scanned: /home/eirikr/.cargo/registry/src/index.crates.io-1949cf8c6b5b557f/zerocopy-0.8.48/benches/split_via_immutable_dynamic_size.x86-64
WARNING: Dependency file was never scanned: /home/eirikr/.cargo/registry/src/index.crates.io-1949cf8c6b5b557f/rustls-pki-types-1.14.0/src/data/alg-ecdsa-p256k1.der
WARNING: Dependency file was never scanned: /home/eirikr/.cargo/registry/src/index.crates.io-1949cf8c6b5b557f/bitvec-1.0.1/doc/access/impl_BitSafe.md
WARNING: Dependency file was never scanned: /home/eirikr/.cargo/registry/src/index.crates.io-1949cf8c6b5b557f/icu_properties_data-2.2.0/data/property_name_short_indic_conjunct_break_v1.rs.data
WARNING: Dependency file was never scanned: /home/eirikr/.cargo/registry/src/index.crates.io-1949cf8c6b5b557f/zerocopy-0.8.48/benches/ref_from_suffix_static_size.x86-64.mca
WARNING: Dependency file was never scanned: /home/eirikr/.cargo/registry/src/index.crates.io-1949cf8c6b5b557f/zerocopy-0.8.48/benches/try_ref_from_bytes_dynamic_padding.x86-64
WARNING: Dependency file was never scanned: /home/eirikr/.cargo/registry/src/index.crates.io-1949cf8c6b5b557f/icu_properties_data-2.2.0/data/property_binary_ideographic_v1.rs.data
WARNING: Dependency file was never scanned: /home/eirikr/.cargo/registry/src/index.crates.io-1949cf8c6b5b557f/rustls-webpki-0.103.13/src/crl/types.rs
WARNING: Dependency file was never scanned: /home/eirikr/.cargo/registry/src/index.crates.io-1949cf8c6b5b557f/rustls-pki-types-1.14.0/src/data/alg-rsa-pss-sha384.der
WARNING: Dependency file was never scanned: /home/eirikr/.cargo/registry/src/index.crates.io-1949cf8c6b5b557f/icu_properties_data-2.2.0/data/property_name_short_line_break_v1.rs.data
WARNING: Dependency file was never scanned: /home/eirikr/Github/open_gororoba/target/debug/build/periodic-table-on-an-enum-b2872577ef21cc67/out/data.rs
WARNING: Dependency file was never scanned: /home/eirikr/.cargo/registry/src/index.crates.io-1949cf8c6b5b557f/twox-hash-2.1.2/README.md
WARNING: Dependency file was never scanned: /home/eirikr/.cargo/registry/src/index.crates.io-1949cf8c6b5b557f/bitvec-1.0.1/doc/field/BitField_load.md
WARNING: Dependency file was never scanned: /home/eirikr/.cargo/registry/src/index.crates.io-1949cf8c6b5b557f/bitvec-1.0.1/doc/field/BitField_Lsb0_store_le.md
WARNING: Dependency file was never scanned: /home/eirikr/.cargo/registry/src/index.crates.io-1949cf8c6b5b557f/zerocopy-0.8.48/benches/split_at_unchecked_dynamic_size.x86-64
WARNING: Dependency file was never scanned: /home/eirikr/.cargo/registry/src/index.crates.io-1949cf8c6b5b557f/rustls-webpki-0.103.13/src/error.rs
WARNING: Dependency file was never scanned: /home/eirikr/.cargo/registry/src/index.crates.io-1949cf8c6b5b557f/icu_properties_data-2.2.0/data/property_binary_grapheme_extend_v1.rs.data
WARNING: Dependency file was never scanned: /home/eirikr/.cargo/registry/src/index.crates.io-1949cf8c6b5b557f/bitvec-1.0.1/doc/field/io.md
WARNING: Dependency file was never scanned: /home/eirikr/.cargo/registry/src/index.crates.io-1949cf8c6b5b557f/bitvec-1.0.1/doc/slice/iter/IterZeros.md
WARNING: Dependency file was never scanned: /home/eirikr/.cargo/registry/src/index.crates.io-1949cf8c6b5b557f/icu_properties_data-2.2.0/data/property_binary_changes_when_nfkc_casefolded_v1.rs.data
WARNING: Dependency file was never scanned: /home/eirikr/.cargo/registry/src/index.crates.io-1949cf8c6b5b557f/bitvec-1.0.1/doc/ptr/eq.md
WARNING: Dependency file was never scanned: /home/eirikr/.cargo/registry/src/index.crates.io-1949cf8c6b5b557f/icu_properties_data-2.2.0/data/property_enum_indic_syllabic_category_v1.rs.data
WARNING: Dependency file was never scanned: /home/eirikr/.cargo/registry/src/index.crates.io-1949cf8c6b5b557f/clap_derive-4.6.0/README.md
WARNING: Dependency file was never scanned: /home/eirikr/.cargo/registry/src/index.crates.io-1949cf8c6b5b557f/bitvec-1.0.1/doc/slice/iter/Split.md
WARNING: Dependency file was never scanned: /home/eirikr/.cargo/registry/src/index.crates.io-1949cf8c6b5b557f/icu_properties_data-2.2.0/data/property_name_short_sentence_break_v1.rs.data
WARNING: Dependency file was never scanned: /home/eirikr/Github/open_gororoba/target/debug/build/rustversion-957845001453999e/out/version.expr
WARNING: Dependency file was never scanned: /home/eirikr/.cargo/registry/src/index.crates.io-1949cf8c6b5b557f/bitvec-1.0.1/doc/vec/iter/Drain.md
WARNING: Dependency file was never scanned: /home/eirikr/.cargo/registry/src/index.crates.io-1949cf8c6b5b557f/bitvec-1.0.1/doc/slice/BitSlice.md
WARNING: Dependency file was never scanned: /home/eirikr/.cargo/registry/src/index.crates.io-1949cf8c6b5b557f/zerocopy-0.8.48/benches/split_at_unchecked_dynamic_padding.x86-64
WARNING: Dependency file was never scanned: /home/eirikr/.cargo/registry/src/index.crates.io-1949cf8c6b5b557f/icu_properties_data-2.2.0/data/property_binary_emoji_modifier_v1.rs.data
WARNING: Dependency file was never scanned: /home/eirikr/.cargo/registry/src/index.crates.io-1949cf8c6b5b557f/zerocopy-0.8.48/benches/transmute.x86-64.mca
WARNING: Dependency file was never scanned: /home/eirikr/.cargo/registry/src/index.crates.io-1949cf8c6b5b557f/bitvec-1.0.1/doc/macros/bitbox.md
WARNING: Dependency file was never scanned: /home/eirikr/.cargo/registry/src/index.crates.io-1949cf8c6b5b557f/zerocopy-0.8.48/benches/split_via_immutable_dynamic_size.x86-64.mca
WARNING: Dependency file was never scanned: /home/eirikr/.cargo/registry/src/index.crates.io-1949cf8c6b5b557f/icu_properties_data-2.2.0/data/property_name_long_numeric_type_v1.rs.data
WARNING: Dependency file was never scanned: /home/eirikr/.cargo/registry/src/index.crates.io-1949cf8c6b5b557f/snafu-0.9.0/src/report.md
WARNING: Dependency file was never scanned: /home/eirikr/.cargo/registry/src/index.crates.io-1949cf8c6b5b557f/bitvec-1.0.1/doc/slice/iter/RSplit.md
WARNING: Dependency file was never scanned: /home/eirikr/.cargo/registry/src/index.crates.io-1949cf8c6b5b557f/icu_properties_data-2.2.0/data/property_name_short_script_v1.rs.data
WARNING: Dependency file was never scanned: /home/eirikr/.cargo/registry/src/index.crates.io-1949cf8c6b5b557f/bitvec-1.0.1/doc/slice/specialization.md
WARNING: Dependency file was never scanned: /home/eirikr/.cargo/registry/src/index.crates.io-1949cf8c6b5b557f/bitvec-1.0.1/README.md
WARNING: Dependency file was never scanned: /home/eirikr/Github/open_gororoba/target/debug/build/pulp-30120c7e9d5ef949/out/x86_64_asm.rs
WARNING: Dependency file was never scanned: /home/eirikr/.cargo/registry/src/index.crates.io-1949cf8c6b5b557f/icu_properties_data-2.2.0/data/property_binary_bidi_mirrored_v1.rs.data
WARNING: Dependency file was never scanned: /home/eirikr/.cargo/registry/src/index.crates.io-1949cf8c6b5b557f/bitvec-1.0.1/doc/ptr/write_bits.md
WARNING: Dependency file was never scanned: /home/eirikr/.cargo/registry/src/index.crates.io-1949cf8c6b5b557f/md-5-0.11.0/README.md
WARNING: Dependency file was never scanned: /home/eirikr/.cargo/registry/src/index.crates.io-1949cf8c6b5b557f/zerocopy-0.8.48/benches/ref_from_bytes_dynamic_size.x86-64
WARNING: Dependency file was never scanned: /home/eirikr/.cargo/registry/src/index.crates.io-1949cf8c6b5b557f/getrandom-0.3.4/README.md
WARNING: Dependency file was never scanned: /home/eirikr/.cargo/registry/src/index.crates.io-1949cf8c6b5b557f/zerocopy-0.8.48/benches/try_ref_from_prefix_static_size.x86-64
WARNING: Dependency file was never scanned: /home/eirikr/.cargo/registry/src/index.crates.io-1949cf8c6b5b557f/icu_properties_data-2.2.0/data/property_script_with_extensions_v1.rs.data
WARNING: Dependency file was never scanned: /home/eirikr/.cargo/registry/src/index.crates.io-1949cf8c6b5b557f/zerocopy-0.8.48/benches/try_read_from_prefix.x86-64
WARNING: Dependency file was never scanned: /home/eirikr/.cargo/registry/src/index.crates.io-1949cf8c6b5b557f/bitvec-1.0.1/doc/field/BitField_Msb0.md
WARNING: Dependency file was never scanned: /home/eirikr/.cargo/registry/src/index.crates.io-1949cf8c6b5b557f/bitvec-1.0.1/doc/slice/iter/Iter.md
WARNING: Dependency file was never scanned: /home/eirikr/.cargo/registry/src/index.crates.io-1949cf8c6b5b557f/zerocopy-0.8.48/benches/ref_from_prefix_dynamic_padding.x86-64
WARNING: Dependency file was never scanned: /home/eirikr/.cargo/registry/src/index.crates.io-1949cf8c6b5b557f/icu_properties_data-2.2.0/data/property_binary_changes_when_lowercased_v1.rs.data
WARNING: Dependency file was never scanned: /home/eirikr/.cargo/registry/src/index.crates.io-1949cf8c6b5b557f/icu_properties_data-2.2.0/data/property_binary_math_v1.rs.data
WARNING: Dependency file was never scanned: /home/eirikr/.cargo/registry/src/index.crates.io-1949cf8c6b5b557f/zerocopy-0.8.48/benches/read_from_prefix.x86-64
WARNING: Dependency file was never scanned: /home/eirikr/.cargo/registry/src/index.crates.io-1949cf8c6b5b557f/zerocopy-0.8.48/benches/try_read_from_prefix.x86-64.mca
WARNING: Dependency file was never scanned: /home/eirikr/.cargo/registry/src/index.crates.io-1949cf8c6b5b557f/bitvec-1.0.1/doc/view.md
WARNING: Dependency file was never scanned: /home/eirikr/.cargo/registry/src/index.crates.io-1949cf8c6b5b557f/zerocopy-0.8.48/benches/split_via_runtime_check_dynamic_padding.x86-64.mca
WARNING: Dependency file was never scanned: /home/eirikr/.cargo/registry/src/index.crates.io-1949cf8c6b5b557f/zerocopy-0.8.48/benches/try_ref_from_suffix_with_elems_dynamic_size.x86-64.mca
WARNING: Dependency file was never scanned: /home/eirikr/.cargo/registry/src/index.crates.io-1949cf8c6b5b557f/bitvec-1.0.1/doc/slice/iter/SplitInclusiveMut.md
WARNING: Dependency file was never scanned: /home/eirikr/.cargo/registry/src/index.crates.io-1949cf8c6b5b557f/icu_properties_data-2.2.0/data/property_binary_diacritic_v1.rs.data
WARNING: Dependency file was never scanned: /home/eirikr/.cargo/registry/src/index.crates.io-1949cf8c6b5b557f/zerocopy-0.8.48/benches/ref_from_bytes_with_elems_dynamic_size.x86-64.mca
WARNING: Dependency file was never scanned: /home/eirikr/.cargo/registry/src/index.crates.io-1949cf8c6b5b557f/zerocopy-0.8.48/benches/split_at_unchecked_dynamic_padding.x86-64.mca
WARNING: Dependency file was never scanned: /home/eirikr/.cargo/registry/src/index.crates.io-1949cf8c6b5b557f/rustls-webpki-0.103.13/src/time.rs
WARNING: Dependency file was never scanned: /home/eirikr/.cargo/registry/src/index.crates.io-1949cf8c6b5b557f/zlib-rs-0.6.3/README.md
WARNING: Dependency file was never scanned: /home/eirikr/.cargo/registry/src/index.crates.io-1949cf8c6b5b557f/zerocopy-0.8.48/benches/try_ref_from_prefix_dynamic_size.x86-64.mca
WARNING: Dependency file was never scanned: /home/eirikr/.cargo/registry/src/index.crates.io-1949cf8c6b5b557f/zerocopy-0.8.48/benches/zero_static_size.x86-64.mca
WARNING: Dependency file was never scanned: /home/eirikr/.cargo/registry/src/index.crates.io-1949cf8c6b5b557f/icu_properties_data-2.2.0/data/property_binary_hyphen_v1.rs.data
WARNING: Dependency file was never scanned: /home/eirikr/.cargo/registry/src/index.crates.io-1949cf8c6b5b557f/zerocopy-0.8.48/benches/ref_from_suffix_with_elems_dynamic_padding.x86-64.mca
WARNING: Dependency file was never scanned: /home/eirikr/.cargo/registry/src/index.crates.io-1949cf8c6b5b557f/zerocopy-0.8.48/benches/split_at_dynamic_size.x86-64
WARNING: Dependency file was never scanned: /home/eirikr/.cargo/registry/src/index.crates.io-1949cf8c6b5b557f/icu_properties_data-2.2.0/data/property_name_short_bidi_class_v1.rs.data
WARNING: Dependency file was never scanned: /home/eirikr/.cargo/registry/src/index.crates.io-1949cf8c6b5b557f/icu_properties_data-2.2.0/data/property_binary_case_ignorable_v1.rs.data
WARNING: Dependency file was never scanned: /home/eirikr/.cargo/registry/src/index.crates.io-1949cf8c6b5b557f/rmp-0.8.15/README.md
WARNING: Dependency file was never scanned: /home/eirikr/.cargo/registry/src/index.crates.io-1949cf8c6b5b557f/bitvec-1.0.1/doc/slice/api.md
WARNING: Dependency file was never scanned: /home/eirikr/.cargo/registry/src/index.crates.io-1949cf8c6b5b557f/zerocopy-0.8.48/benches/try_ref_from_suffix_with_elems_dynamic_padding.x86-64.mca
WARNING: Dependency file was never scanned: /home/eirikr/.cargo/registry/src/index.crates.io-1949cf8c6b5b557f/bitvec-1.0.1/doc/field/BitField.md
WARNING: Dependency file was never scanned: /home/eirikr/.cargo/registry/src/index.crates.io-1949cf8c6b5b557f/bitvec-1.0.1/doc/ptr/replace.md
WARNING: Dependency file was never scanned: /home/eirikr/.cargo/registry/src/index.crates.io-1949cf8c6b5b557f/derive_builder_core-0.11.2/src/doc_tpl/builder_struct.md
WARNING: Dependency file was never scanned: /home/eirikr/.cargo/registry/src/index.crates.io-1949cf8c6b5b557f/bitvec-1.0.1/doc/vec/iter/IntoIterator.md
WARNING: Dependency file was never scanned: /home/eirikr/.cargo/registry/src/index.crates.io-1949cf8c6b5b557f/rustls-pki-types-1.14.0/src/data/alg-rsa-pkcs1-sha512.der
WARNING: Dependency file was never scanned: /home/eirikr/.cargo/registry/src/index.crates.io-1949cf8c6b5b557f/zerocopy-0.8.48/benches/split_at_dynamic_size.x86-64.mca
WARNING: Dependency file was never scanned: /home/eirikr/Github/open_gororoba/target/debug/build/nano-gemm-f32-8e00e4e7710d832d/out/codegen.rs
WARNING: Dependency file was never scanned: /home/eirikr/.cargo/registry/src/index.crates.io-1949cf8c6b5b557f/icu_properties_data-2.2.0/data/property_name_short_hangul_syllable_type_v1.rs.data
WARNING: Dependency file was never scanned: /home/eirikr/.cargo/registry/src/index.crates.io-1949cf8c6b5b557f/icu_properties_data-2.2.0/data/property_binary_case_sensitive_v1.rs.data
WARNING: Dependency file was never scanned: /home/eirikr/.cargo/registry/src/index.crates.io-1949cf8c6b5b557f/icu_properties_data-2.2.0/data/property_binary_variation_selector_v1.rs.data
WARNING: Dependency file was never scanned: /home/eirikr/.cargo/registry/src/index.crates.io-1949cf8c6b5b557f/bitvec-1.0.1/doc/slice/format.md
WARNING: Dependency file was never scanned: /home/eirikr/.cargo/registry/src/index.crates.io-1949cf8c6b5b557f/zerocopy-0.8.48/benches/try_ref_from_bytes_with_elems_dynamic_padding.x86-64
WARNING: Dependency file was never scanned: /home/eirikr/Github/open_gororoba/target/debug/build/materials_data-db461387d7165534/out/generated_crystal_tables.rs
WARNING: Dependency file was never scanned: /home/eirikr/.cargo/registry/src/index.crates.io-1949cf8c6b5b557f/zerocopy-0.8.48/benches/split_via_runtime_check_dynamic_padding.x86-64
WARNING: Dependency file was never scanned: /home/eirikr/.cargo/registry/src/index.crates.io-1949cf8c6b5b557f/bitvec-1.0.1/doc/macros/bits.md
WARNING: Dependency file was never scanned: /home/eirikr/.cargo/registry/src/index.crates.io-1949cf8c6b5b557f/icu_properties_data-2.2.0/data/property_binary_deprecated_v1.rs.data
WARNING: Dependency file was never scanned: /home/eirikr/.cargo/registry/src/index.crates.io-1949cf8c6b5b557f/pastey-0.1.1/README.md
WARNING: Dependency file was never scanned: /home/eirikr/.cargo/registry/src/index.crates.io-1949cf8c6b5b557f/icu_properties_data-2.2.0/data/property_name_long_general_category_v1.rs.data
WARNING: Dependency file was never scanned: /home/eirikr/.cargo/registry/src/index.crates.io-1949cf8c6b5b557f/katexit-0.1.5/README.md
WARNING: Dependency file was never scanned: /home/eirikr/.cargo/registry/src/index.crates.io-1949cf8c6b5b557f/bitvec-1.0.1/doc/field/io/Write_BitSlice.md
WARNING: Dependency file was never scanned: /home/eirikr/.cargo/registry/src/index.crates.io-1949cf8c6b5b557f/py_literal-0.4.0/src/grammar.pest
WARNING: Dependency file was never scanned: /home/eirikr/.cargo/registry/src/index.crates.io-1949cf8c6b5b557f/bitvec-1.0.1/doc/ptr.md
WARNING: Dependency file was never scanned: /home/eirikr/.cargo/registry/src/index.crates.io-1949cf8c6b5b557f/icu_properties_data-2.2.0/data/property_binary_xdigit_v1.rs.data
WARNING: Dependency file was never scanned: /home/eirikr/.cargo/registry/src/index.crates.io-1949cf8c6b5b557f/rustls-pki-types-1.14.0/src/data/alg-ecdsa-sha384.der
WARNING: Dependency file was never scanned: /home/eirikr/.cargo/registry/src/index.crates.io-1949cf8c6b5b557f/icu_properties_data-2.2.0/data/property_binary_lowercase_v1.rs.data
WARNING: Dependency file was never scanned: /home/eirikr/.cargo/registry/src/index.crates.io-1949cf8c6b5b557f/rustls-pki-types-1.14.0/src/data/alg-ecdsa-p256.der
WARNING: Dependency file was never scanned: /home/eirikr/.cargo/registry/src/index.crates.io-1949cf8c6b5b557f/bitvec-1.0.1/doc/slice/threadsafe.md
WARNING: Dependency file was never scanned: /home/eirikr/.cargo/registry/src/index.crates.io-1949cf8c6b5b557f/icu_properties_data-2.2.0/data/property_enum_general_category_v1.rs.data
WARNING: Dependency file was never scanned: /home/eirikr/.cargo/registry/src/index.crates.io-1949cf8c6b5b557f/rustls-webpki-0.103.13/src/der.rs
WARNING: Dependency file was never scanned: /home/eirikr/Github/open_gororoba/target/debug/build/snap-fa7972da69d4650f/out/tag.rs
WARNING: Dependency file was never scanned: /home/eirikr/.cargo/registry/src/index.crates.io-1949cf8c6b5b557f/derive_more-impl-2.1.1/doc/not.md
WARNING: Dependency file was never scanned: /home/eirikr/Github/open_gororoba/target/debug/build/rav1e-d6c2b0850c71003f/out/built.rs
WARNING: Dependency file was never scanned: /home/eirikr/.cargo/registry/src/index.crates.io-1949cf8c6b5b557f/icu_properties_data-2.2.0/data/property_binary_ids_unary_operator_v1.rs.data
WARNING: Dependency file was never scanned: /home/eirikr/.cargo/registry/src/index.crates.io-1949cf8c6b5b557f/bitvec-1.0.1/doc/order/BitOrder.md
WARNING: Dependency file was never scanned: /home/eirikr/.cargo/registry/src/index.crates.io-1949cf8c6b5b557f/zerocopy-0.8.48/benches/split_via_unchecked_dynamic_size.x86-64.mca
WARNING: Dependency file was never scanned: /home/eirikr/Github/open_gororoba/target/debug/build/serde_core-2d60ac72bd99fa73/out/private.rs
WARNING: Dependency file was never scanned: /home/eirikr/.cargo/registry/src/index.crates.io-1949cf8c6b5b557f/bitvec-1.0.1/doc/ptr/swap_nonoverlapping.md
WARNING: Dependency file was never scanned: /home/eirikr/.cargo/registry/src/index.crates.io-1949cf8c6b5b557f/bitvec-1.0.1/doc/field/BitField_Lsb0.md
WARNING: Dependency file was never scanned: /home/eirikr/.cargo/registry/src/index.crates.io-1949cf8c6b5b557f/icu_properties_data-2.2.0/data/property_binary_bidi_control_v1.rs.data
WARNING: Dependency file was never scanned: /home/eirikr/.cargo/registry/src/index.crates.io-1949cf8c6b5b557f/bitvec-1.0.1/doc/ptr/single.md
WARNING: Dependency file was never scanned: /home/eirikr/.cargo/registry/src/index.crates.io-1949cf8c6b5b557f/zerocopy-0.8.48/benches/try_ref_from_bytes_dynamic_padding.x86-64.mca
WARNING: Dependency file was never scanned: /home/eirikr/.cargo/registry/src/index.crates.io-1949cf8c6b5b557f/bitvec-1.0.1/doc/slice/iter/SplitInclusive.md
WARNING: Dependency file was never scanned: /home/eirikr/.cargo/registry/src/index.crates.io-1949cf8c6b5b557f/zerocopy-0.8.48/benches/try_ref_from_prefix_with_elems_dynamic_size.x86-64
WARNING: Dependency file was never scanned: /home/eirikr/.cargo/registry/src/index.crates.io-1949cf8c6b5b557f/bitvec-1.0.1/doc/field/io/Write_BitVec.md
WARNING: Dependency file was never scanned: /home/eirikr/.cargo/registry/src/index.crates.io-1949cf8c6b5b557f/bitvec-1.0.1/doc/ptr/proxy.md
WARNING: Dependency file was never scanned: /home/eirikr/Github/open_gororoba/target/debug/build/snap-fa7972da69d4650f/out/crc32_table.rs
WARNING: Dependency file was never scanned: /home/eirikr/.cargo/registry/src/index.crates.io-1949cf8c6b5b557f/bitvec-1.0.1/doc/slice/iter.md
WARNING: Dependency file was never scanned: /home/eirikr/.cargo/registry/src/index.crates.io-1949cf8c6b5b557f/icu_properties_data-2.2.0/data/property_binary_ids_binary_operator_v1.rs.data
WARNING: Dependency file was never scanned: /home/eirikr/.cargo/registry/src/index.crates.io-1949cf8c6b5b557f/bitvec-1.0.1/doc/index/BitIdxError.md
WARNING: Dependency file was never scanned: /home/eirikr/.cargo/registry/src/index.crates.io-1949cf8c6b5b557f/icu_properties_data-2.2.0/data/property_enum_vertical_orientation_v1.rs.data
WARNING: Dependency file was never scanned: /home/eirikr/.cargo/registry/src/index.crates.io-1949cf8c6b5b557f/icu_properties_data-2.2.0/data/property_binary_emoji_presentation_v1.rs.data
WARNING: Dependency file was never scanned: /home/eirikr/.cargo/registry/src/index.crates.io-1949cf8c6b5b557f/rustls-pki-types-1.14.0/src/data/alg-ecdsa-sha256.der
WARNING: Dependency file was never scanned: /home/eirikr/.cargo/registry/src/index.crates.io-1949cf8c6b5b557f/bitvec-1.0.1/doc/view/AsBits.md
WARNING: Dependency file was never scanned: /home/eirikr/.cargo/registry/src/index.crates.io-1949cf8c6b5b557f/bitvec-1.0.1/doc/field/io/Read_BitVec.md
WARNING: Dependency file was never scanned: /home/eirikr/.cargo/registry/src/index.crates.io-1949cf8c6b5b557f/zerocopy-0.8.48/benches/try_read_from_bytes.x86-64
WARNING: Dependency file was never scanned: /home/eirikr/.cargo/registry/src/index.crates.io-1949cf8c6b5b557f/bitvec-1.0.1/doc/ptr/hash.md
WARNING: Dependency file was never scanned: /home/eirikr/.cargo/registry/src/index.crates.io-1949cf8c6b5b557f/fastrand-2.4.1/src/lib.rs
WARNING: Dependency file was never scanned: /home/eirikr/.cargo/registry/src/index.crates.io-1949cf8c6b5b557f/zerocopy-0.8.48/benches/write_to_suffix_dynamic_size.x86-64
WARNING: Dependency file was never scanned: /home/eirikr/.cargo/registry/src/index.crates.io-1949cf8c6b5b557f/zerocopy-0.8.48/benches/zero_dynamic_size.x86-64
WARNING: Dependency file was never scanned: /home/eirikr/.cargo/registry/src/index.crates.io-1949cf8c6b5b557f/icu_properties_data-2.2.0/data/property_binary_nfc_inert_v1.rs.data
WARNING: Dependency file was never scanned: /home/eirikr/.cargo/registry/src/index.crates.io-1949cf8c6b5b557f/bitvec-1.0.1/doc/prelude.md
WARNING: Dependency file was never scanned: /home/eirikr/.cargo/registry/src/index.crates.io-1949cf8c6b5b557f/zerocopy-0.8.48/benches/try_ref_from_prefix_static_size.x86-64.mca
WARNING: Dependency file was never scanned: /home/eirikr/.cargo/registry/src/index.crates.io-1949cf8c6b5b557f/zerocopy-0.8.48/benches/ref_from_suffix_dynamic_size.x86-64
WARNING: Dependency file was never scanned: /home/eirikr/.cargo/registry/src/index.crates.io-1949cf8c6b5b557f/icu_properties_data-2.2.0/data/property_name_long_joining_type_v1.rs.data
WARNING: Dependency file was never scanned: /home/eirikr/.cargo/registry/src/index.crates.io-1949cf8c6b5b557f/bitvec-1.0.1/doc/slice/iter/ChunksExactMut.md
WARNING: Dependency file was never scanned: /home/eirikr/.cargo/registry/src/index.crates.io-1949cf8c6b5b557f/rustls-webpki-0.103.13/src/signed_data.rs
WARNING: Dependency file was never scanned: /home/eirikr/.cargo/registry/src/index.crates.io-1949cf8c6b5b557f/clap_builder-4.6.0/README.md
WARNING: Dependency file was never scanned: /home/eirikr/.cargo/registry/src/index.crates.io-1949cf8c6b5b557f/zerocopy-0.8.48/benches/ref_from_suffix_with_elems_dynamic_padding.x86-64
WARNING: Dependency file was never scanned: /home/eirikr/.cargo/registry/src/index.crates.io-1949cf8c6b5b557f/bitvec-1.0.1/doc/vec/iter/Extend_BitRef.md
WARNING: Dependency file was never scanned: /home/eirikr/.cargo/registry/src/index.crates.io-1949cf8c6b5b557f/bitvec-1.0.1/doc/boxed/BitBox.md
WARNING: Dependency file was never scanned: /home/eirikr/.cargo/registry/src/index.crates.io-1949cf8c6b5b557f/zerocopy-0.8.48/benches/try_ref_from_prefix_dynamic_padding.x86-64
WARNING: Dependency file was never scanned: /home/eirikr/.cargo/registry/src/index.crates.io-1949cf8c6b5b557f/rustls-webpki-0.103.13/src/subject_name/ip_address.rs
WARNING: Dependency file was never scanned: /home/eirikr/.cargo/registry/src/index.crates.io-1949cf8c6b5b557f/zerocopy-0.8.48/benches/try_transmute.x86-64.mca
WARNING: Dependency file was never scanned: /home/eirikr/.cargo/registry/src/index.crates.io-1949cf8c6b5b557f/rustls-pki-types-1.14.0/src/data/alg-ml-dsa-44.der
WARNING: Dependency file was never scanned: /home/eirikr/.cargo/registry/src/index.crates.io-1949cf8c6b5b557f/zerocopy-0.8.48/benches/try_ref_from_suffix_dynamic_padding.x86-64
WARNING: Dependency file was never scanned: /home/eirikr/.cargo/registry/src/index.crates.io-1949cf8c6b5b557f/getrandom-0.4.2/README.md
WARNING: Dependency file was never scanned: /home/eirikr/.cargo/registry/src/index.crates.io-1949cf8c6b5b557f/bitvec-1.0.1/doc/order/Msb0.md
WARNING: Dependency file was never scanned: /home/eirikr/.cargo/registry/src/index.crates.io-1949cf8c6b5b557f/zerocopy-0.8.48/benches/split_via_runtime_check_dynamic_size.x86-64.mca
WARNING: Dependency file was never scanned: /home/eirikr/.cargo/registry/src/index.crates.io-1949cf8c6b5b557f/icu_properties_data-2.2.0/data/property_binary_extended_pictographic_v1.rs.data
WARNING: Dependency file was never scanned: /home/eirikr/.cargo/registry/src/index.crates.io-1949cf8c6b5b557f/bitvec-1.0.1/doc/slice/from_raw_parts_mut.md
WARNING: Dependency file was never scanned: /home/eirikr/.cargo/registry/src/index.crates.io-1949cf8c6b5b557f/rustls-webpki-0.103.13/src/ring_algs.rs
WARNING: Dependency file was never scanned: /home/eirikr/.cargo/registry/src/index.crates.io-1949cf8c6b5b557f/bitvec-1.0.1/doc/store.md
WARNING: Dependency file was never scanned: /home/eirikr/.cargo/registry/src/index.crates.io-1949cf8c6b5b557f/bitvec-1.0.1/doc/index/BitIdx.md
WARNING: Dependency file was never scanned: /home/eirikr/.cargo/registry/src/index.crates.io-1949cf8c6b5b557f/zerocopy-0.8.48/benches/ref_from_bytes_with_elems_dynamic_size.x86-64
WARNING: Dependency file was never scanned: /home/eirikr/.cargo/registry/src/index.crates.io-1949cf8c6b5b557f/bitvec-1.0.1/doc/slice/from_raw_parts_unchecked_mut.md
WARNING: Dependency file was never scanned: /home/eirikr/.cargo/registry/src/index.crates.io-1949cf8c6b5b557f/zerocopy-0.8.48/benches/try_ref_from_suffix_static_size.x86-64
WARNING: Dependency file was never scanned: /home/eirikr/.cargo/registry/src/index.crates.io-1949cf8c6b5b557f/zerocopy-0.8.48/benches/try_ref_from_suffix_with_elems_dynamic_size.x86-64
WARNING: Dependency file was never scanned: /home/eirikr/.cargo/registry/src/index.crates.io-1949cf8c6b5b557f/icu_properties_data-2.2.0/data/property_binary_changes_when_uppercased_v1.rs.data
WARNING: Dependency file was never scanned: /home/eirikr/.cargo/registry/src/index.crates.io-1949cf8c6b5b557f/icu_properties_data-2.2.0/data/property_name_long_bidi_class_v1.rs.data
WARNING: Dependency file was never scanned: /home/eirikr/.cargo/registry/src/index.crates.io-1949cf8c6b5b557f/bitvec-1.0.1/doc/vec/iter/FromIterator_BitRef.md
WARNING: Dependency file was never scanned: /home/eirikr/.cargo/registry/src/index.crates.io-1949cf8c6b5b557f/derive_more-impl-2.1.1/doc/add_assign.md
WARNING: Dependency file was never scanned: /home/eirikr/.cargo/registry/src/index.crates.io-1949cf8c6b5b557f/zerocopy-0.8.48/benches/write_to_dynamic_size.x86-64.mca
WARNING: Dependency file was never scanned: /home/eirikr/.cargo/registry/src/index.crates.io-1949cf8c6b5b557f/zerocopy-0.8.48/benches/try_ref_from_prefix_with_elems_dynamic_padding.x86-64.mca
WARNING: Dependency file was never scanned: /home/eirikr/.cargo/registry/src/index.crates.io-1949cf8c6b5b557f/icu_properties_data-2.2.0/data/property_binary_changes_when_casefolded_v1.rs.data
WARNING: Dependency file was never scanned: /home/eirikr/.cargo/registry/src/index.crates.io-1949cf8c6b5b557f/zerocopy-0.8.48/benches/try_read_from_suffix.x86-64
WARNING: Dependency file was never scanned: /home/eirikr/.cargo/registry/src/index.crates.io-1949cf8c6b5b557f/zerocopy-0.8.48/benches/transmute.x86-64
WARNING: Dependency file was never scanned: /home/eirikr/.cargo/registry/src/index.crates.io-1949cf8c6b5b557f/icu_properties_data-2.2.0/data/property_binary_changes_when_titlecased_v1.rs.data
WARNING: Dependency file was never scanned: /home/eirikr/.cargo/registry/src/index.crates.io-1949cf8c6b5b557f/icu_properties_data-2.2.0/data/property_name_parse_vertical_orientation_v1.rs.data
WARNING: Dependency file was never scanned: /home/eirikr/.cargo/registry/src/index.crates.io-1949cf8c6b5b557f/zerocopy-0.8.48/benches/ref_from_prefix_with_elems_dynamic_padding.x86-64.mca
WARNING: Dependency file was never scanned: /home/eirikr/.cargo/registry/src/index.crates.io-1949cf8c6b5b557f/bitvec-1.0.1/doc/slice/bitop_assign.md
WARNING: Dependency file was never scanned: /home/eirikr/.cargo/registry/src/index.crates.io-1949cf8c6b5b557f/bitvec-1.0.1/doc/mem/BitRegister.md
WARNING: Dependency file was never scanned: /home/eirikr/.cargo/registry/src/index.crates.io-1949cf8c6b5b557f/scraper-0.26.0/README.md
WARNING: Dependency file was never scanned: /home/eirikr/.cargo/registry/src/index.crates.io-1949cf8c6b5b557f/icu_properties_data-2.2.0/data/property_name_long_east_asian_width_v1.rs.data
WARNING: Dependency file was never scanned: /home/eirikr/.cargo/registry/src/index.crates.io-1949cf8c6b5b557f/zerocopy-0.8.48/benches/try_transmute.x86-64
WARNING: Dependency file was never scanned: /home/eirikr/.cargo/registry/src/index.crates.io-1949cf8c6b5b557f/bitvec-1.0.1/doc/field/BitField_Msb0_load_be.md
WARNING: Dependency file was never scanned: /home/eirikr/.cargo/registry/src/index.crates.io-1949cf8c6b5b557f/rustls-webpki-0.103.13/src/lib.rs
WARNING: Dependency file was never scanned: /home/eirikr/.cargo/registry/src/index.crates.io-1949cf8c6b5b557f/rustls-pki-types-1.14.0/src/data/alg-ed448.der
WARNING: Dependency file was never scanned: /home/eirikr/.cargo/registry/src/index.crates.io-1949cf8c6b5b557f/bitvec-1.0.1/doc/ptr/write.md
WARNING: Dependency file was never scanned: /home/eirikr/.cargo/registry/src/index.crates.io-1949cf8c6b5b557f/bitvec-1.0.1/doc/array/api.md
WARNING: Dependency file was never scanned: /home/eirikr/.cargo/registry/src/index.crates.io-1949cf8c6b5b557f/icu_properties_data-2.2.0/data/property_enum_bidi_mirroring_glyph_v1.rs.data
WARNING: Dependency file was never scanned: /home/eirikr/.cargo/registry/src/index.crates.io-1949cf8c6b5b557f/bitvec-1.0.1/doc/ptr/slice_from_raw_parts_mut.md
WARNING: Dependency file was never scanned: /home/eirikr/.cargo/registry/src/index.crates.io-1949cf8c6b5b557f/rustls-pki-types-1.14.0/src/data/alg-ecdsa-p384.der
WARNING: Dependency file was never scanned: /home/eirikr/.cargo/registry/src/index.crates.io-1949cf8c6b5b557f/icu_properties_data-2.2.0/data/property_enum_joining_group_v1.rs.data
WARNING: Dependency file was never scanned: /home/eirikr/.cargo/registry/src/index.crates.io-1949cf8c6b5b557f/bitvec-1.0.1/doc/field/get.md
WARNING: Dependency file was never scanned: /home/eirikr/.cargo/registry/src/index.crates.io-1949cf8c6b5b557f/icu_properties_data-2.2.0/data/property_enum_sentence_break_v1.rs.data
WARNING: Dependency file was never scanned: /home/eirikr/.cargo/registry/src/index.crates.io-1949cf8c6b5b557f/icu_properties_data-2.2.0/data/property_binary_full_composition_exclusion_v1.rs.data
WARNING: Dependency file was never scanned: /home/eirikr/.cargo/registry/src/index.crates.io-1949cf8c6b5b557f/icu_properties_data-2.2.0/data/property_binary_id_compat_math_start_v1.rs.data
WARNING: Dependency file was never scanned: /home/eirikr/.cargo/registry/src/index.crates.io-1949cf8c6b5b557f/icu_properties_data-2.2.0/data/property_enum_canonical_combining_class_v1.rs.data
WARNING: Dependency file was never scanned: /home/eirikr/.cargo/registry/src/index.crates.io-1949cf8c6b5b557f/rustls-pki-types-1.14.0/src/data/alg-ecdsa-sha512.der
WARNING: Dependency file was never scanned: /home/eirikr/.cargo/registry/src/index.crates.io-1949cf8c6b5b557f/bitvec-1.0.1/doc/store/BitStore.md
WARNING: Dependency file was never scanned: /home/eirikr/.cargo/registry/src/index.crates.io-1949cf8c6b5b557f/icu_properties_data-2.2.0/data/property_binary_nfd_inert_v1.rs.data
WARNING: Dependency file was never scanned: /home/eirikr/.cargo/registry/src/index.crates.io-1949cf8c6b5b557f/gif-0.14.1/README.md
WARNING: Dependency file was never scanned: /home/eirikr/.cargo/registry/src/index.crates.io-1949cf8c6b5b557f/icu_properties_data-2.2.0/data/property_name_long_indic_syllabic_category_v1.rs.data
WARNING: Dependency file was never scanned: /home/eirikr/.cargo/registry/src/index.crates.io-1949cf8c6b5b557f/zerocopy-0.8.48/benches/try_ref_from_bytes_with_elems_dynamic_size.x86-64.mca
WARNING: Dependency file was never scanned: /home/eirikr/.cargo/registry/src/index.crates.io-1949cf8c6b5b557f/zerocopy-0.8.48/benches/ref_from_prefix_static_size.x86-64
WARNING: Dependency file was never scanned: /home/eirikr/.cargo/registry/src/index.crates.io-1949cf8c6b5b557f/derive_more-impl-2.1.1/doc/mul_assign.md
WARNING: Dependency file was never scanned: /home/eirikr/.cargo/registry/src/index.crates.io-1949cf8c6b5b557f/bitvec-1.0.1/doc/ptr/read_unaligned.md
WARNING: Dependency file was never scanned: /home/eirikr/.cargo/registry/src/index.crates.io-1949cf8c6b5b557f/rustls-pki-types-1.14.0/src/data/alg-rsa-pkcs1-sha384.der
WARNING: Dependency file was never scanned: /home/eirikr/Github/open_gororoba/target/debug/build/nano-gemm-c64-471846384cf97cd1/out/codegen.rs
WARNING: Dependency file was never scanned: /home/eirikr/.cargo/registry/src/index.crates.io-1949cf8c6b5b557f/icu_properties_data-2.2.0/data/property_name_parse_joining_type_v1.rs.data
WARNING: Dependency file was never scanned: /home/eirikr/.cargo/registry/src/index.crates.io-1949cf8c6b5b557f/bitvec-1.0.1/doc/macros/make_elem.md
WARNING: Dependency file was never scanned: /home/eirikr/.cargo/registry/src/index.crates.io-1949cf8c6b5b557f/zerocopy-0.8.48/benches/read_from_suffix.x86-64
WARNING: Dependency file was never scanned: /home/eirikr/.cargo/registry/src/index.crates.io-1949cf8c6b5b557f/bitvec-1.0.1/doc/field/BitField_load_be.md
WARNING: Dependency file was never scanned: /home/eirikr/.cargo/registry/src/index.crates.io-1949cf8c6b5b557f/zerocopy-0.8.48/benches/write_to_dynamic_size.x86-64
WARNING: Dependency file was never scanned: /home/eirikr/.cargo/registry/src/index.crates.io-1949cf8c6b5b557f/bitvec-1.0.1/doc/ptr/write_bytes.md
WARNING: Dependency file was never scanned: /home/eirikr/.cargo/registry/src/index.crates.io-1949cf8c6b5b557f/clap-4.6.0/examples/demo.md
WARNING: Dependency file was never scanned: /home/eirikr/.cargo/registry/src/index.crates.io-1949cf8c6b5b557f/icu_properties_data-2.2.0/data/property_name_parse_east_asian_width_v1.rs.data
WARNING: Dependency file was never scanned: /home/eirikr/Github/open_gororoba/target/debug/build/wayland-client-a135181eb24f3868/out/wayland_api.rs
WARNING: Dependency file was never scanned: /home/eirikr/.cargo/registry/src/index.crates.io-1949cf8c6b5b557f/zerocopy-0.8.48/benches/ref_from_prefix_dynamic_size.x86-64.mca
WARNING: Dependency file was never scanned: /home/eirikr/.cargo/registry/src/index.crates.io-1949cf8c6b5b557f/zerocopy-0.8.48/benches/try_transmute_ref_dynamic_size.x86-64.mca
WARNING: Dependency file was never scanned: /home/eirikr/.cargo/registry/src/index.crates.io-1949cf8c6b5b557f/bitvec-1.0.1/doc/field/BitField_Msb0_load_le.md
WARNING: Dependency file was never scanned: /home/eirikr/.cargo/registry/src/index.crates.io-1949cf8c6b5b557f/bitvec-1.0.1/doc/field/BitField_store.md
WARNING: Dependency file was never scanned: /home/eirikr/.cargo/registry/src/index.crates.io-1949cf8c6b5b557f/rustls-pki-types-1.14.0/src/data/alg-rsa-pkcs1-sha256.der
WARNING: Dependency file was never scanned: /home/eirikr/.cargo/registry/src/index.crates.io-1949cf8c6b5b557f/icu_properties_data-2.2.0/data/property_binary_hex_digit_v1.rs.data
WARNING: Dependency file was never scanned: /home/eirikr/.cargo/registry/src/index.crates.io-1949cf8c6b5b557f/bitvec-1.0.1/doc/macros/bitvec.md
WARNING: Dependency file was never scanned: /home/eirikr/.cargo/registry/src/index.crates.io-1949cf8c6b5b557f/bitvec-1.0.1/doc/ptr/null_mut.md
WARNING: Dependency file was never scanned: /home/eirikr/.cargo/registry/src/index.crates.io-1949cf8c6b5b557f/icu_properties_data-2.2.0/data/property_binary_noncharacter_code_point_v1.rs.data
WARNING: Dependency file was never scanned: /home/eirikr/Github/open_gororoba/target/debug/build/web_atoms-f3a8d756e9113260/out/generated.rs
WARNING: Dependency file was never scanned: /home/eirikr/.cargo/registry/src/index.crates.io-1949cf8c6b5b557f/zerocopy-0.8.48/benches/as_bytes_static_size.x86-64
WARNING: Dependency file was never scanned: /home/eirikr/.cargo/registry/src/index.crates.io-1949cf8c6b5b557f/icu_properties_data-2.2.0/data/property_name_long_hangul_syllable_type_v1.rs.data
WARNING: Dependency file was never scanned: /home/eirikr/.cargo/registry/src/index.crates.io-1949cf8c6b5b557f/zerocopy-0.8.48/benches/try_ref_from_prefix_dynamic_size.x86-64
WARNING: Dependency file was never scanned: /home/eirikr/.cargo/registry/src/index.crates.io-1949cf8c6b5b557f/icu_properties_data-2.2.0/data/property_binary_grapheme_base_v1.rs.data
WARNING: Dependency file was never scanned: /home/eirikr/Github/open_gororoba/target/debug/build/thiserror-9a0880ead20e0d77/out/private.rs
WARNING: Dependency file was never scanned: /home/eirikr/.cargo/registry/src/index.crates.io-1949cf8c6b5b557f/zerocopy-0.8.48/benches/ref_from_suffix_dynamic_padding.x86-64
WARNING: Dependency file was never scanned: /home/eirikr/.cargo/registry/src/index.crates.io-1949cf8c6b5b557f/bitvec-1.0.1/doc/slice.md
WARNING: Dependency file was never scanned: /home/eirikr/.cargo/registry/src/index.crates.io-1949cf8c6b5b557f/embassy-futures-0.1.2/README.md
WARNING: Dependency file was never scanned: /home/eirikr/.cargo/registry/src/index.crates.io-1949cf8c6b5b557f/icu_properties_data-2.2.0/data/property_binary_segment_starter_v1.rs.data
WARNING: Dependency file was never scanned: /home/eirikr/.cargo/registry/src/index.crates.io-1949cf8c6b5b557f/zerocopy-0.8.48/benches/try_ref_from_prefix_dynamic_padding.x86-64.mca
WARNING: Dependency file was never scanned: /home/eirikr/.cargo/registry/src/index.crates.io-1949cf8c6b5b557f/icu_properties_data-2.2.0/data/property_enum_bidi_class_v1.rs.data
WARNING: Dependency file was never scanned: /home/eirikr/.cargo/registry/src/index.crates.io-1949cf8c6b5b557f/zerocopy-0.8.48/benches/ref_from_suffix_with_elems_dynamic_size.x86-64.mca
WARNING: Dependency file was never scanned: /home/eirikr/Github/open_gororoba/target/debug/build/x11-dl-37a6b98b3f0443c6/out/config.rs
WARNING: Dependency file was never scanned: /home/eirikr/.cargo/registry/src/index.crates.io-1949cf8c6b5b557f/zerocopy-0.8.48/benches/try_ref_from_suffix_dynamic_size.x86-64
WARNING: Dependency file was never scanned: /home/eirikr/.cargo/registry/src/index.crates.io-1949cf8c6b5b557f/bitvec-1.0.1/doc/field/BitField_Lsb0_load_le.md
WARNING: Dependency file was never scanned: /home/eirikr/.cargo/registry/src/index.crates.io-1949cf8c6b5b557f/icu_properties_data-2.2.0/data/property_name_parse_indic_conjunct_break_v1.rs.data
WARNING: Dependency file was never scanned: /home/eirikr/.cargo/registry/src/index.crates.io-1949cf8c6b5b557f/icu_properties_data-2.2.0/data/property_name_parse_bidi_class_v1.rs.data
WARNING: Dependency file was never scanned: /home/eirikr/.cargo/registry/src/index.crates.io-1949cf8c6b5b557f/zerocopy-0.8.48/benches/ref_from_prefix_static_size.x86-64.mca
WARNING: Dependency file was never scanned: /home/eirikr/.cargo/registry/src/index.crates.io-1949cf8c6b5b557f/icu_properties_data-2.2.0/data/property_binary_join_control_v1.rs.data
WARNING: Dependency file was never scanned: /home/eirikr/.cargo/registry/src/index.crates.io-1949cf8c6b5b557f/bitvec-1.0.1/doc/ptr/BitRef.md
WARNING: Dependency file was never scanned: /home/eirikr/.cargo/registry/src/index.crates.io-1949cf8c6b5b557f/bitvec-1.0.1/doc/slice/iter/ChunksMut.md
WARNING: Dependency file was never scanned: /home/eirikr/.cargo/registry/src/index.crates.io-1949cf8c6b5b557f/icu_properties_data-2.2.0/data/property_binary_extender_v1.rs.data
WARNING: Dependency file was never scanned: /home/eirikr/.cargo/registry/src/index.crates.io-1949cf8c6b5b557f/bitvec-1.0.1/doc/vec/BitVec.md
WARNING: Dependency file was never scanned: /home/eirikr/.cargo/registry/src/index.crates.io-1949cf8c6b5b557f/hifitime-4.2.6/README.md
WARNING: Dependency file was never scanned: /home/eirikr/.cargo/registry/src/index.crates.io-1949cf8c6b5b557f/zerocopy-0.8.48/benches/split_via_unchecked_dynamic_padding.x86-64
WARNING: Dependency file was never scanned: /home/eirikr/.cargo/registry/src/index.crates.io-1949cf8c6b5b557f/icu_properties_data-2.2.0/data/property_binary_dash_v1.rs.data
WARNING: Dependency file was never scanned: /home/eirikr/.cargo/registry/src/index.crates.io-1949cf8c6b5b557f/bitvec-1.0.1/doc/field/BitField_Lsb0_load_be.md
WARNING: Dependency file was never scanned: /home/eirikr/.cargo/registry/src/index.crates.io-1949cf8c6b5b557f/rustls-webpki-0.103.13/src/subject_name/dns_name.rs
WARNING: Dependency file was never scanned: /home/eirikr/.cargo/registry/src/index.crates.io-1949cf8c6b5b557f/bitvec-1.0.1/doc/field/set.md
WARNING: Dependency file was never scanned: /home/eirikr/.cargo/registry/src/index.crates.io-1949cf8c6b5b557f/zerocopy-0.8.48/benches/as_bytes_static_size.x86-64.mca
WARNING: Dependency file was never scanned: /home/eirikr/.cargo/registry/src/index.crates.io-1949cf8c6b5b557f/rustls-webpki-0.103.13/src/trust_anchor.rs
WARNING: Dependency file was never scanned: /home/eirikr/.cargo/registry/src/index.crates.io-1949cf8c6b5b557f/zerocopy-0.8.48/benches/try_ref_from_bytes_with_elems_dynamic_padding.x86-64.mca
WARNING: Dependency file was never scanned: /home/eirikr/.cargo/registry/src/index.crates.io-1949cf8c6b5b557f/siphasher-1.0.2/README.md
WARNING: Dependency file was never scanned: /home/eirikr/.cargo/registry/src/index.crates.io-1949cf8c6b5b557f/icu_properties_data-2.2.0/data/property_binary_nfkc_inert_v1.rs.data
WARNING: Dependency file was never scanned: /home/eirikr/.cargo/registry/src/index.crates.io-1949cf8c6b5b557f/icu_properties_data-2.2.0/data/property_binary_regional_indicator_v1.rs.data
WARNING: Dependency file was never scanned: /home/eirikr/.cargo/registry/src/index.crates.io-1949cf8c6b5b557f/bitvec-1.0.1/doc/ptr/copy_nonoverlapping.md
WARNING: Dependency file was never scanned: /home/eirikr/.cargo/registry/src/index.crates.io-1949cf8c6b5b557f/derive_more-impl-2.1.1/doc/add.md
WARNING: Dependency file was never scanned: /home/eirikr/.cargo/registry/src/index.crates.io-1949cf8c6b5b557f/zerocopy-0.8.48/benches/write_to_prefix_dynamic_size.x86-64
WARNING: Dependency file was never scanned: /home/eirikr/.cargo/registry/src/index.crates.io-1949cf8c6b5b557f/signal-hook-registry-1.4.8/src/lib.rs
WARNING: Dependency file was never scanned: /home/eirikr/.cargo/registry/src/index.crates.io-1949cf8c6b5b557f/icu_properties_data-2.2.0/data/property_binary_radical_v1.rs.data
WARNING: Dependency file was never scanned: /home/eirikr/.cargo/registry/src/index.crates.io-1949cf8c6b5b557f/icu_properties_data-2.2.0/data/property_binary_nfkd_inert_v1.rs.data
WARNING: Dependency file was never scanned: /home/eirikr/.cargo/registry/src/index.crates.io-1949cf8c6b5b557f/icu_properties_data-2.2.0/data/property_name_short_numeric_type_v1.rs.data
WARNING: Dependency file was never scanned: /home/eirikr/.cargo/registry/src/index.crates.io-1949cf8c6b5b557f/bitvec-1.0.1/doc/slice/from_raw_parts_unchecked.md
WARNING: Dependency file was never scanned: /home/eirikr/.cargo/registry/src/index.crates.io-1949cf8c6b5b557f/zerocopy-0.8.48/benches/ref_from_bytes_static_size.x86-64
WARNING: Dependency file was never scanned: /home/eirikr/.cargo/registry/src/index.crates.io-1949cf8c6b5b557f/bitvec-1.0.1/doc/vec/iter.md
WARNING: Dependency file was never scanned: /home/eirikr/.cargo/registry/src/index.crates.io-1949cf8c6b5b557f/sha2-0.11.0/README.md
WARNING: Dependency file was never scanned: /home/eirikr/.cargo/registry/src/index.crates.io-1949cf8c6b5b557f/icu_properties_data-2.2.0/data/property_name_long_word_break_v1.rs.data
WARNING: Dependency file was never scanned: /home/eirikr/Github/open_gororoba/target/debug/build/nano-gemm-f64-7de8d02ae67a2a47/out/codegen.rs
WARNING: Dependency file was never scanned: /home/eirikr/.cargo/registry/src/index.crates.io-1949cf8c6b5b557f/icu_properties_data-2.2.0/data/property_binary_xid_continue_v1.rs.data
WARNING: Dependency file was never scanned: /home/eirikr/.cargo/registry/src/index.crates.io-1949cf8c6b5b557f/zerocopy-0.8.48/benches/try_ref_from_suffix_dynamic_padding.x86-64.mca
WARNING: Dependency file was never scanned: /home/eirikr/.cargo/registry/src/index.crates.io-1949cf8c6b5b557f/bitvec-1.0.1/doc/field/BitField_Lsb0_store_be.md
WARNING: Dependency file was never scanned: /home/eirikr/.cargo/registry/src/index.crates.io-1949cf8c6b5b557f/zerocopy-0.8.48/benches/ref_from_bytes_dynamic_padding.x86-64.mca
WARNING: Dependency file was never scanned: /home/eirikr/.cargo/registry/src/index.crates.io-1949cf8c6b5b557f/zerocopy-0.8.48/benches/write_to_prefix_static_size.x86-64
WARNING: Dependency file was never scanned: /home/eirikr/.cargo/registry/src/index.crates.io-1949cf8c6b5b557f/zerocopy-0.8.48/benches/new_zeroed.x86-64.mca
WARNING: Dependency file was never scanned: /home/eirikr/.cargo/registry/src/index.crates.io-1949cf8c6b5b557f/rustls-pki-types-1.14.0/src/data/alg-rsa-pss-sha512.der
WARNING: Dependency file was never scanned: /home/eirikr/.cargo/registry/src/index.crates.io-1949cf8c6b5b557f/zerocopy-0.8.48/benches/try_read_from_bytes.x86-64.mca
WARNING: Dependency file was never scanned: /home/eirikr/.cargo/registry/src/index.crates.io-1949cf8c6b5b557f/derive_more-impl-2.1.1/README.md
WARNING: Dependency file was never scanned: /home/eirikr/.cargo/registry/src/index.crates.io-1949cf8c6b5b557f/bitvec-1.0.1/doc/macros/internal.md
WARNING: Dependency file was never scanned: /home/eirikr/.cargo/registry/src/index.crates.io-1949cf8c6b5b557f/zerocopy-0.8.48/benches/split_via_unchecked_dynamic_size.x86-64
WARNING: Dependency file was never scanned: /home/eirikr/.cargo/registry/src/index.crates.io-1949cf8c6b5b557f/bitvec-1.0.1/doc/ptr/bitslice_from_raw_parts.md
WARNING: Dependency file was never scanned: /home/eirikr/.cargo/registry/src/index.crates.io-1949cf8c6b5b557f/bitvec-1.0.1/doc/slice/iter/Windows.md
WARNING: Dependency file was never scanned: /home/eirikr/.cargo/registry/src/index.crates.io-1949cf8c6b5b557f/zerocopy-0.8.48/benches/ref_from_bytes_with_elems_dynamic_padding.x86-64.mca
WARNING: Dependency file was never scanned: /home/eirikr/.cargo/registry/src/index.crates.io-1949cf8c6b5b557f/zerocopy-0.8.48/benches/zero_dynamic_size.x86-64.mca
WARNING: Dependency file was never scanned: /home/eirikr/.cargo/registry/src/index.crates.io-1949cf8c6b5b557f/icu_properties_data-2.2.0/data/property_name_short_east_asian_width_v1.rs.data
WARNING: Dependency file was never scanned: /home/eirikr/.cargo/registry/src/index.crates.io-1949cf8c6b5b557f/zerocopy-0.8.48/benches/ref_from_suffix_with_elems_dynamic_size.x86-64
WARNING: Dependency file was never scanned: /home/eirikr/.cargo/registry/src/index.crates.io-1949cf8c6b5b557f/zerocopy-0.8.48/benches/read_from_prefix.x86-64.mca
WARNING: Dependency file was never scanned: /home/eirikr/.cargo/registry/src/index.crates.io-1949cf8c6b5b557f/icu_properties_data-2.2.0/data/property_name_short_joining_group_v1.rs.data
WARNING: Dependency file was never scanned: /home/eirikr/.cargo/registry/src/index.crates.io-1949cf8c6b5b557f/bitvec-1.0.1/doc/ptr/span.md
WARNING: Dependency file was never scanned: /home/eirikr/.cargo/registry/src/index.crates.io-1949cf8c6b5b557f/zerocopy-0.8.48/benches/write_to_prefix_dynamic_size.x86-64.mca
WARNING: Dependency file was never scanned: /home/eirikr/.cargo/registry/src/index.crates.io-1949cf8c6b5b557f/zerocopy-0.8.48/benches/ref_from_suffix_dynamic_padding.x86-64.mca
WARNING: Dependency file was never scanned: /home/eirikr/.cargo/registry/src/index.crates.io-1949cf8c6b5b557f/zerocopy-0.8.48/benches/try_ref_from_bytes_static_size.x86-64.mca
WARNING: Dependency file was never scanned: /home/eirikr/.cargo/registry/src/index.crates.io-1949cf8c6b5b557f/zerocopy-0.8.48/benches/write_to_suffix_static_size.x86-64.mca
WARNING: Dependency file was never scanned: /home/eirikr/.cargo/registry/src/index.crates.io-1949cf8c6b5b557f/bitvec-1.0.1/doc/field/BitField_Msb0_store_le.md
WARNING: Dependency file was never scanned: /home/eirikr/.cargo/registry/src/index.crates.io-1949cf8c6b5b557f/zerocopy-0.8.48/benches/as_bytes_dynamic_size.x86-64
WARNING: Dependency file was never scanned: /home/eirikr/.cargo/registry/src/index.crates.io-1949cf8c6b5b557f/zerocopy-0.8.48/benches/transmute_ref_dynamic_size.x86-64.mca
WARNING: Dependency file was never scanned: /home/eirikr/.cargo/registry/src/index.crates.io-1949cf8c6b5b557f/bitvec-1.0.1/doc/array/iter.md
WARNING: Dependency file was never scanned: /home/eirikr/.cargo/registry/src/index.crates.io-1949cf8c6b5b557f/icu_properties_data-2.2.0/data/property_binary_prepended_concatenation_mark_v1.rs.data
WARNING: Dependency file was never scanned: /home/eirikr/.cargo/registry/src/index.crates.io-1949cf8c6b5b557f/cpufeatures-0.3.0/README.md
WARNING: Dependency file was never scanned: /home/eirikr/.cargo/registry/src/index.crates.io-1949cf8c6b5b557f/zerocopy-0.8.48/benches/try_read_from_suffix.x86-64.mca
WARNING: Dependency file was never scanned: /home/eirikr/.cargo/registry/src/index.crates.io-1949cf8c6b5b557f/icu_properties_data-2.2.0/data/property_binary_id_continue_v1.rs.data
WARNING: Dependency file was never scanned: /home/eirikr/.cargo/registry/src/index.crates.io-1949cf8c6b5b557f/icu_properties_data-2.2.0/data/property_name_parse_hangul_syllable_type_v1.rs.data
WARNING: Dependency file was never scanned: /home/eirikr/.cargo/registry/src/index.crates.io-1949cf8c6b5b557f/bitvec-1.0.1/doc/macros/encode_bits.md
WARNING: Dependency file was never scanned: /home/eirikr/.cargo/registry/src/index.crates.io-1949cf8c6b5b557f/icu_properties_data-2.2.0/data/property_binary_emoji_component_v1.rs.data
WARNING: Dependency file was never scanned: /home/eirikr/.cargo/registry/src/index.crates.io-1949cf8c6b5b557f/icu_properties_data-2.2.0/data/property_name_parse_grapheme_cluster_break_v1.rs.data
WARNING: Dependency file was never scanned: /home/eirikr/.cargo/registry/src/index.crates.io-1949cf8c6b5b557f/zerocopy-0.8.48/benches/ref_from_prefix_dynamic_padding.x86-64.mca
WARNING: Dependency file was never scanned: /home/eirikr/.cargo/registry/src/index.crates.io-1949cf8c6b5b557f/icu_properties_data-2.2.0/data/property_name_short_vertical_orientation_v1.rs.data
WARNING: Dependency file was never scanned: /home/eirikr/.cargo/registry/src/index.crates.io-1949cf8c6b5b557f/bitvec-1.0.1/doc/slice/iter/Chunks.md
WARNING: Dependency file was never scanned: /home/eirikr/.cargo/registry/src/index.crates.io-1949cf8c6b5b557f/icu_properties_data-2.2.0/data/property_name_long_line_break_v1.rs.data
WARNING: Dependency file was never scanned: /home/eirikr/.cargo/registry/src/index.crates.io-1949cf8c6b5b557f/zerocopy-0.8.48/benches/ref_from_bytes_static_size.x86-64.mca
WARNING: Dependency file was never scanned: /home/eirikr/.cargo/registry/src/index.crates.io-1949cf8c6b5b557f/bitvec-1.0.1/doc/ptr/null.md
WARNING: Dependency file was never scanned: /home/eirikr/.cargo/registry/src/index.crates.io-1949cf8c6b5b557f/icu_properties_data-2.2.0/data/property_name_parse_indic_syllabic_category_v1.rs.data
WARNING: Dependency file was never scanned: /home/eirikr/.cargo/registry/src/index.crates.io-1949cf8c6b5b557f/bitvec-1.0.1/doc/field/impl_BitArray.md
WARNING: Dependency file was never scanned: /home/eirikr/.cargo/registry/src/index.crates.io-1949cf8c6b5b557f/bitvec-1.0.1/doc/order/LocalBits.md
WARNING: Dependency file was never scanned: /home/eirikr/.cargo/registry/src/index.crates.io-1949cf8c6b5b557f/icu_properties_data-2.2.0/data/property_enum_east_asian_width_v1.rs.data
WARNING: Dependency file was never scanned: /home/eirikr/.cargo/registry/src/index.crates.io-1949cf8c6b5b557f/icu_properties_data-2.2.0/data/property_name_short_word_break_v1.rs.data
WARNING: Dependency file was never scanned: /home/eirikr/.cargo/registry/src/index.crates.io-1949cf8c6b5b557f/bitvec-1.0.1/doc/slice/iter/ChunksExact.md
WARNING: Dependency file was never scanned: /home/eirikr/.cargo/registry/src/index.crates.io-1949cf8c6b5b557f/bitvec-1.0.1/doc/array/TryFromBitSliceError.md
WARNING: Dependency file was never scanned: /home/eirikr/Github/open_gororoba/target/debug/build/private-gemm-x86-fc8b1e088fd4b169/out/asm.s
WARNING: Dependency file was never scanned: /home/eirikr/.cargo/registry/src/index.crates.io-1949cf8c6b5b557f/icu_properties_data-2.2.0/data/property_name_short_joining_type_v1.rs.data
WARNING: Dependency file was never scanned: /home/eirikr/.cargo/registry/src/index.crates.io-1949cf8c6b5b557f/bitvec-1.0.1/doc/domain/PartialElement.md
WARNING: Dependency file was never scanned: /home/eirikr/.cargo/registry/src/index.crates.io-1949cf8c6b5b557f/bitvec-1.0.1/doc/domain.md
WARNING: Dependency file was never scanned: /home/eirikr/.cargo/registry/src/index.crates.io-1949cf8c6b5b557f/rustls-webpki-0.103.13/src/subject_name/mod.rs
WARNING: Dependency file was never scanned: /home/eirikr/.cargo/registry/src/index.crates.io-1949cf8c6b5b557f/bitvec-1.0.1/doc/vec/iter/Splice.md
WARNING: Dependency file was never scanned: /home/eirikr/.cargo/registry/src/index.crates.io-1949cf8c6b5b557f/pom-1.1.0/src/parser.rs
WARNING: Dependency file was never scanned: /home/eirikr/.cargo/registry/src/index.crates.io-1949cf8c6b5b557f/icu_properties_data-2.2.0/data/property_binary_default_ignorable_code_point_v1.rs.data
WARNING: Dependency file was never scanned: /home/eirikr/.cargo/registry/src/index.crates.io-1949cf8c6b5b557f/zerocopy-0.8.48/benches/try_ref_from_bytes_static_size.x86-64
WARNING: Dependency file was never scanned: /home/eirikr/.cargo/registry/src/index.crates.io-1949cf8c6b5b557f/icu_properties_data-2.2.0/data/property_name_long_vertical_orientation_v1.rs.data
WARNING: Dependency file was never scanned: /home/eirikr/.cargo/registry/src/index.crates.io-1949cf8c6b5b557f/zerocopy-0.8.48/benches/try_transmute_ref_static_size.x86-64.mca
WARNING: Dependency file was never scanned: /home/eirikr/.cargo/registry/src/index.crates.io-1949cf8c6b5b557f/bitvec-1.0.1/doc/macros/bitarr_value.md
WARNING: Dependency file was never scanned: /home/eirikr/.cargo/registry/src/index.crates.io-1949cf8c6b5b557f/icu_properties_data-2.2.0/data/property_binary_soft_dotted_v1.rs.data
WARNING: Dependency file was never scanned: /home/eirikr/.cargo/registry/src/index.crates.io-1949cf8c6b5b557f/icu_properties_data-2.2.0/data/property_binary_pattern_white_space_v1.rs.data
WARNING: Dependency file was never scanned: /home/eirikr/.cargo/registry/src/index.crates.io-1949cf8c6b5b557f/zerocopy-0.8.48/benches/ref_from_prefix_dynamic_size.x86-64
WARNING: Dependency file was never scanned: /home/eirikr/.cargo/registry/src/index.crates.io-1949cf8c6b5b557f/bitvec-1.0.1/doc/access/BitAccess.md
WARNING: Dependency file was never scanned: /home/eirikr/.cargo/registry/src/index.crates.io-1949cf8c6b5b557f/bitvec-1.0.1/doc/field/sign.md
WARNING: Dependency file was never scanned: /home/eirikr/.cargo/registry/src/index.crates.io-1949cf8c6b5b557f/icu_properties_data-2.2.0/data/property_binary_unified_ideograph_v1.rs.data
WARNING: Dependency file was never scanned: /home/eirikr/.cargo/registry/src/index.crates.io-1949cf8c6b5b557f/icu_properties_data-2.2.0/data/property_name_long_script_v1.rs.data
WARNING: Dependency file was never scanned: /home/eirikr/.cargo/registry/src/index.crates.io-1949cf8c6b5b557f/icu_properties_data-2.2.0/data/property_enum_hangul_syllable_type_v1.rs.data
WARNING: Dependency file was never scanned: /home/eirikr/.cargo/registry/src/index.crates.io-1949cf8c6b5b557f/zerocopy-0.8.48/benches/as_bytes_dynamic_size.x86-64.mca
WARNING: Dependency file was never scanned: /home/eirikr/.cargo/registry/src/index.crates.io-1949cf8c6b5b557f/zerocopy-0.8.48/benches/write_to_static_size.x86-64.mca
WARNING: Dependency file was never scanned: /home/eirikr/.cargo/registry/src/index.crates.io-1949cf8c6b5b557f/icu_properties_data-2.2.0/data/property_name_long_grapheme_cluster_break_v1.rs.data
WARNING: Dependency file was never scanned: /home/eirikr/.cargo/registry/src/index.crates.io-1949cf8c6b5b557f/bitvec-1.0.1/doc/ptr/addr.md
WARNING: Dependency file was never scanned: /home/eirikr/.cargo/registry/src/index.crates.io-1949cf8c6b5b557f/bitvec-1.0.1/doc/slice/iter/RChunksExact.md
WARNING: Dependency file was never scanned: /home/eirikr/.cargo/registry/src/index.crates.io-1949cf8c6b5b557f/icu_properties_data-2.2.0/data/property_name_long_sentence_break_v1.rs.data
WARNING: Dependency file was never scanned: /home/eirikr/.cargo/registry/src/index.crates.io-1949cf8c6b5b557f/zerocopy-0.8.48/benches/try_ref_from_bytes_with_elems_dynamic_size.x86-64
WARNING: Dependency file was never scanned: /home/eirikr/.cargo/registry/src/index.crates.io-1949cf8c6b5b557f/bitvec-1.0.1/doc/field/resize.md
WARNING: Dependency file was never scanned: /home/eirikr/.cargo/registry/src/index.crates.io-1949cf8c6b5b557f/rustls-pki-types-1.14.0/src/data/alg-ed25519.der
WARNING: Dependency file was never scanned: /home/eirikr/.cargo/registry/src/index.crates.io-1949cf8c6b5b557f/zerocopy-0.8.48/benches/split_via_runtime_check_dynamic_size.x86-64
WARNING: Dependency file was never scanned: /home/eirikr/.cargo/registry/src/index.crates.io-1949cf8c6b5b557f/hybrid-array-0.4.10/README.md
WARNING: Dependency file was never scanned: /home/eirikr/.cargo/registry/src/index.crates.io-1949cf8c6b5b557f/icu_properties_data-2.2.0/data/property_name_long_canonical_combining_class_v1.rs.data
WARNING: Dependency file was never scanned: /home/eirikr/.cargo/registry/src/index.crates.io-1949cf8c6b5b557f/icu_properties_data-2.2.0/data/property_name_long_joining_group_v1.rs.data
WARNING: Dependency file was never scanned: /home/eirikr/.cargo/registry/src/index.crates.io-1949cf8c6b5b557f/zerocopy-0.8.48/benches/try_ref_from_suffix_static_size.x86-64.mca
WARNING: Dependency file was never scanned: /home/eirikr/.cargo/registry/src/index.crates.io-1949cf8c6b5b557f/zerocopy-0.8.48/benches/split_via_immutable_dynamic_padding.x86-64.mca
WARNING: Dependency file was never scanned: /home/eirikr/.cargo/registry/src/index.crates.io-1949cf8c6b5b557f/icu_properties_data-2.2.0/data/property_binary_blank_v1.rs.data
WARNING: Dependency file was never scanned: /home/eirikr/.cargo/registry/src/index.crates.io-1949cf8c6b5b557f/rustls-webpki-0.103.13/src/crl/mod.rs
WARNING: Dependency file was never scanned: /home/eirikr/.cargo/registry/src/index.crates.io-1949cf8c6b5b557f/icu_properties_data-2.2.0/data/property_binary_changes_when_casemapped_v1.rs.data
WARNING: Dependency file was never scanned: /home/eirikr/.cargo/registry/src/index.crates.io-1949cf8c6b5b557f/bitvec-1.0.1/doc/vec.md
WARNING: Dependency file was never scanned: /home/eirikr/.cargo/registry/src/index.crates.io-1949cf8c6b5b557f/derive_more-impl-2.1.1/doc/deref.md
WARNING: Dependency file was never scanned: /home/eirikr/.cargo/registry/src/index.crates.io-1949cf8c6b5b557f/bitvec-1.0.1/doc/slice/iter/RSplitN.md
WARNING: Dependency file was never scanned: /home/eirikr/.cargo/registry/src/index.crates.io-1949cf8c6b5b557f/zerocopy-0.8.48/benches/ref_from_bytes_with_elems_dynamic_padding.x86-64
WARNING: Dependency file was never scanned: /home/eirikr/.cargo/registry/src/index.crates.io-1949cf8c6b5b557f/zerocopy-0.8.48/benches/try_transmute_ref_dynamic_size.x86-64

Metric output format: x/y
    x = unsafe code used by the build
    y = total unsafe code found in the crate

Symbols:
    :) = No `unsafe` usage found, declares #![forbid(unsafe_code)]
    ?  = No `unsafe` usage found, missing #![forbid(unsafe_code)]
    !  = `unsafe` usage found

Functions  Expressions  Impls  Traits  Methods  Dependency

5/5        147/149      4/4    0/0     0/0      !  cd_kernel 0.1.0
0/0        0/0          0/0    0/0     0/0      ?  ├── fwht 0.1.0
1/1        37/37        0/0    0/0     0/0      !  │   ├── rand 0.9.2
0/2        0/18         0/1    0/0     0/0      ?  │   │   ├── log 0.4.29
0/0        5/5          0/0    0/0     0/0      !  │   │   │   └── serde_core 1.0.228
0/0        0/0          0/0    0/0     0/0      :) │   │   ├── rand_chacha 0.9.0
2/2        632/680      0/0    0/0     17/25    !  │   │   │   ├── ppv-lite86 0.2.21
12/12      475/475      74/74  29/29   37/37    !  │   │   │   │   └── zerocopy 0.8.48
1/1        5/66         0/225  0/0     0/0      !  │   │   │   │       └── zerocopy-derive 0.8.48
0/0        14/14        0/0    0/0     3/3      !  │   │   │   │           ├── proc-macro2 1.0.106
0/0        4/4          0/0    0/0     0/0      !  │   │   │   │           │   └── unicode-ident 1.0.24
0/0        0/0          0/0    0/0     0/0      ?  │   │   │   │           ├── quote 1.0.45
0/0        14/14        0/0    0/0     3/3      !  │   │   │   │           │   └── proc-macro2 1.0.106
0/0        87/87        3/3    0/0     2/2      !  │   │   │   │           └── syn 2.0.117
0/0        14/14        0/0    0/0     3/3      !  │   │   │   │               ├── proc-macro2 1.0.106
0/0        0/0          0/0    0/0     0/0      ?  │   │   │   │               ├── quote 1.0.45
0/0        4/4          0/0    0/0     0/0      !  │   │   │   │               └── unicode-ident 1.0.24
0/0        0/0          0/0    0/0     0/0      ?  │   │   │   ├── rand_core 0.9.5
4/16       68/333       0/0    0/0     0/0      !  │   │   │   │   ├── getrandom 0.3.4
0/0        0/0          0/0    0/0     0/0      ?  │   │   │   │   │   ├── cfg-if 1.0.4
0/92       34/725       0/2    0/0     8/101    !  │   │   │   │   │   └── libc 0.2.184
0/0        0/5          0/0    0/0     0/0      ?  │   │   │   │   └── serde 1.0.228
0/0        5/5          0/0    0/0     0/0      !  │   │   │   │       ├── serde_core 1.0.228
0/0        0/0          0/0    0/0     0/0      ?  │   │   │   │       └── serde_derive 1.0.228
0/0        14/14        0/0    0/0     3/3      !  │   │   │   │           ├── proc-macro2 1.0.106
0/0        0/0          0/0    0/0     0/0      ?  │   │   │   │           ├── quote 1.0.45
0/0        87/87        3/3    0/0     2/2      !  │   │   │   │           └── syn 2.0.117
0/0        0/5          0/0    0/0     0/0      ?  │   │   │   └── serde 1.0.228
0/0        0/0          0/0    0/0     0/0      ?  │   │   ├── rand_core 0.9.5
0/0        0/5          0/0    0/0     0/0      ?  │   │   └── serde 1.0.228
0/0        0/0          0/0    0/0     0/0      :) │   ├── rand_chacha 0.9.0
0/0        0/0          0/0    0/0     0/0      :) │   └── rand_distr 0.5.1
0/0        0/0          0/0    0/0     0/0      ?  │       ├── num-traits 0.2.19
5/5        69/69        0/0    0/0     0/0      !  │       │   └── libm 0.2.16
1/1        37/37        0/0    0/0     0/0      !  │       ├── rand 0.9.2
0/0        0/5          0/0    0/0     0/0      ?  │       └── serde 1.0.228
0/0        0/0          0/0    0/0     0/0      ?  ├── verified_core 0.1.0
0/0        55/55        0/0    0/0     0/0      !  │   ├── core_affinity 0.8.3
0/92       34/725       0/2    0/0     8/101    !  │   │   ├── libc 0.2.184
0/0        73/73        0/0    0/0     0/0      !  │   │   └── num_cpus 1.17.0
0/92       34/725       0/2    0/0     8/101    !  │   │       └── libc 0.2.184
6/6        2241/2549    49/50  7/7     67/76    !  │   ├── nalgebra 0.34.2
0/0        0/0          0/0    0/0     0/0      ?  │   │   ├── approx 0.5.1
0/0        0/0          2/2    0/0     0/0      !  │   │   │   ├── num-complex 0.4.6
18/18      434/434      141/142 9/9     1/1      !  │   │   │   │   ├── bytemuck 1.25.0
0/0        0/0          0/1    0/0     0/0      ?  │   │   │   │   │   ├── bytemuck_derive 1.10.2
0/0        14/14        0/0    0/0     3/3      !  │   │   │   │   │   │   ├── proc-macro2 1.0.106
0/0        0/0          0/0    0/0     0/0      ?  │   │   │   │   │   │   ├── quote 1.0.45
0/0        87/87        3/3    0/0     2/2      !  │   │   │   │   │   │   └── syn 2.0.117
0/1        0/1          0/0    0/0     0/0      ?  │   │   │   │   │   └── rustversion 1.0.22
0/0        0/0          0/0    0/0     0/0      ?  │   │   │   │   ├── num-traits 0.2.19
0/0        0/32         0/0    0/0     0/0      ?  │   │   │   │   ├── rand 0.8.5
0/92       34/725       0/2    0/0     8/101    !  │   │   │   │   │   ├── libc 0.2.184
0/2        0/18         0/1    0/0     0/0      ?  │   │   │   │   │   ├── log 0.4.29
0/0        0/0          0/0    0/0     0/0      ?  │   │   │   │   │   ├── rand_chacha 0.3.1
2/2        632/680      0/0    0/0     17/25    !  │   │   │   │   │   │   ├── ppv-lite86 0.2.21
0/0        0/2          0/0    0/0     0/0      ?  │   │   │   │   │   │   ├── rand_core 0.6.4
0/6        0/192        0/1    0/0     0/3      ?  │   │   │   │   │   │   │   ├── getrandom 0.2.17
0/0        0/0          0/0    0/0     0/0      ?  │   │   │   │   │   │   │   │   ├── cfg-if 1.0.4
0/92       34/725       0/2    0/0     8/101    !  │   │   │   │   │   │   │   │   └── libc 0.2.184
0/0        0/5          0/0    0/0     0/0      ?  │   │   │   │   │   │   │   └── serde 1.0.228
0/0        0/5          0/0    0/0     0/0      ?  │   │   │   │   │   │   └── serde 1.0.228
0/0        0/2          0/0    0/0     0/0      ?  │   │   │   │   │   ├── rand_core 0.6.4
0/0        0/5          0/0    0/0     0/0      ?  │   │   │   │   │   └── serde 1.0.228
0/0        0/5          0/0    0/0     0/0      ?  │   │   │   │   └── serde 1.0.228
0/0        0/0          0/0    0/0     0/0      ?  │   │   │   └── num-traits 0.2.19
18/18      434/434      141/142 9/9     1/1      !  │   │   ├── bytemuck 1.25.0
32/34      712/915      4/4    0/0     31/38    !  │   │   ├── matrixmultiply 0.3.10
0/0        73/73        0/0    0/0     0/0      !  │   │   │   ├── num_cpus 1.17.0
0/0        0/128        0/9    0/0     0/5      ?  │   │   │   ├── once_cell 1.21.4
13/87      85/633       1/1    0/0     1/1      !  │   │   │   │   └── portable-atomic 1.13.1
0/0        0/5          0/0    0/0     0/0      ?  │   │   │   │       └── serde 1.0.228
0/0        9/9          0/0    0/0     7/7      !  │   │   │   └── rawpointer 0.2.1
0/0        0/0          0/0    0/0     0/0      ?  │   │   ├── nalgebra-macros 0.3.0
0/0        14/14        0/0    0/0     3/3      !  │   │   │   ├── proc-macro2 1.0.106
0/0        0/0          0/0    0/0     0/0      ?  │   │   │   ├── quote 1.0.45
0/0        87/87        3/3    0/0     2/2      !  │   │   │   └── syn 2.0.117
0/0        0/0          2/2    0/0     0/0      !  │   │   ├── num-complex 0.4.6
0/0        0/0          0/0    0/0     0/0      ?  │   │   ├── num-rational 0.4.2
0/0        3/3          0/0    0/0     0/0      !  │   │   │   ├── num-bigint 0.4.6
0/0        0/0          0/0    0/0     0/0      ?  │   │   │   │   ├── num-integer 0.1.46
0/0        0/0          0/0    0/0     0/0      ?  │   │   │   │   │   └── num-traits 0.2.19
0/0        0/0          0/0    0/0     0/0      ?  │   │   │   │   ├── num-traits 0.2.19
0/0        0/32         0/0    0/0     0/0      ?  │   │   │   │   ├── rand 0.8.5
0/0        0/5          0/0    0/0     0/0      ?  │   │   │   │   └── serde 1.0.228
0/0        0/0          0/0    0/0     0/0      ?  │   │   │   ├── num-integer 0.1.46
0/0        0/0          0/0    0/0     0/0      ?  │   │   │   ├── num-traits 0.2.19
0/0        0/5          0/0    0/0     0/0      ?  │   │   │   └── serde 1.0.228
0/0        0/0          0/0    0/0     0/0      ?  │   │   ├── num-traits 0.2.19
0/0        0/0          0/0    0/0     0/0      ?  │   │   ├── pest 2.8.6
27/41      1973/2421    2/2    0/0     109/147  !  │   │   │   ├── memchr 2.8.0
0/2        0/18         0/1    0/0     0/0      ?  │   │   │   │   └── log 0.4.29
0/0        0/5          0/0    0/0     0/0      ?  │   │   │   ├── serde 1.0.228
0/0        0/78         0/0    0/0     0/0      ?  │   │   │   ├── serde_json 1.0.149
0/0        78/83        0/0    0/0     0/0      !  │   │   │   │   ├── indexmap 2.13.1
0/0        0/0          0/0    0/0     0/0      ?  │   │   │   │   │   ├── equivalent 1.0.2
1/1        1478/1601    21/23  1/1     87/96    !  │   │   │   │   │   ├── hashbrown 0.16.1
0/0        0/0          0/0    0/0     0/0      ?  │   │   │   │   │   │   ├── equivalent 1.0.2
6/6        667/667      5/5    0/0     3/3      !  │   │   │   │   │   │   ├── rayon 1.11.0
0/0        2/2          0/0    0/0     0/0      !  │   │   │   │   │   │   │   ├── either 1.15.0
0/0        0/5          0/0    0/0     0/0      ?  │   │   │   │   │   │   │   │   └── serde 1.0.228
7/7        563/566      5/5    0/0     30/30    !  │   │   │   │   │   │   │   └── rayon-core 1.13.0
0/0        457/457      6/6    0/0     6/6      !  │   │   │   │   │   │   │       ├── crossbeam-deque 0.8.6
3/3        426/438      11/11  0/0     29/29    !  │   │   │   │   │   │   │       │   ├── crossbeam-epoch 0.9.18
4/4        75/75        16/16  0/0     3/3      !  │   │   │   │   │   │   │       │   │   └── crossbeam-utils 0.8.21
4/4        75/75        16/16  0/0     3/3      !  │   │   │   │   │   │   │       │   └── crossbeam-utils 0.8.21
4/4        75/75        16/16  0/0     3/3      !  │   │   │   │   │   │   │       └── crossbeam-utils 0.8.21
0/0        5/5          0/0    0/0     0/0      !  │   │   │   │   │   │   └── serde_core 1.0.228
6/6        667/667      5/5    0/0     3/3      !  │   │   │   │   │   ├── rayon 1.11.0
0/0        5/5          0/0    0/0     0/0      !  │   │   │   │   │   └── serde_core 1.0.228
1/1        145/145      0/0    0/0     0/0      !  │   │   │   │   ├── itoa 1.0.18
27/41      1973/2421    2/2    0/0     109/147  !  │   │   │   │   ├── memchr 2.8.0
0/0        5/5          0/0    0/0     0/0      !  │   │   │   │   ├── serde_core 1.0.228
0/6        0/646        0/0    0/0     0/3      ?  │   │   │   │   └── zmij 1.0.21
0/0        0/0          0/0    0/0     0/0      ?  │   │   │   └── ucd-trie 0.1.7
0/0        0/0          0/0    0/0     0/0      ?  │   │   ├── pest_derive 2.8.6
0/0        0/0          0/0    0/0     0/0      ?  │   │   │   ├── pest 2.8.6
0/0        0/0          0/0    0/0     0/0      ?  │   │   │   └── pest_generator 2.8.6
0/0        0/0          0/0    0/0     0/0      ?  │   │   │       ├── pest 2.8.6
0/0        0/0          0/0    0/0     0/0      ?  │   │   │       ├── pest_meta 2.8.6
0/0        0/0          0/0    0/0     0/0      ?  │   │   │       │   └── pest 2.8.6
0/0        14/14        0/0    0/0     3/3      !  │   │   │       ├── proc-macro2 1.0.106
0/0        0/0          0/0    0/0     0/0      ?  │   │   │       ├── quote 1.0.45
0/0        87/87        3/3    0/0     2/2      !  │   │   │       └── syn 2.0.117
0/0        0/17         0/0    0/0     0/0      ?  │   │   ├── proptest 1.11.0
0/0        8/8          0/0    0/0     0/0      !  │   │   │   ├── bit-set 0.8.0
0/0        22/39        0/0    0/0     4/4      !  │   │   │   │   ├── bit-vec 0.8.0
0/0        0/5          0/0    0/0     0/0      ?  │   │   │   │   │   └── serde 1.0.228
0/0        0/5          0/0    0/0     0/0      ?  │   │   │   │   └── serde 1.0.228
0/0        22/39        0/0    0/0     4/4      !  │   │   │   ├── bit-vec 0.8.0
0/0        0/0          0/0    0/0     0/0      ?  │   │   │   ├── bitflags 2.11.0
18/18      434/434      141/142 9/9     1/1      !  │   │   │   │   ├── bytemuck 1.25.0
0/0        5/5          0/0    0/0     0/0      !  │   │   │   │   └── serde_core 1.0.228
0/0        0/0          0/0    0/0     0/0      ?  │   │   │   ├── num-traits 0.2.19
1/1        37/37        0/0    0/0     0/0      !  │   │   │   ├── rand 0.9.2
0/0        0/0          0/0    0/0     0/0      :) │   │   │   ├── rand_chacha 0.9.0
0/0        0/0          0/0    0/0     0/0      :) │   │   │   ├── rand_xorshift 0.4.0
0/0        0/0          0/0    0/0     0/0      ?  │   │   │   │   ├── rand_core 0.9.5
0/0        0/5          0/0    0/0     0/0      ?  │   │   │   │   └── serde 1.0.228
0/0        0/0          0/0    0/0     0/0      :) │   │   │   ├── regex-syntax 0.8.10
0/0        0/0          0/0    0/0     0/0      ?  │   │   │   ├── rusty-fork 0.3.1
0/0        0/0          0/0    0/0     0/0      ?  │   │   │   │   ├── fnv 1.0.7
0/0        0/0          0/0    0/0     0/0      ?  │   │   │   │   ├── quick-error 1.2.3
0/0        0/46         0/0    0/0     0/0      ?  │   │   │   │   ├── tempfile 3.27.0
0/0        0/0          0/0    0/0     0/0      :) │   │   │   │   │   ├── fastrand 2.4.0
3/7        64/249       0/0    0/0     0/0      !  │   │   │   │   │   ├── getrandom 0.4.2
0/0        0/0          0/0    0/0     0/0      ?  │   │   │   │   │   │   ├── cfg-if 1.0.4
0/92       34/725       0/2    0/0     8/101    !  │   │   │   │   │   │   ├── libc 0.2.184
0/0        0/0          0/0    0/0     0/0      ?  │   │   │   │   │   │   └── rand_core 0.10.0
0/0        0/128        0/9    0/0     0/5      ?  │   │   │   │   │   ├── once_cell 1.21.4
95/436     2868/7539    19/22  2/2     48/62    !  │   │   │   │   │   └── rustix 1.1.4
0/0        0/0          0/0    0/0     0/0      ?  │   │   │   │   │       ├── bitflags 2.11.0
0/0        35/103       0/0    0/0     0/0      !  │   │   │   │   │       ├── errno 0.3.14
0/92       34/725       0/2    0/0     8/101    !  │   │   │   │   │       │   └── libc 0.2.184
0/92       34/725       0/2    0/0     8/101    !  │   │   │   │   │       ├── libc 0.2.184
0/10       0/17551      0/0    0/0     0/2286   ?  │   │   │   │   │       └── linux-raw-sys 0.12.1
0/0        0/60         0/0    0/0     0/0      ?  │   │   │   │   └── wait-timeout 0.2.1
0/92       34/725       0/2    0/0     8/101    !  │   │   │   │       └── libc 0.2.184
0/0        0/46         0/0    0/0     0/0      ?  │   │   │   ├── tempfile 3.27.0
1/1        11/11        0/0    0/0     0/0      !  │   │   │   └── unarray 0.1.4
1/1        37/37        0/0    0/0     0/0      !  │   │   ├── rand 0.9.2
0/0        0/0          0/0    0/0     0/0      :) │   │   ├── rand_distr 0.5.1
6/6        667/667      5/5    0/0     3/3      !  │   │   ├── rayon 1.11.0
0/0        0/5          0/0    0/0     0/0      ?  │   │   ├── serde 1.0.228
0/0        18/18        0/0    0/0     2/2      !  │   │   ├── simba 0.9.1
0/0        0/0          0/0    0/0     0/0      ?  │   │   │   ├── approx 0.5.1
1/1        44/44        0/0    0/0     0/0      !  │   │   │   ├── fixed 1.31.0
0/0        0/0          0/0    0/0     0/0      ?  │   │   │   │   ├── az 1.3.0
18/18      434/434      141/142 9/9     1/1      !  │   │   │   │   ├── bytemuck 1.25.0
10/28      133/221      0/0    0/0     0/0      !  │   │   │   │   ├── half 2.7.1
18/18      434/434      141/142 9/9     1/1      !  │   │   │   │   │   ├── bytemuck 1.25.0
0/0        0/0          0/0    0/0     0/0      ?  │   │   │   │   │   ├── cfg-if 1.0.4
0/0        0/0          0/0    0/0     0/0      ?  │   │   │   │   │   ├── num-traits 0.2.19
1/1        37/37        0/0    0/0     0/0      !  │   │   │   │   │   ├── rand 0.9.2
0/0        0/0          0/0    0/0     0/0      :) │   │   │   │   │   ├── rand_distr 0.5.1
0/0        0/5          0/0    0/0     0/0      ?  │   │   │   │   │   ├── serde 1.0.228
12/12      475/475      74/74  29/29   37/37    !  │   │   │   │   │   └── zerocopy 0.8.48
0/0        0/0          0/0    0/0     0/0      ?  │   │   │   │   ├── num-traits 0.2.19
0/0        0/5          0/0    0/0     0/0      ?  │   │   │   │   ├── serde 1.0.228
0/0        0/0          0/0    0/0     0/0      :) │   │   │   │   └── typenum 1.19.0
5/5        69/69        0/0    0/0     0/0      !  │   │   │   ├── libm 0.2.16
0/0        0/0          2/2    0/0     0/0      !  │   │   │   ├── num-complex 0.4.6
0/0        0/0          0/0    0/0     0/0      ?  │   │   │   ├── num-traits 0.2.19
0/0        0/0          0/0    0/0     0/0      ?  │   │   │   ├── paste 1.0.15
0/0        0/32         0/0    0/0     0/0      ?  │   │   │   ├── rand 0.8.5
0/0        0/5          0/0    0/0     0/0      ?  │   │   │   ├── serde 1.0.228
0/0        20/20        40/40  0/0     0/0      !  │   │   │   └── wide 0.7.33
18/18      434/434      141/142 9/9     1/1      !  │   │   │       ├── bytemuck 1.25.0
0/0        802/2112     18/18  0/0     0/0      !  │   │   │       ├── safe_arch 0.7.4
18/18      434/434      141/142 9/9     1/1      !  │   │   │       │   └── bytemuck 1.25.0
0/0        0/5          0/0    0/0     0/0      ?  │   │   │       └── serde 1.0.228
0/0        0/0          0/0    0/0     0/0      :) │   │   └── typenum 1.19.0
1/1        37/37        0/0    0/0     0/0      !  │   ├── rand 0.10.0
14/36      628/1381     0/0    0/0     0/5      !  │   │   ├── chacha20 0.10.0
0/0        0/0          0/0    0/0     0/0      ?  │   │   │   ├── cfg-if 1.0.4
0/1        0/12         0/0    0/0     0/0      ?  │   │   │   ├── cpufeatures 0.3.0
0/0        0/0          0/0    0/0     0/0      ?  │   │   │   ├── rand_core 0.10.0
2/2        26/26        0/0    0/0     0/0      !  │   │   │   └── zeroize 1.8.2
0/0        0/5          0/0    0/0     0/0      ?  │   │   │       └── serde 1.0.228
3/7        64/249       0/0    0/0     0/0      !  │   │   ├── getrandom 0.4.2
0/2        0/18         0/1    0/0     0/0      ?  │   │   ├── log 0.4.29
0/0        0/0          0/0    0/0     0/0      ?  │   │   ├── rand_core 0.10.0
0/0        0/5          0/0    0/0     0/0      ?  │   │   └── serde 1.0.228
0/1        13/15        0/0    0/0     0/0      !  │   ├── raw-cpuid 11.6.0
0/0        0/0          0/0    0/0     0/0      ?  │   │   ├── bitflags 2.11.0
0/0        0/0          0/0    0/0     0/0      ?  │   │   ├── clap 4.6.0
0/0        0/0          0/0    0/0     0/0      :) │   │   │   └── clap_builder 4.6.0
0/0        0/6          0/0    0/0     0/0      ?  │   │   │       ├── anstyle 1.0.14
7/28       244/1082     4/10   0/0     2/5      !  │   │   │       ├── backtrace 0.3.76
0/0        0/18         0/0    0/0     0/0      ?  │   │   │       │   ├── addr2line 0.25.1
0/0        0/0          0/0    0/0     0/0      ?  │   │   │       │   │   ├── clap 4.6.0
0/0        0/40         0/5    0/1     0/0      ?  │   │   │       │   │   ├── gimli 0.32.3
0/0        78/83        0/0    0/0     0/0      !  │   │   │       │   │   │   └── indexmap 2.13.1
0/0        0/348        0/6    0/0     0/17     ?  │   │   │       │   │   ├── memmap2 0.9.10
0/92       34/725       0/2    0/0     8/101    !  │   │   │       │   │   │   └── libc 0.2.184
0/0        0/26         0/1    0/1     0/0      ?  │   │   │       │   │   ├── object 0.37.3
3/4        94/142       0/0    0/0     0/0      !  │   │   │       │   │   │   ├── crc32fast 1.5.0
0/0        0/0          0/0    0/0     0/0      ?  │   │   │       │   │   │   │   └── cfg-if 1.0.4
1/3        68/327       0/2    0/0     0/4      !  │   │   │       │   │   │   ├── flate2 1.1.9
3/4        94/142       0/0    0/0     0/0      !  │   │   │       │   │   │   │   ├── crc32fast 1.5.0
0/0        0/0          0/0    0/0     0/0      :) │   │   │       │   │   │   │   ├── miniz_oxide 0.8.9
0/0        0/0          0/0    0/0     0/0      :) │   │   │       │   │   │   │   │   ├── adler2 2.0.1
0/0        0/5          0/0    0/0     0/0      ?  │   │   │       │   │   │   │   │   ├── serde 1.0.228
0/28       0/482        0/0    0/0     0/0      ?  │   │   │       │   │   │   │   │   └── simd-adler32 0.3.9
37/49      2831/3481    5/5    0/0     29/32    !  │   │   │       │   │   │   │   └── zlib-rs 0.6.3
1/1        1299/1520    19/22  1/1     72/85    !  │   │   │       │   │   │   ├── hashbrown 0.15.5
0/0        0/0          0/0    0/0     0/0      ?  │   │   │       │   │   │   │   ├── equivalent 1.0.2
0/0        11/11        1/1    0/0     0/0      !  │   │   │       │   │   │   │   ├── foldhash 0.1.5
6/6        667/667      5/5    0/0     3/3      !  │   │   │       │   │   │   │   ├── rayon 1.11.0
0/0        0/5          0/0    0/0     0/0      ?  │   │   │       │   │   │   │   └── serde 1.0.228
0/0        78/83        0/0    0/0     0/0      !  │   │   │       │   │   │   ├── indexmap 2.13.1
27/41      1973/2421    2/2    0/0     109/147  !  │   │   │       │   │   │   └── memchr 2.8.0
0/0        0/0          0/0    0/0     0/0      ?  │   │   │       │   │   ├── rustc-demangle 0.1.27
1/1        554/556      7/7    1/1     14/14    !  │   │   │       │   │   └── smallvec 1.15.1
0/0        0/5          0/0    0/0     0/0      ?  │   │   │       │   │       └── serde 1.0.228
0/0        0/0          0/0    0/0     0/0      ?  │   │   │       │   ├── cfg-if 1.0.4
0/92       34/725       0/2    0/0     8/101    !  │   │   │       │   ├── libc 0.2.184
0/0        0/0          0/0    0/0     0/0      :) │   │   │       │   ├── miniz_oxide 0.8.9
0/0        0/26         0/1    0/1     0/0      ?  │   │   │       │   ├── object 0.37.3
0/0        0/0          0/0    0/0     0/0      ?  │   │   │       │   ├── rustc-demangle 0.1.27
0/0        0/5          0/0    0/0     0/0      ?  │   │   │       │   └── serde 1.0.228
1/1        15/15        0/0    0/0     0/0      !  │   │   │       └── clap_lex 1.1.0
0/0        0/5          0/0    0/0     0/0      ?  │   │   ├── serde 1.0.228
0/0        0/0          0/0    0/0     0/0      ?  │   │   ├── serde_derive 1.0.228
0/0        0/78         0/0    0/0     0/0      ?  │   │   └── serde_json 1.0.149
6/6        667/667      5/5    0/0     3/3      !  │   └── rayon 1.11.0
4/4        462/462      4/4    0/0     12/12    !  ├── aligned-vec 0.6.4
6/6        284/284      0/0    0/0     0/0      !  │   ├── equator 0.4.2
0/0        0/0          0/0    0/0     0/0      ?  │   │   └── equator-macro 0.4.2
0/0        14/14        0/0    0/0     3/3      !  │   │       ├── proc-macro2 1.0.106
0/0        0/0          0/0    0/0     0/0      ?  │   │       ├── quote 1.0.45
0/0        87/87        3/3    0/0     2/2      !  │   │       └── syn 2.0.117
0/0        0/5          0/0    0/0     0/0      ?  │   └── serde 1.0.228
20/20      1118/1169    19/19  1/1     68/68    !  ├── bitvec 1.0.1
0/0        0/0          0/0    0/0     0/0      ?  │   ├── funty 2.0.0
0/0        0/0          0/0    0/0     0/0      ?  │   ├── radium 0.7.0
0/0        0/5          0/0    0/0     0/0      ?  │   ├── serde 1.0.228
0/0        0/0          0/0    0/0     0/0      ?  │   ├── tap 1.0.1
0/0        14/22        0/2    0/0     7/7      !  │   └── wyz 0.5.1
0/0        0/128        0/9    0/0     0/5      ?  │       ├── once_cell 1.21.4
0/0        0/0          0/0    0/0     0/0      ?  │       └── tap 1.0.1
18/18      434/434      141/142 9/9     1/1      !  ├── bytemuck 1.25.0
0/0        55/55        0/0    0/0     0/0      !  ├── core_affinity 0.8.3
4/4        75/75        16/16  0/0     3/3      !  ├── crossbeam-utils 0.8.21
4/4        505/505      15/15  1/1     28/28    !  ├── dyn-stack 0.13.2
18/18      434/434      141/142 9/9     1/1      !  │   ├── bytemuck 1.25.0
0/0        0/0          0/0    0/0     0/0      ?  │   └── dyn-stack-macros 0.1.3
0/0        0/0          0/0    0/0     0/0      :) ├── gauss-quad 0.3.1
5/5        69/69        0/0    0/0     0/0      !  │   ├── libm 0.2.16
6/6        2241/2549    49/50  7/7     67/76    !  │   ├── nalgebra 0.34.2
6/6        667/667      5/5    0/0     3/3      !  │   ├── rayon 1.11.0
0/0        0/5          0/0    0/0     0/0      ?  │   ├── serde 1.0.228
12/12      475/475      74/74  29/29   37/37    !  │   └── zerocopy 0.8.48
8/21       451/3330     127/127 1/1     60/120   !  ├── pulp 0.22.2
18/18      434/434      141/142 9/9     1/1      !  │   ├── bytemuck 1.25.0
0/0        0/0          0/0    0/0     0/0      ?  │   ├── cfg-if 1.0.4
5/5        69/69        0/0    0/0     0/0      !  │   ├── libm 0.2.16
0/0        0/0          2/2    0/0     0/0      !  │   ├── num-complex 0.4.6
0/0        0/0          0/0    0/0     0/0      ?  │   ├── paste 1.0.15
0/0        0/0          0/0    0/0     0/0      ?  │   ├── pulp-wasm-simd-flag 0.1.0
0/1        13/15        0/0    0/0     0/0      !  │   ├── raw-cpuid 11.6.0
0/0        0/0          0/0    0/0     0/0      ?  │   └── reborrow 0.5.5
1/1        37/37        0/0    0/0     0/0      !  ├── rand 0.10.0
0/0        0/0          0/0    0/0     0/0      :) ├── rand_chacha 0.10.0
2/2        632/680      0/0    0/0     17/25    !  │   ├── ppv-lite86 0.2.21
0/0        0/0          0/0    0/0     0/0      ?  │   ├── rand_core 0.10.0
0/0        0/5          0/0    0/0     0/0      ?  │   └── serde 1.0.228
0/0        0/0          0/0    0/0     0/0      :) ├── rand_distr 0.6.0
0/0        0/0          0/0    0/0     0/0      ?  │   ├── num-traits 0.2.19
1/1        37/37        0/0    0/0     0/0      !  │   ├── rand 0.10.0
0/0        0/5          0/0    0/0     0/0      ?  │   └── serde 1.0.228
6/6        667/667      5/5    0/0     3/3      !  ├── rayon 1.11.0
8/16       176/975      0/0    0/0     0/0      !  ├── sha2 0.11.0
0/0        0/0          0/0    0/0     0/0      ?  │   ├── cfg-if 1.0.4
0/1        0/12         0/0    0/0     0/0      ?  │   ├── cpufeatures 0.3.0
0/0        0/0          0/0    0/0     0/0      :) │   └── digest 0.11.2
0/0        64/64        0/0    0/0     3/3      !  │       ├── block-buffer 0.12.0
0/0        129/129      4/4    1/1     2/2      !  │       │   ├── hybrid-array 0.4.10
18/18      434/434      141/142 9/9     1/1      !  │       │   │   ├── bytemuck 1.25.0
0/0        0/5          0/0    0/0     0/0      ?  │       │   │   ├── serde 1.0.228
0/0        8/8          0/0    0/0     0/0      !  │       │   │   ├── subtle 2.6.1
0/0        0/0          0/0    0/0     0/0      :) │       │   │   ├── typenum 1.19.0
12/12      475/475      74/74  29/29   37/37    !  │       │   │   ├── zerocopy 0.8.48
2/2        26/26        0/0    0/0     0/0      !  │       │   │   └── zeroize 1.8.2
2/2        26/26        0/0    0/0     0/0      !  │       │   └── zeroize 1.8.2
0/0        5/5          0/0    0/0     0/0      !  │       ├── const-oid 0.10.2
0/0        0/0          0/0    0/0     0/0      :) │       ├── crypto-common 0.2.1
3/7        64/249       0/0    0/0     0/0      !  │       │   ├── getrandom 0.4.2
0/0        129/129      4/4    1/1     2/2      !  │       │   ├── hybrid-array 0.4.10
0/0        0/0          0/0    0/0     0/0      ?  │       │   └── rand_core 0.10.0
2/2        26/26        0/0    0/0     0/0      !  │       └── zeroize 1.8.2
0/0        224/224      0/0    0/0     0/0      !  ├── simsimd 6.5.16
1/1        554/556      7/7    1/1     14/14    !  ├── smallvec 1.15.1
0/0        0/0          0/0    0/0     0/0      ?  ├── thiserror 2.0.18
0/0        0/0          0/0    0/0     0/0      ?  │   └── thiserror-impl 2.0.18
0/0        14/14        0/0    0/0     3/3      !  │       ├── proc-macro2 1.0.106
0/0        0/0          0/0    0/0     0/0      ?  │       ├── quote 1.0.45
0/0        87/87        3/3    0/0     2/2      !  │       └── syn 2.0.117
0/0        27/27        56/56  0/0     0/0      !  └── wide 1.2.0
18/18      434/434      141/142 9/9     1/1      !      ├── bytemuck 1.25.0
0/0        835/2805     27/27  0/0     0/0      !      ├── safe_arch 1.0.0
18/18      434/434      141/142 9/9     1/1      !      │   └── bytemuck 1.25.0
0/0        5/5          0/0    0/0     0/0      !      └── serde_core 1.0.228

376/1067   25200/62444  709/980 54/56   792/3372

error: Found 544 warnings

=== exit code: 1 ===
=== finished at 2026-04-30T18:59:12-07:00 ===
