Failed to match (ignoring source) package: registry+https://github.com/rust-lang/crates.io-index#ash@0.38.0+1.3.281 
Failed to match (ignoring source) package: registry+https://github.com/rust-lang/crates.io-index#ash@0.38.0+1.3.281 
Failed to match (ignoring source) package: registry+https://github.com/rust-lang/crates.io-index#ash@0.38.0+1.3.281 
Failed to match (ignoring source) package: registry+https://github.com/rust-lang/crates.io-index#ash@0.38.0+1.3.281 
Failed to match (ignoring source) package: registry+https://github.com/rust-lang/crates.io-index#ash@0.38.0+1.3.281 
Failed to match (ignoring source) package: registry+https://github.com/rust-lang/crates.io-index#ash@0.38.0+1.3.281 
Failed to match (ignoring source) package: registry+https://github.com/rust-lang/crates.io-index#ash@0.38.0+1.3.281 
Failed to match (ignoring source) package: registry+https://github.com/rust-lang/crates.io-index#ash@0.38.0+1.3.281 
Failed to match (ignoring source) package: registry+https://github.com/rust-lang/crates.io-index#ash@0.38.0+1.3.281 
Failed to match (ignoring source) package: registry+https://github.com/rust-lang/crates.io-index#ash@0.38.0+1.3.281 
Failed to match (ignoring source) package: registry+https://github.com/rust-lang/crates.io-index#ash@0.38.0+1.3.281 
Failed to match (ignoring source) package: registry+https://github.com/rust-lang/crates.io-index#ash@0.38.0+1.3.281 
Failed to match (ignoring source) package: registry+https://github.com/rust-lang/crates.io-index#ash@0.38.0+1.3.281 
Failed to match (ignoring source) package: registry+https://github.com/rust-lang/crates.io-index#ash@0.38.0+1.3.281 
Failed to match (ignoring source) package: registry+https://github.com/rust-lang/crates.io-index#ash@0.38.0+1.3.281 
Failed to match (ignoring source) package: registry+https://github.com/rust-lang/crates.io-index#ash@0.38.0+1.3.281 
Failed to match (ignoring source) package: registry+https://github.com/rust-lang/crates.io-index#ash@0.38.0+1.3.281 
Failed to match (ignoring source) package: registry+https://github.com/rust-lang/crates.io-index#ash@0.38.0+1.3.281 
Failed to match (ignoring source) package: registry+https://github.com/rust-lang/crates.io-index#ash@0.38.0+1.3.281 
Failed to match (ignoring source) package: registry+https://github.com/rust-lang/crates.io-index#ash@0.38.0+1.3.281 
Failed to match (ignoring source) package: registry+https://github.com/rust-lang/crates.io-index#ash@0.38.0+1.3.281 
Failed to match (ignoring source) package: registry+https://github.com/rust-lang/crates.io-index#ash@0.38.0+1.3.281 
Failed to match (ignoring source) package: registry+https://github.com/rust-lang/crates.io-index#ash@0.38.0+1.3.281 
Failed to match (ignoring source) package: registry+https://github.com/rust-lang/crates.io-index#ash@0.38.0+1.3.281 
Failed to match (ignoring source) package: registry+https://github.com/rust-lang/crates.io-index#ash@0.38.0+1.3.281 
Failed to match (ignoring source) package: registry+https://github.com/rust-lang/crates.io-index#ash@0.38.0+1.3.281 
Failed to match (ignoring source) package: registry+https://github.com/rust-lang/crates.io-index#ash@0.38.0+1.3.281 
Failed to match (ignoring source) package: registry+https://github.com/rust-lang/crates.io-index#ash@0.38.0+1.3.281 
Failed to match (ignoring source) package: registry+https://github.com/rust-lang/crates.io-index#ash@0.38.0+1.3.281 
Failed to match (ignoring source) package: registry+https://github.com/rust-lang/crates.io-index#ash@0.38.0+1.3.281 
Failed to match (ignoring source) package: registry+https://github.com/rust-lang/crates.io-index#ash@0.38.0+1.3.281 
Failed to match (ignoring source) package: registry+https://github.com/rust-lang/crates.io-index#ash@0.38.0+1.3.281 
Failed to match (ignoring source) package: registry+https://github.com/rust-lang/crates.io-index#cudarc@0.19.8 
Failed to match (ignoring source) package: registry+https://github.com/rust-lang/crates.io-index#cudarc@0.19.8 
Failed to match (ignoring source) package: registry+https://github.com/rust-lang/crates.io-index#cudarc@0.19.8 
Failed to match (ignoring source) package: registry+https://github.com/rust-lang/crates.io-index#cudarc@0.19.8 
Failed to match (ignoring source) package: registry+https://github.com/rust-lang/crates.io-index#cudarc@0.19.8 
Failed to match (ignoring source) package: registry+https://github.com/rust-lang/crates.io-index#cudarc@0.19.8 
Failed to match (ignoring source) package: registry+https://github.com/rust-lang/crates.io-index#cudarc@0.19.8 
Failed to match (ignoring source) package: registry+https://github.com/rust-lang/crates.io-index#cudarc@0.19.8 
Failed to match (ignoring source) package: registry+https://github.com/rust-lang/crates.io-index#cudarc@0.19.8 
Failed to match (ignoring source) package: registry+https://github.com/rust-lang/crates.io-index#cudarc@0.19.8 
Failed to match (ignoring source) package: registry+https://github.com/rust-lang/crates.io-index#cudarc@0.19.8 
Failed to match (ignoring source) package: registry+https://github.com/rust-lang/crates.io-index#cudarc@0.19.8 
Failed to match (ignoring source) package: registry+https://github.com/rust-lang/crates.io-index#cudarc@0.19.8 
Failed to match (ignoring source) package: registry+https://github.com/rust-lang/crates.io-index#cudarc@0.19.8 
Failed to match (ignoring source) package: registry+https://github.com/rust-lang/crates.io-index#cudarc@0.19.8 
Failed to match (ignoring source) package: registry+https://github.com/rust-lang/crates.io-index#cudarc@0.19.8 
Failed to match (ignoring source) package: registry+https://github.com/rust-lang/crates.io-index#cudarc@0.19.8 
Failed to match (ignoring source) package: registry+https://github.com/rust-lang/crates.io-index#cudarc@0.19.8 
Failed to match (ignoring source) package: registry+https://github.com/rust-lang/crates.io-index#cudarc@0.19.8 
Failed to match (ignoring source) package: registry+https://github.com/rust-lang/crates.io-index#cudarc@0.19.8 
Failed to match (ignoring source) package: registry+https://github.com/rust-lang/crates.io-index#cudarc@0.19.8 
Failed to match (ignoring source) package: registry+https://github.com/rust-lang/crates.io-index#cudarc@0.19.8 
Failed to match (ignoring source) package: registry+https://github.com/rust-lang/crates.io-index#cudarc@0.19.8 
Failed to match (ignoring source) package: registry+https://github.com/rust-lang/crates.io-index#cudarc@0.19.8 
Failed to match (ignoring source) package: registry+https://github.com/rust-lang/crates.io-index#cudarc@0.19.8 
Failed to match (ignoring source) package: registry+https://github.com/rust-lang/crates.io-index#cudarc@0.19.8 
Failed to match (ignoring source) package: registry+https://github.com/rust-lang/crates.io-index#cudarc@0.19.8 
Failed to match (ignoring source) package: registry+https://github.com/rust-lang/crates.io-index#cudarc@0.19.8 
Failed to match (ignoring source) package: registry+https://github.com/rust-lang/crates.io-index#cudarc@0.19.8 
Failed to match (ignoring source) package: registry+https://github.com/rust-lang/crates.io-index#cudarc@0.19.8 
Failed to match (ignoring source) package: registry+https://github.com/rust-lang/crates.io-index#cudarc@0.19.8 
Failed to match (ignoring source) package: registry+https://github.com/rust-lang/crates.io-index#cudarc@0.19.8 
Failed to match (ignoring source) package: path+file:///home/eirikr/Github/open_gororoba/crates/gororoba_gpu_cubecl#0.1.0 
Failed to match (ignoring source) package: path+file:///home/eirikr/Github/open_gororoba/crates/gororoba_gpu_cubecl#0.1.0 
Failed to match (ignoring source) package: path+file:///home/eirikr/Github/open_gororoba/crates/gororoba_gpu_cubecl#0.1.0 
Failed to match (ignoring source) package: path+file:///home/eirikr/Github/open_gororoba/crates/gororoba_gpu_cubecl#0.1.0 
Failed to match (ignoring source) package: path+file:///home/eirikr/Github/open_gororoba/crates/gororoba_gpu_cubecl#0.1.0 
Failed to match (ignoring source) package: path+file:///home/eirikr/Github/open_gororoba/crates/gororoba_gpu_cubecl#0.1.0 
Failed to match (ignoring source) package: path+file:///home/eirikr/Github/open_gororoba/crates/gororoba_gpu_cubecl#0.1.0 
Failed to match (ignoring source) package: path+file:///home/eirikr/Github/open_gororoba/crates/gororoba_gpu_cubecl#0.1.0 
Failed to match (ignoring source) package: path+file:///home/eirikr/Github/open_gororoba/crates/gororoba_gpu_cubecl#0.1.0 
Failed to match (ignoring source) package: path+file:///home/eirikr/Github/open_gororoba/crates/gororoba_gpu_cubecl#0.1.0 
Failed to match (ignoring source) package: path+file:///home/eirikr/Github/open_gororoba/crates/gororoba_gpu_cubecl#0.1.0 
Failed to match (ignoring source) package: path+file:///home/eirikr/Github/open_gororoba/crates/gororoba_gpu_cubecl#0.1.0 
Failed to match (ignoring source) package: path+file:///home/eirikr/Github/open_gororoba/crates/gororoba_gpu_cubecl#0.1.0 
Failed to match (ignoring source) package: path+file:///home/eirikr/Github/open_gororoba/crates/gororoba_gpu_cubecl#0.1.0 
Failed to match (ignoring source) package: path+file:///home/eirikr/Github/open_gororoba/crates/gororoba_gpu_cubecl#0.1.0 
Failed to match (ignoring source) package: path+file:///home/eirikr/Github/open_gororoba/crates/gororoba_gpu_cubecl#0.1.0 
Failed to match (ignoring source) package: path+file:///home/eirikr/Github/open_gororoba/crates/gororoba_gpu_cubecl#0.1.0 
Failed to match (ignoring source) package: path+file:///home/eirikr/Github/open_gororoba/crates/gororoba_gpu_cubecl#0.1.0 
Failed to match (ignoring source) package: path+file:///home/eirikr/Github/open_gororoba/crates/gororoba_gpu_cubecl#0.1.0 
Failed to match (ignoring source) package: path+file:///home/eirikr/Github/open_gororoba/crates/gororoba_gpu_cubecl#0.1.0 
Failed to match (ignoring source) package: path+file:///home/eirikr/Github/open_gororoba/crates/gororoba_gpu_cubecl#0.1.0 
Failed to match (ignoring source) package: path+file:///home/eirikr/Github/open_gororoba/crates/gororoba_gpu_cubecl#0.1.0 
Failed to match (ignoring source) package: path+file:///home/eirikr/Github/open_gororoba/crates/gororoba_gpu_cubecl#0.1.0 
Failed to match (ignoring source) package: path+file:///home/eirikr/Github/open_gororoba/crates/gororoba_gpu_cubecl#0.1.0 
Failed to match (ignoring source) package: path+file:///home/eirikr/Github/open_gororoba/crates/gororoba_gpu_cubecl#0.1.0 
Failed to match (ignoring source) package: path+file:///home/eirikr/Github/open_gororoba/crates/gororoba_gpu_cubecl#0.1.0 
Failed to match (ignoring source) package: path+file:///home/eirikr/Github/open_gororoba/crates/gororoba_gpu_cubecl#0.1.0 
Failed to match (ignoring source) package: path+file:///home/eirikr/Github/open_gororoba/crates/gororoba_gpu_cubecl#0.1.0 
Failed to match (ignoring source) package: path+file:///home/eirikr/Github/open_gororoba/crates/gororoba_gpu_cubecl#0.1.0 
Failed to match (ignoring source) package: path+file:///home/eirikr/Github/open_gororoba/crates/gororoba_gpu_cubecl#0.1.0 
Failed to match (ignoring source) package: path+file:///home/eirikr/Github/open_gororoba/crates/gororoba_gpu_cubecl#0.1.0 
Failed to match (ignoring source) package: path+file:///home/eirikr/Github/open_gororoba/crates/gororoba_gpu_cubecl#0.1.0 
Failed to match (ignoring source) package: path+file:///home/eirikr/Github/open_gororoba/crates/gororoba_gpu_cuda#0.1.0 
Failed to match (ignoring source) package: path+file:///home/eirikr/Github/open_gororoba/crates/gororoba_gpu_cuda#0.1.0 
Failed to match (ignoring source) package: path+file:///home/eirikr/Github/open_gororoba/crates/gororoba_gpu_cuda#0.1.0 
Failed to match (ignoring source) package: path+file:///home/eirikr/Github/open_gororoba/crates/gororoba_gpu_cuda#0.1.0 
Failed to match (ignoring source) package: path+file:///home/eirikr/Github/open_gororoba/crates/gororoba_gpu_cuda#0.1.0 
Failed to match (ignoring source) package: path+file:///home/eirikr/Github/open_gororoba/crates/gororoba_gpu_cuda#0.1.0 
Failed to match (ignoring source) package: path+file:///home/eirikr/Github/open_gororoba/crates/gororoba_gpu_cuda#0.1.0 
Failed to match (ignoring source) package: path+file:///home/eirikr/Github/open_gororoba/crates/gororoba_gpu_cuda#0.1.0 
Failed to match (ignoring source) package: path+file:///home/eirikr/Github/open_gororoba/crates/gororoba_gpu_cuda#0.1.0 
Failed to match (ignoring source) package: path+file:///home/eirikr/Github/open_gororoba/crates/gororoba_gpu_cuda#0.1.0 
Failed to match (ignoring source) package: path+file:///home/eirikr/Github/open_gororoba/crates/gororoba_gpu_cuda#0.1.0 
Failed to match (ignoring source) package: path+file:///home/eirikr/Github/open_gororoba/crates/gororoba_gpu_cuda#0.1.0 
Failed to match (ignoring source) package: path+file:///home/eirikr/Github/open_gororoba/crates/gororoba_gpu_cuda#0.1.0 
Failed to match (ignoring source) package: path+file:///home/eirikr/Github/open_gororoba/crates/gororoba_gpu_cuda#0.1.0 
Failed to match (ignoring source) package: path+file:///home/eirikr/Github/open_gororoba/crates/gororoba_gpu_cuda#0.1.0 
Failed to match (ignoring source) package: path+file:///home/eirikr/Github/open_gororoba/crates/gororoba_gpu_cuda#0.1.0 
Failed to match (ignoring source) package: path+file:///home/eirikr/Github/open_gororoba/crates/gororoba_gpu_cuda#0.1.0 
Failed to match (ignoring source) package: path+file:///home/eirikr/Github/open_gororoba/crates/gororoba_gpu_cuda#0.1.0 
Failed to match (ignoring source) package: path+file:///home/eirikr/Github/open_gororoba/crates/gororoba_gpu_cuda#0.1.0 
Failed to match (ignoring source) package: path+file:///home/eirikr/Github/open_gororoba/crates/gororoba_gpu_cuda#0.1.0 
Failed to match (ignoring source) package: path+file:///home/eirikr/Github/open_gororoba/crates/gororoba_gpu_cuda#0.1.0 
Failed to match (ignoring source) package: path+file:///home/eirikr/Github/open_gororoba/crates/gororoba_gpu_cuda#0.1.0 
Failed to match (ignoring source) package: path+file:///home/eirikr/Github/open_gororoba/crates/gororoba_gpu_cuda#0.1.0 
Failed to match (ignoring source) package: path+file:///home/eirikr/Github/open_gororoba/crates/gororoba_gpu_cuda#0.1.0 
Failed to match (ignoring source) package: path+file:///home/eirikr/Github/open_gororoba/crates/gororoba_gpu_cuda#0.1.0 
Failed to match (ignoring source) package: path+file:///home/eirikr/Github/open_gororoba/crates/gororoba_gpu_cuda#0.1.0 
Failed to match (ignoring source) package: path+file:///home/eirikr/Github/open_gororoba/crates/gororoba_gpu_cuda#0.1.0 
Failed to match (ignoring source) package: path+file:///home/eirikr/Github/open_gororoba/crates/gororoba_gpu_cuda#0.1.0 
Failed to match (ignoring source) package: path+file:///home/eirikr/Github/open_gororoba/crates/gororoba_gpu_cuda#0.1.0 
Failed to match (ignoring source) package: path+file:///home/eirikr/Github/open_gororoba/crates/gororoba_gpu_cuda#0.1.0 
Failed to match (ignoring source) package: path+file:///home/eirikr/Github/open_gororoba/crates/gororoba_gpu_cuda#0.1.0 
Failed to match (ignoring source) package: path+file:///home/eirikr/Github/open_gororoba/crates/gororoba_gpu_cuda#0.1.0 
Failed to match (ignoring source) package: path+file:///home/eirikr/Github/open_gororoba/crates/gororoba_gpu_vulkan#0.1.0 
Failed to match (ignoring source) package: path+file:///home/eirikr/Github/open_gororoba/crates/gororoba_gpu_vulkan#0.1.0 
Failed to match (ignoring source) package: path+file:///home/eirikr/Github/open_gororoba/crates/gororoba_gpu_vulkan#0.1.0 
Failed to match (ignoring source) package: path+file:///home/eirikr/Github/open_gororoba/crates/gororoba_gpu_vulkan#0.1.0 
Failed to match (ignoring source) package: path+file:///home/eirikr/Github/open_gororoba/crates/gororoba_gpu_vulkan#0.1.0 
Failed to match (ignoring source) package: path+file:///home/eirikr/Github/open_gororoba/crates/gororoba_gpu_vulkan#0.1.0 
Failed to match (ignoring source) package: path+file:///home/eirikr/Github/open_gororoba/crates/gororoba_gpu_vulkan#0.1.0 
Failed to match (ignoring source) package: path+file:///home/eirikr/Github/open_gororoba/crates/gororoba_gpu_vulkan#0.1.0 
Failed to match (ignoring source) package: path+file:///home/eirikr/Github/open_gororoba/crates/gororoba_gpu_vulkan#0.1.0 
Failed to match (ignoring source) package: path+file:///home/eirikr/Github/open_gororoba/crates/gororoba_gpu_vulkan#0.1.0 
Failed to match (ignoring source) package: path+file:///home/eirikr/Github/open_gororoba/crates/gororoba_gpu_vulkan#0.1.0 
Failed to match (ignoring source) package: path+file:///home/eirikr/Github/open_gororoba/crates/gororoba_gpu_vulkan#0.1.0 
Failed to match (ignoring source) package: path+file:///home/eirikr/Github/open_gororoba/crates/gororoba_gpu_vulkan#0.1.0 
Failed to match (ignoring source) package: path+file:///home/eirikr/Github/open_gororoba/crates/gororoba_gpu_vulkan#0.1.0 
Failed to match (ignoring source) package: path+file:///home/eirikr/Github/open_gororoba/crates/gororoba_gpu_vulkan#0.1.0 
Failed to match (ignoring source) package: path+file:///home/eirikr/Github/open_gororoba/crates/gororoba_gpu_vulkan#0.1.0 
Failed to match (ignoring source) package: path+file:///home/eirikr/Github/open_gororoba/crates/gororoba_gpu_vulkan#0.1.0 
Failed to match (ignoring source) package: path+file:///home/eirikr/Github/open_gororoba/crates/gororoba_gpu_vulkan#0.1.0 
Failed to match (ignoring source) package: path+file:///home/eirikr/Github/open_gororoba/crates/gororoba_gpu_vulkan#0.1.0 
Failed to match (ignoring source) package: path+file:///home/eirikr/Github/open_gororoba/crates/gororoba_gpu_vulkan#0.1.0 
Failed to match (ignoring source) package: path+file:///home/eirikr/Github/open_gororoba/crates/gororoba_gpu_vulkan#0.1.0 
Failed to match (ignoring source) package: path+file:///home/eirikr/Github/open_gororoba/crates/gororoba_gpu_vulkan#0.1.0 
Failed to match (ignoring source) package: path+file:///home/eirikr/Github/open_gororoba/crates/gororoba_gpu_vulkan#0.1.0 
Failed to match (ignoring source) package: path+file:///home/eirikr/Github/open_gororoba/crates/gororoba_gpu_vulkan#0.1.0 
Failed to match (ignoring source) package: path+file:///home/eirikr/Github/open_gororoba/crates/gororoba_gpu_vulkan#0.1.0 
Failed to match (ignoring source) package: path+file:///home/eirikr/Github/open_gororoba/crates/gororoba_gpu_vulkan#0.1.0 
Failed to match (ignoring source) package: path+file:///home/eirikr/Github/open_gororoba/crates/gororoba_gpu_vulkan#0.1.0 
Failed to match (ignoring source) package: path+file:///home/eirikr/Github/open_gororoba/crates/gororoba_gpu_vulkan#0.1.0 
Failed to match (ignoring source) package: path+file:///home/eirikr/Github/open_gororoba/crates/gororoba_gpu_vulkan#0.1.0 
Failed to match (ignoring source) package: path+file:///home/eirikr/Github/open_gororoba/crates/gororoba_gpu_vulkan#0.1.0 
Failed to match (ignoring source) package: path+file:///home/eirikr/Github/open_gororoba/crates/gororoba_gpu_vulkan#0.1.0 
Failed to match (ignoring source) package: path+file:///home/eirikr/Github/open_gororoba/crates/gororoba_gpu_vulkan#0.1.0 
Failed to match (ignoring source) package: registry+https://github.com/rust-lang/crates.io-index#allocator-api2@0.2.21 
Failed to match (ignoring source) package: registry+https://github.com/rust-lang/crates.io-index#allocator-api2@0.2.21 
Failed to match (ignoring source) package: registry+https://github.com/rust-lang/crates.io-index#allocator-api2@0.2.21 
Failed to match (ignoring source) package: registry+https://github.com/rust-lang/crates.io-index#allocator-api2@0.2.21 
Failed to match (ignoring source) package: registry+https://github.com/rust-lang/crates.io-index#allocator-api2@0.2.21 
Failed to match (ignoring source) package: registry+https://github.com/rust-lang/crates.io-index#allocator-api2@0.2.21 
Failed to match (ignoring source) package: registry+https://github.com/rust-lang/crates.io-index#allocator-api2@0.2.21 
Failed to match (ignoring source) package: registry+https://github.com/rust-lang/crates.io-index#allocator-api2@0.2.21 
Failed to match (ignoring source) package: registry+https://github.com/rust-lang/crates.io-index#allocator-api2@0.2.21 
Failed to match (ignoring source) package: registry+https://github.com/rust-lang/crates.io-index#allocator-api2@0.2.21 
Failed to match (ignoring source) package: registry+https://github.com/rust-lang/crates.io-index#allocator-api2@0.2.21 
Failed to match (ignoring source) package: registry+https://github.com/rust-lang/crates.io-index#allocator-api2@0.2.21 
Failed to match (ignoring source) package: registry+https://github.com/rust-lang/crates.io-index#allocator-api2@0.2.21 
Failed to match (ignoring source) package: registry+https://github.com/rust-lang/crates.io-index#allocator-api2@0.2.21 
Failed to match (ignoring source) package: registry+https://github.com/rust-lang/crates.io-index#allocator-api2@0.2.21 
Failed to match (ignoring source) package: registry+https://github.com/rust-lang/crates.io-index#clap_derive@4.6.0 
Failed to match (ignoring source) package: registry+https://github.com/rust-lang/crates.io-index#clap_derive@4.6.0 
Failed to match (ignoring source) package: registry+https://github.com/rust-lang/crates.io-index#clap_derive@4.6.0 
Failed to match (ignoring source) package: registry+https://github.com/rust-lang/crates.io-index#clap_derive@4.6.0 
Failed to match (ignoring source) package: registry+https://github.com/rust-lang/crates.io-index#clap_derive@4.6.0 
Failed to match (ignoring source) package: registry+https://github.com/rust-lang/crates.io-index#clap_derive@4.6.0 
Failed to match (ignoring source) package: registry+https://github.com/rust-lang/crates.io-index#clap_derive@4.6.0 
Failed to match (ignoring source) package: registry+https://github.com/rust-lang/crates.io-index#clap_derive@4.6.0 
Failed to match (ignoring source) package: registry+https://github.com/rust-lang/crates.io-index#clap_derive@4.6.0 
Failed to match (ignoring source) package: registry+https://github.com/rust-lang/crates.io-index#clap_derive@4.6.0 
Failed to match (ignoring source) package: registry+https://github.com/rust-lang/crates.io-index#clap_derive@4.6.0 
Failed to match (ignoring source) package: registry+https://github.com/rust-lang/crates.io-index#anstream@1.0.0 
Failed to match (ignoring source) package: registry+https://github.com/rust-lang/crates.io-index#anstream@1.0.0 
Failed to match (ignoring source) package: registry+https://github.com/rust-lang/crates.io-index#anstream@1.0.0 
Failed to match (ignoring source) package: registry+https://github.com/rust-lang/crates.io-index#anstream@1.0.0 
Failed to match (ignoring source) package: registry+https://github.com/rust-lang/crates.io-index#anstream@1.0.0 
Failed to match (ignoring source) package: registry+https://github.com/rust-lang/crates.io-index#anstream@1.0.0 
Failed to match (ignoring source) package: registry+https://github.com/rust-lang/crates.io-index#anstream@1.0.0 
Failed to match (ignoring source) package: registry+https://github.com/rust-lang/crates.io-index#anstream@1.0.0 
Failed to match (ignoring source) package: registry+https://github.com/rust-lang/crates.io-index#anstream@1.0.0 
Failed to match (ignoring source) package: registry+https://github.com/rust-lang/crates.io-index#anstream@1.0.0 
Failed to match (ignoring source) package: registry+https://github.com/rust-lang/crates.io-index#anstream@1.0.0 
Failed to match (ignoring source) package: registry+https://github.com/rust-lang/crates.io-index#anstream@1.0.0 
Failed to match (ignoring source) package: registry+https://github.com/rust-lang/crates.io-index#strsim@0.11.1 
Failed to match (ignoring source) package: registry+https://github.com/rust-lang/crates.io-index#strsim@0.11.1 
Failed to match (ignoring source) package: registry+https://github.com/rust-lang/crates.io-index#strsim@0.11.1 
Failed to match (ignoring source) package: registry+https://github.com/rust-lang/crates.io-index#strsim@0.11.1 
Failed to match (ignoring source) package: registry+https://github.com/rust-lang/crates.io-index#strsim@0.11.1 
Failed to match (ignoring source) package: registry+https://github.com/rust-lang/crates.io-index#strsim@0.11.1 
Failed to match (ignoring source) package: registry+https://github.com/rust-lang/crates.io-index#strsim@0.11.1 
Failed to match (ignoring source) package: registry+https://github.com/rust-lang/crates.io-index#strsim@0.11.1 
Failed to match (ignoring source) package: registry+https://github.com/rust-lang/crates.io-index#strsim@0.11.1 
Failed to match (ignoring source) package: registry+https://github.com/rust-lang/crates.io-index#strsim@0.11.1 
Failed to match (ignoring source) package: registry+https://github.com/rust-lang/crates.io-index#strsim@0.11.1 
Failed to match (ignoring source) package: registry+https://github.com/rust-lang/crates.io-index#strsim@0.11.1 
Failed to match (ignoring source) package: registry+https://github.com/rust-lang/crates.io-index#allocator-api2@0.2.21 
Failed to match (ignoring source) package: registry+https://github.com/rust-lang/crates.io-index#allocator-api2@0.2.21 
Failed to match (ignoring source) package: registry+https://github.com/rust-lang/crates.io-index#allocator-api2@0.2.21 
Failed to match (ignoring source) package: registry+https://github.com/rust-lang/crates.io-index#allocator-api2@0.2.21 
Failed to match (ignoring source) package: registry+https://github.com/rust-lang/crates.io-index#allocator-api2@0.2.21 
Failed to match (ignoring source) package: registry+https://github.com/rust-lang/crates.io-index#allocator-api2@0.2.21 
Failed to match (ignoring source) package: registry+https://github.com/rust-lang/crates.io-index#allocator-api2@0.2.21 
Failed to match (ignoring source) package: registry+https://github.com/rust-lang/crates.io-index#allocator-api2@0.2.21 
Failed to match (ignoring source) package: registry+https://github.com/rust-lang/crates.io-index#allocator-api2@0.2.21 
Failed to match (ignoring source) package: registry+https://github.com/rust-lang/crates.io-index#allocator-api2@0.2.21 
Failed to match (ignoring source) package: registry+https://github.com/rust-lang/crates.io-index#allocator-api2@0.2.21 
Failed to match (ignoring source) package: registry+https://github.com/rust-lang/crates.io-index#allocator-api2@0.2.21 
Failed to match (ignoring source) package: registry+https://github.com/rust-lang/crates.io-index#allocator-api2@0.2.21 
Failed to match (ignoring source) package: registry+https://github.com/rust-lang/crates.io-index#allocator-api2@0.2.21 
Failed to match (ignoring source) package: registry+https://github.com/rust-lang/crates.io-index#document-features@0.2.12 
Failed to match (ignoring source) package: registry+https://github.com/rust-lang/crates.io-index#document-features@0.2.12 
Failed to match (ignoring source) package: registry+https://github.com/rust-lang/crates.io-index#document-features@0.2.12 
Failed to match (ignoring source) package: registry+https://github.com/rust-lang/crates.io-index#document-features@0.2.12 
Failed to match (ignoring source) package: registry+https://github.com/rust-lang/crates.io-index#document-features@0.2.12 
Failed to match (ignoring source) package: registry+https://github.com/rust-lang/crates.io-index#document-features@0.2.12 
Failed to match (ignoring source) package: registry+https://github.com/rust-lang/crates.io-index#document-features@0.2.12 
Failed to match (ignoring source) package: registry+https://github.com/rust-lang/crates.io-index#document-features@0.2.12 
Failed to match (ignoring source) package: registry+https://github.com/rust-lang/crates.io-index#document-features@0.2.12 
Failed to match (ignoring source) package: registry+https://github.com/rust-lang/crates.io-index#document-features@0.2.12 
Failed to match (ignoring source) package: registry+https://github.com/rust-lang/crates.io-index#document-features@0.2.12 
Failed to match (ignoring source) package: registry+https://github.com/rust-lang/crates.io-index#fallible-iterator@0.3.0 
Failed to match (ignoring source) package: registry+https://github.com/rust-lang/crates.io-index#fallible-iterator@0.3.0 
Failed to match (ignoring source) package: registry+https://github.com/rust-lang/crates.io-index#fallible-iterator@0.3.0 
Failed to match (ignoring source) package: registry+https://github.com/rust-lang/crates.io-index#fallible-iterator@0.3.0 
Failed to match (ignoring source) package: registry+https://github.com/rust-lang/crates.io-index#fallible-iterator@0.3.0 
Failed to match (ignoring source) package: registry+https://github.com/rust-lang/crates.io-index#fallible-iterator@0.3.0 
Failed to match (ignoring source) package: registry+https://github.com/rust-lang/crates.io-index#fallible-iterator@0.3.0 
Failed to match (ignoring source) package: registry+https://github.com/rust-lang/crates.io-index#fallible-iterator@0.3.0 
Failed to match (ignoring source) package: registry+https://github.com/rust-lang/crates.io-index#fallible-iterator@0.3.0 
Failed to match (ignoring source) package: registry+https://github.com/rust-lang/crates.io-index#fallible-iterator@0.3.0 
Failed to match (ignoring source) package: registry+https://github.com/rust-lang/crates.io-index#fallible-iterator@0.3.0 
Failed to match (ignoring source) package: registry+https://github.com/rust-lang/crates.io-index#fallible-iterator@0.3.0 
Failed to match (ignoring source) package: registry+https://github.com/rust-lang/crates.io-index#fallible-iterator@0.3.0 
Failed to match (ignoring source) package: registry+https://github.com/rust-lang/crates.io-index#fallible-iterator@0.3.0 
Failed to match (ignoring source) package: registry+https://github.com/rust-lang/crates.io-index#fallible-iterator@0.3.0 
Failed to match (ignoring source) package: registry+https://github.com/rust-lang/crates.io-index#typed-arena@2.0.2 
Failed to match (ignoring source) package: registry+https://github.com/rust-lang/crates.io-index#typed-arena@2.0.2 
Failed to match (ignoring source) package: registry+https://github.com/rust-lang/crates.io-index#typed-arena@2.0.2 
Failed to match (ignoring source) package: registry+https://github.com/rust-lang/crates.io-index#typed-arena@2.0.2 
Failed to match (ignoring source) package: registry+https://github.com/rust-lang/crates.io-index#typed-arena@2.0.2 
Failed to match (ignoring source) package: registry+https://github.com/rust-lang/crates.io-index#typed-arena@2.0.2 
Failed to match (ignoring source) package: registry+https://github.com/rust-lang/crates.io-index#typed-arena@2.0.2 
Failed to match (ignoring source) package: registry+https://github.com/rust-lang/crates.io-index#typed-arena@2.0.2 
Failed to match (ignoring source) package: registry+https://github.com/rust-lang/crates.io-index#typed-arena@2.0.2 
Failed to match (ignoring source) package: registry+https://github.com/rust-lang/crates.io-index#typed-arena@2.0.2 
Failed to match (ignoring source) package: registry+https://github.com/rust-lang/crates.io-index#typed-arena@2.0.2 
Failed to match (ignoring source) package: registry+https://github.com/rust-lang/crates.io-index#typed-arena@2.0.2 
Failed to match (ignoring source) package: registry+https://github.com/rust-lang/crates.io-index#typed-arena@2.0.2 
Failed to match (ignoring source) package: registry+https://github.com/rust-lang/crates.io-index#typed-arena@2.0.2 
Failed to match (ignoring source) package: registry+https://github.com/rust-lang/crates.io-index#typed-arena@2.0.2 
Failed to match (ignoring source) package: registry+https://github.com/rust-lang/crates.io-index#stable_deref_trait@1.2.1 
Failed to match (ignoring source) package: registry+https://github.com/rust-lang/crates.io-index#stable_deref_trait@1.2.1 
Failed to match (ignoring source) package: registry+https://github.com/rust-lang/crates.io-index#stable_deref_trait@1.2.1 
Failed to match (ignoring source) package: registry+https://github.com/rust-lang/crates.io-index#stable_deref_trait@1.2.1 
Failed to match (ignoring source) package: registry+https://github.com/rust-lang/crates.io-index#fallible-iterator@0.3.0 
Failed to match (ignoring source) package: registry+https://github.com/rust-lang/crates.io-index#fallible-iterator@0.3.0 
Failed to match (ignoring source) package: registry+https://github.com/rust-lang/crates.io-index#fallible-iterator@0.3.0 
Failed to match (ignoring source) package: registry+https://github.com/rust-lang/crates.io-index#fallible-iterator@0.3.0 
Failed to match (ignoring source) package: registry+https://github.com/rust-lang/crates.io-index#fallible-iterator@0.3.0 
Failed to match (ignoring source) package: registry+https://github.com/rust-lang/crates.io-index#fallible-iterator@0.3.0 
Failed to match (ignoring source) package: registry+https://github.com/rust-lang/crates.io-index#stable_deref_trait@1.2.1 
Failed to match (ignoring source) package: registry+https://github.com/rust-lang/crates.io-index#stable_deref_trait@1.2.1 
Failed to match (ignoring source) package: registry+https://github.com/rust-lang/crates.io-index#stable_deref_trait@1.2.1 
Failed to match (ignoring source) package: registry+https://github.com/rust-lang/crates.io-index#stable_deref_trait@1.2.1 
Failed to match (ignoring source) package: registry+https://github.com/rust-lang/crates.io-index#stable_deref_trait@1.2.1 
Failed to match (ignoring source) package: registry+https://github.com/rust-lang/crates.io-index#stable_deref_trait@1.2.1 
Failed to match (ignoring source) package: registry+https://github.com/rust-lang/crates.io-index#glam@0.14.0 
Failed to match (ignoring source) package: registry+https://github.com/rust-lang/crates.io-index#glam@0.14.0 
Failed to match (ignoring source) package: registry+https://github.com/rust-lang/crates.io-index#glam@0.14.0 
Failed to match (ignoring source) package: registry+https://github.com/rust-lang/crates.io-index#glam@0.14.0 
Failed to match (ignoring source) package: registry+https://github.com/rust-lang/crates.io-index#glam@0.14.0 
Failed to match (ignoring source) package: registry+https://github.com/rust-lang/crates.io-index#glam@0.14.0 
Failed to match (ignoring source) package: registry+https://github.com/rust-lang/crates.io-index#glam@0.14.0 
Failed to match (ignoring source) package: registry+https://github.com/rust-lang/crates.io-index#glam@0.14.0 
Failed to match (ignoring source) package: registry+https://github.com/rust-lang/crates.io-index#glam@0.14.0 
Failed to match (ignoring source) package: registry+https://github.com/rust-lang/crates.io-index#glam@0.14.0 
Failed to match (ignoring source) package: registry+https://github.com/rust-lang/crates.io-index#glam@0.14.0 
Failed to match (ignoring source) package: registry+https://github.com/rust-lang/crates.io-index#glam@0.14.0 
Failed to match (ignoring source) package: registry+https://github.com/rust-lang/crates.io-index#glam@0.14.0 
Failed to match (ignoring source) package: registry+https://github.com/rust-lang/crates.io-index#glam@0.14.0 
Failed to match (ignoring source) package: registry+https://github.com/rust-lang/crates.io-index#glam@0.14.0 
Failed to match (ignoring source) package: registry+https://github.com/rust-lang/crates.io-index#glam@0.14.0 
Failed to match (ignoring source) package: registry+https://github.com/rust-lang/crates.io-index#glam@0.14.0 
Failed to match (ignoring source) package: registry+https://github.com/rust-lang/crates.io-index#glam@0.14.0 
Failed to match (ignoring source) package: registry+https://github.com/rust-lang/crates.io-index#glam@0.14.0 
Failed to match (ignoring source) package: registry+https://github.com/rust-lang/crates.io-index#glam@0.14.0 
Failed to match (ignoring source) package: registry+https://github.com/rust-lang/crates.io-index#glam@0.14.0 
Failed to match (ignoring source) package: registry+https://github.com/rust-lang/crates.io-index#glam@0.14.0 
Failed to match (ignoring source) package: registry+https://github.com/rust-lang/crates.io-index#glam@0.14.0 
Failed to match (ignoring source) package: registry+https://github.com/rust-lang/crates.io-index#glam@0.14.0 
Failed to match (ignoring source) package: registry+https://github.com/rust-lang/crates.io-index#glam@0.14.0 
Failed to match (ignoring source) package: registry+https://github.com/rust-lang/crates.io-index#glam@0.14.0 
Failed to match (ignoring source) package: registry+https://github.com/rust-lang/crates.io-index#glam@0.14.0 
Failed to match (ignoring source) package: registry+https://github.com/rust-lang/crates.io-index#glam@0.14.0 
Failed to match (ignoring source) package: registry+https://github.com/rust-lang/crates.io-index#glam@0.14.0 
Failed to match (ignoring source) package: registry+https://github.com/rust-lang/crates.io-index#glam@0.14.0 
Failed to match (ignoring source) package: registry+https://github.com/rust-lang/crates.io-index#glam@0.14.0 
Failed to match (ignoring source) package: registry+https://github.com/rust-lang/crates.io-index#glam@0.14.0 
Failed to match (ignoring source) package: registry+https://github.com/rust-lang/crates.io-index#glam@0.14.0 
Failed to match (ignoring source) package: registry+https://github.com/rust-lang/crates.io-index#glam@0.14.0 
Failed to match (ignoring source) package: registry+https://github.com/rust-lang/crates.io-index#glam@0.14.0 
Failed to match (ignoring source) package: registry+https://github.com/rust-lang/crates.io-index#glam@0.14.0 
Failed to match (ignoring source) package: registry+https://github.com/rust-lang/crates.io-index#glam@0.14.0 
Failed to match (ignoring source) package: registry+https://github.com/rust-lang/crates.io-index#glam@0.14.0 
Failed to match (ignoring source) package: registry+https://github.com/rust-lang/crates.io-index#glam@0.14.0 
Failed to match (ignoring source) package: registry+https://github.com/rust-lang/crates.io-index#glam@0.14.0 
Failed to match (ignoring source) package: registry+https://github.com/rust-lang/crates.io-index#glam@0.14.0 
Failed to match (ignoring source) package: registry+https://github.com/rust-lang/crates.io-index#glam@0.14.0 
Failed to match (ignoring source) package: registry+https://github.com/rust-lang/crates.io-index#glam@0.14.0 
Failed to match (ignoring source) package: registry+https://github.com/rust-lang/crates.io-index#glam@0.14.0 
Failed to match (ignoring source) package: registry+https://github.com/rust-lang/crates.io-index#glam@0.14.0 
Failed to match (ignoring source) package: registry+https://github.com/rust-lang/crates.io-index#glam@0.14.0 
Failed to match (ignoring source) package: registry+https://github.com/rust-lang/crates.io-index#glam@0.14.0 
Failed to match (ignoring source) package: registry+https://github.com/rust-lang/crates.io-index#glam@0.14.0 
Failed to match (ignoring source) package: registry+https://github.com/rust-lang/crates.io-index#glam@0.14.0 
Failed to match (ignoring source) package: registry+https://github.com/rust-lang/crates.io-index#glam@0.15.2 
Failed to match (ignoring source) package: registry+https://github.com/rust-lang/crates.io-index#glam@0.15.2 
Failed to match (ignoring source) package: registry+https://github.com/rust-lang/crates.io-index#glam@0.15.2 
Failed to match (ignoring source) package: registry+https://github.com/rust-lang/crates.io-index#glam@0.15.2 
Failed to match (ignoring source) package: registry+https://github.com/rust-lang/crates.io-index#glam@0.15.2 
Failed to match (ignoring source) package: registry+https://github.com/rust-lang/crates.io-index#glam@0.15.2 
Failed to match (ignoring source) package: registry+https://github.com/rust-lang/crates.io-index#glam@0.15.2 
Failed to match (ignoring source) package: registry+https://github.com/rust-lang/crates.io-index#glam@0.15.2 
Failed to match (ignoring source) package: registry+https://github.com/rust-lang/crates.io-index#glam@0.15.2 
Failed to match (ignoring source) package: registry+https://github.com/rust-lang/crates.io-index#glam@0.15.2 
Failed to match (ignoring source) package: registry+https://github.com/rust-lang/crates.io-index#glam@0.15.2 
Failed to match (ignoring source) package: registry+https://github.com/rust-lang/crates.io-index#glam@0.15.2 
Failed to match (ignoring source) package: registry+https://github.com/rust-lang/crates.io-index#glam@0.15.2 
Failed to match (ignoring source) package: registry+https://github.com/rust-lang/crates.io-index#glam@0.15.2 
Failed to match (ignoring source) package: registry+https://github.com/rust-lang/crates.io-index#glam@0.15.2 
Failed to match (ignoring source) package: registry+https://github.com/rust-lang/crates.io-index#glam@0.15.2 
Failed to match (ignoring source) package: registry+https://github.com/rust-lang/crates.io-index#glam@0.15.2 
Failed to match (ignoring source) package: registry+https://github.com/rust-lang/crates.io-index#glam@0.15.2 
Failed to match (ignoring source) package: registry+https://github.com/rust-lang/crates.io-index#glam@0.15.2 
Failed to match (ignoring source) package: registry+https://github.com/rust-lang/crates.io-index#glam@0.15.2 
Failed to match (ignoring source) package: registry+https://github.com/rust-lang/crates.io-index#glam@0.15.2 
Failed to match (ignoring source) package: registry+https://github.com/rust-lang/crates.io-index#glam@0.15.2 
Failed to match (ignoring source) package: registry+https://github.com/rust-lang/crates.io-index#glam@0.15.2 
Failed to match (ignoring source) package: registry+https://github.com/rust-lang/crates.io-index#glam@0.15.2 
Failed to match (ignoring source) package: registry+https://github.com/rust-lang/crates.io-index#glam@0.15.2 
Failed to match (ignoring source) package: registry+https://github.com/rust-lang/crates.io-index#glam@0.15.2 
Failed to match (ignoring source) package: registry+https://github.com/rust-lang/crates.io-index#glam@0.15.2 
Failed to match (ignoring source) package: registry+https://github.com/rust-lang/crates.io-index#glam@0.15.2 
Failed to match (ignoring source) package: registry+https://github.com/rust-lang/crates.io-index#glam@0.15.2 
Failed to match (ignoring source) package: registry+https://github.com/rust-lang/crates.io-index#glam@0.15.2 
Failed to match (ignoring source) package: registry+https://github.com/rust-lang/crates.io-index#glam@0.15.2 
Failed to match (ignoring source) package: registry+https://github.com/rust-lang/crates.io-index#glam@0.15.2 
Failed to match (ignoring source) package: registry+https://github.com/rust-lang/crates.io-index#glam@0.15.2 
Failed to match (ignoring source) package: registry+https://github.com/rust-lang/crates.io-index#glam@0.15.2 
Failed to match (ignoring source) package: registry+https://github.com/rust-lang/crates.io-index#glam@0.15.2 
Failed to match (ignoring source) package: registry+https://github.com/rust-lang/crates.io-index#glam@0.15.2 
Failed to match (ignoring source) package: registry+https://github.com/rust-lang/crates.io-index#glam@0.15.2 
Failed to match (ignoring source) package: registry+https://github.com/rust-lang/crates.io-index#glam@0.15.2 
Failed to match (ignoring source) package: registry+https://github.com/rust-lang/crates.io-index#glam@0.15.2 
Failed to match (ignoring source) package: registry+https://github.com/rust-lang/crates.io-index#glam@0.15.2 
Failed to match (ignoring source) package: registry+https://github.com/rust-lang/crates.io-index#glam@0.15.2 
Failed to match (ignoring source) package: registry+https://github.com/rust-lang/crates.io-index#glam@0.15.2 
Failed to match (ignoring source) package: registry+https://github.com/rust-lang/crates.io-index#glam@0.15.2 
Failed to match (ignoring source) package: registry+https://github.com/rust-lang/crates.io-index#glam@0.15.2 
Failed to match (ignoring source) package: registry+https://github.com/rust-lang/crates.io-index#glam@0.15.2 
Failed to match (ignoring source) package: registry+https://github.com/rust-lang/crates.io-index#glam@0.15.2 
Failed to match (ignoring source) package: registry+https://github.com/rust-lang/crates.io-index#glam@0.15.2 
Failed to match (ignoring source) package: registry+https://github.com/rust-lang/crates.io-index#glam@0.15.2 
Failed to match (ignoring source) package: registry+https://github.com/rust-lang/crates.io-index#glam@0.15.2 
Failed to match (ignoring source) package: registry+https://github.com/rust-lang/crates.io-index#glam@0.16.0 
Failed to match (ignoring source) package: registry+https://github.com/rust-lang/crates.io-index#glam@0.16.0 
Failed to match (ignoring source) package: registry+https://github.com/rust-lang/crates.io-index#glam@0.16.0 
Failed to match (ignoring source) package: registry+https://github.com/rust-lang/crates.io-index#glam@0.16.0 
Failed to match (ignoring source) package: registry+https://github.com/rust-lang/crates.io-index#glam@0.16.0 
Failed to match (ignoring source) package: registry+https://github.com/rust-lang/crates.io-index#glam@0.16.0 
Failed to match (ignoring source) package: registry+https://github.com/rust-lang/crates.io-index#glam@0.16.0 
Failed to match (ignoring source) package: registry+https://github.com/rust-lang/crates.io-index#glam@0.16.0 
Failed to match (ignoring source) package: registry+https://github.com/rust-lang/crates.io-index#glam@0.16.0 
Failed to match (ignoring source) package: registry+https://github.com/rust-lang/crates.io-index#glam@0.16.0 
Failed to match (ignoring source) package: registry+https://github.com/rust-lang/crates.io-index#glam@0.16.0 
Failed to match (ignoring source) package: registry+https://github.com/rust-lang/crates.io-index#glam@0.16.0 
Failed to match (ignoring source) package: registry+https://github.com/rust-lang/crates.io-index#glam@0.16.0 
Failed to match (ignoring source) package: registry+https://github.com/rust-lang/crates.io-index#glam@0.16.0 
Failed to match (ignoring source) package: registry+https://github.com/rust-lang/crates.io-index#glam@0.16.0 
Failed to match (ignoring source) package: registry+https://github.com/rust-lang/crates.io-index#glam@0.16.0 
Failed to match (ignoring source) package: registry+https://github.com/rust-lang/crates.io-index#glam@0.16.0 
Failed to match (ignoring source) package: registry+https://github.com/rust-lang/crates.io-index#glam@0.16.0 
Failed to match (ignoring source) package: registry+https://github.com/rust-lang/crates.io-index#glam@0.16.0 
Failed to match (ignoring source) package: registry+https://github.com/rust-lang/crates.io-index#glam@0.16.0 
Failed to match (ignoring source) package: registry+https://github.com/rust-lang/crates.io-index#glam@0.16.0 
Failed to match (ignoring source) package: registry+https://github.com/rust-lang/crates.io-index#glam@0.16.0 
Failed to match (ignoring source) package: registry+https://github.com/rust-lang/crates.io-index#glam@0.16.0 
Failed to match (ignoring source) package: registry+https://github.com/rust-lang/crates.io-index#glam@0.16.0 
Failed to match (ignoring source) package: registry+https://github.com/rust-lang/crates.io-index#glam@0.16.0 
Failed to match (ignoring source) package: registry+https://github.com/rust-lang/crates.io-index#glam@0.16.0 
Failed to match (ignoring source) package: registry+https://github.com/rust-lang/crates.io-index#glam@0.16.0 
Failed to match (ignoring source) package: registry+https://github.com/rust-lang/crates.io-index#glam@0.16.0 
Failed to match (ignoring source) package: registry+https://github.com/rust-lang/crates.io-index#glam@0.16.0 
Failed to match (ignoring source) package: registry+https://github.com/rust-lang/crates.io-index#glam@0.16.0 
Failed to match (ignoring source) package: registry+https://github.com/rust-lang/crates.io-index#glam@0.16.0 
Failed to match (ignoring source) package: registry+https://github.com/rust-lang/crates.io-index#glam@0.16.0 
Failed to match (ignoring source) package: registry+https://github.com/rust-lang/crates.io-index#glam@0.16.0 
Failed to match (ignoring source) package: registry+https://github.com/rust-lang/crates.io-index#glam@0.16.0 
Failed to match (ignoring source) package: registry+https://github.com/rust-lang/crates.io-index#glam@0.16.0 
Failed to match (ignoring source) package: registry+https://github.com/rust-lang/crates.io-index#glam@0.16.0 
Failed to match (ignoring source) package: registry+https://github.com/rust-lang/crates.io-index#glam@0.16.0 
Failed to match (ignoring source) package: registry+https://github.com/rust-lang/crates.io-index#glam@0.16.0 
Failed to match (ignoring source) package: registry+https://github.com/rust-lang/crates.io-index#glam@0.16.0 
Failed to match (ignoring source) package: registry+https://github.com/rust-lang/crates.io-index#glam@0.16.0 
Failed to match (ignoring source) package: registry+https://github.com/rust-lang/crates.io-index#glam@0.16.0 
Failed to match (ignoring source) package: registry+https://github.com/rust-lang/crates.io-index#glam@0.16.0 
Failed to match (ignoring source) package: registry+https://github.com/rust-lang/crates.io-index#glam@0.16.0 
Failed to match (ignoring source) package: registry+https://github.com/rust-lang/crates.io-index#glam@0.16.0 
Failed to match (ignoring source) package: registry+https://github.com/rust-lang/crates.io-index#glam@0.16.0 
Failed to match (ignoring source) package: registry+https://github.com/rust-lang/crates.io-index#glam@0.16.0 
Failed to match (ignoring source) package: registry+https://github.com/rust-lang/crates.io-index#glam@0.16.0 
Failed to match (ignoring source) package: registry+https://github.com/rust-lang/crates.io-index#glam@0.16.0 
Failed to match (ignoring source) package: registry+https://github.com/rust-lang/crates.io-index#glam@0.16.0 
Failed to match (ignoring source) package: registry+https://github.com/rust-lang/crates.io-index#glam@0.17.3 
Failed to match (ignoring source) package: registry+https://github.com/rust-lang/crates.io-index#glam@0.17.3 
Failed to match (ignoring source) package: registry+https://github.com/rust-lang/crates.io-index#glam@0.17.3 
Failed to match (ignoring source) package: registry+https://github.com/rust-lang/crates.io-index#glam@0.17.3 
Failed to match (ignoring source) package: registry+https://github.com/rust-lang/crates.io-index#glam@0.17.3 
Failed to match (ignoring source) package: registry+https://github.com/rust-lang/crates.io-index#glam@0.17.3 
Failed to match (ignoring source) package: registry+https://github.com/rust-lang/crates.io-index#glam@0.17.3 
Failed to match (ignoring source) package: registry+https://github.com/rust-lang/crates.io-index#glam@0.17.3 
Failed to match (ignoring source) package: registry+https://github.com/rust-lang/crates.io-index#glam@0.17.3 
Failed to match (ignoring source) package: registry+https://github.com/rust-lang/crates.io-index#glam@0.17.3 
Failed to match (ignoring source) package: registry+https://github.com/rust-lang/crates.io-index#glam@0.17.3 
Failed to match (ignoring source) package: registry+https://github.com/rust-lang/crates.io-index#glam@0.17.3 
Failed to match (ignoring source) package: registry+https://github.com/rust-lang/crates.io-index#glam@0.17.3 
Failed to match (ignoring source) package: registry+https://github.com/rust-lang/crates.io-index#glam@0.17.3 
Failed to match (ignoring source) package: registry+https://github.com/rust-lang/crates.io-index#glam@0.17.3 
Failed to match (ignoring source) package: registry+https://github.com/rust-lang/crates.io-index#glam@0.17.3 
Failed to match (ignoring source) package: registry+https://github.com/rust-lang/crates.io-index#glam@0.17.3 
Failed to match (ignoring source) package: registry+https://github.com/rust-lang/crates.io-index#glam@0.17.3 
Failed to match (ignoring source) package: registry+https://github.com/rust-lang/crates.io-index#glam@0.17.3 
Failed to match (ignoring source) package: registry+https://github.com/rust-lang/crates.io-index#glam@0.17.3 
Failed to match (ignoring source) package: registry+https://github.com/rust-lang/crates.io-index#glam@0.17.3 
Failed to match (ignoring source) package: registry+https://github.com/rust-lang/crates.io-index#glam@0.17.3 
Failed to match (ignoring source) package: registry+https://github.com/rust-lang/crates.io-index#glam@0.17.3 
Failed to match (ignoring source) package: registry+https://github.com/rust-lang/crates.io-index#glam@0.17.3 
Failed to match (ignoring source) package: registry+https://github.com/rust-lang/crates.io-index#glam@0.17.3 
Failed to match (ignoring source) package: registry+https://github.com/rust-lang/crates.io-index#glam@0.17.3 
Failed to match (ignoring source) package: registry+https://github.com/rust-lang/crates.io-index#glam@0.17.3 
Failed to match (ignoring source) package: registry+https://github.com/rust-lang/crates.io-index#glam@0.17.3 
Failed to match (ignoring source) package: registry+https://github.com/rust-lang/crates.io-index#glam@0.17.3 
Failed to match (ignoring source) package: registry+https://github.com/rust-lang/crates.io-index#glam@0.17.3 
Failed to match (ignoring source) package: registry+https://github.com/rust-lang/crates.io-index#glam@0.17.3 
Failed to match (ignoring source) package: registry+https://github.com/rust-lang/crates.io-index#glam@0.17.3 
Failed to match (ignoring source) package: registry+https://github.com/rust-lang/crates.io-index#glam@0.17.3 
Failed to match (ignoring source) package: registry+https://github.com/rust-lang/crates.io-index#glam@0.17.3 
Failed to match (ignoring source) package: registry+https://github.com/rust-lang/crates.io-index#glam@0.17.3 
Failed to match (ignoring source) package: registry+https://github.com/rust-lang/crates.io-index#glam@0.17.3 
Failed to match (ignoring source) package: registry+https://github.com/rust-lang/crates.io-index#glam@0.17.3 
Failed to match (ignoring source) package: registry+https://github.com/rust-lang/crates.io-index#glam@0.17.3 
Failed to match (ignoring source) package: registry+https://github.com/rust-lang/crates.io-index#glam@0.17.3 
Failed to match (ignoring source) package: registry+https://github.com/rust-lang/crates.io-index#glam@0.17.3 
Failed to match (ignoring source) package: registry+https://github.com/rust-lang/crates.io-index#glam@0.17.3 
Failed to match (ignoring source) package: registry+https://github.com/rust-lang/crates.io-index#glam@0.17.3 
Failed to match (ignoring source) package: registry+https://github.com/rust-lang/crates.io-index#glam@0.17.3 
Failed to match (ignoring source) package: registry+https://github.com/rust-lang/crates.io-index#glam@0.17.3 
Failed to match (ignoring source) package: registry+https://github.com/rust-lang/crates.io-index#glam@0.17.3 
Failed to match (ignoring source) package: registry+https://github.com/rust-lang/crates.io-index#glam@0.17.3 
Failed to match (ignoring source) package: registry+https://github.com/rust-lang/crates.io-index#glam@0.17.3 
Failed to match (ignoring source) package: registry+https://github.com/rust-lang/crates.io-index#glam@0.17.3 
Failed to match (ignoring source) package: registry+https://github.com/rust-lang/crates.io-index#glam@0.17.3 
Failed to match (ignoring source) package: registry+https://github.com/rust-lang/crates.io-index#glam@0.18.0 
Failed to match (ignoring source) package: registry+https://github.com/rust-lang/crates.io-index#glam@0.18.0 
Failed to match (ignoring source) package: registry+https://github.com/rust-lang/crates.io-index#glam@0.18.0 
Failed to match (ignoring source) package: registry+https://github.com/rust-lang/crates.io-index#glam@0.18.0 
Failed to match (ignoring source) package: registry+https://github.com/rust-lang/crates.io-index#glam@0.18.0 
Failed to match (ignoring source) package: registry+https://github.com/rust-lang/crates.io-index#glam@0.18.0 
Failed to match (ignoring source) package: registry+https://github.com/rust-lang/crates.io-index#glam@0.18.0 
Failed to match (ignoring source) package: registry+https://github.com/rust-lang/crates.io-index#glam@0.18.0 
Failed to match (ignoring source) package: registry+https://github.com/rust-lang/crates.io-index#glam@0.18.0 
Failed to match (ignoring source) package: registry+https://github.com/rust-lang/crates.io-index#glam@0.18.0 
Failed to match (ignoring source) package: registry+https://github.com/rust-lang/crates.io-index#glam@0.18.0 
Failed to match (ignoring source) package: registry+https://github.com/rust-lang/crates.io-index#glam@0.18.0 
Failed to match (ignoring source) package: registry+https://github.com/rust-lang/crates.io-index#glam@0.18.0 
Failed to match (ignoring source) package: registry+https://github.com/rust-lang/crates.io-index#glam@0.18.0 
Failed to match (ignoring source) package: registry+https://github.com/rust-lang/crates.io-index#glam@0.18.0 
Failed to match (ignoring source) package: registry+https://github.com/rust-lang/crates.io-index#glam@0.18.0 
Failed to match (ignoring source) package: registry+https://github.com/rust-lang/crates.io-index#glam@0.18.0 
Failed to match (ignoring source) package: registry+https://github.com/rust-lang/crates.io-index#glam@0.18.0 
Failed to match (ignoring source) package: registry+https://github.com/rust-lang/crates.io-index#glam@0.18.0 
Failed to match (ignoring source) package: registry+https://github.com/rust-lang/crates.io-index#glam@0.18.0 
Failed to match (ignoring source) package: registry+https://github.com/rust-lang/crates.io-index#glam@0.18.0 
Failed to match (ignoring source) package: registry+https://github.com/rust-lang/crates.io-index#glam@0.18.0 
Failed to match (ignoring source) package: registry+https://github.com/rust-lang/crates.io-index#glam@0.18.0 
Failed to match (ignoring source) package: registry+https://github.com/rust-lang/crates.io-index#glam@0.18.0 
Failed to match (ignoring source) package: registry+https://github.com/rust-lang/crates.io-index#glam@0.18.0 
Failed to match (ignoring source) package: registry+https://github.com/rust-lang/crates.io-index#glam@0.18.0 
Failed to match (ignoring source) package: registry+https://github.com/rust-lang/crates.io-index#glam@0.18.0 
Failed to match (ignoring source) package: registry+https://github.com/rust-lang/crates.io-index#glam@0.18.0 
Failed to match (ignoring source) package: registry+https://github.com/rust-lang/crates.io-index#glam@0.18.0 
Failed to match (ignoring source) package: registry+https://github.com/rust-lang/crates.io-index#glam@0.18.0 
Failed to match (ignoring source) package: registry+https://github.com/rust-lang/crates.io-index#glam@0.18.0 
Failed to match (ignoring source) package: registry+https://github.com/rust-lang/crates.io-index#glam@0.18.0 
Failed to match (ignoring source) package: registry+https://github.com/rust-lang/crates.io-index#glam@0.18.0 
Failed to match (ignoring source) package: registry+https://github.com/rust-lang/crates.io-index#glam@0.18.0 
Failed to match (ignoring source) package: registry+https://github.com/rust-lang/crates.io-index#glam@0.18.0 
Failed to match (ignoring source) package: registry+https://github.com/rust-lang/crates.io-index#glam@0.18.0 
Failed to match (ignoring source) package: registry+https://github.com/rust-lang/crates.io-index#glam@0.18.0 
Failed to match (ignoring source) package: registry+https://github.com/rust-lang/crates.io-index#glam@0.18.0 
Failed to match (ignoring source) package: registry+https://github.com/rust-lang/crates.io-index#glam@0.18.0 
Failed to match (ignoring source) package: registry+https://github.com/rust-lang/crates.io-index#glam@0.18.0 
Failed to match (ignoring source) package: registry+https://github.com/rust-lang/crates.io-index#glam@0.18.0 
Failed to match (ignoring source) package: registry+https://github.com/rust-lang/crates.io-index#glam@0.18.0 
Failed to match (ignoring source) package: registry+https://github.com/rust-lang/crates.io-index#glam@0.18.0 
Failed to match (ignoring source) package: registry+https://github.com/rust-lang/crates.io-index#glam@0.18.0 
Failed to match (ignoring source) package: registry+https://github.com/rust-lang/crates.io-index#glam@0.18.0 
Failed to match (ignoring source) package: registry+https://github.com/rust-lang/crates.io-index#glam@0.18.0 
Failed to match (ignoring source) package: registry+https://github.com/rust-lang/crates.io-index#glam@0.18.0 
Failed to match (ignoring source) package: registry+https://github.com/rust-lang/crates.io-index#glam@0.18.0 
Failed to match (ignoring source) package: registry+https://github.com/rust-lang/crates.io-index#glam@0.18.0 
Failed to match (ignoring source) package: registry+https://github.com/rust-lang/crates.io-index#glam@0.19.0 
Failed to match (ignoring source) package: registry+https://github.com/rust-lang/crates.io-index#glam@0.19.0 
Failed to match (ignoring source) package: registry+https://github.com/rust-lang/crates.io-index#glam@0.19.0 
Failed to match (ignoring source) package: registry+https://github.com/rust-lang/crates.io-index#glam@0.19.0 
Failed to match (ignoring source) package: registry+https://github.com/rust-lang/crates.io-index#glam@0.19.0 
Failed to match (ignoring source) package: registry+https://github.com/rust-lang/crates.io-index#glam@0.19.0 
Failed to match (ignoring source) package: registry+https://github.com/rust-lang/crates.io-index#glam@0.19.0 
Failed to match (ignoring source) package: registry+https://github.com/rust-lang/crates.io-index#glam@0.19.0 
Failed to match (ignoring source) package: registry+https://github.com/rust-lang/crates.io-index#glam@0.19.0 
Failed to match (ignoring source) package: registry+https://github.com/rust-lang/crates.io-index#glam@0.19.0 
Failed to match (ignoring source) package: registry+https://github.com/rust-lang/crates.io-index#glam@0.19.0 
Failed to match (ignoring source) package: registry+https://github.com/rust-lang/crates.io-index#glam@0.19.0 
Failed to match (ignoring source) package: registry+https://github.com/rust-lang/crates.io-index#glam@0.19.0 
Failed to match (ignoring source) package: registry+https://github.com/rust-lang/crates.io-index#glam@0.19.0 
Failed to match (ignoring source) package: registry+https://github.com/rust-lang/crates.io-index#glam@0.19.0 
Failed to match (ignoring source) package: registry+https://github.com/rust-lang/crates.io-index#glam@0.19.0 
Failed to match (ignoring source) package: registry+https://github.com/rust-lang/crates.io-index#glam@0.19.0 
Failed to match (ignoring source) package: registry+https://github.com/rust-lang/crates.io-index#glam@0.19.0 
Failed to match (ignoring source) package: registry+https://github.com/rust-lang/crates.io-index#glam@0.19.0 
Failed to match (ignoring source) package: registry+https://github.com/rust-lang/crates.io-index#glam@0.19.0 
Failed to match (ignoring source) package: registry+https://github.com/rust-lang/crates.io-index#glam@0.19.0 
Failed to match (ignoring source) package: registry+https://github.com/rust-lang/crates.io-index#glam@0.19.0 
Failed to match (ignoring source) package: registry+https://github.com/rust-lang/crates.io-index#glam@0.19.0 
Failed to match (ignoring source) package: registry+https://github.com/rust-lang/crates.io-index#glam@0.19.0 
Failed to match (ignoring source) package: registry+https://github.com/rust-lang/crates.io-index#glam@0.19.0 
Failed to match (ignoring source) package: registry+https://github.com/rust-lang/crates.io-index#glam@0.19.0 
Failed to match (ignoring source) package: registry+https://github.com/rust-lang/crates.io-index#glam@0.19.0 
Failed to match (ignoring source) package: registry+https://github.com/rust-lang/crates.io-index#glam@0.19.0 
Failed to match (ignoring source) package: registry+https://github.com/rust-lang/crates.io-index#glam@0.19.0 
Failed to match (ignoring source) package: registry+https://github.com/rust-lang/crates.io-index#glam@0.19.0 
Failed to match (ignoring source) package: registry+https://github.com/rust-lang/crates.io-index#glam@0.19.0 
Failed to match (ignoring source) package: registry+https://github.com/rust-lang/crates.io-index#glam@0.19.0 
Failed to match (ignoring source) package: registry+https://github.com/rust-lang/crates.io-index#glam@0.19.0 
Failed to match (ignoring source) package: registry+https://github.com/rust-lang/crates.io-index#glam@0.19.0 
Failed to match (ignoring source) package: registry+https://github.com/rust-lang/crates.io-index#glam@0.19.0 
Failed to match (ignoring source) package: registry+https://github.com/rust-lang/crates.io-index#glam@0.19.0 
Failed to match (ignoring source) package: registry+https://github.com/rust-lang/crates.io-index#glam@0.19.0 
Failed to match (ignoring source) package: registry+https://github.com/rust-lang/crates.io-index#glam@0.19.0 
Failed to match (ignoring source) package: registry+https://github.com/rust-lang/crates.io-index#glam@0.19.0 
Failed to match (ignoring source) package: registry+https://github.com/rust-lang/crates.io-index#glam@0.19.0 
Failed to match (ignoring source) package: registry+https://github.com/rust-lang/crates.io-index#glam@0.19.0 
Failed to match (ignoring source) package: registry+https://github.com/rust-lang/crates.io-index#glam@0.19.0 
Failed to match (ignoring source) package: registry+https://github.com/rust-lang/crates.io-index#glam@0.19.0 
Failed to match (ignoring source) package: registry+https://github.com/rust-lang/crates.io-index#glam@0.19.0 
Failed to match (ignoring source) package: registry+https://github.com/rust-lang/crates.io-index#glam@0.19.0 
Failed to match (ignoring source) package: registry+https://github.com/rust-lang/crates.io-index#glam@0.19.0 
Failed to match (ignoring source) package: registry+https://github.com/rust-lang/crates.io-index#glam@0.19.0 
Failed to match (ignoring source) package: registry+https://github.com/rust-lang/crates.io-index#glam@0.19.0 
Failed to match (ignoring source) package: registry+https://github.com/rust-lang/crates.io-index#glam@0.19.0 
Failed to match (ignoring source) package: registry+https://github.com/rust-lang/crates.io-index#glam@0.20.5 
Failed to match (ignoring source) package: registry+https://github.com/rust-lang/crates.io-index#glam@0.20.5 
Failed to match (ignoring source) package: registry+https://github.com/rust-lang/crates.io-index#glam@0.20.5 
Failed to match (ignoring source) package: registry+https://github.com/rust-lang/crates.io-index#glam@0.20.5 
Failed to match (ignoring source) package: registry+https://github.com/rust-lang/crates.io-index#glam@0.20.5 
Failed to match (ignoring source) package: registry+https://github.com/rust-lang/crates.io-index#glam@0.20.5 
Failed to match (ignoring source) package: registry+https://github.com/rust-lang/crates.io-index#glam@0.20.5 
Failed to match (ignoring source) package: registry+https://github.com/rust-lang/crates.io-index#glam@0.20.5 
Failed to match (ignoring source) package: registry+https://github.com/rust-lang/crates.io-index#glam@0.20.5 
Failed to match (ignoring source) package: registry+https://github.com/rust-lang/crates.io-index#glam@0.20.5 
Failed to match (ignoring source) package: registry+https://github.com/rust-lang/crates.io-index#glam@0.20.5 
Failed to match (ignoring source) package: registry+https://github.com/rust-lang/crates.io-index#glam@0.20.5 
Failed to match (ignoring source) package: registry+https://github.com/rust-lang/crates.io-index#glam@0.20.5 
Failed to match (ignoring source) package: registry+https://github.com/rust-lang/crates.io-index#glam@0.20.5 
Failed to match (ignoring source) package: registry+https://github.com/rust-lang/crates.io-index#glam@0.20.5 
Failed to match (ignoring source) package: registry+https://github.com/rust-lang/crates.io-index#glam@0.20.5 
Failed to match (ignoring source) package: registry+https://github.com/rust-lang/crates.io-index#glam@0.20.5 
Failed to match (ignoring source) package: registry+https://github.com/rust-lang/crates.io-index#glam@0.20.5 
Failed to match (ignoring source) package: registry+https://github.com/rust-lang/crates.io-index#glam@0.20.5 
Failed to match (ignoring source) package: registry+https://github.com/rust-lang/crates.io-index#glam@0.20.5 
Failed to match (ignoring source) package: registry+https://github.com/rust-lang/crates.io-index#glam@0.20.5 
Failed to match (ignoring source) package: registry+https://github.com/rust-lang/crates.io-index#glam@0.20.5 
Failed to match (ignoring source) package: registry+https://github.com/rust-lang/crates.io-index#glam@0.20.5 
Failed to match (ignoring source) package: registry+https://github.com/rust-lang/crates.io-index#glam@0.20.5 
Failed to match (ignoring source) package: registry+https://github.com/rust-lang/crates.io-index#glam@0.20.5 
Failed to match (ignoring source) package: registry+https://github.com/rust-lang/crates.io-index#glam@0.20.5 
Failed to match (ignoring source) package: registry+https://github.com/rust-lang/crates.io-index#glam@0.20.5 
Failed to match (ignoring source) package: registry+https://github.com/rust-lang/crates.io-index#glam@0.20.5 
Failed to match (ignoring source) package: registry+https://github.com/rust-lang/crates.io-index#glam@0.20.5 
Failed to match (ignoring source) package: registry+https://github.com/rust-lang/crates.io-index#glam@0.20.5 
Failed to match (ignoring source) package: registry+https://github.com/rust-lang/crates.io-index#glam@0.20.5 
Failed to match (ignoring source) package: registry+https://github.com/rust-lang/crates.io-index#glam@0.20.5 
Failed to match (ignoring source) package: registry+https://github.com/rust-lang/crates.io-index#glam@0.20.5 
Failed to match (ignoring source) package: registry+https://github.com/rust-lang/crates.io-index#glam@0.20.5 
Failed to match (ignoring source) package: registry+https://github.com/rust-lang/crates.io-index#glam@0.20.5 
Failed to match (ignoring source) package: registry+https://github.com/rust-lang/crates.io-index#glam@0.20.5 
Failed to match (ignoring source) package: registry+https://github.com/rust-lang/crates.io-index#glam@0.20.5 
Failed to match (ignoring source) package: registry+https://github.com/rust-lang/crates.io-index#glam@0.20.5 
Failed to match (ignoring source) package: registry+https://github.com/rust-lang/crates.io-index#glam@0.20.5 
Failed to match (ignoring source) package: registry+https://github.com/rust-lang/crates.io-index#glam@0.20.5 
Failed to match (ignoring source) package: registry+https://github.com/rust-lang/crates.io-index#glam@0.20.5 
Failed to match (ignoring source) package: registry+https://github.com/rust-lang/crates.io-index#glam@0.20.5 
Failed to match (ignoring source) package: registry+https://github.com/rust-lang/crates.io-index#glam@0.20.5 
Failed to match (ignoring source) package: registry+https://github.com/rust-lang/crates.io-index#glam@0.20.5 
Failed to match (ignoring source) package: registry+https://github.com/rust-lang/crates.io-index#glam@0.20.5 
Failed to match (ignoring source) package: registry+https://github.com/rust-lang/crates.io-index#glam@0.20.5 
Failed to match (ignoring source) package: registry+https://github.com/rust-lang/crates.io-index#glam@0.20.5 
Failed to match (ignoring source) package: registry+https://github.com/rust-lang/crates.io-index#glam@0.20.5 
Failed to match (ignoring source) package: registry+https://github.com/rust-lang/crates.io-index#glam@0.20.5 
Failed to match (ignoring source) package: registry+https://github.com/rust-lang/crates.io-index#glam@0.21.3 
Failed to match (ignoring source) package: registry+https://github.com/rust-lang/crates.io-index#glam@0.21.3 
Failed to match (ignoring source) package: registry+https://github.com/rust-lang/crates.io-index#glam@0.21.3 
Failed to match (ignoring source) package: registry+https://github.com/rust-lang/crates.io-index#glam@0.21.3 
Failed to match (ignoring source) package: registry+https://github.com/rust-lang/crates.io-index#glam@0.21.3 
Failed to match (ignoring source) package: registry+https://github.com/rust-lang/crates.io-index#glam@0.21.3 
Failed to match (ignoring source) package: registry+https://github.com/rust-lang/crates.io-index#glam@0.21.3 
Failed to match (ignoring source) package: registry+https://github.com/rust-lang/crates.io-index#glam@0.21.3 
Failed to match (ignoring source) package: registry+https://github.com/rust-lang/crates.io-index#glam@0.21.3 
Failed to match (ignoring source) package: registry+https://github.com/rust-lang/crates.io-index#glam@0.21.3 
Failed to match (ignoring source) package: registry+https://github.com/rust-lang/crates.io-index#glam@0.21.3 
Failed to match (ignoring source) package: registry+https://github.com/rust-lang/crates.io-index#glam@0.21.3 
Failed to match (ignoring source) package: registry+https://github.com/rust-lang/crates.io-index#glam@0.21.3 
Failed to match (ignoring source) package: registry+https://github.com/rust-lang/crates.io-index#glam@0.21.3 
Failed to match (ignoring source) package: registry+https://github.com/rust-lang/crates.io-index#glam@0.21.3 
Failed to match (ignoring source) package: registry+https://github.com/rust-lang/crates.io-index#glam@0.21.3 
Failed to match (ignoring source) package: registry+https://github.com/rust-lang/crates.io-index#glam@0.21.3 
Failed to match (ignoring source) package: registry+https://github.com/rust-lang/crates.io-index#glam@0.21.3 
Failed to match (ignoring source) package: registry+https://github.com/rust-lang/crates.io-index#glam@0.21.3 
Failed to match (ignoring source) package: registry+https://github.com/rust-lang/crates.io-index#glam@0.21.3 
Failed to match (ignoring source) package: registry+https://github.com/rust-lang/crates.io-index#glam@0.21.3 
Failed to match (ignoring source) package: registry+https://github.com/rust-lang/crates.io-index#glam@0.21.3 
Failed to match (ignoring source) package: registry+https://github.com/rust-lang/crates.io-index#glam@0.21.3 
Failed to match (ignoring source) package: registry+https://github.com/rust-lang/crates.io-index#glam@0.21.3 
Failed to match (ignoring source) package: registry+https://github.com/rust-lang/crates.io-index#glam@0.21.3 
Failed to match (ignoring source) package: registry+https://github.com/rust-lang/crates.io-index#glam@0.21.3 
Failed to match (ignoring source) package: registry+https://github.com/rust-lang/crates.io-index#glam@0.21.3 
Failed to match (ignoring source) package: registry+https://github.com/rust-lang/crates.io-index#glam@0.21.3 
Failed to match (ignoring source) package: registry+https://github.com/rust-lang/crates.io-index#glam@0.21.3 
Failed to match (ignoring source) package: registry+https://github.com/rust-lang/crates.io-index#glam@0.21.3 
Failed to match (ignoring source) package: registry+https://github.com/rust-lang/crates.io-index#glam@0.21.3 
Failed to match (ignoring source) package: registry+https://github.com/rust-lang/crates.io-index#glam@0.21.3 
Failed to match (ignoring source) package: registry+https://github.com/rust-lang/crates.io-index#glam@0.21.3 
Failed to match (ignoring source) package: registry+https://github.com/rust-lang/crates.io-index#glam@0.21.3 
Failed to match (ignoring source) package: registry+https://github.com/rust-lang/crates.io-index#glam@0.21.3 
Failed to match (ignoring source) package: registry+https://github.com/rust-lang/crates.io-index#glam@0.21.3 
Failed to match (ignoring source) package: registry+https://github.com/rust-lang/crates.io-index#glam@0.21.3 
Failed to match (ignoring source) package: registry+https://github.com/rust-lang/crates.io-index#glam@0.21.3 
Failed to match (ignoring source) package: registry+https://github.com/rust-lang/crates.io-index#glam@0.21.3 
Failed to match (ignoring source) package: registry+https://github.com/rust-lang/crates.io-index#glam@0.21.3 
Failed to match (ignoring source) package: registry+https://github.com/rust-lang/crates.io-index#glam@0.21.3 
Failed to match (ignoring source) package: registry+https://github.com/rust-lang/crates.io-index#glam@0.21.3 
Failed to match (ignoring source) package: registry+https://github.com/rust-lang/crates.io-index#glam@0.21.3 
Failed to match (ignoring source) package: registry+https://github.com/rust-lang/crates.io-index#glam@0.21.3 
Failed to match (ignoring source) package: registry+https://github.com/rust-lang/crates.io-index#glam@0.21.3 
Failed to match (ignoring source) package: registry+https://github.com/rust-lang/crates.io-index#glam@0.21.3 
Failed to match (ignoring source) package: registry+https://github.com/rust-lang/crates.io-index#glam@0.21.3 
Failed to match (ignoring source) package: registry+https://github.com/rust-lang/crates.io-index#glam@0.21.3 
Failed to match (ignoring source) package: registry+https://github.com/rust-lang/crates.io-index#glam@0.21.3 
Failed to match (ignoring source) package: registry+https://github.com/rust-lang/crates.io-index#glam@0.22.0 
Failed to match (ignoring source) package: registry+https://github.com/rust-lang/crates.io-index#glam@0.22.0 
Failed to match (ignoring source) package: registry+https://github.com/rust-lang/crates.io-index#glam@0.22.0 
Failed to match (ignoring source) package: registry+https://github.com/rust-lang/crates.io-index#glam@0.22.0 
Failed to match (ignoring source) package: registry+https://github.com/rust-lang/crates.io-index#glam@0.22.0 
Failed to match (ignoring source) package: registry+https://github.com/rust-lang/crates.io-index#glam@0.22.0 
Failed to match (ignoring source) package: registry+https://github.com/rust-lang/crates.io-index#glam@0.22.0 
Failed to match (ignoring source) package: registry+https://github.com/rust-lang/crates.io-index#glam@0.22.0 
Failed to match (ignoring source) package: registry+https://github.com/rust-lang/crates.io-index#glam@0.22.0 
Failed to match (ignoring source) package: registry+https://github.com/rust-lang/crates.io-index#glam@0.22.0 
Failed to match (ignoring source) package: registry+https://github.com/rust-lang/crates.io-index#glam@0.22.0 
Failed to match (ignoring source) package: registry+https://github.com/rust-lang/crates.io-index#glam@0.22.0 
Failed to match (ignoring source) package: registry+https://github.com/rust-lang/crates.io-index#glam@0.22.0 
Failed to match (ignoring source) package: registry+https://github.com/rust-lang/crates.io-index#glam@0.22.0 
Failed to match (ignoring source) package: registry+https://github.com/rust-lang/crates.io-index#glam@0.22.0 
Failed to match (ignoring source) package: registry+https://github.com/rust-lang/crates.io-index#glam@0.22.0 
Failed to match (ignoring source) package: registry+https://github.com/rust-lang/crates.io-index#glam@0.22.0 
Failed to match (ignoring source) package: registry+https://github.com/rust-lang/crates.io-index#glam@0.22.0 
Failed to match (ignoring source) package: registry+https://github.com/rust-lang/crates.io-index#glam@0.22.0 
Failed to match (ignoring source) package: registry+https://github.com/rust-lang/crates.io-index#glam@0.22.0 
Failed to match (ignoring source) package: registry+https://github.com/rust-lang/crates.io-index#glam@0.22.0 
Failed to match (ignoring source) package: registry+https://github.com/rust-lang/crates.io-index#glam@0.22.0 
Failed to match (ignoring source) package: registry+https://github.com/rust-lang/crates.io-index#glam@0.22.0 
Failed to match (ignoring source) package: registry+https://github.com/rust-lang/crates.io-index#glam@0.22.0 
Failed to match (ignoring source) package: registry+https://github.com/rust-lang/crates.io-index#glam@0.22.0 
Failed to match (ignoring source) package: registry+https://github.com/rust-lang/crates.io-index#glam@0.22.0 
Failed to match (ignoring source) package: registry+https://github.com/rust-lang/crates.io-index#glam@0.22.0 
Failed to match (ignoring source) package: registry+https://github.com/rust-lang/crates.io-index#glam@0.22.0 
Failed to match (ignoring source) package: registry+https://github.com/rust-lang/crates.io-index#glam@0.22.0 
Failed to match (ignoring source) package: registry+https://github.com/rust-lang/crates.io-index#glam@0.22.0 
Failed to match (ignoring source) package: registry+https://github.com/rust-lang/crates.io-index#glam@0.22.0 
Failed to match (ignoring source) package: registry+https://github.com/rust-lang/crates.io-index#glam@0.22.0 
Failed to match (ignoring source) package: registry+https://github.com/rust-lang/crates.io-index#glam@0.22.0 
Failed to match (ignoring source) package: registry+https://github.com/rust-lang/crates.io-index#glam@0.22.0 
Failed to match (ignoring source) package: registry+https://github.com/rust-lang/crates.io-index#glam@0.22.0 
Failed to match (ignoring source) package: registry+https://github.com/rust-lang/crates.io-index#glam@0.22.0 
Failed to match (ignoring source) package: registry+https://github.com/rust-lang/crates.io-index#glam@0.22.0 
Failed to match (ignoring source) package: registry+https://github.com/rust-lang/crates.io-index#glam@0.22.0 
Failed to match (ignoring source) package: registry+https://github.com/rust-lang/crates.io-index#glam@0.22.0 
Failed to match (ignoring source) package: registry+https://github.com/rust-lang/crates.io-index#glam@0.22.0 
Failed to match (ignoring source) package: registry+https://github.com/rust-lang/crates.io-index#glam@0.22.0 
Failed to match (ignoring source) package: registry+https://github.com/rust-lang/crates.io-index#glam@0.22.0 
Failed to match (ignoring source) package: registry+https://github.com/rust-lang/crates.io-index#glam@0.22.0 
Failed to match (ignoring source) package: registry+https://github.com/rust-lang/crates.io-index#glam@0.22.0 
Failed to match (ignoring source) package: registry+https://github.com/rust-lang/crates.io-index#glam@0.22.0 
Failed to match (ignoring source) package: registry+https://github.com/rust-lang/crates.io-index#glam@0.22.0 
Failed to match (ignoring source) package: registry+https://github.com/rust-lang/crates.io-index#glam@0.22.0 
Failed to match (ignoring source) package: registry+https://github.com/rust-lang/crates.io-index#glam@0.22.0 
Failed to match (ignoring source) package: registry+https://github.com/rust-lang/crates.io-index#glam@0.22.0 
Failed to match (ignoring source) package: registry+https://github.com/rust-lang/crates.io-index#glam@0.23.0 
Failed to match (ignoring source) package: registry+https://github.com/rust-lang/crates.io-index#glam@0.23.0 
Failed to match (ignoring source) package: registry+https://github.com/rust-lang/crates.io-index#glam@0.23.0 
Failed to match (ignoring source) package: registry+https://github.com/rust-lang/crates.io-index#glam@0.23.0 
Failed to match (ignoring source) package: registry+https://github.com/rust-lang/crates.io-index#glam@0.23.0 
Failed to match (ignoring source) package: registry+https://github.com/rust-lang/crates.io-index#glam@0.23.0 
Failed to match (ignoring source) package: registry+https://github.com/rust-lang/crates.io-index#glam@0.23.0 
Failed to match (ignoring source) package: registry+https://github.com/rust-lang/crates.io-index#glam@0.23.0 
Failed to match (ignoring source) package: registry+https://github.com/rust-lang/crates.io-index#glam@0.23.0 
Failed to match (ignoring source) package: registry+https://github.com/rust-lang/crates.io-index#glam@0.23.0 
Failed to match (ignoring source) package: registry+https://github.com/rust-lang/crates.io-index#glam@0.23.0 
Failed to match (ignoring source) package: registry+https://github.com/rust-lang/crates.io-index#glam@0.23.0 
Failed to match (ignoring source) package: registry+https://github.com/rust-lang/crates.io-index#glam@0.23.0 
Failed to match (ignoring source) package: registry+https://github.com/rust-lang/crates.io-index#glam@0.23.0 
Failed to match (ignoring source) package: registry+https://github.com/rust-lang/crates.io-index#glam@0.23.0 
Failed to match (ignoring source) package: registry+https://github.com/rust-lang/crates.io-index#glam@0.23.0 
Failed to match (ignoring source) package: registry+https://github.com/rust-lang/crates.io-index#glam@0.23.0 
Failed to match (ignoring source) package: registry+https://github.com/rust-lang/crates.io-index#glam@0.23.0 
Failed to match (ignoring source) package: registry+https://github.com/rust-lang/crates.io-index#glam@0.23.0 
Failed to match (ignoring source) package: registry+https://github.com/rust-lang/crates.io-index#glam@0.23.0 
Failed to match (ignoring source) package: registry+https://github.com/rust-lang/crates.io-index#glam@0.23.0 
Failed to match (ignoring source) package: registry+https://github.com/rust-lang/crates.io-index#glam@0.23.0 
Failed to match (ignoring source) package: registry+https://github.com/rust-lang/crates.io-index#glam@0.23.0 
Failed to match (ignoring source) package: registry+https://github.com/rust-lang/crates.io-index#glam@0.23.0 
Failed to match (ignoring source) package: registry+https://github.com/rust-lang/crates.io-index#glam@0.23.0 
Failed to match (ignoring source) package: registry+https://github.com/rust-lang/crates.io-index#glam@0.23.0 
Failed to match (ignoring source) package: registry+https://github.com/rust-lang/crates.io-index#glam@0.23.0 
Failed to match (ignoring source) package: registry+https://github.com/rust-lang/crates.io-index#glam@0.23.0 
Failed to match (ignoring source) package: registry+https://github.com/rust-lang/crates.io-index#glam@0.23.0 
Failed to match (ignoring source) package: registry+https://github.com/rust-lang/crates.io-index#glam@0.23.0 
Failed to match (ignoring source) package: registry+https://github.com/rust-lang/crates.io-index#glam@0.23.0 
Failed to match (ignoring source) package: registry+https://github.com/rust-lang/crates.io-index#glam@0.23.0 
Failed to match (ignoring source) package: registry+https://github.com/rust-lang/crates.io-index#glam@0.23.0 
Failed to match (ignoring source) package: registry+https://github.com/rust-lang/crates.io-index#glam@0.23.0 
Failed to match (ignoring source) package: registry+https://github.com/rust-lang/crates.io-index#glam@0.23.0 
Failed to match (ignoring source) package: registry+https://github.com/rust-lang/crates.io-index#glam@0.23.0 
Failed to match (ignoring source) package: registry+https://github.com/rust-lang/crates.io-index#glam@0.23.0 
Failed to match (ignoring source) package: registry+https://github.com/rust-lang/crates.io-index#glam@0.23.0 
Failed to match (ignoring source) package: registry+https://github.com/rust-lang/crates.io-index#glam@0.23.0 
Failed to match (ignoring source) package: registry+https://github.com/rust-lang/crates.io-index#glam@0.23.0 
Failed to match (ignoring source) package: registry+https://github.com/rust-lang/crates.io-index#glam@0.23.0 
Failed to match (ignoring source) package: registry+https://github.com/rust-lang/crates.io-index#glam@0.23.0 
Failed to match (ignoring source) package: registry+https://github.com/rust-lang/crates.io-index#glam@0.23.0 
Failed to match (ignoring source) package: registry+https://github.com/rust-lang/crates.io-index#glam@0.23.0 
Failed to match (ignoring source) package: registry+https://github.com/rust-lang/crates.io-index#glam@0.23.0 
Failed to match (ignoring source) package: registry+https://github.com/rust-lang/crates.io-index#glam@0.23.0 
Failed to match (ignoring source) package: registry+https://github.com/rust-lang/crates.io-index#glam@0.23.0 
Failed to match (ignoring source) package: registry+https://github.com/rust-lang/crates.io-index#glam@0.23.0 
Failed to match (ignoring source) package: registry+https://github.com/rust-lang/crates.io-index#glam@0.23.0 
Failed to match (ignoring source) package: registry+https://github.com/rust-lang/crates.io-index#glam@0.24.2 
Failed to match (ignoring source) package: registry+https://github.com/rust-lang/crates.io-index#glam@0.24.2 
Failed to match (ignoring source) package: registry+https://github.com/rust-lang/crates.io-index#glam@0.24.2 
Failed to match (ignoring source) package: registry+https://github.com/rust-lang/crates.io-index#glam@0.24.2 
Failed to match (ignoring source) package: registry+https://github.com/rust-lang/crates.io-index#glam@0.24.2 
Failed to match (ignoring source) package: registry+https://github.com/rust-lang/crates.io-index#glam@0.24.2 
Failed to match (ignoring source) package: registry+https://github.com/rust-lang/crates.io-index#glam@0.24.2 
Failed to match (ignoring source) package: registry+https://github.com/rust-lang/crates.io-index#glam@0.24.2 
Failed to match (ignoring source) package: registry+https://github.com/rust-lang/crates.io-index#glam@0.24.2 
Failed to match (ignoring source) package: registry+https://github.com/rust-lang/crates.io-index#glam@0.24.2 
Failed to match (ignoring source) package: registry+https://github.com/rust-lang/crates.io-index#glam@0.24.2 
Failed to match (ignoring source) package: registry+https://github.com/rust-lang/crates.io-index#glam@0.24.2 
Failed to match (ignoring source) package: registry+https://github.com/rust-lang/crates.io-index#glam@0.24.2 
Failed to match (ignoring source) package: registry+https://github.com/rust-lang/crates.io-index#glam@0.24.2 
Failed to match (ignoring source) package: registry+https://github.com/rust-lang/crates.io-index#glam@0.24.2 
Failed to match (ignoring source) package: registry+https://github.com/rust-lang/crates.io-index#glam@0.24.2 
Failed to match (ignoring source) package: registry+https://github.com/rust-lang/crates.io-index#glam@0.24.2 
Failed to match (ignoring source) package: registry+https://github.com/rust-lang/crates.io-index#glam@0.24.2 
Failed to match (ignoring source) package: registry+https://github.com/rust-lang/crates.io-index#glam@0.24.2 
Failed to match (ignoring source) package: registry+https://github.com/rust-lang/crates.io-index#glam@0.24.2 
Failed to match (ignoring source) package: registry+https://github.com/rust-lang/crates.io-index#glam@0.24.2 
Failed to match (ignoring source) package: registry+https://github.com/rust-lang/crates.io-index#glam@0.24.2 
Failed to match (ignoring source) package: registry+https://github.com/rust-lang/crates.io-index#glam@0.24.2 
Failed to match (ignoring source) package: registry+https://github.com/rust-lang/crates.io-index#glam@0.24.2 
Failed to match (ignoring source) package: registry+https://github.com/rust-lang/crates.io-index#glam@0.24.2 
Failed to match (ignoring source) package: registry+https://github.com/rust-lang/crates.io-index#glam@0.24.2 
Failed to match (ignoring source) package: registry+https://github.com/rust-lang/crates.io-index#glam@0.24.2 
Failed to match (ignoring source) package: registry+https://github.com/rust-lang/crates.io-index#glam@0.24.2 
Failed to match (ignoring source) package: registry+https://github.com/rust-lang/crates.io-index#glam@0.24.2 
Failed to match (ignoring source) package: registry+https://github.com/rust-lang/crates.io-index#glam@0.24.2 
Failed to match (ignoring source) package: registry+https://github.com/rust-lang/crates.io-index#glam@0.24.2 
Failed to match (ignoring source) package: registry+https://github.com/rust-lang/crates.io-index#glam@0.24.2 
Failed to match (ignoring source) package: registry+https://github.com/rust-lang/crates.io-index#glam@0.24.2 
Failed to match (ignoring source) package: registry+https://github.com/rust-lang/crates.io-index#glam@0.24.2 
Failed to match (ignoring source) package: registry+https://github.com/rust-lang/crates.io-index#glam@0.24.2 
Failed to match (ignoring source) package: registry+https://github.com/rust-lang/crates.io-index#glam@0.24.2 
Failed to match (ignoring source) package: registry+https://github.com/rust-lang/crates.io-index#glam@0.24.2 
Failed to match (ignoring source) package: registry+https://github.com/rust-lang/crates.io-index#glam@0.24.2 
Failed to match (ignoring source) package: registry+https://github.com/rust-lang/crates.io-index#glam@0.24.2 
Failed to match (ignoring source) package: registry+https://github.com/rust-lang/crates.io-index#glam@0.24.2 
Failed to match (ignoring source) package: registry+https://github.com/rust-lang/crates.io-index#glam@0.24.2 
Failed to match (ignoring source) package: registry+https://github.com/rust-lang/crates.io-index#glam@0.24.2 
Failed to match (ignoring source) package: registry+https://github.com/rust-lang/crates.io-index#glam@0.24.2 
Failed to match (ignoring source) package: registry+https://github.com/rust-lang/crates.io-index#glam@0.24.2 
Failed to match (ignoring source) package: registry+https://github.com/rust-lang/crates.io-index#glam@0.24.2 
Failed to match (ignoring source) package: registry+https://github.com/rust-lang/crates.io-index#glam@0.24.2 
Failed to match (ignoring source) package: registry+https://github.com/rust-lang/crates.io-index#glam@0.24.2 
Failed to match (ignoring source) package: registry+https://github.com/rust-lang/crates.io-index#glam@0.24.2 
Failed to match (ignoring source) package: registry+https://github.com/rust-lang/crates.io-index#glam@0.24.2 
Failed to match (ignoring source) package: registry+https://github.com/rust-lang/crates.io-index#glam@0.25.0 
Failed to match (ignoring source) package: registry+https://github.com/rust-lang/crates.io-index#glam@0.25.0 
Failed to match (ignoring source) package: registry+https://github.com/rust-lang/crates.io-index#glam@0.25.0 
Failed to match (ignoring source) package: registry+https://github.com/rust-lang/crates.io-index#glam@0.25.0 
Failed to match (ignoring source) package: registry+https://github.com/rust-lang/crates.io-index#glam@0.25.0 
Failed to match (ignoring source) package: registry+https://github.com/rust-lang/crates.io-index#glam@0.25.0 
Failed to match (ignoring source) package: registry+https://github.com/rust-lang/crates.io-index#glam@0.25.0 
Failed to match (ignoring source) package: registry+https://github.com/rust-lang/crates.io-index#glam@0.25.0 
Failed to match (ignoring source) package: registry+https://github.com/rust-lang/crates.io-index#glam@0.25.0 
Failed to match (ignoring source) package: registry+https://github.com/rust-lang/crates.io-index#glam@0.25.0 
Failed to match (ignoring source) package: registry+https://github.com/rust-lang/crates.io-index#glam@0.25.0 
Failed to match (ignoring source) package: registry+https://github.com/rust-lang/crates.io-index#glam@0.25.0 
Failed to match (ignoring source) package: registry+https://github.com/rust-lang/crates.io-index#glam@0.25.0 
Failed to match (ignoring source) package: registry+https://github.com/rust-lang/crates.io-index#glam@0.25.0 
Failed to match (ignoring source) package: registry+https://github.com/rust-lang/crates.io-index#glam@0.25.0 
Failed to match (ignoring source) package: registry+https://github.com/rust-lang/crates.io-index#glam@0.25.0 
Failed to match (ignoring source) package: registry+https://github.com/rust-lang/crates.io-index#glam@0.25.0 
Failed to match (ignoring source) package: registry+https://github.com/rust-lang/crates.io-index#glam@0.25.0 
Failed to match (ignoring source) package: registry+https://github.com/rust-lang/crates.io-index#glam@0.25.0 
Failed to match (ignoring source) package: registry+https://github.com/rust-lang/crates.io-index#glam@0.25.0 
Failed to match (ignoring source) package: registry+https://github.com/rust-lang/crates.io-index#glam@0.25.0 
Failed to match (ignoring source) package: registry+https://github.com/rust-lang/crates.io-index#glam@0.25.0 
Failed to match (ignoring source) package: registry+https://github.com/rust-lang/crates.io-index#glam@0.25.0 
Failed to match (ignoring source) package: registry+https://github.com/rust-lang/crates.io-index#glam@0.25.0 
Failed to match (ignoring source) package: registry+https://github.com/rust-lang/crates.io-index#glam@0.25.0 
Failed to match (ignoring source) package: registry+https://github.com/rust-lang/crates.io-index#glam@0.25.0 
Failed to match (ignoring source) package: registry+https://github.com/rust-lang/crates.io-index#glam@0.25.0 
Failed to match (ignoring source) package: registry+https://github.com/rust-lang/crates.io-index#glam@0.25.0 
Failed to match (ignoring source) package: registry+https://github.com/rust-lang/crates.io-index#glam@0.25.0 
Failed to match (ignoring source) package: registry+https://github.com/rust-lang/crates.io-index#glam@0.25.0 
Failed to match (ignoring source) package: registry+https://github.com/rust-lang/crates.io-index#glam@0.25.0 
Failed to match (ignoring source) package: registry+https://github.com/rust-lang/crates.io-index#glam@0.25.0 
Failed to match (ignoring source) package: registry+https://github.com/rust-lang/crates.io-index#glam@0.25.0 
Failed to match (ignoring source) package: registry+https://github.com/rust-lang/crates.io-index#glam@0.25.0 
Failed to match (ignoring source) package: registry+https://github.com/rust-lang/crates.io-index#glam@0.25.0 
Failed to match (ignoring source) package: registry+https://github.com/rust-lang/crates.io-index#glam@0.25.0 
Failed to match (ignoring source) package: registry+https://github.com/rust-lang/crates.io-index#glam@0.25.0 
Failed to match (ignoring source) package: registry+https://github.com/rust-lang/crates.io-index#glam@0.25.0 
Failed to match (ignoring source) package: registry+https://github.com/rust-lang/crates.io-index#glam@0.25.0 
Failed to match (ignoring source) package: registry+https://github.com/rust-lang/crates.io-index#glam@0.25.0 
Failed to match (ignoring source) package: registry+https://github.com/rust-lang/crates.io-index#glam@0.25.0 
Failed to match (ignoring source) package: registry+https://github.com/rust-lang/crates.io-index#glam@0.25.0 
Failed to match (ignoring source) package: registry+https://github.com/rust-lang/crates.io-index#glam@0.25.0 
Failed to match (ignoring source) package: registry+https://github.com/rust-lang/crates.io-index#glam@0.25.0 
Failed to match (ignoring source) package: registry+https://github.com/rust-lang/crates.io-index#glam@0.25.0 
Failed to match (ignoring source) package: registry+https://github.com/rust-lang/crates.io-index#glam@0.25.0 
Failed to match (ignoring source) package: registry+https://github.com/rust-lang/crates.io-index#glam@0.25.0 
Failed to match (ignoring source) package: registry+https://github.com/rust-lang/crates.io-index#glam@0.25.0 
Failed to match (ignoring source) package: registry+https://github.com/rust-lang/crates.io-index#glam@0.25.0 
Failed to match (ignoring source) package: registry+https://github.com/rust-lang/crates.io-index#glam@0.27.0 
Failed to match (ignoring source) package: registry+https://github.com/rust-lang/crates.io-index#glam@0.27.0 
Failed to match (ignoring source) package: registry+https://github.com/rust-lang/crates.io-index#glam@0.27.0 
Failed to match (ignoring source) package: registry+https://github.com/rust-lang/crates.io-index#glam@0.27.0 
Failed to match (ignoring source) package: registry+https://github.com/rust-lang/crates.io-index#glam@0.27.0 
Failed to match (ignoring source) package: registry+https://github.com/rust-lang/crates.io-index#glam@0.27.0 
Failed to match (ignoring source) package: registry+https://github.com/rust-lang/crates.io-index#glam@0.27.0 
Failed to match (ignoring source) package: registry+https://github.com/rust-lang/crates.io-index#glam@0.27.0 
Failed to match (ignoring source) package: registry+https://github.com/rust-lang/crates.io-index#glam@0.27.0 
Failed to match (ignoring source) package: registry+https://github.com/rust-lang/crates.io-index#glam@0.27.0 
Failed to match (ignoring source) package: registry+https://github.com/rust-lang/crates.io-index#glam@0.27.0 
Failed to match (ignoring source) package: registry+https://github.com/rust-lang/crates.io-index#glam@0.27.0 
Failed to match (ignoring source) package: registry+https://github.com/rust-lang/crates.io-index#glam@0.27.0 
Failed to match (ignoring source) package: registry+https://github.com/rust-lang/crates.io-index#glam@0.27.0 
Failed to match (ignoring source) package: registry+https://github.com/rust-lang/crates.io-index#glam@0.27.0 
Failed to match (ignoring source) package: registry+https://github.com/rust-lang/crates.io-index#glam@0.27.0 
Failed to match (ignoring source) package: registry+https://github.com/rust-lang/crates.io-index#glam@0.27.0 
Failed to match (ignoring source) package: registry+https://github.com/rust-lang/crates.io-index#glam@0.27.0 
Failed to match (ignoring source) package: registry+https://github.com/rust-lang/crates.io-index#glam@0.27.0 
Failed to match (ignoring source) package: registry+https://github.com/rust-lang/crates.io-index#glam@0.27.0 
Failed to match (ignoring source) package: registry+https://github.com/rust-lang/crates.io-index#glam@0.27.0 
Failed to match (ignoring source) package: registry+https://github.com/rust-lang/crates.io-index#glam@0.27.0 
Failed to match (ignoring source) package: registry+https://github.com/rust-lang/crates.io-index#glam@0.27.0 
Failed to match (ignoring source) package: registry+https://github.com/rust-lang/crates.io-index#glam@0.27.0 
Failed to match (ignoring source) package: registry+https://github.com/rust-lang/crates.io-index#glam@0.27.0 
Failed to match (ignoring source) package: registry+https://github.com/rust-lang/crates.io-index#glam@0.27.0 
Failed to match (ignoring source) package: registry+https://github.com/rust-lang/crates.io-index#glam@0.27.0 
Failed to match (ignoring source) package: registry+https://github.com/rust-lang/crates.io-index#glam@0.27.0 
Failed to match (ignoring source) package: registry+https://github.com/rust-lang/crates.io-index#glam@0.27.0 
Failed to match (ignoring source) package: registry+https://github.com/rust-lang/crates.io-index#glam@0.27.0 
Failed to match (ignoring source) package: registry+https://github.com/rust-lang/crates.io-index#glam@0.27.0 
Failed to match (ignoring source) package: registry+https://github.com/rust-lang/crates.io-index#glam@0.27.0 
Failed to match (ignoring source) package: registry+https://github.com/rust-lang/crates.io-index#glam@0.27.0 
Failed to match (ignoring source) package: registry+https://github.com/rust-lang/crates.io-index#glam@0.27.0 
Failed to match (ignoring source) package: registry+https://github.com/rust-lang/crates.io-index#glam@0.27.0 
Failed to match (ignoring source) package: registry+https://github.com/rust-lang/crates.io-index#glam@0.27.0 
Failed to match (ignoring source) package: registry+https://github.com/rust-lang/crates.io-index#glam@0.27.0 
Failed to match (ignoring source) package: registry+https://github.com/rust-lang/crates.io-index#glam@0.27.0 
Failed to match (ignoring source) package: registry+https://github.com/rust-lang/crates.io-index#glam@0.27.0 
Failed to match (ignoring source) package: registry+https://github.com/rust-lang/crates.io-index#glam@0.27.0 
Failed to match (ignoring source) package: registry+https://github.com/rust-lang/crates.io-index#glam@0.27.0 
Failed to match (ignoring source) package: registry+https://github.com/rust-lang/crates.io-index#glam@0.27.0 
Failed to match (ignoring source) package: registry+https://github.com/rust-lang/crates.io-index#glam@0.27.0 
Failed to match (ignoring source) package: registry+https://github.com/rust-lang/crates.io-index#glam@0.27.0 
Failed to match (ignoring source) package: registry+https://github.com/rust-lang/crates.io-index#glam@0.27.0 
Failed to match (ignoring source) package: registry+https://github.com/rust-lang/crates.io-index#glam@0.27.0 
Failed to match (ignoring source) package: registry+https://github.com/rust-lang/crates.io-index#glam@0.27.0 
Failed to match (ignoring source) package: registry+https://github.com/rust-lang/crates.io-index#glam@0.27.0 
Failed to match (ignoring source) package: registry+https://github.com/rust-lang/crates.io-index#glam@0.27.0 
Failed to match (ignoring source) package: registry+https://github.com/rust-lang/crates.io-index#glam@0.28.0 
Failed to match (ignoring source) package: registry+https://github.com/rust-lang/crates.io-index#glam@0.28.0 
Failed to match (ignoring source) package: registry+https://github.com/rust-lang/crates.io-index#glam@0.28.0 
Failed to match (ignoring source) package: registry+https://github.com/rust-lang/crates.io-index#glam@0.28.0 
Failed to match (ignoring source) package: registry+https://github.com/rust-lang/crates.io-index#glam@0.28.0 
Failed to match (ignoring source) package: registry+https://github.com/rust-lang/crates.io-index#glam@0.28.0 
Failed to match (ignoring source) package: registry+https://github.com/rust-lang/crates.io-index#glam@0.28.0 
Failed to match (ignoring source) package: registry+https://github.com/rust-lang/crates.io-index#glam@0.28.0 
Failed to match (ignoring source) package: registry+https://github.com/rust-lang/crates.io-index#glam@0.28.0 
Failed to match (ignoring source) package: registry+https://github.com/rust-lang/crates.io-index#glam@0.28.0 
Failed to match (ignoring source) package: registry+https://github.com/rust-lang/crates.io-index#glam@0.28.0 
Failed to match (ignoring source) package: registry+https://github.com/rust-lang/crates.io-index#glam@0.28.0 
Failed to match (ignoring source) package: registry+https://github.com/rust-lang/crates.io-index#glam@0.28.0 
Failed to match (ignoring source) package: registry+https://github.com/rust-lang/crates.io-index#glam@0.28.0 
Failed to match (ignoring source) package: registry+https://github.com/rust-lang/crates.io-index#glam@0.28.0 
Failed to match (ignoring source) package: registry+https://github.com/rust-lang/crates.io-index#glam@0.28.0 
Failed to match (ignoring source) package: registry+https://github.com/rust-lang/crates.io-index#glam@0.28.0 
Failed to match (ignoring source) package: registry+https://github.com/rust-lang/crates.io-index#glam@0.28.0 
Failed to match (ignoring source) package: registry+https://github.com/rust-lang/crates.io-index#glam@0.28.0 
Failed to match (ignoring source) package: registry+https://github.com/rust-lang/crates.io-index#glam@0.28.0 
Failed to match (ignoring source) package: registry+https://github.com/rust-lang/crates.io-index#glam@0.28.0 
Failed to match (ignoring source) package: registry+https://github.com/rust-lang/crates.io-index#glam@0.28.0 
Failed to match (ignoring source) package: registry+https://github.com/rust-lang/crates.io-index#glam@0.28.0 
Failed to match (ignoring source) package: registry+https://github.com/rust-lang/crates.io-index#glam@0.28.0 
Failed to match (ignoring source) package: registry+https://github.com/rust-lang/crates.io-index#glam@0.28.0 
Failed to match (ignoring source) package: registry+https://github.com/rust-lang/crates.io-index#glam@0.28.0 
Failed to match (ignoring source) package: registry+https://github.com/rust-lang/crates.io-index#glam@0.28.0 
Failed to match (ignoring source) package: registry+https://github.com/rust-lang/crates.io-index#glam@0.28.0 
Failed to match (ignoring source) package: registry+https://github.com/rust-lang/crates.io-index#glam@0.28.0 
Failed to match (ignoring source) package: registry+https://github.com/rust-lang/crates.io-index#glam@0.28.0 
Failed to match (ignoring source) package: registry+https://github.com/rust-lang/crates.io-index#glam@0.28.0 
Failed to match (ignoring source) package: registry+https://github.com/rust-lang/crates.io-index#glam@0.28.0 
Failed to match (ignoring source) package: registry+https://github.com/rust-lang/crates.io-index#glam@0.28.0 
Failed to match (ignoring source) package: registry+https://github.com/rust-lang/crates.io-index#glam@0.28.0 
Failed to match (ignoring source) package: registry+https://github.com/rust-lang/crates.io-index#glam@0.28.0 
Failed to match (ignoring source) package: registry+https://github.com/rust-lang/crates.io-index#glam@0.28.0 
Failed to match (ignoring source) package: registry+https://github.com/rust-lang/crates.io-index#glam@0.28.0 
Failed to match (ignoring source) package: registry+https://github.com/rust-lang/crates.io-index#glam@0.28.0 
Failed to match (ignoring source) package: registry+https://github.com/rust-lang/crates.io-index#glam@0.28.0 
Failed to match (ignoring source) package: registry+https://github.com/rust-lang/crates.io-index#glam@0.28.0 
Failed to match (ignoring source) package: registry+https://github.com/rust-lang/crates.io-index#glam@0.28.0 
Failed to match (ignoring source) package: registry+https://github.com/rust-lang/crates.io-index#glam@0.28.0 
Failed to match (ignoring source) package: registry+https://github.com/rust-lang/crates.io-index#glam@0.28.0 
Failed to match (ignoring source) package: registry+https://github.com/rust-lang/crates.io-index#glam@0.28.0 
Failed to match (ignoring source) package: registry+https://github.com/rust-lang/crates.io-index#glam@0.28.0 
Failed to match (ignoring source) package: registry+https://github.com/rust-lang/crates.io-index#glam@0.28.0 
Failed to match (ignoring source) package: registry+https://github.com/rust-lang/crates.io-index#glam@0.28.0 
Failed to match (ignoring source) package: registry+https://github.com/rust-lang/crates.io-index#glam@0.28.0 
Failed to match (ignoring source) package: registry+https://github.com/rust-lang/crates.io-index#glam@0.28.0 
Failed to match (ignoring source) package: registry+https://github.com/rust-lang/crates.io-index#glam@0.29.3 
Failed to match (ignoring source) package: registry+https://github.com/rust-lang/crates.io-index#glam@0.29.3 
Failed to match (ignoring source) package: registry+https://github.com/rust-lang/crates.io-index#glam@0.29.3 
Failed to match (ignoring source) package: registry+https://github.com/rust-lang/crates.io-index#glam@0.29.3 
Failed to match (ignoring source) package: registry+https://github.com/rust-lang/crates.io-index#glam@0.29.3 
Failed to match (ignoring source) package: registry+https://github.com/rust-lang/crates.io-index#glam@0.29.3 
Failed to match (ignoring source) package: registry+https://github.com/rust-lang/crates.io-index#glam@0.29.3 
Failed to match (ignoring source) package: registry+https://github.com/rust-lang/crates.io-index#glam@0.29.3 
Failed to match (ignoring source) package: registry+https://github.com/rust-lang/crates.io-index#glam@0.29.3 
Failed to match (ignoring source) package: registry+https://github.com/rust-lang/crates.io-index#glam@0.29.3 
Failed to match (ignoring source) package: registry+https://github.com/rust-lang/crates.io-index#glam@0.29.3 
Failed to match (ignoring source) package: registry+https://github.com/rust-lang/crates.io-index#glam@0.29.3 
Failed to match (ignoring source) package: registry+https://github.com/rust-lang/crates.io-index#glam@0.29.3 
Failed to match (ignoring source) package: registry+https://github.com/rust-lang/crates.io-index#glam@0.29.3 
Failed to match (ignoring source) package: registry+https://github.com/rust-lang/crates.io-index#glam@0.29.3 
Failed to match (ignoring source) package: registry+https://github.com/rust-lang/crates.io-index#glam@0.29.3 
Failed to match (ignoring source) package: registry+https://github.com/rust-lang/crates.io-index#glam@0.29.3 
Failed to match (ignoring source) package: registry+https://github.com/rust-lang/crates.io-index#glam@0.29.3 
Failed to match (ignoring source) package: registry+https://github.com/rust-lang/crates.io-index#glam@0.29.3 
Failed to match (ignoring source) package: registry+https://github.com/rust-lang/crates.io-index#glam@0.29.3 
Failed to match (ignoring source) package: registry+https://github.com/rust-lang/crates.io-index#glam@0.29.3 
Failed to match (ignoring source) package: registry+https://github.com/rust-lang/crates.io-index#glam@0.29.3 
Failed to match (ignoring source) package: registry+https://github.com/rust-lang/crates.io-index#glam@0.29.3 
Failed to match (ignoring source) package: registry+https://github.com/rust-lang/crates.io-index#glam@0.29.3 
Failed to match (ignoring source) package: registry+https://github.com/rust-lang/crates.io-index#glam@0.29.3 
Failed to match (ignoring source) package: registry+https://github.com/rust-lang/crates.io-index#glam@0.29.3 
Failed to match (ignoring source) package: registry+https://github.com/rust-lang/crates.io-index#glam@0.29.3 
Failed to match (ignoring source) package: registry+https://github.com/rust-lang/crates.io-index#glam@0.29.3 
Failed to match (ignoring source) package: registry+https://github.com/rust-lang/crates.io-index#glam@0.29.3 
Failed to match (ignoring source) package: registry+https://github.com/rust-lang/crates.io-index#glam@0.29.3 
Failed to match (ignoring source) package: registry+https://github.com/rust-lang/crates.io-index#glam@0.29.3 
Failed to match (ignoring source) package: registry+https://github.com/rust-lang/crates.io-index#glam@0.29.3 
Failed to match (ignoring source) package: registry+https://github.com/rust-lang/crates.io-index#glam@0.29.3 
Failed to match (ignoring source) package: registry+https://github.com/rust-lang/crates.io-index#glam@0.29.3 
Failed to match (ignoring source) package: registry+https://github.com/rust-lang/crates.io-index#glam@0.29.3 
Failed to match (ignoring source) package: registry+https://github.com/rust-lang/crates.io-index#glam@0.29.3 
Failed to match (ignoring source) package: registry+https://github.com/rust-lang/crates.io-index#glam@0.29.3 
Failed to match (ignoring source) package: registry+https://github.com/rust-lang/crates.io-index#glam@0.29.3 
Failed to match (ignoring source) package: registry+https://github.com/rust-lang/crates.io-index#glam@0.29.3 
Failed to match (ignoring source) package: registry+https://github.com/rust-lang/crates.io-index#glam@0.29.3 
Failed to match (ignoring source) package: registry+https://github.com/rust-lang/crates.io-index#glam@0.29.3 
Failed to match (ignoring source) package: registry+https://github.com/rust-lang/crates.io-index#glam@0.29.3 
Failed to match (ignoring source) package: registry+https://github.com/rust-lang/crates.io-index#glam@0.29.3 
Failed to match (ignoring source) package: registry+https://github.com/rust-lang/crates.io-index#glam@0.29.3 
Failed to match (ignoring source) package: registry+https://github.com/rust-lang/crates.io-index#glam@0.29.3 
Failed to match (ignoring source) package: registry+https://github.com/rust-lang/crates.io-index#glam@0.29.3 
Failed to match (ignoring source) package: registry+https://github.com/rust-lang/crates.io-index#glam@0.29.3 
Failed to match (ignoring source) package: registry+https://github.com/rust-lang/crates.io-index#glam@0.29.3 
Failed to match (ignoring source) package: registry+https://github.com/rust-lang/crates.io-index#glam@0.29.3 
Failed to match (ignoring source) package: registry+https://github.com/rust-lang/crates.io-index#glam@0.30.10 
Failed to match (ignoring source) package: registry+https://github.com/rust-lang/crates.io-index#glam@0.30.10 
Failed to match (ignoring source) package: registry+https://github.com/rust-lang/crates.io-index#glam@0.30.10 
Failed to match (ignoring source) package: registry+https://github.com/rust-lang/crates.io-index#glam@0.30.10 
Failed to match (ignoring source) package: registry+https://github.com/rust-lang/crates.io-index#glam@0.30.10 
Failed to match (ignoring source) package: registry+https://github.com/rust-lang/crates.io-index#glam@0.30.10 
Failed to match (ignoring source) package: registry+https://github.com/rust-lang/crates.io-index#glam@0.30.10 
Failed to match (ignoring source) package: registry+https://github.com/rust-lang/crates.io-index#glam@0.30.10 
Failed to match (ignoring source) package: registry+https://github.com/rust-lang/crates.io-index#glam@0.30.10 
Failed to match (ignoring source) package: registry+https://github.com/rust-lang/crates.io-index#glam@0.30.10 
Failed to match (ignoring source) package: registry+https://github.com/rust-lang/crates.io-index#glam@0.30.10 
Failed to match (ignoring source) package: registry+https://github.com/rust-lang/crates.io-index#glam@0.30.10 
Failed to match (ignoring source) package: registry+https://github.com/rust-lang/crates.io-index#glam@0.30.10 
Failed to match (ignoring source) package: registry+https://github.com/rust-lang/crates.io-index#glam@0.30.10 
Failed to match (ignoring source) package: registry+https://github.com/rust-lang/crates.io-index#glam@0.30.10 
Failed to match (ignoring source) package: registry+https://github.com/rust-lang/crates.io-index#glam@0.30.10 
Failed to match (ignoring source) package: registry+https://github.com/rust-lang/crates.io-index#glam@0.30.10 
Failed to match (ignoring source) package: registry+https://github.com/rust-lang/crates.io-index#glam@0.30.10 
Failed to match (ignoring source) package: registry+https://github.com/rust-lang/crates.io-index#glam@0.30.10 
Failed to match (ignoring source) package: registry+https://github.com/rust-lang/crates.io-index#glam@0.30.10 
Failed to match (ignoring source) package: registry+https://github.com/rust-lang/crates.io-index#glam@0.30.10 
Failed to match (ignoring source) package: registry+https://github.com/rust-lang/crates.io-index#glam@0.30.10 
Failed to match (ignoring source) package: registry+https://github.com/rust-lang/crates.io-index#glam@0.30.10 
Failed to match (ignoring source) package: registry+https://github.com/rust-lang/crates.io-index#glam@0.30.10 
Failed to match (ignoring source) package: registry+https://github.com/rust-lang/crates.io-index#glam@0.30.10 
Failed to match (ignoring source) package: registry+https://github.com/rust-lang/crates.io-index#glam@0.30.10 
Failed to match (ignoring source) package: registry+https://github.com/rust-lang/crates.io-index#glam@0.30.10 
Failed to match (ignoring source) package: registry+https://github.com/rust-lang/crates.io-index#glam@0.30.10 
Failed to match (ignoring source) package: registry+https://github.com/rust-lang/crates.io-index#glam@0.30.10 
Failed to match (ignoring source) package: registry+https://github.com/rust-lang/crates.io-index#glam@0.30.10 
Failed to match (ignoring source) package: registry+https://github.com/rust-lang/crates.io-index#glam@0.30.10 
Failed to match (ignoring source) package: registry+https://github.com/rust-lang/crates.io-index#glam@0.30.10 
Failed to match (ignoring source) package: registry+https://github.com/rust-lang/crates.io-index#glam@0.30.10 
Failed to match (ignoring source) package: registry+https://github.com/rust-lang/crates.io-index#glam@0.30.10 
Failed to match (ignoring source) package: registry+https://github.com/rust-lang/crates.io-index#glam@0.30.10 
Failed to match (ignoring source) package: registry+https://github.com/rust-lang/crates.io-index#glam@0.30.10 
Failed to match (ignoring source) package: registry+https://github.com/rust-lang/crates.io-index#glam@0.30.10 
Failed to match (ignoring source) package: registry+https://github.com/rust-lang/crates.io-index#glam@0.30.10 
Failed to match (ignoring source) package: registry+https://github.com/rust-lang/crates.io-index#glam@0.30.10 
Failed to match (ignoring source) package: registry+https://github.com/rust-lang/crates.io-index#glam@0.30.10 
Failed to match (ignoring source) package: registry+https://github.com/rust-lang/crates.io-index#glam@0.30.10 
Failed to match (ignoring source) package: registry+https://github.com/rust-lang/crates.io-index#glam@0.30.10 
Failed to match (ignoring source) package: registry+https://github.com/rust-lang/crates.io-index#glam@0.30.10 
Failed to match (ignoring source) package: registry+https://github.com/rust-lang/crates.io-index#glam@0.30.10 
Failed to match (ignoring source) package: registry+https://github.com/rust-lang/crates.io-index#glam@0.30.10 
Failed to match (ignoring source) package: registry+https://github.com/rust-lang/crates.io-index#glam@0.30.10 
Failed to match (ignoring source) package: registry+https://github.com/rust-lang/crates.io-index#glam@0.30.10 
Failed to match (ignoring source) package: registry+https://github.com/rust-lang/crates.io-index#glam@0.30.10 
Failed to match (ignoring source) package: registry+https://github.com/rust-lang/crates.io-index#glam@0.30.10 
Failed to match (ignoring source) package: registry+https://github.com/rust-lang/crates.io-index#glam@0.31.1 
Failed to match (ignoring source) package: registry+https://github.com/rust-lang/crates.io-index#glam@0.31.1 
Failed to match (ignoring source) package: registry+https://github.com/rust-lang/crates.io-index#glam@0.31.1 
Failed to match (ignoring source) package: registry+https://github.com/rust-lang/crates.io-index#glam@0.31.1 
Failed to match (ignoring source) package: registry+https://github.com/rust-lang/crates.io-index#glam@0.31.1 
Failed to match (ignoring source) package: registry+https://github.com/rust-lang/crates.io-index#glam@0.31.1 
Failed to match (ignoring source) package: registry+https://github.com/rust-lang/crates.io-index#glam@0.31.1 
Failed to match (ignoring source) package: registry+https://github.com/rust-lang/crates.io-index#glam@0.31.1 
Failed to match (ignoring source) package: registry+https://github.com/rust-lang/crates.io-index#glam@0.31.1 
Failed to match (ignoring source) package: registry+https://github.com/rust-lang/crates.io-index#glam@0.31.1 
Failed to match (ignoring source) package: registry+https://github.com/rust-lang/crates.io-index#glam@0.31.1 
Failed to match (ignoring source) package: registry+https://github.com/rust-lang/crates.io-index#glam@0.31.1 
Failed to match (ignoring source) package: registry+https://github.com/rust-lang/crates.io-index#glam@0.31.1 
Failed to match (ignoring source) package: registry+https://github.com/rust-lang/crates.io-index#glam@0.31.1 
Failed to match (ignoring source) package: registry+https://github.com/rust-lang/crates.io-index#glam@0.31.1 
Failed to match (ignoring source) package: registry+https://github.com/rust-lang/crates.io-index#glam@0.31.1 
Failed to match (ignoring source) package: registry+https://github.com/rust-lang/crates.io-index#glam@0.31.1 
Failed to match (ignoring source) package: registry+https://github.com/rust-lang/crates.io-index#glam@0.31.1 
Failed to match (ignoring source) package: registry+https://github.com/rust-lang/crates.io-index#glam@0.31.1 
Failed to match (ignoring source) package: registry+https://github.com/rust-lang/crates.io-index#glam@0.31.1 
Failed to match (ignoring source) package: registry+https://github.com/rust-lang/crates.io-index#glam@0.31.1 
Failed to match (ignoring source) package: registry+https://github.com/rust-lang/crates.io-index#glam@0.31.1 
Failed to match (ignoring source) package: registry+https://github.com/rust-lang/crates.io-index#glam@0.31.1 
Failed to match (ignoring source) package: registry+https://github.com/rust-lang/crates.io-index#glam@0.31.1 
Failed to match (ignoring source) package: registry+https://github.com/rust-lang/crates.io-index#glam@0.31.1 
Failed to match (ignoring source) package: registry+https://github.com/rust-lang/crates.io-index#glam@0.31.1 
Failed to match (ignoring source) package: registry+https://github.com/rust-lang/crates.io-index#glam@0.31.1 
Failed to match (ignoring source) package: registry+https://github.com/rust-lang/crates.io-index#glam@0.31.1 
Failed to match (ignoring source) package: registry+https://github.com/rust-lang/crates.io-index#glam@0.31.1 
Failed to match (ignoring source) package: registry+https://github.com/rust-lang/crates.io-index#glam@0.31.1 
Failed to match (ignoring source) package: registry+https://github.com/rust-lang/crates.io-index#glam@0.31.1 
Failed to match (ignoring source) package: registry+https://github.com/rust-lang/crates.io-index#glam@0.31.1 
Failed to match (ignoring source) package: registry+https://github.com/rust-lang/crates.io-index#glam@0.31.1 
Failed to match (ignoring source) package: registry+https://github.com/rust-lang/crates.io-index#glam@0.31.1 
Failed to match (ignoring source) package: registry+https://github.com/rust-lang/crates.io-index#glam@0.31.1 
Failed to match (ignoring source) package: registry+https://github.com/rust-lang/crates.io-index#glam@0.31.1 
Failed to match (ignoring source) package: registry+https://github.com/rust-lang/crates.io-index#glam@0.31.1 
Failed to match (ignoring source) package: registry+https://github.com/rust-lang/crates.io-index#glam@0.31.1 
Failed to match (ignoring source) package: registry+https://github.com/rust-lang/crates.io-index#glam@0.31.1 
Failed to match (ignoring source) package: registry+https://github.com/rust-lang/crates.io-index#glam@0.31.1 
Failed to match (ignoring source) package: registry+https://github.com/rust-lang/crates.io-index#glam@0.31.1 
Failed to match (ignoring source) package: registry+https://github.com/rust-lang/crates.io-index#glam@0.31.1 
Failed to match (ignoring source) package: registry+https://github.com/rust-lang/crates.io-index#glam@0.31.1 
Failed to match (ignoring source) package: registry+https://github.com/rust-lang/crates.io-index#glam@0.31.1 
Failed to match (ignoring source) package: registry+https://github.com/rust-lang/crates.io-index#glam@0.31.1 
Failed to match (ignoring source) package: registry+https://github.com/rust-lang/crates.io-index#glam@0.31.1 
Failed to match (ignoring source) package: registry+https://github.com/rust-lang/crates.io-index#glam@0.31.1 
Failed to match (ignoring source) package: registry+https://github.com/rust-lang/crates.io-index#glam@0.31.1 
Failed to match (ignoring source) package: registry+https://github.com/rust-lang/crates.io-index#glam@0.31.1 
Failed to match (ignoring source) package: registry+https://github.com/rust-lang/crates.io-index#glam@0.32.1 
Failed to match (ignoring source) package: registry+https://github.com/rust-lang/crates.io-index#glam@0.32.1 
Failed to match (ignoring source) package: registry+https://github.com/rust-lang/crates.io-index#glam@0.32.1 
Failed to match (ignoring source) package: registry+https://github.com/rust-lang/crates.io-index#glam@0.32.1 
Failed to match (ignoring source) package: registry+https://github.com/rust-lang/crates.io-index#glam@0.32.1 
Failed to match (ignoring source) package: registry+https://github.com/rust-lang/crates.io-index#glam@0.32.1 
Failed to match (ignoring source) package: registry+https://github.com/rust-lang/crates.io-index#glam@0.32.1 
Failed to match (ignoring source) package: registry+https://github.com/rust-lang/crates.io-index#glam@0.32.1 
Failed to match (ignoring source) package: registry+https://github.com/rust-lang/crates.io-index#glam@0.32.1 
Failed to match (ignoring source) package: registry+https://github.com/rust-lang/crates.io-index#glam@0.32.1 
Failed to match (ignoring source) package: registry+https://github.com/rust-lang/crates.io-index#glam@0.32.1 
Failed to match (ignoring source) package: registry+https://github.com/rust-lang/crates.io-index#glam@0.32.1 
Failed to match (ignoring source) package: registry+https://github.com/rust-lang/crates.io-index#glam@0.32.1 
Failed to match (ignoring source) package: registry+https://github.com/rust-lang/crates.io-index#glam@0.32.1 
Failed to match (ignoring source) package: registry+https://github.com/rust-lang/crates.io-index#glam@0.32.1 
Failed to match (ignoring source) package: registry+https://github.com/rust-lang/crates.io-index#glam@0.32.1 
Failed to match (ignoring source) package: registry+https://github.com/rust-lang/crates.io-index#glam@0.32.1 
Failed to match (ignoring source) package: registry+https://github.com/rust-lang/crates.io-index#glam@0.32.1 
Failed to match (ignoring source) package: registry+https://github.com/rust-lang/crates.io-index#glam@0.32.1 
Failed to match (ignoring source) package: registry+https://github.com/rust-lang/crates.io-index#glam@0.32.1 
Failed to match (ignoring source) package: registry+https://github.com/rust-lang/crates.io-index#glam@0.32.1 
Failed to match (ignoring source) package: registry+https://github.com/rust-lang/crates.io-index#glam@0.32.1 
Failed to match (ignoring source) package: registry+https://github.com/rust-lang/crates.io-index#glam@0.32.1 
Failed to match (ignoring source) package: registry+https://github.com/rust-lang/crates.io-index#glam@0.32.1 
Failed to match (ignoring source) package: registry+https://github.com/rust-lang/crates.io-index#glam@0.32.1 
Failed to match (ignoring source) package: registry+https://github.com/rust-lang/crates.io-index#glam@0.32.1 
Failed to match (ignoring source) package: registry+https://github.com/rust-lang/crates.io-index#glam@0.32.1 
Failed to match (ignoring source) package: registry+https://github.com/rust-lang/crates.io-index#glam@0.32.1 
Failed to match (ignoring source) package: registry+https://github.com/rust-lang/crates.io-index#glam@0.32.1 
Failed to match (ignoring source) package: registry+https://github.com/rust-lang/crates.io-index#glam@0.32.1 
Failed to match (ignoring source) package: registry+https://github.com/rust-lang/crates.io-index#glam@0.32.1 
Failed to match (ignoring source) package: registry+https://github.com/rust-lang/crates.io-index#glam@0.32.1 
Failed to match (ignoring source) package: registry+https://github.com/rust-lang/crates.io-index#glam@0.32.1 
Failed to match (ignoring source) package: registry+https://github.com/rust-lang/crates.io-index#glam@0.32.1 
Failed to match (ignoring source) package: registry+https://github.com/rust-lang/crates.io-index#glam@0.32.1 
Failed to match (ignoring source) package: registry+https://github.com/rust-lang/crates.io-index#glam@0.32.1 
Failed to match (ignoring source) package: registry+https://github.com/rust-lang/crates.io-index#glam@0.32.1 
Failed to match (ignoring source) package: registry+https://github.com/rust-lang/crates.io-index#glam@0.32.1 
Failed to match (ignoring source) package: registry+https://github.com/rust-lang/crates.io-index#glam@0.32.1 
Failed to match (ignoring source) package: registry+https://github.com/rust-lang/crates.io-index#glam@0.32.1 
Failed to match (ignoring source) package: registry+https://github.com/rust-lang/crates.io-index#glam@0.32.1 
Failed to match (ignoring source) package: registry+https://github.com/rust-lang/crates.io-index#glam@0.32.1 
Failed to match (ignoring source) package: registry+https://github.com/rust-lang/crates.io-index#glam@0.32.1 
Failed to match (ignoring source) package: registry+https://github.com/rust-lang/crates.io-index#glam@0.32.1 
Failed to match (ignoring source) package: registry+https://github.com/rust-lang/crates.io-index#glam@0.32.1 
Failed to match (ignoring source) package: registry+https://github.com/rust-lang/crates.io-index#glam@0.32.1 
Failed to match (ignoring source) package: registry+https://github.com/rust-lang/crates.io-index#glam@0.32.1 
Failed to match (ignoring source) package: registry+https://github.com/rust-lang/crates.io-index#glam@0.32.1 
Failed to match (ignoring source) package: registry+https://github.com/rust-lang/crates.io-index#glam@0.32.1 
Failed to match (ignoring source) package: registry+https://github.com/rust-lang/crates.io-index#critical-section@1.2.0 
Failed to match (ignoring source) package: registry+https://github.com/rust-lang/crates.io-index#critical-section@1.2.0 
Failed to match (ignoring source) package: registry+https://github.com/rust-lang/crates.io-index#critical-section@1.2.0 
Failed to match (ignoring source) package: registry+https://github.com/rust-lang/crates.io-index#critical-section@1.2.0 
Failed to match (ignoring source) package: registry+https://github.com/rust-lang/crates.io-index#critical-section@1.2.0 
Failed to match (ignoring source) package: registry+https://github.com/rust-lang/crates.io-index#parking_lot_core@0.9.12 
Failed to match (ignoring source) package: registry+https://github.com/rust-lang/crates.io-index#parking_lot_core@0.9.12 
Failed to match (ignoring source) package: registry+https://github.com/rust-lang/crates.io-index#parking_lot_core@0.9.12 
Failed to match (ignoring source) package: registry+https://github.com/rust-lang/crates.io-index#parking_lot_core@0.9.12 
Failed to match (ignoring source) package: registry+https://github.com/rust-lang/crates.io-index#parking_lot_core@0.9.12 
Failed to match (ignoring source) package: registry+https://github.com/rust-lang/crates.io-index#critical-section@1.2.0 
Failed to match (ignoring source) package: registry+https://github.com/rust-lang/crates.io-index#critical-section@1.2.0 
Failed to match (ignoring source) package: registry+https://github.com/rust-lang/crates.io-index#critical-section@1.2.0 
Failed to match (ignoring source) package: registry+https://github.com/rust-lang/crates.io-index#critical-section@1.2.0 
Failed to match (ignoring source) package: registry+https://github.com/rust-lang/crates.io-index#critical-section@1.2.0 
Failed to match (ignoring source) package: registry+https://github.com/rust-lang/crates.io-index#critical-section@1.2.0 
Failed to match (ignoring source) package: registry+https://github.com/rust-lang/crates.io-index#critical-section@1.2.0 
Failed to match (ignoring source) package: registry+https://github.com/rust-lang/crates.io-index#critical-section@1.2.0 
Failed to match (ignoring source) package: registry+https://github.com/rust-lang/crates.io-index#critical-section@1.2.0 
Failed to match (ignoring source) package: registry+https://github.com/rust-lang/crates.io-index#critical-section@1.2.0 
Failed to match (ignoring source) package: registry+https://github.com/rust-lang/crates.io-index#critical-section@1.2.0 
Failed to match (ignoring source) package: registry+https://github.com/rust-lang/crates.io-index#critical-section@1.2.0 
Failed to match (ignoring source) package: registry+https://github.com/rust-lang/crates.io-index#critical-section@1.2.0 
Failed to match (ignoring source) package: registry+https://github.com/rust-lang/crates.io-index#bincode@2.0.1 
Failed to match (ignoring source) package: registry+https://github.com/rust-lang/crates.io-index#bincode@2.0.1 
Failed to match (ignoring source) package: registry+https://github.com/rust-lang/crates.io-index#bincode@2.0.1 
Failed to match (ignoring source) package: registry+https://github.com/rust-lang/crates.io-index#bincode@2.0.1 
Failed to match (ignoring source) package: registry+https://github.com/rust-lang/crates.io-index#bincode@2.0.1 
Failed to match (ignoring source) package: registry+https://github.com/rust-lang/crates.io-index#bincode@2.0.1 
Failed to match (ignoring source) package: registry+https://github.com/rust-lang/crates.io-index#bincode@2.0.1 
Failed to match (ignoring source) package: registry+https://github.com/rust-lang/crates.io-index#bincode@2.0.1 
Failed to match (ignoring source) package: registry+https://github.com/rust-lang/crates.io-index#unty@0.0.4 
Failed to match (ignoring source) package: registry+https://github.com/rust-lang/crates.io-index#unty@0.0.4 
Failed to match (ignoring source) package: registry+https://github.com/rust-lang/crates.io-index#unty@0.0.4 
Failed to match (ignoring source) package: registry+https://github.com/rust-lang/crates.io-index#unty@0.0.4 
Failed to match (ignoring source) package: registry+https://github.com/rust-lang/crates.io-index#unty@0.0.4 
Failed to match (ignoring source) package: registry+https://github.com/rust-lang/crates.io-index#unty@0.0.4 
Failed to match (ignoring source) package: registry+https://github.com/rust-lang/crates.io-index#unty@0.0.4 
Failed to match (ignoring source) package: registry+https://github.com/rust-lang/crates.io-index#unty@0.0.4 
     Removed 0 files
   Compiling proc-macro2 v1.0.106
   Compiling unicode-ident v1.0.24
   Compiling quote v1.0.45
   Compiling autocfg v1.5.0
   Compiling libc v0.2.184
   Compiling libm v0.2.16
    Checking cfg-if v1.0.4
   Compiling typenum v1.19.0
   Compiling zerocopy v0.8.48
   Compiling crossbeam-utils v0.8.21
   Compiling paste v1.0.15
   Compiling getrandom v0.3.4
{"$message_type":"artifact","artifact":"/home/eirikr/Github/open_gororoba/.cache/geiger-target/debug/build/getrandom-be7c0801392da548/build_script_build-be7c0801392da548.d","emit":"dep-info"}
{"$message_type":"artifact","artifact":"/home/eirikr/Github/open_gororoba/.cache/geiger-target/debug/build/proc-macro2-584bd13f3dc5db8a/build_script_build-584bd13f3dc5db8a.d","emit":"dep-info"}
{"$message_type":"artifact","artifact":"/home/eirikr/Github/open_gororoba/.cache/geiger-target/debug/build/crossbeam-utils-f49e47d2c65c4085/build_script_build-f49e47d2c65c4085.d","emit":"dep-info"}
{"$message_type":"artifact","artifact":"/home/eirikr/Github/open_gororoba/.cache/geiger-target/debug/build/zerocopy-28ee2dd6ca2f46f0/build_script_build-28ee2dd6ca2f46f0.d","emit":"dep-info"}
{"$message_type":"artifact","artifact":"/home/eirikr/Github/open_gororoba/.cache/geiger-target/debug/build/paste-e712413be78ea6c5/build_script_build-e712413be78ea6c5.d","emit":"dep-info"}
{"$message_type":"artifact","artifact":"/home/eirikr/Github/open_gororoba/.cache/geiger-target/debug/build/typenum-8e9fadcf31184b10/build_script_build-8e9fadcf31184b10.d","emit":"dep-info"}
{"$message_type":"artifact","artifact":"/home/eirikr/Github/open_gororoba/.cache/geiger-target/debug/build/libm-59c707be304b55a1/build_script_build-59c707be304b55a1.d","emit":"dep-info"}
{"$message_type":"artifact","artifact":"/home/eirikr/Github/open_gororoba/.cache/geiger-target/debug/build/libc-2913a489d04496ef/build_script_build-2913a489d04496ef.d","emit":"dep-info"}
{"$message_type":"artifact","artifact":"/home/eirikr/Github/open_gororoba/.cache/geiger-target/debug/build/quote-232e8a119100ce2c/build_script_build-232e8a119100ce2c.d","emit":"dep-info"}
{"$message_type":"artifact","artifact":"/home/eirikr/Github/open_gororoba/.cache/geiger-target/debug/deps/cfg_if-0156f325c0cc5f2b.d","emit":"dep-info"}
{"$message_type":"artifact","artifact":"/home/eirikr/Github/open_gororoba/.cache/geiger-target/debug/deps/libcfg_if-0156f325c0cc5f2b.rmeta","emit":"metadata"}
    Checking rand_core v0.10.0
{"$message_type":"artifact","artifact":"/home/eirikr/Github/open_gororoba/.cache/geiger-target/debug/build/crossbeam-utils-f49e47d2c65c4085/build_script_build-f49e47d2c65c4085","emit":"link"}
{"$message_type":"artifact","artifact":"/home/eirikr/Github/open_gororoba/.cache/geiger-target/debug/build/paste-e712413be78ea6c5/build_script_build-e712413be78ea6c5","emit":"link"}
{"$message_type":"artifact","artifact":"/home/eirikr/Github/open_gororoba/.cache/geiger-target/debug/build/quote-232e8a119100ce2c/build_script_build-232e8a119100ce2c","emit":"link"}
{"$message_type":"artifact","artifact":"/home/eirikr/Github/open_gororoba/.cache/geiger-target/debug/deps/unicode_ident-be7f768e2f7f07d7.d","emit":"dep-info"}
{"$message_type":"artifact","artifact":"/home/eirikr/Github/open_gororoba/.cache/geiger-target/debug/deps/libunicode_ident-be7f768e2f7f07d7.rmeta","emit":"metadata"}
{"$message_type":"artifact","artifact":"/home/eirikr/Github/open_gororoba/.cache/geiger-target/debug/deps/libunicode_ident-be7f768e2f7f07d7.rlib","emit":"link"}
   Compiling getrandom v0.4.2
    Checking cpufeatures v0.3.0
{"$message_type":"artifact","artifact":"/home/eirikr/Github/open_gororoba/.cache/geiger-target/debug/build/getrandom-2326a9ce91a11ece/build_script_build-2326a9ce91a11ece.d","emit":"dep-info"}
{"$message_type":"artifact","artifact":"/home/eirikr/Github/open_gororoba/.cache/geiger-target/debug/build/libm-59c707be304b55a1/build_script_build-59c707be304b55a1","emit":"link"}
{"$message_type":"artifact","artifact":"/home/eirikr/Github/open_gororoba/.cache/geiger-target/debug/deps/paste-d39bb0753752a790.d","emit":"dep-info"}
{"$message_type":"artifact","artifact":"/home/eirikr/Github/open_gororoba/.cache/geiger-target/debug/build/zerocopy-28ee2dd6ca2f46f0/build_script_build-28ee2dd6ca2f46f0","emit":"link"}
{"$message_type":"artifact","artifact":"/home/eirikr/Github/open_gororoba/.cache/geiger-target/debug/build/getrandom-be7c0801392da548/build_script_build-be7c0801392da548","emit":"link"}
{"$message_type":"artifact","artifact":"/home/eirikr/Github/open_gororoba/.cache/geiger-target/debug/build/proc-macro2-584bd13f3dc5db8a/build_script_build-584bd13f3dc5db8a","emit":"link"}
   Compiling rayon-core v1.13.0
{"$message_type":"artifact","artifact":"/home/eirikr/Github/open_gororoba/.cache/geiger-target/debug/build/typenum-8e9fadcf31184b10/build_script_build-8e9fadcf31184b10","emit":"link"}
{"$message_type":"artifact","artifact":"/home/eirikr/Github/open_gororoba/.cache/geiger-target/debug/build/rayon-core-d86b8262f7e27cc9/build_script_build-d86b8262f7e27cc9.d","emit":"dep-info"}
{"$message_type":"artifact","artifact":"/home/eirikr/Github/open_gororoba/.cache/geiger-target/debug/build/libc-2913a489d04496ef/build_script_build-2913a489d04496ef","emit":"link"}
{"$message_type":"artifact","artifact":"/home/eirikr/Github/open_gororoba/.cache/geiger-target/debug/deps/rand_core-c19ecd448cc1df2e.d","emit":"dep-info"}
{"$message_type":"artifact","artifact":"/home/eirikr/Github/open_gororoba/.cache/geiger-target/debug/deps/librand_core-c19ecd448cc1df2e.rmeta","emit":"metadata"}
   Compiling shlex v1.3.0
{"$message_type":"artifact","artifact":"/home/eirikr/Github/open_gororoba/.cache/geiger-target/debug/build/getrandom-2326a9ce91a11ece/build_script_build-2326a9ce91a11ece","emit":"link"}
{"$message_type":"artifact","artifact":"/home/eirikr/Github/open_gororoba/.cache/geiger-target/debug/build/rayon-core-d86b8262f7e27cc9/build_script_build-d86b8262f7e27cc9","emit":"link"}
    Checking rawpointer v0.2.1
   Compiling find-msvc-tools v0.1.9
{"$message_type":"artifact","artifact":"/home/eirikr/Github/open_gororoba/.cache/geiger-target/debug/deps/cpufeatures-d1e4553045700240.d","emit":"dep-info"}
{"$message_type":"artifact","artifact":"/home/eirikr/Github/open_gororoba/.cache/geiger-target/debug/deps/libcpufeatures-d1e4553045700240.rmeta","emit":"metadata"}
    Checking chacha20 v0.10.0
{"$message_type":"artifact","artifact":"/home/eirikr/Github/open_gororoba/.cache/geiger-target/debug/deps/autocfg-16cbe8602363076b.d","emit":"dep-info"}
{"$message_type":"artifact","artifact":"/home/eirikr/Github/open_gororoba/.cache/geiger-target/debug/deps/libautocfg-16cbe8602363076b.rmeta","emit":"metadata"}
{"$message_type":"artifact","artifact":"/home/eirikr/Github/open_gororoba/.cache/geiger-target/debug/deps/libautocfg-16cbe8602363076b.rlib","emit":"link"}
   Compiling num-traits v0.2.19
{"$message_type":"artifact","artifact":"/home/eirikr/Github/open_gororoba/.cache/geiger-target/debug/deps/libpaste-d39bb0753752a790.so","emit":"link"}
   Compiling matrixmultiply v0.3.10
{"$message_type":"artifact","artifact":"/home/eirikr/Github/open_gororoba/.cache/geiger-target/debug/build/num-traits-1aca2cdd839cd942/build_script_build-1aca2cdd839cd942.d","emit":"dep-info"}
{"$message_type":"artifact","artifact":"/home/eirikr/Github/open_gororoba/.cache/geiger-target/debug/build/matrixmultiply-9ec0caee50df69ed/build_script_build-9ec0caee50df69ed.d","emit":"dep-info"}
{"$message_type":"artifact","artifact":"/home/eirikr/Github/open_gororoba/.cache/geiger-target/debug/build/num-traits-1aca2cdd839cd942/build_script_build-1aca2cdd839cd942","emit":"link"}
{"$message_type":"artifact","artifact":"/home/eirikr/Github/open_gororoba/.cache/geiger-target/debug/build/matrixmultiply-9ec0caee50df69ed/build_script_build-9ec0caee50df69ed","emit":"link"}
    Checking bitflags v2.11.0
   Compiling radium v0.7.0
{"$message_type":"artifact","artifact":"/home/eirikr/Github/open_gororoba/.cache/geiger-target/debug/deps/rawpointer-0563df76f216f43d.d","emit":"dep-info"}
{"$message_type":"artifact","artifact":"/home/eirikr/Github/open_gororoba/.cache/geiger-target/debug/deps/librawpointer-0563df76f216f43d.rmeta","emit":"metadata"}
{"$message_type":"artifact","artifact":"/home/eirikr/Github/open_gororoba/.cache/geiger-target/debug/build/radium-d20c7bf6aa4915fc/build_script_build-d20c7bf6aa4915fc.d","emit":"dep-info"}
{"$message_type":"artifact","artifact":"/home/eirikr/Github/open_gororoba/.cache/geiger-target/debug/deps/shlex-2efa91cf856386b8.d","emit":"dep-info"}
{"$message_type":"artifact","artifact":"/home/eirikr/Github/open_gororoba/.cache/geiger-target/debug/deps/libshlex-2efa91cf856386b8.rmeta","emit":"metadata"}
{"$message_type":"artifact","artifact":"/home/eirikr/Github/open_gororoba/.cache/geiger-target/debug/deps/libshlex-2efa91cf856386b8.rlib","emit":"link"}
   Compiling version_check v0.9.5
{"$message_type":"artifact","artifact":"/home/eirikr/Github/open_gororoba/.cache/geiger-target/debug/build/radium-d20c7bf6aa4915fc/build_script_build-d20c7bf6aa4915fc","emit":"link"}
   Compiling thiserror v2.0.18
{"$message_type":"artifact","artifact":"/home/eirikr/Github/open_gororoba/.cache/geiger-target/debug/deps/find_msvc_tools-2a3c31dc69b04efd.d","emit":"dep-info"}
{"$message_type":"artifact","artifact":"/home/eirikr/Github/open_gororoba/.cache/geiger-target/debug/deps/libfind_msvc_tools-2a3c31dc69b04efd.rmeta","emit":"metadata"}
{"$message_type":"artifact","artifact":"/home/eirikr/Github/open_gororoba/.cache/geiger-target/debug/deps/libfind_msvc_tools-2a3c31dc69b04efd.rlib","emit":"link"}
   Compiling cc v1.2.59
{"$message_type":"artifact","artifact":"/home/eirikr/Github/open_gororoba/.cache/geiger-target/debug/build/thiserror-06fe9be27475c167/build_script_build-06fe9be27475c167.d","emit":"dep-info"}
{"$message_type":"artifact","artifact":"/home/eirikr/Github/open_gororoba/.cache/geiger-target/debug/deps/crossbeam_utils-6f9ae7c3eb8d5e58.d","emit":"dep-info"}
{"$message_type":"artifact","artifact":"/home/eirikr/Github/open_gororoba/.cache/geiger-target/debug/deps/libcrossbeam_utils-6f9ae7c3eb8d5e58.rmeta","emit":"metadata"}
    Checking crossbeam-epoch v0.9.18
{"$message_type":"artifact","artifact":"/home/eirikr/Github/open_gororoba/.cache/geiger-target/debug/build/thiserror-06fe9be27475c167/build_script_build-06fe9be27475c167","emit":"link"}
    Checking tap v1.0.1
{"$message_type":"artifact","artifact":"/home/eirikr/Github/open_gororoba/.cache/geiger-target/debug/deps/chacha20-433131814011c862.d","emit":"dep-info"}
{"$message_type":"artifact","artifact":"/home/eirikr/Github/open_gororoba/.cache/geiger-target/debug/deps/libchacha20-433131814011c862.rmeta","emit":"metadata"}
    Checking const-oid v0.10.2
{"$message_type":"artifact","artifact":"/home/eirikr/Github/open_gororoba/.cache/geiger-target/debug/deps/bitflags-81cd145479e34ed3.d","emit":"dep-info"}
{"$message_type":"artifact","artifact":"/home/eirikr/Github/open_gororoba/.cache/geiger-target/debug/deps/libbitflags-81cd145479e34ed3.rmeta","emit":"metadata"}
    Checking raw-cpuid v11.6.0
{"$message_type":"artifact","artifact":"/home/eirikr/Github/open_gororoba/.cache/geiger-target/debug/deps/version_check-f03f841c1cfb23e3.d","emit":"dep-info"}
{"$message_type":"artifact","artifact":"/home/eirikr/Github/open_gororoba/.cache/geiger-target/debug/deps/libversion_check-f03f841c1cfb23e3.rmeta","emit":"metadata"}
{"$message_type":"artifact","artifact":"/home/eirikr/Github/open_gororoba/.cache/geiger-target/debug/deps/libversion_check-f03f841c1cfb23e3.rlib","emit":"link"}
   Compiling pulp v0.22.2
{"$message_type":"artifact","artifact":"/home/eirikr/Github/open_gororoba/.cache/geiger-target/debug/build/pulp-ca5521184aa6d5ba/build_script_build-ca5521184aa6d5ba.d","emit":"dep-info"}
{"$message_type":"artifact","artifact":"/home/eirikr/Github/open_gororoba/.cache/geiger-target/debug/deps/tap-07d6b17dd0bf44b6.d","emit":"dep-info"}
{"$message_type":"artifact","artifact":"/home/eirikr/Github/open_gororoba/.cache/geiger-target/debug/deps/libtap-07d6b17dd0bf44b6.rmeta","emit":"metadata"}
    Checking either v1.15.0
{"$message_type":"artifact","artifact":"/home/eirikr/Github/open_gororoba/.cache/geiger-target/debug/deps/matrixmultiply-0a96b5bcb207dfb6.d","emit":"dep-info"}
{"$message_type":"artifact","artifact":"/home/eirikr/Github/open_gororoba/.cache/geiger-target/debug/deps/libmatrixmultiply-0a96b5bcb207dfb6.rmeta","emit":"metadata"}
    Checking wyz v0.5.1
{"$message_type":"artifact","artifact":"/home/eirikr/Github/open_gororoba/.cache/geiger-target/debug/build/pulp-ca5521184aa6d5ba/build_script_build-ca5521184aa6d5ba","emit":"link"}
{"$message_type":"artifact","artifact":"/home/eirikr/Github/open_gororoba/.cache/geiger-target/debug/deps/crossbeam_epoch-79a2dffa4eecaa87.d","emit":"dep-info"}
{"$message_type":"artifact","artifact":"/home/eirikr/Github/open_gororoba/.cache/geiger-target/debug/deps/libcrossbeam_epoch-79a2dffa4eecaa87.rmeta","emit":"metadata"}
    Checking crossbeam-deque v0.8.6
{"$message_type":"artifact","artifact":"/home/eirikr/Github/open_gororoba/.cache/geiger-target/debug/deps/libm-2d244d6ea2acd43c.d","emit":"dep-info"}
{"$message_type":"artifact","artifact":"/home/eirikr/Github/open_gororoba/.cache/geiger-target/debug/deps/liblibm-2d244d6ea2acd43c.rmeta","emit":"metadata"}
{"$message_type":"artifact","artifact":"/home/eirikr/Github/open_gororoba/.cache/geiger-target/debug/deps/typenum-7e22f13b8b4d82f5.d","emit":"dep-info"}
{"$message_type":"artifact","artifact":"/home/eirikr/Github/open_gororoba/.cache/geiger-target/debug/deps/libtypenum-7e22f13b8b4d82f5.rmeta","emit":"metadata"}
{"$message_type":"artifact","artifact":"/home/eirikr/Github/open_gororoba/.cache/geiger-target/debug/deps/const_oid-e436cf661c3c926f.d","emit":"dep-info"}
{"$message_type":"artifact","artifact":"/home/eirikr/Github/open_gororoba/.cache/geiger-target/debug/deps/libconst_oid-e436cf661c3c926f.rmeta","emit":"metadata"}
    Checking hybrid-array v0.4.10
{"$message_type":"artifact","artifact":"/home/eirikr/Github/open_gororoba/.cache/geiger-target/debug/deps/wyz-8b065716816384d4.d","emit":"dep-info"}
{"$message_type":"artifact","artifact":"/home/eirikr/Github/open_gororoba/.cache/geiger-target/debug/deps/either-11b34e8797ff477e.d","emit":"dep-info"}
{"$message_type":"artifact","artifact":"/home/eirikr/Github/open_gororoba/.cache/geiger-target/debug/deps/libwyz-8b065716816384d4.rmeta","emit":"metadata"}
{"$message_type":"artifact","artifact":"/home/eirikr/Github/open_gororoba/.cache/geiger-target/debug/deps/libeither-11b34e8797ff477e.rmeta","emit":"metadata"}
    Checking reborrow v0.5.5
    Checking funty v2.0.0
   Compiling cd_kernel v0.1.0 (/home/eirikr/Github/open_gororoba/crates/cd_kernel)
{"$message_type":"artifact","artifact":"/home/eirikr/Github/open_gororoba/.cache/geiger-target/debug/build/cd_kernel-735e08d38f1e8ea4/build_script_build-735e08d38f1e8ea4.d","emit":"dep-info"}
{"$message_type":"artifact","artifact":"/home/eirikr/Github/open_gororoba/.cache/geiger-target/debug/deps/libc-fd9ad7fe84c19d36.d","emit":"dep-info"}
{"$message_type":"artifact","artifact":"/home/eirikr/Github/open_gororoba/.cache/geiger-target/debug/deps/liblibc-fd9ad7fe84c19d36.rmeta","emit":"metadata"}
{"$message_type":"artifact","artifact":"/home/eirikr/Github/open_gororoba/.cache/geiger-target/debug/build/cd_kernel-735e08d38f1e8ea4/build_script_build-735e08d38f1e8ea4","emit":"link"}
    Checking num_cpus v1.17.0
{"$message_type":"artifact","artifact":"/home/eirikr/Github/open_gororoba/.cache/geiger-target/debug/deps/crossbeam_deque-7b292c147fa92029.d","emit":"dep-info"}
{"$message_type":"artifact","artifact":"/home/eirikr/Github/open_gororoba/.cache/geiger-target/debug/deps/libcrossbeam_deque-7b292c147fa92029.rmeta","emit":"metadata"}
{"$message_type":"artifact","artifact":"/home/eirikr/Github/open_gororoba/.cache/geiger-target/debug/deps/cc-46e2d3f17ab3b740.d","emit":"dep-info"}
{"$message_type":"artifact","artifact":"/home/eirikr/Github/open_gororoba/.cache/geiger-target/debug/deps/libcc-46e2d3f17ab3b740.rmeta","emit":"metadata"}
{"$message_type":"artifact","artifact":"/home/eirikr/Github/open_gororoba/.cache/geiger-target/debug/deps/libcc-46e2d3f17ab3b740.rlib","emit":"link"}
   Compiling simsimd v6.5.16
{"$message_type":"artifact","artifact":"/home/eirikr/Github/open_gororoba/.cache/geiger-target/debug/build/simsimd-bbda9bfd9f5a12bd/build_script_build-bbda9bfd9f5a12bd.d","emit":"dep-info"}
{"$message_type":"artifact","artifact":"/home/eirikr/Github/open_gororoba/.cache/geiger-target/debug/deps/reborrow-093de9a527849d9b.d","emit":"dep-info"}
{"$message_type":"artifact","artifact":"/home/eirikr/Github/open_gororoba/.cache/geiger-target/debug/deps/libreborrow-093de9a527849d9b.rmeta","emit":"metadata"}
{"$message_type":"artifact","artifact":"/home/eirikr/Github/open_gororoba/.cache/geiger-target/debug/deps/radium-8de6f5389bf1906a.d","emit":"dep-info"}
{"$message_type":"artifact","artifact":"/home/eirikr/Github/open_gororoba/.cache/geiger-target/debug/deps/libradium-8de6f5389bf1906a.rmeta","emit":"metadata"}
   Compiling dyn-stack-macros v0.1.3
{"$message_type":"artifact","artifact":"/home/eirikr/Github/open_gororoba/.cache/geiger-target/debug/build/simsimd-bbda9bfd9f5a12bd/build_script_build-bbda9bfd9f5a12bd","emit":"link"}
{"$message_type":"artifact","artifact":"/home/eirikr/Github/open_gororoba/.cache/geiger-target/debug/deps/dyn_stack_macros-2f33be9f8af4be52.d","emit":"dep-info"}
{"$message_type":"artifact","artifact":"/home/eirikr/Github/open_gororoba/.cache/geiger-target/debug/deps/proc_macro2-a71eb389396f8b79.d","emit":"dep-info"}
{"$message_type":"artifact","artifact":"/home/eirikr/Github/open_gororoba/.cache/geiger-target/debug/deps/libproc_macro2-a71eb389396f8b79.rmeta","emit":"metadata"}
{"$message_type":"artifact","artifact":"/home/eirikr/Github/open_gororoba/.cache/geiger-target/debug/deps/libproc_macro2-a71eb389396f8b79.rlib","emit":"link"}
{"$message_type":"artifact","artifact":"/home/eirikr/Github/open_gororoba/.cache/geiger-target/debug/deps/libdyn_stack_macros-2f33be9f8af4be52.so","emit":"link"}
    Checking pulp-wasm-simd-flag v0.1.0
{"$message_type":"artifact","artifact":"/home/eirikr/Github/open_gororoba/.cache/geiger-target/debug/deps/getrandom-9ba7f24ac5540672.d","emit":"dep-info"}
{"$message_type":"artifact","artifact":"/home/eirikr/Github/open_gororoba/.cache/geiger-target/debug/deps/libgetrandom-9ba7f24ac5540672.rmeta","emit":"metadata"}
    Checking rand v0.10.1
{"$message_type":"artifact","artifact":"/home/eirikr/Github/open_gororoba/.cache/geiger-target/debug/deps/num_cpus-60bad13bcbe3b300.d","emit":"dep-info"}
{"$message_type":"artifact","artifact":"/home/eirikr/Github/open_gororoba/.cache/geiger-target/debug/deps/libnum_cpus-60bad13bcbe3b300.rmeta","emit":"metadata"}
    Checking core_affinity v0.8.3
{"$message_type":"artifact","artifact":"/home/eirikr/Github/open_gororoba/.cache/geiger-target/debug/deps/getrandom-704354e37f32f87c.d","emit":"dep-info"}
{"$message_type":"artifact","artifact":"/home/eirikr/Github/open_gororoba/.cache/geiger-target/debug/deps/libgetrandom-704354e37f32f87c.rmeta","emit":"metadata"}
    Checking rand_core v0.9.5
{"$message_type":"artifact","artifact":"/home/eirikr/Github/open_gororoba/.cache/geiger-target/debug/deps/hybrid_array-714e624438b8cb18.d","emit":"dep-info"}
{"$message_type":"artifact","artifact":"/home/eirikr/Github/open_gororoba/.cache/geiger-target/debug/deps/libhybrid_array-714e624438b8cb18.rmeta","emit":"metadata"}
    Checking crypto-common v0.2.1
{"$message_type":"artifact","artifact":"/home/eirikr/Github/open_gororoba/.cache/geiger-target/debug/deps/pulp_wasm_simd_flag-106ec3aca1870b5b.d","emit":"dep-info"}
{"$message_type":"artifact","artifact":"/home/eirikr/Github/open_gororoba/.cache/geiger-target/debug/deps/libpulp_wasm_simd_flag-106ec3aca1870b5b.rmeta","emit":"metadata"}
    Checking block-buffer v0.12.0
{"$message_type":"artifact","artifact":"/home/eirikr/Github/open_gororoba/.cache/geiger-target/debug/deps/funty-c9c17060774e8433.d","emit":"dep-info"}
{"$message_type":"artifact","artifact":"/home/eirikr/Github/open_gororoba/.cache/geiger-target/debug/deps/libfunty-c9c17060774e8433.rmeta","emit":"metadata"}
    Checking bitvec v1.0.1
{"$message_type":"artifact","artifact":"/home/eirikr/Github/open_gororoba/.cache/geiger-target/debug/deps/core_affinity-d7b5ead1564036a3.d","emit":"dep-info"}
{"$message_type":"artifact","artifact":"/home/eirikr/Github/open_gororoba/.cache/geiger-target/debug/deps/libcore_affinity-d7b5ead1564036a3.rmeta","emit":"metadata"}
    Checking gororoba_gpu_bridge v0.1.0 (/home/eirikr/Github/open_gororoba/crates/gororoba_gpu_bridge)
{"$message_type":"artifact","artifact":"/home/eirikr/Github/open_gororoba/.cache/geiger-target/debug/deps/rayon_core-efe0587f6344532b.d","emit":"dep-info"}
{"$message_type":"artifact","artifact":"/home/eirikr/Github/open_gororoba/.cache/geiger-target/debug/deps/librayon_core-efe0587f6344532b.rmeta","emit":"metadata"}
    Checking rayon v1.11.0
{"$message_type":"artifact","artifact":"/home/eirikr/Github/open_gororoba/.cache/geiger-target/debug/deps/quote-cb5bb94e053bbd44.d","emit":"dep-info"}
{"$message_type":"artifact","artifact":"/home/eirikr/Github/open_gororoba/.cache/geiger-target/debug/deps/simsimd-3bcd267cd5b0ce6e.d","emit":"dep-info"}
{"$message_type":"artifact","artifact":"/home/eirikr/Github/open_gororoba/.cache/geiger-target/debug/deps/libquote-cb5bb94e053bbd44.rmeta","emit":"metadata"}
{"$message_type":"artifact","artifact":"/home/eirikr/Github/open_gororoba/.cache/geiger-target/debug/deps/libsimsimd-3bcd267cd5b0ce6e.rmeta","emit":"metadata"}
{"$message_type":"artifact","artifact":"/home/eirikr/Github/open_gororoba/.cache/geiger-target/debug/deps/libquote-cb5bb94e053bbd44.rlib","emit":"link"}
   Compiling syn v2.0.117
{"$message_type":"artifact","artifact":"/home/eirikr/Github/open_gororoba/.cache/geiger-target/debug/deps/rand_core-623e422882600af6.d","emit":"dep-info"}
{"$message_type":"artifact","artifact":"/home/eirikr/Github/open_gororoba/.cache/geiger-target/debug/deps/librand_core-623e422882600af6.rmeta","emit":"metadata"}
{"$message_type":"artifact","artifact":"/home/eirikr/Github/open_gororoba/.cache/geiger-target/debug/deps/num_traits-fbba7a07774932fe.d","emit":"dep-info"}
{"$message_type":"artifact","artifact":"/home/eirikr/Github/open_gororoba/.cache/geiger-target/debug/deps/libnum_traits-fbba7a07774932fe.rmeta","emit":"metadata"}
    Checking smallvec v1.15.1
    Checking num-integer v0.1.46
{"$message_type":"artifact","artifact":"/home/eirikr/Github/open_gororoba/.cache/geiger-target/debug/deps/block_buffer-e8794a3a1bfdb49e.d","emit":"dep-info"}
{"$message_type":"artifact","artifact":"/home/eirikr/Github/open_gororoba/.cache/geiger-target/debug/deps/libblock_buffer-e8794a3a1bfdb49e.rmeta","emit":"metadata"}
    Checking approx v0.5.1
{"$message_type":"artifact","artifact":"/home/eirikr/Github/open_gororoba/.cache/geiger-target/debug/deps/gororoba_gpu_bridge-5bd5133c830d83a2.d","emit":"dep-info"}
{"$message_type":"artifact","artifact":"/home/eirikr/Github/open_gororoba/.cache/geiger-target/debug/deps/libgororoba_gpu_bridge-5bd5133c830d83a2.rmeta","emit":"metadata"}
{"$message_type":"artifact","artifact":"/home/eirikr/Github/open_gororoba/.cache/geiger-target/debug/deps/rand-3cbeca1aca2f301f.d","emit":"dep-info"}
{"$message_type":"artifact","artifact":"/home/eirikr/Github/open_gororoba/.cache/geiger-target/debug/deps/librand-3cbeca1aca2f301f.rmeta","emit":"metadata"}
    Checking rand_distr v0.6.0
{"$message_type":"artifact","artifact":"/home/eirikr/Github/open_gororoba/.cache/geiger-target/debug/deps/smallvec-42474176b382d05b.d","emit":"dep-info"}
{"$message_type":"artifact","artifact":"/home/eirikr/Github/open_gororoba/.cache/geiger-target/debug/deps/libsmallvec-42474176b382d05b.rmeta","emit":"metadata"}
{"$message_type":"artifact","artifact":"/home/eirikr/Github/open_gororoba/.cache/geiger-target/debug/deps/approx-1c9311be37622ad3.d","emit":"dep-info"}
{"$message_type":"artifact","artifact":"/home/eirikr/Github/open_gororoba/.cache/geiger-target/debug/deps/libapprox-1c9311be37622ad3.rmeta","emit":"metadata"}
{"$message_type":"artifact","artifact":"/home/eirikr/Github/open_gororoba/.cache/geiger-target/debug/deps/num_integer-979d6fa429a2a8f6.d","emit":"dep-info"}
{"$message_type":"artifact","artifact":"/home/eirikr/Github/open_gororoba/.cache/geiger-target/debug/deps/libnum_integer-979d6fa429a2a8f6.rmeta","emit":"metadata"}
    Checking num-rational v0.4.2
{"$message_type":"artifact","artifact":"/home/eirikr/Github/open_gororoba/.cache/geiger-target/debug/deps/raw_cpuid-795d0cf9e1d6e5d5.d","emit":"dep-info"}
{"$message_type":"artifact","artifact":"/home/eirikr/Github/open_gororoba/.cache/geiger-target/debug/deps/libraw_cpuid-795d0cf9e1d6e5d5.rmeta","emit":"metadata"}
{"$message_type":"artifact","artifact":"/home/eirikr/Github/open_gororoba/.cache/geiger-target/debug/deps/crypto_common-cd9855bafc1c772c.d","emit":"dep-info"}
{"$message_type":"artifact","artifact":"/home/eirikr/Github/open_gororoba/.cache/geiger-target/debug/deps/libcrypto_common-cd9855bafc1c772c.rmeta","emit":"metadata"}
    Checking digest v0.11.2
{"$message_type":"artifact","artifact":"/home/eirikr/Github/open_gororoba/.cache/geiger-target/debug/deps/num_rational-13db143250352967.d","emit":"dep-info"}
{"$message_type":"artifact","artifact":"/home/eirikr/Github/open_gororoba/.cache/geiger-target/debug/deps/libnum_rational-13db143250352967.rmeta","emit":"metadata"}
{"$message_type":"artifact","artifact":"/home/eirikr/Github/open_gororoba/.cache/geiger-target/debug/deps/rand_distr-aedae4431d1fd342.d","emit":"dep-info"}
{"$message_type":"artifact","artifact":"/home/eirikr/Github/open_gororoba/.cache/geiger-target/debug/deps/librand_distr-aedae4431d1fd342.rmeta","emit":"metadata"}
{"$message_type":"artifact","artifact":"/home/eirikr/Github/open_gororoba/.cache/geiger-target/debug/deps/digest-98288e50cabfada5.d","emit":"dep-info"}
{"$message_type":"artifact","artifact":"/home/eirikr/Github/open_gororoba/.cache/geiger-target/debug/deps/libdigest-98288e50cabfada5.rmeta","emit":"metadata"}
    Checking sha2 v0.11.0
{"$message_type":"artifact","artifact":"/home/eirikr/Github/open_gororoba/.cache/geiger-target/debug/deps/sha2-ff0da2dbbcc3a36c.d","emit":"dep-info"}
{"$message_type":"artifact","artifact":"/home/eirikr/Github/open_gororoba/.cache/geiger-target/debug/deps/libsha2-ff0da2dbbcc3a36c.rmeta","emit":"metadata"}
{"$message_type":"artifact","artifact":"/home/eirikr/Github/open_gororoba/.cache/geiger-target/debug/deps/rayon-f62dfeef9a461e2e.d","emit":"dep-info"}
{"$message_type":"artifact","artifact":"/home/eirikr/Github/open_gororoba/.cache/geiger-target/debug/deps/librayon-f62dfeef9a461e2e.rmeta","emit":"metadata"}
{"$message_type":"artifact","artifact":"/home/eirikr/Github/open_gororoba/.cache/geiger-target/debug/deps/bitvec-c18ba35eef914c41.d","emit":"dep-info"}
{"$message_type":"artifact","artifact":"/home/eirikr/Github/open_gororoba/.cache/geiger-target/debug/deps/libbitvec-c18ba35eef914c41.rmeta","emit":"metadata"}
{"$message_type":"artifact","artifact":"/home/eirikr/Github/open_gororoba/.cache/geiger-target/debug/deps/zerocopy-23ad42df94dfc8b8.d","emit":"dep-info"}
{"$message_type":"artifact","artifact":"/home/eirikr/Github/open_gororoba/.cache/geiger-target/debug/deps/libzerocopy-23ad42df94dfc8b8.rmeta","emit":"metadata"}
    Checking ppv-lite86 v0.2.21
{"$message_type":"artifact","artifact":"/home/eirikr/Github/open_gororoba/.cache/geiger-target/debug/deps/ppv_lite86-0f034a552c7a8603.d","emit":"dep-info"}
{"$message_type":"artifact","artifact":"/home/eirikr/Github/open_gororoba/.cache/geiger-target/debug/deps/libppv_lite86-0f034a552c7a8603.rmeta","emit":"metadata"}
    Checking rand_chacha v0.9.0
    Checking rand_chacha v0.10.0
{"$message_type":"artifact","artifact":"/home/eirikr/Github/open_gororoba/.cache/geiger-target/debug/deps/syn-30525f5ce7cd31e6.d","emit":"dep-info"}
{"$message_type":"artifact","artifact":"/home/eirikr/Github/open_gororoba/.cache/geiger-target/debug/deps/libsyn-30525f5ce7cd31e6.rmeta","emit":"metadata"}
{"$message_type":"artifact","artifact":"/home/eirikr/Github/open_gororoba/.cache/geiger-target/debug/deps/libsyn-30525f5ce7cd31e6.rlib","emit":"link"}
   Compiling bytemuck_derive v1.10.2
   Compiling nalgebra-macros v0.3.0
   Compiling equator-macro v0.4.2
   Compiling thiserror-impl v2.0.18
{"$message_type":"artifact","artifact":"/home/eirikr/Github/open_gororoba/.cache/geiger-target/debug/deps/rand_chacha-d0ec912d16fa97df.d","emit":"dep-info"}
{"$message_type":"artifact","artifact":"/home/eirikr/Github/open_gororoba/.cache/geiger-target/debug/deps/librand_chacha-d0ec912d16fa97df.rmeta","emit":"metadata"}
{"$message_type":"artifact","artifact":"/home/eirikr/Github/open_gororoba/.cache/geiger-target/debug/deps/nalgebra_macros-e3ad96ad99eda586.d","emit":"dep-info"}
{"$message_type":"artifact","artifact":"/home/eirikr/Github/open_gororoba/.cache/geiger-target/debug/deps/rand_chacha-3917fc812e6406fa.d","emit":"dep-info"}
{"$message_type":"artifact","artifact":"/home/eirikr/Github/open_gororoba/.cache/geiger-target/debug/deps/librand_chacha-3917fc812e6406fa.rmeta","emit":"metadata"}
    Checking rand v0.9.3
{"$message_type":"artifact","artifact":"/home/eirikr/Github/open_gororoba/.cache/geiger-target/debug/deps/equator_macro-313ddcaac04e969f.d","emit":"dep-info"}
{"$message_type":"artifact","artifact":"/home/eirikr/Github/open_gororoba/.cache/geiger-target/debug/deps/thiserror_impl-44e2ae4fd01c6b48.d","emit":"dep-info"}
{"$message_type":"artifact","artifact":"/home/eirikr/Github/open_gororoba/.cache/geiger-target/debug/deps/bytemuck_derive-99763ab6d5a1f19f.d","emit":"dep-info"}
{"$message_type":"artifact","artifact":"/home/eirikr/Github/open_gororoba/.cache/geiger-target/debug/deps/libnalgebra_macros-e3ad96ad99eda586.so","emit":"link"}
{"$message_type":"artifact","artifact":"/home/eirikr/Github/open_gororoba/.cache/geiger-target/debug/deps/libequator_macro-313ddcaac04e969f.so","emit":"link"}
    Checking equator v0.4.2
{"$message_type":"artifact","artifact":"/home/eirikr/Github/open_gororoba/.cache/geiger-target/debug/deps/rand-caa45790c2d19f35.d","emit":"dep-info"}
{"$message_type":"artifact","artifact":"/home/eirikr/Github/open_gororoba/.cache/geiger-target/debug/deps/librand-caa45790c2d19f35.rmeta","emit":"metadata"}
{"$message_type":"artifact","artifact":"/home/eirikr/Github/open_gororoba/.cache/geiger-target/debug/deps/equator-749d916a7aed853e.d","emit":"dep-info"}
{"$message_type":"artifact","artifact":"/home/eirikr/Github/open_gororoba/.cache/geiger-target/debug/deps/libequator-749d916a7aed853e.rmeta","emit":"metadata"}
    Checking rand_distr v0.5.1
    Checking aligned-vec v0.6.4
{"$message_type":"artifact","artifact":"/home/eirikr/Github/open_gororoba/.cache/geiger-target/debug/deps/libthiserror_impl-44e2ae4fd01c6b48.so","emit":"link"}
{"$message_type":"artifact","artifact":"/home/eirikr/Github/open_gororoba/.cache/geiger-target/debug/deps/libbytemuck_derive-99763ab6d5a1f19f.so","emit":"link"}
    Checking bytemuck v1.25.0
{"$message_type":"artifact","artifact":"/home/eirikr/Github/open_gororoba/.cache/geiger-target/debug/deps/thiserror-5d704722f75e3706.d","emit":"dep-info"}
{"$message_type":"artifact","artifact":"/home/eirikr/Github/open_gororoba/.cache/geiger-target/debug/deps/libthiserror-5d704722f75e3706.rmeta","emit":"metadata"}
{"$message_type":"artifact","artifact":"/home/eirikr/Github/open_gororoba/.cache/geiger-target/debug/deps/aligned_vec-d9278b16cbaec373.d","emit":"dep-info"}
{"$message_type":"artifact","artifact":"/home/eirikr/Github/open_gororoba/.cache/geiger-target/debug/deps/libaligned_vec-d9278b16cbaec373.rmeta","emit":"metadata"}
{"$message_type":"artifact","artifact":"/home/eirikr/Github/open_gororoba/.cache/geiger-target/debug/deps/bytemuck-340ae1899889309b.d","emit":"dep-info"}
{"$message_type":"artifact","artifact":"/home/eirikr/Github/open_gororoba/.cache/geiger-target/debug/deps/libbytemuck-340ae1899889309b.rmeta","emit":"metadata"}
    Checking safe_arch v0.7.4
    Checking num-complex v0.4.6
    Checking safe_arch v1.0.0
    Checking dyn-stack v0.13.2
{"$message_type":"artifact","artifact":"/home/eirikr/Github/open_gororoba/.cache/geiger-target/debug/deps/rand_distr-f9e5ef33b8ba2f1e.d","emit":"dep-info"}
{"$message_type":"artifact","artifact":"/home/eirikr/Github/open_gororoba/.cache/geiger-target/debug/deps/librand_distr-f9e5ef33b8ba2f1e.rmeta","emit":"metadata"}
    Checking fwht v0.1.0 (https://github.com/Oichkatzelesfrettschen/cratesgororobas?rev=28b5310d3a6755b81b7c1ceb79f9f79f67f1af70#28b5310d)
{"$message_type":"artifact","artifact":"/home/eirikr/Github/open_gororoba/.cache/geiger-target/debug/deps/dyn_stack-74445c1fdf043b10.d","emit":"dep-info"}
{"$message_type":"artifact","artifact":"/home/eirikr/Github/open_gororoba/.cache/geiger-target/debug/deps/libdyn_stack-74445c1fdf043b10.rmeta","emit":"metadata"}
{"$message_type":"artifact","artifact":"/home/eirikr/Github/open_gororoba/.cache/geiger-target/debug/deps/fwht-8111ac68d6a02df8.d","emit":"dep-info"}
{"$message_type":"artifact","artifact":"/home/eirikr/Github/open_gororoba/.cache/geiger-target/debug/deps/libfwht-8111ac68d6a02df8.rmeta","emit":"metadata"}
{"$message_type":"artifact","artifact":"/home/eirikr/Github/open_gororoba/.cache/geiger-target/debug/deps/safe_arch-4785642b242fa865.d","emit":"dep-info"}
{"$message_type":"artifact","artifact":"/home/eirikr/Github/open_gororoba/.cache/geiger-target/debug/deps/libsafe_arch-4785642b242fa865.rmeta","emit":"metadata"}
    Checking wide v0.7.33
{"$message_type":"artifact","artifact":"/home/eirikr/Github/open_gororoba/.cache/geiger-target/debug/deps/safe_arch-edeacfa33d0c31a2.d","emit":"dep-info"}
{"$message_type":"artifact","artifact":"/home/eirikr/Github/open_gororoba/.cache/geiger-target/debug/deps/libsafe_arch-edeacfa33d0c31a2.rmeta","emit":"metadata"}
    Checking wide v1.2.0
{"$message_type":"artifact","artifact":"/home/eirikr/Github/open_gororoba/.cache/geiger-target/debug/deps/num_complex-7dd6b1b5ed80b0e3.d","emit":"dep-info"}
{"$message_type":"artifact","artifact":"/home/eirikr/Github/open_gororoba/.cache/geiger-target/debug/deps/libnum_complex-7dd6b1b5ed80b0e3.rmeta","emit":"metadata"}
{"$message_type":"artifact","artifact":"/home/eirikr/Github/open_gororoba/.cache/geiger-target/debug/deps/wide-864767d4d037eea7.d","emit":"dep-info"}
{"$message_type":"artifact","artifact":"/home/eirikr/Github/open_gororoba/.cache/geiger-target/debug/deps/libwide-864767d4d037eea7.rmeta","emit":"metadata"}
    Checking simba v0.9.1
{"$message_type":"artifact","artifact":"/home/eirikr/Github/open_gororoba/.cache/geiger-target/debug/deps/wide-2ab5f62b90e2e373.d","emit":"dep-info"}
{"$message_type":"artifact","artifact":"/home/eirikr/Github/open_gororoba/.cache/geiger-target/debug/deps/libwide-2ab5f62b90e2e373.rmeta","emit":"metadata"}
{"$message_type":"artifact","artifact":"/home/eirikr/Github/open_gororoba/.cache/geiger-target/debug/deps/pulp-d784ee757f874139.d","emit":"dep-info"}
{"$message_type":"artifact","artifact":"/home/eirikr/Github/open_gororoba/.cache/geiger-target/debug/deps/libpulp-d784ee757f874139.rmeta","emit":"metadata"}
{"$message_type":"artifact","artifact":"/home/eirikr/Github/open_gororoba/.cache/geiger-target/debug/deps/simba-5e714965cde580aa.d","emit":"dep-info"}
{"$message_type":"artifact","artifact":"/home/eirikr/Github/open_gororoba/.cache/geiger-target/debug/deps/libsimba-5e714965cde580aa.rmeta","emit":"metadata"}
    Checking nalgebra v0.34.2
{"$message_type":"artifact","artifact":"/home/eirikr/Github/open_gororoba/.cache/geiger-target/debug/deps/nalgebra-81dfe3a37e13a920.d","emit":"dep-info"}
{"$message_type":"artifact","artifact":"/home/eirikr/Github/open_gororoba/.cache/geiger-target/debug/deps/libnalgebra-81dfe3a37e13a920.rmeta","emit":"metadata"}
    Checking gauss-quad v0.3.1
    Checking verified_core v0.1.0 (/home/eirikr/Github/open_gororoba/crates/verified_core)
{"$message_type":"artifact","artifact":"/home/eirikr/Github/open_gororoba/.cache/geiger-target/debug/deps/verified_core-b474182e95cc67e7.d","emit":"dep-info"}
{"$message_type":"artifact","artifact":"/home/eirikr/Github/open_gororoba/.cache/geiger-target/debug/deps/libverified_core-b474182e95cc67e7.rmeta","emit":"metadata"}
{"$message_type":"artifact","artifact":"/home/eirikr/Github/open_gororoba/.cache/geiger-target/debug/deps/gauss_quad-185cc7523804f32b.d","emit":"dep-info"}
{"$message_type":"artifact","artifact":"/home/eirikr/Github/open_gororoba/.cache/geiger-target/debug/deps/libgauss_quad-185cc7523804f32b.rmeta","emit":"metadata"}
{"$message_type":"artifact","artifact":"/home/eirikr/Github/open_gororoba/.cache/geiger-target/debug/deps/cd_kernel-49b2a724156be682.d","emit":"dep-info"}
{"$message_type":"artifact","artifact":"/home/eirikr/Github/open_gororoba/.cache/geiger-target/debug/deps/libcd_kernel-49b2a724156be682.rmeta","emit":"metadata"}
    Finished `dev` profile [optimized + debuginfo] target(s) in 37.92s
Failed to parse file: /home/eirikr/.cargo/registry/src/index.crates.io-1949cf8c6b5b557f/pom-1.1.0/src/parser.rs, Syn(Error("expected `,`"), "/home/eirikr/.cargo/registry/src/index.crates.io-1949cf8c6b5b557f/pom-1.1.0/src/parser.rs") 
Failed to parse file: /home/eirikr/.cargo/registry/src/index.crates.io-1949cf8c6b5b557f/signal-hook-registry-1.4.8/src/lib.rs, Syn(Error("expected `;`"), "/home/eirikr/.cargo/registry/src/index.crates.io-1949cf8c6b5b557f/signal-hook-registry-1.4.8/src/lib.rs") 
Failed to parse file: /home/eirikr/.cargo/registry/src/index.crates.io-1949cf8c6b5b557f/pin-project-1.1.11/tests/ui/pinned_drop/invalid-self.rs, Syn(Error("expected `,`"), "/home/eirikr/.cargo/registry/src/index.crates.io-1949cf8c6b5b557f/pin-project-1.1.11/tests/ui/pinned_drop/invalid-self.rs") 
Failed to parse file: /home/eirikr/.cargo/registry/src/index.crates.io-1949cf8c6b5b557f/nb-0.1.3/src/lib.rs, Syn(Error("expected delimiter"), "/home/eirikr/.cargo/registry/src/index.crates.io-1949cf8c6b5b557f/nb-0.1.3/src/lib.rs") 
Failed to parse file: /home/eirikr/.cargo/registry/src/index.crates.io-1949cf8c6b5b557f/objc-0.2.7/src/exception.rs, Syn(Error("expected identifier, found keyword `try`"), "/home/eirikr/.cargo/registry/src/index.crates.io-1949cf8c6b5b557f/objc-0.2.7/src/exception.rs") 
    Scanning done
WARNING: Dependency file was never scanned: /home/eirikr/.cargo/registry/src/index.crates.io-1949cf8c6b5b557f/zerocopy-0.8.48/benches/transmute_ref_dynamic_size.x86-64
WARNING: Dependency file was never scanned: /home/eirikr/.cargo/registry/src/index.crates.io-1949cf8c6b5b557f/bitvec-1.0.1/doc/ptr/hash.md
WARNING: Dependency file was never scanned: /home/eirikr/.cargo/registry/src/index.crates.io-1949cf8c6b5b557f/bitvec-1.0.1/doc/ptr/write_unaligned.md
WARNING: Dependency file was never scanned: /home/eirikr/.cargo/registry/src/index.crates.io-1949cf8c6b5b557f/bitvec-1.0.1/doc/slice/iter/Chunks.md
WARNING: Dependency file was never scanned: /home/eirikr/.cargo/registry/src/index.crates.io-1949cf8c6b5b557f/zerocopy-0.8.48/benches/try_ref_from_prefix_dynamic_size.x86-64.mca
WARNING: Dependency file was never scanned: /home/eirikr/.cargo/registry/src/index.crates.io-1949cf8c6b5b557f/bitvec-1.0.1/doc/slice/iter/SplitN.md
WARNING: Dependency file was never scanned: /home/eirikr/.cargo/registry/src/index.crates.io-1949cf8c6b5b557f/bitvec-1.0.1/doc/slice/format.md
WARNING: Dependency file was never scanned: /home/eirikr/.cargo/registry/src/index.crates.io-1949cf8c6b5b557f/zerocopy-0.8.48/benches/split_via_runtime_check_dynamic_padding.x86-64.mca
WARNING: Dependency file was never scanned: /home/eirikr/.cargo/registry/src/index.crates.io-1949cf8c6b5b557f/bitvec-1.0.1/doc/domain/BitDomain.md
WARNING: Dependency file was never scanned: /home/eirikr/.cargo/registry/src/index.crates.io-1949cf8c6b5b557f/bitvec-1.0.1/doc/vec/iter/Extend_bool.md
WARNING: Dependency file was never scanned: /home/eirikr/.cargo/registry/src/index.crates.io-1949cf8c6b5b557f/bitvec-1.0.1/doc/field/BitField_load.md
WARNING: Dependency file was never scanned: /home/eirikr/.cargo/registry/src/index.crates.io-1949cf8c6b5b557f/bitvec-1.0.1/doc/slice/specialization.md
WARNING: Dependency file was never scanned: /home/eirikr/.cargo/registry/src/index.crates.io-1949cf8c6b5b557f/zerocopy-0.8.48/benches/transmute_ref_static_size.x86-64
WARNING: Dependency file was never scanned: /home/eirikr/.cargo/registry/src/index.crates.io-1949cf8c6b5b557f/bitvec-1.0.1/doc/vec.md
WARNING: Dependency file was never scanned: /home/eirikr/.cargo/registry/src/index.crates.io-1949cf8c6b5b557f/bitvec-1.0.1/doc/vec/iter/FillStatus.md
WARNING: Dependency file was never scanned: /home/eirikr/.cargo/registry/src/index.crates.io-1949cf8c6b5b557f/bitvec-1.0.1/doc/ptr/swap_nonoverlapping.md
WARNING: Dependency file was never scanned: /home/eirikr/.cargo/registry/src/index.crates.io-1949cf8c6b5b557f/bitvec-1.0.1/doc/macros/encode_bits.md
WARNING: Dependency file was never scanned: /home/eirikr/.cargo/registry/src/index.crates.io-1949cf8c6b5b557f/bitvec-1.0.1/doc/index/BitIdxError.md
WARNING: Dependency file was never scanned: /home/eirikr/.cargo/registry/src/index.crates.io-1949cf8c6b5b557f/zerocopy-0.8.48/benches/split_at_dynamic_size.x86-64
WARNING: Dependency file was never scanned: /home/eirikr/.cargo/registry/src/index.crates.io-1949cf8c6b5b557f/zerocopy-0.8.48/benches/write_to_prefix_static_size.x86-64
WARNING: Dependency file was never scanned: /home/eirikr/.cargo/registry/src/index.crates.io-1949cf8c6b5b557f/zerocopy-0.8.48/benches/try_ref_from_prefix_dynamic_size.x86-64
WARNING: Dependency file was never scanned: /home/eirikr/Github/open_gororoba/.cache/geiger-target/debug/build/thiserror-66b59154dc888ea3/out/private.rs
WARNING: Dependency file was never scanned: /home/eirikr/.cargo/registry/src/index.crates.io-1949cf8c6b5b557f/bitvec-1.0.1/doc/field/io/Read_BitSlice.md
WARNING: Dependency file was never scanned: /home/eirikr/.cargo/registry/src/index.crates.io-1949cf8c6b5b557f/bitvec-1.0.1/doc/ptr/write.md
WARNING: Dependency file was never scanned: /home/eirikr/.cargo/registry/src/index.crates.io-1949cf8c6b5b557f/bitvec-1.0.1/doc/array.md
WARNING: Dependency file was never scanned: /home/eirikr/.cargo/registry/src/index.crates.io-1949cf8c6b5b557f/zerocopy-0.8.48/benches/transmute.x86-64.mca
WARNING: Dependency file was never scanned: /home/eirikr/.cargo/registry/src/index.crates.io-1949cf8c6b5b557f/cpufeatures-0.3.0/README.md
WARNING: Dependency file was never scanned: /home/eirikr/.cargo/registry/src/index.crates.io-1949cf8c6b5b557f/zerocopy-0.8.48/benches/split_via_immutable_dynamic_padding.x86-64.mca
WARNING: Dependency file was never scanned: /home/eirikr/.cargo/registry/src/index.crates.io-1949cf8c6b5b557f/zerocopy-0.8.48/benches/read_from_prefix.x86-64
WARNING: Dependency file was never scanned: /home/eirikr/.cargo/registry/src/index.crates.io-1949cf8c6b5b557f/zerocopy-0.8.48/benches/write_to_suffix_dynamic_size.x86-64.mca
WARNING: Dependency file was never scanned: /home/eirikr/.cargo/registry/src/index.crates.io-1949cf8c6b5b557f/bitvec-1.0.1/doc/domain/PartialElement.md
WARNING: Dependency file was never scanned: /home/eirikr/.cargo/registry/src/index.crates.io-1949cf8c6b5b557f/zerocopy-0.8.48/benches/write_to_prefix_static_size.x86-64.mca
WARNING: Dependency file was never scanned: /home/eirikr/.cargo/registry/src/index.crates.io-1949cf8c6b5b557f/zerocopy-0.8.48/benches/try_read_from_bytes.x86-64
WARNING: Dependency file was never scanned: /home/eirikr/.cargo/registry/src/index.crates.io-1949cf8c6b5b557f/bitvec-1.0.1/doc/ptr/BitSpan.md
WARNING: Dependency file was never scanned: /home/eirikr/.cargo/registry/src/index.crates.io-1949cf8c6b5b557f/bitvec-1.0.1/doc/slice/iter.md
WARNING: Dependency file was never scanned: /home/eirikr/.cargo/registry/src/index.crates.io-1949cf8c6b5b557f/zerocopy-0.8.48/benches/split_at_unchecked_dynamic_size.x86-64
WARNING: Dependency file was never scanned: /home/eirikr/.cargo/registry/src/index.crates.io-1949cf8c6b5b557f/zerocopy-0.8.48/benches/ref_from_prefix_static_size.x86-64
WARNING: Dependency file was never scanned: /home/eirikr/.cargo/registry/src/index.crates.io-1949cf8c6b5b557f/zerocopy-0.8.48/benches/try_ref_from_bytes_static_size.x86-64
WARNING: Dependency file was never scanned: /home/eirikr/.cargo/registry/src/index.crates.io-1949cf8c6b5b557f/bitvec-1.0.1/doc/vec/iter/Splice.md
WARNING: Dependency file was never scanned: /home/eirikr/.cargo/registry/src/index.crates.io-1949cf8c6b5b557f/zerocopy-0.8.48/benches/ref_from_prefix_dynamic_padding.x86-64.mca
WARNING: Dependency file was never scanned: /home/eirikr/.cargo/registry/src/index.crates.io-1949cf8c6b5b557f/zerocopy-0.8.48/benches/split_via_immutable_dynamic_size.x86-64.mca
WARNING: Dependency file was never scanned: /home/eirikr/.cargo/registry/src/index.crates.io-1949cf8c6b5b557f/bitvec-1.0.1/doc/ptr/drop_in_place.md
WARNING: Dependency file was never scanned: /home/eirikr/.cargo/registry/src/index.crates.io-1949cf8c6b5b557f/bitvec-1.0.1/doc/ptr/bitslice_from_raw_parts.md
WARNING: Dependency file was never scanned: /home/eirikr/.cargo/registry/src/index.crates.io-1949cf8c6b5b557f/zerocopy-0.8.48/benches/try_ref_from_suffix_with_elems_dynamic_padding.x86-64.mca
WARNING: Dependency file was never scanned: /home/eirikr/.cargo/registry/src/index.crates.io-1949cf8c6b5b557f/zerocopy-0.8.48/benches/ref_from_prefix_with_elems_dynamic_size.x86-64.mca
WARNING: Dependency file was never scanned: /home/eirikr/.cargo/registry/src/index.crates.io-1949cf8c6b5b557f/zerocopy-0.8.48/benches/try_transmute_ref_static_size.x86-64
WARNING: Dependency file was never scanned: /home/eirikr/.cargo/registry/src/index.crates.io-1949cf8c6b5b557f/zerocopy-0.8.48/benches/transmute_ref_dynamic_size.x86-64.mca
WARNING: Dependency file was never scanned: /home/eirikr/.cargo/registry/src/index.crates.io-1949cf8c6b5b557f/bitvec-1.0.1/doc/slice/iter/IterMut.md
WARNING: Dependency file was never scanned: /home/eirikr/.cargo/registry/src/index.crates.io-1949cf8c6b5b557f/chacha20-0.10.0/README.md
WARNING: Dependency file was never scanned: /home/eirikr/.cargo/registry/src/index.crates.io-1949cf8c6b5b557f/bitvec-1.0.1/doc/vec/BitVec.md
WARNING: Dependency file was never scanned: /home/eirikr/.cargo/registry/src/index.crates.io-1949cf8c6b5b557f/zerocopy-0.8.48/benches/split_via_runtime_check_dynamic_size.x86-64
WARNING: Dependency file was never scanned: /home/eirikr/.cargo/registry/src/index.crates.io-1949cf8c6b5b557f/bitvec-1.0.1/doc/index/BitMask.md
WARNING: Dependency file was never scanned: /home/eirikr/.cargo/registry/src/index.crates.io-1949cf8c6b5b557f/zerocopy-0.8.48/benches/read_from_suffix.x86-64.mca
WARNING: Dependency file was never scanned: /home/eirikr/.cargo/registry/src/index.crates.io-1949cf8c6b5b557f/bitvec-1.0.1/doc/field/BitField_Msb0_load_le.md
WARNING: Dependency file was never scanned: /home/eirikr/.cargo/registry/src/index.crates.io-1949cf8c6b5b557f/getrandom-0.3.4/README.md
WARNING: Dependency file was never scanned: /home/eirikr/.cargo/registry/src/index.crates.io-1949cf8c6b5b557f/bitvec-1.0.1/doc/slice/iter/RChunksMut.md
WARNING: Dependency file was never scanned: /home/eirikr/.cargo/registry/src/index.crates.io-1949cf8c6b5b557f/bitvec-1.0.1/doc/field/io.md
WARNING: Dependency file was never scanned: /home/eirikr/.cargo/registry/src/index.crates.io-1949cf8c6b5b557f/bitvec-1.0.1/doc/mem/BitRegister.md
WARNING: Dependency file was never scanned: /home/eirikr/.cargo/registry/src/index.crates.io-1949cf8c6b5b557f/zerocopy-0.8.48/benches/ref_from_suffix_with_elems_dynamic_padding.x86-64
WARNING: Dependency file was never scanned: /home/eirikr/.cargo/registry/src/index.crates.io-1949cf8c6b5b557f/zerocopy-0.8.48/benches/write_to_static_size.x86-64
WARNING: Dependency file was never scanned: /home/eirikr/.cargo/registry/src/index.crates.io-1949cf8c6b5b557f/bitvec-1.0.1/doc/ptr/swap.md
WARNING: Dependency file was never scanned: /home/eirikr/.cargo/registry/src/index.crates.io-1949cf8c6b5b557f/bitvec-1.0.1/doc/ptr/write_volatile.md
WARNING: Dependency file was never scanned: /home/eirikr/.cargo/registry/src/index.crates.io-1949cf8c6b5b557f/bitvec-1.0.1/doc/array/TryFromBitSliceError.md
WARNING: Dependency file was never scanned: /home/eirikr/.cargo/registry/src/index.crates.io-1949cf8c6b5b557f/bitvec-1.0.1/doc/ptr/bitslice_from_raw_parts_mut.md
WARNING: Dependency file was never scanned: /home/eirikr/.cargo/registry/src/index.crates.io-1949cf8c6b5b557f/zerocopy-0.8.48/benches/try_read_from_suffix.x86-64
WARNING: Dependency file was never scanned: /home/eirikr/.cargo/registry/src/index.crates.io-1949cf8c6b5b557f/zerocopy-0.8.48/benches/ref_from_bytes_with_elems_dynamic_size.x86-64.mca
WARNING: Dependency file was never scanned: /home/eirikr/.cargo/registry/src/index.crates.io-1949cf8c6b5b557f/bitvec-1.0.1/doc/boxed/BitBox.md
WARNING: Dependency file was never scanned: /home/eirikr/.cargo/registry/src/index.crates.io-1949cf8c6b5b557f/bitvec-1.0.1/doc/field/impl_BitArray.md
WARNING: Dependency file was never scanned: /home/eirikr/.cargo/registry/src/index.crates.io-1949cf8c6b5b557f/zerocopy-0.8.48/benches/ref_from_bytes_with_elems_dynamic_padding.x86-64.mca
WARNING: Dependency file was never scanned: /home/eirikr/.cargo/registry/src/index.crates.io-1949cf8c6b5b557f/zerocopy-0.8.48/benches/try_ref_from_prefix_static_size.x86-64
WARNING: Dependency file was never scanned: /home/eirikr/.cargo/registry/src/index.crates.io-1949cf8c6b5b557f/zerocopy-0.8.48/benches/write_to_dynamic_size.x86-64
WARNING: Dependency file was never scanned: /home/eirikr/.cargo/registry/src/index.crates.io-1949cf8c6b5b557f/bitvec-1.0.1/doc/order/Lsb0.md
WARNING: Dependency file was never scanned: /home/eirikr/.cargo/registry/src/index.crates.io-1949cf8c6b5b557f/bitvec-1.0.1/doc/slice/iter/RSplitNMut.md
WARNING: Dependency file was never scanned: /home/eirikr/.cargo/registry/src/index.crates.io-1949cf8c6b5b557f/zerocopy-0.8.48/benches/try_ref_from_prefix_with_elems_dynamic_padding.x86-64.mca
WARNING: Dependency file was never scanned: /home/eirikr/.cargo/registry/src/index.crates.io-1949cf8c6b5b557f/bitvec-1.0.1/doc/vec/iter/Drain.md
WARNING: Dependency file was never scanned: /home/eirikr/.cargo/registry/src/index.crates.io-1949cf8c6b5b557f/bitvec-1.0.1/doc/field/sign.md
WARNING: Dependency file was never scanned: /home/eirikr/.cargo/registry/src/index.crates.io-1949cf8c6b5b557f/bitvec-1.0.1/doc/domain.md
WARNING: Dependency file was never scanned: /home/eirikr/.cargo/registry/src/index.crates.io-1949cf8c6b5b557f/zerocopy-0.8.48/benches/split_via_unchecked_dynamic_padding.x86-64.mca
WARNING: Dependency file was never scanned: /home/eirikr/.cargo/registry/src/index.crates.io-1949cf8c6b5b557f/zerocopy-0.8.48/benches/zero_static_size.x86-64
WARNING: Dependency file was never scanned: /home/eirikr/.cargo/registry/src/index.crates.io-1949cf8c6b5b557f/bitvec-1.0.1/doc/slice/traits.md
WARNING: Dependency file was never scanned: /home/eirikr/.cargo/registry/src/index.crates.io-1949cf8c6b5b557f/bitvec-1.0.1/doc/slice/from_raw_parts_unchecked_mut.md
WARNING: Dependency file was never scanned: /home/eirikr/.cargo/registry/src/index.crates.io-1949cf8c6b5b557f/bitvec-1.0.1/doc/vec/iter/IntoIterator.md
WARNING: Dependency file was never scanned: /home/eirikr/.cargo/registry/src/index.crates.io-1949cf8c6b5b557f/zerocopy-0.8.48/benches/transmute_ref_static_size.x86-64.mca
WARNING: Dependency file was never scanned: /home/eirikr/.cargo/registry/src/index.crates.io-1949cf8c6b5b557f/zerocopy-0.8.48/benches/try_ref_from_prefix_dynamic_padding.x86-64
WARNING: Dependency file was never scanned: /home/eirikr/.cargo/registry/src/index.crates.io-1949cf8c6b5b557f/bitvec-1.0.1/doc/access/impl_BitSafe.md
WARNING: Dependency file was never scanned: /home/eirikr/.cargo/registry/src/index.crates.io-1949cf8c6b5b557f/zerocopy-0.8.48/benches/try_ref_from_bytes_with_elems_dynamic_padding.x86-64.mca
WARNING: Dependency file was never scanned: /home/eirikr/.cargo/registry/src/index.crates.io-1949cf8c6b5b557f/zerocopy-0.8.48/benches/ref_from_bytes_dynamic_size.x86-64.mca
WARNING: Dependency file was never scanned: /home/eirikr/.cargo/registry/src/index.crates.io-1949cf8c6b5b557f/zerocopy-0.8.48/benches/try_transmute_ref_static_size.x86-64.mca
WARNING: Dependency file was never scanned: /home/eirikr/.cargo/registry/src/index.crates.io-1949cf8c6b5b557f/zerocopy-0.8.48/benches/ref_from_prefix_with_elems_dynamic_size.x86-64
WARNING: Dependency file was never scanned: /home/eirikr/.cargo/registry/src/index.crates.io-1949cf8c6b5b557f/digest-0.11.2/README.md
WARNING: Dependency file was never scanned: /home/eirikr/.cargo/registry/src/index.crates.io-1949cf8c6b5b557f/zerocopy-0.8.48/benches/split_at_unchecked_dynamic_padding.x86-64.mca
WARNING: Dependency file was never scanned: /home/eirikr/.cargo/registry/src/index.crates.io-1949cf8c6b5b557f/bitvec-1.0.1/doc/field/BitField_Lsb0_store_be.md
WARNING: Dependency file was never scanned: /home/eirikr/.cargo/registry/src/index.crates.io-1949cf8c6b5b557f/bitvec-1.0.1/doc/field/BitField_Lsb0.md
WARNING: Dependency file was never scanned: /home/eirikr/.cargo/registry/src/index.crates.io-1949cf8c6b5b557f/zerocopy-0.8.48/benches/as_bytes_dynamic_size.x86-64.mca
WARNING: Dependency file was never scanned: /home/eirikr/.cargo/registry/src/index.crates.io-1949cf8c6b5b557f/bitvec-1.0.1/doc/ptr.md
WARNING: Dependency file was never scanned: /home/eirikr/.cargo/registry/src/index.crates.io-1949cf8c6b5b557f/bitvec-1.0.1/doc/field/resize.md
WARNING: Dependency file was never scanned: /home/eirikr/.cargo/registry/src/index.crates.io-1949cf8c6b5b557f/zerocopy-0.8.48/benches/try_ref_from_suffix_dynamic_size.x86-64.mca
WARNING: Dependency file was never scanned: /home/eirikr/.cargo/registry/src/index.crates.io-1949cf8c6b5b557f/bitvec-1.0.1/doc/ptr/slice_from_raw_parts_mut.md
WARNING: Dependency file was never scanned: /home/eirikr/.cargo/registry/src/index.crates.io-1949cf8c6b5b557f/bitvec-1.0.1/doc/slice/from_raw_parts.md
WARNING: Dependency file was never scanned: /home/eirikr/.cargo/registry/src/index.crates.io-1949cf8c6b5b557f/bitvec-1.0.1/doc/slice/iter/RChunksExact.md
WARNING: Dependency file was never scanned: /home/eirikr/.cargo/registry/src/index.crates.io-1949cf8c6b5b557f/bitvec-1.0.1/doc/index/BitPos.md
WARNING: Dependency file was never scanned: /home/eirikr/.cargo/registry/src/index.crates.io-1949cf8c6b5b557f/zerocopy-0.8.48/benches/try_ref_from_prefix_with_elems_dynamic_padding.x86-64
WARNING: Dependency file was never scanned: /home/eirikr/.cargo/registry/src/index.crates.io-1949cf8c6b5b557f/bitvec-1.0.1/doc/slice/iter/RSplitMut.md
WARNING: Dependency file was never scanned: /home/eirikr/.cargo/registry/src/index.crates.io-1949cf8c6b5b557f/zerocopy-0.8.48/benches/ref_from_prefix_with_elems_dynamic_padding.x86-64
WARNING: Dependency file was never scanned: /home/eirikr/.cargo/registry/src/index.crates.io-1949cf8c6b5b557f/zerocopy-0.8.48/benches/write_to_suffix_dynamic_size.x86-64
WARNING: Dependency file was never scanned: /home/eirikr/.cargo/registry/src/index.crates.io-1949cf8c6b5b557f/bitvec-1.0.1/doc/slice/BitSlice.md
WARNING: Dependency file was never scanned: /home/eirikr/.cargo/registry/src/index.crates.io-1949cf8c6b5b557f/zerocopy-0.8.48/benches/ref_from_suffix_dynamic_size.x86-64.mca
WARNING: Dependency file was never scanned: /home/eirikr/.cargo/registry/src/index.crates.io-1949cf8c6b5b557f/zerocopy-0.8.48/benches/try_ref_from_suffix_with_elems_dynamic_size.x86-64
WARNING: Dependency file was never scanned: /home/eirikr/.cargo/registry/src/index.crates.io-1949cf8c6b5b557f/zerocopy-0.8.48/benches/ref_from_prefix_dynamic_padding.x86-64
WARNING: Dependency file was never scanned: /home/eirikr/.cargo/registry/src/index.crates.io-1949cf8c6b5b557f/bitvec-1.0.1/doc/field/BitField_Msb0_store_be.md
WARNING: Dependency file was never scanned: /home/eirikr/.cargo/registry/src/index.crates.io-1949cf8c6b5b557f/bitvec-1.0.1/doc/access/BitAccess.md
WARNING: Dependency file was never scanned: /home/eirikr/.cargo/registry/src/index.crates.io-1949cf8c6b5b557f/bitvec-1.0.1/doc/ptr/BitPtrRange.md
WARNING: Dependency file was never scanned: /home/eirikr/.cargo/registry/src/index.crates.io-1949cf8c6b5b557f/zerocopy-0.8.48/benches/split_at_dynamic_padding.x86-64
WARNING: Dependency file was never scanned: /home/eirikr/.cargo/registry/src/index.crates.io-1949cf8c6b5b557f/zerocopy-0.8.48/benches/ref_from_suffix_dynamic_size.x86-64
WARNING: Dependency file was never scanned: /home/eirikr/.cargo/registry/src/index.crates.io-1949cf8c6b5b557f/bitvec-1.0.1/doc/slice/iter/ChunksExactMut.md
WARNING: Dependency file was never scanned: /home/eirikr/.cargo/registry/src/index.crates.io-1949cf8c6b5b557f/bitvec-1.0.1/doc/field/BitField_Msb0_load_be.md
WARNING: Dependency file was never scanned: /home/eirikr/.cargo/registry/src/index.crates.io-1949cf8c6b5b557f/bitvec-1.0.1/doc/array/IntoIter.md
WARNING: Dependency file was never scanned: /home/eirikr/.cargo/registry/src/index.crates.io-1949cf8c6b5b557f/bitvec-1.0.1/doc/field/BitField_Msb0.md
WARNING: Dependency file was never scanned: /home/eirikr/.cargo/registry/src/index.crates.io-1949cf8c6b5b557f/bitvec-1.0.1/doc/mem/elts.md
WARNING: Dependency file was never scanned: /home/eirikr/.cargo/registry/src/index.crates.io-1949cf8c6b5b557f/zerocopy-0.8.48/benches/as_bytes_dynamic_size.x86-64
WARNING: Dependency file was never scanned: /home/eirikr/.cargo/registry/src/index.crates.io-1949cf8c6b5b557f/zerocopy-0.8.48/benches/write_to_suffix_static_size.x86-64.mca
WARNING: Dependency file was never scanned: /home/eirikr/.cargo/registry/src/index.crates.io-1949cf8c6b5b557f/bitvec-1.0.1/doc/field/BitField_store_le.md
WARNING: Dependency file was never scanned: /home/eirikr/.cargo/registry/src/index.crates.io-1949cf8c6b5b557f/zerocopy-0.8.48/benches/as_bytes_static_size.x86-64
WARNING: Dependency file was never scanned: /home/eirikr/.cargo/registry/src/index.crates.io-1949cf8c6b5b557f/zerocopy-0.8.48/benches/ref_from_suffix_static_size.x86-64
WARNING: Dependency file was never scanned: /home/eirikr/.cargo/registry/src/index.crates.io-1949cf8c6b5b557f/const-oid-0.10.2/README.md
WARNING: Dependency file was never scanned: /home/eirikr/.cargo/registry/src/index.crates.io-1949cf8c6b5b557f/bitvec-1.0.1/doc/slice/from_raw_parts_unchecked.md
WARNING: Dependency file was never scanned: /home/eirikr/.cargo/registry/src/index.crates.io-1949cf8c6b5b557f/zerocopy-0.8.48/benches/ref_from_prefix_dynamic_size.x86-64.mca
WARNING: Dependency file was never scanned: /home/eirikr/.cargo/registry/src/index.crates.io-1949cf8c6b5b557f/bitvec-1.0.1/doc/macros/bits.md
WARNING: Dependency file was never scanned: /home/eirikr/.cargo/registry/src/index.crates.io-1949cf8c6b5b557f/bitvec-1.0.1/doc/slice/iter/SplitInclusive.md
WARNING: Dependency file was never scanned: /home/eirikr/.cargo/registry/src/index.crates.io-1949cf8c6b5b557f/zerocopy-0.8.48/benches/try_read_from_suffix.x86-64.mca
WARNING: Dependency file was never scanned: /home/eirikr/.cargo/registry/src/index.crates.io-1949cf8c6b5b557f/bitvec-1.0.1/doc/ptr/write_bits.md
WARNING: Dependency file was never scanned: /home/eirikr/.cargo/registry/src/index.crates.io-1949cf8c6b5b557f/bitvec-1.0.1/doc/order/BitOrder.md
WARNING: Dependency file was never scanned: /home/eirikr/.cargo/registry/src/index.crates.io-1949cf8c6b5b557f/zerocopy-0.8.48/benches/split_via_runtime_check_dynamic_size.x86-64.mca
WARNING: Dependency file was never scanned: /home/eirikr/.cargo/registry/src/index.crates.io-1949cf8c6b5b557f/bitvec-1.0.1/doc/array/iter.md
WARNING: Dependency file was never scanned: /home/eirikr/.cargo/registry/src/index.crates.io-1949cf8c6b5b557f/bitvec-1.0.1/README.md
WARNING: Dependency file was never scanned: /home/eirikr/.cargo/registry/src/index.crates.io-1949cf8c6b5b557f/bitvec-1.0.1/doc/view/AsMutBits.md
WARNING: Dependency file was never scanned: /home/eirikr/.cargo/registry/src/index.crates.io-1949cf8c6b5b557f/zerocopy-0.8.48/benches/try_ref_from_suffix_static_size.x86-64.mca
WARNING: Dependency file was never scanned: /home/eirikr/.cargo/registry/src/index.crates.io-1949cf8c6b5b557f/zerocopy-0.8.48/benches/new_zeroed.x86-64.mca
WARNING: Dependency file was never scanned: /home/eirikr/.cargo/registry/src/index.crates.io-1949cf8c6b5b557f/zerocopy-0.8.48/benches/try_ref_from_suffix_with_elems_dynamic_size.x86-64.mca
WARNING: Dependency file was never scanned: /home/eirikr/.cargo/registry/src/index.crates.io-1949cf8c6b5b557f/zerocopy-0.8.48/benches/zero_dynamic_size.x86-64.mca
WARNING: Dependency file was never scanned: /home/eirikr/.cargo/registry/src/index.crates.io-1949cf8c6b5b557f/zerocopy-0.8.48/benches/try_transmute_ref_dynamic_size.x86-64
WARNING: Dependency file was never scanned: /home/eirikr/.cargo/registry/src/index.crates.io-1949cf8c6b5b557f/bitvec-1.0.1/doc/ptr/range.md
WARNING: Dependency file was never scanned: /home/eirikr/.cargo/registry/src/index.crates.io-1949cf8c6b5b557f/bitvec-1.0.1/doc/ptr/write_bytes.md
WARNING: Dependency file was never scanned: /home/eirikr/.cargo/registry/src/index.crates.io-1949cf8c6b5b557f/bitvec-1.0.1/doc/access/BitSafe.md
WARNING: Dependency file was never scanned: /home/eirikr/.cargo/registry/src/index.crates.io-1949cf8c6b5b557f/bitvec-1.0.1/doc/field/BitField_load_le.md
WARNING: Dependency file was never scanned: /home/eirikr/.cargo/registry/src/index.crates.io-1949cf8c6b5b557f/bitvec-1.0.1/doc/field/get.md
WARNING: Dependency file was never scanned: /home/eirikr/.cargo/registry/src/index.crates.io-1949cf8c6b5b557f/bitvec-1.0.1/doc/slice/api.md
WARNING: Dependency file was never scanned: /home/eirikr/.cargo/registry/src/index.crates.io-1949cf8c6b5b557f/zerocopy-0.8.48/benches/split_via_unchecked_dynamic_padding.x86-64
WARNING: Dependency file was never scanned: /home/eirikr/.cargo/registry/src/index.crates.io-1949cf8c6b5b557f/zerocopy-0.8.48/benches/try_ref_from_prefix_dynamic_padding.x86-64.mca
WARNING: Dependency file was never scanned: /home/eirikr/.cargo/registry/src/index.crates.io-1949cf8c6b5b557f/rand_core-0.10.0/README.md
WARNING: Dependency file was never scanned: /home/eirikr/.cargo/registry/src/index.crates.io-1949cf8c6b5b557f/bitvec-1.0.1/doc/ptr/read.md
WARNING: Dependency file was never scanned: /home/eirikr/.cargo/registry/src/index.crates.io-1949cf8c6b5b557f/bitvec-1.0.1/doc/access.md
WARNING: Dependency file was never scanned: /home/eirikr/.cargo/registry/src/index.crates.io-1949cf8c6b5b557f/bitvec-1.0.1/doc/slice/iter/SplitInclusiveMut.md
WARNING: Dependency file was never scanned: /home/eirikr/.cargo/registry/src/index.crates.io-1949cf8c6b5b557f/bitvec-1.0.1/doc/view/AsBits.md
WARNING: Dependency file was never scanned: /home/eirikr/.cargo/registry/src/index.crates.io-1949cf8c6b5b557f/zerocopy-0.8.48/benches/try_ref_from_prefix_with_elems_dynamic_size.x86-64
WARNING: Dependency file was never scanned: /home/eirikr/.cargo/registry/src/index.crates.io-1949cf8c6b5b557f/bitvec-1.0.1/doc/macros/bitvec.md
WARNING: Dependency file was never scanned: /home/eirikr/.cargo/registry/src/index.crates.io-1949cf8c6b5b557f/bitvec-1.0.1/doc/slice/iter/NoAlias.md
WARNING: Dependency file was never scanned: /home/eirikr/.cargo/registry/src/index.crates.io-1949cf8c6b5b557f/bitvec-1.0.1/doc/index/BitIdx.md
WARNING: Dependency file was never scanned: /home/eirikr/.cargo/registry/src/index.crates.io-1949cf8c6b5b557f/bitvec-1.0.1/doc/slice/iter/Split.md
WARNING: Dependency file was never scanned: /home/eirikr/.cargo/registry/src/index.crates.io-1949cf8c6b5b557f/zerocopy-0.8.48/benches/try_ref_from_suffix_dynamic_padding.x86-64
WARNING: Dependency file was never scanned: /home/eirikr/.cargo/registry/src/index.crates.io-1949cf8c6b5b557f/zerocopy-0.8.48/benches/write_to_dynamic_size.x86-64.mca
WARNING: Dependency file was never scanned: /home/eirikr/.cargo/registry/src/index.crates.io-1949cf8c6b5b557f/zerocopy-0.8.48/benches/try_ref_from_bytes_dynamic_padding.x86-64.mca
WARNING: Dependency file was never scanned: /home/eirikr/.cargo/registry/src/index.crates.io-1949cf8c6b5b557f/zerocopy-0.8.48/benches/try_ref_from_prefix_static_size.x86-64.mca
WARNING: Dependency file was never scanned: /home/eirikr/.cargo/registry/src/index.crates.io-1949cf8c6b5b557f/bitvec-1.0.1/doc/field/io/Read_BitVec.md
WARNING: Dependency file was never scanned: /home/eirikr/.cargo/registry/src/index.crates.io-1949cf8c6b5b557f/bitvec-1.0.1/doc/field/BitField_load_be.md
WARNING: Dependency file was never scanned: /home/eirikr/.cargo/registry/src/index.crates.io-1949cf8c6b5b557f/bitvec-1.0.1/doc/ptr/copy.md
WARNING: Dependency file was never scanned: /home/eirikr/.cargo/registry/src/index.crates.io-1949cf8c6b5b557f/bitvec-1.0.1/doc/slice/iter/IterZeros.md
WARNING: Dependency file was never scanned: /home/eirikr/.cargo/registry/src/index.crates.io-1949cf8c6b5b557f/zerocopy-0.8.48/benches/ref_from_prefix_static_size.x86-64.mca
WARNING: Dependency file was never scanned: /home/eirikr/.cargo/registry/src/index.crates.io-1949cf8c6b5b557f/zerocopy-0.8.48/benches/zero_dynamic_padding.x86-64.mca
WARNING: Dependency file was never scanned: /home/eirikr/.cargo/registry/src/index.crates.io-1949cf8c6b5b557f/bitvec-1.0.1/doc/slice/bitop_assign.md
WARNING: Dependency file was never scanned: /home/eirikr/.cargo/registry/src/index.crates.io-1949cf8c6b5b557f/bitvec-1.0.1/doc/macros/internal.md
WARNING: Dependency file was never scanned: /home/eirikr/.cargo/registry/src/index.crates.io-1949cf8c6b5b557f/zerocopy-0.8.48/benches/try_ref_from_bytes_static_size.x86-64.mca
WARNING: Dependency file was never scanned: /home/eirikr/.cargo/registry/src/index.crates.io-1949cf8c6b5b557f/zerocopy-0.8.48/benches/try_transmute.x86-64.mca
WARNING: Dependency file was never scanned: /home/eirikr/.cargo/registry/src/index.crates.io-1949cf8c6b5b557f/bitvec-1.0.1/doc/ptr/null_mut.md
WARNING: Dependency file was never scanned: /home/eirikr/.cargo/registry/src/index.crates.io-1949cf8c6b5b557f/zerocopy-0.8.48/benches/split_at_unchecked_dynamic_padding.x86-64
WARNING: Dependency file was never scanned: /home/eirikr/.cargo/registry/src/index.crates.io-1949cf8c6b5b557f/bitvec-1.0.1/doc/field/BitField_store_be.md
WARNING: Dependency file was never scanned: /home/eirikr/.cargo/registry/src/index.crates.io-1949cf8c6b5b557f/zerocopy-0.8.48/benches/try_ref_from_bytes_dynamic_padding.x86-64
WARNING: Dependency file was never scanned: /home/eirikr/.cargo/registry/src/index.crates.io-1949cf8c6b5b557f/bitvec-1.0.1/doc/macros/BitArr_type.md
WARNING: Dependency file was never scanned: /home/eirikr/.cargo/registry/src/index.crates.io-1949cf8c6b5b557f/zerocopy-0.8.48/benches/write_to_static_size.x86-64.mca
WARNING: Dependency file was never scanned: /home/eirikr/.cargo/registry/src/index.crates.io-1949cf8c6b5b557f/zerocopy-0.8.48/benches/split_at_dynamic_size.x86-64.mca
WARNING: Dependency file was never scanned: /home/eirikr/.cargo/registry/src/index.crates.io-1949cf8c6b5b557f/bitvec-1.0.1/doc/order.md
WARNING: Dependency file was never scanned: /home/eirikr/.cargo/registry/src/index.crates.io-1949cf8c6b5b557f/bitvec-1.0.1/doc/ptr/read_volatile.md
WARNING: Dependency file was never scanned: /home/eirikr/.cargo/registry/src/index.crates.io-1949cf8c6b5b557f/bitvec-1.0.1/doc/slice/ops.md
WARNING: Dependency file was never scanned: /home/eirikr/.cargo/registry/src/index.crates.io-1949cf8c6b5b557f/bitvec-1.0.1/doc/array/BitArray.md
WARNING: Dependency file was never scanned: /home/eirikr/.cargo/registry/src/index.crates.io-1949cf8c6b5b557f/zerocopy-0.8.48/benches/ref_from_suffix_with_elems_dynamic_size.x86-64
WARNING: Dependency file was never scanned: /home/eirikr/.cargo/registry/src/index.crates.io-1949cf8c6b5b557f/bitvec-1.0.1/doc/slice/threadsafe.md
WARNING: Dependency file was never scanned: /home/eirikr/.cargo/registry/src/index.crates.io-1949cf8c6b5b557f/bitvec-1.0.1/doc/view/BitView.md
WARNING: Dependency file was never scanned: /home/eirikr/.cargo/registry/src/index.crates.io-1949cf8c6b5b557f/bitvec-1.0.1/doc/slice/iter/ChunksMut.md
WARNING: Dependency file was never scanned: /home/eirikr/.cargo/registry/src/index.crates.io-1949cf8c6b5b557f/zerocopy-0.8.48/benches/ref_from_suffix_dynamic_padding.x86-64.mca
WARNING: Dependency file was never scanned: /home/eirikr/Github/open_gororoba/.cache/geiger-target/debug/build/pulp-65bb4e91ffb837e8/out/x86_64_asm.rs
WARNING: Dependency file was never scanned: /home/eirikr/.cargo/registry/src/index.crates.io-1949cf8c6b5b557f/bitvec-1.0.1/doc/macros/bitarr_value.md
WARNING: Dependency file was never scanned: /home/eirikr/.cargo/registry/src/index.crates.io-1949cf8c6b5b557f/bitvec-1.0.1/doc/slice/BitSliceIndex.md
WARNING: Dependency file was never scanned: /home/eirikr/.cargo/registry/src/index.crates.io-1949cf8c6b5b557f/zerocopy-0.8.48/benches/try_read_from_prefix.x86-64.mca
WARNING: Dependency file was never scanned: /home/eirikr/.cargo/registry/src/index.crates.io-1949cf8c6b5b557f/bitvec-1.0.1/doc/field/BitField_Lsb0_load_be.md
WARNING: Dependency file was never scanned: /home/eirikr/.cargo/registry/src/index.crates.io-1949cf8c6b5b557f/zerocopy-0.8.48/benches/try_ref_from_suffix_with_elems_dynamic_padding.x86-64
WARNING: Dependency file was never scanned: /home/eirikr/.cargo/registry/src/index.crates.io-1949cf8c6b5b557f/zerocopy-0.8.48/benches/ref_from_bytes_with_elems_dynamic_size.x86-64
WARNING: Dependency file was never scanned: /home/eirikr/.cargo/registry/src/index.crates.io-1949cf8c6b5b557f/bitvec-1.0.1/doc/index/BitEnd.md
WARNING: Dependency file was never scanned: /home/eirikr/.cargo/registry/src/index.crates.io-1949cf8c6b5b557f/zerocopy-0.8.48/benches/read_from_bytes.x86-64.mca
WARNING: Dependency file was never scanned: /home/eirikr/.cargo/registry/src/index.crates.io-1949cf8c6b5b557f/zerocopy-0.8.48/benches/ref_from_bytes_with_elems_dynamic_padding.x86-64
WARNING: Dependency file was never scanned: /home/eirikr/.cargo/registry/src/index.crates.io-1949cf8c6b5b557f/bitvec-1.0.1/doc/macros/bitbox.md
WARNING: Dependency file was never scanned: /home/eirikr/.cargo/registry/src/index.crates.io-1949cf8c6b5b557f/bitvec-1.0.1/doc/field/BitField_store.md
WARNING: Dependency file was never scanned: /home/eirikr/.cargo/registry/src/index.crates.io-1949cf8c6b5b557f/zerocopy-0.8.48/benches/read_from_bytes.x86-64
WARNING: Dependency file was never scanned: /home/eirikr/.cargo/registry/src/index.crates.io-1949cf8c6b5b557f/bitvec-1.0.1/doc/ptr/BitRef.md
WARNING: Dependency file was never scanned: /home/eirikr/.cargo/registry/src/index.crates.io-1949cf8c6b5b557f/bitvec-1.0.1/doc/boxed/iter.md
WARNING: Dependency file was never scanned: /home/eirikr/.cargo/registry/src/index.crates.io-1949cf8c6b5b557f/bitvec-1.0.1/doc/array/api.md
WARNING: Dependency file was never scanned: /home/eirikr/.cargo/registry/src/index.crates.io-1949cf8c6b5b557f/bitvec-1.0.1/doc/field/BitField.md
WARNING: Dependency file was never scanned: /home/eirikr/.cargo/registry/src/index.crates.io-1949cf8c6b5b557f/bitvec-1.0.1/doc/boxed.md
WARNING: Dependency file was never scanned: /home/eirikr/.cargo/registry/src/index.crates.io-1949cf8c6b5b557f/bitvec-1.0.1/doc/domain/Domain.md
WARNING: Dependency file was never scanned: /home/eirikr/.cargo/registry/src/index.crates.io-1949cf8c6b5b557f/bitvec-1.0.1/doc/ptr/copy_nonoverlapping.md
WARNING: Dependency file was never scanned: /home/eirikr/.cargo/registry/src/index.crates.io-1949cf8c6b5b557f/zerocopy-0.8.48/benches/try_ref_from_prefix_with_elems_dynamic_size.x86-64.mca
WARNING: Dependency file was never scanned: /home/eirikr/.cargo/registry/src/index.crates.io-1949cf8c6b5b557f/bitvec-1.0.1/doc/slice/iter/RSplit.md
WARNING: Dependency file was never scanned: /home/eirikr/.cargo/registry/src/index.crates.io-1949cf8c6b5b557f/sha2-0.11.0/README.md
WARNING: Dependency file was never scanned: /home/eirikr/.cargo/registry/src/index.crates.io-1949cf8c6b5b557f/zerocopy-0.8.48/benches/zero_static_size.x86-64.mca
WARNING: Dependency file was never scanned: /home/eirikr/.cargo/registry/src/index.crates.io-1949cf8c6b5b557f/bitvec-1.0.1/doc/field/io/Write_BitSlice.md
WARNING: Dependency file was never scanned: /home/eirikr/.cargo/registry/src/index.crates.io-1949cf8c6b5b557f/zerocopy-0.8.48/benches/try_transmute.x86-64
WARNING: Dependency file was never scanned: /home/eirikr/.cargo/registry/src/index.crates.io-1949cf8c6b5b557f/bitvec-1.0.1/doc/macros/make_elem.md
WARNING: Dependency file was never scanned: /home/eirikr/.cargo/registry/src/index.crates.io-1949cf8c6b5b557f/bitvec-1.0.1/doc/ptr/BitPtr.md
WARNING: Dependency file was never scanned: /home/eirikr/.cargo/registry/src/index.crates.io-1949cf8c6b5b557f/bitvec-1.0.1/doc/store/BitStore.md
WARNING: Dependency file was never scanned: /home/eirikr/.cargo/registry/src/index.crates.io-1949cf8c6b5b557f/zerocopy-0.8.48/benches/try_ref_from_suffix_dynamic_size.x86-64
WARNING: Dependency file was never scanned: /home/eirikr/.cargo/registry/src/index.crates.io-1949cf8c6b5b557f/zerocopy-0.8.48/benches/try_ref_from_suffix_static_size.x86-64
WARNING: Dependency file was never scanned: /home/eirikr/.cargo/registry/src/index.crates.io-1949cf8c6b5b557f/bitvec-1.0.1/doc/ptr/slice_from_raw_parts.md
WARNING: Dependency file was never scanned: /home/eirikr/.cargo/registry/src/index.crates.io-1949cf8c6b5b557f/zerocopy-0.8.48/benches/new_zeroed.x86-64
WARNING: Dependency file was never scanned: /home/eirikr/.cargo/registry/src/index.crates.io-1949cf8c6b5b557f/bitvec-1.0.1/doc/slice/iter/Iter.md
WARNING: Dependency file was never scanned: /home/eirikr/.cargo/registry/src/index.crates.io-1949cf8c6b5b557f/zerocopy-0.8.48/benches/try_ref_from_bytes_with_elems_dynamic_size.x86-64.mca
WARNING: Dependency file was never scanned: /home/eirikr/.cargo/registry/src/index.crates.io-1949cf8c6b5b557f/bitvec-1.0.1/doc/store.md
WARNING: Dependency file was never scanned: /home/eirikr/.cargo/registry/src/index.crates.io-1949cf8c6b5b557f/zerocopy-0.8.48/benches/ref_from_suffix_static_size.x86-64.mca
WARNING: Dependency file was never scanned: /home/eirikr/.cargo/registry/src/index.crates.io-1949cf8c6b5b557f/zerocopy-0.8.48/benches/as_bytes_static_size.x86-64.mca
WARNING: Dependency file was never scanned: /home/eirikr/.cargo/registry/src/index.crates.io-1949cf8c6b5b557f/getrandom-0.4.2/README.md
WARNING: Dependency file was never scanned: /home/eirikr/.cargo/registry/src/index.crates.io-1949cf8c6b5b557f/bitvec-1.0.1/doc/slice/from_raw_parts_mut.md
WARNING: Dependency file was never scanned: /home/eirikr/.cargo/registry/src/index.crates.io-1949cf8c6b5b557f/bitvec-1.0.1/doc/slice/iter/RSplitN.md
WARNING: Dependency file was never scanned: /home/eirikr/.cargo/registry/src/index.crates.io-1949cf8c6b5b557f/zerocopy-0.8.48/benches/ref_from_suffix_with_elems_dynamic_padding.x86-64.mca
WARNING: Dependency file was never scanned: /home/eirikr/.cargo/registry/src/index.crates.io-1949cf8c6b5b557f/zerocopy-0.8.48/benches/read_from_prefix.x86-64.mca
WARNING: Dependency file was never scanned: /home/eirikr/.cargo/registry/src/index.crates.io-1949cf8c6b5b557f/bitvec-1.0.1/doc/slice.md
WARNING: Dependency file was never scanned: /home/eirikr/.cargo/registry/src/index.crates.io-1949cf8c6b5b557f/bitvec-1.0.1/doc/field/set.md
WARNING: Dependency file was never scanned: /home/eirikr/.cargo/registry/src/index.crates.io-1949cf8c6b5b557f/bitvec-1.0.1/doc/ptr/addr.md
WARNING: Dependency file was never scanned: /home/eirikr/.cargo/registry/src/index.crates.io-1949cf8c6b5b557f/bitvec-1.0.1/doc/ptr/proxy.md
WARNING: Dependency file was never scanned: /home/eirikr/.cargo/registry/src/index.crates.io-1949cf8c6b5b557f/bitvec-1.0.1/doc/vec/iter.md
WARNING: Dependency file was never scanned: /home/eirikr/.cargo/registry/src/index.crates.io-1949cf8c6b5b557f/bitvec-1.0.1/doc/vec/iter/FromIterator_bool.md
WARNING: Dependency file was never scanned: /home/eirikr/.cargo/registry/src/index.crates.io-1949cf8c6b5b557f/zerocopy-0.8.48/benches/try_read_from_prefix.x86-64
WARNING: Dependency file was never scanned: /home/eirikr/.cargo/registry/src/index.crates.io-1949cf8c6b5b557f/bitvec-1.0.1/doc/ptr/eq.md
WARNING: Dependency file was never scanned: /home/eirikr/.cargo/registry/src/index.crates.io-1949cf8c6b5b557f/zerocopy-0.8.48/benches/ref_from_prefix_dynamic_size.x86-64
WARNING: Dependency file was never scanned: /home/eirikr/.cargo/registry/src/index.crates.io-1949cf8c6b5b557f/bitvec-1.0.1/doc/mem.md
WARNING: Dependency file was never scanned: /home/eirikr/.cargo/registry/src/index.crates.io-1949cf8c6b5b557f/zerocopy-0.8.48/benches/try_ref_from_bytes_dynamic_size.x86-64.mca
WARNING: Dependency file was never scanned: /home/eirikr/.cargo/registry/src/index.crates.io-1949cf8c6b5b557f/crypto-common-0.2.1/README.md
WARNING: Dependency file was never scanned: /home/eirikr/.cargo/registry/src/index.crates.io-1949cf8c6b5b557f/bitvec-1.0.1/doc/order/verify.md
WARNING: Dependency file was never scanned: /home/eirikr/.cargo/registry/src/index.crates.io-1949cf8c6b5b557f/zerocopy-0.8.48/benches/split_at_dynamic_padding.x86-64.mca
WARNING: Dependency file was never scanned: /home/eirikr/.cargo/registry/src/index.crates.io-1949cf8c6b5b557f/zerocopy-0.8.48/benches/split_via_runtime_check_dynamic_padding.x86-64
WARNING: Dependency file was never scanned: /home/eirikr/.cargo/registry/src/index.crates.io-1949cf8c6b5b557f/zerocopy-0.8.48/benches/ref_from_bytes_dynamic_size.x86-64
WARNING: Dependency file was never scanned: /home/eirikr/.cargo/registry/src/index.crates.io-1949cf8c6b5b557f/zerocopy-0.8.48/benches/ref_from_bytes_dynamic_padding.x86-64
WARNING: Dependency file was never scanned: /home/eirikr/.cargo/registry/src/index.crates.io-1949cf8c6b5b557f/zerocopy-0.8.48/benches/try_ref_from_bytes_dynamic_size.x86-64
WARNING: Dependency file was never scanned: /home/eirikr/.cargo/registry/src/index.crates.io-1949cf8c6b5b557f/bitvec-1.0.1/doc/field.md
WARNING: Dependency file was never scanned: /home/eirikr/.cargo/registry/src/index.crates.io-1949cf8c6b5b557f/bitvec-1.0.1/doc/mem/BitElement.md
WARNING: Dependency file was never scanned: /home/eirikr/.cargo/registry/src/index.crates.io-1949cf8c6b5b557f/bitvec-1.0.1/doc/order/Msb0.md
WARNING: Dependency file was never scanned: /home/eirikr/.cargo/registry/src/index.crates.io-1949cf8c6b5b557f/cc-1.2.59/src/detect_compiler_family.c
WARNING: Dependency file was never scanned: /home/eirikr/.cargo/registry/src/index.crates.io-1949cf8c6b5b557f/bitvec-1.0.1/doc/order/LocalBits.md
WARNING: Dependency file was never scanned: /home/eirikr/.cargo/registry/src/index.crates.io-1949cf8c6b5b557f/bitvec-1.0.1/doc/slice/iter/ChunksExact.md
WARNING: Dependency file was never scanned: /home/eirikr/.cargo/registry/src/index.crates.io-1949cf8c6b5b557f/bitvec-1.0.1/doc/ptr/null.md
WARNING: Dependency file was never scanned: /home/eirikr/.cargo/registry/src/index.crates.io-1949cf8c6b5b557f/zerocopy-0.8.48/benches/ref_from_suffix_dynamic_padding.x86-64
WARNING: Dependency file was never scanned: /home/eirikr/.cargo/registry/src/index.crates.io-1949cf8c6b5b557f/bitvec-1.0.1/doc/ptr/replace.md
WARNING: Dependency file was never scanned: /home/eirikr/.cargo/registry/src/index.crates.io-1949cf8c6b5b557f/hybrid-array-0.4.10/README.md
WARNING: Dependency file was never scanned: /home/eirikr/.cargo/registry/src/index.crates.io-1949cf8c6b5b557f/zerocopy-0.8.48/benches/write_to_prefix_dynamic_size.x86-64.mca
WARNING: Dependency file was never scanned: /home/eirikr/.cargo/registry/src/index.crates.io-1949cf8c6b5b557f/bitvec-1.0.1/doc/ptr/single.md
WARNING: Dependency file was never scanned: /home/eirikr/.cargo/registry/src/index.crates.io-1949cf8c6b5b557f/zerocopy-0.8.48/benches/split_via_immutable_dynamic_padding.x86-64
WARNING: Dependency file was never scanned: /home/eirikr/.cargo/registry/src/index.crates.io-1949cf8c6b5b557f/zerocopy-0.8.48/benches/try_ref_from_bytes_with_elems_dynamic_size.x86-64
WARNING: Dependency file was never scanned: /home/eirikr/.cargo/registry/src/index.crates.io-1949cf8c6b5b557f/zerocopy-0.8.48/benches/try_ref_from_bytes_with_elems_dynamic_padding.x86-64
WARNING: Dependency file was never scanned: /home/eirikr/.cargo/registry/src/index.crates.io-1949cf8c6b5b557f/zerocopy-0.8.48/benches/ref_from_bytes_static_size.x86-64.mca
WARNING: Dependency file was never scanned: /home/eirikr/.cargo/registry/src/index.crates.io-1949cf8c6b5b557f/bitvec-1.0.1/doc/index.md
WARNING: Dependency file was never scanned: /home/eirikr/.cargo/registry/src/index.crates.io-1949cf8c6b5b557f/zerocopy-0.8.48/benches/ref_from_bytes_dynamic_padding.x86-64.mca
WARNING: Dependency file was never scanned: /home/eirikr/.cargo/registry/src/index.crates.io-1949cf8c6b5b557f/zerocopy-0.8.48/benches/ref_from_prefix_with_elems_dynamic_padding.x86-64.mca
WARNING: Dependency file was never scanned: /home/eirikr/.cargo/registry/src/index.crates.io-1949cf8c6b5b557f/zerocopy-0.8.48/benches/try_ref_from_suffix_dynamic_padding.x86-64.mca
WARNING: Dependency file was never scanned: /home/eirikr/.cargo/registry/src/index.crates.io-1949cf8c6b5b557f/bitvec-1.0.1/doc/slice/iter/Windows.md
WARNING: Dependency file was never scanned: /home/eirikr/.cargo/registry/src/index.crates.io-1949cf8c6b5b557f/zerocopy-0.8.48/benches/split_via_unchecked_dynamic_size.x86-64
WARNING: Dependency file was never scanned: /home/eirikr/.cargo/registry/src/index.crates.io-1949cf8c6b5b557f/zerocopy-0.8.48/benches/try_read_from_bytes.x86-64.mca
WARNING: Dependency file was never scanned: /home/eirikr/.cargo/registry/src/index.crates.io-1949cf8c6b5b557f/bitvec-1.0.1/doc/prelude.md
WARNING: Dependency file was never scanned: /home/eirikr/.cargo/registry/src/index.crates.io-1949cf8c6b5b557f/bitvec-1.0.1/doc/slice/iter/RChunks.md
WARNING: Dependency file was never scanned: /home/eirikr/.cargo/registry/src/index.crates.io-1949cf8c6b5b557f/bitvec-1.0.1/doc/slice/iter/SplitNMut.md
WARNING: Dependency file was never scanned: /home/eirikr/.cargo/registry/src/index.crates.io-1949cf8c6b5b557f/zerocopy-0.8.48/benches/try_transmute_ref_dynamic_size.x86-64.mca
WARNING: Dependency file was never scanned: /home/eirikr/.cargo/registry/src/index.crates.io-1949cf8c6b5b557f/zerocopy-0.8.48/benches/split_via_immutable_dynamic_size.x86-64
WARNING: Dependency file was never scanned: /home/eirikr/.cargo/registry/src/index.crates.io-1949cf8c6b5b557f/zerocopy-0.8.48/benches/write_to_prefix_dynamic_size.x86-64
WARNING: Dependency file was never scanned: /home/eirikr/.cargo/registry/src/index.crates.io-1949cf8c6b5b557f/zerocopy-0.8.48/benches/write_to_suffix_static_size.x86-64
WARNING: Dependency file was never scanned: /home/eirikr/.cargo/registry/src/index.crates.io-1949cf8c6b5b557f/bitvec-1.0.1/doc/slice/iter/IterOnes.md
WARNING: Dependency file was never scanned: /home/eirikr/.cargo/registry/src/index.crates.io-1949cf8c6b5b557f/bitvec-1.0.1/doc/order/verify_for_type.md
WARNING: Dependency file was never scanned: /home/eirikr/.cargo/registry/src/index.crates.io-1949cf8c6b5b557f/bitvec-1.0.1/doc/field/BitField_Lsb0_store_le.md
WARNING: Dependency file was never scanned: /home/eirikr/.cargo/registry/src/index.crates.io-1949cf8c6b5b557f/bitvec-1.0.1/doc/index/BitSel.md
WARNING: Dependency file was never scanned: /home/eirikr/.cargo/registry/src/index.crates.io-1949cf8c6b5b557f/bitvec-1.0.1/doc/ptr/read_unaligned.md
WARNING: Dependency file was never scanned: /home/eirikr/.cargo/registry/src/index.crates.io-1949cf8c6b5b557f/zerocopy-0.8.48/benches/zero_dynamic_padding.x86-64
WARNING: Dependency file was never scanned: /home/eirikr/.cargo/registry/src/index.crates.io-1949cf8c6b5b557f/zerocopy-0.8.48/benches/ref_from_suffix_with_elems_dynamic_size.x86-64.mca
WARNING: Dependency file was never scanned: /home/eirikr/.cargo/registry/src/index.crates.io-1949cf8c6b5b557f/zerocopy-0.8.48/benches/read_from_suffix.x86-64
WARNING: Dependency file was never scanned: /home/eirikr/.cargo/registry/src/index.crates.io-1949cf8c6b5b557f/bitvec-1.0.1/doc/field/BitField_Lsb0_load_le.md
WARNING: Dependency file was never scanned: /home/eirikr/.cargo/registry/src/index.crates.io-1949cf8c6b5b557f/bitvec-1.0.1/doc/field/BitField_Msb0_store_le.md
WARNING: Dependency file was never scanned: /home/eirikr/.cargo/registry/src/index.crates.io-1949cf8c6b5b557f/bitvec-1.0.1/doc/view.md
WARNING: Dependency file was never scanned: /home/eirikr/.cargo/registry/src/index.crates.io-1949cf8c6b5b557f/bitvec-1.0.1/doc/ptr/span.md
WARNING: Dependency file was never scanned: /home/eirikr/.cargo/registry/src/index.crates.io-1949cf8c6b5b557f/bitvec-1.0.1/doc/vec/iter/FromIterator_BitRef.md
WARNING: Dependency file was never scanned: /home/eirikr/.cargo/registry/src/index.crates.io-1949cf8c6b5b557f/zerocopy-0.8.48/benches/zero_dynamic_size.x86-64
WARNING: Dependency file was never scanned: /home/eirikr/.cargo/registry/src/index.crates.io-1949cf8c6b5b557f/zerocopy-0.8.48/benches/split_via_unchecked_dynamic_size.x86-64.mca
WARNING: Dependency file was never scanned: /home/eirikr/.cargo/registry/src/index.crates.io-1949cf8c6b5b557f/zerocopy-0.8.48/benches/ref_from_bytes_static_size.x86-64
WARNING: Dependency file was never scanned: /home/eirikr/.cargo/registry/src/index.crates.io-1949cf8c6b5b557f/bitvec-1.0.1/doc/slice/iter/RChunksExactMut.md
WARNING: Dependency file was never scanned: /home/eirikr/.cargo/registry/src/index.crates.io-1949cf8c6b5b557f/bitvec-1.0.1/doc/slice/iter/SplitMut.md
WARNING: Dependency file was never scanned: /home/eirikr/.cargo/registry/src/index.crates.io-1949cf8c6b5b557f/bitvec-1.0.1/doc/vec/iter/Extend_BitRef.md
WARNING: Dependency file was never scanned: /home/eirikr/.cargo/registry/src/index.crates.io-1949cf8c6b5b557f/bitvec-1.0.1/doc/field/io/Write_BitVec.md
WARNING: Dependency file was never scanned: /home/eirikr/.cargo/registry/src/index.crates.io-1949cf8c6b5b557f/zerocopy-0.8.48/benches/transmute.x86-64
WARNING: Dependency file was never scanned: /home/eirikr/.cargo/registry/src/index.crates.io-1949cf8c6b5b557f/bitvec-1.0.1/doc/macros.md
WARNING: Dependency file was never scanned: /home/eirikr/.cargo/registry/src/index.crates.io-1949cf8c6b5b557f/zerocopy-0.8.48/benches/split_at_unchecked_dynamic_size.x86-64.mca

Metric output format: x/y
    x = unsafe code used by the build
    y = total unsafe code found in the crate

Symbols:
    :) = No `unsafe` usage found, declares #![forbid(unsafe_code)]
    ?  = No `unsafe` usage found, missing #![forbid(unsafe_code)]
    !  = `unsafe` usage found

Functions  Expressions  Impls  Traits  Methods  Dependency

5/5        147/327      4/4    0/0     0/3      !  cd_kernel 0.1.0
0/0        0/0          0/0    0/0     0/0      ?  |-- fwht 0.1.0
1/1        37/37        0/0    0/0     0/0      !  |   |-- rand 0.9.3
0/0        0/0          0/0    0/0     0/0      :) |   |   |-- rand_chacha 0.9.0
2/2        632/680      0/0    0/0     17/25    !  |   |   |   |-- ppv-lite86 0.2.21
12/12      475/475      74/74  29/29   37/37    !  |   |   |   |   `-- zerocopy 0.8.48
0/1        0/66         0/225  0/0     0/0      ?  |   |   |   |       `-- zerocopy-derive 0.8.48
0/0        14/14        0/0    0/0     3/3      !  |   |   |   |           |-- proc-macro2 1.0.106
0/0        4/4          0/0    0/0     0/0      !  |   |   |   |           |   `-- unicode-ident 1.0.24
0/0        0/0          0/0    0/0     0/0      ?  |   |   |   |           |-- quote 1.0.45
0/0        14/14        0/0    0/0     3/3      !  |   |   |   |           |   `-- proc-macro2 1.0.106
0/0        87/87        3/3    0/0     2/2      !  |   |   |   |           `-- syn 2.0.117
0/0        14/14        0/0    0/0     3/3      !  |   |   |   |               |-- proc-macro2 1.0.106
0/0        0/0          0/0    0/0     0/0      ?  |   |   |   |               |-- quote 1.0.45
0/0        4/4          0/0    0/0     0/0      !  |   |   |   |               `-- unicode-ident 1.0.24
0/0        0/0          0/0    0/0     0/0      ?  |   |   |   |-- rand_core 0.9.5
4/16       68/333       0/0    0/0     0/0      !  |   |   |   |   |-- getrandom 0.3.4
0/0        0/0          0/0    0/0     0/0      ?  |   |   |   |   |   |-- cfg-if 1.0.4
0/92       34/725       0/2    0/0     8/101    !  |   |   |   |   |   `-- libc 0.2.184
0/0        0/5          0/0    0/0     0/0      ?  |   |   |   |   `-- serde 1.0.228
0/0        0/5          0/0    0/0     0/0      ?  |   |   |   |       |-- serde_core 1.0.228
0/0        0/0          0/0    0/0     0/0      ?  |   |   |   |       `-- serde_derive 1.0.228
0/0        14/14        0/0    0/0     3/3      !  |   |   |   |           |-- proc-macro2 1.0.106
0/0        0/0          0/0    0/0     0/0      ?  |   |   |   |           |-- quote 1.0.45
0/0        87/87        3/3    0/0     2/2      !  |   |   |   |           `-- syn 2.0.117
0/0        0/5          0/0    0/0     0/0      ?  |   |   |   `-- serde 1.0.228
0/0        0/0          0/0    0/0     0/0      ?  |   |   |-- rand_core 0.9.5
0/0        0/5          0/0    0/0     0/0      ?  |   |   `-- serde 1.0.228
0/0        0/0          0/0    0/0     0/0      :) |   |-- rand_chacha 0.9.0
0/0        0/0          0/0    0/0     0/0      :) |   `-- rand_distr 0.5.1
0/0        0/0          0/0    0/0     0/0      ?  |       |-- num-traits 0.2.19
5/5        69/69        0/0    0/0     0/0      !  |       |   `-- libm 0.2.16
1/1        37/37        0/0    0/0     0/0      !  |       |-- rand 0.9.3
0/0        0/5          0/0    0/0     0/0      ?  |       `-- serde 1.0.228
0/0        0/0          0/0    0/0     0/0      ?  |-- gororoba_gpu_bridge 0.1.0
0/0        55/55        0/0    0/0     0/0      !  |   `-- core_affinity 0.8.3
0/92       34/725       0/2    0/0     8/101    !  |       |-- libc 0.2.184
0/0        73/73        0/0    0/0     0/0      !  |       `-- num_cpus 1.17.0
0/92       34/725       0/2    0/0     8/101    !  |           `-- libc 0.2.184
0/0        0/0          0/0    0/0     0/0      ?  |-- verified_core 0.1.0
0/0        55/55        0/0    0/0     0/0      !  |   |-- core_affinity 0.8.3
6/6        2241/2549    49/50  7/7     67/76    !  |   |-- nalgebra 0.34.2
0/0        0/0          0/0    0/0     0/0      ?  |   |   |-- approx 0.5.1
0/0        0/0          2/2    0/0     0/0      !  |   |   |   |-- num-complex 0.4.6
18/18      356/434      139/142 9/9     0/1      !  |   |   |   |   |-- bytemuck 1.25.0
0/0        0/0          0/1    0/0     0/0      ?  |   |   |   |   |   |-- bytemuck_derive 1.10.2
0/0        14/14        0/0    0/0     3/3      !  |   |   |   |   |   |   |-- proc-macro2 1.0.106
0/0        0/0          0/0    0/0     0/0      ?  |   |   |   |   |   |   |-- quote 1.0.45
0/0        87/87        3/3    0/0     2/2      !  |   |   |   |   |   |   `-- syn 2.0.117
0/1        0/1          0/0    0/0     0/0      ?  |   |   |   |   |   `-- rustversion 1.0.22
0/0        0/0          0/0    0/0     0/0      ?  |   |   |   |   |-- num-traits 0.2.19
0/0        0/32         0/1    0/0     0/0      ?  |   |   |   |   |-- rand 0.8.6
0/92       34/725       0/2    0/0     8/101    !  |   |   |   |   |   |-- libc 0.2.184
0/0        0/0          0/0    0/0     0/0      ?  |   |   |   |   |   |-- rand_chacha 0.3.1
2/2        632/680      0/0    0/0     17/25    !  |   |   |   |   |   |   |-- ppv-lite86 0.2.21
0/0        0/2          0/0    0/0     0/0      ?  |   |   |   |   |   |   |-- rand_core 0.6.4
0/6        0/192        0/1    0/0     0/3      ?  |   |   |   |   |   |   |   |-- getrandom 0.2.17
0/0        0/0          0/0    0/0     0/0      ?  |   |   |   |   |   |   |   |   |-- cfg-if 1.0.4
0/92       34/725       0/2    0/0     8/101    !  |   |   |   |   |   |   |   |   `-- libc 0.2.184
0/0        0/5          0/0    0/0     0/0      ?  |   |   |   |   |   |   |   `-- serde 1.0.228
0/0        0/5          0/0    0/0     0/0      ?  |   |   |   |   |   |   `-- serde 1.0.228
0/0        0/2          0/0    0/0     0/0      ?  |   |   |   |   |   |-- rand_core 0.6.4
0/0        0/5          0/0    0/0     0/0      ?  |   |   |   |   |   `-- serde 1.0.228
0/0        0/5          0/0    0/0     0/0      ?  |   |   |   |   `-- serde 1.0.228
0/0        0/0          0/0    0/0     0/0      ?  |   |   |   `-- num-traits 0.2.19
18/18      356/434      139/142 9/9     0/1      !  |   |   |-- bytemuck 1.25.0
29/34      629/915      4/4    0/0     23/38    !  |   |   |-- matrixmultiply 0.3.10
0/0        73/73        0/0    0/0     0/0      !  |   |   |   |-- num_cpus 1.17.0
0/0        0/128        0/9    0/0     0/5      ?  |   |   |   |-- once_cell 1.21.4
0/87       0/633        0/1    0/0     0/1      ?  |   |   |   |   `-- portable-atomic 1.13.1
0/0        0/5          0/0    0/0     0/0      ?  |   |   |   |       `-- serde 1.0.228
0/0        9/9          0/0    0/0     7/7      !  |   |   |   `-- rawpointer 0.2.1
0/0        0/0          0/0    0/0     0/0      ?  |   |   |-- nalgebra-macros 0.3.0
0/0        14/14        0/0    0/0     3/3      !  |   |   |   |-- proc-macro2 1.0.106
0/0        0/0          0/0    0/0     0/0      ?  |   |   |   |-- quote 1.0.45
0/0        87/87        3/3    0/0     2/2      !  |   |   |   `-- syn 2.0.117
0/0        0/0          2/2    0/0     0/0      !  |   |   |-- num-complex 0.4.6
0/0        0/0          0/0    0/0     0/0      ?  |   |   |-- num-rational 0.4.2
0/0        0/3          0/0    0/0     0/0      ?  |   |   |   |-- num-bigint 0.4.6
0/0        0/0          0/0    0/0     0/0      ?  |   |   |   |   |-- num-integer 0.1.46
0/0        0/0          0/0    0/0     0/0      ?  |   |   |   |   |   `-- num-traits 0.2.19
0/0        0/0          0/0    0/0     0/0      ?  |   |   |   |   |-- num-traits 0.2.19
0/0        0/32         0/1    0/0     0/0      ?  |   |   |   |   |-- rand 0.8.6
0/0        0/5          0/0    0/0     0/0      ?  |   |   |   |   `-- serde 1.0.228
0/0        0/0          0/0    0/0     0/0      ?  |   |   |   |-- num-integer 0.1.46
0/0        0/0          0/0    0/0     0/0      ?  |   |   |   |-- num-traits 0.2.19
0/0        0/5          0/0    0/0     0/0      ?  |   |   |   `-- serde 1.0.228
0/0        0/0          0/0    0/0     0/0      ?  |   |   |-- num-traits 0.2.19
0/0        0/0          0/0    0/0     0/0      ?  |   |   |-- pest 2.8.6
0/41       0/2421       0/2    0/0     0/147    ?  |   |   |   |-- memchr 2.8.0
0/2        0/18         0/1    0/0     0/0      ?  |   |   |   |   `-- log 0.4.29
0/0        0/5          0/0    0/0     0/0      ?  |   |   |   |       `-- serde_core 1.0.228
0/0        0/5          0/0    0/0     0/0      ?  |   |   |   |-- serde 1.0.228
0/0        0/78         0/0    0/0     0/0      ?  |   |   |   |-- serde_json 1.0.149
0/0        0/83         0/0    0/0     0/0      ?  |   |   |   |   |-- indexmap 2.13.1
0/0        0/0          0/0    0/0     0/0      ?  |   |   |   |   |   |-- equivalent 1.0.2
0/1        0/1601       0/23   0/1     0/96     ?  |   |   |   |   |   |-- hashbrown 0.16.1
0/0        0/0          0/0    0/0     0/0      ?  |   |   |   |   |   |   |-- equivalent 1.0.2
0/2        0/202        0/1    0/0     0/0      ?  |   |   |   |   |   |   |-- foldhash 0.2.0
6/6        667/667      5/5    0/0     3/3      !  |   |   |   |   |   |   |-- rayon 1.11.0
0/0        2/2          0/0    0/0     0/0      !  |   |   |   |   |   |   |   |-- either 1.15.0
0/0        0/5          0/0    0/0     0/0      ?  |   |   |   |   |   |   |   |   `-- serde 1.0.228
7/7        563/566      5/5    0/0     30/30    !  |   |   |   |   |   |   |   `-- rayon-core 1.13.0
0/0        457/457      6/6    0/0     6/6      !  |   |   |   |   |   |   |       |-- crossbeam-deque 0.8.6
3/3        426/438      11/11  0/0     29/29    !  |   |   |   |   |   |   |       |   |-- crossbeam-epoch 0.9.18
4/4        75/75        16/16  0/0     3/3      !  |   |   |   |   |   |   |       |   |   `-- crossbeam-utils 0.8.21
4/4        75/75        16/16  0/0     3/3      !  |   |   |   |   |   |   |       |   `-- crossbeam-utils 0.8.21
4/4        75/75        16/16  0/0     3/3      !  |   |   |   |   |   |   |       `-- crossbeam-utils 0.8.21
0/0        0/5          0/0    0/0     0/0      ?  |   |   |   |   |   |   `-- serde_core 1.0.228
6/6        667/667      5/5    0/0     3/3      !  |   |   |   |   |   |-- rayon 1.11.0
0/0        0/5          0/0    0/0     0/0      ?  |   |   |   |   |   `-- serde_core 1.0.228
0/1        0/145        0/0    0/0     0/0      ?  |   |   |   |   |-- itoa 1.0.18
0/41       0/2421       0/2    0/0     0/147    ?  |   |   |   |   |-- memchr 2.8.0
0/0        0/5          0/0    0/0     0/0      ?  |   |   |   |   |-- serde_core 1.0.228
0/6        0/646        0/0    0/0     0/3      ?  |   |   |   |   `-- zmij 1.0.21
0/0        0/0          0/0    0/0     0/0      ?  |   |   |   `-- ucd-trie 0.1.7
0/0        0/0          0/0    0/0     0/0      ?  |   |   |-- pest_derive 2.8.6
0/0        0/0          0/0    0/0     0/0      ?  |   |   |   |-- pest 2.8.6
0/0        0/0          0/0    0/0     0/0      ?  |   |   |   `-- pest_generator 2.8.6
0/0        0/0          0/0    0/0     0/0      ?  |   |   |       |-- pest 2.8.6
0/0        0/0          0/0    0/0     0/0      ?  |   |   |       |-- pest_meta 2.8.6
0/0        0/0          0/0    0/0     0/0      ?  |   |   |       |   `-- pest 2.8.6
0/0        14/14        0/0    0/0     3/3      !  |   |   |       |-- proc-macro2 1.0.106
0/0        0/0          0/0    0/0     0/0      ?  |   |   |       |-- quote 1.0.45
0/0        87/87        3/3    0/0     2/2      !  |   |   |       `-- syn 2.0.117
0/0        0/17         0/0    0/0     0/0      ?  |   |   |-- proptest 1.11.0
0/0        0/8          0/0    0/0     0/0      ?  |   |   |   |-- bit-set 0.8.0
0/0        0/39         0/0    0/0     0/4      ?  |   |   |   |   |-- bit-vec 0.8.0
0/0        0/5          0/0    0/0     0/0      ?  |   |   |   |   |   `-- serde 1.0.228
0/0        0/5          0/0    0/0     0/0      ?  |   |   |   |   `-- serde 1.0.228
0/0        0/39         0/0    0/0     0/4      ?  |   |   |   |-- bit-vec 0.8.0
0/0        0/0          0/0    0/0     0/0      ?  |   |   |   |-- bitflags 2.11.0
18/18      356/434      139/142 9/9     0/1      !  |   |   |   |   |-- bytemuck 1.25.0
0/0        0/5          0/0    0/0     0/0      ?  |   |   |   |   `-- serde_core 1.0.228
0/0        0/0          0/0    0/0     0/0      ?  |   |   |   |-- num-traits 0.2.19
1/1        37/37        0/0    0/0     0/0      !  |   |   |   |-- rand 0.9.3
0/0        0/0          0/0    0/0     0/0      :) |   |   |   |-- rand_chacha 0.9.0
0/0        0/0          0/0    0/0     0/0      :) |   |   |   |-- rand_xorshift 0.4.0
0/0        0/0          0/0    0/0     0/0      ?  |   |   |   |   |-- rand_core 0.9.5
0/0        0/5          0/0    0/0     0/0      ?  |   |   |   |   `-- serde 1.0.228
0/0        0/0          0/0    0/0     0/0      :) |   |   |   |-- regex-syntax 0.8.10
0/0        0/0          0/0    0/0     0/0      ?  |   |   |   |-- rusty-fork 0.3.1
0/0        0/0          0/0    0/0     0/0      ?  |   |   |   |   |-- fnv 1.0.7
0/0        0/0          0/0    0/0     0/0      ?  |   |   |   |   |-- quick-error 1.2.3
0/0        0/46         0/0    0/0     0/0      ?  |   |   |   |   |-- tempfile 3.27.0
0/0        0/0          0/0    0/0     0/0      :) |   |   |   |   |   |-- fastrand 2.4.1
3/7        64/249       0/0    0/0     0/0      !  |   |   |   |   |   |-- getrandom 0.4.2
0/0        0/0          0/0    0/0     0/0      ?  |   |   |   |   |   |   |-- cfg-if 1.0.4
0/92       34/725       0/2    0/0     8/101    !  |   |   |   |   |   |   |-- libc 0.2.184
0/0        0/0          0/0    0/0     0/0      ?  |   |   |   |   |   |   `-- rand_core 0.10.0
0/0        0/128        0/9    0/0     0/5      ?  |   |   |   |   |   |-- once_cell 1.21.4
0/436      0/7539       0/22   0/2     0/62     ?  |   |   |   |   |   `-- rustix 1.1.4
0/0        0/0          0/0    0/0     0/0      ?  |   |   |   |   |       |-- bitflags 2.11.0
0/0        0/103        0/0    0/0     0/0      ?  |   |   |   |   |       |-- errno 0.3.14
0/92       34/725       0/2    0/0     8/101    !  |   |   |   |   |       |   `-- libc 0.2.184
0/92       34/725       0/2    0/0     8/101    !  |   |   |   |   |       |-- libc 0.2.184
0/10       0/17551      0/0    0/0     0/2286   ?  |   |   |   |   |       `-- linux-raw-sys 0.12.1
0/0        0/60         0/0    0/0     0/0      ?  |   |   |   |   `-- wait-timeout 0.2.1
0/92       34/725       0/2    0/0     8/101    !  |   |   |   |       `-- libc 0.2.184
0/0        0/46         0/0    0/0     0/0      ?  |   |   |   |-- tempfile 3.27.0
0/1        0/11         0/0    0/0     0/0      ?  |   |   |   `-- unarray 0.1.4
1/1        37/37        0/0    0/0     0/0      !  |   |   |-- rand 0.9.3
0/0        0/0          0/0    0/0     0/0      :) |   |   |-- rand_distr 0.5.1
6/6        667/667      5/5    0/0     3/3      !  |   |   |-- rayon 1.11.0
0/0        0/5          0/0    0/0     0/0      ?  |   |   |-- serde 1.0.228
0/0        18/18        0/0    0/0     2/2      !  |   |   |-- simba 0.9.1
0/0        0/0          0/0    0/0     0/0      ?  |   |   |   |-- approx 0.5.1
0/1        0/44         0/0    0/0     0/0      ?  |   |   |   |-- fixed 1.31.0
0/0        0/0          0/0    0/0     0/0      ?  |   |   |   |   |-- az 1.3.0
18/18      356/434      139/142 9/9     0/1      !  |   |   |   |   |-- bytemuck 1.25.0
0/28       0/221        0/0    0/0     0/0      ?  |   |   |   |   |-- half 2.7.1
18/18      356/434      139/142 9/9     0/1      !  |   |   |   |   |   |-- bytemuck 1.25.0
0/0        0/0          0/0    0/0     0/0      ?  |   |   |   |   |   |-- cfg-if 1.0.4
0/0        0/0          0/0    0/0     0/0      ?  |   |   |   |   |   |-- num-traits 0.2.19
1/1        37/37        0/0    0/0     0/0      !  |   |   |   |   |   |-- rand 0.9.3
0/0        0/0          0/0    0/0     0/0      :) |   |   |   |   |   |-- rand_distr 0.5.1
0/0        0/5          0/0    0/0     0/0      ?  |   |   |   |   |   |-- serde 1.0.228
12/12      475/475      74/74  29/29   37/37    !  |   |   |   |   |   `-- zerocopy 0.8.48
0/0        0/0          0/0    0/0     0/0      ?  |   |   |   |   |-- num-traits 0.2.19
0/0        0/5          0/0    0/0     0/0      ?  |   |   |   |   |-- serde 1.0.228
0/0        0/0          0/0    0/0     0/0      :) |   |   |   |   `-- typenum 1.19.0
5/5        69/69        0/0    0/0     0/0      !  |   |   |   |-- libm 0.2.16
0/0        0/0          2/2    0/0     0/0      !  |   |   |   |-- num-complex 0.4.6
0/0        0/0          0/0    0/0     0/0      ?  |   |   |   |-- num-traits 0.2.19
0/0        0/0          0/0    0/0     0/0      ?  |   |   |   |-- paste 1.0.15
0/0        0/32         0/1    0/0     0/0      ?  |   |   |   |-- rand 0.8.6
0/0        0/5          0/0    0/0     0/0      ?  |   |   |   |-- serde 1.0.228
0/0        20/20        40/40  0/0     0/0      !  |   |   |   `-- wide 0.7.33
18/18      356/434      139/142 9/9     0/1      !  |   |   |       |-- bytemuck 1.25.0
0/0        802/2112     18/18  0/0     0/0      !  |   |   |       |-- safe_arch 0.7.4
18/18      356/434      139/142 9/9     0/1      !  |   |   |       |   `-- bytemuck 1.25.0
0/0        0/5          0/0    0/0     0/0      ?  |   |   |       `-- serde 1.0.228
0/0        0/0          0/0    0/0     0/0      :) |   |   `-- typenum 1.19.0
1/1        37/37        0/0    0/0     0/0      !  |   |-- rand 0.10.1
14/36      628/1381     0/0    0/0     0/5      !  |   |   |-- chacha20 0.10.0
0/0        0/0          0/0    0/0     0/0      ?  |   |   |   |-- cfg-if 1.0.4
0/1        0/12         0/0    0/0     0/0      ?  |   |   |   |-- cpufeatures 0.3.0
0/0        0/0          0/0    0/0     0/0      ?  |   |   |   |-- rand_core 0.10.0
0/2        0/26         0/0    0/0     0/0      ?  |   |   |   `-- zeroize 1.8.2
0/0        0/5          0/0    0/0     0/0      ?  |   |   |       `-- serde 1.0.228
3/7        64/249       0/0    0/0     0/0      !  |   |   |-- getrandom 0.4.2
0/0        0/0          0/0    0/0     0/0      ?  |   |   |-- rand_core 0.10.0
0/0        0/5          0/0    0/0     0/0      ?  |   |   `-- serde 1.0.228
0/1        13/15        0/0    0/0     0/0      !  |   |-- raw-cpuid 11.6.0
0/0        0/0          0/0    0/0     0/0      ?  |   |   |-- bitflags 2.11.0
0/0        0/0          0/0    0/0     0/0      ?  |   |   |-- clap 4.6.0
0/0        0/0          0/0    0/0     0/0      :) |   |   |   `-- clap_builder 4.6.0
0/0        0/6          0/0    0/0     0/0      ?  |   |   |       |-- anstyle 1.0.14
0/28       0/1082       0/10   0/0     0/5      ?  |   |   |       |-- backtrace 0.3.76
0/0        0/18         0/0    0/0     0/0      ?  |   |   |       |   |-- addr2line 0.25.1
0/0        0/0          0/0    0/0     0/0      ?  |   |   |       |   |   |-- clap 4.6.0
0/0        0/40         0/5    0/1     0/0      ?  |   |   |       |   |   |-- gimli 0.32.3
0/0        0/83         0/0    0/0     0/0      ?  |   |   |       |   |   |   `-- indexmap 2.13.1
0/0        0/348        0/6    0/0     0/17     ?  |   |   |       |   |   |-- memmap2 0.9.10
0/92       34/725       0/2    0/0     8/101    !  |   |   |       |   |   |   `-- libc 0.2.184
0/0        0/26         0/1    0/1     0/0      ?  |   |   |       |   |   |-- object 0.37.3
0/4        0/142        0/0    0/0     0/0      ?  |   |   |       |   |   |   |-- crc32fast 1.5.0
0/0        0/0          0/0    0/0     0/0      ?  |   |   |       |   |   |   |   `-- cfg-if 1.0.4
0/3        0/327        0/2    0/0     0/4      ?  |   |   |       |   |   |   |-- flate2 1.1.9
0/4        0/142        0/0    0/0     0/0      ?  |   |   |       |   |   |   |   |-- crc32fast 1.5.0
0/0        0/0          0/0    0/0     0/0      :) |   |   |       |   |   |   |   |-- miniz_oxide 0.8.9
0/0        0/0          0/0    0/0     0/0      :) |   |   |       |   |   |   |   |   |-- adler2 2.0.1
0/0        0/5          0/0    0/0     0/0      ?  |   |   |       |   |   |   |   |   |-- serde 1.0.228
0/28       0/482        0/0    0/0     0/0      ?  |   |   |       |   |   |   |   |   `-- simd-adler32 0.3.9
0/49       0/3481       0/5    0/0     0/32     ?  |   |   |       |   |   |   |   `-- zlib-rs 0.6.3
0/1        0/1520       0/22   0/1     0/85     ?  |   |   |       |   |   |   |-- hashbrown 0.15.5
0/0        0/0          0/0    0/0     0/0      ?  |   |   |       |   |   |   |   |-- equivalent 1.0.2
0/0        0/11         0/1    0/0     0/0      ?  |   |   |       |   |   |   |   |-- foldhash 0.1.5
6/6        667/667      5/5    0/0     3/3      !  |   |   |       |   |   |   |   |-- rayon 1.11.0
0/0        0/5          0/0    0/0     0/0      ?  |   |   |       |   |   |   |   `-- serde 1.0.228
0/0        0/83         0/0    0/0     0/0      ?  |   |   |       |   |   |   |-- indexmap 2.13.1
0/41       0/2421       0/2    0/0     0/147    ?  |   |   |       |   |   |   `-- memchr 2.8.0
0/0        0/0          0/0    0/0     0/0      ?  |   |   |       |   |   |-- rustc-demangle 0.1.27
1/1        554/556      7/7    1/1     14/14    !  |   |   |       |   |   `-- smallvec 1.15.1
0/0        0/5          0/0    0/0     0/0      ?  |   |   |       |   |       `-- serde 1.0.228
0/0        0/0          0/0    0/0     0/0      ?  |   |   |       |   |-- cfg-if 1.0.4
0/92       34/725       0/2    0/0     8/101    !  |   |   |       |   |-- libc 0.2.184
0/0        0/0          0/0    0/0     0/0      :) |   |   |       |   |-- miniz_oxide 0.8.9
0/0        0/26         0/1    0/1     0/0      ?  |   |   |       |   |-- object 0.37.3
0/0        0/0          0/0    0/0     0/0      ?  |   |   |       |   |-- rustc-demangle 0.1.27
0/0        0/5          0/0    0/0     0/0      ?  |   |   |       |   `-- serde 1.0.228
0/1        0/15         0/0    0/0     0/0      ?  |   |   |       |-- clap_lex 1.1.0
0/0        0/0          0/0    0/0     0/0      :) |   |   |       `-- unicode-width 0.2.2
0/0        0/5          0/0    0/0     0/0      ?  |   |   |-- serde 1.0.228
0/0        0/0          0/0    0/0     0/0      ?  |   |   |-- serde_derive 1.0.228
0/0        0/78         0/0    0/0     0/0      ?  |   |   `-- serde_json 1.0.149
6/6        667/667      5/5    0/0     3/3      !  |   `-- rayon 1.11.0
4/4        462/462      4/4    0/0     12/12    !  |-- aligned-vec 0.6.4
6/6        284/284      0/0    0/0     0/0      !  |   |-- equator 0.4.2
0/0        0/0          0/0    0/0     0/0      ?  |   |   `-- equator-macro 0.4.2
0/0        14/14        0/0    0/0     3/3      !  |   |       |-- proc-macro2 1.0.106
0/0        0/0          0/0    0/0     0/0      ?  |   |       |-- quote 1.0.45
0/0        87/87        3/3    0/0     2/2      !  |   |       `-- syn 2.0.117
0/0        0/5          0/0    0/0     0/0      ?  |   `-- serde 1.0.228
20/20      1118/1169    19/19  1/1     68/68    !  |-- bitvec 1.0.1
0/0        0/0          0/0    0/0     0/0      ?  |   |-- funty 2.0.0
0/0        0/0          0/0    0/0     0/0      ?  |   |-- radium 0.7.0
0/0        0/5          0/0    0/0     0/0      ?  |   |-- serde 1.0.228
0/0        0/0          0/0    0/0     0/0      ?  |   |-- tap 1.0.1
0/0        14/22        0/2    0/0     7/7      !  |   `-- wyz 0.5.1
0/0        0/128        0/9    0/0     0/5      ?  |       |-- once_cell 1.21.4
0/0        0/0          0/0    0/0     0/0      ?  |       `-- tap 1.0.1
18/18      356/434      139/142 9/9     0/1      !  |-- bytemuck 1.25.0
0/0        55/55        0/0    0/0     0/0      !  |-- core_affinity 0.8.3
4/4        75/75        16/16  0/0     3/3      !  |-- crossbeam-utils 0.8.21
4/4        505/505      15/15  1/1     28/28    !  |-- dyn-stack 0.13.2
18/18      356/434      139/142 9/9     0/1      !  |   |-- bytemuck 1.25.0
0/0        0/0          0/0    0/0     0/0      ?  |   `-- dyn-stack-macros 0.1.3
0/0        0/0          0/0    0/0     0/0      :) |-- gauss-quad 0.3.1
5/5        69/69        0/0    0/0     0/0      !  |   |-- libm 0.2.16
6/6        2241/2549    49/50  7/7     67/76    !  |   |-- nalgebra 0.34.2
6/6        667/667      5/5    0/0     3/3      !  |   |-- rayon 1.11.0
0/0        0/5          0/0    0/0     0/0      ?  |   |-- serde 1.0.228
12/12      475/475      74/74  29/29   37/37    !  |   `-- zerocopy 0.8.48
8/21       451/3330     127/127 1/1     60/120   !  |-- pulp 0.22.2
18/18      356/434      139/142 9/9     0/1      !  |   |-- bytemuck 1.25.0
0/0        0/0          0/0    0/0     0/0      ?  |   |-- cfg-if 1.0.4
5/5        69/69        0/0    0/0     0/0      !  |   |-- libm 0.2.16
0/0        0/0          2/2    0/0     0/0      !  |   |-- num-complex 0.4.6
0/0        0/0          0/0    0/0     0/0      ?  |   |-- paste 1.0.15
0/0        0/0          0/0    0/0     0/0      ?  |   |-- pulp-wasm-simd-flag 0.1.0
0/1        13/15        0/0    0/0     0/0      !  |   |-- raw-cpuid 11.6.0
0/0        0/0          0/0    0/0     0/0      ?  |   `-- reborrow 0.5.5
1/1        37/37        0/0    0/0     0/0      !  |-- rand 0.10.1
0/0        0/0          0/0    0/0     0/0      :) |-- rand_chacha 0.10.0
2/2        632/680      0/0    0/0     17/25    !  |   |-- ppv-lite86 0.2.21
0/0        0/0          0/0    0/0     0/0      ?  |   |-- rand_core 0.10.0
0/0        0/5          0/0    0/0     0/0      ?  |   `-- serde 1.0.228
0/0        0/0          0/0    0/0     0/0      :) |-- rand_distr 0.6.0
0/0        0/0          0/0    0/0     0/0      ?  |   |-- num-traits 0.2.19
1/1        37/37        0/0    0/0     0/0      !  |   |-- rand 0.10.1
0/0        0/5          0/0    0/0     0/0      ?  |   `-- serde 1.0.228
6/6        667/667      5/5    0/0     3/3      !  |-- rayon 1.11.0
8/16       176/975      0/0    0/0     0/0      !  |-- sha2 0.11.0
0/0        0/0          0/0    0/0     0/0      ?  |   |-- cfg-if 1.0.4
0/1        0/12         0/0    0/0     0/0      ?  |   |-- cpufeatures 0.3.0
0/0        0/0          0/0    0/0     0/0      :) |   `-- digest 0.11.2
0/0        64/64        0/0    0/0     3/3      !  |       |-- block-buffer 0.12.0
0/0        129/129      4/4    1/1     2/2      !  |       |   |-- hybrid-array 0.4.10
18/18      356/434      139/142 9/9     0/1      !  |       |   |   |-- bytemuck 1.25.0
0/0        0/5          0/0    0/0     0/0      ?  |       |   |   |-- serde 1.0.228
0/0        0/8          0/0    0/0     0/0      ?  |       |   |   |-- subtle 2.6.1
0/0        0/0          0/0    0/0     0/0      :) |       |   |   |-- typenum 1.19.0
12/12      475/475      74/74  29/29   37/37    !  |       |   |   |-- zerocopy 0.8.48
0/2        0/26         0/0    0/0     0/0      ?  |       |   |   `-- zeroize 1.8.2
0/2        0/26         0/0    0/0     0/0      ?  |       |   `-- zeroize 1.8.2
0/0        5/5          0/0    0/0     0/0      !  |       |-- const-oid 0.10.2
0/0        0/0          0/0    0/0     0/0      :) |       |-- crypto-common 0.2.1
3/7        64/249       0/0    0/0     0/0      !  |       |   |-- getrandom 0.4.2
0/0        129/129      4/4    1/1     2/2      !  |       |   |-- hybrid-array 0.4.10
0/0        0/0          0/0    0/0     0/0      ?  |       |   `-- rand_core 0.10.0
0/2        0/26         0/0    0/0     0/0      ?  |       `-- zeroize 1.8.2
0/0        224/224      0/0    0/0     0/0      !  |-- simsimd 6.5.16
1/1        554/556      7/7    1/1     14/14    !  |-- smallvec 1.15.1
0/0        0/0          0/0    0/0     0/0      ?  |-- thiserror 2.0.18
0/0        0/0          0/0    0/0     0/0      ?  |   `-- thiserror-impl 2.0.18
0/0        14/14        0/0    0/0     3/3      !  |       |-- proc-macro2 1.0.106
0/0        0/0          0/0    0/0     0/0      ?  |       |-- quote 1.0.45
0/0        87/87        3/3    0/0     2/2      !  |       `-- syn 2.0.117
0/0        27/27        56/56  0/0     0/0      !  `-- wide 1.2.0
18/18      356/434      139/142 9/9     0/1      !      |-- bytemuck 1.25.0
0/0        835/2805     27/27  0/0     0/0      !      |-- safe_arch 1.0.0
18/18      356/434      139/142 9/9     0/1      !      |   `-- bytemuck 1.25.0
0/0        0/5          0/0    0/0     0/0      ?      `-- serde_core 1.0.228

171/1069   13550/62824  635/982 50/56   431/3375

error: Found 303 warnings
