temperature,phi,l_grav,l_avt,action
0.01,0,0,-4.342893071268222,-4.342893071268222
0.01,0.001,-0.015814510224464173,-4.3197618576832975,-4.335576367907762
0.01,0.002,-0.028854429724352232,-4.296692409688721,-4.325546839413073
0.01,0.003,-0.040845848928359824,-4.273684727284492,-4.314530576212851
0.01,0.004,-0.0521556659667953,-4.250738810470607,-4.302894476437403
0.01,0.005,-0.0629581318943335,-4.227854659247072,-4.290812791141406
0.01,0.006,-0.07335587750026827,-4.205032273613883,-4.278388151114151
0.01,0.007,-0.08341671708378696,-4.182271653571041,-4.265688370654828
0.01,0.008,-0.09318884844420913,-4.159572799118545,-4.252761647562754
0.01,0.009,-0.10270830853018596,-4.136935710256397,-4.239644018786583
0.01,0.01,-0.11200306870969469,-4.114360386984595,-4.2263634556942895
0.01,0.011,-0.1210954740129854,-4.091846829303142,-4.212942303316128
0.01,0.012,-0.13000378761957532,-4.0693950372120336,-4.199398824831609
0.01,0.013,-0.13874321682858154,-4.047005010711273,-4.185748227539855
0.01,0.014,-0.14732662145864986,-4.02467674980086,-4.1720033712595095
0.01,0.015,-0.15576501882219274,-4.002410254480793,-4.1581752733029855
0.01,0.016,-0.1640679534537664,-3.980205524751073,-4.144273478204839
0.01,0.017,-0.17224377405703334,-3.9580625606117006,-4.130306334668734
0.01,0.018,-0.1802998450718412,-3.935981362062673,-4.116281207134515
0.01,0.019,-0.18824271108870705,-3.9139619291039947,-4.102204640192702
0.01,0.02,-0.196078226559464,-3.892004261735663,-4.088082488295127
0.01,0.021,-0.20381165950515107,-3.870108359957677,-4.073920019462828
0.01,0.022,-0.21144777542840554,-3.8482742237700394,-4.059721999198445
0.01,0.023,-0.21899090593993578,-3.8265018531727475,-4.045492759112683
0.01,0.024,-0.22644500542921622,-3.8047912481658033,-4.0312362535950195
0.01,0.025,-0.23381369827506213,-3.783142408749206,-4.016956107024268
0.01,0.026,-0.2411003184914987,-3.7615553349229556,-4.002655653414454
0.01,0.027,-0.24830794326607455,-3.740030026687052,-3.9883379699531267
0.01,0.028,-0.2554394215233692,-3.718566484041495,-3.974005905564864
0.01,0.029,-0.26249739840330566,-3.6971647069862854,-3.959662105389591
0.01,0.03,-0.2694843363595335,-3.675824695521422,-3.9453090318809556
0.01,0.031,-0.27640253344189014,-3.6545464496469067,-3.930948983088797
0.01,0.032,-0.28325413921763853,-3.6333299693627374,-3.916584108580376
0.01,0.033,-0.2900411687008152,-3.6121752546689154,-3.9022164233697305
0.01,0.034,-0.29676551459179046,-3.5910823055654397,-3.88784782015723
0.01,0.035,-0.3034289580757724,-3.570051122052312,-3.8734800801280844
0.01,0.036,-0.3100331783863023,-3.549081704129531,-3.8591148825158332
0.01,0.037,-0.3165797613054117,-3.528174051797097,-3.8447538131025087
0.01,0.038,-0.3230702067442496,-3.50732816505501,-3.8303983717992596
0.01,0.039,-0.3295059355252596,-3.486544043903269,-3.8160499794285285
0.01,0.04,-0.335888295468346,-3.4658216883418755,-3.8017099838102215
0.01,0.041,-0.3422185668680865,-3.4451610983708285,-3.787379665238915
0.01,0.042,-0.34849796743630246,-3.424562273990129,-3.773060241426432
0.01,0.043,-0.35472765677367335,-3.404025215199776,-3.7587528719734493
0.01,0.044,-0.36090874042518795,-3.38354992199977,-3.744458662424958
0.01,0.045,-0.3670422735667506,-3.363136394390111,-3.730178667956862
0.01,0.046,-0.3731292643639468,-3.342784632370799,-3.7159138967347456
0.01,0.047,-0.37917067703861945,-3.3224946359418337,-3.7016653129804533
0.01,0.048,-0.3851674346743571,-3.302266405103216,-3.6874338397775728
0.01,0.049,-0.3911204217881004,-3.282099939854944,-3.6732203616430446
0.01,0.05,-0.3970304866917452,-3.2619952401970203,-3.6590257268887654
0.01,0.051,-0.40289844366474986,-3.2419523061294426,-3.6448507497941924
0.01,0.052,-0.4087250749562844,-3.221971137652212,-3.6306962126084965
0.01,0.053,-0.41451113263331707,-3.2020517347653286,-3.6165628673986454
0.01,0.054,-0.4202573402891789,-3.182194097468792,-3.602451437757971
0.01,0.055,-0.4259643946255286,-3.162398225762602,-3.5883626203881307
0.01,0.056,-0.43163296691923214,-3.1426641196467595,-3.5742970865659918
0.01,0.057,-0.4372637043844347,-3.1229917791212634,-3.560255483505698
0.01,0.058,-0.44285723143902156,-3.103381204186115,-3.5462384356251366
0.01,0.059,-0.4484141508837146,-3.083832394841312,-3.5322465457250267
0.01,0.06,-0.45393504500120896,-3.0643453510868577,-3.5182803960880666
0.01,0.061,-0.4594204765820123,-3.044920072922749,-3.5043405495047613
0.01,0.062,-0.46487098988300535,-3.0255565603489876,-3.490427550231993
0.01,0.063,-0.47028711152413766,-3.0062548133655733,-3.476541924889711
0.01,0.064,-0.47566935132818394,-2.987014831972506,-3.4626841833006896
0.01,0.065,-0.4810182031079965,-2.967836616169786,-3.4488548192777824
0.01,0.066,-0.48633414540530806,-2.948720165957412,-3.43505431136272
0.01,0.067,-0.491617642184741,-2.9296654813353857,-3.421283123520127
0.01,0.068,-0.4968691434863818,-2.9106725623037057,-3.4075417057900874
0.01,0.069,-0.5020890860399534,-2.891741408862373,-3.3938304949023266
0.01,0.07,-0.507277893843383,-2.872872021011387,-3.38014991485477
0.01,0.071,-0.5124359787082953,-2.854064398750748,-3.3665003774590434
0.01,0.072,-0.5175637407747737,-2.8353185420804565,-3.35288228285523
0.01,0.073,-0.5226615689975134,-2.816634451000511,-3.339296019998024
0.01,0.074,-0.5277298416053327,-2.7980121255109127,-3.3257419671162456
0.01,0.075,-0.5327689265358408,-2.779451565611662,-3.3122204921475027
0.01,0.076,-0.5377791818469194,-2.7609527713027573,-3.2987319531496766
0.01,0.077,-0.5427609561065416,-2.7425157425842,-3.2852766986907413
0.01,0.078,-0.5477145887623387,-2.72414047945599,-3.2718550682183283
0.01,0.079,-0.5526404104922094,-2.705826981918126,-3.2584673924103353
0.01,0.08,-0.5575387435371748,-2.6875752499706094,-3.2451139935077844
0.01,0.081,-0.5624099020175861,-2.6693852836134395,-3.2317951856310256
0.01,0.082,-0.567254192233716,-2.6512570828466173,-3.218511275080333
0.01,0.083,-0.5720719129516822,-2.6331906476701414,-3.205262560621824
0.01,0.084,-0.5768633556755907,-2.6151859780840123,-3.192049333759603
0.01,0.085,-0.5816288049067163,-2.5972430740882304,-3.1788718789949466
0.01,0.086,-0.5863685383904844,-2.5793619356827966,-3.165730474073281
0.01,0.087,-0.591082827351964,-2.561542562867708,-3.152625390219672
0.01,0.088,-0.5957719367205293,-2.5437849556429675,-3.1395568923634967
0.01,0.089,-0.6004361253443091,-2.5260891140085726,-3.1265252393528815
0.01,0.09,-0.6050756461949961,-2.5084550379645254,-3.1135306841595214
0.01,0.091,-0.6096907465635508,-2.490882727510825,-3.100573474074376
0.01,0.092,-0.614281668247302,-2.4733721826474713,-3.0876538508947733
0.01,0.093,-0.6188486477289106,-2.455923403374465,-3.074772051103375
0.01,0.094,-0.6233919163476347,-2.438536389691805,-3.06192830603944
0.01,0.095,-0.627911700463305,-2.4212111415994926,-3.049122842062798
0.01,0.096,-0.6324082216133944,-2.4039476590975273,-3.0363558807109214
0.01,0.097,-0.6368816966635421,-2.3867459421859083,-3.0236276388494505
0.01,0.098,-0.6413323379518688,-2.369605990864636,-3.010938328816505
0.01,0.099,-0.6457603534274003,-2.352527805133711,-2.9982881585611114
0.01,0.1,-0.6501659467828964,-2.335511384993133,-2.9856773317760292
0.01,0.101,-0.6545493175823665,-2.3185567304429022,-2.9731060480252687
0.01,0.102,-0.6589106613835323,-2.3016638414830175,-2.9605745028665496
0.01,0.103,-0.6632501698554889,-2.28483271811348,-2.948082887968969
0.01,0.104,-0.6675680308917931,-2.2680633603342897,-2.9356313912260825
0.01,0.105,-0.671864428719203,-2.2513557681454466,-2.9232201968646496
0.01,0.106,-0.6761395440022725,-2.23470994154695,-2.9108494855492224
0.01,0.107,-0.6803935539439989,-2.2181258805388,-2.8985194344827994
0.01,0.108,-0.6846266323827059,-2.2016035851209974,-2.8862302175037033
0.01,0.109,-0.6888389498853386,-2.1851430552935422,-2.8739820051788807
0.01,0.11,-0.6930306738373323,-2.168744291056433,-2.8617749648937654
0.01,0.111,-0.6972019685292136,-2.1524072924096713,-2.849609260938885
0.01,0.112,-0.7013529952400789,-2.136132059353256,-2.8374850545933348
0.01,0.113,-0.705483912318091,-2.119918591887188,-2.825402504205279
0.01,0.114,-0.7095948752581257,-2.103766890011467,-2.8133617652695926
0.01,0.115,-0.7136860367766914,-2.087676953726093,-2.8013629905027844
0.01,0.116,-0.7177575468842439,-2.0716487830310655,-2.7894063299153093
0.01,0.117,-0.7218095529550059,-2.0556823779263853,-2.777491930881391
0.01,0.118,-0.7258421997943973,-2.0397777384120515,-2.7656199382064486
0.01,0.119,-0.7298556297041818,-2.023934864488065,-2.7537904941922466
0.01,0.12,-0.7338499825454192,-2.008153756154426,-2.742003738699845
0.01,0.121,-0.7378253957993215,-1.9924344134111331,-2.7302598092104544
0.01,0.122,-0.7417820046260946,-1.9767768362581875,-2.718558840884282
0.01,0.123,-0.7457199419218503,-1.9611810246955885,-2.7069009666174386
0.01,0.124,-0.7496393383736673,-1.9456469787233368,-2.695286317097004
0.01,0.125,-0.7535403225128735,-1.9301746983414318,-2.6837150208543052
0.01,0.126,-0.7574230207666257,-1.9147641835498739,-2.6721872043165
0.01,0.127,-0.7612875575078464,-1.8994154343486627,-2.660702991856509
0.01,0.128,-0.7651340551035917,-1.8841284507377987,-2.6492625058413903
0.01,0.129,-0.7689626339619029,-1.8689032327172814,-2.637865866679184
0.01,0.13,-0.7727734125772074,-1.853739780287111,-2.6265131928643184
0.01,0.131,-0.7765665075743211,-1.8386380934472877,-2.615204601021609
0.01,0.132,-0.7803420337511043,-1.8235981721978112,-2.6039402059489154
0.01,0.133,-0.784100104119828,-1.8086200165386817,-2.5927201206585098
0.01,0.134,-0.7878408299472922,-1.7937036264698991,-2.581544456417191
0.01,0.135,-0.791564320793747,-1.7788490019914633,-2.5704133227852104
0.01,0.136,-0.7952706845506599,-1.7640561431033748,-2.5593268276540346
0.01,0.137,-0.7989600274773714,-1.7493250498056327,-2.548285077283004
0.01,0.138,-0.8026324542366787,-1.734655722098238,-2.5372881763349167
0.01,0.139,-0.8062880679293893,-1.72004815998119,-2.5263362279105794
0.01,0.14,-0.8099269701278771,-1.705502363454489,-2.5154293335823663
0.01,0.141,-0.8135492609086798,-1.6910183325181352,-2.504567593426815
0.01,0.142,-0.8171550388841728,-1.676596067172128,-2.493751106056301
0.01,0.143,-0.820744401233346,-1.6622355674164677,-2.482979968649814
0.01,0.144,-0.8243174437317236,-1.6479368332511544,-2.472254276982878
0.01,0.145,-0.8278742607804475,-1.633699864676188,-2.4615741254566355
0.01,0.146,-0.8314149454345625,-1.6195246616915684,-2.4509396071261307
0.01,0.147,-0.834939589430521,-1.605411224297296,-2.440350813727817
0.01,0.148,-0.8384482832129421,-1.5913595524933704,-2.4298078357063124
0.01,0.149,-0.8419411159606445,-1.5773696462797915,-2.419310762240436
0.01,0.15,-0.8454181756119817,-1.5634415056565598,-2.4088596812685417
0.01,0.151,-0.8488795488894992,-1.5495751306236751,-2.3984546795131743
0.01,0.152,-0.8523253213239386,-1.535770521181137,-2.3880958425050753
0.01,0.153,-0.8557555772776086,-1.522027677328946,-2.3777832546065545
0.01,0.154,-0.8591703999671466,-1.5083465990671021,-2.367516999034249
0.01,0.155,-0.862569871485684,-1.4947272863956047,-2.3572971578812885
0.01,0.156,-0.865954072824443,-1.4811697393144545,-2.3471238121388973
0.01,0.157,-0.8693230838937771,-1.4676739578236513,-2.3369970417174284
0.01,0.158,-0.8726769835436744,-1.4542399419231948,-2.326916925466869
0.01,0.159,-0.8760158495837419,-1.4408676916130854,-2.316883541196827
0.01,0.16,-0.879339758802686,-1.4275572068933229,-2.306896965696009
0.01,0.161,-0.8826487869873051,-1.4143084877639072,-2.2969572747512124
0.01,0.162,-0.8859430089410105,-1.4011215342248389,-2.287064543165849
0.01,0.163,-0.889222498501888,-1.387996346276117,-2.277218844778005
0.01,0.164,-0.8924873285603159,-1.3749329239177421,-2.267420252478058
0.01,0.165,-0.8957375710761539,-1.3619312671497141,-2.257668838225868
0.01,0.166,-0.8989732970955122,-1.3489913759720333,-2.2479646730675453
0.01,0.167,-0.902194576767118,-1.3361132503846993,-2.238307827151817
0.01,0.168,-0.9054014793582881,-1.3232968903877123,-2.2286983697460006
0.01,0.169,-0.9085940732705206,-1.3105422959810717,-2.219136369251592
0.01,0.17,-0.9117724260547168,-1.2978494671647784,-2.209621893219495
0.01,0.171,-0.9149366044260454,-1.2852184039388321,-2.2001550083648773
0.01,0.172,-0.918086674278456,-1.272649106303233,-2.190735780581689
0.01,0.173,-0.9212227006988571,-1.260141574257981,-2.181364274956838
0.01,0.174,-0.9243447479809621,-1.2476958078030753,-2.1720405557840374
0.01,0.175,-0.9274528796388206,-1.2353118069385165,-2.1627646865773373
0.01,0.176,-0.9305471584200352,-1.2229895716643047,-2.15353673008434
0.01,0.177,-0.9336276463186818,-1.21072910198044,-2.144356748299122
0.01,0.178,-0.9366944045879319,-1.1985303978869222,-2.135224802474854
0.01,0.179,-0.9397474937523967,-1.1863934593837513,-2.126140953136148
0.01,0.18,-0.9427869736201882,-1.1743182864709272,-2.1171052600911153
0.01,0.181,-0.9458129032947176,-1.16230487914845,-2.1081177824431676
0.01,0.182,-0.9488253411862263,-1.1503532374163201,-2.0991785786025465
0.01,0.183,-0.9518243450230693,-1.1384633612745367,-2.090287706297606
0.01,0.184,-0.9548099718627447,-1.1266352507231003,-2.0814452225858453
0.01,0.185,-0.9577822781026877,-1.114868905762011,-2.0726511838646986
0.01,0.186,-0.9607413194908274,-1.1031643263912687,-2.0639056458820964
0.01,0.187,-0.9636871511359187,-1.091521512610873,-2.0552086637467917
0.01,0.188,-0.9666198275176481,-1.0799404644208244,-2.0465602919384724
0.01,0.189,-0.9695394024965296,-1.068421181821123,-2.0379605843176525
0.01,0.19,-0.9724459293235844,-1.056963664811768,-2.0294095941353523
0.01,0.191,-0.975339460649822,-1.0455679133927602,-2.020907374042582
0.01,0.192,-0.9782200485355158,-1.0342339275640993,-2.012453976099615
0.01,0.193,-0.981087744459291,-1.0229617073257855,-2.0040494517850767
0.01,0.194,-0.9839425993270179,-1.0117512526778183,-1.9956938520048362
0.01,0.195,-0.986784663480526,-1.0006025636201983,-1.9873872271007242
0.01,0.196,-0.9896139867061333,-0.9895156401529251,-1.9791296268590584
0.01,0.197,-0.9924306182430076,-0.9784904822759987,-1.9709211005190062
0.01,0.198,-0.9952346067913489,-0.9675270899894193,-1.9627616967807682
0.01,0.199,-0.9980260005204148,-0.9566254632931869,-1.9546514638136017
0.01,0.2,-1.0008048470763757,-0.9457856021873015,-1.9465904492636772
0.01,0.201,-1.003571193590019,-0.935007506671763,-1.938578700261782
0.01,0.202,-1.0063250866842925,-0.9242911767465714,-1.930616263430864
0.01,0.203,-1.0090665724817058,-0.9136366124117267,-1.9227031848934324
0.01,0.204,-1.011795696611576,-0.9030438136672291,-1.9148395102788052
0.01,0.205,-1.014512504217139,-0.8925127805130781,-1.9070252847302172
0.01,0.206,-1.0172170399625151,-0.8820435129492743,-1.8992605529117894
0.01,0.207,-1.0199093480395425,-0.8716360109758172,-1.8915453590153597
0.01,0.208,-1.022589472174475,-0.8612902745927071,-1.8838797467671822
0.01,0.209,-1.0252574556345546,-0.851006303799944,-1.8762637594344986
0.01,0.21,-1.0279133412344512,-0.8407840985975278,-1.868697439831979
0.01,0.211,-1.0305571713425845,-0.8306236589854584,-1.8611808303280428
0.01,0.212,-1.0331889878873233,-0.820524984963736,-1.8537139728510592
0.01,0.213,-1.0358088323630663,-0.8104880765323607,-1.846296908895427
0.01,0.214,-1.0384167458362088,-0.8005129336913321,-1.838929679527541
0.01,0.215,-1.0410127689509978,-0.7905995564406505,-1.8316123253916483
0.01,0.216,-1.0435969419352753,-0.7807479447803158,-1.8243448867155911
0.01,0.217,-1.046169304606117,-0.770958098710328,-1.8171274033164448
0.01,0.218,-1.0487298963753646,-0.7612300182306873,-1.8099599146060519
0.01,0.219,-1.0512787562550572,-0.7515637033413933,-1.8028424595964505
0.01,0.22,-1.0538159228627606,-0.7419591540424465,-1.795775076905207
0.01,0.221,-1.0563414344268014,-0.7324163703338464,-1.7887578047606478
0.01,0.222,-1.0588553287914046,-0.7229353522155932,-1.781790681006998
0.01,0.223,-1.0613576434217369,-0.713516099687687,-1.774873743109424
0.01,0.224,-1.0638484154088608,-0.7041586127501277,-1.7680070281589884
0.01,0.225,-1.0663276814745972,-0.6948628914029155,-1.7611905728775126
0.01,0.226,-1.0687954779763034,-0.68562893564605,-1.7544244136223535
0.01,0.227,-1.0712518409115628,-0.6764567454795315,-1.7477085863910942
0.01,0.228,-1.0736968059227947,-0.6673463209033599,-1.7410431268261546
0.01,0.229,-1.0761304083017782,-0.6582976619175354,-1.7344280702193136
0.01,0.23,-1.0785526829941008,-0.6493107685220576,-1.7278634515161584
0.01,0.231,-1.080963664603525,-0.6403856407169267,-1.7213493053204516
0.01,0.232,-1.0833633873962818,-0.6315222785021429,-1.7148856658984246
0.01,0.233,-1.0857518853052865,-0.622720681877706,-1.7084725671829926
0.01,0.234,-1.088129191934284,-0.613980850843616,-1.7021100427779
0.01,0.235,-1.0904953405619193,-0.6053027853998731,-1.6957981259617925
0.01,0.236,-1.0928503641457428,-0.5966864855464771,-1.6895368496922198
0.01,0.237,-1.0951942953261404,-0.5881319512834278,-1.6833262466095682
0.01,0.238,-1.0975271664302033,-0.5796391826107256,-1.6771663490409288
0.01,0.239,-1.0998490094755262,-0.57120817952837,-1.6710571890038963
0.01,0.24,-1.1021598561739456,-0.5628389420363616,-1.6649987982103074
0.01,0.241,-1.1044597379352121,-0.5545314701347,-1.6589912080699123
0.01,0.242,-1.1067486858706024,-0.5462857638233856,-1.653034449693988
0.01,0.243,-1.10902673079647,-0.5381018231024178,-1.647128553898888
0.01,0.244,-1.1112939032377378,-0.529979647971797,-1.6412735512095349
0.01,0.245,-1.1135502334313307,-0.5219192384315232,-1.635469471862854
0.01,0.246,-1.115795751329554,-0.5139205944815963,-1.6297163458111503
0.01,0.247,-1.1180304866034136,-0.5059837161220162,-1.6240142027254298
0.01,0.248,-1.120254468645884,-0.4981086033527833,-1.6183630719986672
0.01,0.249,-1.1224677265751195,-0.49029525617389713,-1.6127629827490166
0.01,0.25,-1.1246702892376166,-0.48254367458535796,-1.6072139638229745
0.01,0.251,-1.1268621852113239,-0.47485385858716567,-1.6017160437984894
0.01,0.252,-1.1290434428086988,-0.46722580817932036,-1.5962692509880192
0.01,0.253,-1.1312140900797198,-0.4596595233618219,-1.5908736134415418
0.01,0.254,-1.1333741548148464,-0.4521550041346704,-1.5855291589495168
0.01,0.255,-1.1355236645479332,-0.44471225049786584,-1.580235915045799
0.01,0.256,-1.1376626465590973,-0.4373312624514082,-1.5749939090105056
0.01,0.257,-1.139791127877541,-0.4300120399952975,-1.5698031678728386
0.01,0.258,-1.141909135284327,-0.42275458312953373,-1.5646637184138608
0.01,0.259,-1.1440166953151127,-0.4155588918541168,-1.5595755871692296
0.01,0.26,-1.1461138342628407,-0.4084249661690469,-1.5545388004318876
0.01,0.261,-1.148200578180386,-0.4013528060743239,-1.5495533842547098
0.01,0.262,-1.150276952883162,-0.3943424115699478,-1.5446193644531099
0.01,0.263,-1.1523429839516879,-0.3873937826559187,-1.5397367666076065
0.01,0.264,-1.1543986967341133,-0.3805069193322364,-1.5349056160663497
0.01,0.265,-1.1564441163487065,-0.3736818215989011,-1.5301259379476075
0.01,0.266,-1.1584792676863014,-0.36691848945591277,-1.5253977571422142
0.01,0.267,-1.1605041754127097,-0.3602169229032713,-1.520721098315981
0.01,0.268,-1.1625188639710948,-0.3535771219409768,-1.5160959859120715
0.01,0.269,-1.1645233575843086,-0.3469990865690291,-1.5115224441533377
0.01,0.27,-1.166517680257194,-0.3404828167874285,-1.5070004970446225
0.01,0.271,-1.1685018557788527,-0.3340283125961747,-1.5025301683750274
0.01,0.272,-1.1704759077248768,-0.3276355739952679,-1.4981114817201446
0.01,0.273,-1.1724398594595489,-0.321304600984708,-1.493744460444257
0.01,0.274,-1.1743937341380077,-0.315035393564495,-1.4894291277025027
0.01,0.275,-1.1763375547083814,-0.30882795173462896,-1.4851655064430105
0.01,0.276,-1.17827134391389,-0.30268227549510984,-1.480953619409
0.01,0.277,-1.180195124294915,-0.2965983648459376,-1.4767934891408525
0.01,0.278,-1.182108918191039,-0.2905762197871124,-1.4726851379781514
0.01,0.279,-1.1840127477430555,-0.284615840318634,-1.4686285880616896
0.01,0.28,-1.185906634894949,-0.2787172264405026,-1.4646238613354516
0.01,0.281,-1.187790601395844,-0.2728803781527181,-1.460670979548562
0.01,0.282,-1.1896646688019281,-0.26710529545528083,-1.456769964257209
0.01,0.283,-1.1915288584783459,-0.2613919783481902,-1.452920836826536
0.01,0.284,-1.1933831916010644,-0.25574042683144654,-1.449123618432511
0.01,0.285,-1.1952276891587124,-0.2501506409050497,-1.445378330063762
0.01,0.286,-1.197062371954392,-0.24462262056899983,-1.4416849925233919
0.01,0.287,-1.1988872606074654,-0.23915636582329688,-1.4380436264307623
0.01,0.288,-1.2007023755553157,-0.2337518766679409,-1.4344542522232566
0.01,0.289,-1.2025077370550796,-0.2284091531029318,-1.4309168901580114
0.01,0.29,-1.20430336518536,-0.22312819512826962,-1.4274315603136296
0.01,0.291,-1.2060892798479086,-0.2179090027439544,-1.423998282591863
0.01,0.292,-1.2078655007692904,-0.2127515759499861,-1.4206170767192765
0.01,0.293,-1.2096320475025186,-0.2076559147463647,-1.4172879622488832
0.01,0.294,-1.2113889394286717,-0.20262201913309025,-1.414010958561762
0.01,0.295,-1.2131361957584814,-0.1976498891101627,-1.4107860848686442
0.01,0.296,-1.2148738355339068,-0.1927395246775821,-1.4076133602114889
0.01,0.297,-1.2166018776296754,-0.1878909258353484,-1.4044928034650237
0.01,0.298,-1.2183203407548142,-0.18310409258346164,-1.401424433338276
0.01,0.299,-1.2200292434541482,-0.1783790249219218,-1.3984082683760701
0.01,0.3,-1.221728604109787,-0.17371572285072892,-1.395444326960516
0.01,0.301,-1.2234184409425841,-0.16911418636988293,-1.392532627312467
0.01,0.302,-1.2250987720135809,-0.1645744154793839,-1.3896731874929649
0.01,0.303,-1.2267696152254262,-0.16009641017923176,-1.3868660254046579
0.01,0.304,-1.2284309883237792,-0.15568017046942656,-1.3841111587932058
0.01,0.305,-1.2300829088986918,-0.15132569634996829,-1.38140860524866
0.01,0.306,-1.2317253943859725,-0.14703298782085694,-1.3787583822068294
0.01,0.307,-1.2333584620685292,-0.1428020448820925,-1.3761605069506218
0.01,0.308,-1.2349821290776974,-0.138632867533675,-1.3736149966113724
0.01,0.309,-1.2365964123945474,-0.13452545577560446,-1.3711218681701518
0.01,0.31,-1.2382013288511742,-0.1304798096078808,-1.368681138459055
0.01,0.311,-1.239796895131969,-0.12649592903050405,-1.366292824162473
0.01,0.312,-1.2413831277748764,-0.12257381404347428,-1.3639569418183506
0.01,0.313,-1.24296004317263,-0.11871346464679142,-1.3616735078194213
0.01,0.314,-1.2445276575739763,-0.11491488084045548,-1.3594425384144317
0.01,0.315,-1.2460859870848764,-0.11117806262446646,-1.357264049709343
0.01,0.316,-1.247635047669697,-0.10750300999882438,-1.3551380576685212
0.01,0.317,-1.249174855152379,-0.1038897229635292,-1.353064578115908
0.01,0.318,-1.2507054252175993,-0.10033820151858097,-1.3510436267361803
0.01,0.319,-1.2522267734119072,-0.09684844566397967,-1.349075219075887
0.01,0.32,-1.2537389151448528,-0.09342045539972528,-1.3471593705445781
0.01,0.321,-1.2552418656900945,-0.09005423072581782,-1.3452960964159124
0.01,0.322,-1.2567356401864989,-0.08674977164225728,-1.3434854118287562
0.01,0.323,-1.2582202536392175,-0.08350707814904368,-1.3417273317882612
0.01,0.324,-1.259695720920757,-0.080326150246177,-1.340021871166934
0.01,0.325,-1.2611620567720294,-0.07720698793365724,-1.3383690447056866
0.01,0.326,-1.2626192758033907,-0.0741495912114844,-1.3367688670148752
0.01,0.327,-1.2640673924956667,-0.0711539600796585,-1.3352213525753251
0.01,0.328,-1.2655064212011629,-0.06822009453817952,-1.3337265157393423
0.01,0.329,-1.2669363761446624,-0.06534799458704747,-1.3322843707317098
0.01,0.33,-1.2683572714244113,-0.06253766022626235,-1.3308949316506737
0.01,0.331,-1.2697691210130888,-0.059789091455824145,-1.329558212468913
0.01,0.332,-1.271171938758767,-0.057102288275732875,-1.3282742270344998
0.01,0.333,-1.2725657383858564,-0.05447725068598852,-1.327042989071845
0.01,0.334,-1.27395053349604,-0.051913978686591096,-1.3258645121826311
0.01,0.335,-1.2753263375691937,-0.0494124722775406,-1.3247388098467343
0.01,0.336,-1.2766931639642967,-0.04697273145883703,-1.3236658954231337
0.01,0.337,-1.2780510259203286,-0.04459475623048039,-1.322645782150809
0.01,0.338,-1.2793999365571547,-0.04227854659247067,-1.3216784831496253
0.01,0.339,-1.2807399088763995,-0.04002410254480788,-1.3207640114212074
0.01,0.34,-1.2820709557623113,-0.03783142408749201,-1.3199023798498033
0.01,0.341,-1.283393089982611,-0.03570051122052307,-1.319093601203134
0.01,0.342,-1.2847063241893348,-0.03363136394390105,-1.3183376881332358
0.01,0.343,-1.2860106709196613,-0.031623982257625964,-1.3176346531772871
0.01,0.344,-1.2873061425967312,-0.02967836616169791,-1.316984508758429
0.01,0.345,-1.2885927515304556,-0.02779451565611667,-1.3163872671865722
0.01,0.346,-1.289870509918313,-0.02597243074088235,-1.3158429406591954
0.01,0.347,-1.291139429846135,-0.024212111415994966,-1.31535154126213
0.01,0.348,-1.2923995232888845,-0.022513557681454504,-1.314913080970339
0.01,0.349,-1.2936508021114228,-0.020876769537260965,-1.3145275716486837
0.01,0.35,-1.294893278069265,-0.01930174698341435,-1.3141950250526793
0.01,0.351,-1.2961269628093275,-0.017788490019914664,-1.313915452829242
0.01,0.352,-1.2973518678706657,-0.016336998646761906,-1.3136888665174276
0.01,0.353,-1.298568004685201,-0.014947272863956074,-1.3135152775491572
0.01,0.354,-1.29977538457844,-0.013619312671497168,-1.3133946972499373
0.01,0.355,-1.3009740187701824,-0.012353118069385185,-1.3133271368395676
0.01,0.356,-1.302163918375221,-0.011148689057620129,-1.3133126074328412
0.01,0.357,-1.3033450944040332,-0.010006025636201999,-1.3133511200402352
0.01,0.358,-1.3045175577634625,-0.008925127805130797,-1.3134426855685932
0.01,0.359,-1.305681319257391,-0.00790599556440652,-1.3135873148217976
0.01,0.36,-1.3068363895874036,-0.0069486289140291676,-1.3137850185014328
0.01,0.361,-1.3079827793534444,-0.006053027853998741,-1.3140358072074432
0.01,0.362,-1.309120499054464,-0.005219192384315241,-1.3143396914387793
0.01,0.363,-1.3102495590890564,-0.004447122504978666,-1.314696681594035
0.01,0.364,-1.3113699697560914,-0.0037368182159890186,-1.3151067879720804
0.01,0.365,-1.3124817412553371,-0.003088279517346296,-1.3155700207726835
0.01,0.366,-1.3135848836880715,-0.0025015064090504998,-1.316086390097122
0.01,0.367,-1.3146794070576924,-0.00197649889110163,-1.3166559059487941
0.01,0.368,-1.315765321270313,-0.0015132569634996854,-1.3172785782338128
0.01,0.369,-1.316842636135354,-0.0011117806262446665,-1.3179544167615986
0.01,0.37,-1.3179113613661255,-0.000772069879336574,-1.318683431245462
0.01,0.371,-1.318971506580403,-0.0004941247227754075,-1.3194656313031785
0.01,0.372,-1.3200230813009957,-0.00027794515656116663,-1.3203010264575568
0.01,0.373,-1.3210660949563051,-0.00012353118069385188,-1.3211896261369989
0.01,0.374,-1.3221005568808808,-0.00003088279517346297,-1.3221314396760542
0.01,0.375,-1.3231264763159643,-0,-1.3231264763159643
0.01,0.376,-1.3241438624100277,-0.00003088279517346297,-1.324174745205201
0.01,0.377,-1.3251527242193073,-0.00012353118069385188,-1.325276255400001
0.01,0.378,-1.3261530707083267,-0.00027794515656116663,-1.3264310158648878
0.01,0.379,-1.3271449107504143,-0.0004941247227754075,-1.3276390354731897
0.01,0.38,-1.3281282531282161,-0.000772069879336574,-1.3289003230075527
0.01,0.381,-1.3291031065341978,-0.0011117806262446665,-1.3302148871604424
0.01,0.382,-1.330069479571145,-0.0015132569634996854,-1.3315827365346447
0.01,0.383,-1.3310273807526507,-0.00197649889110163,-1.3330038796437522
0.01,0.384,-1.3319768185036036,-0.0025015064090504998,-1.3344783249126542
0.01,0.385,-1.3329178011606633,-0.003088279517346296,-1.3360060806780096
0.01,0.386,-1.3338503369727337,-0.0037368182159890186,-1.3375871551887226
0.01,0.387,-1.3347744341014278,-0.004447122504978666,-1.3392215566064065
0.01,0.388,-1.3356901006215267,-0.005219192384315241,-1.340909293005842
0.01,0.389,-1.3365973445214334,-0.006053027853998741,-1.3426503723754322
0.01,0.39,-1.3374961737036188,-0.0069486289140291676,-1.344444802617648
0.01,0.391,-1.3383865959850634,-0.00790599556440652,-1.34629259154947
0.01,0.392,-1.3392686190976923,-0.008925127805130797,-1.3481937469028231
0.01,0.393,-1.3401422506888037,-0.010006025636201999,-1.3501482763250057
0.01,0.394,-1.3410074983214932,-0.011148689057620129,-1.3521561873791135
0.01,0.395,-1.3418643694750698,-0.012353118069385185,-1.354217487544455
0.01,0.396,-1.3427128715454693,-0.013619312671497168,-1.3563321842169664
0.01,0.397,-1.3435530118456593,-0.014947272863956074,-1.3585002847096155
0.01,0.398,-1.344384797606041,-0.016336998646761906,-1.3607217962528029
0.01,0.399,-1.3452082359748436,-0.017788490019914664,-1.3629967259947582
0.01,0.4,-1.346023334018513,-0.01930174698341435,-1.3653250810019273
0.01,0.401,-1.3468300987220974,-0.020876769537260965,-1.3677068682593583
0.01,0.402,-1.3476285369896255,-0.022513557681454504,-1.37014209467108
0.01,0.403,-1.3484186556444808,-0.024212111415994966,-1.3726307670604758
0.01,0.404,-1.349200461429768,-0.02597243074088235,-1.3751728921706503
0.01,0.405,-1.3499739610086778,-0.02779451565611667,-1.3777684766647944
0.01,0.406,-1.350739160964845,-0.02967836616169791,-1.3804175271265429
0.01,0.407,-1.3514960678026995,-0.031623982257625964,-1.3831200500603253
0.01,0.408,-1.3522446879478154,-0.03363136394390105,-1.3858760518917164
0.01,0.409,-1.3529850277472542,-0.03570051122052307,-1.3886855389677772
0.01,0.41,-1.3537170934699012,-0.03783142408749201,-1.3915485175573932
0.01,0.411,-1.3544408913068002,-0.04002410254480788,-1.394464993851608
0.01,0.412,-1.3551564273714791,-0.04227854659247067,-1.3974349739639498
0.01,0.413,-1.355863707700276,-0.04459475623048039,-1.4004584639307565
0.01,0.414,-1.3565627382526548,-0.04697273145883703,-1.403535469711492
0.01,0.415,-1.3572535249115227,-0.0494124722775406,-1.4066659971890634
0.01,0.416,-1.357936073483534,-0.051913978686591096,-1.4098500521701252
0.01,0.417,-1.3586103896993995,-0.05447725068598852,-1.413087640385388
0.01,0.418,-1.3592764792141843,-0.057102288275732875,-1.416378767489917
0.01,0.419,-1.3599343476076018,-0.059789091455824145,-1.419723439063426
0.01,0.42,-1.360584000384307,-0.06253766022626235,-1.4231216606105694
0.01,0.421,-1.3612254429741806,-0.06534799458704747,-1.426573437561228
0.01,0.422,-1.3618586807326118,-0.06822009453817952,-1.4300787752707913
0.01,0.423,-1.362483718940776,-0.0711539600796585,-1.4336376790204344
0.01,0.424,-1.363100562805907,-0.0741495912114844,-1.4372501540173914
0.01,0.425,-1.3637092174615668,-0.07720698793365724,-1.440916205395224
0.01,0.426,-1.3643096879679082,-0.080326150246177,-1.4446358382140851
0.01,0.427,-1.3649019793119372,-0.08350707814904368,-1.448409057460981
0.01,0.428,-1.3654860964077673,-0.08674977164225728,-1.4522358680500247
0.01,0.429,-1.3660620440968718,-0.09005423072581782,-1.4561162748226897
0.01,0.43,-1.3666298271483317,-0.09342045539972528,-1.460050282548057
0.01,0.431,-1.367189450259079,-0.09684844566397967,-1.4640378959230587
0.01,0.432,-1.367740918054135,-0.10033820151858097,-1.4680791195727159
0.01,0.433,-1.3682842350868472,-0.1038897229635292,-1.4721739580503763
0.01,0.434,-1.3688194058391197,-0.10750300999882438,-1.476322415837944
0.01,0.435,-1.3693464347216406,-0.11117806262446646,-1.4805244973461071
0.01,0.436,-1.3698653260741056,-0.11491488084045548,-1.484780206914561
0.01,0.437,-1.370376084165437,-0.11871346464679142,-1.4890895488122284
0.01,0.438,-1.3708787131939983,-0.12257381404347428,-1.4934525272374726
0.01,0.439,-1.3713732172878084,-0.12649592903050405,-1.4978691463183125
0.01,0.44,-1.3718596005047456,-0.1304798096078808,-1.5023394101126264
0.01,0.441,-1.372337866832755,-0.13452545577560446,-1.5068633226083594
0.01,0.442,-1.3728080201900459,-0.138632867533675,-1.5114408877237209
0.01,0.443,-1.3732700644252895,-0.1428020448820925,-1.5160721093073821
0.01,0.444,-1.373724003317811,-0.14703298782085694,-1.520756991138668
0.01,0.445,-1.3741698405777778,-0.15132569634996829,-1.525495536927746
0.01,0.446,-1.3746075798463866,-0.15568017046942656,-1.5302877503158132
0.01,0.447,-1.3750372246960414,-0.16009641017923176,-1.535133634875273
0.01,0.448,-1.3754587786305341,-0.1645744154793839,-1.5400331941099181
0.01,0.449,-1.375872245085218,-0.16911418636988293,-1.544986431455101
0.01,0.45,-1.3762776274271769,-0.17371572285072892,-1.5499933502779057
0.01,0.451,-1.3766749289553935,-0.1783790249219218,-1.5550539538773154
0.01,0.452,-1.3770641529009122,-0.18310409258346164,-1.560168245484374
0.01,0.453,-1.377445302426998,-0.1878909258353484,-1.5653362282623462
0.01,0.454,-1.3778183806292938,-0.1927395246775821,-1.570557905306876
0.01,0.455,-1.3781833905359733,-0.1976498891101627,-1.575833279646136
0.01,0.456,-1.3785403351078882,-0.20262201913309025,-1.5811623542409785
0.01,0.457,-1.378889217238717,-0.2076559147463647,-1.5865451319850816
0.01,0.458,-1.3792300397551043,-0.2127515759499861,-1.5919816157050903
0.01,0.459,-1.3795628054168008,-0.2179090027439544,-1.597471808160755
0.01,0.46,-1.379887516916799,-0.22312819512826962,-1.6030157120450685
0.01,0.461,-1.3802041768814652,-0.2284091531029318,-1.608613329984397
0.01,0.462,-1.3805127878706673,-0.2337518766679409,-1.6142646645386083
0.01,0.463,-1.3808133523779007,-0.23915636582329688,-1.6199697182011976
0.01,0.464,-1.3811058728304095,-0.24462262056899983,-1.6257284933994094
0.01,0.465,-1.3813903515893058,-0.2501506409050497,-1.6315409924943554
0.01,0.466,-1.381666790949684,-0.25574042683144654,-1.6374072177811305
0.01,0.467,-1.381935193140734,-0.2613919783481902,-1.6433271714889242
0.01,0.468,-1.3821955603258473,-0.26710529545528083,-1.6493008557811282
0.01,0.469,-1.3824478946027252,-0.2728803781527181,-1.6553282727554433
0.01,0.47,-1.3826921980034785,-0.2787172264405026,-1.6614094244439812
0.01,0.471,-1.3829284724947277,-0.284615840318634,-1.6675443128133618
0.01,0.472,-1.3831567199776977,-0.2905762197871124,-1.6737329397648102
0.01,0.473,-1.3833769422883095,-0.2965983648459376,-1.6799753071342471
0.01,0.474,-1.383589141197271,-0.30268227549510984,-1.6862714166923807
0.01,0.475,-1.3837933184101598,-0.30882795173462896,-1.6926212701447887
0.01,0.476,-1.38398947556751,-0.315035393564495,-1.699024869132005
0.01,0.477,-1.3841776142448872,-0.321304600984708,-1.7054822152295952
0.01,0.478,-1.3843577359529673,-0.3276355739952679,-1.7119933099482352
0.01,0.479,-1.384529842137609,-0.3340283125961747,-1.7185581547337838
0.01,0.48,-1.384693934179923,-0.3404828167874285,-1.7251767509673515
0.01,0.481,-1.3848500133963395,-0.3469990865690291,-1.7318490999653686
0.01,0.482,-1.3849980810386708,-0.3535771219409768,-1.7385752029796477
0.01,0.483,-1.385138138294173,-0.3602169229032713,-1.7453550611974442
0.01,0.484,-1.3852701862856018,-0.36691848945591277,-1.7521886757415146
0.01,0.485,-1.3853942260712673,-0.3736818215989011,-1.7590760476701683
0.01,0.486,-1.3855102586450845,-0.3805069193322364,-1.7660171779773208
0.01,0.487,-1.385618284936622,-0.3873937826559187,-1.7730120675925407
0.01,0.488,-1.3857183058111464,-0.3943424115699478,-1.7800607173810943
0.01,0.489,-1.3858103220696634,-0.4013528060743239,-1.7871631281439873
0.01,0.49,-1.3858943344489565,-0.4084249661690469,-1.7943193006180034
0.01,0.491,-1.3859703436216226,-0.4155588918541168,-1.8015292354757395
0.01,0.492,-1.3860383501961053,-0.42275458312953373,-1.808792933325639
0.01,0.493,-1.3860983547167218,-0.4300120399952975,-1.8161103947120194
0.01,0.494,-1.3861503576636915,-0.4373312624514082,-1.8234816201150998
0.01,0.495,-1.3861943594531572,-0.44471225049786584,-1.830906609951023
0.01,0.496,-1.3862303604372066,-0.4521550041346704,-1.838385364571877
0.01,0.497,-1.3862583609038874,-0.4596595233618219,-1.8459178842657094
0.01,0.498,-1.3862783610772236,-0.46722580817932036,-1.853504169256544
0.01,0.499,-1.386290361117224,-0.47485385858716567,-1.8611442197043897
0.01,0.5,-1.3862943611198906,-0.48254367458535796,-1.8688380357052485
0.01,0.501,-1.386290361117224,-0.49029525617389713,-1.876585617291121
0.01,0.502,-1.3862783610772236,-0.4981086033527833,-1.8843869644300069
0.01,0.503,-1.3862583609038874,-0.5059837161220162,-1.8922420770259036
0.01,0.504,-1.3862303604372066,-0.5139205944815963,-1.900150954918803
0.01,0.505,-1.3861943594531572,-0.5219192384315232,-1.9081135978846804
0.01,0.506,-1.3861503576636915,-0.529979647971797,-1.9161300056354884
0.01,0.507,-1.3860983547167218,-0.5381018231024178,-1.9242001778191398
0.01,0.508,-1.3860383501961053,-0.5462857638233856,-1.932324114019491
0.01,0.509,-1.3859703436216226,-0.5545314701347,-1.9405018137563226
0.01,0.51,-1.3858943344489565,-0.5628389420363616,-1.948733276485318
0.01,0.511,-1.3858103220696634,-0.57120817952837,-1.9570185015980335
0.01,0.512,-1.3857183058111464,-0.5796391826107256,-1.9653574884218719
0.01,0.513,-1.385618284936622,-0.5881319512834278,-1.9737502362200499
0.01,0.514,-1.3855102586450845,-0.5966864855464771,-1.9821967441915616
0.01,0.515,-1.3853942260712673,-0.6053027853998731,-1.9906970114711404
0.01,0.516,-1.3852701862856018,-0.6139808508436162,-1.999251037129218
0.01,0.517,-1.385138138294173,-0.6227206818777062,-2.0078588201718794
0.01,0.518,-1.3849980810386708,-0.6315222785021432,-2.016520359540814
0.01,0.519,-1.3848500133963395,-0.640385640716927,-2.0252356541132666
0.01,0.52,-1.384693934179923,-0.6493107685220578,-2.0340047027019805
0.01,0.521,-1.384529842137609,-0.6582976619175356,-2.0428275040551447
0.01,0.522,-1.3843577359529673,-0.6673463209033602,-2.0517040568563276
0.01,0.523,-1.3841776142448872,-0.6764567454795317,-2.060634359724419
0.01,0.524,-1.38398947556751,-0.6856289356460502,-2.0696184112135603
0.01,0.525,-1.3837933184101598,-0.6948628914029157,-2.0786562098130754
0.01,0.526,-1.383589141197271,-0.704158612750128,-2.087747753947399
0.01,0.527,-1.3833769422883095,-0.7135160996876873,-2.0968930419759966
0.01,0.528,-1.3831567199776977,-0.7229353522155935,-2.106092072193291
0.01,0.529,-1.3829284724947277,-0.7324163703338465,-2.1153448428285744
0.01,0.53,-1.3826921980034785,-0.7419591540424466,-2.124651352045925
0.01,0.531,-1.3824478946027252,-0.7515637033413936,-2.1340115979441188
0.01,0.532,-1.3821955603258473,-0.7612300182306875,-2.143425578556535
0.01,0.533,-1.3819351931407338,-0.7709580987103284,-2.152893291851062
0.01,0.534,-1.381666790949684,-0.780747944780316,-2.16241473573
0.01,0.535,-1.3813903515893058,-0.7905995564406508,-2.1719899080299565
0.01,0.536,-1.3811058728304095,-0.8005129336913325,-2.181618806521742
0.01,0.537,-1.3808133523779007,-0.810488076532361,-2.1913014289102617
0.01,0.538,-1.3805127878706673,-0.8205249849637363,-2.2010377728344035
0.01,0.539,-1.380204176881465,-0.8306236589854588,-2.2108278358669238
0.01,0.54,-1.379887516916799,-0.8407840985975281,-2.220671615514327
0.01,0.541,-1.3795628054168008,-0.8510063037999444,-2.230569109216745
0.01,0.542,-1.3792300397551043,-0.8612902745927075,-2.240520314347812
0.01,0.543,-1.378889217238717,-0.8716360109758176,-2.2505252282145345
0.01,0.544,-1.3785403351078884,-0.8820435129492746,-2.260583848057163
0.01,0.545,-1.378183390535973,-0.8925127805130785,-2.2706961710490514
0.01,0.546,-1.3778183806292938,-0.9030438136672294,-2.2808621942965233
0.01,0.547,-1.377445302426998,-0.9136366124117272,-2.291081914838725
0.01,0.548,-1.3770641529009122,-0.9242911767465719,-2.301355329647484
0.01,0.549,-1.3766749289553935,-0.9350075066717636,-2.311682435627157
0.01,0.55,-1.3762776274271769,-0.9457856021873021,-2.322063229614479
0.01,0.551,-1.375872245085218,-0.9566254632931875,-2.3324977083784058
0.01,0.552,-1.3754587786305341,-0.96752708998942,-2.3429858686199543
0.01,0.553,-1.3750372246960412,-0.9784904822759993,-2.3535277069720406
0.01,0.554,-1.3746075798463866,-0.9895156401529255,-2.3641232199993123
0.01,0.555,-1.3741698405777778,-1.0006025636201987,-2.3747724041979765
0.01,0.556,-1.373724003317811,-1.011751252677819,-2.38547525599563
0.01,0.557,-1.3732700644252893,-1.0229617073257862,-2.3962317717510757
0.01,0.558,-1.372808020190046,-1.0342339275641,-2.407041947754146
0.01,0.559,-1.372337866832755,-1.045567913392761,-2.417905780225516
0.01,0.56,-1.3718596005047456,-1.0569636648117686,-2.428823265316514
0.01,0.561,-1.3713732172878084,-1.0684211818211233,-2.4397943991089317
0.01,0.562,-1.3708787131939983,-1.079940464420825,-2.4508191776148234
0.01,0.563,-1.370376084165437,-1.0915215126108724,-2.4618975967763097
0.01,0.564,-1.3698653260741058,-1.103164326391268,-2.4730296524653737
0.01,0.565,-1.3693464347216406,-1.1148689057620105,-2.484215340483651
0.01,0.566,-1.3688194058391194,-1.1266352507230997,-2.4954546565622193
0.01,0.567,-1.3682842350868472,-1.138463361274536,-2.5067475963613832
0.01,0.568,-1.367740918054135,-1.1503532374163195,-2.5180941554704543
0.01,0.569,-1.367189450259079,-1.1623048791484496,-2.5294943294075285
0.01,0.57,-1.366629827148332,-1.1743182864709265,-2.540948113619258
0.01,0.571,-1.3660620440968718,-1.1863934593837504,-2.5524555034806222
0.01,0.572,-1.3654860964077673,-1.1985303978869215,-2.564016494294689
0.01,0.573,-1.3649019793119372,-1.2107291019804394,-2.575631081292377
0.01,0.574,-1.3643096879679082,-1.2229895716643042,-2.5872992596322124
0.01,0.575,-1.3637092174615668,-1.2353118069385158,-2.5990210244000824
0.01,0.576,-1.3631005628059072,-1.2476958078030747,-2.610796370608982
0.01,0.577,-1.362483718940776,-1.26014157425798,-2.622625293198756
0.01,0.578,-1.3618586807326118,-1.2726491063032324,-2.634507787035844
0.01,0.579,-1.3612254429741806,-1.285218403938832,-2.6464438469130123
0.01,0.58,-1.360584000384307,-1.2978494671647784,-2.6584334675490853
0.01,0.581,-1.3599343476076018,-1.3105422959810715,-2.6704766435886733
0.01,0.582,-1.3592764792141843,-1.3232968903877116,-2.682573369601896
0.01,0.583,-1.3586103896993995,-1.3361132503846989,-2.6947236400840984
0.01,0.584,-1.357936073483534,-1.348991375972033,-2.706927449455567
0.01,0.585,-1.3572535249115227,-1.361931267149714,-2.7191847920612364
0.01,0.586,-1.356562738252655,-1.3749329239177417,-2.7314956621703965
0.01,0.587,-1.355863707700276,-1.3879963462761165,-2.7438600539763924
0.01,0.588,-1.3551564273714791,-1.4011215342248382,-2.756277961596317
0.01,0.589,-1.3544408913068002,-1.4143084877639072,-2.7687493790707074
0.01,0.59,-1.3537170934699014,-1.4275572068933227,-2.781274300363224
0.01,0.591,-1.3529850277472542,-1.4408676916130851,-2.7938527193603395
0.01,0.592,-1.3522446879478154,-1.4542399419231944,-2.8064846298710098
0.01,0.593,-1.3514960678026995,-1.467673957823651,-2.8191700256263506
0.01,0.594,-1.350739160964845,-1.4811697393144543,-2.8319089002792994
0.01,0.595,-1.3499739610086778,-1.4947272863956045,-2.8447012474042825
0.01,0.596,-1.349200461429768,-1.5083465990671017,-2.8575470604968696
0.01,0.597,-1.3484186556444808,-1.5220276773289456,-2.8704463329734264
0.01,0.598,-1.3476285369896255,-1.5357705211811365,-2.8833990581707623
0.01,0.599,-1.3468300987220974,-1.5495751306236747,-2.8964052293457723
0.01,0.6,-1.346023334018513,-1.5634415056565594,-2.9094648396750724
0.01,0.601,-1.3452082359748436,-1.5773696462797913,-2.922577882254635
0.01,0.602,-1.344384797606041,-1.59135955249337,-2.935744350099411
0.01,0.603,-1.3435530118456593,-1.6054112242972955,-2.948964236142955
0.01,0.604,-1.3427128715454693,-1.6195246616915682,-2.9622375332370376
0.01,0.605,-1.3418643694750698,-1.6336998646761876,-2.9755642341512574
0.01,0.606,-1.3410074983214932,-1.6479368332511541,-2.9889443315726476
0.01,0.607,-1.3401422506888037,-1.6622355674164673,-3.0023778181052707
0.01,0.608,-1.3392686190976923,-1.6765960671721276,-3.01586468626982
0.01,0.609,-1.3383865959850634,-1.691018332518135,-3.0294049285031983
0.01,0.61,-1.3374961737036188,-1.705502363454489,-3.042998537158108
0.01,0.611,-1.3365973445214334,-1.72004815998119,-3.0566455045026233
0.01,0.612,-1.3356901006215267,-1.734655722098238,-3.070345822719765
0.01,0.613,-1.3347744341014278,-1.7493250498056327,-3.0840994839070603
0.01,0.614,-1.3338503369727337,-1.7640561431033748,-3.0979064800761087
0.01,0.615,-1.3329178011606633,-1.7788490019914633,-3.1117668031521264
0.01,0.616,-1.3319768185036036,-1.7937036264698991,-3.1256804449735025
0.01,0.617,-1.3310273807526507,-1.8086200165386817,-3.1396473972913324
0.01,0.618,-1.330069479571145,-1.8235981721978112,-3.153667651768956
0.01,0.619,-1.3291031065341978,-1.8386380934472877,-3.1677411999814855
0.01,0.62,-1.3281282531282161,-1.853739780287111,-3.181868033415327
0.01,0.621,-1.3271449107504143,-1.8689032327172814,-3.1960481434676957
0.01,0.622,-1.3261530707083267,-1.8841284507377987,-3.2102815214461256
0.01,0.623,-1.3251527242193073,-1.8994154343486627,-3.22456815856797
0.01,0.624,-1.3241438624100277,-1.9147641835498739,-3.2389080459599016
0.01,0.625,-1.3231264763159643,-1.9301746983414318,-3.253301174657396
0.01,0.626,-1.3221005568808808,-1.9456469787233368,-3.267747535604218
0.01,0.627,-1.3210660949563051,-1.9611810246955885,-3.2822471196518936
0.01,0.628,-1.3200230813009957,-1.9767768362581875,-3.2967999175591833
0.01,0.629,-1.318971506580403,-1.9924344134111331,-3.311405919991536
0.01,0.63,-1.3179113613661255,-2.008153756154426,-3.3260651175205513
0.01,0.631,-1.316842636135354,-2.023934864488065,-3.340777500623419
0.01,0.632,-1.315765321270313,-2.0397777384120515,-3.3555430596823648
0.01,0.633,-1.3146794070576924,-2.0556823779263853,-3.3703617849840777
0.01,0.634,-1.3135848836880715,-2.0716487830310655,-3.385233666719137
0.01,0.635,-1.3124817412553371,-2.087676953726093,-3.40015869498143
0.01,0.636,-1.3113699697560914,-2.103766890011467,-3.4151368597675584
0.01,0.637,-1.3102495590890564,-2.119918591887188,-3.430168150976244
0.01,0.638,-1.309120499054464,-2.136132059353256,-3.44525255840772
0.01,0.639,-1.3079827793534444,-2.1524072924096713,-3.4603900717631157
0.01,0.64,-1.3068363895874036,-2.168744291056433,-3.4755806806438363
0.01,0.641,-1.305681319257391,-2.1851430552935422,-3.4908243745509333
0.01,0.642,-1.3045175577634625,-2.2016035851209974,-3.50612114288446
0.01,0.643,-1.3033450944040332,-2.2181258805388,-3.5214709749428335
0.01,0.644,-1.302163918375221,-2.23470994154695,-3.5368738599221707
0.01,0.645,-1.3009740187701824,-2.2513557681454466,-3.552329786915629
0.01,0.646,-1.29977538457844,-2.2680633603342897,-3.56783874491273
0.01,0.647,-1.298568004685201,-2.28483271811348,-3.583400722798681
0.01,0.648,-1.2973518678706657,-2.3016638414830175,-3.599015709353683
0.01,0.649,-1.2961269628093275,-2.3185567304429022,-3.6146836932522297
0.01,0.65,-1.294893278069265,-2.335511384993133,-3.630404663062398
0.01,0.651,-1.2936508021114228,-2.352527805133711,-3.646178607245134
0.01,0.652,-1.2923995232888845,-2.369605990864636,-3.6620055141535204
0.01,0.653,-1.291139429846135,-2.3867459421859083,-3.6778853720320432
0.01,0.654,-1.289870509918313,-2.4039476590975273,-3.6938181690158403
0.01,0.655,-1.2885927515304556,-2.4212111415994926,-3.709803893129948
0.01,0.656,-1.2873061425967312,-2.438536389691805,-3.725842532288536
0.01,0.657,-1.286010670919661,-2.455923403374465,-3.741934074294126
0.01,0.658,-1.2847063241893348,-2.4733721826474713,-3.758078506836806
0.01,0.659,-1.283393089982611,-2.490882727510825,-3.774275817493436
0.01,0.66,-1.2820709557623111,-2.5084550379645254,-3.7905259937268365
0.01,0.661,-1.2807399088763995,-2.5260891140085726,-3.806829022884972
0.01,0.662,-1.2793999365571547,-2.5437849556429675,-3.823184892200122
0.01,0.663,-1.2780510259203286,-2.561542562867708,-3.839593588788037
0.01,0.664,-1.2766931639642967,-2.5793619356827966,-3.8560550996470933
0.01,0.665,-1.2753263375691937,-2.5972430740882313,-3.872569411657425
0.01,0.666,-1.2739505334960397,-2.615185978084013,-3.8891365115800527
0.01,0.667,-1.2725657383858564,-2.6331906476701423,-3.905756386055999
0.01,0.668,-1.271171938758767,-2.6512570828466178,-3.9224290216053848
0.01,0.669,-1.2697691210130886,-2.669385283613441,-3.9391544046265294
0.01,0.67,-1.2683572714244113,-2.6875752499706103,-3.9559325213950216
0.01,0.671,-1.2669363761446624,-2.705826981918127,-3.9727633580627892
0.01,0.672,-1.2655064212011626,-2.7241404794559902,-3.989646900657153
0.01,0.673,-1.2640673924956667,-2.742515742584201,-4.006583135079867
0.01,0.674,-1.2626192758033907,-2.760952771302758,-4.023572047106149
0.01,0.675,-1.2611620567720294,-2.7794515656116627,-4.040613622383692
0.01,0.676,-1.259695720920757,-2.7980121255109136,-4.05770784643167
0.01,0.677,-1.2582202536392175,-2.816634451000512,-4.07485470463973
0.01,0.678,-1.2567356401864989,-2.835318542080457,-4.092054182266956
0.01,0.679,-1.2552418656900945,-2.854064398750749,-4.109306264440844
0.01,0.68,-1.2537389151448526,-2.872872021011388,-4.12661093615624
0.01,0.681,-1.2522267734119072,-2.891741408862374,-4.143968182274281
0.01,0.682,-1.2507054252175993,-2.9106725623037066,-4.1613779875213055
0.01,0.683,-1.2491748551523787,-2.929665481335386,-4.178840336487765
0.01,0.684,-1.2476350476696965,-2.9487201659574134,-4.196355213627109
0.01,0.685,-1.2460859870848764,-2.9678366161697864,-4.213922603254662
0.01,0.686,-1.2445276575739763,-2.987014831972507,-4.2315424895464835
0.01,0.687,-1.2429600431726302,-3.006254813365574,-4.249214856538204
0.01,0.688,-1.2413831277748764,-3.0255565603489862,-4.266939688123863
0.01,0.689,-1.2397968951319691,-3.0449200729227477,-4.284716968054717
0.01,0.69,-1.2382013288511742,-3.064345351086856,-4.30254667993803
0.01,0.691,-1.2365964123945477,-3.0838323948413113,-4.320428807235859
0.01,0.692,-1.2349821290776974,-3.103381204186113,-4.3383633332638105
0.01,0.693,-1.2333584620685292,-3.122991779121262,-4.356350241189791
0.01,0.694,-1.2317253943859725,-3.142664119646758,-4.374389514032731
0.01,0.695,-1.2300829088986918,-3.1623982257626007,-4.392481134661292
0.01,0.696,-1.2284309883237792,-3.182194097468791,-4.41062508579257
0.01,0.697,-1.2267696152254262,-3.2020517347653277,-4.428821349990754
0.01,0.698,-1.225098772013581,-3.221971137652211,-4.447069909665792
0.01,0.699,-1.2234184409425843,-3.2419523061294417,-4.465370747072026
0.01,0.7,-1.221728604109787,-3.261995240197019,-4.483723844306806
0.01,0.701,-1.2200292434541482,-3.282099939854943,-4.502129183309091
0.01,0.702,-1.2183203407548142,-3.3022664051032145,-4.520586745858028
0.01,0.703,-1.2166018776296756,-3.3224946359418324,-4.539096513571508
0.01,0.704,-1.2148738355339068,-3.342784632370798,-4.557658467904705
0.01,0.705,-1.2131361957584816,-3.36313639439011,-4.576272590148592
0.01,0.706,-1.2113889394286717,-3.383549921999769,-4.5949388614284405
0.01,0.707,-1.2096320475025188,-3.4040252151997747,-4.613657262702294
0.01,0.708,-1.2078655007692904,-3.424562273990128,-4.632427774759418
0.01,0.709,-1.2060892798479088,-3.445161098370827,-4.6512503782187355
0.01,0.71,-1.20430336518536,-3.465821688341874,-4.670125053527235
0.01,0.711,-1.2025077370550799,-3.4865440439032684,-4.689051780958348
0.01,0.712,-1.2007023755553157,-3.5073281650550086,-4.708030540610324
0.01,0.713,-1.1988872606074656,-3.5281740517970963,-4.727061312404562
0.01,0.714,-1.197062371954392,-3.5490817041295304,-4.746144076083922
0.01,0.715,-1.1952276891587124,-3.570051122052312,-4.765278811211024
0.01,0.716,-1.1933831916010647,-3.5910823055654397,-4.784465497166504
0.01,0.717,-1.191528858478346,-3.6121752546689154,-4.803704113147262
0.01,0.718,-1.1896646688019281,-3.6333299693627374,-4.822994638164666
0.01,0.719,-1.187790601395844,-3.6545464496469067,-4.842337051042751
0.01,0.72,-1.185906634894949,-3.675824695521422,-4.861731330416371
0.01,0.721,-1.1840127477430555,-3.6971647069862854,-4.881177454729341
0.01,0.722,-1.182108918191039,-3.718566484041495,-4.900675402232534
0.01,0.723,-1.180195124294915,-3.740030026687052,-4.920225150981967
0.01,0.724,-1.17827134391389,-3.7615553349229556,-4.9398266788368455
0.01,0.725,-1.1763375547083814,-3.783142408749206,-4.9594799634575875
0.01,0.726,-1.1743937341380077,-3.8047912481658033,-4.979184982303811
0.01,0.727,-1.1724398594595489,-3.8265018531727475,-4.998941712632297
0.01,0.728,-1.1704759077248768,-3.8482742237700394,-5.018750131494916
0.01,0.729,-1.1685018557788527,-3.870108359957677,-5.038610215736529
0.01,0.73,-1.166517680257194,-3.892004261735663,-5.058521941992857
0.01,0.731,-1.1645233575843086,-3.9139619291039947,-5.078485286688303
0.01,0.732,-1.1625188639710948,-3.935981362062673,-5.098500226033768
0.01,0.733,-1.1605041754127097,-3.9580625606117006,-5.118566736024411
0.01,0.734,-1.1584792676863014,-3.980205524751073,-5.138684792437374
0.01,0.735,-1.1564441163487065,-4.002410254480793,-5.158854370829499
0.01,0.736,-1.1543986967341133,-4.02467674980086,-5.1790754465349735
0.01,0.737,-1.1523429839516879,-4.047005010711273,-5.199347994662961
0.01,0.738,-1.150276952883162,-4.0693950372120336,-5.219671990095195
0.01,0.739,-1.148200578180386,-4.091846829303142,-5.240047407483528
0.01,0.74,-1.1461138342628407,-4.114360386984595,-5.260474221247436
0.01,0.741,-1.1440166953151127,-4.136935710256397,-5.28095240557151
0.01,0.742,-1.141909135284327,-4.159572799118545,-5.301481934402872
0.01,0.743,-1.139791127877541,-4.182271653571041,-5.322062781448582
0.01,0.744,-1.1376626465590973,-4.205032273613883,-5.34269492017298
0.01,0.745,-1.1355236645479332,-4.227854659247072,-5.363378323795005
0.01,0.746,-1.1333741548148464,-4.250738810470607,-5.384112965285453
0.01,0.747,-1.1312140900797198,-4.273684727284492,-5.404898817364211
0.01,0.748,-1.1290434428086988,-4.296692409688721,-5.42573585249742
0.01,0.749,-1.1268621852113239,-4.3197618576832975,-5.446624042894621
0.01,0.75,-1.1246702892376166,-4.342893071268222,-5.467563360505839
0.01,0.751,-1.1224677265751195,-4.366086050443492,-5.488553777018612
0.01,0.752,-1.120254468645884,-4.38934079520911,-5.509595263854994
0.01,0.753,-1.1180304866034136,-4.412657305565075,-5.5306877921684885
0.01,0.754,-1.115795751329554,-4.436035581511385,-5.551831332840939
0.01,0.755,-1.1135502334313307,-4.459475623048044,-5.573025856479374
0.01,0.756,-1.1112939032377378,-4.482977430175049,-5.594271333412787
0.01,0.757,-1.10902673079647,-4.506541002892401,-5.615567733688872
0.01,0.758,-1.1067486858706024,-4.5301663412001005,-5.636915027070703
0.01,0.759,-1.1044597379352121,-4.553853445098147,-5.658313183033359
0.01,0.76,-1.1021598561739456,-4.57760231458654,-5.679762170760485
0.01,0.761,-1.0998490094755262,-4.6014129496652805,-5.7012619591408065
0.01,0.762,-1.0975271664302033,-4.625285350334367,-5.72281251676457
0.01,0.763,-1.0951942953261404,-4.6492195165938,-5.744413811919941
0.01,0.764,-1.0928503641457428,-4.673215448443581,-5.766065812589323
0.01,0.765,-1.0904953405619193,-4.697273145883709,-5.7877684864456285
0.01,0.766,-1.088129191934284,-4.721392608914184,-5.809521800848468
0.01,0.767,-1.0857518853052865,-4.745573837535005,-5.831325722840292
0.01,0.768,-1.0833633873962818,-4.769816831746173,-5.8531802191424545
0.01,0.769,-1.080963664603525,-4.794121591547689,-5.8750852561512135
0.01,0.77,-1.0785526829941008,-4.818488116939551,-5.897040799933651
0.01,0.771,-1.0761304083017782,-4.84291640792176,-5.919046816223538
0.01,0.772,-1.0736968059227947,-4.867406464494316,-5.941103270417111
0.01,0.773,-1.0712518409115628,-4.891958286657219,-5.963210127568781
0.01,0.774,-1.0687954779763034,-4.91657187441047,-5.985367352386773
0.01,0.775,-1.0663276814745972,-4.941247227754066,-6.007574909228663
0.01,0.776,-1.0638484154088605,-4.96598434668801,-6.02983276209687
0.01,0.777,-1.0613576434217369,-4.990783231212301,-6.052140874634038
0.01,0.778,-1.0588553287914046,-5.015643881326938,-6.0744992101183435
0.01,0.779,-1.0563414344268014,-5.040566297031924,-6.0969077314587246
0.01,0.78,-1.0538159228627606,-5.065550478327254,-6.119366401190015
0.01,0.781,-1.0512787562550572,-5.090596425212932,-6.14187518146799
0.01,0.782,-1.0487298963753646,-5.115704137688958,-6.164434034064323
0.01,0.783,-1.046169304606117,-5.140873615755331,-6.187042920361448
0.01,0.784,-1.0435969419352753,-5.166104859412049,-6.209701801347324
0.01,0.785,-1.0410127689509978,-5.191397868659116,-6.232410637610114
0.01,0.786,-1.0384167458362088,-5.216752643496529,-6.255169389332737
0.01,0.787,-1.0358088323630663,-5.24216918392429,-6.277978016287356
0.01,0.788,-1.033188987887323,-5.267647489942396,-6.300836477829719
0.01,0.789,-1.0305571713425845,-5.293187561550849,-6.3237447328934335
0.01,0.79,-1.0279133412344512,-5.31878939874965,-6.346702739984101
0.01,0.791,-1.0252574556345546,-5.344453001538798,-6.369710457173353
0.01,0.792,-1.022589472174475,-5.370178369918293,-6.392767842092768
0.01,0.793,-1.0199093480395425,-5.395965503888134,-6.4158748519276765
0.01,0.794,-1.0172170399625151,-5.421814403448322,-6.439031443410837
0.01,0.795,-1.014512504217139,-5.447725068598858,-6.462237572815997
0.01,0.796,-1.011795696611576,-5.473697499339741,-6.4854931959513165
0.01,0.797,-1.0090665724817056,-5.49973169567097,-6.508798268152676
0.01,0.798,-1.0063250866842923,-5.525827657592546,-6.532152744276838
0.01,0.799,-1.0035711935900187,-5.551985385104469,-6.555556578694488
0.01,0.8,-1.0008048470763757,-5.578204878206739,-6.579009725283115
0.01,0.801,-0.9980260005204145,-5.6044861368993555,-6.60251213741977
0.01,0.802,-0.9952346067913488,-5.63082916118232,-6.626063767973669
0.01,0.803,-0.9924306182430073,-5.657233951055631,-6.649664569298639
0.01,0.804,-0.9896139867061333,-5.683700506519289,-6.673314493225422
0.01,0.805,-0.9867846634805257,-5.710228827573292,-6.697013491053818
0.01,0.806,-0.9839425993270179,-5.736818914217645,-6.720761513544663
0.01,0.807,-0.9810877444592907,-5.763470766452343,-6.744558510911634
0.01,0.808,-0.9782200485355157,-5.790184384277389,-6.768404432812904
0.01,0.809,-0.9753394606498218,-5.816959767692781,-6.792299228342603
0.01,0.81,-0.9724459293235843,-5.843796916698521,-6.816242846022105
0.01,0.811,-0.9695394024965294,-5.870695831294606,-6.840235233791136
0.01,0.812,-0.9666198275176481,-5.89765651148104,-6.864276338998688
0.01,0.813,-0.9636871511359189,-5.924678957257817,-6.888366108393736
0.01,0.814,-0.9607413194908279,-5.951763168624943,-6.912504488115771
0.01,0.815,-0.9577822781026879,-5.978909145582418,-6.936691423685106
0.01,0.816,-0.954809971862745,-6.006116888130239,-6.960926859992984
0.01,0.817,-0.9518243450230695,-6.033386396268407,-6.985210741291477
0.01,0.818,-0.9488253411862266,-6.0607176699969205,-7.009543011183148
0.01,0.819,-0.9458129032947176,-6.0881107093157825,-7.0339236126105
0.01,0.82,-0.9427869736201885,-6.115565514224991,-7.0583524878451795
0.01,0.821,-0.9397474937523969,-6.143082084724546,-7.082829578476943
0.01,0.822,-0.9366944045879322,-6.17066042081445,-7.107354825402382
0.01,0.823,-0.9336276463186818,-6.198300522494699,-7.13192816881338
0.01,0.824,-0.9305471584200355,-6.226002389765294,-7.15654954818533
0.01,0.825,-0.9274528796388208,-6.2537660226262375,-7.1812189022650585
0.01,0.826,-0.9243447479809623,-6.281591421077529,-7.205936169058491
0.01,0.827,-0.9212227006988574,-6.309478585119165,-7.230701285818022
0.01,0.828,-0.9180866742784564,-6.33742751475115,-7.255514189029606
0.01,0.829,-0.9149366044260454,-6.36543820997348,-7.280374814399525
0.01,0.83,-0.9117724260547169,-6.393510670786157,-7.305283096840874
0.01,0.831,-0.9085940732705206,-6.421644897189182,-7.330238970459702
0.01,0.832,-0.9054014793582881,-6.449840889182553,-7.355242368540841
0.01,0.833,-0.9021945767671182,-6.478098646766273,-7.380293223533391
0.01,0.834,-0.8989732970955122,-6.506418169940339,-7.405391467035852
0.01,0.835,-0.8957375710761539,-6.53479945870475,-7.430537029780904
0.01,0.836,-0.8924873285603161,-6.563242513059509,-7.455729841619825
0.01,0.837,-0.889222498501888,-6.591747333004617,-7.4809698315065045
0.01,0.838,-0.8859430089410105,-6.620313918540069,-7.50625692748108
0.01,0.839,-0.8826487869873052,-6.648942269665869,-7.531591056653174
0.01,0.84,-0.879339758802686,-6.677632386382016,-7.5569721451847025
0.01,0.841,-0.8760158495837419,-6.7063842686885105,-7.582400118272252
0.01,0.842,-0.8726769835436745,-6.735197916585351,-7.607874900129025
0.01,0.843,-0.8693230838937771,-6.76407333007254,-7.633396413966317
0.01,0.844,-0.865954072824443,-6.793010509150074,-7.658964581974517
0.01,0.845,-0.862569871485684,-6.822009453817956,-7.68457932530364
0.01,0.846,-0.8591703999671466,-6.851070164076184,-7.71024056404333
0.01,0.847,-0.8557555772776089,-6.88019263992476,-7.7359482172023695
0.01,0.848,-0.8523253213239386,-6.909376881363682,-7.761702202687621
0.01,0.849,-0.8488795488894992,-6.938622888392952,-7.787502437282451
0.01,0.85,-0.8454181756119818,-6.967930661012569,-7.8133488366245505
0.01,0.851,-0.8419411159606446,-6.997300199222531,-7.839241315183176
0.01,0.852,-0.8384482832129421,-7.026731503022841,-7.8651797862357835
0.01,0.853,-0.8349395894305212,-7.056224572413499,-7.891164161844021
0.01,0.854,-0.8314149454345626,-7.085779407394503,-7.917194352829065
0.01,0.855,-0.8278742607804477,-7.115396007965853,-7.943270268746301
0.01,0.856,-0.8243174437317236,-7.145074374127551,-7.969391817859275
0.01,0.857,-0.8207444012333461,-7.1748145058795965,-7.995558907112943
0.01,0.858,-0.8171550388841728,-7.204616403221989,-8.02177144210616
0.01,0.859,-0.8135492609086801,-7.234480066154727,-8.048029327063407
0.01,0.86,-0.8099269701278771,-7.264405494677812,-8.07433246480569
0.01,0.861,-0.8062880679293893,-7.294392688791245,-8.100680756720633
0.01,0.862,-0.8026324542366787,-7.324441648495024,-8.127074102731703
0.01,0.863,-0.7989600274773714,-7.354552373789151,-8.153512401266521
0.01,0.864,-0.7952706845506599,-7.384724864673624,-8.179995549224284
0.01,0.865,-0.791564320793747,-7.414959121148444,-8.20652344194219
0.01,0.866,-0.7878408299472922,-7.445255143213611,-8.233095973160903
0.01,0.867,-0.784100104119828,-7.475612930869126,-8.259713034988954
0.01,0.868,-0.7803420337511043,-7.506032484114986,-8.28637451786609
0.01,0.869,-0.7765665075743211,-7.536513802951195,-8.313080310525516
0.01,0.87,-0.7727734125772074,-7.567056887377749,-8.339830299954956
0.01,0.871,-0.7689626339619029,-7.597661737394651,-8.366624371356554
0.01,0.872,-0.7651340551035917,-7.6283283530018995,-8.393462408105492
0.01,0.873,-0.7612875575078464,-7.6590567341994955,-8.420344291707341
0.01,0.874,-0.7574230207666257,-7.689846880987438,-8.447269901754064
0.01,0.875,-0.7535403225128735,-7.720698793365727,-8.474239115878602
0.01,0.876,-0.7496393383736673,-7.751612471334363,-8.50125180970803
0.01,0.877,-0.7457199419218503,-7.782587914893347,-8.528307856815198
0.01,0.878,-0.7417820046260946,-7.813625124042677,-8.55540712866877
0.01,0.879,-0.7378253957993215,-7.844724098782354,-8.582549494581675
0.01,0.88,-0.7338499825454192,-7.875884839112378,-8.609734821657797
0.01,0.881,-0.7298556297041818,-7.90710734503275,-8.636962974736932
0.01,0.882,-0.7258421997943973,-7.938391616543469,-8.664233816337866
0.01,0.883,-0.7218095529550057,-7.969737653644533,-8.691547206599537
0.01,0.884,-0.7177575468842439,-8.001145456335944,-8.718903003220188
0.01,0.885,-0.7136860367766913,-8.032615024617703,-8.746301061394394
0.01,0.886,-0.7095948752581256,-8.064146358489808,-8.773741233747934
0.01,0.887,-0.705483912318091,-8.09573945795226,-8.80122337027035
0.01,0.888,-0.7013529952400789,-8.12739432300506,-8.828747318245139
0.01,0.889,-0.6972019685292135,-8.159110953648206,-8.85631292217742
0.01,0.89,-0.6930306738373323,-8.1908893498817,-8.883920023719034
0.01,0.891,-0.6888389498853384,-8.222729511705541,-8.91156846159088
0.01,0.892,-0.6846266323827058,-8.254631439119727,-8.939258071502433
0.01,0.893,-0.6803935539439988,-8.286595132124262,-8.96698868606826
0.01,0.894,-0.6761395440022725,-8.318620590719142,-8.994760134721414
0.01,0.895,-0.671864428719203,-8.350707814904371,-9.022572243623575
0.01,0.896,-0.6675680308917932,-8.382856804679948,-9.050424835571741
0.01,0.897,-0.6632501698554888,-8.415067560045868,-9.078317729901357
0.01,0.898,-0.6589106613835323,-8.447340081002137,-9.106250742385669
0.01,0.899,-0.6545493175823665,-8.479674367548752,-9.134223685131118
0.01,0.9,-0.6501659467828964,-8.512070419685715,-9.162236366468612
0.01,0.901,-0.6457603534274003,-8.544528237413024,-9.190288590840424
0.01,0.902,-0.6413323379518688,-8.57704782073068,-9.21838015868255
0.01,0.903,-0.6368816966635421,-8.609629169638685,-9.246510866302227
0.01,0.904,-0.6324082216133944,-8.642272284137034,-9.274680505750428
0.01,0.905,-0.6279117004633049,-8.674977164225732,-9.302888864689036
0.01,0.906,-0.6233919163476347,-8.707743809904775,-9.331135726252409
0.01,0.907,-0.6188486477289106,-8.740572221174169,-9.35942086890308
0.01,0.908,-0.614281668247302,-8.773462398033905,-9.387744066281208
0.01,0.909,-0.6096907465635508,-8.80641434048399,-9.41610508704754
0.01,0.91,-0.605075646194996,-8.839428048524422,-9.444503694719417
0.01,0.911,-0.600436125344309,-8.8725035221552,-9.47293964749951
0.01,0.912,-0.5957719367205291,-8.905640761376326,-9.501412698096855
0.01,0.913,-0.5910828273519639,-8.9388397661878,-9.529922593539762
0.01,0.914,-0.5863685383904844,-8.972100536589618,-9.558469074980103
0.01,0.915,-0.5816288049067162,-9.005423072581786,-9.587051877488502
0.01,0.916,-0.5768633556755907,-9.038807374164298,-9.615670729839888
0.01,0.917,-0.5720719129516821,-9.072253441337159,-9.64432535428884
0.01,0.918,-0.567254192233716,-9.105761274100367,-9.673015466334082
0.01,0.919,-0.562409902017586,-9.13933087245392,-9.701740774471507
0.01,0.92,-0.5575387435371746,-9.172962236397822,-9.730500979934996
0.01,0.921,-0.5526404104922094,-9.20665536593207,-9.75929577642428
0.01,0.922,-0.5477145887623386,-9.240410261056667,-9.788124849819006
0.01,0.923,-0.5427609561065415,-9.274226921771609,-9.81698787787815
0.01,0.924,-0.5377791818469193,-9.308105348076895,-9.845884529923815
0.01,0.925,-0.5327689265358407,-9.342045539972531,-9.874814466508372
0.01,0.926,-0.5277298416053325,-9.376047497458515,-9.903777339063847
0.01,0.927,-0.5226615689975134,-9.410111220534844,-9.932772789532358
0.01,0.928,-0.5175637407747736,-9.44423670920152,-9.961800449976295
0.01,0.929,-0.512435978708295,-9.478423963458544,-9.99085994216684
0.01,0.93,-0.5072778938433826,-9.512672983305913,-10.019950877149295
0.01,0.931,-0.5020890860399532,-9.546983768743633,-10.049072854783587
0.01,0.932,-0.49686914348638134,-9.581356319771695,-10.078225463258077
0.01,0.933,-0.49161764218474086,-9.61579063639011,-10.10740827857485
0.01,0.934,-0.48633414540530767,-9.650286718598865,-10.136620864004174
0.01,0.935,-0.48101820310799637,-9.68484456639797,-10.165862769505967
0.01,0.936,-0.4756693513281835,-9.719464179787423,-10.195133531115607
0.01,0.937,-0.4702871115241375,-9.75414555876722,-10.224432670291359
0.01,0.938,-0.46487098988300557,-9.788888703337363,-10.253759693220369
0.01,0.939,-0.45942047658201274,-9.823693613497856,-10.283114090079868
0.01,0.94,-0.45393504500120907,-9.858560289248695,-10.312495334249904
0.01,0.941,-0.44841415088371506,-9.893488730589882,-10.341902881473597
0.01,0.942,-0.4428572314390218,-9.928478937521415,-10.371336168960436
0.01,0.943,-0.43726370438443485,-9.963530910043296,-10.400794614427731
0.01,0.944,-0.43163296691923236,-9.998644648155524,-10.430277615074758
0.01,0.945,-0.42596439462552876,-10.033820151858098,-10.459784546483627
0.01,0.946,-0.42025734028917905,-10.069057421151019,-10.489314761440198
0.01,0.947,-0.4145111326333173,-10.104356456034287,-10.518867588667604
0.01,0.948,-0.4087250749562846,-10.1397172565079,-10.548442331464186
0.01,0.949,-0.40289844366475003,-10.175139822571863,-10.578038266236613
0.01,0.95,-0.39703048669174534,-10.210624154226172,-10.607654640917918
0.01,0.951,-0.3911204217881006,-10.246170251470827,-10.637290673258928
0.01,0.952,-0.38516743467435727,-10.281778114305832,-10.66694554898019
0.01,0.953,-0.3791706770386196,-10.317447742731181,-10.6966184197698
0.01,0.954,-0.37312926436394694,-10.353179136746878,-10.726308401110824
0.01,0.955,-0.3670422735667508,-10.388972296352922,-10.756014569919673
0.01,0.956,-0.3609087404251881,-10.424827221549311,-10.785735961974499
0.01,0.957,-0.3547276567736735,-10.46074391233605,-10.815471569109723
0.01,0.958,-0.34849796743630257,-10.496722368713133,-10.845220336149435
0.01,0.959,-0.3422185668680866,-10.532762590680566,-10.874981157548653
0.01,0.96,-0.3358882954683461,-10.568864578238342,-10.904752873706688
0.01,0.961,-0.32950593552525975,-10.60502833138647,-10.93453426691173
0.01,0.962,-0.3230702067442497,-10.64125385012494,-10.96432405686919
0.01,0.963,-0.3165797613054119,-10.677541134453758,-10.99412089575917
0.01,0.964,-0.31003317838630245,-10.713890184372925,-11.023923362759227
0.01,0.965,-0.3034289580757725,-10.750300999882437,-11.05372995795821
0.01,0.966,-0.29676551459179057,-10.786773580982297,-11.083539095574087
0.01,0.967,-0.29004116870081537,-10.823307927672504,-11.11334909637332
0.01,0.968,-0.2832541392176387,-10.859904039953058,-11.143158179170698
0.01,0.969,-0.27640253344189025,-10.89656191782396,-11.17296445126585
0.01,0.97,-0.26948433635953367,-10.933281561285206,-11.20276589764474
0.01,0.971,-0.2624973984033058,-10.9700629703368,-11.232560368740106
0.01,0.972,-0.2554394215233693,-11.006906144978743,-11.262345566502113
0.01,0.973,-0.24830794326607467,-11.04381108521103,-11.292119028477105
0.01,0.974,-0.24110031849149882,-11.080777791033665,-11.321878109525164
0.01,0.975,-0.23381369827506224,-11.117806262446647,-11.35161996072171
0.01,0.976,-0.22644500542921633,-11.154896499449976,-11.381341504879192
0.01,0.977,-0.21899090593993586,-11.19204850204365,-11.411039407983587
0.01,0.978,-0.21144777542840565,-11.229262270227673,-11.440710045656079
0.01,0.979,-0.20381165950515118,-11.266537804002043,-11.470349463507194
0.01,0.98,-0.1960782265594641,-11.303875103366762,-11.499953329926226
0.01,0.981,-0.18824271108870713,-11.341274168321826,-11.529516879410533
0.01,0.982,-0.18029984507184127,-11.378734998867234,-11.559034843939076
0.01,0.983,-0.17224377405703345,-11.416257595002993,-11.588501369060026
0.01,0.984,-0.16406795345376649,-11.453841956729097,-11.617909910182863
0.01,0.985,-0.15576501882219282,-11.491488084045548,-11.64725310286774
0.01,0.986,-0.14732662145864994,-11.529195976952346,-11.676522598410996
0.01,0.987,-0.13874321682858162,-11.566965635449492,-11.705708852278073
0.01,0.988,-0.1300037876195754,-11.604797059536983,-11.734800847156558
0.01,0.989,-0.12109547401298548,-11.642690249214823,-11.763785723227809
0.01,0.99,-0.11200306870969477,-11.680645204483008,-11.792648273192704
0.01,0.991,-0.10270830853018603,-11.718661925341543,-11.821370233871729
0.01,0.992,-0.09318884844420919,-11.756740411790421,-11.84992926023463
0.01,0.993,-0.083416717083787,-11.794880663829648,-11.878297380913436
0.01,0.994,-0.07335587750026831,-11.83308268145922,-11.90643855895949
0.01,0.995,-0.06295813189433352,-11.871346464679144,-11.934304596573478
0.01,0.996,-0.052155665966795335,-11.909672013489411,-11.961827679456206
0.01,0.997,-0.04084584892835985,-11.948059327890023,-11.988905176818383
0.01,0.998,-0.02885442972435225,-11.986508407880986,-12.01536283760534
0.01,0.999,-0.015814510224464187,-12.025019253462293,-12.040833763686758
0.01,1,0,-12.063591864633949,-12.063591864633949
0.05,0,0,-4.177449525696098,-4.177449525696098
0.05,0.001,-0.015814510224464173,-4.155199501200125,-4.171014011424589
0.05,0.002,-0.028854429724352232,-4.133008889319627,-4.161863319043979
0.05,0.003,-0.040845848928359824,-4.110877690054607,-4.151723538982966
0.05,0.004,-0.0521556659667953,-4.088805903405061,-4.140961569371856
0.05,0.005,-0.0629581318943335,-4.066793529370993,-4.129751661265327
0.05,0.006,-0.07335587750026827,-4.044840567952402,-4.1181964454526705
0.05,0.007,-0.08341671708378696,-4.022947019149287,-4.106363736233074
0.05,0.008,-0.09318884844420913,-4.001112882961649,-4.094301731405857
0.05,0.009,-0.10270830853018596,-3.979338159389487,-4.082046467919673
0.05,0.01,-0.11200306870969469,-3.9576228484328015,-4.069625917142496
0.05,0.011,-0.1210954740129854,-3.9359669500915935,-4.057062424104579
0.05,0.012,-0.13000378761957532,-3.9143704643658612,-4.044374251985436
0.05,0.013,-0.13874321682858154,-3.8928333912556057,-4.031576608084187
0.05,0.014,-0.14732662145864986,-3.8713557307608264,-4.018682352219476
0.05,0.015,-0.15576501882219274,-3.8499374828815247,-4.005702501703717
0.05,0.016,-0.1640679534537664,-3.828578647617699,-3.992646601071465
0.05,0.017,-0.17224377405703334,-3.8072792249693497,-3.979522999026383
0.05,0.018,-0.1802998450718412,-3.7860392149364763,-3.9663390600083175
0.05,0.019,-0.18824271108870705,-3.764858617519081,-3.9531013286077883
0.05,0.02,-0.196078226559464,-3.743737432717161,-3.939815659276625
0.05,0.021,-0.20381165950515107,-3.722675660530718,-3.9264873200358688
0.05,0.022,-0.21144777542840554,-3.7016733009597518,-3.9131210763881574
0.05,0.023,-0.21899090593993578,-3.6807303540042624,-3.899721259944198
0.05,0.024,-0.22644500542921622,-3.6598468196642493,-3.8862918250934655
0.05,0.025,-0.23381369827506213,-3.6390226979397124,-3.8728363962147747
0.05,0.026,-0.2411003184914987,-3.6182579888306523,-3.859358307322151
0.05,0.027,-0.24830794326607455,-3.597552692337069,-3.8458606356031435
0.05,0.028,-0.2554394215233692,-3.5769068084589617,-3.8323462299823308
0.05,0.029,-0.26249739840330566,-3.5563203371963317,-3.8188177355996373
0.05,0.03,-0.2694843363595335,-3.535793278549178,-3.8052776149087113
0.05,0.031,-0.27640253344189014,-3.5153256325175004,-3.7917281659593907
0.05,0.032,-0.28325413921763853,-3.4949173991012996,-3.7781715383189383
0.05,0.033,-0.2900411687008152,-3.4745685783005755,-3.7646097470013906
0.05,0.034,-0.29676551459179046,-3.454279170115328,-3.751044684707119
0.05,0.035,-0.3034289580757724,-3.4340491745455566,-3.737478132621329
0.05,0.036,-0.3100331783863023,-3.413878591591263,-3.7239117699775655
0.05,0.037,-0.3165797613054117,-3.3937674212524453,-3.710347182557857
0.05,0.038,-0.3230702067442496,-3.373715663529105,-3.6967858702733545
0.05,0.039,-0.3295059355252596,-3.3537233184212396,-3.6832292539464992
0.05,0.04,-0.335888295468346,-3.3337903859288516,-3.6696786813971976
0.05,0.041,-0.3422185668680865,-3.3139168660519402,-3.656135432920027
0.05,0.042,-0.34849796743630246,-3.294102758790505,-3.6426007262268074
0.05,0.043,-0.35472765677367335,-3.2743480641445464,-3.6290757209182196
0.05,0.044,-0.36090874042518795,-3.2546527821140643,-3.6155615225392523
0.05,0.045,-0.3670422735667506,-3.235016912699059,-3.6020591862658096
0.05,0.046,-0.3731292643639468,-3.21544045589953,-3.588569720263477
0.05,0.047,-0.37917067703861945,-3.1959234117154782,-3.575094088754098
0.05,0.048,-0.3851674346743571,-3.176465780146903,-3.56163321482126
0.05,0.049,-0.3911204217881004,-3.157067561193804,-3.5481879829819043
0.05,0.05,-0.3970304866917452,-3.1377287548561816,-3.5347592415479268
0.05,0.051,-0.40289844366474986,-3.1184493611340347,-3.5213478047987845
0.05,0.052,-0.4087250749562844,-3.099229380027366,-3.50795445498365
0.05,0.053,-0.41451113263331707,-3.0800688115361736,-3.494579944169491
0.05,0.054,-0.4202573402891789,-3.060967655660457,-3.4812249959496357
0.05,0.055,-0.4259643946255286,-3.041925912400217,-3.467890307025746
0.05,0.056,-0.43163296691923214,-3.022943581755454,-3.4545765486746864
0.05,0.057,-0.4372637043844347,-3.0040206637261675,-3.441284368110602
0.05,0.058,-0.44285723143902156,-2.985157158312358,-3.4280143897513797
0.05,0.059,-0.4484141508837146,-2.966353065514024,-3.4147672163977383
0.05,0.06,-0.45393504500120896,-2.9476083853311676,-3.4015434303323766
0.05,0.061,-0.4594204765820123,-2.9289231177637873,-3.3883435943457996
0.05,0.062,-0.46487098988300535,-2.9102972628118833,-3.3751682526948885
0.05,0.063,-0.47028711152413766,-2.8917308204754564,-3.362017931999594
0.05,0.064,-0.47566935132818394,-2.8732237907545057,-3.3488931420826895
0.05,0.065,-0.4810182031079965,-2.8547761736490322,-3.3357943767570286
0.05,0.066,-0.48633414540530806,-2.8363879691590346,-3.3227221145643426
0.05,0.067,-0.491617642184741,-2.8180591772845136,-3.3096768194692547
0.05,0.068,-0.4968691434863818,-2.7997897980254693,-3.296658941511851
0.05,0.069,-0.5020890860399534,-2.7815798313819013,-3.2836689174218545
0.05,0.07,-0.507277893843383,-2.7634292773538105,-3.2707071711971936
0.05,0.071,-0.5124359787082953,-2.745338135941196,-3.257774114649491
0.05,0.072,-0.5175637407747737,-2.727306407144058,-3.2448701479188315
0.05,0.073,-0.5226615689975134,-2.7093340909623964,-3.23199565995991
0.05,0.074,-0.5277298416053327,-2.691421187396211,-3.2191510290015435
0.05,0.075,-0.5327689265358408,-2.6735676964455033,-3.206336622981344
0.05,0.076,-0.5377791818469194,-2.6557736181102714,-3.1935527999571907
0.05,0.077,-0.5427609561065416,-2.638038952390516,-3.1807999084970575
0.05,0.078,-0.5477145887623387,-2.6203636992862376,-3.1680782880485765
0.05,0.079,-0.5526404104922094,-2.6027478587974353,-3.1553882692896447
0.05,0.08,-0.5575387435371748,-2.58519143092411,-3.1427301744612848
0.05,0.081,-0.5624099020175861,-2.567694415666261,-3.130104317683847
0.05,0.082,-0.567254192233716,-2.5502568130238887,-3.1175110052576045
0.05,0.083,-0.5720719129516822,-2.532878622996993,-3.1049505359486753
0.05,0.084,-0.5768633556755907,-2.515559845585574,-3.0924232012611648
0.05,0.085,-0.5816288049067163,-2.498300480789631,-3.0799292856963474
0.05,0.086,-0.5863685383904844,-2.4811005286091663,-3.0674690669996507
0.05,0.087,-0.591082827351964,-2.4639599890441763,-3.0550428163961403
0.05,0.088,-0.5957719367205293,-2.4468788620946635,-3.0426507988151927
0.05,0.089,-0.6004361253443091,-2.4298571477606274,-3.0302932731049363
0.05,0.09,-0.6050756461949961,-2.4128948460420676,-3.0179704922370636
0.05,0.091,-0.6096907465635508,-2.395991956938984,-3.0056827035025346
0.05,0.092,-0.614281668247302,-2.3791484804513776,-2.9934301486986796
0.05,0.093,-0.6188486477289106,-2.362364416579247,-2.9812130643081574
0.05,0.094,-0.6233919163476347,-2.345639765322594,-2.969031681670229
0.05,0.095,-0.627911700463305,-2.328974526681417,-2.9568862271447216
0.05,0.096,-0.6324082216133944,-2.3123687006557163,-2.944776922269111
0.05,0.097,-0.6368816966635421,-2.2958222872454925,-2.9327039839090348
0.05,0.098,-0.6413323379518688,-2.2793352864507455,-2.9206676244026144
0.05,0.099,-0.6457603534274003,-2.262907698271474,-2.9086680516988745
0.05,0.1,-0.6501659467828964,-2.24653952270768,-2.8967054694905765
0.05,0.101,-0.6545493175823665,-2.2302307597593627,-2.884780077341729
0.05,0.102,-0.6589106613835323,-2.2139814094265216,-2.872892070810054
0.05,0.103,-0.6632501698554889,-2.197791471709157,-2.861041641564646
0.05,0.104,-0.6675680308917931,-2.1816609466072694,-2.8492289774990622
0.05,0.105,-0.671864428719203,-2.165589834120858,-2.837454262840061
0.05,0.106,-0.6761395440022725,-2.149578134249923,-2.8257176782521958
0.05,0.107,-0.6803935539439989,-2.133625846994465,-2.814019400938464
0.05,0.108,-0.6846266323827059,-2.1177329723544833,-2.8023596047371893
0.05,0.109,-0.6888389498853386,-2.1018995103299787,-2.790738460215317
0.05,0.11,-0.6930306738373323,-2.08612546092095,-2.7791561347582823
0.05,0.111,-0.6972019685292136,-2.070410824127398,-2.7676127926566116
0.05,0.112,-0.7013529952400789,-2.0547555999493223,-2.756108595189401
0.05,0.113,-0.705483912318091,-2.039159788386724,-2.744643700704815
0.05,0.114,-0.7095948752581257,-2.023623389439601,-2.7332182646977268
0.05,0.115,-0.7136860367766914,-2.008146403107956,-2.7218324398846474
0.05,0.116,-0.7177575468842439,-1.9927288293917869,-2.7104863762760307
0.05,0.117,-0.7218095529550059,-1.9773706682910943,-2.6991802212461002
0.05,0.118,-0.7258421997943973,-1.962071919805878,-2.6879141196002756
0.05,0.119,-0.7298556297041818,-1.9468325839361387,-2.6766882136403205
0.05,0.12,-0.7338499825454192,-1.9316526606818762,-2.6655026432272955
0.05,0.121,-0.7378253957993215,-1.9165321500430899,-2.6543575458424113
0.05,0.122,-0.7417820046260946,-1.9014710520197802,-2.6432530566458747
0.05,0.123,-0.7457199419218503,-1.8864693666119472,-2.6321893085337975
0.05,0.124,-0.7496393383736673,-1.8715270938195905,-2.6211664321932577
0.05,0.125,-0.7535403225128735,-1.8566442336427107,-2.610184556155584
0.05,0.126,-0.7574230207666257,-1.8418207860813072,-2.599243806847933
0.05,0.127,-0.7612875575078464,-1.8270567511353804,-2.5883443086432267
0.05,0.128,-0.7651340551035917,-1.8123521288049302,-2.5774861839085217
0.05,0.129,-0.7689626339619029,-1.7977069190899564,-2.5666695530518595
0.05,0.13,-0.7727734125772074,-1.7831211219904592,-2.555894534567667
0.05,0.131,-0.7765665075743211,-1.7685947375064386,-2.5451612450807595
0.05,0.132,-0.7803420337511043,-1.7541277656378946,-2.534469799388999
0.05,0.133,-0.784100104119828,-1.7397202063848272,-2.523820310504655
0.05,0.134,-0.7878408299472922,-1.725372059747236,-2.513212889694528
0.05,0.135,-0.791564320793747,-1.7110833257251221,-2.502647646518869
0.05,0.136,-0.7952706845506599,-1.6968540043184845,-2.4921246888691444
0.05,0.137,-0.7989600274773714,-1.6826840955273232,-2.4816441230046946
0.05,0.138,-0.8026324542366787,-1.6685735993516384,-2.4712060535883174
0.05,0.139,-0.8062880679293893,-1.6545225157914303,-2.4608105837208196
0.05,0.14,-0.8099269701278771,-1.640530844846699,-2.450457814974576
0.05,0.141,-0.8135492609086798,-1.6265985865174444,-2.4401478474261245
0.05,0.142,-0.8171550388841728,-1.6127257408036662,-2.429880779687839
0.05,0.143,-0.820744401233346,-1.5989123077053642,-2.41965670893871
0.05,0.144,-0.8243174437317236,-1.5851582872225392,-2.409475730954263
0.05,0.145,-0.8278742607804475,-1.5714636793551904,-2.399337940135638
0.05,0.146,-0.8314149454345625,-1.557828484103318,-2.3892434295378804
0.05,0.147,-0.834939589430521,-1.5442527014669227,-2.3791922908974437
0.05,0.148,-0.8384482832129421,-1.5307363314460039,-2.3691846146589457
0.05,0.149,-0.8419411159606445,-1.5172793740405615,-2.359220490001206
0.05,0.15,-0.8454181756119817,-1.5038818292505955,-2.3493000048625774
0.05,0.151,-0.8488795488894992,-1.4905436970761066,-2.3394232459656057
0.05,0.152,-0.8523253213239386,-1.4772649775170936,-2.3295902988410324
0.05,0.153,-0.8557555772776086,-1.4640456705735576,-2.3198012478511663
0.05,0.154,-0.8591703999671466,-1.450885776245498,-2.310056176212645
0.05,0.155,-0.862569871485684,-1.437785294532915,-2.300355166018599
0.05,0.156,-0.865954072824443,-1.4247442254358087,-2.290698298260252
0.05,0.157,-0.8693230838937771,-1.4117625689541788,-2.281085652847956
0.05,0.158,-0.8726769835436744,-1.3988403250880255,-2.2715173086317
0.05,0.159,-0.8760158495837419,-1.3859774938373488,-2.2619933434210906
0.05,0.16,-0.879339758802686,-1.3731740752021486,-2.2525138340048345
0.05,0.161,-0.8826487869873051,-1.3604300691824252,-2.2430788561697304
0.05,0.162,-0.8859430089410105,-1.3477454757781782,-2.2336884847191887
0.05,0.163,-0.889222498501888,-1.3351202949894077,-2.224342793491296
0.05,0.164,-0.8924873285603159,-1.3225545268161139,-2.2150418553764295
0.05,0.165,-0.8957375710761539,-1.3100481712582963,-2.2057857423344505
0.05,0.166,-0.8989732970955122,-1.2976012283159557,-2.196574525411468
0.05,0.167,-0.902194576767118,-1.2852136979890916,-2.1874082747562094
0.05,0.168,-0.9054014793582881,-1.2728855802777042,-2.1782870596359922
0.05,0.169,-0.9085940732705206,-1.2606168751817928,-2.169210948452313
0.05,0.17,-0.9117724260547168,-1.2484075827013583,-2.160180008756075
0.05,0.171,-0.9149366044260454,-1.2362577028364004,-2.151194307262446
0.05,0.172,-0.918086674278456,-1.2241672355869195,-2.1422539098653757
0.05,0.173,-0.9212227006988571,-1.2121361809529148,-2.133358881651772
0.05,0.174,-0.9243447479809621,-1.2001645389343867,-2.124509286915349
0.05,0.175,-0.9274528796388206,-1.188252309531335,-2.1157051891701557
0.05,0.176,-0.9305471584200352,-1.17639949274376,-2.106946651163795
0.05,0.177,-0.9336276463186818,-1.1646060885716611,-2.098233734890343
0.05,0.178,-0.9366944045879319,-1.1528720970150395,-2.089566501602971
0.05,0.179,-0.9397474937523967,-1.141197518073894,-2.080945011826291
0.05,0.18,-0.9427869736201882,-1.129582351748225,-2.0723693253684132
0.05,0.181,-0.9458129032947176,-1.118026598038033,-2.0638395013327506
0.05,0.182,-0.9488253411862263,-1.1065302569433173,-2.0553555981295437
0.05,0.183,-0.9518243450230693,-1.095093328464078,-2.0469176734871475
0.05,0.184,-0.9548099718627447,-1.0837158126003155,-2.03852578446306
0.05,0.185,-0.9577822781026877,-1.0723977093520296,-2.0301799874547175
0.05,0.186,-0.9607413194908274,-1.0611390187192202,-2.021880338210048
0.05,0.187,-0.9636871511359187,-1.0499397407018873,-2.013626891837806
0.05,0.188,-0.9666198275176481,-1.0387998753000312,-2.0054197028176795
0.05,0.189,-0.9695394024965296,-1.0277194225136517,-1.9972588250101813
0.05,0.19,-0.9724459293235844,-1.0166983823427482,-1.9891443116663328
0.05,0.191,-0.975339460649822,-1.0057367547873217,-1.9810762154371437
0.05,0.192,-0.9782200485355158,-0.9948345398473718,-1.9730545883828876
0.05,0.193,-0.981087744459291,-0.9839917375228984,-1.9650794819821895
0.05,0.194,-0.9839425993270179,-0.9732083478139014,-1.9571509471409194
0.05,0.195,-0.986784663480526,-0.9624843707203812,-1.9492690342009071
0.05,0.196,-0.9896139867061333,-0.9518198062423374,-1.9414337929484708
0.05,0.197,-0.9924306182430076,-0.9412146543797703,-1.933645272622778
0.05,0.198,-0.9952346067913489,-0.9306689151326795,-1.9259035219240284
0.05,0.199,-0.9980260005204148,-0.9201825885010656,-1.9182085890214804
0.05,0.2,-1.0008048470763757,-0.9097556744849281,-1.9105605215613037
0.05,0.201,-1.003571193590019,-0.8993881730842672,-1.9029593666742861
0.05,0.202,-1.0063250866842925,-0.8890800842990829,-1.8954051709833755
0.05,0.203,-1.0090665724817058,-0.8788314081293751,-1.887897980611081
0.05,0.204,-1.011795696611576,-0.8686421445751442,-1.8804378411867202
0.05,0.205,-1.014512504217139,-0.8585122936363895,-1.8730247978535286
0.05,0.206,-1.0172170399625151,-0.8484418553131113,-1.8656588952756263
0.05,0.207,-1.0199093480395425,-0.8384308296053099,-1.8583401776448523
0.05,0.208,-1.022589472174475,-0.8284792165129851,-1.85106868868746
0.05,0.209,-1.0252574556345546,-0.8185870160361366,-1.8438444716706912
0.05,0.21,-1.0279133412344512,-0.8087542281747647,-1.836667569409216
0.05,0.211,-1.0305571713425845,-0.7989808529288696,-1.829538024271454
0.05,0.212,-1.0331889878873233,-0.789266890298451,-1.8224558781857743
0.05,0.213,-1.0358088323630663,-0.7796123402835087,-1.815421172646575
0.05,0.214,-1.0384167458362088,-0.7700172028840434,-1.808433948720252
0.05,0.215,-1.0410127689509978,-0.7604814781000543,-1.801494247051052
0.05,0.216,-1.0435969419352753,-0.7510051659315419,-1.794602107866817
0.05,0.217,-1.046169304606117,-0.741588266378506,-1.7877575709846227
0.05,0.218,-1.0487298963753646,-0.7322307794409468,-1.7809606758163115
0.05,0.219,-1.0512787562550572,-0.7229327051188641,-1.7742114613739213
0.05,0.22,-1.0538159228627606,-0.7136940434122581,-1.7675099662750187
0.05,0.221,-1.0563414344268014,-0.7045147943211284,-1.76085622874793
0.05,0.222,-1.0588553287914046,-0.6953949578454753,-1.7542502866368799
0.05,0.223,-1.0613576434217369,-0.686334533985299,-1.747692177407036
0.05,0.224,-1.0638484154088608,-0.6773335227405991,-1.74118193814946
0.05,0.225,-1.0663276814745972,-0.6683919241113758,-1.734719605585973
0.05,0.226,-1.0687954779763034,-0.659509738097629,-1.7283052160739323
0.05,0.227,-1.0712518409115628,-0.6506869646993588,-1.7219388056109217
0.05,0.228,-1.0736968059227947,-0.6419236039165652,-1.71562040983936
0.05,0.229,-1.0761304083017782,-0.6332196557492482,-1.7093500640510264
0.05,0.23,-1.0785526829941008,-0.6245751201974078,-1.7031278031915087
0.05,0.231,-1.080963664603525,-0.6159899972610439,-1.6969536618645689
0.05,0.232,-1.0833633873962818,-0.6074642869401564,-1.6908276743364383
0.05,0.233,-1.0857518853052865,-0.5989979892347459,-1.6847498745400324
0.05,0.234,-1.088129191934284,-0.5905911041448115,-1.6787202960790955
0.05,0.235,-1.0904953405619193,-0.5822436316703542,-1.6727389722322736
0.05,0.236,-1.0928503641457428,-0.5739555718113731,-1.666805935957116
0.05,0.237,-1.0951942953261404,-0.5657269245678685,-1.6609212198940089
0.05,0.238,-1.0975271664302033,-0.5575576899398407,-1.655084856370044
0.05,0.239,-1.0998490094755262,-0.5494478679272893,-1.6492968774028154
0.05,0.24,-1.1021598561739456,-0.5413974585302145,-1.64355731470416
0.05,0.241,-1.1044597379352121,-0.5334064617486163,-1.6378661996838284
0.05,0.242,-1.1067486858706024,-0.5254748775824947,-1.632223563453097
0.05,0.243,-1.10902673079647,-0.5176027060318495,-1.6266294368283196
0.05,0.244,-1.1112939032377378,-0.509789947096681,-1.621083850334419
0.05,0.245,-1.1135502334313307,-0.502036600776989,-1.6155868342083197
0.05,0.246,-1.115795751329554,-0.4943426670727736,-1.6101384184023275
0.05,0.247,-1.1180304866034136,-0.48670814598403467,-1.6047386325874484
0.05,0.248,-1.120254468645884,-0.47913303751077246,-1.5993875061566565
0.05,0.249,-1.1224677265751195,-0.4716173416529868,-1.5940850682281063
0.05,0.25,-1.1246702892376166,-0.4641610584106777,-1.5888313476482943
0.05,0.251,-1.1268621852113239,-0.4567641877838451,-1.583626372995169
0.05,0.252,-1.1290434428086988,-0.4494267297724891,-1.5784701725811878
0.05,0.253,-1.1312140900797198,-0.44214868437660965,-1.5733627744563294
0.05,0.254,-1.1333741548148464,-0.4349300515962068,-1.568304206411053
0.05,0.255,-1.1355236645479332,-0.42777083143128053,-1.5632944959792137
0.05,0.256,-1.1376626465590973,-0.4206710238818308,-1.558333670440928
0.05,0.257,-1.139791127877541,-0.41363062894785757,-1.5534217568253985
0.05,0.258,-1.141909135284327,-0.406649646629361,-1.548558781913688
0.05,0.259,-1.1440166953151127,-0.399728076926341,-1.5437447722414537
0.05,0.26,-1.1461138342628407,-0.3928659198387975,-1.5389797541016383
0.05,0.261,-1.148200578180386,-0.38606317536673057,-1.5342637535471164
0.05,0.262,-1.150276952883162,-0.37931984351014025,-1.5295967963933021
0.05,0.263,-1.1523429839516879,-0.37263592426902653,-1.5249789082207144
0.05,0.264,-1.1543986967341133,-0.3660114176433893,-1.5204101143775026
0.05,0.265,-1.1564441163487065,-0.3594463236332287,-1.515890439981935
0.05,0.266,-1.1584792676863014,-0.3529406422385446,-1.511419909924846
0.05,0.267,-1.1605041754127097,-0.34649437345933715,-1.5069985488720468
0.05,0.268,-1.1625188639710948,-0.34010751729560623,-1.5026263812667011
0.05,0.269,-1.1645233575843086,-0.33378007374735186,-1.4983034313316606
0.05,0.27,-1.166517680257194,-0.3275120428145741,-1.494029723071768
0.05,0.271,-1.1685018557788527,-0.32130342449727284,-1.4898052802761255
0.05,0.272,-1.1704759077248768,-0.31515421879544814,-1.485630126520325
0.05,0.273,-1.1724398594595489,-0.3090644257091001,-1.4815042851686488
0.05,0.274,-1.1743937341380077,-0.3030340452382286,-1.4774277793762363
0.05,0.275,-1.1763375547083814,-0.29706307738283355,-1.473400632091215
0.05,0.276,-1.17827134391389,-0.2911515221429152,-1.4694228660568052
0.05,0.277,-1.180195124294915,-0.28529937951847334,-1.4654945038133882
0.05,0.278,-1.182108918191039,-0.2795066495095081,-1.4616155677005471
0.05,0.279,-1.1840127477430555,-0.2737733321160194,-1.457786079859075
0.05,0.28,-1.185906634894949,-0.2680994273380073,-1.4540060622329563
0.05,0.281,-1.187790601395844,-0.2624849351754717,-1.4502755365713156
0.05,0.282,-1.1896646688019281,-0.25692985562841303,-1.446594524430341
0.05,0.283,-1.1915288584783459,-0.2514341886968306,-1.4429630471751764
0.05,0.284,-1.1933831916010644,-0.24599793438072476,-1.4393811259817892
0.05,0.285,-1.1952276891587124,-0.24062109268009546,-1.435848781838808
0.05,0.286,-1.197062371954392,-0.2353036635949427,-1.4323660355493346
0.05,0.287,-1.1988872606074654,-0.23004564712526657,-1.428932907732732
0.05,0.288,-1.2007023755553157,-0.22484704327106694,-1.4255494188263826
0.05,0.289,-1.2025077370550796,-0.21970785203234391,-1.4222155890874235
0.05,0.29,-1.20430336518536,-0.21462807340909743,-1.4189314385944576
0.05,0.291,-1.2060892798479086,-0.20960770740132753,-1.4156969872492362
0.05,0.292,-1.2078655007692904,-0.20464675400903423,-1.4125122547783246
0.05,0.293,-1.2096320475025186,-0.19974521323221744,-1.4093772607347361
0.05,0.294,-1.2113889394286717,-0.19490308507087728,-1.406292024499549
0.05,0.295,-1.2131361957584814,-0.19012036952501365,-1.403256565283495
0.05,0.296,-1.2148738355339068,-0.1853970665946266,-1.4002709021285333
0.05,0.297,-1.2166018776296754,-0.18073317627971608,-1.3973350539093916
0.05,0.298,-1.2183203407548142,-0.17612869858028216,-1.3944490393350963
0.05,0.299,-1.2200292434541482,-0.1715836334963248,-1.391612876950473
0.05,0.3,-1.221728604109787,-0.16709798102784398,-1.388826585137631
0.05,0.301,-1.2234184409425841,-0.1626717411748398,-1.3860901821174239
0.05,0.302,-1.2250987720135809,-0.1583049139373121,-1.383403685950893
0.05,0.303,-1.2267696152254262,-0.15399749931526102,-1.3807671145406872
0.05,0.304,-1.2284309883237792,-0.1497494973086865,-1.3781804856324658
0.05,0.305,-1.2300829088986918,-0.14556090791758855,-1.3756438168162803
0.05,0.306,-1.2317253943859725,-0.14143173114196714,-1.3731571255279396
0.05,0.307,-1.2333584620685292,-0.13736196698182232,-1.3707204290503514
0.05,0.308,-1.2349821290776974,-0.13335161543715407,-1.3683337445148516
0.05,0.309,-1.2365964123945474,-0.1294006765079624,-1.36599708890251
0.05,0.31,-1.2382013288511742,-0.12550915019424724,-1.3637104790454213
0.05,0.311,-1.239796895131969,-0.12167703649600867,-1.3614739316279776
0.05,0.312,-1.2413831277748764,-0.1179043354132467,-1.359287463188123
0.05,0.313,-1.24296004317263,-0.11419104694596127,-1.3571510901185913
0.05,0.314,-1.2445276575739763,-0.11053717109415241,-1.3550648286681288
0.05,0.315,-1.2460859870848764,-0.10694270785782013,-1.3530286949426966
0.05,0.316,-1.247635047669697,-0.10340765723696439,-1.3510427049066613
0.05,0.317,-1.249174855152379,-0.09993201923158525,-1.3491068743839643
0.05,0.318,-1.2507054252175993,-0.09651579384168264,-1.347221219059282
0.05,0.319,-1.2522267734119072,-0.09315898106725663,-1.3453857544791639
0.05,0.32,-1.2537389151448528,-0.08986158090830718,-1.34360049605316
0.05,0.321,-1.2552418656900945,-0.08662359336483429,-1.3418654590549288
0.05,0.322,-1.2567356401864989,-0.08344501843683796,-1.340180658623337
0.05,0.323,-1.2582202536392175,-0.08032585612431821,-1.3385461097635358
0.05,0.324,-1.259695720920757,-0.07726610642727502,-1.3369618273480322
0.05,0.325,-1.2611620567720294,-0.07426576934570839,-1.335427826117738
0.05,0.326,-1.2626192758033907,-0.07132484487961833,-1.3339441206830092
0.05,0.327,-1.2640673924956667,-0.06844333302900485,-1.3325107255246715
0.05,0.328,-1.2655064212011629,-0.06562123379386793,-1.3311276549950308
0.05,0.329,-1.2669363761446624,-0.06285854717420757,-1.32979492331887
0.05,0.33,-1.2683572714244113,-0.060155273170023775,-1.328512544594435
0.05,0.331,-1.2697691210130888,-0.05751141178131655,-1.3272805327944053
0.05,0.332,-1.271171938758767,-0.0549269630080859,-1.326098901766853
0.05,0.333,-1.2725657383858564,-0.05240192685033182,-1.3249676652361881
0.05,0.334,-1.27395053349604,-0.049936303308054306,-1.3238868368040941
0.05,0.335,-1.2753263375691937,-0.047530092381253344,-1.322856429950447
0.05,0.336,-1.2766931639642967,-0.04518329406992895,-1.3218764580342257
0.05,0.337,-1.2780510259203286,-0.04289590837408114,-1.3209469342944098
0.05,0.338,-1.2793999365571547,-0.040667935293709885,-1.3200678718508645
0.05,0.339,-1.2807399088763995,-0.0384993748288152,-1.3192392837052147
0.05,0.34,-1.2820709557623113,-0.036390226979397075,-1.3184611827417083
0.05,0.341,-1.283393089982611,-0.03434049174545552,-1.3177335817280664
0.05,0.342,-1.2847063241893348,-0.032350169126990534,-1.3170564933163253
0.05,0.343,-1.2860106709196613,-0.030419259124002118,-1.3164299300436633
0.05,0.344,-1.2873061425967312,-0.02854776173649037,-1.3158539043332216
0.05,0.345,-1.2885927515304556,-0.02673567696445508,-1.3153284284949107
0.05,0.346,-1.289870509918313,-0.02498300480789636,-1.3148535147262093
0.05,0.347,-1.291139429846135,-0.023289745266814203,-1.314429175112949
0.05,0.348,-1.2923995232888845,-0.021655898341208617,-1.314055421630093
0.05,0.349,-1.2936508021114228,-0.020081464031079594,-1.3137322661425024
0.05,0.35,-1.294893278069265,-0.01856644233642714,-1.3134597204056921
0.05,0.351,-1.2961269628093275,-0.01711083325725125,-1.3132377960665786
0.05,0.352,-1.2973518678706657,-0.01571463679355193,-1.3130665046642176
0.05,0.353,-1.298568004685201,-0.014377852945329176,-1.3129458576305302
0.05,0.354,-1.29977538457844,-0.01310048171258299,-1.3128758662910232
0.05,0.355,-1.3009740187701824,-0.011882523095313369,-1.3128565418654958
0.05,0.356,-1.302163918375221,-0.010723977093520316,-1.3128878954687413
0.05,0.357,-1.3033450944040332,-0.009624843707203828,-1.312969938111237
0.05,0.358,-1.3045175577634625,-0.008585122936363909,-1.3131026806998263
0.05,0.359,-1.305681319257391,-0.007604814781000557,-1.3132861340383917
0.05,0.36,-1.3068363895874036,-0.00668391924111377,-1.3135203088285172
0.05,0.361,-1.3079827793534444,-0.005822436316703551,-1.313805215670148
0.05,0.362,-1.309120499054464,-0.0050203660077698985,-1.314140865062234
0.05,0.363,-1.3102495590890564,-0.004277708314312813,-1.3145272674033692
0.05,0.364,-1.3113699697560914,-0.003594463236332294,-1.3149644329924237
0.05,0.365,-1.3124817412553371,-0.0029706307738283423,-1.3154523720291655
0.05,0.366,-1.3135848836880715,-0.002406210926800957,-1.3159910946148725
0.05,0.367,-1.3146794070576924,-0.0019012036952501393,-1.3165806107529425
0.05,0.368,-1.315765321270313,-0.0014556090791758877,-1.317220930349489
0.05,0.369,-1.316842636135354,-0.0010694270785782032,-1.3179120632139323
0.05,0.37,-1.3179113613661255,-0.0007426576934570856,-1.3186540190595826
0.05,0.371,-1.318971506580403,-0.00047530092381253483,-1.3194468075042156
0.05,0.372,-1.3200230813009957,-0.0002673567696445508,-1.3202904380706402
0.05,0.373,-1.3210660949563051,-0.00011882523095313371,-1.3211849201872583
0.05,0.374,-1.3221005568808808,-0.000029706307738283427,-1.3221302631886191
0.05,0.375,-1.3231264763159643,-0,-1.3231264763159643
0.05,0.376,-1.3241438624100277,-0.000029706307738283427,-1.324173568717766
0.05,0.377,-1.3251527242193073,-0.00011882523095313371,-1.3252715494502605
0.05,0.378,-1.3261530707083267,-0.0002673567696445508,-1.3264204274779712
0.05,0.379,-1.3271449107504143,-0.00047530092381253483,-1.3276202116742268
0.05,0.38,-1.3281282531282161,-0.0007426576934570856,-1.3288709108216732
0.05,0.381,-1.3291031065341978,-0.0010694270785782032,-1.330172533612776
0.05,0.382,-1.330069479571145,-0.0014556090791758877,-1.331525088650321
0.05,0.383,-1.3310273807526507,-0.0019012036952501393,-1.3329285844479009
0.05,0.384,-1.3319768185036036,-0.002406210926800957,-1.3343830294304047
0.05,0.385,-1.3329178011606633,-0.0029706307738283423,-1.3358884319344917
0.05,0.386,-1.3338503369727337,-0.003594463236332294,-1.337444800209066
0.05,0.387,-1.3347744341014278,-0.004277708314312813,-1.3390521424157407
0.05,0.388,-1.3356901006215267,-0.0050203660077698985,-1.3407104666292966
0.05,0.389,-1.3365973445214334,-0.005822436316703551,-1.342419780838137
0.05,0.39,-1.3374961737036188,-0.00668391924111377,-1.3441800929447325
0.05,0.391,-1.3383865959850634,-0.007604814781000557,-1.345991410766064
0.05,0.392,-1.3392686190976923,-0.008585122936363909,-1.3478537420340562
0.05,0.393,-1.3401422506888037,-0.009624843707203828,-1.3497670943960074
0.05,0.394,-1.3410074983214932,-0.010723977093520316,-1.3517314754150136
0.05,0.395,-1.3418643694750698,-0.011882523095313369,-1.3537468925703833
0.05,0.396,-1.3427128715454693,-0.01310048171258299,-1.3558133532580523
0.05,0.397,-1.3435530118456593,-0.014377852945329176,-1.3579308647909885
0.05,0.398,-1.344384797606041,-0.01571463679355193,-1.360099434399593
0.05,0.399,-1.3452082359748436,-0.01711083325725125,-1.3623190692320948
0.05,0.4,-1.346023334018513,-0.01856644233642714,-1.3645897763549402
0.05,0.401,-1.3468300987220974,-0.020081464031079594,-1.366911562753177
0.05,0.402,-1.3476285369896255,-0.021655898341208617,-1.369284435330834
0.05,0.403,-1.3484186556444808,-0.023289745266814203,-1.371708400911295
0.05,0.404,-1.349200461429768,-0.02498300480789636,-1.3741834662376642
0.05,0.405,-1.3499739610086778,-0.02673567696445508,-1.376709637973133
0.05,0.406,-1.350739160964845,-0.02854776173649037,-1.3792869227013353
0.05,0.407,-1.3514960678026995,-0.030419259124002118,-1.3819153269267015
0.05,0.408,-1.3522446879478154,-0.032350169126990534,-1.384594857074806
0.05,0.409,-1.3529850277472542,-0.03434049174545552,-1.3873255194927097
0.05,0.41,-1.3537170934699012,-0.036390226979397075,-1.3901073204492982
0.05,0.411,-1.3544408913068002,-0.0384993748288152,-1.3929402661356154
0.05,0.412,-1.3551564273714791,-0.040667935293709885,-1.395824362665189
0.05,0.413,-1.355863707700276,-0.04289590837408114,-1.3987596160743572
0.05,0.414,-1.3565627382526548,-0.04518329406992895,-1.4017460323225839
0.05,0.415,-1.3572535249115227,-0.047530092381253344,-1.4047836172927761
0.05,0.416,-1.357936073483534,-0.049936303308054306,-1.4078723767915882
0.05,0.417,-1.3586103896993995,-0.05240192685033182,-1.4110123165497312
0.05,0.418,-1.3592764792141843,-0.0549269630080859,-1.4142034422222702
0.05,0.419,-1.3599343476076018,-0.05751141178131655,-1.4174457593889183
0.05,0.42,-1.360584000384307,-0.060155273170023775,-1.4207392735543307
0.05,0.421,-1.3612254429741806,-0.06285854717420757,-1.4240839901483882
0.05,0.422,-1.3618586807326118,-0.06562123379386793,-1.4274799145264798
0.05,0.423,-1.362483718940776,-0.06844333302900485,-1.4309270519697808
0.05,0.424,-1.363100562805907,-0.07132484487961833,-1.4344254076855254
0.05,0.425,-1.3637092174615668,-0.07426576934570839,-1.437974986807275
0.05,0.426,-1.3643096879679082,-0.07726610642727502,-1.4415757943951832
0.05,0.427,-1.3649019793119372,-0.08032585612431821,-1.4452278354362555
0.05,0.428,-1.3654860964077673,-0.08344501843683796,-1.4489311148446054
0.05,0.429,-1.3660620440968718,-0.08662359336483429,-1.452685637461706
0.05,0.43,-1.3666298271483317,-0.08986158090830718,-1.456491408056639
0.05,0.431,-1.367189450259079,-0.09315898106725663,-1.4603484313263355
0.05,0.432,-1.367740918054135,-0.09651579384168264,-1.4642567118958176
0.05,0.433,-1.3682842350868472,-0.09993201923158525,-1.4682162543184325
0.05,0.434,-1.3688194058391197,-0.10340765723696439,-1.472227063076084
0.05,0.435,-1.3693464347216406,-0.10694270785782013,-1.4762891425794609
0.05,0.436,-1.3698653260741056,-0.11053717109415241,-1.4804024971682581
0.05,0.437,-1.370376084165437,-0.11419104694596127,-1.4845671311113984
0.05,0.438,-1.3708787131939983,-0.1179043354132467,-1.488783048607245
0.05,0.439,-1.3713732172878084,-0.12167703649600867,-1.493050253783817
0.05,0.44,-1.3718596005047456,-0.12550915019424724,-1.497368750698993
0.05,0.441,-1.372337866832755,-0.1294006765079624,-1.5017385433407173
0.05,0.442,-1.3728080201900459,-0.13335161543715407,-1.5061596356272
0.05,0.443,-1.3732700644252895,-0.13736196698182232,-1.5106320314071118
0.05,0.444,-1.373724003317811,-0.14143173114196714,-1.5151557344597781
0.05,0.445,-1.3741698405777778,-0.14556090791758855,-1.5197307484953664
0.05,0.446,-1.3746075798463866,-0.1497494973086865,-1.5243570771550732
0.05,0.447,-1.3750372246960414,-0.15399749931526102,-1.5290347240113025
0.05,0.448,-1.3754587786305341,-0.1583049139373121,-1.5337636925678462
0.05,0.449,-1.375872245085218,-0.1626717411748398,-1.5385439862600578
0.05,0.45,-1.3762776274271769,-0.16709798102784398,-1.5433756084550208
0.05,0.451,-1.3766749289553935,-0.1715836334963248,-1.5482585624517182
0.05,0.452,-1.3770641529009122,-0.17612869858028216,-1.5531928514811943
0.05,0.453,-1.377445302426998,-0.18073317627971608,-1.558178478706714
0.05,0.454,-1.3778183806292938,-0.1853970665946266,-1.5632154472239204
0.05,0.455,-1.3781833905359733,-0.19012036952501365,-1.5683037600609868
0.05,0.456,-1.3785403351078882,-0.19490308507087728,-1.5734434201787655
0.05,0.457,-1.378889217238717,-0.19974521323221744,-1.5786344304709345
0.05,0.458,-1.3792300397551043,-0.20464675400903423,-1.5838767937641385
0.05,0.459,-1.3795628054168008,-0.20960770740132753,-1.5891705128181284
0.05,0.46,-1.379887516916799,-0.21462807340909743,-1.5945155903258965
0.05,0.461,-1.3802041768814652,-0.21970785203234391,-1.5999120289138091
0.05,0.462,-1.3805127878706673,-0.22484704327106694,-1.6053598311417343
0.05,0.463,-1.3808133523779007,-0.23004564712526657,-1.6108589995031672
0.05,0.464,-1.3811058728304095,-0.2353036635949427,-1.6164095364253521
0.05,0.465,-1.3813903515893058,-0.24062109268009546,-1.6220114442694014
0.05,0.466,-1.381666790949684,-0.24599793438072476,-1.6276647253304088
0.05,0.467,-1.381935193140734,-0.2514341886968306,-1.6333693818375645
0.05,0.468,-1.3821955603258473,-0.25692985562841303,-1.6391254159542603
0.05,0.469,-1.3824478946027252,-0.2624849351754717,-1.6449328297781969
0.05,0.47,-1.3826921980034785,-0.2680994273380073,-1.6507916253414858
0.05,0.471,-1.3829284724947277,-0.2737733321160194,-1.6567018046107471
0.05,0.472,-1.3831567199776977,-0.2795066495095081,-1.662663369487206
0.05,0.473,-1.3833769422883095,-0.28529937951847334,-1.6686763218067828
0.05,0.474,-1.383589141197271,-0.2911515221429152,-1.6747406633401862
0.05,0.475,-1.3837933184101598,-0.29706307738283355,-1.6808563957929934
0.05,0.476,-1.38398947556751,-0.3030340452382286,-1.6870235208057385
0.05,0.477,-1.3841776142448872,-0.3090644257091001,-1.6932420399539874
0.05,0.478,-1.3843577359529673,-0.31515421879544814,-1.6995119547484154
0.05,0.479,-1.384529842137609,-0.32130342449727284,-1.7058332666348819
0.05,0.48,-1.384693934179923,-0.3275120428145741,-1.712205976994497
0.05,0.481,-1.3848500133963395,-0.33378007374735186,-1.7186300871436915
0.05,0.482,-1.3849980810386708,-0.34010751729560623,-1.7251055983342771
0.05,0.483,-1.385138138294173,-0.34649437345933715,-1.73163251175351
0.05,0.484,-1.3852701862856018,-0.3529406422385446,-1.7382108285241464
0.05,0.485,-1.3853942260712673,-0.3594463236332287,-1.744840549704496
0.05,0.486,-1.3855102586450845,-0.3660114176433893,-1.7515216762884738
0.05,0.487,-1.385618284936622,-0.37263592426902653,-1.7582542092056486
0.05,0.488,-1.3857183058111464,-0.37931984351014025,-1.7650381493212866
0.05,0.489,-1.3858103220696634,-0.38606317536673057,-1.7718734974363939
0.05,0.49,-1.3858943344489565,-0.3928659198387975,-1.778760254287754
0.05,0.491,-1.3859703436216226,-0.399728076926341,-1.7856984205479636
0.05,0.492,-1.3860383501961053,-0.406649646629361,-1.7926879968254663
0.05,0.493,-1.3860983547167218,-0.41363062894785757,-1.7997289836645793
0.05,0.494,-1.3861503576636915,-0.4206710238818308,-1.8068213815455223
0.05,0.495,-1.3861943594531572,-0.42777083143128053,-1.8139651908844376
0.05,0.496,-1.3862303604372066,-0.4349300515962068,-1.8211604120334135
0.05,0.497,-1.3862583609038874,-0.44214868437660965,-1.828407045280497
0.05,0.498,-1.3862783610772236,-0.4494267297724891,-1.8357050908497126
0.05,0.499,-1.386290361117224,-0.4567641877838451,-1.843054548901069
0.05,0.5,-1.3862943611198906,-0.4641610584106777,-1.8504554195305682
0.05,0.501,-1.386290361117224,-0.4716173416529868,-1.8579077027702107
0.05,0.502,-1.3862783610772236,-0.47913303751077246,-1.865411398587996
0.05,0.503,-1.3862583609038874,-0.48670814598403467,-1.8729665068879222
0.05,0.504,-1.3862303604372066,-0.4943426670727736,-1.8805730275099801
0.05,0.505,-1.3861943594531572,-0.502036600776989,-1.8882309602301461
0.05,0.506,-1.3861503576636915,-0.509789947096681,-1.8959403047603725
0.05,0.507,-1.3860983547167218,-0.5176027060318495,-1.9037010607485714
0.05,0.508,-1.3860383501961053,-0.5254748775824947,-1.9115132277786
0.05,0.509,-1.3859703436216226,-0.5334064617486163,-1.919376805370239
0.05,0.51,-1.3858943344489565,-0.5413974585302145,-1.927291792979171
0.05,0.511,-1.3858103220696634,-0.5494478679272893,-1.9352581899969525
0.05,0.512,-1.3857183058111464,-0.5575576899398407,-1.943275995750987
0.05,0.513,-1.385618284936622,-0.5657269245678685,-1.9513452095044905
0.05,0.514,-1.3855102586450845,-0.5739555718113731,-1.9594658304564576
0.05,0.515,-1.3853942260712673,-0.5822436316703542,-1.9676378577416216
0.05,0.516,-1.3852701862856018,-0.5905911041448118,-1.9758612904304136
0.05,0.517,-1.385138138294173,-0.598997989234746,-1.9841361275289189
0.05,0.518,-1.3849980810386708,-0.6074642869401569,-1.9924623679788276
0.05,0.519,-1.3848500133963395,-0.6159899972610441,-2.0008400106573836
0.05,0.52,-1.384693934179923,-0.624575120197408,-2.009269054377331
0.05,0.521,-1.384529842137609,-0.6332196557492484,-2.0177494978868573
0.05,0.522,-1.3843577359529673,-0.6419236039165656,-2.026281339869533
0.05,0.523,-1.3841776142448872,-0.6506869646993592,-2.034864578944246
0.05,0.524,-1.38398947556751,-0.6595097380976293,-2.043499213665139
0.05,0.525,-1.3837933184101598,-0.6683919241113759,-2.052185242521536
0.05,0.526,-1.383589141197271,-0.6773335227405993,-2.06092266393787
0.05,0.527,-1.3833769422883095,-0.6863345339852992,-2.069711476273609
0.05,0.528,-1.3831567199776977,-0.6953949578454756,-2.078551677823173
0.05,0.529,-1.3829284724947277,-0.7045147943211286,-2.0874432668158565
0.05,0.53,-1.3826921980034785,-0.7136940434122582,-2.0963862414157366
0.05,0.531,-1.3824478946027252,-0.7229327051188643,-2.1053805997215895
0.05,0.532,-1.3821955603258473,-0.7322307794409469,-2.114426339766794
0.05,0.533,-1.3819351931407338,-0.7415882663785064,-2.12352345951924
0.05,0.534,-1.381666790949684,-0.7510051659315421,-2.132671956881226
0.05,0.535,-1.3813903515893058,-0.7604814781000546,-2.1418718296893604
0.05,0.536,-1.3811058728304095,-0.7700172028840435,-2.151123075714453
0.05,0.537,-1.3808133523779007,-0.7796123402835091,-2.16042569266141
0.05,0.538,-1.3805127878706673,-0.7892668902984512,-2.1697796781691183
0.05,0.539,-1.380204176881465,-0.7989808529288698,-2.179185029810335
0.05,0.54,-1.379887516916799,-0.808754228174765,-2.188641745091564
0.05,0.541,-1.3795628054168008,-0.8185870160361369,-2.1981498214529376
0.05,0.542,-1.3792300397551043,-0.8284792165129852,-2.2077092562680893
0.05,0.543,-1.378889217238717,-0.8384308296053101,-2.2173200468440273
0.05,0.544,-1.3785403351078884,-0.8484418553131117,-2.2269821904210003
0.05,0.545,-1.378183390535973,-0.8585122936363897,-2.236695684172363
0.05,0.546,-1.3778183806292938,-0.8686421445751443,-2.246460525204438
0.05,0.547,-1.377445302426998,-0.8788314081293757,-2.2562767105563735
0.05,0.548,-1.3770641529009122,-0.8890800842990834,-2.2661442371999954
0.05,0.549,-1.3766749289553935,-0.8993881730842678,-2.2760631020396613
0.05,0.55,-1.3762776274271769,-0.9097556744849288,-2.2860333019121057
0.05,0.551,-1.375872245085218,-0.9201825885010663,-2.2960548335862843
0.05,0.552,-1.3754587786305341,-0.9306689151326802,-2.3061276937632145
0.05,0.553,-1.3750372246960412,-0.9412146543797708,-2.316251879075812
0.05,0.554,-1.3746075798463866,-0.9518198062423378,-2.3264273860887243
0.05,0.555,-1.3741698405777778,-0.9624843707203818,-2.3366542112981596
0.05,0.556,-1.373724003317811,-0.9732083478139021,-2.3469323511317133
0.05,0.557,-1.3732700644252893,-0.983991737522899,-2.357261801948188
0.05,0.558,-1.372808020190046,-0.9948345398473722,-2.3676425600374182
0.05,0.559,-1.372337866832755,-1.0057367547873224,-2.3780746216200774
0.05,0.56,-1.3718596005047456,-1.016698382342749,-2.3885579828474945
0.05,0.561,-1.3713732172878084,-1.0277194225136521,-2.3990926398014603
0.05,0.562,-1.3708787131939983,-1.0387998753000316,-2.40967858849403
0.05,0.563,-1.370376084165437,-1.049939740701887,-2.420315824867324
0.05,0.564,-1.3698653260741058,-1.0611390187192198,-2.4310043447933256
0.05,0.565,-1.3693464347216406,-1.0723977093520292,-2.44174414407367
0.05,0.566,-1.3688194058391194,-1.083715812600315,-2.4525352184394347
0.05,0.567,-1.3682842350868472,-1.0950933284640776,-2.4633775635509245
0.05,0.568,-1.367740918054135,-1.1065302569433169,-2.474271174997452
0.05,0.569,-1.367189450259079,-1.1180265980380324,-2.4852160482971115
0.05,0.57,-1.366629827148332,-1.1295823517482246,-2.4962121788965566
0.05,0.571,-1.3660620440968718,-1.1411975180738934,-2.5072595621707654
0.05,0.572,-1.3654860964077673,-1.1528720970150388,-2.518358193422806
0.05,0.573,-1.3649019793119372,-1.1646060885716607,-2.529508067883598
0.05,0.574,-1.3643096879679082,-1.1763994927437593,-2.5407091807116675
0.05,0.575,-1.3637092174615668,-1.1882523095313342,-2.5519615269929012
0.05,0.576,-1.3631005628059072,-1.200164538934386,-2.563265101740293
0.05,0.577,-1.362483718940776,-1.2121361809529143,-2.5746198998936904
0.05,0.578,-1.3618586807326118,-1.2241672355869189,-2.5860259163195307
0.05,0.579,-1.3612254429741806,-1.2362577028364004,-2.597483145810581
0.05,0.58,-1.360584000384307,-1.2484075827013583,-2.6089915830856656
0.05,0.581,-1.3599343476076018,-1.2606168751817926,-2.6205512227893943
0.05,0.582,-1.3592764792141843,-1.2728855802777035,-2.632162059491888
0.05,0.583,-1.3586103896993995,-1.2852136979890914,-2.6438240876884906
0.05,0.584,-1.357936073483534,-1.2976012283159555,-2.655537301799489
0.05,0.585,-1.3572535249115227,-1.3100481712582963,-2.667301696169819
0.05,0.586,-1.356562738252655,-1.3225545268161134,-2.6791172650687685
0.05,0.587,-1.355863707700276,-1.3351202949894074,-2.6909840026896834
0.05,0.588,-1.3551564273714791,-1.3477454757781777,-2.702901903149657
0.05,0.589,-1.3544408913068002,-1.360430069182425,-2.7148709604892254
0.05,0.59,-1.3537170934699014,-1.3731740752021484,-2.72689116867205
0.05,0.591,-1.3529850277472542,-1.3859774938373486,-2.738962521584603
0.05,0.592,-1.3522446879478154,-1.398840325088025,-2.7510850130358406
0.05,0.593,-1.3514960678026995,-1.4117625689541784,-2.763258636756878
0.05,0.594,-1.350739160964845,-1.4247442254358085,-2.775483386400653
0.05,0.595,-1.3499739610086778,-1.4377852945329148,-2.7877592555415927
0.05,0.596,-1.349200461429768,-1.4508857762454976,-2.8000862376752655
0.05,0.597,-1.3484186556444808,-1.4640456705735572,-2.8124643262180378
0.05,0.598,-1.3476285369896255,-1.4772649775170934,-2.824893514506719
0.05,0.599,-1.3468300987220974,-1.4905436970761061,-2.8373737957982037
0.05,0.6,-1.346023334018513,-1.5038818292505953,-2.849905163269108
0.05,0.601,-1.3452082359748436,-1.517279374040561,-2.8624876100154046
0.05,0.602,-1.344384797606041,-1.5307363314460036,-2.8751211290520446
0.05,0.603,-1.3435530118456593,-1.5442527014669223,-2.8878057133125816
0.05,0.604,-1.3427128715454693,-1.557828484103318,-2.9005413556487873
0.05,0.605,-1.3418643694750698,-1.57146367935519,-2.9133280488302598
0.05,0.606,-1.3410074983214932,-1.5851582872225385,-2.9261657855440317
0.05,0.607,-1.3401422506888037,-1.598912307705364,-2.939054558394168
0.05,0.608,-1.3392686190976923,-1.6127257408036657,-2.951994359901358
0.05,0.609,-1.3383865959850634,-1.626598586517444,-2.9649851825025073
0.05,0.61,-1.3374961737036188,-1.640530844846699,-2.9780270185503177
0.05,0.611,-1.3365973445214334,-1.6545225157914303,-2.991119860312864
0.05,0.612,-1.3356901006215267,-1.6685735993516384,-3.004263699973165
0.05,0.613,-1.3347744341014278,-1.6826840955273232,-3.017458529628751
0.05,0.614,-1.3338503369727337,-1.6968540043184845,-3.0307043412912185
0.05,0.615,-1.3329178011606633,-1.7110833257251221,-3.044001126885785
0.05,0.616,-1.3319768185036036,-1.725372059747236,-3.0573488782508393
0.05,0.617,-1.3310273807526507,-1.7397202063848272,-3.070747587137478
0.05,0.618,-1.330069479571145,-1.7541277656378946,-3.0841972452090394
0.05,0.619,-1.3291031065341978,-1.7685947375064386,-3.0976978440406366
0.05,0.62,-1.3281282531282161,-1.7831211219904592,-3.1112493751186756
0.05,0.621,-1.3271449107504143,-1.7977069190899564,-3.1248518298403707
0.05,0.622,-1.3261530707083267,-1.8123521288049302,-3.138505199513257
0.05,0.623,-1.3251527242193073,-1.8270567511353804,-3.1522094753546877
0.05,0.624,-1.3241438624100277,-1.8418207860813072,-3.165964648491335
0.05,0.625,-1.3231264763159643,-1.8566442336427107,-3.179770709958675
0.05,0.626,-1.3221005568808808,-1.8715270938195905,-3.1936276507004715
0.05,0.627,-1.3210660949563051,-1.8864693666119472,-3.207535461568252
0.05,0.628,-1.3200230813009957,-1.9014710520197802,-3.2214941333207756
0.05,0.629,-1.318971506580403,-1.9165321500430899,-3.235503656623493
0.05,0.63,-1.3179113613661255,-1.9316526606818762,-3.249564022048002
0.05,0.631,-1.316842636135354,-1.9468325839361387,-3.2636752200714927
0.05,0.632,-1.315765321270313,-1.962071919805878,-3.277837241076191
0.05,0.633,-1.3146794070576924,-1.9773706682910943,-3.2920500753487865
0.05,0.634,-1.3135848836880715,-1.9927288293917869,-3.3063137130798586
0.05,0.635,-1.3124817412553371,-2.008146403107956,-3.320628144363293
0.05,0.636,-1.3113699697560914,-2.023623389439601,-3.3349933591956926
0.05,0.637,-1.3102495590890564,-2.039159788386724,-3.3494093474757802
0.05,0.638,-1.309120499054464,-2.0547555999493223,-3.3638760990037864
0.05,0.639,-1.3079827793534444,-2.070410824127398,-3.3783936034808426
0.05,0.64,-1.3068363895874036,-2.08612546092095,-3.392961850508353
0.05,0.641,-1.305681319257391,-2.1018995103299787,-3.4075808295873697
0.05,0.642,-1.3045175577634625,-2.1177329723544833,-3.422250530117946
0.05,0.643,-1.3033450944040332,-2.133625846994465,-3.4369709413984983
0.05,0.644,-1.302163918375221,-2.149578134249923,-3.451742052625144
0.05,0.645,-1.3009740187701824,-2.165589834120858,-3.4665638528910403
0.05,0.646,-1.29977538457844,-2.1816609466072694,-3.4814363311857095
0.05,0.647,-1.298568004685201,-2.197791471709157,-3.496359476394358
0.05,0.648,-1.2973518678706657,-2.2139814094265216,-3.5113332772971875
0.05,0.649,-1.2961269628093275,-2.2302307597593627,-3.52635772256869
0.05,0.65,-1.294893278069265,-2.24653952270768,-3.541432800776945
0.05,0.651,-1.2936508021114228,-2.262907698271474,-3.556558500382897
0.05,0.652,-1.2923995232888845,-2.2793352864507455,-3.57173480973963
0.05,0.653,-1.291139429846135,-2.2958222872454925,-3.5869617170916275
0.05,0.654,-1.289870509918313,-2.3123687006557163,-3.6022392105740293
0.05,0.655,-1.2885927515304556,-2.328974526681417,-3.6175672782118724
0.05,0.656,-1.2873061425967312,-2.345639765322594,-3.632945907919325
0.05,0.657,-1.286010670919661,-2.362364416579247,-3.6483750874989083
0.05,0.658,-1.2847063241893348,-2.3791484804513776,-3.6638548046407124
0.05,0.659,-1.283393089982611,-2.395991956938984,-3.679385046921595
0.05,0.66,-1.2820709557623111,-2.4128948460420676,-3.6949658018043787
0.05,0.661,-1.2807399088763995,-2.4298571477606274,-3.710597056637027
0.05,0.662,-1.2793999365571547,-2.4468788620946635,-3.726278798651818
0.05,0.663,-1.2780510259203286,-2.4639599890441763,-3.742011014964505
0.05,0.664,-1.2766931639642967,-2.4811005286091663,-3.757793692573463
0.05,0.665,-1.2753263375691937,-2.498300480789632,-3.7736268183588257
0.05,0.666,-1.2739505334960397,-2.5155598455855745,-3.789510379081614
0.05,0.667,-1.2725657383858564,-2.5328786229969937,-3.8054443613828504
0.05,0.668,-1.271171938758767,-2.5502568130238896,-3.8214287517826566
0.05,0.669,-1.2697691210130886,-2.567694415666262,-3.837463536679351
0.05,0.67,-1.2683572714244113,-2.5851914309241106,-3.853548702348522
0.05,0.671,-1.2669363761446624,-2.6027478587974366,-3.869684234942099
0.05,0.672,-1.2655064212011626,-2.6203636992862385,-3.885870120487401
0.05,0.673,-1.2640673924956667,-2.638038952390517,-3.9021063448861835
0.05,0.674,-1.2626192758033907,-2.6557736181102722,-3.918392893913663
0.05,0.675,-1.2611620567720294,-2.6735676964455037,-3.934729753217533
0.05,0.676,-1.259695720920757,-2.6914211873962124,-3.9511169083169695
0.05,0.677,-1.2582202536392175,-2.7093340909623973,-3.9675543446016146
0.05,0.678,-1.2567356401864989,-2.7273064071440585,-3.9840420473305573
0.05,0.679,-1.2552418656900945,-2.745338135941197,-4.000580001631292
0.05,0.68,-1.2537389151448526,-2.763429277353811,-4.017168192498664
0.05,0.681,-1.2522267734119072,-2.7815798313819022,-4.03380660479381
0.05,0.682,-1.2507054252175993,-2.7997897980254702,-4.05049522324307
0.05,0.683,-1.2491748551523787,-2.8180591772845145,-4.067234032436893
0.05,0.684,-1.2476350476696965,-2.8363879691590355,-4.084023016828732
0.05,0.685,-1.2460859870848764,-2.8547761736490327,-4.100862160733909
0.05,0.686,-1.2445276575739763,-2.8732237907545066,-4.117751448328483
0.05,0.687,-1.2429600431726302,-2.8917308204754573,-4.134690863648087
0.05,0.688,-1.2413831277748764,-2.9102972628118824,-4.151680390586758
0.05,0.689,-1.2397968951319691,-2.928923117763786,-4.168720012895755
0.05,0.69,-1.2382013288511742,-2.9476083853311663,-4.185809714182341
0.05,0.691,-1.2365964123945477,-2.9663530655140233,-4.202949477908571
0.05,0.692,-1.2349821290776974,-2.9851571583123566,-4.2201392873900545
0.05,0.693,-1.2333584620685292,-3.004020663726166,-4.237379125794695
0.05,0.694,-1.2317253943859725,-3.022943581755453,-4.254668976141425
0.05,0.695,-1.2300829088986918,-3.0419259124002163,-4.272008821298908
0.05,0.696,-1.2284309883237792,-3.060967655660456,-4.289398643984235
0.05,0.697,-1.2267696152254262,-3.080068811536172,-4.306838426761598
0.05,0.698,-1.225098772013581,-3.099229380027365,-4.3243281520409464
0.05,0.699,-1.2234184409425843,-3.1184493611340343,-4.341867802076619
0.05,0.7,-1.221728604109787,-3.1377287548561803,-4.359457358965967
0.05,0.701,-1.2200292434541482,-3.1570675611938026,-4.377096804647951
0.05,0.702,-1.2183203407548142,-3.1764657801469016,-4.394786120901716
0.05,0.703,-1.2166018776296756,-3.1959234117154773,-4.412525289345153
0.05,0.704,-1.2148738355339068,-3.2154404558995293,-4.430314291433437
0.05,0.705,-1.2131361957584816,-3.2350169126990584,-4.44815310845754
0.05,0.706,-1.2113889394286717,-3.254652782114064,-4.4660417215427355
0.05,0.707,-1.2096320475025188,-3.2743480641445455,-4.483980111647064
0.05,0.708,-1.2078655007692904,-3.294102758790504,-4.501968259559794
0.05,0.709,-1.2060892798479088,-3.313916866051939,-4.520006145899847
0.05,0.71,-1.20430336518536,-3.3337903859288507,-4.538093751114211
0.05,0.711,-1.2025077370550799,-3.353723318421239,-4.556231055476319
0.05,0.712,-1.2007023755553157,-3.3737156635291035,-4.574418039084419
0.05,0.713,-1.1988872606074656,-3.3937674212524445,-4.59265468185991
0.05,0.714,-1.197062371954392,-3.4138785915912626,-4.610940963545655
0.05,0.715,-1.1952276891587124,-3.4340491745455566,-4.629276863704269
0.05,0.716,-1.1933831916010647,-3.454279170115328,-4.647662361716392
0.05,0.717,-1.191528858478346,-3.4745685783005755,-4.666097436778921
0.05,0.718,-1.1896646688019281,-3.4949173991012996,-4.684582067903228
0.05,0.719,-1.187790601395844,-3.5153256325175004,-4.703116233913344
0.05,0.72,-1.185906634894949,-3.535793278549178,-4.721699913444127
0.05,0.721,-1.1840127477430555,-3.5563203371963317,-4.740333084939387
0.05,0.722,-1.182108918191039,-3.5769068084589617,-4.75901572665
0.05,0.723,-1.180195124294915,-3.597552692337069,-4.777747816631984
0.05,0.724,-1.17827134391389,-3.6182579888306523,-4.796529332744543
0.05,0.725,-1.1763375547083814,-3.6390226979397124,-4.815360252648094
0.05,0.726,-1.1743937341380077,-3.6598468196642493,-4.834240553802257
0.05,0.727,-1.1724398594595489,-3.6807303540042624,-4.8531702134638115
0.05,0.728,-1.1704759077248768,-3.7016733009597518,-4.872149208684629
0.05,0.729,-1.1685018557788527,-3.722675660530718,-4.89117751630957
0.05,0.73,-1.166517680257194,-3.743737432717161,-4.910255112974355
0.05,0.731,-1.1645233575843086,-3.764858617519081,-4.929381975103389
0.05,0.732,-1.1625188639710948,-3.7860392149364763,-4.948558078907571
0.05,0.733,-1.1605041754127097,-3.8072792249693497,-4.967783400382059
0.05,0.734,-1.1584792676863014,-3.828578647617699,-4.987057915304
0.05,0.735,-1.1564441163487065,-3.8499374828815247,-5.006381599230231
0.05,0.736,-1.1543986967341133,-3.8713557307608264,-5.02575442749494
0.05,0.737,-1.1523429839516879,-3.8928333912556057,-5.045176375207293
0.05,0.738,-1.150276952883162,-3.9143704643658612,-5.064647417249024
0.05,0.739,-1.148200578180386,-3.9359669500915935,-5.08416752827198
0.05,0.74,-1.1461138342628407,-3.9576228484328015,-5.103736682695642
0.05,0.741,-1.1440166953151127,-3.979338159389487,-5.1233548547045995
0.05,0.742,-1.141909135284327,-4.001112882961649,-5.143022018245976
0.05,0.743,-1.139791127877541,-4.022947019149287,-5.162738147026828
0.05,0.744,-1.1376626465590973,-4.044840567952402,-5.1825032145115
0.05,0.745,-1.1355236645479332,-4.066793529370993,-5.202317193918926
0.05,0.746,-1.1333741548148464,-4.088805903405061,-5.222180058219907
0.05,0.747,-1.1312140900797198,-4.110877690054607,-5.242091780134326
0.05,0.748,-1.1290434428086988,-4.133008889319627,-5.2620523321283255
0.05,0.749,-1.1268621852113239,-4.155199501200125,-5.282061686411448
0.05,0.75,-1.1246702892376166,-4.177449525696098,-5.3021198149337145
0.05,0.751,-1.1224677265751195,-4.199758962807549,-5.322226689382669
0.05,0.752,-1.120254468645884,-4.222127812534477,-5.342382281180361
0.05,0.753,-1.1180304866034136,-4.244556074876881,-5.3625865614802946
0.05,0.754,-1.115795751329554,-4.2670437498347615,-5.382839501164316
0.05,0.755,-1.1135502334313307,-4.289590837408118,-5.40314107083945
0.05,0.756,-1.1112939032377378,-4.3121973375969525,-5.42349124083469
0.05,0.757,-1.10902673079647,-4.334863250401262,-5.4438899811977315
0.05,0.758,-1.1067486858706024,-4.35758857582105,-5.464337261691653
0.05,0.759,-1.1044597379352121,-4.380373313856312,-5.484833051791524
0.05,0.76,-1.1021598561739456,-4.403217464507052,-5.5053773206809975
0.05,0.761,-1.0998490094755262,-4.426121027773269,-5.525970037248795
0.05,0.762,-1.0975271664302033,-4.449084003654963,-5.546611170085166
0.05,0.763,-1.0951942953261404,-4.472106392152132,-5.567300687478273
0.05,0.764,-1.0928503641457428,-4.495188193264778,-5.5880385574105205
0.05,0.765,-1.0904953405619193,-4.5183294069929,-5.60882474755482
0.05,0.766,-1.088129191934284,-4.5415300333365,-5.6296592252707836
0.05,0.767,-1.0857518853052865,-4.564790072295576,-5.650541957600863
0.05,0.768,-1.0833633873962818,-4.588109523870128,-5.6714729112664095
0.05,0.769,-1.080963664603525,-4.611488388060158,-5.692452052663683
0.05,0.77,-1.0785526829941008,-4.634926664865663,-5.713479347859764
0.05,0.771,-1.0761304083017782,-4.658424354286645,-5.734554762588423
0.05,0.772,-1.0736968059227947,-4.681981456323104,-5.755678262245899
0.05,0.773,-1.0712518409115628,-4.70559797097504,-5.776849811886603
0.05,0.774,-1.0687954779763034,-4.729273898242451,-5.798069376218755
0.05,0.775,-1.0663276814745972,-4.75300923812534,-5.819336919599937
0.05,0.776,-1.0638484154088605,-4.776803990623705,-5.840652406032565
0.05,0.777,-1.0613576434217369,-4.800658155737547,-5.862015799159284
0.05,0.778,-1.0588553287914046,-4.824571733466864,-5.883427062258269
0.05,0.779,-1.0563414344268014,-4.848544723811659,-5.90488615823846
0.05,0.78,-1.0538159228627606,-4.8725771267719304,-5.926393049634691
0.05,0.781,-1.0512787562550572,-4.896668942347678,-5.947947698602736
0.05,0.782,-1.0487298963753646,-4.920820170538903,-5.969550066914268
0.05,0.783,-1.046169304606117,-4.945030811345604,-5.991200115951721
0.05,0.784,-1.0435969419352753,-4.9693008647677805,-6.012897806703056
0.05,0.785,-1.0410127689509978,-4.993630330805435,-6.034643099756433
0.05,0.786,-1.0384167458362088,-5.018019209458566,-6.056435955294774
0.05,0.787,-1.0358088323630663,-5.042467500727174,-6.0782763330902405
0.05,0.788,-1.033188987887323,-5.066975204611257,-6.10016419249858
0.05,0.789,-1.0305571713425845,-5.091542321110817,-6.122099492453401
0.05,0.79,-1.0279133412344512,-5.116168850225854,-6.144082191460305
0.05,0.791,-1.0252574556345546,-5.140854791956368,-6.166112247590923
0.05,0.792,-1.022589472174475,-5.165600146302358,-6.188189618476834
0.05,0.793,-1.0199093480395425,-5.190404913263824,-6.210314261303366
0.05,0.794,-1.0172170399625151,-5.215269092840767,-6.232486132803283
0.05,0.795,-1.014512504217139,-5.240192685033187,-6.254705189250326
0.05,0.796,-1.011795696611576,-5.265175689841084,-6.27697138645266
0.05,0.797,-1.0090665724817056,-5.290218107264457,-6.299284679746163
0.05,0.798,-1.0063250866842923,-5.315319937303307,-6.321645023987599
0.05,0.799,-1.0035711935900187,-5.340481179957632,-6.344052373547651
0.05,0.8,-1.0008048470763757,-5.365701835227434,-6.36650668230381
0.05,0.801,-0.9980260005204145,-5.3909819031127135,-6.389007903633128
0.05,0.802,-0.9952346067913488,-5.41632138361347,-6.4115559904048185
0.05,0.803,-0.9924306182430073,-5.441720276729702,-6.43415089497271
0.05,0.804,-0.9896139867061333,-5.46717858246141,-6.456792569167543
0.05,0.805,-0.9867846634805257,-5.492696300808596,-6.479480964289122
0.05,0.806,-0.9839425993270179,-5.518273431771258,-6.502216031098276
0.05,0.807,-0.9810877444592907,-5.543909975349397,-6.524997719808688
0.05,0.808,-0.9782200485355157,-5.569605931543012,-6.547825980078527
0.05,0.809,-0.9753394606498218,-5.595361300352104,-6.570700761001925
0.05,0.81,-0.9724459293235843,-5.621176081776673,-6.593622011100257
0.05,0.811,-0.9695394024965294,-5.647050275816716,-6.616589678313246
0.05,0.812,-0.9666198275176481,-5.672983882472239,-6.639603709989887
0.05,0.813,-0.9636871511359189,-5.698976901743234,-6.662664052879153
0.05,0.814,-0.9607413194908279,-5.725029333629707,-6.685770653120535
0.05,0.815,-0.9577822781026879,-5.751141178131659,-6.708923456234347
0.05,0.816,-0.954809971862745,-5.777312435249087,-6.732122407111832
0.05,0.817,-0.9518243450230695,-5.8035431049819906,-6.7553674500050604
0.05,0.818,-0.9488253411862266,-5.8298331873303715,-6.778658528516598
0.05,0.819,-0.9458129032947176,-5.856182682294229,-6.801995585588946
0.05,0.82,-0.9427869736201885,-5.882591589873562,-6.825378563493751
0.05,0.821,-0.9397474937523969,-5.909059910068374,-6.8488074038207705
0.05,0.822,-0.9366944045879322,-5.9355876428786605,-6.872282047466593
0.05,0.823,-0.9336276463186818,-5.9621747883044245,-6.895802434623106
0.05,0.824,-0.9305471584200355,-5.988821346345665,-6.9193685047657
0.05,0.825,-0.9274528796388208,-6.015527317002381,-6.942980196641202
0.05,0.826,-0.9243447479809623,-6.042292700274575,-6.966637448255537
0.05,0.827,-0.9212227006988574,-6.069117496162244,-6.990340196861101
0.05,0.828,-0.9180866742784564,-6.096001704665391,-7.014088378943848
0.05,0.829,-0.9149366044260454,-6.1229453257840145,-7.03788193021006
0.05,0.83,-0.9117724260547169,-6.149948359518113,-7.06172078557283
0.05,0.831,-0.9085940732705206,-6.177010805867689,-7.085604879138209
0.05,0.832,-0.9054014793582881,-6.204132664832742,-7.109534144191031
0.05,0.833,-0.9021945767671182,-6.231313936413272,-7.133508513180391
0.05,0.834,-0.8989732970955122,-6.258554620609279,-7.157527917704791
0.05,0.835,-0.8957375710761539,-6.28585471742076,-7.181592288496914
0.05,0.836,-0.8924873285603161,-6.313214226847719,-7.205701555408035
0.05,0.837,-0.889222498501888,-6.340633148890154,-7.229855647392042
0.05,0.838,-0.8859430089410105,-6.368111483548067,-7.254054492489078
0.05,0.839,-0.8826487869873052,-6.395649230821456,-7.278298017808761
0.05,0.84,-0.879339758802686,-6.423246390710322,-7.302586149513008
0.05,0.841,-0.8760158495837419,-6.450902963214663,-7.326918812798405
0.05,0.842,-0.8726769835436745,-6.478618948334481,-7.351295931878155
0.05,0.843,-0.8693230838937771,-6.506394346069776,-7.375717429963553
0.05,0.844,-0.865954072824443,-6.5342291564205475,-7.40018322924499
0.05,0.845,-0.862569871485684,-6.562123379386796,-7.4246932508724806
0.05,0.846,-0.8591703999671466,-6.590077014968521,-7.449247414935667
0.05,0.847,-0.8557555772776089,-6.618090063165721,-7.47384564044333
0.05,0.848,-0.8523253213239386,-6.6461625239784,-7.498487845302338
0.05,0.849,-0.8488795488894992,-6.674294397406554,-7.523173946296053
0.05,0.85,-0.8454181756119818,-6.702485683450185,-7.547903859062167
0.05,0.851,-0.8419411159606446,-6.730736382109293,-7.572677498069938
0.05,0.852,-0.8384482832129421,-6.759046493383876,-7.597494776596818
0.05,0.853,-0.8349395894305212,-6.787416017273938,-7.62235560670446
0.05,0.854,-0.8314149454345626,-6.815844953779474,-7.647259899214037
0.05,0.855,-0.8278742607804477,-6.8443333029004885,-7.672207563680936
0.05,0.856,-0.8243174437317236,-6.872881064636978,-7.697198508368702
0.05,0.857,-0.8207444012333461,-6.901488238988944,-7.72223264022229
0.05,0.858,-0.8171550388841728,-6.930154825956389,-7.747309864840562
0.05,0.859,-0.8135492609086801,-6.958880825539309,-7.772430086447988
0.05,0.86,-0.8099269701278771,-6.987666237737705,-7.797593207865582
0.05,0.861,-0.8062880679293893,-7.0165110625515785,-7.822799130480968
0.05,0.862,-0.8026324542366787,-7.045415299980929,-7.848047754217608
0.05,0.863,-0.7989600274773714,-7.074378950025754,-7.873338977503126
0.05,0.864,-0.7952706845506599,-7.1034020126860575,-7.898672697236718
0.05,0.865,-0.791564320793747,-7.132484487961837,-7.924048808755584
0.05,0.866,-0.7878408299472922,-7.161626375853092,-7.949467205800384
0.05,0.867,-0.784100104119828,-7.190827676359826,-7.9749277804796534
0.05,0.868,-0.7803420337511043,-7.220088389482034,-8.000430423233139
0.05,0.869,-0.7765665075743211,-7.249408515219721,-8.025975022794043
0.05,0.87,-0.7727734125772074,-7.278788053572883,-8.05156146615009
0.05,0.871,-0.7689626339619029,-7.308227004541521,-8.077189638503425
0.05,0.872,-0.7651340551035917,-7.337725368125637,-8.10285942322923
0.05,0.873,-0.7612875575078464,-7.367283144325229,-8.128570701833075
0.05,0.874,-0.7574230207666257,-7.396900333140297,-8.154323353906923
0.05,0.875,-0.7535403225128735,-7.426576934570843,-8.180117257083717
0.05,0.876,-0.7496393383736673,-7.456312948616864,-8.20595228699053
0.05,0.877,-0.7457199419218503,-7.486108375278362,-8.231828317200213
0.05,0.878,-0.7417820046260946,-7.515963214555336,-8.25774521918143
0.05,0.879,-0.7378253957993215,-7.545877466447789,-8.283702862247111
0.05,0.88,-0.7338499825454192,-7.575851130955717,-8.309701113501136
0.05,0.881,-0.7298556297041818,-7.605884208079121,-8.335739837783303
0.05,0.882,-0.7258421997943973,-7.635976697818003,-8.3618188976124
0.05,0.883,-0.7218095529550057,-7.666128600172359,-8.387938153127365
0.05,0.884,-0.7177575468842439,-7.696339915142194,-8.414097462026438
0.05,0.885,-0.7136860367766913,-7.726610642727505,-8.440296679504197
0.05,0.886,-0.7095948752581256,-7.756940782928292,-8.466535658186418
0.05,0.887,-0.705483912318091,-7.787330335744555,-8.492814248062645
0.05,0.888,-0.7013529952400789,-7.817779301176295,-8.519132296416375
0.05,0.889,-0.6972019685292135,-7.848287679223512,-8.545489647752726
0.05,0.89,-0.6930306738373323,-7.878855469886207,-8.571886143723539
0.05,0.891,-0.6888389498853384,-7.909482673164377,-8.598321623049715
0.05,0.892,-0.6846266323827058,-7.940169289058025,-8.62479592144073
0.05,0.893,-0.6803935539439988,-7.970915317567147,-8.651308871511146
0.05,0.894,-0.6761395440022725,-8.001720758691748,-8.67786030269402
0.05,0.895,-0.671864428719203,-8.032585612431824,-8.704450041151027
0.05,0.896,-0.6675680308917932,-8.063509878787379,-8.731077909679172
0.05,0.897,-0.6632501698554888,-8.094493557758405,-8.757743727613894
0.05,0.898,-0.6589106613835323,-8.125536649344912,-8.784447310728444
0.05,0.899,-0.6545493175823665,-8.156639153546896,-8.811188471129263
0.05,0.9,-0.6501659467828964,-8.187801070364355,-8.837967017147252
0.05,0.901,-0.6457603534274003,-8.21902239979729,-8.86478275322469
0.05,0.902,-0.6413323379518688,-8.250303141845702,-8.891635479797571
0.05,0.903,-0.6368816966635421,-8.281643296509593,-8.918524993173135
0.05,0.904,-0.6324082216133944,-8.313042863788958,-8.945451085402352
0.05,0.905,-0.6279117004633049,-8.3445018436838,-8.972413544147104
0.05,0.906,-0.6233919163476347,-8.376020236194119,-8.999412152541753
0.05,0.907,-0.6188486477289106,-8.407598041319915,-9.026446689048825
0.05,0.908,-0.614281668247302,-8.439235259061185,-9.053516927308486
0.05,0.909,-0.6096907465635508,-8.470931889417933,-9.080622635981484
0.05,0.91,-0.605075646194996,-8.502687932390158,-9.107763578585153
0.05,0.911,-0.600436125344309,-8.53450338797786,-9.13493951332217
0.05,0.912,-0.5957719367205291,-8.566378256181038,-9.162150192901567
0.05,0.913,-0.5910828273519639,-8.598312536999693,-9.189395364351657
0.05,0.914,-0.5863685383904844,-8.630306230433824,-9.216674768824308
0.05,0.915,-0.5816288049067162,-8.662359336483432,-9.243988141390147
0.05,0.916,-0.5768633556755907,-8.694471855148516,-9.271335210824105
0.05,0.917,-0.5720719129516821,-8.726643786429078,-9.29871569938076
0.05,0.918,-0.567254192233716,-8.758875130325114,-9.32612932255883
0.05,0.919,-0.562409902017586,-8.791165886836628,-9.353575788854215
0.05,0.92,-0.5575387435371746,-8.82351605596362,-9.381054799500793
0.05,0.921,-0.5526404104922094,-8.855925637706086,-9.408566048198296
0.05,0.922,-0.5477145887623386,-8.88839463206403,-9.436109220826369
0.05,0.923,-0.5427609561065415,-8.92092303903745,-9.463683995143992
0.05,0.924,-0.5377791818469193,-8.953510858626347,-9.491290040473267
0.05,0.925,-0.5327689265358407,-8.98615809083072,-9.518927017366561
0.05,0.926,-0.5277298416053325,-9.018864735650572,-9.546594577255904
0.05,0.927,-0.5226615689975134,-9.051630793085897,-9.57429236208341
0.05,0.928,-0.5175637407747736,-9.0844562631367,-9.602020003911473
0.05,0.929,-0.512435978708295,-9.117341145802982,-9.629777124511277
0.05,0.93,-0.5072778938433826,-9.150285441084737,-9.65756333492812
0.05,0.931,-0.5020890860399532,-9.18328914898197,-9.685378235021924
0.05,0.932,-0.49686914348638134,-9.216352269494678,-9.71322141298106
0.05,0.933,-0.49161764218474086,-9.249474802622865,-9.741092444807606
0.05,0.934,-0.48633414540530767,-9.282656748366527,-9.768990893771836
0.05,0.935,-0.48101820310799637,-9.315898106725667,-9.796916309833664
0.05,0.936,-0.4756693513281835,-9.349198877700282,-9.824868229028466
0.05,0.937,-0.4702871115241375,-9.382559061290376,-9.852846172814514
0.05,0.938,-0.46487098988300557,-9.41597865749594,-9.880849647378945
0.05,0.939,-0.45942047658201274,-9.449457666316984,-9.908878142898997
0.05,0.94,-0.45393504500120907,-9.482996087753506,-9.936931132754715
0.05,0.941,-0.44841415088371506,-9.516593921805505,-9.965008072689221
0.05,0.942,-0.4428572314390218,-9.550251168472982,-9.993108399912003
0.05,0.943,-0.43726370438443485,-9.583967827755934,-10.02123153214037
0.05,0.944,-0.43163296691923236,-9.61774389965436,-10.049376866573594
0.05,0.945,-0.42596439462552876,-9.651579384168265,-10.077543778793794
0.05,0.946,-0.42025734028917905,-9.685474281297648,-10.105731621586827
0.05,0.947,-0.4145111326333173,-9.719428591042503,-10.13393972367582
0.05,0.948,-0.4087250749562846,-9.753442313402838,-10.162167388359123
0.05,0.949,-0.40289844366475003,-9.78751544837865,-10.1904138920434
0.05,0.95,-0.39703048669174534,-9.821647995969938,-10.218678482661684
0.05,0.951,-0.3911204217881006,-9.855839956176702,-10.246960377964802
0.05,0.952,-0.38516743467435727,-9.890091328998944,-10.275258763673301
0.05,0.953,-0.3791706770386196,-9.92440211443666,-10.303572791475279
0.05,0.954,-0.37312926436394694,-9.958772312489854,-10.3319015768538
0.05,0.955,-0.3670422735667508,-9.993201923158525,-10.360244196725276
0.05,0.956,-0.3609087404251881,-10.027690946442672,-10.38859968686786
0.05,0.957,-0.3547276567736735,-10.062239382342296,-10.41696703911597
0.05,0.958,-0.34849796743630257,-10.096847230857396,-10.445345198293698
0.05,0.959,-0.3422185668680866,-10.131514491987971,-10.473733058856059
0.05,0.96,-0.3358882954683461,-10.166241165734025,-10.50212946120237
0.05,0.961,-0.32950593552525975,-10.201027252095555,-10.530533187620815
0.05,0.962,-0.3230702067442497,-10.235872751072561,-10.55894295781681
0.05,0.963,-0.3165797613054119,-10.270777662665044,-10.587357423970456
0.05,0.964,-0.31003317838630245,-10.305741986873004,-10.615775165259306
0.05,0.965,-0.3034289580757725,-10.34076572369644,-10.644194681772213
0.05,0.966,-0.29676551459179057,-10.375848873135352,-10.672614387727142
0.05,0.967,-0.29004116870081537,-10.410991435189741,-10.701032603890557
0.05,0.968,-0.2832541392176387,-10.446193409859609,-10.729447549077248
0.05,0.969,-0.27640253344189025,-10.48145479714495,-10.757857330586841
0.05,0.97,-0.26948433635953367,-10.51677559704577,-10.786259933405304
0.05,0.971,-0.2624973984033058,-10.552155809562064,-10.814653207965371
0.05,0.972,-0.2554394215233693,-10.587595434693837,-10.843034856217207
0.05,0.973,-0.24830794326607467,-10.623094472441085,-10.871402415707161
0.05,0.974,-0.24110031849149882,-10.658652922803812,-10.899753241295311
0.05,0.975,-0.23381369827506224,-10.694270785782013,-10.928084484057075
0.05,0.976,-0.22644500542921633,-10.72994806137569,-10.956393066804907
0.05,0.977,-0.21899090593993586,-10.765684749584844,-10.98467565552478
0.05,0.978,-0.21144777542840565,-10.801480850409476,-11.012928625837882
0.05,0.979,-0.20381165950515118,-10.837336363849586,-11.041148023354737
0.05,0.98,-0.1960782265594641,-10.87325128990517,-11.069329516464634
0.05,0.981,-0.18824271108870713,-10.909225628576232,-11.097468339664939
0.05,0.982,-0.18029984507184127,-10.945259379862769,-11.12555922493461
0.05,0.983,-0.17224377405703345,-10.981352543764784,-11.153596317821817
0.05,0.984,-0.16406795345376649,-11.017505120282273,-11.18157307373604
0.05,0.985,-0.15576501882219282,-11.053717109415242,-11.209482128237434
0.05,0.986,-0.14732662145864994,-11.089988511163686,-11.237315132622335
0.05,0.987,-0.13874321682858162,-11.126319325527605,-11.265062542356187
0.05,0.988,-0.1300037876195754,-11.162709552507001,-11.292713340126577
0.05,0.989,-0.12109547401298548,-11.199159192101877,-11.320254666114863
0.05,0.99,-0.11200306870969477,-11.235668244312226,-11.347671313021921
0.05,0.991,-0.10270830853018603,-11.272236709138054,-11.37494501766824
0.05,0.992,-0.09318884844420919,-11.308864586579357,-11.402053435023566
0.05,0.993,-0.083416717083787,-11.345551876636138,-11.428968593719926
0.05,0.994,-0.07335587750026831,-11.382298579308394,-11.455654456808663
0.05,0.995,-0.06295813189433352,-11.419104694596129,-11.482062826490463
0.05,0.996,-0.052155665966795335,-11.455970222499337,-11.508125888466132
0.05,0.997,-0.04084584892835985,-11.492895163018023,-11.533741011946383
0.05,0.998,-0.02885442972435225,-11.529879516152187,-11.55873394587654
0.05,0.999,-0.015814510224464187,-11.566923281901826,-11.58273779212629
0.05,1,0,-11.604026460266942,-11.604026460266942
0.1,0,0,-3.987565456346276,-3.987565456346276
0.1,0.001,-0.015814510224464173,-3.9663267966001183,-3.9821413068245826
0.1,0.002,-0.028854429724352232,-3.9451448488960073,-3.9739992786203593
0.1,0.003,-0.040845848928359824,-3.9240196132339418,-3.9648654621623014
0.1,0.004,-0.0521556659667953,-3.9029510896139215,-3.955106755580717
0.1,0.005,-0.0629581318943335,-3.8819392780359476,-3.944897409930281
0.1,0.006,-0.07335587750026827,-3.8609841785000194,-3.9343400560002877
0.1,0.007,-0.08341671708378696,-3.840085791006137,-3.923502508089924
0.1,0.008,-0.09318884844420913,-3.8192441155543007,-3.91243296399851
0.1,0.009,-0.10270830853018596,-3.79845915214451,-3.901167460674696
0.1,0.01,-0.11200306870969469,-3.7777309007767648,-3.8897339694864597
0.1,0.011,-0.1210954740129854,-3.757059361451066,-3.878154835464051
0.1,0.012,-0.13000378761957532,-3.736444534167412,-3.8664483217869874
0.1,0.013,-0.13874321682858154,-3.715886418925805,-3.8546296357543866
0.1,0.014,-0.14732662145864986,-3.6953850157262433,-3.8427116371848933
0.1,0.015,-0.15576501882219274,-3.6749403245687278,-3.8307053433909206
0.1,0.016,-0.1640679534537664,-3.654552345453258,-3.818620298907024
0.1,0.017,-0.17224377405703334,-3.6342210783798334,-3.806464852436867
0.1,0.018,-0.1802998450718412,-3.6139465233484547,-3.794246368420296
0.1,0.019,-0.18824271108870705,-3.5937286803591224,-3.7819713914478292
0.1,0.02,-0.196078226559464,-3.5735675494118357,-3.7696457759713
0.1,0.021,-0.20381165950515107,-3.5534631305065942,-3.757274790011745
0.1,0.022,-0.21144777542840554,-3.5334154236433992,-3.744863199071805
0.1,0.023,-0.21899090593993578,-3.5134244288222503,-3.732415334762186
0.1,0.024,-0.22644500542921622,-3.4934901460431464,-3.7199351514723626
0.1,0.025,-0.23381369827506213,-3.4736125753060887,-3.707426273581151
0.1,0.026,-0.2411003184914987,-3.4537917166110765,-3.6948920351025754
0.1,0.027,-0.24830794326607455,-3.4340275699581104,-3.682335513224185
0.1,0.028,-0.2554394215233692,-3.414320135347191,-3.66975955687056
0.1,0.029,-0.26249739840330566,-3.3946694127783164,-3.657166811181622
0.1,0.03,-0.2694843363595335,-3.3750754022514875,-3.644559738611021
0.1,0.031,-0.27640253344189014,-3.3555381037667047,-3.631940637208595
0.1,0.032,-0.28325413921763853,-3.336057517323967,-3.6193116565416057
0.1,0.033,-0.2900411687008152,-3.316633642923277,-3.606674811624092
0.1,0.034,-0.29676551459179046,-3.297266480564631,-3.5940319951564215
0.1,0.035,-0.3034289580757724,-3.2779560302480313,-3.5813849883238036
0.1,0.036,-0.3100331783863023,-3.2587022919734783,-3.5687354703597807
0.1,0.037,-0.3165797613054117,-3.239505265740971,-3.5560850270463824
0.1,0.038,-0.3230702067442496,-3.2203649515505086,-3.5434351582947583
0.1,0.039,-0.3295059355252596,-3.201281349402092,-3.5307872849273516
0.1,0.04,-0.335888295468346,-3.182254459295722,-3.518142754764068
0.1,0.041,-0.3422185668680865,-3.1632842812313973,-3.505502848099484
0.1,0.042,-0.34849796743630246,-3.1443708152091183,-3.492868782645421
0.1,0.043,-0.35472765677367335,-3.125514061228885,-3.480241718002558
0.1,0.044,-0.36090874042518795,-3.1067140192906977,-3.4676227597158857
0.1,0.045,-0.3670422735667506,-3.0879706893945564,-3.455012962961307
0.1,0.046,-0.3731292643639468,-3.0692840715404603,-3.442413335904407
0.1,0.047,-0.37917067703861945,-3.050654165728411,-3.429824842767031
0.1,0.048,-0.3851674346743571,-3.0320809719584068,-3.4172484066327637
0.1,0.049,-0.3911204217881004,-3.013564490230449,-3.404684912018549
0.1,0.05,-0.3970304866917452,-2.9951047205445365,-3.3921352072362816
0.1,0.051,-0.40289844366474986,-2.9767016629006693,-3.379600106565419
0.1,0.052,-0.4087250749562844,-2.958355317298849,-3.3670803922551333
0.1,0.053,-0.41451113263331707,-2.9400656837390744,-3.3545768163723917
0.1,0.054,-0.4202573402891789,-2.921832762221345,-3.342090102510524
0.1,0.055,-0.4259643946255286,-2.903656552745662,-3.3296209473711906
0.1,0.056,-0.43163296691923214,-2.885537055312024,-3.3171700222312563
0.1,0.057,-0.4372637043844347,-2.8674742699204323,-3.304737974304867
0.1,0.058,-0.44285723143902156,-2.8494681965708866,-3.2923254280099084
0.1,0.059,-0.4484141508837146,-2.8315188352633864,-3.279932986147101
0.1,0.06,-0.45393504500120896,-2.8136261859979323,-3.2675612309991413
0.1,0.061,-0.4594204765820123,-2.795790248774524,-3.255210725356536
0.1,0.062,-0.46487098988300535,-2.778011023593161,-3.2428820134761662
0.1,0.063,-0.47028711152413766,-2.7602885104538446,-3.2305756219779824
0.1,0.064,-0.47566935132818394,-2.7426227093565734,-3.218292060684757
0.1,0.065,-0.4810182031079965,-2.725013620301348,-3.2060318234093446
0.1,0.066,-0.48633414540530806,-2.7074612432881686,-3.1937953886934767
0.1,0.067,-0.491617642184741,-2.6899655783170355,-3.1815832205017767
0.1,0.068,-0.4968691434863818,-2.6725266253879476,-3.1693957688743293
0.1,0.069,-0.5020890860399534,-2.6551443845009057,-3.1572334705408593
0.1,0.07,-0.507277893843383,-2.63781885565591,-3.145096749499293
0.1,0.071,-0.5124359787082953,-2.6205500388529592,-3.1329860175612545
0.1,0.072,-0.5175637407747737,-2.603337934092055,-3.120901674866829
0.1,0.073,-0.5226615689975134,-2.586182541373196,-3.1088441103707094
0.1,0.074,-0.5277298416053327,-2.569083860696383,-3.0968137023017155
0.1,0.075,-0.5327689265358408,-2.552041892061616,-3.084810818597457
0.1,0.076,-0.5377791818469194,-2.5350566354688953,-3.0728358173158146
0.1,0.077,-0.5427609561065416,-2.5181280909182195,-3.0608890470247614
0.1,0.078,-0.5477145887623387,-2.50125625840959,-3.048970847171929
0.1,0.079,-0.5526404104922094,-2.4844411379430063,-3.0370815484352156
0.1,0.08,-0.5575387435371748,-2.4676827295184687,-3.0252214730556437
0.1,0.081,-0.5624099020175861,-2.450981033135976,-3.013390935153562
0.1,0.082,-0.567254192233716,-2.43433604879553,-3.0015902410292457
0.1,0.083,-0.5720719129516822,-2.4177477764971296,-2.9898196894488116
0.1,0.084,-0.5768633556755907,-2.401216216240775,-2.9780795719163655
0.1,0.085,-0.5816288049067163,-2.3847413680264657,-2.966370172933182
0.1,0.086,-0.5863685383904844,-2.3683232318542036,-2.954691770244688
0.1,0.087,-0.591082827351964,-2.351961807723986,-2.94304463507595
0.1,0.088,-0.5957719367205293,-2.335657095635815,-2.9314290323563443
0.1,0.089,-0.6004361253443091,-2.3194090955896893,-2.9198452209339987
0.1,0.09,-0.6050756461949961,-2.3032178075856096,-2.9082934537806056
0.1,0.091,-0.6096907465635508,-2.2870832316235754,-2.8967739781871265
0.1,0.092,-0.614281668247302,-2.2710053677035873,-2.8852870359508893
0.1,0.093,-0.6188486477289106,-2.254984215825645,-2.873832863554555
0.1,0.094,-0.6233919163476347,-2.2390197759897483,-2.862411692337383
0.1,0.095,-0.627911700463305,-2.2231120481958975,-2.8510237486592027
0.1,0.096,-0.6324082216133944,-2.2072610324440927,-2.839669254057487
0.1,0.097,-0.6368816966635421,-2.1914667287343335,-2.8283484253978757
0.1,0.098,-0.6413323379518688,-2.1757291370666203,-2.8170614750184892
0.1,0.099,-0.6457603534274003,-2.1600482574409523,-2.8058086108683526
0.1,0.1,-0.6501659467828964,-2.144424089857331,-2.794590036640227
0.1,0.101,-0.6545493175823665,-2.128856634315755,-2.7834059518981213
0.1,0.102,-0.6589106613835323,-2.113345890816225,-2.7722565521997575
0.1,0.103,-0.6632501698554889,-2.097891859358741,-2.7611420292142297
0.1,0.104,-0.6675680308917931,-2.082494539943302,-2.7500625708350954
0.1,0.105,-0.671864428719203,-2.0671539325699095,-2.7390183612891126
0.1,0.106,-0.6761395440022725,-2.0518700372385625,-2.728009581240835
0.1,0.107,-0.6803935539439989,-2.036642853949262,-2.7170364078932607
0.1,0.108,-0.6846266323827059,-2.0214723827020067,-2.7060990150847126
0.1,0.109,-0.6888389498853386,-2.0063586234967974,-2.695197573382136
0.1,0.11,-0.6930306738373323,-1.991301576333634,-2.684332250170966
0.1,0.111,-0.6972019685292136,-1.9763012412125163,-2.67350320974173
0.1,0.112,-0.7013529952400789,-1.961357618133444,-2.6627106133735228
0.1,0.113,-0.705483912318091,-1.946470707096418,-2.651954619414509
0.1,0.114,-0.7095948752581257,-1.9316405081014376,-2.641235383359563
0.1,0.115,-0.7136860367766914,-1.916867021148503,-2.6305530579251943
0.1,0.116,-0.7177575468842439,-1.9021502462376143,-2.6199077931218584
0.1,0.117,-0.7218095529550059,-1.8874901833687714,-2.609299736323777
0.1,0.118,-0.7258421997943973,-1.8728868325419745,-2.598729032336372
0.1,0.119,-0.7298556297041818,-1.8583401937572233,-2.588195823461405
0.1,0.12,-0.7338499825454192,-1.8438502670145178,-2.5777002495599373
0.1,0.121,-0.7378253957993215,-1.8294170523138584,-2.5672424481131797
0.1,0.122,-0.7417820046260946,-1.8150405496552444,-2.556822554281339
0.1,0.123,-0.7457199419218503,-1.8007207590386767,-2.546440700960527
0.1,0.124,-0.7496393383736673,-1.7864576804641545,-2.536097018837822
0.1,0.125,-0.7535403225128735,-1.7722513139316782,-2.5257916364445516
0.1,0.126,-0.7574230207666257,-1.7581016594412475,-2.5155246802078732
0.1,0.127,-0.7612875575078464,-1.7440087169928626,-2.505296274500709
0.1,0.128,-0.7651340551035917,-1.7299724865865238,-2.4951065416901157
0.1,0.129,-0.7689626339619029,-1.715992968222231,-2.484955602184134
0.1,0.13,-0.7727734125772074,-1.7020701618999834,-2.474843574477191
0.1,0.131,-0.7765665075743211,-1.688204067619782,-2.464770575194103
0.1,0.132,-0.7803420337511043,-1.6743946853816265,-2.4547367191327307
0.1,0.133,-0.784100104119828,-1.6606420151855166,-2.4447421193053445
0.1,0.134,-0.7878408299472922,-1.6469460570314525,-2.4347868869787446
0.1,0.135,-0.791564320793747,-1.6333068109194344,-2.4248711317131812
0.1,0.136,-0.7952706845506599,-1.619724276849462,-2.414994961400122
0.1,0.137,-0.7989600274773714,-1.6061984548215353,-2.4051584822989067
0.1,0.138,-0.8026324542366787,-1.5927293448356545,-2.395361799072333
0.1,0.139,-0.8062880679293893,-1.5793169468918198,-2.385605014821209
0.1,0.14,-0.8099269701278771,-1.5659612609900306,-2.3758882311179077
0.1,0.141,-0.8135492609086798,-1.5526622871302875,-2.3662115480389674
0.1,0.142,-0.8171550388841728,-1.53942002531259,-2.356575064196763
0.1,0.143,-0.820744401233346,-1.5262344755369386,-2.346978876770285
0.1,0.144,-0.8243174437317236,-1.5131056378033325,-2.3374230815350563
0.1,0.145,-0.8278742607804475,-1.5000335121117725,-2.32790777289222
0.1,0.146,-0.8314149454345625,-1.4870180984622583,-2.318433043896821
0.1,0.147,-0.834939589430521,-1.4740593968547897,-2.3089989862853106
0.1,0.148,-0.8384482832129421,-1.4611574072893672,-2.2996056905023092
0.1,0.149,-0.8419411159606445,-1.4483121297659904,-2.290253245726635
0.1,0.15,-0.8454181756119817,-1.4355235642846593,-2.280941739896641
0.1,0.151,-0.8488795488894992,-1.4227917108453743,-2.2716712597348736
0.1,0.152,-0.8523253213239386,-1.4101165694481348,-2.2624418907720734
0.1,0.153,-0.8557555772776086,-1.3974981400929414,-2.25325371737055
0.1,0.154,-0.8591703999671466,-1.3849364227797936,-2.2441068227469403
0.1,0.155,-0.862569871485684,-1.3724314175086916,-2.2350012889943756
0.1,0.156,-0.865954072824443,-1.3599831242796354,-2.2259371971040784
0.1,0.157,-0.8693230838937771,-1.347591543092625,-2.2169146269864024
0.1,0.158,-0.8726769835436744,-1.3352566739476606,-2.207933657491335
0.1,0.159,-0.8760158495837419,-1.3229785168447419,-2.198994366428484
0.1,0.16,-0.879339758802686,-1.310757071783869,-2.190096830586555
0.1,0.161,-0.8826487869873051,-1.298592338765042,-2.181241125752347
0.1,0.162,-0.8859430089410105,-1.286484317788261,-2.1724273267292715
0.1,0.163,-0.889222498501888,-1.2744330088535254,-2.163655507355413
0.1,0.164,-0.8924873285603159,-1.2624384119608358,-2.1549257405211515
0.1,0.165,-0.8957375710761539,-1.2505005271101919,-2.1462380981863456
0.1,0.166,-0.8989732970955122,-1.2386193543015942,-2.1375926513971066
0.1,0.167,-0.902194576767118,-1.226794893535042,-2.1289894703021597
0.1,0.168,-0.9054014793582881,-1.2150271448105356,-2.1204286241688237
0.1,0.169,-0.9085940732705206,-1.203316108128075,-2.1119101813985957
0.1,0.17,-0.9117724260547168,-1.1916617834876602,-2.103434209542377
0.1,0.171,-0.9149366044260454,-1.1800641708892912,-2.0950007753153366
0.1,0.172,-0.918086674278456,-1.1685232703329684,-2.0866099446114243
0.1,0.173,-0.9212227006988571,-1.1570390818186913,-2.0782617825175485
0.1,0.174,-0.9243447479809621,-1.1456116053464598,-2.069956353327422
0.1,0.175,-0.9274528796388206,-1.134240840916274,-2.0616937205550947
0.1,0.176,-0.9305471584200352,-1.1229267885281342,-2.0534739469481695
0.1,0.177,-0.9336276463186818,-1.1116694481820402,-2.045297094500722
0.1,0.178,-0.9366944045879319,-1.100468819877992,-2.0371632244659237
0.1,0.179,-0.9397474937523967,-1.0893249036159898,-2.0290723973683864
0.1,0.18,-0.9427869736201882,-1.0782376993960332,-2.021024673016221
0.1,0.181,-0.9458129032947176,-1.0672072072181222,-2.01302011051284
0.1,0.182,-0.9488253411862263,-1.0562334270822573,-2.0050587682684835
0.1,0.183,-0.9518243450230693,-1.0453163589884382,-1.9971407040115077
0.1,0.184,-0.9548099718627447,-1.0344560029366647,-1.9892659747994095
0.1,0.185,-0.9577822781026877,-1.0236523589269373,-1.981434637029625
0.1,0.186,-0.9607413194908274,-1.0129054269592557,-1.973646746450083
0.1,0.187,-0.9636871511359187,-1.0022152070336197,-1.9659023581695383
0.1,0.188,-0.9666198275176481,-0.9915816991500296,-1.9582015266676778
0.1,0.189,-0.9695394024965296,-0.9810049033084854,-1.950544305805015
0.1,0.19,-0.9724459293235844,-0.9704848195089869,-1.9429307488325713
0.1,0.191,-0.975339460649822,-0.9600214477515342,-1.935360908401356
0.1,0.192,-0.9782200485355158,-0.9496147880361275,-1.9278348365716433
0.1,0.193,-0.981087744459291,-0.9392648403627665,-1.9203525848220575
0.1,0.194,-0.9839425993270179,-0.9289716047314512,-1.912914204058469
0.1,0.195,-0.986784663480526,-0.9187350811421819,-1.905519744622708
0.1,0.196,-0.9896139867061333,-0.9085552695949584,-1.8981692563010917
0.1,0.197,-0.9924306182430076,-0.8984321700897806,-1.8908627883327882
0.1,0.198,-0.9952346067913489,-0.8883657826266486,-1.8836003894179973
0.1,0.199,-0.9980260005204148,-0.8783561072055626,-1.8763821077259775
0.1,0.2,-1.0008048470763757,-0.8684031438265222,-1.8692079909028978
0.1,0.201,-1.003571193590019,-0.8585068924895276,-1.8620780860795465
0.1,0.202,-1.0063250866842925,-0.8486673531945791,-1.8549924398788717
0.1,0.203,-1.0090665724817058,-0.8388845259416762,-1.847951098423382
0.1,0.204,-1.011795696611576,-0.8291584107308193,-1.8409541073423954
0.1,0.205,-1.014512504217139,-0.8194890075620082,-1.8340015117791473
0.1,0.206,-1.0172170399625151,-0.8098763164352427,-1.8270933563977578
0.1,0.207,-1.0199093480395425,-0.800320337350523,-1.8202296853900655
0.1,0.208,-1.022589472174475,-0.7908210703078493,-1.8134105424823244
0.1,0.209,-1.0252574556345546,-0.7813785153072212,-1.8066359709417759
0.1,0.21,-1.0279133412344512,-0.7719926723486391,-1.7999060135830902
0.1,0.211,-1.0305571713425845,-0.7626635414321028,-1.7932207127746873
0.1,0.212,-1.0331889878873233,-0.7533911225576122,-1.7865801104449355
0.1,0.213,-1.0358088323630663,-0.7441754157251673,-1.7799842480882337
0.1,0.214,-1.0384167458362088,-0.7350164209347686,-1.7734331667709773
0.1,0.215,-1.0410127689509978,-0.7259141381864155,-1.7669269071374134
0.1,0.216,-1.0435969419352753,-0.7168685674801081,-1.7604655094153834
0.1,0.217,-1.046169304606117,-0.7078797088158466,-1.7540490134219635
0.1,0.218,-1.0487298963753646,-0.698947562193631,-1.7476774585689956
0.1,0.219,-1.0512787562550572,-0.6900721276134612,-1.7413508838685183
0.1,0.22,-1.0538159228627606,-0.681253405075337,-1.7350693279380978
0.1,0.221,-1.0563414344268014,-0.6724913945792589,-1.7288328290060604
0.1,0.222,-1.0588553287914046,-0.6637860961252264,-1.722641424916631
0.1,0.223,-1.0613576434217369,-0.6551375097132398,-1.7164951531349768
0.1,0.224,-1.0638484154088608,-0.646545635343299,-1.7103940507521598
0.1,0.225,-1.0663276814745972,-0.638010473015404,-1.7043381544900011
0.1,0.226,-1.0687954779763034,-0.6295320227295549,-1.6983275007058583
0.1,0.227,-1.0712518409115628,-0.6211102844857516,-1.6923621253973145
0.1,0.228,-1.0736968059227947,-0.612745258283994,-1.6864420642067888
0.1,0.229,-1.0761304083017782,-0.6044369441242824,-1.6805673524260607
0.1,0.23,-1.0785526829941008,-0.5961853420066164,-1.6747380250007171
0.1,0.231,-1.080963664603525,-0.5879904519309964,-1.6689541165345214
0.1,0.232,-1.0833633873962818,-0.579852273897422,-1.663215661293704
0.1,0.233,-1.0857518853052865,-0.5717708079058936,-1.6575226932111802
0.1,0.234,-1.088129191934284,-0.563746053956411,-1.651875245890695
0.1,0.235,-1.0904953405619193,-0.5557780120489744,-1.6462733526108937
0.1,0.236,-1.0928503641457428,-0.5478666821835834,-1.6407170463293261
0.1,0.237,-1.0951942953261404,-0.5400120643602381,-1.6352063596863786
0.1,0.238,-1.0975271664302033,-0.5322141585789387,-1.629741325009142
0.1,0.239,-1.0998490094755262,-0.5244729648396852,-1.6243219743152113
0.1,0.24,-1.1021598561739456,-0.5167884831424774,-1.618948339316423
0.1,0.241,-1.1044597379352121,-0.5091607134873155,-1.6136204514225276
0.1,0.242,-1.1067486858706024,-0.5015896558741993,-1.6083383417448016
0.1,0.243,-1.10902673079647,-0.49407531030312907,-1.603102041099599
0.1,0.244,-1.1112939032377378,-0.4866176767741045,-1.5979115800118424
0.1,0.245,-1.1135502334313307,-0.47921675528712576,-1.5927669887184566
0.1,0.246,-1.115795751329554,-0.47187254584219285,-1.5876682971717468
0.1,0.247,-1.1180304866034136,-0.4645850484393058,-1.5826155350427196
0.1,0.248,-1.120254468645884,-0.4573542630784646,-1.5776087317243486
0.1,0.249,-1.1224677265751195,-0.45018018975966917,-1.5726479163347886
0.1,0.25,-1.1246702892376166,-0.44306282848291956,-1.567733117720536
0.1,0.251,-1.1268621852113239,-0.43600217924821566,-1.5628643644595395
0.1,0.252,-1.1290434428086988,-0.42899824205555775,-1.5580416848642566
0.1,0.253,-1.1312140900797198,-0.4220510169049455,-1.5532651069846652
0.1,0.254,-1.1333741548148464,-0.41516050379637914,-1.5485346586112256
0.1,0.255,-1.1355236645479332,-0.4083267027298586,-1.5438503672777917
0.1,0.256,-1.1376626465590973,-0.40154961370538383,-1.539212260264481
0.1,0.257,-1.139791127877541,-0.39482923672295495,-1.534620364600496
0.1,0.258,-1.141909135284327,-0.3881655717825718,-1.5300747070668987
0.1,0.259,-1.1440166953151127,-0.3815586188842345,-1.5255753141993473
0.1,0.26,-1.1461138342628407,-0.375008378027943,-1.5211222122907837
0.1,0.261,-1.148200578180386,-0.36851484921369737,-1.5167154273940833
0.1,0.262,-1.150276952883162,-0.3620780324414975,-1.5123549853246594
0.1,0.263,-1.1523429839516879,-0.35569792771134345,-1.5080409116630313
0.1,0.264,-1.1543986967341133,-0.3493745350232352,-1.5037732317573484
0.1,0.265,-1.1564441163487065,-0.34310785437717284,-1.4995519707258793
0.1,0.266,-1.1584792676863014,-0.3368978857731562,-1.4953771534594575
0.1,0.267,-1.1605041754127097,-0.3307446292111854,-1.4912488046238952
0.1,0.268,-1.1625188639710948,-0.32464808469126044,-1.4871669486623553
0.1,0.269,-1.1645233575843086,-0.31860825221338124,-1.4831316097976899
0.1,0.27,-1.166517680257194,-0.31262513177754797,-1.4791428120347418
0.1,0.271,-1.1685018557788527,-0.30669872338376036,-1.475200579162613
0.1,0.272,-1.1704759077248768,-0.30082902703201864,-1.4713049347568954
0.1,0.273,-1.1724398594595489,-0.2950160427223228,-1.4674559021818716
0.1,0.274,-1.1743937341380077,-0.28925977045467266,-1.4636535045926804
0.1,0.275,-1.1763375547083814,-0.28356021022906835,-1.4598977649374498
0.1,0.276,-1.17827134391389,-0.2779173620455099,-1.4561887059593999
0.1,0.277,-1.180195124294915,-0.2723312259039972,-1.452526350198912
0.1,0.278,-1.182108918191039,-0.26680180180453045,-1.4489107199955693
0.1,0.279,-1.1840127477430555,-0.2613290897471094,-1.445341837490165
0.1,0.28,-1.185906634894949,-0.25591308973173416,-1.441819724626683
0.1,0.281,-1.187790601395844,-0.2505538017584048,-1.4383444031542487
0.1,0.282,-1.1896646688019281,-0.2452512258271215,-1.4349158946290497
0.1,0.283,-1.1915288584783459,-0.24000536193788372,-1.4315342204162296
0.1,0.284,-1.1933831916010644,-0.23481621009069178,-1.4281994016917563
0.1,0.285,-1.1952276891587124,-0.2296837702855456,-1.424911459444258
0.1,0.286,-1.197062371954392,-0.2246080425224453,-1.4216704144768373
0.1,0.287,-1.1988872606074654,-0.21958902680139078,-1.4184762874088561
0.1,0.288,-1.2007023755553157,-0.21462672312238204,-1.4153290986776976
0.1,0.289,-1.2025077370550796,-0.20972113148541918,-1.412228868540499
0.1,0.29,-1.20430336518536,-0.20487225189050207,-1.4091756170758623
0.1,0.291,-1.2060892798479086,-0.20008008433763086,-1.4061693641855395
0.1,0.292,-1.2078655007692904,-0.19534462882680534,-1.4032101295960957
0.1,0.293,-1.2096320475025186,-0.19066588535802573,-1.4002979328605443
0.1,0.294,-1.2113889394286717,-0.1860438539312919,-1.3974327933599635
0.1,0.295,-1.2131361957584814,-0.18147853454660393,-1.3946147303050853
0.1,0.296,-1.2148738355339068,-0.17696992720396174,-1.3918437627378686
0.1,0.297,-1.2166018776296754,-0.17251803190336532,-1.3891199095330407
0.1,0.298,-1.2183203407548142,-0.16812284864481478,-1.386443189399629
0.1,0.299,-1.2200292434541482,-0.16378437742831,-1.3838136208824583
0.1,0.3,-1.221728604109787,-0.1595026182538511,-1.381231222363638
0.1,0.301,-1.2234184409425841,-0.15527757112143795,-1.3786960120640221
0.1,0.302,-1.2250987720135809,-0.15110923603107063,-1.3762080080446515
0.1,0.303,-1.2267696152254262,-0.14699761298274913,-1.3737672282081752
0.1,0.304,-1.2284309883237792,-0.14294270197647346,-1.3713736903002527
0.1,0.305,-1.2300829088986918,-0.1389445030122436,-1.3690274119109354
0.1,0.306,-1.2317253943859725,-0.13500301609005952,-1.366728410476032
0.1,0.307,-1.2333584620685292,-0.1311182412099213,-1.3644767032784504
0.1,0.308,-1.2349821290776974,-0.12729017837182888,-1.3622723074495262
0.1,0.309,-1.2365964123945474,-0.12351882757578227,-1.3601152399703298
0.1,0.31,-1.2382013288511742,-0.11980418882178144,-1.3580055176729555
0.1,0.311,-1.239796895131969,-0.11614626210982645,-1.3559431572417953
0.1,0.312,-1.2413831277748764,-0.11254504743991729,-1.3539281752147936
0.1,0.313,-1.24296004317263,-0.10900054481205391,-1.3519605879846839
0.1,0.314,-1.2445276575739763,-0.10551275422623638,-1.3500404118002127
0.1,0.315,-1.2460859870848764,-0.10208167568246465,-1.3481676627673411
0.1,0.316,-1.247635047669697,-0.09870730918073874,-1.3463423568504356
0.1,0.317,-1.249174855152379,-0.09538965472105862,-1.3445645098734376
0.1,0.318,-1.2507054252175993,-0.09212871230342434,-1.3428341375210238
0.1,0.319,-1.2522267734119072,-0.08892448192783586,-1.341151255339743
0.1,0.32,-1.2537389151448528,-0.08577696359429321,-1.339515878739146
0.1,0.321,-1.2552418656900945,-0.08268615730279635,-1.337928022992891
0.1,0.322,-1.2567356401864989,-0.07965206305334531,-1.3363877032398441
0.1,0.323,-1.2582202536392175,-0.07667468084594009,-1.3348949344851575
0.1,0.324,-1.259695720920757,-0.0737540106805807,-1.3334497316013378
0.1,0.325,-1.2611620567720294,-0.07089005255726709,-1.3320521093292965
0.1,0.326,-1.2626192758033907,-0.0680828064759993,-1.33070208227939
0.1,0.327,-1.2640673924956667,-0.06533227243677735,-1.329399664932444
0.1,0.328,-1.2655064212011629,-0.0626384504396012,-1.328144871640764
0.1,0.329,-1.2669363761446624,-0.06000134048447085,-1.3269377166291332
0.1,0.33,-1.2683572714244113,-0.05742094257138634,-1.3257782139957976
0.1,0.331,-1.2697691210130888,-0.05489725670034762,-1.3246663777134364
0.1,0.332,-1.271171938758767,-0.05243028287135472,-1.3236022216301218
0.1,0.333,-1.2725657383858564,-0.05002002108440764,-1.3225857594702641
0.1,0.334,-1.27395053349604,-0.04766647133950637,-1.3216170048355462
0.1,0.335,-1.2753263375691937,-0.04536963363665091,-1.3206959712058446
0.1,0.336,-1.2766931639642967,-0.04312950797584127,-1.319822671940138
0.1,0.337,-1.2780510259203286,-0.040946094357077446,-1.318997120277406
0.1,0.338,-1.2793999365571547,-0.03881939278035943,-1.3182193293375142
0.1,0.339,-1.2807399088763995,-0.036749403245687234,-1.3174893121220868
0.1,0.34,-1.2820709557623113,-0.03473612575306084,-1.316807081515372
0.1,0.341,-1.283393089982611,-0.03277956030248027,-1.3161726502850912
0.1,0.342,-1.2847063241893348,-0.030879706893945508,-1.3155860310832803
0.1,0.343,-1.2860106709196613,-0.029036565527456565,-1.3150472364471177
0.1,0.344,-1.2873061425967312,-0.027250136203013534,-1.3145562787997447
0.1,0.345,-1.2885927515304556,-0.025520418920616215,-1.3141131704510718
0.1,0.346,-1.289870509918313,-0.0238474136802647,-1.3137179235985776
0.1,0.347,-1.291139429846135,-0.02223112048195901,-1.313370550328094
0.1,0.348,-1.2923995232888845,-0.02067153932569913,-1.3130710626145836
0.1,0.349,-1.2936508021114228,-0.019168670211485068,-1.3128194723229079
0.1,0.35,-1.294893278069265,-0.017722513139316814,-1.3126157912085819
0.1,0.351,-1.2961269628093275,-0.016333068109194375,-1.312460030918522
0.1,0.352,-1.2973518678706657,-0.015000335121117751,-1.3123522029917833
0.1,0.353,-1.298568004685201,-0.01372431417508694,-1.312292318860288
0.1,0.354,-1.29977538457844,-0.012505005271101944,-1.312280389849542
0.1,0.355,-1.3009740187701824,-0.011342408409162761,-1.312316427179345
0.1,0.356,-1.302163918375221,-0.010236523589269391,-1.3124004419644903
0.1,0.357,-1.3033450944040332,-0.009187350811421835,-1.312532445215455
0.1,0.358,-1.3045175577634625,-0.008194890075620093,-1.3127124478390826
0.1,0.359,-1.305681319257391,-0.007259141381864166,-1.3129404606392552
0.1,0.36,-1.3068363895874036,-0.006380104730154054,-1.3132164943175577
0.1,0.361,-1.3079827793534444,-0.005557780120489753,-1.3135405594739342
0.1,0.362,-1.309120499054464,-0.004792167552871267,-1.3139126666073353
0.1,0.363,-1.3102495590890564,-0.004083267027298594,-1.314332826116355
0.1,0.364,-1.3113699697560914,-0.003431078543771735,-1.314801048299863
0.1,0.365,-1.3124817412553371,-0.0028356021022906902,-1.3153173433576277
0.1,0.366,-1.3135848836880715,-0.0022968377028554587,-1.3158817213909269
0.1,0.367,-1.3146794070576924,-0.0018147853454660416,-1.3164941924031583
0.1,0.368,-1.315765321270313,-0.0013894450301224382,-1.3171547663004355
0.1,0.369,-1.316842636135354,-0.0010208167568246484,-1.3178634528921787
0.1,0.37,-1.3179113613661255,-0.0007089005255726726,-1.3186202618916982
0.1,0.371,-1.318971506580403,-0.0004536963363665104,-1.3194252029167697
0.1,0.372,-1.3200230813009957,-0.0002552041892061621,-1.3202782854902018
0.1,0.373,-1.3210660949563051,-0.0001134240840916276,-1.3211795190403968
0.1,0.374,-1.3221005568808808,-0.0000283560210229069,-1.3221289129019036
0.1,0.375,-1.3231264763159643,-0,-1.3231264763159643
0.1,0.376,-1.3241438624100277,-0.0000283560210229069,-1.3241722184310505
0.1,0.377,-1.3251527242193073,-0.0001134240840916276,-1.325266148303399
0.1,0.378,-1.3261530707083267,-0.0002552041892061621,-1.3264082748975328
0.1,0.379,-1.3271449107504143,-0.0004536963363665104,-1.327598607086781
0.1,0.38,-1.3281282531282161,-0.0007089005255726726,-1.3288371536537888
0.1,0.381,-1.3291031065341978,-0.0010208167568246484,-1.3301239232910225
0.1,0.382,-1.330069479571145,-0.0013894450301224382,-1.3314589246012674
0.1,0.383,-1.3310273807526507,-0.0018147853454660416,-1.3328421660981167
0.1,0.384,-1.3319768185036036,-0.0022968377028554587,-1.334273656206459
0.1,0.385,-1.3329178011606633,-0.0028356021022906902,-1.3357534032629539
0.1,0.386,-1.3338503369727337,-0.003431078543771735,-1.3372814155165054
0.1,0.387,-1.3347744341014278,-0.004083267027298594,-1.3388577011287264
0.1,0.388,-1.3356901006215267,-0.004792167552871267,-1.340482268174398
0.1,0.389,-1.3365973445214334,-0.005557780120489753,-1.3421551246419232
0.1,0.39,-1.3374961737036188,-0.006380104730154054,-1.343876278433773
0.1,0.391,-1.3383865959850634,-0.007259141381864166,-1.3456457373669275
0.1,0.392,-1.3392686190976923,-0.008194890075620093,-1.3474635091733125
0.1,0.393,-1.3401422506888037,-0.009187350811421835,-1.3493296015002254
0.1,0.394,-1.3410074983214932,-0.010236523589269391,-1.3512440219107626
0.1,0.395,-1.3418643694750698,-0.011342408409162761,-1.3532067778842325
0.1,0.396,-1.3427128715454693,-0.012505005271101944,-1.3552178768165712
0.1,0.397,-1.3435530118456593,-0.01372431417508694,-1.3572773260207462
0.1,0.398,-1.344384797606041,-0.015000335121117751,-1.3593851327271587
0.1,0.399,-1.3452082359748436,-0.016333068109194375,-1.361541304084038
0.1,0.4,-1.346023334018513,-0.017722513139316814,-1.3637458471578299
0.1,0.401,-1.3468300987220974,-0.019168670211485068,-1.3659987689335824
0.1,0.402,-1.3476285369896255,-0.02067153932569913,-1.3683000763153246
0.1,0.403,-1.3484186556444808,-0.02223112048195901,-1.3706497761264398
0.1,0.404,-1.349200461429768,-0.0238474136802647,-1.3730478751100326
0.1,0.405,-1.3499739610086778,-0.025520418920616215,-1.375494379929294
0.1,0.406,-1.350739160964845,-0.027250136203013534,-1.3779892971678585
0.1,0.407,-1.3514960678026995,-0.029036565527456565,-1.380532633330156
0.1,0.408,-1.3522446879478154,-0.030879706893945508,-1.3831243948417609
0.1,0.409,-1.3529850277472542,-0.03277956030248027,-1.3857645880497345
0.1,0.41,-1.3537170934699012,-0.03473612575306084,-1.3884532192229622
0.1,0.411,-1.3544408913068002,-0.036749403245687234,-1.3911902945524874
0.1,0.412,-1.3551564273714791,-0.03881939278035943,-1.3939758201518386
0.1,0.413,-1.355863707700276,-0.040946094357077446,-1.3968098020573534
0.1,0.414,-1.3565627382526548,-0.04312950797584127,-1.3996922462284962
0.1,0.415,-1.3572535249115227,-0.04536963363665091,-1.4026231585481737
0.1,0.416,-1.357936073483534,-0.04766647133950637,-1.4056025448230403
0.1,0.417,-1.3586103896993995,-0.05002002108440764,-1.4086304107838072
0.1,0.418,-1.3592764792141843,-0.05243028287135472,-1.411706762085539
0.1,0.419,-1.3599343476076018,-0.05489725670034762,-1.4148316043079494
0.1,0.42,-1.360584000384307,-0.05742094257138634,-1.4180049429556933
0.1,0.421,-1.3612254429741806,-0.06000134048447085,-1.4212267834586514
0.1,0.422,-1.3618586807326118,-0.0626384504396012,-1.424497131172213
0.1,0.423,-1.362483718940776,-0.06533227243677735,-1.4278159913775532
0.1,0.424,-1.363100562805907,-0.0680828064759993,-1.4311833692819063
0.1,0.425,-1.3637092174615668,-0.07089005255726709,-1.434599270018834
0.1,0.426,-1.3643096879679082,-0.0737540106805807,-1.438063698648489
0.1,0.427,-1.3649019793119372,-0.07667468084594009,-1.4415766601578772
0.1,0.428,-1.3654860964077673,-0.07965206305334531,-1.4451381594611126
0.1,0.429,-1.3660620440968718,-0.08268615730279635,-1.4487482013996682
0.1,0.43,-1.3666298271483317,-0.08577696359429321,-1.452406790742625
0.1,0.431,-1.367189450259079,-0.08892448192783586,-1.4561139321869148
0.1,0.432,-1.367740918054135,-0.09212871230342434,-1.4598696303575593
0.1,0.433,-1.3682842350868472,-0.09538965472105862,-1.4636738898079058
0.1,0.434,-1.3688194058391197,-0.09870730918073874,-1.4675267150198583
0.1,0.435,-1.3693464347216406,-0.10208167568246465,-1.4714281104041054
0.1,0.436,-1.3698653260741056,-0.10551275422623638,-1.475378080300342
0.1,0.437,-1.370376084165437,-0.10900054481205391,-1.479376628977491
0.1,0.438,-1.3708787131939983,-0.11254504743991729,-1.4834237606339156
0.1,0.439,-1.3713732172878084,-0.11614626210982645,-1.4875194793976347
0.1,0.44,-1.3718596005047456,-0.11980418882178144,-1.491663789326527
0.1,0.441,-1.372337866832755,-0.12351882757578227,-1.4958566944085374
0.1,0.442,-1.3728080201900459,-0.12729017837182888,-1.5000981985618749
0.1,0.443,-1.3732700644252895,-0.1311182412099213,-1.5043883056352108
0.1,0.444,-1.373724003317811,-0.13500301609005952,-1.5087270194078706
0.1,0.445,-1.3741698405777778,-0.1389445030122436,-1.5131143435900214
0.1,0.446,-1.3746075798463866,-0.14294270197647346,-1.5175502818228601
0.1,0.447,-1.3750372246960414,-0.14699761298274913,-1.5220348376787904
0.1,0.448,-1.3754587786305341,-0.15110923603107063,-1.5265680146616047
0.1,0.449,-1.375872245085218,-0.15527757112143795,-1.5311498162066561
0.1,0.45,-1.3762776274271769,-0.1595026182538511,-1.535780245681028
0.1,0.451,-1.3766749289553935,-0.16378437742831,-1.5404593063837035
0.1,0.452,-1.3770641529009122,-0.16812284864481478,-1.545187001545727
0.1,0.453,-1.377445302426998,-0.17251803190336532,-1.5499633343303632
0.1,0.454,-1.3778183806292938,-0.17696992720396174,-1.5547883078332556
0.1,0.455,-1.3781833905359733,-0.18147853454660393,-1.5596619250825772
0.1,0.456,-1.3785403351078882,-0.1860438539312919,-1.56458418903918
0.1,0.457,-1.378889217238717,-0.19066588535802573,-1.5695551025967427
0.1,0.458,-1.3792300397551043,-0.19534462882680534,-1.5745746685819095
0.1,0.459,-1.3795628054168008,-0.20008008433763086,-1.5796428897544317
0.1,0.46,-1.379887516916799,-0.20487225189050207,-1.584759768807301
0.1,0.461,-1.3802041768814652,-0.20972113148541918,-1.5899253083668845
0.1,0.462,-1.3805127878706673,-0.21462672312238204,-1.5951395109930493
0.1,0.463,-1.3808133523779007,-0.21958902680139078,-1.6004023791792914
0.1,0.464,-1.3811058728304095,-0.2246080425224453,-1.6057139153528548
0.1,0.465,-1.3813903515893058,-0.2296837702855456,-1.6110741218748514
0.1,0.466,-1.381666790949684,-0.23481621009069178,-1.616483001040376
0.1,0.467,-1.381935193140734,-0.24000536193788372,-1.6219405550786177
0.1,0.468,-1.3821955603258473,-0.2452512258271215,-1.627446786152969
0.1,0.469,-1.3824478946027252,-0.2505538017584048,-1.63300169636113
0.1,0.47,-1.3826921980034785,-0.25591308973173416,-1.6386052877352126
0.1,0.471,-1.3829284724947277,-0.2613290897471094,-1.6442575622418372
0.1,0.472,-1.3831567199776977,-0.26680180180453045,-1.6499585217822281
0.1,0.473,-1.3833769422883095,-0.2723312259039972,-1.6557081681923067
0.1,0.474,-1.383589141197271,-0.2779173620455099,-1.661506503242781
0.1,0.475,-1.3837933184101598,-0.28356021022906835,-1.6673535286392283
0.1,0.476,-1.38398947556751,-0.28925977045467266,-1.6732492460221826
0.1,0.477,-1.3841776142448872,-0.2950160427223228,-1.67919365696721
0.1,0.478,-1.3843577359529673,-0.30082902703201864,-1.685186762984986
0.1,0.479,-1.384529842137609,-0.30669872338376036,-1.6912285655213695
0.1,0.48,-1.384693934179923,-0.31262513177754797,-1.6973190659574708
0.1,0.481,-1.3848500133963395,-0.31860825221338124,-1.7034582656097208
0.1,0.482,-1.3849980810386708,-0.32464808469126044,-1.7096461657299313
0.1,0.483,-1.385138138294173,-0.3307446292111854,-1.7158827675053585
0.1,0.484,-1.3852701862856018,-0.3368978857731562,-1.722168072058758
0.1,0.485,-1.3853942260712673,-0.34310785437717284,-1.7285020804484401
0.1,0.486,-1.3855102586450845,-0.3493745350232352,-1.7348847936683196
0.1,0.487,-1.385618284936622,-0.35569792771134345,-1.7413162126479655
0.1,0.488,-1.3857183058111464,-0.3620780324414975,-1.7477963382526438
0.1,0.489,-1.3858103220696634,-0.36851484921369737,-1.7543251712833607
0.1,0.49,-1.3858943344489565,-0.375008378027943,-1.7609027124768994
0.1,0.491,-1.3859703436216226,-0.3815586188842345,-1.7675289625058572
0.1,0.492,-1.3860383501961053,-0.3881655717825718,-1.7742039219786772
0.1,0.493,-1.3860983547167218,-0.39482923672295495,-1.7809275914396767
0.1,0.494,-1.3861503576636915,-0.40154961370538383,-1.7876999713690753
0.1,0.495,-1.3861943594531572,-0.4083267027298586,-1.7945210621830157
0.1,0.496,-1.3862303604372066,-0.41516050379637914,-1.8013908642335856
0.1,0.497,-1.3862583609038874,-0.4220510169049455,-1.808309377808833
0.1,0.498,-1.3862783610772236,-0.42899824205555775,-1.8152766031327814
0.1,0.499,-1.386290361117224,-0.43600217924821566,-1.8222925403654395
0.1,0.5,-1.3862943611198906,-0.44306282848291956,-1.8293571896028102
0.1,0.501,-1.386290361117224,-0.45018018975966917,-1.836470550876893
0.1,0.502,-1.3862783610772236,-0.4573542630784646,-1.8436326241556882
0.1,0.503,-1.3862583609038874,-0.4645850484393058,-1.8508434093431934
0.1,0.504,-1.3862303604372066,-0.47187254584219285,-1.8581029062793994
0.1,0.505,-1.3861943594531572,-0.47921675528712576,-1.865411114740283
0.1,0.506,-1.3861503576636915,-0.4866176767741045,-1.872768034437796
0.1,0.507,-1.3860983547167218,-0.49407531030312907,-1.8801736650198508
0.1,0.508,-1.3860383501961053,-0.5015896558741993,-1.8876280060703046
0.1,0.509,-1.3859703436216226,-0.5091607134873155,-1.8951310571089381
0.1,0.51,-1.3858943344489565,-0.5167884831424774,-1.9026828175914339
0.1,0.511,-1.3858103220696634,-0.5244729648396852,-1.9102832869093485
0.1,0.512,-1.3857183058111464,-0.5322141585789387,-1.917932464390085
0.1,0.513,-1.385618284936622,-0.5400120643602381,-1.9256303492968603
0.1,0.514,-1.3855102586450845,-0.5478666821835834,-1.9333769408286678
0.1,0.515,-1.3853942260712673,-0.5557780120489744,-1.9411722381202416
0.1,0.516,-1.3852701862856018,-0.5637460539564112,-1.949016240242013
0.1,0.517,-1.385138138294173,-0.5717708079058939,-1.9569089462000668
0.1,0.518,-1.3849980810386708,-0.5798522738974223,-1.9648503549360932
0.1,0.519,-1.3848500133963395,-0.5879904519309965,-1.972840465327336
0.1,0.52,-1.384693934179923,-0.5961853420066167,-1.9808792761865397
0.1,0.521,-1.384529842137609,-0.6044369441242825,-1.9889667862618916
0.1,0.522,-1.3843577359529673,-0.6127452582839943,-1.9971029942369616
0.1,0.523,-1.3841776142448872,-0.6211102844857518,-2.005287898730639
0.1,0.524,-1.38398947556751,-0.6295320227295551,-2.013521498297065
0.1,0.525,-1.3837933184101598,-0.6380104730154044,-2.0218037914255644
0.1,0.526,-1.383589141197271,-0.6465456353432992,-2.03013477654057
0.1,0.527,-1.3833769422883095,-0.65513750971324,-2.0385144520015497
0.1,0.528,-1.3831567199776977,-0.6637860961252267,-2.0469428161029244
0.1,0.529,-1.3829284724947277,-0.6724913945792591,-2.055419867073987
0.1,0.53,-1.3826921980034785,-0.6812534050753374,-2.0639456030788157
0.1,0.531,-1.3824478946027252,-0.6900721276134613,-2.0725200222161866
0.1,0.532,-1.3821955603258473,-0.6989475621936311,-2.0811431225194785
0.1,0.533,-1.3819351931407338,-0.7078797088158469,-2.0898149019565806
0.1,0.534,-1.381666790949684,-0.7168685674801083,-2.0985353584297926
0.1,0.535,-1.3813903515893058,-0.7259141381864157,-2.1073044897757214
0.1,0.536,-1.3811058728304095,-0.7350164209347687,-2.1161222937651782
0.1,0.537,-1.3808133523779007,-0.7441754157251677,-2.1249887681030684
0.1,0.538,-1.3805127878706673,-0.7533911225576123,-2.1339039104282795
0.1,0.539,-1.380204176881465,-0.7626635414321029,-2.142867718313568
0.1,0.54,-1.379887516916799,-0.7719926723486393,-2.1518801892654382
0.1,0.541,-1.3795628054168008,-0.7813785153072214,-2.1609413207240222
0.1,0.542,-1.3792300397551043,-0.7908210703078495,-2.170051110062954
0.1,0.543,-1.378889217238717,-0.8003203373505234,-2.1792095545892405
0.1,0.544,-1.3785403351078884,-0.8098763164352428,-2.188416651543131
0.1,0.545,-1.378183390535973,-0.8194890075620083,-2.197672398097981
0.1,0.546,-1.3778183806292938,-0.8291584107308195,-2.2069767913601135
0.1,0.547,-1.377445302426998,-0.8388845259416767,-2.2163298283686745
0.1,0.548,-1.3770641529009122,-0.8486673531945796,-2.225731506095492
0.1,0.549,-1.3766749289553935,-0.8585068924895282,-2.2351818214449217
0.1,0.55,-1.3762776274271769,-0.8684031438265228,-2.2446807712537
0.1,0.551,-1.375872245085218,-0.8783561072055631,-2.2542283522907813
0.1,0.552,-1.3754587786305341,-0.8883657826266491,-2.2638245612571835
0.1,0.553,-1.3750372246960412,-0.8984321700897812,-2.273469394785822
0.1,0.554,-1.3746075798463866,-0.9085552695949587,-2.283162849441345
0.1,0.555,-1.3741698405777778,-0.9187350811421824,-2.29290492171996
0.1,0.556,-1.373724003317811,-0.9289716047314519,-2.302695608049263
0.1,0.557,-1.3732700644252893,-0.9392648403627671,-2.3125349047880563
0.1,0.558,-1.372808020190046,-0.9496147880361281,-2.3224228082261744
0.1,0.559,-1.372337866832755,-0.9600214477515349,-2.33235931458429
0.1,0.56,-1.3718596005047456,-0.9704848195089875,-2.342344420013733
0.1,0.561,-1.3713732172878084,-0.981004903308486,-2.3523781205962946
0.1,0.562,-1.3708787131939983,-0.9915816991500304,-2.3624604123440287
0.1,0.563,-1.370376084165437,-1.0022152070336192,-2.3725912911990563
0.1,0.564,-1.3698653260741058,-1.012905426959255,-2.382770753033361
0.1,0.565,-1.3693464347216406,-1.0236523589269366,-2.3929987936485775
0.1,0.566,-1.3688194058391194,-1.034456002936664,-2.4032754087757837
0.1,0.567,-1.3682842350868472,-1.0453163589884376,-2.4136005940752847
0.1,0.568,-1.367740918054135,-1.0562334270822569,-2.4239743451363918
0.1,0.569,-1.367189450259079,-1.0672072072181218,-2.4343966574772007
0.1,0.57,-1.366629827148332,-1.0782376993960325,-2.4448675265443645
0.1,0.571,-1.3660620440968718,-1.0893249036159889,-2.455386947712861
0.1,0.572,-1.3654860964077673,-1.1004688198779915,-2.465954916285759
0.1,0.573,-1.3649019793119372,-1.1116694481820395,-2.476571427493977
0.1,0.574,-1.3643096879679082,-1.1229267885281338,-2.487236476496042
0.1,0.575,-1.3637092174615668,-1.1342408409162734,-2.4979500583778402
0.1,0.576,-1.3631005628059072,-1.1456116053464591,-2.5087121681523663
0.1,0.577,-1.362483718940776,-1.1570390818186906,-2.5195228007594666
0.1,0.578,-1.3618586807326118,-1.168523270332968,-2.53038195106558
0.1,0.579,-1.3612254429741806,-1.1800641708892912,-2.541289613863472
0.1,0.58,-1.360584000384307,-1.19166178348766,-2.552245783871967
0.1,0.581,-1.3599343476076018,-1.2033161081280745,-2.5632504557356763
0.1,0.582,-1.3592764792141843,-1.2150271448105352,-2.5743036240247195
0.1,0.583,-1.3586103896993995,-1.2267948935350415,-2.585405283234441
0.1,0.584,-1.357936073483534,-1.2386193543015935,-2.5965554277851277
0.1,0.585,-1.3572535249115227,-1.2505005271101919,-2.607754052021715
0.1,0.586,-1.356562738252655,-1.2624384119608354,-2.6190011502134904
0.1,0.587,-1.355863707700276,-1.274433008853525,-2.6302967165538007
0.1,0.588,-1.3551564273714791,-1.2864843177882606,-2.64164074515974
0.1,0.589,-1.3544408913068002,-1.2985923387650418,-2.653033230071842
0.1,0.59,-1.3537170934699014,-1.3107570717838688,-2.66447416525377
0.1,0.591,-1.3529850277472542,-1.3229785168447417,-2.675963544591996
0.1,0.592,-1.3522446879478154,-1.3352566739476603,-2.6875013618954755
0.1,0.593,-1.3514960678026995,-1.3475915430926249,-2.699087610895324
0.1,0.594,-1.350739160964845,-1.3599831242796352,-2.71072228524448
0.1,0.595,-1.3499739610086778,-1.3724314175086914,-2.722405378517369
0.1,0.596,-1.349200461429768,-1.3849364227797931,-2.734136884209561
0.1,0.597,-1.3484186556444808,-1.3974981400929407,-2.7459167957374215
0.1,0.598,-1.3476285369896255,-1.4101165694481343,-2.75774510643776
0.1,0.599,-1.3468300987220974,-1.4227917108453738,-2.769621809567471
0.1,0.6,-1.346023334018513,-1.435523564284659,-2.781546898303172
0.1,0.601,-1.3452082359748436,-1.44831212976599,-2.7935203657408336
0.1,0.602,-1.344384797606041,-1.461157407289367,-2.805542204895408
0.1,0.603,-1.3435530118456593,-1.4740593968547895,-2.817612408700449
0.1,0.604,-1.3427128715454693,-1.4870180984622579,-2.829730970007727
0.1,0.605,-1.3418643694750698,-1.500033512111772,-2.841897881586842
0.1,0.606,-1.3410074983214932,-1.513105637803332,-2.854113136124825
0.1,0.607,-1.3401422506888037,-1.526234475536938,-2.8663767262257416
0.1,0.608,-1.3392686190976923,-1.5394200253125898,-2.878688644410282
0.1,0.609,-1.3383865959850634,-1.5526622871302873,-2.8910488831153507
0.1,0.61,-1.3374961737036188,-1.5659612609900306,-2.9034574346936495
0.1,0.611,-1.3365973445214334,-1.5793169468918198,-2.9159142914132534
0.1,0.612,-1.3356901006215267,-1.5927293448356545,-2.9284194454571812
0.1,0.613,-1.3347744341014278,-1.6061984548215353,-2.940972888922963
0.1,0.614,-1.3338503369727337,-1.619724276849462,-2.9535746138221954
0.1,0.615,-1.3329178011606633,-1.6333068109194344,-2.9662246120800977
0.1,0.616,-1.3319768185036036,-1.6469460570314525,-2.978922875535056
0.1,0.617,-1.3310273807526507,-1.6606420151855166,-2.9916693959381675
0.1,0.618,-1.330069479571145,-1.6743946853816265,-3.0044641649527715
0.1,0.619,-1.3291031065341978,-1.688204067619782,-3.01730717415398
0.1,0.62,-1.3281282531282161,-1.7020701618999834,-3.0301984150281998
0.1,0.621,-1.3271449107504143,-1.715992968222231,-3.0431378789726455
0.1,0.622,-1.3261530707083267,-1.7299724865865238,-3.0561255572948505
0.1,0.623,-1.3251527242193073,-1.7440087169928626,-3.06916144121217
0.1,0.624,-1.3241438624100277,-1.7581016594412475,-3.0822455218512754
0.1,0.625,-1.3231264763159643,-1.7722513139316782,-3.0953777902476425
0.1,0.626,-1.3221005568808808,-1.7864576804641545,-3.1085582373450356
0.1,0.627,-1.3210660949563051,-1.8007207590386767,-3.1217868539949816
0.1,0.628,-1.3200230813009957,-1.8150405496552444,-3.13506363095624
0.1,0.629,-1.318971506580403,-1.8294170523138584,-3.1483885588942613
0.1,0.63,-1.3179113613661255,-1.8438502670145178,-3.1617616283806433
0.1,0.631,-1.316842636135354,-1.8583401937572233,-3.1751828298925773
0.1,0.632,-1.315765321270313,-1.8728868325419745,-3.1886521538122876
0.1,0.633,-1.3146794070576924,-1.8874901833687714,-3.2021695904264638
0.1,0.634,-1.3135848836880715,-1.9021502462376143,-3.2157351299256858
0.1,0.635,-1.3124817412553371,-1.916867021148503,-3.2293487624038404
0.1,0.636,-1.3113699697560914,-1.9316405081014376,-3.243010477857529
0.1,0.637,-1.3102495590890564,-1.946470707096418,-3.256720266185474
0.1,0.638,-1.309120499054464,-1.961357618133444,-3.270478117187908
0.1,0.639,-1.3079827793534444,-1.9763012412125163,-3.284284020565961
0.1,0.64,-1.3068363895874036,-1.991301576333634,-3.2981379659210375
0.1,0.641,-1.305681319257391,-2.0063586234967974,-3.3120399427541884
0.1,0.642,-1.3045175577634625,-2.0214723827020067,-3.325989940465469
0.1,0.643,-1.3033450944040332,-2.036642853949262,-3.3399879483532953
0.1,0.644,-1.302163918375221,-2.0518700372385625,-3.3540339556137835
0.1,0.645,-1.3009740187701824,-2.0671539325699095,-3.368127951340092
0.1,0.646,-1.29977538457844,-2.082494539943302,-3.3822699245217422
0.1,0.647,-1.298568004685201,-2.097891859358741,-3.396459864043942
0.1,0.648,-1.2973518678706657,-2.113345890816225,-3.410697758686891
0.1,0.649,-1.2961269628093275,-2.128856634315755,-3.4249835971250824
0.1,0.65,-1.294893278069265,-2.144424089857331,-3.439317367926596
0.1,0.651,-1.2936508021114228,-2.1600482574409523,-3.453699059552375
0.1,0.652,-1.2923995232888845,-2.1757291370666203,-3.4681286603555046
0.1,0.653,-1.291139429846135,-2.1914667287343335,-3.4826061585804684
0.1,0.654,-1.289870509918313,-2.2072610324440927,-3.4971315423624056
0.1,0.655,-1.2885927515304556,-2.2231120481958975,-3.511704799726353
0.1,0.656,-1.2873061425967312,-2.2390197759897483,-3.5263259185864797
0.1,0.657,-1.286010670919661,-2.254984215825645,-3.540994886745306
0.1,0.658,-1.2847063241893348,-2.2710053677035873,-3.555711691892922
0.1,0.659,-1.283393089982611,-2.2870832316235754,-3.5704763216061863
0.1,0.66,-1.2820709557623111,-2.3032178075856096,-3.5852887633479207
0.1,0.661,-1.2807399088763995,-2.3194090955896893,-3.600149004466089
0.1,0.662,-1.2793999365571547,-2.335657095635815,-3.61505703219297
0.1,0.663,-1.2780510259203286,-2.351961807723986,-3.6300128336443147
0.1,0.664,-1.2766931639642967,-2.3683232318542036,-3.6450163958185002
0.1,0.665,-1.2753263375691937,-2.3847413680264666,-3.6600677055956603
0.1,0.666,-1.2739505334960397,-2.4012162162407753,-3.675166749736815
0.1,0.667,-1.2725657383858564,-2.41774777649713,-3.6903135148829866
0.1,0.668,-1.271171938758767,-2.434336048795531,-3.7055079875542978
0.1,0.669,-1.2697691210130886,-2.450981033135977,-3.7207501541490657
0.1,0.67,-1.2683572714244113,-2.467682729518469,-3.7360400009428805
0.1,0.671,-1.2669363761446624,-2.484441137943007,-3.7513775140876695
0.1,0.672,-1.2655064212011626,-2.501256258409591,-3.766762679610754
0.1,0.673,-1.2640673924956667,-2.5181280909182204,-3.7821954834138873
0.1,0.674,-1.2626192758033907,-2.5350566354688957,-3.7976759112722864
0.1,0.675,-1.2611620567720294,-2.5520418920616175,-3.813203948833647
0.1,0.676,-1.259695720920757,-2.5690838606963844,-3.8287795816171415
0.1,0.677,-1.2582202536392175,-2.586182541373197,-3.8444027950124147
0.1,0.678,-1.2567356401864989,-2.603337934092056,-3.860073574278555
0.1,0.679,-1.2552418656900945,-2.62055003885296,-3.8757919045430547
0.1,0.68,-1.2537389151448526,-2.6378188556559103,-3.891557770800763
0.1,0.681,-1.2522267734119072,-2.6551443845009066,-3.907371157912814
0.1,0.682,-1.2507054252175993,-2.6725266253879485,-3.923232050605548
0.1,0.683,-1.2491748551523787,-2.6899655783170364,-3.939140433469415
0.1,0.684,-1.2476350476696965,-2.70746124328817,-3.9550962909578664
0.1,0.685,-1.2460859870848764,-2.7250136203013495,-3.971099607386226
0.1,0.686,-1.2445276575739763,-2.7426227093565743,-3.9871503669305506
0.1,0.687,-1.2429600431726302,-2.760288510453845,-4.0032485536264755
0.1,0.688,-1.2413831277748764,-2.77801102359316,-4.0193941513680365
0.1,0.689,-1.2397968951319691,-2.795790248774523,-4.035587143906492
0.1,0.69,-1.2382013288511742,-2.8136261859979315,-4.051827514849106
0.1,0.691,-1.2365964123945477,-2.8315188352633855,-4.068115247657933
0.1,0.692,-1.2349821290776974,-2.8494681965708857,-4.084450325648583
0.1,0.693,-1.2333584620685292,-2.8674742699204314,-4.100832731988961
0.1,0.694,-1.2317253943859725,-2.885537055312023,-4.1172624496979955
0.1,0.695,-1.2300829088986918,-2.9036565527456606,-4.133739461644352
0.1,0.696,-1.2284309883237792,-2.921832762221344,-4.150263750545124
0.1,0.697,-1.2267696152254262,-2.940065683739073,-4.166835298964499
0.1,0.698,-1.225098772013581,-2.9583553172988477,-4.183454089312429
0.1,0.699,-1.2234184409425843,-2.976701662900669,-4.200120103843253
0.1,0.7,-1.221728604109787,-2.995104720544535,-4.216833324654322
0.1,0.701,-1.2200292434541482,-3.0135644902304475,-4.233593733684596
0.1,0.702,-1.2183203407548142,-3.032080971958406,-4.25040131271322
0.1,0.703,-1.2166018776296756,-3.05065416572841,-4.267256043358086
0.1,0.704,-1.2148738355339068,-3.06928407154046,-4.284157907074366
0.1,0.705,-1.2131361957584816,-3.087970689394555,-4.301106885153037
0.1,0.706,-1.2113889394286717,-3.106714019290697,-4.3181029587193684
0.1,0.707,-1.2096320475025188,-3.125514061228884,-4.3351461087314025
0.1,0.708,-1.2078655007692904,-3.144370815209117,-4.352236315978407
0.1,0.709,-1.2060892798479088,-3.163284281231396,-4.369373561079305
0.1,0.71,-1.20430336518536,-3.1822544592957205,-4.386557824481081
0.1,0.711,-1.2025077370550799,-3.2012813494020915,-4.403789086457172
0.1,0.712,-1.2007023755553157,-3.2203649515505073,-4.421067327105823
0.1,0.713,-1.1988872606074656,-3.2395052657409695,-4.438392526348435
0.1,0.714,-1.197062371954392,-3.2587022919734774,-4.455764663927869
0.1,0.715,-1.1952276891587124,-3.2779560302480313,-4.473183719406744
0.1,0.716,-1.1933831916010647,-3.297266480564631,-4.490649672165695
0.1,0.717,-1.191528858478346,-3.316633642923277,-4.508162501401623
0.1,0.718,-1.1896646688019281,-3.336057517323967,-4.525722186125895
0.1,0.719,-1.187790601395844,-3.3555381037667047,-4.543328705162549
0.1,0.72,-1.185906634894949,-3.3750754022514875,-4.560982037146436
0.1,0.721,-1.1840127477430555,-3.3946694127783164,-4.578682160521372
0.1,0.722,-1.182108918191039,-3.414320135347191,-4.5964290535382295
0.1,0.723,-1.180195124294915,-3.4340275699581104,-4.614222694253026
0.1,0.724,-1.17827134391389,-3.4537917166110765,-4.632063060524967
0.1,0.725,-1.1763375547083814,-3.4736125753060887,-4.64995013001447
0.1,0.726,-1.1743937341380077,-3.4934901460431464,-4.667883880181154
0.1,0.727,-1.1724398594595489,-3.5134244288222503,-4.685864288281799
0.1,0.728,-1.1704759077248768,-3.5334154236433992,-4.7038913313682755
0.1,0.729,-1.1685018557788527,-3.5534631305065942,-4.721964986285447
0.1,0.73,-1.166517680257194,-3.5735675494118357,-4.740085229669029
0.1,0.731,-1.1645233575843086,-3.5937286803591224,-4.758252037943431
0.1,0.732,-1.1625188639710948,-3.6139465233484547,-4.77646538731955
0.1,0.733,-1.1605041754127097,-3.6342210783798334,-4.794725253792543
0.1,0.734,-1.1584792676863014,-3.654552345453258,-4.813031613139559
0.1,0.735,-1.1564441163487065,-3.6749403245687278,-4.831384440917434
0.1,0.736,-1.1543986967341133,-3.6953850157262433,-4.849783712460357
0.1,0.737,-1.1523429839516879,-3.715886418925805,-4.868229402877493
0.1,0.738,-1.150276952883162,-3.736444534167412,-4.886721487050574
0.1,0.739,-1.148200578180386,-3.757059361451066,-4.905259939631452
0.1,0.74,-1.1461138342628407,-3.7777309007767648,-4.923844735039605
0.1,0.741,-1.1440166953151127,-3.79845915214451,-4.942475847459622
0.1,0.742,-1.141909135284327,-3.8192441155543007,-4.961153250838628
0.1,0.743,-1.139791127877541,-3.840085791006137,-4.979876918883678
0.1,0.744,-1.1376626465590973,-3.8609841785000194,-4.998646825059117
0.1,0.745,-1.1355236645479332,-3.8819392780359476,-5.017462942583881
0.1,0.746,-1.1333741548148464,-3.9029510896139215,-5.036325244428768
0.1,0.747,-1.1312140900797198,-3.9240196132339418,-5.055233703313662
0.1,0.748,-1.1290434428086988,-3.9451448488960073,-5.074188291704706
0.1,0.749,-1.1268621852113239,-3.9663267966001183,-5.093188981811442
0.1,0.75,-1.1246702892376166,-3.987565456346276,-5.1122357455838925
0.1,0.751,-1.1224677265751195,-4.008860828134479,-5.131328554709598
0.1,0.752,-1.120254468645884,-4.030212911964728,-5.150467380610612
0.1,0.753,-1.1180304866034136,-4.051621707837023,-5.169652194440436
0.1,0.754,-1.115795751329554,-4.073087215751363,-5.188882967080916
0.1,0.755,-1.1135502334313307,-4.094609435707749,-5.20815966913908
0.1,0.756,-1.1112939032377378,-4.116188367706182,-5.22748227094392
0.1,0.757,-1.10902673079647,-4.137824011746659,-5.246850742543129
0.1,0.758,-1.1067486858706024,-4.159516367829183,-5.266265053699786
0.1,0.759,-1.1044597379352121,-4.181265435953753,-5.285725173888965
0.1,0.76,-1.1021598561739456,-4.203071216120368,-5.305231072294314
0.1,0.761,-1.0998490094755262,-4.224933708329029,-5.324782717804555
0.1,0.762,-1.0975271664302033,-4.246852912579736,-5.344380079009939
0.1,0.763,-1.0951942953261404,-4.268828828872489,-5.36402312419863
0.1,0.764,-1.0928503641457428,-4.290861457207288,-5.38371182135303
0.1,0.765,-1.0904953405619193,-4.312950797584133,-5.403446138146052
0.1,0.766,-1.088129191934284,-4.335096850003023,-5.423226041937307
0.1,0.767,-1.0857518853052865,-4.357299614463959,-5.443051499769245
0.1,0.768,-1.0833633873962818,-4.37955909096694,-5.462922478363222
0.1,0.769,-1.080963664603525,-4.401875279511968,-5.4828389441154926
0.1,0.77,-1.0785526829941008,-4.424248180099042,-5.502800863093142
0.1,0.771,-1.0761304083017782,-4.446677792728161,-5.522808201029939
0.1,0.772,-1.0736968059227947,-4.469164117399326,-5.54286092332212
0.1,0.773,-1.0712518409115628,-4.491707154112537,-5.5629589950241
0.1,0.774,-1.0687954779763034,-4.514306902867793,-5.583102380844097
0.1,0.775,-1.0663276814745972,-4.536963363665096,-5.603291045139693
0.1,0.776,-1.0638484154088605,-4.559676536504445,-5.623524951913305
0.1,0.777,-1.0613576434217369,-4.582446421385839,-5.643804064807576
0.1,0.778,-1.0588553287914046,-4.605273018309279,-5.664128347100684
0.1,0.779,-1.0563414344268014,-4.628156327274765,-5.684497761701566
0.1,0.78,-1.0538159228627606,-4.651096348282297,-5.704912271145058
0.1,0.781,-1.0512787562550572,-4.674093081331874,-5.7253718375869305
0.1,0.782,-1.0487298963753646,-4.697146526423498,-5.745876422798863
0.1,0.783,-1.046169304606117,-4.720256683557166,-5.7664259881632836
0.1,0.784,-1.0435969419352753,-4.743423552732881,-5.787020494668156
0.1,0.785,-1.0410127689509978,-4.766647133950642,-5.807659902901641
0.1,0.786,-1.0384167458362088,-4.789927427210449,-5.828344173046657
0.1,0.787,-1.0358088323630663,-4.813264432512302,-5.8490732648753685
0.1,0.788,-1.033188987887323,-4.836658149856199,-5.869847137743522
0.1,0.789,-1.0305571713425845,-4.860108579242143,-5.890665750584727
0.1,0.79,-1.0279133412344512,-4.883615720670133,-5.911529061904584
0.1,0.791,-1.0252574556345546,-4.9071795741401685,-5.932437029774723
0.1,0.792,-1.022589472174475,-4.93080013965225,-5.953389611826726
0.1,0.793,-1.0199093480395425,-4.954477417206377,-5.974386765245919
0.1,0.794,-1.0172170399625151,-4.97821140680255,-5.9954284467650645
0.1,0.795,-1.014512504217139,-5.002002108440769,-6.016514612657908
0.1,0.796,-1.011795696611576,-5.0258495221210335,-6.037645218732609
0.1,0.797,-1.0090665724817056,-5.049753647843345,-6.0588202203250505
0.1,0.798,-1.0063250866842923,-5.0737144856077006,-6.080039572291993
0.1,0.799,-1.0035711935900187,-5.097732035414103,-6.101303229004122
0.1,0.8,-1.0008048470763757,-5.121806297262551,-6.122611144338927
0.1,0.801,-0.9980260005204145,-5.145937271153044,-6.143963271673458
0.1,0.802,-0.9952346067913488,-5.1701249570855845,-6.165359563876933
0.1,0.803,-0.9924306182430073,-5.19436935506017,-6.186799973303177
0.1,0.804,-0.9896139867061333,-5.2186704650768005,-6.208284451782934
0.1,0.805,-0.9867846634805257,-5.243028287135478,-6.229812950616004
0.1,0.806,-0.9839425993270179,-5.2674428212362,-6.251385420563218
0.1,0.807,-0.9810877444592907,-5.291914067378969,-6.27300181183826
0.1,0.808,-0.9782200485355157,-5.316442025563783,-6.294662074099299
0.1,0.809,-0.9753394606498218,-5.341026695790644,-6.316366156440466
0.1,0.81,-0.9724459293235843,-5.36566807805955,-6.338114007383135
0.1,0.811,-0.9695394024965294,-5.390366172370501,-6.359905574867031
0.1,0.812,-0.9666198275176481,-5.4151209787234995,-6.381740806241147
0.1,0.813,-0.9636871511359189,-5.439932497118541,-6.40361964825446
0.1,0.814,-0.9607413194908279,-5.464800727555629,-6.4255420470464575
0.1,0.815,-0.9577822781026879,-5.489725670034765,-6.447507948137453
0.1,0.816,-0.954809971862745,-5.514707324555946,-6.469517296418691
0.1,0.817,-0.9518243450230695,-5.5397456911191725,-6.491570036142242
0.1,0.818,-0.9488253411862266,-5.564840769724445,-6.5136661109106715
0.1,0.819,-0.9458129032947176,-5.589992560371763,-6.53580546366648
0.1,0.82,-0.9427869736201885,-5.615201063061128,-6.557988036681317
0.1,0.821,-0.9397474937523969,-5.640466277792537,-6.580213771544934
0.1,0.822,-0.9366944045879322,-5.6657882045659935,-6.602482609153926
0.1,0.823,-0.9336276463186818,-5.691166843381495,-6.624794489700177
0.1,0.824,-0.9305471584200355,-5.716602194239043,-6.647149352659078
0.1,0.825,-0.9274528796388208,-5.742094257138636,-6.6695471367774575
0.1,0.826,-0.9243447479809623,-5.767643032080275,-6.691987780061237
0.1,0.827,-0.9212227006988574,-5.79324851906396,-6.714471219762817
0.1,0.828,-0.9180866742784564,-5.818910718089691,-6.736997392368147
0.1,0.829,-0.9149366044260454,-5.844629629157468,-6.759566233583513
0.1,0.83,-0.9117724260547169,-5.87040525226729,-6.7821776783220065
0.1,0.831,-0.9085940732705206,-5.896237587419158,-6.804831660689678
0.1,0.832,-0.9054014793582881,-5.922126634613072,-6.8275281139713595
0.1,0.833,-0.9021945767671182,-5.948072393849031,-6.85026697061615
0.1,0.834,-0.8989732970955122,-5.9740748651270374,-6.87304816222255
0.1,0.835,-0.8957375710761539,-6.000134048447088,-6.895871619523242
0.1,0.836,-0.8924873285603161,-6.026249943809185,-6.918737272369501
0.1,0.837,-0.889222498501888,-6.052422551213328,-6.941645049715216
0.1,0.838,-0.8859430089410105,-6.078651870659518,-6.964594879600528
0.1,0.839,-0.8826487869873052,-6.104937902147752,-6.987586689135057
0.1,0.84,-0.879339758802686,-6.131280645678032,-7.0106204044807185
0.1,0.841,-0.8760158495837419,-6.157680101250359,-7.033695950834101
0.1,0.842,-0.8726769835436745,-6.184136268864731,-7.056813252408405
0.1,0.843,-0.8693230838937771,-6.210649148521149,-7.079972232414926
0.1,0.844,-0.865954072824443,-6.237218740219613,-7.103172813044056
0.1,0.845,-0.862569871485684,-6.2638450439601225,-7.126414915445807
0.1,0.846,-0.8591703999671466,-6.290528059742678,-7.149698459709824
0.1,0.847,-0.8557555772776089,-6.317267787567279,-7.173023364844888
0.1,0.848,-0.8523253213239386,-6.344064227433926,-7.196389548757865
0.1,0.849,-0.8488795488894992,-6.370917379342618,-7.2197969282321175
0.1,0.85,-0.8454181756119818,-6.397827243293357,-7.243245418905339
0.1,0.851,-0.8419411159606446,-6.424793819286141,-7.266734935246786
0.1,0.852,-0.8384482832129421,-6.451817107320973,-7.290265390533914
0.1,0.853,-0.8349395894305212,-6.478897107397848,-7.3138366968283695
0.1,0.854,-0.8314149454345626,-6.50603381951677,-7.337448764951333
0.1,0.855,-0.8278742607804477,-6.533227243677738,-7.361101504458185
0.1,0.856,-0.8243174437317236,-6.560477379880751,-7.384794823612475
0.1,0.857,-0.8207444012333461,-6.58778422812581,-7.408528629359156
0.1,0.858,-0.8171550388841728,-6.615147788412917,-7.4323028272970895
0.1,0.859,-0.8135492609086801,-6.642568060742066,-7.456117321650746
0.1,0.86,-0.8099269701278771,-6.670045045113264,-7.479972015241142
0.1,0.861,-0.8062880679293893,-6.697578741526506,-7.503866809455896
0.1,0.862,-0.8026324542366787,-6.725169149981794,-7.527801604218473
0.1,0.863,-0.7989600274773714,-6.752816270479128,-7.5517762979565
0.1,0.864,-0.7952706845506599,-6.7805201030185085,-7.575790787569169
0.1,0.865,-0.791564320793747,-6.808280647599934,-7.599844968393681
0.1,0.866,-0.7878408299472922,-6.836097904223405,-7.6239387341706975
0.1,0.867,-0.784100104119828,-6.863971872888924,-7.648071977008752
0.1,0.868,-0.7803420337511043,-6.891902553596486,-7.67224458734759
0.1,0.869,-0.7765665075743211,-6.919889946346095,-7.696456453920416
0.1,0.87,-0.7727734125772074,-6.94793405113775,-7.720707463714957
0.1,0.871,-0.7689626339619029,-6.976034867971451,-7.744997501933353
0.1,0.872,-0.7651340551035917,-7.004192396847199,-7.769326451950791
0.1,0.873,-0.7612875575078464,-7.03240663776499,-7.7936941952728365
0.1,0.874,-0.7574230207666257,-7.060677590724829,-7.818100611491455
0.1,0.875,-0.7535403225128735,-7.089005255726713,-7.842545578239586
0.1,0.876,-0.7496393383736673,-7.117389632770641,-7.867028971144308
0.1,0.877,-0.7457199419218503,-7.145830721856618,-7.891550663778468
0.1,0.878,-0.7417820046260946,-7.174328522984639,-7.9161105276107335
0.1,0.879,-0.7378253957993215,-7.202883036154707,-7.940708431954028
0.1,0.88,-0.7338499825454192,-7.23149426136682,-7.96534424391224
0.1,0.881,-0.7298556297041818,-7.260162198620978,-7.9900178283251595
0.1,0.882,-0.7258421997943973,-7.288886847917184,-8.014729047711581
0.1,0.883,-0.7218095529550057,-7.317668209255434,-8.039477762210439
0.1,0.884,-0.7177575468842439,-7.34650628263573,-8.064263829519973
0.1,0.885,-0.7136860367766913,-7.375401068058071,-8.089087104834762
0.1,0.886,-0.7095948752581256,-7.4043525655224585,-8.113947440780585
0.1,0.887,-0.705483912318091,-7.433360775028893,-8.138844687346984
0.1,0.888,-0.7013529952400789,-7.462425696577372,-8.163778691817452
0.1,0.889,-0.6972019685292135,-7.491547330167898,-8.188749298697111
0.1,0.89,-0.6930306738373323,-7.520725675800469,-8.213756349637801
0.1,0.891,-0.6888389498853384,-7.549960733475086,-8.238799683360424
0.1,0.892,-0.6846266323827058,-7.57925250319175,-8.263879135574456
0.1,0.893,-0.6803935539439988,-7.608600984950457,-8.288994538894457
0.1,0.894,-0.6761395440022725,-7.638006178751213,-8.314145722753485
0.1,0.895,-0.671864428719203,-7.667468084594012,-8.339332513313215
0.1,0.896,-0.6675680308917932,-7.69698670247886,-8.364554733370653
0.1,0.897,-0.6632501698554888,-7.7265620324057505,-8.38981220226124
0.1,0.898,-0.6589106613835323,-7.756194074374688,-8.41510473575822
0.1,0.899,-0.6545493175823665,-7.785882828385672,-8.440432145968039
0.1,0.9,-0.6501659467828964,-7.8156282944387,-8.465794241221596
0.1,0.901,-0.6457603534274003,-7.845430472533776,-8.491190825961176
0.1,0.902,-0.6413323379518688,-7.875289362670897,-8.516621700622766
0.1,0.903,-0.6368816966635421,-7.905204964850065,-8.542086661513608
0.1,0.904,-0.6324082216133944,-7.935177279071277,-8.567585500684672
0.1,0.905,-0.6279117004633049,-7.965206305334536,-8.593118005797841
0.1,0.906,-0.6233919163476347,-7.995292043639839,-8.618683959987473
0.1,0.907,-0.6188486477289106,-8.02543449398719,-8.6442831417161
0.1,0.908,-0.614281668247302,-8.055633656376585,-8.669915324623886
0.1,0.909,-0.6096907465635508,-8.085889530808027,-8.695580277371578
0.1,0.91,-0.605075646194996,-8.116202117281514,-8.72127776347651
0.1,0.911,-0.600436125344309,-8.146571415797048,-8.747007541141357
0.1,0.912,-0.5957719367205291,-8.176997426354626,-8.772769363075156
0.1,0.913,-0.5910828273519639,-8.20748014895425,-8.798562976306215
0.1,0.914,-0.5863685383904844,-8.238019583595921,-8.824388121986406
0.1,0.915,-0.5816288049067162,-8.268615730279638,-8.850244535186354
0.1,0.916,-0.5768633556755907,-8.2992685890054,-8.876131944680992
0.1,0.917,-0.5720719129516821,-8.329978159773209,-8.90205007272489
0.1,0.918,-0.567254192233716,-8.360744442583062,-8.927998634816777
0.1,0.919,-0.562409902017586,-8.391567437434963,-8.95397733945255
0.1,0.92,-0.5575387435371746,-8.422447144328908,-8.979985887866082
0.1,0.921,-0.5526404104922094,-8.4533835632649,-9.00602397375711
0.1,0.922,-0.5477145887623386,-8.484376694242936,-9.032091283005276
0.1,0.923,-0.5427609561065415,-8.51542653726302,-9.05818749336956
0.1,0.924,-0.5377791818469193,-8.546533092325149,-9.084312274172067
0.1,0.925,-0.5327689265358407,-8.577696359429323,-9.110465285965164
0.1,0.926,-0.5277298416053325,-8.608916338575543,-9.136646180180875
0.1,0.927,-0.5226615689975134,-8.64019302976381,-9.162854598761323
0.1,0.928,-0.5175637407747736,-8.671526432994122,-9.189090173768896
0.1,0.929,-0.512435978708295,-8.702916548266481,-9.215352526974776
0.1,0.93,-0.5072778938433826,-8.734363375580884,-9.241641269424267
0.1,0.931,-0.5020890860399532,-8.765866914937334,-9.267956000977287
0.1,0.932,-0.49686914348638134,-8.79742716633583,-9.294296309822212
0.1,0.933,-0.49161764218474086,-8.82904412977637,-9.320661771961111
0.1,0.934,-0.48633414540530767,-8.860717805258957,-9.347051950664266
0.1,0.935,-0.48101820310799637,-8.89244819278359,-9.373466395891587
0.1,0.936,-0.4756693513281835,-8.92423529235027,-9.399904643678454
0.1,0.937,-0.4702871115241375,-8.956079103958993,-9.426366215483132
0.1,0.938,-0.46487098988300557,-8.98797962760976,-9.452850617492766
0.1,0.939,-0.45942047658201274,-9.019936863302576,-9.479357339884588
0.1,0.94,-0.45393504500120907,-9.051950811037436,-9.505885856038645
0.1,0.941,-0.44841415088371506,-9.084021470814346,-9.532435621698061
0.1,0.942,-0.4428572314390218,-9.116148842633299,-9.559006074072322
0.1,0.943,-0.43726370438443485,-9.148332926494298,-9.585596630878733
0.1,0.944,-0.43163296691923236,-9.180573722397344,-9.612206689316578
0.1,0.945,-0.42596439462552876,-9.212871230342435,-9.638835624967964
0.1,0.946,-0.42025734028917905,-9.245225450329572,-9.665482790618752
0.1,0.947,-0.4145111326333173,-9.277636382358752,-9.692147514992069
0.1,0.948,-0.4087250749562846,-9.31010402642998,-9.718829101386266
0.1,0.949,-0.40289844366475003,-9.342628382543255,-9.745526826208005
0.1,0.95,-0.39703048669174534,-9.375209450698575,-9.77223993739032
0.1,0.951,-0.3911204217881006,-9.407847230895943,-9.798967652684043
0.1,0.952,-0.38516743467435727,-9.440541723135354,-9.825709157809712
0.1,0.953,-0.3791706770386196,-9.47329292741681,-9.85246360445543
0.1,0.954,-0.37312926436394694,-9.506100843740315,-9.879230108104261
0.1,0.955,-0.3670422735667508,-9.538965472105863,-9.906007745672614
0.1,0.956,-0.3609087404251881,-9.571886812513457,-9.932795552938645
0.1,0.957,-0.3547276567736735,-9.6048648649631,-9.959592521736774
0.1,0.958,-0.34849796743630257,-9.637899629454784,-9.986397596891086
0.1,0.959,-0.3422185668680866,-9.670991105988518,-10.013209672856604
0.1,0.96,-0.3358882954683461,-9.704139294564296,-10.040027590032642
0.1,0.961,-0.32950593552525975,-9.73734419518212,-10.06685013070738
0.1,0.962,-0.3230702067442497,-9.770605807841989,-10.093676014586238
0.1,0.963,-0.3165797613054119,-9.803924132543903,-10.120503893849316
0.1,0.964,-0.31003317838630245,-9.837299169287867,-10.147332347674169
0.1,0.965,-0.3034289580757725,-9.870730918073875,-10.174159876149647
0.1,0.966,-0.29676551459179057,-9.904219378901926,-10.200984893493716
0.1,0.967,-0.29004116870081537,-9.937764551772025,-10.22780572047284
0.1,0.968,-0.2832541392176387,-9.971366436684171,-10.25462057590181
0.1,0.969,-0.27640253344189025,-10.00502503363836,-10.28142756708025
0.1,0.97,-0.26948433635953367,-10.038740342634597,-10.308224678994131
0.1,0.971,-0.2624973984033058,-10.072512363672878,-10.335009762076185
0.1,0.972,-0.2554394215233693,-10.106341096753207,-10.361780518276577
0.1,0.973,-0.24830794326607467,-10.140226541875581,-10.388534485141657
0.1,0.974,-0.24110031849149882,-10.174168699039999,-10.415269017531498
0.1,0.975,-0.23381369827506224,-10.208167568246465,-10.441981266521527
0.1,0.976,-0.22644500542921633,-10.242223149494977,-10.468668154924194
0.1,0.977,-0.21899090593993586,-10.276335442785532,-10.495326348725468
0.1,0.978,-0.21144777542840565,-10.310504448118136,-10.521952223546542
0.1,0.979,-0.20381165950515118,-10.344730165492784,-10.548541824997935
0.1,0.98,-0.1960782265594641,-10.37901259490948,-10.575090821468944
0.1,0.981,-0.18824271108870713,-10.41335173636822,-10.601594447456927
0.1,0.982,-0.18029984507184127,-10.447747589869005,-10.628047434940846
0.1,0.983,-0.17224377405703345,-10.482200155411837,-10.65444392946887
0.1,0.984,-0.16406795345376649,-10.516709432996715,-10.680777386450481
0.1,0.985,-0.15576501882219282,-10.55127542262364,-10.707040441445832
0.1,0.986,-0.14732662145864994,-10.585898124292607,-10.733224745751256
0.1,0.987,-0.13874321682858162,-10.620577538003623,-10.759320754832205
0.1,0.988,-0.1300037876195754,-10.655313663756683,-10.785317451376258
0.1,0.989,-0.12109547401298548,-10.69010650155179,-10.811201975564776
0.1,0.99,-0.11200306870969477,-10.724956051388943,-10.836959120098639
0.1,0.991,-0.10270830853018603,-10.759862313268142,-10.862570621798328
0.1,0.992,-0.09318884844420919,-10.794825287189386,-10.888014135633595
0.1,0.993,-0.083416717083787,-10.829844973152674,-10.913261690236462
0.1,0.994,-0.07335587750026831,-10.864921371158012,-10.93827724865828
0.1,0.995,-0.06295813189433352,-10.900054481205393,-10.963012613099727
0.1,0.996,-0.052155665966795335,-10.935244303294821,-10.987399969261617
0.1,0.997,-0.04084584892835985,-10.970490837426293,-11.011336686354653
0.1,0.998,-0.02885442972435225,-11.005794083599813,-11.034648513324166
0.1,0.999,-0.015814510224464187,-11.041154041815378,-11.056968552039843
0.1,1,0,-11.07657071207299,-11.07657071207299
0.2,0,0,-3.6552683349840867,-3.6552683349840867
0.2,0.001,-0.015814510224464173,-3.6357995635501097,-3.651614073774574
0.2,0.002,-0.028854429724352232,-3.616382778154674,-3.645237207879026
0.2,0.003,-0.040845848928359824,-3.5970179787977807,-3.6378638277261404
0.2,0.004,-0.0521556659667953,-3.5777051654794283,-3.6298608314462237
0.2,0.005,-0.0629581318943335,-3.558444338199619,-3.6214024700939524
0.2,0.006,-0.07335587750026827,-3.539235496958352,-3.61259137445862
0.2,0.007,-0.08341671708378696,-3.5200786417556262,-3.6034953588394134
0.2,0.008,-0.09318884844420913,-3.500973772591443,-3.594162621035652
0.2,0.009,-0.10270830853018596,-3.4819208894658016,-3.5846291979959877
0.2,0.01,-0.11200306870969469,-3.4629199923787013,-3.574923061088396
0.2,0.011,-0.1210954740129854,-3.4439710813301443,-3.5650665553431296
0.2,0.012,-0.13000378761957532,-3.4250741563201292,-3.5550779439397044
0.2,0.013,-0.13874321682858154,-3.4062292173486552,-3.544972434177237
0.2,0.014,-0.14732662145864986,-3.387436264415723,-3.534762885874373
0.2,0.015,-0.15576501882219274,-3.3686952975213345,-3.5244603163435273
0.2,0.016,-0.1640679534537664,-3.350006316665487,-3.5140742701192536
0.2,0.017,-0.17224377405703334,-3.3313693218481815,-3.503613095905215
0.2,0.018,-0.1802998450718412,-3.3127843130694172,-3.4930841581412584
0.2,0.019,-0.18824271108870705,-3.2942512903291963,-3.482494001417903
0.2,0.02,-0.196078226559464,-3.275770253627517,-3.471848480186981
0.2,0.021,-0.20381165950515107,-3.257341202964379,-3.46115286246953
0.2,0.022,-0.21144777542840554,-3.2389641383397834,-3.450411913768189
0.2,0.023,-0.21899090593993578,-3.2206390597537298,-3.4396299656936655
0.2,0.024,-0.22644500542921622,-3.202365967206218,-3.4288109726354343
0.2,0.025,-0.23381369827506213,-3.1841448606972484,-3.4179585589723107
0.2,0.026,-0.2411003184914987,-3.165975740226821,-3.40707605871832
0.2,0.027,-0.24830794326607455,-3.1478586057949354,-3.39616654906101
0.2,0.028,-0.2554394215233692,-3.1297934574015915,-3.3852328789249606
0.2,0.029,-0.26249739840330566,-3.11178029504679,-3.3742776934500958
0.2,0.03,-0.2694843363595335,-3.09381911873053,-3.3633034550900636
0.2,0.031,-0.27640253344189014,-3.075909928452813,-3.3523124618947033
0.2,0.032,-0.28325413921763853,-3.0580527242136375,-3.341306863431276
0.2,0.033,-0.2900411687008152,-3.040247506013004,-3.330288674713819
0.2,0.034,-0.29676551459179046,-3.022494273850912,-3.319259788442703
0.2,0.035,-0.3034289580757724,-3.0047930277273625,-3.3082219858031348
0.2,0.036,-0.3100331783863023,-2.9871437676423556,-3.297176946028658
0.2,0.037,-0.3165797613054117,-2.96954649359589,-3.2861262549013017
0.2,0.038,-0.3230702067442496,-2.9520012055879667,-3.2750714123322164
0.2,0.039,-0.3295059355252596,-2.934507903618585,-3.2640138391438445
0.2,0.04,-0.335888295468346,-2.9170665876877453,-3.2529548831560913
0.2,0.041,-0.3422185668680865,-2.8996772577954477,-3.2418958246635343
0.2,0.042,-0.34849796743630246,-2.882339913941692,-3.2308378813779948
0.2,0.043,-0.35472765677367335,-2.8650545561264784,-3.2197822129001517
0.2,0.044,-0.36090874042518795,-2.8478211843498067,-3.2087299247749947
0.2,0.045,-0.3670422735667506,-2.8306397986116774,-3.197682072178428
0.2,0.046,-0.3731292643639468,-2.813510398912089,-3.186639663276036
0.2,0.047,-0.37917067703861945,-2.7964329852510437,-3.1756036622896633
0.2,0.048,-0.3851674346743571,-2.77940755762854,-3.164574992302897
0.2,0.049,-0.3911204217881004,-2.7624341160445787,-3.153554537832679
0.2,0.05,-0.3970304866917452,-2.7455126604991587,-3.1425431471909038
0.2,0.051,-0.40289844366474986,-2.7286431909922806,-3.1315416346570304
0.2,0.052,-0.4087250749562844,-2.7118257075239454,-3.1205507824802297
0.2,0.053,-0.41451113263331707,-2.695060210094152,-3.1095713427274694
0.2,0.054,-0.4202573402891789,-2.6783466987029,-3.098604038992079
0.2,0.055,-0.4259643946255286,-2.66168517335019,-3.0876495679757188
0.2,0.056,-0.43163296691923214,-2.6450756340360226,-3.076708600955255
0.2,0.057,-0.4372637043844347,-2.6285180807603967,-3.0657817851448312
0.2,0.058,-0.44285723143902156,-2.612012513523313,-3.0548697449623345
0.2,0.059,-0.4484141508837146,-2.595558932324771,-3.0439730832084857
0.2,0.06,-0.45393504500120896,-2.579157337164772,-3.033092382165981
0.2,0.061,-0.4594204765820123,-2.562807728043314,-3.022228204625326
0.2,0.062,-0.46487098988300535,-2.546510104960398,-3.0113810948434034
0.2,0.063,-0.47028711152413766,-2.5302644679160244,-3.0005515794401623
0.2,0.064,-0.47566935132818394,-2.514070816910193,-2.989740168238377
0.2,0.065,-0.4810182031079965,-2.497929151942903,-2.9789473550508996
0.2,0.066,-0.48633414540530806,-2.4818394730141553,-2.9681736184194634
0.2,0.067,-0.491617642184741,-2.46580178012395,-2.957419422308691
0.2,0.068,-0.4968691434863818,-2.449816073272286,-2.9466852167586675
0.2,0.069,-0.5020890860399534,-2.4338823524591637,-2.9359714384991173
0.2,0.07,-0.507277893843383,-2.4180006176845845,-2.9252785115279676
0.2,0.071,-0.5124359787082953,-2.4021708689485464,-2.9146068476568416
0.2,0.072,-0.5175637407747737,-2.386393106251051,-2.9039568470258246
0.2,0.073,-0.5226615689975134,-2.370667329592097,-2.89332889858961
0.2,0.074,-0.5277298416053327,-2.354993538971685,-2.8827233805770174
0.2,0.075,-0.5327689265358408,-2.3393717343898155,-2.8721406609256563
0.2,0.076,-0.5377791818469194,-2.323801915846488,-2.8615810976934073
0.2,0.077,-0.5427609561065416,-2.308284083341702,-2.851045039448244
0.2,0.078,-0.5477145887623387,-2.2928182368754584,-2.840532825637797
0.2,0.079,-0.5526404104922094,-2.2774043764477563,-2.8300447869399656
0.2,0.08,-0.5575387435371748,-2.2620425020585966,-2.8195812455957716
0.2,0.081,-0.5624099020175861,-2.2467326137079784,-2.8091425157255645
0.2,0.082,-0.567254192233716,-2.231474711395903,-2.798728903629619
0.2,0.083,-0.5720719129516822,-2.216268795122369,-2.7883407080740517
0.2,0.084,-0.5768633556755907,-2.2011148648873773,-2.777978220562968
0.2,0.085,-0.5816288049067163,-2.1860129206909273,-2.7676417255976435
0.2,0.086,-0.5863685383904844,-2.1709629625330202,-2.7573315009235047
0.2,0.087,-0.591082827351964,-2.155964990413654,-2.747047817765618
0.2,0.088,-0.5957719367205293,-2.141019004332831,-2.73679094105336
0.2,0.089,-0.6004361253443091,-2.126125004290549,-2.7265611296348577
0.2,0.09,-0.6050756461949961,-2.111282990286809,-2.716358636481805
0.2,0.091,-0.6096907465635508,-2.0964929623216113,-2.7061837088851624
0.2,0.092,-0.614281668247302,-2.0817549203949555,-2.6960365886422575
0.2,0.093,-0.6188486477289106,-2.0670688645068416,-2.6859175122357524
0.2,0.094,-0.6233919163476347,-2.0524347946572696,-2.6758267110049045
0.2,0.095,-0.627911700463305,-2.0378527108462396,-2.665764411309545
0.2,0.096,-0.6324082216133944,-2.023322613073752,-2.655730834687146
0.2,0.097,-0.6368816966635421,-2.0088445013398064,-2.6457261980033486
0.2,0.098,-0.6413323379518688,-1.9944183756444023,-2.635750713596271
0.2,0.099,-0.6457603534274003,-1.98004423598754,-2.6258045894149404
0.2,0.1,-0.6501659467828964,-1.9657220823692203,-2.6158880291521167
0.2,0.101,-0.6545493175823665,-1.9514519147894425,-2.606001232371809
0.2,0.102,-0.6589106613835323,-1.9372337332482066,-2.5961443946317386
0.2,0.103,-0.6632501698554889,-1.9230675377455126,-2.5863177076010015
0.2,0.104,-0.6675680308917931,-1.9089533282813604,-2.5765213591731535
0.2,0.105,-0.671864428719203,-1.8948911048557509,-2.5667555335749537
0.2,0.106,-0.6761395440022725,-1.880880867468683,-2.5570204114709556
0.2,0.107,-0.6803935539439989,-1.866922616120157,-2.547316170064156
0.2,0.108,-0.6846266323827059,-1.8530163508101731,-2.537642983192879
0.2,0.109,-0.6888389498853386,-1.8391620715387311,-2.52800102142407
0.2,0.11,-0.6930306738373323,-1.8253597783058313,-2.5183904521431635
0.2,0.111,-0.6972019685292136,-1.8116094711114734,-2.508811439640687
0.2,0.112,-0.7013529952400789,-1.7979111499556573,-2.499264145195736
0.2,0.113,-0.705483912318091,-1.7842648148383837,-2.4897487271564747
0.2,0.114,-0.7095948752581257,-1.7706704657596515,-2.4802653410177773
0.2,0.115,-0.7136860367766914,-1.7571281027194618,-2.470814139496153
0.2,0.116,-0.7177575468842439,-1.7436377257178137,-2.461395272602058
0.2,0.117,-0.7218095529550059,-1.7301993347547073,-2.452008887709713
0.2,0.118,-0.7258421997943973,-1.7168129298301438,-2.442655129624541
0.2,0.119,-0.7298556297041818,-1.7034785109441217,-2.4333341406483036
0.2,0.12,-0.7338499825454192,-1.6901960780966416,-2.424046060642061
0.2,0.121,-0.7378253957993215,-1.676965631287704,-2.414791027087025
0.2,0.122,-0.7417820046260946,-1.6637871705173077,-2.4055691751434023
0.2,0.123,-0.7457199419218503,-1.6506606957854542,-2.3963806377073045
0.2,0.124,-0.7496393383736673,-1.637586207092142,-2.3872255454658093
0.2,0.125,-0.7535403225128735,-1.624563704437372,-2.3781040269502456
0.2,0.126,-0.7574230207666257,-1.6115931878211438,-2.3690162085877695
0.2,0.127,-0.7612875575078464,-1.5986746572434576,-2.359962214751304
0.2,0.128,-0.7651340551035917,-1.585808112704314,-2.3509421678079057
0.2,0.129,-0.7689626339619029,-1.5729935542037121,-2.3419561881656152
0.2,0.13,-0.7727734125772074,-1.560230981741652,-2.333004394318859
0.2,0.131,-0.7765665075743211,-1.547520395318134,-2.3240869028924553
0.2,0.132,-0.7803420337511043,-1.534861794933158,-2.3152038286842624
0.2,0.133,-0.784100104119828,-1.522255180586724,-2.306355284706552
0.2,0.134,-0.7878408299472922,-1.5097005522788318,-2.297541382226124
0.2,0.135,-0.791564320793747,-1.4971979100094819,-2.2887622308032287
0.2,0.136,-0.7952706845506599,-1.484747253778674,-2.2800179383293337
0.2,0.137,-0.7989600274773714,-1.4723485835864076,-2.271308611063779
0.2,0.138,-0.8026324542366787,-1.4600018994326838,-2.2626343536693625
0.2,0.139,-0.8062880679293893,-1.4477072013175019,-2.253995269246891
0.2,0.14,-0.8099269701278771,-1.4354644892408617,-2.2453914593687387
0.2,0.141,-0.8135492609086798,-1.4232737632027639,-2.2368230241114437
0.2,0.142,-0.8171550388841728,-1.4111350232032078,-2.228290062087381
0.2,0.143,-0.820744401233346,-1.3990482692421937,-2.21979267047554
0.2,0.144,-0.8243174437317236,-1.3870135013197218,-2.2113309450514453
0.2,0.145,-0.8278742607804475,-1.3750307194357918,-2.202904980216239
0.2,0.146,-0.8314149454345625,-1.3630999235904036,-2.194514869024966
0.2,0.147,-0.834939589430521,-1.3512211137835575,-2.1861607032140786
0.2,0.148,-0.8384482832129421,-1.3393942900152536,-2.1778425732281956
0.2,0.149,-0.8419411159606445,-1.3276194522854914,-2.169560568246136
0.2,0.15,-0.8454181756119817,-1.3158966005942714,-2.161314776206253
0.2,0.151,-0.8488795488894992,-1.3042257349415933,-2.1531052838310925
0.2,0.152,-0.8523253213239386,-1.2926068553274572,-2.1449321766513956
0.2,0.153,-0.8557555772776086,-1.281039961751863,-2.136795539029472
0.2,0.154,-0.8591703999671466,-1.2695250542148109,-2.1286954541819574
0.2,0.155,-0.862569871485684,-1.2580621327163009,-2.120632004201985
0.2,0.156,-0.865954072824443,-1.2466511972563326,-2.112605270080776
0.2,0.157,-0.8693230838937771,-1.2352922478349067,-2.1046153317286835
0.2,0.158,-0.8726769835436744,-1.2239852844520225,-2.096662267995697
0.2,0.159,-0.8760158495837419,-1.2127303071076803,-2.088746156691422
0.2,0.16,-0.879339758802686,-1.2015273158018802,-2.080867074604566
0.2,0.161,-0.8826487869873051,-1.1903763105346221,-2.0730250975219273
0.2,0.162,-0.8859430089410105,-1.1792772913059062,-2.0652203002469167
0.2,0.163,-0.889222498501888,-1.1682302581157318,-2.0574527566176197
0.2,0.164,-0.8924873285603159,-1.1572352109640998,-2.0497225395244154
0.2,0.165,-0.8957375710761539,-1.1462921498510095,-2.0420297209271636
0.2,0.166,-0.8989732970955122,-1.1354010747764613,-2.034374371871974
0.2,0.167,-0.902194576767118,-1.1245619857404552,-2.026756562507573
0.2,0.168,-0.9054014793582881,-1.1137748827429912,-2.0191763621012795
0.2,0.169,-0.9085940732705206,-1.103039765784069,-2.0116338390545896
0.2,0.17,-0.9117724260547168,-1.0923566348636886,-2.0041290609184053
0.2,0.171,-0.9149366044260454,-1.0817254899818505,-1.9966620944078959
0.2,0.172,-0.918086674278456,-1.0711463311385545,-1.9892330054170104
0.2,0.173,-0.9212227006988571,-1.0606191583338005,-1.9818418590326576
0.2,0.174,-0.9243447479809621,-1.0501439715675882,-1.9744887195485503
0.2,0.175,-0.9274528796388206,-1.0397207708399183,-1.967173650478739
0.2,0.176,-0.9305471584200352,-1.02934955615079,-1.9598967145708253
0.2,0.177,-0.9336276463186818,-1.0190303275002037,-1.9526579738188854
0.2,0.178,-0.9366944045879319,-1.0087630848881597,-1.9454574894760914
0.2,0.179,-0.9397474937523967,-0.9985478283146574,-1.938295322067054
0.2,0.18,-0.9427869736201882,-0.9883845577796972,-1.9311715313998854
0.2,0.181,-0.9458129032947176,-0.978273273283279,-1.9240861765779966
0.2,0.182,-0.9488253411862263,-0.9682139748254028,-1.9170393160116292
0.2,0.183,-0.9518243450230693,-0.9582066624060684,-1.9100310074291378
0.2,0.184,-0.9548099718627447,-0.9482513360252761,-1.903061307888021
0.2,0.185,-0.9577822781026877,-0.938347995683026,-1.8961302737857135
0.2,0.186,-0.9607413194908274,-0.9284966413793178,-1.8892379608701453
0.2,0.187,-0.9636871511359187,-0.9186972731141516,-1.8823844242500702
0.2,0.188,-0.9666198275176481,-0.9089498908875274,-1.8755697184051754
0.2,0.189,-0.9695394024965296,-0.8992544946994452,-1.8687938971959748
0.2,0.19,-0.9724459293235844,-0.8896110845499048,-1.862057013873489
0.2,0.191,-0.975339460649822,-0.8800196604389066,-1.8553591210887286
0.2,0.192,-0.9782200485355158,-0.8704802223664504,-1.8487002709019662
0.2,0.193,-0.981087744459291,-0.8609927703325361,-1.842080514791827
0.2,0.194,-0.9839425993270179,-0.8515573043371638,-1.8354999036641817
0.2,0.195,-0.986784663480526,-0.8421738243803336,-1.8289584878608596
0.2,0.196,-0.9896139867061333,-0.8328423304620454,-1.8224563171681787
0.2,0.197,-0.9924306182430076,-0.8235628225822991,-1.8159934408253067
0.2,0.198,-0.9952346067913489,-0.8143353007410947,-1.8095699075324436
0.2,0.199,-0.9980260005204148,-0.8051597649384324,-1.8031857654588472
0.2,0.2,-1.0008048470763757,-0.7960362151743121,-1.7968410622506878
0.2,0.201,-1.003571193590019,-0.7869646514487338,-1.7905358450387527
0.2,0.202,-1.0063250866842925,-0.7779450737616975,-1.78427016044599
0.2,0.203,-1.0090665724817058,-0.7689774821132033,-1.778044054594909
0.2,0.204,-1.011795696611576,-0.7600618765032511,-1.771857573114827
0.2,0.205,-1.014512504217139,-0.751198256931841,-1.76571076114898
0.2,0.206,-1.0172170399625151,-0.7423866233989725,-1.7596036633614878
0.2,0.207,-1.0199093480395425,-0.7336269759046462,-1.7535363239441888
0.2,0.208,-1.022589472174475,-0.7249193144488619,-1.747508786623337
0.2,0.209,-1.0252574556345546,-0.7162636390316196,-1.741521094666174
0.2,0.21,-1.0279133412344512,-0.7076599496529193,-1.7355732908873707
0.2,0.211,-1.0305571713425845,-0.6991082463127609,-1.7296654176553454
0.2,0.212,-1.0331889878873233,-0.6906085290111447,-1.7237975168984678
0.2,0.213,-1.0358088323630663,-0.6821607977480701,-1.7179696301111365
0.2,0.214,-1.0384167458362088,-0.673765052523538,-1.712181798359747
0.2,0.215,-1.0410127689509978,-0.6654212933375475,-1.7064340622885452
0.2,0.216,-1.0435969419352753,-0.6571295201900992,-1.7007264621253744
0.2,0.217,-1.046169304606117,-0.6488897330811928,-1.6950590376873098
0.2,0.218,-1.0487298963753646,-0.6407019320108285,-1.689431828386193
0.2,0.219,-1.0512787562550572,-0.6325661169790061,-1.6838448732340634
0.2,0.22,-1.0538159228627606,-0.6244822879857258,-1.6782982108484865
0.2,0.221,-1.0563414344268014,-0.6164504450309874,-1.672791879457789
0.2,0.222,-1.0588553287914046,-0.6084705881147909,-1.6673259169061956
0.2,0.223,-1.0613576434217369,-0.6005427172371366,-1.6619003606588736
0.2,0.224,-1.0638484154088608,-0.5926668323980242,-1.656515247806885
0.2,0.225,-1.0663276814745972,-0.5848429335974539,-1.651170615072051
0.2,0.226,-1.0687954779763034,-0.5770710208354255,-1.6458664988117289
0.2,0.227,-1.0712518409115628,-0.5693510941119391,-1.6406029350235019
0.2,0.228,-1.0736968059227947,-0.5616831534269946,-1.6353799593497893
0.2,0.229,-1.0761304083017782,-0.5540671987805923,-1.6301976070823705
0.2,0.23,-1.0785526829941008,-0.5465032301727318,-1.6250559131668325
0.2,0.231,-1.080963664603525,-0.5389912476034134,-1.6199549122069383
0.2,0.232,-1.0833633873962818,-0.531531251072637,-1.6148946384689187
0.2,0.233,-1.0857518853052865,-0.5241232405804026,-1.6098751258856892
0.2,0.234,-1.088129191934284,-0.5167672161267102,-1.604896408060994
0.2,0.235,-1.0904953405619193,-0.5094631777115599,-1.5999585182734792
0.2,0.236,-1.0928503641457428,-0.5022111253349516,-1.5950614894806945
0.2,0.237,-1.0951942953261404,-0.495011058996885,-1.5902053543230255
0.2,0.238,-1.0975271664302033,-0.4878629786973606,-1.585390145127564
0.2,0.239,-1.0998490094755262,-0.48076688443637816,-1.5806158939119044
0.2,0.24,-1.1021598561739456,-0.4737227762139377,-1.5758826323878834
0.2,0.241,-1.1044597379352121,-0.46673065403003927,-1.5711903919652515
0.2,0.242,-1.1067486858706024,-0.4597905178846828,-1.5665392037552852
0.2,0.243,-1.10902673079647,-0.45290236777786835,-1.5619290985743384
0.2,0.244,-1.1112939032377378,-0.44606620370959593,-1.5573601069473337
0.2,0.245,-1.1135502334313307,-0.43928202567986546,-1.5528322591111963
0.2,0.246,-1.115795751329554,-0.43254983368867683,-1.5483455850182308
0.2,0.247,-1.1180304866034136,-0.42586962773603043,-1.543900114339444
0.2,0.248,-1.120254468645884,-0.419241407821926,-1.53949587646781
0.2,0.249,-1.1224677265751195,-0.41266517394636354,-1.535132900521483
0.2,0.25,-1.1246702892376166,-0.406140926109343,-1.5308112153469595
0.2,0.251,-1.1268621852113239,-0.3996686643108644,-1.5265308495221883
0.2,0.252,-1.1290434428086988,-0.39324838855092803,-1.522291831359627
0.2,0.253,-1.1312140900797198,-0.3868800988295335,-1.5180941889092534
0.2,0.254,-1.1333741548148464,-0.380563795146681,-1.5139379499615273
0.2,0.255,-1.1355236645479332,-0.37429947750237047,-1.5098231420503037
0.2,0.256,-1.1376626465590973,-0.3680871458966019,-1.5057497924556993
0.2,0.257,-1.139791127877541,-0.36192680032937546,-1.5017179282069164
0.2,0.258,-1.141909135284327,-0.3558184408006909,-1.4977275760850177
0.2,0.259,-1.1440166953151127,-0.3497620673105484,-1.4937787626256611
0.2,0.26,-1.1461138342628407,-0.3437576798589478,-1.4898715141217886
0.2,0.261,-1.148200578180386,-0.33780527844588926,-1.4860058566262753
0.2,0.262,-1.150276952883162,-0.33190486307137274,-1.4821818159545348
0.2,0.263,-1.1523429839516879,-0.3260564337353982,-1.478399417687086
0.2,0.264,-1.1543986967341133,-0.32025999043796566,-1.474658687172079
0.2,0.265,-1.1564441163487065,-0.3145155331790751,-1.4709596495277815
0.2,0.266,-1.1584792676863014,-0.3088230619587266,-1.467302329645028
0.2,0.267,-1.1605041754127097,-0.30318257677692,-1.4636867521896297
0.2,0.268,-1.1625188639710948,-0.2975940776336555,-1.4601129416047502
0.2,0.269,-1.1645233575843086,-0.2920575645289329,-1.4565809221132415
0.2,0.27,-1.166517680257194,-0.2865730374627523,-1.4530907177199461
0.2,0.271,-1.1685018557788527,-0.28114049643511374,-1.4496423522139663
0.2,0.272,-1.1704759077248768,-0.2757599414460171,-1.4462358491708938
0.2,0.273,-1.1724398594595489,-0.27043137249546256,-1.4428712319550114
0.2,0.274,-1.1743937341380077,-0.26515478958345,-1.4395485237214578
0.2,0.275,-1.1763375547083814,-0.2599301927099794,-1.436267747418361
0.2,0.276,-1.17827134391389,-0.2547575818750508,-1.4330289257889408
0.2,0.277,-1.180195124294915,-0.24963695707866415,-1.429832081373579
0.2,0.278,-1.182108918191039,-0.2445683183208196,-1.4266772365118585
0.2,0.279,-1.1840127477430555,-0.239551665601517,-1.4235644133445726
0.2,0.28,-1.185906634894949,-0.23458699892075635,-1.4204936338157053
0.2,0.281,-1.187790601395844,-0.22967431827853776,-1.4174649196743816
0.2,0.282,-1.1896646688019281,-0.22481362367486143,-1.4144782924767896
0.2,0.283,-1.1915288584783459,-0.22000491510972678,-1.4115337735880726
0.2,0.284,-1.1933831916010644,-0.21524819258313416,-1.4086313841841986
0.2,0.285,-1.1952276891587124,-0.21054345609508351,-1.4057711452537958
0.2,0.286,-1.197062371954392,-0.20589070564557488,-1.402953077599967
0.2,0.287,-1.1988872606074654,-0.20128994123460825,-1.4001772018420737
0.2,0.288,-1.2007023755553157,-0.19674116286218357,-1.3974435384174992
0.2,0.289,-1.2025077370550796,-0.19224437052830093,-1.3947521075833806
0.2,0.29,-1.20430336518536,-0.18779956423296026,-1.3921029294183203
0.2,0.291,-1.2060892798479086,-0.18340674397616163,-1.3894960238240701
0.2,0.292,-1.2078655007692904,-0.17906590975790496,-1.3869314105271955
0.2,0.293,-1.2096320475025186,-0.17477706157819028,-1.384409109080709
0.2,0.294,-1.2113889394286717,-0.17054019943701762,-1.3819291388656894
0.2,0.295,-1.2131361957584814,-0.16635532333438696,-1.3794915190928685
0.2,0.296,-1.2148738355339068,-0.16222243327029828,-1.377096268804205
0.2,0.297,-1.2166018776296754,-0.15814152924475158,-1.374743406874427
0.2,0.298,-1.2183203407548142,-0.1541126112577469,-1.372432952012561
0.2,0.299,-1.2200292434541482,-0.1501356793092842,-1.3701649227634325
0.2,0.3,-1.221728604109787,-0.1462107333993635,-1.3679393375091504
0.2,0.301,-1.2234184409425841,-0.14233777352798482,-1.365756214470569
0.2,0.302,-1.2250987720135809,-0.1385167996951481,-1.363615571708729
0.2,0.303,-1.2267696152254262,-0.1347478119008534,-1.3615174271262795
0.2,0.304,-1.2284309883237792,-0.1310308101451007,-1.35946179846888
0.2,0.305,-1.2300829088986918,-0.12736579442788998,-1.3574487033265816
0.2,0.306,-1.2317253943859725,-0.12375276474922126,-1.3554781591351936
0.2,0.307,-1.2333584620685292,-0.12019172110909454,-1.3535501831776238
0.2,0.308,-1.2349821290776974,-0.11668266350750982,-1.3516647925852072
0.2,0.309,-1.2365964123945474,-0.11322559194446709,-1.3498220043390146
0.2,0.31,-1.2382013288511742,-0.10982050641996637,-1.3480218352711406
0.2,0.311,-1.239796895131969,-0.10646740693400761,-1.3462643020659766
0.2,0.312,-1.2413831277748764,-0.10316629348659088,-1.3445494212614673
0.2,0.313,-1.24296004317263,-0.0999171660777161,-1.342877209250346
0.2,0.314,-1.2445276575739763,-0.09672002470738338,-1.3412476822813597
0.2,0.315,-1.2460859870848764,-0.09357486937559262,-1.339660856460469
0.2,0.316,-1.247635047669697,-0.09048170008234387,-1.3381167477520408
0.2,0.317,-1.249174855152379,-0.0874405168276371,-1.336615371980016
0.2,0.318,-1.2507054252175993,-0.08445131961147231,-1.3351567448290715
0.2,0.319,-1.2522267734119072,-0.08151410843384956,-1.3337408818457568
0.2,0.32,-1.2537389151448528,-0.07862888329476878,-1.3323677984396216
0.2,0.321,-1.2552418656900945,-0.07579564419423,-1.3310375098843246
0.2,0.322,-1.2567356401864989,-0.07301439113223322,-1.329750031318732
0.2,0.323,-1.2582202536392175,-0.07028512410877844,-1.328505377747996
0.2,0.324,-1.259695720920757,-0.06760784312386564,-1.3273035640446227
0.2,0.325,-1.2611620567720294,-0.06498254817749485,-1.3261446049495242
0.2,0.326,-1.2626192758033907,-0.06240923926966604,-1.3250285150730567
0.2,0.327,-1.2640673924956667,-0.05988791640037925,-1.3239553088960458
0.2,0.328,-1.2655064212011629,-0.05741857956963444,-1.3229250007707973
0.2,0.329,-1.2669363761446624,-0.05500122877743163,-1.321937604922094
0.2,0.33,-1.2683572714244113,-0.052635864023770816,-1.320993135448182
0.2,0.331,-1.2697691210130888,-0.05032248530865199,-1.3200916063217407
0.2,0.332,-1.271171938758767,-0.04806109263207517,-1.3192330313908422
0.2,0.333,-1.2725657383858564,-0.04585168599404034,-1.3184174243798967
0.2,0.334,-1.27395053349604,-0.043694265394547516,-1.3176447988905875
0.2,0.335,-1.2753263375691937,-0.04158883083359668,-1.3169151684027904
0.2,0.336,-1.2766931639642967,-0.03953538231118784,-1.3162285462754846
0.2,0.337,-1.2780510259203286,-0.037533919827321,-1.3155849457476496
0.2,0.338,-1.2793999365571547,-0.03558444338199615,-1.3149843799391507
0.2,0.339,-1.2807399088763995,-0.0336869529752133,-1.3144268618516128
0.2,0.34,-1.2820709557623113,-0.031841448606972446,-1.3139124043692838
0.2,0.341,-1.283393089982611,-0.030047930277273583,-1.3134410202598845
0.2,0.342,-1.2847063241893348,-0.028306397986116724,-1.3130127221754515
0.2,0.343,-1.2860106709196613,-0.026616851733501857,-1.3126275226531632
0.2,0.344,-1.2873061425967312,-0.024979291519429073,-1.3122854341161603
0.2,0.345,-1.2885927515304556,-0.023393717343898196,-1.3119864688743539
0.2,0.346,-1.289870509918313,-0.021860129206909315,-1.3117306391252224
0.2,0.347,-1.291139429846135,-0.020378527108462427,-1.3115179569545974
0.2,0.348,-1.2923995232888845,-0.018948911048557542,-1.311348434337442
0.2,0.349,-1.2936508021114228,-0.017571281027194647,-1.3112220831386174
0.2,0.35,-1.294893278069265,-0.016245637044373748,-1.3111389151136388
0.2,0.351,-1.2961269628093275,-0.014971979100094844,-1.3110989419094223
0.2,0.352,-1.2973518678706657,-0.01375030719435794,-1.3111021750650236
0.2,0.353,-1.298568004685201,-0.012580621327163031,-1.3111486260123641
0.2,0.354,-1.29977538457844,-0.011462921498510116,-1.3112383060769501
0.2,0.355,-1.3009740187701824,-0.010397207708399199,-1.3113712264785815
0.2,0.356,-1.302163918375221,-0.009383479956830277,-1.3115473983320511
0.2,0.357,-1.3033450944040332,-0.00842173824380335,-1.3117668326478367
0.2,0.358,-1.3045175577634625,-0.007511982569318421,-1.3120295403327809
0.2,0.359,-1.305681319257391,-0.006654212933375488,-1.3123355321907666
0.2,0.36,-1.3068363895874036,-0.005848429335974549,-1.3126848189233782
0.2,0.361,-1.3079827793534444,-0.005094631777115607,-1.31307741113056
0.2,0.362,-1.309120499054464,-0.004392820256798662,-1.3135133193112627
0.2,0.363,-1.3102495590890564,-0.003742994775023711,-1.31399255386408
0.2,0.364,-1.3113699697560914,-0.003145155331790758,-1.3145151250878822
0.2,0.365,-1.3124817412553371,-0.0025993019270997997,-1.315081043182437
0.2,0.366,-1.3135848836880715,-0.0021054345609508376,-1.3156903182490223
0.2,0.367,-1.3146794070576924,-0.001663553233343872,-1.3163429602910361
0.2,0.368,-1.315765321270313,-0.0012736579442789017,-1.317038979214592
0.2,0.369,-1.316842636135354,-0.0009357486937559277,-1.31777838482911
0.2,0.37,-1.3179113613661255,-0.0006498254817749499,-1.3185611868479006
0.2,0.371,-1.318971506580403,-0.000415888308335968,-1.3193873948887391
0.2,0.372,-1.3200230813009957,-0.00023393717343898193,-1.3202570184744347
0.2,0.373,-1.3210660949563051,-0.000103972077083992,-1.321170067033389
0.2,0.374,-1.3221005568808808,-0.000025993019270998,-1.3221265499001518
0.2,0.375,-1.3231264763159643,-0,-1.3231264763159643
0.2,0.376,-1.3241438624100277,-0.000025993019270998,-1.3241698554292987
0.2,0.377,-1.3251527242193073,-0.000103972077083992,-1.3252566962963912
0.2,0.378,-1.3261530707083267,-0.00023393717343898193,-1.3263870078817657
0.2,0.379,-1.3271449107504143,-0.000415888308335968,-1.3275607990587504
0.2,0.38,-1.3281282531282161,-0.0006498254817749499,-1.3287780786099912
0.2,0.381,-1.3291031065341978,-0.0009357486937559277,-1.3300388552279538
0.2,0.382,-1.330069479571145,-0.0012736579442789017,-1.3313431375154239
0.2,0.383,-1.3310273807526507,-0.001663553233343872,-1.3326909339859945
0.2,0.384,-1.3319768185036036,-0.0021054345609508376,-1.3340822530645544
0.2,0.385,-1.3329178011606633,-0.0025993019270997997,-1.335517103087763
0.2,0.386,-1.3338503369727337,-0.003145155331790758,-1.3369954923045244
0.2,0.387,-1.3347744341014278,-0.003742994775023711,-1.3385174288764514
0.2,0.388,-1.3356901006215267,-0.004392820256798662,-1.3400829208783254
0.2,0.389,-1.3365973445214334,-0.005094631777115607,-1.341691976298549
0.2,0.39,-1.3374961737036188,-0.005848429335974549,-1.3433446030395935
0.2,0.391,-1.3383865959850634,-0.006654212933375488,-1.345040808918439
0.2,0.392,-1.3392686190976923,-0.007511982569318421,-1.3467806016670107
0.2,0.393,-1.3401422506888037,-0.00842173824380335,-1.348563988932607
0.2,0.394,-1.3410074983214932,-0.009383479956830277,-1.3503909782783234
0.2,0.395,-1.3418643694750698,-0.010397207708399199,-1.352261577183469
0.2,0.396,-1.3427128715454693,-0.011462921498510116,-1.3541757930439793
0.2,0.397,-1.3435530118456593,-0.012580621327163031,-1.3561336331728224
0.2,0.398,-1.344384797606041,-0.01375030719435794,-1.358135104800399
0.2,0.399,-1.3452082359748436,-0.014971979100094844,-1.3601802150749385
0.2,0.4,-1.346023334018513,-0.016245637044373748,-1.3622689710628868
0.2,0.401,-1.3468300987220974,-0.017571281027194647,-1.364401379749292
0.2,0.402,-1.3476285369896255,-0.018948911048557542,-1.366577448038183
0.2,0.403,-1.3484186556444808,-0.020378527108462427,-1.3687971827529433
0.2,0.404,-1.349200461429768,-0.021860129206909315,-1.3710605906366773
0.2,0.405,-1.3499739610086778,-0.023393717343898196,-1.3733676783525761
0.2,0.406,-1.350739160964845,-0.024979291519429073,-1.375718452484274
0.2,0.407,-1.3514960678026995,-0.026616851733501857,-1.3781129195362014
0.2,0.408,-1.3522446879478154,-0.028306397986116724,-1.380551085933932
0.2,0.409,-1.3529850277472542,-0.030047930277273583,-1.3830329580245277
0.2,0.41,-1.3537170934699012,-0.031841448606972446,-1.3855585420768737
0.2,0.411,-1.3544408913068002,-0.0336869529752133,-1.3881278442820135
0.2,0.412,-1.3551564273714791,-0.03558444338199615,-1.3907408707534752
0.2,0.413,-1.355863707700276,-0.037533919827321,-1.393397627527597
0.2,0.414,-1.3565627382526548,-0.03953538231118784,-1.3960981205638427
0.2,0.415,-1.3572535249115227,-0.04158883083359668,-1.3988423557451195
0.2,0.416,-1.357936073483534,-0.043694265394547516,-1.4016303388780815
0.2,0.417,-1.3586103896993995,-0.04585168599404034,-1.4044620756934398
0.2,0.418,-1.3592764792141843,-0.04806109263207517,-1.4073375718462595
0.2,0.419,-1.3599343476076018,-0.05032248530865199,-1.4102568329162537
0.2,0.42,-1.360584000384307,-0.052635864023770816,-1.4132198644080778
0.2,0.421,-1.3612254429741806,-0.05500122877743163,-1.416226671751612
0.2,0.422,-1.3618586807326118,-0.05741857956963444,-1.4192772603022463
0.2,0.423,-1.362483718940776,-0.05988791640037925,-1.422371635341155
0.2,0.424,-1.363100562805907,-0.06240923926966604,-1.425509802075573
0.2,0.425,-1.3637092174615668,-0.06498254817749485,-1.4286917656390616
0.2,0.426,-1.3643096879679082,-0.06760784312386564,-1.4319175310917738
0.2,0.427,-1.3649019793119372,-0.07028512410877844,-1.4351871034207158
0.2,0.428,-1.3654860964077673,-0.07301439113223322,-1.4385004875400005
0.2,0.429,-1.3660620440968718,-0.07579564419423,-1.4418576882911018
0.2,0.43,-1.3666298271483317,-0.07862888329476878,-1.4452587104431005
0.2,0.431,-1.367189450259079,-0.08151410843384956,-1.4487035586929284
0.2,0.432,-1.367740918054135,-0.08445131961147231,-1.4521922376656071
0.2,0.433,-1.3682842350868472,-0.0874405168276371,-1.4557247519144842
0.2,0.434,-1.3688194058391197,-0.09048170008234387,-1.4593011059214636
0.2,0.435,-1.3693464347216406,-0.09357486937559262,-1.4629213040972333
0.2,0.436,-1.3698653260741056,-0.09672002470738338,-1.466585350781489
0.2,0.437,-1.370376084165437,-0.0999171660777161,-1.4702932502431532
0.2,0.438,-1.3708787131939983,-0.10316629348659088,-1.4740450066805892
0.2,0.439,-1.3713732172878084,-0.10646740693400761,-1.477840624221816
0.2,0.44,-1.3718596005047456,-0.10982050641996637,-1.481680106924712
0.2,0.441,-1.372337866832755,-0.11322559194446709,-1.4855634587772222
0.2,0.442,-1.3728080201900459,-0.11668266350750982,-1.4894906836975557
0.2,0.443,-1.3732700644252895,-0.12019172110909454,-1.4934617855343841
0.2,0.444,-1.373724003317811,-0.12375276474922126,-1.4974767680670324
0.2,0.445,-1.3741698405777778,-0.12736579442788998,-1.5015356350056677
0.2,0.446,-1.3746075798463866,-0.1310308101451007,-1.5056383899914874
0.2,0.447,-1.3750372246960414,-0.1347478119008534,-1.5097850365968948
0.2,0.448,-1.3754587786305341,-0.1385167996951481,-1.5139755783256823
0.2,0.449,-1.375872245085218,-0.14233777352798482,-1.5182100186132028
0.2,0.45,-1.3762776274271769,-0.1462107333993635,-1.5224883608265403
0.2,0.451,-1.3766749289553935,-0.1501356793092842,-1.5268106082646777
0.2,0.452,-1.3770641529009122,-0.1541126112577469,-1.531176764158659
0.2,0.453,-1.377445302426998,-0.15814152924475158,-1.5355868316717496
0.2,0.454,-1.3778183806292938,-0.16222243327029828,-1.540040813899592
0.2,0.455,-1.3781833905359733,-0.16635532333438696,-1.5445387138703603
0.2,0.456,-1.3785403351078882,-0.17054019943701762,-1.549080534544906
0.2,0.457,-1.378889217238717,-0.17477706157819028,-1.5536662788169073
0.2,0.458,-1.3792300397551043,-0.17906590975790496,-1.5582959495130093
0.2,0.459,-1.3795628054168008,-0.18340674397616163,-1.5629695493929625
0.2,0.46,-1.379887516916799,-0.18779956423296026,-1.5676870811497592
0.2,0.461,-1.3802041768814652,-0.19224437052830093,-1.5724485474097663
0.2,0.462,-1.3805127878706673,-0.19674116286218357,-1.577253950732851
0.2,0.463,-1.3808133523779007,-0.20128994123460825,-1.582103293612509
0.2,0.464,-1.3811058728304095,-0.20589070564557488,-1.5869965784759845
0.2,0.465,-1.3813903515893058,-0.21054345609508351,-1.5919338076843892
0.2,0.466,-1.381666790949684,-0.21524819258313416,-1.5969149835328182
0.2,0.467,-1.381935193140734,-0.22000491510972678,-1.6019401082504607
0.2,0.468,-1.3821955603258473,-0.22481362367486143,-1.6070091840007088
0.2,0.469,-1.3824478946027252,-0.22967431827853776,-1.612122212881263
0.2,0.47,-1.3826921980034785,-0.23458699892075635,-1.6172791969242348
0.2,0.471,-1.3829284724947277,-0.239551665601517,-1.6224801380962448
0.2,0.472,-1.3831567199776977,-0.2445683183208196,-1.6277250382985173
0.2,0.473,-1.3833769422883095,-0.24963695707866415,-1.6330138993669736
0.2,0.474,-1.383589141197271,-0.2547575818750508,-1.6383467230723219
0.2,0.475,-1.3837933184101598,-0.2599301927099794,-1.6437235111201391
0.2,0.476,-1.38398947556751,-0.26515478958345,-1.64914426515096
0.2,0.477,-1.3841776142448872,-0.27043137249546256,-1.6546089867403497
0.2,0.478,-1.3843577359529673,-0.2757599414460171,-1.6601176773989845
0.2,0.479,-1.384529842137609,-0.28114049643511374,-1.6656703385727227
0.2,0.48,-1.384693934179923,-0.2865730374627523,-1.6712669716426753
0.2,0.481,-1.3848500133963395,-0.2920575645289329,-1.6769075779252725
0.2,0.482,-1.3849980810386708,-0.2975940776336555,-1.6825921586723263
0.2,0.483,-1.385138138294173,-0.30318257677692,-1.688320715071093
0.2,0.484,-1.3852701862856018,-0.3088230619587266,-1.6940932482443285
0.2,0.485,-1.3853942260712673,-0.3145155331790751,-1.6999097592503425
0.2,0.486,-1.3855102586450845,-0.32025999043796566,-1.7057702490830502
0.2,0.487,-1.385618284936622,-0.3260564337353982,-1.7116747186720203
0.2,0.488,-1.3857183058111464,-0.33190486307137274,-1.7176231688825192
0.2,0.489,-1.3858103220696634,-0.33780527844588926,-1.7236156005155525
0.2,0.49,-1.3858943344489565,-0.3437576798589478,-1.7296520143079044
0.2,0.491,-1.3859703436216226,-0.3497620673105484,-1.735732410932171
0.2,0.492,-1.3860383501961053,-0.3558184408006909,-1.7418567909967964
0.2,0.493,-1.3860983547167218,-0.36192680032937546,-1.7480251550460972
0.2,0.494,-1.3861503576636915,-0.3680871458966019,-1.7542375035602935
0.2,0.495,-1.3861943594531572,-0.37429947750237047,-1.7604938369555276
0.2,0.496,-1.3862303604372066,-0.380563795146681,-1.7667941555838875
0.2,0.497,-1.3862583609038874,-0.3868800988295335,-1.773138459733421
0.2,0.498,-1.3862783610772236,-0.39324838855092803,-1.7795267496281517
0.2,0.499,-1.386290361117224,-0.3996686643108644,-1.7859590254280884
0.2,0.5,-1.3862943611198906,-0.406140926109343,-1.7924352872292335
0.2,0.501,-1.386290361117224,-0.41266517394636354,-1.7989555350635875
0.2,0.502,-1.3862783610772236,-0.419241407821926,-1.8055197688991496
0.2,0.503,-1.3862583609038874,-0.42586962773603043,-1.8121279886399178
0.2,0.504,-1.3862303604372066,-0.43254983368867683,-1.8187801941258834
0.2,0.505,-1.3861943594531572,-0.43928202567986546,-1.8254763851330227
0.2,0.506,-1.3861503576636915,-0.44606620370959593,-1.8322165613732875
0.2,0.507,-1.3860983547167218,-0.45290236777786835,-1.8390007224945901
0.2,0.508,-1.3860383501961053,-0.4597905178846828,-1.8458288680807882
0.2,0.509,-1.3859703436216226,-0.46673065403003927,-1.852700997651662
0.2,0.51,-1.3858943344489565,-0.4737227762139377,-1.8596171106628943
0.2,0.511,-1.3858103220696634,-0.48076688443637816,-1.8665772065060415
0.2,0.512,-1.3857183058111464,-0.4878629786973606,-1.8735812845085071
0.2,0.513,-1.385618284936622,-0.495011058996885,-1.8806293439335071
0.2,0.514,-1.3855102586450845,-0.5022111253349516,-1.8877213839800362
0.2,0.515,-1.3853942260712673,-0.5094631777115599,-1.8948574037828272
0.2,0.516,-1.3852701862856018,-0.5167672161267104,-1.9020374024123123
0.2,0.517,-1.385138138294173,-0.5241232405804028,-1.9092613788745758
0.2,0.518,-1.3849980810386708,-0.5315312510726372,-1.916529332111308
0.2,0.519,-1.3848500133963395,-0.5389912476034135,-1.923841260999753
0.2,0.52,-1.384693934179923,-0.5465032301727321,-1.931197164352655
0.2,0.521,-1.384529842137609,-0.5540671987805924,-1.9385970409182014
0.2,0.522,-1.3843577359529673,-0.5616831534269949,-1.9460408893799621
0.2,0.523,-1.3841776142448872,-0.5693510941119393,-1.9535287083568265
0.2,0.524,-1.38398947556751,-0.5770710208354256,-1.9610604964029354
0.2,0.525,-1.3837933184101598,-0.584842933597454,-1.968636252007614
0.2,0.526,-1.383589141197271,-0.5926668323980244,-1.9762559735952954
0.2,0.527,-1.3833769422883095,-0.6005427172371368,-1.9839196595254465
0.2,0.528,-1.3831567199776977,-0.6084705881147912,-1.991627308092489
0.2,0.529,-1.3829284724947277,-0.6164504450309876,-1.9993789175257153
0.2,0.53,-1.3826921980034785,-0.6244822879857259,-2.0071744859892044
0.2,0.531,-1.3824478946027252,-0.6325661169790063,-2.0150140115817314
0.2,0.532,-1.3821955603258473,-0.6407019320108287,-2.022897492336676
0.2,0.533,-1.3819351931407338,-0.6488897330811931,-2.0308249262219267
0.2,0.534,-1.381666790949684,-0.6571295201900994,-2.0387963111397833
0.2,0.535,-1.3813903515893058,-0.6654212933375478,-2.0468116449268536
0.2,0.536,-1.3811058728304095,-0.6737650525235381,-2.0548709253539474
0.2,0.537,-1.3808133523779007,-0.6821607977480705,-2.0629741501259713
0.2,0.538,-1.3805127878706673,-0.6906085290111448,-2.071121316881812
0.2,0.539,-1.380204176881465,-0.6991082463127611,-2.079312423194226
0.2,0.54,-1.379887516916799,-0.7076599496529196,-2.0875474665697187
0.2,0.541,-1.3795628054168008,-0.7162636390316198,-2.0958264444484205
0.2,0.542,-1.3792300397551043,-0.7249193144488622,-2.104149354203966
0.2,0.543,-1.378889217238717,-0.7336269759046465,-2.112516193143364
0.2,0.544,-1.3785403351078884,-0.7423866233989728,-2.1209269585068613
0.2,0.545,-1.378183390535973,-0.7511982569318411,-2.129381647467814
0.2,0.546,-1.3778183806292938,-0.7600618765032514,-2.1378802571325455
0.2,0.547,-1.377445302426998,-0.7689774821132037,-2.1464227845402015
0.2,0.548,-1.3770641529009122,-0.7779450737616981,-2.15500922666261
0.2,0.549,-1.3766749289553935,-0.7869646514487343,-2.1636395804041277
0.2,0.55,-1.3762776274271769,-0.7960362151743127,-2.1723138426014894
0.2,0.551,-1.375872245085218,-0.805159764938433,-2.1810320100236513
0.2,0.552,-1.3754587786305341,-0.8143353007410953,-2.1897940793716293
0.2,0.553,-1.3750372246960412,-0.8235628225822995,-2.1986000472783407
0.2,0.554,-1.3746075798463866,-0.8328423304620457,-2.207449910308432
0.2,0.555,-1.3741698405777778,-0.8421738243803341,-2.216343664958112
0.2,0.556,-1.373724003317811,-0.8515573043371644,-2.2252813076549756
0.2,0.557,-1.3732700644252893,-0.8609927703325366,-2.2342628347578257
0.2,0.558,-1.372808020190046,-0.8704802223664508,-2.243288242556497
0.2,0.559,-1.372337866832755,-0.8800196604389071,-2.2523575272716623
0.2,0.56,-1.3718596005047456,-0.8896110845499053,-2.261470685054651
0.2,0.561,-1.3713732172878084,-0.8992544946994457,-2.270627711987254
0.2,0.562,-1.3708787131939983,-0.908949890887528,-2.2798286040815263
0.2,0.563,-1.370376084165437,-0.9186972731141511,-2.2890733572795883
0.2,0.564,-1.3698653260741058,-0.9284966413793173,-2.298361967453423
0.2,0.565,-1.3693464347216406,-0.9383479956830254,-2.3076944304046663
0.2,0.566,-1.3688194058391194,-0.9482513360252757,-2.317070741864395
0.2,0.567,-1.3682842350868472,-0.958206662406068,-2.3264908974929153
0.2,0.568,-1.367740918054135,-0.9682139748254023,-2.335954892879537
0.2,0.569,-1.367189450259079,-0.9782732732832784,-2.345462723542357
0.2,0.57,-1.366629827148332,-0.9883845577796966,-2.3550143849280287
0.2,0.571,-1.3660620440968718,-0.9985478283146566,-2.3646098724115285
0.2,0.572,-1.3654860964077673,-1.008763084888159,-2.3742491812959265
0.2,0.573,-1.3649019793119372,-1.0190303275002033,-2.3839323068121407
0.2,0.574,-1.3643096879679082,-1.0293495561507895,-2.3936592441186977
0.2,0.575,-1.3637092174615668,-1.0397207708399177,-2.4034299883014842
0.2,0.576,-1.3631005628059072,-1.0501439715675878,-2.413244534373495
0.2,0.577,-1.362483718940776,-1.0606191583338,-2.4231028772745757
0.2,0.578,-1.3618586807326118,-1.071146331138554,-2.433005011871166
0.2,0.579,-1.3612254429741806,-1.0817254899818503,-2.442950932956031
0.2,0.58,-1.360584000384307,-1.0923566348636884,-2.4529406352479954
0.2,0.581,-1.3599343476076018,-1.1030397657840685,-2.4629741133916703
0.2,0.582,-1.3592764792141843,-1.1137748827429907,-2.4730513619571752
0.2,0.583,-1.3586103896993995,-1.124561985740455,-2.4831723754398545
0.2,0.584,-1.357936073483534,-1.1354010747764611,-2.493337148259995
0.2,0.585,-1.3572535249115227,-1.1462921498510092,-2.503545674762532
0.2,0.586,-1.356562738252655,-1.1572352109640993,-2.5137979492167544
0.2,0.587,-1.355863707700276,-1.1682302581157316,-2.5240939658160073
0.2,0.588,-1.3551564273714791,-1.1792772913059055,-2.5344337186773847
0.2,0.589,-1.3544408913068002,-1.190376310534622,-2.544817201841422
0.2,0.59,-1.3537170934699014,-1.20152731580188,-2.5552444092717814
0.2,0.591,-1.3529850277472542,-1.21273030710768,-2.565715334854934
0.2,0.592,-1.3522446879478154,-1.223985284452022,-2.5762299723998376
0.2,0.593,-1.3514960678026995,-1.2352922478349064,-2.586788315637606
0.2,0.594,-1.350739160964845,-1.2466511972563326,-2.5973903582211775
0.2,0.595,-1.3499739610086778,-1.2580621327163004,-2.6080360937249782
0.2,0.596,-1.349200461429768,-1.2695250542148107,-2.6187255156445786
0.2,0.597,-1.3484186556444808,-1.2810399617518626,-2.6294586173963435
0.2,0.598,-1.3476285369896255,-1.2926068553274568,-2.6402353923170825
0.2,0.599,-1.3468300987220974,-1.3042257349415929,-2.6510558336636905
0.2,0.6,-1.346023334018513,-1.315896600594271,-2.6619199346127838
0.2,0.601,-1.3452082359748436,-1.327619452285491,-2.672827688260335
0.2,0.602,-1.344384797606041,-1.3393942900152531,-2.683779087621294
0.2,0.603,-1.3435530118456593,-1.351221113783557,-2.694774125629216
0.2,0.604,-1.3427128715454693,-1.3630999235904033,-2.7058127951358726
0.2,0.605,-1.3418643694750698,-1.3750307194357911,-2.716895088910861
0.2,0.606,-1.3410074983214932,-1.3870135013197216,-2.728020999641215
0.2,0.607,-1.3401422506888037,-1.3990482692421935,-2.739190519930997
0.2,0.608,-1.3392686190976923,-1.4111350232032076,-2.7504036423009
0.2,0.609,-1.3383865959850634,-1.4232737632027637,-2.761660359187827
0.2,0.61,-1.3374961737036188,-1.4354644892408617,-2.7729606629444805
0.2,0.611,-1.3365973445214334,-1.4477072013175019,-2.7843045458389355
0.2,0.612,-1.3356901006215267,-1.4600018994326838,-2.7956920000542107
0.2,0.613,-1.3347744341014278,-1.4723485835864076,-2.8071230176878355
0.2,0.614,-1.3338503369727337,-1.484747253778674,-2.8185975907514074
0.2,0.615,-1.3329178011606633,-1.4971979100094819,-2.830115711170145
0.2,0.616,-1.3319768185036036,-1.5097005522788318,-2.8416773707824357
0.2,0.617,-1.3310273807526507,-1.522255180586724,-2.8532825613393746
0.2,0.618,-1.330069479571145,-1.534861794933158,-2.864931274504303
0.2,0.619,-1.3291031065341978,-1.547520395318134,-2.8766235018523316
0.2,0.62,-1.3281282531282161,-1.560230981741652,-2.888359234869868
0.2,0.621,-1.3271449107504143,-1.5729935542037121,-2.9001384649541264
0.2,0.622,-1.3261530707083267,-1.585808112704314,-2.9119611834126404
0.2,0.623,-1.3251527242193073,-1.5986746572434576,-2.9238273814627647
0.2,0.624,-1.3241438624100277,-1.6115931878211438,-2.9357370502311717
0.2,0.625,-1.3231264763159643,-1.624563704437372,-2.9476901807533364
0.2,0.626,-1.3221005568808808,-1.637586207092142,-2.959686763973023
0.2,0.627,-1.3210660949563051,-1.6506606957854542,-2.9717267907417595
0.2,0.628,-1.3200230813009957,-1.6637871705173077,-2.983810251818303
0.2,0.629,-1.318971506580403,-1.676965631287704,-2.995937137868107
0.2,0.63,-1.3179113613661255,-1.6901960780966416,-3.0081074394627674
0.2,0.631,-1.316842636135354,-1.7034785109441217,-3.0203211470794757
0.2,0.632,-1.315765321270313,-1.7168129298301438,-3.032578251100457
0.2,0.633,-1.3146794070576924,-1.7301993347547073,-3.0448787418123997
0.2,0.634,-1.3135848836880715,-1.7436377257178137,-3.057222609405885
0.2,0.635,-1.3124817412553371,-1.7571281027194618,-3.069609843974799
0.2,0.636,-1.3113699697560914,-1.7706704657596515,-3.0820404355157427
0.2,0.637,-1.3102495590890564,-1.7842648148383837,-3.0945143739274403
0.2,0.638,-1.309120499054464,-1.7979111499556573,-3.1070316490101213
0.2,0.639,-1.3079827793534444,-1.8116094711114734,-3.119592250464918
0.2,0.64,-1.3068363895874036,-1.8253597783058313,-3.132196167893235
0.2,0.641,-1.305681319257391,-1.8391620715387311,-3.1448433907961224
0.2,0.642,-1.3045175577634625,-1.8530163508101731,-3.157533908573636
0.2,0.643,-1.3033450944040332,-1.866922616120157,-3.1702677105241905
0.2,0.644,-1.302163918375221,-1.880880867468683,-3.183044785843904
0.2,0.645,-1.3009740187701824,-1.8948911048557509,-3.195865123625933
0.2,0.646,-1.29977538457844,-1.9089533282813604,-3.2087287128598003
0.2,0.647,-1.298568004685201,-1.9230675377455126,-3.2216355424307137
0.2,0.648,-1.2973518678706657,-1.9372337332482066,-3.234585601118872
0.2,0.649,-1.2961269628093275,-1.9514519147894425,-3.24757887759877
0.2,0.65,-1.294893278069265,-1.9657220823692203,-3.2606153604384853
0.2,0.651,-1.2936508021114228,-1.98004423598754,-3.273695038098963
0.2,0.652,-1.2923995232888845,-1.9944183756444023,-3.286817898933287
0.2,0.653,-1.291139429846135,-2.0088445013398064,-3.2999839311859414
0.2,0.654,-1.289870509918313,-2.023322613073752,-3.313193122992065
0.2,0.655,-1.2885927515304556,-2.0378527108462396,-3.3264454623766953
0.2,0.656,-1.2873061425967312,-2.0524347946572696,-3.3397409372540006
0.2,0.657,-1.286010670919661,-2.0670688645068416,-3.3530795354265024
0.2,0.658,-1.2847063241893348,-2.0817549203949555,-3.3664612445842903
0.2,0.659,-1.283393089982611,-2.0964929623216113,-3.3798860523042222
0.2,0.66,-1.2820709557623111,-2.111282990286809,-3.39335394604912
0.2,0.661,-1.2807399088763995,-2.126125004290549,-3.4068649131669484
0.2,0.662,-1.2793999365571547,-2.141019004332831,-3.4204189408899857
0.2,0.663,-1.2780510259203286,-2.155964990413654,-3.434016016333983
0.2,0.664,-1.2766931639642967,-2.1709629625330202,-3.447656126497317
0.2,0.665,-1.2753263375691937,-2.1860129206909282,-3.461339258260122
0.2,0.666,-1.2739505334960397,-2.2011148648873777,-3.4750653983834177
0.2,0.667,-1.2725657383858564,-2.2162687951223696,-3.488834533508226
0.2,0.668,-1.271171938758767,-2.2314747113959035,-3.5026466501546705
0.2,0.669,-1.2697691210130886,-2.2467326137079797,-3.5165017347210683
0.2,0.67,-1.2683572714244113,-2.262042502058597,-3.5303997734830084
0.2,0.671,-1.2669363761446624,-2.277404376447757,-3.5443407525924195
0.2,0.672,-1.2655064212011626,-2.292818236875459,-3.5583246580766215
0.2,0.673,-1.2640673924956667,-2.3082840833417024,-3.572351475837369
0.2,0.674,-1.2626192758033907,-2.3238019158464884,-3.586421191649879
0.2,0.675,-1.2611620567720294,-2.339371734389816,-3.6005337911618454
0.2,0.676,-1.259695720920757,-2.354993538971686,-3.614689259892443
0.2,0.677,-1.2582202536392175,-2.3706673295920977,-3.6288875832313154
0.2,0.678,-1.2567356401864989,-2.3863931062510515,-3.6431287464375504
0.2,0.679,-1.2552418656900945,-2.4021708689485473,-3.657412734638642
0.2,0.68,-1.2537389151448526,-2.418000617684585,-3.6717395328294375
0.2,0.681,-1.2522267734119072,-2.4338823524591646,-3.686109125871072
0.2,0.682,-1.2507054252175993,-2.4498160732722867,-3.700521498489886
0.2,0.683,-1.2491748551523787,-2.4658017801239502,-3.714976635276329
0.2,0.684,-1.2476350476696965,-2.481839473014156,-3.7294745206838527
0.2,0.685,-1.2460859870848764,-2.4979291519429037,-3.74401513902778
0.2,0.686,-1.2445276575739763,-2.5140708169101935,-3.75859847448417
0.2,0.687,-1.2429600431726302,-2.5302644679160253,-3.7732245110886558
0.2,0.688,-1.2413831277748764,-2.5465101049603973,-3.7878932327352737
0.2,0.689,-1.2397968951319691,-2.562807728043313,-3.802604623175282
0.2,0.69,-1.2382013288511742,-2.5791573371647707,-3.817358666015945
0.2,0.691,-1.2365964123945477,-2.5955589323247708,-3.832155344719318
0.2,0.692,-1.2349821290776974,-2.6120125135233123,-3.8469946426010098
0.2,0.693,-1.2333584620685292,-2.628518080760396,-3.861876542828925
0.2,0.694,-1.2317253943859725,-2.6450756340360213,-3.876801028421994
0.2,0.695,-1.2300829088986918,-2.661685173350189,-3.891768082248881
0.2,0.696,-1.2284309883237792,-2.678346698702899,-3.906777687026678
0.2,0.697,-1.2267696152254262,-2.6950602100941508,-3.921829825319577
0.2,0.698,-1.225098772013581,-2.7118257075239445,-3.9369244795375256
0.2,0.699,-1.2234184409425843,-2.72864319099228,-3.9520616319348645
0.2,0.7,-1.221728604109787,-2.7455126604991578,-3.967241264608945
0.2,0.701,-1.2200292434541482,-2.7624341160445773,-3.9824633594987255
0.2,0.702,-1.2183203407548142,-2.7794075576285393,-3.9977278983833537
0.2,0.703,-1.2166018776296756,-2.796432985251043,-4.013034862880718
0.2,0.704,-1.2148738355339068,-2.8135103989120887,-4.028384234445996
0.2,0.705,-1.2131361957584816,-2.830639798611676,-4.043775994370158
0.2,0.706,-1.2113889394286717,-2.847821184349806,-4.0592101237784775
0.2,0.707,-1.2096320475025188,-2.8650545561264775,-4.074686603628996
0.2,0.708,-1.2078655007692904,-2.882339913941691,-4.090205414710981
0.2,0.709,-1.2060892798479088,-2.899677257795447,-4.105766537643356
0.2,0.71,-1.20430336518536,-2.9170665876877444,-4.1213699528731045
0.2,0.711,-1.2025077370550799,-2.9345079036185844,-4.137015640673664
0.2,0.712,-1.2007023755553157,-2.9520012055879654,-4.152703581143281
0.2,0.713,-1.1988872606074656,-2.9695464935958893,-4.168433754203355
0.2,0.714,-1.197062371954392,-2.987143767642355,-4.184206139596747
0.2,0.715,-1.1952276891587124,-3.0047930277273625,-4.200020716886074
0.2,0.716,-1.1933831916010647,-3.022494273850912,-4.215877465451976
0.2,0.717,-1.191528858478346,-3.040247506013004,-4.23177636449135
0.2,0.718,-1.1896646688019281,-3.0580527242136375,-4.247717393015566
0.2,0.719,-1.187790601395844,-3.075909928452813,-4.263700529848657
0.2,0.72,-1.185906634894949,-3.09381911873053,-4.279725753625479
0.2,0.721,-1.1840127477430555,-3.11178029504679,-4.295793042789846
0.2,0.722,-1.182108918191039,-3.1297934574015915,-4.311902375592631
0.2,0.723,-1.180195124294915,-3.1478586057949354,-4.3280537300898505
0.2,0.724,-1.17827134391389,-3.165975740226821,-4.3442470841407115
0.2,0.725,-1.1763375547083814,-3.1841448606972484,-4.36048241540563
0.2,0.726,-1.1743937341380077,-3.202365967206218,-4.376759701344226
0.2,0.727,-1.1724398594595489,-3.2206390597537298,-4.393078919213279
0.2,0.728,-1.1704759077248768,-3.2389641383397834,-4.40944004606466
0.2,0.729,-1.1685018557788527,-3.257341202964379,-4.425843058743231
0.2,0.73,-1.166517680257194,-3.275770253627517,-4.44228793388471
0.2,0.731,-1.1645233575843086,-3.2942512903291963,-4.458774647913505
0.2,0.732,-1.1625188639710948,-3.3127843130694172,-4.475303177040512
0.2,0.733,-1.1605041754127097,-3.3313693218481815,-4.491873497260891
0.2,0.734,-1.1584792676863014,-3.350006316665487,-4.508485584351789
0.2,0.735,-1.1564441163487065,-3.3686952975213345,-4.525139413870041
0.2,0.736,-1.1543986967341133,-3.387436264415723,-4.541834961149837
0.2,0.737,-1.1523429839516879,-3.4062292173486552,-4.558572201300343
0.2,0.738,-1.150276952883162,-3.4250741563201292,-4.575351109203291
0.2,0.739,-1.148200578180386,-3.4439710813301443,-4.59217165951053
0.2,0.74,-1.1461138342628407,-3.4629199923787013,-4.609033826641542
0.2,0.741,-1.1440166953151127,-3.4819208894658016,-4.625937584780914
0.2,0.742,-1.141909135284327,-3.500973772591443,-4.642882907875769
0.2,0.743,-1.139791127877541,-3.5200786417556262,-4.6598697696331675
0.2,0.744,-1.1376626465590973,-3.539235496958352,-4.676898143517449
0.2,0.745,-1.1355236645479332,-3.558444338199619,-4.693968002747552
0.2,0.746,-1.1333741548148464,-3.5777051654794283,-4.7110793202942745
0.2,0.747,-1.1312140900797198,-3.5970179787977807,-4.7282320688775
0.2,0.748,-1.1290434428086988,-3.616382778154674,-4.745426220963372
0.2,0.749,-1.1268621852113239,-3.6357995635501097,-4.762661748761434
0.2,0.75,-1.1246702892376166,-3.6552683349840867,-4.779938624221703
0.2,0.751,-1.1224677265751195,-3.6747890924566065,-4.797256819031726
0.2,0.752,-1.120254468645884,-3.694361835967668,-4.814616304613552
0.2,0.753,-1.1180304866034136,-3.713986565517271,-4.832017052120685
0.2,0.754,-1.115795751329554,-3.7336632811054167,-4.849459032434971
0.2,0.755,-1.1135502334313307,-3.753391982732104,-4.866942216163435
0.2,0.756,-1.1112939032377378,-3.7731726703973343,-4.884466573635072
0.2,0.757,-1.10902673079647,-3.7930053441011045,-4.9020320748975745
0.2,0.758,-1.1067486858706024,-3.812890003843419,-4.919638689714021
0.2,0.759,-1.1044597379352121,-3.8328266496242738,-4.937286387559486
0.2,0.76,-1.1021598561739456,-3.852815281443671,-4.954975137617617
0.2,0.761,-1.0998490094755262,-3.8728558993016113,-4.972704908777137
0.2,0.762,-1.0975271664302033,-3.8929485031980926,-4.990475669628296
0.2,0.763,-1.0951942953261404,-3.913093093133116,-5.008287388459256
0.2,0.764,-1.0928503641457428,-3.933289669106681,-5.026140033252424
0.2,0.765,-1.0904953405619193,-3.953538231118789,-5.044033571680709
0.2,0.766,-1.088129191934284,-3.9738387791694385,-5.061967971103723
0.2,0.767,-1.0857518853052865,-3.9941913132586295,-5.079943198563916
0.2,0.768,-1.0833633873962818,-4.0145958333863625,-5.097959220782644
0.2,0.769,-1.080963664603525,-4.035052339552639,-5.1160160041561635
0.2,0.77,-1.0785526829941008,-4.055560831757456,-5.134113514751556
0.2,0.771,-1.0761304083017782,-4.076121310000815,-5.152251718302593
0.2,0.772,-1.0736968059227947,-4.096733774282717,-5.170430580205512
0.2,0.773,-1.0712518409115628,-4.11739822460316,-5.1886500655147225
0.2,0.774,-1.0687954779763034,-4.138114660962145,-5.206910138938449
0.2,0.775,-1.0663276814745972,-4.158883083359673,-5.22521076483427
0.2,0.776,-1.0638484154088605,-4.179703491795742,-5.243551907204602
0.2,0.777,-1.0613576434217369,-4.200575886270353,-5.26193352969209
0.2,0.778,-1.0588553287914046,-4.221500266783506,-5.28035559557491
0.2,0.779,-1.0563414344268014,-4.242476633335202,-5.298818067762003
0.2,0.78,-1.0538159228627606,-4.263504985925439,-5.3173209087882
0.2,0.781,-1.0512787562550572,-4.284585324554218,-5.335864080809275
0.2,0.782,-1.0487298963753646,-4.30571764922154,-5.354447545596905
0.2,0.783,-1.046169304606117,-4.326901959927404,-5.373071264533521
0.2,0.784,-1.0435969419352753,-4.348138256671809,-5.391735198607084
0.2,0.785,-1.0410127689509978,-4.369426539454756,-5.4104393084057545
0.2,0.786,-1.0384167458362088,-4.390766808276245,-5.429183554112454
0.2,0.787,-1.0358088323630663,-4.412159063136277,-5.4479678954993425
0.2,0.788,-1.033188987887323,-4.43360330403485,-5.466792291922173
0.2,0.789,-1.0305571713425845,-4.455099530971966,-5.48565670231455
0.2,0.79,-1.0279133412344512,-4.476647743947622,-5.504561085182074
0.2,0.791,-1.0252574556345546,-4.4982479429618225,-5.523505398596377
0.2,0.792,-1.022589472174475,-4.519900128014564,-5.54248960018904
0.2,0.793,-1.0199093480395425,-4.541604299105846,-5.5615136471453885
0.2,0.794,-1.0172170399625151,-4.563360456235672,-5.580577496198186
0.2,0.795,-1.014512504217139,-4.58516859940404,-5.599681103621179
0.2,0.796,-1.011795696611576,-4.607028728610948,-5.618824425222524
0.2,0.797,-1.0090665724817056,-4.6289408438564,-5.638007416338105
0.2,0.798,-1.0063250866842923,-4.650904945140393,-5.657230031824685
0.2,0.799,-1.0035711935900187,-4.672921032462929,-5.676492226052948
0.2,0.8,-1.0008048470763757,-4.694989105824006,-5.695793952900382
0.2,0.801,-0.9980260005204145,-4.717109165223625,-5.715135165744039
0.2,0.802,-0.9952346067913488,-4.739281210661787,-5.734515817453135
0.2,0.803,-0.9924306182430073,-4.761505242138489,-5.753935860381497
0.2,0.804,-0.9896139867061333,-4.783781259653734,-5.7733952463598674
0.2,0.805,-0.9867846634805257,-4.806109263207522,-5.7928939266880475
0.2,0.806,-0.9839425993270179,-4.828489252799851,-5.812431852126869
0.2,0.807,-0.9810877444592907,-4.850921228430722,-5.832008972890012
0.2,0.808,-0.9782200485355157,-4.873405190100136,-5.851625238635651
0.2,0.809,-0.9753394606498218,-4.895941137808092,-5.871280598457913
0.2,0.81,-0.9724459293235843,-4.918529071554589,-5.890975000878173
0.2,0.811,-0.9695394024965294,-4.9411689913396275,-5.910708393836157
0.2,0.812,-0.9666198275176481,-4.963860897163209,-5.930480724680857
0.2,0.813,-0.9636871511359189,-4.98660478902533,-5.950291940161249
0.2,0.814,-0.9607413194908279,-5.009400666925995,-5.970141986416823
0.2,0.815,-0.9577822781026879,-5.032248530865202,-5.990030808967889
0.2,0.816,-0.954809971862745,-5.055148380842952,-6.009958352705697
0.2,0.817,-0.9518243450230695,-5.078100216859243,-6.0299245618823125
0.2,0.818,-0.9488253411862266,-5.101104038914076,-6.049929380100302
0.2,0.819,-0.9458129032947176,-5.1241598470074505,-6.069972750302168
0.2,0.82,-0.9427869736201885,-5.147267641139368,-6.0900546147595565
0.2,0.821,-0.9397474937523969,-5.170427421309827,-6.110174915062224
0.2,0.822,-0.9366944045879322,-5.193639187518829,-6.130333592106761
0.2,0.823,-0.9336276463186818,-5.2169029397663715,-6.150530586085053
0.2,0.824,-0.9305471584200355,-5.2402186780524564,-6.170765836472492
0.2,0.825,-0.9274528796388208,-5.263586402377084,-6.191039282015905
0.2,0.826,-0.9243447479809623,-5.2870061127402534,-6.211350860721216
0.2,0.827,-0.9212227006988574,-5.310477809141964,-6.231700509840821
0.2,0.828,-0.9180866742784564,-5.334001491582218,-6.252088165860675
0.2,0.829,-0.9149366044260454,-5.3575771600610125,-6.272513764487058
0.2,0.83,-0.9117724260547169,-5.381204814578349,-6.292977240633066
0.2,0.831,-0.9085940732705206,-5.404884455134228,-6.313478528404748
0.2,0.832,-0.9054014793582881,-5.4286160817286495,-6.334017561086938
0.2,0.833,-0.9021945767671182,-5.452399694361613,-6.3545942711287315
0.2,0.834,-0.8989732970955122,-5.476235293033119,-6.375208590128631
0.2,0.835,-0.8957375710761539,-5.5001228777431646,-6.3958604488193185
0.2,0.836,-0.8924873285603161,-5.524062448491755,-6.4165497770520705
0.2,0.837,-0.889222498501888,-5.548054005278886,-6.437276503780774
0.2,0.838,-0.8859430089410105,-5.5720975481045585,-6.458040557045569
0.2,0.839,-0.8826487869873052,-5.596193076968774,-6.478841863956079
0.2,0.84,-0.879339758802686,-5.620340591871531,-6.499680350674217
0.2,0.841,-0.8760158495837419,-5.64454009281283,-6.520555942396572
0.2,0.842,-0.8726769835436745,-5.668791579792671,-6.541468563336346
0.2,0.843,-0.8693230838937771,-5.693095052811055,-6.5624181367048315
0.2,0.844,-0.865954072824443,-5.7174505118679795,-6.583404584692422
0.2,0.845,-0.862569871485684,-5.741857956963447,-6.604427828449131
0.2,0.846,-0.8591703999671466,-5.766317388097456,-6.625487788064603
0.2,0.847,-0.8557555772776089,-5.790828805270007,-6.6465843825476165
0.2,0.848,-0.8523253213239386,-5.8153922084811,-6.667717529805039
0.2,0.849,-0.8488795488894992,-5.840007597730735,-6.688887146620234
0.2,0.85,-0.8454181756119818,-5.8646749730189125,-6.710093148630895
0.2,0.851,-0.8419411159606446,-5.8893943343456305,-6.7313354503062754
0.2,0.852,-0.8384482832129421,-5.914165681710892,-6.7526139649238335
0.2,0.853,-0.8349395894305212,-5.938989015114696,-6.773928604545217
0.2,0.854,-0.8314149454345626,-5.96386433455704,-6.795279279991602
0.2,0.855,-0.8278742607804477,-5.9887916400379275,-6.816665900818375
0.2,0.856,-0.8243174437317236,-6.013770931557357,-6.838088375289081
0.2,0.857,-0.8207444012333461,-6.038802209115327,-6.859546610348674
0.2,0.858,-0.8171550388841728,-6.06388547271184,-6.881040511596013
0.2,0.859,-0.8135492609086801,-6.089020722346896,-6.902569983255576
0.2,0.86,-0.8099269701278771,-6.114207958020493,-6.924134928148369
0.2,0.861,-0.8062880679293893,-6.139447179732632,-6.9457352476620215
0.2,0.862,-0.8026324542366787,-6.164738387483313,-6.967370841719991
0.2,0.863,-0.7989600274773714,-6.190081581272536,-6.989041608749908
0.2,0.864,-0.7952706845506599,-6.215476761100301,-7.010747445650961
0.2,0.865,-0.791564320793747,-6.240923926966608,-7.032488247760355
0.2,0.866,-0.7878408299472922,-6.266423078871457,-7.05426390881875
0.2,0.867,-0.784100104119828,-6.2919742168148485,-7.076074320934676
0.2,0.868,-0.7803420337511043,-6.317577340796781,-7.097919374547885
0.2,0.869,-0.7765665075743211,-6.343232450817256,-7.119798958391577
0.2,0.87,-0.7727734125772074,-6.368939546876272,-7.14171295945348
0.2,0.871,-0.7689626339619029,-6.39469862897383,-7.163661262935733
0.2,0.872,-0.7651340551035917,-6.4205096971099325,-7.185643752213524
0.2,0.873,-0.7612875575078464,-6.446372751284575,-7.207660308792422
0.2,0.874,-0.7574230207666257,-6.47228779149776,-7.229710812264386
0.2,0.875,-0.7535403225128735,-6.498254817749488,-7.251795140262361
0.2,0.876,-0.7496393383736673,-6.524273830039756,-7.273913168413423
0.2,0.877,-0.7457199419218503,-6.550344828368568,-7.2960647702904184
0.2,0.878,-0.7417820046260946,-6.5764678127359195,-7.318249817362014
0.2,0.879,-0.7378253957993215,-6.602642783141817,-7.340468178941138
0.2,0.88,-0.7338499825454192,-6.628869739586253,-7.362719722131672
0.2,0.881,-0.7298556297041818,-6.655148682069231,-7.385004311773413
0.2,0.882,-0.7258421997943973,-6.681479610590753,-7.40732181038515
0.2,0.883,-0.7218095529550057,-6.707862525150816,-7.429672078105821
0.2,0.884,-0.7177575468842439,-6.7342974257494195,-7.452054972633663
0.2,0.885,-0.7136860367766913,-6.7607843123865665,-7.474470349163258
0.2,0.886,-0.7095948752581256,-6.787323185062255,-7.496918060320381
0.2,0.887,-0.705483912318091,-6.813914043776487,-7.519397956094578
0.2,0.888,-0.7013529952400789,-6.8405568885292585,-7.541909883769337
0.2,0.889,-0.6972019685292135,-6.867251719320575,-7.564453687849788
0.2,0.89,-0.6930306738373323,-6.8939985361504315,-7.587029209987763
0.2,0.891,-0.6888389498853384,-6.920797339018829,-7.609636288904168
0.2,0.892,-0.6846266323827058,-6.947648127925771,-7.632274760308477
0.2,0.893,-0.6803935539439988,-6.974550902871255,-7.654944456815254
0.2,0.894,-0.6761395440022725,-7.00150566385528,-7.677645207857553
0.2,0.895,-0.671864428719203,-7.028512410877847,-7.70037683959705
0.2,0.896,-0.6675680308917932,-7.055571143938956,-7.72313917483075
0.2,0.897,-0.6632501698554888,-7.082681863038606,-7.745932032894094
0.2,0.898,-0.6589106613835323,-7.109844568176799,-7.768755229560331
0.2,0.899,-0.6545493175823665,-7.137059259353535,-7.791608576935902
0.2,0.9,-0.6501659467828964,-7.164325936568811,-7.814491883351707
0.2,0.901,-0.6457603534274003,-7.191644599822629,-7.837404953250029
0.2,0.902,-0.6413323379518688,-7.219015249114991,-7.860347587066859
0.2,0.903,-0.6368816966635421,-7.246437884445894,-7.883319581109435
0.2,0.904,-0.6324082216133944,-7.273912505815337,-7.9063207274287315
0.2,0.905,-0.6279117004633049,-7.301439113223325,-7.92935081368663
0.2,0.906,-0.6233919163476347,-7.329017706669854,-7.9524096230174885
0.2,0.907,-0.6188486477289106,-7.3566482861549245,-7.975496933883835
0.2,0.908,-0.614281668247302,-7.384330851678539,-7.998612519925841
0.2,0.909,-0.6096907465635508,-7.4120654032406925,-8.021756149804244
0.2,0.91,-0.605075646194996,-7.439851940841388,-8.044927587036383
0.2,0.911,-0.600436125344309,-7.467690464480628,-8.068126589824937
0.2,0.912,-0.5957719367205291,-7.495580974158409,-8.091352910878939
0.2,0.913,-0.5910828273519639,-7.523523469874732,-8.114606297226697
0.2,0.914,-0.5863685383904844,-7.551517951629597,-8.137886490020081
0.2,0.915,-0.5816288049067162,-7.579564419423003,-8.16119322432972
0.2,0.916,-0.5768633556755907,-7.607662873254951,-8.184526228930542
0.2,0.917,-0.5720719129516821,-7.635813313125442,-8.207885226077124
0.2,0.918,-0.567254192233716,-7.664015739034476,-8.231269931268193
0.2,0.919,-0.562409902017586,-7.692270150982051,-8.254680052999637
0.2,0.92,-0.5575387435371746,-7.720576548968166,-8.27811529250534
0.2,0.921,-0.5526404104922094,-7.748934932992826,-8.301575343485036
0.2,0.922,-0.5477145887623386,-7.777345303056027,-8.325059891818366
0.2,0.923,-0.5427609561065415,-7.80580765915777,-8.34856861526431
0.2,0.924,-0.5377791818469193,-7.8343220012980535,-8.372101183144974
0.2,0.925,-0.5327689265358407,-7.862888329476881,-8.395657256012722
0.2,0.926,-0.5277298416053325,-7.89150664369425,-8.419236485299582
0.2,0.927,-0.5226615689975134,-7.92017694395016,-8.442838512947674
0.2,0.928,-0.5175637407747736,-7.9488992302446135,-8.466462971019387
0.2,0.929,-0.512435978708295,-7.977673502577609,-8.490109481285904
0.2,0.93,-0.5072778938433826,-8.006499760949145,-8.513777654792527
0.2,0.931,-0.5020890860399532,-8.035378005359226,-8.53746709139918
0.2,0.932,-0.49686914348638134,-8.064308235807845,-8.561177379294227
0.2,0.933,-0.49161764218474086,-8.093290452295008,-8.584908094479749
0.2,0.934,-0.48633414540530767,-8.122324654820712,-8.60865880022602
0.2,0.935,-0.48101820310799637,-8.151410843384959,-8.632429046492955
0.2,0.936,-0.4756693513281835,-8.18054901798775,-8.656218369315933
0.2,0.937,-0.4702871115241375,-8.209739178629079,-8.680026290153217
0.2,0.938,-0.46487098988300557,-8.238981325308949,-8.703852315191954
0.2,0.939,-0.45942047658201274,-8.268275458027363,-8.727695934609375
0.2,0.94,-0.45393504500120907,-8.29762157678432,-8.751556621785529
0.2,0.941,-0.44841415088371506,-8.327019681579817,-8.775433832463532
0.2,0.942,-0.4428572314390218,-8.35646977241386,-8.79932700385288
0.2,0.943,-0.43726370438443485,-8.385971849286442,-8.823235553670877
0.2,0.944,-0.43163296691923236,-8.415525912197566,-8.8471588791168
0.2,0.945,-0.42596439462552876,-8.445131961147233,-8.871096355772762
0.2,0.946,-0.42025734028917905,-8.474789996135442,-8.895047336424621
0.2,0.947,-0.4145111326333173,-8.504500017162192,-8.919011149795509
0.2,0.948,-0.4087250749562846,-8.534262024227484,-8.94298709918377
0.2,0.949,-0.40289844366475003,-8.56407601733132,-8.96697446099607
0.2,0.95,-0.39703048669174534,-8.593941996473696,-8.990972483165441
0.2,0.951,-0.3911204217881006,-8.623859961654615,-9.014980383442715
0.2,0.952,-0.38516743467435727,-8.653829912874075,-9.038997347548433
0.2,0.953,-0.3791706770386196,-8.683851850132077,-9.063022527170697
0.2,0.954,-0.37312926436394694,-8.713925773428622,-9.087055037792569
0.2,0.955,-0.3670422735667508,-8.74405168276371,-9.11109395633046
0.2,0.956,-0.3609087404251881,-8.774229578137337,-9.135138318562525
0.2,0.957,-0.3547276567736735,-8.80445945954951,-9.159187116323183
0.2,0.958,-0.34849796743630257,-8.83474132700022,-9.183239294436522
0.2,0.959,-0.3422185668680866,-8.865075180489477,-9.207293747357564
0.2,0.96,-0.3358882954683461,-8.895461020017272,-9.231349315485618
0.2,0.961,-0.32950593552525975,-8.925898845583612,-9.255404781108872
0.2,0.962,-0.3230702067442497,-8.95638865718849,-9.27945886393274
0.2,0.963,-0.3165797613054119,-8.986930454831914,-9.303510216137326
0.2,0.964,-0.31003317838630245,-9.017524238513879,-9.32755741690018
0.2,0.965,-0.3034289580757725,-9.048170008234386,-9.351598966310158
0.2,0.966,-0.29676551459179057,-9.078867763993435,-9.375633278585225
0.2,0.967,-0.29004116870081537,-9.109617505791025,-9.39965867449184
0.2,0.968,-0.2832541392176387,-9.140419233627158,-9.423673372844798
0.2,0.969,-0.27640253344189025,-9.171272947501834,-9.447675480943724
0.2,0.97,-0.26948433635953367,-9.20217864741505,-9.471662983774584
0.2,0.971,-0.2624973984033058,-9.233136333366808,-9.495633731770114
0.2,0.972,-0.2554394215233693,-9.264146005357109,-9.519585426880479
0.2,0.973,-0.24830794326607467,-9.295207663385952,-9.543515606652027
0.2,0.974,-0.24110031849149882,-9.326321307453336,-9.567421625944835
0.2,0.975,-0.23381369827506224,-9.357486937559262,-9.591300635834324
0.2,0.976,-0.22644500542921633,-9.38870455370373,-9.615149559132947
0.2,0.977,-0.21899090593993586,-9.41997415588674,-9.638965061826676
0.2,0.978,-0.21144777542840565,-9.451295744108293,-9.662743519536699
0.2,0.979,-0.20381165950515118,-9.482669318368387,-9.686480977873538
0.2,0.98,-0.1960782265594641,-9.514094878667024,-9.710173105226488
0.2,0.981,-0.18824271108870713,-9.545572425004204,-9.733815136092911
0.2,0.982,-0.18029984507184127,-9.577101957379924,-9.757401802451765
0.2,0.983,-0.17224377405703345,-9.608683475794185,-9.780927249851219
0.2,0.984,-0.16406795345376649,-9.64031698024699,-9.804384933700756
0.2,0.985,-0.15576501882219282,-9.672002470738338,-9.82776748956053
0.2,0.986,-0.14732662145864994,-9.703739947268225,-9.851066568726875
0.2,0.987,-0.13874321682858162,-9.735529409836655,-9.874272626665237
0.2,0.988,-0.1300037876195754,-9.767370858443629,-9.897374646063204
0.2,0.989,-0.12109547401298548,-9.799264293089143,-9.920359767102129
0.2,0.99,-0.11200306870969477,-9.8312097137732,-9.943212782482895
0.2,0.991,-0.10270830853018603,-9.8632071204958,-9.965915429025985
0.2,0.992,-0.09318884844420919,-9.895256513256939,-9.988445361701148
0.2,0.993,-0.083416717083787,-9.927357892056621,-10.010774609140409
0.2,0.994,-0.07335587750026831,-9.959511256894844,-10.032867134395113
0.2,0.995,-0.06295813189433352,-9.991716607771613,-10.054674739665947
0.2,0.996,-0.052155665966795335,-10.02397394468692,-10.076129610653716
0.2,0.997,-0.04084584892835985,-10.056283267640772,-10.097129116569132
0.2,0.998,-0.02885442972435225,-10.088644576633163,-10.117499006357516
0.2,0.999,-0.015814510224464187,-10.121057871664098,-10.136872381888562
0.2,1,0,-10.153523152733575,-10.153523152733575
0.5,0,0,-2.924214667987269,-2.924214667987269
0.5,0.001,-0.015814510224464173,-2.9086396508400876,-2.924454161064552
0.5,0.002,-0.028854429724352232,-2.893106222523739,-2.921960652248091
0.5,0.003,-0.040845848928359824,-2.877614383038224,-2.9184602319665838
0.5,0.004,-0.0521556659667953,-2.8621641323835427,-2.914319798350338
0.5,0.005,-0.0629581318943335,-2.846755470559695,-2.9097136024540284
0.5,0.006,-0.07335587750026827,-2.831388397566682,-2.90474427506695
0.5,0.007,-0.08341671708378696,-2.816062913404501,-2.899479630488288
0.5,0.008,-0.09318884844420913,-2.8007790180731544,-2.8939678665173636
0.5,0.009,-0.10270830853018596,-2.785536711572641,-2.888245020102827
0.5,0.01,-0.11200306870969469,-2.770335993902961,-2.882339062612656
0.5,0.011,-0.1210954740129854,-2.7551768650641155,-2.876272339077101
0.5,0.012,-0.13000378761957532,-2.740059325056103,-2.870063112675678
0.5,0.013,-0.13874321682858154,-2.724983373878924,-2.863726590707506
0.5,0.014,-0.14732662145864986,-2.709949011532579,-2.8572756329912288
0.5,0.015,-0.15576501882219274,-2.6949562380170673,-2.85072125683926
0.5,0.016,-0.1640679534537664,-2.680005053332389,-2.8440730067861555
0.5,0.017,-0.17224377405703334,-2.665095457478545,-2.8373392315355783
0.5,0.018,-0.1802998450718412,-2.6502274504555334,-2.8305272955273746
0.5,0.019,-0.18824271108870705,-2.6354010322633568,-2.823643743352064
0.5,0.02,-0.196078226559464,-2.6206162029020135,-2.8166944294614775
0.5,0.021,-0.20381165950515107,-2.605872962371503,-2.809684621876654
0.5,0.022,-0.21144777542840554,-2.5911713106718266,-2.8026190861002322
0.5,0.023,-0.21899090593993578,-2.5765112478029835,-2.795502153742919
0.5,0.024,-0.22644500542921622,-2.5618927737649746,-2.788337779194191
0.5,0.025,-0.23381369827506213,-2.5473158885577987,-2.781129586832861
0.5,0.026,-0.2411003184914987,-2.5327805921814566,-2.7738809106729554
0.5,0.027,-0.24830794326607455,-2.5182868846359483,-2.766594827902023
0.5,0.028,-0.2554394215233692,-2.5038347659212734,-2.7592741874446425
0.5,0.029,-0.26249739840330566,-2.4894242360374323,-2.751921634440738
0.5,0.03,-0.2694843363595335,-2.4750552949844242,-2.7445396313439576
0.5,0.031,-0.27640253344189014,-2.4607279427622504,-2.7371304762041406
0.5,0.032,-0.28325413921763853,-2.4464421793709095,-2.729696318588548
0.5,0.033,-0.2900411687008152,-2.432198004810403,-2.722239173511218
0.5,0.034,-0.29676551459179046,-2.4179954190807296,-2.71476093367252
0.5,0.035,-0.3034289580757724,-2.40383442218189,-2.7072633802576624
0.5,0.036,-0.3100331783863023,-2.3897150141138845,-2.699748192500187
0.5,0.037,-0.3165797613054117,-2.375637194876712,-2.6922169561821234
0.5,0.038,-0.3230702067442496,-2.3616009644703735,-2.684671171214623
0.5,0.039,-0.3295059355252596,-2.3476063228948676,-2.6771122584201272
0.5,0.04,-0.335888295468346,-2.3336532701501964,-2.6695415656185424
0.5,0.041,-0.3422185668680865,-2.319741806236358,-2.6619603731044448
0.5,0.042,-0.34849796743630246,-2.3058719311533538,-2.654369898589656
0.5,0.043,-0.35472765677367335,-2.2920436449011827,-2.646771301674856
0.5,0.044,-0.36090874042518795,-2.278256947479845,-2.639165687905033
0.5,0.045,-0.3670422735667506,-2.2645118388893417,-2.6315541124560924
0.5,0.046,-0.3731292643639468,-2.2508083191296713,-2.623937583493618
0.5,0.047,-0.37917067703861945,-2.237146388200835,-2.6163170652394547
0.5,0.048,-0.3851674346743571,-2.223526046102832,-2.608693480777189
0.5,0.049,-0.3911204217881004,-2.2099472928356625,-2.601067714623763
0.5,0.05,-0.3970304866917452,-2.196410128399327,-2.593440615091072
0.5,0.051,-0.40289844366474986,-2.1829145527938247,-2.5858129964585745
0.5,0.052,-0.4087250749562844,-2.1694605660191564,-2.5781856409754407
0.5,0.053,-0.41451113263331707,-2.1560481680753214,-2.5705593007086387
0.5,0.054,-0.4202573402891789,-2.1426773589623203,-2.562934699251499
0.5,0.055,-0.4259643946255286,-2.129348138680152,-2.5553125333056808
0.5,0.056,-0.43163296691923214,-2.116060507228818,-2.5476934741480504
0.5,0.057,-0.4372637043844347,-2.1028144646083176,-2.540078168992752
0.5,0.058,-0.44285723143902156,-2.089610010818651,-2.532467242257672
0.5,0.059,-0.4484141508837146,-2.076447145859817,-2.5248612967435315
0.5,0.06,-0.45393504500120896,-2.0633258697318175,-2.5172609147330265
0.5,0.061,-0.4594204765820123,-2.050246182434651,-2.509666659016663
0.5,0.062,-0.46487098988300535,-2.0372080839683187,-2.502079073851324
0.5,0.063,-0.47028711152413766,-2.0242115743328193,-2.494498685856957
0.5,0.064,-0.47566935132818394,-2.011256653528154,-2.486926004856338
0.5,0.065,-0.4810182031079965,-1.9983433215543225,-2.479361524662319
0.5,0.066,-0.48633414540530806,-1.9854715784113242,-2.471805723816632
0.5,0.067,-0.491617642184741,-1.9726414240991597,-2.464259066283901
0.5,0.068,-0.4968691434863818,-1.9598528586178285,-2.45672200210421
0.5,0.069,-0.5020890860399534,-1.9471058819673313,-2.4491949680072844
0.5,0.07,-0.507277893843383,-1.9344004941476673,-2.4416783879910504
0.5,0.071,-0.5124359787082953,-1.9217366951588373,-2.4341726738671325
0.5,0.072,-0.5175637407747737,-1.9091144850008408,-2.4266782257756145
0.5,0.073,-0.5226615689975134,-1.8965338636736773,-2.4191954326711906
0.5,0.074,-0.5277298416053327,-1.8839948311773478,-2.4117246727826807
0.5,0.075,-0.5327689265358408,-1.8714973875118521,-2.404266314047693
0.5,0.076,-0.5377791818469194,-1.85904153267719,-2.3968207145241096
0.5,0.077,-0.5427609561065416,-1.8466272666733616,-2.3893882227799033
0.5,0.078,-0.5477145887623387,-1.8342545895003666,-2.3819691782627053
0.5,0.079,-0.5526404104922094,-1.8219235011582047,-2.374563911650414
0.5,0.08,-0.5575387435371748,-1.809634001646877,-2.367172745184052
0.5,0.081,-0.5624099020175861,-1.7973860909663828,-2.359795992983969
0.5,0.082,-0.567254192233716,-1.7851797691167222,-2.352433961350438
0.5,0.083,-0.5720719129516822,-1.7730150360978951,-2.3450869490495774
0.5,0.084,-0.5768633556755907,-1.7608918919099017,-2.337755247585492
0.5,0.085,-0.5816288049067163,-1.7488103365527419,-2.330439141459458
0.5,0.086,-0.5863685383904844,-1.7367703700264165,-2.323138908416901
0.5,0.087,-0.591082827351964,-1.7247719923309235,-2.3158548196828876
0.5,0.088,-0.5957719367205293,-1.7128152034662647,-2.308587140186794
0.5,0.089,-0.6004361253443091,-1.700900003432439,-2.3013361287767484
0.5,0.09,-0.6050756461949961,-1.6890263922294473,-2.2941020384244433
0.5,0.091,-0.6096907465635508,-1.6771943698572889,-2.28688511642084
0.5,0.092,-0.614281668247302,-1.6654039363159645,-2.2796856045632667
0.5,0.093,-0.6188486477289106,-1.6536550916054729,-2.2725037393343834
0.5,0.094,-0.6233919163476347,-1.6419478357258157,-2.2653397520734506
0.5,0.095,-0.627911700463305,-1.6302821686769915,-2.2581938691402965
0.5,0.096,-0.6324082216133944,-1.6186580904590016,-2.251066312072396
0.5,0.097,-0.6368816966635421,-1.607075601071845,-2.243957297735387
0.5,0.098,-0.6413323379518688,-1.5955347005155216,-2.2368670384673903
0.5,0.099,-0.6457603534274003,-1.584035388790032,-2.2297957422174326
0.5,0.1,-0.6501659467828964,-1.5725776658953763,-2.222743612678273
0.5,0.101,-0.6545493175823665,-1.561161531831554,-2.21571084941392
0.5,0.102,-0.6589106613835323,-1.5497869865985652,-2.2086976479820972
0.5,0.103,-0.6632501698554889,-1.53845403019641,-2.201704200051899
0.5,0.104,-0.6675680308917931,-1.5271626626250885,-2.1947306935168815
0.5,0.105,-0.671864428719203,-1.5159128838846005,-2.187777312603804
0.5,0.106,-0.6761395440022725,-1.5047046939749464,-2.180844237977219
0.5,0.107,-0.6803935539439989,-1.4935380928961257,-2.1739316468401246
0.5,0.108,-0.6846266323827059,-1.4824130806481384,-2.167039713030844
0.5,0.109,-0.6888389498853386,-1.471329657230985,-2.1601686071163235
0.5,0.11,-0.6930306738373323,-1.460287822644665,-2.1533184964819974
0.5,0.111,-0.6972019685292136,-1.4492875768891786,-2.146489545418392
0.5,0.112,-0.7013529952400789,-1.438328919964526,-2.139681915204605
0.5,0.113,-0.705483912318091,-1.4274118518707068,-2.132895764188798
0.5,0.114,-0.7095948752581257,-1.4165363726077211,-2.126131247865847
0.5,0.115,-0.7136860367766914,-1.4057024821755693,-2.1193885189522605
0.5,0.116,-0.7177575468842439,-1.3949101805742508,-2.1126677274584944
0.5,0.117,-0.7218095529550059,-1.3841594678037659,-2.1059690207587716
0.5,0.118,-0.7258421997943973,-1.3734503438641148,-2.099292543658512
0.5,0.119,-0.7298556297041818,-1.3627828087552973,-2.0926384384594794
0.5,0.12,-0.7338499825454192,-1.3521568624773133,-2.0860068450227325
0.5,0.121,-0.7378253957993215,-1.341572505030163,-2.0793979008294845
0.5,0.122,-0.7417820046260946,-1.3310297364138461,-2.0728117410399407
0.5,0.123,-0.7457199419218503,-1.320528556628363,-2.0662484985502134
0.5,0.124,-0.7496393383736673,-1.3100689656737134,-2.0597083040473807
0.5,0.125,-0.7535403225128735,-1.2996509635498974,-2.053191286062771
0.5,0.126,-0.7574230207666257,-1.2892745502569152,-2.046697571023541
0.5,0.127,-0.7612875575078464,-1.2789397257947661,-2.0402272833026123
0.5,0.128,-0.7651340551035917,-1.268646490163451,-2.0337805452670428
0.5,0.129,-0.7689626339619029,-1.2583948433629695,-2.0273574773248724
0.5,0.13,-0.7727734125772074,-1.2481847853933214,-2.020958197970529
0.5,0.131,-0.7765665075743211,-1.2380163162545073,-2.014582823828828
0.5,0.132,-0.7803420337511043,-1.2278894359465262,-2.0082314696976304
0.5,0.133,-0.784100104119828,-1.217804144469379,-2.001904248589207
0.5,0.134,-0.7878408299472922,-1.2077604418230654,-1.9956012717703575
0.5,0.135,-0.791564320793747,-1.1977583280075854,-1.9893226488013322
0.5,0.136,-0.7952706845506599,-1.187797803022939,-1.9830684875735989
0.5,0.137,-0.7989600274773714,-1.177878866869126,-1.9768388943464974
0.5,0.138,-0.8026324542366787,-1.168001519546147,-1.9706339737828258
0.5,0.139,-0.8062880679293893,-1.1581657610540015,-1.9644538289833908
0.5,0.14,-0.8099269701278771,-1.1483715913926893,-1.9582985615205664
0.5,0.141,-0.8135492609086798,-1.138619010562211,-1.9521682714708908
0.5,0.142,-0.8171550388841728,-1.1289080185625664,-1.9460630574467392
0.5,0.143,-0.820744401233346,-1.119238615393755,-1.939983016627101
0.5,0.144,-0.8243174437317236,-1.1096108010557775,-1.933928244787501
0.5,0.145,-0.8278742607804475,-1.1000245755486333,-1.9278988363290808
0.5,0.146,-0.8314149454345625,-1.0904799388723228,-1.9218948843068853
0.5,0.147,-0.834939589430521,-1.080976891026846,-1.915916480457367
0.5,0.148,-0.8384482832129421,-1.0715154320122027,-1.9099637152251447
0.5,0.149,-0.8419411159606445,-1.062095561828393,-1.9040366777890374
0.5,0.15,-0.8454181756119817,-1.052717280475417,-1.8981354560873989
0.5,0.151,-0.8488795488894992,-1.0433805879532747,-1.8922601368427738
0.5,0.152,-0.8523253213239386,-1.0340854842619658,-1.8864108055859043
0.5,0.153,-0.8557555772776086,-1.0248319694014905,-1.880587546679099
0.5,0.154,-0.8591703999671466,-1.0156200433718487,-1.8747904433389952
0.5,0.155,-0.862569871485684,-1.0064497061730406,-1.8690195776587246
0.5,0.156,-0.865954072824443,-0.997320957805066,-1.863275030629509
0.5,0.157,-0.8693230838937771,-0.9882337982679251,-1.8575568821617021
0.5,0.158,-0.8726769835436744,-0.9791882275616179,-1.8518652111052925
0.5,0.159,-0.8760158495837419,-0.9701842456861441,-1.846200095269886
0.5,0.16,-0.879339758802686,-0.9612218526415041,-1.84056161144419
0.5,0.161,-0.8826487869873051,-0.9523010484276977,-1.834949835415003
0.5,0.162,-0.8859430089410105,-0.9434218330447248,-1.8293648419857353
0.5,0.163,-0.889222498501888,-0.9345842064925854,-1.8238067049944733
0.5,0.164,-0.8924873285603159,-0.9257881687712797,-1.8182754973315955
0.5,0.165,-0.8957375710761539,-0.9170337198808076,-1.8127712909569615
0.5,0.166,-0.8989732970955122,-0.9083208598211692,-1.8072941569166814
0.5,0.167,-0.902194576767118,-0.8996495885923642,-1.801844165359482
0.5,0.168,-0.9054014793582881,-0.891019906194393,-1.796421385552681
0.5,0.169,-0.9085940732705206,-0.8824318126272551,-1.7910258858977757
0.5,0.17,-0.9117724260547168,-0.8738853078909509,-1.7856577339456676
0.5,0.171,-0.9149366044260454,-0.8653803919854804,-1.7803169964115257
0.5,0.172,-0.918086674278456,-0.8569170649108436,-1.7750037391892997
0.5,0.173,-0.9212227006988571,-0.8484953266670405,-1.7697180273658977
0.5,0.174,-0.9243447479809621,-0.8401151772540707,-1.7644599252350328
0.5,0.175,-0.9274528796388206,-0.8317766166719345,-1.759229496310755
0.5,0.176,-0.9305471584200352,-0.823479644920632,-1.7540268033406672
0.5,0.177,-0.9336276463186818,-0.815224262000163,-1.7488519083188447
0.5,0.178,-0.9366944045879319,-0.8070104679105277,-1.7437048724984594
0.5,0.179,-0.9397474937523967,-0.7988382626517259,-1.7385857564041225
0.5,0.18,-0.9427869736201882,-0.7907076462237578,-1.7334946198439458
0.5,0.181,-0.9458129032947176,-0.7826186186266232,-1.7284315219213409
0.5,0.182,-0.9488253411862263,-0.7745711798603222,-1.7233965210465485
0.5,0.183,-0.9518243450230693,-0.7665653299248547,-1.718389674947924
0.5,0.184,-0.9548099718627447,-0.7586010688202209,-1.7134110406829657
0.5,0.185,-0.9577822781026877,-0.7506783965464208,-1.7084606746491084
0.5,0.186,-0.9607413194908274,-0.7427973131034542,-1.7035386325942816
0.5,0.187,-0.9636871511359187,-0.7349578184913212,-1.69864496962724
0.5,0.188,-0.9666198275176481,-0.7271599127100219,-1.69377974022767
0.5,0.189,-0.9695394024965296,-0.719403595759556,-1.6889429982560857
0.5,0.19,-0.9724459293235844,-0.7116888676399238,-1.6841347969635083
0.5,0.191,-0.975339460649822,-0.7040157283511252,-1.6793551890009473
0.5,0.192,-0.9782200485355158,-0.6963841778931602,-1.674604226428676
0.5,0.193,-0.981087744459291,-0.6887942162660289,-1.66988196072532
0.5,0.194,-0.9839425993270179,-0.681245843469731,-1.665188442796749
0.5,0.195,-0.986784663480526,-0.6737390595042668,-1.660523722984793
0.5,0.196,-0.9896139867061333,-0.6662738643696362,-1.6558878510757695
0.5,0.197,-0.9924306182430076,-0.6588502580658392,-1.6512808763088467
0.5,0.198,-0.9952346067913489,-0.6514682405928758,-1.6467028473842247
0.5,0.199,-0.9980260005204148,-0.6441278119507459,-1.6421538124711605
0.5,0.2,-1.0008048470763757,-0.6368289721394497,-1.6376338192158255
0.5,0.201,-1.003571193590019,-0.6295717211589871,-1.633142914749006
0.5,0.202,-1.0063250866842925,-0.6223560590093581,-1.6286811456936507
0.5,0.203,-1.0090665724817058,-0.6151819856905626,-1.6242485581722685
0.5,0.204,-1.011795696611576,-0.6080495012026009,-1.6198451978141768
0.5,0.205,-1.014512504217139,-0.6009586055454728,-1.6154711097626118
0.5,0.206,-1.0172170399625151,-0.593909298719178,-1.611126338681693
0.5,0.207,-1.0199093480395425,-0.5869015807237169,-1.6068109287632595
0.5,0.208,-1.022589472174475,-0.5799354515590895,-1.6025249237335646
0.5,0.209,-1.0252574556345546,-0.5730109112252957,-1.5982683668598503
0.5,0.21,-1.0279133412344512,-0.5661279597223354,-1.5940413009567866
0.5,0.211,-1.0305571713425845,-0.5592865970502088,-1.5898437683927933
0.5,0.212,-1.0331889878873233,-0.5524868232089156,-1.5856758110962388
0.5,0.213,-1.0358088323630663,-0.5457286381984562,-1.5815374705615226
0.5,0.214,-1.0384167458362088,-0.5390120420188304,-1.5774287878550393
0.5,0.215,-1.0410127689509978,-0.532337034670038,-1.5733498036210358
0.5,0.216,-1.0435969419352753,-0.5257036161520794,-1.5693005580873547
0.5,0.217,-1.046169304606117,-0.5191117864649543,-1.5652810910710713
0.5,0.218,-1.0487298963753646,-0.5125615456086627,-1.5612914419840274
0.5,0.219,-1.0512787562550572,-0.5060528935832048,-1.5573316498382619
0.5,0.22,-1.0538159228627606,-0.4995858303885806,-1.5534017532513413
0.5,0.221,-1.0563414344268014,-0.4931603560247899,-1.5495017904515913
0.5,0.222,-1.0588553287914046,-0.4867764704918328,-1.5456317992832376
0.5,0.223,-1.0613576434217369,-0.4804341737897093,-1.5417918172114462
0.5,0.224,-1.0638484154088608,-0.4741334659184193,-1.53798188132728
0.5,0.225,-1.0663276814745972,-0.46787434687796303,-1.5342020283525604
0.5,0.226,-1.0687954779763034,-0.4616568166683404,-1.5304522946446437
0.5,0.227,-1.0712518409115628,-0.45548087528955117,-1.526732716201114
0.5,0.228,-1.0736968059227947,-0.4493465227415957,-1.5230433286643903
0.5,0.229,-1.0761304083017782,-0.4432537590244738,-1.519384167326252
0.5,0.23,-1.0785526829941008,-0.43720258413818547,-1.5157552671322863
0.5,0.231,-1.080963664603525,-0.43119299808273076,-1.5121566626862557
0.5,0.232,-1.0833633873962818,-0.4252250008581096,-1.5085883882543913
0.5,0.233,-1.0857518853052865,-0.4192985924643221,-1.5050504777696085
0.5,0.234,-1.088129191934284,-0.41341377290136816,-1.501542964835652
0.5,0.235,-1.0904953405619193,-0.4075705421692479,-1.4980658827311673
0.5,0.236,-1.0928503641457428,-0.40176890026796125,-1.494619264413704
0.5,0.237,-1.0951942953261404,-0.396008847197508,-1.4912031425236485
0.5,0.238,-1.0975271664302033,-0.3902903829578885,-1.4878175493880919
0.5,0.239,-1.0998490094755262,-0.3846135075491025,-1.4844625170246286
0.5,0.24,-1.1021598561739456,-0.37897822097115014,-1.4811380771450957
0.5,0.241,-1.1044597379352121,-0.37338452322403143,-1.4778442611592435
0.5,0.242,-1.1067486858706024,-0.36783241430774627,-1.4745811001783486
0.5,0.243,-1.10902673079647,-0.36232189422229466,-1.4713486250187646
0.5,0.244,-1.1112939032377378,-0.3568529629676767,-1.4681468662054145
0.5,0.245,-1.1135502334313307,-0.3514256205438923,-1.4649758539752231
0.5,0.246,-1.115795751329554,-0.34603986695094147,-1.4618356182804955
0.5,0.247,-1.1180304866034136,-0.34069570218882433,-1.458726188792238
0.5,0.248,-1.120254468645884,-0.33539312625754075,-1.4556475949034247
0.5,0.249,-1.1224677265751195,-0.3301321391570908,-1.4525998657322103
0.5,0.25,-1.1246702892376166,-0.32491274088747435,-1.449583030125091
0.5,0.251,-1.1268621852113239,-0.31973493144869153,-1.4465971166600153
0.5,0.252,-1.1290434428086988,-0.31459871084074237,-1.4436421536494413
0.5,0.253,-1.1312140900797198,-0.3095040790636268,-1.4407181691433466
0.5,0.254,-1.1333741548148464,-0.30445103611734475,-1.437825190932191
0.5,0.255,-1.1355236645479332,-0.29943958200189635,-1.4349632465498297
0.5,0.256,-1.1376626465590973,-0.2944697167172815,-1.432132363276379
0.5,0.257,-1.139791127877541,-0.28954144026350037,-1.4293325681410414
0.5,0.258,-1.141909135284327,-0.28465475264055273,-1.4265638879248796
0.5,0.259,-1.1440166953151127,-0.2798096538484387,-1.4238263491635514
0.5,0.26,-1.1461138342628407,-0.27500614388715827,-1.421119978149999
0.5,0.261,-1.148200578180386,-0.2702442227567114,-1.4184448009370973
0.5,0.262,-1.150276952883162,-0.26552389045709823,-1.4158008433402602
0.5,0.263,-1.1523429839516879,-0.26084514698831857,-1.4131881309400065
0.5,0.264,-1.1543986967341133,-0.2562079923503725,-1.410606689084486
0.5,0.265,-1.1564441163487065,-0.2516124265432601,-1.4080565428919667
0.5,0.266,-1.1584792676863014,-0.24705844956698125,-1.4055377172532826
0.5,0.267,-1.1605041754127097,-0.242546061421536,-1.4030502368342457
0.5,0.268,-1.1625188639710948,-0.23807526210692437,-1.4005941260780193
0.5,0.269,-1.1645233575843086,-0.2336460516231463,-1.3981694092074548
0.5,0.27,-1.166517680257194,-0.22925842997020185,-1.3957761102273958
0.5,0.271,-1.1685018557788527,-0.22491239714809097,-1.3934142529269438
0.5,0.272,-1.1704759077248768,-0.22060795315681367,-1.3910838608816904
0.5,0.273,-1.1724398594595489,-0.21634509799637006,-1.388784957455919
0.5,0.274,-1.1743937341380077,-0.21212383166676,-1.3865175658047677
0.5,0.275,-1.1763375547083814,-0.2079441541679835,-1.3842817088763648
0.5,0.276,-1.17827134391389,-0.20380606550004063,-1.3820774094139308
0.5,0.277,-1.180195124294915,-0.19970956566293133,-1.3799046899578462
0.5,0.278,-1.182108918191039,-0.19565465465665569,-1.3777635728476947
0.5,0.279,-1.1840127477430555,-0.19164133248121357,-1.3756540802242692
0.5,0.28,-1.185906634894949,-0.18766959913660508,-1.373576234031554
0.5,0.281,-1.187790601395844,-0.1837394546228302,-1.371530056018674
0.5,0.282,-1.1896646688019281,-0.17985089893988912,-1.3695155677418172
0.5,0.283,-1.1915288584783459,-0.17600393208778142,-1.3675327905661274
0.5,0.284,-1.1933831916010644,-0.17219855406650733,-1.3655817456675718
0.5,0.285,-1.1952276891587124,-0.16843476487606682,-1.3636624540347793
0.5,0.286,-1.197062371954392,-0.16471256451645988,-1.361774936470852
0.5,0.287,-1.1988872606074654,-0.16103195298768658,-1.3599192135951519
0.5,0.288,-1.2007023755553157,-0.15739293028974685,-1.3580953058450624
0.5,0.289,-1.2025077370550796,-0.15379549642264073,-1.3563032334777203
0.5,0.29,-1.20430336518536,-0.15023965138636822,-1.3545430165717283
0.5,0.291,-1.2060892798479086,-0.1467253951809293,-1.352814675028838
0.5,0.292,-1.2078655007692904,-0.14325272780632395,-1.3511182285756145
0.5,0.293,-1.2096320475025186,-0.13982164926255222,-1.3494536967650708
0.5,0.294,-1.2113889394286717,-0.1364321595496141,-1.3478210989782857
0.5,0.295,-1.2131361957584814,-0.13308425866750956,-1.346220454425991
0.5,0.296,-1.2148738355339068,-0.12977794661623862,-1.3446517821501454
0.5,0.297,-1.2166018776296754,-0.12651322339580126,-1.3431151010254767
0.5,0.298,-1.2183203407548142,-0.12329008900619752,-1.3416104297610116
0.5,0.299,-1.2200292434541482,-0.12010854344742737,-1.3401377869015756
0.5,0.3,-1.221728604109787,-0.11696858671949081,-1.3386971908292777
0.5,0.301,-1.2234184409425841,-0.11387021882238786,-1.337288659764972
0.5,0.302,-1.2250987720135809,-0.11081343975611849,-1.3359122117696993
0.5,0.303,-1.2267696152254262,-0.10779824952068272,-1.3345678647461088
0.5,0.304,-1.2284309883237792,-0.10482464811608055,-1.3332556364398598
0.5,0.305,-1.2300829088986918,-0.10189263554231197,-1.3319755444410037
0.5,0.306,-1.2317253943859725,-0.099002211799377,-1.3307276061853495
0.5,0.307,-1.2333584620685292,-0.09615337688727563,-1.3295118389558047
0.5,0.308,-1.2349821290776974,-0.09334613080600786,-1.3283282598837054
0.5,0.309,-1.2365964123945474,-0.09058047355557367,-1.3271768859501212
0.5,0.31,-1.2382013288511742,-0.08785640513597308,-1.3260577339871473
0.5,0.311,-1.239796895131969,-0.08517392554720608,-1.324970820679175
0.5,0.312,-1.2413831277748764,-0.0825330347892727,-1.3239161625641491
0.5,0.313,-1.24296004317263,-0.07993373286217288,-1.322893776034803
0.5,0.314,-1.2445276575739763,-0.0773760197659067,-1.3219036773398831
0.5,0.315,-1.2460859870848764,-0.07485989550047409,-1.3209458825853504
0.5,0.316,-1.247635047669697,-0.07238536006587509,-1.320020407735572
0.5,0.317,-1.249174855152379,-0.06995241346210967,-1.3191272686144886
0.5,0.318,-1.2507054252175993,-0.06756105568917785,-1.3182664809067772
0.5,0.319,-1.2522267734119072,-0.06521128674707964,-1.3174380601589868
0.5,0.32,-1.2537389151448528,-0.06290310663581503,-1.3166420217806678
0.5,0.321,-1.2552418656900945,-0.060636515355384,-1.3158783810454786
0.5,0.322,-1.2567356401864989,-0.058411512905786576,-1.3151471530922854
0.5,0.323,-1.2582202536392175,-0.05622809928702274,-1.3144483529262403
0.5,0.324,-1.259695720920757,-0.054086274499092514,-1.3137819954198495
0.5,0.325,-1.2611620567720294,-0.05198603854199588,-1.3131480953140253
0.5,0.326,-1.2626192758033907,-0.04992739141573283,-1.3125466672191235
0.5,0.327,-1.2640673924956667,-0.04791033312030339,-1.3119777256159701
0.5,0.328,-1.2655064212011629,-0.04593486365570755,-1.3114412848568704
0.5,0.329,-1.2669363761446624,-0.0440009830219453,-1.3109373591666076
0.5,0.33,-1.2683572714244113,-0.04210869121901665,-1.310465962643428
0.5,0.331,-1.2697691210130888,-0.04025798824692159,-1.3100271092600104
0.5,0.332,-1.271171938758767,-0.038448874105660134,-1.309620812864427
0.5,0.333,-1.2725657383858564,-0.03668134879523227,-1.3092470871810886
0.5,0.334,-1.27395053349604,-0.03495541231563801,-1.3089059458116779
0.5,0.335,-1.2753263375691937,-0.03327106466687734,-1.308597402236071
0.5,0.336,-1.2766931639642967,-0.031628305848950274,-1.308321469813247
0.5,0.337,-1.2780510259203286,-0.030027135861856798,-1.3080781617821855
0.5,0.338,-1.2793999365571547,-0.02846755470559692,-1.3078674912627517
0.5,0.339,-1.2807399088763995,-0.02694956238017064,-1.30768947125657
0.5,0.34,-1.2820709557623113,-0.025473158885577954,-1.3075441146478892
0.5,0.341,-1.283393089982611,-0.02403834422181887,-1.3074314342044298
0.5,0.342,-1.2847063241893348,-0.022645118388893375,-1.3073514425782282
0.5,0.343,-1.2860106709196613,-0.021293481386801483,-1.3073041523064628
0.5,0.344,-1.2873061425967312,-0.01998343321554326,-1.3072895758122745
0.5,0.345,-1.2885927515304556,-0.018714973875118557,-1.307307725405574
0.5,0.346,-1.289870509918313,-0.01748810336552745,-1.3073586132838404
0.5,0.347,-1.291139429846135,-0.016302821686769945,-1.307442251532905
0.5,0.348,-1.2923995232888845,-0.015159128838846033,-1.3075586521277305
0.5,0.349,-1.2936508021114228,-0.014057024821755717,-1.3077078269331786
0.5,0.35,-1.294893278069265,-0.012996509635498999,-1.307889787704764
0.5,0.351,-1.2961269628093275,-0.011977583280075876,-1.3081045460894034
0.5,0.352,-1.2973518678706657,-0.011000245755486353,-1.308352113626152
0.5,0.353,-1.298568004685201,-0.010064497061730423,-1.3086325017469316
0.5,0.354,-1.29977538457844,-0.009170337198808094,-1.3089457217772482
0.5,0.355,-1.3009740187701824,-0.00831776616671936,-1.3092917849369017
0.5,0.356,-1.302163918375221,-0.007506783965464221,-1.309670702340685
0.5,0.357,-1.3033450944040332,-0.00673739059504268,-1.310082484999076
0.5,0.358,-1.3045175577634625,-0.006009586055454737,-1.3105271438189172
0.5,0.359,-1.305681319257391,-0.00532337034670039,-1.3110046896040914
0.5,0.36,-1.3068363895874036,-0.004678743468779639,-1.3115151330561832
0.5,0.361,-1.3079827793534444,-0.004075705421692486,-1.3120584847751369
0.5,0.362,-1.309120499054464,-0.003514256205438929,-1.312634755259903
0.5,0.363,-1.3102495590890564,-0.002994395820018969,-1.3132439549090753
0.5,0.364,-1.3113699697560914,-0.002516124265432606,-1.313886094021524
0.5,0.365,-1.3124817412553371,-0.00207944154167984,-1.314561182797017
0.5,0.366,-1.3135848836880715,-0.00168434764876067,-1.3152692313368322
0.5,0.367,-1.3146794070576924,-0.0013308425866750974,-1.3160102496443675
0.5,0.368,-1.315765321270313,-0.0010189263554231216,-1.3167842476257363
0.5,0.369,-1.316842636135354,-0.0007485989550047422,-1.3175912350903587
0.5,0.37,-1.3179113613661255,-0.00051986038541996,-1.3184312217515455
0.5,0.371,-1.318971506580403,-0.00033271064666877436,-1.319304217227072
0.5,0.372,-1.3200230813009957,-0.00018714973875118556,-1.3202102310397468
0.5,0.373,-1.3210660949563051,-0.00008317766166719359,-1.3211492726179723
0.5,0.374,-1.3221005568808808,-0.000020794415416798398,-1.3221213512962975
0.5,0.375,-1.3231264763159643,-0,-1.3231264763159643
0.5,0.376,-1.3241438624100277,-0.000020794415416798398,-1.3241646568254444
0.5,0.377,-1.3251527242193073,-0.00008317766166719359,-1.3252359018809745
0.5,0.378,-1.3261530707083267,-0.00018714973875118556,-1.3263402204470778
0.5,0.379,-1.3271449107504143,-0.00033271064666877436,-1.3274776213970831
0.5,0.38,-1.3281282531282161,-0.00051986038541996,-1.328648113513636
0.5,0.381,-1.3291031065341978,-0.0007485989550047422,-1.3298517054892025
0.5,0.382,-1.330069479571145,-0.0010189263554231216,-1.3310884059265682
0.5,0.383,-1.3310273807526507,-0.0013308425866750974,-1.3323582233393259
0.5,0.384,-1.3319768185036036,-0.00168434764876067,-1.3336611661523643
0.5,0.385,-1.3329178011606633,-0.00207944154167984,-1.334997242702343
0.5,0.386,-1.3338503369727337,-0.002516124265432606,-1.3363664612381663
0.5,0.387,-1.3347744341014278,-0.002994395820018969,-1.3377688299214467
0.5,0.388,-1.3356901006215267,-0.003514256205438929,-1.3392043568269656
0.5,0.389,-1.3365973445214334,-0.004075705421692486,-1.3406730499431259
0.5,0.39,-1.3374961737036188,-0.004678743468779639,-1.3421749171723985
0.5,0.391,-1.3383865959850634,-0.00532337034670039,-1.3437099663317638
0.5,0.392,-1.3392686190976923,-0.006009586055454737,-1.345278205153147
0.5,0.393,-1.3401422506888037,-0.00673739059504268,-1.3468796412838464
0.5,0.394,-1.3410074983214932,-0.007506783965464221,-1.3485142822869574
0.5,0.395,-1.3418643694750698,-0.00831776616671936,-1.3501821356417891
0.5,0.396,-1.3427128715454693,-0.009170337198808094,-1.3518832087442774
0.5,0.397,-1.3435530118456593,-0.010064497061730423,-1.3536175089073899
0.5,0.398,-1.344384797606041,-0.011000245755486353,-1.3553850433615273
0.5,0.399,-1.3452082359748436,-0.011977583280075876,-1.3571858192549195
0.5,0.4,-1.346023334018513,-0.012996509635498999,-1.359019843654012
0.5,0.401,-1.3468300987220974,-0.014057024821755717,-1.360887123543853
0.5,0.402,-1.3476285369896255,-0.015159128838846033,-1.3627876658284714
0.5,0.403,-1.3484186556444808,-0.016302821686769945,-1.3647214773312508
0.5,0.404,-1.349200461429768,-0.01748810336552745,-1.3666885647952953
0.5,0.405,-1.3499739610086778,-0.018714973875118557,-1.3686889348837963
0.5,0.406,-1.350739160964845,-0.01998343321554326,-1.3707225941803882
0.5,0.407,-1.3514960678026995,-0.021293481386801483,-1.372789549189501
0.5,0.408,-1.3522446879478154,-0.022645118388893375,-1.3748898063367088
0.5,0.409,-1.3529850277472542,-0.02403834422181887,-1.377023371969073
0.5,0.41,-1.3537170934699012,-0.025473158885577954,-1.379190252355479
0.5,0.411,-1.3544408913068002,-0.02694956238017064,-1.3813904536869708
0.5,0.412,-1.3551564273714791,-0.02846755470559692,-1.3836239820770762
0.5,0.413,-1.355863707700276,-0.030027135861856798,-1.3858908435621329
0.5,0.414,-1.3565627382526548,-0.031628305848950274,-1.3881910441016052
0.5,0.415,-1.3572535249115227,-0.03327106466687734,-1.3905245895784
0.5,0.416,-1.357936073483534,-0.03495541231563801,-1.3928914857991719
0.5,0.417,-1.3586103896993995,-0.03668134879523227,-1.3952917384946317
0.5,0.418,-1.3592764792141843,-0.038448874105660134,-1.3977253533198444
0.5,0.419,-1.3599343476076018,-0.04025798824692159,-1.4001923358545234
0.5,0.42,-1.360584000384307,-0.04210869121901665,-1.4026926916033238
0.5,0.421,-1.3612254429741806,-0.0440009830219453,-1.4052264259961258
0.5,0.422,-1.3618586807326118,-0.04593486365570755,-1.4077935443883194
0.5,0.423,-1.362483718940776,-0.04791033312030339,-1.4103940520610794
0.5,0.424,-1.363100562805907,-0.04992739141573283,-1.4130279542216397
0.5,0.425,-1.3637092174615668,-0.05198603854199588,-1.4156952560035627
0.5,0.426,-1.3643096879679082,-0.054086274499092514,-1.4183959624670006
0.5,0.427,-1.3649019793119372,-0.05622809928702274,-1.42113007859896
0.5,0.428,-1.3654860964077673,-0.058411512905786576,-1.4238976093135538
0.5,0.429,-1.3660620440968718,-0.060636515355384,-1.4266985594522559
0.5,0.43,-1.3666298271483317,-0.06290310663581503,-1.4295329337841467
0.5,0.431,-1.367189450259079,-0.06521128674707964,-1.4324007370061584
0.5,0.432,-1.367740918054135,-0.06756105568917785,-1.4353019737433128
0.5,0.433,-1.3682842350868472,-0.06995241346210967,-1.4382366485489568
0.5,0.434,-1.3688194058391197,-0.07238536006587509,-1.4412047659049947
0.5,0.435,-1.3693464347216406,-0.07485989550047409,-1.4442063302221146
0.5,0.436,-1.3698653260741056,-0.0773760197659067,-1.4472413458400124
0.5,0.437,-1.370376084165437,-0.07993373286217288,-1.45030981702761
0.5,0.438,-1.3708787131939983,-0.0825330347892727,-1.453411747983271
0.5,0.439,-1.3713732172878084,-0.08517392554720608,-1.4565471428350145
0.5,0.44,-1.3718596005047456,-0.08785640513597308,-1.4597160056407188
0.5,0.441,-1.372337866832755,-0.09058047355557367,-1.4629183403883288
0.5,0.442,-1.3728080201900459,-0.09334613080600786,-1.4661541509960538
0.5,0.443,-1.3732700644252895,-0.09615337688727563,-1.469423441312565
0.5,0.444,-1.373724003317811,-0.099002211799377,-1.472726215117188
0.5,0.445,-1.3741698405777778,-0.10189263554231197,-1.4760624761200898
0.5,0.446,-1.3746075798463866,-0.10482464811608055,-1.4794322279624672
0.5,0.447,-1.3750372246960414,-0.10779824952068272,-1.482835474216724
0.5,0.448,-1.3754587786305341,-0.11081343975611849,-1.4862722183866526
0.5,0.449,-1.375872245085218,-0.11387021882238786,-1.489742463907606
0.5,0.45,-1.3762776274271769,-0.11696858671949081,-1.4932462141466676
0.5,0.451,-1.3766749289553935,-0.12010854344742737,-1.4967834724028208
0.5,0.452,-1.3770641529009122,-0.12329008900619752,-1.5003542419071096
0.5,0.453,-1.377445302426998,-0.12651322339580126,-1.5039585258227992
0.5,0.454,-1.3778183806292938,-0.12977794661623862,-1.5075963272455324
0.5,0.455,-1.3781833905359733,-0.13308425866750956,-1.5112676492034829
0.5,0.456,-1.3785403351078882,-0.1364321595496141,-1.5149724946575023
0.5,0.457,-1.378889217238717,-0.13982164926255222,-1.5187108665012692
0.5,0.458,-1.3792300397551043,-0.14325272780632395,-1.5224827675614283
0.5,0.459,-1.3795628054168008,-0.1467253951809293,-1.52628820059773
0.5,0.46,-1.379887516916799,-0.15023965138636822,-1.5301271683031672
0.5,0.461,-1.3802041768814652,-0.15379549642264073,-1.533999673304106
0.5,0.462,-1.3805127878706673,-0.15739293028974685,-1.537905718160414
0.5,0.463,-1.3808133523779007,-0.16103195298768658,-1.5418453053655874
0.5,0.464,-1.3811058728304095,-0.16471256451645988,-1.5458184373468695
0.5,0.465,-1.3813903515893058,-0.16843476487606682,-1.5498251164653727
0.5,0.466,-1.381666790949684,-0.17219855406650733,-1.5538653450161914
0.5,0.467,-1.381935193140734,-0.17600393208778142,-1.5579391252285153
0.5,0.468,-1.3821955603258473,-0.17985089893988912,-1.5620464592657364
0.5,0.469,-1.3824478946027252,-0.1837394546228302,-1.5661873492255554
0.5,0.47,-1.3826921980034785,-0.18766959913660508,-1.5703617971400836
0.5,0.471,-1.3829284724947277,-0.19164133248121357,-1.5745698049759413
0.5,0.472,-1.3831567199776977,-0.19565465465665569,-1.5788113746343535
0.5,0.473,-1.3833769422883095,-0.19970956566293133,-1.5830865079512408
0.5,0.474,-1.383589141197271,-0.20380606550004063,-1.5873952066973116
0.5,0.475,-1.3837933184101598,-0.2079441541679835,-1.5917374725781435
0.5,0.476,-1.38398947556751,-0.21212383166676,-1.59611330723427
0.5,0.477,-1.3841776142448872,-0.21634509799637006,-1.6005227122412573
0.5,0.478,-1.3843577359529673,-0.22060795315681367,-1.604965689109781
0.5,0.479,-1.384529842137609,-0.22491239714809097,-1.6094422392857002
0.5,0.48,-1.384693934179923,-0.22925842997020185,-1.6139523641501248
0.5,0.481,-1.3848500133963395,-0.2336460516231463,-1.6184960650194857
0.5,0.482,-1.3849980810386708,-0.23807526210692437,-1.6230733431455953
0.5,0.483,-1.385138138294173,-0.242546061421536,-1.627684199715709
0.5,0.484,-1.3852701862856018,-0.24705844956698125,-1.632328635852583
0.5,0.485,-1.3853942260712673,-0.2516124265432601,-1.6370066526145273
0.5,0.486,-1.3855102586450845,-0.2562079923503725,-1.6417182509954569
0.5,0.487,-1.385618284936622,-0.26084514698831857,-1.6464634319249407
0.5,0.488,-1.3857183058111464,-0.26552389045709823,-1.6512421962682446
0.5,0.489,-1.3858103220696634,-0.2702442227567114,-1.6560545448263748
0.5,0.49,-1.3858943344489565,-0.27500614388715827,-1.6609004783361148
0.5,0.491,-1.3859703436216226,-0.2798096538484387,-1.6657799974700613
0.5,0.492,-1.3860383501961053,-0.28465475264055273,-1.670693102836658
0.5,0.493,-1.3860983547167218,-0.28954144026350037,-1.6756397949802222
0.5,0.494,-1.3861503576636915,-0.2944697167172815,-1.6806200743809732
0.5,0.495,-1.3861943594531572,-0.29943958200189635,-1.6856339414550536
0.5,0.496,-1.3862303604372066,-0.30445103611734475,-1.6906813965545513
0.5,0.497,-1.3862583609038874,-0.3095040790636268,-1.6957624399675142
0.5,0.498,-1.3862783610772236,-0.31459871084074237,-1.700877071917966
0.5,0.499,-1.386290361117224,-0.31973493144869153,-1.7060252925659154
0.5,0.5,-1.3862943611198906,-0.32491274088747435,-1.711207102007365
0.5,0.501,-1.386290361117224,-0.3301321391570908,-1.7164225002743148
0.5,0.502,-1.3862783610772236,-0.33539312625754075,-1.7216714873347643
0.5,0.503,-1.3862583609038874,-0.34069570218882433,-1.7269540630927118
0.5,0.504,-1.3862303604372066,-0.34603986695094147,-1.732270227388148
0.5,0.505,-1.3861943594531572,-0.3514256205438923,-1.7376199799970495
0.5,0.506,-1.3861503576636915,-0.3568529629676767,-1.7430033206313682
0.5,0.507,-1.3860983547167218,-0.36232189422229466,-1.7484202489390164
0.5,0.508,-1.3860383501961053,-0.36783241430774627,-1.7538707645038516
0.5,0.509,-1.3859703436216226,-0.37338452322403143,-1.759354866845654
0.5,0.51,-1.3858943344489565,-0.37897822097115014,-1.7648725554201066
0.5,0.511,-1.3858103220696634,-0.3846135075491025,-1.7704238296187658
0.5,0.512,-1.3857183058111464,-0.3902903829578885,-1.776008688769035
0.5,0.513,-1.385618284936622,-0.396008847197508,-1.7816271321341302
0.5,0.514,-1.3855102586450845,-0.40176890026796125,-1.7872791589130457
0.5,0.515,-1.3853942260712673,-0.4075705421692479,-1.7929647682405152
0.5,0.516,-1.3852701862856018,-0.4134137729013682,-1.79868395918697
0.5,0.517,-1.385138138294173,-0.4192985924643222,-1.8044367307584952
0.5,0.518,-1.3849980810386708,-0.42522500085810977,-1.8102230818967806
0.5,0.519,-1.3848500133963395,-0.43119299808273087,-1.8160430114790704
0.5,0.52,-1.384693934179923,-0.43720258413818563,-1.8218965183181086
0.5,0.521,-1.384529842137609,-0.44325375902447395,-1.827783601162083
0.5,0.522,-1.3843577359529673,-0.44934652274159587,-1.833704258694563
0.5,0.523,-1.3841776142448872,-0.45548087528955145,-1.8396584895344386
0.5,0.524,-1.38398947556751,-0.46165681666834046,-1.8456462922358505
0.5,0.525,-1.3837933184101598,-0.46787434687796325,-1.8516676652881232
0.5,0.526,-1.383589141197271,-0.4741334659184195,-1.8577226071156905
0.5,0.527,-1.3833769422883095,-0.4804341737897095,-1.863811116078019
0.5,0.528,-1.3831567199776977,-0.486776470491833,-1.8699331904695307
0.5,0.529,-1.3829284724947277,-0.4931603560247901,-1.8760888285195179
0.5,0.53,-1.3826921980034785,-0.4995858303885808,-1.8822780283920593
0.5,0.531,-1.3824478946027252,-0.506052893583205,-1.8885007881859304
0.5,0.532,-1.3821955603258473,-0.512561545608663,-1.8947571059345103
0.5,0.533,-1.3819351931407338,-0.5191117864649545,-1.9010469796056881
0.5,0.534,-1.381666790949684,-0.5257036161520795,-1.9073704071017636
0.5,0.535,-1.3813903515893058,-0.5323370346700382,-1.913727386259344
0.5,0.536,-1.3811058728304095,-0.5390120420188305,-1.92011791484924
0.5,0.537,-1.3808133523779007,-0.5457286381984564,-1.9265419905763572
0.5,0.538,-1.3805127878706673,-0.5524868232089158,-1.932999611079583
0.5,0.539,-1.380204176881465,-0.5592865970502089,-1.939490773931674
0.5,0.54,-1.379887516916799,-0.5661279597223356,-1.9460154766391347
0.5,0.541,-1.3795628054168008,-0.5730109112252958,-1.9525737166420964
0.5,0.542,-1.3792300397551043,-0.5799354515590897,-1.9591654913141938
0.5,0.543,-1.378889217238717,-0.5869015807237172,-1.9657907979624343
0.5,0.544,-1.3785403351078884,-0.5939092987191782,-1.9724496338270665
0.5,0.545,-1.378183390535973,-0.6009586055454729,-1.979141996081446
0.5,0.546,-1.3778183806292938,-0.608049501202601,-1.9858678818318949
0.5,0.547,-1.377445302426998,-0.6151819856905629,-1.9926272881175608
0.5,0.548,-1.3770641529009122,-0.6223560590093584,-1.9994202119102706
0.5,0.549,-1.3766749289553935,-0.6295717211589874,-2.006246650114381
0.5,0.55,-1.3762776274271769,-0.6368289721394501,-2.013106599566627
0.5,0.551,-1.375872245085218,-0.6441278119507463,-2.0200000570359644
0.5,0.552,-1.3754587786305341,-0.6514682405928762,-2.02692701922341
0.5,0.553,-1.3750372246960412,-0.6588502580658395,-2.0338874827618807
0.5,0.554,-1.3746075798463866,-0.6662738643696365,-2.0408814442160232
0.5,0.555,-1.3741698405777778,-0.6737390595042673,-2.047908900082045
0.5,0.556,-1.373724003317811,-0.6812458434697315,-2.0549698467875426
0.5,0.557,-1.3732700644252893,-0.6887942162660293,-2.0620642806913185
0.5,0.558,-1.372808020190046,-0.6963841778931606,-2.069192198083207
0.5,0.559,-1.372337866832755,-0.7040157283511257,-2.076353595183881
0.5,0.56,-1.3718596005047456,-0.7116888676399242,-2.08354846814467
0.5,0.561,-1.3713732172878084,-0.7194035957595565,-2.090776813047365
0.5,0.562,-1.3708787131939983,-0.7271599127100222,-2.0980386259040205
0.5,0.563,-1.370376084165437,-0.7349578184913208,-2.105333902656758
0.5,0.564,-1.3698653260741058,-0.7427973131034538,-2.1126626391775596
0.5,0.565,-1.3693464347216406,-0.7506783965464203,-2.120024831268061
0.5,0.566,-1.3688194058391194,-0.7586010688202206,-2.12742047465934
0.5,0.567,-1.3682842350868472,-0.7665653299248543,-2.1348495650117014
0.5,0.568,-1.367740918054135,-0.7745711798603218,-2.1423120979144565
0.5,0.569,-1.367189450259079,-0.7826186186266227,-2.1498080688857018
0.5,0.57,-1.366629827148332,-0.7907076462237572,-2.157337473372089
0.5,0.571,-1.3660620440968718,-0.7988382626517253,-2.164900306748597
0.5,0.572,-1.3654860964077673,-0.8070104679105271,-2.1724965643182945
0.5,0.573,-1.3649019793119372,-0.8152242620001625,-2.1801262413120996
0.5,0.574,-1.3643096879679082,-0.8234796449206314,-2.1877893328885394
0.5,0.575,-1.3637092174615668,-0.831776616671934,-2.1954858341335006
0.5,0.576,-1.3631005628059072,-0.8401151772540703,-2.2032157400599774
0.5,0.577,-1.362483718940776,-0.84849532666704,-2.2109790456078158
0.5,0.578,-1.3618586807326118,-0.8569170649108433,-2.2187757456434554
0.5,0.579,-1.3612254429741806,-0.8653803919854802,-2.2266058349596607
0.5,0.58,-1.360584000384307,-0.8738853078909508,-2.2344693082752576
0.5,0.581,-1.3599343476076018,-0.8824318126272547,-2.2423661602348566
0.5,0.582,-1.3592764792141843,-0.8910199061943926,-2.2502963854085767
0.5,0.583,-1.3586103896993995,-0.8996495885923639,-2.2582599782917634
0.5,0.584,-1.357936073483534,-0.9083208598211687,-2.2662569333047027
0.5,0.585,-1.3572535249115227,-0.9170337198808074,-2.27428724479233
0.5,0.586,-1.356562738252655,-0.9257881687712793,-2.2823509070239343
0.5,0.587,-1.355863707700276,-0.9345842064925852,-2.2904479141928613
0.5,0.588,-1.3551564273714791,-0.9434218330447244,-2.2985782604162033
0.5,0.589,-1.3544408913068002,-0.9523010484276975,-2.306741939734498
0.5,0.59,-1.3537170934699014,-0.961221852641504,-2.3149389461114054
0.5,0.591,-1.3529850277472542,-0.970184245686144,-2.323169273433398
0.5,0.592,-1.3522446879478154,-0.9791882275616176,-2.331432915509433
0.5,0.593,-1.3514960678026995,-0.988233798267925,-2.3397298660706243
0.5,0.594,-1.350739160964845,-0.997320957805066,-2.348060118769911
0.5,0.595,-1.3499739610086778,-1.0064497061730404,-2.3564236671817183
0.5,0.596,-1.349200461429768,-1.0156200433718485,-2.3648205048016164
0.5,0.597,-1.3484186556444808,-1.02483196940149,-2.373250625045971
0.5,0.598,-1.3476285369896255,-1.0340854842619653,-2.381714021251591
0.5,0.599,-1.3468300987220974,-1.0433805879532743,-2.3902106866753714
0.5,0.6,-1.346023334018513,-1.0527172804754168,-2.3987406144939296
0.5,0.601,-1.3452082359748436,-1.062095561828393,-2.4073037978032366
0.5,0.602,-1.344384797606041,-1.0715154320122027,-2.4159002296182437
0.5,0.603,-1.3435530118456593,-1.0809768910268456,-2.424529902872505
0.5,0.604,-1.3427128715454693,-1.0904799388723225,-2.4331928104177916
0.5,0.605,-1.3418643694750698,-1.100024575548633,-2.441888945023703
0.5,0.606,-1.3410074983214932,-1.109610801055777,-2.45061829937727
0.5,0.607,-1.3401422506888037,-1.1192386153937548,-2.4593808660825585
0.5,0.608,-1.3392686190976923,-1.128908018562566,-2.4681766376602585
0.5,0.609,-1.3383865959850634,-1.138619010562211,-2.4770056065472743
0.5,0.61,-1.3374961737036188,-1.1483715913926893,-2.485867765096308
0.5,0.611,-1.3365973445214334,-1.1581657610540015,-2.494763105575435
0.5,0.612,-1.3356901006215267,-1.168001519546147,-2.5036916201676735
0.5,0.613,-1.3347744341014278,-1.177878866869126,-2.5126533009705536
0.5,0.614,-1.3338503369727337,-1.187797803022939,-2.5216481399956727
0.5,0.615,-1.3329178011606633,-1.1977583280075854,-2.5306761291682487
0.5,0.616,-1.3319768185036036,-1.2077604418230654,-2.5397372603266692
0.5,0.617,-1.3310273807526507,-1.217804144469379,-2.5488315252220297
0.5,0.618,-1.330069479571145,-1.2278894359465262,-2.557958915517671
0.5,0.619,-1.3291031065341978,-1.2380163162545073,-2.5671194227887053
0.5,0.62,-1.3281282531282161,-1.2481847853933214,-2.576313038521538
0.5,0.621,-1.3271449107504143,-1.2583948433629695,-2.585539754113384
0.5,0.622,-1.3261530707083267,-1.268646490163451,-2.5947995608717775
0.5,0.623,-1.3251527242193073,-1.2789397257947661,-2.6040924500140736
0.5,0.624,-1.3241438624100277,-1.2892745502569152,-2.6134184126669426
0.5,0.625,-1.3231264763159643,-1.2996509635498974,-2.6227774398658616
0.5,0.626,-1.3221005568808808,-1.3100689656737134,-2.6321695225545945
0.5,0.627,-1.3210660949563051,-1.320528556628363,-2.6415946515846684
0.5,0.628,-1.3200230813009957,-1.3310297364138461,-2.6510528177148416
0.5,0.629,-1.318971506580403,-1.341572505030163,-2.660544011610566
0.5,0.63,-1.3179113613661255,-1.3521568624773133,-2.6700682238434386
0.5,0.631,-1.316842636135354,-1.3627828087552973,-2.679625444890651
0.5,0.632,-1.315765321270313,-1.3734503438641148,-2.689215665134428
0.5,0.633,-1.3146794070576924,-1.3841594678037659,-2.6988388748614582
0.5,0.634,-1.3135848836880715,-1.3949101805742508,-2.7084950642623222
0.5,0.635,-1.3124817412553371,-1.4057024821755693,-2.7181842234309066
0.5,0.636,-1.3113699697560914,-1.4165363726077211,-2.727906342363813
0.5,0.637,-1.3102495590890564,-1.4274118518707068,-2.7376614109597632
0.5,0.638,-1.309120499054464,-1.438328919964526,-2.7474494190189898
0.5,0.639,-1.3079827793534444,-1.4492875768891786,-2.757270356242623
0.5,0.64,-1.3068363895874036,-1.460287822644665,-2.7671242122320683
0.5,0.641,-1.305681319257391,-1.471329657230985,-2.777010976488376
0.5,0.642,-1.3045175577634625,-1.4824130806481384,-2.786930638411601
0.5,0.643,-1.3033450944040332,-1.4935380928961257,-2.7968831873001587
0.5,0.644,-1.302163918375221,-1.5047046939749464,-2.8068686123501676
0.5,0.645,-1.3009740187701824,-1.5159128838846005,-2.816886902654783
0.5,0.646,-1.29977538457844,-1.5271626626250885,-2.8269380472035284
0.5,0.647,-1.298568004685201,-1.53845403019641,-2.837022034881611
0.5,0.648,-1.2973518678706657,-1.5497869865985652,-2.8471388544692307
0.5,0.649,-1.2961269628093275,-1.561161531831554,-2.8572884946408816
0.5,0.65,-1.294893278069265,-1.5725776658953763,-2.8674709439646415
0.5,0.651,-1.2936508021114228,-1.584035388790032,-2.877686190901455
0.5,0.652,-1.2923995232888845,-1.5955347005155216,-2.887934223804406
0.5,0.653,-1.291139429846135,-1.607075601071845,-2.8982150309179797
0.5,0.654,-1.289870509918313,-1.6186580904590016,-2.9085286003773145
0.5,0.655,-1.2885927515304556,-1.6302821686769915,-2.918874920207447
0.5,0.656,-1.2873061425967312,-1.6419478357258157,-2.9292539783225466
0.5,0.657,-1.286010670919661,-1.6536550916054729,-2.939665762525134
0.5,0.658,-1.2847063241893348,-1.6654039363159645,-2.9501102605052996
0.5,0.659,-1.283393089982611,-1.6771943698572889,-2.9605874598399
0.5,0.66,-1.2820709557623111,-1.6890263922294473,-2.9710973479917584
0.5,0.661,-1.2807399088763995,-1.700900003432439,-2.9816399123088386
0.5,0.662,-1.2793999365571547,-1.7128152034662647,-2.9922151400234194
0.5,0.663,-1.2780510259203286,-1.7247719923309235,-3.0028230182512523
0.5,0.664,-1.2766931639642967,-1.7367703700264165,-3.013463533990713
0.5,0.665,-1.2753263375691937,-1.7488103365527425,-3.0241366741219364
0.5,0.666,-1.2739505334960397,-1.7608918919099024,-3.034842425405942
0.5,0.667,-1.2725657383858564,-1.7730150360978958,-3.045580774483752
0.5,0.668,-1.271171938758767,-1.785179769116723,-3.05635170787549
0.5,0.669,-1.2697691210130886,-1.7973860909663835,-3.067155211979472
0.5,0.67,-1.2683572714244113,-1.8096340016468777,-3.077991273071289
0.5,0.671,-1.2669363761446624,-1.8219235011582058,-3.088859877302868
0.5,0.672,-1.2655064212011626,-1.8342545895003668,-3.0997610107015294
0.5,0.673,-1.2640673924956667,-1.8466272666733619,-3.1106946591690283
0.5,0.674,-1.2626192758033907,-1.8590415326771905,-3.1216608084805815
0.5,0.675,-1.2611620567720294,-1.871497387511853,-3.1326594442838824
0.5,0.676,-1.259695720920757,-1.883994831177349,-3.143690552098106
0.5,0.677,-1.2582202536392175,-1.896533863673678,-3.1547541173128955
0.5,0.678,-1.2567356401864989,-1.9091144850008415,-3.1658501251873403
0.5,0.679,-1.2552418656900945,-1.921736695158838,-3.1769785608489327
0.5,0.68,-1.2537389151448526,-1.934400494147668,-3.1881394092925204
0.5,0.681,-1.2522267734119072,-1.947105881967332,-3.199332655379239
0.5,0.682,-1.2507054252175993,-1.9598528586178294,-3.2105582838354287
0.5,0.683,-1.2491748551523787,-1.9726414240991603,-3.221816279251539
0.5,0.684,-1.2476350476696965,-1.985471578411325,-3.2331066260810215
0.5,0.685,-1.2460859870848764,-1.9983433215543231,-3.2444293086391998
0.5,0.686,-1.2445276575739763,-2.0112566535281546,-3.255784311102131
0.5,0.687,-1.2429600431726302,-2.02421157433282,-3.2671716175054506
0.5,0.688,-1.2413831277748764,-2.0372080839683178,-3.278591211743194
0.5,0.689,-1.2397968951319691,-2.0502461824346505,-3.2900430775666196
0.5,0.69,-1.2382013288511742,-2.063325869731816,-3.30152719858299
0.5,0.691,-1.2365964123945477,-2.0764471458598166,-3.313043558254364
0.5,0.692,-1.2349821290776974,-2.0896100108186495,-3.324592139896347
0.5,0.693,-1.2333584620685292,-2.1028144646083167,-3.336172926676846
0.5,0.694,-1.2317253943859725,-2.1160605072288172,-3.34778590161479
0.5,0.695,-1.2300829088986918,-2.129348138680151,-3.359431047578843
0.5,0.696,-1.2284309883237792,-2.142677358962319,-3.371108347286098
0.5,0.697,-1.2267696152254262,-2.1560481680753205,-3.3828177833007467
0.5,0.698,-1.225098772013581,-2.169460566019155,-3.394559338032736
0.5,0.699,-1.2234184409425843,-2.182914552793824,-3.406332993736408
0.5,0.7,-1.221728604109787,-2.196410128399326,-3.418138732509113
0.5,0.701,-1.2200292434541482,-2.209947292835662,-3.4299765362898103
0.5,0.702,-1.2183203407548142,-2.223526046102831,-3.4418463868576454
0.5,0.703,-1.2166018776296756,-2.237146388200834,-3.4537482658305096
0.5,0.704,-1.2148738355339068,-2.250808319129671,-3.4656821546635777
0.5,0.705,-1.2131361957584816,-2.264511838889341,-3.4776480346478227
0.5,0.706,-1.2113889394286717,-2.2782569474798446,-3.4896458869085163
0.5,0.707,-1.2096320475025188,-2.292043644901182,-3.5016756924037007
0.5,0.708,-1.2078655007692904,-2.3058719311533524,-3.513737431922643
0.5,0.709,-1.2060892798479088,-2.3197418062363573,-3.525831086084266
0.5,0.71,-1.20430336518536,-2.3336532701501955,-3.5379566353355556
0.5,0.711,-1.2025077370550799,-2.347606322894867,-3.550114059949947
0.5,0.712,-1.2007023755553157,-2.361600964470372,-3.5623033400256876
0.5,0.713,-1.1988872606074656,-2.3756371948767114,-3.574524455484177
0.5,0.714,-1.197062371954392,-2.389715014113884,-3.586777386068276
0.5,0.715,-1.1952276891587124,-2.40383442218189,-3.5990621113406025
0.5,0.716,-1.1933831916010647,-2.4179954190807296,-3.611378610681794
0.5,0.717,-1.191528858478346,-2.432198004810403,-3.623726863288749
0.5,0.718,-1.1896646688019281,-2.4464421793709095,-3.6361068481728376
0.5,0.719,-1.187790601395844,-2.4607279427622504,-3.6485185441580943
0.5,0.72,-1.185906634894949,-2.4750552949844242,-3.660961929879373
0.5,0.721,-1.1840127477430555,-2.4894242360374323,-3.673436983780488
0.5,0.722,-1.182108918191039,-2.5038347659212734,-3.6859436841123125
0.5,0.723,-1.180195124294915,-2.5182868846359483,-3.6984820089308634
0.5,0.724,-1.17827134391389,-2.5327805921814566,-3.7110519360953464
0.5,0.725,-1.1763375547083814,-2.5473158885577987,-3.72365344326618
0.5,0.726,-1.1743937341380077,-2.5618927737649746,-3.7362865079029826
0.5,0.727,-1.1724398594595489,-2.5765112478029835,-3.748951107262532
0.5,0.728,-1.1704759077248768,-2.5911713106718266,-3.7616472183967034
0.5,0.729,-1.1685018557788527,-2.605872962371503,-3.774374818150356
0.5,0.73,-1.166517680257194,-2.6206162029020135,-3.7871338831592074
0.5,0.731,-1.1645233575843086,-2.6354010322633568,-3.799924389847665
0.5,0.732,-1.1625188639710948,-2.6502274504555334,-3.8127463144266285
0.5,0.733,-1.1605041754127097,-2.665095457478545,-3.8255996328912545
0.5,0.734,-1.1584792676863014,-2.680005053332389,-3.8384843210186905
0.5,0.735,-1.1564441163487065,-2.6949562380170673,-3.851400354365774
0.5,0.736,-1.1543986967341133,-2.709949011532579,-3.864347708266692
0.5,0.737,-1.1523429839516879,-2.724983373878924,-3.8773263578306123
0.5,0.738,-1.150276952883162,-2.740059325056103,-3.890336277939265
0.5,0.739,-1.148200578180386,-2.7551768650641155,-3.9033774432445014
0.5,0.74,-1.1461138342628407,-2.770335993902961,-3.916449828165802
0.5,0.741,-1.1440166953151127,-2.785536711572641,-3.9295534068877536
0.5,0.742,-1.141909135284327,-2.8007790180731544,-3.9426881533574814
0.5,0.743,-1.139791127877541,-2.816062913404501,-3.955854041282042
0.5,0.744,-1.1376626465590973,-2.831388397566682,-3.969051044125779
0.5,0.745,-1.1355236645479332,-2.846755470559695,-3.9822791351076283
0.5,0.746,-1.1333741548148464,-2.8621641323835427,-3.9955382871983893
0.5,0.747,-1.1312140900797198,-2.877614383038224,-4.008828473117944
0.5,0.748,-1.1290434428086988,-2.893106222523739,-4.022149665332438
0.5,0.749,-1.1268621852113239,-2.9086396508400876,-4.035501836051411
0.5,0.75,-1.1246702892376166,-2.924214667987269,-4.048884957224885
0.5,0.751,-1.1224677265751195,-2.939831273965285,-4.0622990005404045
0.5,0.752,-1.120254468645884,-2.955489468774134,-4.075743937420018
0.5,0.753,-1.1180304866034136,-2.971189252413817,-4.0892197390172305
0.5,0.754,-1.115795751329554,-2.986930624884333,-4.102726376213887
0.5,0.755,-1.1135502334313307,-3.002713586185683,-4.116263819617014
0.5,0.756,-1.1112939032377378,-3.018538136317867,-4.129832039555605
0.5,0.757,-1.10902673079647,-3.0344042752808837,-4.143431006077353
0.5,0.758,-1.1067486858706024,-3.050312003074735,-4.157060688945338
0.5,0.759,-1.1044597379352121,-3.066261319699419,-4.170721057634631
0.5,0.76,-1.1021598561739456,-3.0822522251549365,-4.184412081328882
0.5,0.761,-1.0998490094755262,-3.098284719441289,-4.198133728916815
0.5,0.762,-1.0975271664302033,-3.1143588025584736,-4.2118859689886765
0.5,0.763,-1.0951942953261404,-3.1304744745064927,-4.225668769832633
0.5,0.764,-1.0928503641457428,-3.1466317352853452,-4.239482099431088
0.5,0.765,-1.0904953405619193,-3.162830584895031,-4.25332592545695
0.5,0.766,-1.088129191934284,-3.1790710233355504,-4.267200215269835
0.5,0.767,-1.0857518853052865,-3.1953530506069034,-4.2811049359121895
0.5,0.768,-1.0833633873962818,-3.21167666670909,-4.295040054105372
0.5,0.769,-1.080963664603525,-3.2280418716421106,-4.309005536245635
0.5,0.77,-1.0785526829941008,-3.2444486654059648,-4.323001348400066
0.5,0.771,-1.0761304083017782,-3.260897048000652,-4.33702745630243
0.5,0.772,-1.0736968059227947,-3.277387019426173,-4.351083825348968
0.5,0.773,-1.0712518409115628,-3.293918579682528,-4.36517042059409
0.5,0.774,-1.0687954779763034,-3.310491728769716,-4.379287206746019
0.5,0.775,-1.0663276814745972,-3.327106466687738,-4.393434148162335
0.5,0.776,-1.0638484154088605,-3.343762793436594,-4.407611208845455
0.5,0.777,-1.0613576434217369,-3.360460709016283,-4.42181835243802
0.5,0.778,-1.0588553287914046,-3.3772002134268053,-4.4360555422182095
0.5,0.779,-1.0563414344268014,-3.393981306668162,-4.450322741094963
0.5,0.78,-1.0538159228627606,-3.410803988740352,-4.464619911603112
0.5,0.781,-1.0512787562550572,-3.4276682596433745,-4.478947015898432
0.5,0.782,-1.0487298963753646,-3.444574119377232,-4.493304015752597
0.5,0.783,-1.046169304606117,-3.461521567941923,-4.50769087254804
0.5,0.784,-1.0435969419352753,-3.478510605337447,-4.522107547272722
0.5,0.785,-1.0410127689509978,-3.495541231563805,-4.536554000514803
0.5,0.786,-1.0384167458362088,-3.512613446620996,-4.551030192457205
0.5,0.787,-1.0358088323630663,-3.529727250509022,-4.565536082872088
0.5,0.788,-1.033188987887323,-3.54688264322788,-4.580071631115203
0.5,0.789,-1.0305571713425845,-3.564079624777572,-4.594636796120156
0.5,0.79,-1.0279133412344512,-3.5813181951580977,-4.609231536392549
0.5,0.791,-1.0252574556345546,-3.598598354369458,-4.623855810004013
0.5,0.792,-1.022589472174475,-3.615920102411651,-4.638509574586126
0.5,0.793,-1.0199093480395425,-3.633283439284677,-4.65319278732422
0.5,0.794,-1.0172170399625151,-3.6506883649885373,-4.667905404951052
0.5,0.795,-1.014512504217139,-3.668134879523231,-4.68264738374037
0.5,0.796,-1.011795696611576,-3.685622982888759,-4.697418679500335
0.5,0.797,-1.0090665724817056,-3.7031526750851205,-4.712219247566826
0.5,0.798,-1.0063250866842923,-3.720723956112314,-4.727049042796606
0.5,0.799,-1.0035711935900187,-3.738336825970343,-4.741908019560362
0.5,0.8,-1.0008048470763757,-3.755991284659205,-4.75679613173558
0.5,0.801,-0.9980260005204145,-3.7736873321788997,-4.771713332699314
0.5,0.802,-0.9952346067913488,-3.7914249685294292,-4.786659575320778
0.5,0.803,-0.9924306182430073,-3.809204193710791,-4.801634811953798
0.5,0.804,-0.9896139867061333,-3.827025007722988,-4.8166389944291215
0.5,0.805,-0.9867846634805257,-3.8448874105660176,-4.831672074046543
0.5,0.806,-0.9839425993270179,-3.8627914022398806,-4.846734001566898
0.5,0.807,-0.9810877444592907,-3.880736982744578,-4.861824727203869
0.5,0.808,-0.9782200485355157,-3.8987241520801086,-4.8769442006156245
0.5,0.809,-0.9753394606498218,-3.9167529102464727,-4.892092370896295
0.5,0.81,-0.9724459293235843,-3.934823257243671,-4.907269186567255
0.5,0.811,-0.9695394024965294,-3.952935193071702,-4.922474595568231
0.5,0.812,-0.9666198275176481,-3.9710887177305674,-4.937708545248215
0.5,0.813,-0.9636871511359189,-3.989283831220264,-4.952970982356183
0.5,0.814,-0.9607413194908279,-4.007520533540796,-4.968261853031624
0.5,0.815,-0.9577822781026879,-4.025798824692162,-4.983581102794849
0.5,0.816,-0.954809971862745,-4.044118704674361,-4.998928676537106
0.5,0.817,-0.9518243450230695,-4.062480173487394,-5.014304518510464
0.5,0.818,-0.9488253411862266,-4.08088323113126,-5.029708572317487
0.5,0.819,-0.9458129032947176,-4.09932787760596,-5.045140780900677
0.5,0.82,-0.9427869736201885,-4.1178141129114945,-5.060601086531683
0.5,0.821,-0.9397474937523969,-4.136341937047861,-5.076089430800258
0.5,0.822,-0.9366944045879322,-4.1549113500150625,-5.091605754602995
0.5,0.823,-0.9336276463186818,-4.173522351813097,-5.107149998131779
0.5,0.824,-0.9305471584200355,-4.192174942441965,-5.122722100862001
0.5,0.825,-0.9274528796388208,-4.210869121901667,-5.138322001540488
0.5,0.826,-0.9243447479809623,-4.229604890192203,-5.153949638173165
0.5,0.827,-0.9212227006988574,-4.248382247313572,-5.169604948012429
0.5,0.828,-0.9180866742784564,-4.267201193265774,-5.185287867544231
0.5,0.829,-0.9149366044260454,-4.286061728048811,-5.200998332474856
0.5,0.83,-0.9117724260547169,-4.30496385166268,-5.216736277717397
0.5,0.831,-0.9085940732705206,-4.323907564107382,-5.2325016373779025
0.5,0.832,-0.9054014793582881,-4.34289286538292,-5.248294344741208
0.5,0.833,-0.9021945767671182,-4.36191975548929,-5.264114332256408
0.5,0.834,-0.8989732970955122,-4.3809882344264945,-5.279961531522007
0.5,0.835,-0.8957375710761539,-4.400098302194532,-5.295835873270686
0.5,0.836,-0.8924873285603161,-4.4192499587934035,-5.311737287353719
0.5,0.837,-0.889222498501888,-4.438443204223108,-5.327665702724996
0.5,0.838,-0.8859430089410105,-4.457678038483647,-5.343621047424658
0.5,0.839,-0.8826487869873052,-4.476954461575019,-5.359603248562324
0.5,0.84,-0.879339758802686,-4.496272473497225,-5.375612232299911
0.5,0.841,-0.8760158495837419,-4.515632074250264,-5.391647923834006
0.5,0.842,-0.8726769835436745,-4.535033263834137,-5.407710247377811
0.5,0.843,-0.8693230838937771,-4.554476042248844,-5.423799126142621
0.5,0.844,-0.865954072824443,-4.573960409494383,-5.439914482318826
0.5,0.845,-0.862569871485684,-4.593486365570757,-5.456056237056441
0.5,0.846,-0.8591703999671466,-4.613053910477965,-5.472224310445111
0.5,0.847,-0.8557555772776089,-4.632663044216006,-5.488418621493615
0.5,0.848,-0.8523253213239386,-4.65231376678488,-5.504639088108819
0.5,0.849,-0.8488795488894992,-4.672006078184588,-5.520885627074088
0.5,0.85,-0.8454181756119818,-4.6917399784151295,-5.537158154027111
0.5,0.851,-0.8419411159606446,-4.711515467476504,-5.553456583437149
0.5,0.852,-0.8384482832129421,-4.731332545368714,-5.569780828581656
0.5,0.853,-0.8349395894305212,-4.751191212091756,-5.586130801522277
0.5,0.854,-0.8314149454345626,-4.771091467645632,-5.602506413080194
0.5,0.855,-0.8278742607804477,-4.791033312030342,-5.618907572810789
0.5,0.856,-0.8243174437317236,-4.811016745245885,-5.635334188977609
0.5,0.857,-0.8207444012333461,-4.831041767292262,-5.651786168525608
0.5,0.858,-0.8171550388841728,-4.851108378169473,-5.6682634170536454
0.5,0.859,-0.8135492609086801,-4.871216577877516,-5.684765838786197
0.5,0.86,-0.8099269701278771,-4.891366366416394,-5.701293336544271
0.5,0.861,-0.8062880679293893,-4.911557743786105,-5.717845811715494
0.5,0.862,-0.8026324542366787,-4.931790709986649,-5.734423164223328
0.5,0.863,-0.7989600274773714,-4.952065265018029,-5.751025292495401
0.5,0.864,-0.7952706845506599,-4.972381408880241,-5.767652093430901
0.5,0.865,-0.791564320793747,-4.992739141573286,-5.784303462367033
0.5,0.866,-0.7878408299472922,-5.013138463097166,-5.800979293044458
0.5,0.867,-0.784100104119828,-5.033579373451878,-5.817679477571706
0.5,0.868,-0.7803420337511043,-5.0540618726374245,-5.834403906388529
0.5,0.869,-0.7765665075743211,-5.074585960653804,-5.8511524682281255
0.5,0.87,-0.7727734125772074,-5.095151637501018,-5.867925050078226
0.5,0.871,-0.7689626339619029,-5.1157589031790645,-5.884721537140967
0.5,0.872,-0.7651340551035917,-5.136407757687945,-5.901541812791537
0.5,0.873,-0.7612875575078464,-5.157098201027661,-5.918385758535507
0.5,0.874,-0.7574230207666257,-5.1778302331982085,-5.935253253964834
0.5,0.875,-0.7535403225128735,-5.19860385419959,-5.952144176712463
0.5,0.876,-0.7496393383736673,-5.219419064031804,-5.969058402405471
0.5,0.877,-0.7457199419218503,-5.240275862694854,-5.985995804616704
0.5,0.878,-0.7417820046260946,-5.261174250188736,-6.002956254814831
0.5,0.879,-0.7378253957993215,-5.282114226513452,-6.019939622312774
0.5,0.88,-0.7338499825454192,-5.303095791669002,-6.036945774214422
0.5,0.881,-0.7298556297041818,-5.324118945655385,-6.053974575359566
0.5,0.882,-0.7258421997943973,-5.345183688472602,-6.071025888266999
0.5,0.883,-0.7218095529550057,-5.366290020120652,-6.088099573075658
0.5,0.884,-0.7177575468842439,-5.387437940599536,-6.10519548748378
0.5,0.885,-0.7136860367766913,-5.408627449909253,-6.122313486685944
0.5,0.886,-0.7095948752581256,-5.429858548049804,-6.13945342330793
0.5,0.887,-0.705483912318091,-5.451131235021189,-6.156615147339281
0.5,0.888,-0.7013529952400789,-5.472445510823407,-6.173798506063486
0.5,0.889,-0.6972019685292135,-5.493801375456459,-6.191003343985672
0.5,0.89,-0.6930306738373323,-5.515198828920345,-6.208229502757677
0.5,0.891,-0.6888389498853384,-5.5366378712150635,-6.225476821100402
0.5,0.892,-0.6846266323827058,-5.5581185023406166,-6.2427451347233225
0.5,0.893,-0.6803935539439988,-5.579640722297003,-6.260034276241002
0.5,0.894,-0.6761395440022725,-5.601204531084223,-6.2773440750864955
0.5,0.895,-0.671864428719203,-5.622809928702277,-6.29467435742148
0.5,0.896,-0.6675680308917932,-5.6444569151511645,-6.312024946042958
0.5,0.897,-0.6632501698554888,-5.666145490430885,-6.329395660286373
0.5,0.898,-0.6589106613835323,-5.687875654541439,-6.346786315924971
0.5,0.899,-0.6545493175823665,-5.709647407482827,-6.364196725065193
0.5,0.9,-0.6501659467828964,-5.7314607492550484,-6.381626696037944
0.5,0.901,-0.6457603534274003,-5.753315679858104,-6.399076033285504
0.5,0.902,-0.6413323379518688,-5.775212199291992,-6.41654453724386
0.5,0.903,-0.6368816966635421,-5.797150307556715,-6.434032004220256
0.5,0.904,-0.6324082216133944,-5.81913000465227,-6.451538226265664
0.5,0.905,-0.6279117004633049,-5.84115129057866,-6.469062991041965
0.5,0.906,-0.6233919163476347,-5.863214165335883,-6.486606081683518
0.5,0.907,-0.6188486477289106,-5.88531862892394,-6.504167276652851
0.5,0.908,-0.614281668247302,-5.90746468134283,-6.521746349590132
0.5,0.909,-0.6096907465635508,-5.9296523225925535,-6.5393430691561045
0.5,0.91,-0.605075646194996,-5.951881552673111,-6.556957198868107
0.5,0.911,-0.600436125344309,-5.974152371584503,-6.574588496928812
0.5,0.912,-0.5957719367205291,-5.996464779326727,-6.592236716047256
0.5,0.913,-0.5910828273519639,-6.018818775899786,-6.60990160325175
0.5,0.914,-0.5863685383904844,-6.041214361303677,-6.627582899694161
0.5,0.915,-0.5816288049067162,-6.063651535538402,-6.645280340445119
0.5,0.916,-0.5768633556755907,-6.086130298603962,-6.6629936542795525
0.5,0.917,-0.5720719129516821,-6.108650650500354,-6.680722563452036
0.5,0.918,-0.567254192233716,-6.13121259122758,-6.6984667834612965
0.5,0.919,-0.562409902017586,-6.15381612078564,-6.716226022803226
0.5,0.92,-0.5575387435371746,-6.176461239174534,-6.733999982711708
0.5,0.921,-0.5526404104922094,-6.199147946394261,-6.75178835688647
0.5,0.922,-0.5477145887623386,-6.2218762424448215,-6.76959083120716
0.5,0.923,-0.5427609561065415,-6.244646127326216,-6.787407083432758
0.5,0.924,-0.5377791818469193,-6.267457601038443,-6.805236782885363
0.5,0.925,-0.5327689265358407,-6.290310663581505,-6.823079590117346
0.5,0.926,-0.5277298416053325,-6.3132053149554,-6.840935156560733
0.5,0.927,-0.5226615689975134,-6.336141555160128,-6.8588031241576415
0.5,0.928,-0.5175637407747736,-6.359119384195691,-6.876683124970465
0.5,0.929,-0.512435978708295,-6.382138802062086,-6.894574780770381
0.5,0.93,-0.5072778938433826,-6.405199808759316,-6.912477702602699
0.5,0.931,-0.5020890860399532,-6.42830240428738,-6.930391490327333
0.5,0.932,-0.49686914348638134,-6.4514465886462755,-6.948315732132657
0.5,0.933,-0.49161764218474086,-6.474632361836006,-6.966250004020747
0.5,0.934,-0.48633414540530767,-6.49785972385657,-6.984193869261878
0.5,0.935,-0.48101820310799637,-6.521128674707966,-7.002146877815962
0.5,0.936,-0.4756693513281835,-6.544439214390199,-7.020108565718382
0.5,0.937,-0.4702871115241375,-6.567791342903263,-7.0380784544274
0.5,0.938,-0.46487098988300557,-6.591185060247159,-7.056056050130164
0.5,0.939,-0.45942047658201274,-6.6146203664218906,-7.074040843003903
0.5,0.94,-0.45393504500120907,-6.638097261427454,-7.0920323064286634
0.5,0.941,-0.44841415088371506,-6.661615745263854,-7.1100298961475685
0.5,0.942,-0.4428572314390218,-6.6851758179310865,-7.128033049370108
0.5,0.943,-0.43726370438443485,-6.708777479429154,-7.146041183813589
0.5,0.944,-0.43163296691923236,-6.732420729758053,-7.164053696677286
0.5,0.945,-0.42596439462552876,-6.7561055689177865,-7.182069963543316
0.5,0.946,-0.42025734028917905,-6.779831996908354,-7.200089337197533
0.5,0.947,-0.4145111326333173,-6.803600013729754,-7.218111146363071
0.5,0.948,-0.4087250749562846,-6.827409619381987,-7.236134694338271
0.5,0.949,-0.40289844366475003,-6.851260813865054,-7.254159257529804
0.5,0.95,-0.39703048669174534,-6.875153597178957,-7.272184083870703
0.5,0.951,-0.3911204217881006,-6.899087969323692,-7.2902083911117925
0.5,0.952,-0.38516743467435727,-6.92306393029926,-7.308231364973617
0.5,0.953,-0.3791706770386196,-6.947081480105662,-7.326252157144282
0.5,0.954,-0.37312926436394694,-6.971140618742899,-7.344269883106846
0.5,0.955,-0.3670422735667508,-6.9952413462109675,-7.362283619777719
0.5,0.956,-0.3609087404251881,-7.01938366250987,-7.380292402935058
0.5,0.957,-0.3547276567736735,-7.043567567639607,-7.39829522441328
0.5,0.958,-0.34849796743630257,-7.067793061600176,-7.416291029036478
0.5,0.959,-0.3422185668680866,-7.0920601443915805,-7.434278711259667
0.5,0.96,-0.3358882954683461,-7.116368816013818,-7.452257111482164
0.5,0.961,-0.32950593552525975,-7.140719076466889,-7.470225011992149
0.5,0.962,-0.3230702067442497,-7.165110925750793,-7.4881811324950425
0.5,0.963,-0.3165797613054119,-7.189544363865531,-7.506124125170943
0.5,0.964,-0.31003317838630245,-7.214019390811103,-7.524052569197406
0.5,0.965,-0.3034289580757725,-7.238536006587508,-7.541964964663281
0.5,0.966,-0.29676551459179057,-7.263094211194747,-7.559859725786537
0.5,0.967,-0.29004116870081537,-7.287694004632819,-7.577735173333634
0.5,0.968,-0.2832541392176387,-7.312335386901727,-7.595589526119365
0.5,0.969,-0.27640253344189025,-7.337018358001466,-7.613420891443356
0.5,0.97,-0.26948433635953367,-7.361742917932039,-7.631227254291573
0.5,0.971,-0.2624973984033058,-7.3865090666934465,-7.649006465096752
0.5,0.972,-0.2554394215233693,-7.411316804285685,-7.6667562258090545
0.5,0.973,-0.24830794326607467,-7.43616613070876,-7.684474073974835
0.5,0.974,-0.24110031849149882,-7.461057045962668,-7.702157364454166
0.5,0.975,-0.23381369827506224,-7.4859895500474085,-7.719803248322471
0.5,0.976,-0.22644500542921633,-7.510963642962984,-7.7374086483922
0.5,0.977,-0.21899090593993586,-7.535979324709391,-7.754970230649327
0.5,0.978,-0.21144777542840565,-7.561036595286634,-7.7724843707150395
0.5,0.979,-0.20381165950515118,-7.586135454694709,-7.78994711419986
0.5,0.98,-0.1960782265594641,-7.611275902933619,-7.807354129493084
0.5,0.981,-0.18824271108870713,-7.636457940003363,-7.82470065109207
0.5,0.982,-0.18029984507184127,-7.661681565903939,-7.84198141097578
0.5,0.983,-0.17224377405703345,-7.686946780635349,-7.859190554692383
0.5,0.984,-0.16406795345376649,-7.712253584197592,-7.876321537651359
0.5,0.985,-0.15576501882219282,-7.737601976590669,-7.893366995412862
0.5,0.986,-0.14732662145864994,-7.76299195781458,-7.9103185792732305
0.5,0.987,-0.13874321682858162,-7.788423527869325,-7.927166744697907
0.5,0.988,-0.1300037876195754,-7.8138966867549025,-7.943900474374478
0.5,0.989,-0.12109547401298548,-7.839411434471314,-7.9605069084843
0.5,0.99,-0.11200306870969477,-7.864967771018559,-7.976970839728254
0.5,0.991,-0.10270830853018603,-7.890565696396639,-7.993274004926825
0.5,0.992,-0.09318884844420919,-7.916205210605551,-8.009394059049761
0.5,0.993,-0.083416717083787,-7.941886313645297,-8.025303030729084
0.5,0.994,-0.07335587750026831,-7.967609005515875,-8.040964883016144
0.5,0.995,-0.06295813189433352,-7.99337328621729,-8.056331418111624
0.5,0.996,-0.052155665966795335,-8.019179155749537,-8.071334821716333
0.5,0.997,-0.04084584892835985,-8.045026614112617,-8.085872463040976
0.5,0.998,-0.02885442972435225,-8.07091566130653,-8.099770091030884
0.5,0.999,-0.015814510224464187,-8.096846297331277,-8.112660807555741
0.5,1,0,-8.12281852218686,-8.12281852218686
1,0,0,-2.193161000990452,-2.193161000990452
1,0.001,-0.015814510224464173,-2.1814797381300655,-2.1972942483545297
1,0.002,-0.028854429724352232,-2.1698296668928045,-2.1986840966171566
1,0.003,-0.040845848928359824,-2.1582107872786684,-2.199056636207028
1,0.004,-0.0521556659667953,-2.146623099287657,-2.1987787652544526
1,0.005,-0.0629581318943335,-2.1350666029197716,-2.198024734814105
1,0.006,-0.07335587750026827,-2.123541298175011,-2.196897175675279
1,0.007,-0.08341671708378696,-2.1120471850533757,-2.195463902137163
1,0.008,-0.09318884844420913,-2.100584263554866,-2.193773111999075
1,0.009,-0.10270830853018596,-2.0891525336794805,-2.1918608422096666
1,0.01,-0.11200306870969469,-2.0777519954272208,-2.1897550641369157
1,0.011,-0.1210954740129854,-2.0663826487980863,-2.1874781228110716
1,0.012,-0.13000378761957532,-2.055044493792077,-2.1850482814116523
1,0.013,-0.13874321682858154,-2.0437375304091927,-2.1824807472377743
1,0.014,-0.14732662145864986,-2.032461758649434,-2.179788380108084
1,0.015,-0.15576501882219274,-2.0212171785128,-2.176982197334993
1,0.016,-0.1640679534537664,-2.010003789999292,-2.1740717434530583
1,0.017,-0.17224377405703334,-1.9988215931089084,-2.1710653671659417
1,0.018,-0.1802998450718412,-1.98767058784165,-2.1679704329134912
1,0.019,-0.18824271108870705,-1.9765507741975172,-2.164793485286224
1,0.02,-0.196078226559464,-1.96546215217651,-2.161540378735974
1,0.021,-0.20381165950515107,-1.9544047217786271,-2.1582163812837782
1,0.022,-0.21144777542840554,-1.9433784830038698,-2.1548262584322755
1,0.023,-0.21899090593993578,-1.9323834358522378,-2.151374341792174
1,0.024,-0.22644500542921622,-1.9214195803237306,-2.147864585752947
1,0.025,-0.23381369827506213,-1.9104869164183491,-2.144300614693411
1,0.026,-0.2411003184914987,-1.8995854441360924,-2.1406857626275912
1,0.027,-0.24830794326607455,-1.8887151634769612,-2.137023106743036
1,0.028,-0.2554394215233692,-1.877876074440955,-2.1333154959643243
1,0.029,-0.26249739840330566,-1.867068177028074,-2.1295655754313794
1,0.03,-0.2694843363595335,-1.8562914712383183,-2.1257758075978517
1,0.031,-0.27640253344189014,-1.8455459570716874,-2.1219484905135775
1,0.032,-0.28325413921763853,-1.8348316345281823,-2.118085773745821
1,0.033,-0.2900411687008152,-1.824148503607802,-2.1141896723086173
1,0.034,-0.29676551459179046,-1.8134965643105474,-2.1102620789023376
1,0.035,-0.3034289580757724,-1.8028758166364172,-2.1063047747121897
1,0.036,-0.3100331783863023,-1.7922862605854133,-2.1023194389717155
1,0.037,-0.3165797613054117,-1.781727896157534,-2.0983076574629456
1,0.038,-0.3230702067442496,-1.7712007233527798,-2.0942709300970295
1,0.039,-0.3295059355252596,-1.760704742171151,-2.0902106776964104
1,0.04,-0.335888295468346,-1.750239952612647,-2.086128248080993
1,0.041,-0.3422185668680865,-1.7398063546772684,-2.082024921545355
1,0.042,-0.34849796743630246,-1.7294039483650152,-2.0779019158013177
1,0.043,-0.35472765677367335,-1.7190327336758868,-2.0737603904495603
1,0.044,-0.36090874042518795,-1.7086927106098837,-2.0696014510350715
1,0.045,-0.3670422735667506,-1.6983838791670063,-2.0654261527337567
1,0.046,-0.3731292643639468,-1.6881062393472535,-2.0612355037112002
1,0.047,-0.37917067703861945,-1.6778597911506261,-2.0570304681892457
1,0.048,-0.3851674346743571,-1.6676445345771238,-2.052811969251481
1,0.049,-0.3911204217881004,-1.657460469626747,-2.0485808914148476
1,0.05,-0.3970304866917452,-1.6473075962994952,-2.0443380829912403
1,0.051,-0.40289844366474986,-1.6371859145953684,-2.0400843582601182
1,0.052,-0.4087250749562844,-1.6270954245143672,-2.0358204994706517
1,0.053,-0.41451113263331707,-1.6170361260564912,-2.031547258689808
1,0.054,-0.4202573402891789,-1.6070080192217397,-2.0272653595109187
1,0.055,-0.4259643946255286,-1.597011104010114,-2.0229754986356427
1,0.056,-0.43163296691923214,-1.5870453804216136,-2.018678347340846
1,0.057,-0.4372637043844347,-1.5771108484562382,-2.014374552840673
1,0.058,-0.44285723143902156,-1.5672075081139878,-2.0100647395530093
1,0.059,-0.4484141508837146,-1.5573353593948627,-2.0057495102785774
1,0.06,-0.45393504500120896,-1.547494402298863,-2.001429447300072
1,0.061,-0.4594204765820123,-1.5376846368259884,-1.9971051134080007
1,0.062,-0.46487098988300535,-1.5279060629762387,-1.992777052859244
1,0.063,-0.47028711152413766,-1.5181586807496146,-1.9884457922737522
1,0.064,-0.47566935132818394,-1.5084424901461155,-1.9841118414742995
1,0.065,-0.4810182031079965,-1.4987574911657418,-1.9797756942737381
1,0.066,-0.48633414540530806,-1.489103683808493,-1.975437829213801
1,0.067,-0.491617642184741,-1.4794810680743697,-1.9710987102591107
1,0.068,-0.4968691434863818,-1.4698896439633715,-1.9667587874497534
1,0.069,-0.5020890860399534,-1.4603294114754983,-1.9624184975154517
1,0.07,-0.507277893843383,-1.4508003706107506,-1.9580782644541337
1,0.071,-0.5124359787082953,-1.4413025213691277,-1.953738500077423
1,0.072,-0.5175637407747737,-1.4318358637506305,-1.9493996045254043
1,0.073,-0.5226615689975134,-1.4224003977552582,-1.9450619667527715
1,0.074,-0.5277298416053327,-1.4129961233830108,-1.9407259649883435
1,0.075,-0.5327689265358408,-1.403623040633889,-1.9363919671697298
1,0.076,-0.5377791818469194,-1.3942811495078926,-1.932060331354812
1,0.077,-0.5427609561065416,-1.384970450005021,-1.9277314061115627
1,0.078,-0.5477145887623387,-1.3756909421252748,-1.9234055308876135
1,0.079,-0.5526404104922094,-1.3664426258686535,-1.9190830363608629
1,0.08,-0.5575387435371748,-1.357225501235158,-1.9147642447723328
1,0.081,-0.5624099020175861,-1.348039568224787,-1.910449470242373
1,0.082,-0.567254192233716,-1.3388848268375417,-1.9061390190712577
1,0.083,-0.5720719129516822,-1.3297612770734213,-1.9018331900251035
1,0.084,-0.5768633556755907,-1.3206689189324263,-1.897532274608017
1,0.085,-0.5816288049067163,-1.3116077524145564,-1.8932365573212726
1,0.086,-0.5863685383904844,-1.3025777775198122,-1.8889463159102966
1,0.087,-0.591082827351964,-1.2935789942481926,-1.8846618216001567
1,0.088,-0.5957719367205293,-1.2846114025996984,-1.8803833393202276
1,0.089,-0.6004361253443091,-1.2756750025743293,-1.8761111279186384
1,0.09,-0.6050756461949961,-1.2667697941720852,-1.8718454403670814
1,0.091,-0.6096907465635508,-1.2578957773929667,-1.8675865239565175
1,0.092,-0.614281668247302,-1.249052952236973,-1.8633346204842751
1,0.093,-0.6188486477289106,-1.2402413187041048,-1.8590899664330154
1,0.094,-0.6233919163476347,-1.2314608767943616,-1.8548527931419962
1,0.095,-0.627911700463305,-1.2227116265077438,-1.8506233269710488
1,0.096,-0.6324082216133944,-1.2139935678442513,-1.8464017894576457
1,0.097,-0.6368816966635421,-1.2053067008038836,-1.8421883974674258
1,0.098,-0.6413323379518688,-1.1966510253866414,-1.8379833633385103
1,0.099,-0.6457603534274003,-1.188026541592524,-1.8337868950199243
1,0.1,-0.6501659467828964,-1.179433249421532,-1.8295991962044285
1,0.101,-0.6545493175823665,-1.1708711488736656,-1.825420466456032
1,0.102,-0.6589106613835323,-1.1623402399489238,-1.821250901332456
1,0.103,-0.6632501698554889,-1.1538405226473074,-1.8170906925027963
1,0.104,-0.6675680308917931,-1.1453719969688163,-1.8129400278606094
1,0.105,-0.671864428719203,-1.1369346629134505,-1.8087990916326535
1,0.106,-0.6761395440022725,-1.1285285204812097,-1.804668064483482
1,0.107,-0.6803935539439989,-1.1201535696720941,-1.800547123616093
1,0.108,-0.6846266323827059,-1.1118098104861036,-1.7964364428688095
1,0.109,-0.6888389498853386,-1.1034972429232388,-1.7923361928085773
1,0.11,-0.6930306738373323,-1.0952158669834986,-1.7882465408208308
1,0.111,-0.6972019685292136,-1.0869656826668839,-1.7841676511960975
1,0.112,-0.7013529952400789,-1.0787466899733944,-1.7800996852134734
1,0.113,-0.705483912318091,-1.0705588889030302,-1.7760428012211213
1,0.114,-0.7095948752581257,-1.0624022794557908,-1.7719971547139166
1,0.115,-0.7136860367766914,-1.0542768616316769,-1.7679628984083684
1,0.116,-0.7177575468842439,-1.046182635430688,-1.7639401823149319
1,0.117,-0.7218095529550059,-1.0381196008528244,-1.7599291538078303
1,0.118,-0.7258421997943973,-1.030087757898086,-1.7559299576924834
1,0.119,-0.7298556297041818,-1.022087106566473,-1.7519427362706548
1,0.12,-0.7338499825454192,-1.014117646857985,-1.747967629403404
1,0.121,-0.7378253957993215,-1.0061793787726223,-1.7440047745719438
1,0.122,-0.7417820046260946,-0.9982723023103846,-1.7400543069364791
1,0.123,-0.7457199419218503,-0.9903964174712723,-1.7361163593931226
1,0.124,-0.7496393383736673,-0.982551724255285,-1.7321910626289523
1,0.125,-0.7535403225128735,-0.974738222662423,-1.7282785451752964
1,0.126,-0.7574230207666257,-0.9669559126926862,-1.7243789334593118
1,0.127,-0.7612875575078464,-0.9592047943460745,-1.7204923518539208
1,0.128,-0.7651340551035917,-0.9514848676225883,-1.7166189227261799
1,0.129,-0.7689626339619029,-0.9437961325222272,-1.71275876648413
1,0.13,-0.7727734125772074,-0.936138589044991,-1.7089120016221986
1,0.131,-0.7765665075743211,-0.9285122371908803,-1.7050787447652014
1,0.132,-0.7803420337511043,-0.9209170769598947,-1.701259110710999
1,0.133,-0.784100104119828,-0.9133531083520342,-1.6974532124718622
1,0.134,-0.7878408299472922,-0.905820331367299,-1.693661161314591
1,0.135,-0.791564320793747,-0.8983187460056891,-1.689883066799436
1,0.136,-0.7952706845506599,-0.8908483522672043,-1.686119036817864
1,0.137,-0.7989600274773714,-0.8834091501518446,-1.682369177629216
1,0.138,-0.8026324542366787,-0.8760011396596104,-1.678633593896289
1,0.139,-0.8062880679293893,-0.8686243207905009,-1.6749123887198902
1,0.14,-0.8099269701278771,-0.8612786935445169,-1.671205663672394
1,0.141,-0.8135492609086798,-0.8539642579216583,-1.6675135188303383
1,0.142,-0.8171550388841728,-0.8466810139219247,-1.6638360528060976
1,0.143,-0.820744401233346,-0.8394289615453162,-1.6601733627786621
1,0.144,-0.8243174437317236,-0.8322081007918329,-1.6565255445235565
1,0.145,-0.8278742607804475,-0.8250184316614749,-1.6528926924419225
1,0.146,-0.8314149454345625,-0.8178599541542422,-1.6492748995888047
1,0.147,-0.834939589430521,-0.8107326682701346,-1.6456722577006557
1,0.148,-0.8384482832129421,-0.803636574009152,-1.642084857222094
1,0.149,-0.8419411159606445,-0.7965716713712947,-1.6385127873319392
1,0.15,-0.8454181756119817,-0.7895379603565629,-1.6349561359685447
1,0.151,-0.8488795488894992,-0.782535440964956,-1.6314149898544552
1,0.152,-0.8523253213239386,-0.7755641131964742,-1.6278894345204127
1,0.153,-0.8557555772776086,-0.7686239770511177,-1.6243795543287263
1,0.154,-0.8591703999671466,-0.7617150325288865,-1.6208854324960331
1,0.155,-0.862569871485684,-0.7548372796297804,-1.6174071511154644
1,0.156,-0.865954072824443,-0.7479907183537995,-1.6139447911782425
1,0.157,-0.8693230838937771,-0.7411753487009439,-1.6104984325947211
1,0.158,-0.8726769835436744,-0.7343911706712134,-1.607068154214888
1,0.159,-0.8760158495837419,-0.7276381842646081,-1.60365403384835
1,0.16,-0.879339758802686,-0.720916389481128,-1.600256148283814
1,0.161,-0.8826487869873051,-0.7142257863207732,-1.5968745733080782
1,0.162,-0.8859430089410105,-0.7075663747835436,-1.593509383724554
1,0.163,-0.889222498501888,-0.700938154869439,-1.5901606533713268
1,0.164,-0.8924873285603159,-0.6943411265784598,-1.5868284551387757
1,0.165,-0.8957375710761539,-0.6877752899106057,-1.5835128609867595
1,0.166,-0.8989732970955122,-0.6812406448658768,-1.580213941961389
1,0.167,-0.902194576767118,-0.6747371914442731,-1.576931768211391
1,0.168,-0.9054014793582881,-0.6682649296457946,-1.5736664090040828
1,0.169,-0.9085940732705206,-0.6618238594704413,-1.5704179327409618
1,0.17,-0.9117724260547168,-0.6554139809182131,-1.56718640697293
1,0.171,-0.9149366044260454,-0.6490352939891103,-1.5639718984151556
1,0.172,-0.918086674278456,-0.6426877986831327,-1.5607744729615889
1,0.173,-0.9212227006988571,-0.6363714950002803,-1.5575941956991375
1,0.174,-0.9243447479809621,-0.630086382940553,-1.554431130921515
1,0.175,-0.9274528796388206,-0.6238324625039509,-1.5512853421427715
1,0.176,-0.9305471584200352,-0.6176097336904739,-1.548156892110509
1,0.177,-0.9336276463186818,-0.6114181965001222,-1.545045842818804
1,0.178,-0.9366944045879319,-0.6052578509328957,-1.5419522555208276
1,0.179,-0.9397474937523967,-0.5991286969887945,-1.5388761907411912
1,0.18,-0.9427869736201882,-0.5930307346678183,-1.5358177082880065
1,0.181,-0.9458129032947176,-0.5869639639699673,-1.5327768672646849
1,0.182,-0.9488253411862263,-0.5809283848952416,-1.5297537260814678
1,0.183,-0.9518243450230693,-0.5749239974436411,-1.5267483424667105
1,0.184,-0.9548099718627447,-0.5689508016151656,-1.5237607734779104
1,0.185,-0.9577822781026877,-0.5630087974098156,-1.5207910755125034
1,0.186,-0.9607413194908274,-0.5570979848275907,-1.517839304318418
1,0.187,-0.9636871511359187,-0.5512183638684909,-1.5149055150044095
1,0.188,-0.9666198275176481,-0.5453699345325164,-1.5119897620501646
1,0.189,-0.9695394024965296,-0.5395526968196671,-1.5090920993161967
1,0.19,-0.9724459293235844,-0.5337666507299429,-1.5062125800535273
1,0.191,-0.975339460649822,-0.5280117962633439,-1.503351256913166
1,0.192,-0.9782200485355158,-0.5222881334198701,-1.5005081819553858
1,0.193,-0.981087744459291,-0.5165956621995216,-1.4976834066588127
1,0.194,-0.9839425993270179,-0.5109343826022982,-1.4948769819293162
1,0.195,-0.986784663480526,-0.5053042946282,-1.492088958108726
1,0.196,-0.9896139867061333,-0.4997053982772271,-1.4893193849833604
1,0.197,-0.9924306182430076,-0.4941376935493793,-1.486568311792387
1,0.198,-0.9952346067913489,-0.4886011804446568,-1.4838357872360057
1,0.199,-0.9980260005204148,-0.48309585896305945,-1.4811218594834743
1,0.2,-1.0008048470763757,-0.4776217291045873,-1.478426576180963
1,0.201,-1.003571193590019,-0.4721787908692403,-1.4757499844592592
1,0.202,-1.0063250866842925,-0.4667670442570185,-1.473092130941311
1,0.203,-1.0090665724817058,-0.46138648926792186,-1.4704530617496276
1,0.204,-1.011795696611576,-0.4560371259019507,-1.4678328225135266
1,0.205,-1.014512504217139,-0.45071895415910446,-1.4652314583762434
1,0.206,-1.0172170399625151,-0.4454319740393835,-1.4626490140018986
1,0.207,-1.0199093480395425,-0.44017618554278776,-1.4600855335823302
1,0.208,-1.022589472174475,-0.4349515886693171,-1.4575410608437922
1,0.209,-1.0252574556345546,-0.4297581834189717,-1.4550156390535263
1,0.21,-1.0279133412344512,-0.42459596979175157,-1.4525093110262028
1,0.211,-1.0305571713425845,-0.41946494778765653,-1.450022119130241
1,0.212,-1.0331889878873233,-0.41436511740668674,-1.44755410529401
1,0.213,-1.0358088323630663,-0.4092964786488421,-1.4451053110119085
1,0.214,-1.0384167458362088,-0.4042590315141228,-1.4426757773503316
1,0.215,-1.0410127689509978,-0.3992527760025285,-1.4402655449535264
1,0.216,-1.0435969419352753,-0.39427771211405954,-1.4378746540493348
1,0.217,-1.046169304606117,-0.38933383984871567,-1.4355031444548325
1,0.218,-1.0487298963753646,-0.3844211592064971,-1.4331510555818618
1,0.219,-1.0512787562550572,-0.37953967018740364,-1.4308184264424608
1,0.22,-1.0538159228627606,-0.37468937279143544,-1.4285052956541961
1,0.221,-1.0563414344268014,-0.36987026701859244,-1.4262117014453939
1,0.222,-1.0588553287914046,-0.3650823528688746,-1.4239376816602793
1,0.223,-1.0613576434217369,-0.36032563034228193,-1.4216832737640188
1,0.224,-1.0638484154088608,-0.35560009943881454,-1.4194485148476752
1,0.225,-1.0663276814745972,-0.35090576015847225,-1.4172334416330694
1,0.226,-1.0687954779763034,-0.34624261250125526,-1.4150380904775586
1,0.227,-1.0712518409115628,-0.3416106564671634,-1.4128624973787263
1,0.228,-1.0736968059227947,-0.33700989205619675,-1.4107066979789915
1,0.229,-1.0761304083017782,-0.3324403192683553,-1.4085707275701336
1,0.23,-1.0785526829941008,-0.3279019381036391,-1.40645462109774
1,0.231,-1.080963664603525,-0.3233947485620481,-1.404358413165573
1,0.232,-1.0833633873962818,-0.31891875064358216,-1.402282138039864
1,0.233,-1.0857518853052865,-0.31447394434824155,-1.4002258296535282
1,0.234,-1.088129191934284,-0.3100603296760261,-1.39818952161031
1,0.235,-1.0904953405619193,-0.30567790662693595,-1.3961732471888553
1,0.236,-1.0928503641457428,-0.3013266752009709,-1.3941770393467137
1,0.237,-1.0951942953261404,-0.297006635398131,-1.3922009307242713
1,0.238,-1.0975271664302033,-0.2927177872184164,-1.3902449536486197
1,0.239,-1.0998490094755262,-0.28846013066182685,-1.388309140137353
1,0.24,-1.1021598561739456,-0.2842336657283626,-1.3863935219023082
1,0.241,-1.1044597379352121,-0.28003839241802353,-1.3844981303532355
1,0.242,-1.1067486858706024,-0.2758743107308097,-1.382622996601412
1,0.243,-1.10902673079647,-0.27174142066672097,-1.380768151463191
1,0.244,-1.1112939032377378,-0.26763972222575755,-1.3789336254634954
1,0.245,-1.1135502334313307,-0.2635692154079192,-1.37711944883925
1,0.246,-1.115795751329554,-0.2595299002132061,-1.37532565154276
1,0.247,-1.1180304866034136,-0.25552177664161824,-1.3735522632450319
1,0.248,-1.120254468645884,-0.2515448446931556,-1.3717993133390396
1,0.249,-1.1224677265751195,-0.24759910436781807,-1.3700668309429376
1,0.25,-1.1246702892376166,-0.24368455566560576,-1.3683548449032223
1,0.251,-1.1268621852113239,-0.23980119858651863,-1.3666633837978426
1,0.252,-1.1290434428086988,-0.2359490331305568,-1.3649924759392555
1,0.253,-1.1312140900797198,-0.23212805929772007,-1.36334214937744
1,0.254,-1.1333741548148464,-0.22833827708800855,-1.3617124319028548
1,0.255,-1.1355236645479332,-0.22457968650142227,-1.3601033510493554
1,0.256,-1.1376626465590973,-0.22085228753796116,-1.3585149340970584
1,0.257,-1.139791127877541,-0.21715608019762522,-1.3569472080751663
1,0.258,-1.141909135284327,-0.21349106448041452,-1.3554001997647414
1,0.259,-1.1440166953151127,-0.20985724038632902,-1.3538739357014418
1,0.26,-1.1461138342628407,-0.20625460791536868,-1.3523684421782094
1,0.261,-1.148200578180386,-0.20268316706753356,-1.3508837452479194
1,0.262,-1.150276952883162,-0.19914291784282365,-1.3494198707259857
1,0.263,-1.1523429839516879,-0.1956338602412389,-1.3479768441929267
1,0.264,-1.1543986967341133,-0.1921559942627794,-1.3465546909968928
1,0.265,-1.1564441163487065,-0.18870931990744508,-1.3451534362561515
1,0.266,-1.1584792676863014,-0.18529383717523593,-1.3437731048615373
1,0.267,-1.1605041754127097,-0.18190954606615198,-1.3424137214788616
1,0.268,-1.1625188639710948,-0.1785564465801933,-1.341075310551288
1,0.269,-1.1645233575843086,-0.1752345387173597,-1.3397578963016683
1,0.27,-1.166517680257194,-0.17194382247765136,-1.3384615027348452
1,0.271,-1.1685018557788527,-0.1686842978610682,-1.3371861536399208
1,0.272,-1.1704759077248768,-0.16545596486761027,-1.3359318725924871
1,0.273,-1.1724398594595489,-0.16225882349727755,-1.3346986829568264
1,0.274,-1.1743937341380077,-0.15909287375006997,-1.3334866078880778
1,0.275,-1.1763375547083814,-0.1559581156259876,-1.3322956703343691
1,0.276,-1.17827134391389,-0.15285454912503046,-1.3311258930389205
1,0.277,-1.180195124294915,-0.1497821742471985,-1.3299772985421134
1,0.278,-1.182108918191039,-0.14674099099249174,-1.3288499091835306
1,0.279,-1.1840127477430555,-0.1437309993609102,-1.3277437471039657
1,0.28,-1.185906634894949,-0.1407521993524538,-1.3266588342474028
1,0.281,-1.187790601395844,-0.13780459096712266,-1.3255951923629665
1,0.282,-1.1896646688019281,-0.13488817420491683,-1.324552843006845
1,0.283,-1.1915288584783459,-0.13200294906583607,-1.323531807544182
1,0.284,-1.1933831916010644,-0.12914891554988048,-1.3225321071509448
1,0.285,-1.1952276891587124,-0.1263260736570501,-1.3215537628157625
1,0.286,-1.197062371954392,-0.12353442338734492,-1.320596795341737
1,0.287,-1.1988872606074654,-0.12077396474076492,-1.3196612253482303
1,0.288,-1.2007023755553157,-0.11804469771731013,-1.3187470732726259
1,0.289,-1.2025077370550796,-0.11534662231698053,-1.3178543593720602
1,0.29,-1.20430336518536,-0.11267973853977617,-1.3169831037251363
1,0.291,-1.2060892798479086,-0.11004404638569698,-1.3161333262336057
1,0.292,-1.2078655007692904,-0.10743954585474297,-1.3153050466240335
1,0.293,-1.2096320475025186,-0.10486623694691416,-1.3144982844494328
1,0.294,-1.2113889394286717,-0.10232411966221057,-1.3137130590908823
1,0.295,-1.2131361957584814,-0.09981319400063217,-1.3129493897591136
1,0.296,-1.2148738355339068,-0.09733345996217896,-1.3122072954960857
1,0.297,-1.2166018776296754,-0.09488491754685094,-1.3114867951765263
1,0.298,-1.2183203407548142,-0.09246756675464814,-1.3107879075094624
1,0.299,-1.2200292434541482,-0.09008140758557052,-1.3101106510397187
1,0.3,-1.221728604109787,-0.0877264400396181,-1.309455044149405
1,0.301,-1.2234184409425841,-0.08540266411679089,-1.308821105059375
1,0.302,-1.2250987720135809,-0.08311007981708886,-1.3082088518306698
1,0.303,-1.2267696152254262,-0.08084868714051203,-1.3076183023659382
1,0.304,-1.2284309883237792,-0.07861848608706042,-1.3070494744108396
1,0.305,-1.2300829088986918,-0.07641947665673399,-1.3065023855554259
1,0.306,-1.2317253943859725,-0.07425165884953275,-1.3059770532355053
1,0.307,-1.2333584620685292,-0.07211503266545671,-1.3054734947339859
1,0.308,-1.2349821290776974,-0.07000959810450588,-1.3049917271822034
1,0.309,-1.2365964123945474,-0.06793535516668024,-1.3045317675612276
1,0.31,-1.2382013288511742,-0.0658923038519798,-1.304093632703154
1,0.311,-1.239796895131969,-0.06388044416040456,-1.3036773392923735
1,0.312,-1.2413831277748764,-0.06189977609195452,-1.303282903866831
1,0.313,-1.24296004317263,-0.05995029964662966,-1.3029103428192597
1,0.314,-1.2445276575739763,-0.05803201482443002,-1.3025596723984063
1,0.315,-1.2460859870848764,-0.056144921625355566,-1.302230908710232
1,0.316,-1.247635047669697,-0.054289020049406306,-1.3019240677191033
1,0.317,-1.249174855152379,-0.052464310096582256,-1.3016391652489612
1,0.318,-1.2507054252175993,-0.05067079176688339,-1.3013762169844827
1,0.319,-1.2522267734119072,-0.04890846506030973,-1.301135238472217
1,0.32,-1.2537389151448528,-0.04717732997686127,-1.300916245121714
1,0.321,-1.2552418656900945,-0.045477386516537995,-1.3007192522066326
1,0.322,-1.2567356401864989,-0.043808634679339924,-1.3005442748658387
1,0.323,-1.2582202536392175,-0.04217107446526705,-1.3003913281044845
1,0.324,-1.259695720920757,-0.04056470587431939,-1.3002604267950766
1,0.325,-1.2611620567720294,-0.0389895289064969,-1.3001515856785264
1,0.326,-1.2626192758033907,-0.037445543561799625,-1.3000648193651902
1,0.327,-1.2640673924956667,-0.03593274984022755,-1.3000001423358942
1,0.328,-1.2655064212011629,-0.034451147741780666,-1.2999575689429435
1,0.329,-1.2669363761446624,-0.03300073726645897,-1.2999371134111213
1,0.33,-1.2683572714244113,-0.03158151841426249,-1.2999387898386738
1,0.331,-1.2697691210130888,-0.030193491185191195,-1.29996261219828
1,0.332,-1.271171938758767,-0.028836655579245103,-1.3000085943380122
1,0.333,-1.2725657383858564,-0.027511011596424207,-1.3000767499822805
1,0.334,-1.27395053349604,-0.02621655923672851,-1.3001670927327684
1,0.335,-1.2753263375691937,-0.024953298500158004,-1.3002796360693516
1,0.336,-1.2766931639642967,-0.0237212293867127,-1.3004143933510093
1,0.337,-1.2780510259203286,-0.022520351896392597,-1.3005713778167212
1,0.338,-1.2793999365571547,-0.02135066602919769,-1.3007506025863524
1,0.339,-1.2807399088763995,-0.02021217178512798,-1.3009520806615276
1,0.34,-1.2820709557623113,-0.019104869164183465,-1.3011758249264949
1,0.341,-1.283393089982611,-0.018028758166364147,-1.301421848148975
1,0.342,-1.2847063241893348,-0.01698383879167003,-1.301690162981005
1,0.343,-1.2860106709196613,-0.015970111040101112,-1.3019807819597624
1,0.344,-1.2873061425967312,-0.014987574911657442,-1.3022937175083886
1,0.345,-1.2885927515304556,-0.014036230406338918,-1.3026289819367944
1,0.346,-1.289870509918313,-0.013116077524145588,-1.3029865874424587
1,0.347,-1.291139429846135,-0.012227116265077456,-1.3033665461112125
1,0.348,-1.2923995232888845,-0.011369346629134525,-1.303768869918019
1,0.349,-1.2936508021114228,-0.010542768616316787,-1.3041935707277397
1,0.35,-1.294893278069265,-0.009747382226624248,-1.3046406602958893
1,0.351,-1.2961269628093275,-0.008983187460056906,-1.3051101502693845
1,0.352,-1.2973518678706657,-0.008250184316614763,-1.3056020521872804
1,0.353,-1.298568004685201,-0.007548372796297817,-1.3061163774814988
1,0.354,-1.29977538457844,-0.006877752899106069,-1.306653137477546
1,0.355,-1.3009740187701824,-0.006238324625039518,-1.3072123433952219
1,0.356,-1.302163918375221,-0.005630087974098166,-1.3077940063493192
1,0.357,-1.3033450944040332,-0.00505304294628201,-1.3083981373503153
1,0.358,-1.3045175577634625,-0.004507189541591052,-1.3090247473050536
1,0.359,-1.305681319257391,-0.003992527760025293,-1.3096738470174163
1,0.36,-1.3068363895874036,-0.0035090576015847294,-1.3103454471889884
1,0.361,-1.3079827793534444,-0.003056779066269364,-1.3110395584197139
1,0.362,-1.309120499054464,-0.0026356921540791967,-1.3117561912085431
1,0.363,-1.3102495590890564,-0.0022457968650142265,-1.3124953559540706
1,0.364,-1.3113699697560914,-0.0018870931990744542,-1.3132570629551659
1,0.365,-1.3124817412553371,-0.0015595811562598796,-1.314041322411597
1,0.366,-1.3135848836880715,-0.0012632607365705025,-1.314848144424642
1,0.367,-1.3146794070576924,-0.0009981319400063232,-1.3156775389976987
1,0.368,-1.315765321270313,-0.000764194766567341,-1.3165295160368804
1,0.369,-1.316842636135354,-0.0005614492162535566,-1.3174040853516076
1,0.37,-1.3179113613661255,-0.0003898952890649699,-1.3183012566551906
1,0.371,-1.318971506580403,-0.0002495329850015808,-1.3192210395654047
1,0.372,-1.3200230813009957,-0.00014036230406338915,-1.320163443605059
1,0.373,-1.3210660949563051,-0.0000623832462503952,-1.3211284782025554
1,0.374,-1.3221005568808808,-0.0000155958115625988,-1.3221161526924434
1,0.375,-1.3231264763159643,-0,-1.3231264763159643
1,0.376,-1.3241438624100277,-0.0000155958115625988,-1.3241594582215903
1,0.377,-1.3251527242193073,-0.0000623832462503952,-1.3252151074655576
1,0.378,-1.3261530707083267,-0.00014036230406338915,-1.32629343301239
1,0.379,-1.3271449107504143,-0.0002495329850015808,-1.327394443735416
1,0.38,-1.3281282531282161,-0.0003898952890649699,-1.3285181484172812
1,0.381,-1.3291031065341978,-0.0005614492162535566,-1.3296645557504514
1,0.382,-1.330069479571145,-0.000764194766567341,-1.3308336743377123
1,0.383,-1.3310273807526507,-0.0009981319400063232,-1.332025512692657
1,0.384,-1.3319768185036036,-0.0012632607365705025,-1.3332400792401742
1,0.385,-1.3329178011606633,-0.0015595811562598796,-1.3344773823169231
1,0.386,-1.3338503369727337,-0.0018870931990744542,-1.3357374301718081
1,0.387,-1.3347744341014278,-0.0022457968650142265,-1.337020230966442
1,0.388,-1.3356901006215267,-0.0026356921540791967,-1.3383257927756058
1,0.389,-1.3365973445214334,-0.003056779066269364,-1.3396541235877029
1,0.39,-1.3374961737036188,-0.0035090576015847294,-1.3410052313052037
1,0.391,-1.3383865959850634,-0.003992527760025293,-1.3423791237450886
1,0.392,-1.3392686190976923,-0.004507189541591052,-1.3437758086392835
1,0.393,-1.3401422506888037,-0.00505304294628201,-1.3451952936350857
1,0.394,-1.3410074983214932,-0.005630087974098166,-1.3466375862955915
1,0.395,-1.3418643694750698,-0.006238324625039518,-1.3481026941001093
1,0.396,-1.3427128715454693,-0.006877752899106069,-1.3495906244445752
1,0.397,-1.3435530118456593,-0.007548372796297817,-1.351101384641957
1,0.398,-1.344384797606041,-0.008250184316614763,-1.3526349819226557
1,0.399,-1.3452082359748436,-0.008983187460056906,-1.3541914234349006
1,0.4,-1.346023334018513,-0.009747382226624248,-1.3557707162451373
1,0.401,-1.3468300987220974,-0.010542768616316787,-1.3573728673384142
1,0.402,-1.3476285369896255,-0.011369346629134525,-1.35899788361876
1,0.403,-1.3484186556444808,-0.012227116265077456,-1.3606457719095584
1,0.404,-1.349200461429768,-0.013116077524145588,-1.3623165389539136
1,0.405,-1.3499739610086778,-0.014036230406338918,-1.3640101914150167
1,0.406,-1.350739160964845,-0.014987574911657442,-1.3657267358765024
1,0.407,-1.3514960678026995,-0.015970111040101112,-1.3674661788428006
1,0.408,-1.3522446879478154,-0.01698383879167003,-1.3692285267394855
1,0.409,-1.3529850277472542,-0.018028758166364147,-1.3710137859136182
1,0.41,-1.3537170934699012,-0.019104869164183465,-1.3728219626340847
1,0.411,-1.3544408913068002,-0.02021217178512798,-1.3746530630919283
1,0.412,-1.3551564273714791,-0.02135066602919769,-1.376507093400677
1,0.413,-1.355863707700276,-0.022520351896392597,-1.3783840595966685
1,0.414,-1.3565627382526548,-0.0237212293867127,-1.3802839676393674
1,0.415,-1.3572535249115227,-0.024953298500158004,-1.3822068234116807
1,0.416,-1.357936073483534,-0.02621655923672851,-1.3841526327202625
1,0.417,-1.3586103896993995,-0.027511011596424207,-1.3861214012958236
1,0.418,-1.3592764792141843,-0.028836655579245103,-1.3881131347934295
1,0.419,-1.3599343476076018,-0.030193491185191195,-1.390127838792793
1,0.42,-1.360584000384307,-0.03158151841426249,-1.3921655187985695
1,0.421,-1.3612254429741806,-0.03300073726645897,-1.3942261802406395
1,0.422,-1.3618586807326118,-0.034451147741780666,-1.3963098284743924
1,0.423,-1.362483718940776,-0.03593274984022755,-1.3984164687810035
1,0.424,-1.363100562805907,-0.037445543561799625,-1.4005461063677065
1,0.425,-1.3637092174615668,-0.0389895289064969,-1.4026987463680638
1,0.426,-1.3643096879679082,-0.04056470587431939,-1.4048743938422277
1,0.427,-1.3649019793119372,-0.04217107446526705,-1.4070730537772043
1,0.428,-1.3654860964077673,-0.043808634679339924,-1.4092947310871071
1,0.429,-1.3660620440968718,-0.045477386516537995,-1.41153943061341
1,0.43,-1.3666298271483317,-0.04717732997686127,-1.413807157125193
1,0.431,-1.367189450259079,-0.04890846506030973,-1.4160979153193887
1,0.432,-1.367740918054135,-0.05067079176688339,-1.4184117098210183
1,0.433,-1.3682842350868472,-0.052464310096582256,-1.4207485451834294
1,0.434,-1.3688194058391197,-0.054289020049406306,-1.423108425888526
1,0.435,-1.3693464347216406,-0.056144921625355566,-1.4254913563469962
1,0.436,-1.3698653260741056,-0.05803201482443002,-1.4278973408985356
1,0.437,-1.370376084165437,-0.05995029964662966,-1.4303263838120668
1,0.438,-1.3708787131939983,-0.06189977609195452,-1.432778489285953
1,0.439,-1.3713732172878084,-0.06388044416040456,-1.435253661448213
1,0.44,-1.3718596005047456,-0.0658923038519798,-1.4377519043567255
1,0.441,-1.372337866832755,-0.06793535516668024,-1.4402732219994352
1,0.442,-1.3728080201900459,-0.07000959810450588,-1.4428176182945518
1,0.443,-1.3732700644252895,-0.07211503266545671,-1.4453850970907463
1,0.444,-1.373724003317811,-0.07425165884953275,-1.4479756621673439
1,0.445,-1.3741698405777778,-0.07641947665673399,-1.450589317234512
1,0.446,-1.3746075798463866,-0.07861848608706042,-1.453226065933447
1,0.447,-1.3750372246960414,-0.08084868714051203,-1.4558859118365535
1,0.448,-1.3754587786305341,-0.08311007981708886,-1.458568858447623
1,0.449,-1.375872245085218,-0.08540266411679089,-1.461274909202009
1,0.45,-1.3762776274271769,-0.0877264400396181,-1.464004067466795
1,0.451,-1.3766749289553935,-0.09008140758557052,-1.466756336540964
1,0.452,-1.3770641529009122,-0.09246756675464814,-1.4695317196555604
1,0.453,-1.377445302426998,-0.09488491754685094,-1.4723302199738488
1,0.454,-1.3778183806292938,-0.09733345996217896,-1.4751518405914728
1,0.455,-1.3781833905359733,-0.09981319400063217,-1.4779965845366054
1,0.456,-1.3785403351078882,-0.10232411966221057,-1.4808644547700989
1,0.457,-1.378889217238717,-0.10486623694691416,-1.4837554541856313
1,0.458,-1.3792300397551043,-0.10743954585474297,-1.4866695856098473
1,0.459,-1.3795628054168008,-0.11004404638569698,-1.4896068518024976
1,0.46,-1.379887516916799,-0.11267973853977617,-1.4925672554565752
1,0.461,-1.3802041768814652,-0.11534662231698053,-1.4955507991984458
1,0.462,-1.3805127878706673,-0.11804469771731013,-1.4985574855879775
1,0.463,-1.3808133523779007,-0.12077396474076492,-1.5015873171186656
1,0.464,-1.3811058728304095,-0.12353442338734492,-1.5046402962177545
1,0.465,-1.3813903515893058,-0.1263260736570501,-1.507716425246356
1,0.466,-1.381666790949684,-0.12914891554988048,-1.5108157064995644
1,0.467,-1.381935193140734,-0.13200294906583607,-1.51393814220657
1,0.468,-1.3821955603258473,-0.13488817420491683,-1.5170837345307642
1,0.469,-1.3824478946027252,-0.13780459096712266,-1.5202524855698478
1,0.47,-1.3826921980034785,-0.1407521993524538,-1.5234443973559324
1,0.471,-1.3829284724947277,-0.1437309993609102,-1.5266594718556379
1,0.472,-1.3831567199776977,-0.14674099099249174,-1.5298977109701895
1,0.473,-1.3833769422883095,-0.1497821742471985,-1.533159116535508
1,0.474,-1.383589141197271,-0.15285454912503046,-1.5364436903223013
1,0.475,-1.3837933184101598,-0.1559581156259876,-1.5397514340361473
1,0.476,-1.38398947556751,-0.15909287375006997,-1.5430823493175798
1,0.477,-1.3841776142448872,-0.16225882349727755,-1.5464364377421647
1,0.478,-1.3843577359529673,-0.16545596486761027,-1.5498137008205775
1,0.479,-1.384529842137609,-0.1686842978610682,-1.5532141399986772
1,0.48,-1.384693934179923,-0.17194382247765136,-1.5566377566575742
1,0.481,-1.3848500133963395,-0.1752345387173597,-1.5600845521136992
1,0.482,-1.3849980810386708,-0.1785564465801933,-1.563554527618864
1,0.483,-1.385138138294173,-0.18190954606615198,-1.567047684360325
1,0.484,-1.3852701862856018,-0.18529383717523593,-1.5705640234608378
1,0.485,-1.3853942260712673,-0.18870931990744508,-1.5741035459787123
1,0.486,-1.3855102586450845,-0.1921559942627794,-1.5776662529078638
1,0.487,-1.385618284936622,-0.1956338602412389,-1.581252145177861
1,0.488,-1.3857183058111464,-0.19914291784282365,-1.58486122365397
1,0.489,-1.3858103220696634,-0.20268316706753356,-1.588493489137197
1,0.49,-1.3858943344489565,-0.20625460791536868,-1.5921489423643251
1,0.491,-1.3859703436216226,-0.20985724038632902,-1.5958275840079517
1,0.492,-1.3860383501961053,-0.21349106448041452,-1.5995294146765198
1,0.493,-1.3860983547167218,-0.21715608019762522,-1.603254434914347
1,0.494,-1.3861503576636915,-0.22085228753796116,-1.6070026452016526
1,0.495,-1.3861943594531572,-0.22457968650142227,-1.6107740459545794
1,0.496,-1.3862303604372066,-0.22833827708800855,-1.614568637525215
1,0.497,-1.3862583609038874,-0.23212805929772007,-1.6183864202016074
1,0.498,-1.3862783610772236,-0.2359490331305568,-1.6222273942077803
1,0.499,-1.386290361117224,-0.23980119858651863,-1.6260915597037426
1,0.5,-1.3862943611198906,-0.24368455566560576,-1.6299789167854963
1,0.501,-1.386290361117224,-0.24759910436781807,-1.633889465485042
1,0.502,-1.3862783610772236,-0.2515448446931556,-1.6378232057703792
1,0.503,-1.3862583609038874,-0.25552177664161824,-1.6417801375455057
1,0.504,-1.3862303604372066,-0.2595299002132061,-1.6457602606504127
1,0.505,-1.3861943594531572,-0.2635692154079192,-1.6497635748610764
1,0.506,-1.3861503576636915,-0.26763972222575755,-1.6537900798894491
1,0.507,-1.3860983547167218,-0.27174142066672097,-1.6578397753834428
1,0.508,-1.3860383501961053,-0.2758743107308097,-1.661912660926915
1,0.509,-1.3859703436216226,-0.28003839241802353,-1.6660087360396463
1,0.51,-1.3858943344489565,-0.2842336657283626,-1.670128000177319
1,0.511,-1.3858103220696634,-0.28846013066182685,-1.6742704527314902
1,0.512,-1.3857183058111464,-0.2927177872184164,-1.6784360930295628
1,0.513,-1.385618284936622,-0.297006635398131,-1.682624920334753
1,0.514,-1.3855102586450845,-0.3013266752009709,-1.6868369338460554
1,0.515,-1.3853942260712673,-0.30567790662693595,-1.6910721326982032
1,0.516,-1.3852701862856018,-0.3100603296760262,-1.695330515961628
1,0.517,-1.385138138294173,-0.31447394434824166,-1.6996120826424146
1,0.518,-1.3849980810386708,-0.3189187506435823,-1.7039168316822533
1,0.519,-1.3848500133963395,-0.32339474856204814,-1.7082447619583876
1,0.52,-1.384693934179923,-0.3279019381036392,-1.7125958722835621
1,0.521,-1.384529842137609,-0.33244031926835543,-1.7169701614059645
1,0.522,-1.3843577359529673,-0.3370098920561969,-1.721367628009164
1,0.523,-1.3841776142448872,-0.34161065646716354,-1.7257882707120507
1,0.524,-1.38398947556751,-0.3462426125012553,-1.7302320880687652
1,0.525,-1.3837933184101598,-0.3509057601584724,-1.7346990785686323
1,0.526,-1.383589141197271,-0.3556000994388146,-1.7391892406360856
1,0.527,-1.3833769422883095,-0.3603256303422821,-1.7437025726305917
1,0.528,-1.3831567199776977,-0.3650823528688747,-1.7482390728465724
1,0.529,-1.3829284724947277,-0.36987026701859255,-1.7527987395133202
1,0.53,-1.3826921980034785,-0.37468937279143555,-1.757381570794914
1,0.531,-1.3824478946027252,-0.37953967018740375,-1.7619875647901289
1,0.532,-1.3821955603258473,-0.38442115920649716,-1.7666167195323446
1,0.533,-1.3819351931407338,-0.38933383984871583,-1.7712690329894496
1,0.534,-1.381666790949684,-0.39427771211405965,-1.7759445030637437
1,0.535,-1.3813903515893058,-0.3992527760025287,-1.7806431275918344
1,0.536,-1.3811058728304095,-0.40425903151412285,-1.7853649043445323
1,0.537,-1.3808133523779007,-0.4092964786488423,-1.790109831026743
1,0.538,-1.3805127878706673,-0.41436511740668686,-1.7948779052773542
1,0.539,-1.380204176881465,-0.41946494778765664,-1.7996691246691217
1,0.54,-1.379887516916799,-0.4245959697917516,-1.8044834867085506
1,0.541,-1.3795628054168008,-0.4297581834189719,-1.8093209888357726
1,0.542,-1.3792300397551043,-0.4349515886693172,-1.8141816284244214
1,0.543,-1.378889217238717,-0.4401761855427879,-1.819065402781505
1,0.544,-1.3785403351078884,-0.44543197403938367,-1.8239723091472722
1,0.545,-1.378183390535973,-0.4507189541591047,-1.8289023446950776
1,0.546,-1.3778183806292938,-0.4560371259019508,-1.8338555065312447
1,0.547,-1.377445302426998,-0.46138648926792214,-1.8388317916949202
1,0.548,-1.3770641529009122,-0.4667670442570188,-1.843831197157931
1,0.549,-1.3766749289553935,-0.47217879086924053,-1.848853719824634
1,0.55,-1.3762776274271769,-0.4776217291045876,-1.8538993565317645
1,0.551,-1.375872245085218,-0.4830958589630597,-1.8589681040482777
1,0.552,-1.3754587786305341,-0.4886011804446571,-1.8640599590751912
1,0.553,-1.3750372246960412,-0.4941376935493797,-1.869174918245421
1,0.554,-1.3746075798463866,-0.4997053982772274,-1.8743129781236139
1,0.555,-1.3741698405777778,-0.5053042946282004,-1.879474135205978
1,0.556,-1.373724003317811,-0.5109343826022985,-1.8846583859201096
1,0.557,-1.3732700644252893,-0.5165956621995219,-1.8898657266248113
1,0.558,-1.372808020190046,-0.5222881334198705,-1.8950961536099165
1,0.559,-1.372337866832755,-0.5280117962633443,-1.9003496630960992
1,0.56,-1.3718596005047456,-0.5337666507299431,-1.9056262512346889
1,0.561,-1.3713732172878084,-0.5395526968196673,-1.9109259141074757
1,0.562,-1.3708787131939983,-0.5453699345325167,-1.916248647726515
1,0.563,-1.370376084165437,-0.5512183638684907,-1.9215944480339278
1,0.564,-1.3698653260741058,-0.5570979848275903,-1.9269633109016961
1,0.565,-1.3693464347216406,-0.5630087974098152,-1.9323552321314559
1,0.566,-1.3688194058391194,-0.5689508016151654,-1.9377702074542849
1,0.567,-1.3682842350868472,-0.5749239974436408,-1.943208232530488
1,0.568,-1.367740918054135,-0.5809283848952412,-1.948669302949376
1,0.569,-1.367189450259079,-0.586963963969967,-1.954153414229046
1,0.57,-1.366629827148332,-0.5930307346678179,-1.9596605618161498
1,0.571,-1.3660620440968718,-0.599128696988794,-1.965190741085666
1,0.572,-1.3654860964077673,-0.6052578509328954,-1.9707439473406627
1,0.573,-1.3649019793119372,-0.6114181965001219,-1.976320175812059
1,0.574,-1.3643096879679082,-0.6176097336904737,-1.981919421658382
1,0.575,-1.3637092174615668,-0.6238324625039504,-1.9875416799655172
1,0.576,-1.3631005628059072,-0.6300863829405526,-1.99318694574646
1,0.577,-1.362483718940776,-0.6363714950002799,-1.9988552139410558
1,0.578,-1.3618586807326118,-0.6426877986831324,-2.0045464794157444
1,0.579,-1.3612254429741806,-0.6490352939891102,-2.010260736963291
1,0.58,-1.360584000384307,-0.655413980918213,-2.01599798130252
1,0.581,-1.3599343476076018,-0.6618238594704411,-2.021758207078043
1,0.582,-1.3592764792141843,-0.6682649296457944,-2.0275414088599786
1,0.583,-1.3586103896993995,-0.6747371914442728,-2.0333475811436723
1,0.584,-1.357936073483534,-0.6812406448658765,-2.0391767183494105
1,0.585,-1.3572535249115227,-0.6877752899106054,-2.0450288148221283
1,0.586,-1.356562738252655,-0.6943411265784596,-2.0509038648311146
1,0.587,-1.355863707700276,-0.7009381548694388,-2.056801862569715
1,0.588,-1.3551564273714791,-0.7075663747835433,-2.0627228021550224
1,0.589,-1.3544408913068002,-0.7142257863207732,-2.0686666776275735
1,0.59,-1.3537170934699014,-0.7209163894811279,-2.0746334829510293
1,0.591,-1.3529850277472542,-0.7276381842646079,-2.080623212011862
1,0.592,-1.3522446879478154,-0.7343911706712132,-2.0866358586190286
1,0.593,-1.3514960678026995,-0.7411753487009437,-2.0926714165036433
1,0.594,-1.350739160964845,-0.7479907183537994,-2.098729879318644
1,0.595,-1.3499739610086778,-0.7548372796297803,-2.1048112406384583
1,0.596,-1.349200461429768,-0.7617150325288863,-2.1109154939586543
1,0.597,-1.3484186556444808,-0.7686239770511176,-2.1170426326955987
1,0.598,-1.3476285369896255,-0.775564113196474,-2.1231926501860996
1,0.599,-1.3468300987220974,-0.7825354409649556,-2.129365539687053
1,0.6,-1.346023334018513,-0.7895379603565624,-2.1355612943750755
1,0.601,-1.3452082359748436,-0.7965716713712946,-2.1417799073461383
1,0.602,-1.344384797606041,-0.8036365740091519,-2.148021371615193
1,0.603,-1.3435530118456593,-0.8107326682701342,-2.1542856801157937
1,0.604,-1.3427128715454693,-0.817859954154242,-2.1605728256997114
1,0.605,-1.3418643694750698,-0.8250184316614747,-2.1668828011365444
1,0.606,-1.3410074983214932,-0.8322081007918328,-2.173215599113326
1,0.607,-1.3401422506888037,-0.8394289615453161,-2.1795712122341198
1,0.608,-1.3392686190976923,-0.8466810139219244,-2.1859496330196166
1,0.609,-1.3383865959850634,-0.8539642579216581,-2.1923508539067216
1,0.61,-1.3374961737036188,-0.8612786935445169,-2.1987748672481358
1,0.611,-1.3365973445214334,-0.8686243207905009,-2.2052216653119343
1,0.612,-1.3356901006215267,-0.8760011396596104,-2.2116912402811373
1,0.613,-1.3347744341014278,-0.8834091501518446,-2.2181835842532722
1,0.614,-1.3338503369727337,-0.8908483522672043,-2.224698689239938
1,0.615,-1.3329178011606633,-0.8983187460056891,-2.2312365471663522
1,0.616,-1.3319768185036036,-0.905820331367299,-2.237797149870903
1,0.617,-1.3310273807526507,-0.9133531083520342,-2.244380489104685
1,0.618,-1.330069479571145,-0.9209170769598947,-2.2509865565310396
1,0.619,-1.3291031065341978,-0.9285122371908803,-2.257615343725078
1,0.62,-1.3281282531282161,-0.936138589044991,-2.2642668421732073
1,0.621,-1.3271449107504143,-0.9437961325222272,-2.2709410432726416
1,0.622,-1.3261530707083267,-0.9514848676225883,-2.277637938330915
1,0.623,-1.3251527242193073,-0.9592047943460745,-2.2843575185653817
1,0.624,-1.3241438624100277,-0.9669559126926862,-2.291099775102714
1,0.625,-1.3231264763159643,-0.974738222662423,-2.2978646989783873
1,0.626,-1.3221005568808808,-0.982551724255285,-2.304652281136166
1,0.627,-1.3210660949563051,-0.9903964174712723,-2.3114625124275774
1,0.628,-1.3200230813009957,-0.9982723023103846,-2.31829538361138
1,0.629,-1.318971506580403,-1.0061793787726223,-2.3251508853530254
1,0.63,-1.3179113613661255,-1.014117646857985,-2.3320290082241106
1,0.631,-1.316842636135354,-1.022087106566473,-2.338929742701827
1,0.632,-1.315765321270313,-1.030087757898086,-2.345853079168399
1,0.633,-1.3146794070576924,-1.0381196008528244,-2.3527990079105168
1,0.634,-1.3135848836880715,-1.046182635430688,-2.3597675191187593
1,0.635,-1.3124817412553371,-1.0542768616316769,-2.366758602887014
1,0.636,-1.3113699697560914,-1.0624022794557908,-2.373772249211882
1,0.637,-1.3102495590890564,-1.0705588889030302,-2.3808084479920866
1,0.638,-1.309120499054464,-1.0787466899733944,-2.387867189027858
1,0.639,-1.3079827793534444,-1.0869656826668839,-2.394948462020328
1,0.64,-1.3068363895874036,-1.0952158669834986,-2.402052256570902
1,0.641,-1.305681319257391,-1.1034972429232388,-2.40917856218063
1,0.642,-1.3045175577634625,-1.1118098104861036,-2.416327368249566
1,0.643,-1.3033450944040332,-1.1201535696720941,-2.4234986640761274
1,0.644,-1.302163918375221,-1.1285285204812097,-2.430692438856431
1,0.645,-1.3009740187701824,-1.1369346629134505,-2.437908681683633
1,0.646,-1.29977538457844,-1.1453719969688163,-2.4451473815472564
1,0.647,-1.298568004685201,-1.1538405226473074,-2.4524085273325085
1,0.648,-1.2973518678706657,-1.1623402399489238,-2.4596921078195892
1,0.649,-1.2961269628093275,-1.1708711488736656,-2.466998111682993
1,0.65,-1.294893278069265,-1.179433249421532,-2.4743265274907973
1,0.651,-1.2936508021114228,-1.188026541592524,-2.4816773437039465
1,0.652,-1.2923995232888845,-1.1966510253866414,-2.489050548675526
1,0.653,-1.291139429846135,-1.2053067008038836,-2.4964461306500185
1,0.654,-1.289870509918313,-1.2139935678442513,-2.5038640777625645
1,0.655,-1.2885927515304556,-1.2227116265077438,-2.5113043780381994
1,0.656,-1.2873061425967312,-1.2314608767943616,-2.5187670193910927
1,0.657,-1.286010670919661,-1.2402413187041048,-2.526251989623766
1,0.658,-1.2847063241893348,-1.249052952236973,-2.533759276426308
1,0.659,-1.283393089982611,-1.2578957773929667,-2.5412888673755774
1,0.66,-1.2820709557623111,-1.2667697941720852,-2.5488407499343966
1,0.661,-1.2807399088763995,-1.2756750025743293,-2.556414911450729
1,0.662,-1.2793999365571547,-1.2846114025996984,-2.564011339156853
1,0.663,-1.2780510259203286,-1.2935789942481926,-2.571630020168521
1,0.664,-1.2766931639642967,-1.3025777775198122,-2.5792709414841086
1,0.665,-1.2753263375691937,-1.3116077524145568,-2.5869340899837505
1,0.666,-1.2739505334960397,-1.3206689189324265,-2.594619452428466
1,0.667,-1.2725657383858564,-1.3297612770734217,-2.602327015459278
1,0.668,-1.271171938758767,-1.338884826837542,-2.610056765596309
1,0.669,-1.2697691210130886,-1.3480395682247877,-2.6178086892378762
1,0.67,-1.2683572714244113,-1.3572255012351582,-2.6255827726595697
1,0.671,-1.2669363761446624,-1.3664426258686542,-2.6333790020133163
1,0.672,-1.2655064212011626,-1.3756909421252752,-2.641197363326438
1,0.673,-1.2640673924956667,-1.3849704500050213,-2.6490378425006877
1,0.674,-1.2626192758033907,-1.3942811495078928,-2.6569004253112833
1,0.675,-1.2611620567720294,-1.4036230406338897,-2.664785097405919
1,0.676,-1.259695720920757,-1.4129961233830115,-2.6726918443037686
1,0.677,-1.2582202536392175,-1.4224003977552584,-2.680620651394476
1,0.678,-1.2567356401864989,-1.4318358637506308,-2.68857150393713
1,0.679,-1.2552418656900945,-1.4413025213691284,-2.696544387059223
1,0.68,-1.2537389151448526,-1.4508003706107508,-2.7045392857556037
1,0.681,-1.2522267734119072,-1.4603294114754988,-2.712556184887406
1,0.682,-1.2507054252175993,-1.4698896439633717,-2.720595069180971
1,0.683,-1.2491748551523787,-1.4794810680743702,-2.728655923226749
1,0.684,-1.2476350476696965,-1.4891036838084937,-2.73673873147819
1,0.685,-1.2460859870848764,-1.4987574911657422,-2.7448434782506186
1,0.686,-1.2445276575739763,-1.5084424901461162,-2.7529701477200925
1,0.687,-1.2429600431726302,-1.518158680749615,-2.7611187239222454
1,0.688,-1.2413831277748764,-1.5279060629762382,-2.7692891907511146
1,0.689,-1.2397968951319691,-1.5376846368259875,-2.7774815319579567
1,0.69,-1.2382013288511742,-1.5474944022988624,-2.7856957311500365
1,0.691,-1.2365964123945477,-1.5573353593948622,-2.79393177178941
1,0.692,-1.2349821290776974,-1.5672075081139871,-2.8021896371916846
1,0.693,-1.2333584620685292,-1.5771108484562375,-2.8104693105247667
1,0.694,-1.2317253943859725,-1.587045380421613,-2.8187707748075854
1,0.695,-1.2300829088986918,-1.5970111040101134,-2.8270940129088054
1,0.696,-1.2284309883237792,-1.607008019221739,-2.835439007545518
1,0.697,-1.2267696152254262,-1.6170361260564905,-2.8438057412819164
1,0.698,-1.225098772013581,-1.6270954245143663,-2.8521941965279476
1,0.699,-1.2234184409425843,-1.637185914595368,-2.8606043555379523
1,0.7,-1.221728604109787,-1.6473075962994945,-2.8690362004092815
1,0.701,-1.2200292434541482,-1.6574604696267463,-2.8774897130808945
1,0.702,-1.2183203407548142,-1.6676445345771231,-2.885964875331937
1,0.703,-1.2166018776296756,-1.6778597911506254,-2.894461668780301
1,0.704,-1.2148738355339068,-1.6881062393472532,-2.9029800748811603
1,0.705,-1.2131361957584816,-1.6983838791670056,-2.9115200749254875
1,0.706,-1.2113889394286717,-1.7086927106098833,-2.920081650038555
1,0.707,-1.2096320475025188,-1.7190327336758862,-2.928664781178405
1,0.708,-1.2078655007692904,-1.7294039483650145,-2.937269449134305
1,0.709,-1.2060892798479088,-1.7398063546772677,-2.9458956345251766
1,0.71,-1.20430336518536,-1.7502399526126464,-2.9545433177980067
1,0.711,-1.2025077370550799,-1.7607047421711501,-2.9632124792262298
1,0.712,-1.2007023755553157,-1.7712007233527793,-2.9719030989080952
1,0.713,-1.1988872606074656,-1.7817278961575336,-2.9806151567649994
1,0.714,-1.197062371954392,-1.7922862605854128,-2.989348632539805
1,0.715,-1.1952276891587124,-1.8028758166364172,-2.9981035057951297
1,0.716,-1.1933831916010647,-1.8134965643105474,-3.006879755911612
1,0.717,-1.191528858478346,-1.824148503607802,-3.015677362086148
1,0.718,-1.1896646688019281,-1.8348316345281823,-3.0244963033301104
1,0.719,-1.187790601395844,-1.8455459570716874,-3.033336558467531
1,0.72,-1.185906634894949,-1.8562914712383183,-3.0421981061332675
1,0.721,-1.1840127477430555,-1.867068177028074,-3.0510809247711297
1,0.722,-1.182108918191039,-1.877876074440955,-3.059984992631994
1,0.723,-1.180195124294915,-1.8887151634769612,-3.0689102877718764
1,0.724,-1.17827134391389,-1.8995854441360924,-3.0778567880499823
1,0.725,-1.1763375547083814,-1.9104869164183491,-3.0868244711267305
1,0.726,-1.1743937341380077,-1.9214195803237306,-3.095813314461738
1,0.727,-1.1724398594595489,-1.9323834358522378,-3.1048232953117867
1,0.728,-1.1704759077248768,-1.9433784830038698,-3.1138543907287466
1,0.729,-1.1685018557788527,-1.9544047217786271,-3.1229065775574796
1,0.73,-1.166517680257194,-1.96546215217651,-3.131979832433704
1,0.731,-1.1645233575843086,-1.9765507741975172,-3.141074131781826
1,0.732,-1.1625188639710948,-1.98767058784165,-3.1501894518127447
1,0.733,-1.1605041754127097,-1.9988215931089084,-3.159325768521618
1,0.734,-1.1584792676863014,-2.010003789999292,-3.1684830576855934
1,0.735,-1.1564441163487065,-2.0212171785128,-3.1776612948615064
1,0.736,-1.1543986967341133,-2.032461758649434,-3.186860455383547
1,0.737,-1.1523429839516879,-2.0437375304091927,-3.1960805143608804
1,0.738,-1.150276952883162,-2.055044493792077,-3.205321446675239
1,0.739,-1.148200578180386,-2.0663826487980863,-3.214583226978472
1,0.74,-1.1461138342628407,-2.0777519954272208,-3.2238658296900615
1,0.741,-1.1440166953151127,-2.0891525336794805,-3.2331692289945932
1,0.742,-1.141909135284327,-2.100584263554866,-3.242493398839193
1,0.743,-1.139791127877541,-2.1120471850533757,-3.251838312930917
1,0.744,-1.1376626465590973,-2.123541298175011,-3.261203944734108
1,0.745,-1.1355236645479332,-2.1350666029197716,-3.2705902674677048
1,0.746,-1.1333741548148464,-2.146623099287657,-3.2799972541025033
1,0.747,-1.1312140900797198,-2.1582107872786684,-3.289424877358388
1,0.748,-1.1290434428086988,-2.1698296668928045,-3.2988731097015034
1,0.749,-1.1268621852113239,-2.1814797381300655,-3.3083419233413895
1,0.75,-1.1246702892376166,-2.193161000990452,-3.3178312902280687
1,0.751,-1.1224677265751195,-2.2048734554739635,-3.327341182049083
1,0.752,-1.120254468645884,-2.2166171015806,-3.336871570226484
1,0.753,-1.1180304866034136,-2.2283919393103626,-3.3464224259137763
1,0.754,-1.115795751329554,-2.24019796866325,-3.355993719992804
1,0.755,-1.1135502334313307,-2.2520351896392623,-3.365585423070593
1,0.756,-1.1112939032377378,-2.2639036022384,-3.375197505476138
1,0.757,-1.10902673079647,-2.2758032064606626,-3.3848299372571327
1,0.758,-1.1067486858706024,-2.2877340023060513,-3.3944826881766534
1,0.759,-1.1044597379352121,-2.2996959897745644,-3.4041557277097763
1,0.76,-1.1021598561739456,-2.3116891688662027,-3.4138490250401485
1,0.761,-1.0998490094755262,-2.3237135395809663,-3.4235625490564923
1,0.762,-1.0975271664302033,-2.3357691019188556,-3.433296268349059
1,0.763,-1.0951942953261404,-2.3478558558798692,-3.44305015120601
1,0.764,-1.0928503641457428,-2.3599738014640086,-3.4528241656097514
1,0.765,-1.0904953405619193,-2.372122938671273,-3.4626182792331925
1,0.766,-1.088129191934284,-2.3843032675016627,-3.4724324594359466
1,0.767,-1.0857518853052865,-2.396514787955178,-3.4822666732604644
1,0.768,-1.0833633873962818,-2.4087575000318173,-3.492120887428099
1,0.769,-1.080963664603525,-2.421031403731583,-3.501995068335108
1,0.77,-1.0785526829941008,-2.4333364990544735,-3.5118891820485745
1,0.771,-1.0761304083017782,-2.4456727860004888,-3.521803194302267
1,0.772,-1.0736968059227947,-2.4580402645696298,-3.5317370704924245
1,0.773,-1.0712518409115628,-2.4704389347618956,-3.5416907756734584
1,0.774,-1.0687954779763034,-2.482868796577287,-3.5516642745535902
1,0.775,-1.0663276814745972,-2.4953298500158034,-3.5616575314904004
1,0.776,-1.0638484154088605,-2.507822095077445,-3.571670510486306
1,0.777,-1.0613576434217369,-2.520345531762212,-3.5817031751839488
1,0.778,-1.0588553287914046,-2.532900160070104,-3.5917554888615086
1,0.779,-1.0563414344268014,-2.5454859800011214,-3.6018274144279228
1,0.78,-1.0538159228627606,-2.558102991555264,-3.6119189144180246
1,0.781,-1.0512787562550572,-2.570751194732531,-3.622029950987588
1,0.782,-1.0487298963753646,-2.5834305895329237,-3.6321604859082885
1,0.783,-1.046169304606117,-2.596141175956442,-3.642310480562559
1,0.784,-1.0435969419352753,-2.608882954003085,-3.6524798959383604
1,0.785,-1.0410127689509978,-2.6216559236728534,-3.662668692623851
1,0.786,-1.0384167458362088,-2.6344600849657467,-3.6728768308019557
1,0.787,-1.0358088323630663,-2.647295437881766,-3.6831042702448324
1,0.788,-1.033188987887323,-2.6601619824209095,-3.6933509703082326
1,0.789,-1.0305571713425845,-2.673059718583179,-3.7036168899257635
1,0.79,-1.0279133412344512,-2.6859886463685734,-3.7139019876030246
1,0.791,-1.0252574556345546,-2.6989487657770934,-3.724206221411648
1,0.792,-1.022589472174475,-2.7119400768087383,-3.7345295489832133
1,0.793,-1.0199093480395425,-2.7249625794635075,-3.74487192750305
1,0.794,-1.0172170399625151,-2.738016273741403,-3.755233313703918
1,0.795,-1.014512504217139,-2.751101159642423,-3.765613663859562
1,0.796,-1.011795696611576,-2.764217237166569,-3.776012933778145
1,0.797,-1.0090665724817056,-2.7773645063138397,-3.7864310787955455
1,0.798,-1.0063250866842923,-2.7905429670842357,-3.796868053768528
1,0.799,-1.0035711935900187,-2.803752619477757,-3.8073238130677756
1,0.8,-1.0008048470763757,-2.8169934634944034,-3.817798310570779
1,0.801,-0.9980260005204145,-2.8302654991341747,-3.828291499654589
1,0.802,-0.9952346067913488,-2.8435687263970717,-3.8388033331884204
1,0.803,-0.9924306182430073,-2.8569031452830935,-3.8493337635261007
1,0.804,-0.9896139867061333,-2.8702687557922406,-3.8598827424983737
1,0.805,-0.9867846634805257,-2.883665557924513,-3.8704502214050387
1,0.806,-0.9839425993270179,-2.8970935516799106,-3.8810361510069287
1,0.807,-0.9810877444592907,-2.9105527370584334,-3.891640481517724
1,0.808,-0.9782200485355157,-2.924043114060081,-3.902263162595597
1,0.809,-0.9753394606498218,-2.9375646826848545,-3.9129041433346763
1,0.81,-0.9724459293235843,-2.951117442932753,-3.9235633722563374
1,0.811,-0.9695394024965294,-2.964701394803776,-3.9342407973003057
1,0.812,-0.9666198275176481,-2.9783165382979253,-3.9449363658155736
1,0.813,-0.9636871511359189,-2.9919628734151975,-3.955650024551116
1,0.814,-0.9607413194908279,-3.0056404001555963,-3.9663817196464244
1,0.815,-0.9577822781026879,-3.0193491185191212,-3.977131396621809
1,0.816,-0.954809971862745,-3.0330890285057706,-3.9878990003685155
1,0.817,-0.9518243450230695,-3.046860130115545,-3.9986844751386146
1,0.818,-0.9488253411862266,-3.060662423348445,-4.009487764534672
1,0.819,-0.9458129032947176,-3.0744959082044705,-4.020308811499188
1,0.82,-0.9427869736201885,-3.0883605846836204,-4.031147558303809
1,0.821,-0.9397474937523969,-3.102256452785896,-4.042003946538292
1,0.822,-0.9366944045879322,-3.116183512511297,-4.052877917099229
1,0.823,-0.9336276463186818,-3.1301417638598226,-4.063769410178504
1,0.824,-0.9305471584200355,-3.144131206831474,-4.0746783652515095
1,0.825,-0.9274528796388208,-3.1581518414262497,-4.085604721065071
1,0.826,-0.9243447479809623,-3.172203667644152,-4.096548415625114
1,0.827,-0.9212227006988574,-3.1862866854851783,-4.107509386184036
1,0.828,-0.9180866742784564,-3.2004008949493303,-4.118487569227787
1,0.829,-0.9149366044260454,-3.2145462960366076,-4.129482900462653
1,0.83,-0.9117724260547169,-3.2287228887470096,-4.1404953148017265
1,0.831,-0.9085940732705206,-3.242930673080537,-4.151524746351058
1,0.832,-0.9054014793582881,-3.257169649037189,-4.162571128395477
1,0.833,-0.9021945767671182,-3.271439816616968,-4.173634393384086
1,0.834,-0.8989732970955122,-3.285741175819871,-4.184714472915383
1,0.835,-0.8957375710761539,-3.300073726645899,-4.195811297722052
1,0.836,-0.8924873285603161,-3.3144374690950524,-4.206924797655368
1,0.837,-0.889222498501888,-3.3288324031673313,-4.21805490166922
1,0.838,-0.8859430089410105,-3.3432585288627354,-4.229201537803746
1,0.839,-0.8826487869873052,-3.3577158461812644,-4.24036463316857
1,0.84,-0.879339758802686,-3.3722043551229186,-4.251544113925605
1,0.841,-0.8760158495837419,-3.3867240556876976,-4.26273990527144
1,0.842,-0.8726769835436745,-3.401274947875603,-4.273951931419277
1,0.843,-0.8693230838937771,-3.4158570316866324,-4.28518011558041
1,0.844,-0.865954072824443,-3.4304703071207876,-4.296424379945231
1,0.845,-0.862569871485684,-3.4451147741780677,-4.307684645663752
1,0.846,-0.8591703999671466,-3.4597904328584734,-4.31896083282562
1,0.847,-0.8557555772776089,-3.4744972831620036,-4.330252860439613
1,0.848,-0.8523253213239386,-3.48923532508866,-4.341560646412598
1,0.849,-0.8488795488894992,-3.5040045586384414,-4.352884107527941
1,0.85,-0.8454181756119818,-3.5188049838113473,-4.364223159423329
1,0.851,-0.8419411159606446,-3.5336366006073785,-4.375577716568023
1,0.852,-0.8384482832129421,-3.5484994090265354,-4.3869476922394774
1,0.853,-0.8349395894305212,-3.563393409068817,-4.398332998499338
1,0.854,-0.8314149454345626,-3.5783186007342236,-4.409733546168786
1,0.855,-0.8278742607804477,-3.5932749840227562,-4.421149244803204
1,0.856,-0.8243174437317236,-3.6082625589344133,-4.432580002666137
1,0.857,-0.8207444012333461,-3.623281325469196,-4.4440257267025425
1,0.858,-0.8171550388841728,-3.638331283627104,-4.455486322511277
1,0.859,-0.8135492609086801,-3.653412433408137,-4.466961694316817
1,0.86,-0.8099269701278771,-3.668524774812295,-4.4784517449401715
1,0.861,-0.8062880679293893,-3.6836683078395787,-4.489956375768968
1,0.862,-0.8026324542366787,-3.6988430324899877,-4.501475486726666
1,0.863,-0.7989600274773714,-3.714048948763521,-4.513008976240893
1,0.864,-0.7952706845506599,-3.72928605666018,-4.52455674121084
1,0.865,-0.791564320793747,-3.744554356179964,-4.536118676973711
1,0.866,-0.7878408299472922,-3.7598538473228733,-4.547694677270165
1,0.867,-0.784100104119828,-3.7751845300889086,-4.559284634208737
1,0.868,-0.7803420337511043,-3.790546404478068,-4.570888438229172
1,0.869,-0.7765665075743211,-3.8059394704903533,-4.582505978064674
1,0.87,-0.7727734125772074,-3.8213637281257635,-4.594137140702971
1,0.871,-0.7689626339619029,-3.836819177384298,-4.605781811346201
1,0.872,-0.7651340551035917,-3.8523058182659593,-4.617439873369551
1,0.873,-0.7612875575078464,-3.867823650770745,-4.629111208278591
1,0.874,-0.7574230207666257,-3.8833726748986557,-4.640795695665282
1,0.875,-0.7535403225128735,-3.898952890649692,-4.652493213162566
1,0.876,-0.7496393383736673,-3.9145642980238535,-4.664203636397521
1,0.877,-0.7457199419218503,-3.93020689702114,-4.67592683894299
1,0.878,-0.7417820046260946,-3.945880687641552,-4.687662692267646
1,0.879,-0.7378253957993215,-3.961585669885089,-4.69941106568441
1,0.88,-0.7338499825454192,-3.9773218437517515,-4.7111718262971705
1,0.881,-0.7298556297041818,-3.993089209241538,-4.72294483894572
1,0.882,-0.7258421997943973,-4.0088877663544515,-4.734729966148849
1,0.883,-0.7218095529550057,-4.024717515090489,-4.746527068045495
1,0.884,-0.7177575468842439,-4.040578455449652,-4.7583360023338965
1,0.885,-0.7136860367766913,-4.05647058743194,-4.770156624208631
1,0.886,-0.7095948752581256,-4.072393911037353,-4.781988786295479
1,0.887,-0.705483912318091,-4.088348426265892,-4.793832338583983
1,0.888,-0.7013529952400789,-4.104334133117555,-4.805687128357634
1,0.889,-0.6972019685292135,-4.120351031592344,-4.817553000121558
1,0.89,-0.6930306738373323,-4.136399121690259,-4.829429795527591
1,0.891,-0.6888389498853384,-4.152478403411298,-4.8413173532966365
1,0.892,-0.6846266323827058,-4.168588876755462,-4.853215509138168
1,0.893,-0.6803935539439988,-4.184730541722752,-4.865124095666751
1,0.894,-0.6761395440022725,-4.200903398313167,-4.877042942315439
1,0.895,-0.671864428719203,-4.2171074465267075,-4.888971875245911
1,0.896,-0.6675680308917932,-4.233342686363374,-4.900910717255167
1,0.897,-0.6632501698554888,-4.249609117823163,-4.912859287678652
1,0.898,-0.6589106613835323,-4.265906740906079,-4.924817402289611
1,0.899,-0.6545493175823665,-4.282235555612121,-4.936784873194487
1,0.9,-0.6501659467828964,-4.298595561941286,-4.948761508724182
1,0.901,-0.6457603534274003,-4.314986759893578,-4.960747113320978
1,0.902,-0.6413323379518688,-4.3314091494689935,-4.972741487420862
1,0.903,-0.6368816966635421,-4.3478627306675355,-4.984744427331077
1,0.904,-0.6324082216133944,-4.364347503489202,-4.996755725102596
1,0.905,-0.6279117004633049,-4.380863467933994,-5.0087751683973
1,0.906,-0.6233919163476347,-4.397410624001911,-5.020802540349546
1,0.907,-0.6188486477289106,-4.413988971692955,-5.032837619421866
1,0.908,-0.614281668247302,-4.430598511007123,-5.044880179254425
1,0.909,-0.6096907465635508,-4.4472392419444144,-5.0569299885079655
1,0.91,-0.605075646194996,-4.463911164504832,-5.068986810699828
1,0.911,-0.600436125344309,-4.4806142786883765,-5.081050404032686
1,0.912,-0.5957719367205291,-4.497348584495045,-5.093120521215574
1,0.913,-0.5910828273519639,-4.514114081924839,-5.105196909276803
1,0.914,-0.5863685383904844,-4.530910770977758,-5.117279309368242
1,0.915,-0.5816288049067162,-4.547738651653802,-5.129367456560518
1,0.916,-0.5768633556755907,-4.5645977239529705,-5.141461079628561
1,0.917,-0.5720719129516821,-4.581487987875265,-5.153559900826948
1,0.918,-0.567254192233716,-4.598409443420685,-5.1656636356544015
1,0.919,-0.562409902017586,-4.61536209058923,-5.177771992606815
1,0.92,-0.5575387435371746,-4.6323459293809,-5.189884672918074
1,0.921,-0.5526404104922094,-4.649360959795695,-5.202001370287904
1,0.922,-0.5477145887623386,-4.666407181833616,-5.214121770595955
1,0.923,-0.5427609561065415,-4.6834845954946625,-5.226245551601204
1,0.924,-0.5377791818469193,-4.700593200778832,-5.2383723826257516
1,0.925,-0.5327689265358407,-4.717732997686128,-5.250501924221969
1,0.926,-0.5277298416053325,-4.734903986216549,-5.262633827821882
1,0.927,-0.5226615689975134,-4.752106166370096,-5.274767735367609
1,0.928,-0.5175637407747736,-4.769339538146768,-5.2869032789215415
1,0.929,-0.512435978708295,-4.7866041015465655,-5.29904008025486
1,0.93,-0.5072778938433826,-4.803899856569487,-5.311177750412869
1,0.931,-0.5020890860399532,-4.821226803215534,-5.323315889255488
1,0.932,-0.49686914348638134,-4.838584941484706,-5.335454084971087
1,0.933,-0.49161764218474086,-4.855974271377005,-5.347591913561746
1,0.934,-0.48633414540530767,-4.873394792892427,-5.359728938297734
1,0.935,-0.48101820310799637,-4.890846506030975,-5.371864709138972
1,0.936,-0.4756693513281835,-4.908329410792648,-5.383998762120831
1,0.937,-0.4702871115241375,-4.925843507177446,-5.396130618701584
1,0.938,-0.46487098988300557,-4.943388795185368,-5.408259785068373
1,0.939,-0.45942047658201274,-4.9609652748164175,-5.42038575139843
1,0.94,-0.45393504500120907,-4.9785729460705905,-5.4325079910718
1,0.941,-0.44841415088371506,-4.99621180894789,-5.444625959831605
1,0.942,-0.4428572314390218,-5.013881863448315,-5.456739094887337
1,0.943,-0.43726370438443485,-5.031583109571865,-5.4688468139563
1,0.944,-0.43163296691923236,-5.04931554731854,-5.480948514237772
1,0.945,-0.42596439462552876,-5.067079176688339,-5.493043571313868
1,0.946,-0.42025734028917905,-5.084873997681265,-5.505131337970444
1,0.947,-0.4145111326333173,-5.102700010297315,-5.517211142930632
1,0.948,-0.4087250749562846,-5.12055721453649,-5.529282289492774
1,0.949,-0.40289844366475003,-5.138445610398791,-5.541344054063541
1,0.95,-0.39703048669174534,-5.1563651978842175,-5.553395684575963
1,0.951,-0.3911204217881006,-5.174315976992769,-5.56543639878087
1,0.952,-0.38516743467435727,-5.1922979477244455,-5.5774653823988025
1,0.953,-0.3791706770386196,-5.210311110079246,-5.589481787117865
1,0.954,-0.37312926436394694,-5.228355464057173,-5.60148472842112
1,0.955,-0.3670422735667508,-5.246431009658226,-5.613473283224977
1,0.956,-0.3609087404251881,-5.264537746882403,-5.625446487307591
1,0.957,-0.3547276567736735,-5.282675675729705,-5.6374033325033786
1,0.958,-0.34849796743630257,-5.300844796200132,-5.649342763636435
1,0.959,-0.3422185668680866,-5.319045108293685,-5.661263675161772
1,0.96,-0.3358882954683461,-5.337276612010363,-5.67316490747871
1,0.961,-0.32950593552525975,-5.355539307350167,-5.685045242875427
1,0.962,-0.3230702067442497,-5.373833194313095,-5.6969034010573445
1,0.963,-0.3165797613054119,-5.392158272899148,-5.7087380342045595
1,0.964,-0.31003317838630245,-5.410514543108327,-5.72054772149463
1,0.965,-0.3034289580757725,-5.428902004940632,-5.7323309630164045
1,0.966,-0.29676551459179057,-5.44732065839606,-5.74408617298785
1,0.967,-0.29004116870081537,-5.465770503474614,-5.7558116721754295
1,0.968,-0.2832541392176387,-5.484251540176294,-5.767505679393933
1,0.969,-0.27640253344189025,-5.502763768501099,-5.77916630194299
1,0.97,-0.26948433635953367,-5.521307188449029,-5.790791524808562
1,0.971,-0.2624973984033058,-5.539881800020084,-5.80237919842339
1,0.972,-0.2554394215233693,-5.558487603214265,-5.813927024737634
1,0.973,-0.24830794326607467,-5.5771245980315705,-5.825432541297645
1,0.974,-0.24110031849149882,-5.595792784472001,-5.836893102963499
1,0.975,-0.23381369827506224,-5.614492162535556,-5.848305860810618
1,0.976,-0.22644500542921633,-5.6332227322222375,-5.859667737651454
1,0.977,-0.21899090593993586,-5.651984493532043,-5.8709753994719796
1,0.978,-0.21144777542840565,-5.6707774464649745,-5.88222522189338
1,0.979,-0.20381165950515118,-5.689601591021033,-5.893413250526184
1,0.98,-0.1960782265594641,-5.708456927200214,-5.904535153759679
1,0.981,-0.18824271108870713,-5.727343455002522,-5.915586166091229
1,0.982,-0.18029984507184127,-5.7462611744279535,-5.926561019499795
1,0.983,-0.17224377405703345,-5.765210085476511,-5.937453859533544
1,0.984,-0.16406795345376649,-5.784190188148194,-5.94825814160196
1,0.985,-0.15576501882219282,-5.8032014824430025,-5.958966501265195
1,0.986,-0.14732662145864994,-5.822243968360935,-5.969570589819584
1,0.987,-0.13874321682858162,-5.841317645901993,-5.980060862730575
1,0.988,-0.1300037876195754,-5.860422515066176,-5.990426302685751
1,0.989,-0.12109547401298548,-5.879558575853486,-6.000654049866472
1,0.99,-0.11200306870969477,-5.8987258282639194,-6.010728896973614
1,0.991,-0.10270830853018603,-5.917924272297479,-6.020632580827665
1,0.992,-0.09318884844420919,-5.937153907954163,-6.0303427563983725
1,0.993,-0.083416717083787,-5.956414735233972,-6.039831452317759
1,0.994,-0.07335587750026831,-5.975706754136906,-6.049062631637175
1,0.995,-0.06295813189433352,-5.995029964662967,-6.057988096557301
1,0.996,-0.052155665966795335,-6.014384366812153,-6.066540032778948
1,0.997,-0.04084584892835985,-6.033769960584462,-6.074615809512822
1,0.998,-0.02885442972435225,-6.053186745979898,-6.08204117570425
1,0.999,-0.015814510224464187,-6.072634722998458,-6.0884492332229225
1,1,0,-6.092113891640144,-6.092113891640144
2,0,0,-1.4621073339936346,-1.4621073339936346
2,0.001,-0.015814510224464173,-1.4543198254200438,-1.470134335644508
2,0.002,-0.028854429724352232,-1.4465531112618695,-1.4754075409862217
2,0.003,-0.040845848928359824,-1.438807191519112,-1.479653040447472
2,0.004,-0.0521556659667953,-1.4310820661917714,-1.4832377321585666
2,0.005,-0.0629581318943335,-1.4233777352798476,-1.486335867174181
2,0.006,-0.07335587750026827,-1.415694198783341,-1.4890500762836092
2,0.007,-0.08341671708378696,-1.4080314567022505,-1.4914481737860374
2,0.008,-0.09318884844420913,-1.4003895090365772,-1.4935783574807864
2,0.009,-0.10270830853018596,-1.3927683557863204,-1.4954766643165063
2,0.01,-0.11200306870969469,-1.3851679969514805,-1.4971710656611752
2,0.011,-0.1210954740129854,-1.3775884325320578,-1.4986839065450432
2,0.012,-0.13000378761957532,-1.3700296625280515,-1.500033450147627
2,0.013,-0.13874321682858154,-1.362491686939462,-1.5012349037680437
2,0.014,-0.14732662145864986,-1.3549745057662894,-1.5023011272249394
2,0.015,-0.15576501882219274,-1.3474781190085336,-1.5032431378307263
2,0.016,-0.1640679534537664,-1.3400025266661946,-1.504070480119961
2,0.017,-0.17224377405703334,-1.3325477287392724,-1.5047915027963057
2,0.018,-0.1802998450718412,-1.3251137252277667,-1.5054135702996079
2,0.019,-0.18824271108870705,-1.3177005161316784,-1.5059432272203854
2,0.02,-0.196078226559464,-1.3103081014510067,-1.5063863280104708
2,0.021,-0.20381165950515107,-1.3029364811857516,-1.5067481406909027
2,0.022,-0.21144777542840554,-1.2955856553359133,-1.5070334307643187
2,0.023,-0.21899090593993578,-1.2882556239014917,-1.5072465298414275
2,0.024,-0.22644500542921622,-1.2809463868824873,-1.5073913923117035
2,0.025,-0.23381369827506213,-1.2736579442788993,-1.5074716425539614
2,0.026,-0.2411003184914987,-1.2663902960907283,-1.507490614582227
2,0.027,-0.24830794326607455,-1.2591434423179741,-1.5074513855840488
2,0.028,-0.2554394215233692,-1.2519173829606367,-1.5073568044840058
2,0.029,-0.26249739840330566,-1.2447121180187162,-1.5072095164220218
2,0.03,-0.2694843363595335,-1.2375276474922121,-1.5070119838517457
2,0.031,-0.27640253344189014,-1.2303639713811252,-1.5067665048230152
2,0.032,-0.28325413921763853,-1.2232210896854547,-1.5064752289030934
2,0.033,-0.2900411687008152,-1.2160990024052014,-1.5061401711060167
2,0.034,-0.29676551459179046,-1.2089977095403648,-1.5057632241321552
2,0.035,-0.3034289580757724,-1.201917211090945,-1.5053461691667174
2,0.036,-0.3100331783863023,-1.1948575070569423,-1.5048906854432444
2,0.037,-0.3165797613054117,-1.187818597438356,-1.5043983587437677
2,0.038,-0.3230702067442496,-1.1808004822351867,-1.5038706889794362
2,0.039,-0.3295059355252596,-1.1738031614474338,-1.5033090969726934
2,0.04,-0.335888295468346,-1.1668266350750982,-1.5027149305434442
2,0.041,-0.3422185668680865,-1.159870903118179,-1.5020894699862657
2,0.042,-0.34849796743630246,-1.1529359655766769,-1.5014339330129793
2,0.043,-0.35472765677367335,-1.1460218224505914,-1.5007494792242646
2,0.044,-0.36090874042518795,-1.1391284737399225,-1.5000372141651104
2,0.045,-0.3670422735667506,-1.1322559194446709,-1.4992981930114215
2,0.046,-0.3731292643639468,-1.1254041595648356,-1.4985334239287824
2,0.047,-0.37917067703861945,-1.1185731941004176,-1.497743871139037
2,0.048,-0.3851674346743571,-1.111763023051416,-1.4969304577257732
2,0.049,-0.3911204217881004,-1.1049736464178312,-1.4960940682059316
2,0.05,-0.3970304866917452,-1.0982050641996635,-1.4952355508914086
2,0.051,-0.40289844366474986,-1.0914572763969124,-1.4943557200616622
2,0.052,-0.4087250749562844,-1.0847302830095782,-1.4934553579658627
2,0.053,-0.41451113263331707,-1.0780240840376607,-1.4925352166709778
2,0.054,-0.4202573402891789,-1.0713386794811601,-1.491596019770339
2,0.055,-0.4259643946255286,-1.064674069340076,-1.4906384639656047
2,0.056,-0.43163296691923214,-1.058030253614409,-1.4896632205336413
2,0.057,-0.4372637043844347,-1.0514072323041588,-1.4886709366885935
2,0.058,-0.44285723143902156,-1.0448050054093254,-1.487662236848347
2,0.059,-0.4484141508837146,-1.0382235729299085,-1.4866377238136232
2,0.06,-0.45393504500120896,-1.0316629348659088,-1.4855979798671177
2,0.061,-0.4594204765820123,-1.0251230912173255,-1.4845435677993377
2,0.062,-0.46487098988300535,-1.0186040419841593,-1.4834750318671648
2,0.063,-0.47028711152413766,-1.0121057871664096,-1.4823928986905472
2,0.064,-0.47566935132818394,-1.005628326764077,-1.481297678092261
2,0.065,-0.4810182031079965,-0.9991716607771612,-1.4801898638851578
2,0.066,-0.48633414540530806,-0.9927357892056621,-1.4790699346109701
2,0.067,-0.491617642184741,-0.9863207120495798,-1.477938354234321
2,0.068,-0.4968691434863818,-0.9799264293089143,-1.4767955727952962
2,0.069,-0.5020890860399534,-0.9735529409836656,-1.475642027023619
2,0.07,-0.507277893843383,-0.9672002470738337,-1.4744781409172165
2,0.071,-0.5124359787082953,-0.9608683475794186,-1.473304326287714
2,0.072,-0.5175637407747737,-0.9545572425004204,-1.472120983275194
2,0.073,-0.5226615689975134,-0.9482669318368386,-1.470928500834352
2,0.074,-0.5277298416053327,-0.9419974155886739,-1.4697272571940065
2,0.075,-0.5327689265358408,-0.9357486937559261,-1.468517620291767
2,0.076,-0.5377791818469194,-0.929520766338595,-1.4672999481855145
2,0.077,-0.5427609561065416,-0.9233136333366808,-1.4660745894432226
2,0.078,-0.5477145887623387,-0.9171272947501833,-1.464841883512522
2,0.079,-0.5526404104922094,-0.9109617505791023,-1.4636021610713117
2,0.08,-0.5575387435371748,-0.9048170008234385,-1.4623557443606132
2,0.081,-0.5624099020175861,-0.8986930454831914,-1.4611029475007775
2,0.082,-0.567254192233716,-0.8925898845583611,-1.459844076792077
2,0.083,-0.5720719129516822,-0.8865075180489476,-1.4585794310006297
2,0.084,-0.5768633556755907,-0.8804459459549508,-1.4573093016305414
2,0.085,-0.5816288049067163,-0.8744051682763709,-1.4560339731830871
2,0.086,-0.5863685383904844,-0.8683851850132083,-1.4547537234036927
2,0.087,-0.591082827351964,-0.8623859961654617,-1.4534688235174258
2,0.088,-0.5957719367205293,-0.8564076017331324,-1.4521795384536618
2,0.089,-0.6004361253443091,-0.8504500017162195,-1.4508861270605287
2,0.09,-0.6050756461949961,-0.8445131961147236,-1.4495888423097196
2,0.091,-0.6096907465635508,-0.8385971849286444,-1.4482879314921953
2,0.092,-0.614281668247302,-0.8327019681579823,-1.4469836364052844
2,0.093,-0.6188486477289106,-0.8268275458027364,-1.445676193531647
2,0.094,-0.6233919163476347,-0.8209739178629079,-1.4443658342105425
2,0.095,-0.627911700463305,-0.8151410843384957,-1.4430527848018007
2,0.096,-0.6324082216133944,-0.8093290452295008,-1.4417372668428952
2,0.097,-0.6368816966635421,-0.8035378005359225,-1.4404194971994646
2,0.098,-0.6413323379518688,-0.7977673502577608,-1.4390996882096296
2,0.099,-0.6457603534274003,-0.792017694395016,-1.4377780478224165
2,0.1,-0.6501659467828964,-0.7862888329476881,-1.4364547797305844
2,0.101,-0.6545493175823665,-0.780580765915777,-1.4351300834981435
2,0.102,-0.6589106613835323,-0.7748934932992826,-1.4338041546828149
2,0.103,-0.6632501698554889,-0.769227015098205,-1.432477184953694
2,0.104,-0.6675680308917931,-0.7635813313125442,-1.4311493622043372
2,0.105,-0.671864428719203,-0.7579564419423003,-1.4298208706615032
2,0.106,-0.6761395440022725,-0.7523523469874732,-1.4284918909897457
2,0.107,-0.6803935539439989,-0.7467690464480629,-1.4271626003920619
2,0.108,-0.6846266323827059,-0.7412065403240692,-1.425833172706775
2,0.109,-0.6888389498853386,-0.7356648286154925,-1.424503778500831
2,0.11,-0.6930306738373323,-0.7301439113223325,-1.4231745851596647
2,0.111,-0.6972019685292136,-0.7246437884445893,-1.421845756973803
2,0.112,-0.7013529952400789,-0.719164459982263,-1.4205174552223419
2,0.113,-0.705483912318091,-0.7137059259353534,-1.4191898382534445
2,0.114,-0.7095948752581257,-0.7082681863038606,-1.4178630615619863
2,0.115,-0.7136860367766914,-0.7028512410877846,-1.416537277864476
2,0.116,-0.7177575468842439,-0.6974550902871254,-1.4152126371713694
2,0.117,-0.7218095529550059,-0.6920797339018829,-1.4138892868568889
2,0.118,-0.7258421997943973,-0.6867251719320574,-1.4125673717264546
2,0.119,-0.7298556297041818,-0.6813914043776487,-1.4112470340818306
2,0.12,-0.7338499825454192,-0.6760784312386566,-1.4099284137840757
2,0.121,-0.7378253957993215,-0.6707862525150815,-1.408611648314403
2,0.122,-0.7417820046260946,-0.6655148682069231,-1.4072968728330175
2,0.123,-0.7457199419218503,-0.6602642783141816,-1.4059842202360318
2,0.124,-0.7496393383736673,-0.6550344828368567,-1.4046738212105239
2,0.125,-0.7535403225128735,-0.6498254817749487,-1.403365804287822
2,0.126,-0.7574230207666257,-0.6446372751284576,-1.4020602958950832
2,0.127,-0.7612875575078464,-0.6394698628973831,-1.4007574204052293
2,0.128,-0.7651340551035917,-0.6343232450817256,-1.3994573001853172
2,0.129,-0.7689626339619029,-0.6291974216814847,-1.3981600556433875
2,0.13,-0.7727734125772074,-0.6240923926966607,-1.396865805273868
2,0.131,-0.7765665075743211,-0.6190081581272536,-1.3955746657015746
2,0.132,-0.7803420337511043,-0.6139447179732631,-1.3942867517243673
2,0.133,-0.784100104119828,-0.6089020722346895,-1.3930021763545175
2,0.134,-0.7878408299472922,-0.6038802209115327,-1.391721050858825
2,0.135,-0.791564320793747,-0.5988791640037927,-1.3904434847975398
2,0.136,-0.7952706845506599,-0.5938989015114695,-1.3891695860621294
2,0.137,-0.7989600274773714,-0.588939433434563,-1.3878994609119344
2,0.138,-0.8026324542366787,-0.5840007597730735,-1.3866332140097524
2,0.139,-0.8062880679293893,-0.5790828805270007,-1.38537094845639
2,0.14,-0.8099269701278771,-0.5741857956963446,-1.3841127658242218
2,0.141,-0.8135492609086798,-0.5693095052811055,-1.3828587661897853
2,0.142,-0.8171550388841728,-0.5644540092812832,-1.3816090481654562
2,0.143,-0.820744401233346,-0.5596193076968775,-1.3803637089302234
2,0.144,-0.8243174437317236,-0.5548054005278887,-1.3791228442596122
2,0.145,-0.8278742607804475,-0.5500122877743167,-1.377886548554764
2,0.146,-0.8314149454345625,-0.5452399694361614,-1.376654914870724
2,0.147,-0.834939589430521,-0.540488445513423,-1.375428034943944
2,0.148,-0.8384482832129421,-0.5357577160061013,-1.3742059992190434
2,0.149,-0.8419411159606445,-0.5310477809141965,-1.372988896874841
2,0.15,-0.8454181756119817,-0.5263586402377085,-1.3717768158496901
2,0.151,-0.8488795488894992,-0.5216902939766374,-1.3705698428661366
2,0.152,-0.8523253213239386,-0.5170427421309829,-1.3693680634549215
2,0.153,-0.8557555772776086,-0.5124159847007452,-1.3681715619783539
2,0.154,-0.8591703999671466,-0.5078100216859244,-1.366980421653071
2,0.155,-0.862569871485684,-0.5032248530865203,-1.3657947245722042
2,0.156,-0.865954072824443,-0.498660478902533,-1.364614551726976
2,0.157,-0.8693230838937771,-0.49411689913396256,-1.3634399830277397
2,0.158,-0.8726769835436744,-0.48959411378080897,-1.3622710973244834
2,0.159,-0.8760158495837419,-0.48509212284307207,-1.361107972426814
2,0.16,-0.879339758802686,-0.48061092632075203,-1.359950685123438
2,0.161,-0.8826487869873051,-0.47615052421384885,-1.358799311201154
2,0.162,-0.8859430089410105,-0.4717109165223624,-1.357653925463373
2,0.163,-0.889222498501888,-0.4672921032462927,-1.3565146017481806
2,0.164,-0.8924873285603159,-0.46289408438563984,-1.3553814129459556
2,0.165,-0.8957375710761539,-0.4585168599404038,-1.3542544310165576
2,0.166,-0.8989732970955122,-0.4541604299105846,-1.3531337270060968
2,0.167,-0.902194576767118,-0.4498247942961821,-1.3520193710633002
2,0.168,-0.9054014793582881,-0.4455099530971965,-1.3509114324554845
2,0.169,-0.9085940732705206,-0.44121590631362756,-1.349809979584148
2,0.17,-0.9117724260547168,-0.43694265394547543,-1.3487150800001921
2,0.171,-0.9149366044260454,-0.4326901959927402,-1.3476268004187857
2,0.172,-0.918086674278456,-0.4284585324554218,-1.346545206733878
2,0.173,-0.9212227006988571,-0.42424766333352026,-1.3454703640323773
2,0.174,-0.9243447479809621,-0.42005758862703535,-1.3444023366079976
2,0.175,-0.9274528796388206,-0.41588830833596724,-1.3433411879747879
2,0.176,-0.9305471584200352,-0.411739822460316,-1.3422869808803513
2,0.177,-0.9336276463186818,-0.4076121310000815,-1.3412397773187632
2,0.178,-0.9366944045879319,-0.40350523395526383,-1.3401996385431958
2,0.179,-0.9397474937523967,-0.39941913132586293,-1.3391666250782597
2,0.18,-0.9427869736201882,-0.3953538231118789,-1.338140796732067
2,0.181,-0.9458129032947176,-0.3913093093133116,-1.337122212608029
2,0.182,-0.9488253411862263,-0.3872855899301611,-1.3361109311163875
2,0.183,-0.9518243450230693,-0.38328266496242736,-1.3351070099854967
2,0.184,-0.9548099718627447,-0.37930053441011047,-1.334110506272855
2,0.185,-0.9577822781026877,-0.3753391982732104,-1.333121476375898
2,0.186,-0.9607413194908274,-0.3713986565517271,-1.3321399760425545
2,0.187,-0.9636871511359187,-0.3674789092456606,-1.3311660603815794
2,0.188,-0.9666198275176481,-0.36357995635501095,-1.3301997838726591
2,0.189,-0.9695394024965296,-0.359701797879778,-1.3292412003763077
2,0.19,-0.9724459293235844,-0.3558444338199619,-1.3282903631435463
2,0.191,-0.975339460649822,-0.3520078641755626,-1.3273473248253846
2,0.192,-0.9782200485355158,-0.3481920889465801,-1.3264121374820959
2,0.193,-0.981087744459291,-0.34439710813301444,-1.3254848525923055
2,0.194,-0.9839425993270179,-0.3406229217348655,-1.3245655210618834
2,0.195,-0.986784663480526,-0.3368695297521334,-1.3236541932326593
2,0.196,-0.9896139867061333,-0.3331369321848181,-1.3227509188909514
2,0.197,-0.9924306182430076,-0.3294251290329196,-1.3218557472759271
2,0.198,-0.9952346067913489,-0.3257341202964379,-1.3209687270877868
2,0.199,-0.9980260005204148,-0.32206390597537293,-1.3200899064957876
2,0.2,-1.0008048470763757,-0.31841448606972483,-1.3192193331461006
2,0.201,-1.003571193590019,-0.31478586057949354,-1.3183570541695124
2,0.202,-1.0063250866842925,-0.31117802950467904,-1.3175031161889716
2,0.203,-1.0090665724817058,-0.3075909928452813,-1.3166575653269872
2,0.204,-1.011795696611576,-0.30402475060130046,-1.3158204472128765
2,0.205,-1.014512504217139,-0.3004793027727364,-1.3149918069898754
2,0.206,-1.0172170399625151,-0.296954649359589,-1.314171689322104
2,0.207,-1.0199093480395425,-0.29345079036185845,-1.3133601384014009
2,0.208,-1.022589472174475,-0.28996772577954477,-1.3125571979540198
2,0.209,-1.0252574556345546,-0.28650545561264784,-1.3117629112472025
2,0.21,-1.0279133412344512,-0.2830639798611677,-1.3109773210956188
2,0.211,-1.0305571713425845,-0.2796432985251044,-1.3102004698676888
2,0.212,-1.0331889878873233,-0.2762434116044578,-1.3094323994917811
2,0.213,-1.0358088323630663,-0.2728643190992281,-1.3086731514622945
2,0.214,-1.0384167458362088,-0.2695060210094152,-1.307922766845624
2,0.215,-1.0410127689509978,-0.266168517335019,-1.3071812862860168
2,0.216,-1.0435969419352753,-0.2628518080760397,-1.3064487500113149
2,0.217,-1.046169304606117,-0.25955589323247713,-1.305725197838594
2,0.218,-1.0487298963753646,-0.25628077280433137,-1.3050106691796959
2,0.219,-1.0512787562550572,-0.2530264467916024,-1.3043052030466595
2,0.22,-1.0538159228627606,-0.2497929151942903,-1.303608838057051
2,0.221,-1.0563414344268014,-0.24658017801239496,-1.3029216124391962
2,0.222,-1.0588553287914046,-0.2433882352459164,-1.302243564037321
2,0.223,-1.0613576434217369,-0.24021708689485466,-1.3015747303165917
2,0.224,-1.0638484154088608,-0.23706673295920966,-1.3009151483680705
2,0.225,-1.0663276814745972,-0.23393717343898152,-1.3002648549135787
2,0.226,-1.0687954779763034,-0.2308284083341702,-1.2996238863104737
2,0.227,-1.0712518409115628,-0.22774043764477558,-1.2989922785563384
2,0.228,-1.0736968059227947,-0.22467326137079785,-1.2983700672935925
2,0.229,-1.0761304083017782,-0.2216268795122369,-1.2977572878140151
2,0.23,-1.0785526829941008,-0.21860129206909273,-1.2971539750631935
2,0.231,-1.080963664603525,-0.21559649904136538,-1.2965601636448905
2,0.232,-1.0833633873962818,-0.2126125004290548,-1.2959758878253367
2,0.233,-1.0857518853052865,-0.20964929623216105,-1.2954011815374475
2,0.234,-1.088129191934284,-0.20670688645068408,-1.294836078384968
2,0.235,-1.0904953405619193,-0.20378527108462394,-1.2942806116465433
2,0.236,-1.0928503641457428,-0.20088445013398062,-1.2937348142797234
2,0.237,-1.0951942953261404,-0.198004423598754,-1.2931987189248944
2,0.238,-1.0975271664302033,-0.19514519147894424,-1.2926723579091475
2,0.239,-1.0998490094755262,-0.19230675377455125,-1.2921557632500775
2,0.24,-1.1021598561739456,-0.18948911048557507,-1.2916489666595208
2,0.241,-1.1044597379352121,-0.18669226161201571,-1.2911519995472278
2,0.242,-1.1067486858706024,-0.18391620715387313,-1.2906648930244755
2,0.243,-1.10902673079647,-0.18116094711114733,-1.2901876779076173
2,0.244,-1.1112939032377378,-0.17842648148383836,-1.2897203847215761
2,0.245,-1.1135502334313307,-0.17571281027194616,-1.2892630437032768
2,0.246,-1.115795751329554,-0.17301993347547073,-1.2888156848050247
2,0.247,-1.1180304866034136,-0.17034785109441217,-1.2883783376978257
2,0.248,-1.120254468645884,-0.16769656312877038,-1.2879510317746543
2,0.249,-1.1224677265751195,-0.1650660695785454,-1.2875337961536648
2,0.25,-1.1246702892376166,-0.16245637044373717,-1.2871266596813538
2,0.251,-1.1268621852113239,-0.15986746572434576,-1.2867296509356696
2,0.252,-1.1290434428086988,-0.15729935542037118,-1.28634279822907
2,0.253,-1.1312140900797198,-0.1547520395318134,-1.2859661296115332
2,0.254,-1.1333741548148464,-0.15222551805867238,-1.2855996728735188
2,0.255,-1.1355236645479332,-0.14971979100094818,-1.2852434555488814
2,0.256,-1.1376626465590973,-0.14723485835864075,-1.284897504917738
2,0.257,-1.139791127877541,-0.14477072013175019,-1.2845618480092913
2,0.258,-1.141909135284327,-0.14232737632027637,-1.2842365116046033
2,0.259,-1.1440166953151127,-0.13990482692421935,-1.283921522239332
2,0.26,-1.1461138342628407,-0.13750307194357914,-1.28361690620642
2,0.261,-1.148200578180386,-0.1351221113783557,-1.2833226895587415
2,0.262,-1.150276952883162,-0.13276194522854912,-1.2830388981117111
2,0.263,-1.1523429839516879,-0.13042257349415928,-1.2827655574458472
2,0.264,-1.1543986967341133,-0.12810399617518625,-1.2825026929092995
2,0.265,-1.1564441163487065,-0.12580621327163005,-1.2822503296203365
2,0.266,-1.1584792676863014,-0.12352922478349063,-1.282008492469792
2,0.267,-1.1605041754127097,-0.121273030710768,-1.2817772061234778
2,0.268,-1.1625188639710948,-0.11903763105346218,-1.281556495024557
2,0.269,-1.1645233575843086,-0.11682302581157315,-1.2813463833958818
2,0.27,-1.166517680257194,-0.11462921498510092,-1.2811468952422949
2,0.271,-1.1685018557788527,-0.11245619857404549,-1.2809580543528982
2,0.272,-1.1704759077248768,-0.11030397657840683,-1.2807798843032836
2,0.273,-1.1724398594595489,-0.10817254899818503,-1.280612408457734
2,0.274,-1.1743937341380077,-0.10606191583338,-1.2804556499713877
2,0.275,-1.1763375547083814,-0.10397207708399175,-1.2803096317923732
2,0.276,-1.17827134391389,-0.10190303275002031,-1.2801743766639104
2,0.277,-1.180195124294915,-0.09985478283146566,-1.2800499071263807
2,0.278,-1.182108918191039,-0.09782732732832784,-1.2799362455193668
2,0.279,-1.1840127477430555,-0.09582066624060678,-1.2798334139836622
2,0.28,-1.185906634894949,-0.09383479956830254,-1.2797414344632516
2,0.281,-1.187790601395844,-0.0918697273114151,-1.279660328707259
2,0.282,-1.1896646688019281,-0.08992544946994456,-1.2795901182718727
2,0.283,-1.1915288584783459,-0.08800196604389071,-1.2795308245222365
2,0.284,-1.1933831916010644,-0.08609927703325367,-1.279482468634318
2,0.285,-1.1952276891587124,-0.08421738243803341,-1.2794450715967458
2,0.286,-1.197062371954392,-0.08235628225822994,-1.279418654212622
2,0.287,-1.1988872606074654,-0.08051597649384329,-1.2794032371013087
2,0.288,-1.2007023755553157,-0.07869646514487343,-1.279398840700189
2,0.289,-1.2025077370550796,-0.07689774821132037,-1.2794054852664
2,0.29,-1.20430336518536,-0.07511982569318411,-1.2794231908785443
2,0.291,-1.2060892798479086,-0.07336269759046465,-1.2794519774383732
2,0.292,-1.2078655007692904,-0.07162636390316197,-1.2794918646724525
2,0.293,-1.2096320475025186,-0.06991082463127611,-1.2795428721337947
2,0.294,-1.2113889394286717,-0.06821607977480705,-1.2796050192034787
2,0.295,-1.2131361957584814,-0.06654212933375478,-1.2796783250922361
2,0.296,-1.2148738355339068,-0.06488897330811931,-1.279762808842026
2,0.297,-1.2166018776296754,-0.06325661169790063,-1.279858489327576
2,0.298,-1.2183203407548142,-0.06164504450309876,-1.279965385257913
2,0.299,-1.2200292434541482,-0.060054271723713686,-1.2800835151778618
2,0.3,-1.221728604109787,-0.05848429335974541,-1.2802128974695324
2,0.301,-1.2234184409425841,-0.05693510941119393,-1.280353550353778
2,0.302,-1.2250987720135809,-0.055406719878059243,-1.28050549189164
2,0.303,-1.2267696152254262,-0.05389912476034136,-1.2806687399857675
2,0.304,-1.2284309883237792,-0.05241232405804028,-1.2808433123818195
2,0.305,-1.2300829088986918,-0.050946317771155984,-1.2810292266698478
2,0.306,-1.2317253943859725,-0.0495011058996885,-1.281226500285661
2,0.307,-1.2333584620685292,-0.04807668844363781,-1.281435150512167
2,0.308,-1.2349821290776974,-0.04667306540300393,-1.2816551944807013
2,0.309,-1.2365964123945474,-0.04529023677778683,-1.2818866491723342
2,0.31,-1.2382013288511742,-0.04392820256798654,-1.2821295314191608
2,0.311,-1.239796895131969,-0.04258696277360304,-1.282383857905572
2,0.312,-1.2413831277748764,-0.04126651739463635,-1.2826496451695126
2,0.313,-1.24296004317263,-0.03996686643108644,-1.2829269096037164
2,0.314,-1.2445276575739763,-0.03868800988295335,-1.2832156674569297
2,0.315,-1.2460859870848764,-0.037429947750237044,-1.2835159348351135
2,0.316,-1.247635047669697,-0.036192680032937546,-1.2838277277026344
2,0.317,-1.249174855152379,-0.03497620673105484,-1.2841510618834338
2,0.318,-1.2507054252175993,-0.033780527844588924,-1.2844859530621882
2,0.319,-1.2522267734119072,-0.03260564337353982,-1.284832416785447
2,0.32,-1.2537389151448528,-0.03145155331790751,-1.2851904684627604
2,0.321,-1.2552418656900945,-0.030318257677692,-1.2855601233677865
2,0.322,-1.2567356401864989,-0.029205756452893288,-1.2859413966393922
2,0.323,-1.2582202536392175,-0.02811404964351137,-1.2863343032827288
2,0.324,-1.259695720920757,-0.027043137249546257,-1.2867388581703034
2,0.325,-1.2611620567720294,-0.02599301927099794,-1.2871550760430273
2,0.326,-1.2626192758033907,-0.024963695707866416,-1.2875829715112572
2,0.327,-1.2640673924956667,-0.023955166560151696,-1.2880225590558183
2,0.328,-1.2655064212011629,-0.022967431827853775,-1.2884738530290167
2,0.329,-1.2669363761446624,-0.02200049151097265,-1.288936867655635
2,0.33,-1.2683572714244113,-0.021054345609508324,-1.2894116170339196
2,0.331,-1.2697691210130888,-0.020128994123460794,-1.2898981151365496
2,0.332,-1.271171938758767,-0.019224437052830067,-1.290396375811597
2,0.333,-1.2725657383858564,-0.018340674397616136,-1.2909064127834726
2,0.334,-1.27395053349604,-0.017477706157819003,-1.291428239653859
2,0.335,-1.2753263375691937,-0.01663553233343867,-1.2919618699026323
2,0.336,-1.2766931639642967,-0.015814152924475137,-1.2925073168887717
2,0.337,-1.2780510259203286,-0.015013567930928399,-1.293064593851257
2,0.338,-1.2793999365571547,-0.01423377735279846,-1.2936337139099532
2,0.339,-1.2807399088763995,-0.01347478119008532,-1.2942146900664848
2,0.34,-1.2820709557623113,-0.012736579442788977,-1.2948075352051003
2,0.341,-1.283393089982611,-0.012019172110909434,-1.2954122620935205
2,0.342,-1.2847063241893348,-0.011322559194446687,-1.2960288833837814
2,0.343,-1.2860106709196613,-0.010646740693400741,-1.296657411613062
2,0.344,-1.2873061425967312,-0.00999171660777163,-1.2972978592045028
2,0.345,-1.2885927515304556,-0.009357486937559278,-1.2979502384680148
2,0.346,-1.289870509918313,-0.008744051682763725,-1.2986145616010767
2,0.347,-1.291139429846135,-0.008151410843384973,-1.2992908406895198
2,0.348,-1.2923995232888845,-0.007579564419423017,-1.2999790877083075
2,0.349,-1.2936508021114228,-0.007028512410877858,-1.3006793145223006
2,0.35,-1.294893278069265,-0.006498254817749499,-1.3013915328870145
2,0.351,-1.2961269628093275,-0.005988791640037938,-1.3021157544493653
2,0.352,-1.2973518678706657,-0.005500122877743176,-1.3028519907484089
2,0.353,-1.298568004685201,-0.005032248530865212,-1.3036002532160662
2,0.354,-1.29977538457844,-0.004585168599404047,-1.3043605531778442
2,0.355,-1.3009740187701824,-0.00415888308335968,-1.305132901853542
2,0.356,-1.302163918375221,-0.0037533919827321106,-1.305917310357953
2,0.357,-1.3033450944040332,-0.00336869529752134,-1.3067137897015546
2,0.358,-1.3045175577634625,-0.0030047930277273685,-1.3075223507911897
2,0.359,-1.305681319257391,-0.002661685173350195,-1.3083430044307414
2,0.36,-1.3068363895874036,-0.0023393717343898196,-1.3091757613217934
2,0.361,-1.3079827793534444,-0.002037852710846243,-1.3100206320642906
2,0.362,-1.309120499054464,-0.0017571281027194646,-1.3108776271571836
2,0.363,-1.3102495590890564,-0.0014971979100094845,-1.311746756999066
2,0.364,-1.3113699697560914,-0.001258062132716303,-1.3126280318888077
2,0.365,-1.3124817412553371,-0.00103972077083992,-1.313521462026177
2,0.366,-1.3135848836880715,-0.000842173824380335,-1.3144270575124517
2,0.367,-1.3146794070576924,-0.0006654212933375487,-1.3153448283510298
2,0.368,-1.315765321270313,-0.0005094631777115608,-1.3162747844480247
2,0.369,-1.316842636135354,-0.0003742994775023711,-1.3172169356128565
2,0.37,-1.3179113613661255,-0.00025993019270998,-1.3181712915588355
2,0.371,-1.318971506580403,-0.00016635532333438718,-1.3191378619037375
2,0.372,-1.3200230813009957,-0.00009357486937559278,-1.3201166561703712
2,0.373,-1.3210660949563051,-0.000041588830833596795,-1.3211076837871387
2,0.374,-1.3221005568808808,-0.000010397207708399199,-1.3221109540885891
2,0.375,-1.3231264763159643,-0,-1.3231264763159643
2,0.376,-1.3241438624100277,-0.000010397207708399199,-1.324154259617736
2,0.377,-1.3251527242193073,-0.000041588830833596795,-1.325194313050141
2,0.378,-1.3261530707083267,-0.00009357486937559278,-1.3262466455777022
2,0.379,-1.3271449107504143,-0.00016635532333438718,-1.3273112660737487
2,0.38,-1.3281282531282161,-0.00025993019270998,-1.3283881833209261
2,0.381,-1.3291031065341978,-0.0003742994775023711,-1.3294774060117003
2,0.382,-1.330069479571145,-0.0005094631777115608,-1.3305789427488566
2,0.383,-1.3310273807526507,-0.0006654212933375487,-1.3316928020459882
2,0.384,-1.3319768185036036,-0.000842173824380335,-1.3328189923279838
2,0.385,-1.3329178011606633,-0.00103972077083992,-1.3339575219315032
2,0.386,-1.3338503369727337,-0.001258062132716303,-1.33510839910545
2,0.387,-1.3347744341014278,-0.0014971979100094845,-1.3362716320114374
2,0.388,-1.3356901006215267,-0.0017571281027194646,-1.3374472287242463
2,0.389,-1.3365973445214334,-0.002037852710846243,-1.3386351972322796
2,0.39,-1.3374961737036188,-0.0023393717343898196,-1.3398355454380086
2,0.391,-1.3383865959850634,-0.002661685173350195,-1.3410482811584137
2,0.392,-1.3392686190976923,-0.0030047930277273685,-1.3422734121254196
2,0.393,-1.3401422506888037,-0.00336869529752134,-1.343510945986325
2,0.394,-1.3410074983214932,-0.0037533919827321106,-1.3447608903042254
2,0.395,-1.3418643694750698,-0.00415888308335968,-1.3460232525584295
2,0.396,-1.3427128715454693,-0.004585168599404047,-1.3472980401448733
2,0.397,-1.3435530118456593,-0.005032248530865212,-1.3485852603765245
2,0.398,-1.344384797606041,-0.005500122877743176,-1.3498849204837842
2,0.399,-1.3452082359748436,-0.005988791640037938,-1.3511970276148815
2,0.4,-1.346023334018513,-0.006498254817749499,-1.3525215888362625
2,0.401,-1.3468300987220974,-0.007028512410877858,-1.3538586111329751
2,0.402,-1.3476285369896255,-0.007579564419423017,-1.3552081014090485
2,0.403,-1.3484186556444808,-0.008151410843384973,-1.3565700664878657
2,0.404,-1.349200461429768,-0.008744051682763725,-1.3579445131125316
2,0.405,-1.3499739610086778,-0.009357486937559278,-1.359331447946237
2,0.406,-1.350739160964845,-0.00999171660777163,-1.3607308775726166
2,0.407,-1.3514960678026995,-0.010646740693400741,-1.3621428084961003
2,0.408,-1.3522446879478154,-0.011322559194446687,-1.363567247142262
2,0.409,-1.3529850277472542,-0.012019172110909434,-1.3650041998581637
2,0.41,-1.3537170934699012,-0.012736579442788977,-1.3664536729126902
2,0.411,-1.3544408913068002,-0.01347478119008532,-1.3679156724968855
2,0.412,-1.3551564273714791,-0.01423377735279846,-1.3693902047242776
2,0.413,-1.355863707700276,-0.015013567930928399,-1.3708772756312044
2,0.414,-1.3565627382526548,-0.015814152924475137,-1.37237689117713
2,0.415,-1.3572535249115227,-0.01663553233343867,-1.3738890572449614
2,0.416,-1.357936073483534,-0.017477706157819003,-1.375413779641353
2,0.417,-1.3586103896993995,-0.018340674397616136,-1.3769510640970157
2,0.418,-1.3592764792141843,-0.019224437052830067,-1.3785009162670143
2,0.419,-1.3599343476076018,-0.020128994123460794,-1.3800633417310626
2,0.42,-1.360584000384307,-0.021054345609508324,-1.3816383459938153
2,0.421,-1.3612254429741806,-0.02200049151097265,-1.3832259344851532
2,0.422,-1.3618586807326118,-0.022967431827853775,-1.3848261125604657
2,0.423,-1.362483718940776,-0.023955166560151696,-1.3864388855009275
2,0.424,-1.363100562805907,-0.024963695707866416,-1.3880642585137735
2,0.425,-1.3637092174615668,-0.02599301927099794,-1.3897022367325647
2,0.426,-1.3643096879679082,-0.027043137249546257,-1.3913528252174545
2,0.427,-1.3649019793119372,-0.02811404964351137,-1.3930160289554485
2,0.428,-1.3654860964077673,-0.029205756452893288,-1.3946918528606607
2,0.429,-1.3660620440968718,-0.030318257677692,-1.3963803017745637
2,0.43,-1.3666298271483317,-0.03145155331790751,-1.3980813804662393
2,0.431,-1.367189450259079,-0.03260564337353982,-1.3997950936326187
2,0.432,-1.367740918054135,-0.033780527844588924,-1.4015214458987237
2,0.433,-1.3682842350868472,-0.03497620673105484,-1.403260441817902
2,0.434,-1.3688194058391197,-0.036192680032937546,-1.4050120858720572
2,0.435,-1.3693464347216406,-0.037429947750237044,-1.4067763824718778
2,0.436,-1.3698653260741056,-0.03868800988295335,-1.408553335957059
2,0.437,-1.370376084165437,-0.03996686643108644,-1.4103429505965235
2,0.438,-1.3708787131939983,-0.04126651739463635,-1.4121452305886346
2,0.439,-1.3713732172878084,-0.04258696277360304,-1.4139601800614114
2,0.44,-1.3718596005047456,-0.04392820256798654,-1.4157878030727322
2,0.441,-1.372337866832755,-0.04529023677778683,-1.4176281036105418
2,0.442,-1.3728080201900459,-0.04667306540300393,-1.4194810855930498
2,0.443,-1.3732700644252895,-0.04807668844363781,-1.4213467528689274
2,0.444,-1.373724003317811,-0.0495011058996885,-1.4232251092174997
2,0.445,-1.3741698405777778,-0.050946317771155984,-1.4251161583489338
2,0.446,-1.3746075798463866,-0.05241232405804028,-1.427019903904427
2,0.447,-1.3750372246960414,-0.05389912476034136,-1.4289363494563827
2,0.448,-1.3754587786305341,-0.055406719878059243,-1.4308654985085933
2,0.449,-1.375872245085218,-0.05693510941119393,-1.432807354496412
2,0.45,-1.3762776274271769,-0.05848429335974541,-1.4347619207869222
2,0.451,-1.3766749289553935,-0.060054271723713686,-1.436729200679107
2,0.452,-1.3770641529009122,-0.06164504450309876,-1.438709197404011
2,0.453,-1.377445302426998,-0.06325661169790063,-1.4407019141248985
2,0.454,-1.3778183806292938,-0.06488897330811931,-1.4427073539374131
2,0.455,-1.3781833905359733,-0.06654212933375478,-1.444725519869728
2,0.456,-1.3785403351078882,-0.06821607977480705,-1.4467564148826952
2,0.457,-1.378889217238717,-0.06991082463127611,-1.4488000418699931
2,0.458,-1.3792300397551043,-0.07162636390316197,-1.4508564036582663
2,0.459,-1.3795628054168008,-0.07336269759046465,-1.4529255030072654
2,0.46,-1.379887516916799,-0.07511982569318411,-1.4550073426099832
2,0.461,-1.3802041768814652,-0.07689774821132037,-1.4571019250927857
2,0.462,-1.3805127878706673,-0.07869646514487343,-1.4592092530155407
2,0.463,-1.3808133523779007,-0.08051597649384329,-1.461329328871744
2,0.464,-1.3811058728304095,-0.08235628225822994,-1.4634621550886395
2,0.465,-1.3813903515893058,-0.08421738243803341,-1.4656077340273392
2,0.466,-1.381666790949684,-0.08609927703325367,-1.4677660679829376
2,0.467,-1.381935193140734,-0.08800196604389071,-1.4699371591846246
2,0.468,-1.3821955603258473,-0.08992544946994456,-1.472121009795792
2,0.469,-1.3824478946027252,-0.0918697273114151,-1.4743176219141403
2,0.47,-1.3826921980034785,-0.09383479956830254,-1.476526997571781
2,0.471,-1.3829284724947277,-0.09582066624060678,-1.4787491387353344
2,0.472,-1.3831567199776977,-0.09782732732832784,-1.4809840473060256
2,0.473,-1.3833769422883095,-0.09985478283146566,-1.4832317251197753
2,0.474,-1.383589141197271,-0.10190303275002031,-1.4854921739472913
2,0.475,-1.3837933184101598,-0.10397207708399175,-1.4877653954941517
2,0.476,-1.38398947556751,-0.10606191583338,-1.49005139140089
2,0.477,-1.3841776142448872,-0.10817254899818503,-1.4923501632430722
2,0.478,-1.3843577359529673,-0.11030397657840683,-1.4946617125313741
2,0.479,-1.384529842137609,-0.11245619857404549,-1.4969860407116546
2,0.48,-1.384693934179923,-0.11462921498510092,-1.4993231491650238
2,0.481,-1.3848500133963395,-0.11682302581157315,-1.5016730392079127
2,0.482,-1.3849980810386708,-0.11903763105346218,-1.504035712092133
2,0.483,-1.385138138294173,-0.121273030710768,-1.506411169004941
2,0.484,-1.3852701862856018,-0.12352922478349063,-1.5087994110690925
2,0.485,-1.3853942260712673,-0.12580621327163005,-1.5112004393428973
2,0.486,-1.3855102586450845,-0.12810399617518625,-1.5136142548202707
2,0.487,-1.385618284936622,-0.13042257349415928,-1.5160408584307814
2,0.488,-1.3857183058111464,-0.13276194522854912,-1.5184802510396955
2,0.489,-1.3858103220696634,-0.1351221113783557,-1.520932433448019
2,0.49,-1.3858943344489565,-0.13750307194357914,-1.5233974063925357
2,0.491,-1.3859703436216226,-0.13990482692421935,-1.525875170545842
2,0.492,-1.3860383501961053,-0.14232737632027637,-1.5283657265163817
2,0.493,-1.3860983547167218,-0.14477072013175019,-1.530869074848472
2,0.494,-1.3861503576636915,-0.14723485835864075,-1.5333852160223322
2,0.495,-1.3861943594531572,-0.14971979100094818,-1.5359141504541054
2,0.496,-1.3862303604372066,-0.15222551805867238,-1.538455878495879
2,0.497,-1.3862583609038874,-0.1547520395318134,-1.5410104004357008
2,0.498,-1.3862783610772236,-0.15729935542037118,-1.5435777164975948
2,0.499,-1.386290361117224,-0.15986746572434576,-1.5461578268415697
2,0.5,-1.3862943611198906,-0.16245637044373717,-1.5487507315636277
2,0.501,-1.386290361117224,-0.1650660695785454,-1.5513564306957692
2,0.502,-1.3862783610772236,-0.16769656312877038,-1.553974924205994
2,0.503,-1.3862583609038874,-0.17034785109441217,-1.5566062119982995
2,0.504,-1.3862303604372066,-0.17301993347547073,-1.5592502939126773
2,0.505,-1.3861943594531572,-0.17571281027194616,-1.5619071697251032
2,0.506,-1.3861503576636915,-0.17842648148383836,-1.5645768391475299
2,0.507,-1.3860983547167218,-0.18116094711114733,-1.567259301827869
2,0.508,-1.3860383501961053,-0.18391620715387313,-1.5699545573499785
2,0.509,-1.3859703436216226,-0.18669226161201571,-1.5726626052336383
2,0.51,-1.3858943344489565,-0.18948911048557507,-1.5753834449345316
2,0.511,-1.3858103220696634,-0.19230675377455125,-1.5781170758442147
2,0.512,-1.3857183058111464,-0.19514519147894424,-1.5808634972900906
2,0.513,-1.385618284936622,-0.198004423598754,-1.583622708535376
2,0.514,-1.3855102586450845,-0.20088445013398062,-1.586394708779065
2,0.515,-1.3853942260712673,-0.20378527108462394,-1.5891794971558912
2,0.516,-1.3852701862856018,-0.2067068864506841,-1.5919770727362859
2,0.517,-1.385138138294173,-0.2096492962321611,-1.5947874345263342
2,0.518,-1.3849980810386708,-0.21261250042905488,-1.5976105814677257
2,0.519,-1.3848500133963395,-0.21559649904136544,-1.600446512437705
2,0.52,-1.384693934179923,-0.21860129206909282,-1.6032952262490157
2,0.521,-1.384529842137609,-0.22162687951223697,-1.606156721649846
2,0.522,-1.3843577359529673,-0.22467326137079793,-1.6090309973237653
2,0.523,-1.3841776142448872,-0.22774043764477572,-1.611918051889663
2,0.524,-1.38398947556751,-0.23082840833417023,-1.6148178839016802
2,0.525,-1.3837933184101598,-0.23393717343898163,-1.6177304918491415
2,0.526,-1.383589141197271,-0.23706673295920974,-1.6206558741564807
2,0.527,-1.3833769422883095,-0.24021708689485474,-1.6235940291831643
2,0.528,-1.3831567199776977,-0.2433882352459165,-1.6265449552236142
2,0.529,-1.3829284724947277,-0.24658017801239504,-1.6295086505071228
2,0.53,-1.3826921980034785,-0.2497929151942904,-1.632485113197769
2,0.531,-1.3824478946027252,-0.2530264467916025,-1.6354743413943278
2,0.532,-1.3821955603258473,-0.2562807728043315,-1.6384763331301788
2,0.533,-1.3819351931407338,-0.25955589323247724,-1.641491086373211
2,0.534,-1.381666790949684,-0.26285180807603975,-1.6445185990257238
2,0.535,-1.3813903515893058,-0.2661685173350191,-1.647558868924325
2,0.536,-1.3811058728304095,-0.26950602100941523,-1.6506118938398249
2,0.537,-1.3808133523779007,-0.2728643190992282,-1.6536776714771289
2,0.538,-1.3805127878706673,-0.2762434116044579,-1.6567561994751252
2,0.539,-1.380204176881465,-0.27964329852510444,-1.6598474754065695
2,0.54,-1.379887516916799,-0.2830639798611678,-1.6629514967779668
2,0.541,-1.3795628054168008,-0.2865054556126479,-1.6660682610294486
2,0.542,-1.3792300397551043,-0.2899677257795448,-1.669197765534649
2,0.543,-1.378889217238717,-0.2934507903618586,-1.6723400076005757
2,0.544,-1.3785403351078884,-0.2969546493595891,-1.6754949844674776
2,0.545,-1.378183390535973,-0.30047930277273643,-1.6786626933087094
2,0.546,-1.3778183806292938,-0.3040247506013005,-1.6818431312305944
2,0.547,-1.377445302426998,-0.30759099284528146,-1.6850362952722793
2,0.548,-1.3770641529009122,-0.3111780295046792,-1.6882421824055913
2,0.549,-1.3766749289553935,-0.3147858605794937,-1.6914607895348872
2,0.55,-1.3762776274271769,-0.31841448606972506,-1.694692113496902
2,0.551,-1.375872245085218,-0.32206390597537315,-1.6979361510605913
2,0.552,-1.3754587786305341,-0.3257341202964381,-1.7011928989269722
2,0.553,-1.3750372246960412,-0.32942512903291976,-1.704462353728961
2,0.554,-1.3746075798463866,-0.33313693218481827,-1.707744512031205
2,0.555,-1.3741698405777778,-0.33686952975213363,-1.7110393703299114
2,0.556,-1.373724003317811,-0.34062292173486575,-1.7143469250526768
2,0.557,-1.3732700644252893,-0.34439710813301466,-1.717667172558304
2,0.558,-1.372808020190046,-0.3481920889465803,-1.7210001091366265
2,0.559,-1.372337866832755,-0.35200786417556285,-1.724345731008318
2,0.56,-1.3718596005047456,-0.3558444338199621,-1.7277040343247076
2,0.561,-1.3713732172878084,-0.35970179787977824,-1.7310750151675867
2,0.562,-1.3708787131939983,-0.3635799563550111,-1.7344586695490094
2,0.563,-1.370376084165437,-0.3674789092456604,-1.7378549934110974
2,0.564,-1.3698653260741058,-0.3713986565517269,-1.7412639826258327
2,0.565,-1.3693464347216406,-0.37533919827321016,-1.7446856329948508
2,0.566,-1.3688194058391194,-0.3793005344101103,-1.7481199402492298
2,0.567,-1.3682842350868472,-0.38328266496242713,-1.7515669000492742
2,0.568,-1.367740918054135,-0.3872855899301609,-1.7550265079842957
2,0.569,-1.367189450259079,-0.39130930931331137,-1.7584987595723902
2,0.57,-1.366629827148332,-0.3953538231118786,-1.7619836502602104
2,0.571,-1.3660620440968718,-0.39941913132586265,-1.7654811754227344
2,0.572,-1.3654860964077673,-0.40350523395526355,-1.768991330363031
2,0.573,-1.3649019793119372,-0.40761213100008126,-1.7725141103120186
2,0.574,-1.3643096879679082,-0.4117398224603157,-1.776049510428224
2,0.575,-1.3637092174615668,-0.415888308335967,-1.7795975257975338
2,0.576,-1.3631005628059072,-0.42005758862703513,-1.7831581514329424
2,0.577,-1.362483718940776,-0.42424766333352,-1.7867313822742958
2,0.578,-1.3618586807326118,-0.42845853245542165,-1.7903172131880334
2,0.579,-1.3612254429741806,-0.4326901959927401,-1.7939156389669206
2,0.58,-1.360584000384307,-0.4369426539454754,-1.7975266543297823
2,0.581,-1.3599343476076018,-0.44121590631362734,-1.8011502539212292
2,0.582,-1.3592764792141843,-0.4455099530971963,-1.8047864323113805
2,0.583,-1.3586103896993995,-0.44982479429618194,-1.8084351839955815
2,0.584,-1.357936073483534,-0.45416042991058436,-1.8120965033941183
2,0.585,-1.3572535249115227,-0.4585168599404037,-1.8157703848519264
2,0.586,-1.356562738252655,-0.46289408438563967,-1.8194568226382948
2,0.587,-1.355863707700276,-0.4672921032462926,-1.8231558109465686
2,0.588,-1.3551564273714791,-0.4717109165223622,-1.8268673438938414
2,0.589,-1.3544408913068002,-0.47615052421384874,-1.830591415520649
2,0.59,-1.3537170934699014,-0.480610926320752,-1.8343280197906533
2,0.591,-1.3529850277472542,-0.485092122843072,-1.8380771505903262
2,0.592,-1.3522446879478154,-0.4895941137808088,-1.8418388017286242
2,0.593,-1.3514960678026995,-0.4941168991339625,-1.8456129669366619
2,0.594,-1.350739160964845,-0.498660478902533,-1.849399639867378
2,0.595,-1.3499739610086778,-0.5032248530865202,-1.853198814095198
2,0.596,-1.349200461429768,-0.5078100216859243,-1.8570104831156922
2,0.597,-1.3484186556444808,-0.512415984700745,-1.8608346403452258
2,0.598,-1.3476285369896255,-0.5170427421309827,-1.8646712791206081
2,0.599,-1.3468300987220974,-0.5216902939766371,-1.8685203926987346
2,0.6,-1.346023334018513,-0.5263586402377084,-1.8723819742562213
2,0.601,-1.3452082359748436,-0.5310477809141965,-1.87625601688904
2,0.602,-1.344384797606041,-0.5357577160061013,-1.8801425136121424
2,0.603,-1.3435530118456593,-0.5404884455134228,-1.884041457359082
2,0.604,-1.3427128715454693,-0.5452399694361613,-1.8879528409816304
2,0.605,-1.3418643694750698,-0.5500122877743165,-1.8918766572493864
2,0.606,-1.3410074983214932,-0.5548054005278885,-1.8958128988493819
2,0.607,-1.3401422506888037,-0.5596193076968774,-1.899761558385681
2,0.608,-1.3392686190976923,-0.564454009281283,-1.9037226283789752
2,0.609,-1.3383865959850634,-0.5693095052811055,-1.9076961012661688
2,0.61,-1.3374961737036188,-0.5741857956963446,-1.9116819693999636
2,0.611,-1.3365973445214334,-0.5790828805270007,-1.9156802250484342
2,0.612,-1.3356901006215267,-0.5840007597730735,-1.9196908603946001
2,0.613,-1.3347744341014278,-0.588939433434563,-1.9237138675359908
2,0.614,-1.3338503369727337,-0.5938989015114695,-1.9277492384842032
2,0.615,-1.3329178011606633,-0.5988791640037927,-1.931796965164456
2,0.616,-1.3319768185036036,-0.6038802209115327,-1.9358570394151364
2,0.617,-1.3310273807526507,-0.6089020722346895,-1.9399294529873403
2,0.618,-1.330069479571145,-0.6139447179732631,-1.944014197544408
2,0.619,-1.3291031065341978,-0.6190081581272536,-1.9481112646614513
2,0.62,-1.3281282531282161,-0.6240923926966607,-1.9522206458248768
2,0.621,-1.3271449107504143,-0.6291974216814847,-1.9563423324318991
2,0.622,-1.3261530707083267,-0.6343232450817256,-1.9604763157900522
2,0.623,-1.3251527242193073,-0.6394698628973831,-1.9646225871166902
2,0.624,-1.3241438624100277,-0.6446372751284576,-1.9687811375384854
2,0.625,-1.3231264763159643,-0.6498254817749487,-1.972951958090913
2,0.626,-1.3221005568808808,-0.6550344828368567,-1.9771350397177376
2,0.627,-1.3210660949563051,-0.6602642783141816,-1.9813303732704868
2,0.628,-1.3200230813009957,-0.6655148682069231,-1.9855379495079188
2,0.629,-1.318971506580403,-0.6707862525150815,-1.9897577590954847
2,0.63,-1.3179113613661255,-0.6760784312386566,-1.9939897926047823
2,0.631,-1.316842636135354,-0.6813914043776487,-1.9982340405130028
2,0.632,-1.315765321270313,-0.6867251719320574,-2.0024904932023704
2,0.633,-1.3146794070576924,-0.6920797339018829,-2.0067591409595753
2,0.634,-1.3135848836880715,-0.6974550902871254,-2.0110399739751967
2,0.635,-1.3124817412553371,-0.7028512410877846,-2.015332982343122
2,0.636,-1.3113699697560914,-0.7082681863038606,-2.019638156059952
2,0.637,-1.3102495590890564,-0.7137059259353534,-2.02395548502441
2,0.638,-1.309120499054464,-0.719164459982263,-2.028284959036727
2,0.639,-1.3079827793534444,-0.7246437884445893,-2.032626567798034
2,0.64,-1.3068363895874036,-0.7301439113223325,-2.036980300909736
2,0.641,-1.305681319257391,-0.7356648286154925,-2.0413461478728836
2,0.642,-1.3045175577634625,-0.7412065403240692,-2.0457240980875318
2,0.643,-1.3033450944040332,-0.7467690464480629,-2.050114140852096
2,0.644,-1.302163918375221,-0.7523523469874732,-2.054516265362694
2,0.645,-1.3009740187701824,-0.7579564419423003,-2.0589304607124825
2,0.646,-1.29977538457844,-0.7635813313125442,-2.0633567158909845
2,0.647,-1.298568004685201,-0.769227015098205,-2.0677950197834063
2,0.648,-1.2973518678706657,-0.7748934932992826,-2.0722453611699483
2,0.649,-1.2961269628093275,-0.780580765915777,-2.0767077287251046
2,0.65,-1.294893278069265,-0.7862888329476881,-2.081182111016953
2,0.651,-1.2936508021114228,-0.792017694395016,-2.0856684965064387
2,0.652,-1.2923995232888845,-0.7977673502577608,-2.090166873546645
2,0.653,-1.291139429846135,-0.8035378005359225,-2.0946772303820573
2,0.654,-1.289870509918313,-0.8093290452295008,-2.0991995551478135
2,0.655,-1.2885927515304556,-0.8151410843384957,-2.1037338358689515
2,0.656,-1.2873061425967312,-0.8209739178629079,-2.108280060459639
2,0.657,-1.286010670919661,-0.8268275458027364,-2.1128382167223974
2,0.658,-1.2847063241893348,-0.8327019681579823,-2.117408292347317
2,0.659,-1.283393089982611,-0.8385971849286444,-2.1219902749112554
2,0.66,-1.2820709557623111,-0.8445131961147236,-2.1265841518770348
2,0.661,-1.2807399088763995,-0.8504500017162195,-2.131189910592619
2,0.662,-1.2793999365571547,-0.8564076017331324,-2.135807538290287
2,0.663,-1.2780510259203286,-0.8623859961654617,-2.1404370220857905
2,0.664,-1.2766931639642967,-0.8683851850132083,-2.145078348977505
2,0.665,-1.2753263375691937,-0.8744051682763713,-2.149731505845565
2,0.666,-1.2739505334960397,-0.8804459459549512,-2.154396479450991
2,0.667,-1.2725657383858564,-0.8865075180489479,-2.1590732564348043
2,0.668,-1.271171938758767,-0.8925898845583615,-2.1637618233171283
2,0.669,-1.2697691210130886,-0.8986930454831917,-2.16846216649628
2,0.67,-1.2683572714244113,-0.9048170008234389,-2.1731742722478504
2,0.671,-1.2669363761446624,-0.9109617505791029,-2.177898126723765
2,0.672,-1.2655064212011626,-0.9171272947501834,-2.1826337159513463
2,0.673,-1.2640673924956667,-0.9233136333366809,-2.1873810258323476
2,0.674,-1.2626192758033907,-0.9295207663385953,-2.192140042141986
2,0.675,-1.2611620567720294,-0.9357486937559265,-2.196910750527956
2,0.676,-1.259695720920757,-0.9419974155886744,-2.2016931365094314
2,0.677,-1.2582202536392175,-0.948266931836839,-2.2064871854760564
2,0.678,-1.2567356401864989,-0.9545572425004207,-2.2112928826869194
2,0.679,-1.2552418656900945,-0.960868347579419,-2.2161102132695136
2,0.68,-1.2537389151448526,-0.967200247073834,-2.2209391622186865
2,0.681,-1.2522267734119072,-0.973552940983666,-2.225779714395573
2,0.682,-1.2507054252175993,-0.9799264293089147,-2.2306318545265142
2,0.683,-1.2491748551523787,-0.9863207120495802,-2.235495567201959
2,0.684,-1.2476350476696965,-0.9927357892056625,-2.2403708368753588
2,0.685,-1.2460859870848764,-0.9991716607771616,-2.245257647862038
2,0.686,-1.2445276575739763,-1.0056283267640773,-2.2501559843380536
2,0.687,-1.2429600431726302,-1.01210578716641,-2.2550658303390403
2,0.688,-1.2413831277748764,-1.0186040419841589,-2.259987169759035
2,0.689,-1.2397968951319691,-1.0251230912173253,-2.2649199863492946
2,0.69,-1.2382013288511742,-1.031662934865908,-2.269864263717082
2,0.691,-1.2365964123945477,-1.0382235729299083,-2.2748199853244557
2,0.692,-1.2349821290776974,-1.0448050054093247,-2.279787134487022
2,0.693,-1.2333584620685292,-1.0514072323041583,-2.2847656943726875
2,0.694,-1.2317253943859725,-1.0580302536144086,-2.289755648000381
2,0.695,-1.2300829088986918,-1.0646740693400756,-2.2947569782387673
2,0.696,-1.2284309883237792,-1.0713386794811595,-2.299769667804939
2,0.697,-1.2267696152254262,-1.0780240840376603,-2.3047936992630866
2,0.698,-1.225098772013581,-1.0847302830095775,-2.3098290550231586
2,0.699,-1.2234184409425843,-1.091457276396912,-2.314875717339496
2,0.7,-1.221728604109787,-1.098205064199663,-2.3199336683094502
2,0.701,-1.2200292434541482,-1.104973646417831,-2.3250028898719792
2,0.702,-1.2183203407548142,-1.1117630230514155,-2.3300833638062297
2,0.703,-1.2166018776296756,-1.118573194100417,-2.3351750717300925
2,0.704,-1.2148738355339068,-1.1254041595648354,-2.3402779950987425
2,0.705,-1.2131361957584816,-1.1322559194446704,-2.3453921152031523
2,0.706,-1.2113889394286717,-1.1391284737399223,-2.350517413168594
2,0.707,-1.2096320475025188,-1.146021822450591,-2.3556538699531098
2,0.708,-1.2078655007692904,-1.1529359655766762,-2.3608014663459667
2,0.709,-1.2060892798479088,-1.1598709031181786,-2.3659601829660875
2,0.71,-1.20430336518536,-1.1668266350750978,-2.371130000260458
2,0.711,-1.2025077370550799,-1.1738031614474336,-2.3763108985025134
2,0.712,-1.2007023755553157,-1.180800482235186,-2.381502857790502
2,0.713,-1.1988872606074656,-1.1878185974383557,-2.386705858045821
2,0.714,-1.197062371954392,-1.194857507056942,-2.391919879011334
2,0.715,-1.1952276891587124,-1.201917211090945,-2.3971449002496574
2,0.716,-1.1933831916010647,-1.2089977095403648,-2.4023809011414294
2,0.717,-1.191528858478346,-1.2160990024052014,-2.4076278608835473
2,0.718,-1.1896646688019281,-1.2232210896854547,-2.412885758487383
2,0.719,-1.187790601395844,-1.2303639713811252,-2.4181545727769693
2,0.72,-1.185906634894949,-1.2375276474922121,-2.423434282387161
2,0.721,-1.1840127477430555,-1.2447121180187162,-2.4287248657617715
2,0.722,-1.182108918191039,-1.2519173829606367,-2.4340263011516754
2,0.723,-1.180195124294915,-1.2591434423179741,-2.4393385666128893
2,0.724,-1.17827134391389,-1.2663902960907283,-2.444661640004618
2,0.725,-1.1763375547083814,-1.2736579442788993,-2.4499954989872808
2,0.726,-1.1743937341380077,-1.2809463868824873,-2.455340121020495
2,0.727,-1.1724398594595489,-1.2882556239014917,-2.4606954833610404
2,0.728,-1.1704759077248768,-1.2955856553359133,-2.46606156306079
2,0.729,-1.1685018557788527,-1.3029364811857516,-2.4714383369646042
2,0.73,-1.166517680257194,-1.3103081014510067,-2.4768257817082007
2,0.731,-1.1645233575843086,-1.3177005161316784,-2.482223873715987
2,0.732,-1.1625188639710948,-1.3251137252277667,-2.4876325891988618
2,0.733,-1.1605041754127097,-1.3325477287392724,-2.493051904151982
2,0.734,-1.1584792676863014,-1.3400025266661946,-2.4984817943524957
2,0.735,-1.1564441163487065,-1.3474781190085336,-2.50392223535724
2,0.736,-1.1543986967341133,-1.3549745057662894,-2.5093732025004027
2,0.737,-1.1523429839516879,-1.362491686939462,-2.51483467089115
2,0.738,-1.150276952883162,-1.3700296625280515,-2.5203066154112133
2,0.739,-1.148200578180386,-1.3775884325320578,-2.525789010712444
2,0.74,-1.1461138342628407,-1.3851679969514805,-2.5312818312143213
2,0.741,-1.1440166953151127,-1.3927683557863204,-2.5367850511014334
2,0.742,-1.141909135284327,-1.4003895090365772,-2.542298644320904
2,0.743,-1.139791127877541,-1.4080314567022505,-2.5478225845797917
2,0.744,-1.1376626465590973,-1.415694198783341,-2.5533568453424382
2,0.745,-1.1355236645479332,-1.4233777352798476,-2.5589013998277808
2,0.746,-1.1333741548148464,-1.4310820661917714,-2.5644562210066177
2,0.747,-1.1312140900797198,-1.438807191519112,-2.570021281598832
2,0.748,-1.1290434428086988,-1.4465531112618695,-2.575596554070568
2,0.749,-1.1268621852113239,-1.4543198254200438,-2.581182010631368
2,0.75,-1.1246702892376166,-1.4621073339936346,-2.586777623231251
2,0.751,-1.1224677265751195,-1.4699156369826425,-2.592383363557762
2,0.752,-1.120254468645884,-1.477744734387067,-2.597999203032951
2,0.753,-1.1180304866034136,-1.4855946262069084,-2.603625112810322
2,0.754,-1.115795751329554,-1.4934653124421664,-2.6092610637717204
2,0.755,-1.1135502334313307,-1.5013567930928415,-2.6149070265241723
2,0.756,-1.1112939032377378,-1.5092690681589336,-2.620562971396671
2,0.757,-1.10902673079647,-1.5172021376404419,-2.626228868436912
2,0.758,-1.1067486858706024,-1.5251560015373675,-2.63190468740797
2,0.759,-1.1044597379352121,-1.5331306598497094,-2.6375903977849218
2,0.76,-1.1021598561739456,-1.5411261125774682,-2.643285968751414
2,0.761,-1.0998490094755262,-1.5491423597206444,-2.6489913691961706
2,0.762,-1.0975271664302033,-1.5571794012792368,-2.6547065677094404
2,0.763,-1.0951942953261404,-1.5652372372532464,-2.660431532579387
2,0.764,-1.0928503641457428,-1.5733158676426726,-2.6661662317884156
2,0.765,-1.0904953405619193,-1.5814152924475156,-2.6719106330094347
2,0.766,-1.088129191934284,-1.5895355116677752,-2.6776647036020593
2,0.767,-1.0857518853052865,-1.5976765253034517,-2.6834284106087383
2,0.768,-1.0833633873962818,-1.605838333354545,-2.6892017207508268
2,0.769,-1.080963664603525,-1.6140209358210553,-2.69498460042458
2,0.77,-1.0785526829941008,-1.6222243327029824,-2.700777015697083
2,0.771,-1.0761304083017782,-1.630448524000326,-2.7065789323021043
2,0.772,-1.0736968059227947,-1.6386935097130866,-2.712390315635881
2,0.773,-1.0712518409115628,-1.646959289841264,-2.7182111307528265
2,0.774,-1.0687954779763034,-1.655245864384858,-2.7240413423611614
2,0.775,-1.0663276814745972,-1.663553233343869,-2.729880914818466
2,0.776,-1.0638484154088605,-1.671881396718297,-2.7357298121271576
2,0.777,-1.0613576434217369,-1.6802303545081414,-2.7415879979298783
2,0.778,-1.0588553287914046,-1.6886001067134027,-2.7474554355048073
2,0.779,-1.0563414344268014,-1.696990653334081,-2.7533320877608825
2,0.78,-1.0538159228627606,-1.705401994370176,-2.7592179172329363
2,0.781,-1.0512787562550572,-1.7138341298216873,-2.7651128860767447
2,0.782,-1.0487298963753646,-1.722287059688616,-2.7710169560639804
2,0.783,-1.046169304606117,-1.7307607839709616,-2.7769300885770782
2,0.784,-1.0435969419352753,-1.7392553026687234,-2.7828522446039985
2,0.785,-1.0410127689509978,-1.7477706157819024,-2.7887833847329
2,0.786,-1.0384167458362088,-1.756306723310498,-2.7947234691467067
2,0.787,-1.0358088323630663,-1.764863625254511,-2.800672457617577
2,0.788,-1.033188987887323,-1.77344132161394,-2.806630309501263
2,0.789,-1.0305571713425845,-1.782039812388786,-2.8125969837313702
2,0.79,-1.0279133412344512,-1.7906590975790488,-2.8185724388135
2,0.791,-1.0252574556345546,-1.799299177184729,-2.8245566328192835
2,0.792,-1.022589472174475,-1.8079600512058256,-2.8305495233803004
2,0.793,-1.0199093480395425,-1.8166417196423386,-2.836551067681881
2,0.794,-1.0172170399625151,-1.8253441824942687,-2.8425612224567836
2,0.795,-1.014512504217139,-1.8340674397616155,-2.8485799439787547
2,0.796,-1.011795696611576,-1.8428114914443794,-2.8546071880559554
2,0.797,-1.0090665724817056,-1.8515763375425602,-2.860642910024266
2,0.798,-1.0063250866842923,-1.860361978056157,-2.866687064740449
2,0.799,-1.0035711935900187,-1.8691684129851716,-2.8727396065751902
2,0.8,-1.0008048470763757,-1.8779956423296025,-2.878800489405978
2,0.801,-0.9980260005204145,-1.8868436660894499,-2.8848696666098643
2,0.802,-0.9952346067913488,-1.8957124842647146,-2.8909470910560633
2,0.803,-0.9924306182430073,-1.9046020968553956,-2.897032715098403
2,0.804,-0.9896139867061333,-1.913512503861494,-2.9031264905676273
2,0.805,-0.9867846634805257,-1.9224437052830088,-2.9092283687635345
2,0.806,-0.9839425993270179,-1.9313957011199403,-2.915338300446958
2,0.807,-0.9810877444592907,-1.940368491372289,-2.9214562358315797
2,0.808,-0.9782200485355157,-1.9493620760400543,-2.92758212457557
2,0.809,-0.9753394606498218,-1.9583764551232363,-2.933715915773058
2,0.81,-0.9724459293235843,-1.9674116286218355,-2.9398575579454196
2,0.811,-0.9695394024965294,-1.976467596535851,-2.94600699903238
2,0.812,-0.9666198275176481,-1.9855443588652837,-2.952164186382932
2,0.813,-0.9636871511359189,-1.994641915610132,-2.958329066746051
2,0.814,-0.9607413194908279,-2.003760266770398,-2.9645015862612256
2,0.815,-0.9577822781026879,-2.012899412346081,-2.9706816904487687
2,0.816,-0.954809971862745,-2.0220593523371804,-2.9768693241999253
2,0.817,-0.9518243450230695,-2.031240086743697,-2.9830644317667665
2,0.818,-0.9488253411862266,-2.04044161556563,-2.9892669567518566
2,0.819,-0.9458129032947176,-2.04966393880298,-2.9954768420976974
2,0.82,-0.9427869736201885,-2.0589070564557472,-3.0016940300759356
2,0.821,-0.9397474937523969,-2.0681709685239307,-3.0079184622763275
2,0.822,-0.9366944045879322,-2.0774556750075313,-3.0141500795954634
2,0.823,-0.9336276463186818,-2.0867611759065485,-3.02038882222523
2,0.824,-0.9305471584200355,-2.0960874712209825,-3.026634629641018
2,0.825,-0.9274528796388208,-2.1054345609508336,-3.032887440589654
2,0.826,-0.9243447479809623,-2.1148024450961014,-3.0391471930770635
2,0.827,-0.9212227006988574,-2.124191123656786,-3.0454138243556432
2,0.828,-0.9180866742784564,-2.133600596632887,-3.0516872709113434
2,0.829,-0.9149366044260454,-2.1430308640244053,-3.0579674684504505
2,0.83,-0.9117724260547169,-2.15248192583134,-3.0642543518860568
2,0.831,-0.9085940732705206,-2.161953782053691,-3.070547855324212
2,0.832,-0.9054014793582881,-2.17144643269146,-3.076847912049748
2,0.833,-0.9021945767671182,-2.180959877744645,-3.0831544545117633
2,0.834,-0.8989732970955122,-2.1904941172132473,-3.0894674143087597
2,0.835,-0.8957375710761539,-2.200049151097266,-3.09578672217342
2,0.836,-0.8924873285603161,-2.2096249793967018,-3.102112307957018
2,0.837,-0.889222498501888,-2.219221602111554,-3.108444100613442
2,0.838,-0.8859430089410105,-2.2288390192418235,-3.114782028182834
2,0.839,-0.8826487869873052,-2.2384772307875096,-3.121126017774815
2,0.84,-0.879339758802686,-2.2481362367486124,-3.1274759955512983
2,0.841,-0.8760158495837419,-2.257816037125132,-3.1338318867088737
2,0.842,-0.8726769835436745,-2.2675166319170685,-3.140193615460743
2,0.843,-0.8693230838937771,-2.277238021124422,-3.1465611050181987
2,0.844,-0.865954072824443,-2.2869802047471914,-3.1529342775716342
2,0.845,-0.862569871485684,-2.2967431827853786,-3.1593130542710623
2,0.846,-0.8591703999671466,-2.3065269552389824,-3.165697355206129
2,0.847,-0.8557555772776089,-2.316331522108003,-3.172087099385612
2,0.848,-0.8523253213239386,-2.32615688339244,-3.1784822047163788
2,0.849,-0.8488795488894992,-2.336003039092294,-3.1848825879817935
2,0.85,-0.8454181756119818,-2.3458699892075647,-3.1912881648195466
2,0.851,-0.8419411159606446,-2.355757733738252,-3.1976988496988965
2,0.852,-0.8384482832129421,-2.365666272684357,-3.204114555897299
2,0.853,-0.8349395894305212,-2.375595606045878,-3.210535195476399
2,0.854,-0.8314149454345626,-2.385545733822816,-3.2169606792573786
2,0.855,-0.8278742607804477,-2.395516656015171,-3.2233909167956183
2,0.856,-0.8243174437317236,-2.4055083726229425,-3.229825816354666
2,0.857,-0.8207444012333461,-2.415520883646131,-3.236265284879477
2,0.858,-0.8171550388841728,-2.4255541890847363,-3.242709227968909
2,0.859,-0.8135492609086801,-2.435608288938758,-3.249157549847438
2,0.86,-0.8099269701278771,-2.445683183208197,-3.255610153336074
2,0.861,-0.8062880679293893,-2.4557788718930524,-3.262066939822442
2,0.862,-0.8026324542366787,-2.4658953549933247,-3.2685278092300036
2,0.863,-0.7989600274773714,-2.4760326325090145,-3.2749926599863857
2,0.864,-0.7952706845506599,-2.4861907044401206,-3.28146138899078
2,0.865,-0.791564320793747,-2.496369570786643,-3.2879338915803897
2,0.866,-0.7878408299472922,-2.506569231548583,-3.294410061495875
2,0.867,-0.784100104119828,-2.516789686725939,-3.300889790845767
2,0.868,-0.7803420337511043,-2.5270309363187122,-3.3073729700698165
2,0.869,-0.7765665075743211,-2.537292980326902,-3.3138594879012233
2,0.87,-0.7727734125772074,-2.547575818750509,-3.3203492313277163
2,0.871,-0.7689626339619029,-2.5578794515895322,-3.3268420855514353
2,0.872,-0.7651340551035917,-2.5682038788439727,-3.3333379339475644
2,0.873,-0.7612875575078464,-2.5785491005138303,-3.3398366580216767
2,0.874,-0.7574230207666257,-2.5889151165991042,-3.3463381373657297
2,0.875,-0.7535403225128735,-2.599301927099795,-3.352842249612668
2,0.876,-0.7496393383736673,-2.609709532015902,-3.359348870389569
2,0.877,-0.7457199419218503,-2.620137931347427,-3.3658578732692774
2,0.878,-0.7417820046260946,-2.630587125094368,-3.3723691297204628
2,0.879,-0.7378253957993215,-2.641057113256726,-3.378882509056048
2,0.88,-0.7338499825454192,-2.651547895834501,-3.38539787837992
2,0.881,-0.7298556297041818,-2.6620594728276923,-3.391915102531874
2,0.882,-0.7258421997943973,-2.672591844236301,-3.398434044030698
2,0.883,-0.7218095529550057,-2.683145010060326,-3.4049545630153317
2,0.884,-0.7177575468842439,-2.693718970299768,-3.411476517184012
2,0.885,-0.7136860367766913,-2.7043137249546265,-3.417999761731318
2,0.886,-0.7095948752581256,-2.714929274024902,-3.4245241492830276
2,0.887,-0.705483912318091,-2.7255656175105947,-3.4310495298286856
2,0.888,-0.7013529952400789,-2.7362227554117036,-3.4375757506517823
2,0.889,-0.6972019685292135,-2.7469006877282296,-3.444102656257443
2,0.89,-0.6930306738373323,-2.7575994144601723,-3.4506300882975047
2,0.891,-0.6888389498853384,-2.7683189356075317,-3.45715788549287
2,0.892,-0.6846266323827058,-2.7790592511703083,-3.463685883553014
2,0.893,-0.6803935539439988,-2.7898203611485015,-3.4702139150925
2,0.894,-0.6761395440022725,-2.8006022655421114,-3.476741809544384
2,0.895,-0.671864428719203,-2.8114049643511385,-3.4832693930703416
2,0.896,-0.6675680308917932,-2.8222284575755823,-3.4897964884673756
2,0.897,-0.6632501698554888,-2.8330727452154423,-3.496322915070931
2,0.898,-0.6589106613835323,-2.8439378272707194,-3.5028484886542515
2,0.899,-0.6545493175823665,-2.8548237037414137,-3.50937302132378
2,0.9,-0.6501659467828964,-2.8657303746275242,-3.5158963214104206
2,0.901,-0.6457603534274003,-2.876657839929052,-3.5224181933564522
2,0.902,-0.6413323379518688,-2.887606099645996,-3.5289384375978647
2,0.903,-0.6368816966635421,-2.8985751537783573,-3.5354568504418995
2,0.904,-0.6324082216133944,-2.909565002326135,-3.5419732239395296
2,0.905,-0.6279117004633049,-2.92057564528933,-3.5484873457526347
2,0.906,-0.6233919163476347,-2.9316070826679415,-3.5549989990155764
2,0.907,-0.6188486477289106,-2.94265931446197,-3.5615079621908805
2,0.908,-0.614281668247302,-2.953732340671415,-3.568014008918717
2,0.909,-0.6096907465635508,-2.9648261612962767,-3.5745169078598273
2,0.91,-0.605075646194996,-2.9759407763365555,-3.5810164225315515
2,0.911,-0.600436125344309,-2.9870761857922514,-3.5875123111365603
2,0.912,-0.5957719367205291,-2.9982323896633636,-3.5940043263838928
2,0.913,-0.5910828273519639,-3.009409387949893,-3.600492215301857
2,0.914,-0.5863685383904844,-3.0206071806518384,-3.606975719042323
2,0.915,-0.5816288049067162,-3.031825767769201,-3.6134545726759173
2,0.916,-0.5768633556755907,-3.043065149301981,-3.6199285049775716
2,0.917,-0.5720719129516821,-3.054325325250177,-3.626397238201859
2,0.918,-0.567254192233716,-3.06560629561379,-3.6328604878475064
2,0.919,-0.562409902017586,-3.07690806039282,-3.639317962410406
2,0.92,-0.5575387435371746,-3.088230619587267,-3.6457693631244417
2,0.921,-0.5526404104922094,-3.0995739731971303,-3.6522143836893397
2,0.922,-0.5477145887623386,-3.1109381212224108,-3.6586527099847492
2,0.923,-0.5427609561065415,-3.122323063663108,-3.6650840197696493
2,0.924,-0.5377791818469193,-3.1337288005192216,-3.671507982366141
2,0.925,-0.5327689265358407,-3.1451553317907526,-3.6779242583265934
2,0.926,-0.5277298416053325,-3.1566026574777,-3.6843324990830326
2,0.927,-0.5226615689975134,-3.168070777580064,-3.6907323465775774
2,0.928,-0.5175637407747736,-3.1795596920978455,-3.697123432872619
2,0.929,-0.512435978708295,-3.191069401031043,-3.7035053797393385
2,0.93,-0.5072778938433826,-3.202599904379658,-3.7098777982230406
2,0.931,-0.5020890860399532,-3.21415120214369,-3.716240288183643
2,0.932,-0.49686914348638134,-3.2257232943231378,-3.722592437809519
2,0.933,-0.49161764218474086,-3.237316180918003,-3.728933823102744
2,0.934,-0.48633414540530767,-3.248929861928285,-3.7352640073335928
2,0.935,-0.48101820310799637,-3.260564337353983,-3.7415825404619794
2,0.936,-0.4756693513281835,-3.2722196071950993,-3.7478889585232826
2,0.937,-0.4702871115241375,-3.2838956714516314,-3.754182782975769
2,0.938,-0.46487098988300557,-3.2955925301235793,-3.760463520006585
2,0.939,-0.45942047658201274,-3.3073101832109453,-3.766730659792958
2,0.94,-0.45393504500120907,-3.319048630713727,-3.772983675714936
2,0.941,-0.44841415088371506,-3.330807872631927,-3.7792220235156417
2,0.942,-0.4428572314390218,-3.3425879089655433,-3.785445140404565
2,0.943,-0.43726370438443485,-3.354388739714577,-3.791652444099012
2,0.944,-0.43163296691923236,-3.3662103648790267,-3.797843331798259
2,0.945,-0.42596439462552876,-3.3780527844588932,-3.804017179084422
2,0.946,-0.42025734028917905,-3.389915998454177,-3.810173338743356
2,0.947,-0.4145111326333173,-3.401800006864877,-3.816311139498194
2,0.948,-0.4087250749562846,-3.4137048096909934,-3.822429884647278
2,0.949,-0.40289844366475003,-3.425630406932527,-3.8285288505972774
2,0.95,-0.39703048669174534,-3.4375767985894785,-3.8346072852812236
2,0.951,-0.3911204217881006,-3.449543984661846,-3.840664406449947
2,0.952,-0.38516743467435727,-3.46153196514963,-3.8466993998239873
2,0.953,-0.3791706770386196,-3.473540740052831,-3.8527114170914505
2,0.954,-0.37312926436394694,-3.4855703093714494,-3.858699573735396
2,0.955,-0.3670422735667508,-3.4976206731054837,-3.8646629466722344
2,0.956,-0.3609087404251881,-3.509691831254935,-3.870600571680123
2,0.957,-0.3547276567736735,-3.5217837838198034,-3.876511440593477
2,0.958,-0.34849796743630257,-3.533896530800088,-3.8823944982363905
2,0.959,-0.3422185668680866,-3.5460300721957903,-3.888248639063877
2,0.96,-0.3358882954683461,-3.558184408006909,-3.894072703475255
2,0.961,-0.32950593552525975,-3.5703595382334443,-3.899865473758704
2,0.962,-0.3230702067442497,-3.5825554628753964,-3.905625669619646
2,0.963,-0.3165797613054119,-3.5947721819327656,-3.9113519432381776
2,0.964,-0.31003317838630245,-3.6070096954055515,-3.917042873791854
2,0.965,-0.3034289580757725,-3.619268003293754,-3.9226969613695264
2,0.966,-0.29676551459179057,-3.6315471055973734,-3.928312620189164
2,0.967,-0.29004116870081537,-3.6438470023164093,-3.933888171017225
2,0.968,-0.2832541392176387,-3.6561676934508633,-3.939421832668502
2,0.969,-0.27640253344189025,-3.668509179000733,-3.9449117124426234
2,0.97,-0.26948433635953367,-3.6808714589660196,-3.9503557953255535
2,0.971,-0.2624973984033058,-3.6932545333467233,-3.955751931750029
2,0.972,-0.2554394215233693,-3.7056584021428427,-3.961097823666212
2,0.973,-0.24830794326607467,-3.71808306535438,-3.966391008620455
2,0.974,-0.24110031849149882,-3.730528522981334,-3.9716288414728327
2,0.975,-0.23381369827506224,-3.7429947750237043,-3.9768084732987665
2,0.976,-0.22644500542921633,-3.755481821481492,-3.981926826910708
2,0.977,-0.21899090593993586,-3.7679896623546956,-3.9869805682946313
2,0.978,-0.21144777542840565,-3.780518297643317,-3.9919660730717226
2,0.979,-0.20381165950515118,-3.7930677273473545,-3.996879386852506
2,0.98,-0.1960782265594641,-3.8056379514668097,-4.001716178026274
2,0.981,-0.18824271108870713,-3.8182289700016816,-4.006471681090389
2,0.982,-0.18029984507184127,-3.8308407829519693,-4.011140628023811
2,0.983,-0.17224377405703345,-3.8434733903176745,-4.015717164374708
2,0.984,-0.16406795345376649,-3.856126792098796,-4.020194745552563
2,0.985,-0.15576501882219282,-3.8688009882953347,-4.024566007117527
2,0.986,-0.14732662145864994,-3.88149597890729,-4.02882260036594
2,0.987,-0.13874321682858162,-3.8942117639346625,-4.032954980763244
2,0.988,-0.1300037876195754,-3.9069483433774512,-4.036952130997027
2,0.989,-0.12109547401298548,-3.919705717235657,-4.040801191248643
2,0.99,-0.11200306870969477,-3.9324838855092796,-4.044486954218974
2,0.991,-0.10270830853018603,-3.9452828481983193,-4.047991156728505
2,0.992,-0.09318884844420919,-3.9581026053027757,-4.051291453746985
2,0.993,-0.083416717083787,-3.9709431568226483,-4.054359873906435
2,0.994,-0.07335587750026831,-3.9838045027579376,-4.057160380258206
2,0.995,-0.06295813189433352,-3.996686643108645,-4.059644775002979
2,0.996,-0.052155665966795335,-4.0095895778747686,-4.061745243841564
2,0.997,-0.04084584892835985,-4.022513307056308,-4.063359155984668
2,0.998,-0.02885442972435225,-4.035457830653265,-4.064312260377617
2,0.999,-0.015814510224464187,-4.048423148665639,-4.064237658890103
2,1,0,-4.06140926109343,-4.06140926109343
5,0,0,-0.7310536669968173,-0.7310536669968173
5,0.001,-0.015814510224464173,-0.7271599127100219,-0.7429744229344861
5,0.002,-0.028854429724352232,-0.7232765556309347,-0.752130985355287
5,0.003,-0.040845848928359824,-0.719403595759556,-0.7602494446879159
5,0.004,-0.0521556659667953,-0.7155410330958857,-0.767696699062681
5,0.005,-0.0629581318943335,-0.7116888676399238,-0.7746469995342573
5,0.006,-0.07335587750026827,-0.7078470993916705,-0.7812029768919387
5,0.007,-0.08341671708378696,-0.7040157283511252,-0.7874324454349122
5,0.008,-0.09318884844420913,-0.7001947545182886,-0.7933836029624978
5,0.009,-0.10270830853018596,-0.6963841778931602,-0.7990924864233462
5,0.01,-0.11200306870969469,-0.6925839984757403,-0.8045870671854349
5,0.011,-0.1210954740129854,-0.6887942162660289,-0.8098896902790143
5,0.012,-0.13000378761957532,-0.6850148312640257,-0.815018618883601
5,0.013,-0.13874321682858154,-0.681245843469731,-0.8199890602983126
5,0.014,-0.14732662145864986,-0.6774872528831447,-0.8248138743417945
5,0.015,-0.15576501882219274,-0.6737390595042668,-0.8295040783264596
5,0.016,-0.1640679534537664,-0.6700012633330973,-0.8340692167868637
5,0.017,-0.17224377405703334,-0.6662738643696362,-0.8385176384266695
5,0.018,-0.1802998450718412,-0.6625568626138834,-0.8428567076857245
5,0.019,-0.18824271108870705,-0.6588502580658392,-0.8470929691545462
5,0.02,-0.196078226559464,-0.6551540507255034,-0.8512322772849674
5,0.021,-0.20381165950515107,-0.6514682405928758,-0.8552799000980269
5,0.022,-0.21144777542840554,-0.6477928276679566,-0.8592406030963622
5,0.023,-0.21899090593993578,-0.6441278119507459,-0.8631187178906816
5,0.024,-0.22644500542921622,-0.6404731934412436,-0.8669181988704598
5,0.025,-0.23381369827506213,-0.6368289721394497,-0.8706426704145118
5,0.026,-0.2411003184914987,-0.6331951480453641,-0.8742954665368629
5,0.027,-0.24830794326607455,-0.6295717211589871,-0.8778796644250616
5,0.028,-0.2554394215233692,-0.6259586914803184,-0.8813981130036875
5,0.029,-0.26249739840330566,-0.6223560590093581,-0.8848534574126637
5,0.03,-0.2694843363595335,-0.6187638237461061,-0.8882481601056396
5,0.031,-0.27640253344189014,-0.6151819856905626,-0.8915845191324527
5,0.032,-0.28325413921763853,-0.6116105448427274,-0.8948646840603659
5,0.033,-0.2900411687008152,-0.6080495012026007,-0.8980906699034159
5,0.034,-0.29676551459179046,-0.6044988547701824,-0.9012643693619729
5,0.035,-0.3034289580757724,-0.6009586055454725,-0.904387563621245
5,0.036,-0.3100331783863023,-0.5974287535284711,-0.9074619319147734
5,0.037,-0.3165797613054117,-0.593909298719178,-0.9104890600245896
5,0.038,-0.3230702067442496,-0.5904002411175934,-0.913470447861843
5,0.039,-0.3295059355252596,-0.5869015807237169,-0.9164075162489764
5,0.04,-0.335888295468346,-0.5834133175375491,-0.9193016130058951
5,0.041,-0.3422185668680865,-0.5799354515590895,-0.922154018427176
5,0.042,-0.34849796743630246,-0.5764679827883384,-0.9249659502246409
5,0.043,-0.35472765677367335,-0.5730109112252957,-0.927738567998969
5,0.044,-0.36090874042518795,-0.5695642368699613,-0.9304729772951492
5,0.045,-0.3670422735667506,-0.5661279597223354,-0.9331702332890861
5,0.046,-0.3731292643639468,-0.5627020797824178,-0.9358313441463646
5,0.047,-0.37917067703861945,-0.5592865970502088,-0.9384572740888282
5,0.048,-0.3851674346743571,-0.555881511525708,-0.9410489462000651
5,0.049,-0.3911204217881004,-0.5524868232089156,-0.9436072449970161
5,0.05,-0.3970304866917452,-0.5491025320998317,-0.9461330187915769
5,0.051,-0.40289844366474986,-0.5457286381984562,-0.9486270818632061
5,0.052,-0.4087250749562844,-0.5423651415047891,-0.9510902164610735
5,0.053,-0.41451113263331707,-0.5390120420188304,-0.9535231746521474
5,0.054,-0.4202573402891789,-0.5356693397405801,-0.955926680029759
5,0.055,-0.4259643946255286,-0.532337034670038,-0.9583014292955666
5,0.056,-0.43163296691923214,-0.5290151268072045,-0.9606480937264367
5,0.057,-0.4372637043844347,-0.5257036161520794,-0.9629673205365141
5,0.058,-0.44285723143902156,-0.5224025027046627,-0.9652597341436843
5,0.059,-0.4484141508837146,-0.5191117864649543,-0.9675259373486689
5,0.06,-0.45393504500120896,-0.5158314674329544,-0.9697665124341633
5,0.061,-0.4594204765820123,-0.5125615456086627,-0.971982022190675
5,0.062,-0.46487098988300535,-0.5093020209920797,-0.974173010875085
5,0.063,-0.47028711152413766,-0.5060528935832048,-0.9763400051073425
5,0.064,-0.47566935132818394,-0.5028141633820385,-0.9784835147102224
5,0.065,-0.4810182031079965,-0.4995858303885806,-0.9806040334965771
5,0.066,-0.48633414540530806,-0.49636789460283104,-0.9827020400081391
5,0.067,-0.491617642184741,-0.4931603560247899,-0.9847779982095309
5,0.068,-0.4968691434863818,-0.48996321465445714,-0.9868323581408389
5,0.069,-0.5020890860399534,-0.4867764704918328,-0.9888655565317862
5,0.07,-0.507277893843383,-0.48360012353691684,-0.9908780173802998
5,0.071,-0.5124359787082953,-0.4804341737897093,-0.9928701524980046
5,0.072,-0.5175637407747737,-0.4772786212502102,-0.994842362024984
5,0.073,-0.5226615689975134,-0.4741334659184193,-0.9967950349159327
5,0.074,-0.5277298416053327,-0.47099870779433695,-0.9987285493996696
5,0.075,-0.5327689265358408,-0.46787434687796303,-1.0006432734138038
5,0.076,-0.5377791818469194,-0.4647603831692975,-1.002539565016217
5,0.077,-0.5427609561065416,-0.4616568166683404,-1.004417772774882
5,0.078,-0.5477145887623387,-0.45856364737509164,-1.0062782361374303
5,0.079,-0.5526404104922094,-0.45548087528955117,-1.0081212857817605
5,0.08,-0.5575387435371748,-0.45240850041171926,-1.0099472439488941
5,0.081,-0.5624099020175861,-0.4493465227415957,-1.0117564247591817
5,0.082,-0.567254192233716,-0.44629494227918054,-1.0135491345128966
5,0.083,-0.5720719129516822,-0.4432537590244738,-1.015325671976156
5,0.084,-0.5768633556755907,-0.4402229729774754,-1.017086328653066
5,0.085,-0.5816288049067163,-0.43720258413818547,-1.0188313890449017
5,0.086,-0.5863685383904844,-0.43419259250660414,-1.0205611308970886
5,0.087,-0.591082827351964,-0.43119299808273087,-1.0222758254346949
5,0.088,-0.5957719367205293,-0.4282038008665662,-1.0239757375870955
5,0.089,-0.6004361253443091,-0.42522500085810977,-1.025661126202419
5,0.09,-0.6050756461949961,-0.4222565980573618,-1.0273322442523578
5,0.091,-0.6096907465635508,-0.4192985924643222,-1.028989339027873
5,0.092,-0.614281668247302,-0.4163509840789911,-1.0306326523262932
5,0.093,-0.6188486477289106,-0.4134137729013682,-1.0322624206302788
5,0.094,-0.6233919163476347,-0.4104869589314539,-1.0338788752790886
5,0.095,-0.627911700463305,-0.4075705421692479,-1.035482242632553
5,0.096,-0.6324082216133944,-0.4046645226147504,-1.0370727442281447
5,0.097,-0.6368816966635421,-0.40176890026796125,-1.0386505969315034
5,0.098,-0.6413323379518688,-0.3988836751288804,-1.0402160130807492
5,0.099,-0.6457603534274003,-0.396008847197508,-1.0417692006249084
5,0.1,-0.6501659467828964,-0.39314441647384407,-1.0433103632567404
5,0.101,-0.6545493175823665,-0.3902903829578885,-1.044839700540255
5,0.102,-0.6589106613835323,-0.3874467466496413,-1.0463574080331735
5,0.103,-0.6632501698554889,-0.3846135075491025,-1.0478636774045915
5,0.104,-0.6675680308917931,-0.3817906656562721,-1.0493586965480652
5,0.105,-0.671864428719203,-0.37897822097115014,-1.0508426496903531
5,0.106,-0.6761395440022725,-0.3761761734937366,-1.0523157174960092
5,0.107,-0.6803935539439989,-0.37338452322403143,-1.0537780771680303
5,0.108,-0.6846266323827059,-0.3706032701620346,-1.0552299025447405
5,0.109,-0.6888389498853386,-0.36783241430774627,-1.0566713641930847
5,0.11,-0.6930306738373323,-0.36507195566116624,-1.0581026294984985
5,0.111,-0.6972019685292136,-0.36232189422229466,-1.0595238627515082
5,0.112,-0.7013529952400789,-0.3595822299911315,-1.0609352252312103
5,0.113,-0.705483912318091,-0.3568529629676767,-1.0623368752857678
5,0.114,-0.7095948752581257,-0.3541340931519303,-1.063728968410056
5,0.115,-0.7136860367766914,-0.3514256205438923,-1.0651116573205837
5,0.116,-0.7177575468842439,-0.3487275451435627,-1.0664850920278066
5,0.117,-0.7218095529550059,-0.34603986695094147,-1.0678494199059474
5,0.118,-0.7258421997943973,-0.3433625859660287,-1.069204785760426
5,0.119,-0.7298556297041818,-0.34069570218882433,-1.0705513318930062
5,0.12,-0.7338499825454192,-0.3380392156193283,-1.0718891981647476
5,0.121,-0.7378253957993215,-0.33539312625754075,-1.0732185220568622
5,0.122,-0.7417820046260946,-0.33275743410346154,-1.0745394387295562
5,0.123,-0.7457199419218503,-0.3301321391570908,-1.0758520810789411
5,0.124,-0.7496393383736673,-0.32751724141842836,-1.0771565797920957
5,0.125,-0.7535403225128735,-0.32491274088747435,-1.0784530634003477
5,0.126,-0.7574230207666257,-0.3223186375642288,-1.0797416583308546
5,0.127,-0.7612875575078464,-0.31973493144869153,-1.0810224889565379
5,0.128,-0.7651340551035917,-0.3171616225408628,-1.0822956776444546
5,0.129,-0.7689626339619029,-0.31459871084074237,-1.0835613448026453
5,0.13,-0.7727734125772074,-0.31204619634833036,-1.0848196089255377
5,0.131,-0.7765665075743211,-0.3095040790636268,-1.0860705866379479
5,0.132,-0.7803420337511043,-0.30697235898663155,-1.0873143927377358
5,0.133,-0.784100104119828,-0.30445103611734475,-1.0885511402371728
5,0.134,-0.7878408299472922,-0.30194011045576635,-1.0897809404030585
5,0.135,-0.791564320793747,-0.29943958200189635,-1.0910039027956433
5,0.136,-0.7952706845506599,-0.29694945075573476,-1.0922201353063947
5,0.137,-0.7989600274773714,-0.2944697167172815,-1.093429744194653
5,0.138,-0.8026324542366787,-0.29200037988653677,-1.0946328341232154
5,0.139,-0.8062880679293893,-0.28954144026350037,-1.0958295081928897
5,0.14,-0.8099269701278771,-0.2870928978481723,-1.0970198679760494
5,0.141,-0.8135492609086798,-0.28465475264055273,-1.0982040135492326
5,0.142,-0.8171550388841728,-0.2822270046406416,-1.0993820435248145
5,0.143,-0.820744401233346,-0.27980965384843876,-1.1005540550817847
5,0.144,-0.8243174437317236,-0.27740270026394437,-1.1017201439956679
5,0.145,-0.8278742607804475,-0.2750061438871583,-1.1028804046676057
5,0.146,-0.8314149454345625,-0.2726199847180807,-1.1040349301526433
5,0.147,-0.834939589430521,-0.2702442227567115,-1.1051838121872326
5,0.148,-0.8384482832129421,-0.26787885800305067,-1.1063271412159927
5,0.149,-0.8419411159606445,-0.26552389045709823,-1.1074650064177427
5,0.15,-0.8454181756119817,-0.26317932011885425,-1.108597495730836
5,0.151,-0.8488795488894992,-0.2608451469883187,-1.109724695877818
5,0.152,-0.8523253213239386,-0.25852137106549145,-1.11084669238943
5,0.153,-0.8557555772776086,-0.2562079923503726,-1.1119635696279813
5,0.154,-0.8591703999671466,-0.2539050108429622,-1.1130754108101089
5,0.155,-0.862569871485684,-0.25161242654326016,-1.1141822980289442
5,0.156,-0.865954072824443,-0.2493302394512665,-1.1152843122757095
5,0.157,-0.8693230838937771,-0.24705844956698128,-1.1163815334607583
5,0.158,-0.8726769835436744,-0.24479705689040449,-1.1174740404340788
5,0.159,-0.8760158495837419,-0.24254606142153604,-1.118561911005278
5,0.16,-0.879339758802686,-0.24030546316037601,-1.119645221963062
5,0.161,-0.8826487869873051,-0.23807526210692442,-1.1207240490942296
5,0.162,-0.8859430089410105,-0.2358554582611812,-1.1217984672021917
5,0.163,-0.889222498501888,-0.23364605162314636,-1.1228685501250344
5,0.164,-0.8924873285603159,-0.23144704219281992,-1.1239343707531357
5,0.165,-0.8957375710761539,-0.2292584299702019,-1.1249960010463558
5,0.166,-0.8989732970955122,-0.2270802149552923,-1.1260535120508046
5,0.167,-0.902194576767118,-0.22491239714809105,-1.127106973915209
5,0.168,-0.9054014793582881,-0.22275497654859824,-1.1281564559068864
5,0.169,-0.9085940732705206,-0.22060795315681378,-1.1292020264273344
5,0.17,-0.9117724260547168,-0.21847132697273772,-1.1302437530274545
5,0.171,-0.9149366044260454,-0.2163450979963701,-1.1312817024224155
5,0.172,-0.918086674278456,-0.2142292662277109,-1.132315940506167
5,0.173,-0.9212227006988571,-0.21212383166676013,-1.1333465323656173
5,0.174,-0.9243447479809621,-0.21002879431351767,-1.1343735422944798
5,0.175,-0.9274528796388206,-0.20794415416798362,-1.1353970338068042
5,0.176,-0.9305471584200352,-0.205869911230158,-1.1364170696501932
5,0.177,-0.9336276463186818,-0.20380606550004074,-1.1374337118187225
5,0.178,-0.9366944045879319,-0.20175261697763192,-1.1384470215655638
5,0.179,-0.9397474937523967,-0.19970956566293147,-1.1394570594153282
5,0.18,-0.9427869736201882,-0.19767691155593944,-1.1404638851761275
5,0.181,-0.9458129032947176,-0.1956546546566558,-1.1414675579513733
5,0.182,-0.9488253411862263,-0.19364279496508055,-1.142468136151307
5,0.183,-0.9518243450230693,-0.19164133248121368,-1.143465677504283
5,0.184,-0.9548099718627447,-0.18965026720505523,-1.1444602390678
5,0.185,-0.9577822781026877,-0.1876695991366052,-1.1454518772392928
5,0.186,-0.9607413194908274,-0.18569932827586355,-1.146440647766691
5,0.187,-0.9636871511359187,-0.1837394546228303,-1.147426605758749
5,0.188,-0.9666198275176481,-0.18178997817750547,-1.1484098056951535
5,0.189,-0.9695394024965296,-0.179850898939889,-1.1493903014364186
5,0.19,-0.9724459293235844,-0.17792221690998095,-1.1503681462335653
5,0.191,-0.975339460649822,-0.1760039320877813,-1.1513433927376033
5,0.192,-0.9782200485355158,-0.17409604447329005,-1.1523160930088059
5,0.193,-0.981087744459291,-0.17219855406650722,-1.1532862985257983
5,0.194,-0.9839425993270179,-0.17031146086743276,-1.1542540601944506
5,0.195,-0.986784663480526,-0.1684347648760667,-1.1552194283565926
5,0.196,-0.9896139867061333,-0.16656846609240905,-1.1561824527985425
5,0.197,-0.9924306182430076,-0.1647125645164598,-1.1571431827594674
5,0.198,-0.9952346067913489,-0.16286706014821895,-1.1581016669395678
5,0.199,-0.9980260005204148,-0.16103195298768647,-1.1590579535081011
5,0.2,-1.0008048470763757,-0.15920724303486242,-1.160012090111238
5,0.201,-1.003571193590019,-0.15739293028974677,-1.1609641238797657
5,0.202,-1.0063250866842925,-0.15558901475233952,-1.161914101436632
5,0.203,-1.0090665724817058,-0.15379549642264065,-1.1628620689043465
5,0.204,-1.011795696611576,-0.15201237530065023,-1.1638080719122261
5,0.205,-1.014512504217139,-0.1502396513863682,-1.1647521556035072
5,0.206,-1.0172170399625151,-0.1484773246797945,-1.1656943646423097
5,0.207,-1.0199093480395425,-0.14672539518092922,-1.1666347432204718
5,0.208,-1.022589472174475,-0.14498386288977239,-1.1675733350642474
5,0.209,-1.0252574556345546,-0.14325272780632392,-1.1685101834408784
5,0.21,-1.0279133412344512,-0.14153198993058386,-1.169445331165035
5,0.211,-1.0305571713425845,-0.1398216492625522,-1.1703788206051366
5,0.212,-1.0331889878873233,-0.1381217058022289,-1.171310693689552
5,0.213,-1.0358088323630663,-0.13643215954961405,-1.1722409919126804
5,0.214,-1.0384167458362088,-0.1347530105047076,-1.1731697563409165
5,0.215,-1.0410127689509978,-0.1330842586675095,-1.1740970276185072
5,0.216,-1.0435969419352753,-0.13142590403801985,-1.1750228459732952
5,0.217,-1.046169304606117,-0.12977794661623857,-1.1759472512223554
5,0.218,-1.0487298963753646,-0.12814038640216568,-1.1768702827775304
5,0.219,-1.0512787562550572,-0.1265132233958012,-1.1777919796508585
5,0.22,-1.0538159228627606,-0.12489645759714516,-1.1787123804599058
5,0.221,-1.0563414344268014,-0.12329008900619748,-1.1796315234329988
5,0.222,-1.0588553287914046,-0.1216941176229582,-1.1805494464143629
5,0.223,-1.0613576434217369,-0.12010854344742733,-1.1814661868691643
5,0.224,-1.0638484154088608,-0.11853336647960483,-1.1823817818884657
5,0.225,-1.0663276814745972,-0.11696858671949076,-1.183296268194088
5,0.226,-1.0687954779763034,-0.1154142041670851,-1.1842096821433885
5,0.227,-1.0712518409115628,-0.11387021882238779,-1.1851220597339505
5,0.228,-1.0736968059227947,-0.11233663068539892,-1.1860334366081937
5,0.229,-1.0761304083017782,-0.11081343975611845,-1.1869438480578967
5,0.23,-1.0785526829941008,-0.10930064603454637,-1.187853329028647
5,0.231,-1.080963664603525,-0.10779824952068269,-1.1887619141242076
5,0.232,-1.0833633873962818,-0.1063062502145274,-1.1896696376108091
5,0.233,-1.0857518853052865,-0.10482464811608053,-1.1905765334213672
5,0.234,-1.088129191934284,-0.10335344322534204,-1.191482635159626
5,0.235,-1.0904953405619193,-0.10189263554231197,-1.1923879761042313
5,0.236,-1.0928503641457428,-0.10044222506699031,-1.193292589212733
5,0.237,-1.0951942953261404,-0.099002211799377,-1.1941965071255174
5,0.238,-1.0975271664302033,-0.09757259573947212,-1.1950997621696755
5,0.239,-1.0998490094755262,-0.09615337688727563,-1.1960023863628018
5,0.24,-1.1021598561739456,-0.09474455524278753,-1.196904411416733
5,0.241,-1.1044597379352121,-0.09334613080600786,-1.19780586874122
5,0.242,-1.1067486858706024,-0.09195810357693657,-1.198706789447539
5,0.243,-1.10902673079647,-0.09058047355557367,-1.1996072043520438
5,0.244,-1.1112939032377378,-0.08921324074191918,-1.200507143979657
5,0.245,-1.1135502334313307,-0.08785640513597308,-1.201406638567304
5,0.246,-1.115795751329554,-0.08650996673773537,-1.2023057180672894
5,0.247,-1.1180304866034136,-0.08517392554720608,-1.2032044121506198
5,0.248,-1.120254468645884,-0.08384828156438519,-1.2041027502102692
5,0.249,-1.1224677265751195,-0.0825330347892727,-1.2050007613643923
5,0.25,-1.1246702892376166,-0.08122818522186859,-1.2058984744594852
5,0.251,-1.1268621852113239,-0.07993373286217288,-1.2067959180734968
5,0.252,-1.1290434428086988,-0.07864967771018559,-1.2076931205188843
5,0.253,-1.1312140900797198,-0.0773760197659067,-1.2085901098456266
5,0.254,-1.1333741548148464,-0.07611275902933619,-1.2094869138441826
5,0.255,-1.1355236645479332,-0.07485989550047409,-1.2103835600484072
5,0.256,-1.1376626465590973,-0.07361742917932038,-1.2112800757384177
5,0.257,-1.139791127877541,-0.07238536006587509,-1.212176487943416
5,0.258,-1.141909135284327,-0.07116368816013818,-1.213072823444465
5,0.259,-1.1440166953151127,-0.06995241346210967,-1.2139691087772224
5,0.26,-1.1461138342628407,-0.06875153597178957,-1.2148653702346304
5,0.261,-1.148200578180386,-0.06756105568917785,-1.2157616338695638
5,0.262,-1.150276952883162,-0.06638097261427456,-1.2166579254974366
5,0.263,-1.1523429839516879,-0.06521128674707964,-1.2175542706987674
5,0.264,-1.1543986967341133,-0.06405199808759313,-1.2184506948217064
5,0.265,-1.1564441163487065,-0.06290310663581503,-1.2193472229845215
5,0.266,-1.1584792676863014,-0.06176461239174531,-1.2202438800780466
5,0.267,-1.1605041754127097,-0.060636515355384,-1.2211406907680937
5,0.268,-1.1625188639710948,-0.05951881552673109,-1.2220376794978258
5,0.269,-1.1645233575843086,-0.058411512905786576,-1.222934870490095
5,0.27,-1.166517680257194,-0.05731460749255046,-1.2238322877497443
5,0.271,-1.1685018557788527,-0.05622809928702274,-1.2247299550658755
5,0.272,-1.1704759077248768,-0.05515198828920342,-1.22562789601408
5,0.273,-1.1724398594595489,-0.054086274499092514,-1.2265261339586413
5,0.274,-1.1743937341380077,-0.05303095791669,-1.2274246920546978
5,0.275,-1.1763375547083814,-0.05198603854199588,-1.2283235932503773
5,0.276,-1.17827134391389,-0.05095151637501016,-1.2292228602889002
5,0.277,-1.180195124294915,-0.04992739141573283,-1.2301225157106477
5,0.278,-1.182108918191039,-0.04891366366416392,-1.2310225818552027
5,0.279,-1.1840127477430555,-0.04791033312030339,-1.231923080863359
5,0.28,-1.185906634894949,-0.04691739978415127,-1.2328240346791002
5,0.281,-1.187790601395844,-0.04593486365570755,-1.2337254650515515
5,0.282,-1.1896646688019281,-0.04496272473497228,-1.2346273935369003
5,0.283,-1.1915288584783459,-0.044000983021945356,-1.2355298415002913
5,0.284,-1.1933831916010644,-0.04304963851662683,-1.2364328301176912
5,0.285,-1.1952276891587124,-0.042108691219016704,-1.237336380377729
5,0.286,-1.197062371954392,-0.04117814112911497,-1.238240513083507
5,0.287,-1.1988872606074654,-0.040257988246921644,-1.239145248854387
5,0.288,-1.2007023755553157,-0.03934823257243671,-1.2400506081277525
5,0.289,-1.2025077370550796,-0.03844887410566018,-1.2409566111607397
5,0.29,-1.20430336518536,-0.037559912846592054,-1.241863278031952
5,0.291,-1.2060892798479086,-0.03668134879523233,-1.2427706286431408
5,0.292,-1.2078655007692904,-0.03581318195158099,-1.2436786827208715
5,0.293,-1.2096320475025186,-0.034955412315638056,-1.2445874598181568
5,0.294,-1.2113889394286717,-0.034108039887403525,-1.2454969793160753
5,0.295,-1.2131361957584814,-0.03327106466687739,-1.2464072604253589
5,0.296,-1.2148738355339068,-0.032444486654059655,-1.2473183221879665
5,0.297,-1.2166018776296754,-0.031628305848950315,-1.2482301834786258
5,0.298,-1.2183203407548142,-0.03082252225154938,-1.2491428630063637
5,0.299,-1.2200292434541482,-0.030027135861856843,-1.250056379316005
5,0.3,-1.221728604109787,-0.029242146679872703,-1.2509707507896597
5,0.301,-1.2234184409425841,-0.028467554705596965,-1.2518859956481811
5,0.302,-1.2250987720135809,-0.027703359939029622,-1.2528021319526106
5,0.303,-1.2267696152254262,-0.02694956238017068,-1.253719177605597
5,0.304,-1.2284309883237792,-0.02620616202902014,-1.2546371503527993
5,0.305,-1.2300829088986918,-0.025473158885577992,-1.2555560677842696
5,0.306,-1.2317253943859725,-0.02475055294984425,-1.2564759473358167
5,0.307,-1.2333584620685292,-0.024038344221818907,-1.257396806290348
5,0.308,-1.2349821290776974,-0.023336532701501964,-1.2583186617791995
5,0.309,-1.2365964123945474,-0.022645118388893416,-1.2592415307834408
5,0.31,-1.2382013288511742,-0.02196410128399327,-1.2601654301351675
5,0.311,-1.239796895131969,-0.02129348138680152,-1.2610903765187704
5,0.312,-1.2413831277748764,-0.020633258697318173,-1.2620163864721945
5,0.313,-1.24296004317263,-0.01998343321554322,-1.2629434763881733
5,0.314,-1.2445276575739763,-0.019344004941476676,-1.263871662515453
5,0.315,-1.2460859870848764,-0.018714973875118522,-1.2648009609599948
5,0.316,-1.247635047669697,-0.018096340016468773,-1.2657313876861658
5,0.317,-1.249174855152379,-0.01748810336552742,-1.2666629585179063
5,0.318,-1.2507054252175993,-0.016890263922294462,-1.2675956891398938
5,0.319,-1.2522267734119072,-0.01630282168676991,-1.2685295950986772
5,0.32,-1.2537389151448528,-0.015725776658953756,-1.2694646918038066
5,0.321,-1.2552418656900945,-0.015159128838846,-1.2704009945289405
5,0.322,-1.2567356401864989,-0.014602878226446644,-1.2713385184129455
5,0.323,-1.2582202536392175,-0.014057024821755686,-1.2722772784609733
5,0.324,-1.259695720920757,-0.013521568624773129,-1.2732172895455303
5,0.325,-1.2611620567720294,-0.01299650963549897,-1.2741585664075283
5,0.326,-1.2626192758033907,-0.012481847853933208,-1.275101123657324
5,0.327,-1.2640673924956667,-0.011977583280075848,-1.2760449757757426
5,0.328,-1.2655064212011629,-0.011483715913926888,-1.2769901371150898
5,0.329,-1.2669363761446624,-0.011000245755486325,-1.2779366219001487
5,0.33,-1.2683572714244113,-0.010527172804754162,-1.2788844442291656
5,0.331,-1.2697691210130888,-0.010064497061730397,-1.279833618074819
5,0.332,-1.271171938758767,-0.009612218526415034,-1.2807841572851821
5,0.333,-1.2725657383858564,-0.009170337198808068,-1.2817360755846645
5,0.334,-1.27395053349604,-0.008738853078909502,-1.2826893865749494
5,0.335,-1.2753263375691937,-0.008317766166719335,-1.283644103735913
5,0.336,-1.2766931639642967,-0.007907076462237568,-1.2846002404265342
5,0.337,-1.2780510259203286,-0.007506783965464199,-1.2855578098857927
5,0.338,-1.2793999365571547,-0.00711688867639923,-1.286516825233554
5,0.339,-1.2807399088763995,-0.00673739059504266,-1.2874772994714423
5,0.34,-1.2820709557623113,-0.0063682897213944885,-1.288439245483706
5,0.341,-1.283393089982611,-0.006009586055454717,-1.2894026760380657
5,0.342,-1.2847063241893348,-0.005661279597223344,-1.2903676037865581
5,0.343,-1.2860106709196613,-0.005323370346700371,-1.2913340412663616
5,0.344,-1.2873061425967312,-0.004995858303885815,-1.292302000900617
5,0.345,-1.2885927515304556,-0.004678743468779639,-1.2932714949992352
5,0.346,-1.289870509918313,-0.0043720258413818625,-1.294242535759695
5,0.347,-1.291139429846135,-0.004075705421692486,-1.2952151352678274
5,0.348,-1.2923995232888845,-0.0037897822097115084,-1.296189305498596
5,0.349,-1.2936508021114228,-0.003514256205438929,-1.2971650583168617
5,0.35,-1.294893278069265,-0.0032491274088747497,-1.2981424054781399
5,0.351,-1.2961269628093275,-0.002994395820018969,-1.2991213586293464
5,0.352,-1.2973518678706657,-0.002750061438871588,-1.3001019293095373
5,0.353,-1.298568004685201,-0.002516124265432606,-1.3010841289506336
5,0.354,-1.29977538457844,-0.0022925842997020235,-1.302067968878142
5,0.355,-1.3009740187701824,-0.00207944154167984,-1.3030534603118622
5,0.356,-1.302163918375221,-0.0018766959913660553,-1.304040614366587
5,0.357,-1.3033450944040332,-0.00168434764876067,-1.305029442052794
5,0.358,-1.3045175577634625,-0.0015023965138636843,-1.306019954277326
5,0.359,-1.305681319257391,-0.0013308425866750974,-1.3070121618440662
5,0.36,-1.3068363895874036,-0.0011696858671949098,-1.3080060754545986
5,0.361,-1.3079827793534444,-0.0010189263554231216,-1.3090017057088676
5,0.362,-1.309120499054464,-0.0008785640513597323,-1.3099990631058238
5,0.363,-1.3102495590890564,-0.0007485989550047422,-1.310998158044061
5,0.364,-1.3113699697560914,-0.0006290310663581515,-1.3119990008224496
5,0.365,-1.3124817412553371,-0.00051986038541996,-1.313001601640757
5,0.366,-1.3135848836880715,-0.0004210869121901675,-1.3140059706002616
5,0.367,-1.3146794070576924,-0.00033271064666877436,-1.3150121177043612
5,0.368,-1.315765321270313,-0.0002547315888557804,-1.3160200528591688
5,0.369,-1.316842636135354,-0.00018714973875118556,-1.3170297858741051
5,0.37,-1.3179113613661255,-0.00012996509635499,-1.3180413264624806
5,0.371,-1.318971506580403,-0.00008317766166719359,-1.3190546842420703
5,0.372,-1.3200230813009957,-0.00004678743468779639,-1.3200698687356835
5,0.373,-1.3210660949563051,-0.000020794415416798398,-1.3210868893717218
5,0.374,-1.3221005568808808,-0.000005198603854199599,-1.322105755484735
5,0.375,-1.3231264763159643,-0,-1.3231264763159643
5,0.376,-1.3241438624100277,-0.000005198603854199599,-1.324149061013882
5,0.377,-1.3251527242193073,-0.000020794415416798398,-1.325173518634724
5,0.378,-1.3261530707083267,-0.00004678743468779639,-1.3261998581430146
5,0.379,-1.3271449107504143,-0.00008317766166719359,-1.3272280884120815
5,0.38,-1.3281282531282161,-0.00012996509635499,-1.3282582182245712
5,0.381,-1.3291031065341978,-0.00018714973875118556,-1.329290256272949
5,0.382,-1.330069479571145,-0.0002547315888557804,-1.3303242111600007
5,0.383,-1.3310273807526507,-0.00033271064666877436,-1.3313600913993195
5,0.384,-1.3319768185036036,-0.0004210869121901675,-1.3323979054157937
5,0.385,-1.3329178011606633,-0.00051986038541996,-1.3334376615460832
5,0.386,-1.3338503369727337,-0.0006290310663581515,-1.3344793680390918
5,0.387,-1.3347744341014278,-0.0007485989550047422,-1.3355230330564325
5,0.388,-1.3356901006215267,-0.0008785640513597323,-1.3365686646728865
5,0.389,-1.3365973445214334,-0.0010189263554231216,-1.3376162708768566
5,0.39,-1.3374961737036188,-0.0011696858671949098,-1.3386658595708139
5,0.391,-1.3383865959850634,-0.0013308425866750974,-1.3397174385717385
5,0.392,-1.3392686190976923,-0.0015023965138636843,-1.340771015611556
5,0.393,-1.3401422506888037,-0.00168434764876067,-1.3418265983375643
5,0.394,-1.3410074983214932,-0.0018766959913660553,-1.3428841943128593
5,0.395,-1.3418643694750698,-0.00207944154167984,-1.3439438110167496
5,0.396,-1.3427128715454693,-0.0022925842997020235,-1.3450054558451712
5,0.397,-1.3435530118456593,-0.002516124265432606,-1.346069136111092
5,0.398,-1.344384797606041,-0.002750061438871588,-1.3471348590449126
5,0.399,-1.3452082359748436,-0.002994395820018969,-1.3482026317948625
5,0.4,-1.346023334018513,-0.0032491274088747497,-1.3492724614273879
5,0.401,-1.3468300987220974,-0.003514256205438929,-1.3503443549275362
5,0.402,-1.3476285369896255,-0.0037897822097115084,-1.351418319199337
5,0.403,-1.3484186556444808,-0.004075705421692486,-1.3524943610661733
5,0.404,-1.349200461429768,-0.0043720258413818625,-1.3535724872711499
5,0.405,-1.3499739610086778,-0.004678743468779639,-1.3546527044774574
5,0.406,-1.350739160964845,-0.004995858303885815,-1.3557350192687307
5,0.407,-1.3514960678026995,-0.005323370346700371,-1.3568194381493999
5,0.408,-1.3522446879478154,-0.005661279597223344,-1.3579059675450387
5,0.409,-1.3529850277472542,-0.006009586055454717,-1.358994613802709
5,0.41,-1.3537170934699012,-0.0063682897213944885,-1.3600853831912958
5,0.411,-1.3544408913068002,-0.00673739059504266,-1.361178281901843
5,0.412,-1.3551564273714791,-0.00711688867639923,-1.3622733160478784
5,0.413,-1.355863707700276,-0.007506783965464199,-1.36337049166574
5,0.414,-1.3565627382526548,-0.007907076462237568,-1.3644698147148924
5,0.415,-1.3572535249115227,-0.008317766166719335,-1.365571291078242
5,0.416,-1.357936073483534,-0.008738853078909502,-1.3666749265624434
5,0.417,-1.3586103896993995,-0.009170337198808068,-1.3677807268982076
5,0.418,-1.3592764792141843,-0.009612218526415034,-1.3688886977405994
5,0.419,-1.3599343476076018,-0.010064497061730397,-1.369998844669332
5,0.42,-1.360584000384307,-0.010527172804754162,-1.3711111731890613
5,0.421,-1.3612254429741806,-0.011000245755486325,-1.3722256887296669
5,0.422,-1.3618586807326118,-0.011483715913926888,-1.3733423966465388
5,0.423,-1.362483718940776,-0.011977583280075848,-1.3744613022208518
5,0.424,-1.363100562805907,-0.012481847853933208,-1.3755824106598402
5,0.425,-1.3637092174615668,-0.01299650963549897,-1.3767057270970657
5,0.426,-1.3643096879679082,-0.013521568624773129,-1.3778312565926814
5,0.427,-1.3649019793119372,-0.014057024821755686,-1.378959004133693
5,0.428,-1.3654860964077673,-0.014602878226446644,-1.380088974634214
5,0.429,-1.3660620440968718,-0.015159128838846,-1.3812211729357178
5,0.43,-1.3666298271483317,-0.015725776658953756,-1.3823556038072855
5,0.431,-1.367189450259079,-0.01630282168676991,-1.383492271945849
5,0.432,-1.367740918054135,-0.016890263922294462,-1.3846311819764294
5,0.433,-1.3682842350868472,-0.01748810336552742,-1.3857723384523746
5,0.434,-1.3688194058391197,-0.018096340016468773,-1.3869157458555885
5,0.435,-1.3693464347216406,-0.018714973875118522,-1.388061408596759
5,0.436,-1.3698653260741056,-0.019344004941476676,-1.3892093310155822
5,0.437,-1.370376084165437,-0.01998343321554322,-1.3903595173809804
5,0.438,-1.3708787131939983,-0.020633258697318173,-1.3915119718913165
5,0.439,-1.3713732172878084,-0.02129348138680152,-1.39266669867461
5,0.44,-1.3718596005047456,-0.02196410128399327,-1.393823701788739
5,0.441,-1.372337866832755,-0.022645118388893416,-1.3949829852216484
5,0.442,-1.3728080201900459,-0.023336532701501964,-1.396144552891548
5,0.443,-1.3732700644252895,-0.024038344221818907,-1.3973084086471084
5,0.444,-1.373724003317811,-0.02475055294984425,-1.3984745562676553
5,0.445,-1.3741698405777778,-0.025473158885577992,-1.3996429994633557
5,0.446,-1.3746075798463866,-0.02620616202902014,-1.4008137418754067
5,0.447,-1.3750372246960414,-0.02694956238017068,-1.4019867870762122
5,0.448,-1.3754587786305341,-0.027703359939029622,-1.4031621385695638
5,0.449,-1.375872245085218,-0.028467554705596965,-1.4043397997908151
5,0.45,-1.3762776274271769,-0.029242146679872703,-1.4055197741070495
5,0.451,-1.3766749289553935,-0.030027135861856843,-1.4067020648172504
5,0.452,-1.3770641529009122,-0.03082252225154938,-1.4078866751524617
5,0.453,-1.377445302426998,-0.031628305848950315,-1.4090736082759483
5,0.454,-1.3778183806292938,-0.032444486654059655,-1.4102628672833535
5,0.455,-1.3781833905359733,-0.03327106466687739,-1.4114544552028507
5,0.456,-1.3785403351078882,-0.034108039887403525,-1.4126483749952918
5,0.457,-1.378889217238717,-0.034955412315638056,-1.4138446295543552
5,0.458,-1.3792300397551043,-0.03581318195158099,-1.4150432217066853
5,0.459,-1.3795628054168008,-0.03668134879523233,-1.4162441542120332
5,0.46,-1.379887516916799,-0.037559912846592054,-1.417447429763391
5,0.461,-1.3802041768814652,-0.03844887410566018,-1.4186530509871254
5,0.462,-1.3805127878706673,-0.03934823257243671,-1.4198610204431041
5,0.463,-1.3808133523779007,-0.040257988246921644,-1.4210713406248223
5,0.464,-1.3811058728304095,-0.04117814112911497,-1.4222840139595245
5,0.465,-1.3813903515893058,-0.042108691219016704,-1.4234990428083225
5,0.466,-1.381666790949684,-0.04304963851662683,-1.4247164294663108
5,0.467,-1.381935193140734,-0.044000983021945356,-1.4259361761626794
5,0.468,-1.3821955603258473,-0.04496272473497228,-1.4271582850608195
5,0.469,-1.3824478946027252,-0.04593486365570755,-1.4283827582584327
5,0.47,-1.3826921980034785,-0.04691739978415127,-1.4296095977876297
5,0.471,-1.3829284724947277,-0.04791033312030339,-1.4308388056150312
5,0.472,-1.3831567199776977,-0.04891366366416392,-1.4320703836418616
5,0.473,-1.3833769422883095,-0.04992739141573283,-1.4333043337040423
5,0.474,-1.383589141197271,-0.05095151637501016,-1.434540657572281
5,0.475,-1.3837933184101598,-0.05198603854199588,-1.4357793569521557
5,0.476,-1.38398947556751,-0.05303095791669,-1.4370204334842
5,0.477,-1.3841776142448872,-0.054086274499092514,-1.4382638887439796
5,0.478,-1.3843577359529673,-0.05515198828920342,-1.4395097242421706
5,0.479,-1.384529842137609,-0.05622809928702274,-1.4407579414246319
5,0.48,-1.384693934179923,-0.05731460749255046,-1.4420085416724735
5,0.481,-1.3848500133963395,-0.058411512905786576,-1.443261526302126
5,0.482,-1.3849980810386708,-0.05951881552673109,-1.4445168965654018
5,0.483,-1.385138138294173,-0.060636515355384,-1.445774653649557
5,0.484,-1.3852701862856018,-0.06176461239174531,-1.447034798677347
5,0.485,-1.3853942260712673,-0.06290310663581503,-1.4482973327070823
5,0.486,-1.3855102586450845,-0.06405199808759313,-1.4495622567326776
5,0.487,-1.385618284936622,-0.06521128674707964,-1.4508295716837016
5,0.488,-1.3857183058111464,-0.06638097261427456,-1.452099278425421
5,0.489,-1.3858103220696634,-0.06756105568917785,-1.4533713777588413
5,0.49,-1.3858943344489565,-0.06875153597178957,-1.4546458704207461
5,0.491,-1.3859703436216226,-0.06995241346210967,-1.4559227570837323
5,0.492,-1.3860383501961053,-0.07116368816013818,-1.4572020383562436
5,0.493,-1.3860983547167218,-0.07238536006587509,-1.4584837147825969
5,0.494,-1.3861503576636915,-0.07361742917932038,-1.459767786843012
5,0.495,-1.3861943594531572,-0.07485989550047409,-1.4610542549536312
5,0.496,-1.3862303604372066,-0.07611275902933619,-1.4623431194665428
5,0.497,-1.3862583609038874,-0.0773760197659067,-1.4636343806697942
5,0.498,-1.3862783610772236,-0.07864967771018559,-1.464928038787409
5,0.499,-1.386290361117224,-0.07993373286217288,-1.466224093979397
5,0.5,-1.3862943611198906,-0.08122818522186859,-1.4675225463417592
5,0.501,-1.386290361117224,-0.0825330347892727,-1.4688233959064967
5,0.502,-1.3862783610772236,-0.08384828156438519,-1.4701266426416089
5,0.503,-1.3862583609038874,-0.08517392554720608,-1.4714322864510936
5,0.504,-1.3862303604372066,-0.08650996673773537,-1.472740327174942
5,0.505,-1.3861943594531572,-0.08785640513597308,-1.4740507645891303
5,0.506,-1.3861503576636915,-0.08921324074191918,-1.4753635984056108
5,0.507,-1.3860983547167218,-0.09058047355557367,-1.4766788282722956
5,0.508,-1.3860383501961053,-0.09195810357693657,-1.477996453773042
5,0.509,-1.3859703436216226,-0.09334613080600786,-1.4793164744276306
5,0.51,-1.3858943344489565,-0.09474455524278753,-1.480638889691744
5,0.511,-1.3858103220696634,-0.09615337688727563,-1.481963698956939
5,0.512,-1.3857183058111464,-0.09757259573947212,-1.4832909015506186
5,0.513,-1.385618284936622,-0.099002211799377,-1.484620496735999
5,0.514,-1.3855102586450845,-0.10044222506699031,-1.4859524837120748
5,0.515,-1.3853942260712673,-0.10189263554231197,-1.4872868616135793
5,0.516,-1.3852701862856018,-0.10335344322534205,-1.4886236295109438
5,0.517,-1.385138138294173,-0.10482464811608055,-1.4899627864102536
5,0.518,-1.3849980810386708,-0.10630625021452744,-1.4913043312531982
5,0.519,-1.3848500133963395,-0.10779824952068272,-1.4926482629170221
5,0.52,-1.384693934179923,-0.10930064603454641,-1.4939945802144694
5,0.521,-1.384529842137609,-0.11081343975611849,-1.4953432818937276
5,0.522,-1.3843577359529673,-0.11233663068539897,-1.4966943666383663
5,0.523,-1.3841776142448872,-0.11387021882238786,-1.498047833067275
5,0.524,-1.38398947556751,-0.11541420416708512,-1.499403679734595
5,0.525,-1.3837933184101598,-0.11696858671949081,-1.5007619051296506
5,0.526,-1.383589141197271,-0.11853336647960487,-1.5021225076768758
5,0.527,-1.3833769422883095,-0.12010854344742737,-1.503485485735737
5,0.528,-1.3831567199776977,-0.12169411762295824,-1.504850837600656
5,0.529,-1.3829284724947277,-0.12329008900619752,-1.5062185615009251
5,0.53,-1.3826921980034785,-0.1248964575971452,-1.5075886556006237
5,0.531,-1.3824478946027252,-0.12651322339580126,-1.5089611179985265
5,0.532,-1.3821955603258473,-0.12814038640216574,-1.510335946728013
5,0.533,-1.3819351931407338,-0.12977794661623862,-1.5117131397569723
5,0.534,-1.381666790949684,-0.13142590403801988,-1.513092694987704
5,0.535,-1.3813903515893058,-0.13308425866750956,-1.5144746102568154
5,0.536,-1.3811058728304095,-0.13475301050470762,-1.5158588833351172
5,0.537,-1.3808133523779007,-0.1364321595496141,-1.5172455119275148
5,0.538,-1.3805127878706673,-0.13812170580222896,-1.5186344936728964
5,0.539,-1.380204176881465,-0.13982164926255222,-1.5200258261440172
5,0.54,-1.379887516916799,-0.1415319899305839,-1.521419506847383
5,0.541,-1.3795628054168008,-0.14325272780632395,-1.5228155332231248
5,0.542,-1.3792300397551043,-0.1449838628897724,-1.5242139026448767
5,0.543,-1.378889217238717,-0.1467253951809293,-1.5256146124196464
5,0.544,-1.3785403351078884,-0.14847732467979455,-1.527017659787683
5,0.545,-1.378183390535973,-0.15023965138636822,-1.5284230419223412
5,0.546,-1.3778183806292938,-0.15201237530065026,-1.529830755929944
5,0.547,-1.377445302426998,-0.15379549642264073,-1.5312407988496386
5,0.548,-1.3770641529009122,-0.1555890147523396,-1.5326531676532518
5,0.549,-1.3766749289553935,-0.15739293028974685,-1.5340678592451402
5,0.55,-1.3762776274271769,-0.15920724303486253,-1.5354848704620394
5,0.551,-1.375872245085218,-0.16103195298768658,-1.5369041980729046
5,0.552,-1.3754587786305341,-0.16286706014821906,-1.538325838778753
5,0.553,-1.3750372246960412,-0.16471256451645988,-1.5397497892125012
5,0.554,-1.3746075798463866,-0.16656846609240913,-1.5411760459387958
5,0.555,-1.3741698405777778,-0.16843476487606682,-1.5426046054538447
5,0.556,-1.373724003317811,-0.17031146086743287,-1.544035464185244
5,0.557,-1.3732700644252893,-0.17219855406650733,-1.5454686184917967
5,0.558,-1.372808020190046,-0.17409604447329016,-1.5469040646633363
5,0.559,-1.372337866832755,-0.17600393208778142,-1.5483417989205366
5,0.56,-1.3718596005047456,-0.17792221690998106,-1.5497818174147266
5,0.561,-1.3713732172878084,-0.17985089893988912,-1.5512241162276974
5,0.562,-1.3708787131939983,-0.18178997817750556,-1.552668691371504
5,0.563,-1.370376084165437,-0.1837394546228302,-1.5541155387882672
5,0.564,-1.3698653260741058,-0.18569932827586344,-1.5555646543499693
5,0.565,-1.3693464347216406,-0.18766959913660508,-1.5570160338582457
5,0.566,-1.3688194058391194,-0.18965026720505515,-1.5584696730441745
5,0.567,-1.3682842350868472,-0.19164133248121357,-1.5599255675680608
5,0.568,-1.367740918054135,-0.19364279496508044,-1.5613837130192154
5,0.569,-1.367189450259079,-0.19565465465665569,-1.5628441049157347
5,0.57,-1.366629827148332,-0.1976769115559393,-1.5643067387042713
5,0.571,-1.3660620440968718,-0.19970956566293133,-1.5657716097598031
5,0.572,-1.3654860964077673,-0.20175261697763178,-1.567238713385399
5,0.573,-1.3649019793119372,-0.20380606550004063,-1.568708044811978
5,0.574,-1.3643096879679082,-0.20586991123015785,-1.570179599198066
5,0.575,-1.3637092174615668,-0.2079441541679835,-1.5716533716295502
5,0.576,-1.3631005628059072,-0.21002879431351756,-1.5731293571194247
5,0.577,-1.362483718940776,-0.21212383166676,-1.5746075506075359
5,0.578,-1.3618586807326118,-0.21422926622771082,-1.5760879469603226
5,0.579,-1.3612254429741806,-0.21634509799637006,-1.5775705409705507
5,0.58,-1.360584000384307,-0.2184713269727377,-1.5790553273570447
5,0.581,-1.3599343476076018,-0.22060795315681367,-1.5805423007644155
5,0.582,-1.3592764792141843,-0.22275497654859816,-1.5820314557627824
5,0.583,-1.3586103896993995,-0.22491239714809097,-1.5835227868474906
5,0.584,-1.357936073483534,-0.22708021495529218,-1.5850162884388261
5,0.585,-1.3572535249115227,-0.22925842997020185,-1.5865119548817246
5,0.586,-1.356562738252655,-0.23144704219281984,-1.588009780445475
5,0.587,-1.355863707700276,-0.2336460516231463,-1.5895097593234222
5,0.588,-1.3551564273714791,-0.2358554582611811,-1.5910118856326603
5,0.589,-1.3544408913068002,-0.23807526210692437,-1.5925161534137247
5,0.59,-1.3537170934699014,-0.240305463160376,-1.5940225566302775
5,0.591,-1.3529850277472542,-0.242546061421536,-1.5955310891687902
5,0.592,-1.3522446879478154,-0.2447970568904044,-1.5970417448382197
5,0.593,-1.3514960678026995,-0.24705844956698125,-1.5985545173696807
5,0.594,-1.350739160964845,-0.2493302394512665,-1.6000694004161113
5,0.595,-1.3499739610086778,-0.2516124265432601,-1.6015863875519378
5,0.596,-1.349200461429768,-0.25390501084296213,-1.60310547227273
5,0.597,-1.3484186556444808,-0.2562079923503725,-1.6046266479948534
5,0.598,-1.3476285369896255,-0.25852137106549133,-1.6061499080551167
5,0.599,-1.3468300987220974,-0.26084514698831857,-1.607675245710416
5,0.6,-1.346023334018513,-0.2631793201188542,-1.6092026541373672
5,0.601,-1.3452082359748436,-0.26552389045709823,-1.6107321264319419
5,0.602,-1.344384797606041,-0.26787885800305067,-1.6122636556090917
5,0.603,-1.3435530118456593,-0.2702442227567114,-1.6137972346023708
5,0.604,-1.3427128715454693,-0.27261998471808063,-1.6153328562635498
5,0.605,-1.3418643694750698,-0.27500614388715827,-1.616870513362228
5,0.606,-1.3410074983214932,-0.27740270026394426,-1.6184101985854376
5,0.607,-1.3401422506888037,-0.2798096538484387,-1.6199519045372424
5,0.608,-1.3392686190976923,-0.2822270046406415,-1.6214956237383338
5,0.609,-1.3383865959850634,-0.28465475264055273,-1.623041348625616
5,0.61,-1.3374961737036188,-0.2870928978481723,-1.6245890715517912
5,0.611,-1.3365973445214334,-0.28954144026350037,-1.6261387847849338
5,0.612,-1.3356901006215267,-0.29200037988653677,-1.6276904805080634
5,0.613,-1.3347744341014278,-0.2944697167172815,-1.6292441508187094
5,0.614,-1.3338503369727337,-0.29694945075573476,-1.6307997877284683
5,0.615,-1.3329178011606633,-0.29943958200189635,-1.6323573831625597
5,0.616,-1.3319768185036036,-0.30194011045576635,-1.63391692895937
5,0.617,-1.3310273807526507,-0.30445103611734475,-1.6354784168699954
5,0.618,-1.330069479571145,-0.30697235898663155,-1.6370418385577765
5,0.619,-1.3291031065341978,-0.3095040790636268,-1.6386071855978246
5,0.62,-1.3281282531282161,-0.31204619634833036,-1.6401744494765464
5,0.621,-1.3271449107504143,-0.31459871084074237,-1.6417436215911567
5,0.622,-1.3261530707083267,-0.3171616225408628,-1.6433146932491893
5,0.623,-1.3251527242193073,-0.31973493144869153,-1.6448876556679988
5,0.624,-1.3241438624100277,-0.3223186375642288,-1.6464624999742565
5,0.625,-1.3231264763159643,-0.32491274088747435,-1.6480392172034386
5,0.626,-1.3221005568808808,-0.32751724141842836,-1.6496177982993092
5,0.627,-1.3210660949563051,-0.3301321391570908,-1.651198234113396
5,0.628,-1.3200230813009957,-0.33275743410346154,-1.6527805154044573
5,0.629,-1.318971506580403,-0.33539312625754075,-1.6543646328379438
5,0.63,-1.3179113613661255,-0.3380392156193283,-1.655950576985454
5,0.631,-1.316842636135354,-0.34069570218882433,-1.6575383383241784
5,0.632,-1.315765321270313,-0.3433625859660287,-1.6591279072363418
5,0.633,-1.3146794070576924,-0.34603986695094147,-1.6607192740086338
5,0.634,-1.3135848836880715,-0.3487275451435627,-1.6623124288316342
5,0.635,-1.3124817412553371,-0.3514256205438923,-1.6639073617992295
5,0.636,-1.3113699697560914,-0.3541340931519303,-1.6655040629080218
5,0.637,-1.3102495590890564,-0.3568529629676767,-1.667102522056733
5,0.638,-1.309120499054464,-0.3595822299911315,-1.6687027290455956
5,0.639,-1.3079827793534444,-0.36232189422229466,-1.670304673575739
5,0.64,-1.3068363895874036,-0.36507195566116624,-1.67190834524857
5,0.641,-1.305681319257391,-0.36783241430774627,-1.6735137335651373
5,0.642,-1.3045175577634625,-0.3706032701620346,-1.675120827925497
5,0.643,-1.3033450944040332,-0.37338452322403143,-1.6767296176280646
5,0.644,-1.302163918375221,-0.3761761734937366,-1.6783400918689575
5,0.645,-1.3009740187701824,-0.37897822097115014,-1.6799522397413325
5,0.646,-1.29977538457844,-0.3817906656562721,-1.6815660502347123
5,0.647,-1.298568004685201,-0.3846135075491025,-1.6831815122343037
5,0.648,-1.2973518678706657,-0.3874467466496413,-1.6847986145203069
5,0.649,-1.2961269628093275,-0.3902903829578885,-1.686417345767216
5,0.65,-1.294893278069265,-0.39314441647384407,-1.688037694543109
5,0.651,-1.2936508021114228,-0.396008847197508,-1.6896596493089309
5,0.652,-1.2923995232888845,-0.3988836751288804,-1.691283198417765
5,0.653,-1.291139429846135,-0.40176890026796125,-1.6929083301140961
5,0.654,-1.289870509918313,-0.4046645226147504,-1.6945350325330635
5,0.655,-1.2885927515304556,-0.4075705421692479,-1.6961632936997035
5,0.656,-1.2873061425967312,-0.4104869589314539,-1.697793101528185
5,0.657,-1.286010670919661,-0.4134137729013682,-1.6994244438210293
5,0.658,-1.2847063241893348,-0.4163509840789911,-1.701057308268326
5,0.659,-1.283393089982611,-0.4192985924643222,-1.7026916824469331
5,0.66,-1.2820709557623111,-0.4222565980573618,-1.704327553819673
5,0.661,-1.2807399088763995,-0.42522500085810977,-1.7059649097345093
5,0.662,-1.2793999365571547,-0.4282038008665662,-1.707603737423721
5,0.663,-1.2780510259203286,-0.43119299808273087,-1.7092440240030595
5,0.664,-1.2766931639642967,-0.43419259250660414,-1.7108857564709008
5,0.665,-1.2753263375691937,-0.43720258413818563,-1.7125289217073794
5,0.666,-1.2739505334960397,-0.4402229729774756,-1.7141735064735153
5,0.667,-1.2725657383858564,-0.44325375902447395,-1.7158194974103305
5,0.668,-1.271171938758767,-0.44629494227918076,-1.7174668810379479
5,0.669,-1.2697691210130886,-0.44934652274159587,-1.7191156437546844
5,0.67,-1.2683572714244113,-0.4524085004117194,-1.7207657718361307
5,0.671,-1.2669363761446624,-0.45548087528955145,-1.7224172514342138
5,0.672,-1.2655064212011626,-0.4585636473750917,-1.7240700685762542
5,0.673,-1.2640673924956667,-0.46165681666834046,-1.725724209164007
5,0.674,-1.2626192758033907,-0.46476038316929763,-1.7273796589726884
5,0.675,-1.2611620567720294,-0.46787434687796325,-1.7290364036499928
5,0.676,-1.259695720920757,-0.4709987077943372,-1.7306944287150943
5,0.677,-1.2582202536392175,-0.4741334659184195,-1.732353719557637
5,0.678,-1.2567356401864989,-0.47727862125021037,-1.7340142614367093
5,0.679,-1.2552418656900945,-0.4804341737897095,-1.735676039479804
5,0.68,-1.2537389151448526,-0.483600123536917,-1.7373390386817695
5,0.681,-1.2522267734119072,-0.486776470491833,-1.7390032439037402
5,0.682,-1.2507054252175993,-0.48996321465445736,-1.7406686398720566
5,0.683,-1.2491748551523787,-0.4931603560247901,-1.7423352111771688
5,0.684,-1.2476350476696965,-0.49636789460283126,-1.7440029422725276
5,0.685,-1.2460859870848764,-0.4995858303885808,-1.7456718174734571
5,0.686,-1.2445276575739763,-0.5028141633820387,-1.747341820956015
5,0.687,-1.2429600431726302,-0.506052893583205,-1.7490129367558351
5,0.688,-1.2413831277748764,-0.5093020209920794,-1.750685148766956
5,0.689,-1.2397968951319691,-0.5125615456086626,-1.7523584407406316
5,0.69,-1.2382013288511742,-0.515831467432954,-1.7540327962841282
5,0.691,-1.2365964123945477,-0.5191117864649542,-1.7557081988595018
5,0.692,-1.2349821290776974,-0.5224025027046624,-1.7573846317823598
5,0.693,-1.2333584620685292,-0.5257036161520792,-1.7590620782206083
5,0.694,-1.2317253943859725,-0.5290151268072043,-1.7607405211931768
5,0.695,-1.2300829088986918,-0.5323370346700378,-1.7624199435687296
5,0.696,-1.2284309883237792,-0.5356693397405797,-1.7641003280643588
5,0.697,-1.2267696152254262,-0.5390120420188301,-1.7657816572442564
5,0.698,-1.225098772013581,-0.5423651415047888,-1.7674639135183698
5,0.699,-1.2234184409425843,-0.545728638198456,-1.7691470791410402
5,0.7,-1.221728604109787,-0.5491025320998315,-1.7708311362096185
5,0.701,-1.2200292434541482,-0.5524868232089155,-1.7725160666630637
5,0.702,-1.2183203407548142,-0.5558815115257077,-1.7742018522805219
5,0.703,-1.2166018776296756,-0.5592865970502084,-1.775888474679884
5,0.704,-1.2148738355339068,-0.5627020797824177,-1.7775759153163246
5,0.705,-1.2131361957584816,-0.5661279597223352,-1.7792641554808168
5,0.706,-1.2113889394286717,-0.5695642368699612,-1.7809531762986328
5,0.707,-1.2096320475025188,-0.5730109112252955,-1.7826429587278143
5,0.708,-1.2078655007692904,-0.5764679827883381,-1.7843334835576286
5,0.709,-1.2060892798479088,-0.5799354515590893,-1.7860247314069981
5,0.71,-1.20430336518536,-0.5834133175375489,-1.787716682722909
5,0.711,-1.2025077370550799,-0.5869015807237168,-1.7894093177787966
5,0.712,-1.2007023755553157,-0.590400241117593,-1.7911026166729087
5,0.713,-1.1988872606074656,-0.5939092987191779,-1.7927965593266435
5,0.714,-1.197062371954392,-0.597428753528471,-1.794491125482863
5,0.715,-1.1952276891587124,-0.6009586055454725,-1.796186294704185
5,0.716,-1.1933831916010647,-0.6044988547701824,-1.797882046371247
5,0.717,-1.191528858478346,-0.6080495012026007,-1.7995783596809467
5,0.718,-1.1896646688019281,-0.6116105448427274,-1.8012752136446555
5,0.719,-1.187790601395844,-0.6151819856905626,-1.8029725870864066
5,0.72,-1.185906634894949,-0.6187638237461061,-1.8046704586410551
5,0.721,-1.1840127477430555,-0.6223560590093581,-1.8063688067524137
5,0.722,-1.182108918191039,-0.6259586914803184,-1.8080676096713573
5,0.723,-1.180195124294915,-0.6295717211589871,-1.809766845453902
5,0.724,-1.17827134391389,-0.6331951480453641,-1.8114664919592542
5,0.725,-1.1763375547083814,-0.6368289721394497,-1.813166526847831
5,0.726,-1.1743937341380077,-0.6404731934412436,-1.8148669275792515
5,0.727,-1.1724398594595489,-0.6441278119507459,-1.8165676714102947
5,0.728,-1.1704759077248768,-0.6477928276679566,-1.8182687353928335
5,0.729,-1.1685018557788527,-0.6514682405928758,-1.8199700963717285
5,0.73,-1.166517680257194,-0.6551540507255034,-1.8216717309826973
5,0.731,-1.1645233575843086,-0.6588502580658392,-1.8233736156501479
5,0.732,-1.1625188639710948,-0.6625568626138834,-1.8250757265849782
5,0.733,-1.1605041754127097,-0.6662738643696362,-1.8267780397823459
5,0.734,-1.1584792676863014,-0.6700012633330973,-1.8284805310193986
5,0.735,-1.1564441163487065,-0.6737390595042668,-1.8301831758529734
5,0.736,-1.1543986967341133,-0.6774872528831447,-1.831885949617258
5,0.737,-1.1523429839516879,-0.681245843469731,-1.833588827421419
5,0.738,-1.150276952883162,-0.6850148312640257,-1.8352917841471879
5,0.739,-1.148200578180386,-0.6887942162660289,-1.8369947944464147
5,0.74,-1.1461138342628407,-0.6925839984757403,-1.838697832738581
5,0.741,-1.1440166953151127,-0.6963841778931602,-1.840400873208273
5,0.742,-1.141909135284327,-0.7001947545182886,-1.8421038898026154
5,0.743,-1.139791127877541,-0.7040157283511252,-1.8438068562286662
5,0.744,-1.1376626465590973,-0.7078470993916705,-1.8455097459507677
5,0.745,-1.1355236645479332,-0.7116888676399238,-1.847212532187857
5,0.746,-1.1333741548148464,-0.7155410330958857,-1.8489151879107322
5,0.747,-1.1312140900797198,-0.719403595759556,-1.8506176858392758
5,0.748,-1.1290434428086988,-0.7232765556309347,-1.8523199984396337
5,0.749,-1.1268621852113239,-0.7271599127100219,-1.8540220979213458
5,0.75,-1.1246702892376166,-0.7310536669968173,-1.8557239562344339
5,0.751,-1.1224677265751195,-0.7349578184913212,-1.8574255450664408
5,0.752,-1.120254468645884,-0.7388723671935336,-1.8591268358394175
5,0.753,-1.1180304866034136,-0.7427973131034542,-1.8608277997068678
5,0.754,-1.115795751329554,-0.7467326562210832,-1.8625284075506372
5,0.755,-1.1135502334313307,-0.7506783965464208,-1.8642286299777515
5,0.756,-1.1112939032377378,-0.7546345340794668,-1.8659284373172045
5,0.757,-1.10902673079647,-0.7586010688202209,-1.867627799616691
5,0.758,-1.1067486858706024,-0.7625780007686838,-1.8693266866392861
5,0.759,-1.1044597379352121,-0.7665653299248547,-1.8710250678600668
5,0.76,-1.1021598561739456,-0.7705630562887341,-1.8727229124626796
5,0.761,-1.0998490094755262,-0.7745711798603222,-1.8744201893358485
5,0.762,-1.0975271664302033,-0.7785897006396184,-1.8761168670698218
5,0.763,-1.0951942953261404,-0.7826186186266232,-1.8778129139527637
5,0.764,-1.0928503641457428,-0.7866579338213363,-1.879508297967079
5,0.765,-1.0904953405619193,-0.7907076462237578,-1.8812029867856772
5,0.766,-1.088129191934284,-0.7947677558338876,-1.8828969477681716
5,0.767,-1.0857518853052865,-0.7988382626517259,-1.8845901479570124
5,0.768,-1.0833633873962818,-0.8029191666772725,-1.8862825540735542
5,0.769,-1.080963664603525,-0.8070104679105277,-1.8879741325140527
5,0.77,-1.0785526829941008,-0.8111121663514912,-1.8896648493455919
5,0.771,-1.0761304083017782,-0.815224262000163,-1.8913546703019413
5,0.772,-1.0736968059227947,-0.8193467548565433,-1.893043560779338
5,0.773,-1.0712518409115628,-0.823479644920632,-1.8947314858321946
5,0.774,-1.0687954779763034,-0.827622932192429,-1.8964184101687325
5,0.775,-1.0663276814745972,-0.8317766166719345,-1.8981042981465317
5,0.776,-1.0638484154088605,-0.8359406983591485,-1.899789113768009
5,0.777,-1.0613576434217369,-0.8401151772540707,-1.9014728206758076
5,0.778,-1.0588553287914046,-0.8443000533567013,-1.903155382148106
5,0.779,-1.0563414344268014,-0.8484953266670405,-1.904836761093842
5,0.78,-1.0538159228627606,-0.852700997185088,-1.9065169200478485
5,0.781,-1.0512787562550572,-0.8569170649108436,-1.9081958211659007
5,0.782,-1.0487298963753646,-0.861143529844308,-1.9098734262196726
5,0.783,-1.046169304606117,-0.8653803919854808,-1.9115496965915977
5,0.784,-1.0435969419352753,-0.8696276513343617,-1.913224593269637
5,0.785,-1.0410127689509978,-0.8738853078909512,-1.914898076841949
5,0.786,-1.0384167458362088,-0.878153361655249,-1.9165701074914578
5,0.787,-1.0358088323630663,-0.8824318126272555,-1.9182406449903218
5,0.788,-1.033188987887323,-0.88672066080697,-1.919909648694293
5,0.789,-1.0305571713425845,-0.891019906194393,-1.9215770775369774
5,0.79,-1.0279133412344512,-0.8953295487895244,-1.9232428900239755
5,0.791,-1.0252574556345546,-0.8996495885923645,-1.9249070442269192
5,0.792,-1.022589472174475,-0.9039800256029128,-1.926569497777388
5,0.793,-1.0199093480395425,-0.9083208598211693,-1.9282302078607119
5,0.794,-1.0172170399625151,-0.9126720912471343,-1.9298891312096496
5,0.795,-1.014512504217139,-0.9170337198808077,-1.9315462240979469
5,0.796,-1.011795696611576,-0.9214057457221897,-1.9332014423337656
5,0.797,-1.0090665724817056,-0.9257881687712801,-1.9348547412529857
5,0.798,-1.0063250866842923,-0.9301809890280786,-1.9365060757123709
5,0.799,-1.0035711935900187,-0.9345842064925858,-1.9381554000826045
5,0.8,-1.0008048470763757,-0.9389978211648012,-1.9398026682411769
5,0.801,-0.9980260005204145,-0.9434218330447249,-1.9414478335651393
5,0.802,-0.9952346067913488,-0.9478562421323573,-1.9430908489237062
5,0.803,-0.9924306182430073,-0.9523010484276978,-1.944731666670705
5,0.804,-0.9896139867061333,-0.956756251930747,-1.9463702386368804
5,0.805,-0.9867846634805257,-0.9612218526415044,-1.9480065161220301
5,0.806,-0.9839425993270179,-0.9656978505599702,-1.9496404498869881
5,0.807,-0.9810877444592907,-0.9701842456861445,-1.9512719901454352
5,0.808,-0.9782200485355157,-0.9746810380200271,-1.952901086555543
5,0.809,-0.9753394606498218,-0.9791882275616182,-1.95452768821144
5,0.81,-0.9724459293235843,-0.9837058143109177,-1.9561517436345022
5,0.811,-0.9695394024965294,-0.9882337982679255,-1.9577732007644548
5,0.812,-0.9666198275176481,-0.9927721794326418,-1.95939200695029
5,0.813,-0.9636871511359189,-0.997320957805066,-1.9610081089409848
5,0.814,-0.9607413194908279,-1.001880133385199,-1.9626214528760269
5,0.815,-0.9577822781026879,-1.0064497061730404,-1.9642319842757283
5,0.816,-0.954809971862745,-1.0110296761685902,-1.9658396480313352
5,0.817,-0.9518243450230695,-1.0156200433718485,-1.967444388394918
5,0.818,-0.9488253411862266,-1.020220807782815,-1.9690461489690416
5,0.819,-0.9458129032947176,-1.02483196940149,-1.9706448726962076
5,0.82,-0.9427869736201885,-1.0294535282278736,-1.972240501848062
5,0.821,-0.9397474937523969,-1.0340854842619653,-1.9738329780143622
5,0.822,-0.9366944045879322,-1.0387278375037656,-1.9754222420916978
5,0.823,-0.9336276463186818,-1.0433805879532743,-1.9770082342719562
5,0.824,-0.9305471584200355,-1.0480437356104912,-1.9785908940305268
5,0.825,-0.9274528796388208,-1.0527172804754168,-1.9801701601142376
5,0.826,-0.9243447479809623,-1.0574012225480507,-1.981745970529013
5,0.827,-0.9212227006988574,-1.062095561828393,-1.9833182625272503
5,0.828,-0.9180866742784564,-1.0668002983164435,-1.9848869725948999
5,0.829,-0.9149366044260454,-1.0715154320122027,-1.986452036438248
5,0.83,-0.9117724260547169,-1.07624096291567,-1.9880133889703868
5,0.831,-0.9085940732705206,-1.0809768910268456,-1.989570964297366
5,0.832,-0.9054014793582881,-1.08572321634573,-1.991124695704018
5,0.833,-0.9021945767671182,-1.0904799388723225,-1.9926745156394408
5,0.834,-0.8989732970955122,-1.0952470586066236,-1.9942203557021358
5,0.835,-0.8957375710761539,-1.100024575548633,-1.995762146624787
5,0.836,-0.8924873285603161,-1.1048124896983509,-1.997299818258667
5,0.837,-0.889222498501888,-1.109610801055777,-1.998833299557665
5,0.838,-0.8859430089410105,-1.1144195096209117,-2.0003625185619223
5,0.839,-0.8826487869873052,-1.1192386153937548,-2.00188740238106
5,0.84,-0.879339758802686,-1.1240681183743062,-2.003407877176992
5,0.841,-0.8760158495837419,-1.128908018562566,-2.004923868146308
5,0.842,-0.8726769835436745,-1.1337583159585343,-2.0064352995022086
5,0.843,-0.8693230838937771,-1.138619010562211,-2.007942094455988
5,0.844,-0.865954072824443,-1.1434901023735957,-2.0094441751980385
5,0.845,-0.862569871485684,-1.1483715913926893,-2.0109414628783733
5,0.846,-0.8591703999671466,-1.1532634776194912,-2.0124338775866377
5,0.847,-0.8557555772776089,-1.1581657610540015,-2.0139213383316106
5,0.848,-0.8523253213239386,-1.16307844169622,-2.0154037630201587
5,0.849,-0.8488795488894992,-1.168001519546147,-2.016881068435646
5,0.85,-0.8454181756119818,-1.1729349946037824,-2.0183531702157644
5,0.851,-0.8419411159606446,-1.177878866869126,-2.0198199828297705
5,0.852,-0.8384482832129421,-1.1828331363421785,-2.0212814195551205
5,0.853,-0.8349395894305212,-1.187797803022939,-2.02273739245346
5,0.854,-0.8314149454345626,-1.192772866911408,-2.0241878123459704
5,0.855,-0.8278742607804477,-1.1977583280075854,-2.0256325887880333
5,0.856,-0.8243174437317236,-1.2027541863114712,-2.027071630043195
5,0.857,-0.8207444012333461,-1.2077604418230654,-2.0285048430564117
5,0.858,-0.8171550388841728,-1.2127770945423682,-2.029932133426541
5,0.859,-0.8135492609086801,-1.217804144469379,-2.0313534053780593
5,0.86,-0.8099269701278771,-1.2228415916040984,-2.0327685617319755
5,0.861,-0.8062880679293893,-1.2278894359465262,-2.034177503875916
5,0.862,-0.8026324542366787,-1.2329476774966623,-2.035580131733341
5,0.863,-0.7989600274773714,-1.2380163162545073,-2.0369763437318786
5,0.864,-0.7952706845506599,-1.2430953522200603,-2.03836603677072
5,0.865,-0.791564320793747,-1.2481847853933214,-2.0397491061870685
5,0.866,-0.7878408299472922,-1.2532846157742914,-2.0411254457215837
5,0.867,-0.784100104119828,-1.2583948433629695,-2.0424949474827976
5,0.868,-0.7803420337511043,-1.2635154681593561,-2.0438575019104603
5,0.869,-0.7765665075743211,-1.268646490163451,-2.045212997737772
5,0.87,-0.7727734125772074,-1.2737879093752544,-2.0465613219524617
5,0.871,-0.7689626339619029,-1.2789397257947661,-2.047902359756669
5,0.872,-0.7651340551035917,-1.2841019394219864,-2.049235994525578
5,0.873,-0.7612875575078464,-1.2892745502569152,-2.0505621077647618
5,0.874,-0.7574230207666257,-1.2944575582995521,-2.051880579066178
5,0.875,-0.7535403225128735,-1.2996509635498974,-2.053191286062771
5,0.876,-0.7496393383736673,-1.304854766007951,-2.054494104381618
5,0.877,-0.7457199419218503,-1.3100689656737134,-2.0557889075955638
5,0.878,-0.7417820046260946,-1.315293562547184,-2.0570755671732783
5,0.879,-0.7378253957993215,-1.320528556628363,-2.0583539524276846
5,0.88,-0.7338499825454192,-1.3257739479172506,-2.05962393046267
5,0.881,-0.7298556297041818,-1.3310297364138461,-2.060885366118028
5,0.882,-0.7258421997943973,-1.3362959221181505,-2.0621381219125476
5,0.883,-0.7218095529550057,-1.341572505030163,-2.0633820579851685
5,0.884,-0.7177575468842439,-1.346859485149884,-2.064617032034128
5,0.885,-0.7136860367766913,-1.3521568624773133,-2.0658428992540045
5,0.886,-0.7095948752581256,-1.357464637012451,-2.0670595122705766
5,0.887,-0.705483912318091,-1.3627828087552973,-2.0682667210733885
5,0.888,-0.7013529952400789,-1.3681113777058518,-2.0694643729459306
5,0.889,-0.6972019685292135,-1.3734503438641148,-2.070652312393328
5,0.89,-0.6930306738373323,-1.3787997072300862,-2.0718303810674183
5,0.891,-0.6888389498853384,-1.3841594678037659,-2.0729984176891043
5,0.892,-0.6846266323827058,-1.3895296255851541,-2.07415625796786
5,0.893,-0.6803935539439988,-1.3949101805742508,-2.0753037345182497
5,0.894,-0.6761395440022725,-1.4003011327710557,-2.0764406767733283
5,0.895,-0.671864428719203,-1.4057024821755693,-2.077566910894772
5,0.896,-0.6675680308917932,-1.4111142287877911,-2.078682259679584
5,0.897,-0.6632501698554888,-1.4165363726077211,-2.07978654246321
5,0.898,-0.6589106613835323,-1.4219689136353597,-2.080879575018892
5,0.899,-0.6545493175823665,-1.4274118518707068,-2.0819611694530735
5,0.9,-0.6501659467828964,-1.4328651873137621,-2.0830311340966583
5,0.901,-0.6457603534274003,-1.438328919964526,-2.0840892733919265
5,0.902,-0.6413323379518688,-1.443803049822998,-2.0851353877748666
5,0.903,-0.6368816966635421,-1.4492875768891786,-2.086169273552721
5,0.904,-0.6324082216133944,-1.4547825011630675,-2.087190722776462
5,0.905,-0.6279117004633049,-1.460287822644665,-2.0881995231079697
5,0.906,-0.6233919163476347,-1.4658035413339707,-2.0891954576816056
5,0.907,-0.6188486477289106,-1.471329657230985,-2.0901783049598954
5,0.908,-0.614281668247302,-1.4768661703357076,-2.0911478385830096
5,0.909,-0.6096907465635508,-1.4824130806481384,-2.092103827211689
5,0.91,-0.605075646194996,-1.4879703881682778,-2.0930460343632737
5,0.911,-0.600436125344309,-1.4935380928961257,-2.093974218240435
5,0.912,-0.5957719367205291,-1.4991161948316818,-2.094888131552211
5,0.913,-0.5910828273519639,-1.5047046939749464,-2.09578752132691
5,0.914,-0.5863685383904844,-1.5103035903259192,-2.0966721287164036
5,0.915,-0.5816288049067162,-1.5159128838846005,-2.097541688791317
5,0.916,-0.5768633556755907,-1.5215325746509905,-2.098395930326581
5,0.917,-0.5720719129516821,-1.5271626626250885,-2.0992345755767707
5,0.918,-0.567254192233716,-1.532803147806895,-2.1000573400406113
5,0.919,-0.562409902017586,-1.53845403019641,-2.100863932213996
5,0.92,-0.5575387435371746,-1.5441153097936335,-2.101654053330808
5,0.921,-0.5526404104922094,-1.5497869865985652,-2.1024273970907745
5,0.922,-0.5477145887623386,-1.5554690606112054,-2.103183649373544
5,0.923,-0.5427609561065415,-1.561161531831554,-2.1039224879380956
5,0.924,-0.5377791818469193,-1.5668644002596108,-2.1046435821065304
5,0.925,-0.5327689265358407,-1.5725776658953763,-2.105346592431217
5,0.926,-0.5277298416053325,-1.57830132873885,-2.1060311703441825
5,0.927,-0.5226615689975134,-1.584035388790032,-2.1066969577875456
5,0.928,-0.5175637407747736,-1.5897798460489228,-2.1073435868236965
5,0.929,-0.512435978708295,-1.5955347005155216,-2.1079706792238166
5,0.93,-0.5072778938433826,-1.601299952189829,-2.108577846033212
5,0.931,-0.5020890860399532,-1.607075601071845,-2.1091646871117984
5,0.932,-0.49686914348638134,-1.6128616471615689,-2.10973079064795
5,0.933,-0.49161764218474086,-1.6186580904590016,-2.1102757326437422
5,0.934,-0.48633414540530767,-1.6244649309641426,-2.1107990763694504
5,0.935,-0.48101820310799637,-1.6302821686769915,-2.1113003717849876
5,0.936,-0.4756693513281835,-1.6361098035975497,-2.111779154925733
5,0.937,-0.4702871115241375,-1.6419478357258157,-2.112234947249953
5,0.938,-0.46487098988300557,-1.6477962650617897,-2.112667254944795
5,0.939,-0.45942047658201274,-1.6536550916054726,-2.1130755681874853
5,0.94,-0.45393504500120907,-1.6595243153568635,-2.1134593603580725
5,0.941,-0.44841415088371506,-1.6654039363159634,-2.1138180871996783
5,0.942,-0.4428572314390218,-1.6712939544827716,-2.114151185921793
5,0.943,-0.43726370438443485,-1.6771943698572884,-2.1144580742417234
5,0.944,-0.43163296691923236,-1.6831051824395133,-2.114738149358746
5,0.945,-0.42596439462552876,-1.6890263922294466,-2.1149907868549755
5,0.946,-0.42025734028917905,-1.6949579992270885,-2.1152153395162676
5,0.947,-0.4145111326333173,-1.7009000034324384,-2.115411136065756
5,0.948,-0.4087250749562846,-1.7068524048454967,-2.1155774798017815
5,0.949,-0.40289844366475003,-1.7128152034662636,-2.1157136471310136
5,0.95,-0.39703048669174534,-1.7187883992947393,-2.1158188859864846
5,0.951,-0.3911204217881006,-1.724771992330923,-2.1158924141190236
5,0.952,-0.38516743467435727,-1.730765982574815,-2.115933417249172
5,0.953,-0.3791706770386196,-1.7367703700264154,-2.115941047065035
5,0.954,-0.37312926436394694,-1.7427851546857247,-2.1159144190496715
5,0.955,-0.3670422735667508,-1.7488103365527419,-2.1158526101194925
5,0.956,-0.3609087404251881,-1.7548459156274674,-2.1157546560526557
5,0.957,-0.3547276567736735,-1.7608918919099017,-2.115619548683575
5,0.958,-0.34849796743630257,-1.766948265400044,-2.1154462328363466
5,0.959,-0.3422185668680866,-1.7730150360978951,-2.115233602965982
5,0.96,-0.3358882954683461,-1.7790922040034545,-2.1149804994718004
5,0.961,-0.32950593552525975,-1.7851797691167222,-2.114685704641982
5,0.962,-0.3230702067442497,-1.7912777314376982,-2.1143479381819477
5,0.963,-0.3165797613054119,-1.7973860909663828,-2.113965852271795
5,0.964,-0.31003317838630245,-1.8035048477027757,-2.113538026089078
5,0.965,-0.3034289580757725,-1.809634001646877,-2.1130629597226496
5,0.966,-0.29676551459179057,-1.8157735527986867,-2.112539067390477
5,0.967,-0.29004116870081537,-1.8219235011582047,-2.11196466985902
5,0.968,-0.2832541392176387,-1.8280838467254317,-2.1113379859430705
5,0.969,-0.27640253344189025,-1.8342545895003666,-2.110657122942257
5,0.97,-0.26948433635953367,-1.8404357294830098,-2.1099200658425437
5,0.971,-0.2624973984033058,-1.8466272666733616,-2.1091246650766675
5,0.972,-0.2554394215233693,-1.8528292010714214,-2.1082686225947906
5,0.973,-0.24830794326607467,-1.85904153267719,-2.107349475943265
5,0.974,-0.24110031849149882,-1.865264261490667,-2.1063645799821655
5,0.975,-0.23381369827506224,-1.8714973875118521,-2.1053110857869144
5,0.976,-0.22644500542921633,-1.877740910740746,-2.1041859161699623
5,0.977,-0.21899090593993586,-1.8839948311773478,-2.1029857371172835
5,0.978,-0.21144777542840565,-1.8902591488216585,-2.101706924250064
5,0.979,-0.20381165950515118,-1.8965338636736773,-2.1003455231788286
5,0.98,-0.1960782265594641,-1.9028189757334049,-2.098897202292869
5,0.981,-0.18824271108870713,-1.9091144850008408,-2.097357196089548
5,0.982,-0.18029984507184127,-1.9154203914759846,-2.095720236547826
5,0.983,-0.17224377405703345,-1.9217366951588373,-2.0939804692158708
5,0.984,-0.16406795345376649,-1.928063396049398,-2.0921313495031644
5,0.985,-0.15576501882219282,-1.9344004941476673,-2.09016551296986
5,0.986,-0.14732662145864994,-1.940747989453645,-2.0880746109122947
5,0.987,-0.13874321682858162,-1.9471058819673313,-2.085849098795913
5,0.988,-0.1300037876195754,-1.9534741716887256,-2.083477959308301
5,0.989,-0.12109547401298548,-1.9598528586178285,-2.080948332630814
5,0.99,-0.11200306870969477,-1.9662419427546398,-2.0782450114643347
5,0.991,-0.10270830853018603,-1.9726414240991597,-2.0753497326293457
5,0.992,-0.09318884844420919,-1.9790513026513878,-2.0722401510955972
5,0.993,-0.083416717083787,-1.9854715784113242,-2.0688882954951113
5,0.994,-0.07335587750026831,-1.9919022513789688,-2.065258128879237
5,0.995,-0.06295813189433352,-1.9983433215543225,-2.061301453448656
5,0.996,-0.052155665966795335,-2.0047947889373843,-2.0569504549041797
5,0.997,-0.04084584892835985,-2.011256653528154,-2.0521025024565143
5,0.998,-0.02885442972435225,-2.0177289153266327,-2.0465833450509847
5,0.999,-0.015814510224464187,-2.0242115743328193,-2.0400260845572835
5,1,0,-2.030704630546715,-2.030704630546715
10,0,0,-0.3987565456346276,-0.3987565456346276
10,0.001,-0.015814510224464173,-0.39663267966001187,-0.41244718988447604
10,0.002,-0.028854429724352232,-0.3945144848896007,-0.423368914613953
10,0.003,-0.040845848928359824,-0.3924019613233942,-0.4332478102517541
10,0.004,-0.0521556659667953,-0.3902951089613922,-0.4424507749281875
10,0.005,-0.0629581318943335,-0.3881939278035948,-0.45115205969792826
10,0.006,-0.07335587750026827,-0.386098417850002,-0.45945429535027027
10,0.007,-0.08341671708378696,-0.38400857910061376,-0.4674252961844007
10,0.008,-0.09318884844420913,-0.3819244115554301,-0.47511325999963927
10,0.009,-0.10270830853018596,-0.37984591521445105,-0.482554223744637
10,0.01,-0.11200306870969469,-0.37777309007767645,-0.48977615878737113
10,0.011,-0.1210954740129854,-0.37570593614510667,-0.4968014101580921
10,0.012,-0.13000378761957532,-0.3736444534167413,-0.5036482410363166
10,0.013,-0.13874321682858154,-0.3715886418925805,-0.510331858721162
10,0.014,-0.14732662145864986,-0.36953850157262436,-0.5168651230312742
10,0.015,-0.15576501882219274,-0.3674940324568728,-0.5232590512790656
10,0.016,-0.1640679534537664,-0.3654552345453258,-0.5295231879990923
10,0.017,-0.17224377405703334,-0.3634221078379834,-0.5356658818950167
10,0.018,-0.1802998450718412,-0.3613946523348455,-0.5416944974066867
10,0.019,-0.18824271108870705,-0.3593728680359123,-0.5476155791246193
10,0.02,-0.196078226559464,-0.35735675494118363,-0.5534349815006476
10,0.021,-0.20381165950515107,-0.35534631305065945,-0.5591579725558105
10,0.022,-0.21144777542840554,-0.35334154236433996,-0.5647893177927454
10,0.023,-0.21899090593993578,-0.35134244288222505,-0.5703333488221608
10,0.024,-0.22644500542921622,-0.34934901460431467,-0.5757940200335309
10,0.025,-0.23381369827506213,-0.34736125753060887,-0.581174955805671
10,0.026,-0.2411003184914987,-0.3453791716611077,-0.5864794901526065
10,0.027,-0.24830794326607455,-0.34340275699581113,-0.5917107002618857
10,0.028,-0.2554394215233692,-0.3414320135347191,-0.5968714350580883
10,0.029,-0.26249739840330566,-0.33946694127783167,-0.6019643396811374
10,0.03,-0.2694843363595335,-0.33750754022514873,-0.6069918765846822
10,0.031,-0.27640253344189014,-0.3355538103766705,-0.6119563438185607
10,0.032,-0.28325413921763853,-0.33360575173239676,-0.6168598909500353
10,0.033,-0.2900411687008152,-0.3316633642923277,-0.6217045329931429
10,0.034,-0.29676551459179046,-0.3297266480564631,-0.6264921626482536
10,0.035,-0.3034289580757724,-0.32779560302480315,-0.6312245611005756
10,0.036,-0.3100331783863023,-0.32587022919734787,-0.6359034075836502
10,0.037,-0.3165797613054117,-0.32395052657409706,-0.6405302878795087
10,0.038,-0.3230702067442496,-0.3220364951550509,-0.6451067018993004
10,0.039,-0.3295059355252596,-0.32012813494020925,-0.6496340704654688
10,0.04,-0.335888295468346,-0.31822544592957225,-0.6541137413979182
10,0.041,-0.3422185668680865,-0.3163284281231397,-0.6585469949912262
10,0.042,-0.34849796743630246,-0.3144370815209118,-0.6629350489572143
10,0.043,-0.35472765677367335,-0.3125514061228885,-0.6672790628965619
10,0.044,-0.36090874042518795,-0.3106714019290698,-0.6715801423542578
10,0.045,-0.3670422735667506,-0.30879706893945563,-0.6758393425062063
10,0.046,-0.3731292643639468,-0.30692840715404607,-0.6800576715179929
10,0.047,-0.37917067703861945,-0.3050654165728411,-0.6842360936114605
10,0.048,-0.3851674346743571,-0.3032080971958407,-0.6883755318701978
10,0.049,-0.3911204217881004,-0.30135644902304487,-0.6924768708111453
10,0.05,-0.3970304866917452,-0.29951047205445364,-0.6965409587461988
10,0.051,-0.40289844366474986,-0.297670166290067,-0.7005686099548168
10,0.052,-0.4087250749562844,-0.2958355317298849,-0.7045606066861694
10,0.053,-0.41451113263331707,-0.29400656837390743,-0.7085177010072246
10,0.054,-0.4202573402891789,-0.2921832762221345,-0.7124406165113134
10,0.055,-0.4259643946255286,-0.2903656552745662,-0.7163300499000949
10,0.056,-0.43163296691923214,-0.2885537055312024,-0.7201866724504346
10,0.057,-0.4372637043844347,-0.28674742699204325,-0.7240111313764779
10,0.058,-0.44285723143902156,-0.2849468196570887,-0.7278040510961102
10,0.059,-0.4484141508837146,-0.28315188352633863,-0.7315660344100532
10,0.06,-0.45393504500120896,-0.2813626185997932,-0.7352976636010022
10,0.061,-0.4594204765820123,-0.2795790248774524,-0.7389995014594647
10,0.062,-0.46487098988300535,-0.27780110235931615,-0.7426720922423216
10,0.063,-0.47028711152413766,-0.27602885104538444,-0.7463159625695222
10,0.064,-0.47566935132818394,-0.27426227093565736,-0.7499316222638412
10,0.065,-0.4810182031079965,-0.27250136203013486,-0.7535195651381313
10,0.066,-0.48633414540530806,-0.2707461243288169,-0.757080269734125
10,0.067,-0.491617642184741,-0.26899655783170356,-0.7606142000164446
10,0.068,-0.4968691434863818,-0.26725266253879476,-0.7641218060251765
10,0.069,-0.5020890860399534,-0.2655144384500906,-0.767603524490044
10,0.07,-0.507277893843383,-0.26378188556559096,-0.771059779408974
10,0.071,-0.5124359787082953,-0.26205500388529596,-0.7744909825935913
10,0.072,-0.5175637407747737,-0.26033379340920554,-0.7778975341839793
10,0.073,-0.5226615689975134,-0.25861825413731965,-0.781279823134833
10,0.074,-0.5277298416053327,-0.25690838606963834,-0.784638227674971
10,0.075,-0.5327689265358408,-0.25520418920616167,-0.7879731157420025
10,0.076,-0.5377791818469194,-0.2535056635468895,-0.7912848453938089
10,0.077,-0.5427609561065416,-0.251812809091822,-0.7945737651983636
10,0.078,-0.5477145887623387,-0.25012562584095904,-0.7978402146032977
10,0.079,-0.5526404104922094,-0.24844411379430065,-0.80108452428651
10,0.08,-0.5575387435371748,-0.24676827295184686,-0.8043070164890217
10,0.081,-0.5624099020175861,-0.2450981033135976,-0.8075080053311837
10,0.082,-0.567254192233716,-0.24343360487955304,-0.810687797113269
10,0.083,-0.5720719129516822,-0.24177477764971295,-0.8138466906013953
10,0.084,-0.5768633556755907,-0.2401216216240775,-0.8169849772996681
10,0.085,-0.5816288049067163,-0.2384741368026466,-0.8201029417093629
10,0.086,-0.5863685383904844,-0.23683232318542038,-0.8232008615759048
10,0.087,-0.591082827351964,-0.23519618077239865,-0.8262790081243627
10,0.088,-0.5957719367205293,-0.23356570956358153,-0.8293376462841109
10,0.089,-0.6004361253443091,-0.23194090955896896,-0.8323770349032781
10,0.09,-0.6050756461949961,-0.23032178075856097,-0.8353974269535571
10,0.091,-0.6096907465635508,-0.22870832316235756,-0.8383990697259084
10,0.092,-0.614281668247302,-0.22710053677035877,-0.8413822050176608
10,0.093,-0.6188486477289106,-0.22549842158256447,-0.8443470693114751
10,0.094,-0.6233919163476347,-0.22390197759897484,-0.8472938939466095
10,0.095,-0.627911700463305,-0.22231120481958974,-0.8502229052828948
10,0.096,-0.6324082216133944,-0.22072610324440928,-0.8531343248578036
10,0.097,-0.6368816966635421,-0.21914667287343337,-0.8560283695369755
10,0.098,-0.6413323379518688,-0.21757291370666204,-0.8589052516585309
10,0.099,-0.6457603534274003,-0.21600482574409527,-0.8617651791714956
10,0.1,-0.6501659467828964,-0.2144424089857331,-0.8646083557686295
10,0.101,-0.6545493175823665,-0.2128856634315755,-0.8674349810139419
10,0.102,-0.6589106613835323,-0.21133458908162253,-0.8702452504651548
10,0.103,-0.6632501698554889,-0.2097891859358741,-0.8730393557913629
10,0.104,-0.6675680308917931,-0.2082494539943302,-0.8758174848861233
10,0.105,-0.671864428719203,-0.20671539325699095,-0.878579821976194
10,0.106,-0.6761395440022725,-0.20518700372385631,-0.8813265477261288
10,0.107,-0.6803935539439989,-0.20366428539492623,-0.8840578393389251
10,0.108,-0.6846266323827059,-0.20214723827020067,-0.8867738706529066
10,0.109,-0.6888389498853386,-0.20063586234967976,-0.8894748122350183
10,0.11,-0.6930306738373323,-0.19913015763336342,-0.8921608314706957
10,0.111,-0.6972019685292136,-0.1976301241212516,-0.8948320926504651
10,0.112,-0.7013529952400789,-0.19613576181334444,-0.8974887570534233
10,0.113,-0.705483912318091,-0.19464707070964182,-0.9001309830277329
10,0.114,-0.7095948752581257,-0.1931640508101438,-0.9027589260682695
10,0.115,-0.7136860367766914,-0.19168670211485034,-0.9053727388915418
10,0.116,-0.7177575468842439,-0.19021502462376147,-0.9079725715080054
10,0.117,-0.7218095529550059,-0.18874901833687716,-0.9105585712918831
10,0.118,-0.7258421997943973,-0.18728868325419745,-0.9131308830485948
10,0.119,-0.7298556297041818,-0.18583401937572233,-0.9156896490799041
10,0.12,-0.7338499825454192,-0.1843850267014518,-0.918235009246871
10,0.121,-0.7378253957993215,-0.18294170523138586,-0.9207671010307074
10,0.122,-0.7417820046260946,-0.18150405496552446,-0.923286059591619
10,0.123,-0.7457199419218503,-0.1800720759038677,-0.925792017825718
10,0.124,-0.7496393383736673,-0.17864576804641547,-0.9282851064200828
10,0.125,-0.7535403225128735,-0.17722513139316784,-0.9307654539060414
10,0.126,-0.7574230207666257,-0.17581016594412477,-0.9332331867107505
10,0.127,-0.7612875575078464,-0.17440087169928628,-0.9356884292071327
10,0.128,-0.7651340551035917,-0.17299724865865243,-0.9381313037622441
10,0.129,-0.7689626339619029,-0.1715992968222231,-0.940561930784126
10,0.13,-0.7727734125772074,-0.17020701618999837,-0.9429804287672058
10,0.131,-0.7765665075743211,-0.16882040676197824,-0.9453869143362994
10,0.132,-0.7803420337511043,-0.16743946853816266,-0.947781502289267
10,0.133,-0.784100104119828,-0.16606420151855167,-0.9501643056383797
10,0.134,-0.7878408299472922,-0.16469460570314529,-0.9525354356504375
10,0.135,-0.791564320793747,-0.16333068109194346,-0.9548950018856904
10,0.136,-0.7952706845506599,-0.16197242768494624,-0.9572431122356061
10,0.137,-0.7989600274773714,-0.16061984548215355,-0.959579872959525
10,0.138,-0.8026324542366787,-0.15927293448356547,-0.9619053887202442
10,0.139,-0.8062880679293893,-0.157931694689182,-0.9642197626185713
10,0.14,-0.8099269701278771,-0.15659612609900306,-0.9665230962268802
10,0.141,-0.8135492609086798,-0.15526622871302875,-0.9688154896217086
10,0.142,-0.8171550388841728,-0.153942002531259,-0.9710970414154318
10,0.143,-0.820744401233346,-0.15262344755369386,-0.9733678487870399
10,0.144,-0.8243174437317236,-0.15131056378033328,-0.9756280075120568
10,0.145,-0.8278742607804475,-0.15000335121117725,-0.9778776119916247
10,0.146,-0.8314149454345625,-0.14870180984622583,-0.9801167552807883
10,0.147,-0.834939589430521,-0.147405939685479,-0.982345529116
10,0.148,-0.8384482832129421,-0.14611574072893674,-0.9845640239418788
10,0.149,-0.8419411159606445,-0.14483121297659904,-0.9867723289372435
10,0.15,-0.8454181756119817,-0.14355235642846595,-0.9889705320404477
10,0.151,-0.8488795488894992,-0.14227917108453744,-0.9911587199740367
10,0.152,-0.8523253213239386,-0.1410116569448135,-0.993336978268752
10,0.153,-0.8557555772776086,-0.13974981400929415,-0.9955053912869027
10,0.154,-0.8591703999671466,-0.13849364227797936,-0.997664042245126
10,0.155,-0.862569871485684,-0.13724314175086916,-0.9998130132365531
10,0.156,-0.865954072824443,-0.13599831242796354,-1.0019523852524066
10,0.157,-0.8693230838937771,-0.13475915430926252,-1.0040822382030397
10,0.158,-0.8726769835436744,-0.13352566739476607,-1.0062026509384405
10,0.159,-0.8760158495837419,-0.1322978516844742,-1.0083137012682162
10,0.16,-0.879339758802686,-0.1310757071783869,-1.010415465981073
10,0.161,-0.8826487869873051,-0.1298592338765042,-1.0125080208638093
10,0.162,-0.8859430089410105,-0.1286484317788261,-1.0145914407198366
10,0.163,-0.889222498501888,-0.12744330088535255,-1.0166657993872406
10,0.164,-0.8924873285603159,-0.1262438411960836,-1.0187311697563994
10,0.165,-0.8957375710761539,-0.1250500527110192,-1.0207876237871731
10,0.166,-0.8989732970955122,-0.12386193543015941,-1.0228352325256715
10,0.167,-0.902194576767118,-0.1226794893535042,-1.0248740661206222
10,0.168,-0.9054014793582881,-0.12150271448105357,-1.0269041938393417
10,0.169,-0.9085940732705206,-0.1203316108128075,-1.028925684083328
10,0.17,-0.9117724260547168,-0.11916617834876603,-1.0309386044034827
10,0.171,-0.9149366044260454,-0.11800641708892914,-1.0329430215149746
10,0.172,-0.918086674278456,-0.11685232703329686,-1.034939001311753
10,0.173,-0.9212227006988571,-0.11570390818186913,-1.0369266088807263
10,0.174,-0.9243447479809621,-0.11456116053464598,-1.038905908515608
10,0.175,-0.9274528796388206,-0.11342408409162742,-1.040876963730448
10,0.176,-0.9305471584200352,-0.11229267885281342,-1.0428398372728487
10,0.177,-0.9336276463186818,-0.11116694481820402,-1.0447945911368859
10,0.178,-0.9366944045879319,-0.1100468819877992,-1.046741286575731
10,0.179,-0.9397474937523967,-0.10893249036159897,-1.0486799841139958
10,0.18,-0.9427869736201882,-0.10782376993960331,-1.0506107435597916
10,0.181,-0.9458129032947176,-0.10672072072181224,-1.0525336240165297
10,0.182,-0.9488253411862263,-0.10562334270822574,-1.054448683894452
10,0.183,-0.9518243450230693,-0.10453163589884382,-1.0563559809219132
10,0.184,-0.9548099718627447,-0.10344560029366649,-1.0582555721564113
10,0.185,-0.9577822781026877,-0.10236523589269374,-1.0601475139953813
10,0.186,-0.9607413194908274,-0.10129054269592558,-1.062031862186753
10,0.187,-0.9636871511359187,-0.10022152070336199,-1.0639086718392807
10,0.188,-0.9666198275176481,-0.09915816991500297,-1.0657779974326511
10,0.189,-0.9695394024965296,-0.09810049033084856,-1.067639892827378
10,0.19,-0.9724459293235844,-0.0970484819508987,-1.069494411274483
10,0.191,-0.975339460649822,-0.09600214477515344,-1.0713416054249754
10,0.192,-0.9782200485355158,-0.09496147880361276,-1.0731815273391285
10,0.193,-0.981087744459291,-0.09392648403627667,-1.0750142284955677
10,0.194,-0.9839425993270179,-0.09289716047314513,-1.076839759800163
10,0.195,-0.986784663480526,-0.0918735081142182,-1.078658171594744
10,0.196,-0.9896139867061333,-0.09085552695949585,-1.0804695136656293
10,0.197,-0.9924306182430076,-0.08984321700897807,-1.0822738352519856
10,0.198,-0.9952346067913489,-0.08883657826266486,-1.0840711850540137
10,0.199,-0.9980260005204148,-0.08783561072055626,-1.0858616112409711
10,0.2,-1.0008048470763757,-0.08684031438265222,-1.087645161459028
10,0.201,-1.003571193590019,-0.08585068924895278,-1.0894218828389717
10,0.202,-1.0063250866842925,-0.08486673531945792,-1.0911918220037504
10,0.203,-1.0090665724817058,-0.08388845259416762,-1.0929550250758735
10,0.204,-1.011795696611576,-0.08291584107308193,-1.094711537684658
10,0.205,-1.014512504217139,-0.08194890075620082,-1.0964614049733399
10,0.206,-1.0172170399625151,-0.08098763164352427,-1.0982046716060394
10,0.207,-1.0199093480395425,-0.08003203373505231,-1.0999413817745949
10,0.208,-1.022589472174475,-0.07908210703078493,-1.10167157920526
10,0.209,-1.0252574556345546,-0.07813785153072213,-1.1033953071652767
10,0.21,-1.0279133412344512,-0.07719926723486391,-1.105112608469315
10,0.211,-1.0305571713425845,-0.07626635414321027,-1.1068235254857948
10,0.212,-1.0331889878873233,-0.07533911225576122,-1.1085281001430844
10,0.213,-1.0358088323630663,-0.07441754157251675,-1.110226373935583
10,0.214,-1.0384167458362088,-0.07350164209347686,-1.1119183879296857
10,0.215,-1.0410127689509978,-0.07259141381864155,-1.1136041827696395
10,0.216,-1.0435969419352753,-0.07168685674801081,-1.1152837986832862
10,0.217,-1.046169304606117,-0.07078797088158466,-1.1169572754877015
10,0.218,-1.0487298963753646,-0.0698947562193631,-1.1186246525947277
10,0.219,-1.0512787562550572,-0.06900721276134611,-1.1202859690164033
10,0.22,-1.0538159228627606,-0.06812534050753372,-1.1219412633702943
10,0.221,-1.0563414344268014,-0.06724913945792589,-1.1235905738847274
10,0.222,-1.0588553287914046,-0.06637860961252265,-1.1252339384039274
10,0.223,-1.0613576434217369,-0.06551375097132399,-1.1268713943930608
10,0.224,-1.0638484154088608,-0.06465456353432991,-1.1285029789431906
10,0.225,-1.0663276814745972,-0.06380104730154042,-1.1301287287761377
10,0.226,-1.0687954779763034,-0.0629532022729555,-1.131748680249259
10,0.227,-1.0712518409115628,-0.06211102844857516,-1.1333628693601379
10,0.228,-1.0736968059227947,-0.0612745258283994,-1.134971331751194
10,0.229,-1.0761304083017782,-0.06044369441242824,-1.1365741027142064
10,0.23,-1.0785526829941008,-0.05961853420066165,-1.1381712171947624
10,0.231,-1.080963664603525,-0.05879904519309964,-1.1397627097966248
10,0.232,-1.0833633873962818,-0.05798522738974221,-1.1413486147860241
10,0.233,-1.0857518853052865,-0.05717708079058937,-1.142928966095876
10,0.234,-1.088129191934284,-0.0563746053956411,-1.144503797329925
10,0.235,-1.0904953405619193,-0.055577801204897435,-1.1460731417668168
10,0.236,-1.0928503641457428,-0.05478666821835834,-1.1476370323641012
10,0.237,-1.0951942953261404,-0.05400120643602382,-1.1491955017621642
10,0.238,-1.0975271664302033,-0.053221415857893875,-1.1507485822880972
10,0.239,-1.0998490094755262,-0.05244729648396852,-1.1522963059594948
10,0.24,-1.1021598561739456,-0.05167884831424774,-1.1538387044881935
10,0.241,-1.1044597379352121,-0.05091607134873156,-1.1553758092839437
10,0.242,-1.1067486858706024,-0.05015896558741994,-1.1569076514580223
10,0.243,-1.10902673079647,-0.0494075310303129,-1.1584342618267829
10,0.244,-1.1112939032377378,-0.048661767677410456,-1.1599556709151482
10,0.245,-1.1135502334313307,-0.047921675528712585,-1.1614719089600434
10,0.246,-1.115795751329554,-0.04718725458421929,-1.1629830059137733
10,0.247,-1.1180304866034136,-0.04645850484393058,-1.1644889914473442
10,0.248,-1.120254468645884,-0.045735426307846466,-1.1659898949537304
10,0.249,-1.1224677265751195,-0.045018018975966925,-1.1674857455510865
10,0.25,-1.1246702892376166,-0.04430628284829196,-1.1689765720859084
10,0.251,-1.1268621852113239,-0.04360021792482157,-1.1704624031361455
10,0.252,-1.1290434428086988,-0.04289982420555578,-1.1719432670142547
10,0.253,-1.1312140900797198,-0.04220510169049456,-1.1734191917702144
10,0.254,-1.1333741548148464,-0.04151605037963792,-1.1748902051944843
10,0.255,-1.1355236645479332,-0.040832670272985865,-1.176356334820919
10,0.256,-1.1376626465590973,-0.04015496137053839,-1.1778176079296356
10,0.257,-1.139791127877541,-0.0394829236722955,-1.1792740515498366
10,0.258,-1.141909135284327,-0.03881655717825719,-1.1807256924625842
10,0.259,-1.1440166953151127,-0.03815586188842345,-1.1821725572035362
10,0.26,-1.1461138342628407,-0.037500837802794305,-1.183614672065635
10,0.261,-1.148200578180386,-0.036851484921369734,-1.1850520631017556
10,0.262,-1.150276952883162,-0.03620780324414975,-1.1864847561273117
10,0.263,-1.1523429839516879,-0.03556979277113435,-1.1879127767228221
10,0.264,-1.1543986967341133,-0.03493745350232352,-1.1893361502364368
10,0.265,-1.1564441163487065,-0.03431078543771728,-1.1907549017864238
10,0.266,-1.1584792676863014,-0.033689788577315624,-1.192169056263617
10,0.267,-1.1605041754127097,-0.03307446292111854,-1.1935786383338283
10,0.268,-1.1625188639710948,-0.03246480846912605,-1.194983672440221
10,0.269,-1.1645233575843086,-0.031860825221338124,-1.1963841828056467
10,0.27,-1.166517680257194,-0.031262513177754796,-1.1977801934349488
10,0.271,-1.1685018557788527,-0.03066987233837604,-1.1991717281172287
10,0.272,-1.1704759077248768,-0.030082902703201863,-1.2005588104280787
10,0.273,-1.1724398594595489,-0.02950160427223228,-1.2019414637317811
10,0.274,-1.1743937341380077,-0.02892597704546727,-1.203319711183475
10,0.275,-1.1763375547083814,-0.028356021022906835,-1.2046935757312882
10,0.276,-1.17827134391389,-0.027791736204550995,-1.206063080118441
10,0.277,-1.180195124294915,-0.027233122590399728,-1.2074282468853146
10,0.278,-1.182108918191039,-0.026680180180453043,-1.208789098371492
10,0.279,-1.1840127477430555,-0.026132908974710944,-1.2101456567177664
10,0.28,-1.185906634894949,-0.025591308973173417,-1.2114979438681224
10,0.281,-1.187790601395844,-0.02505538017584048,-1.2128459815716843
10,0.282,-1.1896646688019281,-0.024525122582712153,-1.2141897913846402
10,0.283,-1.1915288584783459,-0.024000536193788374,-1.2155293946721342
10,0.284,-1.1933831916010644,-0.02348162100906918,-1.2168648126101336
10,0.285,-1.1952276891587124,-0.022968377028554563,-1.2181960661872668
10,0.286,-1.197062371954392,-0.022460804252244528,-1.2195231762066365
10,0.287,-1.1988872606074654,-0.02195890268013908,-1.2208461632876044
10,0.288,-1.2007023755553157,-0.021462672312238206,-1.2221650478675539
10,0.289,-1.2025077370550796,-0.02097211314854192,-1.2234798502036215
10,0.29,-1.20430336518536,-0.02048722518905021,-1.2247905903744103
10,0.291,-1.2060892798479086,-0.020008008433763085,-1.2260972882816716
10,0.292,-1.2078655007692904,-0.01953446288268054,-1.227399963651971
10,0.293,-1.2096320475025186,-0.019066588535802575,-1.2286986360383212
10,0.294,-1.2113889394286717,-0.018604385393129193,-1.229993324821801
10,0.295,-1.2131361957584814,-0.018147853454660395,-1.2312840492131418
10,0.296,-1.2148738355339068,-0.017696992720396175,-1.232570828254303
10,0.297,-1.2166018776296754,-0.017251803190336534,-1.233853680820012
10,0.298,-1.2183203407548142,-0.01681228486448148,-1.2351326256192956
10,0.299,-1.2200292434541482,-0.016378437742831004,-1.2364076811969793
10,0.3,-1.221728604109787,-0.015950261825385108,-1.237678865935172
10,0.301,-1.2234184409425841,-0.015527757112143799,-1.2389461980547278
10,0.302,-1.2250987720135809,-0.015110923603107064,-1.240209695616688
10,0.303,-1.2267696152254262,-0.014699761298274916,-1.241469376523701
10,0.304,-1.2284309883237792,-0.014294270197647348,-1.2427252585214266
10,0.305,-1.2300829088986918,-0.013894450301224359,-1.2439773591999161
10,0.306,-1.2317253943859725,-0.013500301609005954,-1.2452256959949786
10,0.307,-1.2333584620685292,-0.01311182412099213,-1.2464702861895214
10,0.308,-1.2349821290776974,-0.01272901783718289,-1.2477111469148803
10,0.309,-1.2365964123945474,-0.012351882757578226,-1.2489482951521256
10,0.31,-1.2382013288511742,-0.011980418882178146,-1.2501817477333523
10,0.311,-1.239796895131969,-0.011614626210982646,-1.2514115213429515
10,0.312,-1.2413831277748764,-0.011254504743991731,-1.2526376325188682
10,0.313,-1.24296004317263,-0.010900054481205393,-1.2538600976538354
10,0.314,-1.2445276575739763,-0.01055127542262364,-1.2550789329966
10,0.315,-1.2460859870848764,-0.010208167568246466,-1.2562941546531228
10,0.316,-1.247635047669697,-0.009870730918073875,-1.2575057785877708
10,0.317,-1.249174855152379,-0.009538965472105863,-1.2587138206244848
10,0.318,-1.2507054252175993,-0.009212871230342434,-1.2599182964479418
10,0.319,-1.2522267734119072,-0.008892448192783587,-1.261119221604691
10,0.32,-1.2537389151448528,-0.00857769635942932,-1.262316611504282
10,0.321,-1.2552418656900945,-0.008268615730279635,-1.2635104814203741
10,0.322,-1.2567356401864989,-0.007965206305334531,-1.2647008464918335
10,0.323,-1.2582202536392175,-0.00766746808459401,-1.2658877217238116
10,0.324,-1.259695720920757,-0.00737540106805807,-1.267071121988815
10,0.325,-1.2611620567720294,-0.007089005255726709,-1.268251062027756
10,0.326,-1.2626192758033907,-0.006808280647599932,-1.2694275564509907
10,0.327,-1.2640673924956667,-0.006533227243677736,-1.2706006197393445
10,0.328,-1.2655064212011629,-0.00626384504396012,-1.271770266245123
10,0.329,-1.2669363761446624,-0.006000134048447086,-1.2729365101931094
10,0.33,-1.2683572714244113,-0.005742094257138634,-1.27409936568155
10,0.331,-1.2697691210130888,-0.005489725670034762,-1.2752588466831236
10,0.332,-1.271171938758767,-0.005243028287135473,-1.2764149670459024
10,0.333,-1.2725657383858564,-0.005002002108440764,-1.277567740494297
10,0.334,-1.27395053349604,-0.004766647133950638,-1.2787171806299906
10,0.335,-1.2753263375691937,-0.004536963363665092,-1.2798633009328588
10,0.336,-1.2766931639642967,-0.0043129507975841275,-1.2810061147618808
10,0.337,-1.2780510259203286,-0.004094609435707745,-1.2821456353560363
10,0.338,-1.2793999365571547,-0.003881939278035943,-1.2832818758351907
10,0.339,-1.2807399088763995,-0.0036749403245687237,-1.2844148492009684
10,0.34,-1.2820709557623113,-0.0034736125753060845,-1.2855445683376174
10,0.341,-1.283393089982611,-0.0032779560302480266,-1.286671046012859
10,0.342,-1.2847063241893348,-0.0030879706893945508,-1.2877942948787293
10,0.343,-1.2860106709196613,-0.0029036565527456567,-1.2889143274724069
10,0.344,-1.2873061425967312,-0.0027250136203013533,-1.2900311562170326
10,0.345,-1.2885927515304556,-0.0025520418920616213,-1.2911447934225173
10,0.346,-1.289870509918313,-0.0023847413680264705,-1.2922552512863394
10,0.347,-1.291139429846135,-0.002223112048195901,-1.2933625418943309
10,0.348,-1.2923995232888845,-0.002067153932569913,-1.2944666772214544
10,0.349,-1.2936508021114228,-0.0019168670211485066,-1.2955676691325713
10,0.35,-1.294893278069265,-0.0017722513139316813,-1.2966655293831968
10,0.351,-1.2961269628093275,-0.0016333068109194372,-1.2977602696202468
10,0.352,-1.2973518678706657,-0.001500033512111775,-1.2988519013827775
10,0.353,-1.298568004685201,-0.0013724314175086942,-1.2999404361027098
10,0.354,-1.29977538457844,-0.0012505005271101946,-1.3010258851055503
10,0.355,-1.3009740187701824,-0.0011342408409162762,-1.3021082596110987
10,0.356,-1.302163918375221,-0.0010236523589269393,-1.3031875707341478
10,0.357,-1.3033450944040332,-0.0009187350811421836,-1.3042638294851754
10,0.358,-1.3045175577634625,-0.0008194890075620096,-1.3053370467710244
10,0.359,-1.305681319257391,-0.0007259141381864168,-1.3064072333955774
10,0.36,-1.3068363895874036,-0.0006380104730154053,-1.307474400060419
10,0.361,-1.3079827793534444,-0.0005557780120489753,-1.3085385573654933
10,0.362,-1.309120499054464,-0.00047921675528712665,-1.3095997158097512
10,0.363,-1.3102495590890564,-0.0004083267027298593,-1.3106578857917863
10,0.364,-1.3113699697560914,-0.00034310785437717355,-1.3117130776104686
10,0.365,-1.3124817412553371,-0.00028356021022906905,-1.3127653014655662
10,0.366,-1.3135848836880715,-0.0002296837702855459,-1.313814567458357
10,0.367,-1.3146794070576924,-0.0001814785345466042,-1.314860885592239
10,0.368,-1.315765321270313,-0.0001389445030122438,-1.3159042657733253
10,0.369,-1.316842636135354,-0.00010208167568246483,-1.3169447178110365
10,0.37,-1.3179113613661255,-0.00007089005255726726,-1.3179822514186827
10,0.371,-1.318971506580403,-0.00004536963363665105,-1.3190168762140397
10,0.372,-1.3200230813009957,-0.000025520418920616207,-1.3200486017199162
10,0.373,-1.3210660949563051,-0.000011342408409162762,-1.3210774373647143
10,0.374,-1.3221005568808808,-0.0000028356021022906905,-1.322103392482983
10,0.375,-1.3231264763159643,-0,-1.3231264763159643
10,0.376,-1.3241438624100277,-0.0000028356021022906905,-1.32414669801213
10,0.377,-1.3251527242193073,-0.000011342408409162762,-1.3251640666277165
10,0.378,-1.3261530707083267,-0.000025520418920616207,-1.3261785911272472
10,0.379,-1.3271449107504143,-0.00004536963363665105,-1.327190280384051
10,0.38,-1.3281282531282161,-0.00007089005255726726,-1.3281991431807734
10,0.381,-1.3291031065341978,-0.00010208167568246483,-1.3292051882098803
10,0.382,-1.330069479571145,-0.0001389445030122438,-1.3302084240741572
10,0.383,-1.3310273807526507,-0.0001814785345466042,-1.3312088592871973
10,0.384,-1.3319768185036036,-0.0002296837702855459,-1.3322065022738891
10,0.385,-1.3329178011606633,-0.00028356021022906905,-1.3332013613708924
10,0.386,-1.3338503369727337,-0.00034310785437717355,-1.3341934448271109
10,0.387,-1.3347744341014278,-0.0004083267027298593,-1.3351827608041578
10,0.388,-1.3356901006215267,-0.00047921675528712665,-1.3361693173768139
10,0.389,-1.3365973445214334,-0.0005557780120489753,-1.3371531225334823
10,0.39,-1.3374961737036188,-0.0006380104730154053,-1.3381341841766343
10,0.391,-1.3383865959850634,-0.0007259141381864168,-1.3391125101232497
10,0.392,-1.3392686190976923,-0.0008194890075620096,-1.3400881081052542
10,0.393,-1.3401422506888037,-0.0009187350811421836,-1.3410609857699458
10,0.394,-1.3410074983214932,-0.0010236523589269393,-1.3420311506804201
10,0.395,-1.3418643694750698,-0.0011342408409162762,-1.342998610315986
10,0.396,-1.3427128715454693,-0.0012505005271101946,-1.3439633720725794
10,0.397,-1.3435530118456593,-0.0013724314175086942,-1.344925443263168
10,0.398,-1.344384797606041,-0.001500033512111775,-1.3458848311181528
10,0.399,-1.3452082359748436,-0.0016333068109194372,-1.346841542785763
10,0.4,-1.346023334018513,-0.0017722513139316813,-1.3477955853324448
10,0.401,-1.3468300987220974,-0.0019168670211485066,-1.3487469657432458
10,0.402,-1.3476285369896255,-0.002067153932569913,-1.3496956909221953
10,0.403,-1.3484186556444808,-0.002223112048195901,-1.3506417676926767
10,0.404,-1.349200461429768,-0.0023847413680264705,-1.3515852027977944
10,0.405,-1.3499739610086778,-0.0025520418920616213,-1.3525260029007395
10,0.406,-1.350739160964845,-0.0027250136203013533,-1.3534641745851463
10,0.407,-1.3514960678026995,-0.0029036565527456567,-1.354399724355445
10,0.408,-1.3522446879478154,-0.0030879706893945508,-1.3553326586372099
10,0.409,-1.3529850277472542,-0.0032779560302480266,-1.3562629837775022
10,0.41,-1.3537170934699012,-0.0034736125753060845,-1.3571907060452073
10,0.411,-1.3544408913068002,-0.0036749403245687237,-1.358115831631369
10,0.412,-1.3551564273714791,-0.003881939278035943,-1.3590383666495152
10,0.413,-1.355863707700276,-0.004094609435707745,-1.3599583171359837
10,0.414,-1.3565627382526548,-0.0043129507975841275,-1.360875689050239
10,0.415,-1.3572535249115227,-0.004536963363665092,-1.361790488275188
10,0.416,-1.357936073483534,-0.004766647133950638,-1.3627027206174847
10,0.417,-1.3586103896993995,-0.005002002108440764,-1.3636123918078402
10,0.418,-1.3592764792141843,-0.005243028287135473,-1.3645195075013197
10,0.419,-1.3599343476076018,-0.005489725670034762,-1.3654240732776366
10,0.42,-1.360584000384307,-0.005742094257138634,-1.3663260946414457
10,0.421,-1.3612254429741806,-0.006000134048447086,-1.3672255770226276
10,0.422,-1.3618586807326118,-0.00626384504396012,-1.368122525776572
10,0.423,-1.362483718940776,-0.006533227243677736,-1.3690169461844537
10,0.424,-1.363100562805907,-0.006808280647599932,-1.369908843453507
10,0.425,-1.3637092174615668,-0.007089005255726709,-1.3707982227172935
10,0.426,-1.3643096879679082,-0.00737540106805807,-1.3716850890359662
10,0.427,-1.3649019793119372,-0.00766746808459401,-1.3725694473965313
10,0.428,-1.3654860964077673,-0.007965206305334531,-1.373451302713102
10,0.429,-1.3660620440968718,-0.008268615730279635,-1.3743306598271514
10,0.43,-1.3666298271483317,-0.00857769635942932,-1.375207523507761
10,0.431,-1.367189450259079,-0.008892448192783587,-1.3760818984518626
10,0.432,-1.367740918054135,-0.009212871230342434,-1.3769537892844774
10,0.433,-1.3682842350868472,-0.009538965472105863,-1.377823200558953
10,0.434,-1.3688194058391197,-0.009870730918073875,-1.3786901367571935
10,0.435,-1.3693464347216406,-0.010208167568246466,-1.379554602289887
10,0.436,-1.3698653260741056,-0.01055127542262364,-1.3804166014967292
10,0.437,-1.370376084165437,-0.010900054481205393,-1.3812761386466426
10,0.438,-1.3708787131939983,-0.011254504743991731,-1.3821332179379902
10,0.439,-1.3713732172878084,-0.011614626210982646,-1.382987843498791
10,0.44,-1.3718596005047456,-0.011980418882178146,-1.3838400193869238
10,0.441,-1.372337866832755,-0.012351882757578226,-1.3846897495903332
10,0.442,-1.3728080201900459,-0.01272901783718289,-1.3855370380272287
10,0.443,-1.3732700644252895,-0.01311182412099213,-1.3863818885462817
10,0.444,-1.373724003317811,-0.013500301609005954,-1.3872243049268171
10,0.445,-1.3741698405777778,-0.013894450301224359,-1.3880642908790022
10,0.446,-1.3746075798463866,-0.014294270197647348,-1.388901850044034
10,0.447,-1.3750372246960414,-0.014699761298274916,-1.3897369859943163
10,0.448,-1.3754587786305341,-0.015110923603107064,-1.3905697022336412
10,0.449,-1.375872245085218,-0.015527757112143799,-1.3914000021973618
10,0.45,-1.3762776274271769,-0.015950261825385108,-1.392227889252562
10,0.451,-1.3766749289553935,-0.016378437742831004,-1.3930533666982245
10,0.452,-1.3770641529009122,-0.01681228486448148,-1.3938764377653936
10,0.453,-1.377445302426998,-0.017251803190336534,-1.3946971056173345
10,0.454,-1.3778183806292938,-0.017696992720396175,-1.3955153733496901
10,0.455,-1.3781833905359733,-0.018147853454660395,-1.3963312439906337
10,0.456,-1.3785403351078882,-0.018604385393129193,-1.3971447205010175
10,0.457,-1.378889217238717,-0.019066588535802575,-1.3979558057745196
10,0.458,-1.3792300397551043,-0.01953446288268054,-1.3987645026377848
10,0.459,-1.3795628054168008,-0.020008008433763085,-1.3995708138505638
10,0.46,-1.379887516916799,-0.02048722518905021,-1.4003747421058492
10,0.461,-1.3802041768814652,-0.02097211314854192,-1.401176290030007
10,0.462,-1.3805127878706673,-0.021462672312238206,-1.4019754601829055
10,0.463,-1.3808133523779007,-0.02195890268013908,-1.4027722550580397
10,0.464,-1.3811058728304095,-0.022460804252244528,-1.403566677082654
10,0.465,-1.3813903515893058,-0.022968377028554563,-1.4043587286178603
10,0.466,-1.381666790949684,-0.02348162100906918,-1.4051484119587532
10,0.467,-1.381935193140734,-0.024000536193788374,-1.4059357293345223
10,0.468,-1.3821955603258473,-0.024525122582712153,-1.4067206829085594
10,0.469,-1.3824478946027252,-0.02505538017584048,-1.4075032747785656
10,0.47,-1.3826921980034785,-0.025591308973173417,-1.408283506976652
10,0.471,-1.3829284724947277,-0.026132908974710944,-1.4090613814694386
10,0.472,-1.3831567199776977,-0.026680180180453043,-1.4098369001581508
10,0.473,-1.3833769422883095,-0.027233122590399728,-1.4106100648787092
10,0.474,-1.383589141197271,-0.027791736204550995,-1.411380877401822
10,0.475,-1.3837933184101598,-0.028356021022906835,-1.4121493394330666
10,0.476,-1.38398947556751,-0.02892597704546727,-1.4129154526129772
10,0.477,-1.3841776142448872,-0.02950160427223228,-1.4136792185171194
10,0.478,-1.3843577359529673,-0.030082902703201863,-1.4144406386561692
10,0.479,-1.384529842137609,-0.03066987233837604,-1.4151997144759851
10,0.48,-1.384693934179923,-0.031262513177754796,-1.4159564473576778
10,0.481,-1.3848500133963395,-0.031860825221338124,-1.4167108386176777
10,0.482,-1.3849980810386708,-0.03246480846912605,-1.417462889507797
10,0.483,-1.385138138294173,-0.03307446292111854,-1.4182126012152916
10,0.484,-1.3852701862856018,-0.033689788577315624,-1.4189599748629174
10,0.485,-1.3853942260712673,-0.03431078543771728,-1.4197050115089846
10,0.486,-1.3855102586450845,-0.03493745350232352,-1.420447712147408
10,0.487,-1.385618284936622,-0.03556979277113435,-1.4211880777077563
10,0.488,-1.3857183058111464,-0.03620780324414975,-1.4219261090552962
10,0.489,-1.3858103220696634,-0.036851484921369734,-1.422661806991033
10,0.49,-1.3858943344489565,-0.037500837802794305,-1.4233951722517508
10,0.491,-1.3859703436216226,-0.03815586188842345,-1.424126205510046
10,0.492,-1.3860383501961053,-0.03881655717825719,-1.4248549073743626
10,0.493,-1.3860983547167218,-0.0394829236722955,-1.4255812783890174
10,0.494,-1.3861503576636915,-0.04015496137053839,-1.4263053190342299
10,0.495,-1.3861943594531572,-0.040832670272985865,-1.427027029726143
10,0.496,-1.3862303604372066,-0.04151605037963792,-1.4277464108168445
10,0.497,-1.3862583609038874,-0.04220510169049456,-1.428463462594382
10,0.498,-1.3862783610772236,-0.04289982420555578,-1.4291781852827794
10,0.499,-1.386290361117224,-0.04360021792482157,-1.4298905790420455
10,0.5,-1.3862943611198906,-0.04430628284829196,-1.4306006439681824
10,0.501,-1.386290361117224,-0.045018018975966925,-1.431308380093191
10,0.502,-1.3862783610772236,-0.045735426307846466,-1.43201378738507
10,0.503,-1.3862583609038874,-0.04645850484393058,-1.432716865747818
10,0.504,-1.3862303604372066,-0.04718725458421929,-1.433417615021426
10,0.505,-1.3861943594531572,-0.047921675528712585,-1.4341160349818698
10,0.506,-1.3861503576636915,-0.048661767677410456,-1.434812125341102
10,0.507,-1.3860983547167218,-0.0494075310303129,-1.4355058857470346
10,0.508,-1.3860383501961053,-0.05015896558741994,-1.4361973157835253
10,0.509,-1.3859703436216226,-0.05091607134873156,-1.4368864149703542
10,0.51,-1.3858943344489565,-0.05167884831424774,-1.4375731827632041
10,0.511,-1.3858103220696634,-0.05244729648396852,-1.438257618553632
10,0.512,-1.3857183058111464,-0.053221415857893875,-1.4389397216690403
10,0.513,-1.385618284936622,-0.05400120643602382,-1.4396194913726459
10,0.514,-1.3855102586450845,-0.05478666821835834,-1.440296926863443
10,0.515,-1.3853942260712673,-0.055577801204897435,-1.4409720272761648
10,0.516,-1.3852701862856018,-0.05637460539564112,-1.441644791681243
10,0.517,-1.385138138294173,-0.05717708079058939,-1.4423152190847623
10,0.518,-1.3849980810386708,-0.05798522738974224,-1.4429833084284132
10,0.519,-1.3848500133963395,-0.05879904519309966,-1.4436490585894393
10,0.52,-1.384693934179923,-0.05961853420066167,-1.4443124683805846
10,0.521,-1.384529842137609,-0.06044369441242826,-1.4449735365500374
10,0.522,-1.3843577359529673,-0.061274525828399436,-1.4456322617813668
10,0.523,-1.3841776142448872,-0.062111028448575197,-1.4462886426934625
10,0.524,-1.38398947556751,-0.06295320227295552,-1.4469426778404655
10,0.525,-1.3837933184101598,-0.06380104730154043,-1.4475943657117003
10,0.526,-1.383589141197271,-0.06465456353432993,-1.4482437047316008
10,0.527,-1.3833769422883095,-0.06551375097132402,-1.4488906932596335
10,0.528,-1.3831567199776977,-0.06637860961252268,-1.4495353295902205
10,0.529,-1.3829284724947277,-0.06724913945792592,-1.4501776119526537
10,0.53,-1.3826921980034785,-0.06812534050753374,-1.4508175385110123
10,0.531,-1.3824478946027252,-0.06900721276134614,-1.4514551073640714
10,0.532,-1.3821955603258473,-0.06989475621936311,-1.4520903165452104
10,0.533,-1.3819351931407338,-0.0707879708815847,-1.4527231640223184
10,0.534,-1.381666790949684,-0.07168685674801084,-1.453353647697695
10,0.535,-1.3813903515893058,-0.07259141381864158,-1.4539817654079474
10,0.536,-1.3811058728304095,-0.07350164209347688,-1.4546075149238864
10,0.537,-1.3808133523779007,-0.07441754157251677,-1.4552308939504175
10,0.538,-1.3805127878706673,-0.07533911225576125,-1.4558519001264285
10,0.539,-1.380204176881465,-0.0762663541432103,-1.4564705310246753
10,0.54,-1.379887516916799,-0.07719926723486395,-1.457086784151663
10,0.541,-1.3795628054168008,-0.07813785153072215,-1.4577006569475228
10,0.542,-1.3792300397551043,-0.07908210703078496,-1.4583121467858893
10,0.543,-1.378889217238717,-0.08003203373505234,-1.4589212509737695
10,0.544,-1.3785403351078884,-0.0809876316435243,-1.4595279667514127
10,0.545,-1.378183390535973,-0.08194890075620084,-1.460132291292174
10,0.546,-1.3778183806292938,-0.08291584107308198,-1.4607342217023758
10,0.547,-1.377445302426998,-0.08388845259416768,-1.4613337550211656
10,0.548,-1.3770641529009122,-0.08486673531945796,-1.46193088822037
10,0.549,-1.3766749289553935,-0.08585068924895282,-1.4625256182043462
10,0.55,-1.3762776274271769,-0.08684031438265227,-1.4631179418098292
10,0.551,-1.375872245085218,-0.08783561072055632,-1.4637078558057743
10,0.552,-1.3754587786305341,-0.08883657826266493,-1.4642953568931991
10,0.553,-1.3750372246960412,-0.08984321700897811,-1.4648804417050192
10,0.554,-1.3746075798463866,-0.09085552695949589,-1.4654631068058825
10,0.555,-1.3741698405777778,-0.09187350811421825,-1.4660433486919962
10,0.556,-1.373724003317811,-0.0928971604731452,-1.4666211637909563
10,0.557,-1.3732700644252893,-0.09392648403627672,-1.467196548461566
10,0.558,-1.372808020190046,-0.09496147880361282,-1.467769498993659
10,0.559,-1.372337866832755,-0.0960021447751535,-1.4683400116079086
10,0.56,-1.3718596005047456,-0.09704848195089875,-1.4689080824556444
10,0.561,-1.3713732172878084,-0.09810049033084861,-1.469473707618657
10,0.562,-1.3708787131939983,-0.09915816991500304,-1.4700368831090014
10,0.563,-1.370376084165437,-0.10022152070336192,-1.470597604868799
10,0.564,-1.3698653260741058,-0.10129054269592551,-1.4711558687700312
10,0.565,-1.3693464347216406,-0.10236523589269367,-1.4717116706143343
10,0.566,-1.3688194058391194,-0.10344560029366642,-1.4722650061327858
10,0.567,-1.3682842350868472,-0.10453163589884377,-1.472815870985691
10,0.568,-1.367740918054135,-0.1056233427082257,-1.4733642607623605
10,0.569,-1.367189450259079,-0.10672072072181217,-1.473910170980891
10,0.57,-1.366629827148332,-0.10782376993960326,-1.474453597087935
10,0.571,-1.3660620440968718,-0.10893249036159891,-1.4749945344584707
10,0.572,-1.3654860964077673,-0.11004688198779915,-1.4755329783955664
10,0.573,-1.3649019793119372,-0.11116694481820398,-1.4760689241301412
10,0.574,-1.3643096879679082,-0.11229267885281338,-1.4766023668207215
10,0.575,-1.3637092174615668,-0.11342408409162734,-1.4771333015531942
10,0.576,-1.3631005628059072,-0.11456116053464593,-1.4776617233405531
10,0.577,-1.362483718940776,-0.11570390818186908,-1.478187627122645
10,0.578,-1.3618586807326118,-0.11685232703329679,-1.4787110077659087
10,0.579,-1.3612254429741806,-0.11800641708892912,-1.4792318600631096
10,0.58,-1.360584000384307,-0.11916617834876601,-1.4797501787330731
10,0.581,-1.3599343476076018,-0.12033161081280745,-1.4802659584204092
10,0.582,-1.3592764792141843,-0.12150271448105353,-1.4807791936952377
10,0.583,-1.3586103896993995,-0.12267948935350416,-1.4812898790529037
10,0.584,-1.357936073483534,-0.12386193543015937,-1.4817980089136933
10,0.585,-1.3572535249115227,-0.12505005271101918,-1.482303577622542
10,0.586,-1.356562738252655,-0.12624384119608356,-1.4828065794487386
10,0.587,-1.355863707700276,-0.1274433008853525,-1.4833070085856286
10,0.588,-1.3551564273714791,-0.12864843177882607,-1.4838048591503052
10,0.589,-1.3544408913068002,-0.1298592338765042,-1.4843001251833043
10,0.59,-1.3537170934699014,-0.1310757071783869,-1.4847928006482882
10,0.591,-1.3529850277472542,-0.13229785168447417,-1.4852828794317283
10,0.592,-1.3522446879478154,-0.13352566739476604,-1.4857703553425814
10,0.593,-1.3514960678026995,-0.1347591543092625,-1.486255222111962
10,0.594,-1.350739160964845,-0.1359983124279635,-1.4867374733928085
10,0.595,-1.3499739610086778,-0.13724314175086913,-1.4872171027595469
10,0.596,-1.349200461429768,-0.13849364227797933,-1.4876941037077471
10,0.597,-1.3484186556444808,-0.1397498140092941,-1.488168469653775
10,0.598,-1.3476285369896255,-0.14101165694481346,-1.488640193934439
10,0.599,-1.3468300987220974,-0.1422791710845374,-1.4891092698066348
10,0.6,-1.346023334018513,-0.14355235642846592,-1.489575690446979
10,0.601,-1.3452082359748436,-0.144831212976599,-1.4900394489514426
10,0.602,-1.344384797606041,-0.14611574072893668,-1.4905005383349776
10,0.603,-1.3435530118456593,-0.14740593968547894,-1.4909589515311383
10,0.604,-1.3427128715454693,-0.1487018098462258,-1.491414681391695
10,0.605,-1.3418643694750698,-0.15000335121117722,-1.491867720686247
10,0.606,-1.3410074983214932,-0.15131056378033322,-1.4923180621018264
10,0.607,-1.3401422506888037,-0.1526234475536938,-1.4927656982424975
10,0.608,-1.3392686190976923,-0.15394200253125898,-1.4932106216289514
10,0.609,-1.3383865959850634,-0.15526622871302875,-1.493652824698092
10,0.61,-1.3374961737036188,-0.15659612609900306,-1.4940922998026218
10,0.611,-1.3365973445214334,-0.157931694689182,-1.4945290392106154
10,0.612,-1.3356901006215267,-0.15927293448356547,-1.4949630351050922
10,0.613,-1.3347744341014278,-0.16061984548215355,-1.4953942795835813
10,0.614,-1.3338503369727337,-0.16197242768494624,-1.4958227646576798
10,0.615,-1.3329178011606633,-0.16333068109194346,-1.4962484822526068
10,0.616,-1.3319768185036036,-0.16469460570314529,-1.496671424206749
10,0.617,-1.3310273807526507,-0.16606420151855167,-1.4970915822712023
10,0.618,-1.330069479571145,-0.16743946853816266,-1.4975089481093076
10,0.619,-1.3291031065341978,-0.16882040676197824,-1.4979235132961761
10,0.62,-1.3281282531282161,-0.17020701618999837,-1.4983352693182146
10,0.621,-1.3271449107504143,-0.1715992968222231,-1.4987442075726374
10,0.622,-1.3261530707083267,-0.17299724865865243,-1.499150319366979
10,0.623,-1.3251527242193073,-0.17440087169928628,-1.4995535959185935
10,0.624,-1.3241438624100277,-0.17581016594412477,-1.4999540283541524
10,0.625,-1.3231264763159643,-0.17722513139316784,-1.5003516077091321
10,0.626,-1.3221005568808808,-0.17864576804641547,-1.5007463249272963
10,0.627,-1.3210660949563051,-0.1800720759038677,-1.5011381708601728
10,0.628,-1.3200230813009957,-0.18150405496552446,-1.5015271362665201
10,0.629,-1.318971506580403,-0.18294170523138586,-1.501913211811789
10,0.63,-1.3179113613661255,-0.1843850267014518,-1.5022963880675773
10,0.631,-1.316842636135354,-0.18583401937572233,-1.5026766555110764
10,0.632,-1.315765321270313,-0.18728868325419745,-1.5030540045245107
10,0.633,-1.3146794070576924,-0.18874901833687716,-1.5034284253945696
10,0.634,-1.3135848836880715,-0.19021502462376147,-1.503799908311833
10,0.635,-1.3124817412553371,-0.19168670211485034,-1.5041684433701874
10,0.636,-1.3113699697560914,-0.1931640508101438,-1.5045340205662352
10,0.637,-1.3102495590890564,-0.19464707070964182,-1.504896629798698
10,0.638,-1.309120499054464,-0.19613576181334444,-1.5052562608678084
10,0.639,-1.3079827793534444,-0.1976301241212516,-1.5056129034746961
10,0.64,-1.3068363895874036,-0.19913015763336342,-1.505966547220767
10,0.641,-1.305681319257391,-0.20063586234967976,-1.5063171816070708
10,0.642,-1.3045175577634625,-0.20214723827020067,-1.5066647960336632
10,0.643,-1.3033450944040332,-0.20366428539492623,-1.5070093797989594
10,0.644,-1.302163918375221,-0.20518700372385631,-1.5073509220990773
10,0.645,-1.3009740187701824,-0.20671539325699095,-1.5076894120271733
10,0.646,-1.29977538457844,-0.2082494539943302,-1.5080248385727704
10,0.647,-1.298568004685201,-0.2097891859358741,-1.508357190621075
10,0.648,-1.2973518678706657,-0.21133458908162253,-1.5086864569522882
10,0.649,-1.2961269628093275,-0.2128856634315755,-1.509012626240903
10,0.65,-1.294893278069265,-0.2144424089857331,-1.509335687054998
10,0.651,-1.2936508021114228,-0.21600482574409527,-1.509655627855518
10,0.652,-1.2923995232888845,-0.21757291370666204,-1.5099724369955465
10,0.653,-1.291139429846135,-0.21914667287343337,-1.5102861027195682
10,0.654,-1.289870509918313,-0.22072610324440928,-1.5105966131627222
10,0.655,-1.2885927515304556,-0.22231120481958974,-1.5109039563500453
10,0.656,-1.2873061425967312,-0.22390197759897484,-1.511208120195706
10,0.657,-1.286010670919661,-0.22549842158256447,-1.5115090925022254
10,0.658,-1.2847063241893348,-0.22710053677035877,-1.5118068609596935
10,0.659,-1.283393089982611,-0.22870832316235756,-1.5121014131449684
10,0.66,-1.2820709557623111,-0.23032178075856097,-1.512392736520872
10,0.661,-1.2807399088763995,-0.23194090955896896,-1.5126808184353684
10,0.662,-1.2793999365571547,-0.23356570956358153,-1.5129656461207361
10,0.663,-1.2780510259203286,-0.23519618077239865,-1.5132472066927272
10,0.664,-1.2766931639642967,-0.23683232318542038,-1.513525487149717
10,0.665,-1.2753263375691937,-0.23847413680264667,-1.5138004743718403
10,0.666,-1.2739505334960397,-0.24012162162407757,-1.5140721551201173
10,0.667,-1.2725657383858564,-0.24177477764971303,-1.5143405160355694
10,0.668,-1.271171938758767,-0.24343360487955312,-1.5146055436383201
10,0.669,-1.2697691210130886,-0.24509810331359774,-1.5148672243266863
10,0.67,-1.2683572714244113,-0.24676827295184692,-1.5151255443762583
10,0.671,-1.2669363761446624,-0.24844411379430079,-1.5153804899389631
10,0.672,-1.2655064212011626,-0.25012562584095915,-1.5156320470421218
10,0.673,-1.2640673924956667,-0.2518128090918221,-1.5158802015874888
10,0.674,-1.2626192758033907,-0.25350566354688964,-1.5161249393502803
10,0.675,-1.2611620567720294,-0.2552041892061617,-1.5163662459781913
10,0.676,-1.259695720920757,-0.25690838606963845,-1.5166041069903955
10,0.677,-1.2582202536392175,-0.2586182541373197,-1.5168385077765372
10,0.678,-1.2567356401864989,-0.2603337934092056,-1.5170694335957045
10,0.679,-1.2552418656900945,-0.26205500388529607,-1.5172968695753906
10,0.68,-1.2537389151448526,-0.26378188556559107,-1.5175208007104437
10,0.681,-1.2522267734119072,-0.2655144384500907,-1.517741211861998
10,0.682,-1.2507054252175993,-0.26725266253879487,-1.5179580877563943
10,0.683,-1.2491748551523787,-0.2689965578317037,-1.5181714129840824
10,0.684,-1.2476350476696965,-0.270746124328817,-1.5183811719985134
10,0.685,-1.2460859870848764,-0.272501362030135,-1.5185873491150113
10,0.686,-1.2445276575739763,-0.2742622709356574,-1.5187899285096338
10,0.687,-1.2429600431726302,-0.27602885104538455,-1.5189888942180148
10,0.688,-1.2413831277748764,-0.27780110235931604,-1.5191842301341925
10,0.689,-1.2397968951319691,-0.2795790248774523,-1.5193759200094215
10,0.69,-1.2382013288511742,-0.28136261859979317,-1.5195639474509672
10,0.691,-1.2365964123945477,-0.2831518835263386,-1.5197482959208863
10,0.692,-1.2349821290776974,-0.28494681965708857,-1.519928948734786
10,0.693,-1.2333584620685292,-0.28674742699204314,-1.5201058890605723
10,0.694,-1.2317253943859725,-0.28855370553120235,-1.520279099917175
10,0.695,-1.2300829088986918,-0.2903656552745661,-1.520448564173258
10,0.696,-1.2284309883237792,-0.2921832762221344,-1.5206142645459135
10,0.697,-1.2267696152254262,-0.2940065683739073,-1.5207761835993334
10,0.698,-1.225098772013581,-0.2958355317298848,-1.520934303743466
10,0.699,-1.2234184409425843,-0.2976701662900669,-1.5210886072326513
10,0.7,-1.221728604109787,-0.2995104720544535,-1.5212390761642405
10,0.701,-1.2200292434541482,-0.30135644902304476,-1.521385692477193
10,0.702,-1.2183203407548142,-0.30320809719584063,-1.5215284379506548
10,0.703,-1.2166018776296756,-0.305065416572841,-1.5216672942025167
10,0.704,-1.2148738355339068,-0.306928407154046,-1.521802242687953
10,0.705,-1.2131361957584816,-0.3087970689394555,-1.521933264697937
10,0.706,-1.2113889394286717,-0.3106714019290697,-1.5220603413577414
10,0.707,-1.2096320475025188,-0.31255140612288845,-1.5221834536254073
10,0.708,-1.2078655007692904,-0.3144370815209117,-1.522302582290202
10,0.709,-1.2060892798479088,-0.3163284281231396,-1.5224177079710484
10,0.71,-1.20430336518536,-0.3182254459295721,-1.5225288111149322
10,0.711,-1.2025077370550799,-0.32012813494020914,-1.522635871995289
10,0.712,-1.2007023755553157,-0.32203649515505073,-1.5227388707103664
10,0.713,-1.1988872606074656,-0.32395052657409695,-1.5228377871815626
10,0.714,-1.197062371954392,-0.32587022919734776,-1.52293260115174
10,0.715,-1.1952276891587124,-0.32779560302480315,-1.5230232921835154
10,0.716,-1.1933831916010647,-0.3297266480564631,-1.5231098396575278
10,0.717,-1.191528858478346,-0.3316633642923277,-1.5231922227706738
10,0.718,-1.1896646688019281,-0.33360575173239676,-1.5232704205343248
10,0.719,-1.187790601395844,-0.3355538103766705,-1.5233444117725143
10,0.72,-1.185906634894949,-0.33750754022514873,-1.5234141751200978
10,0.721,-1.1840127477430555,-0.33946694127783167,-1.5234796890208873
10,0.722,-1.182108918191039,-0.3414320135347191,-1.523540931725758
10,0.723,-1.180195124294915,-0.34340275699581113,-1.523597881290726
10,0.724,-1.17827134391389,-0.3453791716611077,-1.5236505155749978
10,0.725,-1.1763375547083814,-0.34736125753060887,-1.5236988122389903
10,0.726,-1.1743937341380077,-0.34934901460431467,-1.5237427487423223
10,0.727,-1.1724398594595489,-0.35134244288222505,-1.523782302341774
10,0.728,-1.1704759077248768,-0.35334154236433996,-1.5238174500892168
10,0.729,-1.1685018557788527,-0.35534631305065945,-1.5238481688295122
10,0.73,-1.166517680257194,-0.35735675494118363,-1.5238744351983775
10,0.731,-1.1645233575843086,-0.3593728680359123,-1.5238962256202209
10,0.732,-1.1625188639710948,-0.3613946523348455,-1.5239135163059403
10,0.733,-1.1605041754127097,-0.3634221078379834,-1.523926283250693
10,0.734,-1.1584792676863014,-0.3654552345453258,-1.523934502231627
10,0.735,-1.1564441163487065,-0.3674940324568728,-1.5239381488055792
10,0.736,-1.1543986967341133,-0.36953850157262436,-1.5239371983067378
10,0.737,-1.1523429839516879,-0.3715886418925805,-1.5239316258442683
10,0.738,-1.150276952883162,-0.3736444534167413,-1.5239214062999034
10,0.739,-1.148200578180386,-0.37570593614510667,-1.5239065143254926
10,0.74,-1.1461138342628407,-0.37777309007767645,-1.523886924340517
10,0.741,-1.1440166953151127,-0.37984591521445105,-1.5238626105295638
10,0.742,-1.141909135284327,-0.3819244115554301,-1.523833546839757
10,0.743,-1.139791127877541,-0.38400857910061376,-1.5237997069781548
10,0.744,-1.1376626465590973,-0.386098417850002,-1.5237610644090993
10,0.745,-1.1355236645479332,-0.3881939278035948,-1.523717592351528
10,0.746,-1.1333741548148464,-0.3902951089613922,-1.5236692637762386
10,0.747,-1.1312140900797198,-0.3924019613233942,-1.523616051403114
10,0.748,-1.1290434428086988,-0.3945144848896007,-1.5235579276982996
10,0.749,-1.1268621852113239,-0.39663267966001187,-1.5234948648713358
10,0.75,-1.1246702892376166,-0.3987565456346276,-1.5234268348722442
10,0.751,-1.1224677265751195,-0.40088608281344795,-1.5233538093885675
10,0.752,-1.120254468645884,-0.4030212911964728,-1.5232757598423567
10,0.753,-1.1180304866034136,-0.4051621707837023,-1.523192657387116
10,0.754,-1.115795751329554,-0.4073087215751363,-1.5231044729046903
10,0.755,-1.1135502334313307,-0.40946094357077495,-1.5230111770021058
10,0.756,-1.1112939032377378,-0.4116188367706182,-1.522912740008356
10,0.757,-1.10902673079647,-0.41378240117466597,-1.522809131971136
10,0.758,-1.1067486858706024,-0.41595163678291835,-1.5227003226535207
10,0.759,-1.1044597379352121,-0.41812654359537527,-1.5225862815305873
10,0.76,-1.1021598561739456,-0.42030712161203676,-1.5224669777859825
10,0.761,-1.0998490094755262,-0.42249337083290295,-1.5223423803084293
10,0.762,-1.0975271664302033,-0.42468529125797366,-1.522212457688177
10,0.763,-1.0951942953261404,-0.42688288288724896,-1.5220771782133893
10,0.764,-1.0928503641457428,-0.42908614572072884,-1.5219365098664717
10,0.765,-1.0904953405619193,-0.43129507975841325,-1.5217904203203325
10,0.766,-1.088129191934284,-0.4335096850003023,-1.521638876934586
10,0.767,-1.0857518853052865,-0.43572996144639586,-1.5214818467516824
10,0.768,-1.0833633873962818,-0.4379559090966941,-1.5213192964929758
10,0.769,-1.080963664603525,-0.4401875279511968,-1.5211511925547219
10,0.77,-1.0785526829941008,-0.4424248180099042,-1.520977501004005
10,0.771,-1.0761304083017782,-0.4446677792728161,-1.5207981875745942
10,0.772,-1.0736968059227947,-0.44691641173993263,-1.5206132176627274
10,0.773,-1.0712518409115628,-0.4491707154112537,-1.5204225563228164
10,0.774,-1.0687954779763034,-0.45143069028677935,-1.5202261682630827
10,0.775,-1.0663276814745972,-0.4536963363665097,-1.5200240178411069
10,0.776,-1.0638484154088605,-0.45596765365044456,-1.519816069059305
10,0.777,-1.0613576434217369,-0.4582446421385839,-1.5196022855603208
10,0.778,-1.0588553287914046,-0.460527301830928,-1.5193826306223326
10,0.779,-1.0563414344268014,-0.4628156327274765,-1.519157067154278
10,0.78,-1.0538159228627606,-0.46510963482822976,-1.5189255576909904
10,0.781,-1.0512787562550572,-0.46740930813318743,-1.5186880643882446
10,0.782,-1.0487298963753646,-0.46971465264234974,-1.5184445490177143
10,0.783,-1.046169304606117,-0.4720256683557167,-1.5181949729618336
10,0.784,-1.0435969419352753,-0.47434235527328816,-1.5179392972085635
10,0.785,-1.0410127689509978,-0.4766647133950642,-1.5176774823460621
10,0.786,-1.0384167458362088,-0.47899274272104486,-1.5174094885572535
10,0.787,-1.0358088323630663,-0.48132644325123014,-1.5171352756142964
10,0.788,-1.033188987887323,-0.48366581498562,-1.5168548028729432
10,0.789,-1.0305571713425845,-0.4860108579242143,-1.5165680292667987
10,0.79,-1.0279133412344512,-0.4883615720670133,-1.5162749133014646
10,0.791,-1.0252574556345546,-0.4907179574140169,-1.5159754130485714
10,0.792,-1.022589472174475,-0.4930800139652251,-1.5156694861397002
10,0.793,-1.0199093480395425,-0.4954477417206377,-1.5153570897601802
10,0.794,-1.0172170399625151,-0.497821140680255,-1.5150381806427702
10,0.795,-1.014512504217139,-0.500200210844077,-1.5147127150612159
10,0.796,-1.011795696611576,-0.5025849522121034,-1.5143806488236793
10,0.797,-1.0090665724817056,-0.5049753647843345,-1.51404193726604
10,0.798,-1.0063250866842923,-0.5073714485607701,-1.5136965352450624
10,0.799,-1.0035711935900187,-0.5097732035414103,-1.513344397131429
10,0.8,-1.0008048470763757,-0.5121806297262551,-1.5129854768026307
10,0.801,-0.9980260005204145,-0.5145937271153045,-1.512619727635719
10,0.802,-0.9952346067913488,-0.5170124957085585,-1.5122471024999071
10,0.803,-0.9924306182430073,-0.519436935506017,-1.5118675537490243
10,0.804,-0.9896139867061333,-0.5218670465076801,-1.5114810332138133
10,0.805,-0.9867846634805257,-0.5243028287135478,-1.5110874921940736
10,0.806,-0.9839425993270179,-0.5267442821236201,-1.510686881450638
10,0.807,-0.9810877444592907,-0.529191406737897,-1.5102791511971878
10,0.808,-0.9782200485355157,-0.5316442025563785,-1.5098642510918943
10,0.809,-0.9753394606498218,-0.5341026695790645,-1.5094421302288863
10,0.81,-0.9724459293235843,-0.5365668078059551,-1.5090127371295394
10,0.811,-0.9695394024965294,-0.5390366172370502,-1.5085760197335796
10,0.812,-0.9666198275176481,-0.54151209787235,-1.508131925389998
10,0.813,-0.9636871511359189,-0.543993249711854,-1.5076804008477729
10,0.814,-0.9607413194908279,-0.546480072755563,-1.5072213922463908
10,0.815,-0.9577822781026879,-0.5489725670034765,-1.5067548451061645
10,0.816,-0.954809971862745,-0.5514707324555946,-1.5062807043183395
10,0.817,-0.9518243450230695,-0.5539745691119173,-1.5057989141349868
10,0.818,-0.9488253411862266,-0.5564840769724445,-1.5053094181586713
10,0.819,-0.9458129032947176,-0.5589992560371764,-1.504812159331894
10,0.82,-0.9427869736201885,-0.5615201063061128,-1.5043070799263014
10,0.821,-0.9397474937523969,-0.5640466277792539,-1.5037941215316506
10,0.822,-0.9366944045879322,-0.5665788204565995,-1.5032732250445315
10,0.823,-0.9336276463186818,-0.5691166843381495,-1.5027443306568313
10,0.824,-0.9305471584200355,-0.5716602194239042,-1.5022073778439398
10,0.825,-0.9274528796388208,-0.5742094257138637,-1.5016623053526845
10,0.826,-0.9243447479809623,-0.5767643032080275,-1.50110905118899
10,0.827,-0.9212227006988574,-0.579324851906396,-1.5005475526052534
10,0.828,-0.9180866742784564,-0.5818910718089692,-1.4999777460874255
10,0.829,-0.9149366044260454,-0.5844629629157467,-1.4993995673417921
10,0.83,-0.9117724260547169,-0.587040525226729,-1.4988129512814459
10,0.831,-0.9085940732705206,-0.5896237587419157,-1.4982178320124362
10,0.832,-0.9054014793582881,-0.5922126634613072,-1.4976141428195953
10,0.833,-0.9021945767671182,-0.5948072393849032,-1.4970018161520215
10,0.834,-0.8989732970955122,-0.5974074865127038,-1.496380783608216
10,0.835,-0.8957375710761539,-0.6000134048447089,-1.495750975920863
10,0.836,-0.8924873285603161,-0.6026249943809185,-1.4951123229412346
10,0.837,-0.889222498501888,-0.6052422551213329,-1.494464753623221
10,0.838,-0.8859430089410105,-0.6078651870659518,-1.4938081960069622
10,0.839,-0.8826487869873052,-0.6104937902147752,-1.4931425772020805
10,0.84,-0.879339758802686,-0.6131280645678033,-1.4924678233704893
10,0.841,-0.8760158495837419,-0.6157680101250359,-1.4917838597087778
10,0.842,-0.8726769835436745,-0.6184136268864732,-1.4910906104301476
10,0.843,-0.8693230838937771,-0.621064914852115,-1.4903879987458921
10,0.844,-0.865954072824443,-0.6237218740219613,-1.4896759468464045
10,0.845,-0.862569871485684,-0.6263845043960122,-1.488954375881696
10,0.846,-0.8591703999671466,-0.6290528059742678,-1.4882232059414144
10,0.847,-0.8557555772776089,-0.631726778756728,-1.4874823560343369
10,0.848,-0.8523253213239386,-0.6344064227433927,-1.486731744067331
10,0.849,-0.8488795488894992,-0.6370917379342619,-1.4859712868237611
10,0.85,-0.8454181756119818,-0.6397827243293358,-1.4852008999413178
10,0.851,-0.8419411159606446,-0.6424793819286142,-1.4844204978892588
10,0.852,-0.8384482832129421,-0.6451817107320972,-1.4836299939450392
10,0.853,-0.8349395894305212,-0.647889710739785,-1.4828293001703061
10,0.854,-0.8314149454345626,-0.6506033819516771,-1.4820183273862397
10,0.855,-0.8278742607804477,-0.6533227243677738,-1.4811969851482214
10,0.856,-0.8243174437317236,-0.6560477379880753,-1.4803651817197987
10,0.857,-0.8207444012333461,-0.6587784228125811,-1.4795228240459273
10,0.858,-0.8171550388841728,-0.6615147788412916,-1.4786698177254645
10,0.859,-0.8135492609086801,-0.6642568060742067,-1.4778060669828867
10,0.86,-0.8099269701278771,-0.6670045045113264,-1.4769314746392035
10,0.861,-0.8062880679293893,-0.6697578741526506,-1.47604594208204
10,0.862,-0.8026324542366787,-0.6725169149981796,-1.4751493692348583
10,0.863,-0.7989600274773714,-0.675281627047913,-1.4742416545252843
10,0.864,-0.7952706845506599,-0.6780520103018509,-1.4733226948525107
10,0.865,-0.791564320793747,-0.6808280647599935,-1.4723923855537404
10,0.866,-0.7878408299472922,-0.6836097904223407,-1.471450620369633
10,0.867,-0.784100104119828,-0.6863971872888924,-1.4704972914087204
10,0.868,-0.7803420337511043,-0.6891902553596487,-1.4695322891107532
10,0.869,-0.7765665075743211,-0.6919889946346097,-1.4685555022089307
10,0.87,-0.7727734125772074,-0.6947934051137751,-1.4675668176909826
10,0.871,-0.7689626339619029,-0.6976034867971451,-1.466566120759048
10,0.872,-0.7651340551035917,-0.7004192396847199,-1.4655532947883114
10,0.873,-0.7612875575078464,-0.7032406637764991,-1.4645282212843456
10,0.874,-0.7574230207666257,-0.706067759072483,-1.4634907798391086
10,0.875,-0.7535403225128735,-0.7089005255726714,-1.4624408480855449
10,0.876,-0.7496393383736673,-0.7117389632770642,-1.4613783016507313
10,0.877,-0.7457199419218503,-0.7145830721856619,-1.4603030141075122
10,0.878,-0.7417820046260946,-0.717432852298464,-1.4592148569245587
10,0.879,-0.7378253957993215,-0.7202883036154708,-1.4581136994147923
10,0.88,-0.7338499825454192,-0.7231494261366821,-1.4569994086821012
10,0.881,-0.7298556297041818,-0.7260162198620979,-1.4558718495662797
10,0.882,-0.7258421997943973,-0.7288886847917184,-1.4547308845861158
10,0.883,-0.7218095529550057,-0.7317668209255435,-1.4535763738805492
10,0.884,-0.7177575468842439,-0.734650628263573,-1.4524081751478168
10,0.885,-0.7136860367766913,-0.7375401068058072,-1.4512261435824985
10,0.886,-0.7095948752581256,-0.740435256552246,-1.4500301318103714
10,0.887,-0.705483912318091,-0.7433360775028893,-1.4488199898209804
10,0.888,-0.7013529952400789,-0.7462425696577373,-1.4475955648978163
10,0.889,-0.6972019685292135,-0.7491547330167898,-1.4463567015460033
10,0.89,-0.6930306738373323,-0.7520725675800469,-1.4451032414173792
10,0.891,-0.6888389498853384,-0.7549960733475086,-1.4438350232328472
10,0.892,-0.6846266323827058,-0.7579252503191749,-1.4425518827018808
10,0.893,-0.6803935539439988,-0.7608600984950459,-1.4412536524390447
10,0.894,-0.6761395440022725,-0.7638006178751213,-1.4399401618773937
10,0.895,-0.671864428719203,-0.7667468084594014,-1.4386112371786044
10,0.896,-0.6675680308917932,-0.769698670247886,-1.4372667011396791
10,0.897,-0.6632501698554888,-0.7726562032405752,-1.435906373096064
10,0.898,-0.6589106613835323,-0.7756194074374689,-1.4345300688210012
10,0.899,-0.6545493175823665,-0.7785882828385673,-1.4331376004209337
10,0.9,-0.6501659467828964,-0.7815628294438701,-1.4317287762267665
10,0.901,-0.6457603534274003,-0.7845430472533778,-1.4303034006807782
10,0.902,-0.6413323379518688,-0.7875289362670898,-1.4288612742189586
10,0.903,-0.6368816966635421,-0.7905204964850064,-1.4274021931485485
10,0.904,-0.6324082216133944,-0.7935177279071276,-1.425925949520522
10,0.905,-0.6279117004633049,-0.7965206305334537,-1.4244323309967586
10,0.906,-0.6233919163476347,-0.799529204363984,-1.4229211207116186
10,0.907,-0.6188486477289106,-0.802543449398719,-1.4213920971276295
10,0.908,-0.614281668247302,-0.8055633656376586,-1.4198450338849606
10,0.909,-0.6096907465635508,-0.8085889530808027,-1.4182796996443536
10,0.91,-0.605075646194996,-0.8116202117281515,-1.4166958579231475
10,0.911,-0.600436125344309,-0.8146571415797049,-1.415093266924014
10,0.912,-0.5957719367205291,-0.8176997426354626,-1.4134716793559918
10,0.913,-0.5910828273519639,-0.8207480148954253,-1.4118308422473893
10,0.914,-0.5863685383904844,-0.8238019583595922,-1.4101704967500766
10,0.915,-0.5816288049067162,-0.8268615730279638,-1.40849037793468
10,0.916,-0.5768633556755907,-0.8299268589005402,-1.4067902145761308
10,0.917,-0.5720719129516821,-0.8329978159773208,-1.405069728929003
10,0.918,-0.567254192233716,-0.8360744442583063,-1.4033286364920223
10,0.919,-0.562409902017586,-0.8391567437434964,-1.4015666457610823
10,0.92,-0.5575387435371746,-0.842244714432891,-1.3997834579700656
10,0.921,-0.5526404104922094,-0.8453383563264901,-1.3979787668186994
10,0.922,-0.5477145887623386,-0.8484376694242938,-1.3961522581866324
10,0.923,-0.5427609561065415,-0.851542653726302,-1.3943036098328436
10,0.924,-0.5377791818469193,-0.8546533092325149,-1.3924324910794343
10,0.925,-0.5327689265358407,-0.8577696359429324,-1.3905385624787732
10,0.926,-0.5277298416053325,-0.8608916338575545,-1.388621475462887
10,0.927,-0.5226615689975134,-0.8640193029763811,-1.3866808719738946
10,0.928,-0.5175637407747736,-0.8671526432994123,-1.3847163840741858
10,0.929,-0.512435978708295,-0.8702916548266482,-1.3827276335349432
10,0.93,-0.5072778938433826,-0.8734363375580885,-1.380714231401471
10,0.931,-0.5020890860399532,-0.8765866914937335,-1.3786757775336866
10,0.932,-0.49686914348638134,-0.8797427166335829,-1.3766118601199642
10,0.933,-0.49161764218474086,-0.8829044129776371,-1.374522055162378
10,0.934,-0.48633414540530767,-0.8860717805258959,-1.3724059259312036
10,0.935,-0.48101820310799637,-0.889244819278359,-1.3702630223863554
10,0.936,-0.4756693513281835,-0.892423529235027,-1.3680928805632104
10,0.937,-0.4702871115241375,-0.8956079103958994,-1.365895021920037
10,0.938,-0.46487098988300557,-0.898797962760976,-1.3636689526439816
10,0.939,-0.45942047658201274,-0.9019936863302576,-1.3614141629122702
10,0.94,-0.45393504500120907,-0.9051950811037438,-1.3591301261049529
10,0.941,-0.44841415088371506,-0.9084021470814345,-1.3568162979651497
10,0.942,-0.4428572314390218,-0.91161488426333,-1.3544721157023518
10,0.943,-0.43726370438443485,-0.9148332926494299,-1.3520969970338648
10,0.944,-0.43163296691923236,-0.9180573722397344,-1.3496903391589667
10,0.945,-0.42596439462552876,-0.9212871230342435,-1.3472515176597724
10,0.946,-0.42025734028917905,-0.9245225450329572,-1.3447798853221362
10,0.947,-0.4145111326333173,-0.9277636382358754,-1.3422747708691927
10,0.948,-0.4087250749562846,-0.9310104026429982,-1.3397354775992827
10,0.949,-0.40289844366475003,-0.9342628382543255,-1.3371612819190757
10,0.95,-0.39703048669174534,-0.9375209450698576,-1.334551431761603
10,0.951,-0.3911204217881006,-0.9407847230895943,-1.3319051448776948
10,0.952,-0.38516743467435727,-0.9440541723135355,-1.3292216069878928
10,0.953,-0.3791706770386196,-0.9473292927416811,-1.3264999697803006
10,0.954,-0.37312926436394694,-0.9506100843740315,-1.3237393487379785
10,0.955,-0.3670422735667508,-0.9538965472105864,-1.3209388207773372
10,0.956,-0.3609087404251881,-0.9571886812513458,-1.318097421676534
10,0.957,-0.3547276567736735,-0.96048648649631,-1.3152141432699835
10,0.958,-0.34849796743630257,-0.9637899629454785,-1.312287930381781
10,0.959,-0.3422185668680866,-0.9670991105988518,-1.3093176774669384
10,0.96,-0.3358882954683461,-0.9704139294564297,-1.3063022249247758
10,0.961,-0.32950593552525975,-0.9737344195182122,-1.303240355043472
10,0.962,-0.3230702067442497,-0.9770605807841989,-1.3001307875284485
10,0.963,-0.3165797613054119,-0.9803924132543904,-1.2969721745598024
10,0.964,-0.31003317838630245,-0.9837299169287868,-1.2937630953150892
10,0.965,-0.3034289580757725,-0.9870730918073874,-1.2905020498831599
10,0.966,-0.29676551459179057,-0.9904219378901927,-1.2871874524819833
10,0.967,-0.29004116870081537,-0.9937764551772026,-1.283817623878018
10,0.968,-0.2832541392176387,-0.9971366436684171,-1.280390782886056
10,0.969,-0.27640253344189025,-1.0005025033638362,-1.2769050368057264
10,0.97,-0.26948433635953367,-1.0038740342634598,-1.2733583706229934
10,0.971,-0.2624973984033058,-1.007251236367288,-1.269748634770594
10,0.972,-0.2554394215233693,-1.0106341096753209,-1.2660735311986901
10,0.973,-0.24830794326607467,-1.014022654187558,-1.2623305974536327
10,0.974,-0.24110031849149882,-1.017416869904,-1.2585171883954989
10,0.975,-0.23381369827506224,-1.0208167568246467,-1.254630455099709
10,0.976,-0.22644500542921633,-1.0242223149494978,-1.2506673203787142
10,0.977,-0.21899090593993586,-1.0276335442785534,-1.2466244502184893
10,0.978,-0.21144777542840565,-1.0310504448118136,-1.2424982202402193
10,0.979,-0.20381165950515118,-1.0344730165492786,-1.2382846760544297
10,0.98,-0.1960782265594641,-1.037901259490948,-1.233979486050412
10,0.981,-0.18824271108870713,-1.0413351736368222,-1.2295778847255292
10,0.982,-0.18029984507184127,-1.0447747589869008,-1.225074604058742
10,0.983,-0.17224377405703345,-1.0482200155411838,-1.2204637895982173
10,0.984,-0.16406795345376649,-1.0516709432996714,-1.215738896753438
10,0.985,-0.15576501882219282,-1.0551275422623638,-1.2108925610845567
10,0.986,-0.14732662145864994,-1.0585898124292608,-1.2059164338879107
10,0.987,-0.13874321682858162,-1.0620577538003624,-1.200800970628944
10,0.988,-0.1300037876195754,-1.0655313663756683,-1.1955351539952437
10,0.989,-0.12109547401298548,-1.069010650155179,-1.1901061241681645
10,0.99,-0.11200306870969477,-1.0724956051388945,-1.1844986738485892
10,0.991,-0.10270830853018603,-1.0759862313268143,-1.1786945398570003
10,0.992,-0.09318884844420919,-1.0794825287189387,-1.1726713771631478
10,0.993,-0.083416717083787,-1.0829844973152676,-1.1664012143990545
10,0.994,-0.07335587750026831,-1.0864921371158012,-1.1598480146160695
10,0.995,-0.06295813189433352,-1.0900054481205395,-1.152963580014873
10,0.996,-0.052155665966795335,-1.0935244303294822,-1.1456800962962777
10,0.997,-0.04084584892835985,-1.0970490837426294,-1.1378949326709893
10,0.998,-0.02885442972435225,-1.1005794083599814,-1.1294338380843336
10,0.999,-0.015814510224464187,-1.1041154041815378,-1.119929914406002
10,1,0,-1.1076570712072988,-1.1076570712072988
