source_bucket	source_root	path	name	size	mtime	relevance_tags	sha256
documents_primary	/home/eirikr/Documents	/home/eirikr/Documents/1_SedenionsXOR_Convo.md	1_SedenionsXOR_Convo.md	361993	1770592915	sedenion	42a216a9da29ba6a9cd9f36816226a0d75747d6b7bc2fd9f0c682dd828a94e75
documents_primary	/home/eirikr/Documents	/home/eirikr/Documents/E10 Billiards, Octonion Locality, and Zero‑Divisor Skies.pdf	E10 Billiards, Octonion Locality, and Zero‑Divisor Skies.pdf	87740	1770591184	octonion	2661360e23beb62326a949f90e471f2de1106e84d3aeb3d87c4fb91bc5b0fb91
documents_primary	/home/eirikr/Documents	/home/eirikr/Documents/1_CAYLEYDICKSON_AND_MORE/gwtc3_2021_arxiv2111.03606.txt	gwtc3_2021_arxiv2111.03606.txt	472075	1769622662	cayley	d31c89cc6111a229a213992e5aa923cb72af5e34004f347a023b364bd2abf453
documents_primary	/home/eirikr/Documents	/home/eirikr/Documents/1_CAYLEYDICKSON_AND_MORE/arxiv_1512.06431_jafferis_lewkowycz_maldacena_suh_2016_jlms.txt	arxiv_1512.06431_jafferis_lewkowycz_maldacena_suh_2016_jlms.txt	62797	1769973533	cayley	133522cff93ff862bd4e32124cef389f72687af9bdd0fe48c3b554964429b040
documents_primary	/home/eirikr/Documents	/home/eirikr/Documents/1_CAYLEYDICKSON_AND_MORE/arxiv_2411.13258_arleo_falmagne_2024_nene_predictions.pdf	arxiv_2411.13258_arleo_falmagne_2024_nene_predictions.pdf	404058	1770501007	cayley	b9f0db61ad9cc06ccabcdcdfb0a8cee407b2e282f1116c4b1658ed376d015b03
documents_primary	/home/eirikr/Documents	/home/eirikr/Documents/1_CAYLEYDICKSON_AND_MORE/arxiv_2601.23279v1_ahmadiniaz_2026_photon_graviton_mixing.txt	arxiv_2601.23279v1_ahmadiniaz_2026_photon_graviton_mixing.txt	65284	1770056582	cayley	b3f9b2dd5a066a6a9cb07fa538ca7b9a4a8e0f46d13306dfd4ba2623316a42ba
documents_primary	/home/eirikr/Documents	/home/eirikr/Documents/1_CAYLEYDICKSON_AND_MORE/Rodal_2025_Metamaterial_Gravity.txt	Rodal_2025_Metamaterial_Gravity.txt	38030	1769893371	cayley	8535a0abc7fbb4899783a907a912547e1d6d3109d7dddf3ccb88b361227532df
documents_primary	/home/eirikr/Documents	/home/eirikr/Documents/1_CAYLEYDICKSON_AND_MORE/sagave_2009_0711.4499v3_dg_algebras_derived_ainfty.pdf	sagave_2009_0711.4499v3_dg_algebras_derived_ainfty.pdf	388574	1769626944	cayley	c4db8b800578a1ed1ed49a53a732eb3c2b221722ddea6ce3f584f37cae2cb155
documents_primary	/home/eirikr/Documents	/home/eirikr/Documents/1_CAYLEYDICKSON_AND_MORE/vidal_2005_cond-mat0512165_entanglement_renormalization.pdf	vidal_2005_cond-mat0512165_entanglement_renormalization.pdf	263673	1769629965	cayley	e1fdcd321a9a368e7851d144bc6c651b31796eceb738492efe82ec167e6983f4
documents_primary	/home/eirikr/Documents	/home/eirikr/Documents/1_CAYLEYDICKSON_AND_MORE/arxiv_gr-qc9702026_pfenning_ford_1997_quantum_inequality_restrictions.pdf	arxiv_gr-qc9702026_pfenning_ford_1997_quantum_inequality_restrictions.pdf	142740	1770500982	cayley	c77ede864c527c7773507e73dabc0054b8c7220ba3f1fb96caba50d90ceb1207
documents_primary	/home/eirikr/Documents	/home/eirikr/Documents/1_CAYLEYDICKSON_AND_MORE/Lorentzian_Threads_2025.txt	Lorentzian_Threads_2025.txt	88813	1769893371	cayley	6554a5c04ec85b72a0e39c05d0ab0fbe8a60d4f77a51a1811a7ba9465a024462
documents_primary	/home/eirikr/Documents	/home/eirikr/Documents/1_CAYLEYDICKSON_AND_MORE/arxiv_gr-qc9410014_barbero_1994_real_ashtekar_variables.txt	arxiv_gr-qc9410014_barbero_1994_real_ashtekar_variables.txt	18121	1770082548	cayley	350279c142d71e7a5ff53433aee03cfde5b414fef552b1601d62384f147e9420
documents_primary	/home/eirikr/Documents	/home/eirikr/Documents/1_CAYLEYDICKSON_AND_MORE/stinga_torrea_2010_0910.2569v2_extension_harnack_fractional_operators.txt	stinga_torrea_2010_0910.2569v2_extension_harnack_fractional_operators.txt	62348	1769626668	cayley	cbb78fa65f55f3602eeb38fbff870f1c1920d06ce36018dcd2fe75a08f96ee66
documents_primary	/home/eirikr/Documents	/home/eirikr/Documents/1_CAYLEYDICKSON_AND_MORE/des_y6_cosmology_2601.14559.pdf	des_y6_cosmology_2601.14559.pdf	4832597	1769983418	cayley	bced63f554eccba48005f47ad570d0b41399805084ecfb1d6865e070f2b27031
documents_primary	/home/eirikr/Documents	/home/eirikr/Documents/1_CAYLEYDICKSON_AND_MORE/arxiv_hep-th9606001_chamseddine_connes_1996_spectral_action_principle.txt	arxiv_hep-th9606001_chamseddine_connes_1996_spectral_action_principle.txt	66551	1769974125	cayley	06732f6d4fb484a027b91bcd7a740ba4a185d3ace20bee26f2cd4ec48bed59c4
documents_primary	/home/eirikr/Documents	/home/eirikr/Documents/1_CAYLEYDICKSON_AND_MORE/arxiv_1005.3035_van_raamsdonk_2010_building_spacetime.pdf	arxiv_1005.3035_van_raamsdonk_2010_building_spacetime.pdf	108620	1769973532	cayley	3b96c5632dfc5fb5d19d2a6ffc0ce0ace07ca184965c96238182b96a99f6bfd4
documents_primary	/home/eirikr/Documents	/home/eirikr/Documents/1_CAYLEYDICKSON_AND_MORE/universal_entanglement_correction_2405.10230.txt	universal_entanglement_correction_2405.10230.txt	36069	1769983430	cayley	51108726d2d71a23f860c760235ce85ff150661cc12c99c2ed2efa22fbe636ae
documents_primary	/home/eirikr/Documents	/home/eirikr/Documents/1_CAYLEYDICKSON_AND_MORE/arxiv_1005.1891_gross_vitells_2010_look_elsewhere_effect.txt	arxiv_1005.1891_gross_vitells_2010_look_elsewhere_effect.txt	33401	1769995566	cayley	cad96d88cffe6154659cfb30b482ccba3340d20e5b20d779f7d89bd72e85f82d
documents_primary	/home/eirikr/Documents	/home/eirikr/Documents/1_CAYLEYDICKSON_AND_MORE/di_nezza_palatucci_valdinoci_2011_1104.4345v3_fractional_sobolev_hitchhiker.pdf	di_nezza_palatucci_valdinoci_2011_1104.4345v3_fractional_sobolev_hitchhiker.pdf	589012	1769626659	cayley	9c766906f32852c89caf6b9aec08fd3d6ef134bee939e3bd70046b1b20da5c32
documents_primary	/home/eirikr/Documents	/home/eirikr/Documents/1_CAYLEYDICKSON_AND_MORE/arxiv_2509.19430_pablos_takacs_2025_alpha_clustering_geometry.txt	arxiv_2509.19430_pablos_takacs_2025_alpha_clustering_geometry.txt	61402	1770501065	cayley	7709f65a840cf7060bede25c2193e95e5393959e7a8f840d7d5c9f56b5b67687
documents_primary	/home/eirikr/Documents	/home/eirikr/Documents/1_CAYLEYDICKSON_AND_MORE/arxiv_gr-qc9712019_carroll_1997_lecture_notes_general_relativity.txt	arxiv_gr-qc9712019_carroll_1997_lecture_notes_general_relativity.txt	499074	1770091073	cayley	9e90e8a0609758a16c2c25fba6b7c1beb2c6d25ffffbc12d9a64c81d83b0687c
documents_primary	/home/eirikr/Documents	/home/eirikr/Documents/1_CAYLEYDICKSON_AND_MORE/arxiv_1502.05293_chanyal_2015_octonionic_gravi_electromagnetism_dark_matter.txt	arxiv_1502.05293_chanyal_2015_octonionic_gravi_electromagnetism_dark_matter.txt	42992	1770104152	octonion	9a99ec1a9981d05748754312f3b8007dcf36e7584e4e248dcff4c1965feef36b
documents_primary	/home/eirikr/Documents	/home/eirikr/Documents/1_CAYLEYDICKSON_AND_MORE/Pathions3.pdf	Pathions3.pdf	7374006	1770582607	cayley	9e099c71a2a3f11f6feb10312cf53d8f76db05316dd4c77ee963d12a234fd3b3
documents_primary	/home/eirikr/Documents	/home/eirikr/Documents/1_CAYLEYDICKSON_AND_MORE/arxiv_1609.00026_freedman_headrick_2016_bit_threads.pdf	arxiv_1609.00026_freedman_headrick_2016_bit_threads.pdf	1014315	1769973533	cayley	98a0efccd5ed3f3adc523445ebb82a248793268bd9114a9b56d84b62b2373362
documents_primary	/home/eirikr/Documents	/home/eirikr/Documents/1_CAYLEYDICKSON_AND_MORE/reggiani_2024_2411.18881.pdf	reggiani_2024_2411.18881.pdf	226232	1769534644	cayley	12b3e6adcc432f2590b6883624778830e988a96dfb4a337f8ef5f5b5290e9d18
documents_primary	/home/eirikr/Documents	/home/eirikr/Documents/1_CAYLEYDICKSON_AND_MORE/arxiv_physics0111203_smith_et_al_2002_effective_eps_mu_from_rt.pdf	arxiv_physics0111203_smith_et_al_2002_effective_eps_mu_from_rt.pdf	179816	1628673366	cayley	622ba15ba37273bf1e02db1d62578651e99df06dc8d6a476f3ce31218127754c
documents_primary	/home/eirikr/Documents	/home/eirikr/Documents/1_CAYLEYDICKSON_AND_MORE/ligo_webinar_gwtc3_population_o3_G2102458.pdf	ligo_webinar_gwtc3_population_o3_G2102458.pdf	7442430	1769629130	cayley	f23ef101d0eaf5a665d2c9c76d2a890967ab64e4a1d60e76cc75a331958b5bdc
documents_primary	/home/eirikr/Documents	/home/eirikr/Documents/1_CAYLEYDICKSON_AND_MORE/arxiv_1710.05993_chruscinski_pascazio_2017_brief_history_gkls_equation.pdf	arxiv_1710.05993_chruscinski_pascazio_2017_brief_history_gkls_equation.pdf	596143	1674415967	cayley	cbe7e0805bc8ff98f5bca11681c2651854d9c814abb8da5b29f6c4a11d370a2e
documents_primary	/home/eirikr/Documents	/home/eirikr/Documents/1_CAYLEYDICKSON_AND_MORE/stinga_torrea_2010_0910.2569v2_extension_harnack_fractional_operators.pdf	stinga_torrea_2010_0910.2569v2_extension_harnack_fractional_operators.pdf	362590	1769626658	cayley	8790df99f4cc825c004341ccdeedbc3872b280c77f8dcc14b7da0c47c0ddd029
documents_primary	/home/eirikr/Documents	/home/eirikr/Documents/1_CAYLEYDICKSON_AND_MORE/researchsquare_2023_rs-3109229_metamaterial_perfect_absorber.txt	researchsquare_2023_rs-3109229_metamaterial_perfect_absorber.txt	33580	1769637165	cayley	794812db1e2856dc9674a8755bb2213f4896d2356d3e3308c2297af47ab7f624
documents_primary	/home/eirikr/Documents	/home/eirikr/Documents/1_CAYLEYDICKSON_AND_MORE/arxiv_2505.11747v2_structure_cayley_dickson.pdf	arxiv_2505.11747v2_structure_cayley_dickson.pdf	369591	1769647696	cayley,dickson	815b797e690def4bd889ea30b17ecd715f3009ed60526a76ea9fd92f45aab7e2
documents_primary	/home/eirikr/Documents	/home/eirikr/Documents/1_CAYLEYDICKSON_AND_MORE/arxiv_2601.18433v1_clifford_split_octonion_conformal_space.pdf	arxiv_2601.18433v1_clifford_split_octonion_conformal_space.pdf	2472812	1769647697	octonion	74111b6e4be468583efae99f8700c5f5427b50fd46e41945dd90a84175809289
documents_primary	/home/eirikr/Documents	/home/eirikr/Documents/1_CAYLEYDICKSON_AND_MORE/arxiv_hep-th9603053_connes_1996_gravity_coupled_with_matter.pdf	arxiv_hep-th9603053_connes_1996_gravity_coupled_with_matter.pdf	223353	1769974124	cayley	5fbca853f9f9d5de248fe3027958f547b1026dd65c8e44115c16e991be1dd7d0
documents_primary	/home/eirikr/Documents	/home/eirikr/Documents/1_CAYLEYDICKSON_AND_MORE/dragovich_padic_math_physics_review_1705.04758.txt	dragovich_padic_math_physics_review_1705.04758.txt	133970	1769983429	cayley	d3f5be2d7b33461065b0abaf3db48264b174a5392797a67bf96c51b266163b39
documents_primary	/home/eirikr/Documents	/home/eirikr/Documents/1_CAYLEYDICKSON_AND_MORE/arxiv_2111.03606_abbott_et_al_2021_gwtc3_compact_binary_coalescences.txt	arxiv_2111.03606_abbott_et_al_2021_gwtc3_compact_binary_coalescences.txt	820450	1769995567	cayley	27516c439e165d278768e7c74a5fee2849dbc1a9ccef5b66751f8bd95dcd9402
documents_primary	/home/eirikr/Documents	/home/eirikr/Documents/1_CAYLEYDICKSON_AND_MORE/universal_entanglement_correction_2405.10230.pdf	universal_entanglement_correction_2405.10230.pdf	896582	1769983418	cayley	88632c1e4f510da5441b4dbb6b0d64d4f47fdb99f948c729da1d80bd8fafa9dc
documents_primary	/home/eirikr/Documents	/home/eirikr/Documents/1_CAYLEYDICKSON_AND_MORE/arxiv_math0105155_baez_2002_octonions.pdf	arxiv_math0105155_baez_2002_octonions.pdf	526062	1732927370	octonion	f8087fb91b10cdbee2157e8eec8c33ac6b918b0de2c8c1fd16b4d8183f0868cc
documents_primary	/home/eirikr/Documents	/home/eirikr/Documents/1_CAYLEYDICKSON_AND_MORE/arxiv_1601.05416_dong_harlow_wall_2016_entanglement_wedge_reconstruction.pdf	arxiv_1601.05416_dong_harlow_wall_2016_entanglement_wedge_reconstruction.pdf	421836	1674262080	cayley	0e005ea46b67299bcb5169a1861c8e93f52529b9e7e6b4028c138ee9654cadd2
documents_primary	/home/eirikr/Documents	/home/eirikr/Documents/1_CAYLEYDICKSON_AND_MORE/arxiv_gr-qc0306060_larranaga_2003_introduction_to_bosonic_string_theory.pdf	arxiv_gr-qc0306060_larranaga_2003_introduction_to_bosonic_string_theory.pdf	222411	1674071617	cayley	628bf2d787097a32c1991a6192e255b0092e689bafa8b0495d7cc96a2bb9ef30
documents_primary	/home/eirikr/Documents	/home/eirikr/Documents/1_CAYLEYDICKSON_AND_MORE/arxiv_1005.1891_gross_vitells_2010_look_elsewhere_effect.pdf	arxiv_1005.1891_gross_vitells_2010_look_elsewhere_effect.pdf	235923	1769995560	cayley	edd8948d1fbba4b7082ffe63c5846474bdb4a51a3a09cca122ba53d7eb786fd3
documents_primary	/home/eirikr/Documents	/home/eirikr/Documents/1_CAYLEYDICKSON_AND_MORE/arxiv_2102.06824_bobrick_martire_2021_introducing_physical_warp_drives.txt	arxiv_2102.06824_bobrick_martire_2021_introducing_physical_warp_drives.txt	75773	1770046914	cayley	99283b35e141706741b3458373688a96323ad07fab08fc9dcaa6bfb99a05d3c9
documents_primary	/home/eirikr/Documents	/home/eirikr/Documents/1_CAYLEYDICKSON_AND_MORE/kaviraj_2021_jhep03_219_parisi_sourlas_rg.pdf	kaviraj_2021_jhep03_219_parisi_sourlas_rg.pdf	1742744	1769650632	cayley	09f160ab48b697215569fde3e16ab882addcc409da4725b6e77bdcfcb0bfaae4
documents_primary	/home/eirikr/Documents	/home/eirikr/Documents/1_CAYLEYDICKSON_AND_MORE/arxiv_hep-th9606001_chamseddine_connes_1996_spectral_action_principle.pdf	arxiv_hep-th9606001_chamseddine_connes_1996_spectral_action_principle.pdf	196251	1769974125	cayley	2c5cdd1bd8da1dcc65d90cb2d28d17e8d4cddd9697af1eb7387128f15d47b756
documents_primary	/home/eirikr/Documents	/home/eirikr/Documents/1_CAYLEYDICKSON_AND_MORE/moreno_2005_math0512517_zero_divisors_2n_ions.pdf	moreno_2005_math0512517_zero_divisors_2n_ions.pdf	179042	1770581579	cayley	32fe067046f230b7b8f1f30fef9411170ea9223b68ec31de4bc27b61cc73d129
documents_primary	/home/eirikr/Documents	/home/eirikr/Documents/1_CAYLEYDICKSON_AND_MORE/de_marrais_2007_math0703745_placeholder_substructures_III.pdf	de_marrais_2007_math0703745_placeholder_substructures_III.pdf	150837	1770581579	cayley	56a6662680ef99beaae71abbdffbf55895f3b74184806075cb4cc9e640539cca
documents_primary	/home/eirikr/Documents	/home/eirikr/Documents/1_CAYLEYDICKSON_AND_MORE/carlstrom_2001_wheels_report.txt	carlstrom_2001_wheels_report.txt	110315	1769622661	cayley	6e3776422448e5b08ceecfa45de77d61e24829ff9bef8a49dd1a936302ab6444
documents_primary	/home/eirikr/Documents	/home/eirikr/Documents/1_CAYLEYDICKSON_AND_MORE/arxiv_hep-th0603001_ryu_takayanagi_2006_rt.txt	arxiv_hep-th0603001_ryu_takayanagi_2006_rt.txt	41813	1769973531	cayley	e869fbfb97def4b2a5d3ef5bb024dac5171e543482ca8bd327209926300400b6
documents_primary	/home/eirikr/Documents	/home/eirikr/Documents/1_CAYLEYDICKSON_AND_MORE/arxiv_1507.01968_thas_2015_isospectral_drums_simple_groups.txt	arxiv_1507.01968_thas_2015_isospectral_drums_simple_groups.txt	88425	1769981023	cayley	e2b9ffca9190304d8e043a1ad94482e0091d2cffac15249edf7b833cb2c667e2
documents_primary	/home/eirikr/Documents	/home/eirikr/Documents/1_CAYLEYDICKSON_AND_MORE/arxiv_hep-th9603053_connes_1996_gravity_coupled_with_matter.txt	arxiv_hep-th9603053_connes_1996_gravity_coupled_with_matter.txt	67564	1769974124	cayley	34be3bbd903b7725e7686450053cbf5155918c03eb40576b2d83aff3eaade0bf
documents_primary	/home/eirikr/Documents	/home/eirikr/Documents/1_CAYLEYDICKSON_AND_MORE/sutton_barto_2020_rl_intro.pdf	sutton_barto_2020_rl_intro.pdf	73129769	1769649394	cayley	2dd0d71d9ee883fbeb99f9b888c65ac3255fae2512203d11b18e838befffe9a6
documents_primary	/home/eirikr/Documents	/home/eirikr/Documents/1_CAYLEYDICKSON_AND_MORE/dfs_content.txt	dfs_content.txt	105462	1770018192	cayley	fe660bf6a8d80ec57eac7fd051996c2f1f8fbc083803bcb21f57fcdd6e17b0bb
documents_primary	/home/eirikr/Documents	/home/eirikr/Documents/1_CAYLEYDICKSON_AND_MORE/arxiv_2601.19734v1_clifford_invariant_unification.pdf	arxiv_2601.19734v1_clifford_invariant_unification.pdf	428362	1769647697	cayley	c96b2c2e20303e3e1d3a59431e2f6eddbaf3b8642364b60f6da3f6e0589b37a9
documents_primary	/home/eirikr/Documents	/home/eirikr/Documents/1_CAYLEYDICKSON_AND_MORE/arxiv_physics0111203_smith_et_al_2002_effective_eps_mu_from_rt.txt	arxiv_physics0111203_smith_et_al_2002_effective_eps_mu_from_rt.txt	32508	1770119321	cayley	971fc078c0c9cfb71c69dfbaa1f4032e1e756d9d539046580d747e5c999baae1
documents_primary	/home/eirikr/Documents	/home/eirikr/Documents/1_CAYLEYDICKSON_AND_MORE/arxiv_gr-qc9701052_immirzi_1997_quantum_gravity_and_regge_calculus.pdf	arxiv_gr-qc9701052_immirzi_1997_quantum_gravity_and_regge_calculus.pdf	147553	1732931151	cayley	c8478eb3557415aa007c12cd7bf5c0c1e3892bf7ad1bc5baec1b118051b66b45
documents_primary	/home/eirikr/Documents	/home/eirikr/Documents/1_CAYLEYDICKSON_AND_MORE/arxiv_hep-th0505113_ambjorn_jurkiewicz_loll_2005_spectral_dimension_universe.pdf	arxiv_hep-th0505113_ambjorn_jurkiewicz_loll_2005_spectral_dimension_universe.pdf	136521	1732929003	cayley	66111197414ccb8f3fb8dbaaac8355084c49aa7d1f6879092bd16ad76744f00b
documents_primary	/home/eirikr/Documents	/home/eirikr/Documents/1_CAYLEYDICKSON_AND_MORE/CSC_KTH_Ray_Tracing.pdf	CSC_KTH_Ray_Tracing.pdf	113097	1770179838	cayley	88ab42e11b11054e8f6a96281028dac7240de9bf0a735c8139e6d2b71e7f6709
documents_primary	/home/eirikr/Documents	/home/eirikr/Documents/1_CAYLEYDICKSON_AND_MORE/pastawski_yoshida_harlow_preskill_2015_1503.06237_happy_code.txt	pastawski_yoshida_harlow_preskill_2015_1503.06237_happy_code.txt	180777	1769630015	cayley	80d348b80fed2777b51532bb05de842c2f6c65ef1a22088602fa9597896c65d6
documents_primary	/home/eirikr/Documents	/home/eirikr/Documents/1_CAYLEYDICKSON_AND_MORE/arxiv_hep-th9711200_maldacena_1997_ads_cft.txt	arxiv_hep-th9711200_maldacena_1997_ads_cft.txt	61504	1769981028	cayley	3e9162ac5bf3c91f821ff38a4e182c145a86feb7381c1469becf5db7d60f8b80
documents_primary	/home/eirikr/Documents	/home/eirikr/Documents/1_CAYLEYDICKSON_AND_MORE/arxiv_hep-th0508202_lauscher_reuter_2005_fractal_spacetime_structure_asymptotic_safety.pdf	arxiv_hep-th0508202_lauscher_reuter_2005_fractal_spacetime_structure_asymptotic_safety.pdf	184037	1732929224	cayley	77d6ba4c3af9e5cfb89584ab83e8dffc07fd3bcc392509241a490ff6ee9d83a7
documents_primary	/home/eirikr/Documents	/home/eirikr/Documents/1_CAYLEYDICKSON_AND_MORE/desi_dr2_lya_bao_2503.14739.txt	desi_dr2_lya_bao_2503.14739.txt	124936	1769983429	cayley	8a45da241d7b091c8fca23440613aacf859aa5fa99055a5c52d50d27292d0aa5
documents_primary	/home/eirikr/Documents	/home/eirikr/Documents/1_CAYLEYDICKSON_AND_MORE/arxiv_2006.07125_lentz_2021_breaking_the_warp_barrier.pdf	arxiv_2006.07125_lentz_2021_breaking_the_warp_barrier.pdf	5801454	1674451700	cayley	12e765d1897467e78a158e520405fb0ed2c54f9a73e979fd3e2f002da0dfad8b
documents_primary	/home/eirikr/Documents	/home/eirikr/Documents/1_CAYLEYDICKSON_AND_MORE/abdi_2007_bonferroni_sidak_corrections.pdf	abdi_2007_bonferroni_sidak_corrections.pdf	72811	1152916045	cayley	243227b8fc609e69791bff6909b1bd18a9b160110202ec4c6c4517d3ce6c951c
documents_primary	/home/eirikr/Documents	/home/eirikr/Documents/1_CAYLEYDICKSON_AND_MORE/arxiv_hep-th9310026_thooft_1993_dimensional_reduction_qg.pdf	arxiv_hep-th9310026_thooft_1993_dimensional_reduction_qg.pdf	350359	1769981029	cayley	2d8055bc9173a66100787ca229a0da7e218f1bf8db393f74d221912609901006
documents_primary	/home/eirikr/Documents	/home/eirikr/Documents/1_CAYLEYDICKSON_AND_MORE/evenbly_vidal_tnr_1412.0732.txt	evenbly_vidal_tnr_1412.0732.txt	56791	1769983429	cayley	152f073d0ace91eb6d9411c400469c8838ac70428335dee123b64a9827315611
documents_primary	/home/eirikr/Documents	/home/eirikr/Documents/1_CAYLEYDICKSON_AND_MORE/Rodal_2025_Metamaterial_Gravity.pdf	Rodal_2025_Metamaterial_Gravity.pdf	378440	1769893371	cayley	204c4fcb88bfcb3fc1a52efe720d9e608fa4ff8588c88b83b5af3f84c6f91253
documents_primary	/home/eirikr/Documents	/home/eirikr/Documents/1_CAYLEYDICKSON_AND_MORE/Pozar_2005_Microwave_Engineering_Transitions.txt	Pozar_2005_Microwave_Engineering_Transitions.txt	48714	1769894272	cayley	61fbacdac83f1e514214c4f17b50035bb32488eadf12438eb567b57580676abc
documents_primary	/home/eirikr/Documents	/home/eirikr/Documents/1_CAYLEYDICKSON_AND_MORE/arxiv_hep-th0504052_nojiri_odintsov_sasaki_2005_gauss_bonnet_dark_energy.txt	arxiv_hep-th0504052_nojiri_odintsov_sasaki_2005_gauss_bonnet_dark_energy.txt	24249	1770082600	cayley	f86488ff468f43af682cb7ac16c8e8924861c37fdac97eeda98d84c967db37e7
documents_primary	/home/eirikr/Documents	/home/eirikr/Documents/1_CAYLEYDICKSON_AND_MORE/arxiv_gr-qc0209036_fewster_roman_2003_null_energy_condition.txt	arxiv_gr-qc0209036_fewster_roman_2003_null_energy_condition.txt	45587	1770500998	cayley	c2d42cc454480e9c2101750f832970147f87d78c42a2d640f114e180af62cc26
documents_primary	/home/eirikr/Documents	/home/eirikr/Documents/1_CAYLEYDICKSON_AND_MORE/t_hooft_veltman_1972_dimreg.txt	t_hooft_veltman_1972_dimreg.txt	25	1769638654	cayley	c30b0131124bde0ba2adde1d09c45eb953842cb9b556b82629a85c81db9652d6
documents_primary	/home/eirikr/Documents	/home/eirikr/Documents/1_CAYLEYDICKSON_AND_MORE/nosek_et_al_2018_preregistration_revolution_osf_2dxu5.txt	nosek_et_al_2018_preregistration_revolution_osf_2dxu5.txt	58409	1770010991	cayley	3b8af6cdf17634375de8ae876c720d782ee83d8ee4f1aa23dc52c42d5ebcde3d
documents_primary	/home/eirikr/Documents	/home/eirikr/Documents/1_CAYLEYDICKSON_AND_MORE/mera_quantum_computer_entanglement_2412.18602.txt	mera_quantum_computer_entanglement_2412.18602.txt	89110	1769983430	cayley	deda1cf80f62309b61addaff92aa90cd9cd080acde8a6f123b185fa8ba38e739
documents_primary	/home/eirikr/Documents	/home/eirikr/Documents/1_CAYLEYDICKSON_AND_MORE/CMS_TOP-22-007.pdf	CMS_TOP-22-007.pdf	2169479	1769893366	cayley	8363a41a1c8359b0058230858815c65d2a7c1a00db4ce3852133782b58337b11
documents_primary	/home/eirikr/Documents	/home/eirikr/Documents/1_CAYLEYDICKSON_AND_MORE/chong_2010_cpa_arxiv_1003.4968.pdf	chong_2010_cpa_arxiv_1003.4968.pdf	598926	1769741490	cayley	2aee24f71078be4a779f9a3caf1c433ec9e066f8365ddea84c6bd95b9d0adeb3
documents_primary	/home/eirikr/Documents	/home/eirikr/Documents/1_CAYLEYDICKSON_AND_MORE/de_marrais_2007_07040026_catamaran_sails.pdf	de_marrais_2007_07040026_catamaran_sails.pdf	201711	1770581579	cayley	64c8d447564c3d066471bb9352e33fd6a05d5215918a044a1db25fbe70a604f1
documents_primary	/home/eirikr/Documents	/home/eirikr/Documents/1_CAYLEYDICKSON_AND_MORE/arxiv_quant-ph0301032_lidar_whaley_2003_decoherence_free_subspaces.txt	arxiv_quant-ph0301032_lidar_whaley_2003_decoherence_free_subspaces.txt	121406	1770007989	cayley	a72ec6fd2386b689786708ca6622e37c3464035e52ce11eb61bb7b668a64e4a4
documents_primary	/home/eirikr/Documents	/home/eirikr/Documents/1_CAYLEYDICKSON_AND_MORE/arxiv_0810.2088_connes_2008_spectral_characterization_manifolds.txt	arxiv_0810.2088_connes_2008_spectral_characterization_manifolds.txt	209441	1769974125	cayley	417888d9d5cdc1ff52a969d7c00dbcf12412f6f4dd0656aed69ab631cc0de23c
documents_primary	/home/eirikr/Documents	/home/eirikr/Documents/1_CAYLEYDICKSON_AND_MORE/calabrese_cardy_2004_hep-th0405152_entanglement_entropy_qft.txt	calabrese_cardy_2004_hep-th0405152_entanglement_entropy_qft.txt	99058	1769630015	cayley	1ecd52059ad19bff1ff605c839285ff291f6a3074829c993559bf6c2d6dfd8fa
documents_primary	/home/eirikr/Documents	/home/eirikr/Documents/1_CAYLEYDICKSON_AND_MORE/arxiv_2006.12611_abbott_et_al_2020_gw190814_mass_gap.pdf	arxiv_2006.12611_abbott_et_al_2020_gw190814_mass_gap.pdf	4377907	1674452276	cayley	1844a0eb939671c93f994c69db53edf34713505a82f0cd39006e46ea2298b435
documents_primary	/home/eirikr/Documents	/home/eirikr/Documents/1_CAYLEYDICKSON_AND_MORE/arxiv_2103.07933_woosley_heger_2021_pair_instability_mass_gap.txt	arxiv_2103.07933_woosley_heger_2021_pair_instability_mass_gap.txt	120532	1769995567	cayley	01a01948a293bc7011d5c3317be9ab61253a409ec2048ddf9709688918e0c432
documents_primary	/home/eirikr/Documents	/home/eirikr/Documents/1_CAYLEYDICKSON_AND_MORE/arxiv_nlin0105068_okada_shudo_2001_isospectrality_iso_length_spectrality.txt	arxiv_nlin0105068_okada_shudo_2001_isospectrality_iso_length_spectrality.txt	37412	1769981022	cayley	ba320847a0e3c6aae348b7a0e5d6f149552d2dea5d871d9804b65734df615825
documents_primary	/home/eirikr/Documents	/home/eirikr/Documents/1_CAYLEYDICKSON_AND_MORE/arxiv_2111.03606_abbott_et_al_2021_gwtc3_compact_binary_coalescences.pdf	arxiv_2111.03606_abbott_et_al_2021_gwtc3_compact_binary_coalescences.pdf	7324786	1769995562	cayley	8d7401dfae3ffe3d7abc1faa7252bc6423ec0e4784ed7a2e9118d9c18aefed68
documents_primary	/home/eirikr/Documents	/home/eirikr/Documents/1_CAYLEYDICKSON_AND_MORE/arxiv_2601.23137v1_son_chekhova_2026_sfwm_thin_layer.txt	arxiv_2601.23137v1_son_chekhova_2026_sfwm_thin_layer.txt	21079	1770056583	cayley	433009bb523880ab307723c4b8266f697d97dd75355b48fece323c73601e4364
documents_primary	/home/eirikr/Documents	/home/eirikr/Documents/1_CAYLEYDICKSON_AND_MORE/arxiv_2601.23137v1_son_chekhova_2026_sfwm_thin_layer.pdf	arxiv_2601.23137v1_son_chekhova_2026_sfwm_thin_layer.pdf	5515834	1769999259	cayley	25c92caa576a805711fc0050291f8f15977147be927f32b4b8e3ae01112ec8e6
documents_primary	/home/eirikr/Documents	/home/eirikr/Documents/1_CAYLEYDICKSON_AND_MORE/arxiv_0901.1632_dugger_isaksen_2009_motivic_adams_spectral_sequence.pdf	arxiv_0901.1632_dugger_isaksen_2009_motivic_adams_spectral_sequence.pdf	409478	1674028715	cayley	daace87c360fa46f300000fed03c1a92ab4b9ed6227b885f9e32dae0dd5b7f28
documents_primary	/home/eirikr/Documents	/home/eirikr/Documents/1_CAYLEYDICKSON_AND_MORE/arxiv_hep-th0508202_lauscher_reuter_2005_fractal_spacetime_structure_asymptotic_safety.txt	arxiv_hep-th0508202_lauscher_reuter_2005_fractal_spacetime_structure_asymptotic_safety.txt	37531	1770082660	cayley	2685d5d8b036bc99afd2ef17ec1f5a7e127931c85241652a77625f86b59848d4
documents_primary	/home/eirikr/Documents	/home/eirikr/Documents/1_CAYLEYDICKSON_AND_MORE/soton_2025_psl2_7_structure_957754.pdf	soton_2025_psl2_7_structure_957754.pdf	3935180	1769630335	cayley	84722a39e6595c67151aae725ca3e340d0adf2df8bfdfef1da986f53abfc9013
documents_primary	/home/eirikr/Documents	/home/eirikr/Documents/1_CAYLEYDICKSON_AND_MORE/arxiv_1505.01939_van_den_dungen_van_suijlekom_2015_krein_spectral_triples.txt	arxiv_1505.01939_van_den_dungen_van_suijlekom_2015_krein_spectral_triples.txt	81975	1769981022	cayley	30d306db77cd9e816de49eb914e7c6512d7cd3887f9ad87ebb9317c98254b51e
documents_primary	/home/eirikr/Documents	/home/eirikr/Documents/1_CAYLEYDICKSON_AND_MORE/kass_raftery_1995_bayes_factors.pdf	kass_raftery_1995_bayes_factors.pdf	5376776	1066177730	cayley	bb8d4451e98bd76998522018906a8042be809c57bc49fae8151183649da5a42e
documents_primary	/home/eirikr/Documents	/home/eirikr/Documents/1_CAYLEYDICKSON_AND_MORE/entanglement_scaling_continuous_TN_2410.23624.pdf	entanglement_scaling_continuous_TN_2410.23624.pdf	2441226	1769983418	cayley	080764a7f26af949b458b64db97329dd59810f7343d4c5166de1c50374c75961
documents_primary	/home/eirikr/Documents	/home/eirikr/Documents/1_CAYLEYDICKSON_AND_MORE/arxiv_0901.3629_beny_2009_information_flow_qc_boundary.txt	arxiv_0901.3629_beny_2009_information_flow_qc_boundary.txt	365734	1769974127	cayley	5297af83b36415dbf0f81d15f2937d33f5e1b17d4c48682412456395e3d23f40
documents_primary	/home/eirikr/Documents	/home/eirikr/Documents/1_CAYLEYDICKSON_AND_MORE/arxiv_1710.04965_van_den_dungen_2017_lorentz_signature_twisted_spectral_triples.txt	arxiv_1710.04965_van_den_dungen_2017_lorentz_signature_twisted_spectral_triples.txt	64969	1769981022	cayley	aee7a3437cfc43ef6a1cb2e7d9cec9aeb24aacf92306ba0361f00e63415c6199
documents_primary	/home/eirikr/Documents	/home/eirikr/Documents/1_CAYLEYDICKSON_AND_MORE/JHEP_10_2025_079.pdf	JHEP_10_2025_079.pdf	1402586	1769893369	cayley	ad0af34ee506931c061ccb8052a50fcb5a51b7db83ac6372c2d89089e4a85e9e
documents_primary	/home/eirikr/Documents	/home/eirikr/Documents/1_CAYLEYDICKSON_AND_MORE/moreno_2005_math0512516_companion.pdf	moreno_2005_math0512516_companion.pdf	98925	1770581579	cayley	03e277ad675158c7f6ee32d3710a84d522c0bb3836a17d00fb92383ffa8e86a4
documents_primary	/home/eirikr/Documents	/home/eirikr/Documents/1_CAYLEYDICKSON_AND_MORE/arxiv_1502.05293_chanyal_2015_octonionic_gravi_electromagnetism_dark_matter.pdf	arxiv_1502.05293_chanyal_2015_octonionic_gravi_electromagnetism_dark_matter.pdf	236258	1674235912	octonion	c0d09d86fbd11fb5229b8becc1692065c8f99c2ab33178076220758c3f4b2a4e
documents_primary	/home/eirikr/Documents	/home/eirikr/Documents/1_CAYLEYDICKSON_AND_MORE/ruan_fan_2009_tcmt_fano_arxiv_0909.3323.pdf	ruan_fan_2009_tcmt_fano_arxiv_0909.3323.pdf	316457	1769741490	cayley	a355dc5a9358d05e6eeae3475c4722a37fb3d521fa457e6aac474d71a06d5c9a
documents_primary	/home/eirikr/Documents	/home/eirikr/Documents/1_CAYLEYDICKSON_AND_MORE/vanderpol_2020_mdp_homomorphic_networks_neurips.pdf	vanderpol_2020_mdp_homomorphic_networks_neurips.pdf	680494	1769649384	cayley	1b0d077a326e013f891ac9d2e4ac8ab99bb6bd77c23228da10263f8276e1d42c
documents_primary	/home/eirikr/Documents	/home/eirikr/Documents/1_CAYLEYDICKSON_AND_MORE/kozyrev_padic_multidim_wavelets_0612049.txt	kozyrev_padic_multidim_wavelets_0612049.txt	44998	1769983430	cayley	18c88302e1042105befb6824972173bb36e06b570eb2e31cf5883ebc862a957e
documents_primary	/home/eirikr/Documents	/home/eirikr/Documents/1_CAYLEYDICKSON_AND_MORE/ising_ads_tensor_networks_2512.20838.pdf	ising_ads_tensor_networks_2512.20838.pdf	1312267	1769983418	cayley	7ef467fa5988d4e5a43a0fdca59c8421835c419371f0ba0a487b75cd42bb9902
documents_primary	/home/eirikr/Documents	/home/eirikr/Documents/1_CAYLEYDICKSON_AND_MORE/pirsa_08010005_vidal_entanglement_renormalization_talk.pdf	pirsa_08010005_vidal_entanglement_renormalization_talk.pdf	9598274	1769630015	cayley	99daa9204d4f39da152de94d34d33ace58ba696e1e7254cd9fb222ffafcbb83e
documents_primary	/home/eirikr/Documents	/home/eirikr/Documents/1_CAYLEYDICKSON_AND_MORE/arxiv_1301.1493_mckay_piperno_2013_practical_graph_isomorphism_II.txt	arxiv_1301.1493_mckay_piperno_2013_practical_graph_isomorphism_II.txt	71467	1770010991	cayley	454da4e7f752e8ec1139c2bc1cb5cae38d198c31a49f5e7a556db078d27e81f4
documents_primary	/home/eirikr/Documents	/home/eirikr/Documents/1_CAYLEYDICKSON_AND_MORE/arxiv_2106.15163_abbott_et_al_2021_two_nsbh_coalescences.pdf	arxiv_2106.15163_abbott_et_al_2021_two_nsbh_coalescences.pdf	3734431	1674473679	cayley	efed66f662086821000450c62cf9667384ead500e70857c9b1c642a309cefafb
documents_primary	/home/eirikr/Documents	/home/eirikr/Documents/1_CAYLEYDICKSON_AND_MORE/arxiv_2601.23279v1_ahmadiniaz_2026_photon_graviton_mixing.pdf	arxiv_2601.23279v1_ahmadiniaz_2026_photon_graviton_mixing.pdf	1374894	1769999150	cayley	c647509b343b7348f8eff8b31a1a311f67e1e2bb442b53167ac89f902b8e0b90
documents_primary	/home/eirikr/Documents	/home/eirikr/Documents/1_CAYLEYDICKSON_AND_MORE/Malitson_1962_Sapphire.pdf	Malitson_1962_Sapphire.pdf	355	1770181169	cayley	cc0b4e42510d49c6decd464123ecf3b14ae9b47f9b4ed2ee64893e2d6520a264
documents_primary	/home/eirikr/Documents	/home/eirikr/Documents/1_CAYLEYDICKSON_AND_MORE/landy_2008_prl_perfect_metamaterial_absorber.pdf	landy_2008_prl_perfect_metamaterial_absorber.pdf	414004	1769637201	cayley	1d1dba01afa9292f5f59979367d77a672dd6f2c69d99b492ddaa0c220cb78677
documents_primary	/home/eirikr/Documents	/home/eirikr/Documents/1_CAYLEYDICKSON_AND_MORE/arxiv_1301.1493_mckay_piperno_2013_practical_graph_isomorphism_II.pdf	arxiv_1301.1493_mckay_piperno_2013_practical_graph_isomorphism_II.pdf	4036949	1732929410	cayley	2173fcd10d99c269eec4d28d2089887452eb972456c52a1b961a2bf186194029
documents_primary	/home/eirikr/Documents	/home/eirikr/Documents/1_CAYLEYDICKSON_AND_MORE/landy_2008_prl_perfect_metamaterial_absorber.txt	landy_2008_prl_perfect_metamaterial_absorber.txt	34412	1769637201	cayley	056addf219bce5c2b61bdf1d02773d31119774b64bb409c8313942183da9659e
documents_primary	/home/eirikr/Documents	/home/eirikr/Documents/1_CAYLEYDICKSON_AND_MORE/arxiv_1710.05993_chruscinski_pascazio_2017_brief_history_gkls_equation.txt	arxiv_1710.05993_chruscinski_pascazio_2017_brief_history_gkls_equation.txt	54480	1770050705	cayley	d4a48f4ea510aaf2915c4e384c018b707727d92c962dbf6eb981448b26624624
documents_primary	/home/eirikr/Documents	/home/eirikr/Documents/1_CAYLEYDICKSON_AND_MORE/kaviraj_2020_jhep04_090_parisi_sourlas_cft.pdf	kaviraj_2020_jhep04_090_parisi_sourlas_cft.pdf	787246	1769650629	cayley	1a105f0240376000c9f908c9a7ab8de55e075ceb916626d29ffa0c099feed660
documents_primary	/home/eirikr/Documents	/home/eirikr/Documents/1_CAYLEYDICKSON_AND_MORE/lvc_2021_2111.03634_population_properties_gwtc3.pdf	lvc_2021_2111.03634_population_properties_gwtc3.pdf	11436130	1769629098	cayley	3e616e77962260040e3def02a4d7aac3152ee62a76fa8d5a8262b64b34c96ed9
documents_primary	/home/eirikr/Documents	/home/eirikr/Documents/1_CAYLEYDICKSON_AND_MORE/arxiv_gr-qc0209036_fewster_roman_2003_null_energy_condition.pdf	arxiv_gr-qc0209036_fewster_roman_2003_null_energy_condition.pdf	574608	1770500985	cayley	7fc80341a80cfca247af83fa1c5a954524271c0f36f7af521520ef7de1123e5a
documents_primary	/home/eirikr/Documents	/home/eirikr/Documents/1_CAYLEYDICKSON_AND_MORE/arxiv_1906.04478_manzano_2019_lindblad_short_intro.pdf	arxiv_1906.04478_manzano_2019_lindblad_short_intro.pdf	729107	1769974126	cayley	bc8b30cb6561ee0e9487573e9e23e7408cf5e09b19fde5c8936fd802b7236941
documents_primary	/home/eirikr/Documents	/home/eirikr/Documents/1_CAYLEYDICKSON_AND_MORE/evenbly_vidal_tnr_1412.0732.pdf	evenbly_vidal_tnr_1412.0732.pdf	1593926	1769983418	cayley	0202b510bcd99cc03e5f80ab338d6f508ec08c2c7561b2039208254548c32fa9
documents_primary	/home/eirikr/Documents	/home/eirikr/Documents/1_CAYLEYDICKSON_AND_MORE/CMS_TOP-22-007.txt	CMS_TOP-22-007.txt	126023	1769893367	cayley	cddcb6d23d409e291cc184581cc1c129adc3d976fa0ed755f317bf8f94b95d39
documents_primary	/home/eirikr/Documents	/home/eirikr/Documents/1_CAYLEYDICKSON_AND_MORE/arxiv_2111.03634_abbott_et_al_2021_gwtc3_population_properties.txt	arxiv_2111.03634_abbott_et_al_2021_gwtc3_population_properties.txt	560831	1769995567	cayley	88cc548a27a8ad61d62147a8bfea639fca47366efc5ae89508888bb56bac0eae
documents_primary	/home/eirikr/Documents	/home/eirikr/Documents/1_CAYLEYDICKSON_AND_MORE/arxiv_quant-ph0011039_zurek_2001_einselection_decoherence_info.pdf	arxiv_quant-ph0011039_zurek_2001_einselection_decoherence_info.pdf	137315	1769974126	cayley	d22c9fdfcaf3ec867631e3c903c404d3819cc3959a680facf0a47df1aa1df011
documents_primary	/home/eirikr/Documents	/home/eirikr/Documents/1_CAYLEYDICKSON_AND_MORE/arxiv_2308.14768_tang_tang_2023_sedenion_su5_generations.pdf	arxiv_2308.14768_tang_tang_2023_sedenion_su5_generations.pdf	588679	1693611679	sedenion	38ad641c6f2683cf4a00a817fc7129e568added96ea0fe0cfa99b672142d1138
documents_primary	/home/eirikr/Documents	/home/eirikr/Documents/1_CAYLEYDICKSON_AND_MORE/huebschmann_2008_0809.4791v1_construction_ainfty_structures.txt	huebschmann_2008_0809.4791v1_construction_ainfty_structures.txt	90140	1769626952	cayley	20f5416389c66bf40fc0dbe423ba9f746c2c8e8b892223270f107a7d1e76f74d
documents_primary	/home/eirikr/Documents	/home/eirikr/Documents/1_CAYLEYDICKSON_AND_MORE/arxiv_hep-th_0104081_west_2001_e11_and_m_theory.pdf	arxiv_hep-th_0104081_west_2001_e11_and_m_theory.pdf	196765	1732927354	cayley	c69ae97ce4fcb557bececc59c3449512ca97071a60983f097a2591ab35419f4a
documents_primary	/home/eirikr/Documents	/home/eirikr/Documents/1_CAYLEYDICKSON_AND_MORE/arxiv_1009.5663_smolyaninov_2010_metamaterial_based_model_alcubierre_warp_drive.pdf	arxiv_1009.5663_smolyaninov_2010_metamaterial_based_model_alcubierre_warp_drive.pdf	133977	1628620745	cayley	94ad70d51b9317f0a5e6ae4f02a68e4ca6f1458395a5a664793208093f2d2ee8
documents_primary	/home/eirikr/Documents	/home/eirikr/Documents/1_CAYLEYDICKSON_AND_MORE/arxiv_1512.06431_jafferis_lewkowycz_maldacena_suh_2016_jlms.pdf	arxiv_1512.06431_jafferis_lewkowycz_maldacena_suh_2016_jlms.pdf	870595	1769973533	cayley	04198f2251ee5d14074b00ea4decc5ba856c758e0d81d96313457112bc99e08a
documents_primary	/home/eirikr/Documents	/home/eirikr/Documents/1_CAYLEYDICKSON_AND_MORE/orus_2014_1306.2164_tensor_networks_intro.txt	orus_2014_1306.2164_tensor_networks_intro.txt	142899	1769630015	cayley	1d4c820dd08dd1f647265025f82ec511d404e9c1fd6651670eb9bf24eb91b9bb
documents_primary	/home/eirikr/Documents	/home/eirikr/Documents/1_CAYLEYDICKSON_AND_MORE/Landy_2008_Thermal_Metamaterials.pdf	Landy_2008_Thermal_Metamaterials.pdf	635245	1769894272	cayley	cdf688e214b4e76b1c6aabd34d2c0881536301abdf08ba3da857a9a80d8d7f6c
documents_primary	/home/eirikr/Documents	/home/eirikr/Documents/1_CAYLEYDICKSON_AND_MORE/arxiv_0901.3629_beny_2009_information_flow_qc_boundary.pdf	arxiv_0901.3629_beny_2009_information_flow_qc_boundary.pdf	1090250	1769974127	cayley	7723208a4df4eeee90b9f07002dc93eabf4ae45586dc497804f5a9adf6b5f841
documents_primary	/home/eirikr/Documents	/home/eirikr/Documents/1_CAYLEYDICKSON_AND_MORE/arxiv_0802.1784_aastrup_grimstrup_2008_spectral_triples_lqg_2.pdf	arxiv_0802.1784_aastrup_grimstrup_2008_spectral_triples_lqg_2.pdf	331230	1769981026	cayley	41239e8508a65b86716c43857443a67db3883088f11a985db6ae6363b93f0022
documents_primary	/home/eirikr/Documents	/home/eirikr/Documents/1_CAYLEYDICKSON_AND_MORE/desi_dr2_dynamical_de_2504.06118.txt	desi_dr2_dynamical_de_2504.06118.txt	81862	1769983429	cayley	0267557a9b85d2856e454ff6b96a926eb9ad6fed30ca52f81cc1a209a2addc40
documents_primary	/home/eirikr/Documents	/home/eirikr/Documents/1_CAYLEYDICKSON_AND_MORE/holm_1979_sequentially_rejective_multiple_test_procedure.pdf	holm_1979_sequentially_rejective_multiple_test_procedure.pdf	1059670	1381321514	cayley	4317a0d1555dad949dc1760605d925ba20037402827741fdf99cd8ea37e80c46
documents_primary	/home/eirikr/Documents	/home/eirikr/Documents/1_CAYLEYDICKSON_AND_MORE/arxiv_0810.2088_connes_2008_spectral_characterization_manifolds.pdf	arxiv_0810.2088_connes_2008_spectral_characterization_manifolds.pdf	750625	1769974125	cayley	50981b73078009f4bd5dd9b26e366bd63a9fd02093b7e916c016a71751f5b8e0
documents_primary	/home/eirikr/Documents	/home/eirikr/Documents/1_CAYLEYDICKSON_AND_MORE/arxiv_hep-th9711200_maldacena_1997_ads_cft.pdf	arxiv_hep-th9711200_maldacena_1997_ads_cft.pdf	246327	1769981028	cayley	b711c300aac9a8c93d84451675554da8829d4b7d3c1ae23cdd16e94523975f06
documents_primary	/home/eirikr/Documents	/home/eirikr/Documents/1_CAYLEYDICKSON_AND_MORE/de_marrais_2002_math0207003_placeholder_substructures_I.pdf	de_marrais_2002_math0207003_placeholder_substructures_I.pdf	304671	1769622638	cayley	4ce77adf6d0ac2cdde814d7f93ccf4b26da7cfe172a53ff5c18b3f6629a4cf3a
documents_primary	/home/eirikr/Documents	/home/eirikr/Documents/1_CAYLEYDICKSON_AND_MORE/arxiv_2403.03763v3_flipped_polynomial_rings_cd_construction.pdf	arxiv_2403.03763v3_flipped_polynomial_rings_cd_construction.pdf	235836	1769648565	cd	56e792505db42aec0983968ce761fcde4b6b9b9e6a3107291ef5834cd3eb7a99
documents_primary	/home/eirikr/Documents	/home/eirikr/Documents/1_CAYLEYDICKSON_AND_MORE/0703745v3.pdf	0703745v3.pdf	150837	1770582584	cayley	56a6662680ef99beaae71abbdffbf55895f3b74184806075cb4cc9e640539cca
documents_primary	/home/eirikr/Documents	/home/eirikr/Documents/1_CAYLEYDICKSON_AND_MORE/gwtc3_2021_arxiv2111.03606.pdf	gwtc3_2021_arxiv2111.03606.pdf	7324786	1769621444	cayley	8d7401dfae3ffe3d7abc1faa7252bc6423ec0e4784ed7a2e9118d9c18aefed68
documents_primary	/home/eirikr/Documents	/home/eirikr/Documents/1_CAYLEYDICKSON_AND_MORE/Soft486 on NetBSD 11 i386_ Legacy Soft-Float, FPU Emulation, and 386SX_386DX Compatibility.pdf	Soft486 on NetBSD 11 i386_ Legacy Soft-Float, FPU Emulation, and 386SX_386DX Compatibility.pdf	68312	1770582813	cayley	41ab1a3f1869b7e75f691758a6810cacf6947402158bfce2f4eb9a12c881b306
documents_primary	/home/eirikr/Documents	/home/eirikr/Documents/1_CAYLEYDICKSON_AND_MORE/kozyrev_padic_wavelet_spectral_0012019.pdf	kozyrev_padic_wavelet_spectral_0012019.pdf	115686	1769983418	cayley	428ccfc616d09c02cd6e6998720adc13608ddcca8fd66bade3881c1ca4ca6cbc
documents_primary	/home/eirikr/Documents	/home/eirikr/Documents/1_CAYLEYDICKSON_AND_MORE/arxiv_1411.7041_almheiri_dong_harlow_2015_qec_bulk_locality.txt	arxiv_1411.7041_almheiri_dong_harlow_2015_qec_bulk_locality.txt	109665	1769973533	cayley	c57a53d13315d74379a2cd9afd7479f899d35e00cfcea48ff059f32b773c7d71
documents_primary	/home/eirikr/Documents	/home/eirikr/Documents/1_CAYLEYDICKSON_AND_MORE/arxiv_0802.1783_aastrup_grimstrup_2008_spectral_triples_lqg_1.pdf	arxiv_0802.1783_aastrup_grimstrup_2008_spectral_triples_lqg_1.pdf	589322	1769981026	cayley	08fbac64b6b86fb84a51d38f64c29387d3e616832b40ff0064e3691963f4cba8
documents_primary	/home/eirikr/Documents	/home/eirikr/Documents/1_CAYLEYDICKSON_AND_MORE/arxiv_1507.01968_thas_2015_isospectral_drums_simple_groups.pdf	arxiv_1507.01968_thas_2015_isospectral_drums_simple_groups.pdf	339843	1769981023	cayley	23aaef1103e759cde2e9ff1d13a27b5e8696d72d9131b87768e57e6dfd83dee4
documents_primary	/home/eirikr/Documents	/home/eirikr/Documents/1_CAYLEYDICKSON_AND_MORE/arxiv_2105.03079_santiago_schuster_visser_2021_generic_warp_drives.txt	arxiv_2105.03079_santiago_schuster_visser_2021_generic_warp_drives.txt	94317	1770501065	cayley	61c54e52da64b514fb85e41deef512b3591b641b2eef321a5030e0bf48a9bfb2
documents_primary	/home/eirikr/Documents	/home/eirikr/Documents/1_CAYLEYDICKSON_AND_MORE/kozyrev_padic_pseudodiff_0303045.pdf	kozyrev_padic_pseudodiff_0303045.pdf	128142	1769983418	cayley	a22fa1f15292cf908a152f8c10d1bbdb331c6e469426ad11a92df636ff3d84b6
documents_primary	/home/eirikr/Documents	/home/eirikr/Documents/1_CAYLEYDICKSON_AND_MORE/0704.0112v3.pdf	0704.0112v3.pdf	252285	1770582593	cayley	11b098adace527d5c7c8c723a09468ccc681a64b8fe24c0390e5bbf22eda2d10
documents_primary	/home/eirikr/Documents	/home/eirikr/Documents/1_CAYLEYDICKSON_AND_MORE/scirp_2014_mironov_sedeonic_equations_gravitoelectromagnetism.txt	scirp_2014_mironov_sedeonic_equations_gravitoelectromagnetism.txt	34318	1770104172	cayley	0c0afaf27f6c0652adffe8d22c61e7a718ecad062ee47105d597ec88f9d99b3c
documents_primary	/home/eirikr/Documents	/home/eirikr/Documents/1_CAYLEYDICKSON_AND_MORE/NIST_Silicon.pdf	NIST_Silicon.pdf	4697030	1770179839	cayley	2da850527f40fd815fcf737dbebd4218f26989793b581743b99b73382dbd8610
documents_primary	/home/eirikr/Documents	/home/eirikr/Documents/1_CAYLEYDICKSON_AND_MORE/arxiv_0907.2047v3_trigintaduonion_subalgebra_structure.pdf	arxiv_0907.2047v3_trigintaduonion_subalgebra_structure.pdf	245005	1769647696	cayley	202833bbbf36b0c8bb6ca0c448c98df3f21e2f072a82e3b30c0b029f19cb8ce1
documents_primary	/home/eirikr/Documents	/home/eirikr/Documents/1_CAYLEYDICKSON_AND_MORE/arxiv_hep-th0603001_ryu_takayanagi_2006_rt.pdf	arxiv_hep-th0603001_ryu_takayanagi_2006_rt.pdf	187229	1769973531	cayley	2c8802f8ce95275be371de0eebf143aac8827856d502b26249ea16851bcf27db
documents_primary	/home/eirikr/Documents	/home/eirikr/Documents/1_CAYLEYDICKSON_AND_MORE/JHEP_01_2025_025.pdf	JHEP_01_2025_025.pdf	907477	1769893370	cayley	5770c5280142d45b7755fee12359f970d0cd7a4de6a083727e07c2d77c435b93
documents_primary	/home/eirikr/Documents	/home/eirikr/Documents/1_CAYLEYDICKSON_AND_MORE/soton_2025_psl2_7_structure_957754.txt	soton_2025_psl2_7_structure_957754.txt	217271	1769630335	cayley	13c30142574abd91ee4ef184e49a220b858efb28f12167caf1869ce72c7bc43b
documents_primary	/home/eirikr/Documents	/home/eirikr/Documents/1_CAYLEYDICKSON_AND_MORE/Lorentzian_Threads_2025.pdf	Lorentzian_Threads_2025.pdf	730682	1769893371	cayley	44ffd93d771ac9e96e71f468d394bbb75255dde674715cf56fbb09bce03b53e0
documents_primary	/home/eirikr/Documents	/home/eirikr/Documents/1_CAYLEYDICKSON_AND_MORE/arxiv_quant-ph0011039_zurek_2001_einselection_decoherence_info.txt	arxiv_quant-ph0011039_zurek_2001_einselection_decoherence_info.txt	30366	1769974126	cayley	c676c3fb28af18aa38d11c31929079af13b0b770579d426f4d2ca45992284276
documents_primary	/home/eirikr/Documents	/home/eirikr/Documents/1_CAYLEYDICKSON_AND_MORE/arxiv_1906.04478_manzano_2019_lindblad_short_intro.txt	arxiv_1906.04478_manzano_2019_lindblad_short_intro.txt	113961	1769974126	cayley	8657977bdbd07b7aeeeaaad6e19c1537c8d2cda6a1e98448e69eef9e1782b0cd
documents_primary	/home/eirikr/Documents	/home/eirikr/Documents/1_CAYLEYDICKSON_AND_MORE/arxiv_0705.0016_hubeny_rangamani_takayanagi_2007_hrt.pdf	arxiv_0705.0016_hubeny_rangamani_takayanagi_2007_hrt.pdf	831313	1769973532	cayley	6b99da71d95f5231a8bc921d19831dcc260b0a03ad34065160d65268a188da6e
documents_primary	/home/eirikr/Documents	/home/eirikr/Documents/1_CAYLEYDICKSON_AND_MORE/desi_dr2_bao_cosmology_2503.14738.txt	desi_dr2_bao_cosmology_2503.14738.txt	197614	1769983429	cayley	e10026cdfbca92925e1a84437a864ed073a6cee6801836c014fdf7ebfa5626dc
documents_primary	/home/eirikr/Documents	/home/eirikr/Documents/1_CAYLEYDICKSON_AND_MORE/arxiv_0904.0141_finazzi_liberati_barcelo_2009_semiclassical_instability.pdf	arxiv_0904.0141_finazzi_liberati_barcelo_2009_semiclassical_instability.pdf	351291	1770501011	cayley	80471f649a07bfcbafec02a231b0c4864210e7bd1e44fecc84e205f985e4bc3b
documents_primary	/home/eirikr/Documents	/home/eirikr/Documents/1_CAYLEYDICKSON_AND_MORE/arxiv_gr-qc9410014_barbero_1994_real_ashtekar_variables.pdf	arxiv_gr-qc9410014_barbero_1994_real_ashtekar_variables.pdf	109033	1674273766	cayley	c3e454b0a752acd69c154a087b4bc012cf7a1cab0cb1dd635d9f932bbe43a934
documents_primary	/home/eirikr/Documents	/home/eirikr/Documents/1_CAYLEYDICKSON_AND_MORE/de_marrais_2004_wolfram_science_slides.pdf	de_marrais_2004_wolfram_science_slides.pdf	473273	1769622640	cayley	aee5ce85600658b21c2c29fdd2d56dc5c831a77e4fa42c28e5c2da5ffa5e20d9
documents_primary	/home/eirikr/Documents	/home/eirikr/Documents/1_CAYLEYDICKSON_AND_MORE/arxiv_1609.00026_freedman_headrick_2016_bit_threads.txt	arxiv_1609.00026_freedman_headrick_2016_bit_threads.txt	211352	1769973533	cayley	9961acbe1dd02fb3d9ccade5e8cfd81fe09f4f3246f5837141d22e3d2af35f53
documents_primary	/home/eirikr/Documents	/home/eirikr/Documents/1_CAYLEYDICKSON_AND_MORE/carlstrom_2001_wheels_report.pdf	carlstrom_2001_wheels_report.pdf	350294	1769622406	cayley	339fd916659b381dd8e03ca58164e533c15173b7700bb7f3b08d42ad7ed5319b
documents_primary	/home/eirikr/Documents	/home/eirikr/Documents/1_CAYLEYDICKSON_AND_MORE/arxiv_hep-th9310026_thooft_1993_dimensional_reduction_qg.txt	arxiv_hep-th9310026_thooft_1993_dimensional_reduction_qg.txt	102150	1769981029	cayley	1866e32576f7362cf1e706fb94db748565842eff3097e249a7d647c1ca222cd1
documents_primary	/home/eirikr/Documents	/home/eirikr/Documents/1_CAYLEYDICKSON_AND_MORE/researchsquare_2023_rs-3109229_metamaterial_perfect_absorber.pdf	researchsquare_2023_rs-3109229_metamaterial_perfect_absorber.pdf	1346801	1769637165	cayley	214bc5a04bb062db22defaf265521e6735982a3349047e4f362735a37667c164
documents_primary	/home/eirikr/Documents	/home/eirikr/Documents/1_CAYLEYDICKSON_AND_MORE/de_marrais_2000_math0011260.pdf	de_marrais_2000_math0011260.pdf	441893	1769534644	cayley	20a66711a71e41714fa2305a03a05ae4b9e8d90d65ee52f439bdeb733ff9ea45
documents_primary	/home/eirikr/Documents	/home/eirikr/Documents/1_CAYLEYDICKSON_AND_MORE/scirp_2014_mironov_sedeonic_equations_gravitoelectromagnetism.pdf	scirp_2014_mironov_sedeonic_equations_gravitoelectromagnetism.pdf	348274	1403837238	cayley	5bda12d536bf039231ccbeb8da13861be3525aa21faa4b4e8e4c256aa2960e52
documents_primary	/home/eirikr/Documents	/home/eirikr/Documents/1_CAYLEYDICKSON_AND_MORE/arxiv_1207.5805_fewster_2012_lectures_quantum_energy_inequalities.pdf	arxiv_1207.5805_fewster_2012_lectures_quantum_energy_inequalities.pdf	300535	1770500983	cayley	8dc1e8bc788aa13ec0f46655afcc47d67618ce0a18337ad15ba330a755b9ef15
documents_primary	/home/eirikr/Documents	/home/eirikr/Documents/1_CAYLEYDICKSON_AND_MORE/arxiv_0802.1783_aastrup_grimstrup_2008_spectral_triples_lqg_1.txt	arxiv_0802.1783_aastrup_grimstrup_2008_spectral_triples_lqg_1.txt	193939	1769981026	cayley	ae90aef51a461a723e217b7fb71cb0da726d29da5b86cdb2fa19d16d4fe76651
documents_primary	/home/eirikr/Documents	/home/eirikr/Documents/1_CAYLEYDICKSON_AND_MORE/orus_2014_1306.2164_tensor_networks_intro.pdf	orus_2014_1306.2164_tensor_networks_intro.pdf	3024215	1769629964	cayley	7ae0a9dcff8347e8acb7ff1f628be971f982d0d46cc7738501b1f21b70c271c3
documents_primary	/home/eirikr/Documents	/home/eirikr/Documents/1_CAYLEYDICKSON_AND_MORE/t_hooft_veltman_1972_dimreg.pdf	t_hooft_veltman_1972_dimreg.pdf	12616901	1769638654	cayley	0893ece2cdb211f78180f279f8e1f04674eabde8d1d7a9f45006085eea1571b0
documents_primary	/home/eirikr/Documents	/home/eirikr/Documents/1_CAYLEYDICKSON_AND_MORE/arxiv_gr-qc0407051_domagala_lewandowski_2004_bh_entropy_quantum_geometry.txt	arxiv_gr-qc0407051_domagala_lewandowski_2004_bh_entropy_quantum_geometry.txt	29452	1770082547	cayley	ad2e97df340b9a57dc130963b2647ace96f925eb59d9897def2dfa3ef6d83c33
documents_primary	/home/eirikr/Documents	/home/eirikr/Documents/1_CAYLEYDICKSON_AND_MORE/arxiv_hep-th9409089_susskind_1994_world_as_hologram.txt	arxiv_hep-th9409089_susskind_1994_world_as_hologram.txt	74947	1769981028	cayley	ec9f8842d0f5b47d7c9ba5e5c3f57bcb996b149c73b7689b660606e7310007b4
documents_primary	/home/eirikr/Documents	/home/eirikr/Documents/1_CAYLEYDICKSON_AND_MORE/arxiv_0902.4191_aastrup_grimstrup_nest_2009_holonomy_loops_spectral_triples_qg.pdf	arxiv_0902.4191_aastrup_grimstrup_nest_2009_holonomy_loops_spectral_triples_qg.pdf	185812	1769981027	cayley	40665f9848e9a02f81219b23b693986ad0026d56d5bbb3bdc89dd7d8eaa9261e
documents_primary	/home/eirikr/Documents	/home/eirikr/Documents/1_CAYLEYDICKSON_AND_MORE/arxiv_2106.12106_page_et_al_2021_designing_spaceplates_multilayer_stacks.txt	arxiv_2106.12106_page_et_al_2021_designing_spaceplates_multilayer_stacks.txt	29067	1770119322	cayley	b4d52a5139f766d768e971b3150fb4347455a2b01a3dc9d14b2975062c0f6f18
documents_primary	/home/eirikr/Documents	/home/eirikr/Documents/1_CAYLEYDICKSON_AND_MORE/de_marrais_2002_math0207003_placeholder_substructures_I.txt	de_marrais_2002_math0207003_placeholder_substructures_I.txt	69288	1769622661	cayley	318019a4f6c430cdeaa384abe6af2d25466041a67366ea35fb024fdabc555710
documents_primary	/home/eirikr/Documents	/home/eirikr/Documents/1_CAYLEYDICKSON_AND_MORE/ising_ads_tensor_networks_2512.20838.txt	ising_ads_tensor_networks_2512.20838.txt	32270	1769983430	cayley	644f902f34310998c0e4ccd5af91f747d106f30b0db8ed8a4b0e3329d1b836fe
documents_primary	/home/eirikr/Documents	/home/eirikr/Documents/1_CAYLEYDICKSON_AND_MORE/visser_wiltshire_2004_gr-qc-0310107_stable_gravastars.txt	visser_wiltshire_2004_gr-qc-0310107_stable_gravastars.txt	45069	1769637701	cayley	de8a3c6e7bd500fba56b965a52e2ce3d46368c20a0e99d54d6eb4d096a4ca630
documents_primary	/home/eirikr/Documents	/home/eirikr/Documents/1_CAYLEYDICKSON_AND_MORE/arxiv_2106.12106_page_et_al_2021_designing_spaceplates_multilayer_stacks.pdf	arxiv_2106.12106_page_et_al_2021_designing_spaceplates_multilayer_stacks.pdf	862967	1674470889	cayley	c7feb44fc848c3137f70eb17126fe64c091d6d761d5e809f9630a4392edf5739
documents_primary	/home/eirikr/Documents	/home/eirikr/Documents/1_CAYLEYDICKSON_AND_MORE/arxiv_1904.05684_kontou_sanders_2020_quantum_energy_inequalities_review.txt	arxiv_1904.05684_kontou_sanders_2020_quantum_energy_inequalities_review.txt	64311	1770500998	cayley	48d9dbccc20c1665208f0904956962adee9031f365327fd96fe7fc69d99dbd2b
documents_primary	/home/eirikr/Documents	/home/eirikr/Documents/1_CAYLEYDICKSON_AND_MORE/arxiv_gr-qc0009013_alcubierre_2000_warp_drive_hyperfast_travel.txt	arxiv_gr-qc0009013_alcubierre_2000_warp_drive_hyperfast_travel.txt	14515	1770047056	cayley	278ce7883bd13d801a3c559c35dfd7d63440c809fd30104ab0011765a2d7b9d7
documents_primary	/home/eirikr/Documents	/home/eirikr/Documents/1_CAYLEYDICKSON_AND_MORE/evenbly_vidal_tnr_mera_1502.05385.txt	evenbly_vidal_tnr_mera_1502.05385.txt	47986	1769983429	cayley	7d8f68bf014b0f500acf1be0e92ed218563df0d446208c50cc01963fa4716c4f
documents_primary	/home/eirikr/Documents	/home/eirikr/Documents/1_CAYLEYDICKSON_AND_MORE/arxiv_gr-qc9701052_immirzi_1997_quantum_gravity_and_regge_calculus.txt	arxiv_gr-qc9701052_immirzi_1997_quantum_gravity_and_regge_calculus.txt	26367	1770082547	cayley	8cb5adc5825113bbb2e82a13221fc206da10d9c9610458976b6b250f57e06d01
documents_primary	/home/eirikr/Documents	/home/eirikr/Documents/1_CAYLEYDICKSON_AND_MORE/di_nezza_palatucci_valdinoci_2011_1104.4345v3_fractional_sobolev_hitchhiker.txt	di_nezza_palatucci_valdinoci_2011_1104.4345v3_fractional_sobolev_hitchhiker.txt	102919	1769626668	cayley	9f49f1e2684514d718653ac560a264edd29e5c18864ed858e4a6ca2d5e751847
documents_primary	/home/eirikr/Documents	/home/eirikr/Documents/1_CAYLEYDICKSON_AND_MORE/arxiv_hep-th_0212256_damour_henneaux_nicolai_2002_e10_small_tension.pdf	arxiv_hep-th_0212256_damour_henneaux_nicolai_2002_e10_small_tension.pdf	579634	1674060954	cayley	36c01c4a6271358758717b208601401254a6bd13733e5c5ee925029ff8ae3f75
documents_primary	/home/eirikr/Documents	/home/eirikr/Documents/1_CAYLEYDICKSON_AND_MORE/arxiv_gr-qc0009013_alcubierre_2000_warp_drive_hyperfast_travel.pdf	arxiv_gr-qc0009013_alcubierre_2000_warp_drive_hyperfast_travel.pdf	95375	1732927216	cayley	9702624fb1696893a175a142fd4960dc67ff787cf6291310a3277fad5f271099
documents_primary	/home/eirikr/Documents	/home/eirikr/Documents/1_CAYLEYDICKSON_AND_MORE/0804.3416v2.pdf	0804.3416v2.pdf	382389	1770582596	cayley	7e7ecd97f7fa1b770bbdedd7bab97f35fca92313a69f1c73f57c97b31b0cadd4
documents_primary	/home/eirikr/Documents	/home/eirikr/Documents/1_CAYLEYDICKSON_AND_MORE/vidal_2005_cond-mat0512165_entanglement_renormalization.txt	vidal_2005_cond-mat0512165_entanglement_renormalization.txt	33473	1769630015	cayley	09c15896d977bba40b2e2e29afebab97170bcefbba42b7c53cf9c63b1bb61c2a
documents_primary	/home/eirikr/Documents	/home/eirikr/Documents/1_CAYLEYDICKSON_AND_MORE/arxiv_1505.01939_van_den_dungen_van_suijlekom_2015_krein_spectral_triples.pdf	arxiv_1505.01939_van_den_dungen_van_suijlekom_2015_krein_spectral_triples.pdf	279339	1769981022	cayley	d7e998e2cb18382bce4840c6a8683db6afa227e8502a35959ed24f9a546f90ce
documents_primary	/home/eirikr/Documents	/home/eirikr/Documents/1_CAYLEYDICKSON_AND_MORE/arxiv_0705.0016_hubeny_rangamani_takayanagi_2007_hrt.txt	arxiv_0705.0016_hubeny_rangamani_takayanagi_2007_hrt.txt	219542	1769973532	cayley	93c1a4cfc9bb4788e09823a4840fb0e3b7ab020a83fe016ce0a3ef814c0bc582
documents_primary	/home/eirikr/Documents	/home/eirikr/Documents/1_CAYLEYDICKSON_AND_MORE/preprints202511.0427_v1_tang_2025_sedenionic_qed.txt	preprints202511.0427_v1_tang_2025_sedenionic_qed.txt	50170	1770081495	sedenion	a120d388537a9b6e834728f30a7284b8104e2bce1244f501b452438aab7e0893
documents_primary	/home/eirikr/Documents	/home/eirikr/Documents/1_CAYLEYDICKSON_AND_MORE/arxiv_0710.4310_joshi_2007_gravitational_collapse_story_continues.pdf	arxiv_0710.4310_joshi_2007_gravitational_collapse_story_continues.pdf	459991	1673997251	cayley	9a7757f998b7f6808f05324c7f3e26e9270a6c32a40846f450fe7c357f84b1ed
documents_primary	/home/eirikr/Documents	/home/eirikr/Documents/1_CAYLEYDICKSON_AND_MORE/arxiv_gr-qc9612030_immirzi_1996_real_and_complex_connections.txt	arxiv_gr-qc9612030_immirzi_1996_real_and_complex_connections.txt	15608	1770082548	cayley	5d77350224416696b14f44f479425e29b2ac19927defbea423b71e0408aad31a
documents_primary	/home/eirikr/Documents	/home/eirikr/Documents/1_CAYLEYDICKSON_AND_MORE/arxiv_hep-th0504052_nojiri_odintsov_sasaki_2005_gauss_bonnet_dark_energy.pdf	arxiv_hep-th0504052_nojiri_odintsov_sasaki_2005_gauss_bonnet_dark_energy.pdf	161527	1674136540	cayley	dea6b95fc781f47cf367677a8c01ca18e356b83a7c70159cca5351d7efcbae12
documents_primary	/home/eirikr/Documents	/home/eirikr/Documents/1_CAYLEYDICKSON_AND_MORE/sagave_2009_0711.4499v3_dg_algebras_derived_ainfty.txt	sagave_2009_0711.4499v3_dg_algebras_derived_ainfty.txt	82935	1769626952	cayley	5a620fbe6b4d67f7911358801a665955319ad93f85c0219abe71fcecb9578d62
documents_primary	/home/eirikr/Documents	/home/eirikr/Documents/1_CAYLEYDICKSON_AND_MORE/desi_dr2_dynamical_de_2504.06118.pdf	desi_dr2_dynamical_de_2504.06118.pdf	1989157	1769983418	cayley	e396959e2ecb85a43db589ca31f21736c4bce1bb5d7fdc78a86ad5b0c6e30ff5
documents_primary	/home/eirikr/Documents	/home/eirikr/Documents/1_CAYLEYDICKSON_AND_MORE/arxiv_hep-th0505113_ambjorn_jurkiewicz_loll_2005_spectral_dimension_universe.txt	arxiv_hep-th0505113_ambjorn_jurkiewicz_loll_2005_spectral_dimension_universe.txt	25975	1770054061	cayley	42c3d39abe17e37f12edf9bc4d6c47947c97a0891353cf0855b1df493ffe4084
documents_primary	/home/eirikr/Documents	/home/eirikr/Documents/1_CAYLEYDICKSON_AND_MORE/arxiv_2106.15163_abbott_et_al_2021_two_nsbh_coalescences.txt	arxiv_2106.15163_abbott_et_al_2021_two_nsbh_coalescences.txt	208970	1770084044	cayley	7c586a61f16e8779e122f2dff7821a15b57ed83da0800e2a952415827e03be46
documents_primary	/home/eirikr/Documents	/home/eirikr/Documents/1_CAYLEYDICKSON_AND_MORE/arxiv_hep-th9409089_susskind_1994_world_as_hologram.pdf	arxiv_hep-th9409089_susskind_1994_world_as_hologram.pdf	365965	1769981028	cayley	8f4ee75f384178c942bcff69809fb683c58ad257e05c7dff23f3ee403fd23934
documents_primary	/home/eirikr/Documents	/home/eirikr/Documents/1_CAYLEYDICKSON_AND_MORE/lvc_2021_2111.03634_population_properties_gwtc3.txt	lvc_2021_2111.03634_population_properties_gwtc3.txt	560831	1769629131	cayley	88cc548a27a8ad61d62147a8bfea639fca47366efc5ae89508888bb56bac0eae
documents_primary	/home/eirikr/Documents	/home/eirikr/Documents/1_CAYLEYDICKSON_AND_MORE/arxiv_0904.0141_finazzi_liberati_barcelo_2009_semiclassical_instability.txt	arxiv_0904.0141_finazzi_liberati_barcelo_2009_semiclassical_instability.txt	65130	1770501066	cayley	f1c402e55f5b7d38c11b2250698783dc81608292655f6a1a83a14b34b55b7225
documents_primary	/home/eirikr/Documents	/home/eirikr/Documents/1_CAYLEYDICKSON_AND_MORE/arxiv_2407.18908_fuchs_2024_constant_velocity_subluminal_warp.pdf	arxiv_2407.18908_fuchs_2024_constant_velocity_subluminal_warp.pdf	3014149	1770501010	cayley	ec0d10f3a73fefce03c5e41e33cc1809c6f5c12cf4c178dcca8fcafbd868761e
documents_primary	/home/eirikr/Documents	/home/eirikr/Documents/1_CAYLEYDICKSON_AND_MORE/dragovich_padic_math_physics_review_1705.04758.pdf	dragovich_padic_math_physics_review_1705.04758.pdf	512076	1769983418	cayley	0f1f9ed3b024d47134698862c36fdeb609bfdaabde371995b9f5f2f588933902
documents_primary	/home/eirikr/Documents	/home/eirikr/Documents/1_CAYLEYDICKSON_AND_MORE/arxiv_2103.07933_woosley_heger_2021_pair_instability_mass_gap.pdf	arxiv_2103.07933_woosley_heger_2021_pair_instability_mass_gap.pdf	882578	1769995566	cayley	4aac18a0f2a8c1070923579f67f2bc31aab2ec6dc91d98286508345a30ea91ca
documents_primary	/home/eirikr/Documents	/home/eirikr/Documents/1_CAYLEYDICKSON_AND_MORE/arxiv_gr-qc0407052_meissner_2004_bh_entropy_lqg.txt	arxiv_gr-qc0407052_meissner_2004_bh_entropy_lqg.txt	15218	1770082548	cayley	7834b7898385f53e96f7cd6ca6671ea06f270fa23f9c377ea4ca7a2ed5daa60e
documents_primary	/home/eirikr/Documents	/home/eirikr/Documents/1_CAYLEYDICKSON_AND_MORE/arxiv_1601.05416_dong_harlow_wall_2016_entanglement_wedge_reconstruction.txt	arxiv_1601.05416_dong_harlow_wall_2016_entanglement_wedge_reconstruction.txt	46843	1770079210	cayley	8553d3b7e5c7848dfa298482f49b7770035615b1cfc55b900620f947f84ac60e
documents_primary	/home/eirikr/Documents	/home/eirikr/Documents/1_CAYLEYDICKSON_AND_MORE/arxiv_2512.07210v1_automorphisms_sedenions.pdf	arxiv_2512.07210v1_automorphisms_sedenions.pdf	353728	1769648565	sedenion	2fefa736f6ed2ac9b10485a2110a7b2c4689b0039730f2c536edbbd625051f4d
documents_primary	/home/eirikr/Documents	/home/eirikr/Documents/1_CAYLEYDICKSON_AND_MORE/desi_dr2_lya_bao_2503.14739.pdf	desi_dr2_lya_bao_2503.14739.pdf	1977967	1769983418	cayley	c6d4688027e9e83bebba85bfb05d68a6cdd3603f30b222ed8e2d26ca66a237a8
documents_primary	/home/eirikr/Documents	/home/eirikr/Documents/1_CAYLEYDICKSON_AND_MORE/arxiv_quant-ph0608071_beny_kempf_kribs_2006_operator_algebra_qec.txt	arxiv_quant-ph0608071_beny_kempf_kribs_2006_operator_algebra_qec.txt	31788	1769974127	cayley	6f897046e168e2b6b35c2feeeadd97cb60c9f1d75a33c6d206f25b2b2bd3c181
documents_primary	/home/eirikr/Documents	/home/eirikr/Documents/1_CAYLEYDICKSON_AND_MORE/arxiv_2411.13258_arleo_falmagne_2024_nene_predictions.txt	arxiv_2411.13258_arleo_falmagne_2024_nene_predictions.txt	18131	1770501065	cayley	f7fc6b6f500605949f3d1fef9979541ab0d2a1fe0a9ad45ee008f07b38d530a0
documents_primary	/home/eirikr/Documents	/home/eirikr/Documents/1_CAYLEYDICKSON_AND_MORE/arxiv_2308.14768_tang_tang_2023_sedenion_su5_generations.txt	arxiv_2308.14768_tang_tang_2023_sedenion_su5_generations.txt	44357	1770053974	sedenion	8b3dc276d4e5ddc3c869b8dcaf1f9cb2d1d013e24e83081d780c8e7ba1ede8ef
documents_primary	/home/eirikr/Documents	/home/eirikr/Documents/1_CAYLEYDICKSON_AND_MORE/arxiv_1005.3035_van_raamsdonk_2010_building_spacetime.txt	arxiv_1005.3035_van_raamsdonk_2010_building_spacetime.txt	16694	1769973532	cayley	d26ed4a147e41793e75c9777427e87df19ca7423b6a764cddec9b3a8e5040a80
documents_primary	/home/eirikr/Documents	/home/eirikr/Documents/1_CAYLEYDICKSON_AND_MORE/de_marrais_2006_math0603281_presto_digitization_I.txt	de_marrais_2006_math0603281_presto_digitization_I.txt	121132	1769622661	cayley	4f8d52ca6fc5b12a2dc0f798cbb0746dc75ab284e6eb049a85a5b9b105193ad3
documents_primary	/home/eirikr/Documents	/home/eirikr/Documents/1_CAYLEYDICKSON_AND_MORE/kadeishvili_1980_math0504437v1_homology_fiber_spaces.txt	kadeishvili_1980_math0504437v1_homology_fiber_spaces.txt	17675	1769627018	cayley	b3104ef21f204ec11ae00002f7530d3fdd7a97b9d11e9f1fc767a6b8976ab8a1
documents_primary	/home/eirikr/Documents	/home/eirikr/Documents/1_CAYLEYDICKSON_AND_MORE/visser_wiltshire_2004_gr-qc-0310107_stable_gravastars.pdf	visser_wiltshire_2004_gr-qc-0310107_stable_gravastars.pdf	207055	1769637701	cayley	92e0748b36ea76befe754ab7247cd4ac44cf6c321fa83e1b487360df62fcfd4e
documents_primary	/home/eirikr/Documents	/home/eirikr/Documents/1_CAYLEYDICKSON_AND_MORE/arxiv_2111.03634_abbott_et_al_2021_gwtc3_population_properties.pdf	arxiv_2111.03634_abbott_et_al_2021_gwtc3_population_properties.pdf	11436130	1769995565	cayley	3e616e77962260040e3def02a4d7aac3152ee62a76fa8d5a8262b64b34c96ed9
documents_primary	/home/eirikr/Documents	/home/eirikr/Documents/1_CAYLEYDICKSON_AND_MORE/arxiv_0802.1784_aastrup_grimstrup_2008_spectral_triples_lqg_2.txt	arxiv_0802.1784_aastrup_grimstrup_2008_spectral_triples_lqg_2.txt	96790	1769981026	cayley	4ecc712788398e3b19110b1e4a7990b7a3f52183724f936f1c433e14792f449e
documents_primary	/home/eirikr/Documents	/home/eirikr/Documents/1_CAYLEYDICKSON_AND_MORE/arxiv_2102.06824_bobrick_martire_2021_introducing_physical_warp_drives.pdf	arxiv_2102.06824_bobrick_martire_2021_introducing_physical_warp_drives.pdf	558814	1674463221	cayley	9dabbc035f5a3fa8d6a8cf263e800279971fddd9bb1cfcf222655ff5b8368d63
documents_primary	/home/eirikr/Documents	/home/eirikr/Documents/1_CAYLEYDICKSON_AND_MORE/desi_dr2_bao_cosmology_2503.14738.pdf	desi_dr2_bao_cosmology_2503.14738.pdf	12175089	1769983418	cayley	1e82f26e4cc3901b16168cd147f252bfa804f9c3caad3f4f7e3532640d237841
documents_primary	/home/eirikr/Documents	/home/eirikr/Documents/1_CAYLEYDICKSON_AND_MORE/arxiv_math0105155_baez_2002_octonions.txt	arxiv_math0105155_baez_2002_octonions.txt	198765	1770053108	octonion	10da368039c15a22e0e100d34630bab409b7f8750ecc31a258543eba6a48f82d
documents_primary	/home/eirikr/Documents	/home/eirikr/Documents/1_CAYLEYDICKSON_AND_MORE/arxiv_1312.7856_faulkner_et_al_2014_gravity_from_entanglement.txt	arxiv_1312.7856_faulkner_et_al_2014_gravity_from_entanglement.txt	146948	1769973534	cayley	213250ad790a09693a7273407145826412911b44d5e1181392f3c2cf359baa9f
documents_primary	/home/eirikr/Documents	/home/eirikr/Documents/1_CAYLEYDICKSON_AND_MORE/White_2021_Casimir_Warp.pdf	White_2021_Casimir_Warp.pdf	2024021	1769893374	cayley	1580be671a957993b796344cb55cfd9b99ea2dbdb37cb57327c4205f005732b5
documents_primary	/home/eirikr/Documents	/home/eirikr/Documents/1_CAYLEYDICKSON_AND_MORE/kaviraj_2022_jhep08_290_random_field_phi3.pdf	kaviraj_2022_jhep08_290_random_field_phi3.pdf	1028384	1769650634	cayley	f50637a20567be8de1804efc1e2f292b6a953a1526c016cab53bac2dadf92e04
documents_primary	/home/eirikr/Documents	/home/eirikr/Documents/1_CAYLEYDICKSON_AND_MORE/kadeishvili_1980_math0504437v1_homology_fiber_spaces.pdf	kadeishvili_1980_math0504437v1_homology_fiber_spaces.pdf	109971	1769627018	cayley	af476afd4e5eee7abd19b8217076975864362350cf4c63f596f0ff783a2e1ae2
documents_primary	/home/eirikr/Documents	/home/eirikr/Documents/1_CAYLEYDICKSON_AND_MORE/arxiv_1009.5663_smolyaninov_2010_metamaterial_based_model_alcubierre_warp_drive.txt	arxiv_1009.5663_smolyaninov_2010_metamaterial_based_model_alcubierre_warp_drive.txt	18490	1770047046	cayley	34cff53620da862dc7e8f0ce783e770f90d40ae1aac4668c7f2d4b9e70b7937d
documents_primary	/home/eirikr/Documents	/home/eirikr/Documents/1_CAYLEYDICKSON_AND_MORE/evenbly_vidal_tnr_mera_1502.05385.pdf	evenbly_vidal_tnr_mera_1502.05385.pdf	1668158	1769983418	cayley	181278b9b077b0d86644820e817f864d420fcef3ad90891be86171608aa2393a
documents_primary	/home/eirikr/Documents	/home/eirikr/Documents/1_CAYLEYDICKSON_AND_MORE/arxiv_quant-ph0301032_mirror.pdf	arxiv_quant-ph0301032_mirror.pdf	423052	1770018107	cayley	d2539a55d6c63c598ee00b26bc1e7320a77c6fcdd58d17663ef7cdca2af1bc1b
documents_primary	/home/eirikr/Documents	/home/eirikr/Documents/1_CAYLEYDICKSON_AND_MORE/reggiani_2025_251213002_cd_algebras.pdf	reggiani_2025_251213002_cd_algebras.pdf	845244	1770581579	cd	469f13cd838152fd661ac6e4585658542c68532a04ce1c7c38b26645bf35adc9
documents_primary	/home/eirikr/Documents	/home/eirikr/Documents/1_CAYLEYDICKSON_AND_MORE/de_marrais_2004_math0403113_boxkites_III.pdf	de_marrais_2004_math0403113_boxkites_III.pdf	206494	1769622639	cayley	3ebb75f053d225d8602fa0e70157fcbae40a8d42ef807c75501ecc704ed10872
documents_primary	/home/eirikr/Documents	/home/eirikr/Documents/1_CAYLEYDICKSON_AND_MORE/arxiv_2407.18908_fuchs_2024_constant_velocity_subluminal_warp.txt	arxiv_2407.18908_fuchs_2024_constant_velocity_subluminal_warp.txt	63536	1770501066	cayley	839c6792094afd668b3f68ecc78e4fd30e75713320e1a75d4b6d50ec1d87ca4e
documents_primary	/home/eirikr/Documents	/home/eirikr/Documents/1_CAYLEYDICKSON_AND_MORE/arxiv_nlin0105068_okada_shudo_2001_isospectrality_iso_length_spectrality.pdf	arxiv_nlin0105068_okada_shudo_2001_isospectrality_iso_length_spectrality.pdf	203299	1769981022	cayley	98524443dc2728b87016ecac9c4e33ad7bccac30de70ccd64fd1f47416f9a7cc
documents_primary	/home/eirikr/Documents	/home/eirikr/Documents/1_CAYLEYDICKSON_AND_MORE/Pathions1.pdf	Pathions1.pdf	22877680	1770582571	cayley	035dd224affcf76e3a8a6aed64dae226231c87ef353718f6de1e2e2e46ab15a8
documents_primary	/home/eirikr/Documents	/home/eirikr/Documents/1_CAYLEYDICKSON_AND_MORE/arxiv_2509.19430_pablos_takacs_2025_alpha_clustering_geometry.pdf	arxiv_2509.19430_pablos_takacs_2025_alpha_clustering_geometry.pdf	1695330	1770501024	cayley	8956975a256c215d09ff5c838b514ac4a6880b9961fdda167c59cf4a9899e6d2
documents_primary	/home/eirikr/Documents	/home/eirikr/Documents/1_CAYLEYDICKSON_AND_MORE/huebschmann_2008_0809.4791v1_construction_ainfty_structures.pdf	huebschmann_2008_0809.4791v1_construction_ainfty_structures.pdf	380911	1769626944	cayley	c13d7c26a74bca1f55701debbd92873ea897372676b24920581063db1b5c6d65
documents_primary	/home/eirikr/Documents	/home/eirikr/Documents/1_CAYLEYDICKSON_AND_MORE/arxiv_2006.12611_abbott_et_al_2020_gw190814_mass_gap.txt	arxiv_2006.12611_abbott_et_al_2020_gw190814_mass_gap.txt	194140	1770084044	cayley	9bc2faa0888f6a60e6450dd4934a0a864009c6c7137a87a0a5ec91a2b496baf1
documents_primary	/home/eirikr/Documents	/home/eirikr/Documents/1_CAYLEYDICKSON_AND_MORE/arxiv_gr-qc9612030_immirzi_1996_real_and_complex_connections.pdf	arxiv_gr-qc9612030_immirzi_1996_real_and_complex_connections.pdf	110522	1674524489	cayley	316ffcb718bf5b0f78e415aa5d6e6b02b1a230edf95b3718060396985232ee86
documents_primary	/home/eirikr/Documents	/home/eirikr/Documents/1_CAYLEYDICKSON_AND_MORE/nosek_et_al_2018_preregistration_revolution_osf_2dxu5.pdf	nosek_et_al_2018_preregistration_revolution_osf_2dxu5.pdf	221013	1735069417	cayley	937416ea98b92b0df93cd3ab40fa8edfd6b285d9fdfef152ee277faed33bd783
documents_primary	/home/eirikr/Documents	/home/eirikr/Documents/1_CAYLEYDICKSON_AND_MORE/de_marrais_2006_math0603281_presto_digitization_I.pdf	de_marrais_2006_math0603281_presto_digitization_I.pdf	402016	1769622639	cayley	3ca3892d929f027deb676e17586c2a4fbde0762fca30717f8841cd363459ac5c
documents_primary	/home/eirikr/Documents	/home/eirikr/Documents/1_CAYLEYDICKSON_AND_MORE/arxiv_2105.03079_santiago_schuster_visser_2021_generic_warp_drives.pdf	arxiv_2105.03079_santiago_schuster_visser_2021_generic_warp_drives.pdf	663131	1770501008	cayley	4dca80f871be164599c4bb6917b833fd40b781dd27e023f567046e747cdf52d7
documents_primary	/home/eirikr/Documents	/home/eirikr/Documents/1_CAYLEYDICKSON_AND_MORE/Pathions2.pdf	Pathions2.pdf	304671	1770582579	cayley	4ce77adf6d0ac2cdde814d7f93ccf4b26da7cfe172a53ff5c18b3f6629a4cf3a
documents_primary	/home/eirikr/Documents	/home/eirikr/Documents/1_CAYLEYDICKSON_AND_MORE/arxiv_gr-qc9712019_carroll_1997_lecture_notes_general_relativity.pdf	arxiv_gr-qc9712019_carroll_1997_lecture_notes_general_relativity.pdf	1583209	1732931372	cayley	d4cbfeed3a18370cb7e1a256da6fa7de722982ad7f6a146b4fc0fe14a6bebf6c
documents_primary	/home/eirikr/Documents	/home/eirikr/Documents/1_CAYLEYDICKSON_AND_MORE/de_marrais_2000_math0011260.txt	de_marrais_2000_math0011260.txt	201039	1769534660	cayley	e630361093bb2041d5eb54b3cfde5d3dd3603328cb76fb3fafe5c7417e3e29fb
documents_primary	/home/eirikr/Documents	/home/eirikr/Documents/1_CAYLEYDICKSON_AND_MORE/ligo_webinar_gwtc3_population_o3_G2102458.txt	ligo_webinar_gwtc3_population_o3_G2102458.txt	34599	1769629131	cayley	7bee2723872fbdaff332fcb00284de299e460761e6edca259f85c5e5c3e159ea
documents_primary	/home/eirikr/Documents	/home/eirikr/Documents/1_CAYLEYDICKSON_AND_MORE/de_marrais_2004_math0403113_boxkites_III.txt	de_marrais_2004_math0403113_boxkites_III.txt	41481	1769622661	cayley	a4ae47cafa3e61bf4cb8311cd1244d86dcaf82ba7e81f64bdb8b1e636a602613
documents_primary	/home/eirikr/Documents	/home/eirikr/Documents/1_CAYLEYDICKSON_AND_MORE/arxiv_0903.5082_zurek_2009_quantum_darwinism.txt	arxiv_0903.5082_zurek_2009_quantum_darwinism.txt	80570	1769974126	cayley	b9f617bda1851dd93dba42ed63060abce937165b4581465e1114847696095978
documents_primary	/home/eirikr/Documents	/home/eirikr/Documents/1_CAYLEYDICKSON_AND_MORE/arxiv_2512.22134v3_cayley_dickson_tower_mnemonic.pdf	arxiv_2512.22134v3_cayley_dickson_tower_mnemonic.pdf	368706	1769648564	cayley,dickson	5e2e39feff3716ece2116071dcc6139bb2835478805e22ec9a69af7a43834281
documents_primary	/home/eirikr/Documents	/home/eirikr/Documents/1_CAYLEYDICKSON_AND_MORE/pirsa_08010005_vidal_entanglement_renormalization_talk.txt	pirsa_08010005_vidal_entanglement_renormalization_talk.txt	6758	1769630015	cayley	4d85211e5ff9ec586fc5158fcb71f01e04c94a7382c7cfad9b04953932884c4b
documents_primary	/home/eirikr/Documents	/home/eirikr/Documents/1_CAYLEYDICKSON_AND_MORE/Pozar_2005_Microwave_Engineering_Transitions.pdf	Pozar_2005_Microwave_Engineering_Transitions.pdf	560226	1769894272	cayley	8456a1e8124251330a47da3784815c4995f937937edab8cba4aa8e8b05066a50
documents_primary	/home/eirikr/Documents	/home/eirikr/Documents/1_CAYLEYDICKSON_AND_MORE/des_y6_cosmology_2601.14559.txt	des_y6_cosmology_2601.14559.txt	198648	1769983429	cayley	41147072f42ce5896cbe366a300f97e24ce11334da0b61af39b806f86c274c86
documents_primary	/home/eirikr/Documents	/home/eirikr/Documents/1_CAYLEYDICKSON_AND_MORE/kozyrev_padic_multidim_wavelets_0612049.pdf	kozyrev_padic_multidim_wavelets_0612049.pdf	282629	1769983418	cayley	0e51350ae56fa3faf46fd208879b2db2ae6b8aea2aa41378c99c07c86d60e641
documents_primary	/home/eirikr/Documents	/home/eirikr/Documents/1_CAYLEYDICKSON_AND_MORE/arxiv_gr-qc0407052_meissner_2004_bh_entropy_lqg.pdf	arxiv_gr-qc0407052_meissner_2004_bh_entropy_lqg.pdf	113224	1733535139	cayley	4624ea2fb4d318ad118e333446e66a3af77c744d7192cbffe0742915ad33d4ff
documents_primary	/home/eirikr/Documents	/home/eirikr/Documents/1_CAYLEYDICKSON_AND_MORE/pastawski_yoshida_harlow_preskill_2015_1503.06237_happy_code.pdf	pastawski_yoshida_harlow_preskill_2015_1503.06237_happy_code.pdf	4496178	1769629964	cayley	55572e7133514f4adc54f5bfb025111fc3fcb911c87ca22bae0a9e30955d1e05
documents_primary	/home/eirikr/Documents	/home/eirikr/Documents/1_CAYLEYDICKSON_AND_MORE/White_2021_Casimir_Warp.txt	White_2021_Casimir_Warp.txt	41204	1769893374	cayley	8db9d424d9f4dcb9d0f2589f3aff78015c3b114d43a409823d7e2debac4a58b0
documents_primary	/home/eirikr/Documents	/home/eirikr/Documents/1_CAYLEYDICKSON_AND_MORE/arxiv_1312.7856_faulkner_et_al_2014_gravity_from_entanglement.pdf	arxiv_1312.7856_faulkner_et_al_2014_gravity_from_entanglement.pdf	468228	1769973534	cayley	0048d573ffb2efd0e1d335c89b54acb24e00787a82f60acc888835fe5f17a577
documents_primary	/home/eirikr/Documents	/home/eirikr/Documents/1_CAYLEYDICKSON_AND_MORE/arxiv_2509.07008_mazeliauskas_2025_energy_loss_baseline_oo.txt	arxiv_2509.07008_mazeliauskas_2025_energy_loss_baseline_oo.txt	43440	1770501065	cayley	064e019dbbe3f007abd4593660788916b9d35aa068725f8b95d42d4a3b1e39f5
documents_primary	/home/eirikr/Documents	/home/eirikr/Documents/1_CAYLEYDICKSON_AND_MORE/arxiv_1710.04965_van_den_dungen_2017_lorentz_signature_twisted_spectral_triples.pdf	arxiv_1710.04965_van_den_dungen_2017_lorentz_signature_twisted_spectral_triples.pdf	284042	1769981022	cayley	4c36445978cf6afbb8d912975e79b2a3724ab422e3be6b6fa756548a90653478
documents_primary	/home/eirikr/Documents	/home/eirikr/Documents/1_CAYLEYDICKSON_AND_MORE/de_marrais_2007_07040112_sedenions_xor.pdf	de_marrais_2007_07040112_sedenions_xor.pdf	252285	1770581579	sedenion	11b098adace527d5c7c8c723a09468ccc681a64b8fe24c0390e5bbf22eda2d10
documents_primary	/home/eirikr/Documents	/home/eirikr/Documents/1_CAYLEYDICKSON_AND_MORE/arxiv_1701.05984_liu_sun_cao_2017_cant_hear_drum_3d.txt	arxiv_1701.05984_liu_sun_cao_2017_cant_hear_drum_3d.txt	58516	1769981025	cayley	03d4e34bd054303cbe64fe28c49b45c402a87ac1bf8d8aebc0f33f798864571d
documents_primary	/home/eirikr/Documents	/home/eirikr/Documents/1_CAYLEYDICKSON_AND_MORE/arxiv_gr-qc0306060_larranaga_2003_introduction_to_bosonic_string_theory.txt	arxiv_gr-qc0306060_larranaga_2003_introduction_to_bosonic_string_theory.txt	35579	1770082630	cayley	8bae641acb8629a3ce1c39538fcde65e941297c5255cd456135758fc10ef6f16
documents_primary	/home/eirikr/Documents	/home/eirikr/Documents/1_CAYLEYDICKSON_AND_MORE/arxiv_0903.5082_zurek_2009_quantum_darwinism.pdf	arxiv_0903.5082_zurek_2009_quantum_darwinism.pdf	843308	1769974126	cayley	1c887b195b8b2e23ccc436e153fc4e7506c75aa7f8ae997ca2da4e6489b9fd17
documents_primary	/home/eirikr/Documents	/home/eirikr/Documents/1_CAYLEYDICKSON_AND_MORE/arxiv_0710.4310_joshi_2007_gravitational_collapse_story_continues.txt	arxiv_0710.4310_joshi_2007_gravitational_collapse_story_continues.txt	149137	1770062701	cayley	65f3636ca0015573c64fcf7874ba0fe0de0b545ef3bc77253d8ffe41e37b0be6
documents_primary	/home/eirikr/Documents	/home/eirikr/Documents/1_CAYLEYDICKSON_AND_MORE/arxiv_1505.04753_jacobson_2015_entanglement_equilibrium.txt	arxiv_1505.04753_jacobson_2015_entanglement_equilibrium.txt	60450	1769973534	cayley	2c4faa51bb8a2c60e1857e250b896320db39624744951c38281095d87a2b0574
documents_primary	/home/eirikr/Documents	/home/eirikr/Documents/1_CAYLEYDICKSON_AND_MORE/arxiv_2510.09864_cms_2025_discovery_suppressed_oo_collisions.pdf	arxiv_2510.09864_cms_2025_discovery_suppressed_oo_collisions.pdf	1130037	1770501054	cayley	bb11ec81920f9527c95f72b97cc52d9ede26e412560f654845cd3518a06a7955
documents_primary	/home/eirikr/Documents	/home/eirikr/Documents/1_CAYLEYDICKSON_AND_MORE/JHEP_01_2025_025.txt	JHEP_01_2025_025.txt	108304	1769893370	cayley	417ed4e178d4fa0f8ddd8be384214f577d1f895eb91a1b4b36bfa3b68b0eccaa
documents_primary	/home/eirikr/Documents	/home/eirikr/Documents/1_CAYLEYDICKSON_AND_MORE/arxiv_2006.07125_lentz_2021_breaking_the_warp_barrier.txt	arxiv_2006.07125_lentz_2021_breaking_the_warp_barrier.txt	31994	1770046924	cayley	abb81120f158a338b280fdf4a2e445bf39f52e54557897678fcabcf096210f7e
documents_primary	/home/eirikr/Documents	/home/eirikr/Documents/1_CAYLEYDICKSON_AND_MORE/entanglement_scaling_continuous_TN_2410.23624.txt	entanglement_scaling_continuous_TN_2410.23624.txt	39301	1769983429	cayley	473557d1b4706c2c16fcb30fa8d382acfecbbd62e85a3c41a0ecc69cc8ae8159
documents_primary	/home/eirikr/Documents	/home/eirikr/Documents/1_CAYLEYDICKSON_AND_MORE/calabrese_cardy_2004_hep-th0405152_entanglement_entropy_qft.pdf	calabrese_cardy_2004_hep-th0405152_entanglement_entropy_qft.pdf	330386	1769629965	cayley	36d4c72353ed82ecd5958ec60d52d82b9696e2955c8e85ebf55d407ddbff414f
documents_primary	/home/eirikr/Documents	/home/eirikr/Documents/1_CAYLEYDICKSON_AND_MORE/holm_1979_sequentially_rejective_multiple_test_procedure.txt	holm_1979_sequentially_rejective_multiple_test_procedure.txt	27463	1769997474	cayley	85d612d7a911c4e223403e5f955e10ac146e563bca427aacefbe866f73b35e72
documents_primary	/home/eirikr/Documents	/home/eirikr/Documents/1_CAYLEYDICKSON_AND_MORE/mazur_mottola_2001_gr-qc-0109035_gravastars.pdf	mazur_mottola_2001_gr-qc-0109035_gravastars.pdf	249216	1769637700	cayley	a943c4d4120fc8c35316c9901fc0fa867daf00bda371aa1eb03cfca6d09f80a9
documents_primary	/home/eirikr/Documents	/home/eirikr/Documents/1_CAYLEYDICKSON_AND_MORE/abdi_2007_bonferroni_sidak_corrections.txt	abdi_2007_bonferroni_sidak_corrections.txt	14957	1770010991	cayley	93db71f5caf8f216c79f93c729cb4382da0a4341e0eedc036302de7a9424fd25
documents_primary	/home/eirikr/Documents	/home/eirikr/Documents/1_CAYLEYDICKSON_AND_MORE/caffarelli_silvestre_2007_math0608640v2_extension_fractional_laplacian.txt	caffarelli_silvestre_2007_math0608640v2_extension_fractional_laplacian.txt	33159	1769626668	cayley	37cf72df884925aa97f636bc37336ddf3f7bb9ca909833a06cf46d8be2e7dee9
documents_primary	/home/eirikr/Documents	/home/eirikr/Documents/1_CAYLEYDICKSON_AND_MORE/arxiv_2509.07008_mazeliauskas_2025_energy_loss_baseline_oo.pdf	arxiv_2509.07008_mazeliauskas_2025_energy_loss_baseline_oo.pdf	825671	1770501053	cayley	dc9c51649032a7ec3c917ff0243b550792e966902b729f2c45a7cd6cea96fe55
documents_primary	/home/eirikr/Documents	/home/eirikr/Documents/1_CAYLEYDICKSON_AND_MORE/arxiv_1505.04753_jacobson_2015_entanglement_equilibrium.pdf	arxiv_1505.04753_jacobson_2015_entanglement_equilibrium.pdf	394757	1769973534	cayley	5269c0e7ff5e2e14bed7f753757e9927a4dd42f5a4b87b06d4481ed15c71c194
documents_primary	/home/eirikr/Documents	/home/eirikr/Documents/1_CAYLEYDICKSON_AND_MORE/de_marrais_math0011260.pdf	de_marrais_math0011260.pdf	441893	1769533222	cayley	20a66711a71e41714fa2305a03a05ae4b9e8d90d65ee52f439bdeb733ff9ea45
documents_primary	/home/eirikr/Documents	/home/eirikr/Documents/1_CAYLEYDICKSON_AND_MORE/mazur_mottola_2001_gr-qc-0109035_gravastars.txt	mazur_mottola_2001_gr-qc-0109035_gravastars.txt	52830	1769637701	cayley	8a6617231e33608bc96f0c789848e441a1ce15a805fc2eacb804952d2ff9571e
documents_primary	/home/eirikr/Documents	/home/eirikr/Documents/1_CAYLEYDICKSON_AND_MORE/arxiv_0902.4191_aastrup_grimstrup_nest_2009_holonomy_loops_spectral_triples_qg.txt	arxiv_0902.4191_aastrup_grimstrup_nest_2009_holonomy_loops_spectral_triples_qg.txt	55470	1769981027	cayley	96a6244dbe663be16585909fff1aa287b13d16c48613be78cdb6c43556cd72e7
documents_primary	/home/eirikr/Documents	/home/eirikr/Documents/1_CAYLEYDICKSON_AND_MORE/Babar_Weaver_Gold_Optical.pdf	Babar_Weaver_Gold_Optical.pdf	176610	1770179839	cayley	7fb74d9bb70c68214a5f3e18f0701b087794f960032e23bedfe06a859e5debbb
documents_primary	/home/eirikr/Documents	/home/eirikr/Documents/1_CAYLEYDICKSON_AND_MORE/Landy_2008_Thermal_Metamaterials.txt	Landy_2008_Thermal_Metamaterials.txt	24894	1769894272	cayley	99f34e0eccd5f505030f258db3c76f632d1ef1e1a0f65bade95e69d77fa69060
documents_primary	/home/eirikr/Documents	/home/eirikr/Documents/1_CAYLEYDICKSON_AND_MORE/hogg_1999_distance_measures.pdf	hogg_1999_distance_measures.pdf	235473	1769651189	cayley	d1d01604d15d656951f720c0ca22ecfe8bd0621c6eb702269511171d8cdeaac0
documents_primary	/home/eirikr/Documents	/home/eirikr/Documents/1_CAYLEYDICKSON_AND_MORE/caffarelli_silvestre_2007_math0608640v2_extension_fractional_laplacian.pdf	caffarelli_silvestre_2007_math0608640v2_extension_fractional_laplacian.pdf	208813	1769626658	cayley	550e4a027c0ead746040167912911e92ed77f3bd73dfb7ad702990e168e1966c
documents_primary	/home/eirikr/Documents	/home/eirikr/Documents/1_CAYLEYDICKSON_AND_MORE/kass_raftery_1995_bayes_factors.txt	kass_raftery_1995_bayes_factors.txt	24	1770028662	cayley	bfe719d1c68277189402336c3dfe046c0b89ae887c52c23466847efe4374a90a
documents_primary	/home/eirikr/Documents	/home/eirikr/Documents/1_CAYLEYDICKSON_AND_MORE/arxiv_2510.09864_cms_2025_discovery_suppressed_oo_collisions.txt	arxiv_2510.09864_cms_2025_discovery_suppressed_oo_collisions.txt	103837	1770501065	cayley	28ad4b99e0ad4ef1a3adf1f22df7ec35712d9a1955c76a010c7e3c2353240c2d
documents_primary	/home/eirikr/Documents	/home/eirikr/Documents/1_CAYLEYDICKSON_AND_MORE/kozyrev_padic_wavelet_spectral_0012019.txt	kozyrev_padic_wavelet_spectral_0012019.txt	16530	1769983430	cayley	5ff0f01f043347812475a9f07053dbd5e6202d96b63c78ff11cfce85e3b17a6e
documents_primary	/home/eirikr/Documents	/home/eirikr/Documents/1_CAYLEYDICKSON_AND_MORE/arxiv_1207.5805_fewster_2012_lectures_quantum_energy_inequalities.txt	arxiv_1207.5805_fewster_2012_lectures_quantum_energy_inequalities.txt	29348	1770500998	cayley	60a0d11a35f2ea473b560aaeddbccf36ee039268430e42d54871e173991ca166
documents_primary	/home/eirikr/Documents	/home/eirikr/Documents/1_CAYLEYDICKSON_AND_MORE/de_marrais_2004_wolfram_science_slides.txt	de_marrais_2004_wolfram_science_slides.txt	69997	1769622661	cayley	03c068111128f78b50f84e169d6b433458d637b756c8411b9a5b5f821285a834
documents_primary	/home/eirikr/Documents	/home/eirikr/Documents/1_CAYLEYDICKSON_AND_MORE/JHEP_10_2025_079.txt	JHEP_10_2025_079.txt	84482	1769893369	cayley	5013a2d781a4ef206b911813ac7e1eede130571ed5f13eb50e0fd8929bc2cf57
documents_primary	/home/eirikr/Documents	/home/eirikr/Documents/1_CAYLEYDICKSON_AND_MORE/arxiv_gr-qc9702026_pfenning_ford_1997_quantum_inequality_restrictions.txt	arxiv_gr-qc9702026_pfenning_ford_1997_quantum_inequality_restrictions.txt	24067	1770500998	cayley	332764c37cc5ed7268fe9b9299aa6435fa9f38d39c987bfdbb0e8f03bfb7fe44
documents_primary	/home/eirikr/Documents	/home/eirikr/Documents/1_CAYLEYDICKSON_AND_MORE/arxiv_1701.05984_liu_sun_cao_2017_cant_hear_drum_3d.pdf	arxiv_1701.05984_liu_sun_cao_2017_cant_hear_drum_3d.pdf	3587505	1769981025	cayley	bc6879758ea4280a5c7638270718224fb4a1959a2017dbe029453fcb1959935f
documents_primary	/home/eirikr/Documents	/home/eirikr/Documents/1_CAYLEYDICKSON_AND_MORE/arxiv_1904.05684_kontou_sanders_2020_quantum_energy_inequalities_review.pdf	arxiv_1904.05684_kontou_sanders_2020_quantum_energy_inequalities_review.pdf	349422	1770500984	cayley	de4ff595c746c67433dfa50be6a8659fd05e1e1eaf04277fac0a44e3965d44ee
documents_primary	/home/eirikr/Documents	/home/eirikr/Documents/1_CAYLEYDICKSON_AND_MORE/arxiv_quant-ph0301032_lidar_whaley_2003_decoherence_free_subspaces.pdf	arxiv_quant-ph0301032_lidar_whaley_2003_decoherence_free_subspaces.pdf	423052	1770018095	cayley	d2539a55d6c63c598ee00b26bc1e7320a77c6fcdd58d17663ef7cdca2af1bc1b
documents_primary	/home/eirikr/Documents	/home/eirikr/Documents/1_CAYLEYDICKSON_AND_MORE/reggiani_2024_2411.18881.txt	reggiani_2024_2411.18881.txt	59976	1769534665	cayley	329b4a11ec932fac8f8a007168945dfc58ee17beb193f84b8753b224f678bf9d
documents_primary	/home/eirikr/Documents	/home/eirikr/Documents/1_CAYLEYDICKSON_AND_MORE/arxiv_quant-ph0608071_beny_kempf_kribs_2006_operator_algebra_qec.pdf	arxiv_quant-ph0608071_beny_kempf_kribs_2006_operator_algebra_qec.pdf	130831	1769974127	cayley	1207c7576cf33f7c540f657af588f32389e14ba5926c65564ec033d4e91aa2ca
documents_primary	/home/eirikr/Documents	/home/eirikr/Documents/1_CAYLEYDICKSON_AND_MORE/arxiv_2306.16213_agazie_et_al_2023_nanograv_15yr_gwb.pdf	arxiv_2306.16213_agazie_et_al_2023_nanograv_15yr_gwb.pdf	3095832	1688169900	cayley	3a33495ae465768f832d5e55efff0769a6a6c41564ce8714e3f51ba929785aeb
documents_primary	/home/eirikr/Documents	/home/eirikr/Documents/1_CAYLEYDICKSON_AND_MORE/kozyrev_padic_pseudodiff_0303045.txt	kozyrev_padic_pseudodiff_0303045.txt	26286	1769983430	cayley	40775373328a673e7a1ab7787a00320535bea47fc5bac337daf25a4fd510c833
documents_primary	/home/eirikr/Documents	/home/eirikr/Documents/1_CAYLEYDICKSON_AND_MORE/arxiv_1411.7041_almheiri_dong_harlow_2015_qec_bulk_locality.pdf	arxiv_1411.7041_almheiri_dong_harlow_2015_qec_bulk_locality.pdf	693869	1769973532	cayley	6f0df8d48c7d331203247a81eddd44c3e037f88a02feb2fd1eb439a656029b56
documents_primary	/home/eirikr/Documents	/home/eirikr/Documents/1_CAYLEYDICKSON_AND_MORE/mera_quantum_computer_entanglement_2412.18602.pdf	mera_quantum_computer_entanglement_2412.18602.pdf	1914747	1769983418	cayley	f76e5fe7bf2cbfe3ad0bdf9369db23f1afde5a47d7a16ff55bcf48090e0ccb55
documents_primary	/home/eirikr/Documents	/home/eirikr/Documents/1_CAYLEYDICKSON_AND_MORE/arxiv_gr-qc0407051_domagala_lewandowski_2004_bh_entropy_quantum_geometry.pdf	arxiv_gr-qc0407051_domagala_lewandowski_2004_bh_entropy_quantum_geometry.pdf	168282	1732928207	cayley	2de07e909b17c5a5117b4021c0a42d2ed3deeedad318a446c233de63d2cbf9f3
documents_primary	/home/eirikr/Documents	/home/eirikr/Documents/data/external/sedenions/tang_tang_mdpi_link_search.md	tang_tang_mdpi_link_search.md	950	1771123184	sedenion	1562556c9e9f5f1ee9c9601e8411918d6fd5de5f0b7f149f8dfdbfa840ddbb3d
documents_primary	/home/eirikr/Documents	/home/eirikr/Documents/data/external/sedenions/files/open-pdf/number-sequences/bilgici-2017-fibonacci-lucas-sedenions.pdf	bilgici-2017-fibonacci-lucas-sedenions.pdf	113798	1771120089	sedenion	c5b3c1587684529516cc52bc66b007dc087ec67cd52f5b3fded428e25f5c8df7
documents_primary	/home/eirikr/Documents	/home/eirikr/Documents/data/external/sedenions/files/open-pdf/number-sequences/cimen-2019-on-horadam-sedenions.pdf	cimen-2019-on-horadam-sedenions.pdf	382852	1771120091	sedenion	e7b64b62af1d6e1998223bcab0caf57d413054c148eebfe854bdd2c9ec631b90
documents_primary	/home/eirikr/Documents	/home/eirikr/Documents/data/external/sedenions/files/open-pdf/number-sequences/devi-malini-2021-mersenne-lucas-sedenions.pdf	devi-malini-2021-mersenne-lucas-sedenions.pdf	303600	1771120092	sedenion	22d8401e1f78ca238c6738dd989b994de9bf333c0a786198ba832eb3ae9e43fc
documents_primary	/home/eirikr/Documents	/home/eirikr/Documents/data/external/sedenions/files/open-pdf/split-contra-para-style/zhilina-2022-doubly-alternative-zero-divisors.pdf	zhilina-2022-doubly-alternative-zero-divisors.pdf	449912	1771120080	sedenion	49cf136d97a78800c42561db316ac935c5f4a06f77edab540d4786fe643ffbe9
documents_primary	/home/eirikr/Documents	/home/eirikr/Documents/data/external/sedenions/files/open-pdf/split-contra-para-style/wilmot-2025-structure-cayley-dickson-algebras.pdf	wilmot-2025-structure-cayley-dickson-algebras.pdf	376660	1771120080	cayley,dickson	b26567a0c598e6ba2ffa7757509c2b0fb627b8264eba3c1470d8e044b932fb47
documents_primary	/home/eirikr/Documents	/home/eirikr/Documents/data/external/sedenions/files/open-pdf/split-contra-para-style/zhilina-2019-relation-graphs-split-contra-sedenion.pdf	zhilina-2019-relation-graphs-split-contra-sedenion.pdf	300305	1771120076	sedenion	f8808f451304073f566c87cbc74ebe27247c758838d263c0d3000213e0d98e59
documents_primary	/home/eirikr/Documents	/home/eirikr/Documents/data/external/sedenions/files/open-pdf/split-contra-para-style/guterman-zhilina-2018-relation-graphs-real-cayley-dickson.pdf	guterman-zhilina-2018-relation-graphs-real-cayley-dickson.pdf	321603	1771120078	cayley,dickson	3a40e49706770bf3677a082da4ac69da73f64a2e084718dcfd49294edcab087f
documents_primary	/home/eirikr/Documents	/home/eirikr/Documents/data/external/sedenions/files/open-pdf/bi-sedenions/winters-hilt-2023-emanator-theory-split-octonions.pdf	winters-hilt-2023-emanator-theory-split-octonions.pdf	904235	1771120082	octonion	82a32fae34ccae5fcc0270e3e2173114104ffe3b6fc19a1aed162500fda3c819
documents_primary	/home/eirikr/Documents	/home/eirikr/Documents/data/external/sedenions/files/open-pdf/bi-sedenions/winters-hilt-2015-feynman-cayley-path-integrals.pdf	winters-hilt-2015-feynman-cayley-path-integrals.pdf	302318	1771120205	cayley	1e71b999600e924823852e7d8924f8c84ad09583e6c74caff61cb74f497c638f
documents_primary	/home/eirikr/Documents	/home/eirikr/Documents/data/external/sedenions/files/open-pdf/bi-sedenions/winters-hilt-2018-22-letters-of-reality.pdf	winters-hilt-2018-22-letters-of-reality.pdf	789243	1771120081	sedenion	968c263dfe079d08b343864a5e39a00aef467ac5c5a6ed7619c96ea42b59069b
documents_primary	/home/eirikr/Documents	/home/eirikr/Documents/data/external/sedenions/files/open-pdf/sedenions-cayley-dickson/demarrais-2000-diagonal-axis-pair-systems-zero-divisors.pdf	demarrais-2000-diagonal-axis-pair-systems-zero-divisors.pdf	441893	1771120073	cayley,dickson,sedenion	20a66711a71e41714fa2305a03a05ae4b9e8d90d65ee52f439bdeb733ff9ea45
documents_primary	/home/eirikr/Documents	/home/eirikr/Documents/data/external/sedenions/files/open-pdf/sedenions-cayley-dickson/kumar-2024-sedenion-like-associative-algebra.pdf	kumar-2024-sedenion-like-associative-algebra.pdf	133003	1771120073	sedenion	3c974bd69f5dfe3354261cdf2949c8c731438b8b79d6ca734f045476d8bb9ac5
documents_primary	/home/eirikr/Documents	/home/eirikr/Documents/data/external/sedenions/files/open-pdf/sedenions-cayley-dickson/moreno-2005-constructing-zero-divisors-higher-cayley-dickson.pdf	moreno-2005-constructing-zero-divisors-higher-cayley-dickson.pdf	179042	1771120072	cayley,dickson	32fe067046f230b7b8f1f30fef9411170ea9223b68ec31de4bc27b61cc73d129
documents_primary	/home/eirikr/Documents	/home/eirikr/Documents/data/external/sedenions/files/open-pdf/sedenions-cayley-dickson/moreno-1997-zero-divisors-cayley-dickson.pdf	moreno-1997-zero-divisors-cayley-dickson.pdf	156678	1771120072	cayley,dickson	69c07b17e648ee079605d464902cd917c0d4e05857db35fb119285d2fc83b71b
documents_primary	/home/eirikr/Documents	/home/eirikr/Documents/data/external/sedenions/files/open-pdf/sedenions-cayley-dickson/reggiani-2024-geometry-sedenion-zero-divisors.pdf	reggiani-2024-geometry-sedenion-zero-divisors.pdf	226232	1771120072	sedenion	12b3e6adcc432f2590b6883624778830e988a96dfb4a337f8ef5f5b5290e9d18
documents_primary	/home/eirikr/Documents	/home/eirikr/Documents/data/external/sedenions/files/open-pdf/sedenions-cayley-dickson/cariow-2012-rationalized-algorithm-sedenion-product.pdf	cariow-2012-rationalized-algorithm-sedenion-product.pdf	2003	1771120145	sedenion	a488927529ec97ae8f9de854e547a190f7c975d7ac7fb540bebf46f3f11a12ab
documents_primary	/home/eirikr/Documents	/home/eirikr/Documents/data/external/sedenions/files/open-pdf/sedenions-cayley-dickson/cawagas-2005-subloop-structure-cayley-dickson-sedenion-loop.pdf	cawagas-2005-subloop-structure-cayley-dickson-sedenion-loop.pdf	183438	1771120074	cayley,dickson,sedenion	83159c569612e706a67f7165329ca6134ee94614a5593b590c30b7884bb9babf
documents_primary	/home/eirikr/Documents	/home/eirikr/Documents/data/external/sedenions/files/open-pdf/slides-lecture-notes/gardner-cayley-dickson-construction-notes.pdf	gardner-cayley-dickson-construction-notes.pdf	306432	1771120087	cayley,dickson	8c93a1bd7c2651d49074a46dcafe311dda85a8060ba07757591f2eef626eedc7
documents_primary	/home/eirikr/Documents	/home/eirikr/Documents/data/external/sedenions/files/open-pdf/slides-lecture-notes/wilmot-slides-nonassociative-g2-sedenions.pdf	wilmot-slides-nonassociative-g2-sedenions.pdf	263004	1771120089	sedenion	0eaa91fc785687f6851b1302c6ad3b581bc0f87197fc0d1df1a759cc9aab3034
documents_primary	/home/eirikr/Documents	/home/eirikr/Documents/data/external/sedenions/files/open-pdf/slides-lecture-notes/biss-christensen-dugger-isaksen-eigentheory-cayley-dickson.pdf	biss-christensen-dugger-isaksen-eigentheory-cayley-dickson.pdf	441444	1771120087	cayley,dickson	dc49b5764a550ce521d0a9d8f992b1763c844aecb18096a35328b549ac0e911d
documents_primary	/home/eirikr/Documents	/home/eirikr/Documents/data/external/sedenions/files/open-pdf/physics-motivated/gresnigt-2019-sedenions-clifford-cl8-three-generations.pdf	gresnigt-2019-sedenions-clifford-cl8-three-generations.pdf	342964	1771120085	sedenion	b5fb4982d65e9fcd12e812ba1e056d177dac45b3e43a8c5cfad3e9173fcac399
documents_primary	/home/eirikr/Documents	/home/eirikr/Documents/data/external/sedenions/files/open-pdf/physics-motivated/tang-tang-2024-sedenion-algebra-model-mdpi.pdf	tang-tang-2024-sedenion-algebra-model-mdpi.pdf	2663153	1771124076	sedenion	a19e2a0df1a108b6f7bd9fa9e34008cfb77d8b4d91a7c11ccdd8e6fb2692ade8
documents_primary	/home/eirikr/Documents	/home/eirikr/Documents/data/external/sedenions/files/open-pdf/physics-motivated/tang-tang-2024-sedenion-algebra-model-mdpi.proxy.txt	tang-tang-2024-sedenion-algebra-model-mdpi.proxy.txt	496	1771120277	sedenion	9c08cdd65ebbe30ee5f3c8a7293cb644f2859caa80a199232abc92414affa4ff
documents_primary	/home/eirikr/Documents	/home/eirikr/Documents/data/external/sedenions/files/open-pdf/physics-motivated/wilmot-2025-automorphisms-of-sedenions.pdf	wilmot-2025-automorphisms-of-sedenions.pdf	353728	1771120082	sedenion	2fefa736f6ed2ac9b10485a2110a7b2c4689b0039730f2c536edbbd625051f4d
documents_primary	/home/eirikr/Documents	/home/eirikr/Documents/data/external/sedenions/files/open-pdf/physics-motivated/gresnigt-2023-sedenion-algebraic-representation-colored-generations.pdf	gresnigt-2023-sedenion-algebraic-representation-colored-generations.pdf	14371	1771120085	sedenion	8d64af5bf03538cbf39e5543acbd627baf6943cbf4e01ee59a0fffd4f8d994a8
documents_primary	/home/eirikr/Documents	/home/eirikr/Documents/data/external/sedenions/files/open-pdf/physics-motivated/tang-tang-2023-sedenion-algebra-three-generations-su5.pdf	tang-tang-2023-sedenion-algebra-three-generations-su5.pdf	588679	1771120083	sedenion	38ad641c6f2683cf4a00a817fc7129e568added96ea0fe0cfa99b672142d1138
documents_primary	/home/eirikr/Documents	/home/eirikr/Documents/data/external/sedenions/files/open-pdf/physics-motivated/tang-tang-2023-unified-sedenion-model-three-generations.pdf	tang-tang-2023-unified-sedenion-model-three-generations.pdf	631574	1771120083	sedenion	a7ce7136f4364e5c9364f411c9952c8c7433a562f8460ca2644fa1dc55994120
documents_primary	/home/eirikr/Documents	/home/eirikr/Documents/data/external/sedenions/files/open-pdf/physics-motivated/wilmot-2025-construction-exceptional-lie-algebra-g2.pdf	wilmot-2025-construction-exceptional-lie-algebra-g2.pdf	490680	1771120082	sedenion	323d74c03dde7565f8b088aae488e60b30160d02f77c97edc8042d2f3eacc78c
documents_primary	/home/eirikr/Documents	/home/eirikr/Documents/data/external/sedenions/files/open-pdf/analysis-geometry/koebisu-2025-singular-structures-geometric-holonomy.pdf	koebisu-2025-singular-structures-geometric-holonomy.pdf	845244	1771120086	sedenion	469f13cd838152fd661ac6e4585658542c68532a04ce1c7c38b26645bf35adc9
documents_primary	/home/eirikr/Documents	/home/eirikr/Documents/data/external/sedenions/files/open-pdf/analysis-geometry/dou-jin-ren-sabadini-2025-convergence-domains-star-power-series.pdf	dou-jin-ren-sabadini-2025-convergence-domains-star-power-series.pdf	830365	1771120086	sedenion	dcc5ce606d06b56100f217711d01c5f8e475b16999d9a3ef2f30ef40ff535a20
documents_primary	/home/eirikr/Documents	/home/eirikr/Documents/data/external/sedenions/files/sedenion-like-associative-constructions/sixteen-dimensional-sedenion-like-associative-algebra.arxiv-2401.01166.pdf	sixteen-dimensional-sedenion-like-associative-algebra.arxiv-2401.01166.pdf	133003	1771120071	sedenion	3c974bd69f5dfe3354261cdf2949c8c731438b8b79d6ca734f045476d8bb9ac5
documents_primary	/home/eirikr/Documents	/home/eirikr/Documents/data/external/sedenions/files/zero-divisors-geometry/geometry-of-sedenion-zero-divisors.arxiv-2411.18881.pdf	geometry-of-sedenion-zero-divisors.arxiv-2411.18881.pdf	226232	1771120070	sedenion	12b3e6adcc432f2590b6883624778830e988a96dfb4a337f8ef5f5b5290e9d18
documents_primary	/home/eirikr/Documents	/home/eirikr/Documents/data/external/sedenions_addenda/raw_links.txt	raw_links.txt	6104	1771124476	sedenion	b5056b3f98ecaef009c431cf56162f387744e013bd6c953a77424625abb18f1a
documents_primary	/home/eirikr/Documents	/home/eirikr/Documents/data/external/sedenions_addenda/unresolved_direct_sources.md	unresolved_direct_sources.md	412	1771128463	sedenion	96140fb4ed5e3ab59e644cc9e4abdb6558e9fb7c87fc69ecfd0e65a9bf0cf243
documents_primary	/home/eirikr/Documents	/home/eirikr/Documents/data/external/sedenions_addenda/files/openpdf/integral-arithmetic/non-orth-cd-d74dea84.pdf	non-orth-cd-d74dea84.pdf	415162	1771124537	cd	59e79d35085962507a71ecadbd5d2169b14a2533006b6f9ab7f115a51127b20c
documents_primary	/home/eirikr/Documents	/home/eirikr/Documents/data/external/sedenions_addenda/files/openpdf/loops-frames/204756513-a9d3d624.pdf	204756513-a9d3d624.pdf	1915799	1579209916	sedenion	f0c3997ab21db1fe5e322f36437204f4c453587b4d46612b9fa5c74cc1f1e9d6
documents_primary	/home/eirikr/Documents	/home/eirikr/Documents/data/external/sedenions_addenda/files/openpdf/loops-frames/dr-lib-iastate-edu-server-api-core-bitstreams-5c18ea0e-08ae-4d8a-86b7-4522d482d42b-content-e1fed0a2.pdf	dr-lib-iastate-edu-server-api-core-bitstreams-5c18ea0e-08ae-4d8a-86b7-4522d482d42b-content-e1fed0a2.pdf	1841423	1771124516	sedenion	7fdc45dd8ea3ae497b50b7ca7cd8dc3529adfa0f588617d8426f16b4abc8a374
documents_primary	/home/eirikr/Documents	/home/eirikr/Documents/data/external/sedenions_addenda/files/openpdf/nonstandard-16d/1849986-808ea32a.pdf	1849986-808ea32a.pdf	379915	1771124516	sedenion	a1574d3a1c8ce1676ae270cb7e9a3c3653f33d58ef54ede33720c7bb990a6dff
documents_primary	/home/eirikr/Documents	/home/eirikr/Documents/data/external/sedenions_addenda/files/openpdf/nonstandard-16d/3642320-374fc99f.pdf	3642320-374fc99f.pdf	890999	1771124517	sedenion	4b346f20b6a1c4d3615751a469f9704b94668939f19702afc6d26dd8a526ac0f
documents_primary	/home/eirikr/Documents	/home/eirikr/Documents/data/external/sedenions_addenda/files/openpdf/nonstandard-16d/1808-1cafb080.pdf	1808-1cafb080.pdf	178441	1771124515	sedenion	3dca3bcbe60ae3f50b9bd0c298cde8e59c6c04cffd38b520de5e83a7b7f6a485
documents_primary	/home/eirikr/Documents	/home/eirikr/Documents/data/external/sedenions_addenda/files/openpdf/beyond-32d/0907-2047-95e8624a.pdf	0907-2047-95e8624a.pdf	245005	1771124512	sedenion	202833bbbf36b0c8bb6ca0c448c98df3f21e2f072a82e3b30c0b029f19cb8ce1
documents_primary	/home/eirikr/Documents	/home/eirikr/Documents/data/external/sedenions_addenda/files/openpdf/complexified/2306-5a53efb2.pdf	2306-5a53efb2.pdf	473467	1771124513	sedenion	edeb214d587bfca4222762a184a20dfb181ee0cb6e2d1c999bdc8e92f47efef4
documents_primary	/home/eirikr/Documents	/home/eirikr/Documents/data/external/sedenions_addenda/files/openpdf/complexified/s10052-023-11923-y-a-631da7bb.pdf	s10052-023-11923-y-a-631da7bb.pdf	447928	1771124515	sedenion	73d1a03532d62ef7dc9f1871f47af7007979838c52ec25030420690c085f2679
documents_primary	/home/eirikr/Documents	/home/eirikr/Documents/data/external/sedenions_addenda/files/openpdf/complexified/1904-418dceb5.pdf	1904-418dceb5.pdf	561369	1771124513	sedenion	d13f10f52afca7c5a7c97b3d970491df4a40811d0564df419567c5a91df8904d
documents_primary	/home/eirikr/Documents	/home/eirikr/Documents/data/external/sedenions_addenda/files/openpdf/dual-sedenions/JAKO201401657870716-8c10fe36.pdf	JAKO201401657870716-8c10fe36.pdf	117760	1771124514	sedenion	b8c4545290289f994b0ff9d5dacc238f68aaa999de09bc9859e52d7ab2216853
documents_primary	/home/eirikr/Documents	/home/eirikr/Documents/data/external/sedenions_addenda/files/openpdf/split-family/svetlana-zhilina-e2a481ee.pdf	svetlana-zhilina-e2a481ee.pdf	51831	1771124514	sedenion	9be09e95236ef2a66895782c9256ea924e2f6081483d2c0c6f6182fa9ef8c5ac
documents_primary	/home/eirikr/Documents	/home/eirikr/Documents/data/external/sedenions_addenda/files/openpdf/split-family/s10958-023-06285-5-c037123c.pdf	s10958-023-06285-5-c037123c.pdf	288775	1771124514	sedenion	94b17bcbdc61f50740461d1cfb5cb86f7d26a69ca89a73f5b6f2c5d094e1c1f6
documents_primary	/home/eirikr/Documents	/home/eirikr/Documents/data/external/sedenions_addenda/files/openpdf/core-cd/S0002-9939-2015-12826-2-8a946a15.pdf	S0002-9939-2015-12826-2-8a946a15.pdf	186374	1771124513	cd,sedenion	a3371e72e8ac3b80f96e995fa91f041eee01da90f8ca840168d8067c05fed845
documents_primary	/home/eirikr/Documents	/home/eirikr/Documents/data/external/sedenions_addenda/files/openpdf/core-cd/conjugacy-classes-of-subalgebras-of-the-real-sedenions-b565583f.pdf	conjugacy-classes-of-subalgebras-of-the-real-sedenions-b565583f.pdf	221728	1771124513	sedenion	c4379e7222df2bc86f14602fdfd09327317aa9fd874a6b30562c868a0dc95838
documents_primary	/home/eirikr/Documents	/home/eirikr/Documents/data/external/sedenions_addenda/files/openpdf/core-cd/729117-39048808.pdf	729117-39048808.pdf	393173	1771124513	cd,sedenion	b3876255599bcd50f7e51ed50044e4f2b74cd2e7945b4416b6fb196bc6eae010
documents_primary	/home/eirikr/Documents	/home/eirikr/Documents/data/external/sedenions_addenda/files/openpdf/core-cd/dr-lib-iastate-edu-server-api-core-bitstreams-7acefa00-fdc3-4691-a20f-4a3494587690-content-3ffff180.pdf	dr-lib-iastate-edu-server-api-core-bitstreams-7acefa00-fdc3-4691-a20f-4a3494587690-content-3ffff180.pdf	247969	1771124513	cd,sedenion	a2fd5e4710bf45b20aafbed067904ed97dafd753e6c6d66896d28543d4150131
documents_primary	/home/eirikr/Documents	/home/eirikr/Documents/data/external/sedenions_addenda/files/openpdf/core-cd/An-algebraic-proof-Sedenions-are-not-a-division-algebra-and-other-consequences-of-Cayley-Dickson-Algebra-definition-variation-c08657d8.pdf	An-algebraic-proof-Sedenions-are-not-a-division-algebra-and-other-consequences-of-Cayley-Dickson-Algebra-definition-variation-c08657d8.pdf	767094	1771128399	cayley,dickson,sedenion	14ea9807ee8ab7f3e44a9b6afc102eea48830eeca0a37576c2ad4682856312d2
documents_primary	/home/eirikr/Documents	/home/eirikr/Documents/data/external/sedenions_addenda/files/openpdf/core-cd/0405424-69d67824.pdf	0405424-69d67824.pdf	116449	1771124512	cd,sedenion	2f7095b586930e5946a7db19757622bd31dfe9e157c17f19ac32db8b305c3079
documents_primary	/home/eirikr/Documents	/home/eirikr/Documents/data/external/sedenions_addenda/files/openpdf/core-cd/82141950-08bda771.pdf	82141950-08bda771.pdf	237	1771125572	cd,sedenion	1260a9eba6d1bf3799ad71e36c5ea5a8eda1e43ffa9f8d494471d62b9580d556
documents_primary	/home/eirikr/Documents	/home/eirikr/Documents/data/external/sedenions_addenda/files/openpdf/core-cd/lann-225af3b2.pdf	lann-225af3b2.pdf	318870	1771124513	cd,sedenion	a71cd4fdfc58d4d40ddf35bfdf94a3d13cabb87a5a0426cae4217ef457a1014a
documents_primary	/home/eirikr/Documents	/home/eirikr/Documents/data/external/sedenions_addenda/files/openpdf/core-cd/0905-d1e93307.pdf	0905-d1e93307.pdf	254373	1771124512	cd,sedenion	a30589160a7228bfe151a3b44eadae96373b51a0aa27223864f2a2c804b63a5c
documents_primary	/home/eirikr/Documents	/home/eirikr/Documents/data/external/sedenions_addenda/files/openpdf/generalized-cd/Cayley-Dickson-and-Clifford-Algebras-as-Twisted-Group-Algebras-2c5ed00e.pdf	Cayley-Dickson-and-Clifford-Algebras-as-Twisted-Group-Algebras-2c5ed00e.pdf	202903	1771128399	cayley,dickson	235df4e3144791ef4daf17f93594498d5212f565fdfa7daea3b9b186687a7eac
documents_primary	/home/eirikr/Documents	/home/eirikr/Documents/data/external/sedenions_addenda/files/openpdf/generalized-cd/1707-cf58d70b.pdf	1707-cf58d70b.pdf	358610	1771124513	cd,sedenion	c6d8b6d37f474aa0dcef33397ecb12068302b6101566dd0b6c4ffa800a094fd0
documents_primary	/home/eirikr/Documents	/home/eirikr/Documents/data/external/sedenions_addenda/files/openpdf/generalized-cd/flaut-27f51536.pdf	flaut-27f51536.pdf	216868	1771124515	cd,sedenion	cd7cd4177aadb1313319f2c246014e28ff9b9c532c5f2224124428262563e378
documents_primary	/home/eirikr/Documents	/home/eirikr/Documents/data/external/sedenions_addenda/files/openpdf/generalized-cd/1107-0ce19d55.pdf	1107-0ce19d55.pdf	294587	1771124513	cd,sedenion	5139c19a99555f8b390c0bd8097243bdad946742324c14ad4da5760f3308d30c
documents_primary	/home/eirikr/Documents	/home/eirikr/Documents/data/external/sedenions_addenda/files/openpdf/generalized-cd/FULLTEXT01-7bb727ae.pdf	FULLTEXT01-7bb727ae.pdf	452288	1771124515	cd,sedenion	4d4b725677c74ca8bfce28ae5e68b6eae7b76aff8da409b18b061d0930d3ea41
documents_primary	/home/eirikr/Documents	/home/eirikr/Documents/data/external/sedenions_addenda/files/openpdf/generalized-cd/1474295358-48351c1d.pdf	1474295358-48351c1d.pdf	177030	1771124513	cd,sedenion	fd8dd77e70aafb40e353178a5faab080c87a6cd0b450b1d102bb5d24e8dc9b86
documents_primary	/home/eirikr/Documents	/home/eirikr/Documents/data/external/cd_synthesis_axes/raw_links.txt	raw_links.txt	8366	1771128898	cd	f4675d99160f02cd807c11e372f006550d4629753f7cb990e4b0ffced3b8fe71
documents_primary	/home/eirikr/Documents	/home/eirikr/Documents/data/external/cd_synthesis_axes/theory_narrative_next25.md	theory_narrative_next25.md	2127	1771184700	cd	bcc6385e727349649236ecebe4f78131f037c723720e9cf36c47017a0983c96e
documents_primary	/home/eirikr/Documents	/home/eirikr/Documents/data/external/cd_synthesis_axes/claims_experiments.toml	claims_experiments.toml	25560	1771184657	cd	74f6269e24d44f4c4057ced60d95dc50896733298386f2184e573b064b84dad3
documents_primary	/home/eirikr/Documents	/home/eirikr/Documents/data/external/cd_synthesis_axes/unresolved_urls_final.md	unresolved_urls_final.md	994	1771177554	cd	555477ab43d93b8634d85ac162c94e7699f8c699958bc431474cb41057c2fad0
documents_primary	/home/eirikr/Documents	/home/eirikr/Documents/data/external/cd_synthesis_axes/files/m6/representation/1405-2dcfda8e.pdf	1405-2dcfda8e.pdf	434317	1771130735	cd	d7e6f0dbd044b904e3e52849edac92a6a45cccf97815d6d82014f87bc2a62636
documents_primary	/home/eirikr/Documents	/home/eirikr/Documents/data/external/cd_synthesis_axes/files/m6/representation/1602-e6af4309.pdf	1602-e6af4309.pdf	120533	1771130735	cd	fbbe14abacae04442426cfef47eb7e2779464d69f4c71e2b45220b9caad51f35
documents_primary	/home/eirikr/Documents	/home/eirikr/Documents/data/external/cd_synthesis_axes/files/m6/representation/1602-5f83c982.pdf	1602-5f83c982.pdf	43492	1771139552	cd	55893a0406beea9b559899001bb41ba375469b4f759a6fa741fd79d8e781a7ed
documents_primary	/home/eirikr/Documents	/home/eirikr/Documents/data/external/cd_synthesis_axes/files/m6/representation/ceedeenions-40c63f2f.pdf	ceedeenions-40c63f2f.pdf	394250	1771130737	cd	808f3e5edcd4341ac0904e7b313472cf030c7c0cbd7993ec473aedaa8e59cec5
documents_primary	/home/eirikr/Documents	/home/eirikr/Documents/data/external/cd_synthesis_axes/files/m6/representation/A-Tree-for-Computing-the-Cayley-Dickson-Twist-889dfb86.pdf	A-Tree-for-Computing-the-Cayley-Dickson-Twist-889dfb86.pdf	667	1771139482	cayley,dickson	c458a6bd161ae740307b343cccf57df2225f50990e92000be4b5eae822b44c6f
documents_primary	/home/eirikr/Documents	/home/eirikr/Documents/data/external/cd_synthesis_axes/files/m7/function-base/0406306-b5d698a9.pdf	0406306-b5d698a9.pdf	126810	1771130736	cd	56c75f5426ac461bb3cd8db0fdfcdd34083b5513aac4c73fc6224a78e6769b59
documents_primary	/home/eirikr/Documents	/home/eirikr/Documents/data/external/cd_synthesis_axes/files/m7/function-base/2205-51ac8795.pdf	2205-51ac8795.pdf	191320	1771130736	cd	9460c306707b947b91ac73343ba17a0d310b76c0f29a1429481c1fa2250fd0b6
documents_primary	/home/eirikr/Documents	/home/eirikr/Documents/data/external/cd_synthesis_axes/files/m7/function-base/1204-97b2107d.pdf	1204-97b2107d.pdf	334262	1771130736	cd	50c575619a811bfbf01e92a76be9523184ad6dc8bcabd33bd89a72e4bcbb50fd
documents_primary	/home/eirikr/Documents	/home/eirikr/Documents/data/external/cd_synthesis_axes/files/m7/function-base/0405471-5f82639f.pdf	0405471-5f82639f.pdf	523208	1771130736	cd	9101c9bf36966fd4c58c33ee8ddf685303cd5465032657b25a56daabde88d849
documents_primary	/home/eirikr/Documents	/home/eirikr/Documents/data/external/cd_synthesis_axes/files/m7/function-base/cm-episciences-org-12476-pdf-21e5d564.pdf	cm-episciences-org-12476-pdf-21e5d564.pdf	313578	1771130737	cd	5fd10ebafa80541ea6ba28e59c0a6af4a1a0c235d3352c8b144da160b472e7d0
documents_primary	/home/eirikr/Documents	/home/eirikr/Documents/data/external/cd_synthesis_axes/files/m1/construction/pjm-v117-n1-pjm-v117-n1-p10-s-3ff5b0d9.pdf	pjm-v117-n1-pjm-v117-n1-p10-s-3ff5b0d9.pdf	240	1771177528	cd	9cbf6a447b5c928188213d077679222f842ad55c704b827adc6dc650b049010b
documents_primary	/home/eirikr/Documents	/home/eirikr/Documents/data/external/cd_synthesis_axes/files/m1/construction/2-3-Cayley-Dickson-20process-bd653199.pdf	2-3-Cayley-Dickson-20process-bd653199.pdf	1130658	1771130735	cayley,dickson	e7b97c0ef9ba38f1f923c32b54689d11d0fbee247f2dd6279266f65257169003
documents_primary	/home/eirikr/Documents	/home/eirikr/Documents/data/external/cd_synthesis_axes/files/m1/construction/schafer-nonassociative-algebras-c15f8f35.pdf	schafer-nonassociative-algebras-c15f8f35.pdf	5916574	1771130735	cd	f18fea489fc363f178e41e2b04c6d4db84585d4c49bda0e307202db3dfad051c
documents_primary	/home/eirikr/Documents	/home/eirikr/Documents/data/external/cd_synthesis_axes/files/m1/construction/pjm-v20-n3-p03-s-179b79ac.pdf	pjm-v20-n3-p03-s-179b79ac.pdf	1008368	1771130734	cd	03ffabb6b1f05282fe6c2d65ced324741108e07f717e1228a69432e3d7d4ee0d
documents_primary	/home/eirikr/Documents	/home/eirikr/Documents/data/external/cd_synthesis_axes/files/tags/n0/0207003v1-a1c496fd.pdf	0207003v1-a1c496fd.pdf	304671	1771139482	cd	4ce77adf6d0ac2cdde814d7f93ccf4b26da7cfe172a53ff5c18b3f6629a4cf3a
documents_primary	/home/eirikr/Documents	/home/eirikr/Documents/data/external/cd_synthesis_axes/files/tags/m3/2403-03763-8fac4acb.pdf	2403-03763-8fac4acb.pdf	235836	1771130737	cd	56e792505db42aec0983968ce761fcde4b6b9b9e6a3107291ef5834cd3eb7a99
documents_primary	/home/eirikr/Documents	/home/eirikr/Documents/data/external/cd_synthesis_axes/files/tags/m3/2205-07986-ea832aa7.pdf	2205-07986-ea832aa7.pdf	171034	1771130737	cd	bbad08fca3cd21463ce4e5a62f2ddfe4876c06f1796cbecd02a92c5a7668860e
documents_primary	/home/eirikr/Documents	/home/eirikr/Documents/data/external/cd_synthesis_axes/files/tags/s1/0511691-d44c4cb5.pdf	0511691-d44c4cb5.pdf	374167	1771130737	cd	3caddaf6d09b32b76ac4e4081ca0ebd0115d41aff0e94a77581fca85fab9c9a5
documents_primary	/home/eirikr/Documents	/home/eirikr/Documents/data/external/cd_synthesis_axes/files/m8/arithmetic/073-c28c5dda.pdf	073-c28c5dda.pdf	1213761	1771130738	cd	1dee10f7c61491114d0293718db5d1fcdc8a4c602dab6700846c35262cc65d76
documents_primary	/home/eirikr/Documents	/home/eirikr/Documents/data/external/cd_synthesis_axes/files/m2/identity-regime/ptt110-d91e7c01.pdf	ptt110-d91e7c01.pdf	525	1771139479	cd	b39dcde7e008cf1e4d227e370309a3d0de7f4d5790f6b8d02cf6f31ffe53dbe8
documents_primary	/home/eirikr/Documents	/home/eirikr/Documents/data/external/cd_synthesis_axes/files/m3/zero-divisors/17-2-3-6ed3419d.pdf	17-2-3-6ed3419d.pdf	391656	1771130735	cd	4851d355cccc03916b514ba6ec914fcdc0613c22289fe126cfe9dbc3674f2b3d
documents_primary	/home/eirikr/Documents	/home/eirikr/Documents/data/external/cd_synthesis_axes/files/m3/zero-divisors/0207003-6bbb803e.pdf	0207003-6bbb803e.pdf	304671	1771130734	cd	4ce77adf6d0ac2cdde814d7f93ccf4b26da7cfe172a53ff5c18b3f6629a4cf3a
documents_primary	/home/eirikr/Documents	/home/eirikr/Documents/data/external/cd_synthesis_axes/files/m3/zero-divisors/0403113-dd6c39f2.pdf	0403113-dd6c39f2.pdf	206494	1771130735	cd	3ebb75f053d225d8602fa0e70157fcbae40a8d42ef807c75501ecc704ed10872
documents_primary	/home/eirikr/Documents	/home/eirikr/Documents/data/external/cd_synthesis_axes/files/m3/zero-divisors/0603281-5a00c6d4.pdf	0603281-5a00c6d4.pdf	402016	1771130735	cd	3ca3892d929f027deb676e17586c2a4fbde0762fca30717f8841cd363459ac5c
documents_primary	/home/eirikr/Documents	/home/eirikr/Documents/data/external/cd_synthesis_axes/files/m3/zero-divisors/0704-a20a133a.pdf	0704-a20a133a.pdf	201711	1771130735	cd	64c8d447564c3d066471bb9352e33fd6a05d5215918a044a1db25fbe70a604f1
documents_primary	/home/eirikr/Documents	/home/eirikr/Documents/data/external/cd_synthesis_axes/files/m5/loops/1505440830-a0bf1445.pdf	1505440830-a0bf1445.pdf	1015627	1771130735	cd	20f99fabadf14092c293b6756438553b6ab10d783358a9ebc10e6811b1b15e99
documents_primary	/home/eirikr/Documents	/home/eirikr/Documents/data/external/cd_synthesis_axes/files/m5/loops/1102-59b95a7f.pdf	1102-59b95a7f.pdf	663591	1771130735	cd	757573d77524457234c8694b9801af5aef7bf8b671c8acedad0ac90e12c9d1fd
documents_primary	/home/eirikr/Documents	/home/eirikr/Documents/data/external/cd_synthesis_axes/files/m5/loops/0412390-aedcddde.pdf	0412390-aedcddde.pdf	239721	1771130735	cd	e86d22f9240cf02f0e4282cc2783b8e2ef6a9f64bd2c9e39e4d8363573b70621
documents_primary	/home/eirikr/Documents	/home/eirikr/Documents/data/external/cd_synthesis_axes/files/m5/loops/cayleydickson-algebras-and-loops-1736-4337-1-101-082879a2.pdf	cayleydickson-algebras-and-loops-1736-4337-1-101-082879a2.pdf	173935	1771130736	cayley,dickson	b724855d5a7b7070c281b35aac3eb051b51647eaa54f4b4500eac4266d6730bf
documents_primary	/home/eirikr/Documents	/home/eirikr/Documents/data/external/hypercomplex/files/octonions/integral-arithmetic/1606-4364e155.pdf	1606-4364e155.pdf	2425723	1771121200	octonion	18ab8624120954522cd0d7ee9cf382e039114e85294ddd0b90174d2fde2da24e
documents_primary	/home/eirikr/Documents	/home/eirikr/Documents/data/external/hypercomplex/files/octonions/integral-arithmetic/north-cd-e8-833d18c2.pdf	north-cd-e8-833d18c2.pdf	415492	1771121199	cd	6d4b6c835e26ca4fb665335e54af47b608882ba3ed73292e5a2f493f1c71adf2
documents_primary	/home/eirikr/Documents	/home/eirikr/Documents/data/external/hypercomplex/files/octonions/integral-arithmetic/projecteuclid-org-journalArticle-Download-fc025707.pdf	projecteuclid-org-journalArticle-Download-fc025707.pdf	138708	1771121206	octonion	77385f0d486d9bef25efb0e41a8efbc699e879ea75b8def40d8cb57c281c7230
documents_primary	/home/eirikr/Documents	/home/eirikr/Documents/data/external/hypercomplex/files/octonions/integral-arithmetic/8Lattice-7cbf9c92.pdf	8Lattice-7cbf9c92.pdf	197994	1771122366	octonion	c4a9126efd130bff375f28ee3178613d245bf7bb4b8f3faadb8b0029fb324673
documents_primary	/home/eirikr/Documents	/home/eirikr/Documents/data/external/hypercomplex/files/octonions/integral-arithmetic/1502-9ed74323.pdf	1502-9ed74323.pdf	607688	1771121201	octonion	9a9900b100b01316ce408f815d00381e8c0735a46c2a77a13782a1e7fd4bb229
documents_primary	/home/eirikr/Documents	/home/eirikr/Documents/data/external/hypercomplex/files/octonions/integral-arithmetic/AFST-1993-6-2-2-271-0-579a461d.pdf	AFST-1993-6-2-2-271-0-579a461d.pdf	1372980	1771121203	octonion	c828b9ad64ab74886eebcafddd4840eaf1dd35dfe98806199bdb963d0b2aedef
documents_primary	/home/eirikr/Documents	/home/eirikr/Documents/data/external/hypercomplex/files/octonions/integral-arithmetic/0506349-0fcf24e3.pdf	0506349-0fcf24e3.pdf	566106	1771121199	octonion	7cb6a525b3f3ca4e1cd541b21ab1a5042b74fa9b1352cf9749b03f3ad2fe8bc2
documents_primary	/home/eirikr/Documents	/home/eirikr/Documents/data/external/hypercomplex/files/octonions/integral-arithmetic/oideals-22107e31.pdf	oideals-22107e31.pdf	116451	1771121203	octonion	dbd2c9d4ec2a4f35b8d54eb04be710a1ee7cd01caf1e5f4a40cf528ca4937f90
documents_primary	/home/eirikr/Documents	/home/eirikr/Documents/data/external/hypercomplex/files/octonions/integral-arithmetic/Cayley-Orders-159b2c9e.pdf	Cayley-Orders-159b2c9e.pdf	603	1771122979	cayley	a0be7ecc82be224ed52518e122d8e55e29ebe78eead47137b7c4f73170caa01f
documents_primary	/home/eirikr/Documents	/home/eirikr/Documents/data/external/hypercomplex/files/octonions/integral-arithmetic/JMPA-1923-9-2-281-0-3d6a6079.pdf	JMPA-1923-9-2-281-0-3d6a6079.pdf	2622962	1771121205	octonion	652466d9ab54fb3981ab2fb89667c5996af03f8c633c424b2a4309cd77aeeefe
documents_primary	/home/eirikr/Documents	/home/eirikr/Documents/data/external/hypercomplex/files/octonions/integral-arithmetic/ass-rem-int-oct-bb26bfba.pdf	ass-rem-int-oct-bb26bfba.pdf	239553	1771121197	octonion	f2f431fa779b89b92bda1491acdcaf35a4d3e6536ac42f1c9e05eec42511cd75
documents_primary	/home/eirikr/Documents	/home/eirikr/Documents/data/external/hypercomplex/files/octonions/integral-arithmetic/1707-ffd6306d.pdf	1707-ffd6306d.pdf	173615	1771121201	octonion	41e50cabf5ea90531859a5e3cd10583ba0b05263c3789735b8359a4bb588fdda
documents_primary	/home/eirikr/Documents	/home/eirikr/Documents/data/external/hypercomplex/files/octonions/general-fields-rings-schemes/25156-pdf-40135e0b.pdf	25156-pdf-40135e0b.pdf	587689	1771121185	octonion	519dc7962a712f2f043f4061167a91ddd93d04ee1fc9635da6311cb9b9b06926
documents_primary	/home/eirikr/Documents	/home/eirikr/Documents/data/external/hypercomplex/files/octonions/general-fields-rings-schemes/1704-221f561a.pdf	1704-221f561a.pdf	597576	1771121182	octonion	10b88de43c17c5e04cf1db341f1d3a03e22207233d80c53d9e1de97baf59c74b
documents_primary	/home/eirikr/Documents	/home/eirikr/Documents/data/external/hypercomplex/files/octonions/general-fields-rings-schemes/1210-e42fc9b5.pdf	1210-e42fc9b5.pdf	130574	1771121182	octonion	f86ea032619faaab51e0fbe1f6dce89a63aaa8f1701811d7eac28889e0691516
documents_primary	/home/eirikr/Documents	/home/eirikr/Documents/data/external/hypercomplex/files/octonions/general-fields-rings-schemes/lopera16-8a2cb6f4.pdf	lopera16-8a2cb6f4.pdf	362157	1771121184	octonion	236a12abd5e46f754ae6488658e0e59c09edabc934593705e8c0c962566c9f9f
documents_primary	/home/eirikr/Documents	/home/eirikr/Documents/data/external/hypercomplex/files/octonions/general-fields-rings-schemes/1704-52c81cf7.pdf	1704-52c81cf7.pdf	465100	1771121182	octonion	455206f9f5e8b0b4f00c16e6a0124f06ee6b31cb2a78ef6c51e1e4950a7eb41b
documents_primary	/home/eirikr/Documents	/home/eirikr/Documents/data/external/hypercomplex/files/octonions/general-fields-rings-schemes/2309-7c63a0db.pdf	2309-7c63a0db.pdf	246683	1771121183	octonion	1adebc8ea2a5be52f74ff886187b482b790cc1a7dfb492fe82131b3af5688a16
documents_primary	/home/eirikr/Documents	/home/eirikr/Documents/data/external/hypercomplex/files/octonions/presentation-zorn/1011-6c134329.pdf	1011-6c134329.pdf	152665	1771121210	octonion	90c1c29c6198068d18c77d99acae1c9be62a5b4341be8494438a079651a550fe
documents_primary	/home/eirikr/Documents	/home/eirikr/Documents/data/external/hypercomplex/files/octonions/presentation-zorn/1704-221f561a.pdf	1704-221f561a.pdf	597576	1771121207	octonion	10b88de43c17c5e04cf1db341f1d3a03e22207233d80c53d9e1de97baf59c74b
documents_primary	/home/eirikr/Documents	/home/eirikr/Documents/data/external/hypercomplex/files/octonions/presentation-zorn/composition-2012-04-19-13c6582b.pdf	composition-2012-04-19-13c6582b.pdf	301706	1771121207	octonion	cfb9bea1b0b54b0cdce65c1b2c3837f82e3ef3a8bbe50272b1c5f11fc81cde30
documents_primary	/home/eirikr/Documents	/home/eirikr/Documents/data/external/hypercomplex/files/octonions/presentation-zorn/0206028-31875ec9.pdf	0206028-31875ec9.pdf	75972	1771121210	octonion	949ec9361e9ea2e0a4b58331b004348d320ffb2fc312853fa20317ff6ad0ec79
documents_primary	/home/eirikr/Documents	/home/eirikr/Documents/data/external/hypercomplex/files/octonions/presentation-zorn/Alb-alg-Ottawa-2012-Vii-new-c6a59dba.pdf	Alb-alg-Ottawa-2012-Vii-new-c6a59dba.pdf	520144	1771121207	octonion	4f62ee8c4555ff018fac9583b1c092cb246220df28c4ec7ca67cc612dcf8c028
documents_primary	/home/eirikr/Documents	/home/eirikr/Documents/data/external/hypercomplex/files/octonions/dual-number-coeff/1702-5439db2f.pdf	1702-5439db2f.pdf	122863	1771121189	octonion	8f2039c44f3a4306c2ad84a8baa8f1b3c2929839fbe3096264b8b53062b70a81
documents_primary	/home/eirikr/Documents	/home/eirikr/Documents/data/external/hypercomplex/files/octonions/dual-number-coeff/NNTDM-25-1-137-149-5af92482.pdf	NNTDM-25-1-137-149-5af92482.pdf	319474	1771121191	octonion	3d0c066b6ef67677d6ade9481074604cb55458b2a37d4db57513168e9924352a
documents_primary	/home/eirikr/Documents	/home/eirikr/Documents/data/external/hypercomplex/files/octonions/dual-number-coeff/math-07-05-483-99fa1621.pdf	math-07-05-483-99fa1621.pdf	209561	1771121196	octonion	b414f9facf8ad61065f07e099c3e85c5ff2d95d161d2503532883a68df4c656f
documents_primary	/home/eirikr/Documents	/home/eirikr/Documents/data/external/hypercomplex/files/octonions/real-split/1011-6c134329.pdf	1011-6c134329.pdf	152665	1771121174	octonion	90c1c29c6198068d18c77d99acae1c9be62a5b4341be8494438a079651a550fe
documents_primary	/home/eirikr/Documents	/home/eirikr/Documents/data/external/hypercomplex/files/octonions/real-split/2409-63269230.pdf	2409-63269230.pdf	83969	1771121175	octonion	69ee5002915f643b11f7ebe3eaa822228b17ff704a9288b6a153e51ab4db5160
documents_primary	/home/eirikr/Documents	/home/eirikr/Documents/data/external/hypercomplex/files/octonions/real-split/cm-episciences-org-15431-pdf-4972fb53.pdf	cm-episciences-org-15431-pdf-4972fb53.pdf	218589	1771121177	octonion	7697fea05435258c86077ce2e091d3898c0a7eec483c659ba3e3c7c523b4dbfa
documents_primary	/home/eirikr/Documents	/home/eirikr/Documents/data/external/hypercomplex/files/octonions/real-split/0808-73c9505a.pdf	0808-73c9505a.pdf	146247	1771121174	octonion	ac2e4a6e2f7e73c2865c1e09ab9dea60bfe00c1aeb50b8497198ae0c2a9d67cb
documents_primary	/home/eirikr/Documents	/home/eirikr/Documents/data/external/hypercomplex/files/octonions/real-split/1610-1aa68f84.pdf	1610-1aa68f84.pdf	93695	1771121175	octonion	f858a21a83838bee8093ac9ef3446f7c004725293455dc5ec04a9b75453219ba
documents_primary	/home/eirikr/Documents	/home/eirikr/Documents/data/external/hypercomplex/files/octonions/real-split/2012-ac66074e.pdf	2012-ac66074e.pdf	204971	1771121175	octonion	d9de248ded5b01fb461375e3b08aeb9ab53bc0a8e5e810512de8c5806d367178
documents_primary	/home/eirikr/Documents	/home/eirikr/Documents/data/external/hypercomplex/files/octonions/real-split/0505101-868494d5.pdf	0505101-868494d5.pdf	140293	1771121175	octonion	e8a10dd4c191af865e99dfa7e6bb7e43ab2b83f52b85f470def4097ab1e30e01
documents_primary	/home/eirikr/Documents	/home/eirikr/Documents/data/external/hypercomplex/files/octonions/complexified-bioctonions/1503-ee9f7cd7.pdf	1503-ee9f7cd7.pdf	205569	1771121187	cd	0b31c3a5807c512a6a9872b87e0bb92972df00c38c1d32ccd194f7324ee640a4
documents_primary	/home/eirikr/Documents	/home/eirikr/Documents/data/external/hypercomplex/files/octonions/complexified-bioctonions/2202-afbdb3d5.pdf	2202-afbdb3d5.pdf	1178888	1771121186	octonion	7c25fc90094b4c49ab60e00d56db365a3984b0d5e78a721ca8f52d43f5512a44
documents_primary	/home/eirikr/Documents	/home/eirikr/Documents/data/external/hypercomplex/files/octonions/complexified-bioctonions/2108-664ba966.pdf	2108-664ba966.pdf	592871	1771121186	octonion	c3119f998b0647ed95136f0a729a09d504bd09c7243e5899c87529047dee1cca
documents_primary	/home/eirikr/Documents	/home/eirikr/Documents/data/external/hypercomplex/files/octonions/complexified-bioctonions/0707-3529ad02.pdf	0707-3529ad02.pdf	79376	1771121189	octonion	dea76f0763a7c34f3bd732bdc232dd3c1714c4c5d1bcfb84ef9da1b2055e96d9
documents_primary	/home/eirikr/Documents	/home/eirikr/Documents/data/external/hypercomplex/files/octonions/complexified-bioctonions/2501-44dd12d8.pdf	2501-44dd12d8.pdf	1652495	1771121186	octonion	64084f7e2ce33140cce43b5ced0a7f199df6fe5ea2cdaaf037e90f9aa3c9f221
documents_primary	/home/eirikr/Documents	/home/eirikr/Documents/data/external/hypercomplex/files/octonions/complexified-bioctonions/2504-5c382ad8.pdf	2504-5c382ad8.pdf	144392	1771121186	octonion	bc8e9a0f0c8e54a1c3a33c55a08c00c203022a3031f3f3a1a5fab371586a65e5
documents_primary	/home/eirikr/Documents	/home/eirikr/Documents/data/external/hypercomplex/files/octonions/complexified-bioctonions/get-fe237c57.pdf	get-fe237c57.pdf	197004	1771121189	octonion	8898692f06e6ab810038da5af26f9f38803a7669a5f1f3df75620eec9ad660cb
documents_primary	/home/eirikr/Documents	/home/eirikr/Documents/data/external/hypercomplex/files/octonions/real-division/Octonions-bd31332e.pdf	Octonions-bd31332e.pdf	683031	1771121173	octonion	74453789beaaf42349c2d33be5279510e3516958c301f487fe2e150245214053
documents_primary	/home/eirikr/Documents	/home/eirikr/Documents/data/external/hypercomplex/files/octonions/real-division/octonions-57b55415.pdf	octonions-57b55415.pdf	506195	1771121172	octonion	6c7a8356a43de7c573e36fc891c4cd1378c8a219a16cec5f268812dd63ad9d97
documents_primary	/home/eirikr/Documents	/home/eirikr/Documents/data/external/hypercomplex/files/octonions/real-division/0105155-2a483dde.pdf	0105155-2a483dde.pdf	526062	1771121172	octonion	f8087fb91b10cdbee2157e8eec8c33ac6b918b0de2c8c1fd16b4d8183f0868cc
documents_primary	/home/eirikr/Documents	/home/eirikr/Documents/data/external/hypercomplex/files/octonions/real-division/octonions-9c0ed47b.pdf	octonions-9c0ed47b.pdf	2618	1771121174	octonion	090bbe3fb74e1aba11736cdf70390b6a1e6c56aab1800ddfae1ecbdd5be4b427
documents_primary	/home/eirikr/Documents	/home/eirikr/Documents/data/external/hypercomplex/files/octonions/real-division/Octonions-ec2979d5.pdf	Octonions-ec2979d5.pdf	120757	1771121174	octonion	3d90abff8c81ca9668df60572c4514b378f7ea12613654275ad4bb60585dc607
documents_primary	/home/eirikr/Documents	/home/eirikr/Documents/data/external/hypercomplex/files/octonions/real-division/27-c8ce00c4.pdf	27-c8ce00c4.pdf	50828	1771121174	octonion	cd484a9a2b1937ae41cf6070621a7f920916c9513e7199ef7bc6a23de0e02531
documents_primary	/home/eirikr/Documents	/home/eirikr/Documents/data/external/hypercomplex/files/octonions/presentation-cayley-dickson/octonions-57b55415.pdf	octonions-57b55415.pdf	506195	1771121206	octonion	6c7a8356a43de7c573e36fc891c4cd1378c8a219a16cec5f268812dd63ad9d97
documents_primary	/home/eirikr/Documents	/home/eirikr/Documents/data/external/hypercomplex/files/octonions/presentation-cayley-dickson/Octonions-ec2979d5.pdf	Octonions-ec2979d5.pdf	120757	1771121206	octonion	3d90abff8c81ca9668df60572c4514b378f7ea12613654275ad4bb60585dc607
documents_primary	/home/eirikr/Documents	/home/eirikr/Documents/data/external/hypercomplex/files/octonions/scispace-real-division/0105155-59f2a0df.pdf	0105155-59f2a0df.pdf	526062	1771121211	octonion	f8087fb91b10cdbee2157e8eec8c33ac6b918b0de2c8c1fd16b4d8183f0868cc
documents_primary	/home/eirikr/Documents	/home/eirikr/Documents/data/external/hypercomplex/files/octonions/scispace-split/2412-00032-400ad5b2.pdf	2412-00032-400ad5b2.pdf	218589	1771121212	octonion	7697fea05435258c86077ce2e091d3898c0a7eec483c659ba3e3c7c523b4dbfa
documents_primary	/home/eirikr/Documents	/home/eirikr/Documents/data/external/hypercomplex/files/octonions/classification-two-real/composition-2012-04-19-13c6582b.pdf	composition-2012-04-19-13c6582b.pdf	301706	1771121177	octonion	cfb9bea1b0b54b0cdce65c1b2c3837f82e3ef3a8bbe50272b1c5f11fc81cde30
documents_primary	/home/eirikr/Documents	/home/eirikr/Documents/data/external/hypercomplex/files/octonions/classification-two-real/draft-20split-49c0d8f8.pdf	draft-20split-49c0d8f8.pdf	147584	1771121179	octonion	3deab84063b9701bb1058797ed13b866e6e09f789e1fbe9eae804bbe3d523a07
documents_primary	/home/eirikr/Documents	/home/eirikr/Documents/data/external/hypercomplex/files/octonions/classification-two-real/CIMPA-Madagascar2021-Elduque-CompositionAlgebras-375aa312.pdf	CIMPA-Madagascar2021-Elduque-CompositionAlgebras-375aa312.pdf	866079	1771121182	octonion	041f7c71e1f95c29fc751390d81c482bed618c0650aef9da96b58474aca4fab0
documents_primary	/home/eirikr/Documents	/home/eirikr/Documents/data/external/hypercomplex/files/octonions/scispace-general-fields/2311-02269-92abf79c.pdf	2311-02269-92abf79c.pdf	220175	1771121215	octonion	608153e12e4d0165ddaa894549fda4223330d74818d65025678dae33d763dd8f
documents_primary	/home/eirikr/Documents	/home/eirikr/Documents/data/external/hypercomplex/files/octonions/scispace-general-fields/2209-12620-5430300e.pdf	2209-12620-5430300e.pdf	325671	1771121214	octonion	6ee64ceb2fab3c3b5c6c67b0e1d0dd635bb27cc50daeae377d9799864f3fb900
documents_primary	/home/eirikr/Documents	/home/eirikr/Documents/data/external/hypercomplex/files/octonions/scispace-general-fields/2310-09972-1ccfe735.pdf	2310-09972-1ccfe735.pdf	388012	1771121214	octonion	98bb1517ae5b867a6f2959fa7e956122ff44f2d1c7254b4a2c5601281dfff719
documents_primary	/home/eirikr/Documents	/home/eirikr/Documents/data/external/hypercomplex/files/octonions/scispace-general-fields/2204-07139-e3ffb616.pdf	2204-07139-e3ffb616.pdf	175727	1771121213	octonion	d066fddd1099cf1b2ea027e74db63d37e790dede1638acc2eb1ed1be6c1f0b1b
documents_primary	/home/eirikr/Documents	/home/eirikr/Documents/data/external/hypercomplex/files/octonions/scispace-integral/2209-02398-788575f3.pdf	2209-02398-788575f3.pdf	247017	1771121216	octonion	421cf504a9ecac7e1579a55c6de0f3fd57561a826bbdfb9a08bf374ee8b2510b
documents_primary	/home/eirikr/Documents	/home/eirikr/Documents/data/external/hypercomplex/files/quaternions/real-hamilton/Quaternions-60d2a7d0.pdf	Quaternions-60d2a7d0.pdf	143766	1771120989	quaternion	a5d64912c70a41198e2508c602cbbb8948663c077612f134f7e881ded6d2ee25
documents_primary	/home/eirikr/Documents	/home/eirikr/Documents/data/external/hypercomplex/files/quaternions/real-hamilton/quaternion-d154935c.pdf	quaternion-d154935c.pdf	126872	1771120989	quaternion	275f7fb368f767ef01fdbd765f984a97bb3e9d01f8c7856032352650a42927db
documents_primary	/home/eirikr/Documents	/home/eirikr/Documents/data/external/hypercomplex/files/quaternions/real-hamilton/quaternion-34558a02.pdf	quaternion-34558a02.pdf	202889	1771120989	quaternion	d4c57c8601a4804adde9d5f857bef24242c384d58a5cff0714b17f88b3eabd26
documents_primary	/home/eirikr/Documents	/home/eirikr/Documents/data/external/hypercomplex/files/quaternions/real-hamilton/QuaternionWeb-722c47ed.pdf	QuaternionWeb-722c47ed.pdf	325337	1771120990	quaternion	5b6d82c54bb1cdc134b46626749d8bb9778e60917918397f0aa9e0a9d99beafb
documents_primary	/home/eirikr/Documents	/home/eirikr/Documents/data/external/hypercomplex/files/quaternions/real-hamilton/Quatern2-efbba009.pdf	Quatern2-efbba009.pdf	201801	1771120988	quaternion	34b687404c3ee110412d2c31141651e1395546f1ed4b8c7f0b49e96828a6b2e5
documents_primary	/home/eirikr/Documents	/home/eirikr/Documents/data/external/hypercomplex/files/quaternions/real-hamilton/lecture-5-f6beb4aa.pdf	lecture-5-f6beb4aa.pdf	170429	1771120991	quaternion	b92f4a3522a5bc8ec9a60659b32f2df339d7430fe5b0d8c520e3fad1156168cd
documents_primary	/home/eirikr/Documents	/home/eirikr/Documents/data/external/hypercomplex/files/quaternions/scalar-extension/quat-book-907ed405.pdf	quat-book-907ed405.pdf	10662087	1771121018	quaternion	a6423ba29492bce4bf410d23b4131a6c71ce2e313760f056f4ece27da4ae08ab
documents_primary	/home/eirikr/Documents	/home/eirikr/Documents/data/external/hypercomplex/files/quaternions/scalar-extension/quaternionalg-714d5f66.pdf	quaternionalg-714d5f66.pdf	354434	1771121019	quaternion	8d9ec76e5fe7bbfcf92cd875d23bbff18202b9033f42637e611c5c1a36939937
documents_primary	/home/eirikr/Documents	/home/eirikr/Documents/data/external/hypercomplex/files/quaternions/clifford-ga/ga-lecture-notes-5d47a56a.pdf	ga-lecture-notes-5d47a56a.pdf	850212	1771122365	quaternion	6949cedf4a2baace787c63991958e7cfba7d0ffe892f7e45c8575e3183a74743
documents_primary	/home/eirikr/Documents	/home/eirikr/Documents/data/external/hypercomplex/files/quaternions/clifford-ga/clifford-readthedocs-io-downloads-en-v1-3-0-pdf-0e24bbe0.pdf	clifford-readthedocs-io-downloads-en-v1-3-0-pdf-0e24bbe0.pdf	871530	1771121143	quaternion	cd8507a9970496da43f862671e3c8c93f777b8f2f57617c6c7683e065b72388c
documents_primary	/home/eirikr/Documents	/home/eirikr/Documents/data/external/hypercomplex/files/quaternions/clifford-ga/biquat-ad53597e.pdf	biquat-ad53597e.pdf	26295	1771122362	quaternion	71b81ef6b0346cd93454e149ae33708c8cba303c19adb75f982ac4e00f8c1df5
documents_primary	/home/eirikr/Documents	/home/eirikr/Documents/data/external/hypercomplex/files/quaternions/clifford-ga/openreview-net-pdf-77f906a5.pdf	openreview-net-pdf-77f906a5.pdf	384360	1771121142	quaternion	bc37ae749bd42080d8997c15b19aae795dc011d223ae1452582bad4471fc1566
documents_primary	/home/eirikr/Documents	/home/eirikr/Documents/data/external/hypercomplex/files/quaternions/reduced-quaternions/37-3-14-15290-6f8234e5.pdf	37-3-14-15290-6f8234e5.pdf	205707	1771121161	quaternion	9c90f8ad0918301df93669ad63b8cfbf4947400460a4ea5c5594771076145070
documents_primary	/home/eirikr/Documents	/home/eirikr/Documents/data/external/hypercomplex/files/quaternions/reduced-quaternions/2412-b7ad2e0f.pdf	2412-b7ad2e0f.pdf	583552	1771121158	quaternion	6b00c76b51a138b93538576930075a0c27b01dc4788d8af9e81e38b571836c80
documents_primary	/home/eirikr/Documents	/home/eirikr/Documents/data/external/hypercomplex/files/quaternions/reduced-quaternions/af0f0e56f844c7a0d6d4b57726fb5ba633c3-79cb2776.pdf	af0f0e56f844c7a0d6d4b57726fb5ba633c3-79cb2776.pdf	1977192	1771121156	quaternion	53501444b0c5459f6590ce87d62ee419cc91617a3e83bea6f405a2353b980993
documents_primary	/home/eirikr/Documents	/home/eirikr/Documents/data/external/hypercomplex/files/quaternions/reduced-quaternions/38-15-12-21745-4185523e.pdf	38-15-12-21745-4185523e.pdf	245769	1771121158	quaternion	3a487785d2aac28586d8322985473fd7c1e03416ed0c56e45f5cd9173e9b86b4
documents_primary	/home/eirikr/Documents	/home/eirikr/Documents/data/external/hypercomplex/files/quaternions/reduced-quaternions/2203-091d883f.pdf	2203-091d883f.pdf	208796	1771121155	quaternion	654cc05b0882b15074970392a3d46d3440e47a7fb77e86e5d01dd5aacea030ec
documents_primary	/home/eirikr/Documents	/home/eirikr/Documents/data/external/hypercomplex/files/quaternions/reduced-quaternions/math-07-03-181-aacbc8c8.pdf	math-07-03-181-aacbc8c8.pdf	292648	1771121162	quaternion	f24c8d75079574c623da6857de15fd4e795fc565e869b51b830089c358774179
documents_primary	/home/eirikr/Documents	/home/eirikr/Documents/data/external/hypercomplex/files/quaternions/lipschitz/erin-alissa-ce34840a.pdf	erin-alissa-ce34840a.pdf	2113418	1771121140	quaternion	45926b90caccd783d85ff3f56b07f80def882e0e408ff7717473a37b537eca4b
documents_primary	/home/eirikr/Documents	/home/eirikr/Documents/data/external/hypercomplex/files/quaternions/lipschitz/1201-5817v2-736e24f7.pdf	1201-5817v2-736e24f7.pdf	182310	1771121138	quaternion	b568254fa5ec3c0c5880380676e88ad0648e435b84bc70e3212d01c6b2034f20
documents_primary	/home/eirikr/Documents	/home/eirikr/Documents/data/external/hypercomplex/files/quaternions/lipschitz/sumoffoursquares-f1626968.pdf	sumoffoursquares-f1626968.pdf	181186	1771121138	quaternion	ea09e2c967100740c03350cf3e8f6910beb9c01df1cb5cbeddcda79fe11a2c15
documents_primary	/home/eirikr/Documents	/home/eirikr/Documents/data/external/hypercomplex/files/quaternions/lipschitz/projecteuclid-org-journalArticle-Download-ed08f83b.pdf	projecteuclid-org-journalArticle-Download-ed08f83b.pdf	139059	1771121138	quaternion	3efd1738920f44e0282b89739827b312d7f4127bee11ece92421d080fa68bed4
documents_primary	/home/eirikr/Documents	/home/eirikr/Documents/data/external/hypercomplex/files/quaternions/hyperbolic-terminology/EQUATIONS-6-7-fc5629be.pdf	EQUATIONS-6-7-fc5629be.pdf	125704	1771121016	quaternion	67aa2aca7db12fe78e85d091142939ab9d90d83494bbe77fa95d39e6f80823ef
documents_primary	/home/eirikr/Documents	/home/eirikr/Documents/data/external/hypercomplex/files/quaternions/hyperbolic-terminology/flmn223p8441-8454-bdcbb320.pdf	flmn223p8441-8454-bdcbb320.pdf	206312	1771122358	quaternion	c7e93058d6c8d7ba20dfd9bf216cf30640198499d9ce5565059e8aee8153a236
documents_primary	/home/eirikr/Documents	/home/eirikr/Documents/data/external/hypercomplex/files/quaternions/split-coquaternions/364-8729f1bc.pdf	364-8729f1bc.pdf	798837	1771122360	quaternion	b20ef21b594f94ec3669d67d7916e8d7a2990544e0761d01f63b02a86745829c
documents_primary	/home/eirikr/Documents	/home/eirikr/Documents/data/external/hypercomplex/files/quaternions/split-coquaternions/1405-95ee5538.pdf	1405-95ee5538.pdf	145348	1771120994	quaternion	d1ec7810da698162cd44dbd9cea9b8bab3fa82a02b349b01867f688168c268dc
documents_primary	/home/eirikr/Documents	/home/eirikr/Documents/data/external/hypercomplex/files/quaternions/split-coquaternions/7-e7b3db73.pdf	7-e7b3db73.pdf	746158	1771120992	quaternion	4c58878a824c0652ee8e48654803b9147012fb38c55d3c2eab6032b14b6d5c59
documents_primary	/home/eirikr/Documents	/home/eirikr/Documents/data/external/hypercomplex/files/quaternions/split-coquaternions/132798758-c766b7e5.pdf	132798758-c766b7e5.pdf	842599	1771121015	quaternion	09b87cec3ada658a2e807418a74c68f111725effa24b5d613cb4659b4c577c35
documents_primary	/home/eirikr/Documents	/home/eirikr/Documents/data/external/hypercomplex/files/quaternions/tensor-tower/565-f8e85530.pdf	565-f8e85530.pdf	237528	1771121146	quaternion	a1f8b40a5b16045e23eceb7848cbc97df9342f5b2e26ba57a26efd248e77a4db
documents_primary	/home/eirikr/Documents	/home/eirikr/Documents/data/external/hypercomplex/files/quaternions/tensor-tower/scipost-org-SciPostPhysProc-14-030-pdf-eaef9708.pdf	scipost-org-SciPostPhysProc-14-030-pdf-eaef9708.pdf	226472	1771121144	quaternion	4404ff9a333ea13e4c6a8af7b11f0d306f3b5bcf773cd34f852f7489a055e6d7
documents_primary	/home/eirikr/Documents	/home/eirikr/Documents/data/external/hypercomplex/files/quaternions/tensor-tower/WiddowsDPhil-9f458c74.pdf	WiddowsDPhil-9f458c74.pdf	727038	1771121147	quaternion	c01e8a8c08fb7171e166ab109606f3cae589a5c4a7e96188d0d104e861e897c9
documents_primary	/home/eirikr/Documents	/home/eirikr/Documents/data/external/hypercomplex/files/quaternions/biquaternions/1209-b6a14491.pdf	1209-b6a14491.pdf	128323	1771121021	quaternion	164d55f882f0ddb59d28d77a39b63ba452fd67a070acdff91b923db9669af766
documents_primary	/home/eirikr/Documents	/home/eirikr/Documents/data/external/hypercomplex/files/quaternions/biquaternions/1001-0240v1-bd4b921b.pdf	1001-0240v1-bd4b921b.pdf	326043	1771121021	quaternion	e9d6e03f7440cb2964ee98be5ff4f60bdd3ebba2438c6044c11c3b271255b93a
documents_primary	/home/eirikr/Documents	/home/eirikr/Documents/data/external/hypercomplex/files/quaternions/biquaternions/0506190-8c0ad913.pdf	0506190-8c0ad913.pdf	94112	1771121019	quaternion	52853e3d032cbd61f09aaecbc838967befa1c7cccb80ef5f4d98eb919897a19d
documents_primary	/home/eirikr/Documents	/home/eirikr/Documents/data/external/hypercomplex/files/quaternions/biquaternions/2550-abc72923.pdf	2550-abc72923.pdf	1046349	1771121025	quaternion	e65cb1d4543791d84134fa88474b2556eacd69076e26e99f0a741db766727c82
documents_primary	/home/eirikr/Documents	/home/eirikr/Documents/data/external/hypercomplex/files/quaternions/biquaternions/10-1007-s00006-013-0387-3-5B1-5D-b1e13370.pdf	10-1007-s00006-013-0387-3-5B1-5D-b1e13370.pdf	483751	1771121023	quaternion	0dcab768f6dcf0e1ba5a524b8afc5dc5ac470b3dcbd33cc35089801cbce1849f
documents_primary	/home/eirikr/Documents	/home/eirikr/Documents/data/external/hypercomplex/files/quaternions/signature-generalized/1405-2e356260.pdf	1405-2e356260.pdf	173964	1771120991	quaternion	205ac05aed682ce4c9bf45ba80e27623067e409b94737159ffaf99097bd493f8
documents_primary	/home/eirikr/Documents	/home/eirikr/Documents/data/external/hypercomplex/files/quaternions/signature-generalized/1810-6c637f87.pdf	1810-6c637f87.pdf	184822	1771120991	quaternion	63333c86463fab89cc5e9df228d706791d1e72c9a829a68188b9b589f42fc7e0
documents_primary	/home/eirikr/Documents	/home/eirikr/Documents/data/external/hypercomplex/files/quaternions/signature-generalized/2101-9ca1bc8a.pdf	2101-9ca1bc8a.pdf	297901	1771120991	quaternion	936b314529b93d75eefd31fe3a888eced931077a59a75394ec98c93cd91bbb85
documents_primary	/home/eirikr/Documents	/home/eirikr/Documents/data/external/hypercomplex/files/quaternions/arithmetic-orders/chenevier-lecture6-67a063e3.pdf	chenevier-lecture6-67a063e3.pdf	363341	1771122550	quaternion	87eb3f1c8c0a0f1bd612010e3326c55a335e7645d6af7490069486d291f5a382
documents_primary	/home/eirikr/Documents	/home/eirikr/Documents/data/external/hypercomplex/files/quaternions/arithmetic-orders/CompMathHilbertSymbols-c0290bba.pdf	CompMathHilbertSymbols-c0290bba.pdf	130237	1771121135	quaternion	b5a6b46bfc8ac8895792044250220759d37b84b85262bfec328ee9afea24d6fd
documents_primary	/home/eirikr/Documents	/home/eirikr/Documents/data/external/hypercomplex/files/quaternions/arithmetic-orders/v-0-1-9af53c12.pdf	v-0-1-9af53c12.pdf	428877	1771121136	quaternion	f5aeb100e0d4a745d1c89a47210c393dfd3652f658ee060d2cf31b08a7ad03ab
documents_primary	/home/eirikr/Documents	/home/eirikr/Documents/data/external/hypercomplex/files/quaternions/arithmetic-orders/ch6-44b9ac67.pdf	ch6-44b9ac67.pdf	650680	1771122355	quaternion	b72dbffc2256349ee5241367caa49c28575ac3c83f09a3ec850c5a4a2d579e4f
documents_primary	/home/eirikr/Documents	/home/eirikr/Documents/data/external/hypercomplex/files/quaternions/arithmetic-orders/MaximalOrders-3675804f.pdf	MaximalOrders-3675804f.pdf	166042	1771121133	quaternion	b0480383a419e77b1807770aaf4a7f216c76a68fea145da97e739e78f21f7821
documents_primary	/home/eirikr/Documents	/home/eirikr/Documents/data/external/hypercomplex/files/quaternions/arithmetic-orders/2409-8b24d527.pdf	2409-8b24d527.pdf	605773	1771121135	quaternion	b6ecc6b083a7e47b15fd0dd1349c28670b397190739a2a1a971bd7426da46507
documents_primary	/home/eirikr/Documents	/home/eirikr/Documents/data/external/hypercomplex/files/quaternions/arithmetic-orders/quaternion-2012-d2cf3899.pdf	quaternion-2012-d2cf3899.pdf	420227	1771121135	quaternion	d0f6df0ca3c18c1e94fbf2f931429879b779e3b08270cb28c134780854ceeb0b
documents_primary	/home/eirikr/Documents	/home/eirikr/Documents/data/external/hypercomplex/files/quaternions/quad-quaternions/1512-3a30cf0f.pdf	1512-3a30cf0f.pdf	662071	1771121149	quaternion	7d3cc8801e0c9966501f75b1e77a617d3bdd20afab86eb2bf192b0e1ca64f1c8
documents_primary	/home/eirikr/Documents	/home/eirikr/Documents/data/external/hypercomplex/files/quaternions/quad-quaternions/213293-91d42df9.pdf	213293-91d42df9.pdf	653762	1771121148	quaternion	e546b08ac03f619a757fa3ec7b16e38455efd9ffc3d31c348f17f1ac80b674d3
documents_primary	/home/eirikr/Documents	/home/eirikr/Documents/data/external/hypercomplex/files/quaternions/quad-quaternions/DTD-CL-final-78ffb59b.pdf	DTD-CL-final-78ffb59b.pdf	340621	1771121155	quaternion	f907c60c9bc03960921d86a84f98e1b3d410a01bbf0ce38abd683a9377b5b7ab
documents_primary	/home/eirikr/Documents	/home/eirikr/Documents/data/external/hypercomplex/files/quaternions/quad-quaternions/20141023120423925-1a852cb2.pdf	20141023120423925-1a852cb2.pdf	1619907	1771121154	quaternion	b9279107244db48280794cffb79f764065738013a3e59b080e0e711dae4178b4
documents_primary	/home/eirikr/Documents	/home/eirikr/Documents/data/external/hypercomplex/files/quaternions/dual-quaternions/dual-quaternion-77808c89.pdf	dual-quaternion-77808c89.pdf	134187	1771121025	quaternion	bda229c815918f180025315a70e41449bdb1ddf7c6f3082745a584a50c3e901e
documents_primary	/home/eirikr/Documents	/home/eirikr/Documents/data/external/hypercomplex/files/quaternions/dual-quaternions/kavan06dual-3d4296f8.pdf	kavan06dual-3d4296f8.pdf	1247095	1771121026	quaternion	b9ea829c2cfdb3ed4a8b6522b188af0e198eb25049480cfd1b69ce2bf463de99
documents_primary	/home/eirikr/Documents	/home/eirikr/Documents/data/external/hypercomplex/files/quaternions/dual-quaternions/selig-fe473401.pdf	selig-fe473401.pdf	192648	1771122576	quaternion	ef709fa454c7c73172460694682914b2ddc399c3dc2f0283baf9c2e565c884ce
documents_primary	/home/eirikr/Documents	/home/eirikr/Documents/data/external/hypercomplex/files/quaternions/dual-quaternions/introduction-f90a2387.pdf	introduction-f90a2387.pdf	280875	1771121025	quaternion	6123cb0aebcd6b935ee40760abb6d9e1976f52b3bcd361ac86d485a7e39d7a6b
documents_primary	/home/eirikr/Documents	/home/eirikr/Documents/data/external/hypercomplex/files/quaternions/dual-quaternions/gevorkyan-2025-06-en-fa4d416a.pdf	gevorkyan-2025-06-en-fa4d416a.pdf	1062274	1751610361	quaternion	2deab67928486a49adcc539992a5dd89709ba4cfb9bbedfdb04fd4c129811a03
documents_primary	/home/eirikr/Documents	/home/eirikr/Documents/data/external/hypercomplex/files/quaternions/dual-quaternions/1463-Approaching-Dual-Quaternions-from-Matrix-Algebra-e2a6d8a6.pdf	1463-Approaching-Dual-Quaternions-from-Matrix-Algebra-e2a6d8a6.pdf	237417	1771122363	quaternion	265b3eaf66e70e6213f601eeb474de1c58cc5c6fc5b452a480878086932064c7
documents_primary	/home/eirikr/Documents	/home/eirikr/Documents/data/external/hypercomplex/files/quaternions/hurwitz/MaximalOrders-3675804f.pdf	MaximalOrders-3675804f.pdf	166042	1771121141	quaternion	b0480383a419e77b1807770aaf4a7f216c76a68fea145da97e739e78f21f7821
documents_primary	/home/eirikr/Documents	/home/eirikr/Documents/data/external/hypercomplex/files/quaternions/hurwitz/2409-8b24d527.pdf	2409-8b24d527.pdf	605773	1771121140	quaternion	b6ecc6b083a7e47b15fd0dd1349c28670b397190739a2a1a971bd7426da46507
documents_primary	/home/eirikr/Documents	/home/eirikr/Documents/data/external/hypercomplex/files/quaternions/hurwitz/quaternion-2012-d2cf3899.pdf	quaternion-2012-d2cf3899.pdf	420227	1771121140	quaternion	d0f6df0ca3c18c1e94fbf2f931429879b779e3b08270cb28c134780854ceeb0b
documents_primary	/home/eirikr/Documents	/home/eirikr/Documents/data/external/hypercomplex/files/quaternions/general-field/quat-book-907ed405.pdf	quat-book-907ed405.pdf	10662087	1771121124	quaternion	a6423ba29492bce4bf410d23b4131a6c71ce2e313760f056f4ece27da4ae08ab
documents_primary	/home/eirikr/Documents	/home/eirikr/Documents/data/external/hypercomplex/files/quaternions/general-field/JTNB-2000-12-2-367-0-7de712d4.pdf	JTNB-2000-12-2-367-0-7de712d4.pdf	1217285	1771121132	quaternion	6998d5a3903da96fd0243132dca93ab6f17b2ed838a339f640b987a2e972b35e
documents_primary	/home/eirikr/Documents	/home/eirikr/Documents/data/external/hypercomplex/files/quaternions/general-field/Xiao-32190741.pdf	Xiao-32190741.pdf	407205	1771121130	quaternion	ce45af4fd41f96132cec3ccfad6215f584a9cb0b95b74a5749ad239a2da3f211
documents_primary	/home/eirikr/Documents	/home/eirikr/Documents/data/external/hypercomplex/files/quaternions/general-field/QuaternionNotes-281-29-96b8b767.pdf	QuaternionNotes-281-29-96b8b767.pdf	262087	1771121130	quaternion	baf171b3f244378a35f5da5cd6167ba1f661ed5f77b18b74c22f557b2320d98d
documents_primary	/home/eirikr/Documents	/home/eirikr/Documents/data/external/hypercomplex/files/quaternions/general-field/Wolter-eadd4700.pdf	Wolter-eadd4700.pdf	83823	1771121127	quaternion	81b080d9841dd01cf365d6cae01298d753e7a52c0a50ab6706ff5ff8a2d903cf
documents_primary	/home/eirikr/Documents	/home/eirikr/Documents/data/external/hypercomplex/files/quaternions/general-field/ch3-c7305277.pdf	ch3-c7305277.pdf	1076957	1771122356	quaternion	cc64a364ce755c79ee3b83d94b49147b6a65e1502d566171d2a86350a6aa3034
documents_primary	/home/eirikr/Documents	/home/eirikr/Documents/data/external/hypercomplex/files/quaternions/general-field/AlgQuat-8f8e0bb9.pdf	AlgQuat-8f8e0bb9.pdf	343809	1771121128	quaternion	9381d01473fd56e5cf56aba5527b7039abbbcdb14dafd1c26393bf8c3736c755
documents_primary	/home/eirikr/Documents	/home/eirikr/Documents/data/external/hypercomplex/files/quaternions/general-field/quaternionalg-714d5f66.pdf	quaternionalg-714d5f66.pdf	354434	1771121125	quaternion	8d9ec76e5fe7bbfcf92cd875d23bbff18202b9033f42637e611c5c1a36939937
documents_primary	/home/eirikr/Documents	/home/eirikr/Documents/data/external/hypercomplex/files/quaternions/general-field/1910-7a38a290.pdf	1910-7a38a290.pdf	200832	1771121131	quaternion	450592d2f1a63c66eb8d1f9ee3903c6f0159e0df895fc21a609ba8a8eec5bf2c
documents_primary	/home/eirikr/Documents	/home/eirikr/Documents/lambda_gororoba_backups/20260214_121216/workspace_root/archive/intake_lane_retirement/20260214_120649/merge_in/lambda-synthesis-experiments/.pytest_cache/README.md	README.md	302	1771041607	lambda	73fd6fccdd802c419a6b2d983d6c3173b7da97558ac4b589edec2dfe443db9ad
downloads	/home/eirikr/Downloads	/home/eirikr/Downloads/frustration_transport_papers/arxiv_1510.08623_cu3mo2o9_frustrated_1d_thermal.pdf	arxiv_1510.08623_cu3mo2o9_frustrated_1d_thermal.pdf	1127366	1771012246	frustration,transport	f14704d962a6b8aaa9d3f6b7eab88b07d43bd91794d06ef36943372074ea93f3
downloads	/home/eirikr/Downloads	/home/eirikr/Downloads/frustration_transport_papers/arxiv_1809.08429_stolpp_frustration_thermal_conductivity.pdf	arxiv_1809.08429_stolpp_frustration_thermal_conductivity.pdf	895414	1771012246	frustration	3f4140a2ba8c661740760e65db1539d053c376eee8ed33dd856ba975213a7bae
downloads	/home/eirikr/Downloads	/home/eirikr/Downloads/frustration_transport_papers/arxiv_1504.02199_tokiwa_thermal_conductivity_monopoles.pdf	arxiv_1504.02199_tokiwa_thermal_conductivity_monopoles.pdf	762856	1771012246	frustration,transport	961413c63be861c5b7bf5c83c45d1c2fc7370caa2b3c307df59ed5c97f17dfad
downloads	/home/eirikr/Downloads	/home/eirikr/Downloads/frustration_transport_papers/arxiv_1502.02006_hirschberger_thermal_hall_pyrochlore.pdf	arxiv_1502.02006_hirschberger_thermal_hall_pyrochlore.pdf	347804	1771012246	frustration,transport	ff8fe14c75575d73eacd7d98ba8bbb008640b539a1971fb1d15b387be4c5f7cf
downloads	/home/eirikr/Downloads	/home/eirikr/Downloads/frustration_transport_papers/arxiv_condmat_0210311_colloidal_frustration_melting.pdf	arxiv_condmat_0210311_colloidal_frustration_melting.pdf	418496	1771012246	frustration	3fe5167bf2d5f59657590ecc0a80de07afc6495aa87067deae748efc492ff72d
downloads	/home/eirikr/Downloads	/home/eirikr/Downloads/frustration_transport_papers/arxiv_1612.05217_ba8conb6o24_triangular_lattice.pdf	arxiv_1612.05217_ba8conb6o24_triangular_lattice.pdf	852560	1771012246	frustration,transport	6446042f2f24ca84149a24145b549eef3dc76560557763772a36864f2a253fc3
downloads	/home/eirikr/Downloads	/home/eirikr/Downloads/frustration_transport_papers/arxiv_2107.13961_colloidal_viscosity_nanoparticle_md.pdf	arxiv_2107.13961_colloidal_viscosity_nanoparticle_md.pdf	5033835	1771012246	frustration,transport	16ecb3888ede6cc81ff6ee99f26e64c60b1202b5628e2f8bd307cb3a270121eb
downloads	/home/eirikr/Downloads	/home/eirikr/Downloads/frustration_transport_papers/arxiv_2504.15926_ermn6sn6_kagome_nernst_thermoelectric.pdf	arxiv_2504.15926_ermn6sn6_kagome_nernst_thermoelectric.pdf	1185189	1771012246	frustration,transport	bccd116ea0178e70347308a362fca67617e5bd2392a88400b473b45d982c158d
downloads	/home/eirikr/Downloads	/home/eirikr/Downloads/frustration_transport_papers/arxiv_2601.22802_gd3ga5o12_spin_transport_frustration.pdf	arxiv_2601.22802_gd3ga5o12_spin_transport_frustration.pdf	1074443	1771012246	frustration,transport	ca3a2efd1fcec98f174b42972b0cbcd03d140e8d34db61be89ee440775307761
downloads	/home/eirikr/Downloads	/home/eirikr/Downloads/frustration_transport_papers/arxiv_2408.00873_baco2_honeycomb_thermal_scaling.pdf	arxiv_2408.00873_baco2_honeycomb_thermal_scaling.pdf	1409414	1771012246	frustration,transport	3eb55e4fd14067a510d6c5053ea318bd299eabd0e39045cdbff88d2765373268
downloads	/home/eirikr/Downloads	/home/eirikr/Downloads/frustration_transport_papers/arxiv_1612.03881_alpha_rucl3_thermal_conductivity.pdf	arxiv_1612.03881_alpha_rucl3_thermal_conductivity.pdf	3714527	1771012246	frustration,transport	9d4795b93111e6a55309d0534902aa28f95d3c0a60f2c1e0f4cdeedffe77d4a0
downloads	/home/eirikr/Downloads	/home/eirikr/Downloads/frustration_transport_papers/arxiv_2110.01865_linarite_frustrated_spin_chain_transport.pdf	arxiv_2110.01865_linarite_frustrated_spin_chain_transport.pdf	3341181	1771012246	transport	316e317c0b2a3cd5ebc09bb930b8b4b61689dde0a7550164b0fb3a4b99960820
downloads	/home/eirikr/Downloads	/home/eirikr/Downloads/frustration_transport_papers/arxiv_2404.12637_ymn6sn6_topological_magnon_frustration.pdf	arxiv_2404.12637_ymn6sn6_topological_magnon_frustration.pdf	10623148	1771012246	frustration	6444d12e97ac3641fd29dfd2c56147e2601b8f32ad7ebd640a406e8cdcd6fb3c
