QFT_AI_1,QFT_AI_2,QFT_AI_3,QFT_AI_4,QFT_AI_5,QFT_AI_6,QFT_AI_7,QFT_AI_8
2.4053798242190085,2.0677353260426035,1.9435228567388552,1.8978276429448675,1.8810173132301258,1.8748331385287589,1.8725581077955133,1.871721170760719
2.6773320806317686,2.1782472846329504,1.9946442487837415,1.9271004665581544,1.9022524976983997,1.8931114408000278,1.8897486338965384,1.8885115263721153
2.541597381831624,2.3249614760176627,2.2452655800491534,2.215947098376601,2.205161431722907,2.201193606701685,2.1997339254502113,2.199196938727131
3.019917557592726,2.7062508882077685,2.590859369160323,2.5484092016172246,2.5327926577038355,2.527047652255949,2.5249341828622534,2.5241566809227676
3.062156015995029,2.6258518165406732,2.4653444714646513,2.4062971190541727,2.3845748120467523,2.376583621883908,2.3736438273125064,2.37256233732842
2.5815567620771778,2.113045269366126,1.9406895232451857,1.8772833876795274,1.853957573960792,1.8453764866450748,1.8422196810387252,1.8410583571563746
3.2663117488883033,3.0621773682291895,2.987080526348436,2.9594539421236044,2.9492906897574973,2.9455518381565695,2.9441763915189973,2.943670392978606
2.0807085009854345,1.881339184178703,1.8079953113251102,1.7810136083663812,1.7710875945600701,1.7674360181479445,1.7660926782580568,1.7655984911300615
