AI_QG_1,AI_QG_2,AI_QG_3,AI_QG_4,AI_QG_5,AI_QG_6,AI_QG_7,AI_QG_8
1.844955411731584,1.6457537633526982,1.5724715722666434,1.5455125607620868,1.535594894675256,1.5319463892175078,1.5306041790686002,1.5301104075490857
1.5429404655018535,1.5169260181034538,1.5073558377321465,1.5038351651252402,1.502539982054064,1.5020635108296247,1.5018882268618439,1.5018237434937303
2.0667467516174285,2.00067290609973,1.976365696734631,1.967423574136961,1.9641339510728437,1.9629237663783516,1.9624785643092275,1.96231478362083
2.5496830456917903,2.072913869671341,1.8975202916291691,1.8329966001539553,1.809259660591735,1.800527328530465,1.7973148830916417,1.7961330904588135
2.844582292555261,2.2967568012430046,2.095223065639581,2.0210829476086003,1.9938083224189784,1.9837745485460598,1.9800833294208497,1.9787254057918262
3.0812425871031515,2.6437352224728508,2.4827852576642653,2.4235750745539195,2.4017928654796266,2.393779638577896,2.390831737143308,2.389747264810923
1.112993113335724,0.9791168271099382,0.929866493747088,0.9117483086320554,0.9050830008168965,0.9026309711026201,0.9017289197815964,0.9013970736457102
2.3243612795343997,2.1904803502579084,2.1412283088121593,2.1231094953285443,2.1164439563495026,2.1139918415947863,2.113089758989133,2.1127579013442745
