QFT_LS_1,QFT_LS_2,QFT_LS_3,QFT_LS_4,QFT_LS_5,QFT_LS_6,QFT_LS_7,QFT_LS_8
2.0094022373519715,1.7059615308490552,1.5943319333120947,1.5532656993520046,1.5381582761517512,1.5326005657473012,1.5305559983495196,1.5298038440377864
2.057017347961875,1.7530009618075604,1.6411595835621495,1.600015439833384,1.5848793552309681,1.5793111008859078,1.5772626545891464,1.5765090733102243
1.4657410407011953,1.4490312134621606,1.4428840115553931,1.4406225823531635,1.4397906490419985,1.4394845978803952,1.4393720079500947,1.4393305884294543
2.2772904182269342,1.8330491598078686,1.6696219339153644,1.6095004173818308,1.5873829474770949,1.5792463850084144,1.5762531109543798,1.5751519469681086
2.9170650174660624,2.415263390707495,2.2306608886766326,2.1627494233906686,2.1377661914921346,2.1285753741026454,2.1251942613374912,2.1239504194629086
3.772060844557293,3.2537874312111787,3.0631252975353944,2.992984618346192,2.9671813044826827,2.9576887957982034,2.9541966970080424,2.952912025656602
2.7729231368445673,2.588233026199975,2.5202893315061505,2.495294243071063,2.4860990639055327,2.482716346532646,2.4814719143558674,2.4810141133420984
2.915375929949689,2.436375876285513,2.260161604222445,2.1953359962894514,2.1714879878694626,2.1627147958588653,2.159487318884717,2.1582999964590734
