QFT_Recursive_AI_QC_1,QFT_Recursive_AI_QC_2,QFT_Recursive_AI_QC_3,QFT_Recursive_AI_QC_4,QFT_Recursive_AI_QC_5,QFT_Recursive_AI_QC_6,QFT_Recursive_AI_QC_7,QFT_Recursive_AI_QC_8
1.9629848546842807,1.8300280722243074,1.7811160053929793,1.7631222615805302,1.7565027331622243,1.7540675447468794,1.7531716889934952,1.7528421220795698
2.3205464483832055,1.8094028067275847,1.6213635694769786,1.5521877999589215,1.5267394565260142,1.5173775341651772,1.513933475398782,1.5126664769844391
2.7679215966109587,2.3849773180326133,2.2440999908294104,2.19227411842417,2.1732084454455074,2.1661945763245596,2.163614318071896,2.162665094107828
1.4649987730605718,1.3364643227283015,1.2891791409687874,1.2717838947274074,1.2653845412610887,1.263030350684041,1.2621642923701455,1.2618456873216077
2.6789210883117067,2.344302566812911,2.2212032921183202,2.175917599735064,2.15925792452805,2.153129172522796,2.1508745306600248,2.1500450942715066
1.7752557998373062,1.740430613339004,1.727619143191317,1.7229060667128016,1.721172222771687,1.7205343772315511,1.7202997269706923,1.7202134039638568
2.420030549547334,1.8674631309554692,1.6641849377943474,1.5894030696918935,1.5618923578446062,1.5517717325439977,1.5480485625641043,1.5466788848725146
1.7939934607938262,1.5536672599874048,1.4652561915358826,1.4327315770805666,1.4207664400904283,1.4163647121809564,1.4147454069774312,1.4141496978840724
