AI_QC_1,AI_QC_2,AI_QC_3,AI_QC_4,AI_QC_5,AI_QC_6,AI_QC_7,AI_QC_8
2.247746647076043,2.010301922787286,1.9229508903068309,1.8908162412921725,1.8789945645704196,1.8746456127443116,1.8730457227768416,1.8724571561496728
3.7863500669431116,3.468883076959414,3.3520934980938315,3.309129013086113,3.2933232623512545,3.28750865160362,3.2853695758511505,3.284582653858709
3.4459754112867804,3.3312162433523134,3.2889987047832823,3.273467740286873,3.2677542177470804,3.265652330268021,3.26487908907682,3.2645946295395096
2.7111955172137803,2.326448027189762,2.1849073355676114,2.132837425030635,2.1136819754404454,2.1066350793498185,2.1040426711540055,2.1030889774756414
3.020359044576762,2.5195112133740776,2.3352595931193054,2.267477210025047,2.2425414648110626,2.2333681167965485,2.229993430655298,2.2287519530035254
3.290981429303698,3.008939612390819,2.905182226397931,2.8670120172214575,2.8529699820002197,2.847804205930121,2.845903823116236,2.8452047113486523
3.89763457285206,3.2918894057455543,3.069048212178111,2.9870695184185427,2.956911242370308,2.9458166326309896,2.9417351538000736,2.940233661648603
2.961658140382639,2.441342709477666,2.249929359523466,2.1795123233095612,2.153607343378241,2.1440774338375492,2.1405715760413053,2.1392818430343965
