Tensor_Parameter,Optimized_Values
Tensor_1,0.3535742250931828
Tensor_2,0.3659091625353562
Tensor_3,0.32643263452609683
Tensor_4,0.3182528000645169
Tensor_5,0.3558379757962607
Tensor_6,0.36761555672745133
Tensor_7,0.35660320657145234
Tensor_8,0.3799012147730245
