QNN_LS_1,QNN_LS_2,QNN_LS_3,QNN_LS_4,QNN_LS_5,QNN_LS_6,QNN_LS_7,QNN_LS_8
2.05989285509987,1.9212119260809701,1.8701940634123606,1.8514256406040712,1.8445211237096883,1.8419810938930241,1.8410466691435108,1.840702913488843
1.7782420166684871,1.6726090691016366,1.6337488793814514,1.6194530145033736,1.6141938597209637,1.6122591247985767,1.6115473755965142,1.611285537697805
3.1510352940827207,2.5409063036553885,2.3164523916144852,2.2338804118841336,2.203503878124512,2.1923289758602973,2.1882179590601925,2.1867056004971235
1.655247353696265,1.3344442796446627,1.2164274240364783,1.1730114491465287,1.1570396045661007,1.1511638913073758,1.1490023371972724,1.1482071458791856
1.4998113276281408,1.4005023553051426,1.3639686260636477,1.3505286181663778,1.3455843155717904,1.343765408296311,1.343096269704265,1.3428501073729568
3.397609708255748,2.914429462590771,2.736677383830459,2.6712860484290535,2.64722992050413,2.638380165606361,2.635124522720065,2.633926838634401
1.4022901052097114,1.3824237316535872,1.3751153012516573,1.3724266799595548,1.3714375914610946,1.371073726137012,1.3709398675649267,1.3708906237482321
1.9515397402357015,1.4289392659172342,1.2366852954690255,1.1659590122575476,1.139940266713576,1.1303685051428778,1.126847250845223,1.1255518537819793
