Tensor_Parameter,Optimized_Coefficient
Tensor_1,0.14952325933812924
Tensor_2,-0.055363000775767335
Tensor_3,-0.02549486178931825
Tensor_4,0.08342476381879137
Tensor_5,0.03494825802539088
Tensor_6,-0.20686975135214472
Tensor_7,0.0020801882265150755
Tensor_8,0.1363252319107067
