QNN_AI_1,QNN_AI_2,QNN_AI_3,QNN_AI_4,QNN_AI_5,QNN_AI_6,QNN_AI_7,QNN_AI_8
2.9690151647199245,2.4723727113271248,2.2896681631109677,2.222454916013727,2.197728544232276,2.1886322203991186,2.185285869870662,2.1840548163082896
1.4861694614765697,1.2653517455546452,1.1841174476205334,1.1542330194925778,1.1432391527731374,1.1391947352280765,1.1377068771617354,1.1371595247677473
3.0221743547787563,2.5890801076099,2.4297536379868547,2.37114070537811,2.3495782124845856,2.3416458146486527,2.3387276485656203,2.337654115257749
2.1229288451575967,2.115227813438162,2.112394762192773,2.1113525408838094,2.110969129091091,2.110828079775047,2.110776190631483,2.110757101682346
2.4066710347188325,2.298101347547045,2.2581607917021294,2.243467482337825,2.238062115899926,2.2360735927154245,2.2353420559175534,2.235072938569157
2.5262600922114147,2.1734900285936756,2.0437131747279675,1.9959709382508628,1.978407550975391,1.9719463418794125,1.9695693958878921,1.968694966324837
2.7030452418785655,2.219458306546273,2.0415566150184192,1.9761102401556978,1.9520338643445032,1.9431766606656473,1.9399182775259283,1.9387195853573658
2.650440622043297,2.340482107295944,2.226454742104357,2.1845064187194243,2.169074492954496,2.163397404727895,2.1613089206836125,2.160540610340506
