Mean Intensity,Standard Deviation,Min Intensity,Max Intensity,Entropy,Fractal Dimension Estimate
-0.018476724827210238,0.04549780638980038,-0.12070063045868538,0.07454374619202016,59.91148139897976,-4.458059200218256
