DataType,Mode,Mean_Time_ms,StdDev_Time_ms,Entropy_Perturbed_Mean_Time_ms
int16,SIMD_Time_ms,0.864373149647393,,0.8693402911775053
int16,Scalar_Time_ms,2.910179316625277,,2.908796673613565
int8,SIMD_Time_ms,0.3846096996241773,,0.39108658500518423
int8,Scalar_Time_ms,1.3878581342278395,,1.4030884327919197
uint16,SIMD_Time_ms,3.0454635575417237,,3.0431220237944903
uint16,Scalar_Time_ms,11.767336298897655,,11.764994929328164
uint8,SIMD_Time_ms,3.569555631200623,,3.585347759355697
uint8,Scalar_Time_ms,12.787784128329143,,12.795458475620672
