QFT_1,QFT_2,QFT_3,QFT_4,QFT_5,QFT_6,QFT_7,QFT_8
2.3615930652610793,1.8107339684958697,1.608084231813679,1.5335335599294948,1.5061079004177855,1.4960185641228596,1.4923069047248916,1.4909414615397483
4.174925786765639,3.6107196960288213,3.4031598746630367,3.3268028835693473,3.298712716356268,3.288378921339508,3.2845773306035624,3.28317880352806
3.730622999789433,3.2383515707506563,3.0572550325312036,2.9906333392529487,2.966124587959849,2.957108322230334,2.9537914234323064,2.952571204556066
3.6943591397702793,3.5165526625928223,3.4511413151321166,3.427077825182001,3.418225361946518,3.414968722718458,3.413770672099142,3.4133299339068133
3.7595455757542897,3.283146041708498,3.1078884473493966,3.043414781475519,3.0196962453035625,3.0109706834712187,3.007760728660429,3.0065798522784504
2.8713594603025205,2.4066214016463445,2.2356538243368096,2.1727583675377424,2.149620422038279,2.1411084475780813,2.137977067170398,2.1368250966959246
3.4944058436518515,2.9330453091828264,2.726532309466659,2.6505604225364374,2.6226119272278074,2.6123302503920858,2.6085478328634553,2.6071563592167455
3.2311983143500536,3.0931520512814297,3.0423676691679384,3.02368513905579,3.0168122203184646,3.0142838148141604,3.013353666410182,3.01301148393512
