CosmoFluct_1,CosmoFluct_2,CosmoFluct_3,CosmoFluct_4,CosmoFluct_5,CosmoFluct_6,CosmoFluct_7,CosmoFluct_8
2.1950812086084066,1.987090916525919,1.9105755641055284,1.8824271390160792,1.8720719121243163,1.8682624370421712,1.866861009477795,1.8663454530885701
2.2503731582639177,2.0470062215793,1.9721917065590142,1.9446689845818392,1.9345439410013592,1.9308191456271355,1.9294488699863883,1.9289447737494192
2.397070919466592,2.0949134996658874,1.9837559969237994,1.942863436933027,1.927819904815552,1.9222856986269306,1.920249777946933,1.9195008045849062
2.0423107783402386,1.766179743528411,1.6645968127517436,1.627226540945066,1.6134787862364004,1.6084212699168146,1.6065607136394497,1.6058762532358648
2.784510825472214,2.221087396505014,2.0138155003136626,1.937564430972243,1.9095132301941968,1.8991937701277812,1.8953974529253572,1.8940008658744198
2.4587675091380636,2.201159696292641,2.106391078061669,2.0715276517462695,2.0587021139560386,2.0539838622810453,2.0522481144915425,2.0516095685647255
1.7800151821636199,1.6133071135177974,1.551978642385602,1.5294171586975907,1.5211172526864467,1.5180638879012915,1.5169406177704359,1.5165273897824123
2.9429949040398893,2.3285727259517617,2.102539438433361,2.019386438934948,1.9887961599477422,1.9775426252086505,1.9734026811376302,1.9718796808263022
