Spacetime_1,Spacetime_2,Spacetime_3,Spacetime_4,Spacetime_5,Spacetime_6,Spacetime_7,Spacetime_8
2.532404587390619,2.4421100127194064,2.4088924950485477,2.39667245321069,2.3921769510482873,2.390523148224997,2.3899147481665577,2.3896909302930505
2.5121532632288512,2.3353686167856966,2.270333179844498,2.246407979646229,2.2376063903673753,2.23436846662205,2.233177301044064,2.2327390957168913
2.574033699911291,2.0939764856952916,1.91737330599919,1.8524046269434884,1.82850398559883,1.8197114310173181,1.816476830951402,1.8152868880867399
2.0440751323335373,1.5396372852506799,1.3540649719601126,1.285796733049887,1.2606822514698346,1.2514431500208545,1.2480442745428775,1.246793898131428
2.6579798772643706,2.4405203572176486,2.3605214705054505,2.3310915247674293,2.3202648527756202,2.3162819427335273,2.314816712013006,2.3142776837543533
2.6483187375899284,2.3704749755493495,2.26826196763689,2.230659903405602,2.2168268770293036,2.211737991016281,2.2098658944736247,2.2091771886436935
2.6436308363211856,2.0371458208920865,1.8140324523371758,1.7319536309953172,1.7017585200680636,1.6906503595340359,1.6865638956443352,1.6850605695922247
2.9901813856655144,2.4895573622202547,2.3053880762382137,2.2376359822301968,2.2127113797483324,2.203542130915884,2.200168952779441,2.1989280298916345
