Cosmo_1,Cosmo_2,Cosmo_3,Cosmo_4,Cosmo_5,Cosmo_6,Cosmo_7,Cosmo_8
2.149533600897306,1.6624089889946823,1.4832058589870893,1.4172807116637227,1.3930282053072576,1.3841062068218344,1.3808239870048844,1.379616525812823
2.8649160869719807,2.803452047664979,2.7808406912325796,2.7725224380641005,2.7694623237369576,2.7683365705883674,2.7679224291491673,2.7677700750279484
3.5701445703271686,2.9511756324742757,2.7234696855144724,2.6397013489954855,2.6088847001690194,2.5975478886199626,2.5933773087226295,2.591843038120638
3.6489950936048303,3.4110597070947057,3.32352817007045,3.2913271171450895,3.279481011789776,3.275123073171605,3.273519877148093,3.2729300942908752
3.6750594954940423,3.158079172600952,2.96789274031841,2.897927061891918,2.8721881272111993,2.8627193023045083,2.859235916289285,2.8579544501886196
2.7946734189619664,2.2533897054295458,2.0542625553800353,1.9810077706977598,1.9540588414457098,1.944144884412297,1.9404977434390474,1.9391560352559347
2.8379974994936346,2.5894748601398705,2.4980484904559557,2.4644146086683034,2.4520413950318356,2.4474895441137567,2.4458150117417183,2.4451989857084695
2.988735510990275,2.6816953766094844,2.5687416235562743,2.5271882600048423,2.511901631842748,2.5062779956170806,2.504209175465031,2.5034480990636108
