Synthetic Fractal Dimension,Lightning (approx1.3),Vascular Systems (approx1.7),Cosmic Filaments (approx1.8)
-2.000917508908167,1.3,1.7,1.8
-1.988853385497522,1.3,1.7,1.8
-2.036577379313969,1.3,1.7,1.8
-1.99072579165791,1.3,1.7,1.8
-1.9906649856631315,1.3,1.7,1.8
-2.006162151189293,1.3,1.7,1.8
