Frequency,GW Spectrum,Scaled Monster Coeffs
1,6.931471805599451e-06,0.000196884
2,1.0986122886681092e-05,0.02149376
3,1.38629436111989e-05,0.86429997
4,1.6094379124340997e-05,20.245856256
5,1.791759469228054e-05,333.2026406
6,1.9459101490553118e-05,4252.023300096001
7,2.079441541679834e-05,44656.994071935005
8,2.1972245773362175e-05,401490.88665600005
9,2.3025850929940433e-05,3176440.22978442
10,2.3978952727983684e-05,23123279.479533825
