Frequency (Hz),GW Spectral Density
10.0,1.8969521193504375e-05
64.44444444444444,1.2145736460137596e-05
118.88888888888889,3.8127850368073893e-06
173.33333333333331,3.940191219278344e-06
227.77777777777777,8.587499382448584e-06
282.22222222222223,8.596617071305502e-06
336.66666666666663,4.287915743859116e-06
391.1111111111111,2.210961673503457e-06
445.55555555555554,7.86558354638474e-06
500.0,1.0067379469990854e-05
