Synthesized Dimension,Computed Fractal Dimension
1.0,1.3931075108570747
1.3333333333333333,1.2298217893554604
1.6666666666666665,1.2297104908558965
2.0,1.4236569479830656
2.333333333333333,1.4641578695260222
2.6666666666666665,1.4779832142849785
3.0,1.4955308484657548
3.333333333333333,1.5268425732944586
3.6666666666666665,1.5510119650593455
4.0,1.5717854159922668
