HoloComplex_1,HoloComplex_2,HoloComplex_3,HoloComplex_4,HoloComplex_5,HoloComplex_6,HoloComplex_7,HoloComplex_8
1.6675701565913739,1.5842164826194958,1.5535523796191346,1.5422716865433381,1.5381217514785877,1.5365950756860693,1.5360334430486677,1.5358268299478768
2.392812876195803,2.047572149890443,1.920565184427604,1.873841932948254,1.856653409304318,1.8503301048316247,1.8480038911158534,1.8471481249140502
1.5869543481663488,1.3438734052431076,1.2544489238010783,1.2215514955411386,1.2094492080168944,1.2049970252455793,1.2033591587356747,1.2027566213192977
1.2109169749446975,1.1253268182533027,1.0938399592398962,1.0822565911418003,1.0779953081589897,1.0764276697565998,1.0758509678171697,1.0756388110299697
2.143929425050547,1.7816267689525846,1.648343070292337,1.599310737711942,1.581272750602934,1.5746369459854146,1.5721957698909985,1.5712977113935838
1.9522257324802452,1.861842145830609,1.82859188248287,1.8163597941837006,1.8118598603758422,1.810204427241299,1.8095954274248665,1.8093713889127239
1.3777895234209523,1.1150679783844315,1.0184181232126983,0.9828626285028204,0.9697824929783763,0.964970580031197,0.963200376185223,0.9625491545836067
2.4508502335893945,1.8823702713606236,1.6732381805387406,1.5963027838361712,1.5679998330909266,1.5575877593872631,1.5537573715317237,1.5523482505879578
