Mean Intensity,Standard Deviation,Min Intensity,Max Intensity,Entropy,Fractal Dimension Estimate
0.7637341853999754,0.4165362266289969,0.171830214968831,1.7832473038446481,-397.51391448681136,-1.2634861210127284
