Tensor_Col_1,Tensor_Col_2,Tensor_Col_3
0.17352476646028203,0.7413441515931937,0.37788232799901567
0.7387677424807741,0.8515361399442143,0.037991266171847116
0.8062985334468906,0.6522237470311723,0.7253781428199368
