Spatial Coordinate,Curvature Variation
0.0,1e-05
1.1111111111111112,1.537626926500909e-05
2.2222222222222223,1.785545155929016e-05
3.3333333333333335,1.5825567143582276e-05
4.444444444444445,9.83200531755624e-06
5.555555555555555,2.31733277411769e-06
6.666666666666667,3.5260828475184707e-06
7.777777777777779,5.253819289762816e-06
8.88888888888889,2.31675319179353e-06
10.0,3.6787944117144e-06
