Eigenvalue Index,Eigenvalues
1,0.09674354160238091
2,0.3868805732811635
3,0.8701304061963623
4,1.5460255273446717
5,2.4139120518486292
