Image Index,Spectral Decay Exponent (\alpha),Estimated Fractal Dimension (D_f)
1,1.5337113551844264,2.733144322407787
2,1.3637896003169039,2.818105199841548
3,1.9140303431013521,2.542984828449324
