,Mean Spectral Value,Spectral Variance,Spectral Entropy,Low-Frequency FFT Energy
128D,1.9548992725310785,0.7465383059164293,-12.360322961956483,3.9820627815810825
256D,1.835746158274453,0.6036306705468502,-10.44083779853949,3.622554717638007
512D,2.66257403921554,1.0344374607906106,-45.25538478024042,7.224647785375413
1024D,3.748177857404541,2.0798463640157054,-168.92783378131202,19.68719451488291
