,Field Variance,Spectral Entropy,Spectral Norm
128D,0.04530704357335314,0.23200061713011152,0.49195845540113214
256D,0.04742575847135375,0.36841531873539757,0.5511680340705685
512D,0.08911260159273637,2.1017172403128783,1.5344022970126088
1024D,0.12859700284034603,5.910005093767066,3.678006160178679
