TensorSize,NumericType,SpinFoamAmplitude,GWPeakFrequency,ExecutionTime_s
4,float32,0.6125293970108032,0.0,7.367134094238281e-05
8,float32,0.5574709177017212,0.0,2.002716064453125e-05
16,float32,0.40985023975372314,0.0,4.506111145019531e-05
32,float32,0.4811258316040039,0.0,4.8160552978515625e-05
64,float32,0.4448573589324951,0.0,2.6941299438476562e-05
128,float64,0.47453997102581535,0.0,2.9325485229492188e-05
256,float64,0.45614278509390704,0.0,5.435943603515625e-05
