Gamma,Embedding Dimension,Quantum Coherence,Projection Frobenius Norm
1,32,1.105732166997537e-08,18.348328189267065
1,32,8.433715359853131e-09,18.60906323853974
1,32,8.058039435354102e-09,18.52171797393523
5,32,2.5137420065697435e-40,18.29008574886328
5,32,1.81047278210805e-40,18.15451294291012
5,32,1.5217958831593797e-40,18.492143184481396
10,32,2.2979753660409187e-80,18.33117041865251
10,32,1.7460899252161816e-79,17.93176520873417
10,32,6.6732807034216635e-80,18.0942528243508
