LSS_1,LSS_2,LSS_3,LSS_4,LSS_5,LSS_6,LSS_7,LSS_8
1.9083222137099654,1.6837368822089545,1.6011165559610594,1.5707222365115816,1.5595407912577213,1.5554273674262422,1.5539141233658162,1.5533574319865109
2.6692081050816228,2.096884011830061,1.886337744235724,1.8088821009723863,1.780387762213095,1.7699052807937774,1.7660489913871487,1.7646303417952427
2.0111214957084096,1.7347740243327099,1.6331114709938763,1.5957119076835242,1.581953377232856,1.5768918967393237,1.575029882123863,1.5743448852276742
1.6142311310049715,1.2582386447861376,1.1272763278947204,1.0790979839421886,1.0613741616923655,1.0548539318676788,1.0524552733634636,1.051572856213372
2.201570091825285,2.0424950466497895,1.9839746079263063,1.9624461416316037,1.9545262614818304,1.951612700398187,1.9505408611749173,1.9501465535604352
2.434820565793627,2.2592462107790356,2.194656015172231,2.170894610107246,2.162153277690491,2.1589375212059214,2.1577545105074343,2.1573193051927753
1.5924284306792862,1.3778037752409893,1.2988477769367353,1.2698014884034328,1.2591159560096972,1.2551849683240703,1.25373883877103,1.253206837439196
2.3500079213573843,2.051486446317026,1.9416665329015046,1.9012660445247063,1.8864035354375963,1.8809359239002248,1.878924502023314,1.8781845412672762
