TensorDarkEnergy_1,TensorDarkEnergy_2,TensorDarkEnergy_3,TensorDarkEnergy_4,TensorDarkEnergy_5,TensorDarkEnergy_6,TensorDarkEnergy_7,TensorDarkEnergy_8
3.7642755287332723,3.237087979399917,3.04314651835862,2.9717994420507745,2.9455523194894284,2.9358965427092016,2.932344380943216,2.9310376136577942
2.7767033078542163,2.51739149863633,2.4219960151720983,2.3869019780249974,2.3739916032508717,2.3692421417936527,2.3674949125669054,2.3668521428553713
3.28435477662664,2.8811416159490655,2.7328077837260287,2.6782388164209996,2.6581640152235226,2.650778908577367,2.6480620796713876,2.6470626141716975
2.7873304353920356,2.244382842735604,2.0446435857637755,1.9711636195289803,1.9441318506132275,1.9341874185706247,1.9305290664680246,1.9291832339409118
3.3544786317943314,3.044348728396811,2.9302583128443778,2.888286794527931,2.8728463358245597,2.8671661085053324,2.8650764696534083,2.8643077344803127
3.6281205879085174,3.1590428942528392,2.9864788544447993,2.922996091913931,2.8996420887100562,2.8910506310622983,2.8878900104239933,2.8867272830698187
2.822426292881638,2.25907925407642,2.0518354602551696,1.9755947291979583,1.9475473316621292,1.9372292707303351,1.933433468240774,1.9320370705421168
3.6196957549865,3.1289662252635795,2.948436920102787,2.8820239002051657,2.857591915558721,2.8486038907002778,2.845297381138119,2.8440809842481634
