CosmicWeb_1,CosmicWeb_2,CosmicWeb_3,CosmicWeb_4,CosmicWeb_5,CosmicWeb_6,CosmicWeb_7,CosmicWeb_8
2.8396557785909304,2.262102707123905,2.049632805945765,1.9714694974345996,1.942714823179401,1.9321365696833317,1.928245047698628,1.9268134367655887
2.0767700728868546,1.9919694441921068,1.960773036296896,1.9492965191938494,1.945074544495386,1.9435213668026756,1.9429499846610412,1.9427397849180814
2.3665686894546467,2.07517601273284,1.9679786376589712,1.9285429272217507,1.9140353401039074,1.908698297062249,1.9067349086505758,1.906012618418887
3.688988363980678,3.0932044399480048,2.874027782915936,2.7933971968091535,2.7637348618508644,2.7528226986425692,2.7488083381395296,2.7473315374410108
3.022445534384908,2.6771284981756005,2.550093459867942,2.5033598809661277,2.486167558075787,2.479842855938449,2.4775161280505897,2.476660172695446
3.2509968757016803,2.860015970322283,2.7161821333426057,2.6632686217729775,2.6438028287063244,2.636641763631005,2.634007355012904,2.6330382102426597
2.1201157727955646,1.9049017684420175,1.8257289607881662,1.7966029125524934,1.7858880382040216,1.7819462562164836,1.7804961556616883,1.779962693479948
2.6768504981140153,2.4824648762384927,2.410954402291162,2.384647169097513,2.374969278851467,2.3714089819960327,2.3700992219784514,2.3696173881951146
