SpacetimeInfo_1,SpacetimeInfo_2,SpacetimeInfo_3,SpacetimeInfo_4,SpacetimeInfo_5,SpacetimeInfo_6,SpacetimeInfo_7,SpacetimeInfo_8
1.4905788542966025,1.4491638211097904,1.4339280818449294,1.4283231665983385,1.4262612335096092,1.4255026907171946,1.4252236384186165,1.425120980814958
1.1578106757712758,1.1208438756494492,1.107244549878735,1.1022416375138964,1.10040116890889,1.0997240983469865,1.0994750180070398,1.0993833864707734
2.384372524361083,1.9530777536485864,1.7944132744187076,1.736043874465862,1.7145709722296967,1.7066715329547273,1.7037654916486837,1.7026964187969953
1.8510178051206918,1.2369350788093283,1.011026668620868,0.9279196089248083,0.8973462302464201,0.8860989127834917,0.8819612559205519,0.8804390970260544
1.9063272034768481,1.7567425434514594,1.7017134223134993,1.681469339981111,1.6740219582856433,1.6712822196693242,1.670274326158197,1.669903542856563
2.0051138424823205,1.595551999325536,1.444882617339872,1.3894544492933396,1.3690635658072243,1.3615621789853602,1.3588025729933222,1.3577873706831178
1.97497338965852,1.7239778291930854,1.6316417226725484,1.5976731674058264,1.5851768342769035,1.5805796902287432,1.5788884954453213,1.578266339653484
1.6899722845887888,1.6618971570948722,1.651568894881593,1.6477693395503,1.6463715612583236,1.64585734736139,1.6456681786403433,1.6455985873569576
