QEC_1,QEC_2,QEC_3,QEC_4,QEC_5,QEC_6,QEC_7,QEC_8
2.3656663849438377,2.038657553286853,1.9183577270387548,1.8741018941855832,1.8578210831269815,1.8518317074529254,1.8496283392769877,1.8488177654237288
3.7552755339591712,3.3608579577364717,3.21575984020747,3.162381225815873,3.142744330982986,3.1355203210855214,3.132862756361425,3.1318850929358475
2.8580031164736637,2.4692799780667776,2.326276727139243,2.273668771102322,2.2543153856342877,2.2471956730035316,2.244576477099628,2.2436129287741813
3.154899307473818,2.8082588512738935,2.6807369539596513,2.633824269638566,2.616566057546673,2.6102171161266887,2.607881471105075,2.6070222353197487
2.805543259810369,2.2369346193467776,2.027755190447778,1.9508023790398525,1.9224930217825336,1.9120785912547882,1.9082473363721226,1.9068378964669022
3.058796472912798,3.035134920590091,3.026430321944365,3.023228079058953,3.022050039735773,3.021616663287883,3.0214572330024168,3.0213985818780937
3.4061791202891323,3.0317723360845275,2.8940357775405405,2.843365329354501,2.824724713191914,2.8178672137349308,2.815344480666862,2.814416419035556
4.013159621103945,3.4031972252047678,3.1788045998657837,3.0962551662530857,3.0658869267466273,3.0547150757676307,3.050605181472627,3.049093235856107
