dimension,stability,yield_boost
-8,0.9999000033546263,1.0
-4,0.9999001831563888,1.0
-1,0.9999036787944118,1.0
1,0.9999036787944118,1.0
4,0.9999001831563888,1.0
8,0.9999000033546263,1.0
