Image Index,Energy Levels (Detail Coefficients)
1,"[37739.87345348051, 30325.64170155533, 22351.37002760929]"
2,"[37503.33136244366, 28509.448560959576, 20778.703111599625]"
3,"[19871.73783492177, 20203.68050353423, 14959.632701224842]"
4,"[38392.15312922122, 31989.969829424666, 22613.085107594965]"
5,"[37503.33136244366, 28509.448560959576, 20778.703111599625]"
6,"[19871.73783492177, 20203.68050353423, 14959.632701224842]"
7,"[12907.191607499613, 11155.969949799675, 9670.905089493952]"
