ASOT-0019	cambridge:journal_article	location:	location:	https://www.cambridge.org/core/product/identifier/S0960129503004110/type/journal_article
ASOT-0020	cambridge:tdm-policy.json	tdm-policy:	tdm-policy:	https://www.cambridge.org/core/tdm/tdm-policy.json
ASOT-0026	doi:10.1002/9781118886663	https://doi.org/10.1002/9781118886663	https://doi.org/10.1002/9781118886663	https://doi.org/10.1002/9781118886663
ASOT-0028	doi:10.1002/andp.200510172	"Annalen Phys. 15 (2006), 109-128 doi:10.1002/andp.200510172 [arXiv:0801.0735 [gr-qc]]."	"Annalen Phys. 15 (2006), 109-128 doi:10.1002/andp.200510172 [arXiv:0801.0735 [gr-qc]]."	https://doi.org/10.1002/andp.200510172
ASOT-0029	doi:10.1002/mma.1442	"Hitzer (2010) Crystal planes and reciprocal space in Clifford geometric algebra"	"Hitzer (2010) Crystal planes and reciprocal space in Clifford geometric algebra"	https://doi.org/10.1002/MMA.1442
ASOT-0030	doi:10.1002/prop.201300020	"Phys. 61, 781 (2013) doi:10.1002/prop.201300020 [arXiv:1306.0533 [hep-th]]."	"Phys. 61, 781 (2013) doi:10.1002/prop.201300020 [arXiv:1306.0533 [hep-th]]."	https://doi.org/10.1002/prop.201300020
ASOT-0031	doi:10.1002/pssb.2221440107	"Metallic glasses and chiral nematic liquid crystals (PSSB 1987)"	"Metallic glasses and chiral nematic liquid crystals (PSSB 1987)"	https://doi.org/10.1002/PSSB.2221440107
ASOT-0032	doi:10.1006/inco.1996.2613	"doi: 10.1006/inco.1996.2613."	"doi: 10.1006/inco.1996.2613."	https://doi.org/10.1006/inco.1996.2613
ASOT-0033	doi:10.1007/11693024_2	"Science). Ed. by Peter Sestoft. Vol. 3924. Springer, 7 21. doi: 10.1007/11693024_2."	"Science). Ed. by Peter Sestoft. Vol. 3924. Springer, 7 21. doi: 10.1007/11693024_2."	https://doi.org/10.1007/11693024_2
ASOT-0034	doi:10.1007/3-540-45332-6_7	"International Workshop, TIC 2000, Montreal, Canada, September 21, 2000, Revised Selected Papers (Lecture Notes in Computer Science). Ed. by Robert Harper. Vol. 2071. Springer, 177 206. doi: 10.1007/3-540-45332-6_7."	"International Workshop, TIC 2000, Montreal, Canada, September 21, 2000, Revised Selected Papers (Lecture Notes in Computer Science). Ed. by Robert Harper. Vol. 2071. Springer, 177 206. doi: 10.1007/3-540-45332-6_7."	https://doi.org/10.1007/3-540-45332-6_7
ASOT-0035	doi:10.1007/3-540-46425-5_24	"Science). Ed. by Gert Smolka. Vol. 1782. Springer, 366 381. doi: 10.1007/3-540-46425-5_24."	"Science). Ed. by Gert Smolka. Vol. 1782. Springer, 366 381. doi: 10.1007/3-540-46425-5_24."	https://doi.org/10.1007/3-540-46425-5_24
ASOT-0036	doi:10.1007/978-1-4939-3210-8	"doi:10.1007/978-1-4939-3210-8 3 [arXiv:1405.0403 [physics.hist-ph]]."	"doi:10.1007/978-1-4939-3210-8 3 [arXiv:1405.0403 [physics.hist-ph]]."	https://doi.org/10.1007/978-1-4939-3210-8
ASOT-0037	doi:10.1007/978-3-030-35184-7	"Te rica (IFT), Madrid, Spain (2019) [DOI:10.1007/978-3-030-35184-7] [arXiv:1908.02667"	"Te rica (IFT), Madrid, Spain (2019) [DOI:10.1007/978-3-030-35184-7] [arXiv:1908.02667"	https://doi.org/10.1007/978-3-030-35184-7
ASOT-0038	doi:10.1007/978-3-319-52573-0	"DOI:10.1007/978-3-319-52573-0] [INSPIRE]."	"DOI:10.1007/978-3-319-52573-0] [INSPIRE]."	https://doi.org/10.1007/978-3-319-52573-0
ASOT-0039	doi:10.1007/978-3-319-55182-1	"Fundam. Theor. Phys. 189 (2017), pp.1-279 doi:10.1007/978-3-319-55182-1"	"Fundam. Theor. Phys. 189 (2017), pp.1-279 doi:10.1007/978-3-319-55182-1"	https://doi.org/10.1007/978-3-319-55182-1
ASOT-0040	doi:10.1007/978-3-642-12821-9_4	https://doi.org/10.1007/978-3-642-12821-9_4	https://doi.org/10.1007/978-3-642-12821-9_4	https://doi.org/10.1007/978-3-642-12821-9_4
ASOT-0041	doi:10.1007/978-4-431-55441-7	"DOI:10.1007/978-4-431-55441-7] [INSPIRE]."	"DOI:10.1007/978-4-431-55441-7] [INSPIRE]."	https://doi.org/10.1007/978-4-431-55441-7
ASOT-0042	doi:10.1007/978-94-010-1909-5	DOI:10.1007/978-94-010-1909-5].	DOI:10.1007/978-94-010-1909-5].	https://doi.org/10.1007/978-94-010-1909-5
ASOT-0043	doi:10.1007/bf00653317	"Majernik, V. (1971) Astrophysics and Space Science, 14, 265-285."	"Majernik, V. (1971) Astrophysics and Space Science, 14, 265-285."	https://doi.org/10.1007/BF00653317
ASOT-0044	doi:10.1007/bf00669760	"31] Schwebel, S. (1970) International Journal of Theoretical Physics, 3, 315-330."	"31] Schwebel, S. (1970) International Journal of Theoretical Physics, 3, 315-330."	https://doi.org/10.1007/BF00669760
ASOT-0045	doi:10.1007/bf00713636	"21] Majernik, V. (1982) Astrophysics and Space Science, 84, 191-204."	"21] Majernik, V. (1982) Astrophysics and Space Science, 84, 191-204."	https://doi.org/10.1007/BF00713636
ASOT-0046	doi:10.1007/bf01645742	"ics,  Commun. Math. Phys. 31, 161 (1973). doi:10.1007/BF01645742"	"ics,  Commun. Math. Phys. 31, 161 (1973). doi:10.1007/BF01645742"	https://doi.org/10.1007/BF01645742
ASOT-0047	doi:10.1007/bf02412838	"r dimensioni, Ann. Mat. Pura Appl. (4) 36 (1954), 191 213, doi:10.1007/BF02412838."	"r dimensioni, Ann. Mat. Pura Appl. (4) 36 (1954), 191 213, doi:10.1007/BF02412838."	https://doi.org/10.1007/BF02412838
ASOT-0048	doi:10.1007/bf02705207	"traversable wormholes , Pramana 63 (2004), 859-864 doi:10.1007/BF02705207"	"traversable wormholes , Pramana 63 (2004), 859-864 doi:10.1007/BF02705207"	https://doi.org/10.1007/BF02705207
ASOT-0049	doi:10.1007/bf02726749	"15] Imaeda, K. (1976) Il Nuovo Cimento B, 32, 138-162."	"15] Imaeda, K. (1976) Il Nuovo Cimento B, 32, 138-162."	https://doi.org/10.1007/BF02726749
ASOT-0050	doi:10.1007/bf02799188	"Singh, A. (1981) Lettere Al Nuovo Cimento, 32, 231-234."	"Singh, A. (1981) Lettere Al Nuovo Cimento, 32, 231-234."	https://doi.org/10.1007/BF02799188
ASOT-0051	doi:10.1007/bf03041944	"14] Majernik, V. (1999) Advances in Applied Clifford Algebras, 9, 119-130."	"14] Majernik, V. (1999) Advances in Applied Clifford Algebras, 9, 119-130."	https://doi.org/10.1007/BF03041944
ASOT-0052	doi:10.1007/jhep01	"Phys. 01 (2014) 048, (2014)048, arXiv:1309.5569."	"Phys. 01 (2014) 048, (2014)048, arXiv:1309.5569."	https://doi.org/10.1007/JHEP01
ASOT-0053	doi:10.1007/jhep01(2014)048	"Phys. 01 (2014) 048, (2014)048, arXiv:1309.5569."	"Phys. 01 (2014) 048, (2014)048, arXiv:1309.5569."	https://doi.org/10.1007/JHEP01
ASOT-0053	doi:10.1007/jhep01(2014)048	"Phys. 01 (2014) 048, (2014)048, arXiv:1309.5569."	"Phys. 01 (2014) 048, (2014)048, arXiv:1309.5569."	https://doi.org/10.1007/JHEP01(2014)048
ASOT-0054	doi:10.1007/jhep01(2025)025	2025)025	2025)025	https://doi.org/10.1007/JHEP01
ASOT-0054	doi:10.1007/jhep01(2025)025	2025)025	2025)025	https://doi.org/10.1007/JHEP01(2025)025
ASOT-0055	doi:10.1007/jhep02(2013)062	"Firewalls?,  JHEP 1302, 062 (2013) doi:10.1007/JHEP02(2013)062 [arXiv:1207.3123"	"Firewalls?,  JHEP 1302, 062 (2013) doi:10.1007/JHEP02(2013)062 [arXiv:1207.3123"	https://doi.org/10.1007/JHEP02(2013)062
ASOT-0056	doi:10.1007/jhep03(2014)051	"doi:10.1007/JHEP03(2014)051 [arXiv:1312.7856 [hep-th]]."	"doi:10.1007/JHEP03(2014)051 [arXiv:1312.7856 [hep-th]]."	https://doi.org/10.1007/JHEP03(2014)051
ASOT-0057	doi:10.1007/jhep03(2014)118	"formation in AdS/CFT,  JHEP 1403, 118 (2014) doi:10.1007/JHEP03(2014)118"	"formation in AdS/CFT,  JHEP 1403, 118 (2014) doi:10.1007/JHEP03(2014)118"	https://doi.org/10.1007/JHEP03(2014)118
ASOT-0058	doi:10.1007/jhep03(2015)075	"doi:10.1007/JHEP03(2015)075 [arXiv:1407.7816 [hep-th]]."	"doi:10.1007/JHEP03(2015)075 [arXiv:1407.7816 [hep-th]]."	https://doi.org/10.1007/JHEP03(2015)075
ASOT-0059	doi:10.1007/jhep04(2014)195	"doi:10.1007/JHEP04(2014)195 [arXiv:1308.3716 [hep-th]]."	"doi:10.1007/JHEP04(2014)195 [arXiv:1308.3716 [hep-th]]."	https://doi.org/10.1007/JHEP04(2014)195
ASOT-0060	doi:10.1007/jhep04(2015)163	"rection in AdS/CFT,  JHEP 1504, 163 (2015) doi:10.1007/JHEP04(2015)163"	"rection in AdS/CFT,  JHEP 1504, 163 (2015) doi:10.1007/JHEP04(2015)163"	https://doi.org/10.1007/JHEP04(2015)163
ASOT-0061	doi:10.1007/jhep04(2017)039	"doi:10.1007/JHEP04(2017)039, arXiv:1611.01664."	"doi:10.1007/JHEP04(2017)039, arXiv:1611.01664."	https://doi.org/10.1007/JHEP04(2017)039
ASOT-0062	doi:10.1007/jhep04(2025)034	"doi:10.1007/JHEP04(2025)034, arXiv:2410.22405."	"doi:10.1007/JHEP04(2025)034, arXiv:2410.22405."	https://doi.org/10.1007/JHEP04(2025)034
ASOT-0063	doi:10.1007/jhep05(2011)036	"entanglement entropy,  JHEP 1105, 036 (2011) doi:10.1007/JHEP05(2011)036"	"entanglement entropy,  JHEP 1105, 036 (2011) doi:10.1007/JHEP05(2011)036"	https://doi.org/10.1007/JHEP05(2011)036
ASOT-0064	doi:10.1007/jhep05(2014)053	"doi:10.1007/JHEP05(2014)053 [arXiv:1403.3426 [hep-th]]."	"doi:10.1007/JHEP05(2014)053 [arXiv:1403.3426 [hep-th]]."	https://doi.org/10.1007/JHEP05(2014)053
ASOT-0065	doi:10.1007/jhep05(2021)038	"Apostolatos, T. A., Cutler, C., Sussman, G. J., & Thorne, JHEP, 05, 038, doi: 10.1007/JHEP05(2021)038"	"Apostolatos, T. A., Cutler, C., Sussman, G. J., & Thorne, JHEP, 05, 038, doi: 10.1007/JHEP05(2021)038"	https://doi.org/10.1007/JHEP05(2021)038
ASOT-0066	doi:10.1007/jhep06	"Phys. 06 (2010) 043, (2010)043, arXiv:1002.2581."	"Phys. 06 (2010) 043, (2010)043, arXiv:1002.2581."	https://doi.org/10.1007/JHEP06
ASOT-0067	doi:10.1007/jhep06(2010)043	"Phys. 06 (2010) 043, (2010)043, arXiv:1002.2581."	"Phys. 06 (2010) 043, (2010)043, arXiv:1002.2581."	https://doi.org/10.1007/JHEP06
ASOT-0067	doi:10.1007/jhep06(2010)043	"Phys. 06 (2010) 043, (2010)043, arXiv:1002.2581."	"Phys. 06 (2010) 043, (2010)043, arXiv:1002.2581."	https://doi.org/10.1007/JHEP06(2010)043
ASOT-0068	doi:10.1007/jhep06(2012)114	"114 (2012) doi:10.1007/JHEP06(2012)114 [arXiv:1204.1698 [hep-th]]."	"114 (2012) doi:10.1007/JHEP06(2012)114 [arXiv:1204.1698 [hep-th]]."	https://doi.org/10.1007/JHEP06(2012)114
ASOT-0069	doi:10.1007/jhep06(2015)067	"doi:10.1007/JHEP06(2015)067 [arXiv:1412.3514 [hep-th]]."	"doi:10.1007/JHEP06(2015)067 [arXiv:1412.3514 [hep-th]]."	https://doi.org/10.1007/JHEP06(2015)067
ASOT-0070	doi:10.1007/jhep06(2022)082	"2022)082, arXiv:2201.07859."	"2022)082, arXiv:2201.07859."	https://doi.org/10.1007/JHEP06
ASOT-0070	doi:10.1007/jhep06(2022)082	"2022)082, arXiv:2201.07859."	"2022)082, arXiv:2201.07859."	https://doi.org/10.1007/JHEP06(2022)082
ASOT-0071	doi:10.1007/jhep07(2011)018	"J. High Energy Phys. 07 (2011) 018, (2011)018,"	"J. High Energy Phys. 07 (2011) 018, (2011)018,"	https://doi.org/10.1007/JHEP07
ASOT-0071	doi:10.1007/jhep07(2011)018	"J. High Energy Phys. 07 (2011) 018, (2011)018,"	"J. High Energy Phys. 07 (2011) 018, (2011)018,"	https://doi.org/10.1007/JHEP07(2011)018
ASOT-0072	doi:10.1007/jhep07(2014	"Stelzer, P. Torrielli, M. Zaro, The automated computation of tree-level and next-toleading order di erential cross sections, and their matching to parton shower simulations, J. High Energy Phys. 07 (2014) 079, (2014"	"Stelzer, P. Torrielli, M. Zaro, The automated computation of tree-level and next-toleading order di erential cross sections, and their matching to parton shower simulations, J. High Energy Phys. 07 (2014) 079, (2014"	https://doi.org/10.1007/JHEP07
ASOT-0072	doi:10.1007/jhep07(2014	"Stelzer, P. Torrielli, M. Zaro, The automated computation of tree-level and next-toleading order di erential cross sections, and their matching to parton shower simulations, J. High Energy Phys. 07 (2014) 079, (2014"	"Stelzer, P. Torrielli, M. Zaro, The automated computation of tree-level and next-toleading order di erential cross sections, and their matching to parton shower simulations, J. High Energy Phys. 07 (2014) 079, (2014"	https://doi.org/10.1007/JHEP07(2014
ASOT-0073	doi:10.1007/jhep07(2023)074	"doi:10.1007/JHEP07(2023)074, arXiv:2211.15257."	"doi:10.1007/JHEP07(2023)074, arXiv:2211.15257."	https://doi.org/10.1007/JHEP07(2023)074
ASOT-0074	doi:10.1007/jhep07(2025)118	"doi:10.1007/JHEP07(2025)118, arXiv:2504.08507."	"doi:10.1007/JHEP07(2025)118, arXiv:2504.08507."	https://doi.org/10.1007/JHEP07(2025)118
ASOT-0075	doi:10.1007/jhep08(2011)086	"s = 0.9 and 7 TeV , JHEP 08 (2011) 086, doi:10.1007/JHEP08(2011)086,"	"s = 0.9 and 7 TeV , JHEP 08 (2011) 086, doi:10.1007/JHEP08(2011)086,"	https://doi.org/10.1007/JHEP08(2011)086
ASOT-0076	doi:10.1007/jhep08(2013)060	"phy,  JHEP 1308, 060 (2013) doi:10.1007/JHEP08(2013)060 [arXiv:1305.3182 [hep"	"phy,  JHEP 1308, 060 (2013) doi:10.1007/JHEP08(2013)060 [arXiv:1305.3182 [hep"	https://doi.org/10.1007/JHEP08(2013)060
ASOT-0077	doi:10.1007/jhep08(2018)011	"J. High Energy Phys. 08 (2018) 011, (2018)011,"	"J. High Energy Phys. 08 (2018) 011, (2018)011,"	https://doi.org/10.1007/JHEP08
ASOT-0077	doi:10.1007/jhep08(2018)011	"J. High Energy Phys. 08 (2018) 011, (2018)011,"	"J. High Energy Phys. 08 (2018) 011, (2018)011,"	https://doi.org/10.1007/JHEP08(2018)011
ASOT-0078	doi:10.1007/jhep09(2013)018	"Firewalls,  JHEP 1309, 018 (2013) doi:10.1007/JHEP09(2013)018 [arXiv:1304.6483"	"Firewalls,  JHEP 1309, 018 (2013) doi:10.1007/JHEP09(2013)018 [arXiv:1304.6483"	https://doi.org/10.1007/JHEP09(2013)018
ASOT-0079	doi:10.1007/jhep09(2013)050	"states , JHEP 09 (2013), 050 doi:10.1007/JHEP09(2013)050 [arXiv:1306.2076 [gr-qc]]."	"states , JHEP 09 (2013), 050 doi:10.1007/JHEP09(2013)050 [arXiv:1306.2076 [gr-qc]]."	https://doi.org/10.1007/JHEP09(2013)050
ASOT-0080	doi:10.1007/jhep09(2013)109	"beyond classical gravity,  JHEP 1309, 109 (2013) doi:10.1007/JHEP09(2013)109"	"beyond classical gravity,  JHEP 1309, 109 (2013) doi:10.1007/JHEP09(2013)109"	https://doi.org/10.1007/JHEP09(2013)109
ASOT-0081	doi:10.1007/jhep09(2015)050	"doi:10.1007/JHEP09(2015)050, arXiv:1504.04337."	"doi:10.1007/JHEP09(2015)050, arXiv:1504.04337."	https://doi.org/10.1007/JHEP09(2015)050
ASOT-0082	doi:10.1007/jhep09(2015)175	doi:10.1007/JHEP09(2015)175].	doi:10.1007/JHEP09(2015)175].	https://doi.org/10.1007/JHEP09(2015)175
ASOT-0083	doi:10.1007/jhep09(2021)087	"doi:10.1007/JHEP09(2021)087, arXiv:2105.09350."	"doi:10.1007/JHEP09(2021)087, arXiv:2105.09350."	https://doi.org/10.1007/JHEP09(2021)087
ASOT-0084	doi:10.1007/jhep10(2013)212	"212 (2013) doi:10.1007/JHEP10(2013)212 [arXiv:1211.6767 [hep-th]]."	"212 (2013) doi:10.1007/JHEP10(2013)212 [arXiv:1211.6767 [hep-th]]."	https://doi.org/10.1007/JHEP10(2013)212
ASOT-0085	doi:10.1007/jhep10(2014)019	"quenching , JHEP 10 (2014) 019, doi:10.1007/JHEP10(2014)019,"	"quenching , JHEP 10 (2014) 019, doi:10.1007/JHEP10(2014)019,"	https://doi.org/10.1007/JHEP10(2014)019
ASOT-0086	doi:10.1007/jhep10(2018)138	"sNN = 5.44 TeV , JHEP 10 (2018) 138, doi:10.1007/JHEP10(2018)138,"	"sNN = 5.44 TeV , JHEP 10 (2018) 138, doi:10.1007/JHEP10(2018)138,"	https://doi.org/10.1007/JHEP10(2018)138
ASOT-0087	doi:10.1007/jhep10(2021)038	"10 (2021) 038, doi:10.1007/JHEP10(2021)038, arXiv:2103.14676."	"10 (2021) 038, doi:10.1007/JHEP10(2021)038, arXiv:2103.14676."	https://doi.org/10.1007/JHEP10(2021)038
ASOT-0088	doi:10.1007/jhep10(2025)079	2025)079	2025)079	https://doi.org/10.1007/JHEP10
ASOT-0088	doi:10.1007/jhep10(2025)079	2025)079	2025)079	https://doi.org/10.1007/JHEP10(2025)079
ASOT-0089	doi:10.1007/jhep11(2013)074	"entanglement entropy,  JHEP 1311, 074 (2013) doi:10.1007/JHEP11(2013)074"	"entanglement entropy,  JHEP 1311, 074 (2013) doi:10.1007/JHEP11(2013)074"	https://doi.org/10.1007/JHEP11(2013)074
ASOT-0090	doi:10.1007/jhep11(2018)013	"doi:10.1007/JHEP11(2018)013, arXiv:1802.09145."	"doi:10.1007/JHEP11(2018)013, arXiv:1802.09145."	https://doi.org/10.1007/JHEP11(2018)013
ASOT-0091	doi:10.1007/jhep12(2012)061	"12 (2012) 061, (2012)061, arXiv:1209.6215."	"12 (2012) 061, (2012)061, arXiv:1209.6215."	https://doi.org/10.1007/JHEP12
ASOT-0091	doi:10.1007/jhep12(2012)061	"12 (2012) 061, (2012)061, arXiv:1209.6215."	"12 (2012) 061, (2012)061, arXiv:1209.6215."	https://doi.org/10.1007/JHEP12(2012)061
ASOT-0092	doi:10.1007/jhep12(2014)162	"doi:10.1007/JHEP12(2014)162 [arXiv:1408.6300 [hep-th]]."	"doi:10.1007/JHEP12(2014)162 [arXiv:1408.6300 [hep-th]]."	https://doi.org/10.1007/JHEP12(2014)162
ASOT-0093	doi:10.1007/s00006-006-0014-7	https://doi.org/10.1007/s00006-006-0014-7	https://doi.org/10.1007/s00006-006-0014-7	https://doi.org/10.1007/s00006-006-0014-7
ASOT-0094	doi:10.1007/s00006-010-0214-z	"Hitzer & Perwass (2010) Interactive 3D space group visualization with CLUCalc"	"Hitzer & Perwass (2010) Interactive 3D space group visualization with CLUCalc"	https://doi.org/10.1007/S00006-010-0214-Z
ASOT-0094	doi:10.1007/s00006-010-0214-z	"Hitzer & Perwass (2010) Interactive 3D space group visualization with CLUCalc"	"Hitzer & Perwass (2010) Interactive 3D space group visualization with CLUCalc"	https://link.springer.com/content/pdf/10.1007/s00006-010-0214-z.pdf
ASOT-0095	doi:10.1007/s00006-013-0404-6	"Hitzer & Ichikawa (2013) Crystallographic subperiodic groups in Clifford GA"	"Hitzer & Ichikawa (2013) Crystallographic subperiodic groups in Clifford GA"	https://doi.org/10.1007/S00006-013-0404-6
ASOT-0095	doi:10.1007/s00006-013-0404-6	"Hitzer & Ichikawa (2013) Crystallographic subperiodic groups in Clifford GA"	"Hitzer & Ichikawa (2013) Crystallographic subperiodic groups in Clifford GA"	https://link.springer.com/content/pdf/10.1007/s00006-013-0404-6.pdf
ASOT-0096	doi:10.1007/s00159-013-0059-2	"21, 59, doi: 10.1007/s00159-013-0059-2"	"21, 59, doi: 10.1007/s00159-013-0059-2"	https://doi.org/10.1007/s00159-013-0059-2
ASOT-0096	doi:10.1007/s00159-013-0059-2	"21, 59, doi: 10.1007/s00159-013-0059-2"	"21, 59, doi: 10.1007/s00159-013-0059-2"	https://doi.org/10.1103/PhysRevD.86.084003
ASOT-0097	doi:10.1007/s00220-012-1638-1	"Math. Phys. 321, 629 (2013) doi:10.1007/s00220-012-1638-1 [arXiv:1201.0463 [gr"	"Math. Phys. 321, 629 (2013) doi:10.1007/s00220-012-1638-1 [arXiv:1201.0463 [gr"	https://doi.org/10.1007/s00220-012-1638-1
ASOT-0098	doi:10.1007/s00222-010-0261-z	"doi:10.1007/s00222-010-0261-z.  25"	"doi:10.1007/s00222-010-0261-z.  25"	https://doi.org/10.1007/s00222-010-0261-z
ASOT-0099	doi:10.1007/s00521-015-2150-2	https://doi.org/10.1007/s00521-015-2150-2	https://doi.org/10.1007/s00521-015-2150-2	https://doi.org/10.1007/s00521-015-2150-2
ASOT-0100	doi:10.1007/s100520100886	"doi:10.1007/s100520100886, arXiv:nucl-ex/0108006."	"doi:10.1007/s100520100886, arXiv:nucl-ex/0108006."	https://doi.org/10.1007/s100520100886
ASOT-0101	doi:10.1007/s10509-012-0992-y	"33] Hajdukovic, D.S. (2013) Astrophysics and Space Science, 339, 1-5."	"33] Hajdukovic, D.S. (2013) Astrophysics and Space Science, 339, 1-5."	https://doi.org/10.1007/s10509-012-0992-y
ASOT-0102	doi:10.1007/s10714-008-0661-1	"Republished as: Gen. Rel. Grav. 40 (2008), 1997-2027 doi:10.1007/s10714-008-0661-1"	"Republished as: Gen. Rel. Grav. 40 (2008), 1997-2027 doi:10.1007/s10714-008-0661-1"	https://doi.org/10.1007/s10714-008-0661-1
ASOT-0103	doi:10.1007/s10714-021-02799-y	"doi:10.1007/s10714-021-02799-y [arXiv:2102.05119 [gr-qc]]."	"doi:10.1007/s10714-021-02799-y [arXiv:2102.05119 [gr-qc]]."	https://doi.org/10.1007/s10714-021-02799-y
ASOT-0104	doi:10.1007/s10714-021-02831-1	"Gravitation, 53, 59, doi: 10.1007/s10714-021-02831-1 Milwaulkee"	"Gravitation, 53, 59, doi: 10.1007/s10714-021-02831-1 Milwaulkee"	https://doi.org/10.1007/s10714-021-02831-1
ASOT-0105	doi:10.1007/s10773-010-0314-5	https://doi.org/10.1007/s10773-010-0314-5	https://doi.org/10.1007/s10773-010-0314-5	https://doi.org/10.1007/s10773-010-0314-5
ASOT-0106	doi:10.1007/s10773-011-0999-0	https://doi.org/10.1007/s10773-011-0999-0	https://doi.org/10.1007/s10773-011-0999-0	https://doi.org/10.1007/s10773-011-0999-0
ASOT-0107	doi:10.1007/s10836016-5590-4	"Testing, 32(3), 345-356."	"Testing, 32(3), 345-356."	https://doi.org/10.1007/s10836016-5590-4
ASOT-0108	doi:10.1007/s10958-007-0042-4	tags/f1	tags/f1	https://doi.org/10.1007/S10958-007-0042-4
ASOT-0109	doi:10.1007/s10958-009-9316-3	"Ludkovsky (2009) Two-sided Laplace transformation over Cayley-Dickson algebras"	"Ludkovsky (2009) Two-sided Laplace transformation over Cayley-Dickson algebras"	https://doi.org/10.1007/S10958-009-9316-3
ASOT-0109	doi:10.1007/s10958-009-9316-3	"Ludkovsky (2009) Two-sided Laplace transformation over Cayley-Dickson algebras"	"Ludkovsky (2009) Two-sided Laplace transformation over Cayley-Dickson algebras"	https://link.springer.com/content/pdf/10.1007/s10958-009-9316-3.pdf
ASOT-0111	doi:10.1007/s10958-023-06285-5	tags/m4	tags/m4	https://doi.org/10.1007/s10958-023-06285-5
ASOT-0111	doi:10.1007/s10958-023-06285-5	tags/m4	tags/m4	https://link.springer.com/content/pdf/10.1007/s10958-023-06285-5.pdf
ASOT-0112	doi:10.1007/s10958-023-06444-8	tags/m2	tags/m2	https://doi.org/10.1007/s10958-023-06444-8
ASOT-0113	doi:10.1007/s11214-009-9537-2	"13] Sch fer, G. (2009) Space Science Review, 148, 37-52."	"13] Sch fer, G. (2009) Space Science Review, 148, 37-52."	https://doi.org/10.1007/s11214-009-9537-2
ASOT-0114	doi:10.1007/s11214-017-0450-9	"doi: 10.1007/s11214-017-0450-9"	"doi: 10.1007/s11214-017-0450-9"	https://doi.org/10.1007/s11214-017-0450-9
ASOT-0115	doi:10.1007/s12043-007-0110-9	"2007), 49 doi:10.1007/s12043-007-0110-9 [arXiv:gr-qc/0611123 [gr-qc]]."	"2007), 49 doi:10.1007/s12043-007-0110-9 [arXiv:gr-qc/0611123 [gr-qc]]."	https://doi.org/10.1007/s12043-007-0110-9
ASOT-0117	doi:10.1007/s41114-019-0020-4	"doi: 10.1007/s41114-019-0020-4"	"doi: 10.1007/s41114-019-0020-4"	https://doi.org/10.1007/s41114-019-0020-4
ASOT-0118	doi:10.1007/s41781-024-001214	"63] CMS Collaboration, The CMS statistical analysis and combination tool: combine, Comput. Softw. Big Sci. (2024), arXiv:2404.06614, in press."	"63] CMS Collaboration, The CMS statistical analysis and combination tool: combine, Comput. Softw. Big Sci. (2024), arXiv:2404.06614, in press."	https://doi.org/10.1007/s41781-024-001214
ASOT-0121	doi:10.1016/0041-5553(64)90137-5	"Phys. 4, 5 (1964), 1   17. (64)90137-5"	"Phys. 4, 5 (1964), 1   17. (64)90137-5"	https://doi.org/10.1016/0041-5553
ASOT-0121	doi:10.1016/0041-5553(64)90137-5	"Phys. 4, 5 (1964), 1   17. (64)90137-5"	"Phys. 4, 5 (1964), 1   17. (64)90137-5"	https://doi.org/10.1016/0041-5553(64)90137-5
ASOT-0122	doi:10.1016/0096-3003(88)90133-6	88)90133-6	88)90133-6	https://doi.org/10.1016/0096-3003
ASOT-0122	doi:10.1016/0096-3003(88)90133-6	88)90133-6	88)90133-6	https://doi.org/10.1016/0096-3003(88)90133-6
ASOT-0123	doi:10.1016/0166-218x(82)90033-6	"Signed graphs"	@article{Zaslavsky1982SignedGraphs}	https://doi.org/10.1016/0166-218X(82)90033-6
ASOT-0124	doi:10.1016/0167-6423(94)00005-0	"Mark P. Jones. 1994.  A theory of quali ed types.  Science of Computer Programming, 22, 3, 231 256. doi: 10.1016/0167-6423(94)00005-0."	"Mark P. Jones. 1994.  A theory of quali ed types.  Science of Computer Programming, 22, 3, 231 256. doi: 10.1016/0167-6423(94)00005-0."	https://doi.org/10.1016/0167-6423(94)00005-0
ASOT-0125	doi:10.1016/0304-3975(87)90045-4	"Jean-Yves Girard. 1987.  Linear logic.  Theoretical Computer Science, 50, 1, 1 101. doi: 10.1016/0304-3975(87)90045-4."	"Jean-Yves Girard. 1987.  Linear logic.  Theoretical Computer Science, 50, 1, 1 101. doi: 10.1016/0304-3975(87)90045-4."	https://doi.org/10.1016/0304-3975(87)90045-4
ASOT-0126	doi:10.1016/0370-1573(80)90105-2	"Rept. 61 (1980) 71, doi:10.1016/0370-1573(80)90105-2."	"Rept. 61 (1980) 71, doi:10.1016/0370-1573(80)90105-2."	https://doi.org/10.1016/0370-1573(80)90105-2
ASOT-0128	doi:10.1016/0370-2693(90)91409-5	"432, doi:10.1016/0370-2693(90)91409-5."	"432, doi:10.1016/0370-2693(90)91409-5."	https://doi.org/10.1016/0370-2693(90)91409-5
ASOT-0129	doi:10.1016/0370-2693(95)00303-3	"Lett. B 349 (1995), 443-447 doi:10.1016/0370-2693(95)00303-3 [arXiv:gr-qc/9409043"	"Lett. B 349 (1995), 443-447 doi:10.1016/0370-2693(95)00303-3 [arXiv:gr-qc/9409043"	https://doi.org/10.1016/0370-2693(95)00303-3
ASOT-0130	doi:10.1016/0375-9474(96)00187-x	"doi: 10.1016/0375-9474(96)00187-X"	"doi: 10.1016/0375-9474(96)00187-X"	https://doi.org/10.1016/0375-9474(96)00187-X
ASOT-0131	doi:10.1016/0550	3213(83)90584-9.	3213(83)90584-9.	https://doi.org/10.1016/0550
ASOT-0132	doi:10.1016/0550-3213(94)90560-6	"doi:10.1016/0550-3213(94)90560-6 [arXiv:hep-th/9303023 [hep-th]]."	"doi:10.1016/0550-3213(94)90560-6 [arXiv:hep-th/9303023 [hep-th]]."	https://doi.org/10.1016/0550-3213(94)90560-6
ASOT-0133	doi:10.1016/0550-3213(95)00443-v	"281 (1995) doi:10.1016/0550-3213(95)00443-V [hep-th/9503016]."	"281 (1995) doi:10.1016/0550-3213(95)00443-V [hep-th/9503016]."	https://doi.org/10.1016/0550-3213(95)00443-V
ASOT-0134	doi:10.1016/09205489(94)90017-5	"Interfaces. 16(3): 265-278. (94)90017-5"	"Interfaces. 16(3): 265-278. (94)90017-5"	https://doi.org/10.1016/09205489
ASOT-0134	doi:10.1016/09205489(94)90017-5	"Interfaces. 16(3): 265-278. (94)90017-5"	"Interfaces. 16(3): 265-278. (94)90017-5"	https://doi.org/10.1016/09205489(94)90017-5
ASOT-0137	doi:10.1016/j.applthermaleng.2016.09.159	https://doi.org/10.1016/j.applthermaleng.2016.09.159	https://doi.org/10.1016/j.applthermaleng.2016.09.159	https://doi.org/10.1016/j.applthermaleng.2016.09.159
ASOT-0140	doi:10.1016/j.cpc.2011.06.008	arXiv:1011.3540.	arXiv:1011.3540.	https://doi.org/10.1016/j.cpc.2011.06.008
ASOT-0141	doi:10.1016/j.cpc.2014.06.021	"org/10.1016/j.cpc.2014.06.021, arXiv:1112.5675."	"org/10.1016/j.cpc.2014.06.021, arXiv:1112.5675."	https://doi.org/10.1016/j.cpc.2014.06.021
ASOT-0142	doi:10.1016/j.cpc.2015.01.024	"Commun. 191 (2015) 159, arXiv:1410."	"Commun. 191 (2015) 159, arXiv:1410."	https://doi.org/10.1016/j.cpc.2015.01.024
ASOT-0143	doi:10.1016/j.cpc.2015.02.001	"hathor for single top-quark production: updated predictions and uncertainty estimates for single top-quark production in hadronic collisions, Comput. Phys. Commun. 191 (2015) 74, arXiv:1406.4403."	"hathor for single top-quark production: updated predictions and uncertainty estimates for single top-quark production in hadronic collisions, Comput. Phys. Commun. 191 (2015) 74, arXiv:1406.4403."	https://doi.org/10.1016/j.cpc.2015.02.001
ASOT-0144	doi:10.1016/j.cpc.2016.10.016	"doi:10.1016/j.cpc.2016.10.016, arXiv:1607.03838."	"doi:10.1016/j.cpc.2016.10.016, arXiv:1607.03838."	https://doi.org/10.1016/j.cpc.2016.10.016
ASOT-0145	doi:10.1016/j.cpc.2018.05.002	"doi: 10.1016/j.cpc.2018.05.002 PhRvD, 101, 103004, doi: 10.1103/PhysRevD.101.103004"	"doi: 10.1016/j.cpc.2018.05.002 PhRvD, 101, 103004, doi: 10.1103/PhysRevD.101.103004"	https://doi.org/10.1016/j.cpc.2018.05.002
ASOT-0145	doi:10.1016/j.cpc.2018.05.002	"doi: 10.1016/j.cpc.2018.05.002 PhRvD, 101, 103004, doi: 10.1103/PhysRevD.101.103004"	"doi: 10.1016/j.cpc.2018.05.002 PhRvD, 101, 103004, doi: 10.1103/PhysRevD.101.103004"	https://doi.org/10.1103/PhysRevD.101.103004
ASOT-0146	doi:10.1016/j.dark.2020.100755	"Antonini, F., Toonen, S., & Hamers, A. S. 2017, ApJ, 841, doi: 10.1016/j.dark.2020.100755"	"Antonini, F., Toonen, S., & Hamers, A. S. 2017, ApJ, 841, doi: 10.1016/j.dark.2020.100755"	https://doi.org/10.1016/j.dark.2020.100755
ASOT-0147	doi:10.1016/j.enbuild.2017.02.012	96-113.	96-113.	https://doi.org/10.1016/j.enbuild.2017.02.012
ASOT-0148	doi:10.1016/j.ic.2016.03.002	"streams. Inf. Comput. 252 (2017), 2 29."	"streams. Inf. Comput. 252 (2017), 2 29."	https://doi.org/10.1016/j.ic.2016.03.002
ASOT-0149	doi:10.1016/j.ijrefrig.2016.12.011	https://doi.org/10.1016/j.ijrefrig.2016.12.011	https://doi.org/10.1016/j.ijrefrig.2016.12.011	https://doi.org/10.1016/j.ijrefrig.2016.12.011
ASOT-0151	doi:10.1016/j.jcp.2021.110683	"Published in Journal of Computational Physics, doi:"	"Published in Journal of Computational Physics, doi:"	https://doi.org/10.1016/j.jcp.2021.110683
ASOT-0152	doi:10.1016/j.jmaa.2005.06.061	"Appl. 319 (2006), no. 2, 617 634, doi:10.1016/j.jmaa.2005.06.061.  3"	"Appl. 319 (2006), no. 2, 617 634, doi:10.1016/j.jmaa.2005.06.061.  3"	https://doi.org/10.1016/j.jmaa.2005.06.061
ASOT-0154	doi:10.1016/j.molliq.2016.11.119	https://doi.org/10.1016/j.molliq.2016.11.119	https://doi.org/10.1016/j.molliq.2016.11.119	https://doi.org/10.1016/j.molliq.2016.11.119
ASOT-0155	doi:10.1016/j.neucom.2015.12.034	197-209.	197-209.	https://doi.org/10.1016/j.neucom.2015.12.034
ASOT-0156	doi:10.1016/j.nuclphysa.2003.12.020	"Nucl. Phys. A 733 (2004) 265, doi:10.1016/j.nuclphysa.2003.12.020,"	"Nucl. Phys. A 733 (2004) 265, doi:10.1016/j.nuclphysa.2003.12.020,"	https://doi.org/10.1016/j.nuclphysa.2003.12.020
ASOT-0157	doi:10.1016/j.nuclphysa.2005.02.130	"doi:10.1016/j.nuclphysa.2005.02.130, arXiv:nucl-ex/0410020."	"doi:10.1016/j.nuclphysa.2005.02.130, arXiv:nucl-ex/0410020."	https://doi.org/10.1016/j.nuclphysa.2005.02.130
ASOT-0158	doi:10.1016/j.nuclphysa.2005.03.084	"Phys. A 757 (2005) 28, doi:10.1016/j.nuclphysa.2005.03.084,"	"Phys. A 757 (2005) 28, doi:10.1016/j.nuclphysa.2005.03.084,"	https://doi.org/10.1016/j.nuclphysa.2005.03.084
ASOT-0159	doi:10.1016/j.nuclphysa.2005.03.085	"doi:10.1016/j.nuclphysa.2005.03.085, arXiv:nucl-ex/0501009."	"doi:10.1016/j.nuclphysa.2005.03.085, arXiv:nucl-ex/0501009."	https://doi.org/10.1016/j.nuclphysa.2005.03.085
ASOT-0160	doi:10.1016/j.nuclphysa.2005.03.086	"doi:10.1016/j.nuclphysa.2005.03.086, arXiv:nucl-ex/0410003."	"doi:10.1016/j.nuclphysa.2005.03.086, arXiv:nucl-ex/0410003."	https://doi.org/10.1016/j.nuclphysa.2005.03.086
ASOT-0161	doi:10.1016/j.patrec.2005.03.013	"classification. Pattern Recognition Letters. 26(12): 1926 1936."	"classification. Pattern Recognition Letters. 26(12): 1926 1936."	https://doi.org/10.1016/j.patrec.2005.03.013
ASOT-0162	doi:10.1016/j.physd.2016.02.003	"Analysis of {K"	@article{Kramar2016PersistentHomology}	https://doi.org/10.1016/j.physd.2016.02.003
ASOT-0163	doi:10.1016/j.physletb.2004.06.071	"doi:10.1016/j.physletb.2004.06.071, arXiv:nucl-ex/0403055."	"doi:10.1016/j.physletb.2004.06.071, arXiv:nucl-ex/0403055."	https://doi.org/10.1016/j.physletb.2004.06.071
ASOT-0164	doi:10.1016/j.physletb.2005.12.050	"22] Ulrych, S. (2006) Physics Letters B, 633, 631-635."	"22] Ulrych, S. (2006) Physics Letters B, 633, 631-635."	https://doi.org/10.1016/j.physletb.2005.12.050
ASOT-0165	doi:10.1016/j.physletb.2012.11.025	"doi:10.1016/j.physletb.2012.11.025, arXiv:1210.5482."	"doi:10.1016/j.physletb.2012.11.025, arXiv:1210.5482."	https://doi.org/10.1016/j.physletb.2012.11.025
ASOT-0166	doi:10.1016/j.physletb.2013.01.051	"52, doi:10.1016/j.physletb.2013.01.051, arXiv:1208.2711."	"52, doi:10.1016/j.physletb.2013.01.051, arXiv:1208.2711."	https://doi.org/10.1016/j.physletb.2013.01.051
ASOT-0167	doi:10.1016/j.physletb.2016.07.050	"Lett. B 760 (2016) 720, doi:10.1016/j.physletb.2016.07.050,"	"Lett. B 760 (2016) 720, doi:10.1016/j.physletb.2016.07.050,"	https://doi.org/10.1016/j.physletb.2016.07.050
ASOT-0168	doi:10.1016/j.physletb.2018.05.059	"doi:10.1016/j.physletb.2018.05.059, arXiv:1712.05603."	"doi:10.1016/j.physletb.2018.05.059, arXiv:1712.05603."	https://doi.org/10.1016/j.physletb.2018.05.059
ASOT-0169	doi:10.1016/j.physletb.2018.10.052	"doi:10.1016/j.physletb.2018.10.052, arXiv:1805.04399."	"doi:10.1016/j.physletb.2018.10.052, arXiv:1805.04399."	https://doi.org/10.1016/j.physletb.2018.10.052
ASOT-0170	doi:10.1016/j.physletb.2024.138953	"doi:10.1016/j.physletb.2024.138953, arXiv:2307.11836."	"doi:10.1016/j.physletb.2024.138953, arXiv:2307.11836."	https://doi.org/10.1016/j.physletb.2024.138953
ASOT-0171	doi:10.1016/j.physletb.2024.138979	https://doi.org/10.1016/j.physletb.2024.138979	https://doi.org/10.1016/j.physletb.2024.138979	https://doi.org/10.1016/j.physletb.2024.138979
ASOT-0172	doi:10.1016/j.physrep.2007.12.001	"2008) 1, doi:10.1016/j.physrep.2007.12.001, arXiv:0706.3356."	"2008) 1, doi:10.1016/j.physrep.2007.12.001, arXiv:0706.3356."	https://doi.org/10.1016/j.physrep.2007.12.001
ASOT-0173	doi:10.1016/j.physrep.2014.09.003	"doi: 10.1016/j.physrep.2014.09.003 doi: 10.1086/305620"	"doi: 10.1016/j.physrep.2014.09.003 doi: 10.1086/305620"	https://doi.org/10.1016/j.physrep.2014.09.003
ASOT-0173	doi:10.1016/j.physrep.2014.09.003	"doi: 10.1016/j.physrep.2014.09.003 doi: 10.1086/305620"	"doi: 10.1016/j.physrep.2014.09.003 doi: 10.1086/305620"	https://doi.org/10.1086/305620
ASOT-0174	doi:10.1016/j.physrep.2020.07.006	"Phys. Rep. 2020 , 887 , 1  166,"	"Phys. Rep. 2020 , 887 , 1  166,"	https://doi.org/10.1016/j.physrep.2020.07.006
ASOT-0175	doi:10.1016/j.physrep.2024.11.007	"at the LHC , Phys. Rept. 1115 (2025) 219, doi:10.1016/j.physrep.2024.11.007,"	"at the LHC , Phys. Rept. 1115 (2025) 219, doi:10.1016/j.physrep.2024.11.007,"	https://doi.org/10.1016/j.physrep.2024.11.007
ASOT-0176	doi:10.1016/j.ppnp.2014.11.002	"Part. Nucl. Phys. 81 (2015) 97,"	"Part. Nucl. Phys. 81 (2015) 97,"	https://doi.org/10.1016/j.ppnp.2014.11.002
ASOT-0177	doi:10.1016/j.supflu.2012.10.013	https://doi.org/10.1016/j.supflu.2012.10.013	https://doi.org/10.1016/j.supflu.2012.10.013	https://doi.org/10.1016/j.supflu.2012.10.013
ASOT-0178	doi:10.1016/s0022-4049(98)00143-1	"Obstructions to Coherence: Natural Noncoherent Associativity"	@book{Yanofsky1998Coherence}	https://doi.org/10.1016/S0022-4049(98)00143-1
ASOT-0179	doi:10.1016/s0096-3003(96)00051-3	96)00051-3	96)00051-3	https://doi.org/10.1016/S0096-3003
ASOT-0179	doi:10.1016/s0096-3003(96)00051-3	96)00051-3	96)00051-3	https://doi.org/10.1016/S0096-3003(96)00051-3
ASOT-0180	doi:10.1016/s0096-3003(99)00140-x	99)00140-X	99)00140-X	https://doi.org/10.1016/S0096-3003
ASOT-0180	doi:10.1016/s0096-3003(99)00140-x	99)00140-X	99)00140-X	https://doi.org/10.1016/S0096-3003(99)00140-X
ASOT-0181	doi:10.1016/s0168-9002(03	"52] S. Agostinelli, et al., GEANT4, [Geant4] a simulation toolkit, Nucl. Instrum. Methods Phys. Res., Sect. A 506 (2003) 250, (03"	"52] S. Agostinelli, et al., GEANT4, [Geant4] a simulation toolkit, Nucl. Instrum. Methods Phys. Res., Sect. A 506 (2003) 250, (03"	https://doi.org/10.1016/S0168-9002
ASOT-0181	doi:10.1016/s0168-9002(03	"52] S. Agostinelli, et al., GEANT4, [Geant4] a simulation toolkit, Nucl. Instrum. Methods Phys. Res., Sect. A 506 (2003) 250, (03"	"52] S. Agostinelli, et al., GEANT4, [Geant4] a simulation toolkit, Nucl. Instrum. Methods Phys. Res., Sect. A 506 (2003) 250, (03"	https://doi.org/10.1016/S0168-9002(03
ASOT-0182	doi:10.1016/s0168-9002(03)01368-8	"2003) 250, doi:10.1016/S0168-9002(03)01368-8."	"2003) 250, doi:10.1016/S0168-9002(03)01368-8."	https://doi.org/10.1016/S0168-9002(03)01368-8
ASOT-0183	doi:10.1016/s0263-2241(97)000195	"143-148. (97)000195"	"143-148. (97)000195"	https://doi.org/10.1016/S0263-2241
ASOT-0183	doi:10.1016/s0263-2241(97)000195	"143-148. (97)000195"	"143-148. (97)000195"	https://doi.org/10.1016/S0263-2241(97)000195
ASOT-0184	doi:10.1016/s0304-3975(99)00173-5	"Theoretical Computer Science, 232, 1, 133 163. doi: 10.1016/S0304-3975(99)00173-5."	"Theoretical Computer Science, 232, 1, 133 163. doi: 10.1016/S0304-3975(99)00173-5."	https://doi.org/10.1016/S0304-3975(99)00173-5
ASOT-0186	doi:10.1016/s0370-2693(01)00642-6	"513, 147, doi: 10.1016/S0370-2693(01)00642-6"	"513, 147, doi: 10.1016/S0370-2693(01)00642-6"	https://doi.org/10.1016/S0370-2693(01)00642-6
ASOT-0187	doi:10.1016/s0370-2693(03)001035	"FOCUS, Phys. Lett. B 556 (2003) 7, (03)001035, arXiv:hep-ex/0208034."	"FOCUS, Phys. Lett. B 556 (2003) 7, (03)001035, arXiv:hep-ex/0208034."	https://doi.org/10.1016/S0370-2693
ASOT-0187	doi:10.1016/s0370-2693(03)001035	"FOCUS, Phys. Lett. B 556 (2003) 7, (03)001035, arXiv:hep-ex/0208034."	"FOCUS, Phys. Lett. B 556 (2003) 7, (03)001035, arXiv:hep-ex/0208034."	https://doi.org/10.1016/S0370-2693(03)001035
ASOT-0189	doi:10.1016/s0550-3213(00)00379-5	"and voids , Nucl. Phys. B 584 (2000), 415-435 doi:10.1016/S0550-3213(00)00379-5"	"and voids , Nucl. Phys. B 584 (2000), 415-435 doi:10.1016/S0550-3213(00)00379-5"	https://doi.org/10.1016/S0550-3213(00)00379-5
ASOT-0190	doi:10.1016/s0550-3213(99)00713-0	"Formalism , Nucl. Phys. B 571 (2000) 197, doi:10.1016/S0550-3213(99)00713-0,"	"Formalism , Nucl. Phys. B 571 (2000) 197, doi:10.1016/S0550-3213(99)00713-0,"	https://doi.org/10.1016/S0550-3213(99)00713-0
ASOT-0191	doi:10.1016/s0925-2312(00)00301-5	00)00301-5	00)00301-5	https://doi.org/10.1016/S0925-2312
ASOT-0191	doi:10.1016/s0925-2312(00)00301-5	00)00301-5	00)00301-5	https://doi.org/10.1016/S0925-2312(00)00301-5
ASOT-0192	doi:10.1016/s09252312(01)00700-7	01)00700-7	01)00700-7	https://doi.org/10.1016/S09252312
ASOT-0192	doi:10.1016/s09252312(01)00700-7	01)00700-7	01)00700-7	https://doi.org/10.1016/S09252312(01)00700-7
ASOT-0193	doi:10.1016/s0927-0248(99)00088-4	"**Granqvist, C. G.** (2000). *Electrochromic tungsten oxide films: Review of progress 1993-1998*. Solar Energy Materials and Solar Cells 60(3), 201-262. DOI: 10.1016/S0927-0248(99)00088-4."	"**Granqvist, C. G.** (2000). *Electrochromic tungsten oxide films: Review of progress 1993-1998*. Solar Energy Materials and Solar Cells 60(3), 201-262. DOI: 10.1016/S0927-0248(99)00088-4."	https://doi.org/10.1016/S0927-0248(99)00088-4
ASOT-0194	doi:10.1016/s1350-4487(01)00076-1	"**Nikl, M., Bohacek, P., Mihokova, E., Kobayashi, M., Ishii, M., Usuki, Y., Babin, V., Stolovich, A., Zazubovich, S., & Baccaro, S.** (2000). *Excitonic emission of scheelite tungstates AWO4 (A = Pb, Ca, Ba, Sr)*. Radiation Measurements 33(5), 683-689. DOI: 10.1016/S1350-4487(01)00076-1."	"**Nikl, M., Bohacek, P., Mihokova, E., Kobayashi, M., Ishii, M., Usuki, Y., Babin, V., Stolovich, A., Zazubovich, S., & Baccaro, S.** (2000). *Excitonic emission of scheelite tungstates AWO4 (A = Pb, Ca, Ba, Sr)*. Radiation Measurements 33(5), 683-689. DOI: 10.1016/S1350-4487(01)00076-1."	https://doi.org/10.1016/S1350-4487(01)00076-1
ASOT-0195	doi:10.1017/9781316219317	"Reasoning. Cambridge University Press."	"Reasoning. Cambridge University Press."	https://doi.org/10.1017/9781316219317
ASOT-0196	doi:10.1017/cbo9780511524646	"978-0-521-09906-6 doi:10.1017/CBO9780511524646"	"978-0-521-09906-6 doi:10.1017/CBO9780511524646"	https://doi.org/10.1017/CBO9780511524646
ASOT-0197	doi:10.1017/cbo9780511606014	"A Guide to First-Passage Processes"	@book{Redner2001FirstPassage}	https://doi.org/10.1017/CBO9780511606014
ASOT-0198	doi:10.1017/cbo9780511606601	"Cambridge, Cambridge, 2004) ISBN-10: 0-521-83091-5 doi:10.1017/CBO9780511606601"	"Cambridge, Cambridge, 2004) ISBN-10: 0-521-83091-5 doi:10.1017/CBO9780511606601"	https://doi.org/10.1017/CBO9780511606601
ASOT-0199	doi:10.1017/cbo9780511973765	DOI:10.1017/cbo9780511973765].	DOI:10.1017/cbo9780511973765].	https://doi.org/10.1017/cbo9780511973765
ASOT-0200	doi:10.1017/cbo9780511976667	"University Press (2012) [DOI:10.1017/cbo9780511976667] [INSPIRE]."	"University Press (2012) [DOI:10.1017/cbo9780511976667] [INSPIRE]."	https://doi.org/10.1017/cbo9780511976667
ASOT-0201	doi:10.1017/cbo9781139942492	"Physics, Cambridge Univ. Press (2015) [DOI:10.1017/CBO9781139942492] [INSPIRE]."	"Physics, Cambridge Univ. Press (2015) [DOI:10.1017/CBO9781139942492] [INSPIRE]."	https://doi.org/10.1017/CBO9781139942492
ASOT-0202	doi:10.1017/pasa.2016.40	"Mu ller, B. 2016, PASA, 33, e048, doi: 10.1017/pasa.2016.40"	"Mu ller, B. 2016, PASA, 33, e048, doi: 10.1017/pasa.2016.40"	https://doi.org/10.1017/pasa.2016.40
ASOT-0203	doi:10.1017/pasa.2017.51	"Chernoff, D. F., & Finn, L. S. 1993, ApJL, 411, L5, 34, e058, doi: 10.1017/pasa.2017.51"	"Chernoff, D. F., & Finn, L. S. 1993, ApJL, 411, L5, 34, e058, doi: 10.1017/pasa.2017.51"	https://doi.org/10.1017/pasa.2017.51
ASOT-0204	doi:10.1017/pasa.2019.42	"e002, doi: 10.1017/pasa.2019.42"	"e002, doi: 10.1017/pasa.2019.42"	https://doi.org/10.1017/pasa.2019.42
ASOT-0205	doi:10.1017/s0308210500014827	"278, doi:10.1017/S0308210500014827.  2, 27"	"278, doi:10.1017/S0308210500014827.  2, 27"	https://doi.org/10.1017/S0308210500014827
ASOT-0206	doi:10.1017/s0956796806006034	"Simon Peyton Jones, Dimitrios Vytiniotis, Stephanie Weirich, and Mark Shields. 2007.  Practical type inference for arbitraryrank types.  Journal of Functional Programming, 17, 1, 1 82. doi: 10.1017/S0956796806006034."	"Simon Peyton Jones, Dimitrios Vytiniotis, Stephanie Weirich, and Mark Shields. 2007.  Practical type inference for arbitraryrank types.  Journal of Functional Programming, 17, 1, 1 82. doi: 10.1017/S0956796806006034."	https://doi.org/10.1017/S0956796806006034
ASOT-0207	doi:10.1017/s0956796811000098	"Dimitrios Vytiniotis, Simon Peyton Jones, Tom Schrijvers, and Martin Sulzmann. 2011.  OutsideIn(X) Modular type inference with local assumptions.  Journal of Functional Programming, 21, 4-5, 333 412. doi: 10.1017/S0956796811000098."	"Dimitrios Vytiniotis, Simon Peyton Jones, Tom Schrijvers, and Martin Sulzmann. 2011.  OutsideIn(X) Modular type inference with local assumptions.  Journal of Functional Programming, 21, 4-5, 333 412. doi: 10.1017/S0956796811000098."	https://doi.org/10.1017/S0956796811000098
ASOT-0210	doi:10.1021/ie034308l	https://doi.org/10.1021/ie034308l	https://doi.org/10.1021/ie034308l	https://doi.org/10.1021/ie034308l
ASOT-0211	doi:10.1021/nl202597n	"**Garcia, G., Buonsanti, R., Runnerstrom, E. L., Mendelsberg, R. J., Llordes, A., Anders, A., Richardson, T. J., & Milliron, D. J.** (2011). *Dynamically Modulating the Surface Plasmon Resonance of Doped Semiconductor Nanocrystals*. Nano Letters 11(10), 4415-4420. DOI: 10.1021/nl202597n."	"**Garcia, G., Buonsanti, R., Runnerstrom, E. L., Mendelsberg, R. J., Llordes, A., Anders, A., Richardson, T. J., & Milliron, D. J.** (2011). *Dynamically Modulating the Surface Plasmon Resonance of Doped Semiconductor Nanocrystals*. Nano Letters 11(10), 4415-4420. DOI: 10.1021/nl202597n."	https://doi.org/10.1021/nl202597n
ASOT-0212	doi:10.1023/a:1003762405951	"20] Shaarawi, A.M. (2000) Foundations of Physics, 30, 1911-1941."	"20] Shaarawi, A.M. (2000) Foundations of Physics, 30, 1911-1941."	https://doi.org/10.1023/A:1003762405951
ASOT-0213	doi:10.1023/a:1025754515197	"Theor. Phys. 42 (2003), 1219-1227 doi:10.1023/A:1025754515197 [arXiv:gr-qc/0301045"	"Theor. Phys. 42 (2003), 1219-1227 doi:10.1023/A:1025754515197 [arXiv:gr-qc/0301045"	https://doi.org/10.1023/A:1025754515197
ASOT-0214	doi:10.1023/b:matg.0000048799.56445.59	"Kunze & Schaeben (2004) Bingham distribution of quaternions (texture analysis)"	"Kunze & Schaeben (2004) Bingham distribution of quaternions (texture analysis)"	https://doi.org/10.1023/B:MATG.0000048799.56445.59
ASOT-0214	doi:10.1023/b:matg.0000048799.56445.59	"Kunze & Schaeben (2004) Bingham distribution of quaternions (texture analysis)"	"Kunze & Schaeben (2004) Bingham distribution of quaternions (texture analysis)"	https://link.springer.com/content/pdf/10.1023/B%3AMATG.0000048799.56445.59.pdf
ASOT-0215	doi:10.1038/323310a0	"Schutz, B. F. 1986, Nat, 323, 310, doi: 10.1038/323310a0 van den Heuvel, E. P. J., & Tauris, T. M. 2020, Sci, 368,"	"Schutz, B. F. 1986, Nat, 323, 310, doi: 10.1038/323310a0 van den Heuvel, E. P. J., & Tauris, T. M. 2020, Sci, 368,"	https://doi.org/10.1038/323310a0
ASOT-0216	doi:10.1038/364423a0	"doi: 10.1038/364423a0 Venumadhav, T., Zackay, B., Roulet, J., Dai, L., &"	"doi: 10.1038/364423a0 Venumadhav, T., Zackay, B., Roulet, J., Dai, L., &"	https://doi.org/10.1038/364423a0
ASOT-0218	doi:10.1038/nature02124	"Antoniadis, J., Freire, P. C. C., Wex, N., et al. 2013, Sci, 426, 531, doi: 10.1038/nature02124"	"Antoniadis, J., Freire, P. C. C., Wex, N., et al. 2013, Sci, 426, 531, doi: 10.1038/nature02124"	https://doi.org/10.1038/nature02124
ASOT-0219	doi:10.1038/nature09463	"Shibata, M., Zhou, E., Kiuchi, K., & Fujibayashi, S. 2019, Nature, 468, 77, doi: 10.1038/nature09463"	"Shibata, M., Zhou, E., Kiuchi, K., & Fujibayashi, S. 2019, Nature, 468, 77, doi: 10.1038/nature09463"	https://doi.org/10.1038/nature09463
ASOT-0220	doi:10.1038/nature15750	"twins, arXiv:1509.01160 [DOI:10.1038/nature15750] [INSPIRE]."	"twins, arXiv:1509.01160 [DOI:10.1038/nature15750] [INSPIRE]."	https://doi.org/10.1038/nature15750
ASOT-0221	doi:10.1038/nature24471	" . 2017e, Nat, 551, 85, doi: 10.1038/nature24471"	" . 2017e, Nat, 551, 85, doi: 10.1038/nature24471"	https://doi.org/10.1038/nature24471
ASOT-0221	doi:10.1038/nature24471	" . 2017e, Nat, 551, 85, doi: 10.1038/nature24471"	" . 2017e, Nat, 551, 85, doi: 10.1038/nature24471"	https://doi.org/10.3847/1538-4357/abdcb7
ASOT-0222	doi:10.1038/nphys4111	"doi:10.1038/nphys4111, arXiv:1606.07424."	"doi:10.1038/nphys4111, arXiv:1606.07424."	https://doi.org/10.1038/nphys4111
ASOT-0228	doi:10.1038/s41550-019-0880-2	"NatAs, 4, 72, doi: 10.1038/s41550-019-0880-2 Ferna ndez, R., Tchekhovskoy, A., Quataert, E., Foucart,"	"NatAs, 4, 72, doi: 10.1038/s41550-019-0880-2 Ferna ndez, R., Tchekhovskoy, A., Quataert, E., Foucart,"	https://doi.org/10.1038/s41550-019-0880-2
ASOT-0229	doi:10.1038/s41586-018-0606-0	"545, doi: 10.1038/s41586-018-0606-0 Eldridge, J. J., Stanway, E. R., Xiao, L., et al. 2017, PASA,"	"545, doi: 10.1038/s41586-018-0606-0 Eldridge, J. J., Stanway, E. R., Xiao, L., et al. 2017, PASA,"	https://doi.org/10.1038/s41586-018-0606-0
ASOT-0233	doi:10.1038/s41598-023-46787-5	"See the published version at"	"See the published version at"	https://doi.org/10.1038/s41598-023-46787-5
ASOT-0234	doi:10.1038/s42005-020-0310-x	"doi: 10.1038/s42005-020-0310-x"	"doi: 10.1038/s42005-020-0310-x"	https://doi.org/10.1038/s42005-020-0310-x
ASOT-0236	doi:10.1039/b612174h	"**Niklasson, G. A., & Granqvist, C. G.** (2007). *Electrochromics for smart windows: thin films of tungsten oxide and nickel oxide, and devices based on these*. Journal of Materials Chemistry 17(2), 127-156. DOI: 10.1039/B612174H."	"**Niklasson, G. A., & Granqvist, C. G.** (2007). *Electrochromics for smart windows: thin films of tungsten oxide and nickel oxide, and devices based on these*. Journal of Materials Chemistry 17(2), 127-156. DOI: 10.1039/B612174H."	https://doi.org/10.1039/B612174H
ASOT-0237	doi:10.1049/ietepa.2016.0550	"Applications, 11(1): 121-131."	"Applications, 11(1): 121-131."	https://doi.org/10.1049/ietepa.2016.0550
ASOT-0238	doi:10.1049/ip-epa:19970927	https://doi.org/10.1049/ip-epa:19970927	https://doi.org/10.1049/ip-epa:19970927	https://doi.org/10.1049/ip-epa:19970927
ASOT-0239	doi:10.1051/0004-6361/201322068	"Accadia, T., Acernese, F., Antonucci, F., et al. 2010, doi: 10.1051/0004-6361/201322068"	"Accadia, T., Acernese, F., Antonucci, F., et al. 2010, doi: 10.1051/0004-6361/201322068"	https://doi.org/10.1051/0004-6361/201322068
ASOT-0239	doi:10.1051/0004-6361/201322068	"Accadia, T., Acernese, F., Antonucci, F., et al. 2010, doi: 10.1051/0004-6361/201322068"	"Accadia, T., Acernese, F., Antonucci, F., et al. 2010, doi: 10.1051/0004-6361/201322068"	https://doi.org/10.1093/mnras/staa278
ASOT-0240	doi:10.1051/0004-6361/201525830	" . 2016c, CQGra, 33, 134001, 594, A13, doi: 10.1051/0004-6361/201525830"	" . 2016c, CQGra, 33, 134001, 594, A13, doi: 10.1051/0004-6361/201525830"	https://doi.org/10.1051/0004-6361/201525830
ASOT-0240	doi:10.1051/0004-6361/201525830	" . 2016c, CQGra, 33, 134001, 594, A13, doi: 10.1051/0004-6361/201525830"	" . 2016c, CQGra, 33, 134001, 594, A13, doi: 10.1051/0004-6361/201525830"	https://doi.org/10.1086/505169
ASOT-0241	doi:10.1051/0004-6361/201732117	"Owen, B. J., & Sathyaprakash, B. S. 1999, PhRvD, 60, 615, A132, doi: 10.1051/0004-6361/201732117"	"Owen, B. J., & Sathyaprakash, B. S. 1999, PhRvD, 60, 615, A132, doi: 10.1051/0004-6361/201732117"	https://doi.org/10.1051/0004-6361/201732117
ASOT-0242	doi:10.1051/0004-6361/201935842	"doi: 10.1051/0004-6361/201935842"	"doi: 10.1051/0004-6361/201935842"	https://doi.org/10.1051/0004-6361/201935842
ASOT-0243	doi:10.1051/0004-6361/202556884	"Description: Resolve RI-032 (stellar-physics video payload) by confirming or rejecting the provisional mapping currently flagged unresolved in intake. DONE: Confirmed mapping to A&A DOI:10.1051/0004-6361/202556884 (R Doradus stellar wind study, Sprint 42)."	"Description: Resolve RI-032 (stellar-physics video payload) by confirming or rejecting the provisional mapping currently flagged unresolved in intake. DONE: Confirmed mapping to A&A DOI:10.1051/0004-6361/202556884 (R Doradus stellar wind study, Sprint 42)."	https://doi.org/10.1051/0004-6361/202556884
ASOT-0244	doi:10.1051/0004-6361:20011402	"doi: 10.1051/0004-6361:20011402 Fragione, G., & Banerjee, S. 2020, ApJL, 901, L16,"	"doi: 10.1051/0004-6361:20011402 Fragione, G., & Banerjee, S. 2020, ApJL, 901, L16,"	https://doi.org/10.1051/0004-6361:20011402
ASOT-0245	doi:10.1063/1.1301601	"null energy condition , AIP Conf. Proc. 493 (1999) no.1, 301-305 doi:10.1063/1.1301601"	"null energy condition , AIP Conf. Proc. 493 (1999) no.1, 301-305 doi:10.1063/1.1301601"	https://doi.org/10.1063/1.1301601
ASOT-0246	doi:10.1063/1.1666501	"Hansen, R. O. 1974, JMP, 15, 46, doi: 10.1063/1.1666501 Kasen, D., Metzger, B., Barnes, J., Quataert, E., &"	"Hansen, R. O. 1974, JMP, 15, 46, doi: 10.1063/1.1666501 Kasen, D., Metzger, B., Barnes, J., Quataert, E., &"	https://doi.org/10.1063/1.1666501
ASOT-0247	doi:10.1063/1.3041499	https://doi.org/10.1063/1.3041499	https://doi.org/10.1063/1.3041499	https://doi.org/10.1063/1.3041499
ASOT-0250	doi:10.1080/00222937808682457	"link: <> ; rel=""cite-as"" , <> ; rel=""describedby"" ; type=""application/dcat+xml"" , <> ; rel=""describedby"" ; type=""application/json"" , <> ; rel=""describedby"" ; type=""application/ld+json"" , <> ; rel=""describedby"" ; type=""application/ld+json;profile="""""" , <> ; rel=""describedby"" ; type=""application/marcxml+xml"" , <> ; rel=""describedby"" ; type=""application/vnd.citationstyles.csl+json"" , <> ; rel=""describedby"" ; type=""application/vnd.datacite.datacite+json"" , <> ; rel=""describedby"" ; type=""application/vnd.datacite.datacite+xml"" , <> ; rel=""describedby"" ; type=""application/vnd.geo+json"" , <> ; rel=""describedby"" ; type=""application/vnd.inveniordm.v1+json"" , <> ; rel=""describedby"" ; type=""application/vnd.inveniordm.v1.full+csv"" , <> ; rel=""describedby"" ; type=""application/vnd.inveniordm.v1.simple+csv"" , <> ; rel=""describedby"" ; type=""application/x-bibtex"" , <> ; rel=""describedby"" ; type=""application/x-dc+xml"" , <> ; rel=""describedby"" ; type=""text/x-bibliography"" , <> ; rel=""item"" ; type=""application/pdf"" , <> ; rel=""license"" , <> ; rel=""type"" , <> ; rel=""type"" , <> ; rel=""linkset"" ; type=""application/linkset+json"""	"link: <> ; rel=""cite-as"" , <> ; rel=""describedby"" ; type=""application/dcat+xml"" , <> ; rel=""describedby"" ; type=""application/json"" , <> ; rel=""describedby"" ; type=""application/ld+json"" , <> ; rel=""describedby"" ; type=""application/ld+json;profile="""""" , <> ; rel=""describedby"" ; type=""application/marcxml+xml"" , <> ; rel=""describedby"" ; type=""application/vnd.citationstyles.csl+json"" , <> ; rel=""describedby"" ; type=""application/vnd.datacite.datacite+json"" , <> ; rel=""describedby"" ; type=""application/vnd.datacite.datacite+xml"" , <> ; rel=""describedby"" ; type=""application/vnd.geo+json"" , <> ; rel=""describedby"" ; type=""application/vnd.inveniordm.v1+json"" , <> ; rel=""describedby"" ; type=""application/vnd.inveniordm.v1.full+csv"" , <> ; rel=""describedby"" ; type=""application/vnd.inveniordm.v1.simple+csv"" , <> ; rel=""describedby"" ; type=""application/x-bibtex"" , <> ; rel=""describedby"" ; type=""application/x-dc+xml"" , <> ; rel=""describedby"" ; type=""text/x-bibliography"" , <> ; rel=""item"" ; type=""application/pdf"" , <> ; rel=""license"" , <> ; rel=""type"" , <> ; rel=""type"" , <> ; rel=""linkset"" ; type=""application/linkset+json"""	https://doi.org/10.1080/00222937808682457
ASOT-0250	doi:10.1080/00222937808682457	"link: <> ; rel=""cite-as"" , <> ; rel=""describedby"" ; type=""application/dcat+xml"" , <> ; rel=""describedby"" ; type=""application/json"" , <> ; rel=""describedby"" ; type=""application/ld+json"" , <> ; rel=""describedby"" ; type=""application/ld+json;profile="""""" , <> ; rel=""describedby"" ; type=""application/marcxml+xml"" , <> ; rel=""describedby"" ; type=""application/vnd.citationstyles.csl+json"" , <> ; rel=""describedby"" ; type=""application/vnd.datacite.datacite+json"" , <> ; rel=""describedby"" ; type=""application/vnd.datacite.datacite+xml"" , <> ; rel=""describedby"" ; type=""application/vnd.geo+json"" , <> ; rel=""describedby"" ; type=""application/vnd.inveniordm.v1+json"" , <> ; rel=""describedby"" ; type=""application/vnd.inveniordm.v1.full+csv"" , <> ; rel=""describedby"" ; type=""application/vnd.inveniordm.v1.simple+csv"" , <> ; rel=""describedby"" ; type=""application/x-bibtex"" , <> ; rel=""describedby"" ; type=""application/x-dc+xml"" , <> ; rel=""describedby"" ; type=""text/x-bibliography"" , <> ; rel=""item"" ; type=""application/pdf"" , <> ; rel=""license"" , <> ; rel=""type"" , <> ; rel=""type"" , <> ; rel=""linkset"" ; type=""application/linkset+json"""	"link: <> ; rel=""cite-as"" , <> ; rel=""describedby"" ; type=""application/dcat+xml"" , <> ; rel=""describedby"" ; type=""application/json"" , <> ; rel=""describedby"" ; type=""application/ld+json"" , <> ; rel=""describedby"" ; type=""application/ld+json;profile="""""" , <> ; rel=""describedby"" ; type=""application/marcxml+xml"" , <> ; rel=""describedby"" ; type=""application/vnd.citationstyles.csl+json"" , <> ; rel=""describedby"" ; type=""application/vnd.datacite.datacite+json"" , <> ; rel=""describedby"" ; type=""application/vnd.datacite.datacite+xml"" , <> ; rel=""describedby"" ; type=""application/vnd.geo+json"" , <> ; rel=""describedby"" ; type=""application/vnd.inveniordm.v1+json"" , <> ; rel=""describedby"" ; type=""application/vnd.inveniordm.v1.full+csv"" , <> ; rel=""describedby"" ; type=""application/vnd.inveniordm.v1.simple+csv"" , <> ; rel=""describedby"" ; type=""application/x-bibtex"" , <> ; rel=""describedby"" ; type=""application/x-dc+xml"" , <> ; rel=""describedby"" ; type=""text/x-bibliography"" , <> ; rel=""item"" ; type=""application/pdf"" , <> ; rel=""license"" , <> ; rel=""type"" , <> ; rel=""type"" , <> ; rel=""linkset"" ; type=""application/linkset+json"""	https://zenodo.org/api/records/1430243
ASOT-0250	doi:10.1080/00222937808682457	"link: <> ; rel=""cite-as"" , <> ; rel=""describedby"" ; type=""application/dcat+xml"" , <> ; rel=""describedby"" ; type=""application/json"" , <> ; rel=""describedby"" ; type=""application/ld+json"" , <> ; rel=""describedby"" ; type=""application/ld+json;profile="""""" , <> ; rel=""describedby"" ; type=""application/marcxml+xml"" , <> ; rel=""describedby"" ; type=""application/vnd.citationstyles.csl+json"" , <> ; rel=""describedby"" ; type=""application/vnd.datacite.datacite+json"" , <> ; rel=""describedby"" ; type=""application/vnd.datacite.datacite+xml"" , <> ; rel=""describedby"" ; type=""application/vnd.geo+json"" , <> ; rel=""describedby"" ; type=""application/vnd.inveniordm.v1+json"" , <> ; rel=""describedby"" ; type=""application/vnd.inveniordm.v1.full+csv"" , <> ; rel=""describedby"" ; type=""application/vnd.inveniordm.v1.simple+csv"" , <> ; rel=""describedby"" ; type=""application/x-bibtex"" , <> ; rel=""describedby"" ; type=""application/x-dc+xml"" , <> ; rel=""describedby"" ; type=""text/x-bibliography"" , <> ; rel=""item"" ; type=""application/pdf"" , <> ; rel=""license"" , <> ; rel=""type"" , <> ; rel=""type"" , <> ; rel=""linkset"" ; type=""application/linkset+json"""	"link: <> ; rel=""cite-as"" , <> ; rel=""describedby"" ; type=""application/dcat+xml"" , <> ; rel=""describedby"" ; type=""application/json"" , <> ; rel=""describedby"" ; type=""application/ld+json"" , <> ; rel=""describedby"" ; type=""application/ld+json;profile="""""" , <> ; rel=""describedby"" ; type=""application/marcxml+xml"" , <> ; rel=""describedby"" ; type=""application/vnd.citationstyles.csl+json"" , <> ; rel=""describedby"" ; type=""application/vnd.datacite.datacite+json"" , <> ; rel=""describedby"" ; type=""application/vnd.datacite.datacite+xml"" , <> ; rel=""describedby"" ; type=""application/vnd.geo+json"" , <> ; rel=""describedby"" ; type=""application/vnd.inveniordm.v1+json"" , <> ; rel=""describedby"" ; type=""application/vnd.inveniordm.v1.full+csv"" , <> ; rel=""describedby"" ; type=""application/vnd.inveniordm.v1.simple+csv"" , <> ; rel=""describedby"" ; type=""application/x-bibtex"" , <> ; rel=""describedby"" ; type=""application/x-dc+xml"" , <> ; rel=""describedby"" ; type=""text/x-bibliography"" , <> ; rel=""item"" ; type=""application/pdf"" , <> ; rel=""license"" , <> ; rel=""type"" , <> ; rel=""type"" , <> ; rel=""linkset"" ; type=""application/linkset+json"""	https://zenodo.org/records/1430243/files/article.pdf
ASOT-0252	doi:10.1080/01621459.2012.682815	"Quantile Periodograms"	@article{Li2012}	https://doi.org/10.1080/01621459.2012.682815
ASOT-0255	doi:10.1080/07313569308909633	https://doi.org/10.1080/07313569308909633	https://doi.org/10.1080/07313569308909633	https://doi.org/10.1080/07313569308909633
ASOT-0256	doi:10.1080/14786444408645047	"On Quaternions; or on a New System of Imaginaries in Algebra"	@article{Hamilton1844Quaternions}	https://doi.org/10.1080/14786444408645047
ASOT-0257	doi:10.1080/14786444808646059	location:	location:	https://doi.org/10.1080/14786444808646059
ASOT-0257	doi:10.1080/14786444808646059	location:	location:	https://www.tandfonline.com/doi/epdf/10.1080/14786444808646059
ASOT-0257	doi:10.1080/14786444808646059	location:	location:	https://www.tandfonline.com/doi/full/10.1080/14786444808646059
ASOT-0257	doi:10.1080/14786444808646059	location:	location:	https://www.tandfonline.com/doi/pdf/10.1080/14786444808646059
ASOT-0257	doi:10.1080/14786444808646059	location:	location:	https://www.tandfonline.com/toc/tphm14/33/220
ASOT-0260	doi:10.1086/145971	"Salpeter, E. E. 1955, ApJ, 121, 161, doi: 10.1086/145971 L1, doi: 10.3847/2041-8213/abdaae"	"Salpeter, E. E. 1955, ApJ, 121, 161, doi: 10.1086/145971 L1, doi: 10.3847/2041-8213/abdaae"	https://doi.org/10.1086/145971
ASOT-0260	doi:10.1086/145971	"Salpeter, E. E. 1955, ApJ, 121, 161, doi: 10.1086/145971 L1, doi: 10.3847/2041-8213/abdaae"	"Salpeter, E. E. 1955, ApJ, 121, 161, doi: 10.1086/145971 L1, doi: 10.3847/2041-8213/abdaae"	https://doi.org/10.3847/2041-8213/abdaae
ASOT-0261	doi:10.1086/173934	"424, 823, doi: 10.1086/173934 825, 116, doi: 10.3847/0004-637X/825/2/116"	"424, 823, doi: 10.1086/173934 825, 116, doi: 10.3847/0004-637X/825/2/116"	https://doi.org/10.1086/173934
ASOT-0261	doi:10.1086/173934	"424, 823, doi: 10.1086/173934 825, 116, doi: 10.3847/0004-637X/825/2/116"	"424, 823, doi: 10.1086/173934 825, 116, doi: 10.3847/0004-637X/825/2/116"	https://doi.org/10.3847/0004-637X/825/2/116
ASOT-0262	doi:10.1086/186898	"doi: 10.1086/186898 Ertl, T., Janka, H. T., Woosley, S. E., Sukhbold, T., &"	"doi: 10.1086/186898 Ertl, T., Janka, H. T., Woosley, S. E., Sukhbold, T., &"	https://doi.org/10.1086/186898
ASOT-0263	doi:10.1086/309400	"Kalogera, V. 2000, ApJ, 541, 319, doi: 10.1086/309400  . 2014, PhRvD, 89, 064003,"	"Kalogera, V. 2000, ApJ, 541, 319, doi: 10.1086/309400  . 2014, PhRvD, 89, 064003,"	https://doi.org/10.1086/309400
ASOT-0264	doi:10.1086/310296	"doi: 10.1086/310296 Littenberg, T. B., & Cornish, N. J. 2015, PhRvD, 91,"	"doi: 10.1086/310296 Littenberg, T. B., & Cornish, N. J. 2015, PhRvD, 91,"	https://doi.org/10.1086/310296
ASOT-0265	doi:10.1086/312422	"through Simulations based on DECam Follow-up 528, L17, doi: 10.1086/312422"	"through Simulations based on DECam Follow-up 528, L17, doi: 10.1086/312422"	https://doi.org/10.1086/312422
ASOT-0266	doi:10.1086/342646	"BIB-0213 | Gray, R. H. & Ellingsen, S. P. (2002). ""A Search for Periodic Emissions at the Wow Locale."" ApJ 578, 967-971. | 10.1086/342646"	"BIB-0213 | Gray, R. H. & Ellingsen, S. P. (2002). ""A Search for Periodic Emissions at the Wow Locale."" ApJ 578, 967-971. | 10.1086/342646"	https://doi.org/10.1086/342646
ASOT-0267	doi:10.1086/345740	"985, doi: 10.1086/345740"	"985, doi: 10.1086/345740"	https://doi.org/10.1086/345740
ASOT-0267	doi:10.1086/345740	"985, doi: 10.1086/345740"	"985, doi: 10.1086/345740"	https://doi.org/10.3847/1538-4357/aad09f
ASOT-0268	doi:10.1086/431341	"landscape of disk outflows from black hole - neutron star doi: 10.1086/431341"	"landscape of disk outflows from black hole - neutron star doi: 10.1086/431341"	https://doi.org/10.1086/431341
ASOT-0269	doi:10.1086/526334	"ApJ, 675, 566, doi: 10.1086/526334"	"ApJ, 675, 566, doi: 10.1086/526334"	https://doi.org/10.1086/526334
ASOT-0270	doi:10.1086/526338	"675, 670, doi: 10.1086/526338"	"675, 670, doi: 10.1086/526338"	https://doi.org/10.1086/526338
ASOT-0271	doi:10.1086/587858	"2008, ApJ, 680, 1326, doi: 10.1086/587858 doi: 10.1017/S1743921318003757"	"2008, ApJ, 680, 1326, doi: 10.1086/587858 doi: 10.1017/S1743921318003757"	https://doi.org/10.1017/S1743921318003757
ASOT-0271	doi:10.1086/587858	"2008, ApJ, 680, 1326, doi: 10.1086/587858 doi: 10.1017/S1743921318003757"	"2008, ApJ, 680, 1326, doi: 10.1086/587858 doi: 10.1017/S1743921318003757"	https://doi.org/10.1086/587858
ASOT-0272	doi:10.1088/0004-637x/697/1/573	"Mills, C., & Fairhurst, S. 2021, PhRvD, 103, 024042, ApJ, 697, 573, doi: 10.1088/0004-637X/697/1/573"	"Mills, C., & Fairhurst, S. 2021, PhRvD, 103, 024042, ApJ, 697, 573, doi: 10.1088/0004-637X/697/1/573"	https://doi.org/10.1088/0004-637X/697/1/573
ASOT-0273	doi:10.1088/0004-637x/701/2/1076	"1076, doi: 10.1088/0004-637X/701/2/1076 044039, doi: 10.1103/PhysRevD.95.044039"	"1076, doi: 10.1088/0004-637X/701/2/1076 044039, doi: 10.1103/PhysRevD.95.044039"	https://doi.org/10.1088/0004-637X/701/2/1076
ASOT-0273	doi:10.1088/0004-637x/701/2/1076	"1076, doi: 10.1088/0004-637X/701/2/1076 044039, doi: 10.1103/PhysRevD.95.044039"	"1076, doi: 10.1088/0004-637X/701/2/1076 044039, doi: 10.1103/PhysRevD.95.044039"	https://doi.org/10.1103/PhysRevD.95.044039
ASOT-0274	doi:10.1088/0004-637x/716/1/615	"ApJ, 716, 615, doi: 10.1088/0004-637X/716/1/615"	"ApJ, 716, 615, doi: 10.1088/0004-637X/716/1/615"	https://doi.org/10.1088/0004-637X/716/1/615
ASOT-0275	doi:10.1088/0004-637x/725/1/496	"doi: 10.1088/0004-637X/725/1/496"	"doi: 10.1088/0004-637X/725/1/496"	https://arxiv.org/abs/2004.06503
ASOT-0275	doi:10.1088/0004-637x/725/1/496	"doi: 10.1088/0004-637X/725/1/496"	"doi: 10.1088/0004-637X/725/1/496"	https://doi.org/10.1088/0004-637X/725/1/496
ASOT-0276	doi:10.1088/0004-637x/725/2/1918	"doi: 10.1088/0004-637X/725/2/1918 024048, doi: 10.1103/PhysRevD.99.024048"	"doi: 10.1088/0004-637X/725/2/1918 024048, doi: 10.1103/PhysRevD.99.024048"	https://doi.org/10.1088/0004-637X/725/2/1918
ASOT-0276	doi:10.1088/0004-637x/725/2/1918	"doi: 10.1088/0004-637X/725/2/1918 024048, doi: 10.1103/PhysRevD.99.024048"	"doi: 10.1088/0004-637X/725/2/1918 024048, doi: 10.1103/PhysRevD.99.024048"	https://doi.org/10.1103/PhysRevD.99.024048
ASOT-0277	doi:10.1088/0004-637x/727/2/95	"95, doi: 10.1088/0004-637X/727/2/95"	"95, doi: 10.1088/0004-637X/727/2/95"	https://doi.org/10.1088/0004-637X/727/2/95
ASOT-0278	doi:10.1088/0004-637x/741/2/103	"103, doi: 10.1088/0004-637X/741/2/103 Dosopoulou, F. 2018, ApJ, 856, 140,"	"103, doi: 10.1088/0004-637X/741/2/103 Dosopoulou, F. 2018, ApJ, 856, 140,"	https://doi.org/10.1088/0004-637X/741/2/103
ASOT-0279	doi:10.1088/0004-637x/742/2/84	"2021, Science, 371, 1046 1049, 2011, ApJ, 742, 84, doi: 10.1088/0004-637X/742/2/84"	"2021, Science, 371, 1046 1049, 2011, ApJ, 742, 84, doi: 10.1088/0004-637X/742/2/84"	https://doi.org/10.1088/0004-637X/742/2/84
ASOT-0280	doi:10.1088/0004-637x/747/2/111	"2012, ApJ, 747, 111, doi: 10.1088/0004-637X/747/2/111 doi: 10.1103/PhysRevD.98.043002"	"2012, ApJ, 747, 111, doi: 10.1088/0004-637X/747/2/111 doi: 10.1103/PhysRevD.98.043002"	https://doi.org/10.1088/0004-637X/747/2/111
ASOT-0280	doi:10.1088/0004-637x/747/2/111	"2012, ApJ, 747, 111, doi: 10.1088/0004-637X/747/2/111 doi: 10.1103/PhysRevD.98.043002"	"2012, ApJ, 747, 111, doi: 10.1088/0004-637X/747/2/111 doi: 10.1103/PhysRevD.98.043002"	https://doi.org/10.1103/PhysRevD.98.043002
ASOT-0281	doi:10.1088/0004-637x/748/2/136	"748, 136, doi: 10.1088/0004-637X/748/2/136"	"748, 136, doi: 10.1088/0004-637X/748/2/136"	https://doi.org/10.1088/0004-637X/748/2/136
ASOT-0282	doi:10.1088/0004-637x/749/1/91	"ApJ, 749, 91, doi: 10.1088/0004-637X/749/1/91"	"ApJ, 749, 91, doi: 10.1088/0004-637X/749/1/91"	https://doi.org/10.1088/0004-637X/749/1/91
ASOT-0283	doi:10.1088/0004-637x/757/1/27	"doi: 10.1088/0004-637X/757/1/27"	"doi: 10.1088/0004-637X/757/1/27"	https://doi.org/10.1088/0004-637X/757/1/27
ASOT-0284	doi:10.1088/0004-637x/757/1/36	"2012, ApJ, 757, 36, doi: 10.1088/0004-637X/757/1/36 A&A, 604, A55, doi: 10.1051/0004-6361/201630188"	"2012, ApJ, 757, 36, doi: 10.1088/0004-637X/757/1/36 A&A, 604, A55, doi: 10.1051/0004-6361/201630188"	https://doi.org/10.1051/0004-6361/201630188
ASOT-0284	doi:10.1088/0004-637x/757/1/36	"2012, ApJ, 757, 36, doi: 10.1088/0004-637X/757/1/36 A&A, 604, A55, doi: 10.1051/0004-6361/201630188"	"2012, ApJ, 757, 36, doi: 10.1088/0004-637X/757/1/36 A&A, 604, A55, doi: 10.1051/0004-6361/201630188"	https://doi.org/10.1088/0004-637X/757/1/36
ASOT-0284	doi:10.1088/0004-637x/757/1/36	"2012, ApJ, 757, 36, doi: 10.1088/0004-637X/757/1/36 A&A, 604, A55, doi: 10.1051/0004-6361/201630188"	"2012, ApJ, 757, 36, doi: 10.1088/0004-637X/757/1/36 A&A, 604, A55, doi: 10.1051/0004-6361/201630188"	https://doi.org/10.1088/0004-637x/757/1/36
ASOT-0285	doi:10.1088/0004-637x/757/1/55	"ApJ, 757, 55, doi: 10.1088/0004-637X/757/1/55 arXiv:1910.04565"	"ApJ, 757, 55, doi: 10.1088/0004-637X/757/1/55 arXiv:1910.04565"	https://doi.org/10.1088/0004-637X/757/1/55
ASOT-0286	doi:10.1088/0004-637x/757/1/69	"arXiv:1901.08580 ApJ, 757, 69, doi: 10.1088/0004-637X/757/1/69"	"arXiv:1901.08580 ApJ, 757, 69, doi: 10.1088/0004-637X/757/1/69"	https://doi.org/10.1088/0004-637X/757/1/69
ASOT-0287	doi:10.1088/0004-637x/759/1/52	"759, 52, doi: 10.1088/0004-637X/759/1/52"	"759, 52, doi: 10.1088/0004-637X/759/1/52"	https://doi.org/10.1088/0004-637X/759/1/52
ASOT-0288	doi:10.1088/0004-637x/783/1/10	"doi: 10.1088/0004-637X/783/1/10 Vitale, S., Lynch, R., Veitch, J., Raymond, V., & Sturani,"	"doi: 10.1088/0004-637X/783/1/10 Vitale, S., Lynch, R., Veitch, J., Raymond, V., & Sturani,"	https://doi.org/10.1088/0004-637X/783/1/10
ASOT-0289	doi:10.1088/0004-637x/785/1/28	"doi: 10.1088/0004-637X/785/1/28"	"doi: 10.1088/0004-637X/785/1/28"	https://doi.org/10.1088/0004-637X/785/1/28
ASOT-0290	doi:10.1088/0004-637x/790/1/29	"ApJ, 790, 29, doi: 10.1088/0004-637X/790/1/29 2011, PhRvD, 84, 064018,"	"ApJ, 790, 29, doi: 10.1088/0004-637X/790/1/29 2011, PhRvD, 84, 064018,"	https://doi.org/10.1088/0004-637X/790/1/29
ASOT-0292	doi:10.1088/0004-637x/800/1/9	"doi: 10.1088/0004-637X/800/1/9"	"doi: 10.1088/0004-637X/800/1/9"	https://doi.org/10.1088/0004-637X/800/1/9
ASOT-0293	doi:10.1088/0004-637x/806/2/263	"Carter, B. 1971, PhRvL, 26, 331, ApJ, 806, 263, doi: 10.1088/0004-637X/806/2/263"	"Carter, B. 1971, PhRvL, 26, 331, ApJ, 806, 263, doi: 10.1088/0004-637X/806/2/263"	https://doi.org/10.1088/0004-637X/806/2/263
ASOT-0294	doi:10.1088/0264	9381/5/1/023.	9381/5/1/023.	https://doi.org/10.1088/0264
ASOT-0295	doi:10.1088/0264-	"ticomponent regions,  Class. Quant. Grav. 26, 185005 (2009) doi:10.1088/0264"	"ticomponent regions,  Class. Quant. Grav. 26, 185005 (2009) doi:10.1088/0264"	https://doi.org/10.1088/0264-
ASOT-0296	doi:10.1088/0264-9381/11/5/001	"Class. Quant. Grav. 11 (1994), L73-L77 doi:10.1088/0264-9381/11/5/001"	"Class. Quant. Grav. 11 (1994), L73-L77 doi:10.1088/0264-9381/11/5/001"	https://doi.org/10.1088/0264-9381/11/5/001
ASOT-0297	doi:10.1088/0264-9381/12/7/011	"1995) doi:10.1088/0264-9381/12/7/011 [gr-qc/9312002]."	"1995) doi:10.1088/0264-9381/12/7/011 [gr-qc/9312002]."	https://doi.org/10.1088/0264-9381/12/7/011
ASOT-0298	doi:10.1088/0264-9381/14/10/002	"Real and complex connections for canonical gravity"	@article{Immirzi1997RealComplex}	https://doi.org/10.1088/0264-9381/14/10/002
ASOT-0299	doi:10.1088/0264-9381/14/11/002	"Class. Quant. Grav. 14 (1997), L183-L188 doi:10.1088/0264-9381/14/11/002"	"Class. Quant. Grav. 14 (1997), L183-L188 doi:10.1088/0264-9381/14/11/002"	https://doi.org/10.1088/0264-9381/14/11/002
ASOT-0300	doi:10.1088/0264-9381/14/7/011	"Grav. 14 (1997) no.7, 1743 doi:10.1088/0264-9381/14/7/011 [arXiv:gr-qc/9702026v3]."	"Grav. 14 (1997) no.7, 1743 doi:10.1088/0264-9381/14/7/011 [arXiv:gr-qc/9702026v3]."	https://doi.org/10.1088/0264-9381/14/7/011
ASOT-0301	doi:10.1088/0264-9381/14/7/015	"The unphysical nature of ``Warp Drive''"	@article{Pfenning1997UnphysicalWarp}	https://doi.org/10.1088/0264-9381/14/7/015
ASOT-0302	doi:10.1088/0264-9381/15/6/024	"Quant. Grav. 15 (1998), 1767-1791 doi:10.1088/0264-9381/15/6/024"	"Quant. Grav. 15 (1998), 1767-1791 doi:10.1088/0264-9381/15/6/024"	https://doi.org/10.1088/0264-9381/15/6/024
ASOT-0303	doi:10.1088/0264-9381/16/12/313	"doi:10.1088/0264-9381/16/12/313 [arXiv:gr-qc/9907019 [gr-qc]]."	"doi:10.1088/0264-9381/16/12/313 [arXiv:gr-qc/9907019 [gr-qc]]."	https://doi.org/10.1088/0264-9381/16/12/313
ASOT-0304	doi:10.1088/0264-9381/16/12/314	"Class. Quant. Grav. 16 (1999), 3973-3979 doi:10.1088/0264-9381/16/12/314"	"Class. Quant. Grav. 16 (1999), 3973-3979 doi:10.1088/0264-9381/16/12/314"	https://doi.org/10.1088/0264-9381/16/12/314
ASOT-0305	doi:10.1088/0264-9381/16/2/016	"doi:10.1088/0264-9381/16/2/016 [arXiv:gr-qc/9812067 [gr-qc]]."	"doi:10.1088/0264-9381/16/2/016 [arXiv:gr-qc/9812067 [gr-qc]]."	https://doi.org/10.1088/0264-9381/16/2/016
ASOT-0306	doi:10.1088/0264-9381/17/18/318	"Class. Quant. Grav. 17 (2000), 3843-3864 doi:10.1088/0264-9381/17/18/318"	"Class. Quant. Grav. 17 (2000), 3843-3864 doi:10.1088/0264-9381/17/18/318"	https://doi.org/10.1088/0264-9381/17/18/318
ASOT-0307	doi:10.1088/0264-9381/19/6/308	"Class. Quant. Grav. 19 (2002), 1157-1166 doi:10.1088/0264-9381/19/6/308"	"Class. Quant. Grav. 19 (2002), 1157-1166 doi:10.1088/0264-9381/19/6/308"	https://doi.org/10.1088/0264-9381/19/6/308
ASOT-0308	doi:10.1088/0264-9381/21/20/024	"doi: 10.1088/0264-9381/21/20/024 Eldridge, J. J., & Stanway, E. R. 2016, MNRAS, 462, 3302,"	"doi: 10.1088/0264-9381/21/20/024 Eldridge, J. J., & Stanway, E. R. 2016, MNRAS, 462, 3302,"	https://doi.org/10.1088/0264-9381/21/20/024
ASOT-0309	doi:10.1088/0264-9381/21/24/011	"Class. Quant. Grav. 21 (2004), 5871-5892 doi:10.1088/0264-9381/21/24/011"	"Class. Quant. Grav. 21 (2004), 5871-5892 doi:10.1088/0264-9381/21/24/011"	https://doi.org/10.1088/0264-9381/21/24/011
ASOT-0310	doi:10.1088/0264-9381/25/16/	"CQGra, 25, 165003, doi: 10.1088/0264-9381/25/16/ Cromartie, H. T., Fonseca, E., Ransom, S. M., et al. 2019,"	"CQGra, 25, 165003, doi: 10.1088/0264-9381/25/16/ Cromartie, H. T., Fonseca, E., Ransom, S. M., et al. 2019,"	https://doi.org/10.1088/0264-9381/25/16/
ASOT-0311	doi:10.1088/0264-9381/25/16/165013	"doi:10.1088/0264-9381/25/16/165013 [arXiv:0712.1619 [gr-qc]]."	"doi:10.1088/0264-9381/25/16/165013 [arXiv:0712.1619 [gr-qc]]."	https://doi.org/10.1088/0264-9381/25/16/165013
ASOT-0312	doi:10.1088/0264-9381/25/19/195011	"doi: 10.1088/0264-9381/25/19/195011"	"doi: 10.1088/0264-9381/25/19/195011"	https://arxiv.org/abs/2010.07300
ASOT-0312	doi:10.1088/0264-9381/25/19/195011	"doi: 10.1088/0264-9381/25/19/195011"	"doi: 10.1088/0264-9381/25/19/195011"	https://doi.org/10.1088/0264-9381/25/19/195011
ASOT-0313	doi:10.1088/0264-9381/25/20/205021	"205021 (2008) doi:10.1088/0264-9381/25/20/205021 [arXiv:0804.2182 [hep-th]]."	"205021 (2008) doi:10.1088/0264-9381/25/20/205021 [arXiv:0804.2182 [hep-th]]."	https://doi.org/10.1088/0264-9381/25/20/205021
ASOT-0314	doi:10.1088/0264-9381/27/11/114007	"doi: 10.1088/0264-9381/27/11/114007"	"doi: 10.1088/0264-9381/27/11/114007"	https://arxiv.org/abs/2105.09151
ASOT-0314	doi:10.1088/0264-9381/27/11/114007	"doi: 10.1088/0264-9381/27/11/114007"	"doi: 10.1088/0264-9381/27/11/114007"	https://doi.org/10.1088/0264-9381/27/11/114007
ASOT-0315	doi:10.1088/0264-9381/27/19/194011	"doi: 10.1088/0264-9381/27/19/194011 95, 024010, doi: 10.1103/PhysRevD.95.024010"	"doi: 10.1088/0264-9381/27/19/194011 95, 024010, doi: 10.1103/PhysRevD.95.024010"	https://doi.org/10.1088/0264-9381/27/19/194011
ASOT-0315	doi:10.1088/0264-9381/27/19/194011	"doi: 10.1088/0264-9381/27/19/194011 95, 024010, doi: 10.1103/PhysRevD.95.024010"	"doi: 10.1088/0264-9381/27/19/194011 95, 024010, doi: 10.1103/PhysRevD.95.024010"	https://doi.org/10.1103/PhysRevD.95.024010
ASOT-0316	doi:10.1088/0264-9381/28/12/125009	"conditions , Class. Quant. Grav. 28 (2011), 125009 doi:10.1088/0264-9381/28/12/125009"	"conditions , Class. Quant. Grav. 28 (2011), 125009 doi:10.1088/0264-9381/28/12/125009"	https://doi.org/10.1088/0264-9381/28/12/125009
ASOT-0317	doi:10.1088/0264-9381/29/23/235018	"doi: 10.1088/0264-9381/29/23/235018"	"doi: 10.1088/0264-9381/29/23/235018"	https://doi.org/10.1088/0264-9381/29/23/235018
ASOT-0318	doi:10.1088/0264-9381/29/23/239501	"165003,10.1088/0264-9381/29/23/239501 NatAs, 439, doi: 10.1038/s41550-019-0880-2"	"165003,10.1088/0264-9381/29/23/239501 NatAs, 439, doi: 10.1038/s41550-019-0880-2"	https://doi.org/10.1038/s41550-019-0880-2
ASOT-0318	doi:10.1088/0264-9381/29/23/239501	"165003,10.1088/0264-9381/29/23/239501 NatAs, 439, doi: 10.1038/s41550-019-0880-2"	"165003,10.1088/0264-9381/29/23/239501 NatAs, 439, doi: 10.1038/s41550-019-0880-2"	https://doi.org/10.1088/0264-9381/29/23/239501
ASOT-0319	doi:10.1088/0264-9381/31/22/225007	"doi:10.1088/0264-9381/31/22/225007 [arXiv:1211.3494 [hep-th]]."	"doi:10.1088/0264-9381/31/22/225007 [arXiv:1211.3494 [hep-th]]."	https://doi.org/10.1088/0264-9381/31/22/225007
ASOT-0320	doi:10.1088/0264-9381/32/13/135012	"Blanchet, L., Damour, T., Esposito-Fare se, G., & Iyer, 135012, doi: 10.1088/0264-9381/32/13/135012"	"Blanchet, L., Damour, T., Esposito-Fare se, G., & Iyer, 135012, doi: 10.1088/0264-9381/32/13/135012"	https://doi.org/10.1038/nature23453
ASOT-0320	doi:10.1088/0264-9381/32/13/135012	"Blanchet, L., Damour, T., Esposito-Fare se, G., & Iyer, 135012, doi: 10.1088/0264-9381/32/13/135012"	"Blanchet, L., Damour, T., Esposito-Fare se, G., & Iyer, 135012, doi: 10.1088/0264-9381/32/13/135012"	https://doi.org/10.1088/0264-9381/32/13/135012
ASOT-0321	doi:10.1088/0264-9381/32/3/035017	"Chatterji, S., et al. 2004, CQGra, 21, S1809, CQGra, 32, 035017, doi: 10.1088/0264-9381/32/3/035017"	"Chatterji, S., et al. 2004, CQGra, 21, S1809, CQGra, 32, 035017, doi: 10.1088/0264-9381/32/3/035017"	https://doi.org/10.1088/0264-9381/32/3/035017
ASOT-0322	doi:10.1088/0264-9381/32/7/074001	"074001, doi: 10.1088/0264-9381/32/7/074001 CQGra, 32, 024001, doi: 10.1088/0264-9381/32/2/024001"	"074001, doi: 10.1088/0264-9381/32/7/074001 CQGra, 32, 024001, doi: 10.1088/0264-9381/32/2/024001"	https://doi.org/10.1088/0264-9381/32/2/024001
ASOT-0322	doi:10.1088/0264-9381/32/7/074001	"074001, doi: 10.1088/0264-9381/32/7/074001 CQGra, 32, 024001, doi: 10.1088/0264-9381/32/2/024001"	"074001, doi: 10.1088/0264-9381/32/7/074001 CQGra, 32, 024001, doi: 10.1088/0264-9381/32/2/024001"	https://doi.org/10.1088/0264-9381/32/7/074001
ASOT-0323	doi:10.1088/0264-9381/33/13/134001	"doi: 10.1088/0264-9381/33/13/134001 Ageron, M., Baret, B., Coleiro, A., et al. 2019, GCN,"	"doi: 10.1088/0264-9381/33/13/134001 Ageron, M., Baret, B., Coleiro, A., et al. 2019, GCN,"	https://doi.org/10.1088/0264-9381/33/13/134001
ASOT-0323	doi:10.1088/0264-9381/33/13/134001	"doi: 10.1088/0264-9381/33/13/134001 Ageron, M., Baret, B., Coleiro, A., et al. 2019, GCN,"	"doi: 10.1088/0264-9381/33/13/134001 Ageron, M., Baret, B., Coleiro, A., et al. 2019, GCN,"	https://doi.org/10.1088/1361-6382/aaaafa
ASOT-0324	doi:10.1088/0264-9381/33/17/175012	" . 2016b, PhRvX, 6, 041015, 33, 175012, doi: 10.1088/0264-9381/33/17/175012"	" . 2016b, PhRvX, 6, 041015, 33, 175012, doi: 10.1088/0264-9381/33/17/175012"	https://doi.org/10.1086/340304
ASOT-0324	doi:10.1088/0264-9381/33/17/175012	" . 2016b, PhRvX, 6, 041015, 33, 175012, doi: 10.1088/0264-9381/33/17/175012"	" . 2016b, PhRvX, 6, 041015, 33, 175012, doi: 10.1088/0264-9381/33/17/175012"	https://doi.org/10.1088/0264-9381/33/17/175012
ASOT-0325	doi:10.1088/0264-9381/4/2/015	"4 (1987), 343-356 doi:10.1088/0264-9381/4/2/015"	"4 (1987), 343-356 doi:10.1088/0264-9381/4/2/015"	https://doi.org/10.1088/0264-9381/4/2/015
ASOT-0326	doi:10.1088/0305-4470/34/10/304	https://doi.org/10.1088/0305-4470/34/10/304	https://doi.org/10.1088/0305-4470/34/10/304	https://doi.org/10.1088/0305-4470/34/10/304
ASOT-0327	doi:10.1088/0305-4470/39/7/008	tags/r1	tags/r1	https://doi.org/10.1088/0305-4470/39/7/008
ASOT-0328	doi:10.1088/0957-0233/27/9/095006	"Quaternion correlation for tracking crystal motions (2016)"	"Quaternion correlation for tracking crystal motions (2016)"	https://doi.org/10.1088/0957-0233/27/9/095006
ASOT-0328	doi:10.1088/0957-0233/27/9/095006	"Quaternion correlation for tracking crystal motions (2016)"	"Quaternion correlation for tracking crystal motions (2016)"	https://iopscience.iop.org/article/10.1088/0957-0233/27/9/095006/pdf
ASOT-0329	doi:10.1088/1126-	"entanglement entropy proposal,  JHEP 0707, 062 (2007) doi:10.1088/1126"	"entanglement entropy proposal,  JHEP 0707, 062 (2007) doi:10.1088/1126"	https://doi.org/10.1088/1126-
ASOT-0330	doi:10.1088/1126-6708/2003/04/021	"doi:10.1088/1126-6708/2003/04/021 [hep-th/0106112]."	"doi:10.1088/1126-6708/2003/04/021 [hep-th/0106112]."	https://doi.org/10.1088/1126-6708/2003/04/021
ASOT-0331	doi:10.1088/1126-6708/2005/02/069	"One-loop photon-graviton mixing in an electromagnetic field: Part 1"	@article{Bastianelli2005}	https://doi.org/10.1088/1126-6708/2005/02/069
ASOT-0332	doi:10.1088/1126-6708/2008/04/063	"Energy Phys. 04 (2008) 063,"	"Energy Phys. 04 (2008) 063,"	https://doi.org/10.1088/1126-6708/2008/04/063
ASOT-0333	doi:10.1088/1126-6708/2009/04/065	"doi:10.1088/1126-6708/2009/04/065, arXiv:0902.4154."	"doi:10.1088/1126-6708/2009/04/065, arXiv:0902.4154."	https://doi.org/10.1088/1126-6708/2009/04/065
ASOT-0334	doi:10.1088/1361-6382/aa552e	"CQGra, 34, 03LT01, doi: 10.1088/1361-6382/aa552e Giacobbo, N. 2019, PhRvL, 123, 041102,"	"CQGra, 34, 03LT01, doi: 10.1088/1361-6382/aa552e Giacobbo, N. 2019, PhRvL, 123, 041102,"	https://doi.org/10.1088/1361-6382/aa552e
ASOT-0335	doi:10.1088/1361-6382/aa7a76	"e-prints, arXiv:1605.01665. 155007, doi: 10.1088/1361-6382/aa7a76"	"e-prints, arXiv:1605.01665. 155007, doi: 10.1088/1361-6382/aa7a76"	https://doi.org/10.1088/1361-6382/aa7a76
ASOT-0336	doi:10.1088/1361-6382/aa9039	"2017) no.22, 225014 doi:10.1088/1361-6382/aa9039 [arXiv:1707.04172 [gr-qc]]."	"2017) no.22, 225014 doi:10.1088/1361-6382/aa9039 [arXiv:1707.04172 [gr-qc]]."	https://doi.org/10.1088/1361-6382/aa9039
ASOT-0337	doi:10.1088/1361-6382/aab658	"Speagle, J. S. 2020, MNRAS, 493, 3132 3158, 35, 095015, doi: 10.1088/1361-6382/aab658"	"Speagle, J. S. 2020, MNRAS, 493, 3132 3158, 35, 095015, doi: 10.1088/1361-6382/aab658"	https://doi.org/10.1088/1361-6382/aab658
ASOT-0338	doi:10.1088/1361-6382/aac147	"Quant. Grav. 35 (2018) no.12, 125003 doi:10.1088/1361-6382/aac147 [arXiv:1802.00865"	"Quant. Grav. 35 (2018) no.12, 125003 doi:10.1088/1361-6382/aac147 [arXiv:1802.00865"	https://doi.org/10.1088/1361-6382/aac147
ASOT-0339	doi:10.1088/1361-6382/aad473	"Quant. Grav. 35 (2018) no.18, 185004 doi:10.1088/1361-6382/aad473 [arXiv:1806.02094"	"Quant. Grav. 35 (2018) no.18, 185004 doi:10.1088/1361-6382/aad473 [arXiv:1806.02094"	https://doi.org/10.1088/1361-6382/aad473
ASOT-0340	doi:10.1088/1361-6382/aadf1a	"CQGra, 35, 205004, doi: 10.1088/1361-6382/aadf1a ApJ, 499, 367, doi: 10.1086/305614"	"CQGra, 35, 205004, doi: 10.1088/1361-6382/aadf1a ApJ, 499, 367, doi: 10.1086/305614"	https://doi.org/10.1086/305614
ASOT-0340	doi:10.1088/1361-6382/aadf1a	"CQGra, 35, 205004, doi: 10.1088/1361-6382/aadf1a ApJ, 499, 367, doi: 10.1086/305614"	"CQGra, 35, 205004, doi: 10.1088/1361-6382/aadf1a ApJ, 499, 367, doi: 10.1086/305614"	https://doi.org/10.1088/1361-6382/aadf1a
ASOT-0340	doi:10.1088/1361-6382/aadf1a	"CQGra, 35, 205004, doi: 10.1088/1361-6382/aadf1a ApJ, 499, 367, doi: 10.1086/305614"	"CQGra, 35, 205004, doi: 10.1088/1361-6382/aadf1a ApJ, 499, 367, doi: 10.1086/305614"	https://doi.org/10.1088/2041-8205/715/2/L138
ASOT-0341	doi:10.1088/1361-6382/ab56f6	"doi:10.1088/1361-6382/ab56f6 [arXiv:1907.01269 [gr-qc]]."	"doi:10.1088/1361-6382/ab56f6 [arXiv:1907.01269 [gr-qc]]."	https://doi.org/10.1088/1361-6382/ab56f6
ASOT-0342	doi:10.1088/1361-6382/ab5f2d	"CQGra, 37, 045007, doi: 10.1088/1361-6382/ab5f2d Liu, B., & Lai, D. 2017, ApJ, 846, L11,"	"CQGra, 37, 045007, doi: 10.1088/1361-6382/ab5f2d Liu, B., & Lai, D. 2017, ApJ, 846, L11,"	https://doi.org/10.1088/1361-6382/ab5f2d
ASOT-0343	doi:10.1088/1361-6382/ab5f7c	"doi: 10.1088/1361-6382/ab5f7c doi: 10.1093/mnrasl/slw177"	"doi: 10.1088/1361-6382/ab5f7c doi: 10.1093/mnrasl/slw177"	https://doi.org/10.1088/1361-6382/ab5f7c
ASOT-0343	doi:10.1088/1361-6382/ab5f7c	"doi: 10.1088/1361-6382/ab5f7c doi: 10.1093/mnrasl/slw177"	"doi: 10.1088/1361-6382/ab5f7c doi: 10.1093/mnrasl/slw177"	https://doi.org/10.1093/mnrasl/slw177
ASOT-0344	doi:10.1088/1361-6382/ab8fcf	"field theory , Class. Quant. Grav. 37 (2020) no.19, 193001 doi:10.1088/1361-6382/ab8fcf"	"field theory , Class. Quant. Grav. 37 (2020) no.19, 193001 doi:10.1088/1361-6382/ab8fcf"	https://doi.org/10.1088/1361-6382/ab8fcf
ASOT-0345	doi:10.1088/1361-6382/abb14e	"Roy, S., Sengupta, A. S., & Thakor, N. 2017, PhRvD, 95, 225008, doi: 10.1088/1361-6382/abb14e"	"Roy, S., Sengupta, A. S., & Thakor, N. 2017, PhRvD, 95, 225008, doi: 10.1088/1361-6382/abb14e"	https://doi.org/10.1088/1361-6382/abb14e
ASOT-0346	doi:10.1088/1361-6382/abdf6e	"Class. Quant. Grav. 38 (2021) no.10, 105009 doi:10.1088/1361-6382/abdf6e"	"Class. Quant. Grav. 38 (2021) no.10, 105009 doi:10.1088/1361-6382/abdf6e"	https://doi.org/10.1088/1361-6382/abdf6e
ASOT-0347	doi:10.1088/1361-6382/abe692	"doi:10.1088/1361-6382/abe692 [arXiv:2006.07125 [gr-qc]]."	"doi:10.1088/1361-6382/abe692 [arXiv:2006.07125 [gr-qc]]."	https://doi.org/10.1088/1361-6382/abe692
ASOT-0348	doi:10.1088/1361-6382/abe913	"38, 095004, doi: 10.1088/1361-6382/abe913 PhRvD, 100, 104015, doi: 10.1103/PhysRevD.100.104015"	"38, 095004, doi: 10.1088/1361-6382/abe913 PhRvD, 100, 104015, doi: 10.1103/PhysRevD.100.104015"	https://doi.org/10.1088/1361-6382/abe913
ASOT-0348	doi:10.1088/1361-6382/abe913	"38, 095004, doi: 10.1088/1361-6382/abe913 PhRvD, 100, 104015, doi: 10.1103/PhysRevD.100.104015"	"38, 095004, doi: 10.1088/1361-6382/abe913 PhRvD, 100, 104015, doi: 10.1103/PhysRevD.100.104015"	https://doi.org/10.1103/PhysRevD.100.104015
ASOT-0349	doi:10.1088/1361-6382/abfd85	"38, 135014, doi: 10.1088/1361-6382/abfd85 Foucart, F., Duez, M. D., Kidder, L. E., & Teukolsky, S. A."	"38, 135014, doi: 10.1088/1361-6382/abfd85 Foucart, F., Duez, M. D., Kidder, L. E., & Teukolsky, S. A."	https://doi.org/10.1088/1361-6382/abfd85
ASOT-0350	doi:10.1088/1361-6382/ac0e47	"structures , Class.Quant.Grav. 38 (2021) 155020 doi:10.1088/1361-6382/ac0e47"	"structures , Class.Quant.Grav. 38 (2021) 155020 doi:10.1088/1361-6382/ac0e47"	https://doi.org/10.1088/1361-6382/ac0e47
ASOT-0351	doi:10.1088/1361-6382/ae237a	"Nacelle warp-bubble geometry and stress-energy analysis"	@article{White2025CQG}	https://doi.org/10.1088/1361-6382/ae237a
ASOT-0352	doi:10.1088/1361-6633/abc22b	"doi:10.1088/1361-6633/abc22b, arXiv:2002.04028."	"doi:10.1088/1361-6633/abc22b, arXiv:2002.04028."	https://doi.org/10.1088/1361-6633/abc22b
ASOT-0354	doi:10.1088/1475-7516/2021/03/097	"JCAP 03 (2021), 097 doi:10.1088/1475-7516/2021/03/097 [arXiv:2008.01878 [gr-qc]]."	"JCAP 03 (2021), 097 doi:10.1088/1475-7516/2021/03/097 [arXiv:2008.01878 [gr-qc]]."	https://doi.org/10.1088/1475-7516/2021/03/097
ASOT-0355	doi:10.1088/1674-1137/42/10/104104	"doi:10.1088/1674-1137/42/10/104104, arXiv:1804.01915."	"doi:10.1088/1674-1137/42/10/104104, arXiv:1804.01915."	https://doi.org/10.1088/1674-1137/42/10/104104
ASOT-0356	doi:10.1088/1674-1137/43/4/044101	"044101, doi:10.1088/1674-1137/43/4/044101, arXiv:1808.05461."	"044101, doi:10.1088/1674-1137/43/4/044101, arXiv:1808.05461."	https://doi.org/10.1088/1674-1137/43/4/044101
ASOT-0357	doi:10.1088/1742-6596/2667/1/012061	openpdf/complexified	openpdf/complexified	https://doi.org/10.1088/1742-6596/2667/1/012061
ASOT-0357	doi:10.1088/1742-6596/2667/1/012061	openpdf/complexified	openpdf/complexified	https://iopscience.iop.org/article/10.1088/1742-6596/2667/1/012061/pdf
ASOT-0358	doi:10.1088/1742-6596/363/1/012028	"Hooper, S., Chung, S. K., Luan, J., et al. 2012, PhRvD, 86, doi: 10.1088/1742-6596/363/1/012028"	"Hooper, S., Chung, S. K., Luan, J., et al. 2012, PhRvD, 86, doi: 10.1088/1742-6596/363/1/012028"	https://doi.org/10.1088/1742-6596/363/1/012028
ASOT-0359	doi:10.1088/1742-6596/597/1/012042	"Hitzer (2015) Orthogonal planes split of quaternions"	"Hitzer (2015) Orthogonal planes split of quaternions"	https://doi.org/10.1088/1742-6596/597/1/012042
ASOT-0359	doi:10.1088/1742-6596/597/1/012042	"Hitzer (2015) Orthogonal planes split of quaternions"	"Hitzer (2015) Orthogonal planes split of quaternions"	https://iopscience.iop.org/article/10.1088/1742-6596/597/1/012042/pdf
ASOT-0360	doi:10.1088/1742-6596/68/1/012011	"J. Phys. Conf. Ser. 68 (2007), 012011 doi:10.1088/1742-6596/68/1/012011"	"J. Phys. Conf. Ser. 68 (2007), 012011 doi:10.1088/1742-6596/68/1/012011"	https://doi.org/10.1088/1742-6596/68/1/012011
ASOT-0361	doi:10.1088/1748-0221/12/01/p01020	"doi.org/10.1088/1748-0221/12/01/P01020, arXiv:1609.02366."	"doi.org/10.1088/1748-0221/12/01/P01020, arXiv:1609.02366."	https://doi.org/10.1088/1748-0221/12/01/P01020
ASOT-0362	doi:10.1088/1748-0221/12/10/p10003	"CMS detector , JINST 12 (2017) P10003, doi:10.1088/1748-0221/12/10/P10003,"	"CMS detector , JINST 12 (2017) P10003, doi:10.1088/1748-0221/12/10/P10003,"	https://doi.org/10.1088/1748-0221/12/10/P10003
ASOT-0363	doi:10.1088/1748-0221/13/06/p06015	"doi.org/10.1088/1748-0221/13/06/P06015, arXiv:1804.04528."	"doi.org/10.1088/1748-0221/13/06/P06015, arXiv:1804.04528."	https://doi.org/10.1088/1748-0221/13/06/P06015
ASOT-0364	doi:10.1088/1748-0221/13/10/p10005	"P10005, arXiv:1809.02816."	"P10005, arXiv:1809.02816."	https://doi.org/10.1088/1748-0221/13/10/P10005
ASOT-0365	doi:10.1088/1748-0221/14/07/p07004	"2019) P07004, arXiv:1903."	"2019) P07004, arXiv:1903."	https://doi.org/10.1088/1748-0221/14/07/P07004
ASOT-0366	doi:10.1088/1748-0221/15/10/p10017	"doi:10.1088/1748-0221/15/10/P10017, arXiv:2006.10165."	"doi:10.1088/1748-0221/15/10/P10017, arXiv:2006.10165."	https://doi.org/10.1088/1748-0221/15/10/P10017
ASOT-0367	doi:10.1088/1748-0221/16/02/p02027	"J. Instrum. 16 (2021) P02027,"	"J. Instrum. 16 (2021) P02027,"	https://doi.org/10.1088/1748-0221/16/02/P02027
ASOT-0368	doi:10.1088/1748-0221/16/05/p05014	"10.1088/1748-0221/16/05/P05014, arXiv:2012.06888."	"10.1088/1748-0221/16/05/P05014, arXiv:2012.06888."	https://doi.org/10.1088/1748-0221/16/05/P05014
ASOT-0369	doi:10.1088/1748-0221/19/05/p05064	"J. Instrum. 19 (2024) P05064,"	"J. Instrum. 19 (2024) P05064,"	https://doi.org/10.1088/1748-0221/19/05/P05064
ASOT-0370	doi:10.1088/1748-0221/19/11/p11021	"JINST 19 (2024) P11021, doi:10.1088/1748-0221/19/11/P11021,"	"JINST 19 (2024) P11021, doi:10.1088/1748-0221/19/11/P11021,"	https://doi.org/10.1088/1748-0221/19/11/P11021
ASOT-0371	doi:10.1088/1748-0221/3/08/s08004	S08004,	S08004,	https://doi.org/10.1088/1748-0221/3/08/S08004
ASOT-0372	doi:10.1088/1748-0221/9/10/p10009	"10.1088/1748-0221/9/10/P10009, arXiv:1405.6569."	"10.1088/1748-0221/9/10/P10009, arXiv:1405.6569."	https://doi.org/10.1088/1748-0221/9/10/P10009
ASOT-0373	doi:10.1088/17480221/12/02/p02014	"collisions at 8 TeV, J. Instrum. 12 (2017) P02014, arXiv:1607.03663."	"collisions at 8 TeV, J. Instrum. 12 (2017) P02014, arXiv:1607.03663."	https://doi.org/10.1088/17480221/12/02/P02014
ASOT-0374	doi:10.1088/17480221/12/10/p10003	"the CMS detector, J. Instrum. 12 (2017) P10003, arXiv:1706.04965."	"the CMS detector, J. Instrum. 12 (2017) P10003, arXiv:1706.04965."	https://doi.org/10.1088/17480221/12/10/P10003
ASOT-0375	doi:10.1088/17480221/13/05/p05011	"collisions at 13 TeV, J. Instrum. 13 (2018) P05011, arXiv:1712.07158."	"collisions at 13 TeV, J. Instrum. 13 (2018) P05011, arXiv:1712.07158."	https://doi.org/10.1088/17480221/13/05/P05011
ASOT-0376	doi:10.1088/17480221/15/10/p10017	"Collaboration, Performance of the CMS Level-1 trigger in proton-proton collisions at   = 13 TeV, J. Instrum. 15 (2020) P10017, arXiv:2006.10165."	"Collaboration, Performance of the CMS Level-1 trigger in proton-proton collisions at   = 13 TeV, J. Instrum. 15 (2020) P10017, arXiv:2006.10165."	https://doi.org/10.1088/17480221/15/10/P10017
ASOT-0377	doi:10.1088/1751-8113/42/50/504007	"Phys. A 42, 504007 (2009) doi:10.1088/1751-8113/42/50/504007 [arXiv:0905.2562"	"Phys. A 42, 504007 (2009) doi:10.1088/1751-8113/42/50/504007 [arXiv:0905.2562"	https://doi.org/10.1088/1751-8113/42/50/504007
ASOT-0378	doi:10.1088/2041-8205/806/1/l14	"Ng, K. K. Y., Vitale, S., Zimmerman, A., et al. 2018a, 806, L14, doi: 10.1088/2041-8205/806/1/L14"	"Ng, K. K. Y., Vitale, S., Zimmerman, A., et al. 2018a, 806, L14, doi: 10.1088/2041-8205/806/1/L14"	https://doi.org/10.1088/2041-8205/806/1/L14
ASOT-0379	doi:10.1090/s0002-9904-1948-09020-6	"416 421, doi:10.1090/S0002-9904-1948-09020-6.  1"	"416 421, doi:10.1090/S0002-9904-1948-09020-6.  1"	https://doi.org/10.1090/S0002-9904-1948-09020-6
ASOT-0380	doi:10.1090/s0002-9904-1958-10166-4	"**Bott, R., & Milnor, J.** (1958). *On the parallelizability of the spheres*. Bulletin of the American Mathematical Society 64(3), 87-89. DOI: 10.1090/S0002-9904-1958-10166-4."	"**Bott, R., & Milnor, J.** (1958). *On the parallelizability of the spheres*. Bulletin of the American Mathematical Society 64(3), 87-89. DOI: 10.1090/S0002-9904-1958-10166-4."	https://doi.org/10.1090/S0002-9904-1958-10166-4
ASOT-0381	doi:10.1090/s0002-9904-1967-11747-6	"doi:10.1090/S0002-9904-1967-11747-6.  12"	"doi:10.1090/S0002-9904-1967-11747-6.  12"	https://doi.org/10.1090/S0002-9904-1967-11747-6
ASOT-0382	doi:10.1090/s0002-9939-2010-10593-2	"2011), no. 5, 1681 1690, doi:10.1090/S0002-9939-2010-10593-2.  2"	"2011), no. 5, 1681 1690, doi:10.1090/S0002-9939-2010-10593-2.  2"	https://doi.org/10.1090/S0002-9939-2010-10593-2
ASOT-0384	doi:10.1090/s0273-0979-01-00934-x	"**Baez, J. C.** (2002). *The Octonions*. Bulletin of the American Mathematical Society, 39, 145-205. [doi:10.1090/S0273-0979-01-00934-X](https://doi.org/10.1090/S0273-0979-01-00934-X)."	"**Baez, J. C.** (2002). *The Octonions*. Bulletin of the American Mathematical Society, 39, 145-205. [doi:10.1090/S0273-0979-01-00934-X](https://doi.org/10.1090/S0273-0979-01-00934-X)."	https://doi.org/10.1090/S0273-0979-01-00934-X
ASOT-0385	doi:10.1093/acprof:oso/9780199205677.001.0001	"ISBN-13: 9780199205677 doi:10.1093/acprof:oso/9780199205677.001.0001"	"ISBN-13: 9780199205677 doi:10.1093/acprof:oso/9780199205677.001.0001"	https://doi.org/10.1093/acprof:oso/9780199205677.001.0001
ASOT-0386	doi:10.1093/comjnl/6.4.308	"Journal 6.4 (1964), pages 308 320. doi: 10.1093/comjnl/6.4.308."	"Journal 6.4 (1964), pages 308 320. doi: 10.1093/comjnl/6.4.308."	https://doi.org/10.1093/comjnl/6.4.308
ASOT-0387	doi:10.1093/comjnl/bxm083	"code,  Comp. J. 53, 432 442 (2010) [arXiv:0707.3043, doi:10.1093/comjnl/bxm083]."	"code,  Comp. J. 53, 432 442 (2010) [arXiv:0707.3043, doi:10.1093/comjnl/bxm083]."	https://doi.org/10.1093/comjnl/bxm083
ASOT-0388	doi:10.1093/comnet/cny015	"Balance and frustration in signed networks"	@article{Aref2020FrustrationIndex}	https://doi.org/10.1093/comnet/cny015
ASOT-0389	doi:10.1093/mnras/staa2018	"MNRAS, 497, 1563 1570, doi: 10.1093/mnras/staa2018 2020, MNRAS, 498, 4492, doi: 10.1093/mnras/staa2483"	"MNRAS, 497, 1563 1570, doi: 10.1093/mnras/staa2018 2020, MNRAS, 498, 4492, doi: 10.1093/mnras/staa2483"	https://doi.org/10.1093/mnras/staa2018
ASOT-0389	doi:10.1093/mnras/staa2018	"MNRAS, 497, 1563 1570, doi: 10.1093/mnras/staa2018 2020, MNRAS, 498, 4492, doi: 10.1093/mnras/staa2483"	"MNRAS, 497, 1563 1570, doi: 10.1093/mnras/staa2018 2020, MNRAS, 498, 4492, doi: 10.1093/mnras/staa2483"	https://doi.org/10.1093/mnras/staa2483
ASOT-0390	doi:10.1093/mnras/staa2681	"MNRAS, 498, 4088, doi: 10.1093/mnras/staa2681 Nitz, A. H., Dent, T., Davies, G. S., & Harry, I. 2020a,"	"MNRAS, 498, 4088, doi: 10.1093/mnras/staa2681 Nitz, A. H., Dent, T., Davies, G. S., & Harry, I. 2020a,"	https://doi.org/10.1093/mnras/staa2681
ASOT-0391	doi:10.1093/mnras/staa278	"doi: 10.1093/mnras/staa278 Villar, V. A., Guillochon, J., Berger, E., et al. 2017, ApJL,"	"doi: 10.1093/mnras/staa278 Villar, V. A., Guillochon, J., Berger, E., et al. 2017, ApJL,"	https://doi.org/10.1093/mnras/staa278
ASOT-0392	doi:10.1093/mnras/staa2850	"MNRAS, 499, 3295, doi: 10.1093/mnras/staa2850 Stovall, K., Freire, P. C. C., Chatterjee, S., et al. 2018,"	"MNRAS, 499, 3295, doi: 10.1093/mnras/staa2850 Stovall, K., Freire, P. C. C., Chatterjee, S., et al. 2018,"	https://doi.org/10.1093/mnras/staa2850
ASOT-0393	doi:10.1093/mnras/sts261	"Stellar-to-Halo Mass Relation (Moster et al. 2013 MNRAS 428 3121)"	"Stellar-to-Halo Mass Relation (Moster et al. 2013 MNRAS 428 3121)"	https://doi.org/10.1093/mnras/sts261
ASOT-0394	doi:10.1093/mnras/sts295	"MNRAS, 428, 3618, doi: 10.1093/mnras/sts295 063007, doi: 10.1103/PhysRevD.101.063007"	"MNRAS, 428, 3618, doi: 10.1093/mnras/sts295 063007, doi: 10.1103/PhysRevD.101.063007"	https://doi.org/10.1088/0004-637X/741/2/103
ASOT-0394	doi:10.1093/mnras/sts295	"MNRAS, 428, 3618, doi: 10.1093/mnras/sts295 063007, doi: 10.1103/PhysRevD.101.063007"	"MNRAS, 428, 3618, doi: 10.1093/mnras/sts295 063007, doi: 10.1103/PhysRevD.101.063007"	https://doi.org/10.1093/mnras/sts295
ASOT-0394	doi:10.1093/mnras/sts295	"MNRAS, 428, 3618, doi: 10.1093/mnras/sts295 063007, doi: 10.1103/PhysRevD.101.063007"	"MNRAS, 428, 3618, doi: 10.1093/mnras/sts295 063007, doi: 10.1103/PhysRevD.101.063007"	https://doi.org/10.1103/PhysRevD.101.063007
ASOT-0395	doi:10.1093/mnras/stu1913	"of Theoretical and Experimental Physics, 2017, 021E01, MNRAS, 445, 3115, doi: 10.1093/mnras/stu1913"	"of Theoretical and Experimental Physics, 2017, 021E01, MNRAS, 445, 3115, doi: 10.1093/mnras/stu1913"	https://doi.org/10.1093/mnras/stu1913
ASOT-0396	doi:10.1093/mnras/stu1924	"MNRAS, 445, 2424, doi: 10.1093/mnras/stu1924"	"MNRAS, 445, 2424, doi: 10.1093/mnras/stu1924"	https://doi.org/10.1093/mnras/stu1924
ASOT-0397	doi:10.1093/mnras/stu824	"2014, MNRAS, 441, 3703, doi: 10.1093/mnras/stu824"	"2014, MNRAS, 441, 3703, doi: 10.1093/mnras/stu824"	https://arxiv.org/abs/1910.09528
ASOT-0397	doi:10.1093/mnras/stu824	"2014, MNRAS, 441, 3703, doi: 10.1093/mnras/stu824"	"2014, MNRAS, 441, 3703, doi: 10.1093/mnras/stu824"	https://doi.org/10.1093/mnras/stu824
ASOT-0398	doi:10.1093/mnras/stv1419	"MNRAS, 452, 2773, doi: 10.1093/mnras/stv1419  . 2021, Nonparametric constraints on neutron star matter"	"MNRAS, 452, 2773, doi: 10.1093/mnras/stv1419  . 2021, Nonparametric constraints on neutron star matter"	https://doi.org/10.1093/mnras/stv1419
ASOT-0399	doi:10.1093/mnras/stw1772	"Chen, H.-Y., Fishbach, M., & Holz, D. E. 2018, Nat, 562, doi: 10.1093/mnras/stw1772"	"Chen, H.-Y., Fishbach, M., & Holz, D. E. 2018, Nat, 562, doi: 10.1093/mnras/stw1772"	https://doi.org/10.1093/mnras/stw1772
ASOT-0400	doi:10.1093/mnras/stw575	"Creighton, J. D. E. 2012, PhRvD, 85, 122006, doi: 10.1093/mnras/stw575"	"Creighton, J. D. E. 2012, PhRvD, 85, 122006, doi: 10.1093/mnras/stw575"	https://doi.org/10.1093/mnras/stw575
ASOT-0401	doi:10.1093/mnras/stx1015	"gravitational-wave subdominant multipoles, Tech. Rep. 2017, MNRAS, 469, 4665, doi: 10.1093/mnras/stx1015"	"gravitational-wave subdominant multipoles, Tech. Rep. 2017, MNRAS, 469, 4665, doi: 10.1093/mnras/stx1015"	https://doi.org/10.1093/mnras/stx1015
ASOT-0402	doi:10.1093/mnras/stx1764	"Romero-Shaw, I. M., Talbot, C., Biscoveanu, S., et al. 2020, 471, 2801, doi: 10.1093/mnras/stx1764"	"Romero-Shaw, I. M., Talbot, C., Biscoveanu, S., et al. 2020, 471, 2801, doi: 10.1093/mnras/stx1764"	https://doi.org/10.1093/mnras/stx1764
ASOT-0403	doi:10.1093/mnras/sty1065	"1377, doi: 10.1093/mnras/sty1065 Burgay, M., D Amico, N., Possenti, A., et al. 2003, Nat,"	"1377, doi: 10.1093/mnras/sty1065 Burgay, M., D Amico, N., Possenti, A., et al. 2003, Nat,"	https://doi.org/10.1093/mnras/sty1065
ASOT-0404	doi:10.1093/mnras/sty1613	"doi: 10.1093/mnras/sty1613"	"doi: 10.1093/mnras/sty1613"	https://doi.org/10.1093/mnras/sty1613
ASOT-0404	doi:10.1093/mnras/sty1613	"doi: 10.1093/mnras/sty1613"	"doi: 10.1093/mnras/sty1613"	https://doi.org/10.1103/PhysRevD.98.024050
ASOT-0405	doi:10.1093/mnras/sty1999	"doi: 10.1093/mnras/sty1999"	"doi: 10.1093/mnras/sty1999"	https://doi.org/10.1093/mnras/sty1999
ASOT-0406	doi:10.1093/mnras/sty2190	"doi: 10.1093/mnras/sty2190 doi: 10.1073/pnas.0402717101"	"doi: 10.1093/mnras/sty2190 doi: 10.1073/pnas.0402717101"	https://doi.org/10.1073/pnas.0402717101
ASOT-0406	doi:10.1093/mnras/sty2190	"doi: 10.1093/mnras/sty2190 doi: 10.1073/pnas.0402717101"	"doi: 10.1093/mnras/sty2190 doi: 10.1073/pnas.0402717101"	https://doi.org/10.1093/mnras/sty2190
ASOT-0406	doi:10.1093/mnras/sty2190	"doi: 10.1093/mnras/sty2190 doi: 10.1073/pnas.0402717101"	"doi: 10.1093/mnras/sty2190 doi: 10.1073/pnas.0402717101"	https://doi.org/10.3847/2041-8213/ab20cf
ASOT-0407	doi:10.1093/mnras/stz1131	"doi: 10.1093/mnras/stz1131"	"doi: 10.1093/mnras/stz1131"	https://doi.org/10.1093/mnras/stz1131
ASOT-0408	doi:10.1093/mnras/stz1150	"M. C. 2019, MNRAS, 487, 2, doi: 10.1093/mnras/stz1150"	"M. C. 2019, MNRAS, 487, 2, doi: 10.1093/mnras/stz1150"	https://doi.org/10.1093/mnras/stz1150
ASOT-0409	doi:10.1093/mnras/stz1453	"MNRAS, 487, 2947, doi: 10.1093/mnras/stz1453"	"MNRAS, 487, 2947, doi: 10.1093/mnras/stz1453"	https://doi.org/10.1093/mnras/stz1453
ASOT-0410	doi:10.1093/mnras/stz1651	"doi: 10.1093/mnras/stz1651"	"doi: 10.1093/mnras/stz1651"	https://doi.org/10.1093/mnras/stz1651
ASOT-0411	doi:10.1093/mnras/stz226	"O zel, F., Psaltis, D., Narayan, R., & McClintock, J. E. doi: 10.1093/mnras/stz226"	"O zel, F., Psaltis, D., Narayan, R., & McClintock, J. E. doi: 10.1093/mnras/stz226"	https://doi.org/10.1093/mnras/stz226
ASOT-0412	doi:10.1093/mnras/stz2840	"MNRAS, 490, 3740, doi: 10.1093/mnras/stz2840"	"MNRAS, 490, 3740, doi: 10.1093/mnras/stz2840"	https://doi.org/10.1093/mnras/stz2840
ASOT-0413	doi:10.1093/mnras/stz3142	"492, 3904, doi: 10.1093/mnras/stz3142"	"492, 3904, doi: 10.1093/mnras/stz3142"	https://doi.org/10.1093/mnras/stz3142
ASOT-0414	doi:10.1093/mnras/stz3457	"Wiseman, A. G. 1995, PhRvL, 74, 3515, MNRAS, 492, 863, doi: 10.1093/mnras/stz3457"	"Wiseman, A. G. 1995, PhRvL, 74, 3515, MNRAS, 492, 863, doi: 10.1093/mnras/stz3457"	https://doi.org/10.1093/mnras/stz3457
ASOT-0415	doi:10.1093/mnras/stz359	"485, 889, doi: 10.1093/mnras/stz359 Vitale, S., & Chen, H.-Y. 2018, PhRvL, 121, 021303,"	"485, 889, doi: 10.1093/mnras/stz359 Vitale, S., & Chen, H.-Y. 2018, PhRvL, 121, 021303,"	https://doi.org/10.1093/mnras/stz359
ASOT-0416	doi:10.1093/mnras/stz543	"485, 3153, doi: 10.1093/mnras/stz543"	"485, 3153, doi: 10.1093/mnras/stz543"	https://doi.org/10.1093/mnras/stz543
ASOT-0417	doi:10.1093/mnrasl/slaa084	"doi: 10.1093/mnrasl/slaa084 Stevenson, S., Berry, C. P. L., & Mandel, I. 2017, MNRAS,"	"doi: 10.1093/mnrasl/slaa084 Stevenson, S., Berry, C. P. L., & Mandel, I. 2017, MNRAS,"	https://doi.org/10.1093/mnrasl/slaa084
ASOT-0418	doi:10.1093/mnrasl/slaa168	"2020, MNRAS, 499, L82, doi: 10.1093/mnrasl/slaa168"	"2020, MNRAS, 499, L82, doi: 10.1093/mnrasl/slaa168"	https://doi.org/10.1093/mnrasl/slaa168
ASOT-0419	doi:10.1093/mnrasl/slx203	"MNRAS, 475, L15, doi: 10.1093/mnrasl/slx203 PhRvD, 95, 064024, doi: 10.1103/PhysRevD.95.064024"	"MNRAS, 475, L15, doi: 10.1093/mnrasl/slx203 PhRvD, 95, 064024, doi: 10.1103/PhysRevD.95.064024"	https://doi.org/10.1093/mnrasl/slx203
ASOT-0419	doi:10.1093/mnrasl/slx203	"MNRAS, 475, L15, doi: 10.1093/mnrasl/slx203 PhRvD, 95, 064024, doi: 10.1103/PhysRevD.95.064024"	"MNRAS, 475, L15, doi: 10.1093/mnrasl/slx203 PhRvD, 95, 064024, doi: 10.1103/PhysRevD.95.064024"	https://doi.org/10.1103/PhysRevD.95.064024
ASOT-0420	doi:10.1093/mnrasl/sly126	"doi: 10.1093/mnrasl/sly126 Phys. Dark Univ., 31, 100755,"	"doi: 10.1093/mnrasl/sly126 Phys. Dark Univ., 31, 100755,"	https://doi.org/10.1093/mnrasl/sly126
ASOT-0421	doi:10.1093/mnrasl/slz007	"MNRAS, L14, doi: 10.1093/mnrasl/slz007 GCN. l/S190814bv.lvc"	"MNRAS, L14, doi: 10.1093/mnrasl/slz007 GCN. l/S190814bv.lvc"	https://doi.org/10.1093/mnrasl/slz007
ASOT-0422	doi:10.1093/mnrasl/slz183	"Safarzadeh, M., Ramirez-Ruiz, E., & Berger, E. 2020. 2020, MNRAS, 493, L6, doi: 10.1093/mnrasl/slz183"	"Safarzadeh, M., Ramirez-Ruiz, E., & Berger, E. 2020. 2020, MNRAS, 493, L6, doi: 10.1093/mnrasl/slz183"	https://doi.org/10.1093/mnrasl/slz183
ASOT-0423	doi:10.1093/ptep/ptaa009	"2020) no.4, 043E02 doi:10.1093/ptep/ptaa009 [arXiv:1810.02487 [gr-qc]]."	"2020) no.4, 043E02 doi:10.1093/ptep/ptaa009 [arXiv:1810.02487 [gr-qc]]."	https://doi.org/10.1093/ptep/ptaa009
ASOT-0424	doi:10.1093/ptep/ptx003	"doi: 10.1093/ptep/ptx003 Luan, J., Hooper, S., Wen, L., & Chen, Y. 2012, PhRvD,"	"doi: 10.1093/ptep/ptx003 Luan, J., Hooper, S., Wen, L., & Chen, Y. 2012, PhRvD,"	https://doi.org/10.1093/ptep/ptx003
ASOT-0425	doi:10.1098/rspa.1931.0130	"24. Dirac, P.A.M. Quantised singularities in the electromagnetic field,. Proc. R. Soc. London. Ser. A, Contain. Pap. a Math. Phys. Character 1931 , 133 , 60  72,"	"24. Dirac, P.A.M. Quantised singularities in the electromagnetic field,. Proc. R. Soc. London. Ser. A, Contain. Pap. a Math. Phys. Character 1931 , 133 , 60  72,"	https://doi.org/10.1098/rspa.1931.0130
ASOT-0427	doi:10.1098/rspa.2015.0504	"Dechant (2015) The birth of E8 out of the spinors of the icosahedron"	"Dechant (2015) The birth of E8 out of the spinors of the icosahedron"	https://doi.org/10.1098/rspa.2015.0504
ASOT-0427	doi:10.1098/rspa.2015.0504	"Dechant (2015) The birth of E8 out of the spinors of the icosahedron"	"Dechant (2015) The birth of E8 out of the spinors of the icosahedron"	https://royalsocietypublishing.org/doi/pdf/10.1098/rspa.2015.0504
ASOT-0428	doi:10.1098/rsta.2017.0286	"doi: 10.1098/rsta.2017.0286 887, L21, doi: 10.3847/2041-8213/ab481c"	"doi: 10.1098/rsta.2017.0286 887, L21, doi: 10.3847/2041-8213/ab481c"	https://doi.org/10.1098/rsta.2017.0286
ASOT-0428	doi:10.1098/rsta.2017.0286	"doi: 10.1098/rsta.2017.0286 887, L21, doi: 10.3847/2041-8213/ab481c"	"doi: 10.1098/rsta.2017.0286 887, L21, doi: 10.3847/2041-8213/ab481c"	https://doi.org/10.3847/2041-8213/ab481c
ASOT-0429	doi:10.1098/rstl.1865.0008	https://doi.org/10.1098/rstl.1865.0008	https://doi.org/10.1098/rstl.1865.0008	https://doi.org/10.1098/rstl.1865.0008
ASOT-0430	doi:10.1103/6c61-fm1n	"Description: Independently replay RI-034 citation-chain evidence and decide whether the current GW250114 mapping remains supportable at canonical quality. DONE: All three candidate URLs verified (arXiv:2509.08099, PRL 10.1103/6c61-fm1n, Cornell news). Mapping is correct and complete. PRL short DOI verified via search cache (direct 403 from APS bot challenge). HCTP-016 evidence_status upgraded to verified."	"Description: Independently replay RI-034 citation-chain evidence and decide whether the current GW250114 mapping remains supportable at canonical quality. DONE: All three candidate URLs verified (arXiv:2509.08099, PRL 10.1103/6c61-fm1n, Cornell news). Mapping is correct and complete. PRL short DOI verified via search cache (direct 403 from APS bot challenge). HCTP-016 evidence_status upgraded to verified."	https://doi.org/10.1103/6c61-fm1n
ASOT-0431	doi:10.1103/gf4y-p5j7	"doi:10.1103/gf4y-p5j7, arXiv:2502.05138."	"doi:10.1103/gf4y-p5j7, arXiv:2502.05138."	https://doi.org/10.1103/gf4y-p5j7
ASOT-0432	doi:10.1103/physrev.116.1322	aps.org/doi/10.1103/PhysRev.116.1322	aps.org/doi/10.1103/PhysRev.116.1322	https://doi.org/10.1103/PhysRev.116.1322
ASOT-0434	doi:10.1103/physrev.172.1331	"doi: 10.1103/PhysRev.172.1331 Lindblom, L. 2010, PhRvD, 82, 103011,"	"doi: 10.1103/PhysRev.172.1331 Lindblom, L. 2010, PhRvD, 82, 103011,"	https://doi.org/10.1103/PhysRev.172.1331
ASOT-0435	doi:10.1103/physrev.56.72	"56 , 72  85,"	"56 , 72  85,"	https://doi.org/10.1103/physrev.56.72
ASOT-0436	doi:10.1103/physrev.73.416	"1948 , 73 , 416  417,"	"1948 , 73 , 416  417,"	https://doi.org/10.1103/physrev.73.416
ASOT-0437	doi:10.1103/physrev.98.1123	doi:10.1103/PhysRev.98.1123.	doi:10.1103/PhysRev.98.1123.	https://doi.org/10.1103/PhysRev.98.1123
ASOT-0438	doi:10.1103/physreva.85.043828	"Temporal Coupled-Mode Theory for Light Scattering by an Arbitrarily Shaped Object Supporting a Single Resonance"	@article{RuanFan2010}	https://doi.org/10.1103/PhysRevA.85.043828
ASOT-0440	doi:10.1103/physrevb.22.5501	"**Servoin, J. L., Luspin, Y., & Gervais, F.** (1980). *Infrared dispersion in SrTiO3 at high temperature*. Physical Review B 22(11), 5501-5506. DOI: 10.1103/PhysRevB.22.5501."	"**Servoin, J. L., Luspin, Y., & Gervais, F.** (1980). *Infrared dispersion in SrTiO3 at high temperature*. Physical Review B 22(11), 5501-5506. DOI: 10.1103/PhysRevB.22.5501."	https://doi.org/10.1103/PhysRevB.22.5501
ASOT-0441	doi:10.1103/physrevb.51.13401	"**Barman, S. R., & Sarma, D. D.** (1995). *Electronic structures of TiO and NiO within the density functional theory*. Physical Review B 51(19), 13401-13404. DOI: 10.1103/PhysRevB.51.13401."	"**Barman, S. R., & Sarma, D. D.** (1995). *Electronic structures of TiO and NiO within the density functional theory*. Physical Review B 51(19), 13401-13404. DOI: 10.1103/PhysRevB.51.13401."	https://doi.org/10.1103/PhysRevB.51.13401
ASOT-0442	doi:10.1103/physrevc.101.044907	"doi:10.1103/PhysRevC.101.044907, arXiv:1910.07678."	"doi:10.1103/PhysRevC.101.044907, arXiv:1910.07678."	https://doi.org/10.1103/PhysRevC.101.044907
ASOT-0443	doi:10.1103/physrevc.101.064906	"doi:10.1103/PhysRevC.101.064906, arXiv:1910.04812."	"doi:10.1103/PhysRevC.101.064906, arXiv:1910.04812."	https://doi.org/10.1103/PhysRevC.101.064906
ASOT-0444	doi:10.1103/physrevc.102.044905	"collisions , Phys. Rev. C 102 (2020) 044905, doi:10.1103/PhysRevC.102.044905,"	"collisions , Phys. Rev. C 102 (2020) 044905, doi:10.1103/PhysRevC.102.044905,"	https://doi.org/10.1103/PhysRevC.102.044905
ASOT-0445	doi:10.1103/physrevc.102.065805	"Cromartie, H. T., Fonseca, E., Ransom, S. M., et al. 2019, doi: 10.1103/PhysRevC.102.065805"	"Cromartie, H. T., Fonseca, E., Ransom, S. M., et al. 2019, doi: 10.1103/PhysRevC.102.065805"	https://doi.org/10.1103/PhysRevC.102.065805
ASOT-0446	doi:10.1103/physrevc.103.025808	"doi: 10.1103/PhysRevC.103.025808 Foucart, F., Hinderer, T., & Nissanke, S. 2018, PhRvD, 98,"	"doi: 10.1103/PhysRevC.103.025808 Foucart, F., Hinderer, T., & Nissanke, S. 2018, PhRvD, 98,"	https://doi.org/10.1103/PhysRevC.103.025808
ASOT-0447	doi:10.1103/physrevc.103.054903	"103 (2021) 054903, doi:10.1103/PhysRevC.103.054903, arXiv:2007.13758."	"103 (2021) 054903, doi:10.1103/PhysRevC.103.054903, arXiv:2007.13758."	https://doi.org/10.1103/PhysRevC.103.054903
ASOT-0448	doi:10.1103/physrevc.103.054909	"2021) 054909, doi:10.1103/PhysRevC.103.054909, arXiv:2010.15134."	"2021) 054909, doi:10.1103/PhysRevC.103.054909, arXiv:2010.15134."	https://doi.org/10.1103/PhysRevC.103.054909
ASOT-0449	doi:10.1103/physrevc.107.064903	"flavor , Phys. Rev. C 107 (2023) 064903, doi:10.1103/PhysRevC.107.064903,"	"flavor , Phys. Rev. C 107 (2023) 064903, doi:10.1103/PhysRevC.107.064903,"	https://doi.org/10.1103/PhysRevC.107.064903
ASOT-0450	doi:10.1103/physrevc.108.l011901	"doi:10.1103/PhysRevC.108.L011901, arXiv:2206.01340."	"doi:10.1103/PhysRevC.108.L011901, arXiv:2206.01340."	https://doi.org/10.1103/PhysRevC.108.L011901
ASOT-0451	doi:10.1103/physrevc.57.1920	"doi:10.1103/PhysRevC.57.1920, arXiv:nucl-th/9711030."	"doi:10.1103/PhysRevC.57.1920, arXiv:nucl-th/9711030."	https://doi.org/10.1103/PhysRevC.57.1920
ASOT-0452	doi:10.1103/physrevc.86.024911	"doi:10.1103/PhysRevC.86.024911, arXiv:1205.5019."	"doi:10.1103/PhysRevC.86.024911, arXiv:1205.5019."	https://doi.org/10.1103/PhysRevC.86.024911
ASOT-0453	doi:10.1103/physrevc.94.024914	"level , Phys. Rev. C 94 (2016) 024914, doi:10.1103/PhysRevC.94.024914,"	"level , Phys. Rev. C 94 (2016) 024914, doi:10.1103/PhysRevC.94.024914,"	https://doi.org/10.1103/PhysRevC.94.024914
ASOT-0454	doi:10.1103/physrevd	"16] M.S. Berger, V.A. Kosteleck , Z. Liu, Lorentz and      violation in top-quark production and decay, Phys. Rev. D 93 (2016) 036005,"	"16] M.S. Berger, V.A. Kosteleck , Z. Liu, Lorentz and      violation in top-quark production and decay, Phys. Rev. D 93 (2016) 036005,"	https://doi.org/10.1103/PhysRevD
ASOT-0455	doi:10.1103/physrevd.100.023007	"doi: 10.1103/PhysRevD.100.023007"	"doi: 10.1103/PhysRevD.100.023007"	https://doi.org/10.1103/PhysRevD.100.023007
ASOT-0456	doi:10.1103/physrevd.100.023015	"PhRvD, 100, 023015, doi: 10.1103/PhysRevD.100.023015 Veitch, J., Raymond, V., Farr, B., et al. 2015, PhRvD, 91,"	"PhRvD, 100, 023015, doi: 10.1103/PhysRevD.100.023015 Veitch, J., Raymond, V., Farr, B., et al. 2015, PhRvD, 91,"	https://doi.org/10.1103/PhysRevD.100.023015
ASOT-0457	doi:10.1103/physrevd.100.024059	"doi: 10.1103/PhysRevD.100.024059 doi: 10.1103/PhysRevD.89.064003"	"doi: 10.1103/PhysRevD.100.024059 doi: 10.1103/PhysRevD.89.064003"	https://doi.org/10.1103/PhysRevD.100.024059
ASOT-0457	doi:10.1103/physrevd.100.024059	"doi: 10.1103/PhysRevD.100.024059 doi: 10.1103/PhysRevD.89.064003"	"doi: 10.1103/PhysRevD.100.024059 doi: 10.1103/PhysRevD.89.064003"	https://doi.org/10.1103/PhysRevD.89.064003
ASOT-0458	doi:10.1103/physrevd.100.043027	"Owen, B. J. 1996, PhRvD, 53, 6749, PhRvD, 100, 043027, doi: 10.1103/PhysRevD.100.043027"	"Owen, B. J. 1996, PhRvD, 53, 6749, PhRvD, 100, 043027, doi: 10.1103/PhysRevD.100.043027"	https://doi.org/10.1103/PhysRevD.100.043027
ASOT-0459	doi:10.1103/physrevd.100.044007	"doi: 10.1103/PhysRevD.100.044007 Lim, Y., & Holt, J. W. 2019, EPJA, 55, 209,"	"doi: 10.1103/PhysRevD.100.044007 Lim, Y., & Holt, J. W. 2019, EPJA, 55, 209,"	https://doi.org/10.1103/PhysRevD.100.044007
ASOT-0460	doi:10.1103/physrevd.100.104019	"PhRvD, 100, 104019, doi: 10.1103/PhysRevD.100.104019 doi: 10.3847/2041-8213/aa991c"	"PhRvD, 100, 104019, doi: 10.1103/PhysRevD.100.104019 doi: 10.3847/2041-8213/aa991c"	https://doi.org/10.1103/PhysRevD.100.104019
ASOT-0460	doi:10.1103/physrevd.100.104019	"PhRvD, 100, 104019, doi: 10.1103/PhysRevD.100.104019 doi: 10.3847/2041-8213/aa991c"	"PhRvD, 100, 104019, doi: 10.1103/PhysRevD.100.104019 doi: 10.3847/2041-8213/aa991c"	https://doi.org/10.3847/2041-8213/aa991c
ASOT-0461	doi:10.1103/physrevd.100.104036	"doi: 10.1103/PhysRevD.100.104036 doi: 10.1088/0264-9381/23/9/l01"	"doi: 10.1103/PhysRevD.100.104036 doi: 10.1088/0264-9381/23/9/l01"	https://doi.org/10.1088/0264-9381/23/9/l01
ASOT-0461	doi:10.1103/physrevd.100.104036	"doi: 10.1103/PhysRevD.100.104036 doi: 10.1088/0264-9381/23/9/l01"	"doi: 10.1103/PhysRevD.100.104036 doi: 10.1088/0264-9381/23/9/l01"	https://doi.org/10.1103/PhysRevD.100.104036
ASOT-0462	doi:10.1103/physrevd.100.123017	"123017, doi: 10.1103/PhysRevD.100.123017"	"123017, doi: 10.1103/PhysRevD.100.123017"	https://doi.org/10.1103/PhysRevD.100.123017
ASOT-0463	doi:10.1103/physrevd.101.022003	"101, 022003, doi: 10.1103/PhysRevD.101.022003 RScI, 87, 114503, doi: 10.1063/1.4967303"	"101, 022003, doi: 10.1103/PhysRevD.101.022003 RScI, 87, 114503, doi: 10.1063/1.4967303"	https://doi.org/10.1063/1.4967303
ASOT-0463	doi:10.1103/physrevd.101.022003	"101, 022003, doi: 10.1103/PhysRevD.101.022003 RScI, 87, 114503, doi: 10.1063/1.4967303"	"101, 022003, doi: 10.1103/PhysRevD.101.022003 RScI, 87, 114503, doi: 10.1063/1.4967303"	https://doi.org/10.1103/PhysRevD.101.022003
ASOT-0463	doi:10.1103/physrevd.101.022003	"101, 022003, doi: 10.1103/PhysRevD.101.022003 RScI, 87, 114503, doi: 10.1063/1.4967303"	"101, 022003, doi: 10.1103/PhysRevD.101.022003 RScI, 87, 114503, doi: 10.1063/1.4967303"	https://doi.org/10.5281/zenodo.4678703
ASOT-0464	doi:10.1103/physrevd.101.024032	"101, doi: 10.1103/physrevd.101.024032"	"101, doi: 10.1103/physrevd.101.024032"	https://doi.org/10.1103/physrevd.101.024032
ASOT-0465	doi:10.1103/physrevd.101.024056	"doi: 10.1103/PhysRevD.101.024056"	"doi: 10.1103/PhysRevD.101.024056"	https://doi.org/10.1103/PhysRevD.101.024056
ASOT-0466	doi:10.1103/physrevd.101.042003	"Shibata, M., & Taniguchi, K. 2008, PhRvD, 77, 084015, 042003, doi: 10.1103/PhysRevD.101.042003"	"Shibata, M., & Taniguchi, K. 2008, PhRvD, 77, 084015, 042003, doi: 10.1103/PhysRevD.101.042003"	https://doi.org/10.1103/PhysRevD.101.042003
ASOT-0467	doi:10.1103/physrevd.101.064037	"doi: 10.1103/PhysRevD.101.064037 Chattopadhyay, D., Stevenson, S., Hurley, J. R., Bailes, M.,"	"doi: 10.1103/PhysRevD.101.064037 Chattopadhyay, D., Stevenson, S., Hurley, J. R., Bailes, M.,"	https://doi.org/10.1103/PhysRevD.101.064037
ASOT-0468	doi:10.1103/physrevd.101.083030	"doi: 10.1103/PhysRevD.101.083030 100, 043012, doi: 10.1103/PhysRevD.100.043012"	"doi: 10.1103/PhysRevD.101.083030 100, 043012, doi: 10.1103/PhysRevD.100.043012"	https://doi.org/10.1103/PhysRevD.100.043012
ASOT-0468	doi:10.1103/physrevd.101.083030	"doi: 10.1103/PhysRevD.101.083030 100, 043012, doi: 10.1103/PhysRevD.100.043012"	"doi: 10.1103/PhysRevD.101.083030 100, 043012, doi: 10.1103/PhysRevD.100.043012"	https://doi.org/10.1103/PhysRevD.101.083030
ASOT-0469	doi:10.1103/physrevd.101.103002	"doi: 10.1103/PhysRevD.101.103002 1380, doi: 10.1093/mnras/staa3390"	"doi: 10.1103/PhysRevD.101.103002 1380, doi: 10.1093/mnras/staa3390"	https://doi.org/10.1093/mnras/staa3390
ASOT-0469	doi:10.1103/physrevd.101.103002	"doi: 10.1103/PhysRevD.101.103002 1380, doi: 10.1093/mnras/staa3390"	"doi: 10.1103/PhysRevD.101.103002 1380, doi: 10.1093/mnras/staa3390"	https://doi.org/10.1103/PhysRevD.101.103002
ASOT-0470	doi:10.1103/physrevd.101.103036	"101, 103036, doi: 10.1103/PhysRevD.101.103036 doi: 10.1088/1361-6382/ab5f2d"	"101, 103036, doi: 10.1103/PhysRevD.101.103036 doi: 10.1088/1361-6382/ab5f2d"	https://doi.org/10.1088/1361-6382/ab5f2d
ASOT-0470	doi:10.1103/physrevd.101.103036	"101, 103036, doi: 10.1103/PhysRevD.101.103036 doi: 10.1088/1361-6382/ab5f2d"	"101, 103036, doi: 10.1103/PhysRevD.101.103036 doi: 10.1088/1361-6382/ab5f2d"	https://doi.org/10.1103/PhysRevD.101.103036
ASOT-0471	doi:10.1103/physrevd.101.122001	"101, 122001, doi: 10.1103/PhysRevD.101.122001 LIGO-T1600168, LIGO Project."	"101, 122001, doi: 10.1103/PhysRevD.101.122001 LIGO-T1600168, LIGO Project."	https://doi.org/10.1103/PhysRevD.101.122001
ASOT-0472	doi:10.1103/physrevd.101.123007	"101, 123007, doi: 10.1103/PhysRevD.101.123007 doi: 10.1103/PhysRevLett.108.091101"	"101, 123007, doi: 10.1103/PhysRevD.101.123007 doi: 10.1103/PhysRevLett.108.091101"	https://doi.org/10.1103/PhysRevD.101.123007
ASOT-0472	doi:10.1103/physrevd.101.123007	"101, 123007, doi: 10.1103/PhysRevD.101.123007 doi: 10.1103/PhysRevLett.108.091101"	"101, 123007, doi: 10.1103/PhysRevD.101.123007 doi: 10.1103/PhysRevLett.108.091101"	https://doi.org/10.1103/PhysRevLett.108.091101
ASOT-0473	doi:10.1103/physrevd.101.124040	"124040, doi: 10.1103/PhysRevD.101.124040 2020, PhRvC, 102, 065805,"	"124040, doi: 10.1103/PhysRevD.101.124040 2020, PhRvC, 102, 065805,"	https://doi.org/10.1103/PhysRevD.101.124040
ASOT-0474	doi:10.1103/physrevd.102.024055	"doi: 10.1103/PhysRevD.102.024055 Gerosa, D., Berti, E., O Shaughnessy, R., et al. 2018,"	"doi: 10.1103/PhysRevD.102.024055 Gerosa, D., Berti, E., O Shaughnessy, R., et al. 2018,"	https://doi.org/10.1103/PhysRevD.102.024055
ASOT-0475	doi:10.1103/physrevd.102.041302	"PhRvD, 102, 041302, doi: 10.1103/PhysRevD.102.041302"	"PhRvD, 102, 041302, doi: 10.1103/PhysRevD.102.041302"	https://doi.org/10.1103/PhysRevD.102.041302
ASOT-0476	doi:10.1103/physrevd.102.043015	"PhRvD, 102, 043015, doi: 10.1103/PhysRevD.102.043015 ApJ, 499, 367, doi: 10.1086/305614"	"PhRvD, 102, 043015, doi: 10.1103/PhysRevD.102.043015 ApJ, 499, 367, doi: 10.1086/305614"	https://doi.org/10.1086/305614
ASOT-0476	doi:10.1103/physrevd.102.043015	"PhRvD, 102, 043015, doi: 10.1103/PhysRevD.102.043015 ApJ, 499, 367, doi: 10.1086/305614"	"PhRvD, 102, 043015, doi: 10.1103/PhysRevD.102.043015 ApJ, 499, 367, doi: 10.1086/305614"	https://doi.org/10.1103/PhysRevD.102.043015
ASOT-0477	doi:10.1103/physrevd.102.043023	"102, 043023, doi: 10.1103/PhysRevD.102.043023 Brown, D. A. 2017, ApJ, 849, 118,"	"102, 043023, doi: 10.1103/PhysRevD.102.043023 Brown, D. A. 2017, ApJ, 849, 118,"	https://doi.org/10.1103/PhysRevD.102.043023
ASOT-0478	doi:10.1103/physrevd.102.044055	"PhRvD, 102, 044055, doi: 10.1103/physrevd.102.044055"	"PhRvD, 102, 044055, doi: 10.1103/physrevd.102.044055"	https://doi.org/10.1103/physrevd.102.044055
ASOT-0479	doi:10.1103/physrevd.102.064002	"T. W. 2009, PhRvD, 79, 044024, PhRvD, 102, 064002, doi: 10.1103/PhysRevD.102.064002"	"T. W. 2009, PhRvD, 79, 044024, PhRvD, 102, 064002, doi: 10.1103/PhysRevD.102.064002"	https://doi.org/10.1103/PhysRevD.102.064002
ASOT-0480	doi:10.1103/physrevd.102.103024	"102, 103024, doi: 10.1103/PhysRevD.102.103024 Lindblom, L. 2010, PhRvD, 82, 103011,"	"102, 103024, doi: 10.1103/PhysRevD.102.103024 Lindblom, L. 2010, PhRvD, 82, 103011,"	https://doi.org/10.1103/PhysRevD.102.103024
ASOT-0481	doi:10.1103/physrevd.103.024042	"doi: 10.1103/PhysRevD.103.024042"	"doi: 10.1103/PhysRevD.103.024042"	https://doi.org/10.1103/PhysRevD.103.024042
ASOT-0482	doi:10.1103/physrevd.103.044006	"PhRvD, 103, 044006, doi: 10.1103/PhysRevD.103.044006 doi: 10.3847/1538-4357/ab12e3"	"PhRvD, 103, 044006, doi: 10.1103/PhysRevD.103.044006 doi: 10.3847/1538-4357/ab12e3"	https://doi.org/10.1103/PhysRevD.103.044006
ASOT-0482	doi:10.1103/physrevd.103.044006	"PhRvD, 103, 044006, doi: 10.1103/PhysRevD.103.044006 doi: 10.3847/1538-4357/ab12e3"	"PhRvD, 103, 044006, doi: 10.1103/PhysRevD.103.044006 doi: 10.3847/1538-4357/ab12e3"	https://doi.org/10.3847/1538-4357/ab12e3
ASOT-0483	doi:10.1103/physrevd.103.063007	"& Zhu, X.-J. 2020, MNRAS, 496, L64, doi: 10.1103/PhysRevD.103.063007"	"& Zhu, X.-J. 2020, MNRAS, 496, L64, doi: 10.1103/PhysRevD.103.063007"	https://doi.org/10.1103/PhysRevD.103.063007
ASOT-0484	doi:10.1103/physrevd.103.083001	"103, 083001, doi: 10.1103/PhysRevD.103.083001  . 2020b, GRB Coordinates Network, 26807, 1"	"103, 083001, doi: 10.1103/PhysRevD.103.083001  . 2020b, GRB Coordinates Network, 26807, 1"	https://doi.org/10.1103/PhysRevD.103.083001
ASOT-0485	doi:10.1103/physrevd.103.084047	"103, 084047, doi: 10.1103/PhysRevD.103.084047"	"103, 084047, doi: 10.1103/PhysRevD.103.084047"	https://doi.org/10.1103/PhysRevD.103.084047
ASOT-0486	doi:10.1103/physrevd.103.122002	"doi: 10.1103/PhysRevD.103.122002 96, doi: 10.1088/0004-637X/764/1/96"	"doi: 10.1103/PhysRevD.103.122002 96, doi: 10.1088/0004-637X/764/1/96"	https://doi.org/10.1088/0004-637X/764/1/96
ASOT-0486	doi:10.1103/physrevd.103.122002	"doi: 10.1103/PhysRevD.103.122002 96, doi: 10.1088/0004-637X/764/1/96"	"doi: 10.1103/PhysRevD.103.122002 96, doi: 10.1088/0004-637X/764/1/96"	https://doi.org/10.1103/PhysRevD.103.122002
ASOT-0487	doi:10.1103/physrevd.103.124023	"124023, doi: 10.1103/PhysRevD.103.124023 Landry, P., Essick, R., & Chatziioannou, K. 2020, PhRvD,"	"124023, doi: 10.1103/PhysRevD.103.124023 Landry, P., Essick, R., & Chatziioannou, K. 2020, PhRvD,"	https://doi.org/10.1103/PhysRevD.103.124023
ASOT-0488	doi:10.1103/physrevd.105.094031	"094031, doi:10.1103/PhysRevD.105.094031, arXiv:2112.11904."	"094031, doi:10.1103/PhysRevD.105.094031, arXiv:2112.11904."	https://doi.org/10.1103/PhysRevD.105.094031
ASOT-0489	doi:10.1103/physrevd.105.l031504	"Phys. Rev. D 105 (2022) L031504, doi:10.1103/PhysRevD.105.L031504,"	"Phys. Rev. D 105 (2022) L031504, doi:10.1103/PhysRevD.105.L031504,"	https://doi.org/10.1103/PhysRevD.105.L031504
ASOT-0490	doi:10.1103/physrevd.107.092008	"Phys. Rev. D 107 (2023) 092008,"	"Phys. Rev. D 107 (2023) 092008,"	https://doi.org/10.1103/PhysRevD.107.092008
ASOT-0491	doi:10.1103/physrevd.110.014009	"doi:10.1103/PhysRevD.110.014009, arXiv:2402.07869."	"doi:10.1103/PhysRevD.110.014009, arXiv:2402.07869."	https://doi.org/10.1103/PhysRevD.110.014009
ASOT-0493	doi:10.1103/physrevd.19.764	doi:10.1103/PhysRevD.19.764.	doi:10.1103/PhysRevD.19.764.	https://doi.org/10.1103/PhysRevD.19.764
ASOT-0495	doi:10.1103/physrevd.28.1265	"D 28 (1983), 1265-1277 doi:10.1103/PhysRevD.28.1265"	"D 28 (1983), 1265-1277 doi:10.1103/PhysRevD.28.1265"	https://doi.org/10.1103/PhysRevD.28.1265
ASOT-0496	doi:10.1103/physrevd.39.683	"theory, Phys. Rev. D 39 (1989) 683,"	"theory, Phys. Rev. D 39 (1989) 683,"	https://doi.org/10.1103/PhysRevD.39.683
ASOT-0497	doi:10.1103/physrevd.44.3501	doi:10.1103/PhysRevD.44.3501.	doi:10.1103/PhysRevD.44.3501.	https://doi.org/10.1103/PhysRevD.44.3501
ASOT-0498	doi:10.1103/physrevd.44.3819	"3819, doi: 10.1103/PhysRevD.44.3819 155, doi: 10.1088/0264-9381/24/1/009"	"3819, doi: 10.1103/PhysRevD.44.3819 155, doi: 10.1088/0264-9381/24/1/009"	https://doi.org/10.1088/0264-9381/24/1/009
ASOT-0498	doi:10.1103/physrevd.44.3819	"3819, doi: 10.1103/PhysRevD.44.3819 155, doi: 10.1088/0264-9381/24/1/009"	"3819, doi: 10.1103/PhysRevD.44.3819 155, doi: 10.1088/0264-9381/24/1/009"	https://doi.org/10.1103/PhysRevD.44.3819
ASOT-0499	doi:10.1103/physrevd.44.403	"403-416 doi:10.1103/PhysRevD.44.403"	"403-416 doi:10.1103/PhysRevD.44.403"	https://doi.org/10.1103/PhysRevD.44.403
ASOT-0500	doi:10.1103/physrevd.46.603	doi:10.1103/physrevd.46.603.	doi:10.1103/physrevd.46.603.	https://doi.org/10.1103/physrevd.46.603
ASOT-0501	doi:10.1103/physrevd.47.2395	"space-times , Phys. Rev. D 47 (1993), 2395-2402 doi:10.1103/PhysRevD.47.2395"	"space-times , Phys. Rev. D 47 (1993), 2395-2402 doi:10.1103/PhysRevD.47.2395"	https://doi.org/10.1103/PhysRevD.47.2395
ASOT-0502	doi:10.1103/physrevd.47.554	"protection conjecture , Phys. Rev. D 47 (1993), 554-565 doi:10.1103/PhysRevD.47.554"	"protection conjecture , Phys. Rev. D 47 (1993), 554-565 doi:10.1103/PhysRevD.47.554"	https://doi.org/10.1103/PhysRevD.47.554
ASOT-0503	doi:10.1103/physrevd.48.r3427	"1993) doi:10.1103/PhysRevD.48.R3427 [gr-qc/9307038]."	"1993) doi:10.1103/PhysRevD.48.R3427 [gr-qc/9307038]."	https://doi.org/10.1103/PhysRevD.48.R3427
ASOT-0504	doi:10.1103/physrevd.49.2658	"doi: 10.1103/PhysRevD.49.2658 doi: 10.1093/mnras/sty2932"	"doi: 10.1103/PhysRevD.49.2658 doi: 10.1093/mnras/sty2932"	https://doi.org/10.1093/mnras/sty2932
ASOT-0504	doi:10.1103/physrevd.49.2658	"doi: 10.1103/PhysRevD.49.2658 doi: 10.1093/mnras/sty2932"	"doi: 10.1103/PhysRevD.49.2658 doi: 10.1093/mnras/sty2932"	https://doi.org/10.1103/PhysRevD.49.2658
ASOT-0505	doi:10.1103/physrevd.49.6274	"doi: 10.1103/PhysRevD.49.6274"	"doi: 10.1103/PhysRevD.49.6274"	https://doi.org/10.1103/PhysRevD.49.6274
ASOT-0505	doi:10.1103/physrevd.49.6274	"doi: 10.1103/PhysRevD.49.6274"	"doi: 10.1103/PhysRevD.49.6274"	https://doi.org/10.3847/1538-4357/ab8dbe
ASOT-0506	doi:10.1103/physrevd.50.846	"doi:10.1103/PhysRevD.50.846 [gr-qc/9403028]."	"doi:10.1103/PhysRevD.50.846 [gr-qc/9403028]."	https://doi.org/10.1103/PhysRevD.50.846
ASOT-0507	doi:10.1103/physrevd.51.4277	"Phys. Rev. D 51 (1995), 4277-4286 doi:10.1103/PhysRevD.51.4277 [arXiv:gr-qc/9410043"	"Phys. Rev. D 51 (1995), 4277-4286 doi:10.1103/PhysRevD.51.4277 [arXiv:gr-qc/9410043"	https://doi.org/10.1103/PhysRevD.51.4277
ASOT-0508	doi:10.1103/physrevd.51.5507	"Real {Ashtekar"	@article{Barbero1995RealAshtekar}	https://doi.org/10.1103/PhysRevD.51.5507
ASOT-0509	doi:10.1103/physrevd.52.848	"Morgan, R., Soares-Santos, M., Annis, J., et al. 2020, doi: 10.1103/PhysRevD.52.848"	"Morgan, R., Soares-Santos, M., Annis, J., et al. 2020, doi: 10.1103/PhysRevD.52.848"	https://doi.org/10.1103/PhysRevD.52.848
ASOT-0510	doi:10.1103/physrevd.53.1988	"Phys. Rev. D 53 (1996), 1988-2000 doi:10.1103/PhysRevD.53.1988 [arXiv:gr-qc/9506052"	"Phys. Rev. D 53 (1996), 1988-2000 doi:10.1103/PhysRevD.53.1988 [arXiv:gr-qc/9506052"	https://doi.org/10.1103/PhysRevD.53.1988
ASOT-0511	doi:10.1103/physrevd.53.5496	"Quantum field theory constrains traversable wormhole geometries"	@article{FordRoman1996QuantumInequalities}	https://doi.org/10.1103/PhysRevD.53.5496
ASOT-0512	doi:10.1103/physrevd.53.6749	"doi: 10.1103/PhysRevD.53.6749 Rosswog, S., Sollerman, J., Feindt, U., et al. 2018, A&A,"	"doi: 10.1103/PhysRevD.53.6749 Rosswog, S., Sollerman, J., Feindt, U., et al. 2018, A&A,"	https://doi.org/10.1103/PhysRevD.53.6749
ASOT-0513	doi:10.1103/physrevd.53.7365	doi:10.1103/PhysRevD.53.7365	doi:10.1103/PhysRevD.53.7365	https://doi.org/10.1103/PhysRevD.53.7365
ASOT-0514	doi:10.1103/physrevd.54.5103	"doi:10.1103/PhysRevD.54.5103 [arXiv:gr-qc/9604007 [gr-qc]]."	"doi:10.1103/PhysRevD.54.5103 [arXiv:gr-qc/9604007 [gr-qc]]."	https://doi.org/10.1103/PhysRevD.54.5103
ASOT-0515	doi:10.1103/physrevd.54.5116	"vacuum , Phys. Rev. D 54 (1996), 5116-5122 doi:10.1103/PhysRevD.54.5116"	"vacuum , Phys. Rev. D 54 (1996), 5116-5122 doi:10.1103/PhysRevD.54.5116"	https://doi.org/10.1103/PhysRevD.54.5116
ASOT-0516	doi:10.1103/physrevd.54.5123	"doi:10.1103/PhysRevD.54.5123 [arXiv:gr-qc/9604009 [gr-qc]]."	"doi:10.1103/PhysRevD.54.5123 [arXiv:gr-qc/9604009 [gr-qc]]."	https://doi.org/10.1103/PhysRevD.54.5123
ASOT-0517	doi:10.1103/physrevd.54.6233	"doi:10.1103/PhysRevD.54.6233 [arXiv:gr-qc/9602052 [gr-qc]]."	"doi:10.1103/PhysRevD.54.6233 [arXiv:gr-qc/9602052 [gr-qc]]."	https://doi.org/10.1103/PhysRevD.54.6233
ASOT-0518	doi:10.1103/physrevd.55.6081	"doi: 10.1103/PhysRevD.55.6081 064015, doi: 10.1103/PhysRevD.94.064015"	"doi: 10.1103/PhysRevD.55.6081 064015, doi: 10.1103/PhysRevD.94.064015"	https://doi.org/10.1103/PhysRevD.55.6081
ASOT-0518	doi:10.1103/physrevd.55.6081	"doi: 10.1103/PhysRevD.55.6081 064015, doi: 10.1103/PhysRevD.94.064015"	"doi: 10.1103/PhysRevD.55.6081 064015, doi: 10.1103/PhysRevD.94.064015"	https://doi.org/10.1103/PhysRevD.94.064015
ASOT-0519	doi:10.1103/physrevd.55.6760	"1997) 6760, arXiv:hep-ph/9703464."	"1997) 6760, arXiv:hep-ph/9703464."	https://doi.org/10.1103/PhysRevD.55.6760
ASOT-0520	doi:10.1103/physrevd.56.2100	"Rev. D 56 (1997), 2100-2108 doi:10.1103/PhysRevD.56.2100 [arXiv:gr-qc/9702049"	"Rev. D 56 (1997), 2100-2108 doi:10.1103/PhysRevD.56.2100 [arXiv:gr-qc/9702049"	https://doi.org/10.1103/PhysRevD.56.2100
ASOT-0521	doi:10.1103/physrevd.56.7578	"galaxy formation , Phys. Rev. D 56 (1997), 7578-7587 doi:10.1103/PhysRevD.56.7578"	"galaxy formation , Phys. Rev. D 56 (1997), 7578-7587 doi:10.1103/PhysRevD.56.7578"	https://doi.org/10.1103/PhysRevD.56.7578
ASOT-0522	doi:10.1103/physrevd.56.936	"vacuum , Phys. Rev. D 56 (1997), 936-952 doi:10.1103/PhysRevD.56.936"	"vacuum , Phys. Rev. D 56 (1997), 936-952 doi:10.1103/PhysRevD.56.936"	https://doi.org/10.1103/PhysRevD.56.936
ASOT-0523	doi:10.1103/physrevd.57.5287	"Mishra, C. K., Kela, A., Arun, K. G., & Faye, G. 2016, doi: 10.1103/PhysRevD.57.5287"	"Mishra, C. K., Kela, A., Arun, K. G., & Faye, G. 2016, doi: 10.1103/PhysRevD.57.5287"	https://doi.org/10.1103/PhysRevD.57.5287
ASOT-0524	doi:10.1103/physrevd.58.044021	"conditions , Phys. Rev. D 58 (1998), 044021 doi:10.1103/PhysRevD.58.044021"	"conditions , Phys. Rev. D 58 (1998), 044021 doi:10.1103/PhysRevD.58.044021"	https://doi.org/10.1103/PhysRevD.58.044021
ASOT-0525	doi:10.1103/physrevd.58.116002	"Phys. Rev. D 58 (1998) 116002,"	"Phys. Rev. D 58 (1998) 116002,"	https://doi.org/10.1103/PhysRevD.58.116002
ASOT-0526	doi:10.1103/physrevd.59.044011	"energy condition , Phys. Rev. D 59 (1999), 044011 doi:10.1103/PhysRevD.59.044011"	"energy condition , Phys. Rev. D 59 (1999), 044011 doi:10.1103/PhysRevD.59.044011"	https://doi.org/10.1103/PhysRevD.59.044011
ASOT-0527	doi:10.1103/physrevd.59.084006	"doi: 10.1103/PhysRevD.59.084006 doi: 10.1103/PhysRevD.64.124013"	"doi: 10.1103/PhysRevD.59.084006 doi: 10.1103/PhysRevD.64.124013"	https://doi.org/10.1103/PhysRevD.59.084006
ASOT-0527	doi:10.1103/physrevd.59.084006	"doi: 10.1103/PhysRevD.59.084006 doi: 10.1103/PhysRevD.64.124013"	"doi: 10.1103/PhysRevD.59.084006 doi: 10.1103/PhysRevD.64.124013"	https://doi.org/10.1103/PhysRevD.64.124013
ASOT-0528	doi:10.1103/physrevd.59.124021	"D 59 (1999) 124021, arXiv:gr-qc/"	"D 59 (1999) 124021, arXiv:gr-qc/"	https://doi.org/10.1103/PhysRevD.59.124021
ASOT-0529	doi:10.1103/physrevd.60.022002	"022002, doi: 10.1103/PhysRevD.60.022002 Roulet, J., & Zaldarriaga, M. 2019, MNRAS, 484, 4216,"	"022002, doi: 10.1103/PhysRevD.60.022002 Roulet, J., & Zaldarriaga, M. 2019, MNRAS, 484, 4216,"	https://doi.org/10.1103/PhysRevD.60.022002
ASOT-0530	doi:10.1103/physrevd.64.124013	"doi: 10.1103/PhysRevD.64.124013 ApJL, 871, L13, doi: 10.3847/2041-8213/aaf96e"	"doi: 10.1103/PhysRevD.64.124013 ApJL, 871, L13, doi: 10.3847/2041-8213/aaf96e"	https://doi.org/10.1103/PhysRevD.64.124013
ASOT-0530	doi:10.1103/physrevd.64.124013	"doi: 10.1103/PhysRevD.64.124013 ApJL, 871, L13, doi: 10.3847/2041-8213/aaf96e"	"doi: 10.1103/PhysRevD.64.124013 ApJL, 871, L13, doi: 10.3847/2041-8213/aaf96e"	https://doi.org/10.3847/2041-8213/aaf96e
ASOT-0531	doi:10.1103/physrevd.65.082004	10.1103/PhysRevD.65.082004	10.1103/PhysRevD.65.082004	https://doi.org/10.1103/PhysRevD.65.082004
ASOT-0532	doi:10.1103/physrevd.66.044019	"66 (2002), 044019 doi:10.1103/PhysRevD.66.044019 [arXiv:gr-qc/0205099 [gr-qc]]."	"66 (2002), 044019 doi:10.1103/PhysRevD.66.044019 [arXiv:gr-qc/0205099 [gr-qc]]."	https://doi.org/10.1103/PhysRevD.66.044019
ASOT-0533	doi:10.1103/physrevd.66.103511	"66, 10.1103/physrevd.66.103511 (2002)."	"66, 10.1103/physrevd.66.103511 (2002)."	https://doi.org/10.1103/physrevd.66.103511
ASOT-0534	doi:10.1103/physrevd.67.044003	"doi:10.1103/PhysRevD.67.044003 [arXiv:gr-qc/0209036 [gr-qc]]."	"doi:10.1103/PhysRevD.67.044003 [arXiv:gr-qc/0209036 [gr-qc]]."	https://doi.org/10.1103/PhysRevD.67.044003
ASOT-0535	doi:10.1103/physrevd.71.124004	"doi: 10.1103/PhysRevD.71.124004 98, 084028, doi: 10.1103/PhysRevD.98.084028"	"doi: 10.1103/PhysRevD.71.124004 98, 084028, doi: 10.1103/PhysRevD.98.084028"	https://doi.org/10.1103/PhysRevD.71.124004
ASOT-0535	doi:10.1103/physrevd.71.124004	"doi: 10.1103/PhysRevD.71.124004 98, 084028, doi: 10.1103/PhysRevD.98.084028"	"doi: 10.1103/PhysRevD.71.124004 98, 084028, doi: 10.1103/PhysRevD.98.084028"	https://doi.org/10.1103/PhysRevD.98.084028
ASOT-0536	doi:10.1103/physrevd.74.029904	1103/PhysRevD.67.104025,10.1103/PhysRevD.74.029904	1103/PhysRevD.67.104025,10.1103/PhysRevD.74.029904	https://doi.org/10.1103/PhysRevD.74.029904
ASOT-0537	doi:10.1103/physrevd.74.066009	"doi:10.1103/PhysRevD.74.066009 [hep-th/0606141]."	"doi:10.1103/PhysRevD.74.066009 [hep-th/0606141]."	https://doi.org/10.1103/PhysRevD.74.066009
ASOT-0538	doi:10.1103/physrevd.76.102004	"doi: 10.1103/PhysRevD.76.102004  . 2019b, arXiv:1908.05707"	"doi: 10.1103/PhysRevD.76.102004  . 2019b, arXiv:1908.05707"	https://doi.org/10.1103/PhysRevD.76.102004
ASOT-0539	doi:10.1103/physrevd.77.021502	"doi: 10.1103/PhysRevD.77.021502"	"doi: 10.1103/PhysRevD.77.021502"	https://doi.org/10.1103/PhysRevD.77.021502
ASOT-0540	doi:10.1103/physrevd.77.044016	"doi: 10.1103/PhysRevD.77.044016"	"doi: 10.1103/PhysRevD.77.044016"	https://doi.org/10.1103/PhysRevD.77.044016
ASOT-0541	doi:10.1103/physrevd.77.084015	"doi: 10.1103/PhysRevD.77.084015 Valsecchi, F., Glebbeek, E., Farr, W. M., et al. 2010,"	"doi: 10.1103/PhysRevD.77.084015 Valsecchi, F., Glebbeek, E., Farr, W. M., et al. 2010,"	https://doi.org/10.1103/PhysRevD.77.084015
ASOT-0542	doi:10.1103/physrevd.78.044021	"Nitz, A. H., Dent, T., Dal Canton, T., Fairhurst, S., & doi: 10.1103/PhysRevD.78.044021"	"Nitz, A. H., Dent, T., Dal Canton, T., Fairhurst, S., & doi: 10.1103/PhysRevD.78.044021"	https://doi.org/10.1103/PhysRevD.78.044021
ASOT-0543	doi:10.1103/physrevd.79.044024	"doi: 10.1103/PhysRevD.79.044024 GCN archive for S200105ae. 2020, GCN archive for"	"doi: 10.1103/PhysRevD.79.044024 GCN archive for S200105ae. 2020, GCN archive for"	https://doi.org/10.1103/PhysRevD.79.044024
ASOT-0544	doi:10.1103/physrevd.79.104023	"PhRvD, 79, 104023, doi: 10.1103/PhysRevD.79.104023"	"PhRvD, 79, 104023, doi: 10.1103/PhysRevD.79.104023"	https://doi.org/10.1103/PhysRevD.79.104023
ASOT-0545	doi:10.1103/physrevd.79.124017	"drives , Phys. Rev. D 79 (2009), 124017 doi:10.1103/PhysRevD.79.124017"	"drives , Phys. Rev. D 79 (2009), 124017 doi:10.1103/PhysRevD.79.124017"	https://doi.org/10.1103/PhysRevD.79.124017
ASOT-0546	doi:10.1103/physrevd.80.084018	"arXiv e-prints, arXiv:2102.10214. doi: 10.1103/PhysRevD.80.084018"	"arXiv e-prints, arXiv:2102.10214. doi: 10.1103/PhysRevD.80.084018"	https://doi.org/10.1103/PhysRevD.80.084018
ASOT-0547	doi:10.1103/physrevd.80.084035	"doi: 10.1103/PhysRevD.80.084035 Fonseca, E., Cromartie, H. T., Pennucci, T. T., et al. 2021."	"doi: 10.1103/PhysRevD.80.084035 Fonseca, E., Cromartie, H. T., Pennucci, T. T., et al. 2021."	https://doi.org/10.1103/PhysRevD.80.084035
ASOT-0548	doi:10.1103/physrevd.80.104014	"the American Astronomical Society, 4, 65, PhRvD, 80, 104014, doi: 10.1103/PhysRevD.80.104014"	"the American Astronomical Society, 4, 65, PhRvD, 80, 104014, doi: 10.1103/PhysRevD.80.104014"	https://doi.org/10.1103/PhysRevD.80.104014
ASOT-0549	doi:10.1103/physrevd.80.122003	"Vitale, S., Gerosa, D., Haster, C.-J., Chatziioannou, K., & doi: 10.1103/PhysRevD.80.122003"	"Vitale, S., Gerosa, D., Haster, C.-J., Chatziioannou, K., & doi: 10.1103/PhysRevD.80.122003"	https://doi.org/10.1103/PhysRevD.80.122003
ASOT-0550	doi:10.1103/physrevd.80.124014	https://doi.org/10.1103/PhysRevD.80.124014	https://doi.org/10.1103/PhysRevD.80.124014	https://doi.org/10.1103/PhysRevD.80.124014
ASOT-0551	doi:10.1103/physrevd.82.064010	"doi: 10.1103/PhysRevD.82.064010 Poisson, E. 1998, PhRvD, 57, 5287,"	"doi: 10.1103/PhysRevD.82.064010 Poisson, E. 1998, PhRvD, 57, 5287,"	https://doi.org/10.1103/PhysRevD.82.064010
ASOT-0552	doi:10.1103/physrevd.82.064016	"82, 064016, doi: 10.1103/PhysRevD.82.064016 33, 215004, doi: 10.1088/0264-9381/33/21/215004"	"82, 064016, doi: 10.1103/PhysRevD.82.064016 33, 215004, doi: 10.1088/0264-9381/33/21/215004"	https://doi.org/10.1088/0264-9381/33/21/215004
ASOT-0552	doi:10.1103/physrevd.82.064016	"82, 064016, doi: 10.1103/PhysRevD.82.064016 33, 215004, doi: 10.1088/0264-9381/33/21/215004"	"82, 064016, doi: 10.1103/PhysRevD.82.064016 33, 215004, doi: 10.1088/0264-9381/33/21/215004"	https://doi.org/10.1103/PhysRevD.82.064016
ASOT-0552	doi:10.1103/physrevd.82.064016	"82, 064016, doi: 10.1103/PhysRevD.82.064016 33, 215004, doi: 10.1088/0264-9381/33/21/215004"	"82, 064016, doi: 10.1103/PhysRevD.82.064016 33, 215004, doi: 10.1088/0264-9381/33/21/215004"	https://doi.org/10.1103/physrevd.101.124059
ASOT-0553	doi:10.1103/physrevd.82.103011	"Kawaguchi, K., Shibata, M., & Tanaka, M. 2020, ApJ, 893, doi: 10.1103/PhysRevD.82.103011"	"Kawaguchi, K., Shibata, M., & Tanaka, M. 2020, ApJ, 893, doi: 10.1103/PhysRevD.82.103011"	https://doi.org/10.1103/PhysRevD.82.103011
ASOT-0554	doi:10.1103/physrevd.82.124019	"horizons,  Phys. Rev. D 82, 124019 (2010) doi:10.1103/PhysRevD.82.124019"	"horizons,  Phys. Rev. D 82, 124019 (2010) doi:10.1103/PhysRevD.82.124019"	https://doi.org/10.1103/PhysRevD.82.124019
ASOT-0555	doi:10.1103/physrevd.83.024005	"Salinas, M. 2021, PhRvC, 103, 025808, doi: 10.1103/PhysRevD.83.024005"	"Salinas, M. 2021, PhRvC, 103, 025808, doi: 10.1103/PhysRevD.83.024005"	https://doi.org/10.1103/PhysRevD.83.024005
ASOT-0556	doi:10.1103/physrevd.83.104016	"Rev. D 83 (2011), 104016 doi:10.1103/PhysRevD.83.104016 [arXiv:1012.4806 [gr-qc]]."	"Rev. D 83 (2011), 104016 doi:10.1103/PhysRevD.83.104016 [arXiv:1012.4806 [gr-qc]]."	https://doi.org/10.1103/PhysRevD.83.104016
ASOT-0557	doi:10.1103/physrevd.84.064018	"Green, R., Hoy, C., Fairhurst, S., et al. 2021, PhRvD, 103, doi: 10.1103/PhysRevD.84.064018"	"Green, R., Hoy, C., Fairhurst, S., et al. 2021, PhRvD, 103, doi: 10.1103/PhysRevD.84.064018"	https://doi.org/10.1103/PhysRevD.84.064018
ASOT-0558	doi:10.1103/physrevd.85.023535	"023535, doi: 10.1103/PhysRevD.85.023535 497, doi: 10.1038/s41586-019-1676-3"	"023535, doi: 10.1103/PhysRevD.85.023535 497, doi: 10.1038/s41586-019-1676-3"	https://doi.org/10.1038/s41586-019-1676-3
ASOT-0558	doi:10.1103/physrevd.85.023535	"023535, doi: 10.1103/PhysRevD.85.023535 497, doi: 10.1038/s41586-019-1676-3"	"023535, doi: 10.1103/PhysRevD.85.023535 497, doi: 10.1038/s41586-019-1676-3"	https://doi.org/10.1103/PhysRevD.85.023535
ASOT-0559	doi:10.1103/physrevd.85.064024	"of matter , Phys. Rev. D 85 (2012), 064024 doi:10.1103/PhysRevD.85.064024"	"of matter , Phys. Rev. D 85 (2012), 064024 doi:10.1103/PhysRevD.85.064024"	https://doi.org/10.1103/PhysRevD.85.064024
ASOT-0560	doi:10.1103/physrevd.85.082003	"85, 082003, doi: 10.1103/PhysRevD.85.082003 95, 042001, doi: 10.1103/PhysRevD.95.042001"	"85, 082003, doi: 10.1103/PhysRevD.85.082003 95, 042001, doi: 10.1103/PhysRevD.95.042001"	https://doi.org/10.1103/PhysRevD.85.082003
ASOT-0560	doi:10.1103/physrevd.85.082003	"85, 082003, doi: 10.1103/PhysRevD.85.082003 95, 042001, doi: 10.1103/PhysRevD.95.042001"	"85, 082003, doi: 10.1103/PhysRevD.85.082003 95, 042001, doi: 10.1103/PhysRevD.95.042001"	https://doi.org/10.1103/PhysRevD.95.042001
ASOT-0561	doi:10.1103/physrevd.85.102002	"Kreidberg, L., Bailyn, C. D., Farr, W. M., & Kalogera, V. 85, 102002, doi: 10.1103/PhysRevD.85.102002"	"Kreidberg, L., Bailyn, C. D., Farr, W. M., & Kalogera, V. 85, 102002, doi: 10.1103/PhysRevD.85.102002"	https://doi.org/10.1103/PhysRevD.85.102002
ASOT-0562	doi:10.1103/physrevd.85.122006	"doi: 10.1103/PhysRevD.85.122006 Broekgaarden, F. S., Berger, E., Neijssel, C. J., et al. 2021."	"doi: 10.1103/PhysRevD.85.122006 Broekgaarden, F. S., Berger, E., Neijssel, C. J., et al. 2021."	https://doi.org/10.1103/PhysRevD.85.122006
ASOT-0563	doi:10.1103/physrevd.86.023502	"doi: 10.1103/PhysRevD.86.023502 MNRAS, 159, doi: 10.1093/mnras/staa161"	"doi: 10.1103/PhysRevD.86.023502 MNRAS, 159, doi: 10.1093/mnras/staa161"	https://doi.org/10.1093/mnras/staa161
ASOT-0563	doi:10.1103/physrevd.86.023502	"doi: 10.1103/PhysRevD.86.023502 MNRAS, 159, doi: 10.1093/mnras/staa161"	"doi: 10.1103/PhysRevD.86.023502 MNRAS, 159, doi: 10.1093/mnras/staa161"	https://doi.org/10.1103/PhysRevD.86.023502
ASOT-0564	doi:10.1103/physrevd.86.024012	"Fishbach, M., Gray, R., Magan a Hernandez, I., Qi, H., & 024012, doi: 10.1103/PhysRevD.86.024012"	"Fishbach, M., Gray, R., Magan a Hernandez, I., Qi, H., & 024012, doi: 10.1103/PhysRevD.86.024012"	https://doi.org/10.1103/PhysRevD.86.024012
ASOT-0565	doi:10.1103/physrevd.86.043011	"doi: 10.1103/PhysRevD.86.043011"	"doi: 10.1103/PhysRevD.86.043011"	https://doi.org/10.1103/PhysRevD.86.043011
ASOT-0566	doi:10.1103/physrevd.86.046009	"Rev. D 86, 046009 (2012) doi:10.1103/PhysRevD.86.046009 [arXiv:1203.6619 [hep"	"Rev. D 86, 046009 (2012) doi:10.1103/PhysRevD.86.046009 [arXiv:1203.6619 [hep"	https://doi.org/10.1103/PhysRevD.86.046009
ASOT-0567	doi:10.1103/physrevd.86.084003	"Khan, S., Chatziioannou, K., Hannam, M., & Ohme, F. doi: 10.1103/PhysRevD.86.084003"	"Khan, S., Chatziioannou, K., Hannam, M., & Ohme, F. doi: 10.1103/PhysRevD.86.084003"	https://doi.org/10.1103/PhysRevD.86.084003
ASOT-0568	doi:10.1103/physrevd.87.024035	"PhRvD, 87, 024035, doi: 10.1103/PhysRevD.87.024035 PhRvD, 84, 062003, doi: 10.1103/PhysRevD.84.062003"	"PhRvD, 87, 024035, doi: 10.1103/PhysRevD.87.024035 PhRvD, 84, 062003, doi: 10.1103/PhysRevD.84.062003"	https://doi.org/10.1103/PhysRevD.84.062003
ASOT-0568	doi:10.1103/physrevd.87.024035	"PhRvD, 87, 024035, doi: 10.1103/PhysRevD.87.024035 PhRvD, 84, 062003, doi: 10.1103/PhysRevD.84.062003"	"PhRvD, 87, 024035, doi: 10.1103/PhysRevD.87.024035 PhRvD, 84, 062003, doi: 10.1103/PhysRevD.84.062003"	https://doi.org/10.1103/PhysRevD.87.024035
ASOT-0569	doi:10.1103/physrevd.87.069904	"6, 069904 (2013)] doi:10.1103/PhysRevD.87.069904, 10.1103/PhysRevD.85.104049"	"6, 069904 (2013)] doi:10.1103/PhysRevD.87.069904, 10.1103/PhysRevD.85.104049"	https://doi.org/10.1103/PhysRevD.85.104049
ASOT-0569	doi:10.1103/physrevd.87.069904	"6, 069904 (2013)] doi:10.1103/PhysRevD.87.069904, 10.1103/PhysRevD.85.104049"	"6, 069904 (2013)] doi:10.1103/PhysRevD.87.069904, 10.1103/PhysRevD.85.104049"	https://doi.org/10.1103/PhysRevD.87.069904
ASOT-0570	doi:10.1103/physrevd.87.082004	"082004, doi: 10.1103/PhysRevD.87.082004 479, 2374, doi: 10.1093/mnras/sty1703"	"082004, doi: 10.1103/PhysRevD.87.082004 479, 2374, doi: 10.1093/mnras/sty1703"	https://doi.org/10.1093/mnras/sty1703
ASOT-0570	doi:10.1103/physrevd.87.082004	"082004, doi: 10.1103/PhysRevD.87.082004 479, 2374, doi: 10.1093/mnras/sty1703"	"082004, doi: 10.1103/PhysRevD.87.082004 479, 2374, doi: 10.1093/mnras/sty1703"	https://doi.org/10.1103/PhysRevD.87.082004
ASOT-0571	doi:10.1103/physrevd.88.061701	"doi:10.1103/PhysRevD.88.061701 [arXiv:1305.1993 [gr-qc]]."	"doi:10.1103/PhysRevD.88.061701 [arXiv:1305.1993 [gr-qc]]."	https://doi.org/10.1103/PhysRevD.88.061701
ASOT-0572	doi:10.1103/physrevd.88.064017	"PhRvD, 88, 064017, doi: 10.1103/PhysRevD.88.064017"	"PhRvD, 88, 064017, doi: 10.1103/PhysRevD.88.064017"	https://doi.org/10.1103/PhysRevD.88.064017
ASOT-0573	doi:10.1103/physrevd.88.104025	"doi: 10.1103/PhysRevD.88.104025"	"doi: 10.1103/PhysRevD.88.104025"	https://doi.org/10.1103/PhysRevD.88.104025
ASOT-0574	doi:10.1103/physrevd.88.125005	"doi:10.1103/PhysRevD.88.125005 [arXiv:1310.6203 [quant-ph]]."	"doi:10.1103/PhysRevD.88.125005 [arXiv:1310.6203 [quant-ph]]."	https://doi.org/10.1103/PhysRevD.88.125005
ASOT-0575	doi:10.1103/physrevd.89.024003	"PhRvD, 89, 024003, doi: 10.1103/PhysRevD.89.024003"	"PhRvD, 89, 024003, doi: 10.1103/PhysRevD.89.024003"	https://doi.org/10.1103/PhysRevD.89.024003
ASOT-0576	doi:10.1103/physrevd.89.024010	"doi: 10.1103/PhysRevD.89.024010 doi: 10.1038/nature24453"	"doi: 10.1103/PhysRevD.89.024010 doi: 10.1038/nature24453"	https://doi.org/10.1038/nature24453
ASOT-0576	doi:10.1103/physrevd.89.024010	"doi: 10.1103/PhysRevD.89.024010 doi: 10.1038/nature24453"	"doi: 10.1103/PhysRevD.89.024010 doi: 10.1038/nature24453"	https://doi.org/10.1103/PhysRevD.89.024010
ASOT-0577	doi:10.1103/physrevd.89.064003	"Kalogera, V., & Baym, G. 1996, ApJ, 470, L61, doi: 10.1103/PhysRevD.89.064003"	"Kalogera, V., & Baym, G. 1996, ApJ, 470, L61, doi: 10.1103/PhysRevD.89.064003"	https://doi.org/10.1103/PhysRevD.89.064003
ASOT-0578	doi:10.1103/physrevd.89.082001	"PhRvD, 89, 082001, doi: 10.1103/PhysRevD.89.082001 819, 108, doi: 10.3847/0004-637X/819/2/108"	"PhRvD, 89, 082001, doi: 10.1103/PhysRevD.89.082001 819, 108, doi: 10.3847/0004-637X/819/2/108"	https://doi.org/10.1103/PhysRevD.89.082001
ASOT-0578	doi:10.1103/physrevd.89.082001	"PhRvD, 89, 082001, doi: 10.1103/PhysRevD.89.082001 819, 108, doi: 10.3847/0004-637X/819/2/108"	"PhRvD, 89, 082001, doi: 10.1103/PhysRevD.89.082001 819, 108, doi: 10.3847/0004-637X/819/2/108"	https://doi.org/10.3847/0004-637X/819/2/108
ASOT-0579	doi:10.1103/physrevd.89.084041	"doi: 10.1103/PhysRevD.89.084041 044028, doi: 10.1103/PhysRevD.95.044028"	"doi: 10.1103/PhysRevD.89.084041 044028, doi: 10.1103/PhysRevD.95.044028"	https://doi.org/10.1103/PhysRevD.89.084041
ASOT-0579	doi:10.1103/physrevd.89.084041	"doi: 10.1103/PhysRevD.89.084041 044028, doi: 10.1103/PhysRevD.95.044028"	"doi: 10.1103/PhysRevD.89.084041 044028, doi: 10.1103/PhysRevD.95.044028"	https://doi.org/10.1103/PhysRevD.95.044028
ASOT-0580	doi:10.1103/physrevd.89.085012	"fields,  Phys. Rev. D 89, no. 8, 085012 (2014) doi:10.1103/PhysRevD.89.085012"	"fields,  Phys. Rev. D 89, no. 8, 085012 (2014) doi:10.1103/PhysRevD.89.085012"	https://doi.org/10.1103/PhysRevD.89.085012
ASOT-0581	doi:10.1103/physrevd.91.023005	"PhRvD, 91, 023005, doi: 10.1103/PhysRevD.91.023005"	"PhRvD, 91, 023005, doi: 10.1103/PhysRevD.91.023005"	https://arxiv.org/abs/2011.06787
ASOT-0581	doi:10.1103/physrevd.91.023005	"PhRvD, 91, 023005, doi: 10.1103/PhysRevD.91.023005"	"PhRvD, 91, 023005, doi: 10.1103/PhysRevD.91.023005"	https://doi.org/10.1103/PhysRevD.91.023005
ASOT-0582	doi:10.1103/physrevd.91.024043	"024043, doi: 10.1103/PhysRevD.91.024043 doi: 10.1088/0264-9381/24/5/005"	"024043, doi: 10.1103/PhysRevD.91.024043 doi: 10.1088/0264-9381/24/5/005"	https://doi.org/10.1088/0264-9381/24/5/005
ASOT-0582	doi:10.1103/physrevd.91.024043	"024043, doi: 10.1103/PhysRevD.91.024043 doi: 10.1088/0264-9381/24/5/005"	"024043, doi: 10.1103/PhysRevD.91.024043 doi: 10.1088/0264-9381/24/5/005"	https://doi.org/10.1088/0264-9381/33/21/215004
ASOT-0582	doi:10.1103/physrevd.91.024043	"024043, doi: 10.1103/PhysRevD.91.024043 doi: 10.1088/0264-9381/24/5/005"	"024043, doi: 10.1103/PhysRevD.91.024043 doi: 10.1088/0264-9381/24/5/005"	https://doi.org/10.1103/PhysRevD.91.024043
ASOT-0583	doi:10.1103/physrevd.91.042003	"Sigurdsson, S., & Hernquist, L. 1993, Nat, 364, 423, 042003, doi: 10.1103/PhysRevD.91.042003"	"Sigurdsson, S., & Hernquist, L. 1993, Nat, 364, 423, 042003, doi: 10.1103/PhysRevD.91.042003"	https://doi.org/10.1103/PhysRevD.91.042003
ASOT-0584	doi:10.1103/physrevd.91.084034	"084034, doi: 10.1103/PhysRevD.91.084034"	"084034, doi: 10.1103/PhysRevD.91.084034"	https://doi.org/10.1103/PhysRevD.91.084034
ASOT-0585	doi:10.1103/physrevd.91.104035	"Rev. D 91, no. 10, 104035 (2015) doi:10.1103/PhysRevD.91.104035 [arXiv:1412.6522"	"Rev. D 91, no. 10, 104035 (2015) doi:10.1103/PhysRevD.91.104035 [arXiv:1412.6522"	https://doi.org/10.1103/PhysRevD.91.104035
ASOT-0586	doi:10.1103/physrevd.92.025010	"2, 025010 (2015) doi:10.1103/PhysRevD.92.025010 [arXiv:1412.2730 [hep-th]]."	"2, 025010 (2015) doi:10.1103/PhysRevD.92.025010 [arXiv:1412.2730 [hep-th]]."	https://doi.org/10.1103/PhysRevD.92.025010
ASOT-0587	doi:10.1103/physrevd.93.024013	"doi: 10.1103/PhysRevD.93.024013 doi: 10.1038/s41550-019-0902-0"	"doi: 10.1103/PhysRevD.93.024013 doi: 10.1038/s41550-019-0902-0"	https://doi.org/10.1038/s41550-019-0902-0
ASOT-0587	doi:10.1103/physrevd.93.024013	"doi: 10.1103/PhysRevD.93.024013 doi: 10.1038/s41550-019-0902-0"	"doi: 10.1103/PhysRevD.93.024013 doi: 10.1038/s41550-019-0902-0"	https://doi.org/10.1103/PhysRevD.100.023011
ASOT-0587	doi:10.1103/physrevd.93.024013	"doi: 10.1103/PhysRevD.93.024013 doi: 10.1038/s41550-019-0902-0"	"doi: 10.1103/PhysRevD.93.024013 doi: 10.1038/s41550-019-0902-0"	https://doi.org/10.1103/PhysRevD.93.024013
ASOT-0588	doi:10.1103/physrevd.93.042004	"doi: 10.1103/PhysRevD.93.042004"	"doi: 10.1103/PhysRevD.93.042004"	https://doi.org/10.1103/PhysRevD.93.042004
ASOT-0589	doi:10.1103/physrevd.93.044006	"044006, doi: 10.1103/PhysRevD.93.044006"	"044006, doi: 10.1103/PhysRevD.93.044006"	https://doi.org/10.1103/PhysRevD.93.044006
ASOT-0590	doi:10.1103/physrevd.93.044007	"044007, doi: 10.1103/PhysRevD.93.044007"	"044007, doi: 10.1103/PhysRevD.93.044007"	https://doi.org/10.1103/PhysRevD.93.044007
ASOT-0591	doi:10.1103/physrevd.93.064041	"doi: 10.1103/PhysRevD.93.064041"	"doi: 10.1103/PhysRevD.93.064041"	https://doi.org/10.1086/340370
ASOT-0591	doi:10.1103/physrevd.93.064041	"doi: 10.1103/PhysRevD.93.064041"	"doi: 10.1103/PhysRevD.93.064041"	https://doi.org/10.1103/PhysRevD.93.064041
ASOT-0592	doi:10.1103/physrevd.93.084029	"arXiv:2004.11866 PhRvD, 93, 084029, doi: 10.1103/PhysRevD.93.084029"	"arXiv:2004.11866 PhRvD, 93, 084029, doi: 10.1103/PhysRevD.93.084029"	https://doi.org/10.1103/PhysRevD.93.084029
ASOT-0593	doi:10.1103/physrevd.93.084054	"PhRvD, 93, 084054, doi: 10.1103/PhysRevD.93.084054 Poisson, E., & Will, C. M. 1995, PhRvD, 52, 848,"	"PhRvD, 93, 084054, doi: 10.1103/PhysRevD.93.084054 Poisson, E., & Will, C. M. 1995, PhRvD, 52, 848,"	https://doi.org/10.1103/PhysRevD.93.084054
ASOT-0594	doi:10.1103/physrevd.93.122003	"doi: 10.1103/PhysRevD.93.122003 Ajith, P., Fotopoulos, N., Privitera, S., Neunzert, A., &"	"doi: 10.1103/PhysRevD.93.122003 Ajith, P., Fotopoulos, N., Privitera, S., Neunzert, A., &"	https://doi.org/10.1103/PhysRevD.93.122003
ASOT-0595	doi:10.1103/physrevd.93.122004	"doi: 10.1103/PhysRevD.93.122004 doi: 10.1103/PhysRevD.89.084041"	"doi: 10.1103/PhysRevD.93.122004 doi: 10.1103/PhysRevD.89.084041"	https://doi.org/10.1103/PhysRevD.89.084041
ASOT-0595	doi:10.1103/physrevd.93.122004	"doi: 10.1103/PhysRevD.93.122004 doi: 10.1103/PhysRevD.89.084041"	"doi: 10.1103/PhysRevD.93.122004 doi: 10.1103/PhysRevD.89.084041"	https://doi.org/10.1103/PhysRevD.93.122004
ASOT-0596	doi:10.1103/physrevd.93.124007	"PhRvD, 93, 124007, doi: 10.1103/PhysRevD.93.124007"	"PhRvD, 93, 124007, doi: 10.1103/PhysRevD.93.124007"	https://doi.org/10.1103/PhysRevD.93.124007
ASOT-0597	doi:10.1103/physrevd.95.042001	"95, 042001, doi: 10.1103/PhysRevD.95.042001 Orosz, J. A., Jain, R. K., Bailyn, C. D., McClintock, J. E.,"	"95, 042001, doi: 10.1103/PhysRevD.95.042001 Orosz, J. A., Jain, R. K., Bailyn, C. D., McClintock, J. E.,"	https://doi.org/10.1103/PhysRevD.95.042001
ASOT-0598	doi:10.1103/physrevd.95.044028	"044028, doi: 10.1103/PhysRevD.95.044028 doi: 10.1103/PhysRevD.49.2658"	"044028, doi: 10.1103/PhysRevD.95.044028 doi: 10.1103/PhysRevD.49.2658"	https://doi.org/10.1103/PhysRevD.49.2658
ASOT-0598	doi:10.1103/physrevd.95.044028	"044028, doi: 10.1103/PhysRevD.95.044028 doi: 10.1103/PhysRevD.49.2658"	"044028, doi: 10.1103/PhysRevD.95.044028 doi: 10.1103/PhysRevD.49.2658"	https://doi.org/10.1103/PhysRevD.95.044028
ASOT-0599	doi:10.1103/physrevd.95.044039	"044039, doi: 10.1103/PhysRevD.95.044039 arXiv:2002.00046"	"044039, doi: 10.1103/PhysRevD.95.044039 arXiv:2002.00046"	https://doi.org/10.1103/PhysRevD.95.044039
ASOT-0600	doi:10.1103/physrevd.95.064053	"Sukhbold, T., & Woosley, S. E. 2014, ApJ, 783, 10, 064053, doi: 10.1103/PhysRevD.95.064053"	"Sukhbold, T., & Woosley, S. E. 2014, ApJ, 783, 10, 064053, doi: 10.1103/PhysRevD.95.064053"	https://doi.org/10.1103/PhysRevD.95.064053
ASOT-0601	doi:10.1103/physrevd.95.092001	"Phys. Rev. D 95 (2017) 092001,"	"Phys. Rev. D 95 (2017) 092001,"	https://doi.org/10.1103/PhysRevD.95.092001
ASOT-0602	doi:10.1103/physrevd.95.104045	"104045, doi: 10.1103/PhysRevD.95.104045 doi: 10.1103/RevModPhys.52.299"	"104045, doi: 10.1103/PhysRevD.95.104045 doi: 10.1103/RevModPhys.52.299"	https://doi.org/10.1103/PhysRevD.95.104045
ASOT-0602	doi:10.1103/physrevd.95.104045	"104045, doi: 10.1103/PhysRevD.95.104045 doi: 10.1103/RevModPhys.52.299"	"104045, doi: 10.1103/PhysRevD.95.104045 doi: 10.1103/RevModPhys.52.299"	https://doi.org/10.1103/RevModPhys.52.299
ASOT-0603	doi:10.1103/physrevd.96.023012	"Sachdev, S., Caudill, S., Fong, H., et al. 2019, doi: 10.1103/PhysRevD.96.023012"	"Sachdev, S., Caudill, S., Fong, H., et al. 2019, doi: 10.1103/PhysRevD.96.023012"	https://doi.org/10.1103/PhysRevD.96.023012
ASOT-0604	doi:10.1103/physrevd.96.082002	"082002, doi: 10.1103/PhysRevD.96.082002"	"082002, doi: 10.1103/PhysRevD.96.082002"	https://doi.org/10.1103/PhysRevD.96.082002
ASOT-0605	doi:10.1103/physrevd.97.021501	"021501, doi: 10.1103/PhysRevD.97.021501 doi: 10.1088/1361-6382/aac89d"	"021501, doi: 10.1103/PhysRevD.97.021501 doi: 10.1088/1361-6382/aac89d"	https://doi.org/10.1088/1361-6382/aac89d
ASOT-0605	doi:10.1103/physrevd.97.021501	"021501, doi: 10.1103/PhysRevD.97.021501 doi: 10.1088/1361-6382/aac89d"	"021501, doi: 10.1103/PhysRevD.97.021501 doi: 10.1088/1361-6382/aac89d"	https://doi.org/10.1103/PhysRevD.97.021501
ASOT-0606	doi:10.1103/physrevd.97.023012	"doi: 10.1103/PhysRevD.97.023012 PhRvD, 102, 064001, doi: 10.1103/PhysRevD.102.064001"	"doi: 10.1103/PhysRevD.97.023012 PhRvD, 102, 064001, doi: 10.1103/PhysRevD.102.064001"	https://doi.org/10.1103/PhysRevD.102.064001
ASOT-0606	doi:10.1103/physrevd.97.023012	"doi: 10.1103/PhysRevD.97.023012 PhRvD, 102, 064001, doi: 10.1103/PhysRevD.102.064001"	"doi: 10.1103/PhysRevD.97.023012 PhRvD, 102, 064001, doi: 10.1103/PhysRevD.102.064001"	https://doi.org/10.1103/PhysRevD.97.023012
ASOT-0607	doi:10.1103/physrevd.97.043014	"PhRvD, 97, 043014, doi: 10.1103/PhysRevD.97.043014 2014, MNRAS, 441, 3703, doi: 10.1093/mnras/stu824"	"PhRvD, 97, 043014, doi: 10.1103/PhysRevD.97.043014 2014, MNRAS, 441, 3703, doi: 10.1093/mnras/stu824"	https://doi.org/10.1093/mnras/stu824
ASOT-0607	doi:10.1103/physrevd.97.043014	"PhRvD, 97, 043014, doi: 10.1103/PhysRevD.97.043014 2014, MNRAS, 441, 3703, doi: 10.1093/mnras/stu824"	"PhRvD, 97, 043014, doi: 10.1103/PhysRevD.97.043014 2014, MNRAS, 441, 3703, doi: 10.1093/mnras/stu824"	https://doi.org/10.1103/PhysRevD.97.043014
ASOT-0608	doi:10.1103/physrevd.97.044033	"PhRvD, 97, 044033, doi: 10.1103/PhysRevD.97.044033 Nitz, A. H., Dent, T., Davies, G. S., et al. 2020b, ApJ, 891,"	"PhRvD, 97, 044033, doi: 10.1103/PhysRevD.97.044033 Nitz, A. H., Dent, T., Davies, G. S., et al. 2020b, ApJ, 891,"	https://doi.org/10.1103/PhysRevD.97.044033
ASOT-0609	doi:10.1103/physrevd.97.124008	"doi: 10.1103/PhysRevD.97.124008"	"doi: 10.1103/PhysRevD.97.124008"	https://doi.org/10.1103/PhysRevD.97.124008
ASOT-0610	doi:10.1103/physrevd.98.023502	"doi: 10.1103/PhysRevD.98.023502"	"doi: 10.1103/PhysRevD.98.023502"	https://doi.org/10.1103/PhysRevD.98.023502
ASOT-0611	doi:10.1103/physrevd.98.024050	"PhRvD, 98, 024050, doi: 10.1103/PhysRevD.98.024050 Racine, E. 2008, PhRvD, 78, 044021,"	"PhRvD, 98, 024050, doi: 10.1103/PhysRevD.98.024050 Racine, E. 2008, PhRvD, 78, 044021,"	https://doi.org/10.1103/PhysRevD.98.024050
ASOT-0612	doi:10.1103/physrevd.98.081501	"Dominik, M., Berti, E., O Shaughnessy, R., et al. 2015, 081501, doi: 10.1103/PhysRevD.98.081501"	"Dominik, M., Berti, E., O Shaughnessy, R., et al. 2015, 081501, doi: 10.1103/PhysRevD.98.081501"	https://doi.org/10.1103/PhysRevD.98.081501
ASOT-0613	doi:10.1103/physrevd.98.083007	"PhRvD, 98, 083007, doi: 10.1103/PhysRevD.98.083007"	"PhRvD, 98, 083007, doi: 10.1103/PhysRevD.98.083007"	https://doi.org/10.1103/PhysRevD.98.083007
ASOT-0614	doi:10.1103/physrevd.98.084028	"98, 084028, doi: 10.1103/PhysRevD.98.084028 PhRvD, 102, 023025, doi: 10.1103/PhysRevD.102.023025"	"98, 084028, doi: 10.1103/PhysRevD.98.084028 PhRvD, 102, 023025, doi: 10.1103/PhysRevD.102.023025"	https://doi.org/10.1103/PhysRevD.102.023025
ASOT-0614	doi:10.1103/physrevd.98.084028	"98, 084028, doi: 10.1103/PhysRevD.98.084028 PhRvD, 102, 023025, doi: 10.1103/PhysRevD.102.023025"	"98, 084028, doi: 10.1103/PhysRevD.98.084028 PhRvD, 102, 023025, doi: 10.1103/PhysRevD.102.023025"	https://doi.org/10.1103/PhysRevD.98.084028
ASOT-0615	doi:10.1103/physrevd.98.084036	"Farr, B., Holz, D. E., & Farr, W. M. 2018, ApJ, 854, L9, PhRvD, 98, 084036, doi: 10.1103/PhysRevD.98.084036"	"Farr, B., Holz, D. E., & Farr, W. M. 2018, ApJ, 854, L9, PhRvD, 98, 084036, doi: 10.1103/PhysRevD.98.084036"	https://doi.org/10.1103/PhysRevD.98.084036
ASOT-0616	doi:10.1103/physrevd.98.124033	"doi: 10.1103/physrevd.98.124033"	"doi: 10.1103/physrevd.98.124033"	https://doi.org/10.1103/physrevd.98.124033
ASOT-0617	doi:10.1103/physrevd.99.024048	"024048, doi: 10.1103/PhysRevD.99.024048 Sun, L., Goetz, E., Kissel, J. S., et al. 2020, CQGra, 37,"	"024048, doi: 10.1103/PhysRevD.99.024048 Sun, L., Goetz, E., Kissel, J. S., et al. 2020, CQGra, 37,"	https://doi.org/10.1103/PhysRevD.99.024048
ASOT-0618	doi:10.1103/physrevd.99.104056	"doi: 10.1103/physrevd.99.104056"	"doi: 10.1103/physrevd.99.104056"	https://doi.org/10.1103/physrevd.99.104056
ASOT-0619	doi:10.1103/physrevd.99.124005	"99, 124005, doi: 10.1103/PhysRevD.99.124005 PhRvD, 97, 044033, doi: 10.1103/PhysRevD.97.044033"	"99, 124005, doi: 10.1103/PhysRevD.99.124005 PhRvD, 97, 044033, doi: 10.1103/PhysRevD.97.044033"	https://doi.org/10.1103/PhysRevD.97.044033
ASOT-0619	doi:10.1103/physrevd.99.124005	"99, 124005, doi: 10.1103/PhysRevD.99.124005 PhRvD, 97, 044033, doi: 10.1103/PhysRevD.97.044033"	"99, 124005, doi: 10.1103/PhysRevD.99.124005 PhRvD, 97, 044033, doi: 10.1103/PhysRevD.97.044033"	https://doi.org/10.1103/PhysRevD.99.124005
ASOT-0621	doi:10.1103/physrevlett.100.091102	10.1103/PhysRevLett.100.091102	10.1103/PhysRevLett.100.091102	https://doi.org/10.1103/PhysRevLett.100.091102
ASOT-0622	doi:10.1103/physrevlett.100.207402	"DOI: 10.1103/PhysRevLett.100.207402 PACS numbers: 78.68.+m, 41.20. q, 78.20.Ci"	"DOI: 10.1103/PhysRevLett.100.207402 PACS numbers: 78.68.+m, 41.20. q, 78.20.Ci"	https://doi.org/10.1103/PhysRevLett.100.207402
ASOT-0623	doi:10.1103/physrevlett.100.226403	"**van Mechelen, J. L. M., van der Marel, D., Grimaldi, C., Kuzmenko, A. B., Armitage, N. P., Reyren, N., Hagemann, H., & Baeriswyl, I. H.** (2008). *Electron-phonon interaction and charge carrier mass enhancement in SrTiO3*. Physical Review Letters 100(22), 226403. DOI: 10.1103/PhysRevLett.100.226403."	"**van Mechelen, J. L. M., van der Marel, D., Grimaldi, C., Kuzmenko, A. B., Armitage, N. P., Reyren, N., Hagemann, H., & Baeriswyl, I. H.** (2008). *Electron-phonon interaction and charge carrier mass enhancement in SrTiO3*. Physical Review Letters 100(22), 226403. DOI: 10.1103/PhysRevLett.100.226403."	https://doi.org/10.1103/PhysRevLett.100.226403
ASOT-0624	doi:10.1103/physrevlett.111.171301	"rior,  Phys. Rev. Lett. 111, 171301 (2013) doi:10.1103/PhysRevLett.111.171301"	"rior,  Phys. Rev. Lett. 111, 171301 (2013) doi:10.1103/PhysRevLett.111.171301"	https://doi.org/10.1103/PhysRevLett.111.171301
ASOT-0625	doi:10.1103/physrevlett.112.251101	"doi: 10.1103/PhysRevLett.112.251101 ApJL, 899, L1, doi: 10.3847/2041-8213/aba74e"	"doi: 10.1103/PhysRevLett.112.251101 ApJL, 899, L1, doi: 10.3847/2041-8213/aba74e"	https://doi.org/10.1103/PhysRevLett.112.251101
ASOT-0625	doi:10.1103/physrevlett.112.251101	"doi: 10.1103/PhysRevLett.112.251101 ApJL, 899, L1, doi: 10.3847/2041-8213/aba74e"	"doi: 10.1103/PhysRevLett.112.251101 ApJL, 899, L1, doi: 10.3847/2041-8213/aba74e"	https://doi.org/10.3847/2041-8213/aba74e
ASOT-0626	doi:10.1103/physrevlett.114.111603	"Phys. Rev. Lett. 114, no. 11, 111603 (2015) doi:10.1103/PhysRevLett.114.111603"	"Phys. Rev. Lett. 114, no. 11, 111603 (2015) doi:10.1103/PhysRevLett.114.111603"	https://doi.org/10.1103/PhysRevLett.114.111603
ASOT-0627	doi:10.1103/physrevlett.114.221601	"doi:10.1103/PhysRevLett.114.221601 [arXiv:1412.1879 [hep-th]]."	"doi:10.1103/PhysRevLett.114.221601 [arXiv:1412.1879 [hep-th]]."	https://doi.org/10.1103/PhysRevLett.114.221601
ASOT-0628	doi:10.1103/physrevlett.116.061102	"doi: 10.1103/PhysRevLett.116.061102 Adams, T., Buskulic, D., Germain, V., et al. 2016, CQGra,"	"doi: 10.1103/PhysRevLett.116.061102 Adams, T., Buskulic, D., Germain, V., et al. 2016, CQGra,"	https://doi.org/10.1103/PhysRevLett.116.061102
ASOT-0629	doi:10.1103/physrevlett.116.221101	"doi: 10.1103/PhysRevLett.116.221101 1377, doi: 10.1093/mnras/sty1065"	"doi: 10.1103/PhysRevLett.116.221101 1377, doi: 10.1093/mnras/sty1065"	https://doi.org/10.1093/mnras/sty1065
ASOT-0629	doi:10.1103/physrevlett.116.221101	"doi: 10.1103/PhysRevLett.116.221101 1377, doi: 10.1093/mnras/sty1065"	"doi: 10.1103/PhysRevLett.116.221101 1377, doi: 10.1093/mnras/sty1065"	https://doi.org/10.1103/PhysRevLett.116.221101
ASOT-0630	doi:10.1103/physrevlett.116.241102	"doi: 10.1103/PhysRevLett.116.241102 241101, doi: 10.1103/PhysRevLett.106.241101"	"doi: 10.1103/PhysRevLett.116.241102 241101, doi: 10.1103/PhysRevLett.106.241101"	https://doi.org/10.1103/PhysRevLett.106.241101
ASOT-0630	doi:10.1103/physrevlett.116.241102	"doi: 10.1103/PhysRevLett.116.241102 241101, doi: 10.1103/PhysRevLett.106.241101"	"doi: 10.1103/PhysRevLett.116.241102 241101, doi: 10.1103/PhysRevLett.106.241101"	https://doi.org/10.1103/PhysRevLett.116.241102
ASOT-0631	doi:10.1103/physrevlett.116.241103	"doi: 10.1103/PhysRevLett.116.241103"	"doi: 10.1103/PhysRevLett.116.241103"	https://doi.org/10.1103/PhysRevLett.116.241103
ASOT-0632	doi:10.1103/physrevlett.119.161101	"doi: 10.1103/PhysRevLett.119.161101"	"doi: 10.1103/PhysRevLett.119.161101"	https://doi.org/10.1103/PhysRevLett.119.161101
ASOT-0633	doi:10.1103/physrevlett.119.251103	"doi: 10.1103/PhysRevLett.119.251103 Zaldarriaga, M. 2019a, arXiv:1910.09528"	"doi: 10.1103/PhysRevLett.119.251103 Zaldarriaga, M. 2019a, arXiv:1910.09528"	https://doi.org/10.1103/PhysRevLett.119.251103
ASOT-0634	doi:10.1103/physrevlett.120.161102	"doi: 10.1103/PhysRevLett.120.161102"	"doi: 10.1103/PhysRevLett.120.161102"	https://doi.org/10.1103/PhysRevLett.120.161102
ASOT-0635	doi:10.1103/physrevlett.121.021303	"Stephan, A. P., Naoz, S., Ghez, A. M., et al. 2019, ApJ, doi: 10.1103/PhysRevLett.121.021303"	"Stephan, A. P., Naoz, S., Ghez, A. M., et al. 2019, ApJ, doi: 10.1103/PhysRevLett.121.021303"	https://doi.org/10.1103/PhysRevLett.121.021303
ASOT-0636	doi:10.1103/physrevlett.121.161101	"doi: 10.1103/PhysRevLett.121.161101"	"doi: 10.1103/PhysRevLett.121.161101"	https://doi.org/10.1103/PhysRevLett.121.161101
ASOT-0637	doi:10.1103/physrevlett.122.061104	"doi: 10.1103/PhysRevLett.122.061104"	"doi: 10.1103/PhysRevLett.122.061104"	https://doi.org/10.1103/PhysRevLett.122.061104
ASOT-0638	doi:10.1103/physrevlett.122.061105	"doi: 10.1103/PhysRevLett.122.061105 L19, doi: 10.3847/2041-8205/825/2/L19"	"doi: 10.1103/PhysRevLett.122.061105 L19, doi: 10.3847/2041-8205/825/2/L19"	https://doi.org/10.1103/PhysRevLett.122.061105
ASOT-0638	doi:10.1103/physrevlett.122.061105	"doi: 10.1103/PhysRevLett.122.061105 L19, doi: 10.3847/2041-8205/825/2/L19"	"doi: 10.1103/PhysRevLett.122.061105 L19, doi: 10.3847/2041-8205/825/2/L19"	https://doi.org/10.3847/2041-8205/825/2/L19
ASOT-0639	doi:10.1103/physrevlett.123.011102	"doi: 10.1103/PhysRevLett.123.011102 doi: 10.1103/PhysRevD.74.024006"	"doi: 10.1103/PhysRevLett.123.011102 doi: 10.1103/PhysRevD.74.024006"	https://doi.org/10.1103/PhysRevD.74.024006
ASOT-0639	doi:10.1103/physrevlett.123.011102	"doi: 10.1103/PhysRevLett.123.011102 doi: 10.1103/PhysRevD.74.024006"	"doi: 10.1103/PhysRevLett.123.011102 doi: 10.1103/PhysRevD.74.024006"	https://doi.org/10.1103/PhysRevLett.123.011102
ASOT-0640	doi:10.1103/physrevlett.123.041102	"Vitale, S., Lynch, R., Veitch, J., Raymond, V., & Sturani, doi: 10.1103/PhysRevLett.123.041102"	"Vitale, S., Lynch, R., Veitch, J., Raymond, V., & Sturani, doi: 10.1103/PhysRevLett.123.041102"	https://doi.org/10.1103/PhysRevLett.123.041102
ASOT-0641	doi:10.1103/physrevlett.126.131102	"Hoang, B.-M., Naoz, S., & Kremer, K. 2020, ApJ, 903, 8, doi: 10.1103/PhysRevLett.126.131102"	"Hoang, B.-M., Naoz, S., & Kremer, K. 2020, ApJ, 903, 8, doi: 10.1103/PhysRevLett.126.131102"	https://doi.org/10.1103/PhysRevLett.126.131102
ASOT-0642	doi:10.1103/physrevlett.126.141801	"0.46 ppm. Phys. Rev. Lett. 2021 , 126 , 141801,"	"0.46 ppm. Phys. Rev. Lett. 2021 , 126 , 141801,"	https://doi.org/10.1103/physrevlett.126.141801
ASOT-0643	doi:10.1103/physrevlett.126.192301	"Lett. 126 (2021) 192301, doi:10.1103/PhysRevLett.126.192301,"	"Lett. 126 (2021) 192301, doi:10.1103/PhysRevLett.126.192301,"	https://doi.org/10.1103/PhysRevLett.126.192301
ASOT-0644	doi:10.1103/physrevlett.126.202301	"doi:10.1103/PhysRevLett.126.202301, arXiv:2010.15130."	"doi:10.1103/PhysRevLett.126.202301, arXiv:2010.15130."	https://doi.org/10.1103/PhysRevLett.126.202301
ASOT-0645	doi:10.1103/physrevlett.127.252301	"doi:10.1103/PhysRevLett.127.252301, arXiv:2101.01742."	"doi:10.1103/PhysRevLett.127.252301, arXiv:2101.01742."	https://doi.org/10.1103/PhysRevLett.127.252301
ASOT-0646	doi:10.1103/physrevlett.13.508	https://doi.org/10.1103/physrevlett.13.508	https://doi.org/10.1103/physrevlett.13.508	https://doi.org/10.1103/physrevlett.13.508
ASOT-0647	doi:10.1103/physrevlett.131.072301	"doi:10.1103/PhysRevLett.131.072301, arXiv:2206.01138."	"doi:10.1103/PhysRevLett.131.072301, arXiv:2206.01138."	https://doi.org/10.1103/PhysRevLett.131.072301
ASOT-0648	doi:10.1103/physrevlett.26.331	"doi: 10.1103/PhysRevLett.26.331 Effler, A., Schofield, R. M. S., Frolov, V. V., et al. 2015,"	"doi: 10.1103/PhysRevLett.26.331 Effler, A., Schofield, R. M. S., Frolov, V. V., et al. 2015,"	https://doi.org/10.1103/PhysRevLett.26.331
ASOT-0649	doi:10.1103/physrevlett.30.1343	"22. Gross, D.J.; Wilczek, F. Ultraviolet Behavior of Non -Abelian Gauge Theories. Phys. Rev. Lett. 1973 , 30 ,1343  1346,"	"22. Gross, D.J.; Wilczek, F. Ultraviolet Behavior of Non -Abelian Gauge Theories. Phys. Rev. Lett. 1973 , 30 ,1343  1346,"	https://doi.org/10.1103/PhysRevLett.30.1343
ASOT-0649	doi:10.1103/physrevlett.30.1343	"22. Gross, D.J.; Wilczek, F. Ultraviolet Behavior of Non -Abelian Gauge Theories. Phys. Rev. Lett. 1973 , 30 ,1343  1346,"	"22. Gross, D.J.; Wilczek, F. Ultraviolet Behavior of Non -Abelian Gauge Theories. Phys. Rev. Lett. 1973 , 30 ,1343  1346,"	https://doi.org/10.1103/physrevlett.30.1343
ASOT-0650	doi:10.1103/physrevlett.30.1346	"1973) 1346, doi:10.1103/PhysRevLett.30.1346."	"1973) 1346, doi:10.1103/PhysRevLett.30.1346."	https://doi.org/10.1103/PhysRevLett.30.1346
ASOT-0651	doi:10.1103/physrevlett.32.324	"doi: 10.1103/PhysRevLett.32.324 CQGra, 38, 025016, doi: 10.1088/1361-6382/abc906"	"doi: 10.1103/PhysRevLett.32.324 CQGra, 38, 025016, doi: 10.1088/1361-6382/abc906"	https://arxiv.org/abs/2103.12104
ASOT-0651	doi:10.1103/physrevlett.32.324	"doi: 10.1103/PhysRevLett.32.324 CQGra, 38, 025016, doi: 10.1088/1361-6382/abc906"	"doi: 10.1103/PhysRevLett.32.324 CQGra, 38, 025016, doi: 10.1088/1361-6382/abc906"	https://doi.org/10.1088/1361-6382/abc906
ASOT-0651	doi:10.1103/physrevlett.32.324	"doi: 10.1103/PhysRevLett.32.324 CQGra, 38, 025016, doi: 10.1088/1361-6382/abc906"	"doi: 10.1103/PhysRevLett.32.324 CQGra, 38, 025016, doi: 10.1088/1361-6382/abc906"	https://doi.org/10.1103/PhysRevLett.32.324
ASOT-0652	doi:10.1103/physrevlett.32.438	https://doi.org/10.1103/physrevlett.32.438	https://doi.org/10.1103/physrevlett.32.438	https://doi.org/10.1103/physrevlett.32.438
ASOT-0654	doi:10.1103/physrevlett.46.1351	"1351-1353 doi:10.1103/PhysRevLett.46.1351"	"1351-1353 doi:10.1103/PhysRevLett.46.1351"	https://doi.org/10.1103/PhysRevLett.46.1351
ASOT-0658	doi:10.1103/physrevlett.74.1067	"Ajith, P., Fotopoulos, N., Privitera, S., Neunzert, A., & doi: 10.1103/PhysRevLett.74.1067"	"Ajith, P., Fotopoulos, N., Privitera, S., Neunzert, A., & doi: 10.1103/PhysRevLett.74.1067"	https://doi.org/10.1103/PhysRevLett.74.1067
ASOT-0659	doi:10.1103/physrevlett.74.3515	"doi: 10.1103/PhysRevLett.74.3515 Cowperthwaite, P. S., Berger, E., Villar, V. A., et al. 2017,"	"doi: 10.1103/PhysRevLett.74.3515 Cowperthwaite, P. S., Berger, E., Villar, V. A., et al. 2017,"	https://doi.org/10.1103/PhysRevLett.74.3515
ASOT-0660	doi:10.1103/physrevlett.75.109	"**Okimoto, Y., Katsufuji, T., Ishikawa, T., Urushibara, A., Arima, T., & Tokura, Y.** (1995). *Anomalous variation of optical spectra with spin polarization in double-exchange ferromagnet: La_{1-x}Sr_xMnO_3*. Physical Review Letters 75(1), 109-112. DOI: 10.1103/PhysRevLett.75.109."	"**Okimoto, Y., Katsufuji, T., Ishikawa, T., Urushibara, A., Arima, T., & Tokura, Y.** (1995). *Anomalous variation of optical spectra with spin polarization in double-exchange ferromagnet: La_{1-x}Sr_xMnO_3*. Physical Review Letters 75(1), 109-112. DOI: 10.1103/PhysRevLett.75.109."	https://doi.org/10.1103/PhysRevLett.75.109
ASOT-0662	doi:10.1103/physrevlett.81.3567	"1998), 3567-3570 doi:10.1103/PhysRevLett.81.3567 [arXiv:gr-qc/9805003 [gr-qc]]."	"1998), 3567-3570 doi:10.1103/PhysRevLett.81.3567 [arXiv:gr-qc/9805003 [gr-qc]]."	https://doi.org/10.1103/PhysRevLett.81.3567
ASOT-0663	doi:10.1103/physrevlett.81.746	"Rev. Lett. 81 (1998), 746-749 doi:10.1103/PhysRevLett.81.746 [arXiv:gr-qc/9802048"	"Rev. Lett. 81 (1998), 746-749 doi:10.1103/PhysRevLett.81.746 [arXiv:gr-qc/9802048"	https://doi.org/10.1103/PhysRevLett.81.746
ASOT-0664	doi:10.1103/physrevlett.90.201102	"doi:10.1103/PhysRevLett.90.201102 [arXiv:gr-qc/0301003 [gr-qc]]."	"doi:10.1103/PhysRevLett.90.201102 [arXiv:gr-qc/0301003 [gr-qc]]."	https://doi.org/10.1103/PhysRevLett.90.201102
ASOT-0665	doi:10.1103/physrevlett.96.181602	"AdS/CFT,  Phys. Rev. Lett. 96, 181602 (2006) doi:10.1103/PhysRevLett.96.181602"	"AdS/CFT,  Phys. Rev. Lett. 96, 181602 (2006) doi:10.1103/PhysRevLett.96.181602"	https://doi.org/10.1103/PhysRevLett.96.181602
ASOT-0666	doi:10.1103/physrevmaterials.3.093403	"Growth interactions between icosahedral quasicrystals (PhysRevMaterials 2019)"	"Growth interactions between icosahedral quasicrystals (PhysRevMaterials 2019)"	https://doi.org/10.1103/PhysRevMaterials.3.093403
ASOT-0666	doi:10.1103/physrevmaterials.3.093403	"Growth interactions between icosahedral quasicrystals (PhysRevMaterials 2019)"	"Growth interactions between icosahedral quasicrystals (PhysRevMaterials 2019)"	https://journals.aps.org/prmaterials/pdf/10.1103/PhysRevMaterials.3.093403
ASOT-0667	doi:10.1103/physrevresearch.2.043096	"doi: 10.1103/PhysRevResearch.2.043096"	"doi: 10.1103/PhysRevResearch.2.043096"	https://arxiv.org/abs/2101.09935
ASOT-0667	doi:10.1103/physrevresearch.2.043096	"doi: 10.1103/PhysRevResearch.2.043096"	"doi: 10.1103/PhysRevResearch.2.043096"	https://doi.org/10.1103/PhysRevResearch.2.043096
ASOT-0668	doi:10.1103/physrevx.11.021053	"doi: 10.1103/PhysRevX.11.021053 L2, doi: 10.1088/2041-8205/742/1/L2"	"doi: 10.1103/PhysRevX.11.021053 L2, doi: 10.1088/2041-8205/742/1/L2"	https://doi.org/10.1088/2041-8205/742/1/L2
ASOT-0668	doi:10.1103/physrevx.11.021053	"doi: 10.1103/PhysRevX.11.021053 L2, doi: 10.1088/2041-8205/742/1/L2"	"doi: 10.1103/PhysRevX.11.021053 L2, doi: 10.1088/2041-8205/742/1/L2"	https://doi.org/10.1103/PhysRevX.11.021053
ASOT-0669	doi:10.1103/physrevx.13.011048	"DOI: 10.1103/PhysRevX.13.011048 Subject Areas: Astrophysics, Gravitation"	"DOI: 10.1103/PhysRevX.13.011048 Subject Areas: Astrophysics, Gravitation"	https://doi.org/10.1103/PhysRevX.13.011048
ASOT-0670	doi:10.1103/physrevx.6.041015	"doi: 10.1103/PhysRevX.6.041015 Ade, P. A. R., Aghanim, N., Arnaud, M., et al. 2016, A&A,"	"doi: 10.1103/PhysRevX.6.041015 Ade, P. A. R., Aghanim, N., Arnaud, M., et al. 2016, A&A,"	https://doi.org/10.1103/PhysRevLett.121.161101
ASOT-0670	doi:10.1103/physrevx.6.041015	"doi: 10.1103/PhysRevX.6.041015 Ade, P. A. R., Aghanim, N., Arnaud, M., et al. 2016, A&A,"	"doi: 10.1103/PhysRevX.6.041015 Ade, P. A. R., Aghanim, N., Arnaud, M., et al. 2016, A&A,"	https://doi.org/10.1103/PhysRevX.6.041015
ASOT-0671	doi:10.1103/physrevx.9.011001	"doi: 10.1103/PhysRevX.9.011001"	"doi: 10.1103/PhysRevX.9.011001"	https://doi.org/10.1103/PhysRevX.9.011001
ASOT-0672	doi:10.1103/physrevx.9.031040	"doi: 10.1103/PhysRevX.9.031040"	"doi: 10.1103/PhysRevX.9.031040"	https://doi.org/10.1103/PhysRevX.9.031040
ASOT-0673	doi:10.1103/revmodphys.20.367	"20 , 367  387,"	"20 , 367  387,"	https://doi.org/10.1103/revmodphys.20.367
ASOT-0674	doi:10.1103/revmodphys.83.11	"Phys. 83 (2011) 11, arXiv:0801.0287."	"Phys. 83 (2011) 11, arXiv:0801.0287."	https://doi.org/10.1103/RevModPhys.83.11
ASOT-0675	doi:10.1103/revmodphys.90.025005	"physics , Rev. Mod. Phys. 90 (2018) 025005, doi:10.1103/RevModPhys.90.025005,"	"physics , Rev. Mod. Phys. 90 (2018) 025005, doi:10.1103/RevModPhys.90.025005,"	https://doi.org/10.1103/RevModPhys.90.025005
ASOT-0676	doi:10.1107/s1600576722004265	"Rowenhorst et al. (2022) Dual-phase steel microstructure using EBSD workflow"	"Rowenhorst et al. (2022) Dual-phase steel microstructure using EBSD workflow"	https://doi.org/10.1107/S1600576722004265
ASOT-0677	doi:10.1109/19.492774	"45(2): 493-498."	"45(2): 493-498."	https://doi.org/10.1109/19.492774
ASOT-0678	doi:10.1109/28.148460	https://doi.org/10.1109/28.148460	https://doi.org/10.1109/28.148460	https://doi.org/10.1109/28.148460
ASOT-0679	doi:10.1109/28.536870	"32(5): 1089-1097."	"32(5): 1089-1097."	https://doi.org/10.1109/28.536870
ASOT-0680	doi:10.1109/5.301690	"motion control. Proceedings of the IEEE, 82(8): 13031323."	"motion control. Proceedings of the IEEE, 82(8): 13031323."	https://doi.org/10.1109/5.301690
ASOT-0681	doi:10.1109/5.726791	"Recognition. In Proceedings of the IEEE. 2278 2324."	"Recognition. In Proceedings of the IEEE. 2278 2324."	https://doi.org/10.1109/5.726791
ASOT-0682	doi:10.1109/acc.2013.6580564	https://doi.org/10.1109/ACC.2013.6580564	https://doi.org/10.1109/ACC.2013.6580564	https://doi.org/10.1109/ACC.2013.6580564
ASOT-0683	doi:10.1109/aieepas.1956.4499460	https://doi.org/10.1109/AIEEPAS.1956.4499460	https://doi.org/10.1109/AIEEPAS.1956.4499460	https://doi.org/10.1109/AIEEPAS.1956.4499460
ASOT-0684	doi:10.1109/aieepas.1956.4499461	https://doi.org/10.1109/AIEEPAS.1956.4499461	https://doi.org/10.1109/AIEEPAS.1956.4499461	https://doi.org/10.1109/AIEEPAS.1956.4499461
ASOT-0685	doi:10.1109/cpre.2006.1638698	https://doi.org/10.1109/CPRE.2006.1638698	https://doi.org/10.1109/CPRE.2006.1638698	https://doi.org/10.1109/CPRE.2006.1638698
ASOT-0686	doi:10.1109/csnt.2015.78	https://doi.org/10.1109/CSNT.2015.78	https://doi.org/10.1109/CSNT.2015.78	https://doi.org/10.1109/CSNT.2015.78
ASOT-0687	doi:10.1109/cvpr.2016.90	"arXiv:1512.03385 [DOI:10.1109/CVPR.2016.90] [INSPIRE]."	"arXiv:1512.03385 [DOI:10.1109/CVPR.2016.90] [INSPIRE]."	https://doi.org/10.1109/CVPR.2016.90
ASOT-0688	doi:10.1109/eds.1990.138054	"1990, pages 75 82. doi: 10.1109/EDS.1990.138054."	"1990, pages 75 82. doi: 10.1109/EDS.1990.138054."	https://doi.org/10.1109/EDS.1990.138054
ASOT-0689	doi:10.1109/ee.1943.6436045	https://doi.org/10.1109/EE.1943.6436045	https://doi.org/10.1109/EE.1943.6436045	https://doi.org/10.1109/EE.1943.6436045
ASOT-0690	doi:10.1109/ee.1949.6444869	"for D-C machines. Electrical Engineering. 68(1): 206218."	"for D-C machines. Electrical Engineering. 68(1): 206218."	https://doi.org/10.1109/EE.1949.6444869
ASOT-0691	doi:10.1109/ias.2002.1042686	1041-1046.	1041-1046.	https://doi.org/10.1109/IAS.2002.1042686
ASOT-0692	doi:10.1109/icelmach.2010.5608051	https://doi.org/10.1109/ICELMACH.2010.5608051	https://doi.org/10.1109/ICELMACH.2010.5608051	https://doi.org/10.1109/ICELMACH.2010.5608051
ASOT-0693	doi:10.1109/iciea.2016.7603547	https://doi.org/10.1109/ICIEA.2016.7603547	https://doi.org/10.1109/ICIEA.2016.7603547	https://doi.org/10.1109/ICIEA.2016.7603547
ASOT-0694	doi:10.1109/icit.2011.5754336	"USA. 5-11."	"USA. 5-11."	https://doi.org/10.1109/ICIT.2011.5754336
ASOT-0695	doi:10.1109/icnn.1993.298623	https://doi.org/10.1109/ICNN.1993.298623	https://doi.org/10.1109/ICNN.1993.298623	https://doi.org/10.1109/ICNN.1993.298623
ASOT-0696	doi:10.1109/icphm.2012.6299515	https://doi.org/10.1109/ICPHM.2012.6299515	https://doi.org/10.1109/ICPHM.2012.6299515	https://doi.org/10.1109/ICPHM.2012.6299515
ASOT-0697	doi:10.1109/icps.2001.966519	"IEEE Transactions on Industry Applications. 38(1): 1220."	"IEEE Transactions on Industry Applications. 38(1): 1220."	https://doi.org/10.1109/ICPS.2001.966519
ASOT-0698	doi:10.1109/iecon.2011.6119449	"Electronics Society. Melbourne, VIC, Australia . 20182023."	"Electronics Society. Melbourne, VIC, Australia . 20182023."	https://doi.org/10.1109/IECON.2011.6119449
ASOT-0699	doi:10.1109/ieeestd.1975.81090	https://doi.org/10.1109/IEEESTD.1975.81090	https://doi.org/10.1109/IEEESTD.1975.81090	https://doi.org/10.1109/IEEESTD.1975.81090
ASOT-0700	doi:10.1109/intelse.2016.7475166	https://doi.org/10.1109/INTELSE.2016.7475166	https://doi.org/10.1109/INTELSE.2016.7475166	https://doi.org/10.1109/INTELSE.2016.7475166
ASOT-0701	doi:10.1109/lics.1997.614955	"Symposium on Logic in Computer Science. 280 291."	"Symposium on Logic in Computer Science. 280 291."	https://doi.org/10.1109/LICS.1997.614955
ASOT-0702	doi:10.1109/lics.2004.1319636	"Symposium on Logic in Computer Science, 2004. 415 425."	"Symposium on Logic in Computer Science, 2004. 415 425."	https://doi.org/10.1109/LICS.2004.1319636
ASOT-0703	doi:10.1109/mcse.2007.55	"Hunter, J. D. 2007, CSE, 9, 90, doi: 10.1109/MCSE.2007.55"	"Hunter, J. D. 2007, CSE, 9, 90, doi: 10.1109/MCSE.2007.55"	https://doi.org/10.1103/PhysRevD.82.103011
ASOT-0703	doi:10.1109/mcse.2007.55	"Hunter, J. D. 2007, CSE, 9, 90, doi: 10.1109/MCSE.2007.55"	"Hunter, J. D. 2007, CSE, 9, 90, doi: 10.1109/MCSE.2007.55"	https://doi.org/10.1109/MCSE.2007.55
ASOT-0704	doi:10.1109/microcom.2016.7522557	https://doi.org/10.1109/MicroCom.2016.7522557	https://doi.org/10.1109/MicroCom.2016.7522557	https://doi.org/10.1109/MicroCom.2016.7522557
ASOT-0705	doi:10.1109/ms.2010.7	"0740-7459. doi: 10.1109/MS.2010.7."	"0740-7459. doi: 10.1109/MS.2010.7."	https://doi.org/10.1109/MS.2010.7
ASOT-0706	doi:10.1109/smc.2016.7844597	https://doi.org/10.1109/SMC.2016.7844597	https://doi.org/10.1109/SMC.2016.7844597	https://doi.org/10.1109/SMC.2016.7844597
ASOT-0707	doi:10.1109/speedam.2016.7526002	https://doi.org/10.1109/SPEEDAM.2016.7526002	https://doi.org/10.1109/SPEEDAM.2016.7526002	https://doi.org/10.1109/SPEEDAM.2016.7526002
ASOT-0708	doi:10.1109/t-aiee.1949.5060060	https://doi.org/10.1109/T-AIEE.1949.5060060	https://doi.org/10.1109/T-AIEE.1949.5060060	https://doi.org/10.1109/T-AIEE.1949.5060060
ASOT-0709	doi:10.1109/tec.2008.918596	https://doi.org/10.1109/TEC.2008.918596	https://doi.org/10.1109/TEC.2008.918596	https://doi.org/10.1109/TEC.2008.918596
ASOT-0710	doi:10.1109/tencon.2012.6412194	https://doi.org/10.1109/TENCON.2012.6412194	https://doi.org/10.1109/TENCON.2012.6412194	https://doi.org/10.1109/TENCON.2012.6412194
ASOT-0711	doi:10.1109/tia.2002.807244	https://doi.org/10.1109/TIA.2002.807244	https://doi.org/10.1109/TIA.2002.807244	https://doi.org/10.1109/TIA.2002.807244
ASOT-0712	doi:10.1109/tia.2003.818991	https://doi.org/10.1109/TIA.2003.818991	https://doi.org/10.1109/TIA.2003.818991	https://doi.org/10.1109/TIA.2003.818991
ASOT-0713	doi:10.1109/tia.2008.2002208	"Transactions on Industry Applications. 44(5): 15331542."	"Transactions on Industry Applications. 44(5): 15331542."	https://doi.org/10.1109/TIA.2008.2002208
ASOT-0714	doi:10.1109/tie.2006.870868	https://doi.org/10.1109/TIE.2006.870868	https://doi.org/10.1109/TIE.2006.870868	https://doi.org/10.1109/TIE.2006.870868
ASOT-0715	doi:10.1109/tie.2006.888778	https://doi.org/10.1109/TIE.2006.888778	https://doi.org/10.1109/TIE.2006.888778	https://doi.org/10.1109/TIE.2006.888778
ASOT-0716	doi:10.1109/tie.2007.896282	https://doi.org/10.1109/TIE.2007.896282	https://doi.org/10.1109/TIE.2007.896282	https://doi.org/10.1109/TIE.2007.896282
ASOT-0717	doi:10.1109/tie.2008.2004665	https://doi.org/10.1109/TIE.2008.2004665	https://doi.org/10.1109/TIE.2008.2004665	https://doi.org/10.1109/TIE.2008.2004665
ASOT-0718	doi:10.1109/tie.2009.2021588	4642-4650.	4642-4650.	https://doi.org/10.1109/TIE.2009.2021588
ASOT-0719	doi:10.1109/tie.2011.2161651	"Transactions on Industrial Electronics. 59(3): 13971408."	"Transactions on Industrial Electronics. 59(3): 13971408."	https://doi.org/10.1109/TIE.2011.2161651
ASOT-0720	doi:10.1109/tnnls.2017.2696053	https://doi.org/10.1109/TNNLS.2017.2696053	https://doi.org/10.1109/TNNLS.2017.2696053	https://doi.org/10.1109/TNNLS.2017.2696053
ASOT-0721	doi:10.1109/tse	"Engineering 12.1 (Jan. 1986), pages 157 171. issn: 0098-5589. doi: 10.1109/TSE."	"Engineering 12.1 (Jan. 1986), pages 157 171. issn: 0098-5589. doi: 10.1109/TSE."	https://doi.org/10.1109/TSE
ASOT-0722	doi:10.1109/tsmc.2016.2557223	https://doi.org/10.1109/TSMC.2016.2557223	https://doi.org/10.1109/TSMC.2016.2557223	https://doi.org/10.1109/TSMC.2016.2557223
ASOT-0723	doi:10.1109/tvt.2010.2100415	https://doi.org/10.1109/TVT.2010.2100415	https://doi.org/10.1109/TVT.2010.2100415	https://doi.org/10.1109/TVT.2010.2100415
ASOT-0724	doi:10.1109/tvt.2013.2251431	https://doi.org/10.1109/TVT.2013.2251431	https://doi.org/10.1109/TVT.2013.2251431	https://doi.org/10.1109/TVT.2013.2251431
ASOT-0725	doi:10.1109/tvt.2013.2268716	https://doi.org/10.1109/TVT.2013.2268716	https://doi.org/10.1109/TVT.2013.2268716	https://doi.org/10.1109/TVT.2013.2268716
ASOT-0726	doi:10.1111/brv.12315	"positive findings   a practical guide. Biol Rev, doi:10.1111/brv.12315."	"positive findings   a practical guide. Biol Rev, doi:10.1111/brv.12315."	https://doi.org/10.1111/brv.12315
ASOT-0727	doi:10.1117/12.280797	https://doi.org/10.1117/12.280797	https://doi.org/10.1117/12.280797	https://doi.org/10.1117/12.280797
ASOT-0728	doi:10.1126/sciadv.aat5535	https://www.science.org/doi/pdf/10.1126/sciadv.aat5535	https://www.science.org/doi/pdf/10.1126/sciadv.aat5535	https://doi.org/10.1126/sciadv.aat5535
ASOT-0728	doi:10.1126/sciadv.aat5535	https://www.science.org/doi/pdf/10.1126/sciadv.aat5535	https://www.science.org/doi/pdf/10.1126/sciadv.aat5535	https://www.science.org/doi/pdf/10.1126/sciadv.aat5535
ASOT-0730	doi:10.1126/science.1233232	"340, 1233232, doi: 10.1126/science.1233232 Callister, T. A., Kanner, J. B., Massinger, T. J.,"	"340, 1233232, doi: 10.1126/science.1233232 Callister, T. A., Kanner, J. B., Massinger, T. J.,"	https://doi.org/10.1126/science.1233232
ASOT-0731	doi:10.1126/science.276.5309.88	"88-90 doi:10.1126/science.276.5309.88 [arXiv:1501.01619 [gr-qc]]."	"88-90 doi:10.1126/science.276.5309.88 [arXiv:1501.01619 [gr-qc]]."	https://doi.org/10.1126/science.276.5309.88
ASOT-0732	doi:10.1126/science.aau4005	"2019, Sci, 366, 637, doi: 10.1126/science.aau4005 L10, doi: 10.3847/2041-8213/ab5dc5"	"2019, Sci, 366, 637, doi: 10.1126/science.aau4005 L10, doi: 10.3847/2041-8213/ab5dc5"	https://doi.org/10.1126/science.aau4005
ASOT-0732	doi:10.1126/science.aau4005	"2019, Sci, 366, 637, doi: 10.1126/science.aau4005 L10, doi: 10.3847/2041-8213/ab5dc5"	"2019, Sci, 366, 637, doi: 10.1126/science.aau4005 L10, doi: 10.3847/2041-8213/ab5dc5"	https://doi.org/10.3847/2041-8213/ab5dc5
ASOT-0733	doi:10.1126/science.aba3282	"Shibata, M., Zhou, E., Kiuchi, K., & Fujibayashi, S. 2019, eaba3282, doi: 10.1126/science.aba3282"	"Shibata, M., Zhou, E., Kiuchi, K., & Fujibayashi, S. 2019, eaba3282, doi: 10.1126/science.aba3282"	https://doi.org/10.1126/science.aba3282
ASOT-0734	doi:10.1126/science.aba4356	"2020, Sci, 368, eaba4356, doi: 10.1126/science.aba4356 doi: 10.1103/PhysRevD.80.122003"	"2020, Sci, 368, eaba4356, doi: 10.1126/science.aba4356 doi: 10.1103/PhysRevD.80.122003"	https://doi.org/10.1103/PhysRevD.80.122003
ASOT-0734	doi:10.1126/science.aba4356	"2020, Sci, 368, eaba4356, doi: 10.1126/science.aba4356 doi: 10.1103/PhysRevD.80.122003"	"2020, Sci, 368, eaba4356, doi: 10.1126/science.aba4356 doi: 10.1103/PhysRevD.80.122003"	https://doi.org/10.1126/science.aba4356
ASOT-0735	doi:10.1126/science.abb3363	"doi: 10.1126/science.abb3363 Orosz, J. A., Steeghs, D., McClintock, J. E., et al. 2009,"	"doi: 10.1126/science.abb3363 Orosz, J. A., Steeghs, D., McClintock, J. E., et al. 2009,"	https://doi.org/10.1126/science.abb3363
ASOT-0737	doi:10.1137/030601818	10.1137/030601818	10.1137/030601818	https://doi.org/10.1137/030601818
ASOT-0738	doi:10.1137/1021002	"finite dimensions, SIAM Rev. 21 (1979), no. 1, 18 33, doi:10.1137/1021002.  3"	"finite dimensions, SIAM Rev. 21 (1979), no. 1, 18 33, doi:10.1137/1021002.  3"	https://doi.org/10.1137/1021002
ASOT-0739	doi:10.1140/epja/i2019-12917-9	"Kaup, D. J. 1968, PhRv, 172, 1331, doi: 10.1140/epja/i2019-12917-9"	"Kaup, D. J. 1968, PhRv, 172, 1331, doi: 10.1140/epja/i2019-12917-9"	https://doi.org/10.1140/epja/i2019-12917-9
ASOT-0740	doi:10.1140/epjc/s10052-011-1554-0	"10.1140/epjc/s10052-011-1554-0, arXiv:1007.1727, Erratum:"	"10.1140/epjc/s10052-011-1554-0, arXiv:1007.1727, Erratum:"	https://doi.org/10
ASOT-0740	doi:10.1140/epjc/s10052-011-1554-0	"10.1140/epjc/s10052-011-1554-0, arXiv:1007.1727, Erratum:"	"10.1140/epjc/s10052-011-1554-0, arXiv:1007.1727, Erratum:"	https://doi.org/10.1140/epjc/s10052-011-1554-0
ASOT-0741	doi:10.1140/epjc/s10052-012-1896-2	"1896, arXiv:1111.6097."	"1896, arXiv:1111.6097."	https://doi.org/10.1140/epjc/s10052-012-1896-2
ASOT-0742	doi:10.1140/epjc/s10052-012-1945-x	"doi:10.1140/epjc/s10052-012-1945-x, arXiv:1202.2554."	"doi:10.1140/epjc/s10052-012-1945-x, arXiv:1202.2554."	https://doi.org/10.1140/epjc/s10052-012-1945-x
ASOT-0743	doi:10.1140/epjc/s10052-014-3054-5	"2014) 3054, doi:10.1140/epjc/s10052-014-3054-5, arXiv:1405.2737."	"2014) 3054, doi:10.1140/epjc/s10052-014-3054-5, arXiv:1405.2737."	https://doi.org/10.1140/epjc/s10052-014-3054-5
ASOT-0744	doi:10.1140/epjc/s10052-015-3435-4	"doi:10.1140/epjc/s10052-015-3435-4, arXiv:1502.05387."	"doi:10.1140/epjc/s10052-015-3435-4, arXiv:1502.05387."	https://doi.org/10.1140/epjc/s10052-015-3435-4
ASOT-0745	doi:10.1140/epjc/s10052-015-3709-x	"doi.org/10.1140/epjc/s10052-015-3709-x, arXiv:1505.04480."	"doi.org/10.1140/epjc/s10052-015-3709-x, arXiv:1505.04480."	https://doi.org/10.1140/epjc/s10052-015-3709-x
ASOT-0746	doi:10.1140/epjc/s10052-016-3988-x	"10.1140/epjc/s10052-016-3988-x, arXiv:1512.00815."	"10.1140/epjc/s10052-016-3988-x, arXiv:1512.00815."	https://doi.org/10.1140/epjc/s10052-016-3988-x
ASOT-0747	doi:10.1140/epjc/s10052-016-4107-8	"= 5.02 TeV 10.1140/epjc/s10052-016-4107-8 (2016),"	"= 5.02 TeV 10.1140/epjc/s10052-016-4107-8 (2016),"	https://doi.org/10.1140/epjc/s10052-016-4107-8
ASOT-0748	doi:10.1140/epjc/s10052-017-4725-9	"doi:10.1140/epjc/s10052-017-4725-9, arXiv:1612.05741."	"doi:10.1140/epjc/s10052-017-4725-9, arXiv:1612.05741."	https://doi.org/10.1140/epjc/s10052-017-4725-9
ASOT-0749	doi:10.1140/epjc/s10052-017-5199-5	"Eur. Phys. J. C 77 (2017) 663,"	"Eur. Phys. J. C 77 (2017) 663,"	https://doi.org/10.1140/epjc/s10052-017-5199-5
ASOT-0750	doi:10.1140/epjc/s10052-018-6144-y	"doi:10.1140/epjc/s10052-018-6144-y, arXiv:1806.11245."	"doi:10.1140/epjc/s10052-018-6144-y, arXiv:1806.11245."	https://doi.org/10.1140/epjc/s10052-018-6144-y
ASOT-0752	doi:10.1140/epjc/s10052-019-7499-4	"10.1140/epjc/s10052-019-7499-4, arXiv:1903.12179."	"10.1140/epjc/s10052-019-7499-4, arXiv:1903.12179."	https://doi.org/10.1140/epjc/s10052-019-7499-4
ASOT-0753	doi:10.1140/epjc/s10052-0196863-8	"13 TeV, Eur. Phys. J. C 79 (2019) 368, arXiv:1812.10505."	"13 TeV, Eur. Phys. J. C 79 (2019) 368, arXiv:1812.10505."	https://doi.org/10.1140/epjc/s10052-0196863-8
ASOT-0754	doi:10.1140/epjc/s10052-020-08690-5	"doi:10.1140/epjc/s10052-020-08690-5, arXiv:2005.11120."	"doi:10.1140/epjc/s10052-020-08690-5, arXiv:2005.11120."	https://doi.org/10.1140/epjc/s10052-020-08690-5
ASOT-0755	doi:10.1140/epjc/s10052-020-7715-2	"2020) 128, arXiv:1908.11256."	"2020) 128, arXiv:1908.11256."	https://doi.org/10.1140/epjc/s10052-020-7715-2
ASOT-0756	doi:10.1140/epjc/s10052-020-8355-2	"doi:10.1140/epjc/s10052-020-8355-2 [arXiv:2008.06560 [gr-qc]]."	"doi:10.1140/epjc/s10052-020-8355-2 [arXiv:2008.06560 [gr-qc]]."	https://doi.org/10.1140/epjc/s10052-020-8355-2
ASOT-0757	doi:10.1140/epjc/s10052-021-08921-3	"doi:10.1140/epjc/s10052-021-08921-3 [arXiv:2101.11467 [gr-qc]]."	"doi:10.1140/epjc/s10052-021-08921-3 [arXiv:2101.11467 [gr-qc]]."	https://doi.org/10.1140/epjc/s10052-021-08921-3
ASOT-0758	doi:10.1140/epjc/s10052-021-09484-z	https://doi.org/10.1140/epjc/s10052-021-09484-z	https://doi.org/10.1140/epjc/s10052-021-09484-z	https://doi.org/10.1140/epjc/s10052-021-09484-z
ASOT-0759	doi:10.1140/epjc/s10052-021-09538-2	"doi.org/10.1140/epjc/s10052-021-09538-2, arXiv:2104.01927."	"doi.org/10.1140/epjc/s10052-021-09538-2, arXiv:2104.01927."	https://doi.org/10.1140/epjc/s10052-021-09538-2
ASOT-0760	doi:10.1140/epjc/s10052-022-10359-0	"doi:10.1140/epjc/s10052-022-10359-0, arXiv:2112.12462."	"doi:10.1140/epjc/s10052-022-10359-0, arXiv:2112.12462."	https://doi.org/10.1140/epjc/s10052-022-10359-0
ASOT-0761	doi:10.1140/epjc/s10052-022-10417-7	"doi:10.1140/epjc/s10052-022-10417-7, arXiv:2201.12363."	"doi:10.1140/epjc/s10052-022-10417-7, arXiv:2201.12363."	https://doi.org/10.1140/epjc/s10052-022-10417-7
ASOT-0762	doi:10.1140/epjc/s10052-023-11713-6	arXiv:2206.08870.	arXiv:2206.08870.	https://doi.org/10.1140/epjc/s10052-023-11713-6
ASOT-0764	doi:10.1140/epjc/s10052-023-11923-y_a	openpdf/complexified	openpdf/complexified	https://doi.org/10.1140/epjc/s10052-023-11923-y_a
ASOT-0764	doi:10.1140/epjc/s10052-023-11923-y_a	openpdf/complexified	openpdf/complexified	https://scoap3-prod-backend.s3.cern.ch/media/files/79810/10.1140/epjc/s10052-023-11923-y_a.pdf
ASOT-0765	doi:10.1140/epjc/s10052-023-12268-2	"doi:10.1140/epjc/s10052-023-12268-2, arXiv:2309.01008."	"doi:10.1140/epjc/s10052-023-12268-2, arXiv:2309.01008."	https://doi.org/10.1140/epjc/s10052-023-12268-2
ASOT-0766	doi:10.1140/epjc/s10052-024-12935-y	"83 (2024) 813, doi:10.1140/epjc/s10052-024-12935-y, arXiv:2211.04384."	"83 (2024) 813, doi:10.1140/epjc/s10052-024-12935-y, arXiv:2211.04384."	https://doi.org/10.1140/epjc/s10052-024-12935-y
ASOT-0767	doi:10.1140/epjp/s13360-021-01899-7	"doi:10.1140/epjp/s13360-021-01899-7 [arXiv:2108.10960 [gr-qc]]."	"doi:10.1140/epjp/s13360-021-01899-7 [arXiv:2108.10960 [gr-qc]]."	https://doi.org/10.1140/epjp/s13360-021-01899-7
ASOT-0768	doi:10.1142/9789812700988	"76] L. H. Ford,  Spacetime in semiclassical gravity , doi:10.1142/9789812700988 0011"	"76] L. H. Ford,  Spacetime in semiclassical gravity , doi:10.1142/9789812700988 0011"	https://doi.org/10.1142/9789812700988
ASOT-0769	doi:10.1142/9789812704030	"doi:10.1142/9789812704030 0236 [arXiv:gr-qc/0409090 [gr-qc]]."	"doi:10.1142/9789812704030 0236 [arXiv:gr-qc/0409090 [gr-qc]]."	https://doi.org/10.1142/9789812704030
ASOT-0770	doi:10.1142/9789812792129	"doi:10.1142/9789812792129 0014 [arXiv:gr-qc/0001099 [gr-qc]]."	"doi:10.1142/9789812792129 0014 [arXiv:gr-qc/0001099 [gr-qc]]."	https://doi.org/10.1142/9789812792129
ASOT-0771	doi:10.1142/9789813226609	"doi:10.1142/9789813226609 0126 [arXiv:1510.00158 [gr-qc]]."	"doi:10.1142/9789813226609 0126 [arXiv:1510.00158 [gr-qc]]."	https://doi.org/10.1142/9789813226609
ASOT-0772	doi:10.1142/s0217751x09047739	https://doi.org/10.1142/S0217751X09047739	https://doi.org/10.1142/S0217751X09047739	https://doi.org/10.1142/S0217751X09047739
ASOT-0773	doi:10.1142/s0217751x13501121	https://doi.org/10.1142/S0217751X13501121	https://doi.org/10.1142/S0217751X13501121	https://doi.org/10.1142/S0217751X13501121
ASOT-0774	doi:10.1142/s0218271802002888	"11 (2002), 1553-1560 doi:10.1142/S0218271802002888 [arXiv:gr-qc/0205066 [gr-qc]]."	"11 (2002), 1553-1560 doi:10.1142/S0218271802002888 [arXiv:gr-qc/0205066 [gr-qc]]."	https://doi.org/10.1142/S0218271802002888
ASOT-0775	doi:10.1142/s0218271806007663	https://doi.org/10.1142/S0218271806007663	https://doi.org/10.1142/S0218271806007663	https://doi.org/10.1142/S0218271806007663
ASOT-0776	doi:10.1142/s0218271806008966	"1573-1580 doi:10.1142/S0218271806008966"	"1573-1580 doi:10.1142/S0218271806008966"	https://doi.org/10.1142/S0218271806008966
ASOT-0777	doi:10.1142/s0218271816300172	"doi:10.1142/S0218271816300172 [arXiv:1604.02082 [gr-qc]]."	"doi:10.1142/S0218271816300172 [arXiv:1604.02082 [gr-qc]]."	https://doi.org/10.1142/S0218271816300172
ASOT-0779	doi:10.1143/ptp.1.27	"Prog. Theor. Phys. 1946 , 1, 27  42,"	"Prog. Theor. Phys. 1946 , 1, 27  42,"	https://doi.org/10.1143/ptp.1.27
ASOT-0780	doi:10.1145/107971.107989	10.1145/107971.107989.	10.1145/107971.107989.	https://doi.org/10.1145/107971.107989
ASOT-0781	doi:10.1145/1190315.1190324	10.1145/1190315.1190324.	10.1145/1190315.1190324.	https://doi.org/10.1145/1190315.1190324
ASOT-0782	doi:10.1145/1328897.1328487	"Resourceful Lenses for String Data. SIGPLAN Not. 43, 1 (Jan. 2008), 407 419."	"Resourceful Lenses for String Data. SIGPLAN Not. 43, 1 (Jan. 2008), 407 419."	https://doi.org/10.1145/1328897.1328487
ASOT-0783	doi:10.1145/1708016.1708023	"Machinery, Madrid, Spain, 39 50. isbn: 9781605588919. doi: 10.1145/1708016.1708023."	"Machinery, Madrid, Spain, 39 50. isbn: 9781605588919. doi: 10.1145/1708016.1708023."	https://doi.org/10.1145/1708016.1708023
ASOT-0784	doi:10.1145/174675.177855	"doi: 10.1145/174675.177855."	"doi: 10.1145/174675.177855."	https://doi.org/10.1145/174675.177855
ASOT-0785	doi:10.1145/2034675.2034685	"doi: 10.1145/2034675.2034685."	"doi: 10.1145/2034675.2034685."	https://doi.org/10.1145/2034675.2034685
ASOT-0786	doi:10.1145/2500365.2500598	"Massachusetts, USA, 173 184. isbn: 9781450323260. doi: 10.1145/2500365.2500598."	"Massachusetts, USA, 173 184. isbn: 9781450323260. doi: 10.1145/2500365.2500598."	https://doi.org/10.1145/2500365.2500598
ASOT-0787	doi:10.1145/292540.292564	"POPL  99, Proceedings of the 26th ACM SIGPLAN-SIGACT Symposium on Principles of Programming Languages, San Antonio, TX, USA, January 20-22, 1999. Ed. by Andrew W. Appel and Alex Aiken. ACM, 262 275. doi: 10.1145/292540.292564."	"POPL  99, Proceedings of the 26th ACM SIGPLAN-SIGACT Symposium on Principles of Programming Languages, San Antonio, TX, USA, January 20-22, 1999. Ed. by Andrew W. Appel and Alex Aiken. ACM, 262 275. doi: 10.1145/292540.292564."	https://doi.org/10.1145/292540.292564
ASOT-0788	doi:10.1145/2983990.2984042	"978-1-4503-4444-9. doi: 10.1145/2983990.2984042."	"978-1-4503-4444-9. doi: 10.1145/2983990.2984042."	https://doi.org/10.1145/2983990.2984042
ASOT-0789	doi:10.1145/3110275	10.1145/3110275.	10.1145/3110275.	https://doi.org/10.1145/3110275
ASOT-0790	doi:10.1145/3122955.3122967	"for Computing Machinery, Oxford, UK, 148 161. isbn: 9781450351829. doi: 10.1145/3122955.3122967."	"for Computing Machinery, Oxford, UK, 148 161. isbn: 9781450351829. doi: 10.1145/3122955.3122967."	https://doi.org/10.1145/3122955.3122967
ASOT-0791	doi:10.1145/3141879	"95:1 95:25. issn: 2475-1421. doi: 10.1145/3141879."	"95:1 95:25. issn: 2475-1421. doi: 10.1145/3141879."	https://doi.org/10.1145/3141879
ASOT-0792	doi:10.1145/3158093	"Dec. 2017), 5:1 5:29. doi: 10.1145/3158093."	"Dec. 2017), 5:1 5:29. doi: 10.1145/3158093."	https://doi.org/10.1145/3158093
ASOT-0793	doi:10.1145/324133.324234	"748. issn: 0004-5411. doi: 10.1145/324133.324234."	"748. issn: 0004-5411. doi: 10.1145/324133.324234."	https://doi.org/10.1145/324133.324234
ASOT-0794	doi:10.1145/330249.330251	"Lang. Syst., 21, 5, (Sept. 1999), 914 947. doi: 10.1145/330249.330251."	"Lang. Syst., 21, 5, (Sept. 1999), 914 947. doi: 10.1145/330249.330251."	https://doi.org/10.1145/330249.330251
ASOT-0795	doi:10.1145/3408985	"ICFP, Article 103, (Aug. 2020), 29 pages. doi: 10.1145/3408985."	"ICFP, Article 103, (Aug. 2020), 29 pages. doi: 10.1145/3408985."	https://doi.org/10.1145/3408985
ASOT-0796	doi:10.1145/353171.353197	" 00. Minneapolis, Minnesota, USA: ACM, 2000, pages 382 400. isbn: 1-58113200-X. doi: 10.1145/353171.353197."	" 00. Minneapolis, Minnesota, USA: ACM, 2000, pages 382 400. isbn: 1-58113200-X. doi: 10.1145/353171.353197."	https://doi.org/10.1145/353171.353197
ASOT-0797	doi:10.1145/3547626	"Article 95 (August 2022), 37 pages."	"Article 95 (August 2022), 37 pages."	https://doi.org/10.1145/3547626
ASOT-0798	doi:10.1145/378795.378811	"June 20-22, 2001. Ed. by Michael Burke and Mary Lou So a. ACM, 59 69. doi: 10.1145/378795.378811."	"June 20-22, 2001. Ed. by Michael Burke and Mary Lou So a. ACM, 59 69. doi: 10.1145/378795.378811."	https://doi.org/10.1145/378795.378811
ASOT-0799	doi:10.1145/504282.504287	10.1145/504282.504287.	10.1145/504282.504287.	https://doi.org/10.1145/504282.504287
ASOT-0800	doi:10.1145/512529.512563	"1-58113-463-0. doi: 10.1145/512529.512563."	"1-58113-463-0. doi: 10.1145/512529.512563."	https://doi.org/10.1145/512529.512563
ASOT-0801	doi:10.1145/512950.512973	"1977, pages 238 252. doi: 10.1145/512950.512973."	"1977, pages 238 252. doi: 10.1145/512950.512973."	https://doi.org/10.1145/512950.512973
ASOT-0802	doi:10.1145/582419.582440	"2002, pages 211 230. isbn: 1-58113-471-1. doi: 10.1145/582419.582440."	"2002, pages 211 230. isbn: 1-58113-471-1. doi: 10.1145/582419.582440."	https://doi.org/10.1145/582419.582440
ASOT-0803	doi:10.1145/582419.582448	"1-58113-471-1. doi: 10.1145/582419.582448."	"1-58113-471-1. doi: 10.1145/582419.582448."	https://doi.org/10.1145/582419.582448
ASOT-0804	doi:10.1146/annurev-nucl-101916-123209	"doi:10.1146/annurev-nucl-101916-123209, arXiv:1801.03477."	"doi:10.1146/annurev-nucl-101916-123209, arXiv:1801.03477."	https://doi.org/10.1146/annurev-nucl-101916-123209
ASOT-0805	doi:10.1146/annurev-nucl-101917-020852	"doi:10.1146/annurev-nucl-101917-020852, arXiv:1802.04801."	"doi:10.1146/annurev-nucl-101917-020852, arXiv:1802.04801."	https://doi.org/10.1146/annurev-nucl-101917-020852
ASOT-0806	doi:10.1146/annurev-nucl-102122-022747	"Rev. Nucl. Part. Sci. 74 (2024) 49, doi:10.1146/annurev-nucl-102122-022747,"	"Rev. Nucl. Part. Sci. 74 (2024) 49, doi:10.1146/annurev-nucl-102122-022747,"	https://doi.org/10.1146/annurev-nucl-102122-022747
ASOT-0807	doi:10.1146/annurev-nucl-102419-060007	"doi:10.1146/annurev-nucl-102419-060007, arXiv:2011.14909."	"doi:10.1146/annurev-nucl-102419-060007, arXiv:2011.14909."	https://doi.org/10.1146/annurev-nucl-102419-060007
ASOT-0808	doi:10.1146/annurev-nucl-102711-094901	"doi: 10.1146/annurev-nucl-102711-094901"	"doi: 10.1146/annurev-nucl-102711-094901"	https://doi.org/10.1146/annurev-nucl-102711-094901
ASOT-0809	doi:10.1146/annurev.fluid.30.1.329	"**Chen, S. & Doolen, G. D.** (1998). *Lattice Boltzmann method for fluid flows*. Annual Review of Fluid Mechanics, 30, 329-364. [doi:10.1146/annurev.fluid.30.1.329](https://doi.org/10.1146/annurev.fluid.30.1.329)."	"**Chen, S. & Doolen, G. D.** (1998). *Lattice Boltzmann method for fluid flows*. Annual Review of Fluid Mechanics, 30, 329-364. [doi:10.1146/annurev.fluid.30.1.329](https://doi.org/10.1146/annurev.fluid.30.1.329)."	https://doi.org/10.1146/annurev.fluid.30.1.329
ASOT-0811	doi:10.1155/2013/968671	"2013. 1-14."	"2013. 1-14."	https://doi.org/10.1155/2013/968671
ASOT-0812	doi:10.1162/neco.1992.4.2.141	https://doi.org/10.1162/neco.1992.4.2.141	https://doi.org/10.1162/neco.1992.4.2.141	https://doi.org/10.1162/neco.1992.4.2.141
ASOT-0814	doi:10.1215/s0012-7094-46-01334-8	quaternions/lipschitz	quaternions/lipschitz	https://doi.org/10.1215/S0012-7094-46-01334-8
ASOT-0814	doi:10.1215/s0012-7094-46-01334-8	quaternions/lipschitz	quaternions/lipschitz	https://projecteuclid.org/journalArticle/Download?urlid=10.1215%2FS0012-7094-46-01334-8
ASOT-0815	doi:10.1215/s0012-7094-46-01347-6	octonions/integral-arithmetic	octonions/integral-arithmetic	https://doi.org/10.1215/S0012-7094-46-01347-6
ASOT-0815	doi:10.1215/s0012-7094-46-01347-6	octonions/integral-arithmetic	octonions/integral-arithmetic	https://projecteuclid.org/journalArticle/Download?urlid=10.1215%2FS0012-7094-46-01347-6
ASOT-0816	doi:10.12942/lrr-2005-12	"doi:10.12942/lrr-2005-12 [arXiv:gr-qc/0505065 [gr-qc]]."	"doi:10.12942/lrr-2005-12 [arXiv:gr-qc/0505065 [gr-qc]]."	https://doi.org/10.12942/lrr-2005-12
ASOT-0817	doi:10.12942/lrr-2014-2	"Blanchet, L. 2014, LRR, 17, 2, doi: 10.12942/lrr-2014-2 Cornish, N. J., & Littenberg, T. B. 2015, CQGra, 32,"	"Blanchet, L. 2014, LRR, 17, 2, doi: 10.12942/lrr-2014-2 Cornish, N. J., & Littenberg, T. B. 2015, CQGra, 32,"	https://doi.org/10.12942/lrr-2014-2
ASOT-0818	doi:10.12942/lrr-2014-3	"doi: 10.12942/lrr-2014-3"	"doi: 10.12942/lrr-2014-3"	https://doi.org/10.12942/lrr-2014-3
ASOT-0820	doi:10.13039/501100011033	"Research Fund; MCIN/AEI/10.13039/501100011033, ERDF  a way of"	"Research Fund; MCIN/AEI/10.13039/501100011033, ERDF  a way of"	https://doi.org/10.13039/501100011033
ASOT-0821	doi:10.1307/mmj/1028989917	"On the notion of balance of a signed graph"	@article{Harary1953Balance}	https://doi.org/10.1307/mmj/1028989917
ASOT-0822	doi:10.1364/ao.37.005271	"**Rakic, A. D., Djurisic, A. B., Elazar, J. M., & Majewski, M. L.** (1998). *Optical properties of metallic films for vertical-cavity optoelectronic devices*. Applied Optics 37(22), 5271-5283. DOI: 10.1364/AO.37.005271."	"**Rakic, A. D., Djurisic, A. B., Elazar, J. M., & Majewski, M. L.** (1998). *Optical properties of metallic films for vertical-cavity optoelectronic devices*. Applied Optics 37(22), 5271-5283. DOI: 10.1364/AO.37.005271."	https://doi.org/10.1364/AO.37.005271
ASOT-0823	doi:10.1364/ao.48.000355	"589] M. W. Coughlin, T. Dietrich, S. Antier, M. Bulla, tems, Appl. Opt. 48, 10.1364/ao.48.000355 (2009)."	"589] M. W. Coughlin, T. Dietrich, S. Antier, M. Bulla, tems, Appl. Opt. 48, 10.1364/ao.48.000355 (2009)."	https://doi.org/10.1364/ao.48.000355
ASOT-0824	doi:10.1364/ao.xx.xxxxxx	https://doi.org/10.1364/ao.XX.XXXXXX	https://doi.org/10.1364/ao.XX.XXXXXX	https://doi.org/10.1364/ao.XX.XXXXXX
ASOT-0826	doi:10.14569/ijacsa.2016.070731	https://doi.org/10.14569/IJACSA.2016.070731	https://doi.org/10.14569/IJACSA.2016.070731	https://doi.org/10.14569/IJACSA.2016.070731
ASOT-0827	doi:10.1515/eletel-2015-0042	https://doi.org/10.1515/eletel-2015-0042	https://doi.org/10.1515/eletel-2015-0042	https://doi.org/10.1515/eletel-2015-0042
ASOT-0829	doi:10.1524/zkri.1901.34.1.449	"doi:10.1524/zkri.1901.34.1.449.  25"	"doi:10.1524/zkri.1901.34.1.449.  25"	https://doi.org/10.1524/zkri.1901.34.1.449
ASOT-0830	doi:10.17182/hepdata.138418	"17] HEPData record for this analysis, 2024."	"17] HEPData record for this analysis, 2024."	https://doi.org/10.17182/hepdata.138418
ASOT-0831	doi:10.17182/hepdata.165512	"41]  HEPData record for this analysis , 2025. doi:10.17182/hepdata.165512."	"41]  HEPData record for this analysis , 2025. doi:10.17182/hepdata.165512."	https://doi.org/10.17182/hepdata.165512
ASOT-0832	doi:10.17485/ijst/2016/v9is1/86189	https://doi.org/10.17485/ijst/2016/v9iS1/86189	https://doi.org/10.17485/ijst/2016/v9iS1/86189	https://doi.org/10.17485/ijst/2016/v9iS1/86189
ASOT-0833	doi:10.17605/osf.io/mky9j	doi:10.17605/OSF.IO/MKY9J.	doi:10.17605/OSF.IO/MKY9J.	https://doi.org/10.17605/OSF.IO/MKY9J
ASOT-0834	doi:10.18280/ijht.350401	689-699.	689-699.	https://doi.org/10.18280/ijht.350401
ASOT-0835	doi:10.18280/ria.xxxxxx	https://doi.org/10.18280/ria.xxxxxx	https://doi.org/10.18280/ria.xxxxxx	https://doi.org/10.18280/ria.xxxxxx
ASOT-0836	doi:10.20944/preprints202511.0427.v1	"doi: 10.20944/preprints202511.0427.v1"	"doi: 10.20944/preprints202511.0427.v1"	https://doi.org/10.20944/preprints202511.0427.v1
ASOT-0837	doi:10.21203/rs.3.rs-3109229/v1	DOI:	DOI:	https://doi.org/10.21203/rs.3.rs-3109229/v1
ASOT-0839	doi:10.21468/scipostphyscodeb.8	"SciPost Phys. Codeb. 2022 (2022) 8, doi:10.21468/SciPostPhysCodeb.8,"	"SciPost Phys. Codeb. 2022 (2022) 8, doi:10.21468/SciPostPhysCodeb.8,"	https://doi.org/10.21468/SciPostPhysCodeb.8
ASOT-0840	doi:10.2174/1871527315666161111123024	https://doi.org/10.2174/1871527315666161111123024	https://doi.org/10.2174/1871527315666161111123024	https://doi.org/10.2174/1871527315666161111123024
ASOT-0841	doi:10.22152/programming-journal.org/2019/3/7	10.22152/programming-journal.org/2019/3/7	10.22152/programming-journal.org/2019/3/7	https://doi.org/10.22152/programming-journal.org/2019/3/7
ASOT-0842	doi:10.2307/1970147	"**Adams, J. F.** (1960). *On the non-existence of elements of Hopf invariant one*. Annals of Mathematics 72(1), 20-104. DOI: 10.2307/1970147."	"**Adams, J. F.** (1960). *On the non-existence of elements of Hopf invariant one*. Annals of Mathematics 72(1), 20-104. DOI: 10.2307/1970147."	https://doi.org/10.2307/1970147
ASOT-0843	doi:10.2307/1970213	"15. Adams, J.F. Vector Fields on Spheres. Ann. Math. 1962 , 75 , 603,"	"15. Adams, J.F. Vector Fields on Spheres. Ann. Math. 1962 , 75 , 603,"	https://doi.org/10.2307/1970213
ASOT-0844	doi:10.2307/1995073	"doi:10.2307/1995073.  4, 12, 20, 21"	"doi:10.2307/1995073.  4, 12, 20, 21"	https://doi.org/10.2307/1995073
ASOT-0845	doi:10.2307/2039404	"Soc. 40 (1973), 517 520, doi:10.2307/2039404.  21"	"Soc. 40 (1973), 517 520, doi:10.2307/2039404.  21"	https://doi.org/10.2307/2039404
ASOT-0846	doi:10.2307/2047879	"Proc. Amer. Math. Soc. 111 (1991), no. 1, 205 214, doi:10.2307/2047879.  2, 3, 12"	"Proc. Amer. Math. Soc. 111 (1991), no. 1, 205 214, doi:10.2307/2047879.  2, 3, 12"	https://doi.org/10.2307/2047879
ASOT-0847	doi:10.2307/2369379	https://doi.org/10.2307/2369379	https://doi.org/10.2307/2369379	https://doi.org/10.2307/2369379
ASOT-0850	doi:10.25490/a97f-egyk	"Joint declaration of data citation principles:"	"Joint declaration of data citation principles:"	https://doi.org/10.25490/a97f-egyk
ASOT-0851	doi:10.31219/osf.io/byqfw_v3	tags/m2	tags/m2	https://doi.org/10.31219/osf.io/byqfw_v3
ASOT-0852	doi:10.3182/20050703-6-cz-1902.00046	https://doi.org/10.3182/20050703-6-CZ-1902.00046	https://doi.org/10.3182/20050703-6-CZ-1902.00046	https://doi.org/10.3182/20050703-6-CZ-1902.00046
ASOT-0853	doi:10.3386/w21842	"Effects (National Bureau of Economic Research) doi:10.3386/w21842."	"Effects (National Bureau of Economic Research) doi:10.3386/w21842."	https://doi.org/10.3386/w21842
ASOT-0854	doi:10.3390/cryst14020152	"From the Fibonacci Icosagrid to E8 (Part I) (MDPI Crystals 2024)"	"From the Fibonacci Icosagrid to E8 (Part I) (MDPI Crystals 2024)"	https://doi.org/10.3390/cryst14020152
ASOT-0854	doi:10.3390/cryst14020152	"From the Fibonacci Icosagrid to E8 (Part I) (MDPI Crystals 2024)"	"From the Fibonacci Icosagrid to E8 (Part I) (MDPI Crystals 2024)"	https://www.mdpi.com/2073-4352/14/2/152
ASOT-0854	doi:10.3390/cryst14020152	"From the Fibonacci Icosagrid to E8 (Part I) (MDPI Crystals 2024)"	"From the Fibonacci Icosagrid to E8 (Part I) (MDPI Crystals 2024)"	https://www.mdpi.com/2073-4352/14/2/152/pdf
ASOT-0855	doi:10.3390/cryst14020194	"From the Fibonacci Icosagrid to E8 (Part II) (MDPI Crystals 2024)"	"From the Fibonacci Icosagrid to E8 (Part II) (MDPI Crystals 2024)"	https://doi.org/10.3390/cryst14020194
ASOT-0855	doi:10.3390/cryst14020194	"From the Fibonacci Icosagrid to E8 (Part II) (MDPI Crystals 2024)"	"From the Fibonacci Icosagrid to E8 (Part II) (MDPI Crystals 2024)"	https://www.mdpi.com/2073-4352/14/2/194
ASOT-0855	doi:10.3390/cryst14020194	"From the Fibonacci Icosagrid to E8 (Part II) (MDPI Crystals 2024)"	"From the Fibonacci Icosagrid to E8 (Part II) (MDPI Crystals 2024)"	https://www.mdpi.com/2073-4352/14/2/194/pdf
ASOT-0856	doi:10.3390/math12070996	tags/m4	tags/m4	https://doi.org/10.3390/math12070996
ASOT-0857	doi:10.3390/math3041192	tags/s1	tags/s1	https://doi.org/10.3390/math3041192
ASOT-0858	doi:10.3390/mca21020020	https://doi.org/10.3390/mca21020020	https://doi.org/10.3390/mca21020020	https://doi.org/10.3390/mca21020020
ASOT-0859	doi:10.3390/s100706901	https://doi.org/10.3390/s100706901	https://doi.org/10.3390/s100706901	https://doi.org/10.3390/s100706901
ASOT-0861	doi:10.3390/sym16070818	"Katrusiak & Llenga (2024) Crystallographic Quaternions (MDPI Symmetry)"	"Katrusiak & Llenga (2024) Crystallographic Quaternions (MDPI Symmetry)"	https://doi.org/10.3390/sym16070818
ASOT-0861	doi:10.3390/sym16070818	"Katrusiak & Llenga (2024) Crystallographic Quaternions (MDPI Symmetry)"	"Katrusiak & Llenga (2024) Crystallographic Quaternions (MDPI Symmetry)"	https://www.mdpi.com/2073-8994/16/7/818
ASOT-0861	doi:10.3390/sym16070818	"Katrusiak & Llenga (2024) Crystallographic Quaternions (MDPI Symmetry)"	"Katrusiak & Llenga (2024) Crystallographic Quaternions (MDPI Symmetry)"	https://www.mdpi.com/2073-8994/16/7/818/pdf
ASOT-0863	doi:10.35834/mjms/1316027241.full	location:	location:	https://doi.org/10.35834/mjms/1316027241.full
ASOT-0863	doi:10.35834/mjms/1316027241.full	location:	location:	https://projecteuclid.org/journals/missouri-journal-of-mathematical-sciences/volume-21/issue-2/A-Tree-for-Computing-the-Cayley-Dickson-Twist/10.35834/mjms/1316027241.full
ASOT-0865	doi:10.35834/mjms/1474295358.full	location:	location:	https://doi.org/10.35834/mjms/1474295358.full
ASOT-0865	doi:10.35834/mjms/1474295358.full	location:	location:	https://projecteuclid.org/journals/missouri-journal-of-mathematical-sciences/volume-28/issue-1/An-Alternate-Cayley-Dickson-Product/10.35834/mjms/1474295358.full
ASOT-0866	doi:10.3836/tjm/1270151571	adjacent/split-complex	adjacent/split-complex	https://doi.org/10.3836/tjm/1270151571
ASOT-0866	doi:10.3836/tjm/1270151571	adjacent/split-complex	adjacent/split-complex	https://projecteuclid.org/journals/tokyo-journal-of-mathematics/volume-8/issue-1/Paracomplex-Structures-and-Affine-Symmetric-Spaces/10.3836/tjm/1270151571.pdf
ASOT-0868	doi:10.3847/1538-3881/aabc4f	"2018, AJ, 156, 123, doi: 10.3847/1538-3881/aabc4f"	"2018, AJ, 156, 123, doi: 10.3847/1538-3881/aabc4f"	https://doi.org/10.3847/1538-3881/aabc4f
ASOT-0870	doi:10.3847/1538-3881/ad9b0f	"Description: Resolve RI-027 (hypervelocity-star aggregator video payload) to a citable primary source chain, or retain unresolved status with explicit failure evidence. DONE: Mapped to Terry et al. AJ DOI:10.3847/1538-3881/ad9b0f (Sprint 42)."	"Description: Resolve RI-027 (hypervelocity-star aggregator video payload) to a citable primary source chain, or retain unresolved status with explicit failure evidence. DONE: Mapped to Terry et al. AJ DOI:10.3847/1538-3881/ad9b0f (Sprint 42)."	https://doi.org/10.3847/1538-3881/ad9b0f
ASOT-0871	doi:10.3847/1538-4357	"D.-M. 2020, ApJ, 892, 55, doi: 10.3847/1538-4357"	"D.-M. 2020, ApJ, 892, 55, doi: 10.3847/1538-4357"	https://doi.org/10.3847/1538-4357
ASOT-0872	doi:10.3847/1538-4357/aa5729	"doi: 10.3847/1538-4357/aa5729 doi: 10.1103/PhysRevD.101.083030"	"doi: 10.3847/1538-4357/aa5729 doi: 10.1103/PhysRevD.101.083030"	https://doi.org/10.1103/PhysRevD.101.083030
ASOT-0872	doi:10.3847/1538-4357/aa5729	"doi: 10.3847/1538-4357/aa5729 doi: 10.1103/PhysRevD.101.083030"	"doi: 10.3847/1538-4357/aa5729 doi: 10.1103/PhysRevD.101.083030"	https://doi.org/10.3847/1538-4357/aa5729
ASOT-0873	doi:10.3847/1538-4357/aa6f5e	"77, doi: 10.3847/1538-4357/aa6f5e"	"77, doi: 10.3847/1538-4357/aa6f5e"	https://doi.org/10.3847/1538-4357/aa6f5e
ASOT-0874	doi:10.3847/1538-4357/aa8628	"B. S. 2010, PhRvD, 82, 064010, doi: 10.3847/1538-4357/aa8628"	"B. S. 2010, PhRvD, 82, 064010, doi: 10.3847/1538-4357/aa8628"	https://doi.org/10.3847/1538-4357/aa8628
ASOT-0875	doi:10.3847/1538-4357/aa8f50	"doi: 10.3847/1538-4357/aa8f50 arXiv:2003.02277"	"doi: 10.3847/1538-4357/aa8f50 arXiv:2003.02277"	https://doi.org/10.3847/1538-4357/aa8f50
ASOT-0876	doi:10.3847/1538-4357/aaafce	"Feeney, S. M., Peiris, H. V., Williamson, A. R., et al. 2019, doi: 10.3847/1538-4357/aaafce"	"Feeney, S. M., Peiris, H. V., Williamson, A. R., et al. 2019, doi: 10.3847/1538-4357/aaafce"	https://doi.org/10.3847/1538-4357/aaafce
ASOT-0877	doi:10.3847/1538-4357/ab0108	"872, 195, doi: 10.3847/1538-4357/ab0108 PhRvD, 89, 024003, doi: 10.1103/PhysRevD.89.024003"	"872, 195, doi: 10.3847/1538-4357/ab0108 PhRvD, 89, 024003, doi: 10.1103/PhysRevD.89.024003"	https://doi.org/10.1103/PhysRevD.89.024003
ASOT-0877	doi:10.3847/1538-4357/ab0108	"872, 195, doi: 10.3847/1538-4357/ab0108 PhRvD, 89, 024003, doi: 10.1103/PhysRevD.89.024003"	"872, 195, doi: 10.3847/1538-4357/ab0108 PhRvD, 89, 024003, doi: 10.1103/PhysRevD.89.024003"	https://doi.org/10.3847/1538-4357/ab0108
ASOT-0878	doi:10.3847/1538-4357/ab0f3d	" . 2019f, ApJ, 875, 160, doi: 10.3847/1538-4357/ab0f3d Ashton, G., Hu bner, M., Lasky, P. D., et al. 2019, ApJS,"	" . 2019f, ApJ, 875, 160, doi: 10.3847/1538-4357/ab0f3d Ashton, G., Hu bner, M., Lasky, P. D., et al. 2019, ApJS,"	https://doi.org/10.3847/1538-4357/ab0f3d
ASOT-0879	doi:10.3847/1538-4357/ab16e3	"arXiv:2002.08383 doi: 10.3847/1538-4357/ab16e3"	"arXiv:2002.08383 doi: 10.3847/1538-4357/ab16e3"	https://doi.org/10.3847/1538-4357/ab16e3
ASOT-0880	doi:10.3847/1538-4357/ab1e4d	"878, 58, doi: 10.3847/1538-4357/ab1e4d Vitale, S., Lynch, R., Raymond, V., et al. 2017, PhRvD, 95,"	"878, 58, doi: 10.3847/1538-4357/ab1e4d Vitale, S., Lynch, R., Raymond, V., et al. 2017, PhRvD, 95,"	https://doi.org/10.3847/1538-4357/ab1e4d
ASOT-0881	doi:10.3847/1538-4357/ab6a1b	"ApJ, 890, 131, doi: 10.3847/1538-4357/ab6a1b"	"ApJ, 890, 131, doi: 10.3847/1538-4357/ab6a1b"	https://doi.org/10.3847/1538-4357/ab6a1b
ASOT-0882	doi:10.3847/1538-4357/ab7335	"Farr, W. M., & Chatziioannou, K. 2020, Research Notes of doi: 10.3847/1538-4357/ab7335"	"Farr, W. M., & Chatziioannou, K. 2020, Research Notes of doi: 10.3847/1538-4357/ab7335"	https://doi.org/10.3847/1538-4357/ab7335
ASOT-0883	doi:10.3847/1538-4357/ab733f	"123, doi: 10.3847/1538-4357/ab733f L25, doi: 10.3847/2041-8213/aaa401"	"123, doi: 10.3847/1538-4357/ab733f L25, doi: 10.3847/2041-8213/aaa401"	https://doi.org/10.3847/1538-4357/ab733f
ASOT-0883	doi:10.3847/1538-4357/ab733f	"123, doi: 10.3847/1538-4357/ab733f L25, doi: 10.3847/2041-8213/aaa401"	"123, doi: 10.3847/1538-4357/ab733f L25, doi: 10.3847/2041-8213/aaa401"	https://doi.org/10.3847/2041-8213/aaa401
ASOT-0884	doi:10.3847/1538-4357/ab8309	"153, doi: 10.3847/1538-4357/ab8309 Lindblom, L., & Indik, N. M. 2012, PhRvD, 86, 084003,"	"153, doi: 10.3847/1538-4357/ab8309 Lindblom, L., & Indik, N. M. 2012, PhRvD, 86, 084003,"	https://doi.org/10.3847/1538-4357/ab8309
ASOT-0885	doi:10.3847/1538-4357/ab917d	"Soares-Santos, M., Palmese, A., Hartley, W., et al. 2019, 96, doi: 10.3847/1538-4357/ab917d"	"Soares-Santos, M., Palmese, A., Hartley, W., et al. 2019, 96, doi: 10.3847/1538-4357/ab917d"	https://doi.org/10.3847/1538-4357/ab917d
ASOT-0886	doi:10.3847/1538-4357/ab96c7	"Meidam, J., Tsang, K. W., Goldstein, J., et al. 2018, ApJ, 897, 169, doi: 10.3847/1538-4357/ab96c7"	"Meidam, J., Tsang, K. W., Goldstein, J., et al. 2018, ApJ, 897, 169, doi: 10.3847/1538-4357/ab96c7"	https://doi.org/10.3847/1538-4357/ab96c7
ASOT-0887	doi:10.3847/1538-4357/ab9b78	"ApJ, 898, 152, doi: 10.3847/1538-4357/ab9b78 doi: 10.1088/1361-6382/aac89d"	"ApJ, 898, 152, doi: 10.3847/1538-4357/ab9b78 doi: 10.1088/1361-6382/aac89d"	https://doi.org/10.1088/1361-6382/aac89d
ASOT-0887	doi:10.3847/1538-4357/ab9b78	"ApJ, 898, 152, doi: 10.3847/1538-4357/ab9b78 doi: 10.1088/1361-6382/aac89d"	"ApJ, 898, 152, doi: 10.3847/1538-4357/ab9b78 doi: 10.1088/1361-6382/aac89d"	https://doi.org/10.3847/1538-4357/ab9b78
ASOT-0888	doi:10.3847/1538-4357/aba518	"900, 177, doi: 10.3847/1538-4357/aba518 Orosz, J. A. 2008, ApJL, 679, L37, doi: 10.1086/588840"	"900, 177, doi: 10.3847/1538-4357/aba518 Orosz, J. A. 2008, ApJL, 679, L37, doi: 10.1086/588840"	https://doi.org/10.1086/588840
ASOT-0888	doi:10.3847/1538-4357/aba518	"900, 177, doi: 10.3847/1538-4357/aba518 Orosz, J. A. 2008, ApJL, 679, L37, doi: 10.1086/588840"	"900, 177, doi: 10.3847/1538-4357/aba518 Orosz, J. A. 2008, ApJL, 679, L37, doi: 10.1086/588840"	https://doi.org/10.3847/1538-4357/aba518
ASOT-0889	doi:10.3847/1538-4357/abb66a	"doi: 10.3847/1538-4357/abb66a Li, T. G. F., Del Pozzo, W., Vitale, S., et al. 2012a,"	"doi: 10.3847/1538-4357/abb66a Li, T. G. F., Del Pozzo, W., Vitale, S., et al. 2012a,"	https://doi.org/10.3847/1538-4357/abb66a
ASOT-0890	doi:10.3847/1538-4357/abbcd6	"doi: 10.3847/1538-4357/abbcd6"	"doi: 10.3847/1538-4357/abbcd6"	https://doi.org/10.3847/1538-4357/abbcd6
ASOT-0891	doi:10.3847/1538-4357/abbd3b	"doi: 10.3847/1538-4357/abbd3b doi: 10.3847/2041-8213/abe7f6"	"doi: 10.3847/1538-4357/abbd3b doi: 10.3847/2041-8213/abe7f6"	https://doi.org/10.3847/1538-4357/abbd3b
ASOT-0891	doi:10.3847/1538-4357/abbd3b	"doi: 10.3847/1538-4357/abbd3b doi: 10.3847/2041-8213/abe7f6"	"doi: 10.3847/1538-4357/abbd3b doi: 10.3847/2041-8213/abe7f6"	https://doi.org/10.3847/2041-8213/abe7f6
ASOT-0892	doi:10.3847/1538-4357/abde4a	"2021, ApJ, 908, 118, doi: 10.3847/1538-4357/abde4a"	"2021, ApJ, 908, 118, doi: 10.3847/1538-4357/abde4a"	https://doi.org/10.3847/1538-4357/abde4a
ASOT-0893	doi:10.3847/1538-4365/ab06fc	"241, 27, doi: 10.3847/1538-4365/ab06fc"	"241, 27, doi: 10.3847/1538-4365/ab06fc"	https://arxiv.org/abs/2011.13503
ASOT-0893	doi:10.3847/1538-4365/ab06fc	"241, 27, doi: 10.3847/1538-4365/ab06fc"	"241, 27, doi: 10.3847/1538-4365/ab06fc"	https://doi.org/10.3847/1538-4365/ab06fc
ASOT-0895	doi:10.3847/2041-8205/832/1/l2	"doi: 10.3847/2041-8205/832/1/l2"	"doi: 10.3847/2041-8205/832/1/l2"	https://arxiv.org/abs/2103.01733
ASOT-0895	doi:10.3847/2041-8205/832/1/l2	"doi: 10.3847/2041-8205/832/1/l2"	"doi: 10.3847/2041-8205/832/1/l2"	https://doi.org/10.3847/2041-8205/832/1/l2
ASOT-0896	doi:10.3847/2041-8205/833/1/l1	" . 2016e, ApJL, 833, L1, doi: 10.3847/2041-8205/833/1/L1"	" . 2016e, ApJL, 833, L1, doi: 10.3847/2041-8205/833/1/L1"	https://doi.org/10.3847/2041-8205/833/1/L1
ASOT-0897	doi:10.3847/2041-8213/aa8727	"Kim, C., Kalogera, V., & Lorimer, D. R. 2003, ApJ, 584, doi: 10.3847/2041-8213/aa8727"	"Kim, C., Kalogera, V., & Lorimer, D. R. 2003, ApJ, 584, doi: 10.3847/2041-8213/aa8727"	https://doi.org/10.3847/2041-8213/aa8727
ASOT-0898	doi:10.3847/2041-8213/aa8fc7	"Blanchet, L., Faye, G., Iyer, B. R., & Sinha, S. 2008, ApJL, 848, L17, doi: 10.3847/2041-8213/aa8fc7"	"Blanchet, L., Faye, G., Iyer, B. R., & Sinha, S. 2008, ApJL, 848, L17, doi: 10.3847/2041-8213/aa8fc7"	https://doi.org/10.3847/2041-8213/aa8fc7
ASOT-0899	doi:10.3847/2041-8213/aa905c	"848, L19, doi: 10.3847/2041-8213/aa905c doi: 10.3847/0004-637X/818/2/124"	"848, L19, doi: 10.3847/2041-8213/aa905c doi: 10.3847/0004-637X/818/2/124"	https://doi.org/10.3847/0004-637X/818/2/124
ASOT-0899	doi:10.3847/2041-8213/aa905c	"848, L19, doi: 10.3847/2041-8213/aa905c doi: 10.3847/0004-637X/818/2/124"	"848, L19, doi: 10.3847/2041-8213/aa905c doi: 10.3847/0004-637X/818/2/124"	https://doi.org/10.3847/2041-8213/aa905c
ASOT-0900	doi:10.3847/2041-8213/aa90b6	"2017, ApJL, 848, L27, doi: 10.3847/2041-8213/aa90b6 doi: 10.1103/PhysRevLett.112.251101"	"2017, ApJL, 848, L27, doi: 10.3847/2041-8213/aa90b6 doi: 10.1103/PhysRevLett.112.251101"	https://doi.org/10.1103/PhysRevLett.112.251101
ASOT-0900	doi:10.3847/2041-8213/aa90b6	"2017, ApJL, 848, L27, doi: 10.3847/2041-8213/aa90b6 doi: 10.1103/PhysRevLett.112.251101"	"2017, ApJL, 848, L27, doi: 10.3847/2041-8213/aa90b6 doi: 10.1103/PhysRevLett.112.251101"	https://doi.org/10.3847/2041-8213/aa90b6
ASOT-0901	doi:10.3847/2041-8213/aa91c9	" . 2017b, ApJL, 848, L12, doi: 10.3847/2041-8213/aa91c9"	" . 2017b, ApJL, 848, L12, doi: 10.3847/2041-8213/aa91c9"	https://doi.org/10.3847/2041-8213/aa91c9
ASOT-0902	doi:10.3847/2041-8213/aa920c	" . 2017c, ApJL, 848, L13, doi: 10.3847/2041-8213/aa920c"	" . 2017c, ApJL, 848, L13, doi: 10.3847/2041-8213/aa920c"	https://doi.org/10.3847/2041-8213/aa920c
ASOT-0903	doi:10.3847/2041-8213/aa9478	" . 2017d, ApJL, 850, L39, doi: 10.3847/2041-8213/aa9478"	" . 2017d, ApJL, 850, L39, doi: 10.3847/2041-8213/aa9478"	https://doi.org/10.3847/2041-8213/aa9478
ASOT-0904	doi:10.3847/2041-8213/aa9a35	" . 2017g, ApJL, 851, L16, doi: 10.3847/2041-8213/aa9a35"	" . 2017g, ApJL, 851, L16, doi: 10.3847/2041-8213/aa9a35"	https://doi.org/10.1088/1361-6382/ab5f7c
ASOT-0904	doi:10.3847/2041-8213/aa9a35	" . 2017g, ApJL, 851, L16, doi: 10.3847/2041-8213/aa9a35"	" . 2017g, ApJL, 851, L16, doi: 10.3847/2041-8213/aa9a35"	https://doi.org/10.3847/2041-8213/aa9a35
ASOT-0905	doi:10.3847/2041-8213/aa9c84	"Spera, M., Mapelli, M., Giacobbo, N., et al. 2019, MNRAS, 851, L21, doi: 10.3847/2041-8213/aa9c84"	"Spera, M., Mapelli, M., Giacobbo, N., et al. 2019, MNRAS, 851, L21, doi: 10.3847/2041-8213/aa9c84"	https://doi.org/10.3847/2041-8213/aa9c84
ASOT-0906	doi:10.3847/2041-8213/aa9f0c	" . 2017f, ApJL, 851, L35, doi: 10.3847/2041-8213/aa9f0c"	" . 2017f, ApJL, 851, L35, doi: 10.3847/2041-8213/aa9f0c"	https://doi.org/10.3847/2041-8213/aa9f0c
ASOT-0907	doi:10.3847/2041-8213/aaaa64	"doi: 10.3847/2041-8213/aaaa64 Giacobbo, N., & Mapelli, M. 2020, ApJ, 891, 141,"	"doi: 10.3847/2041-8213/aaaa64 Giacobbo, N., & Mapelli, M. 2020, ApJ, 891, 141,"	https://doi.org/10.3847/2041-8213/aaaa64
ASOT-0908	doi:10.3847/2041-8213/aaad06	"Roy, S., Sengupta, A. S., & Ajith, P. 2019, PhRvD, 99, ApJL, 854, L22, doi: 10.3847/2041-8213/aaad06"	"Roy, S., Sengupta, A. S., & Ajith, P. 2019, PhRvD, 99, ApJL, 854, L22, doi: 10.3847/2041-8213/aaad06"	https://doi.org/10.3847/2041-8213/aaad06
ASOT-0909	doi:10.3847/2041-8213/aaf96e	"doi: 10.3847/2041-8213/aaf96e"	"doi: 10.3847/2041-8213/aaf96e"	https://arxiv.org/abs/2006.06639
ASOT-0909	doi:10.3847/2041-8213/aaf96e	"doi: 10.3847/2041-8213/aaf96e"	"doi: 10.3847/2041-8213/aaf96e"	https://doi.org/10.3847/2041-8213/aaf96e
ASOT-0910	doi:10.3847/2041-8213/aaf97b	"V. 2019, ApJL, 870, L18, doi: 10.3847/2041-8213/aaf97b Gravitational Wave Astrophysics: Early Results from"	"V. 2019, ApJL, 870, L18, doi: 10.3847/2041-8213/aaf97b Gravitational Wave Astrophysics: Early Results from"	https://doi.org/10.3847/2041-8213/aaf97b
ASOT-0911	doi:10.3847/2041-8213/ab14f1	"ApJL, 876, L7, doi: 10.3847/2041-8213/ab14f1 Viets, A. D. Wade, M., Urban, A. L., et al. 2018, CQGra,"	"ApJL, 876, L7, doi: 10.3847/2041-8213/ab14f1 Viets, A. D. Wade, M., Urban, A. L., et al. 2018, CQGra,"	https://doi.org/10.3847/2041-8213/ab14f1
ASOT-0912	doi:10.3847/2041-8213/ab4284	"ApJL, 883, L42, doi: 10.3847/2041-8213/ab4284 doi: 10.1103/PhysRevD.95.024037"	"ApJL, 883, L42, doi: 10.3847/2041-8213/ab4284 doi: 10.1103/PhysRevD.95.024037"	https://doi.org/10.1103/PhysRevD.95.024037
ASOT-0912	doi:10.3847/2041-8213/ab4284	"ApJL, 883, L42, doi: 10.3847/2041-8213/ab4284 doi: 10.1103/PhysRevD.95.024037"	"ApJL, 883, L42, doi: 10.3847/2041-8213/ab4284 doi: 10.1103/PhysRevD.95.024037"	https://doi.org/10.3847/2041-8213/ab4284
ASOT-0913	doi:10.3847/2041-8213/ab451a	"Nitz, A. H., Dal Canton, T., Davis, D., & Reyes, S. 2018, ApJL, 887, L22, doi: 10.3847/2041-8213/ab451a"	"Nitz, A. H., Dal Canton, T., Davis, D., & Reyes, S. 2018, ApJL, 887, L22, doi: 10.3847/2041-8213/ab451a"	https://doi.org/10.3847/2041-8213/ab451a
ASOT-0914	doi:10.3847/2041-8213/ab4ad5	"2019, ApJL, 884, L55, doi: 10.3847/2041-8213/ab4ad5 spin of a binary black hole system including in-plane"	"2019, ApJL, 884, L55, doi: 10.3847/2041-8213/ab4ad5 spin of a binary black hole system including in-plane"	https://doi.org/10.3847/2041-8213/ab4ad5
ASOT-0915	doi:10.3847/2041-8213/ab50c5	"ApJL, 887, L24, doi: 10.3847/2041-8213/ab50c5 231104, doi: 10.1103/PhysRevLett.108.231104"	"ApJL, 887, L24, doi: 10.3847/2041-8213/ab50c5 231104, doi: 10.1103/PhysRevLett.108.231104"	https://doi.org/10.1103/PhysRevLett.108.231104
ASOT-0915	doi:10.3847/2041-8213/ab50c5	"ApJL, 887, L24, doi: 10.3847/2041-8213/ab50c5 231104, doi: 10.1103/PhysRevLett.108.231104"	"ApJL, 887, L24, doi: 10.3847/2041-8213/ab50c5 231104, doi: 10.1103/PhysRevLett.108.231104"	https://doi.org/10.3847/2041-8213/ab50c5
ASOT-0916	doi:10.3847/2041-8213/ab59db	"L13, doi: 10.3847/2041-8213/ab59db"	"L13, doi: 10.3847/2041-8213/ab59db"	https://doi.org/10.3847/2041-8213/ab59db
ASOT-0917	doi:10.3847/2041-8213/ab5dc5	"L10, doi: 10.3847/2041-8213/ab5dc5"	"L10, doi: 10.3847/2041-8213/ab5dc5"	https://doi.org/10.3847/2041-8213/ab5dc5
ASOT-0918	doi:10.3847/2041-8213/ab5dc8	"2020, ApJL, 888, L3, doi: 10.3847/2041-8213/ab5dc8 82, doi: 10.3847/1538-4357/ab0b3e"	"2020, ApJL, 888, L3, doi: 10.3847/2041-8213/ab5dc8 82, doi: 10.3847/1538-4357/ab0b3e"	https://doi.org/10.3847/1538-4357/ab0b3e
ASOT-0918	doi:10.3847/2041-8213/ab5dc8	"2020, ApJL, 888, L3, doi: 10.3847/2041-8213/ab5dc8 82, doi: 10.3847/1538-4357/ab0b3e"	"2020, ApJL, 888, L3, doi: 10.3847/2041-8213/ab5dc8 82, doi: 10.3847/1538-4357/ab0b3e"	https://doi.org/10.3847/2041-8213/ab5dc8
ASOT-0919	doi:10.3847/2041-8213/ab7247	"doi: 10.3847/2041-8213/ab7247 and systematic uncertainties in extracting the source"	"doi: 10.3847/2041-8213/ab7247 and systematic uncertainties in extracting the source"	https://doi.org/10.3847/2041-8213/ab7247
ASOT-0920	doi:10.3847/2041-8213/ab75f5	" . 2020a, ApJL, 892, L3, doi: 10.3847/2041-8213/ab75f5 241, 27, doi: 10.3847/1538-4365/ab06fc"	" . 2020a, ApJL, 892, L3, doi: 10.3847/2041-8213/ab75f5 241, 27, doi: 10.3847/1538-4365/ab06fc"	https://doi.org/10.3847/1538-4365/ab06fc
ASOT-0920	doi:10.3847/2041-8213/ab75f5	" . 2020a, ApJL, 892, L3, doi: 10.3847/2041-8213/ab75f5 241, 27, doi: 10.3847/1538-4365/ab06fc"	" . 2020a, ApJL, 892, L3, doi: 10.3847/2041-8213/ab75f5 241, 27, doi: 10.3847/1538-4365/ab06fc"	https://doi.org/10.3847/2041-8213/ab75f5
ASOT-0921	doi:10.3847/2041-8213/ab960f	" . 2020d, ApJL, 896, L44, doi: 10.3847/2041-8213/ab960f Bavera, S. S., Fragos, T., Qin, Y., et al. 2020, A&A, 635,"	" . 2020d, ApJL, 896, L44, doi: 10.3847/2041-8213/ab960f Bavera, S. S., Fragos, T., Qin, Y., et al. 2020, A&A, 635,"	https://doi.org/10.3847/2041-8213/ab960f
ASOT-0922	doi:10.3847/2041-8213/aba7b6	"L8, doi: 10.3847/2041-8213/aba7b6"	"L8, doi: 10.3847/2041-8213/aba7b6"	https://arxiv.org/abs/2008.07494
ASOT-0922	doi:10.3847/2041-8213/aba7b6	"L8, doi: 10.3847/2041-8213/aba7b6"	"L8, doi: 10.3847/2041-8213/aba7b6"	https://doi.org/10.3847/2041-8213/aba7b6
ASOT-0923	doi:10.3847/2041-8213/abb671	"Drozda, P., Belczynski, K., O Shaughnessy, R., Bulik, T., & doi: 10.3847/2041-8213/abb671"	"Drozda, P., Belczynski, K., O Shaughnessy, R., Bulik, T., & doi: 10.3847/2041-8213/abb671"	https://doi.org/10.3847/2041-8213/abb671
ASOT-0924	doi:10.3847/2041-8213/abdfc6	"L28, doi: 10.3847/2041-8213/abdfc6"	"L28, doi: 10.3847/2041-8213/abdfc6"	https://doi.org/10.3847/2041-8213/abdfc6
ASOT-0925	doi:10.3847/2041-8213/abe949	" . 2021b, ApJL, 913, L7, doi: 10.3847/2041-8213/abe949 A97, doi: 10.1051/0004-6361/201936204"	" . 2021b, ApJL, 913, L7, doi: 10.3847/2041-8213/abe949 A97, doi: 10.1051/0004-6361/201936204"	https://doi.org/10.1051/0004-6361/201936204
ASOT-0925	doi:10.3847/2041-8213/abe949	" . 2021b, ApJL, 913, L7, doi: 10.3847/2041-8213/abe949 A97, doi: 10.1051/0004-6361/201936204"	" . 2021b, ApJL, 913, L7, doi: 10.3847/2041-8213/abe949 A97, doi: 10.1051/0004-6361/201936204"	https://doi.org/10.3847/2041-8213/abe949
ASOT-0927	doi:10.3847/2515-5172/ab9088	"doi: 10.3847/2515-5172/ab9088 Hartle, J. B. 1967, ApJ, 150, 1005, doi: 10.1086/149400"	"doi: 10.3847/2515-5172/ab9088 Hartle, J. B. 1967, ApJ, 150, 1005, doi: 10.1086/149400"	https://doi.org/10.1086/149400
ASOT-0927	doi:10.3847/2515-5172/ab9088	"doi: 10.3847/2515-5172/ab9088 Hartle, J. B. 1967, ApJ, 150, 1005, doi: 10.1086/149400"	"doi: 10.3847/2515-5172/ab9088 Hartle, J. B. 1967, ApJ, 150, 1005, doi: 10.1086/149400"	https://doi.org/10.3847/1538-4357/abd4dd
ASOT-0927	doi:10.3847/2515-5172/ab9088	"doi: 10.3847/2515-5172/ab9088 Hartle, J. B. 1967, ApJ, 150, 1005, doi: 10.1086/149400"	"doi: 10.3847/2515-5172/ab9088 Hartle, J. B. 1967, ApJ, 150, 1005, doi: 10.1086/149400"	https://doi.org/10.3847/2515-5172/ab9088
ASOT-0928	doi:10.3847/2515-5172/ac9631	"BIB-0214 | Perez, K. et al. (2022). ""Breakthrough Listen Observations of the Wow! Signal Region."" RNAAS 6, 197. | 10.3847/2515-5172/ac9631"	"BIB-0214 | Perez, K. et al. (2022). ""Breakthrough Listen Observations of the Wow! Signal Region."" RNAAS 6, 197. | 10.3847/2515-5172/ac9631"	https://doi.org/10.3847/2515-5172/ac9631
ASOT-0929	doi:10.4006/0836-1398-29.2.201	org/10.4006/0836-1398-29.2.201	org/10.4006/0836-1398-29.2.201	https://doi.org/10.4006/0836-1398-29.2.201
ASOT-0931	doi:10.4204/eptcs.249.2	tags/m3	tags/m3	https://doi.org/10.4204/EPTCS.249.2
ASOT-0932	doi:10.4230/lipics.ecoop.2018.11	"The Netherlands. ECOOP. 2018, 11:1 11:31. doi: 10.4230/LIPIcs.ECOOP.2018.11."	"The Netherlands. ECOOP. 2018, 11:1 11:31. doi: 10.4230/LIPIcs.ECOOP.2018.11."	https://doi.org/10.4230/LIPIcs.ECOOP.2018.11
ASOT-0933	doi:10.4236/am.2013.410a3007	"30] Mironov, V.L. and Mironov, S.V. (2013) Applied Mathematics, 4, 53-60."	"30] Mironov, V.L. and Mironov, S.V. (2013) Applied Mathematics, 4, 53-60."	https://doi.org/10.4236/am.2013.410A3007
ASOT-0934	doi:10.4236/jmp.2014.510095	https://doi.org/10.4236/jmp.2014.510095	https://doi.org/10.4236/jmp.2014.510095	https://doi.org/10.4236/jmp.2014.510095
ASOT-0935	doi:10.4303/jglta/g110901	tags/l1	tags/l1	https://doi.org/10.4303/JGLTA/G110901
ASOT-0938	doi:10.48550/arxiv.2412.14460	10.48550/arXiv.2412.14460.	10.48550/arXiv.2412.14460.	https://doi.org/10.48550/arXiv.2412.14460
ASOT-0943	doi:10.5019/j.ijcir.2007.88	https://doi.org/10.5019/j.ijcir.2007.88	https://doi.org/10.5019/j.ijcir.2007.88	https://doi.org/10.5019/j.ijcir.2007.88
ASOT-0944	doi:10.5061/dryad.83bk3j9sj	"Dryad dataset: Multi-modal dataset of a polycrystalline metallic material"	"Dryad dataset: Multi-modal dataset of a polycrystalline metallic material"	https://doi.org/10.5061/dryad.83bk3j9sj
ASOT-0945	doi:10.5170/cern-2008-001.23	"2007, p. 23,"	"2007, p. 23,"	https://doi.org/10.5170/CERN-2008-001.23
ASOT-0946	doi:10.5281/zenodo	"356] B. Liu and D. Lai, Hierarchical Black Hole Mergers in 10.5281/zenodo"	"356] B. Liu and D. Lai, Hierarchical Black Hole Mergers in 10.5281/zenodo"	https://doi.org/10.5281/zenodo
ASOT-0946	doi:10.5281/zenodo	"356] B. Liu and D. Lai, Hierarchical Black Hole Mergers in 10.5281/zenodo"	"356] B. Liu and D. Lai, Hierarchical Black Hole Mergers in 10.5281/zenodo"	https://zenodo.org/deposit/5636816
ASOT-0947	doi:10.5281/zenodo.15106473	"Statement: Euclid Quick Release 1 (Q1) supplementary catalogs are freely available from Zenodo under CC BY 4.0: Visual Morphology (DOI 10.5281/zenodo.15106473, morphology_catalogue.parquet 97.3 MB), Strong Lensing (DOI 10.5281/zenodo.15025832, q1_discovery_engine_lens_catalog.csv 422 KB), Galaxy Mergers (DOI 10.5281/zenodo.17087034, Q1_merger_classification.csv 39.7 MB). All files downloaded and MD5-verified via Zenodo REST API."	"Statement: Euclid Quick Release 1 (Q1) supplementary catalogs are freely available from Zenodo under CC BY 4.0: Visual Morphology (DOI 10.5281/zenodo.15106473, morphology_catalogue.parquet 97.3 MB), Strong Lensing (DOI 10.5281/zenodo.15025832, q1_discovery_engine_lens_catalog.csv 422 KB), Galaxy Mergers (DOI 10.5281/zenodo.17087034, Q1_merger_classification.csv 39.7 MB). All files downloaded and MD5-verified via Zenodo REST API."	https://doi.org/10.5281/zenodo.15025832
ASOT-0947	doi:10.5281/zenodo.15106473	"Statement: Euclid Quick Release 1 (Q1) supplementary catalogs are freely available from Zenodo under CC BY 4.0: Visual Morphology (DOI 10.5281/zenodo.15106473, morphology_catalogue.parquet 97.3 MB), Strong Lensing (DOI 10.5281/zenodo.15025832, q1_discovery_engine_lens_catalog.csv 422 KB), Galaxy Mergers (DOI 10.5281/zenodo.17087034, Q1_merger_classification.csv 39.7 MB). All files downloaded and MD5-verified via Zenodo REST API."	"Statement: Euclid Quick Release 1 (Q1) supplementary catalogs are freely available from Zenodo under CC BY 4.0: Visual Morphology (DOI 10.5281/zenodo.15106473, morphology_catalogue.parquet 97.3 MB), Strong Lensing (DOI 10.5281/zenodo.15025832, q1_discovery_engine_lens_catalog.csv 422 KB), Galaxy Mergers (DOI 10.5281/zenodo.17087034, Q1_merger_classification.csv 39.7 MB). All files downloaded and MD5-verified via Zenodo REST API."	https://doi.org/10.5281/zenodo.15106473
ASOT-0947	doi:10.5281/zenodo.15106473	"Statement: Euclid Quick Release 1 (Q1) supplementary catalogs are freely available from Zenodo under CC BY 4.0: Visual Morphology (DOI 10.5281/zenodo.15106473, morphology_catalogue.parquet 97.3 MB), Strong Lensing (DOI 10.5281/zenodo.15025832, q1_discovery_engine_lens_catalog.csv 422 KB), Galaxy Mergers (DOI 10.5281/zenodo.17087034, Q1_merger_classification.csv 39.7 MB). All files downloaded and MD5-verified via Zenodo REST API."	"Statement: Euclid Quick Release 1 (Q1) supplementary catalogs are freely available from Zenodo under CC BY 4.0: Visual Morphology (DOI 10.5281/zenodo.15106473, morphology_catalogue.parquet 97.3 MB), Strong Lensing (DOI 10.5281/zenodo.15025832, q1_discovery_engine_lens_catalog.csv 422 KB), Galaxy Mergers (DOI 10.5281/zenodo.17087034, Q1_merger_classification.csv 39.7 MB). All files downloaded and MD5-verified via Zenodo REST API."	https://doi.org/10.5281/zenodo.17087034
ASOT-0948	doi:10.5281/zenodo.16881576	URL	URL	https://doi.org/10.5281/zenodo.16881576
ASOT-0950	doi:10.5281/zenodo.2575786	"doi.org/10.5281/zenodo.2575786 (2021). 944, 80 (2023), arXiv:2208.09532 [astro-ph.HE]."	"doi.org/10.5281/zenodo.2575786 (2021). 944, 80 (2023), arXiv:2208.09532 [astro-ph.HE]."	https://doi.org/10.5281/zenodo.2575786
ASOT-0951	doi:10.5281/zenodo.3596447	"PyCBC Release v1.15.2, doi: 10.5281/zenodo.3596447"	"PyCBC Release v1.15.2, doi: 10.5281/zenodo.3596447"	https://doi.org/10.3847/1538-3881/aabc4f
ASOT-0951	doi:10.5281/zenodo.3596447	"PyCBC Release v1.15.2, doi: 10.5281/zenodo.3596447"	"PyCBC Release v1.15.2, doi: 10.5281/zenodo.3596447"	https://doi.org/10.5281/zenodo.3596447
ASOT-0952	doi:10.5281/zenodo.3949207	"127] H. Dembinski and P. O. et al. 10.5281/zenodo.3949207"	"127] H. Dembinski and P. O. et al. 10.5281/zenodo.3949207"	https://doi.org/10.5281/zenodo.3949207
ASOT-0953	doi:10.5281/zenodo.3973364	"Kruckow, M. U., Tauris, T. M., Langer, N., Kramer, M., & gwpy/gwpy: 2.0.1, doi: 10.5281/zenodo.3973364"	"Kruckow, M. U., Tauris, T. M., Langer, N., Kramer, M., & gwpy/gwpy: 2.0.1, doi: 10.5281/zenodo.3973364"	https://doi.org/10.5281/zenodo.3973364
ASOT-0954	doi:10.5281/zenodo.4309869	"doi.org/10.5281/zenodo.4309869 (2020). Rev. D 97, 024016 (2018), arXiv:1711.02009 [gr-qc]."	"doi.org/10.5281/zenodo.4309869 (2020). Rev. D 97, 024016 (2018), arXiv:1711.02009 [gr-qc]."	https://doi.org/10.5281/zenodo.4309869
ASOT-0955	doi:10.5281/zenodo.5546675	"Mass Gap and Kilonovae, arXiv:2009.06655. .org/deposit/5546676 10.5281/zenodo.5546675, 2021."	"Mass Gap and Kilonovae, arXiv:2009.06655. .org/deposit/5546676 10.5281/zenodo.5546675, 2021."	https://doi.org/10.5281/zenodo.5546675
ASOT-0956	doi:10.5281/zenodo.5650061	paper	paper	https://doi.org/10.5281/zenodo.5650061
ASOT-0957	doi:10.5281/zenodo.5654673	".org/record/5654673 10.5281/zenodo.5654673, 2021. Spin of Binary Black Holes and Implications for Individual"	".org/record/5654673 10.5281/zenodo.5654673, 2021. Spin of Binary Black Holes and Implications for Individual"	https://doi.org/10.5281/zenodo.5654673
ASOT-0958	doi:10.5281/zenodo.5655785	"and H. F. Song, The Spin of the Second-Born Black Hole in zenodo.org/record/5655785 10.5281/zenodo.5655785."	"and H. F. Song, The Spin of the Second-Born Black Hole in zenodo.org/record/5655785 10.5281/zenodo.5655785."	https://doi.org/10.5281/zenodo.5655785
ASOT-0959	doi:10.5281/zenodo.597016	"doi.org/10.5281/zenodo.597016 (2021). Energy X-ray Telescope of Insight-HXMT, Mon. Not. R."	"doi.org/10.5281/zenodo.597016 (2021). Energy X-ray Telescope of Insight-HXMT, Mon. Not. R."	https://doi.org/10.5281/zenodo.597016
ASOT-0961	doi:10.7208/chicago/9780226870373.001.0001	"0-226-87033-2 doi:10.7208/chicago/9780226870373.001.0001"	"0-226-87033-2 doi:10.7208/chicago/9780226870373.001.0001"	https://doi.org/10.7208/chicago/9780226870373.001.0001
ASOT-0962	doi:10.7935/gt1w-fz16	"Library, doi: 10.7935/GT1W-FZ16 12, doi: 10.3847/1538-4357/ab4ef9"	"Library, doi: 10.7935/GT1W-FZ16 12, doi: 10.3847/1538-4357/ab4ef9"	https://doi.org/10.3847/1538-4357/ab4ef9
ASOT-0962	doi:10.7935/gt1w-fz16	"Library, doi: 10.7935/GT1W-FZ16 12, doi: 10.3847/1538-4357/ab4ef9"	"Library, doi: 10.7935/GT1W-FZ16 12, doi: 10.3847/1538-4357/ab4ef9"	https://doi.org/10.7935/GT1W-FZ16
ASOT-0963	doi:10.7935/zzw5-ak90	". The software ternational Center for Theoretical Physics South Ameri"	". The software ternational Center for Theoretical Physics South Ameri"	https://doi.org/10.7935/zzw5-ak90
ASOT-2442	url:http://osf.io/	"analysis plan to an independent registry such as or The"	"analysis plan to an independent registry such as or The"	http://osf.io/
ASOT-2443	url:http://osf.io/prereg/	"Preregistration Challenge format (). Finally, the website"	"Preregistration Challenge format (). Finally, the website"	http://osf.io/prereg/
ASOT-2444	url:http://osf.io/registries/	"preregistration (), including the flexible and relatively comprehensive"	"preregistration (), including the flexible and relatively comprehensive"	http://osf.io/registries/
ASOT-2445	url:http://soho.esac.esa.int/data/archive/index_gsfc.html	"SOHO Archive Mirror Audit (2026-03-09)"	"SOHO Archive Mirror Audit (2026-03-09)"	http://soho.esac.esa.int/data/archive/index_gsfc.html
ASOT-2445	url:http://soho.esac.esa.int/data/archive/index_gsfc.html	"SOHO Archive Mirror Audit (2026-03-09)"	"SOHO Archive Mirror Audit (2026-03-09)"	http://soho.esac.esa.int/data/archive/index_ssa.html
ASOT-2445	url:http://soho.esac.esa.int/data/archive/index_gsfc.html	"SOHO Archive Mirror Audit (2026-03-09)"	"SOHO Archive Mirror Audit (2026-03-09)"	http://solar.oato.inaf.it/
ASOT-2445	url:http://soho.esac.esa.int/data/archive/index_gsfc.html	"SOHO Archive Mirror Audit (2026-03-09)"	"SOHO Archive Mirror Audit (2026-03-09)"	http://solar.to.astro.it/
ASOT-2445	url:http://soho.esac.esa.int/data/archive/index_gsfc.html	"SOHO Archive Mirror Audit (2026-03-09)"	"SOHO Archive Mirror Audit (2026-03-09)"	https://idoc-medoc.ias.u-psud.fr/sitools/client-user/index.html?project=Medoc-Solar-Portal
ASOT-2445	url:http://soho.esac.esa.int/data/archive/index_gsfc.html	"SOHO Archive Mirror Audit (2026-03-09)"	"SOHO Archive Mirror Audit (2026-03-09)"	https://lasco-www.nrl.navy.mil/index.php?p=get_data
ASOT-2445	url:http://soho.esac.esa.int/data/archive/index_gsfc.html	"SOHO Archive Mirror Audit (2026-03-09)"	"SOHO Archive Mirror Audit (2026-03-09)"	https://sdac.virtualsolar.org/cgi/search
ASOT-2445	url:http://soho.esac.esa.int/data/archive/index_gsfc.html	"SOHO Archive Mirror Audit (2026-03-09)"	"SOHO Archive Mirror Audit (2026-03-09)"	https://seal.nascom.nasa.gov/cgi-bin/gui_seal
ASOT-2445	url:http://soho.esac.esa.int/data/archive/index_gsfc.html	"SOHO Archive Mirror Audit (2026-03-09)"	"SOHO Archive Mirror Audit (2026-03-09)"	https://soho.nascom.nasa.gov/data/.dash/sohoar-dashboard.html
ASOT-2445	url:http://soho.esac.esa.int/data/archive/index_gsfc.html	"SOHO Archive Mirror Audit (2026-03-09)"	"SOHO Archive Mirror Audit (2026-03-09)"	https://soho.nascom.nasa.gov/data/archive.html
ASOT-2445	url:http://soho.esac.esa.int/data/archive/index_gsfc.html	"SOHO Archive Mirror Audit (2026-03-09)"	"SOHO Archive Mirror Audit (2026-03-09)"	https://soho.nascom.nasa.gov/data/archive/
ASOT-2445	url:http://soho.esac.esa.int/data/archive/index_gsfc.html	"SOHO Archive Mirror Audit (2026-03-09)"	"SOHO Archive Mirror Audit (2026-03-09)"	https://soho.nascom.nasa.gov/data/archive/index_gsfc.html
ASOT-2445	url:http://soho.esac.esa.int/data/archive/index_gsfc.html	"SOHO Archive Mirror Audit (2026-03-09)"	"SOHO Archive Mirror Audit (2026-03-09)"	https://ssa.esac.esa.int/ssa-sl-tap/tap/capabilities
ASOT-2445	url:http://soho.esac.esa.int/data/archive/index_gsfc.html	"SOHO Archive Mirror Audit (2026-03-09)"	"SOHO Archive Mirror Audit (2026-03-09)"	https://ssa.esac.esa.int/ssa-sl-tap/tap/tables
ASOT-2445	url:http://soho.esac.esa.int/data/archive/index_gsfc.html	"SOHO Archive Mirror Audit (2026-03-09)"	"SOHO Archive Mirror Audit (2026-03-09)"	https://ssa.esac.esa.int/ssa/
ASOT-2445	url:http://soho.esac.esa.int/data/archive/index_gsfc.html	"SOHO Archive Mirror Audit (2026-03-09)"	"SOHO Archive Mirror Audit (2026-03-09)"	https://umbra.nascom.nasa.gov/eit/eit-catalog.html
ASOT-2445	url:http://soho.esac.esa.int/data/archive/index_gsfc.html	"SOHO Archive Mirror Audit (2026-03-09)"	"SOHO Archive Mirror Audit (2026-03-09)"	https://www.cosmos.esa.int/web/soho/command-line
ASOT-2445	url:http://soho.esac.esa.int/data/archive/index_gsfc.html	"SOHO Archive Mirror Audit (2026-03-09)"	"SOHO Archive Mirror Audit (2026-03-09)"	https://www.cosmos.esa.int/web/soho/mission-long-files
ASOT-2445	url:http://soho.esac.esa.int/data/archive/index_gsfc.html	"SOHO Archive Mirror Audit (2026-03-09)"	"SOHO Archive Mirror Audit (2026-03-09)"	https://www.cosmos.esa.int/web/soho/tap-main-functionalities
ASOT-2445	url:http://soho.esac.esa.int/data/archive/index_gsfc.html	"SOHO Archive Mirror Audit (2026-03-09)"	"SOHO Archive Mirror Audit (2026-03-09)"	https://www.ukssdc.ac.uk/solar/soho/data.html
ASOT-2445	url:http://soho.esac.esa.int/data/archive/index_gsfc.html	"SOHO Archive Mirror Audit (2026-03-09)"	"SOHO Archive Mirror Audit (2026-03-09)"	https://www2.mps.mpg.de/
ASOT-2448	url:http://www.numdam.org/item/aihpa_1965__2_4_283_0/	http://www.numdam.org/item/AIHPA_1965__2_4_283_0/	http://www.numdam.org/item/AIHPA_1965__2_4_283_0/	http://www.numdam.org/item/AIHPA_1965__2_4_283_0/
ASOT-2449	url:http://www.sciencedirect.com/science/article/pii/	"Solar System and Beyond URL"	"Solar System and Beyond URL"	http://www.sciencedirect.com/science/article/pii/
ASOT-2461	url:https://archive.org/details/elementarytreat00tailuoft	https://archive.org/details/elementarytreat00tailuoft	https://archive.org/details/elementarytreat00tailuoft	https://archive.org/details/elementarytreat00tailuoft
ASOT-2461	url:https://archive.org/details/elementarytreat00tailuoft	https://archive.org/details/elementarytreat00tailuoft	https://archive.org/details/elementarytreat00tailuoft	https://archive.org/download/elementarytreat00tailuoft/elementarytreat00tailuoft.pdf
ASOT-2462	url:https://archive.org/details/stackexchange	"3.0. URL:"	"3.0. URL:"	https://archive.org/details/stackexchange
ASOT-2463	url:https://archive.org/details/theoryofbiquater00conwrich	https://archive.org/details/theoryofbiquater00conwrich	https://archive.org/details/theoryofbiquater00conwrich	https://archive.org/details/theoryofbiquater00conwrich
ASOT-2463	url:https://archive.org/details/theoryofbiquater00conwrich	https://archive.org/details/theoryofbiquater00conwrich	https://archive.org/details/theoryofbiquater00conwrich	https://archive.org/download/theoryofbiquater00conwrich/theoryofbiquater00conwrich.pdf
ASOT-2465	url:https://archive.org/stream/electromagnetict01heavrich	https://archive.org/stream/electromagnetict01heavrich	https://archive.org/stream/electromagnetict01heavrich	https://archive.org/stream/electromagnetict01heavrich
ASOT-2472	url:https://arxiv.org/abs/0804.4881	"2008 2011. Available at"	"2008 2011. Available at"	https://arxiv.org/abs/0804.4881
ASOT-2473	url:https://arxiv.org/abs/0806.3767	"**Xu, X. & Siegel, E. R.** (2008). *Dark Matter Heating and Cooling of the Interstellar Medium*. [arXiv:0806.3767](https://arxiv.org/abs/0806.3767)."	"**Xu, X. & Siegel, E. R.** (2008). *Dark Matter Heating and Cooling of the Interstellar Medium*. [arXiv:0806.3767](https://arxiv.org/abs/0806.3767)."	https://arxiv.org/abs/0806.3767
ASOT-2479	url:https://arxiv.org/abs/1007.0740v1	"online at"	"online at"	https://arxiv.org/abs/1007.0740v1
ASOT-2480	url:https://arxiv.org/abs/1007.1726	"2010. Available at"	"2010. Available at"	https://arxiv.org/abs/1007.1726
ASOT-2481	url:https://arxiv.org/abs/1007.2114v3	at	at	https://arxiv.org/abs/1007.2114v3
ASOT-2482	url:https://arxiv.org/abs/1009.1166	"David I. Spivak. 2010. Functorial Data Migration. CoRR abs/1009.1166 (2010). arXiv:1009.1166"	"David I. Spivak. 2010. Functorial Data Migration. CoRR abs/1009.1166 (2010). arXiv:1009.1166"	https://arxiv.org/abs/1009.1166
ASOT-2483	url:https://arxiv.org/abs/1101.4381v1	https://arxiv.org/abs/1101.4381v1	https://arxiv.org/abs/1101.4381v1	https://arxiv.org/abs/1101.4381v1
ASOT-2485	url:https://arxiv.org/abs/1103.6205	"Math. Anal., available online at"	"Math. Anal., available online at"	https://arxiv.org/abs/1103.6205
ASOT-2486	url:https://arxiv.org/abs/1104.1725v2	https://arxiv.org/abs/1104.1725v2	https://arxiv.org/abs/1104.1725v2	https://arxiv.org/abs/1104.1725v2
ASOT-2489	url:https://arxiv.org/abs/1108.1060	at	at	https://arxiv.org/abs/1108.1060
ASOT-2494	url:https://arxiv.org/abs/1404.0099	"2014. URL"	"2014. URL"	https://arxiv.org/abs/1404.0099
ASOT-2495	url:https://arxiv.org/abs/1412.0035	"abs/1412.0035 (2014). arXiv:1412.0035"	"abs/1412.0035 (2014). arXiv:1412.0035"	https://arxiv.org/abs/1412.0035
ASOT-2496	url:https://arxiv.org/abs/1412.1897	"for Unrecognizable Images. CoRR abs/1412.1897 (2014). arXiv:1412.1897"	"for Unrecognizable Images. CoRR abs/1412.1897 (2014). arXiv:1412.1897"	https://arxiv.org/abs/1412.1897
ASOT-2497	url:https://arxiv.org/abs/1412.6980	"Yann LeCun (Eds.)."	"Yann LeCun (Eds.)."	https://arxiv.org/abs/1412.6980
ASOT-2498	url:https://arxiv.org/abs/1506.02753	"abs/1506.02753 (2015). arXiv:1506.02753"	"abs/1506.02753 (2015). arXiv:1506.02753"	https://arxiv.org/abs/1506.02753
ASOT-2499	url:https://arxiv.org/abs/1509.02992	"disintegration, 2015. URL"	"disintegration, 2015. URL"	https://arxiv.org/abs/1509.02992
ASOT-2501	url:https://arxiv.org/abs/1605.01665	"Cannon, K., Cariou, R., Chapman, A., et al. 2012, ApJ,"	"Cannon, K., Cariou, R., Chapman, A., et al. 2012, ApJ,"	https://arxiv.org/abs/1605.01665
ASOT-2502	url:https://arxiv.org/abs/1606.08514	https://arxiv.org/abs/1606.08514	https://arxiv.org/abs/1606.08514	https://arxiv.org/abs/1606.08514
ASOT-2507	url:https://arxiv.org/abs/1711.10455	"learning. CoRR abs/1711.10455 (2017). arXiv:1711.10455"	"learning. CoRR abs/1711.10455 (2017). arXiv:1711.10455"	https://arxiv.org/abs/1711.10455
ASOT-2508	url:https://arxiv.org/abs/1804.00746	"CoRR abs/1804.00746 (2018). arXiv:1804.00746"	"CoRR abs/1804.00746 (2018). arXiv:1804.00746"	https://arxiv.org/abs/1804.00746
ASOT-2509	url:https://arxiv.org/abs/1805.10457	"Harry, I. W., Allen, B., & Sathyaprakash, B. S. 2009,"	"Harry, I. W., Allen, B., & Sathyaprakash, B. S. 2009,"	https://arxiv.org/abs/1805.10457
ASOT-2511	url:https://arxiv.org/abs/1807.07062	"Ajith, P. 2018. e-prints, arXiv:1805.10457."	"Ajith, P. 2018. e-prints, arXiv:1805.10457."	https://arxiv.org/abs/1807.07062
ASOT-2512	url:https://arxiv.org/abs/1812.01158	"CoRR, abs/1812.01158, 2018. URL:"	"CoRR, abs/1812.01158, 2018. URL:"	https://arxiv.org/abs/1812.01158
ASOT-2513	url:https://arxiv.org/abs/1903.01093	"2019). arXiv:1903.01093"	"2019). arXiv:1903.01093"	https://arxiv.org/abs/1903.01093
ASOT-2514	url:https://arxiv.org/abs/1905.03813	"2019. URL: arXiv:1905.03813."	"2019. URL: arXiv:1905.03813."	https://arxiv.org/abs/1905.03813
ASOT-2516	url:https://arxiv.org/abs/2001.04502	"Tews, I., Pang, P. T. H., Dietrich, T., et al. 2021, ApJ, 908,"	"Tews, I., Pang, P. T. H., Dietrich, T., et al. 2021, ApJ, 908,"	https://arxiv.org/abs/2001.04502
ASOT-2517	url:https://arxiv.org/abs/2005.11850	"gravitational waves."	"gravitational waves."	https://arxiv.org/abs/2005.11850
ASOT-2518	url:https://arxiv.org/abs/2005.14208	"mergers. Hooper, S., Chung, S. K., Luan, J., et al. 2012, PhRvD, 86,"	"mergers. Hooper, S., Chung, S. K., Luan, J., et al. 2012, PhRvD, 86,"	https://arxiv.org/abs/2005.14208
ASOT-2519	url:https://arxiv.org/abs/2006.06639	"LIGO Scientific Collaboration, & Virgo Collaboration."	"LIGO Scientific Collaboration, & Virgo Collaboration."	https://arxiv.org/abs/2006.06639
ASOT-2520	url:https://arxiv.org/abs/2006.07385	https://arxiv.org/abs/2006.07385	https://arxiv.org/abs/2006.07385	https://arxiv.org/abs/2006.07385
ASOT-2521	url:https://arxiv.org/abs/2009.06655	"Fryer, C. L. 2020. Fragione, G., & Loeb, A. 2019, MNRAS, 486, 4443,"	"Fryer, C. L. 2020. Fragione, G., & Loeb, A. 2019, MNRAS, 486, 4443,"	https://arxiv.org/abs/2009.06655
ASOT-2523	url:https://arxiv.org/abs/2102.10214	"Blanchet, L., & Sathyaprakash, B. 1995, PhRvL, 74, 1067,"	"Blanchet, L., & Sathyaprakash, B. 1995, PhRvL, 74, 1067,"	https://arxiv.org/abs/2102.10214
ASOT-2524	url:https://arxiv.org/abs/2103.02608	"Alsing, J., Silva, H. O., & Berti, E. 2018, MNRAS, 478,"	"Alsing, J., Silva, H. O., & Berti, E. 2018, MNRAS, 478,"	https://arxiv.org/abs/2103.02608
ASOT-2525	url:https://arxiv.org/abs/2104.00880	"Davis, D., Areeda, J. S., Berger, B. K., et al. 2021, CQGra,"	"Davis, D., Areeda, J. S., Berger, B. K., et al. 2021, CQGra,"	https://arxiv.org/abs/2104.00880
ASOT-2526	url:https://arxiv.org/abs/2105.04069	"Tutorial: synthetic frequency dimensions in dynamically modulated ring resonators"	"Tutorial: synthetic frequency dimensions in dynamically modulated ring resonators"	https://arxiv.org/abs/2105.04069
ASOT-2528	url:https://arxiv.org/abs/2112.05718	"**Lee, B. J., Lisanti, M., & Safdi, B. R.** (2021). *Dark-Matter Wind Complementarity*. [arXiv:2112.05718](https://arxiv.org/abs/2112.05718)."	"**Lee, B. J., Lisanti, M., & Safdi, B. R.** (2021). *Dark-Matter Wind Complementarity*. [arXiv:2112.05718](https://arxiv.org/abs/2112.05718)."	https://arxiv.org/abs/2112.05718
ASOT-2531	url:https://arxiv.org/abs/2205.08582	"**CMS Collaboration.** (2022). *Search for long-lived particles decaying into muon pairs at sqrt(s)=13 TeV*. [arXiv:2205.08582](https://arxiv.org/abs/2205.08582)."	"**CMS Collaboration.** (2022). *Search for long-lived particles decaying into muon pairs at sqrt(s)=13 TeV*. [arXiv:2205.08582](https://arxiv.org/abs/2205.08582)."	https://arxiv.org/abs/2205.08582
ASOT-2533	url:https://arxiv.org/abs/2308.12336	"**Maity, T. N., et al.** (2023). *Neutrinos from the Sun can discover dark matter-electron scattering*. [arXiv:2308.12336](https://arxiv.org/abs/2308.12336)."	"**Maity, T. N., et al.** (2023). *Neutrinos from the Sun can discover dark matter-electron scattering*. [arXiv:2308.12336](https://arxiv.org/abs/2308.12336)."	https://arxiv.org/abs/2308.12336
ASOT-2535	url:https://arxiv.org/abs/2401.12286	"**Bodas, A., Buen-Abad, M. A., Hook, A., & Sundrum, R.** (2024). *A Closer Look in the Mirror: Reflections on the Matter/Dark Matter Coincidence*. [arXiv:2401.12286](https://arxiv.org/abs/2401.12286)."	"**Bodas, A., Buen-Abad, M. A., Hook, A., & Sundrum, R.** (2024). *A Closer Look in the Mirror: Reflections on the Matter/Dark Matter Coincidence*. [arXiv:2401.12286](https://arxiv.org/abs/2401.12286)."	https://arxiv.org/abs/2401.12286
ASOT-2536	url:https://arxiv.org/abs/2402.14491	"**CMS Collaboration.** (2024). *Search for long-lived particles decaying to a pair of muons at sqrt(s)=13.6 TeV*. [arXiv:2402.14491](https://arxiv.org/abs/2402.14491)."	"**CMS Collaboration.** (2024). *Search for long-lived particles decaying to a pair of muons at sqrt(s)=13.6 TeV*. [arXiv:2402.14491](https://arxiv.org/abs/2402.14491)."	https://arxiv.org/abs/2402.14491
ASOT-2539	url:https://arxiv.org/abs/2406.09971	"**ATLAS Collaboration.** (2024). *Combination of Searches for Higgs Boson Pair Production at sqrt(s)=13 TeV*. [arXiv:2406.09971](https://arxiv.org/abs/2406.09971)."	"**ATLAS Collaboration.** (2024). *Combination of Searches for Higgs Boson Pair Production at sqrt(s)=13 TeV*. [arXiv:2406.09971](https://arxiv.org/abs/2406.09971)."	https://arxiv.org/abs/2406.09971
ASOT-2542	url:https://arxiv.org/abs/2503.14738	"**Abdul Karim, M., et al. (DESI).** (2025). *DESI DR2 Results II: Measurements of Baryon Acoustic Oscillations and Cosmological Constraints*. [arXiv:2503.14738](https://arxiv.org/abs/2503.14738)."	"**Abdul Karim, M., et al. (DESI).** (2025). *DESI DR2 Results II: Measurements of Baryon Acoustic Oscillations and Cosmological Constraints*. [arXiv:2503.14738](https://arxiv.org/abs/2503.14738)."	https://arxiv.org/abs/2503.14738
ASOT-2543	url:https://arxiv.org/abs/2504.06118	"figures in (2025)."	"figures in (2025)."	https://arxiv.org/abs/2504.06118
ASOT-2544	url:https://arxiv.org/abs/2504.08304	"**Kanemura, S., Li, S.-P., & Xie, K.-P.** (2025). *Asteroid-mass soliton as the dark matter-baryon coincidence solution*. [arXiv:2504.08304](https://arxiv.org/abs/2504.08304)."	"**Kanemura, S., Li, S.-P., & Xie, K.-P.** (2025). *Asteroid-mass soliton as the dark matter-baryon coincidence solution*. [arXiv:2504.08304](https://arxiv.org/abs/2504.08304)."	https://arxiv.org/abs/2504.08304
ASOT-2545	url:https://arxiv.org/abs/2504.16525	"**Yamashita, K.** (2025). *Gravitational Positivity Bounds on Higgs-Portal Light Dark Matter*. [arXiv:2504.16525](https://arxiv.org/abs/2504.16525)."	"**Yamashita, K.** (2025). *Gravitational Positivity Bounds on Higgs-Portal Light Dark Matter*. [arXiv:2504.16525](https://arxiv.org/abs/2504.16525)."	https://arxiv.org/abs/2504.16525
ASOT-2546	url:https://arxiv.org/abs/2505.01634	"**ATLAS Collaboration.** (2025). *Search for new physics in final states with semi-visible jets using the ATLAS detector*. [arXiv:2505.01634](https://arxiv.org/abs/2505.01634)."	"**ATLAS Collaboration.** (2025). *Search for new physics in final states with semi-visible jets using the ATLAS detector*. [arXiv:2505.01634](https://arxiv.org/abs/2505.01634)."	https://arxiv.org/abs/2505.01634
ASOT-2547	url:https://arxiv.org/abs/2505.05663	"**Abdullahi, A., et al.** (2025). *From oversimplified to overlooked: the case for exploring Rich Dark Sectors*. [arXiv:2505.05663](https://arxiv.org/abs/2505.05663)."	"**Abdullahi, A., et al.** (2025). *From oversimplified to overlooked: the case for exploring Rich Dark Sectors*. [arXiv:2505.05663](https://arxiv.org/abs/2505.05663)."	https://arxiv.org/abs/2505.05663
ASOT-2549	url:https://arxiv.org/abs/2505.22710	"**Asadi, P., Moore, M., Morrissey, D. E., & Shamma, M.** (2025). *Genesis of Baryon and Dark Matter Asymmetries through Ultraviolet Scattering Freeze-in*. [arXiv:2505.22710](https://arxiv.org/abs/2505.22710)."	"**Asadi, P., Moore, M., Morrissey, D. E., & Shamma, M.** (2025). *Genesis of Baryon and Dark Matter Asymmetries through Ultraviolet Scattering Freeze-in*. [arXiv:2505.22710](https://arxiv.org/abs/2505.22710)."	https://arxiv.org/abs/2505.22710
ASOT-2550	url:https://arxiv.org/abs/2506.09489	https://arxiv.org/abs/2506.09489	https://arxiv.org/abs/2506.09489	https://arxiv.org/abs/2506.09489
ASOT-2551	url:https://arxiv.org/abs/2507.10655	"**Mojahed, M. A. & Weber, S.** (2025). *Asymgenesis*. [arXiv:2507.10655](https://arxiv.org/abs/2507.10655)."	"**Mojahed, M. A. & Weber, S.** (2025). *Asymgenesis*. [arXiv:2507.10655](https://arxiv.org/abs/2507.10655)."	https://arxiv.org/abs/2507.10655
ASOT-2552	url:https://arxiv.org/abs/2507.13794	"**Mroz, P., et al.** (2025). *Microlensing optical depth and limits on compact objects from 20 yr OGLE SMC observations*. [arXiv:2507.13794](https://arxiv.org/abs/2507.13794)."	"**Mroz, P., et al.** (2025). *Microlensing optical depth and limits on compact objects from 20 yr OGLE SMC observations*. [arXiv:2507.13794](https://arxiv.org/abs/2507.13794)."	https://arxiv.org/abs/2507.13794
ASOT-2553	url:https://arxiv.org/abs/2507.19577	"**Thoss, V. & Loeb, A.** (2025). *Detecting dark objects in the Solar System with gravitational wave observatories*. [arXiv:2507.19577](https://arxiv.org/abs/2507.19577)."	"**Thoss, V. & Loeb, A.** (2025). *Detecting dark objects in the Solar System with gravitational wave observatories*. [arXiv:2507.19577](https://arxiv.org/abs/2507.19577)."	https://arxiv.org/abs/2507.19577
ASOT-2554	url:https://arxiv.org/abs/2509.05910	"**Turyshev, S. G.** (2025). *Solar-System Experiments in the Search for Dark Energy and Dark Matter*. [arXiv:2509.05910](https://arxiv.org/abs/2509.05910)."	"**Turyshev, S. G.** (2025). *Solar-System Experiments in the Search for Dark Energy and Dark Matter*. [arXiv:2509.05910](https://arxiv.org/abs/2509.05910)."	https://arxiv.org/abs/2509.05910
ASOT-2556	url:https://arxiv.org/abs/2510.17473	"**Crnogorcev, M.** (2025). *The Dark Matters at ICRC 2025*. [arXiv:2510.17473](https://arxiv.org/abs/2510.17473)."	"**Crnogorcev, M.** (2025). *The Dark Matters at ICRC 2025*. [arXiv:2510.17473](https://arxiv.org/abs/2510.17473)."	https://arxiv.org/abs/2510.17473
ASOT-2557	url:https://arxiv.org/abs/2511.07508	"**Berger, J., et al.** (2025). *Galactic magnetic fields seeded by ultralight dark photons*. [arXiv:2511.07508](https://arxiv.org/abs/2511.07508)."	"**Berger, J., et al.** (2025). *Galactic magnetic fields seeded by ultralight dark photons*. [arXiv:2511.07508](https://arxiv.org/abs/2511.07508)."	https://arxiv.org/abs/2511.07508
ASOT-2558	url:https://arxiv.org/abs/2512.00701	"**Barranco, J., et al.** (2026). *Probing a minimal dark gauge sector via microlensing of compact dark objects*. [arXiv:2512.00701](https://arxiv.org/abs/2512.00701)."	"**Barranco, J., et al.** (2026). *Probing a minimal dark gauge sector via microlensing of compact dark objects*. [arXiv:2512.00701](https://arxiv.org/abs/2512.00701)."	https://arxiv.org/abs/2512.00701
ASOT-2560	url:https://arxiv.org/abs/2512.08065	"**LUX-ZEPLIN Collaboration.** (2025). *Searches for Light Dark Matter and CEvNS of Solar Neutrinos with LZ*. [arXiv:2512.08065](https://arxiv.org/abs/2512.08065)."	"**LUX-ZEPLIN Collaboration.** (2025). *Searches for Light Dark Matter and CEvNS of Solar Neutrinos with LZ*. [arXiv:2512.08065](https://arxiv.org/abs/2512.08065)."	https://arxiv.org/abs/2512.08065
ASOT-2562	url:https://arxiv.org/abs/2512.21457	"**Abed, F., AlMellah, A., & Faisel, G.** (2025). *Dark Higgs in Hidden Sector as a Probe for Dark Matter*. [arXiv:2512.21457](https://arxiv.org/abs/2512.21457)."	"**Abed, F., AlMellah, A., & Faisel, G.** (2025). *Dark Higgs in Hidden Sector as a Probe for Dark Matter*. [arXiv:2512.21457](https://arxiv.org/abs/2512.21457)."	https://arxiv.org/abs/2512.21457
ASOT-2564	url:https://arxiv.org/abs/2601.01849	"**Takahashi, H. & Wada, J.** (2026). *Asymmetric Dark Matter from Low-Scale Spontaneous Leptogenesis*. [arXiv:2601.01849](https://arxiv.org/abs/2601.01849)."	"**Takahashi, H. & Wada, J.** (2026). *Asymmetric Dark Matter from Low-Scale Spontaneous Leptogenesis*. [arXiv:2601.01849](https://arxiv.org/abs/2601.01849)."	https://arxiv.org/abs/2601.01849
ASOT-2565	url:https://arxiv.org/abs/2601.04048	"**Pardo, L. & Castaneda, L.** (2026). *Cosmological constraints on viable f(R) models using weak lensing*. [arXiv:2601.04048](https://arxiv.org/abs/2601.04048)."	"**Pardo, L. & Castaneda, L.** (2026). *Cosmological constraints on viable f(R) models using weak lensing*. [arXiv:2601.04048](https://arxiv.org/abs/2601.04048)."	https://arxiv.org/abs/2601.04048
ASOT-2566	url:https://arxiv.org/abs/2601.06284	"**Lomte, S.** (2026). *Shedding Light on Dark Matter via the Higgs Portal*. [arXiv:2601.06284](https://arxiv.org/abs/2601.06284)."	"**Lomte, S.** (2026). *Shedding Light on Dark Matter via the Higgs Portal*. [arXiv:2601.06284](https://arxiv.org/abs/2601.06284)."	https://arxiv.org/abs/2601.06284
ASOT-2567	url:https://arxiv.org/abs/2601.11296	"**XENON Collaboration.** (2026). *Light Dark Matter Search with 7.8 Tonne-Year Ionization-Only Data in XENONnT*. [arXiv:2601.11296](https://arxiv.org/abs/2601.11296)."	"**XENON Collaboration.** (2026). *Light Dark Matter Search with 7.8 Tonne-Year Ionization-Only Data in XENONnT*. [arXiv:2601.11296](https://arxiv.org/abs/2601.11296)."	https://arxiv.org/abs/2601.11296
ASOT-2568	url:https://arxiv.org/abs/2601.13033	"**Wilson-Edwards, D.** (2026). *Searches for unusual signatures from dark sectors with the ATLAS Experiment*. [arXiv:2601.13033](https://arxiv.org/abs/2601.13033)."	"**Wilson-Edwards, D.** (2026). *Searches for unusual signatures from dark sectors with the ATLAS Experiment*. [arXiv:2601.13033](https://arxiv.org/abs/2601.13033)."	https://arxiv.org/abs/2601.13033
ASOT-2569	url:https://arxiv.org/abs/2601.13147	"**Das, J., Niyogi, S., & Srivastava, T.** (2026). *Revisiting Singlet Fermion Dark Matter with a Scalar Portal*. [arXiv:2601.13147](https://arxiv.org/abs/2601.13147)."	"**Das, J., Niyogi, S., & Srivastava, T.** (2026). *Revisiting Singlet Fermion Dark Matter with a Scalar Portal*. [arXiv:2601.13147](https://arxiv.org/abs/2601.13147)."	https://arxiv.org/abs/2601.13147
ASOT-2570	url:https://arxiv.org/abs/2601.14559	"**DES Collaboration.** (2026). *Dark Energy Survey Year 6 Results: Cosmological Constraints from Galaxy Clustering and Weak Lensing*. [arXiv:2601.14559](https://arxiv.org/abs/2601.14559)."	"**DES Collaboration.** (2026). *Dark Energy Survey Year 6 Results: Cosmological Constraints from Galaxy Clustering and Weak Lensing*. [arXiv:2601.14559](https://arxiv.org/abs/2601.14559)."	https://arxiv.org/abs/2601.14559
ASOT-2571	url:https://arxiv.org/abs/2601.18433	"**Gazeau, J.-P., Pejhan, H., & Todorov, I.** (2026). *Massless Representations in Conformal Space and Their de Sitter (dS) Restrictions*. [arXiv:2601.18433](https://arxiv.org/abs/2601.18433)."	"**Gazeau, J.-P., Pejhan, H., & Todorov, I.** (2026). *Massless Representations in Conformal Space and Their de Sitter (dS) Restrictions*. [arXiv:2601.18433](https://arxiv.org/abs/2601.18433)."	https://arxiv.org/abs/2601.18433
ASOT-2572	url:https://arxiv.org/abs/2601.19734	"**Alvarez, P. D., Izaurieta, F., & Quinzacara, C.** (2026). *Towards an Action Principle Unifying the Standard Model and Gravity*. [arXiv:2601.19734](https://arxiv.org/abs/2601.19734)."	"**Alvarez, P. D., Izaurieta, F., & Quinzacara, C.** (2026). *Towards an Action Principle Unifying the Standard Model and Gravity*. [arXiv:2601.19734](https://arxiv.org/abs/2601.19734)."	https://arxiv.org/abs/2601.19734
ASOT-2575	url:https://arxiv.org/abs/2602.03235	"**Elgammal, S. & De Filippis, N.** (2026). *Search for dark Higgs in the Mono-Z-prime portal at FCC-ee*. [arXiv:2602.03235](https://arxiv.org/abs/2602.03235)."	"**Elgammal, S. & De Filippis, N.** (2026). *Search for dark Higgs in the Mono-Z-prime portal at FCC-ee*. [arXiv:2602.03235](https://arxiv.org/abs/2602.03235)."	https://arxiv.org/abs/2602.03235
ASOT-2576	url:https://arxiv.org/abs/2602.03384	"**Abhishek & Mummidi, V. S.** (2026). *Asymmetric dark matter from leptogenesis in type-III seesaw with modular S4 symmetry*. [arXiv:2602.03384](https://arxiv.org/abs/2602.03384)."	"**Abhishek & Mummidi, V. S.** (2026). *Asymmetric dark matter from leptogenesis in type-III seesaw with modular S4 symmetry*. [arXiv:2602.03384](https://arxiv.org/abs/2602.03384)."	https://arxiv.org/abs/2602.03384
ASOT-2577	url:https://arxiv.org/abs/2602.11310	"**Escobal, A. A., et al.** (2026). *Linear Growth of Matter Perturbations in an Interacting Dark Sector*. [arXiv:2602.11310](https://arxiv.org/abs/2602.11310)."	"**Escobal, A. A., et al.** (2026). *Linear Growth of Matter Perturbations in an Interacting Dark Sector*. [arXiv:2602.11310](https://arxiv.org/abs/2602.11310)."	https://arxiv.org/abs/2602.11310
ASOT-2578	url:https://arxiv.org/abs/2602.11405	"**Gninenko, S. N., et al.** (2026). *Constraints on dark axion portal: missing energy and fermion EDMs*. [arXiv:2602.11405](https://arxiv.org/abs/2602.11405)."	"**Gninenko, S. N., et al.** (2026). *Constraints on dark axion portal: missing energy and fermion EDMs*. [arXiv:2602.11405](https://arxiv.org/abs/2602.11405)."	https://arxiv.org/abs/2602.11405
ASOT-2579	url:https://arxiv.org/abs/2602.12176	"**Guevara, A., et al.** (2026). *Single-minus gluon tree amplitudes are nonzero*. [arXiv:2602.12176](https://arxiv.org/abs/2602.12176)."	"**Guevara, A., et al.** (2026). *Single-minus gluon tree amplitudes are nonzero*. [arXiv:2602.12176](https://arxiv.org/abs/2602.12176)."	https://arxiv.org/abs/2602.12176
ASOT-2580	url:https://arxiv.org/abs/2602.12238	"**Pantos, I. & Perivolaropoulos, L.** (2026). *Status of the S8 Tension: A 2026 Review of Probe Discrepancies*. [arXiv:2602.12238](https://arxiv.org/abs/2602.12238)."	"**Pantos, I. & Perivolaropoulos, L.** (2026). *Status of the S8 Tension: A 2026 Review of Probe Discrepancies*. [arXiv:2602.12238](https://arxiv.org/abs/2602.12238)."	https://arxiv.org/abs/2602.12238
ASOT-2581	url:https://arxiv.org/abs/2602.14866	"**Feng, W.-Z. & Zhang, Z.-H.** (2026). *Gauge-independent gravitational waves from a minimal dark U(1) sector*. [arXiv:2602.14866](https://arxiv.org/abs/2602.14866)."	"**Feng, W.-Z. & Zhang, Z.-H.** (2026). *Gauge-independent gravitational waves from a minimal dark U(1) sector*. [arXiv:2602.14866](https://arxiv.org/abs/2602.14866)."	https://arxiv.org/abs/2602.14866
ASOT-2582	url:https://arxiv.org/abs/2602.15132	"**Di Mauro, M., et al.** (2026). *Enhanced Cosmic-Ray Antinuclei Fluxes with Dark Matter Annihilation into SUEPs*. [arXiv:2602.15132](https://arxiv.org/abs/2602.15132)."	"**Di Mauro, M., et al.** (2026). *Enhanced Cosmic-Ray Antinuclei Fluxes with Dark Matter Annihilation into SUEPs*. [arXiv:2602.15132](https://arxiv.org/abs/2602.15132)."	https://arxiv.org/abs/2602.15132
ASOT-2583	url:https://arxiv.org/abs/2602.15974	"**Green, A. M.** (2026). *Stellar microlensing as a probe of Primordial Black Holes*. [arXiv:2602.15974](https://arxiv.org/abs/2602.15974)."	"**Green, A. M.** (2026). *Stellar microlensing as a probe of Primordial Black Holes*. [arXiv:2602.15974](https://arxiv.org/abs/2602.15974)."	https://arxiv.org/abs/2602.15974
ASOT-2584	url:https://arxiv.org/abs/2602.16822	"**Huang, P., Medina, A. D., & Wagner, C. E. M.** (2026). *Rescuing Overabundant Dark Matter with a Strongly First Order Phase Transition*. [arXiv:2602.16822](https://arxiv.org/abs/2602.16822)."	"**Huang, P., Medina, A. D., & Wagner, C. E. M.** (2026). *Rescuing Overabundant Dark Matter with a Strongly First Order Phase Transition*. [arXiv:2602.16822](https://arxiv.org/abs/2602.16822)."	https://arxiv.org/abs/2602.16822
ASOT-2585	url:https://arxiv.org/abs/2602.18564	"**Carvalho-Correa, J. P., Couto e Silva, B. A., & Sanchez-Vega, B. L.** (2026). *Mixed Freeze-In and Freeze-Out Histories in a Z4 Two-Scalar Model*. [arXiv:2602.18564](https://arxiv.org/abs/2602.18564)."	"**Carvalho-Correa, J. P., Couto e Silva, B. A., & Sanchez-Vega, B. L.** (2026). *Mixed Freeze-In and Freeze-Out Histories in a Z4 Two-Scalar Model*. [arXiv:2602.18564](https://arxiv.org/abs/2602.18564)."	https://arxiv.org/abs/2602.18564
ASOT-2586	url:https://arxiv.org/abs/2602.20237	"**McKenna, H. G. F., Smirnov, J., & Gorbahn, M.** (2026). *Linking Leptogenesis and Asymmetric Dark Matter*. [arXiv:2602.20237](https://arxiv.org/abs/2602.20237)."	"**McKenna, H. G. F., Smirnov, J., & Gorbahn, M.** (2026). *Linking Leptogenesis and Asymmetric Dark Matter*. [arXiv:2602.20237](https://arxiv.org/abs/2602.20237)."	https://arxiv.org/abs/2602.20237
ASOT-2587	url:https://arxiv.org/abs/2602.20242	"**Feiteira, D., Lebedev, O., & Oliveira, V.** (2026). *Warm dark matter from freeze-in at stronger coupling*. [arXiv:2602.20242](https://arxiv.org/abs/2602.20242)."	"**Feiteira, D., Lebedev, O., & Oliveira, V.** (2026). *Warm dark matter from freeze-in at stronger coupling*. [arXiv:2602.20242](https://arxiv.org/abs/2602.20242)."	https://arxiv.org/abs/2602.20242
ASOT-2588	url:https://arxiv.org/abs/2602.20760	"**Chaudhuri, A.** (2026). *Dark Temperature Hierarchies and Gravitational Waves from the Electroweak Phase Transition*. [arXiv:2602.20760](https://arxiv.org/abs/2602.20760)."	"**Chaudhuri, A.** (2026). *Dark Temperature Hierarchies and Gravitational Waves from the Electroweak Phase Transition*. [arXiv:2602.20760](https://arxiv.org/abs/2602.20760)."	https://arxiv.org/abs/2602.20760
ASOT-2589	url:https://arxiv.org/abs/2602.21774	"**Yildiz, L., et al.** (2026). *Linear Perturbations and Multi-Probe Diagnostics in Dark-Sector Selective f(R,T_chi) Gravity*. [arXiv:2602.21774](https://arxiv.org/abs/2602.21774)."	"**Yildiz, L., et al.** (2026). *Linear Perturbations and Multi-Probe Diagnostics in Dark-Sector Selective f(R,T_chi) Gravity*. [arXiv:2602.21774](https://arxiv.org/abs/2602.21774)."	https://arxiv.org/abs/2602.21774
ASOT-2590	url:https://arxiv.org/abs/2602.22308	"**Barir, J., et al.** (2026). *NASDUCK-prime: Laboratory Limits on Ultralight Dark-Photon Dark Matter*. [arXiv:2602.22308](https://arxiv.org/abs/2602.22308)."	"**Barir, J., et al.** (2026). *NASDUCK-prime: Laboratory Limits on Ultralight Dark-Photon Dark Matter*. [arXiv:2602.22308](https://arxiv.org/abs/2602.22308)."	https://arxiv.org/abs/2602.22308
ASOT-2591	url:https://arxiv.org/abs/2602.22990	"**London, A. S., et al.** (2026). *Cosmic voids as a probe of the nature of dark matter*. [arXiv:2602.22990](https://arxiv.org/abs/2602.22990)."	"**London, A. S., et al.** (2026). *Cosmic voids as a probe of the nature of dark matter*. [arXiv:2602.22990](https://arxiv.org/abs/2602.22990)."	https://arxiv.org/abs/2602.22990
ASOT-2592	url:https://arxiv.org/abs/2602.23708	"**Bramante, J.** (2026). *Very Heavy and Composite Dark Matter: Theory and Experimental Searches*. [arXiv:2602.23708](https://arxiv.org/abs/2602.23708)."	"**Bramante, J.** (2026). *Very Heavy and Composite Dark Matter: Theory and Experimental Searches*. [arXiv:2602.23708](https://arxiv.org/abs/2602.23708)."	https://arxiv.org/abs/2602.23708
ASOT-2593	url:https://arxiv.org/abs/2603.00247	"**Angel, L., et al.** (2026). *Search for Light Dark Sectors Using Electron-Photon Collisions*. [arXiv:2603.00247](https://arxiv.org/abs/2603.00247)."	"**Angel, L., et al.** (2026). *Search for Light Dark Sectors Using Electron-Photon Collisions*. [arXiv:2603.00247](https://arxiv.org/abs/2603.00247)."	https://arxiv.org/abs/2603.00247
ASOT-2594	url:https://arxiv.org/abs/2603.00554	"**De Romeri, V., et al.** (2026). *Testing light and heavy vector mediators with solar CEvNS measurements*. [arXiv:2603.00554](https://arxiv.org/abs/2603.00554)."	"**De Romeri, V., et al.** (2026). *Testing light and heavy vector mediators with solar CEvNS measurements*. [arXiv:2603.00554](https://arxiv.org/abs/2603.00554)."	https://arxiv.org/abs/2603.00554
ASOT-2595	url:https://arxiv.org/abs/2603.03433	"**Arza, A., et al.** (2026). *The COSMIC WISPers White Paper*. [arXiv:2603.03433](https://arxiv.org/abs/2603.03433)."	"**Arza, A., et al.** (2026). *The COSMIC WISPers White Paper*. [arXiv:2603.03433](https://arxiv.org/abs/2603.03433)."	https://arxiv.org/abs/2603.03433
ASOT-2596	url:https://arxiv.org/abs/2603.03446	"**Brax, P., et al.** (2026). *Illuminating the dark universe in the multi-messenger era*. [arXiv:2603.03446](https://arxiv.org/abs/2603.03446)."	"**Brax, P., et al.** (2026). *Illuminating the dark universe in the multi-messenger era*. [arXiv:2603.03446](https://arxiv.org/abs/2603.03446)."	https://arxiv.org/abs/2603.03446
ASOT-2597	url:https://arxiv.org/abs/2603.04841	"**Gurrola, A., Scherrer, R. J., & Trivedi, O.** (2026). *Probing Dark Energy on the Moon*. [arXiv:2603.04841](https://arxiv.org/abs/2603.04841)."	"**Gurrola, A., Scherrer, R. J., & Trivedi, O.** (2026). *Probing Dark Energy on the Moon*. [arXiv:2603.04841](https://arxiv.org/abs/2603.04841)."	https://arxiv.org/abs/2603.04841
ASOT-2598	url:https://arxiv.org/abs/2603.05006	"**Ivanov, A., et al.** (2026). *Sensitivity of a closed dielectric haloscope to axion dark matter*. [arXiv:2603.05006](https://arxiv.org/abs/2603.05006)."	"**Ivanov, A., et al.** (2026). *Sensitivity of a closed dielectric haloscope to axion dark matter*. [arXiv:2603.05006](https://arxiv.org/abs/2603.05006)."	https://arxiv.org/abs/2603.05006
ASOT-2602	url:https://arxiv.org/abs/cond-mat/9701074	"superconductor below 70 K under e.m. field ,"	"superconductor below 70 K under e.m. field ,"	https://arxiv.org/abs/cond-mat/9701074
ASOT-2610	url:https://arxiv.org/abs/gr-qc/9410014	"**Barbero G., J. F.** (1995). *Real Ashtekar variables for Lorentzian signature space-times*. Phys. Rev. D 51, 5507-5510. [arXiv:gr-qc/9410014](https://arxiv.org/abs/gr-qc/9410014)."	"**Barbero G., J. F.** (1995). *Real Ashtekar variables for Lorentzian signature space-times*. Phys. Rev. D 51, 5507-5510. [arXiv:gr-qc/9410014](https://arxiv.org/abs/gr-qc/9410014)."	https://arxiv.org/abs/gr-qc/9410014
ASOT-2611	url:https://arxiv.org/abs/gr-qc/9510071	"**Ford, L. H., & Roman, T. A.** (1996). *Quantum field theory constrains traversable wormhole geometries*. Phys. Rev. D 53, 5496-5507. [arXiv:gr-qc/9510071](https://arxiv.org/abs/gr-qc/9510071)."	"**Ford, L. H., & Roman, T. A.** (1996). *Quantum field theory constrains traversable wormhole geometries*. Phys. Rev. D 53, 5496-5507. [arXiv:gr-qc/9510071](https://arxiv.org/abs/gr-qc/9510071)."	https://arxiv.org/abs/gr-qc/9510071
ASOT-2612	url:https://arxiv.org/abs/gr-qc/9612030	"**Immirzi, G.** (1997). *Real and complex connections for canonical gravity*. CQG 14, L177-L181. [arXiv:gr-qc/9612030](https://arxiv.org/abs/gr-qc/9612030)."	"**Immirzi, G.** (1997). *Real and complex connections for canonical gravity*. CQG 14, L177-L181. [arXiv:gr-qc/9612030](https://arxiv.org/abs/gr-qc/9612030)."	https://arxiv.org/abs/gr-qc/9612030
ASOT-2613	url:https://arxiv.org/abs/gr-qc/9702026	"**Pfenning, M. J., & Ford, L. H.** (1997). *The unphysical nature of ""Warp Drive""*. CQG 14, 1743-1751. [arXiv:gr-qc/9702026](https://arxiv.org/abs/gr-qc/9702026)."	"**Pfenning, M. J., & Ford, L. H.** (1997). *The unphysical nature of ""Warp Drive""*. CQG 14, 1743-1751. [arXiv:gr-qc/9702026](https://arxiv.org/abs/gr-qc/9702026)."	https://arxiv.org/abs/gr-qc/9702026
ASOT-2620	url:https://arxiv.org/abs/hep-th/0603081	hep-th/0603081.	hep-th/0603081.	https://arxiv.org/abs/hep-th/0603081
ASOT-2643	url:https://arxiv.org/abs/math/0604092	"**De Marrais, R. P.** (2006). *The 42 Assessors and the Box-Kites they fly: Diagonal Axis-Pair Systems of Zero-Divisors in the Sedenions' 16 Dimensions*. [arXiv:math/0604092](https://arxiv.org/abs/math/0604092)."	"**De Marrais, R. P.** (2006). *The 42 Assessors and the Box-Kites they fly: Diagonal Axis-Pair Systems of Zero-Divisors in the Sedenions' 16 Dimensions*. [arXiv:math/0604092](https://arxiv.org/abs/math/0604092)."	https://arxiv.org/abs/math/0604092
ASOT-2647	url:https://arxiv.org/abs/physics/9912033	https://arxiv.org/abs/physics/9912033	https://arxiv.org/abs/physics/9912033	https://arxiv.org/abs/physics/9912033
ASOT-2653	url:https://arxiv.org/abs/unknown	"Monograph: Composition Algebras and Physical Applications"	"Monograph: Composition Algebras and Physical Applications"	https://arxiv.org/abs/unknown
ASOT-2775	url:https://doi.org/	"CMS experiment at the CERN LHC, J. Instrum. 16 (2021) P05014,"	"CMS experiment at the CERN LHC, J. Instrum. 16 (2021) P05014,"	https://doi.org/
ASOT-2776	url:https://doi.org/10	"kaons with the KLOE experiment, Phys. Lett. B 730 (2014) 89,"	"kaons with the KLOE experiment, Phys. Lett. B 730 (2014) 89,"	https://doi.org/10
ASOT-2777	url:https://doi.org/10.1007/	"sions at   = 7 TeV, J. High Energy Phys. 01 (2011) 080,"	"sions at   = 7 TeV, J. High Energy Phys. 01 (2011) 080,"	https://doi.org/10.1007/
ASOT-2778	url:https://doi.org/10.1088%	"1] Alcubierre M 1994 Classical and Quantum Gravity 11 L73 L77 URL"	"1] Alcubierre M 1994 Classical and Quantum Gravity 11 L73 L77 URL"	https://doi.org/10.1088%
ASOT-2779	url:https://doi.org/10.1103/	"with dilepton events, Phys. Rev. Lett. 100 (2008) 131802,"	"with dilepton events, Phys. Rev. Lett. 100 (2008) 131802,"	https://doi.org/10.1103/
ASOT-2780	url:https://doi.org/null	"Structures in Computer Science 11, 02 (4 2001), 207 260."	"Structures in Computer Science 11, 02 (4 2001), 207 260."	https://doi.org/null
ASOT-2807	url:https://journals.aps.org/prl/abstract/10.1103/physrevlett.43.744	"**Parisi, G. & Sourlas, N.** (1979). *Random Magnetic Fields, Supersymmetry, and Negative Dimensions*. Physical Review Letters 43, 744. [APS](https://journals.aps.org/prl/abstract/10.1103/PhysRevLett.43.744)."	"**Parisi, G. & Sourlas, N.** (1979). *Random Magnetic Fields, Supersymmetry, and Negative Dimensions*. Physical Review Letters 43, 744. [APS](https://journals.aps.org/prl/abstract/10.1103/PhysRevLett.43.744)."	https://journals.aps.org/prl/abstract/10.1103/PhysRevLett.43.744
ASOT-2818	url:https://link.springer.com/article/10.1140/epjc/s10052-019-6967-1	location:	location:	https://link.springer.com/article/10.1140/epjc/s10052-019-6967-1
ASOT-2820	url:https://link.springer.com/article/10.1155/2008/213293	location:	location:	https://link.springer.com/article/10.1155/2008/213293
ASOT-2821	url:https://link.springer.com/article/10.1186/2193-9772-3-4	"h5ebsd format paper landing (Springer)"	"h5ebsd format paper landing (Springer)"	https://link.springer.com/article/10.1186/2193-9772-3-4
ASOT-2822	url:https://link.springer.com/article/10.12942/lrr-2014-4	location:	location:	https://link.springer.com/article/10.12942/lrr-2014-4
ASOT-2823	url:https://link.springer.com/article/10.1515/fca-2017-0002	location:	location:	https://link.springer.com/article/10.1515/fca-2017-0002
ASOT-2826	url:https://linkinghub.elsevier.com/retrieve/pii/0370269372904832	location:	location:	https://linkinghub.elsevier.com/retrieve/pii/0370269372904832
ASOT-2827	url:https://linkinghub.elsevier.com/retrieve/pii/s0003491610001752	location:	location:	https://linkinghub.elsevier.com/retrieve/pii/S0003491610001752
ASOT-2828	url:https://linkinghub.elsevier.com/retrieve/pii/s0003491614001596	location:	location:	https://linkinghub.elsevier.com/retrieve/pii/S0003491614001596
ASOT-2829	url:https://linkinghub.elsevier.com/retrieve/pii/s0007449711001254	location:	location:	https://linkinghub.elsevier.com/retrieve/pii/S0007449711001254
ASOT-2831	url:https://linkinghub.elsevier.com/retrieve/pii/s0022404908001667	location:	location:	https://linkinghub.elsevier.com/retrieve/pii/S0022404908001667
ASOT-2832	url:https://linkinghub.elsevier.com/retrieve/pii/s0196677403001925	location:	location:	https://linkinghub.elsevier.com/retrieve/pii/S0196677403001925
ASOT-2833	url:https://linkinghub.elsevier.com/retrieve/pii/s0370157301000151	location:	location:	https://linkinghub.elsevier.com/retrieve/pii/S0370157301000151
ASOT-2834	url:https://linkinghub.elsevier.com/retrieve/pii/s0375960100002012	location:	location:	https://linkinghub.elsevier.com/retrieve/pii/S0375960100002012
ASOT-2835	url:https://linkinghub.elsevier.com/retrieve/pii/s0898122124002621	location:	location:	https://linkinghub.elsevier.com/retrieve/pii/S0898122124002621
ASOT-2857	url:https://ncatlab.org/nlab/show/monstrous+moonshine	"**nLab contributors.** *Monstrous Moonshine*. [nLab](https://ncatlab.org/nlab/show/Monstrous+Moonshine)."	"**nLab contributors.** *Monstrous Moonshine*. [nLab](https://ncatlab.org/nlab/show/Monstrous+Moonshine)."	https://ncatlab.org/nlab/show/Monstrous+Moonshine
ASOT-2857	url:https://ncatlab.org/nlab/show/monstrous+moonshine	"**nLab contributors.** *Monstrous Moonshine*. [nLab](https://ncatlab.org/nlab/show/Monstrous+Moonshine)."	"**nLab contributors.** *Monstrous Moonshine*. [nLab](https://ncatlab.org/nlab/show/Monstrous+Moonshine)."	https://raw.githubusercontent.com/ncatlab/nlab-content/master/pages/monstrous%20moonshine.md
ASOT-2862	url:https://osf.io/	"is a domain-general registry service that provides multiple formats for"	"is a domain-general registry service that provides multiple formats for"	https://osf.io/
ASOT-2863	url:https://osf.io/6q7nm/	"established for preregistration badge credentials (), and collections of"	"established for preregistration badge credentials (), and collections of"	https://osf.io/6q7nm/
ASOT-2864	url:https://osf.io/zab38/wiki/	"preregistration templates ()."	"preregistration templates ()."	https://osf.io/zab38/wiki/
ASOT-2885	url:https://scispace.com/papers/a-catalog-of-cayley-dickson-like-products-4m4any3920	tags/m3	tags/m3	https://scispace.com/papers/a-catalog-of-cayley-dickson-like-products-4m4any3920
ASOT-2886	url:https://scispace.com/papers/a-cayley-dickson-process-for-a-class-of-structurable-n2ezvv8pl1	scispace/generalized-cd	scispace/generalized-cd	https://scispace.com/papers/a-cayley-dickson-process-for-a-class-of-structurable-n2ezvv8pl1
ASOT-2887	url:https://scispace.com/papers/a-short-characterization-of-the-octonions-42f9inm7lw	octonions/scispace-general-fields	octonions/scispace-general-fields	https://scispace.com/papers/a-short-characterization-of-the-octonions-42f9inm7lw
ASOT-2888	url:https://scispace.com/papers/a-tree-for-computing-the-cayley-dickson-twist-2vy32iu9ys	tags/m3	tags/m3	https://scispace.com/papers/a-tree-for-computing-the-cayley-dickson-twist-2vy32iu9ys
ASOT-2889	url:https://scispace.com/papers/all-hurwitz-algebras-from-3d-geometric-algebras-1xtvnco2jx	octonions/scispace-general-fields	octonions/scispace-general-fields	https://scispace.com/papers/all-hurwitz-algebras-from-3d-geometric-algebras-1xtvnco2jx
ASOT-2890	url:https://scispace.com/papers/alternating-roots-of-polynomials-over-cayley-dickson-155kt2ws4q	tags/f1	tags/f1	https://scispace.com/papers/alternating-roots-of-polynomials-over-cayley-dickson-155kt2ws4q
ASOT-2891	url:https://scispace.com/papers/an-algorithm-for-multiplication-of-trigintaduonions-51mrn2gxe6	tags/s1	tags/s1	https://scispace.com/papers/an-algorithm-for-multiplication-of-trigintaduonions-51mrn2gxe6
ASOT-2892	url:https://scispace.com/papers/an-alternate-cayley-dickson-product-2prgmfssdd	tags/m3	tags/m3	https://scispace.com/papers/an-alternate-cayley-dickson-product-2prgmfssdd
ASOT-2893	url:https://scispace.com/papers/associative-space-time-sedenions-56lb37fvh6	scispace/nonstandard-16d	scispace/nonstandard-16d	https://scispace.com/papers/associative-space-time-sedenions-56lb37fvh6
ASOT-2894	url:https://scispace.com/papers/automorphism-groups-of-cayley-dickson-loops-511z8qwizn	tags/l1	tags/l1	https://scispace.com/papers/automorphism-groups-of-cayley-dickson-loops-511z8qwizn
ASOT-2895	url:https://scispace.com/papers/beta-and-gamma-functions-of-cayley-dickson-numbers-2qwfvyyx33	tags/f1	tags/f1	https://scispace.com/papers/beta-and-gamma-functions-of-cayley-dickson-numbers-2qwfvyyx33
ASOT-2896	url:https://scispace.com/papers/cayley-dickson-algebras-and-finite-geometry-s0d0h7d8py	tags/s1	tags/s1	https://scispace.com/papers/cayley-dickson-algebras-and-finite-geometry-s0d0h7d8py
ASOT-2897	url:https://scispace.com/papers/cayley-dickson-process-and-centrally-essential-rings-58182ht7ds	tags/m4	tags/m4	https://scispace.com/papers/cayley-dickson-process-and-centrally-essential-rings-58182ht7ds
ASOT-2898	url:https://scispace.com/papers/cayley-dickson-split-algebras-doubly-alternative-zero-1br2dcas	tags/m4	tags/m4	https://scispace.com/papers/cayley-dickson-split-algebras-doubly-alternative-zero-1br2dcas
ASOT-2899	url:https://scispace.com/papers/cayley-dicksonia-revisited-2rn4iorlw8	scispace/generalized-cd	scispace/generalized-cd	https://scispace.com/papers/cayley-dicksonia-revisited-2rn4iorlw8
ASOT-2900	url:https://scispace.com/papers/codes-over-a-subset-of-octonion-integers-oa3cbwr8f0	octonions/scispace-integral	octonions/scispace-integral	https://scispace.com/papers/codes-over-a-subset-of-octonion-integers-oa3cbwr8f0
ASOT-2901	url:https://scispace.com/papers/color-confinement-and-spatial-dimensions-in-the-complex-3lsvkgcaa2	scispace/complexified	scispace/complexified	https://scispace.com/papers/color-confinement-and-spatial-dimensions-in-the-complex-3lsvkgcaa2
ASOT-2902	url:https://scispace.com/papers/composition-algebras-41660krk5l	octonions/scispace-general-fields	octonions/scispace-general-fields	https://scispace.com/papers/composition-algebras-41660krk5l
ASOT-2903	url:https://scispace.com/papers/composition-algebras-over-k-t-at2-b-3zk0p2lucb	octonions/scispace-general-fields	octonions/scispace-general-fields	https://scispace.com/papers/composition-algebras-over-k-t-at2-b-3zk0p2lucb
ASOT-2904	url:https://scispace.com/papers/conjugation-matters-bioctonionic-veronese-vectors-and-cayley-vlcag1rk	octonions/scispace-complexified	octonions/scispace-complexified	https://scispace.com/papers/conjugation-matters-bioctonionic-veronese-vectors-and-cayley-vlcag1rk
ASOT-2905	url:https://scispace.com/papers/constructing-zero-divisors-in-the-higher-dimensional-cayley-pl2mtw3k7k	tags/s1	tags/s1	https://scispace.com/papers/constructing-zero-divisors-in-the-higher-dimensional-cayley-pl2mtw3k7k
ASOT-2906	url:https://scispace.com/papers/differentiable-functions-of-cayley-dickson-numbers-and-line-lyqaiqul6q	tags/f1	tags/f1	https://scispace.com/papers/differentiable-functions-of-cayley-dickson-numbers-and-line-lyqaiqul6q
ASOT-2907	url:https://scispace.com/papers/draft-unveiling-the-structure-of-cayley-dickson-algebras-0txndmtxqgqy	tags/m2	tags/m2	https://scispace.com/papers/draft-unveiling-the-structure-of-cayley-dickson-algebras-0txndmtxqgqy
ASOT-2908	url:https://scispace.com/papers/electromagnetic-energy-conservation-with-complex-octonions-44cr66wivg	octonions/scispace-complexified	octonions/scispace-complexified	https://scispace.com/papers/electromagnetic-energy-conservation-with-complex-octonions-44cr66wivg
ASOT-2909	url:https://scispace.com/papers/flipped-non-associative-polynomial-rings-and-the-cayley-68sr3vgr7p	tags/m3	tags/m3	https://scispace.com/papers/flipped-non-associative-polynomial-rings-and-the-cayley-68sr3vgr7p
ASOT-2910	url:https://scispace.com/papers/flying-higher-than-a-box-kite-kite-chain-middens-sand-439dhetweq	tags/n0	tags/n0	https://scispace.com/papers/flying-higher-than-a-box-kite-kite-chain-middens-sand-439dhetweq
ASOT-2911	url:https://scispace.com/papers/generalized-split-octonion-electrodynamics-5cf79c9gb8	octonions/scispace-split	octonions/scispace-split	https://scispace.com/papers/generalized-split-octonion-electrodynamics-5cf79c9gb8
ASOT-2912	url:https://scispace.com/papers/generically-split-octonion-algebras-and-a-1-homotopy-theory-4jqm22q3gp	octonions/scispace-general-fields	octonions/scispace-general-fields	https://scispace.com/papers/generically-split-octonion-algebras-and-a-1-homotopy-theory-4jqm22q3gp
ASOT-2913	url:https://scispace.com/papers/homothetic-motions-with-dual-octonions-in-dual-8-space-55z5wxvg5s	octonions/scispace-dual	octonions/scispace-dual	https://scispace.com/papers/homothetic-motions-with-dual-octonions-in-dual-8-space-55z5wxvg5s
ASOT-2914	url:https://scispace.com/papers/hyperholomorphicity-by-proposing-the-corresponding-cauchy-1ji5eq5122	scispace/function-theory	scispace/function-theory	https://scispace.com/papers/hyperholomorphicity-by-proposing-the-corresponding-cauchy-1ji5eq5122
ASOT-2915	url:https://scispace.com/papers/identities-for-algebras-obtained-from-the-cayley-dickson-49wt79bcis	tags/r1	tags/r1	https://scispace.com/papers/identities-for-algebras-obtained-from-the-cayley-dickson-49wt79bcis
ASOT-2916	url:https://scispace.com/papers/investigating-sedenion-extension-loops-and-frames-of-general-z5iny7qqpv	tags/m1	tags/m1	https://scispace.com/papers/investigating-sedenion-extension-loops-and-frames-of-general-z5iny7qqpv
ASOT-2917	url:https://scispace.com/papers/large-annihilators-in-cayley-dickson-algebras-1cc5mncnta	tags/s1	tags/s1	https://scispace.com/papers/large-annihilators-in-cayley-dickson-algebras-1cc5mncnta
ASOT-2918	url:https://scispace.com/papers/large-annihilators-in-cayley-dickson-algebras-ii-3m3azv8tbi	tags/m2	tags/m2	https://scispace.com/papers/large-annihilators-in-cayley-dickson-algebras-ii-3m3azv8tbi
ASOT-2919	url:https://scispace.com/papers/lattices-associated-with-octonion-algebras-1rh84fzrma	octonions/scispace-integral	octonions/scispace-integral	https://scispace.com/papers/lattices-associated-with-octonion-algebras-1rh84fzrma
ASOT-2920	url:https://scispace.com/papers/local-and-2-local-derivations-of-the-octonion-algebra-3w7otzitjy	octonions/scispace-general-fields	octonions/scispace-general-fields	https://scispace.com/papers/local-and-2-local-derivations-of-the-octonion-algebra-3w7otzitjy
ASOT-2921	url:https://scispace.com/papers/matrix-representations-of-octonions-and-their-applications-2n9j4t3z84	octonions/scispace-real-division	octonions/scispace-real-division	https://scispace.com/papers/matrix-representations-of-octonions-and-their-applications-2n9j4t3z84
ASOT-2922	url:https://scispace.com/papers/matrix-representations-of-octonions-and-their-applications-3cfmolv6t6	octonions/scispace-real-division	octonions/scispace-real-division	https://scispace.com/papers/matrix-representations-of-octonions-and-their-applications-3cfmolv6t6
ASOT-2923	url:https://scispace.com/papers/moufang-loops-arising-from-zorn-vector-matrix-algebras-449xmm30su	octonions/scispace-split	octonions/scispace-split	https://scispace.com/papers/moufang-loops-arising-from-zorn-vector-matrix-algebras-449xmm30su
ASOT-2924	url:https://scispace.com/papers/octonion-integers-and-tight-5-designs-1snho2sw	octonions/scispace-integral	octonions/scispace-integral	https://scispace.com/papers/octonion-integers-and-tight-5-designs-1snho2sw
ASOT-2925	url:https://scispace.com/papers/octonion-x-product-and-e8-lattices-3z7cr641ff	octonions/scispace-integral	octonions/scispace-integral	https://scispace.com/papers/octonion-x-product-and-e8-lattices-3z7cr641ff
ASOT-2926	url:https://scispace.com/papers/octoniones-construccion-geometria-y-aplicaciones-1qk0bgktmd	octonions/scispace-real-division	octonions/scispace-real-division	https://scispace.com/papers/octoniones-construccion-geometria-y-aplicaciones-1qk0bgktmd
ASOT-2927	url:https://scispace.com/papers/octonions-as-clifford-like-algebras-3ado2k66z3	octonions/scispace-general-fields	octonions/scispace-general-fields	https://scispace.com/papers/octonions-as-clifford-like-algebras-3ado2k66z3
ASOT-2928	url:https://scispace.com/papers/octonions-invariant-representation-of-the-leech-lattice-3v24ewcc1a	octonions/scispace-integral	octonions/scispace-integral	https://scispace.com/papers/octonions-invariant-representation-of-the-leech-lattice-3v24ewcc1a
ASOT-2929	url:https://scispace.com/papers/on-doubly-alternative-zero-divisors-in-cayley-dickson-4lsu5l0e	tags/m2	tags/m2	https://scispace.com/papers/on-doubly-alternative-zero-divisors-in-cayley-dickson-4lsu5l0e
ASOT-2930	url:https://scispace.com/papers/on-dual-fibonacci-octonions-12gujbozxd	octonions/scispace-dual	octonions/scispace-dual	https://scispace.com/papers/on-dual-fibonacci-octonions-12gujbozxd
ASOT-2931	url:https://scispace.com/papers/on-polynomial-equations-over-split-octonions-1qwyms46vdju	octonions/scispace-split	octonions/scispace-split	https://scispace.com/papers/on-polynomial-equations-over-split-octonions-1qwyms46vdju
ASOT-2932	url:https://scispace.com/papers/on-the-structure-and-zero-divisors-of-the-cayley-dickson-pbdkcgb34m	tags/m1	tags/m1	https://scispace.com/papers/on-the-structure-and-zero-divisors-of-the-cayley-dickson-pbdkcgb34m
ASOT-2933	url:https://scispace.com/papers/properties-of-hyperholomorphic-functions-on-dual-sedenion-vc3dbmqs03	scispace/dual-sedenions	scispace/dual-sedenions	https://scispace.com/papers/properties-of-hyperholomorphic-functions-on-dual-sedenion-vc3dbmqs03
ASOT-2934	url:https://scispace.com/papers/quasialgebra-structure-of-the-octonions-orv624oioc	octonions/scispace-real-division	octonions/scispace-real-division	https://scispace.com/papers/quasialgebra-structure-of-the-octonions-orv624oioc
ASOT-2935	url:https://scispace.com/papers/rationalized-algorithm-for-computing-the-product-of-two-43ox61luc3	tags/m3	tags/m3	https://scispace.com/papers/rationalized-algorithm-for-computing-the-product-of-two-43ox61luc3
ASOT-2936	url:https://scispace.com/papers/sedenion-algebra-for-three-lepton-quark-generations-and-its-3hm1vn2457	scispace/complexified	scispace/complexified	https://scispace.com/papers/sedenion-algebra-for-three-lepton-quark-generations-and-its-3hm1vn2457
ASOT-2937	url:https://scispace.com/papers/sedenion-extension-loops-and-frames-of-hypercomplex-2-3kwc4hwxvv	tags/m1	tags/m1	https://scispace.com/papers/sedenion-extension-loops-and-frames-of-hypercomplex-2-3kwc4hwxvv
ASOT-2938	url:https://scispace.com/papers/sedenionic-matrices-and-their-properties-45b6kynmlr	scispace/matrices	scispace/matrices	https://scispace.com/papers/sedenionic-matrices-and-their-properties-45b6kynmlr
ASOT-2939	url:https://scispace.com/papers/separating-g-2-invariants-of-several-octonions-xnvkf9a7	octonions/scispace-general-fields	octonions/scispace-general-fields	https://scispace.com/papers/separating-g-2-invariants-of-several-octonions-xnvkf9a7
ASOT-2940	url:https://scispace.com/papers/sixteen-dimensional-sedenion-like-associative-algebra-4st7jccroe	scispace/nonstandard-16d	scispace/nonstandard-16d	https://scispace.com/papers/sixteen-dimensional-sedenion-like-associative-algebra-4st7jccroe
ASOT-2942	url:https://scispace.com/papers/the-42-assessors-and-the-box-kites-they-fly-diagonal-axis-1ca5plm2c2	tags/m2	tags/m2	https://scispace.com/papers/the-42-assessors-and-the-box-kites-they-fly-diagonal-axis-1ca5plm2c2
ASOT-2943	url:https://scispace.com/papers/the-basic-subalgebra-structure-of-the-cayley-dickson-algebra-3siaweq7ei	tags/s1	tags/s1	https://scispace.com/papers/the-basic-subalgebra-structure-of-the-cayley-dickson-algebra-3siaweq7ei
ASOT-2944	url:https://scispace.com/papers/the-cayley-dickson-construction-in-acl2-sy4lr9hdzl	tags/m3	tags/m3	https://scispace.com/papers/the-cayley-dickson-construction-in-acl2-sy4lr9hdzl
ASOT-2945	url:https://scispace.com/papers/the-comprehensive-split-octonions-and-their-fano-planes-2xmo4w6yk4	octonions/scispace-split	octonions/scispace-split	https://scispace.com/papers/the-comprehensive-split-octonions-and-their-fano-planes-2xmo4w6yk4
ASOT-2946	url:https://scispace.com/papers/the-general-non-orthogonal-cayley-dickson-construction-2b9gsjcahk	tags/m4	tags/m4	https://scispace.com/papers/the-general-non-orthogonal-cayley-dickson-construction-2b9gsjcahk
ASOT-2947	url:https://scispace.com/papers/the-geometry-of-sedenion-zero-divisors-4udklgytstay	tags/m2	tags/m2	https://scispace.com/papers/the-geometry-of-sedenion-zero-divisors-4udklgytstay
ASOT-2948	url:https://scispace.com/papers/the-images-of-multilinear-and-semihomogeneous-polynomials-on-3bj85eqn	octonions/scispace-general-fields	octonions/scispace-general-fields	https://scispace.com/papers/the-images-of-multilinear-and-semihomogeneous-polynomials-on-3bj85eqn
ASOT-2949	url:https://scispace.com/papers/the-octonions-as-a-twisted-group-algebra-3gy7ktbf5p	octonions/scispace-real-division	octonions/scispace-real-division	https://scispace.com/papers/the-octonions-as-a-twisted-group-algebra-3gy7ktbf5p
ASOT-2950	url:https://scispace.com/papers/the-octonions-nn268g7k38	octonions/scispace-real-division	octonions/scispace-real-division	https://scispace.com/papers/the-octonions-nn268g7k38
ASOT-2951	url:https://scispace.com/papers/the-subalgebra-structure-of-the-cayley-dickson-algebra-of-55xb5415vz	scispace/beyond-32d	scispace/beyond-32d	https://scispace.com/papers/the-subalgebra-structure-of-the-cayley-dickson-algebra-of-55xb5415vz
ASOT-2952	url:https://scispace.com/papers/the-twisted-group-algebra-structure-of-the-cayley-dickson-uzkdys12	tags/m3	tags/m3	https://scispace.com/papers/the-twisted-group-algebra-structure-of-the-cayley-dickson-uzkdys12
ASOT-2953	url:https://scispace.com/papers/the-zero-divisors-of-the-cayley-dickson-algebras-over-the-48v9jpw94v	tags/s1	tags/s1	https://scispace.com/papers/the-zero-divisors-of-the-cayley-dickson-algebras-over-the-48v9jpw94v
ASOT-2954	url:https://scispace.com/papers/three-fermion-generations-with-two-unbroken-gauge-symmetries-24mhw7f1hw	scispace/complexified	scispace/complexified	https://scispace.com/papers/three-fermion-generations-with-two-unbroken-gauge-symmetries-24mhw7f1hw
ASOT-2955	url:https://scispace.com/papers/towards-a-generalized-cayley-dickson-construction-through-3gk0lg9203	tags/m4	tags/m4	https://scispace.com/papers/towards-a-generalized-cayley-dickson-construction-through-3gk0lg9203
ASOT-2956	url:https://scispace.com/papers/zorn-vector-matrices-over-commutative-rings-and-the-loops-2zggrihy93	octonions/scispace-split	octonions/scispace-split	https://scispace.com/papers/zorn-vector-matrices-over-commutative-rings-and-the-loops-2zggrihy93
ASOT-2966	url:https://web.archive.org/web/20	"Facundo Dom nguez. 2020.  Safe memory management in inline-java using linear types.  Blog post. (2020)."	"Facundo Dom nguez. 2020.  Safe memory management in inline-java using linear types.  Blog post. (2020)."	https://web.archive.org/web/20
ASOT-3038	url:https://zenodo.org/record/5397808	"Zenodo, 10.5281/"	"Zenodo, 10.5281/"	https://zenodo.org/record/5397808
ASOT-3040	url:https://zenodo.org/records/15690869	"able from this"	"able from this"	https://zenodo.org/records/15690869
ASOT-3041	url:https://zenodo.org/records/17289540	location:	location:	https://zenodo.org/records/17289540
ASOT-3042	zenodo:1214829	"Zenodo dataset: Deformed Iron EBSD data set"	"Zenodo dataset: Deformed Iron EBSD data set"	https://zenodo.org/records/1214829
