model,omega_m,h0,q_corr,chi2,n_params,aic,bic,delta_bic,delta_aic,n_s
lcdm,0.3048506254472321,68.0042222378977,0.0,204.53919462244247,2,208.53919462244247,215.2046322089732,0.0,0.0,1.0
bounce,0.3004898279731004,67.91163098830253,0.00029771493568279516,202.7681970484702,3,208.7681970484702,218.7663534282663,3.561721219293105,0.22900242602773346,0.8037272449428841
