dim,n_trials,mean_assoc_sq,std_assoc_sq,mean_ab_c_sq,mean_a_bc_sq,mean_cross_term,correlation_coeff
4,2000,2.737986541090651e-32,2.164007578858704e-32,1.0,1.0,1.0,1.0
8,2000,1.3116669328042685,0.72257040775096,1.0,1.0,0.34416653359786575,0.34416653359786575
16,2000,1.8081969388402381,0.7540038364951542,1.0050335724886588,0.990280604963061,0.09355861930574093,0.0937808970806962
32,2000,1.9470593285242288,0.6541057027960515,0.9936988498918713,1.003476786063465,0.02505815371555367,0.02509389118066311
64,2000,1.9935019053279248,0.5035022515466675,1.004950529866443,0.9980706353442788,0.004759629941398563,0.004752479005557406
128,2000,1.984452022602583,0.351543626066057,0.988898255474797,0.9937643288618799,-0.0008947191329530595,-0.0009025457329662191
