angle_scale,n_rotations,mean_product_norm,max_product_norm,fraction_broken
0.0,50,0.0,0.0,0.0
0.01,50,0.0308583596109102,0.056491666292647826,1.0
0.05,50,0.15391771887994726,0.2798666711415506,1.0
0.1,50,0.30622646478402754,0.5504773645100016,1.0
0.2,50,0.6016442583753009,1.0465242852713903,1.0
0.5,50,1.346236236224998,1.9435670932301976,1.0
1.0,50,1.8975609748609634,2.597704993200801,1.0
