profile_tag,dim,frustration_ratio,delta_to_three_eighths,elapsed_seconds,run_unix_seconds
release,16,0.000000000000,-0.375000000000,0.000262,1770754046
release,32,0.307270233196,-0.067729766804,0.002320,1770754046
release,64,0.377347832227,0.002347832227,0.024800,1770754046
release,128,0.387612844246,0.012612844246,0.276505,1770754046
release,256,0.384892291869,0.009892291869,3.414233,1770754046
release,512,0.381107696228,0.006107696228,48.095240,1770754046
