d,ball_volume_r1,unit_sphere_area
0.0,1.0000000000000004,NaN
0.008,1.006898332943364,0.008055186663546921
0.016,1.013817724936628,0.01622108359898604
0.024,1.0207581118954978,0.024498194685491897
0.032,1.027719429153063,0.032887021732897995
0.04,1.03470161146165,0.04138806445846598
0.048,1.0417045929946718,0.05000182046374427
0.056,1.04872830734852,0.05872878521151703
0.064,1.0557726875444486,0.06756945200284474
0.07200000000000001,1.062837666030507,0.0765243119541965
0.08,1.069923174683467,0.0855938539746774
0.088,1.077029144810771,0.0947785647433478
0.096,1.0841555071525104,0.10407892868664093
0.10400000000000001,1.09130219188341,0.11349542795587474
0.112,1.0984691286148351,0.12302854240486166
0.12,1.1056562463968123,0.13267874956761744
0.128,1.1128634737200673,0.14244652463616853
0.136,1.12009073851809,0.1523323404384604
0.14400000000000002,1.1273379681692066,0.16233666741636577
0.152,1.134605089498663,0.1724599736037967
0.16,1.1418920287807444,0.18270272460491904
0.168,1.1491987117408962,0.19306538357247047
0.176,1.1565250635578648,0.2035484111861842
0.184,1.1638710088658581,0.21415226563131778
0.192,1.171236471756716,0.2248774025772894
0.2,1.1786213757821085,0.23572427515642178
0.20800000000000002,1.1860256439557408,0.2466933339427943
0.216,1.1934491987555744,0.2577850269312038
0.224,1.2008919621260625,0.26899979951623826
0.232,1.20835385548042,0.2803380944714578
0.24,1.2158347997028824,0.2918003519286914
0.248,1.2233347151509928,0.30338700935744606
0.256,1.2308535216579104,0.31509850154442487
0.264,1.2383911385347244,0.3269352605731673
0.272,1.2459474845727905,0.3388977158037986
0.28,1.2535224780460716,0.35098629385289953
0.28800000000000003,1.2611160367135068,0.36320141857348953
0.296,1.268728077821391,0.37554351103513184
0.304,1.2763585181057677,0.38801298950415297
0.312,1.2840072737948278,0.4006102694239866
0.32,1.2916742606113463,0.41333576339563066
0.328,1.2993593937751042,0.42618988115823464
0.336,1.3070625880053564,0.43917302956979987
0.34400000000000003,1.314783757523277,0.4522856125880077
0.352,1.3225228160544615,0.46552803125116987
0.36,1.3302796768313931,0.47890068365930133
0.368,1.3380542525959804,0.49240396495532074
0.376,1.3458464556020553,0.5060382673063726
0.384,1.3536561976179167,0.5198039798852804
0.392,1.3614833899288792,0.5337014888521209
0.4,1.369327943339835,0.5477311773359331
0.40800000000000003,1.3771897681778158,0.5618934254165495
0.41600000000000004,1.385068774294616,0.5761886101065598
0.424,1.392964871069342,0.5906171053334006
0.432,1.400877967411074,0.605179281921584
0.44,1.4088079717614614,0.6198755075750434
0.448,1.4167547920973829,0.6347061468596279
0.456,1.4247183359335838,0.6496715611857145
0.464,1.432698510325343,0.6647721087909594
0.47200000000000003,1.4406952218711586,0.6800081447231864
0.48,1.4487083767154254,0.6953800208234042
0.488,1.4567378805511426,0.7108880857089571
0.496,1.464783638622626,0.726532684756822
0.504,1.4728455557282283,0.7423141600870258
0.512,1.4809235362230784,0.758232850546215
0.52,1.4890174840218275,0.7742890916913515
0.528,1.4971273026014207,0.7904832157735503
0.536,1.5052528950038375,0.8068155517220571
0.544,1.5133941638389095,0.823286425128367
0.552,1.5215510112870847,0.8398961582304707
0.56,1.529723339102246,0.8566450698972576
0.5680000000000001,1.5379110486145218,0.873533475613048
0.5760000000000001,1.5461140407331115,0.8905616874622717
0.584,1.5543322159491175,0.9077300141142844
0.592,1.562565474338401,0.9250387608083327
0.6,1.5708137155644233,0.9424882293386543
0.608,1.5790768388811274,0.9600787180397254
0.616,1.5873547431358037,0.9778105217716546
0.624,1.5956473267719808,0.9956839319057162
0.632,1.6039544878323215,1.0136992363100281
0.64,1.6122761239615349,1.031856719335382
0.648,1.6206121324092695,1.0501566618012073
0.656,1.6289624100330717,1.0685993409816958
0.664,1.637326853301294,1.0871850305920596
0.672,1.6457053582960453,1.1059140007749413
0.68,1.65409782071614,1.1247865180869767
0.6880000000000001,1.662504135880084,1.143802845485497
0.6960000000000001,1.6709241987289947,1.1629632423153808
0.704,1.6793579038296391,1.1822679642960636
0.712,1.6878051453773588,1.2017172635086804
0.72,1.696265817199132,1.221311388383376
0.728,1.7047398127565208,1.2410505836867476
0.736,1.7132270251487136,1.2609350905094516
0.744,1.7217273471155294,1.280965146253955
0.752,1.7302406710404694,1.3011409846224322
0.76,1.7387668889537229,1.3214628356048277
0.768,1.747305892535227,1.341930925467054
0.776,1.7558575731177193,1.3625454767393512
0.784,1.7644218216897924,1.3833067082047985
0.792,1.7729985288989587,1.4042148348879746
0.8,1.781587585054715,1.425270068043772
0.808,1.790188880131643,1.4464726151463678
0.8160000000000001,1.798802303772474,1.4678226798783414
0.8240000000000001,1.8074277452912053,1.4893204621199518
0.8320000000000001,1.8160650936761666,1.5109661579385691
0.84,1.824714237593158,1.5327599595782526
0.848,1.8333750653885572,1.5547020554494977
0.856,1.8420474650924263,1.5767926301191157
0.864,1.8507313244216395,1.5990318643002956
0.872,1.8594265307830238,1.6214199348427953
0.88,1.8681329712764883,1.6439570147233127
0.888,1.8768505326981817,1.6666432730359857
0.896,1.885579101543613,1.6894788749830747
0.904,1.8943185640108207,1.712463981865783
0.912,1.903068806003551,1.7355987510752386
0.92,1.9118297131343842,1.758883336083636
0.928,1.9206011707279482,1.782317886435533
0.936,1.9293830638240348,1.8059025477392983
0.9440000000000001,1.938175277180856,1.829637461658729
0.9520000000000001,1.9469776952781577,1.8535227659048064
0.96,1.9557902023204508,1.8775585942276327
0.968,1.9646126822401875,1.9017450764085024
0.976,1.9734450187009664,1.926082338252146
0.984,1.9822870951007432,1.9505705015791273
0.992,1.9911387945749968,1.9752096842183955
1.0,1.9999999999999962,2.0
1.008,2.0088705939959905,2.024941558747961
1.016,2.0177504589304083,2.050034466273295
1.024,2.026639476921103,2.075278824367208
1.032,2.035537529839566,2.100674730794434
1.04,2.044444499314167,2.126222279286741
1.048,2.0533602667333946,2.151921559536596
1.056,2.0622847132490403,2.17777265719098
1.064,2.071217719779486,2.2037756538453754
1.072,2.0801591670129542,2.22993062703789
1.08,2.089108935410708,2.256237650243569
1.088,2.0980669052103296,2.282696792868836
1.096,2.10703295642894,2.30930812024612
1.104,2.116006968866492,2.3360716936286114
1.112,2.1249888221089948,2.362987570185205
1.12,2.1339783955317717,2.390055802995586
1.1280000000000001,2.142975568302733,2.417276441045481
1.1360000000000001,2.1519802193856044,2.44464952922205
1.1440000000000001,2.160992227543244,2.472175108309476
1.1520000000000001,2.170011471340861,2.499853214984666
1.16,2.179037829149268,2.5276838818131497
1.168,2.1880711791482037,2.555667137245105
1.176,2.197111399329561,2.5838030056115713
1.184,2.206158367500676,2.6120915071207986
1.192,2.215211961287557,2.640532657854766
1.2,2.2242720581382147,2.669126469765857
1.208,2.2333385353258937,2.6978729506736823
1.216,2.242411269952379,2.726772104262088
1.224,2.2514901389512105,2.7558239300762803
1.232,2.2605750190910325,2.785028423520154
1.24,2.269665786978822,2.8143855758537377
1.248,2.278762319063163,2.8438953741908284
1.256,2.287864491637542,2.8735578014967547
1.264,2.2969721808436177,2.9033728365863345
1.272,2.306085262674484,2.9333404541219426
1.28,2.3152036129779594,2.9634606246117805
1.288,2.3243271074598413,2.9937333144082756
1.296,2.3334556216872215,3.0241584857066406
1.304,2.3425890310917143,3.0547360965436026
1.312,2.351727210972769,3.0854661007962707
1.32,2.3608700365008795,3.116348448181173
1.328,2.3700173827209654,3.147383084253449
1.336,2.379169124555522,3.1785699504061795
1.344,2.3883251368079765,3.20990898386991
1.352,2.3974852941658824,3.2414001177122795
1.36,2.4066494712042963,3.2730432808378542
1.368,2.4158175423889436,3.3048383979880738
1.3760000000000001,2.4249893820794983,3.336785389741388
1.3840000000000001,2.4341648645328897,3.3688841725135164
1.3920000000000001,2.4433438639065255,3.4011346585578885
1.4000000000000001,2.4525262542615893,3.4335367559662213
1.408,2.46171190956623,3.4660903686692563
1.416,2.4709007036989075,3.4987953964376475
1.424,2.480092510451552,3.531651734883016
1.432,2.4892872035329088,3.5646592754591166
1.44,2.498484656571686,3.5978179054632338
1.448,2.507684743119915,3.6311275080376344
1.456,2.5168873366560756,3.664587962171252
1.464,2.5260923105884396,3.6981991427014704
1.472,2.535299538258226,3.7319609203161104
1.48,2.5445088929429063,3.7658731615554983
1.488,2.5537202478593843,3.7999357288147655
1.496,2.5629334761672453,3.834148480346206
1.504,2.5721484509720005,3.868511270261895
1.512,2.5813650453282753,3.9030239485363447
1.52,2.590583132243025,3.9376863610094066
1.528,2.599802584678826,3.9724983493892383
1.536,2.6090232755569613,4.007459751255493
1.544,2.6182450777607573,4.042570400062598
1.552,2.6274678641386804,4.077830125143237
1.56,2.6366915075076367,4.113238751711909
1.568,2.6459158806560708,4.1487961008687275
1.576,2.6551408563472467,4.184501989603265
1.584,2.6643663073223656,4.220356230798633
1.592,2.6735921063037926,4.256358633235637
1.6,2.682818125998207,4.292509001597143
1.608,2.692044239099831,4.328807136472523
1.616,2.70127031829351,4.365252834362307
1.624,2.710496236257955,4.40184588768293
1.6320000000000001,2.7197218656689093,4.438586084771658
1.6400000000000001,2.7289470792022046,4.475473209891624
1.6480000000000001,2.738171749537046,4.512507043237053
1.6560000000000001,2.74739574935905,4.549687360938588
1.6640000000000001,2.75661895136345,4.58701393506878
1.672,2.7658412282581963,4.62448653364769
1.68,2.7750624527670893,4.662104920648711
1.688,2.7842824976329483,4.699868856004411
1.696,2.793501235620657,4.737778095612635
1.704,2.802718539520343,4.775832391342651
1.712,2.811934282150417,4.8140314910415185
1.72,2.8211483363607717,4.852375138540528
1.728,2.8303605750357677,4.890863073661817
1.736,2.839570871097422,4.92949503222511
1.744,2.8487790975083844,4.968270746054607
1.752,2.8579851272751093,5.007189942986002
1.76,2.8671888334509292,5.046252346873632
1.768,2.87639008913901,5.085457677597766
1.776,2.885588767495523,5.124805651072058
1.784,2.894784741732669,5.164295979251075
1.792,2.9039778851216638,5.203928370138012
1.8,2.913168070995843,5.243702527792521
1.808,2.9223551727536936,5.283618152338681
1.816,2.931539063861826,5.323674939973076
1.824,2.9407196178580457,5.363872582973058
1.832,2.9498967083543084,5.404210769705077
1.84,2.9590702090397776,5.444689184633193
1.848,2.9682399936838033,5.485307508327671
1.856,2.977405936138901,5.5260654174738
1.864,2.9865679103437337,5.5669625848807005
1.872,2.995725790326063,5.607998679490387
1.8800000000000001,3.004879450205771,5.649173366386873
1.8880000000000001,3.0140287641978327,5.690486306805491
1.8960000000000001,3.023173606615108,5.731937158142243
1.9040000000000001,3.0323138518715034,5.773525573963343
1.9120000000000001,3.0414493744847437,5.815251204014845
1.92,3.0505800490794215,5.857113694232467
1.928,3.059705750389753,5.8991126867514545
1.936,3.068826353262704,5.941247819916584
1.944,3.0779417326606864,5.983518728292381
1.952,3.0870517636645998,6.0259250426732995
1.96,3.0961563214766388,6.068466390094207
1.968,3.105255281423193,6.111142393840848
1.976,3.1143485189577236,6.153952673460479
1.984,3.1234359096636197,6.196896844772647
1.992,3.132517329257059,6.239974519880054
2.0,3.141592653589793,6.283185307179589
2.008,3.150661758652081,6.326528811373365
2.016,3.1597245205754305,6.370004633480057
2.024,3.16878081563545,6.413612370846168
2.032,3.1778305202546697,6.457351617157517
2.04,3.1868735110053374,6.501221962450881
2.048,3.1959096646121234,6.545222993125614
2.056,3.2049388579550135,6.589354291955538
2.064,3.2139609680720933,6.633615438100785
2.072,3.222975872162128,6.678006007119926
2.08,3.2319834475875453,6.722525570982099
2.088,3.2409835718770146,6.7671736980792305
2.096,3.2499761227282806,6.811949953238487
2.104,3.258960978010812,6.8568538977347195
2.112,3.2679380157684985,6.9018850893030965
2.12,3.2769071142225332,6.947043082151783
2.128,3.285868151773858,6.9923274269747635
2.136,3.2948210070059956,7.037737670964796
2.144,3.303765558687713,7.083273357826447
2.152,3.31270168577564,7.12893402778918
2.16,3.3216292674169767,7.174719217620662
2.168,3.330548182952076,7.220628460640108
2.176,3.3394583119171375,7.266661286731713
2.184,3.3483595340468146,7.312817222358243
2.192,3.357251729276764,7.359095790574658
2.2,3.366134777746331,7.405496511041935
2.208,3.375008559801145,7.452018900040918
2.216,3.383872955995596,7.498662470486275
2.224,3.3927278470955637,7.54542673194054
2.232,3.401573114080817,7.592311190628382
2.24,3.410408638147672,7.639315349450787
2.248,3.4192343007115,7.686438707999444
2.2560000000000002,3.4280499834092346,7.733680762571234
2.2640000000000002,3.436855568101952,7.781041006182781
2.2720000000000002,3.4456509368772417,7.8285189285851216
2.2800000000000002,3.4544359720519293,7.876114016278423
2.2880000000000003,3.4632105561743196,7.9238257525268585
2.2960000000000003,3.47197457202681,7.971653617373565
2.3040000000000003,3.4807279026283253,8.019597087655669
2.312,3.489470431236766,8.067655637019378
2.32,3.4982020413514223,8.115828735935265
2.328,3.506922616715428,8.164115851713508
2.336,3.5156320413182347,8.212516448519379
2.344,3.524330199397886,8.261029987388621
2.352,3.5330169754435183,8.309655926243162
2.36,3.5416922541977116,8.358393719906617
2.368,3.5503559206588817,8.407242820120226
2.376,3.55900786008358,8.456202675558554
2.384,3.567647957988862,8.50527273184548
2.392,3.5762761001547587,8.554452431570189
2.4,3.584892172626371,8.603741214303291
2.408,3.593496061716329,8.653138516612913
2.416,3.6020876540070996,8.702643772081169
2.424,3.6106668363532073,8.752256411320198
2.432,3.6192334958835586,8.801975861988865
2.44,3.6277875200037335,8.851801548809087
2.448,3.6363287963981077,8.901732893582546
2.456,3.644857213032272,8.951769315207244
2.464,3.6533726581551313,9.001910229694277
2.472,3.6618750203012502,9.052155050184696
2.48,3.6703641882928926,9.102503186966349
2.488,3.678840051242309,9.152954047490871
2.496,3.6873024985539717,9.20350703639074
2.504,3.6957514199266592,9.254161555496358
2.512,3.7041867053555904,9.304917003853284
2.52,3.7126082451347115,9.35577277773946
2.528,3.7210159298586514,9.406728270682652
2.536,3.7294096504249694,9.457782873477647
2.544,3.7377892980361582,9.508935974203972
2.552,3.7461547642018984,9.560186958243252
2.56,3.75450594074098,9.611535208296928
2.568,3.762842719783453,9.662980104403912
2.576,3.7711649937726293,9.714521023958346
2.584,3.7794726554672438,9.766157341727384
2.592,3.7877655979433222,9.817888429869143
2.6,3.796043714596364,9.869713657950557
2.608,3.8043068991431896,9.921632392965487
2.616,3.8125550456241095,9.973643999352708
2.624,3.820788048404771,10.025747839014095
2.632,3.8290058021781253,10.077943271332803
2.64,3.8372082019664857,10.130229653191572
2.648,3.845395143123465,10.1826063389909
2.656,3.853566521335718,10.235072680667646
2.664,3.8617222326250804,10.287628027713275
2.672,3.869862173350465,10.34027172719243
2.68,3.8779862402094754,10.393003123761424
2.688,3.8860943302407174,10.445821559687039
2.696,3.8941863408252675,10.498726374864843
2.704,3.9022621696887123,10.551716906838278
2.712,3.9103217149030662,10.604792490817125
2.72,3.9183648748884456,10.657952459696569
2.728,3.92639154841489,10.711196144075846
2.736,3.934401634604294,10.764522872277388
2.744,3.942395032932071,10.817931970365581
2.7520000000000002,3.9503716432289475,10.871422762166015
2.7600000000000002,3.9583313656827603,10.924994569284387
2.7680000000000002,3.9662741008401743,10.97864671112565
2.7760000000000002,3.974199749608532,11.032378504913256
2.7840000000000003,3.982108213257309,11.086189265708363
2.7920000000000003,3.989999393420136,11.140078306428956
2.8000000000000003,3.9978731920961876,11.194044937869352
2.8080000000000003,4.005729511652219,11.248088468719416
2.816,4.013568254823864,11.302208205583998
2.824,4.0213893247175685,11.356403453002429
2.832,4.029192624812063,11.410673513467808
2.84,4.036978058960101,11.465017687446732
2.848,4.044745531390028,11.519435273398795
2.856,4.052494946707332,11.573925567796135
2.864,4.060226209896278,11.62848786514306
2.872,4.067939226321676,11.683121457995805
2.88,4.075633901729921,11.737825636982176
2.888,4.083310142251171,11.792599690821394
2.896,4.09096785440044,11.847442906343714
2.904,4.0986069450793225,11.90235456851032
2.912,4.1062273215773955,11.95733396043331
2.92,4.11382889157375,12.012380363395327
2.928,4.121411563138576,12.067493056869756
2.936,4.128975244734439,12.122671318540307
2.944,4.136519845217887,12.177914424321477
2.952,4.1440452738408275,12.233221648378095
2.96,4.151551440251905,12.288592263145647
2.968,4.1590382544980375,12.344025539350223
2.976,4.166505627025787,12.399520746028657
2.984,4.173953468682536,12.455077150548693
2.992,4.181381690718178,12.510694018628891
3.0,4.188790204786379,12.566370614359151
3.008,4.196178922945735,12.622106200220736
3.016,4.203547757661271,12.67790003710641
3.024,4.2108966218057935,12.733751384340797
3.032,4.218225428661138,12.78965949970059
3.04,4.2255340919193864,12.845623639434898
3.048,4.2328225256842416,12.90164305828562
3.056,4.240090644472305,12.957717009507437
3.064,4.247338363214247,13.013844744888472
3.072,4.254565597256115,13.070025514770721
3.08,4.261772262360453,13.12625856807015
3.088,4.268958274707654,13.182543152297287
3.096,4.276123550897127,13.23887851357748
3.104,4.28326800794831,13.295263896671555
3.112,4.290391563302092,13.351698544996092
3.12,4.297494134821769,13.408181700643897
3.128,4.304575640794283,13.464712604404559
3.136,4.3116359999313705,13.521290495784733
3.144,4.31867513137056,13.577914613028998
3.152,4.325692954676389,13.634584193140055
3.16,4.332689389841507,13.691298471899183
3.168,4.339664357287611,13.748056683887107
3.176,4.346617777866593,13.804858062504278
3.184,4.353549572861657,13.861701839991552
3.192,4.360459663988251,13.918587247450457
3.2,4.3673479733950495,13.975513514864133
3.208,4.374214423665108,14.032479871117635
3.216,4.381058937816731,14.089485544018704
3.224,4.3878814393045635,14.146529760317973
3.232,4.394681852020431,14.20361174572999
3.24,4.4014601002942975,14.260730724953529
3.248,4.40821610889535,14.317885921692149
3.2560000000000002,4.414949803032846,14.3750765586749
3.2640000000000002,4.421661108356906,14.43230185767687
3.2720000000000002,4.428349950959551,14.489561039539693
3.2800000000000002,4.435016257375663,14.546853324192208
3.2880000000000003,4.4416599545836055,14.604177930670904
3.2960000000000003,4.448280970006308,14.661534077140757
3.3040000000000003,4.454879231511951,14.718920980915524
3.3120000000000003,4.461454667414988,14.776337858478533
3.3200000000000003,4.468007206476785,14.833783925502862
3.3280000000000003,4.474536777906419,14.891258396872589
3.336,4.4810433113617,14.94876048670258
3.344,4.4875267369496,15.006289408359452
3.352,4.493986985227396,15.063844374482205
3.36,4.500423987203073,15.12142459700236
3.368,4.5068376743363725,15.179029287164912
3.376,4.513227978539196,15.236657655548408
3.384,4.519594832176655,15.29430891208584
3.392,4.525938168067469,15.351982266084901
3.4,4.532257919484881,15.409676926248611
3.408,4.538554020157148,15.467392100695541
3.416,4.54482640426836,15.525126996980676
3.424,4.551075006458916,15.582880822115326
3.432,4.557299761826358,15.640652782588132
3.44,4.563500605925824,15.698442084384853
3.448,4.569677474770704,15.756247933009465
3.456,4.575830304833285,15.814069533503814
3.464,4.581959033045203,15.871906090468617
3.472,4.58806359679819,15.929756808083273
3.48,4.594143933944456,15.987620890126662
3.488,4.600199982797326,16.045497539997097
3.496,4.606231682131787,16.103385960732737
3.504,4.612238971184943,16.161285355032007
3.512,4.618221789656486,16.219194925273587
3.52,4.624180077709305,16.27711387353665
3.528,4.630113775969807,16.33504140162151
3.536,4.636022825528577,16.392976711069057
3.544,4.641907167940621,16.450919003181664
3.552,4.647766745225984,16.508867479042685
3.56,4.653601499869973,16.566821339537178
3.568,4.659411374823819,16.62477978537136
3.576,4.665196313504809,16.682742017093243
3.584,4.670956259796932,16.740707235112215
3.592,4.676691158051034,16.798674639719312
3.6,4.682400953085294,16.856643431107006
3.608,4.688085590185569,16.914612809389507
3.616,4.69374501510567,16.972581974622106
3.624,4.699379174067752,17.03055012682155
3.632,4.704988013762611,17.088516465985943
3.64,4.71057148134997,17.14648019211394
3.648,4.716129524458732,17.20444050522539
3.656,4.7216620911871985,17.26239660538043
3.664,4.727169130103599,17.320347692699624
3.672,4.732650590246008,17.378292967383437
3.68,4.73810642112281,17.436231629731918
3.688,4.743536572712759,17.494162880164648
3.696,4.748940995465273,17.55208591923973
3.704,4.754319640300745,17.609999947674012
3.712,4.759672458610451,17.667904166362074
3.72,4.764999402257053,17.725797776396135
3.728,4.770300423574318,17.78367997908509
3.736,4.775575475367884,17.841549975974424
3.744,4.780824510914794,17.899406968865
3.7520000000000002,4.786047483963976,17.957250159832753
3.7600000000000002,4.791244348736221,18.015078751248257
3.7680000000000002,4.796415059924428,18.07289194579517
3.7760000000000002,4.801559572693413,18.130688946490316
3.7840000000000003,4.806677842680302,18.188468956702355
3.7920000000000003,4.811769825994407,18.246231180170877
3.8000000000000003,4.81683547921729,18.303974821025808
3.8080000000000003,4.821874759402922,18.361699083806272
3.8160000000000003,4.826887624077486,18.419403173479633
3.8240000000000003,4.831874031239659,18.477086295460435
3.8320000000000003,4.83683393936044,18.53474765562918
3.84,4.841767307383187,18.592386460351555
3.848,4.846674094723766,18.650001916496898
3.856,4.851554261270039,18.70759323145722
3.864,4.85640776738245,18.765159613165785
3.872,4.861234573893499,18.82270027011567
3.88,4.866034642107934,18.88021441137877
3.888,4.8708079338025785,18.93770124662447
3.896,4.875554411226153,18.99515998613716
3.904,4.880274037099429,19.052589840836163
3.912,4.8849667746148056,19.109990022293083
3.92,4.88963258743645,19.167359742751
3.928,4.894271439700035,19.22469821514179
3.936,4.898883296012641,19.282004653105734
3.944,4.90346812145242,19.339278271008506
3.952,4.908025881568871,19.39651828396024
3.96,4.9125565423821165,19.45372390783321
3.968,4.917060070383094,19.510894359280016
3.976,4.921536432533151,19.56802885575167
3.984,4.925985596263955,19.62512661551556
3.992,4.930407529477278,19.68218685767339
4.0,4.934802200544662,19.739208802178716
4.008,4.9391695783072045,19.79619166985535
4.016,4.943509632075311,19.85313468241461
4.024,4.947822331628545,19.910037062473208
4.032,4.952107647215084,19.966898033571
4.04,4.9563655495516095,20.023716820188557
4.048,4.96059600982312,20.08049264776413
4.056,4.96479899968243,20.137224742711865
4.064,4.968974491249808,20.193912332439258
4.072,4.973122457112816,20.250554645363398
4.08,4.977242870325901,20.30715091092969
4.088,4.9813357044100215,20.363700359628073
4.096,4.985400933352286,20.420202223010815
4.104,4.989438531605517,20.476655733709148
4.112,4.993448474088134,20.53306012545024
4.12,4.997430736183332,20.58941463307528
4.128,5.001385293739048,20.645718492554845
4.136,5.00531212306738,20.701970941006717
4.144,5.0092112009441605,20.758171216712597
4.152,5.013082504608526,20.814318559134545
4.16,5.016926011762489,20.87041220893204
4.168,5.0207417005705715,20.926451407978153
4.176,5.024529549659128,20.982435399376502
4.184,5.028289538116072,21.03836342747763
4.192,5.032021645490212,21.09423473789502
4.2,5.035725851790906,21.150048577521968
4.208,5.039402137487575,21.20580419454789
4.216,5.0430504835089875,21.261500838473882
4.224,5.0466708712428465,21.317137760129878
4.232,5.050263282535355,21.3727142116897
4.24,5.053827699690497,21.42822944668779
4.248,5.057364105469594,21.483682720034963
4.256,5.060872483090745,21.53907328803413
4.264,5.064352816228065,21.594400408396535
4.272,5.067805089011371,21.649663340256662
4.28,5.071229286025517,21.704861344189315
4.288,5.07462539230965,21.75999368222373
4.296,5.077993393356624,21.815059617859983
4.304,5.0813332751125095,21.870058416084312
4.312,5.084645023975943,21.92498934338436
4.32,5.0879286267973995,21.979851667764898
4.328,5.091184070878521,22.034644658762215
4.336,5.094411343971505,22.089367587460515
4.344,5.09761043427858,22.14401972650598
4.352,5.100781330450999,22.198600350122785
4.36,5.103924021588712,22.253108734126858
4.368,5.1070384972394764,22.307544155941947
4.376,5.110124747398022,22.361905894613756
4.384,5.113182762505668,22.416193230824877
4.392,5.116212533449428,22.470405446909943
4.4,5.119214051561138,22.524541826869125
4.408,5.12218730861699,22.578601656383753
4.416,5.125132296836569,22.6325842228304
4.424,5.128049008882252,22.68648881529518
4.432,5.130937437858275,22.74031472458779
4.44,5.133797577310101,22.794061243256934
4.448,5.1366294212236125,22.847727665602623
4.456,5.139432964024219,22.901313287691895
4.464,5.1422082005761585,22.954817407371955
4.472,5.144955126181731,23.00823932428477
4.48,5.147673736580362,23.06157833988004
4.488,5.150364027947725,23.114833757429587
4.496,5.1530259968952405,23.168004882040897
4.5040000000000004,5.15565964046873,23.221091020671214
4.5120000000000005,5.158264956148115,23.27409148214021
4.5200000000000005,5.160841941846041,23.32700557714426
4.5280000000000005,5.163390595907457,23.379832618269067
4.5360000000000005,5.165910917108395,23.432571920003713
4.5440000000000005,5.168402904655331,23.485222798753895
4.5520000000000005,5.170866558184132,23.53778457285423
4.5600000000000005,5.173301877759299,23.5902565625822
4.5680000000000005,5.175708863872804,23.642638090171072
4.5760000000000005,5.178087517443713,23.694928479822185
4.5840000000000005,5.180437839816525,23.74712705771879
4.5920000000000005,5.182759832760877,23.799233152037786
4.6000000000000005,5.185053498470272,23.851246092963226
4.6080000000000005,5.187318839561329,23.903165212698426
4.616,5.1895558590725495,23.954989845478796
4.624,5.191764560463684,24.00671932758422
4.632,5.193944947614608,24.058352997350976
4.64,5.196097024824306,24.109890195184832
4.648,5.1982207968100465,24.161330263573095
4.656,5.2003162687060875,24.212672547095735
4.664,5.202383446063229,24.26391639243865
4.672,5.204422334847055,24.315061148405714
4.68,5.206432941437801,24.366106165928777
4.688,5.2084152726284625,24.417050798082442
4.696,5.210369335624452,24.46789440009275
4.704,5.212295138042266,24.51863632935086
4.712,5.21419268790838,24.569275945424224
4.72,5.216061993658412,24.619812610067736
4.728,5.217903064135921,24.670245687234537
4.736,5.219715908591434,24.720574543088905
4.744,5.221500536681401,24.770798546016565
4.752,5.223256958466955,24.820917066635015
4.76,5.224985184412991,24.87092947780602
4.768,5.226685225387146,24.920835154645918
4.776,5.228357092658512,24.970633474537113
4.784,5.230000797896662,25.020323817137484
4.792,5.23161635317044,25.069905564392855
4.8,5.233203770947079,25.119378100545777
4.808,5.2347630640908624,25.168740812148872
4.816,5.23629424586204,25.217993088071715
4.824,5.237797329915857,25.267134319514263
4.832,5.239272330301236,25.316163900015503
4.84,5.240719261459593,25.36508122546447
4.848,5.242138138224054,25.413885694110114
4.856,5.243528975817756,25.462576706571035
4.864,5.244891789853236,25.511153665845757
4.872,5.246226596330814,25.559615977323848
4.88,5.24753341163781,25.60796304879245
4.888,5.248812252547041,25.656194290449946
4.896,5.250063136215845,25.704309114912846
4.904,5.2512860801848324,25.75230693722661
4.912,5.252481102376694,25.800187174874477
4.92,5.2536482210949424,25.84794924778707
4.928,5.254787455022767,25.89559257835235
4.936,5.255898823221998,25.943116591423664
4.944,5.256982345131425,25.990520714329804
4.952,5.2580380405661495,26.03780437688369
4.96,5.259065929715902,26.084967011391015
4.968,5.2600660331441045,26.132008052659902
4.976,5.261038371786452,26.178926938009493
4.984,5.261982966949698,26.225723107277386
4.992,5.2628998403105856,26.272396002830188
5.0,5.263789013914328,26.318945069571548
5.008,5.264650510173618,26.365369754949302
5.016,5.265484351866999,26.411669508964994
5.024,5.26629056213821,26.457843784182316
5.032,5.267069164494236,26.503892035734975
5.04,5.2678201828044156,26.549813721334324
5.048,5.268543641299142,26.59560830127801
5.056,5.269239564568437,26.64127523845801
5.064,5.269907977560808,26.68681399836795
5.072,5.270548905581876,26.732224049111363
5.08,5.271162374293024,26.777504861408698
5.088,5.271748409710279,26.822655908605846
5.096,5.272307038202799,26.867676666681433
5.104,5.272838286491646,26.912566614253198
5.112,5.273342181648444,26.957325232586957
5.12,5.273818751094213,27.001952005602586
5.128,5.274268022597869,27.046446419881793
5.136,5.274690024274778,27.090807964675346
5.144,5.275084784585803,27.13503613190937
5.152,5.275452332335623,27.17913041619294
5.16,5.2757926966715445,27.223090314825043
5.168,5.276105907082106,27.26691532780046
5.176,5.276391993395888,27.31060495781696
5.184,5.27665098577978,27.354158710282324
5.192,5.276882914738106,27.39757609332021
5.2,5.277087811110783,27.440856617776312
5.208,5.2772657060724955,27.48399979722563
5.216,5.277416631130748,27.527005147977896
5.224,5.277540618124905,27.56987218908445
5.232,5.277637699224686,27.612600442343545
5.24,5.277707906928701,27.65518943230632
5.248,5.277751274063231,27.697638686283632
5.256,5.2777678337807,27.739947734351382
5.264,5.277757619558367,27.782116109355517
5.272,5.27772066519696,27.824143346918493
5.28,5.277657004819201,27.86602898544536
5.288,5.277566672868318,27.907772566127655
5.296,5.27744970410687,27.949373632950195
5.304,5.277306133615277,27.99083173269538
5.312,5.277135996790194,28.032146414949636
5.32,5.276939329343511,28.07331723210745
5.328,5.2767161673003224,28.114343739376295
5.336,5.276466546998297,28.155225494783195
5.344,5.276190505085604,28.19596205917729
5.352,5.275888078519649,28.23655299623707
5.36,5.275559304565873,28.276997872473135
5.368,5.275204220796143,28.317296257233725
5.376,5.274822865087368,28.357447722709313
5.384,5.2744152756198694,28.39745184393716
5.392,5.273981490876246,28.437308198804917
5.4,5.273521549639907,28.47701636805573
5.408,5.2730354909933705,28.516575935291996
5.416,5.272523354316911,28.555986486980792
5.424,5.271985179287389,28.595247612454894
5.432,5.271421005876359,28.63435890392041
5.44,5.270830874348924,28.67331995645828
5.448,5.270214825262246,28.712130368028813
5.456,5.269572899463979,28.750789739475564
5.464,5.268905138090805,28.789297674528413
5.472,5.268211582567238,28.82765377980776
5.48,5.26749227460366,28.865857664828035
5.488,5.266747256195314,28.903908941999926
5.496,5.26597656962072,28.941807226635557
5.5040000000000004,5.2651802574400595,28.979552136950215
5.5120000000000005,5.264358362493857,29.01714329406625
5.5200000000000005,5.26351092790138,29.05458032201565
5.5280000000000005,5.262637997059171,29.091862847743297
5.5360000000000005,5.261739613639861,29.12899050111021
5.5440000000000005,5.260815821590162,29.165962914896117
5.5520000000000005,5.259866665129953,29.20277972480178
5.5600000000000005,5.258892188750358,29.23944056945191
5.5680000000000005,5.25789243721239,29.2759450903983
5.5760000000000005,5.256867455545524,29.31229293212179
5.5840000000000005,5.25581728904637,29.34848374203472
5.5920000000000005,5.254741983276608,29.384517170482955
5.6000000000000005,5.2536415840623265,29.42039287074919
5.6080000000000005,5.252516137491832,29.456110499054315
5.6160000000000005,5.251365689914445,29.491669714559357
5.6240000000000006,5.250190287938877,29.527070179368245
5.632,5.248989978432055,29.56231155852929
5.64,5.247764808517255,29.59739352003719
5.648,5.246514825572742,29.632315734834947
5.656,5.245240077230234,29.66707787681455
5.664,5.243940611373569,29.701679622819835
5.672,5.242616476136914,29.73612065264853
5.68,5.241267719903573,29.770400649052085
5.688,5.239894391304093,29.804519297737805
5.696,5.238496539215306,29.83847628737019
5.704,5.237074212758249,29.872271309572838
5.712,5.235627461297015,29.905904058928517
5.72,5.234156334437213,29.939374232981006
5.728,5.232660882024237,29.9726815322347
5.736,5.231141154142047,30.005825660158674
5.744,5.229597201111386,30.03880632318386
5.752,5.228029073488528,30.071623230706262
5.76,5.226436822063646,30.10427609508664
5.768,5.224820497859275,30.136764631651918
5.776,5.223180152128591,30.16908855869474
5.784,5.221515836354532,30.201247597474712
5.792,5.219827602247629,30.233241472218122
5.8,5.218115501744732,30.265069910119433
5.808,5.216379587007672,30.296732641340533
5.816,5.214619910421347,30.32822939901066
5.824,5.212836524592614,30.359559919227614
5.832,5.211029482348621,30.39072394105693
5.84,5.209198836735011,30.421721206532506
5.848,5.207344641015084,30.452551460656295
5.856,5.205466948667394,30.483214451396417
5.864,5.203565813385107,30.51370992969023
5.872,5.201641289073745,30.544037649441048
5.88,5.19969342985031,30.574197367519446
5.888,5.19772229004114,30.604188843762117
5.896,5.19572792418091,30.634011840970782
5.904,5.193710387011031,30.663666124913142
5.912,5.191669733477771,30.693151464320202
5.92,5.1896060187309345,30.72246763088721
5.928,5.1875192981228055,30.751614399271944
5.936,5.185409627205857,30.78059154709413
5.944,5.183277061731768,30.80939885493333
5.952,5.181121657649667,30.83803610633067
5.96,5.17894347110479,30.866503087784267
5.968,5.176742558436734,30.89479958875048
5.976,5.174518976178198,30.922925401641333
5.984,5.172272781053455,30.95088032182396
5.992,5.17000402997652,30.97866414761923
6.0,5.16771278004998,31.006276680299713
6.008,5.165399088563264,31.03371772408822
6.016,5.163063012991416,31.060987086156356
6.024,5.160704610993271,31.08808457662351
6.032,5.158323940410019,31.115010008553487
6.04,5.155921059263861,31.14176319795375
6.048,5.153496025756346,31.16834396377431
6.056,5.1510488982669305,31.194752127904547
6.064,5.1485797353514,31.220987515170957
6.072,5.146088595740487,31.24704995333609
6.08,5.143575538338191,31.27293927309605
6.088,5.141040622220426,31.29865530807812
6.096,5.1384839066336045,31.32419789483848
6.104,5.135905450992691,31.349566872859473
6.112,5.133305314880366,31.37476208454889
6.12,5.130683558044879,31.399783375234772
6.128,5.128040240399056,31.42463059316525
6.136,5.125375422018394,31.449303589504826
6.144,5.122689163139899,31.473802218331755
6.152,5.1199815241604805,31.49812633663533
6.16,5.117252565635254,31.522275804313153
6.168,5.114502348276432,31.546250484168862
6.176,5.111730932951379,31.5700502419079
6.184,5.108938380681678,31.593674946135735
6.192,5.1061247526411,31.617124468353747
6.2,5.103290110154397,31.64039868295702
6.208,5.100434514695858,31.66349746723133
6.216,5.0975580278875094,31.686420701348574
6.224,5.09466071149812,31.70916826836425
6.232,5.091742627441344,31.731740054214693
6.24,5.088803837774416,31.754135947712534
6.248,5.085844404696561,31.776355840543985
6.256,5.0828643905475275,31.798399627265237
6.264,5.079863857806119,31.82026720529774
6.272,5.076842869089036,31.84195847492618
6.28,5.073801487148762,31.863473339294348
6.288,5.070739774872821,31.884811704400434
6.296,5.0676577952815745,31.905973479093348
6.304,5.064555611527564,31.926958575069648
6.312,5.06143328689316,31.947766906869443
6.32,5.058290884789876,31.96839839187183
6.328,5.055128468756435,31.988852950290678
6.336,5.051946102457548,32.009130505170766
6.344,5.048743849682259,32.02923098238452
6.352,5.045521774342812,32.04915431062566
6.36,5.042279940472892,32.06890042140714
6.368,5.039018412225963,32.08846924905559
6.376,5.035737253874769,32.107860730706044
6.384,5.032436529808891,32.12707480629954
6.392,5.029116304533429,32.14611141857749
6.4,5.025776642668198,32.16497051307622
6.408,5.022417608945693,32.18365203812402
6.416,5.019039268209933,32.2021559448351
6.424,5.015641685415024,32.2204821871058
6.432,5.012224925623302,32.238630721608786
6.44,5.0087890540044535,32.25660150778898
6.448,5.005334135834115,32.27439450785858
6.456,5.001860236491861,32.2920096867914
6.464,4.998367421460201,32.3094470123185
6.472,4.994855756323131,32.32670645492335
6.48,4.9913253067648355,32.34378798783597
6.488,4.987776138567767,32.36069158702742
6.496,4.984208317611817,32.377417231206614
6.5040000000000004,4.980621909872677,32.39396490181191
6.5120000000000005,4.977016981420349,32.410334583009195
6.5200000000000005,4.973393598417766,32.42652626168321
6.5280000000000005,4.969751827119393,32.442539927434986
6.5360000000000005,4.966091733869982,32.458375572574084
6.5440000000000005,4.962413385103164,32.474033192114675
6.5520000000000005,4.958716847339611,32.48951278376882
6.5600000000000005,4.955002187186229,32.504814347941796
6.5680000000000005,4.951269471334457,32.51993788772475
6.5760000000000005,4.947518766559098,32.53488340889236
6.5840000000000005,4.943750139716351,32.54965091989234
6.5920000000000005,4.9399636577433315,32.56424043184367
6.6000000000000005,4.936159387655913,32.578651958528525
6.6080000000000005,4.932337396547778,32.59288551638761
6.6160000000000005,4.928497751588971,32.60694112451237
6.6240000000000006,4.92464052002436,32.62081880464097
6.632000000000001,4.920765769172462,32.634518581151916
6.640000000000001,4.916873566424093,32.648040481055645
6.648000000000001,4.912963979240749,32.66138453399224
6.656000000000001,4.909037075153491,32.674550772221416
6.664,4.905092921761552,32.68753923061879
6.672,4.9011315867309255,32.70034994666829
6.68,4.897153137793113,32.712982960457786
6.688,4.893157642743546,32.725438314668914
6.696,4.889145169440682,32.73771605457462
6.704,4.885115785804123,32.74981622803076
6.712,4.881069559813585,32.761738885469164
6.72,4.877006559507767,32.7734840798924
6.728,4.872926852982492,32.78505186686616
6.736,4.868830508389707,32.79644230451324
6.744,4.86471759393636,32.807655453506904
6.752,4.860588177882582,32.81869137706311
6.76,4.856442328540722,32.82955014093472
6.768,4.852280114273858,32.84023181340514
6.776,4.848101603494678,32.85073646528014
6.784,4.843906864664144,32.861064169881814
6.792,4.839695966289909,32.87121500304096
6.8,4.835468976925271,32.881189043091496
6.808,4.831225965167741,32.890986370862095
6.816,4.826966999658082,32.900607069669384
6.824,4.822692149078594,32.91005122531178
6.832,4.81840148215189,32.91931892606127
6.84,4.814095067639738,32.92841026265597
6.848,4.80977297434219,32.937325328295124
6.856,4.805435271095123,32.94606421862855
6.864,4.801082026770491,32.95462703175269
6.872,4.796713310273717,32.96301386820054
6.88,4.792329190543113,32.971224830936656
6.888,4.78792973654873,32.979260025347756
6.896,4.783515017290665,32.987119559236575
6.904,4.779085101798077,32.99480354281402
6.912,4.77464005912788,33.00231208869168
6.92,4.770179958363264,33.00964531187392
6.928,4.765704868612962,33.016803329750665
6.936,4.761214859009632,33.023786262090944
6.944,4.756709998708532,33.03059423103225
6.952,4.75219035688681,33.03722736107657
6.96,4.747656002741428,33.043685779079716
6.968,4.743107005488808,33.04996961424545
6.976,4.738543434363119,33.05607899811665
6.984,4.733965358615059,33.062014064567585
6.992,4.729372847511029,33.06777494979726
7.0,4.724765970331371,33.07336179231983
7.008,4.720144796369621,33.07877473295839
7.016,4.715509394930881,33.084013914834756
7.024,4.710859835331063,33.089079483365325
7.032,4.706196186895447,33.09397158624884
7.04,4.701518518957471,33.098690373460784
7.048,4.6968269008576975,33.10323599724521
7.056,4.6921214019424475,33.107608612105764
7.064,4.6874020915627375,33.11180837479856
7.072,4.682669039072899,33.115835444323494
7.08,4.677922313829955,33.11968998191579
7.088,4.673161985191757,33.12337215103897
7.096,4.668388122516233,33.126882117375345
7.104,4.663600795160255,33.13022004881829
7.112,4.658800072478054,33.13338611546386
7.12,4.653986023820788,33.13638048960336
7.128,4.649158718534494,33.13920334571406
7.136,4.644318225959957,33.14185486045002
7.144,4.639464615430609,33.14433521263611
7.152,4.634597956272023,33.14664458325746
7.16,4.629718317800492,33.148783155452016
7.168,4.624825769322245,33.15075111450171
7.176,4.61992038013174,33.15254864782504
7.184,4.615002219510898,33.15417594496619
7.192,4.610071356728237,33.15563319758947
7.2,4.605127861037215,33.15692059946776
7.208,4.600171801675606,33.158038346477404
7.216,4.595203247863911,33.15898663658591
7.224,4.590222268804761,33.159765669845875
7.232,4.585228933681588,33.16037564838562
7.24,4.580223311657466,33.16081677639995
7.248,4.575205471873876,33.16108926014244
7.256,4.570175483450277,33.16119330791593
7.264,4.565133415482493,33.161129130064246
7.272,4.560079337041259,33.16089693896362
7.28,4.555013317172197,33.16049694901343
7.288,4.549935424893941,33.15992937662687
7.296,4.544845729197345,33.15919444022354
7.304,4.53974429904438,33.15829236022022
7.312,4.534631203367199,33.15722335902065
7.32,4.529506511066882,33.15598766100924
7.328,4.524370291012458,33.15458549253837
7.336,4.519222612039899,33.15301708192431
7.344,4.514063542951289,33.15128265943431
7.352,4.508893152513403,33.1493824572786
7.36,4.503711509456853,33.147316709602855
7.368,4.498518682475226,33.14508565247806
7.376,4.493314740223902,33.14268952389188
7.384,4.488099751318831,33.14012856373833
7.392,4.482873784335873,33.13740301381072
7.4,4.477636907809876,33.13451311779238
7.408,4.472389190233053,33.131459121246046
7.416,4.467130700054678,33.12824127160525
7.424,4.461861505679881,33.12485981816706
7.432,4.456581675468313,33.121315012080174
7.44,4.451291277733634,33.11760710633769
7.448,4.445990380742247,33.11373635576778
7.456,4.440679052712392,33.109703017023804
7.464,4.4353573618133995,33.10550734857517
7.472,4.430025376164309,33.101149610699785
7.48,4.424683163833042,33.096630065471686
7.488,4.419330792835905,33.0919489767548
7.496,4.413968331135634,33.08710661019287
7.5040000000000004,4.408595846641725,33.08210323319941
7.5120000000000005,4.40321340720839,33.07693911494938
7.5200000000000005,4.39782108063427,33.07161452636914
7.5280000000000005,4.392418934660971,33.06612974012719
7.5360000000000005,4.387007036972741,33.060485030626765
7.5440000000000005,4.381585455195343,33.05468067399321
7.5520000000000005,4.3761542568947025,33.04871694806821
7.5600000000000005,4.3707135095764365,33.042594132397745
7.5680000000000005,4.365263280684969,33.03631250822355
7.5760000000000005,4.359803637602243,33.02987235847417
7.5840000000000005,4.354334647647222,33.023273967756595
7.5920000000000005,4.348856378074723,33.016517622343294
7.6000000000000005,4.343368896074814,33.00960361016809
7.6080000000000005,4.337872268771346,33.002532220812355
7.6160000000000005,4.332366563221759,32.99530374549743
7.6240000000000006,4.326851846415849,32.987918477074516
7.632000000000001,4.321328185274864,32.98037671001726
7.640000000000001,4.315795646650539,32.97267874040971
7.648000000000001,4.310254297324677,32.96482486593852
7.656000000000001,4.304704204007723,32.9568153858825
7.664000000000001,4.299145433338273,32.94865060110472
7.672000000000001,4.29357805188236,32.94033081404107
7.68,4.288002126131864,32.93185632869278
7.688,4.282417722504518,32.9232274506146
7.696,4.276824907342654,32.91444448690872
7.704,4.271223746912249,32.905507746211725
7.712,4.26561430740241,32.89641753868736
7.72,4.2599966549244295,32.887174176016856
7.728,4.254370855510887,32.877777971388056
7.736,4.248736975114733,32.86822923948777
7.744,4.2430950796088265,32.858528296490555
7.752,4.237445234784661,32.84867546005083
7.76,4.2317875063522035,32.83867104929267
7.768,4.226121959938237,32.82851538480012
7.776,4.220448661086244,32.8182087886064
7.784,4.214767675255421,32.807751584188324
7.792,4.209079067819817,32.797144096452755
7.8,4.203382904067731,32.786386651728535
7.808,4.197679249200535,32.77547957775812
7.816,4.191968168332336,32.764423203685546
7.824,4.186249726488912,32.75321786004941
7.832,4.180523988607254,32.741863878772506
7.84,4.174791019534519,32.73036159315041
7.848,4.169050884027366,32.71871133784633
7.856,4.163303646750962,32.70691344887592
7.864,4.157549372279096,32.69496826360329
7.872,4.151788125092317,32.68287612072684
7.88,4.146019969577857,32.670637360273695
7.888,4.140244970028729,32.65825232358633
7.896,4.134463190642926,32.64572135331619
7.904,4.128674695522987,32.63304479341371
7.912,4.122879548674925,32.620222989116485
7.92,4.117077814007714,32.60725628694096
7.928,4.111269555332468,32.59414503467577
7.936,4.105454836361815,32.580889581367416
7.944,4.099633720709318,32.56749027731402
7.952,4.093806271888115,32.55394747405433
7.96,4.087972553311372,32.540261524359266
7.968,4.082132628290767,32.52643278222095
7.976,4.076286560035712,32.5124616028448
7.984,4.070434411653288,32.498348342639964
7.992,4.064576246147102,32.484093359207726
8.0,4.058712126416748,32.469697011334205
8.008000000000001,4.052842115257206,32.45515965897959
8.016,4.046966275358052,32.44048166327003
8.024000000000001,4.0410846693029425,32.425663386486875
8.032,4.035197359568857,32.41070519205694
8.040000000000001,4.029304408525406,32.39560744454465
8.048,4.023405878434527,32.38037050964066
8.056000000000001,4.017501831449155,32.364994754154395
8.064,4.011592329613424,32.349480546002475
8.072000000000001,4.0056774348614725,32.33382825420092
8.08,3.9997572090165967,32.31803824885485
8.088000000000001,3.9938317137919115,32.302110901148794
8.096,3.987901010787857,32.28604658333902
8.104000000000001,3.9819651614931577,32.26984566874098
8.112,3.976024227283517,32.25350853172319
8.120000000000001,3.9700782694206267,32.23703554769548
8.128,3.964127349052815,32.220427093101016
8.136000000000001,3.9581715272130857,32.2036835454052
8.144,3.9522108648193224,32.1868052830887
8.152000000000001,3.9462454226737496,32.1697926856361
8.16,3.9402752614616023,32.15264613352647
8.168000000000001,3.934300441751429,32.135366008226114
8.176,3.9283210239941604,32.11795269217551
8.184000000000001,3.9223370685221424,32.100406568785004
8.192,3.91634863554939,32.082728022420554
8.2,3.9103557851704216,32.06491743839698
8.208,3.904358577359621,32.04697520296866
8.216,3.8983570719716027,32.028901703318
8.224,3.89235132873903,32.01069732755008
8.232,3.8863414072740103,31.992362464679417
8.24,3.8803273670659646,31.973897504623302
8.248,3.874309267481852,31.955302838191084
8.256,3.8682871677658586,31.936578857074544
8.264,3.862261127037746,31.91772595384
8.272,3.8562312042938847,31.89874452191969
8.28,3.85019745840581,31.879634955598878
8.288,3.844159948119215,31.86039765001203
8.296,3.83811873205494,31.841033001127265
8.304,3.8320738687072167,31.821541405743915
8.312,3.826025416443259,31.80192326147693
8.32,3.819973433503912,31.782178966752188
8.328,3.8139179780013825,31.76230892079566
8.336,3.807859107920416,31.742313523624443
8.344,3.801796881116654,31.722193176036708
8.352,3.7957313553166854,31.70194827960543
8.36,3.789662588117882,31.681579236665616
8.368,3.783590636986916,31.66108645030558
8.376,3.777515559260132,31.640470324363413
8.384,3.7714374121432606,31.61973126340904
8.392,3.7653562527099234,31.598869672741724
8.4,3.759272137902225,31.577885958379174
8.408,3.753185124529985,31.556780527047426
8.416,3.7470952692697823,31.53555378617403
8.424,3.7410026286653744,31.514206143877114
8.432,3.734907259126594,31.492738008955627
8.44,3.72880921692925,31.471149790883516
8.448,3.7227085582147312,31.449441899797346
8.456,3.7166053389890354,31.427614746491464
8.464,3.710499615123333,31.40566874240385
8.472,3.704391442352579,31.38360429961091
8.48,3.6982808762757533,31.36142183081846
8.488,3.6921679723551333,31.339121749349918
8.496,3.6860527859158903,31.316704469140852
8.504,3.6799353721458674,31.294170404728668
8.512,3.673815786095354,31.271519971243638
8.52,3.6676940826759363,31.248753584399502
8.528,3.6615703166610074,31.225871660485478
8.536,3.6554445426849207,31.202874616357704
8.544,3.649316815242399,31.179762869431514
8.552,3.643187188688993,31.15653683766811
8.56,3.637055717239672,31.133196939571228
8.568,3.630922454969075,31.10974359417565
8.576,3.624787455811482,31.086177221039392
8.584,3.618650773559221,31.062498240232784
8.592,3.6125124618637576,31.03870707233403
8.6,3.6063725742345216,31.01480413841605
8.608,3.600231164038203,30.990789860041406
8.616,3.5940882844999384,30.966664659251432
8.624,3.5879439887010913,30.942428958558295
8.632,3.581798329580228,30.918083180936602
8.64,3.5756513599323583,30.89362774981555
8.648,3.569503132408407,30.869063089068007
8.656,3.563353699515145,30.844389623004272
8.664,3.557203113615243,30.81960777636277
8.672,3.5510514269259343,30.794717974301538
8.68,3.54489869151957,30.769720642390094
8.688,3.5387449593232376,30.74461620660027
8.696,3.53259028211798,30.719405093297734
8.704,3.526434711538937,30.694087729235537
8.712,3.5202782990752257,30.66866454154225
8.72,3.514121096068529,30.643135957717842
8.728,3.5079631537145683,30.61750240562045
8.736,3.501804523061145,30.591764313461937
8.744,3.4956452550090766,30.565922109798972
8.752,3.4894854003111733,30.539976223522256
8.76,3.4833250095721304,30.51392708385208
8.768,3.4771641332487535,30.487775120325207
8.776,3.471002821649001,30.46152076279155
8.784,3.4648411249320827,30.4351644414045
8.792,3.4586790931083993,30.40870658660907
8.8,3.452516776038584,30.382147629139585
8.808,3.4463542234340006,30.355488000006467
8.816,3.4401914848562627,30.32872813049246
8.824,3.4340286097166666,30.301868452140965
8.832,3.427865647276784,30.27490939674911
8.84,3.421702646647155,30.24785139635972
8.848,3.4155396567874994,30.220694883256037
8.856,3.4093767265072588,30.193440289947425
8.864,3.4032139044639584,30.166088049168355
8.872,3.3970512391641674,30.138638593864574
8.88,3.3908887789626934,30.111092357188397
8.888,3.384726572062451,30.083449772491203
8.896,3.3785646665145874,30.05571127331363
8.904,3.3724031102176837,30.027877293378534
8.912,3.3662419509181,29.999948266583548
8.92,3.360081236209799,29.971924626990592
8.928,3.3539210135331246,29.943806808823197
8.936,3.3477613301761755,29.915595246454444
8.944,3.3416022332738002,29.887290374399992
8.952,3.3354437698069117,29.858892627311715
8.96,3.3292859866034976,29.83040243996792
8.968,3.323128930337582,29.80182024726784
8.976,3.3169726475292105,29.77314648422284
8.984,3.3108171845444874,29.74438158594728
8.992,3.3046625875951587,29.715525987655397
9.0,3.298508902738693,29.686580124648174
9.008000000000001,3.292356175878073,29.657544432309624
9.016,3.2862044527613383,29.628419346097015
9.024000000000001,3.2800537789821287,29.599205301534596
9.032,3.2739041999785474,29.569902734206067
9.040000000000001,3.267755761033864,29.540512079746744
9.048,3.2616085072762777,29.511033773834917
9.056000000000001,3.2554624836780337,29.481468252187685
9.064,3.2493177350562603,29.451815950549854
9.072000000000001,3.24317430607227,29.422077304687427
9.08,3.2370322412316828,29.3922527503839
9.088000000000001,3.2308915848841515,29.362342723427048
9.096,3.2247523812231536,29.33234765960569
9.104000000000001,3.218614674286226,29.302267994701896
9.112,3.212478507954478,29.2721041644813
9.120000000000001,3.206343925952733,29.241856604689932
9.128,3.2002109718494745,29.211525751041805
9.136000000000001,3.194079689056221,29.181112039217307
9.144,3.1879501208281558,29.15061590485319
9.152000000000001,3.1818223102636263,29.120037783532926
9.16,3.1756963003039886,29.089378110784242
9.168000000000001,3.1695721337337184,29.05863732207103
9.176,3.1634498531803708,29.02781585278328
9.184000000000001,3.157329501114047,28.996914138232068
9.192,3.1512111198481687,28.96593261364432
9.200000000000001,3.1450947515383674,28.93487171415221
9.208,3.138980438183057,28.90373187479001
9.216000000000001,3.132868221623535,28.872513530482454
9.224,3.126758143543269,28.84121711604262
9.232,3.12065024546827,28.80984306616286
9.24,3.1145445687671547,28.778391815407613
9.248,3.1084411546502184,28.746863798206
9.256,3.102340044171095,28.715259448847146
9.264,3.0962412782247535,28.683579201474146
9.272,3.0901448975485732,28.651823490070868
9.28,3.0840509427223974,28.619992748463496
9.288,3.07795945416773,28.588087410309516
9.296,3.0718704721483063,28.556107909090635
9.304,3.0657840367700655,28.524054678107937
9.312,3.0597001879804804,28.491928150475093
9.32,3.053618965569689,28.4597287591097
9.328,3.047540409169033,28.427456936729286
9.336,3.0414645582521764,28.395113115842847
9.344,3.0353914521347263,28.36269772874635
9.352,3.0293211299737868,28.33021120751486
9.36,3.0232536307686564,28.29765398399488
9.368,3.017188993360571,28.265026489801215
9.376,3.0111272564322333,28.232329156308452
9.384,3.005068458508349,28.19956241464284
9.392,2.999012637955769,28.166726695679692
9.4,2.992959832982598,28.133822430036044
9.408,2.9869100816392042,28.100850048060906
9.416,2.9808634218176557,28.06780997983441
9.424,2.9748198912518746,28.034702655158
9.432,2.9687795275178903,28.001528503548293
9.44,2.962742368033041,27.968287954232597
9.448,2.9567084500573437,27.934981436141456
9.456,2.9506778106918805,27.901609377902652
9.464,2.9446504868804677,27.868172207836764
9.472,2.938626515408468,27.834670353948102
9.48,2.9326059329030865,27.80110424392066
9.488,2.926588775834029,27.767474305112856
9.496,2.9205750805126205,27.733780964547417
9.504,2.9145648830926096,27.700024648912922
9.512,2.908558219569775,27.66620578454792
9.52,2.9025551257820537,27.632324797445882
9.528,2.896555637409632,27.59838211323922
9.536,2.890559789974952,27.564378157200373
9.544,2.8845676188427998,27.530313354235158
9.552,2.8785791592202044,27.49618812887218
9.56,2.8725944461571005,27.462002905261986
9.568,2.8666135145454157,27.42775810717053
9.576,2.8606363991196764,27.39345415797053
9.584,2.8546631344574673,27.35909148064001
9.592,2.8486937549784743,27.324670497753335
9.6,2.8427282949456614,27.290191631477363
9.608,2.836766788464447,27.2556553035659
9.616,2.8308092694832943,27.22106193535107
9.624,2.824855771793809,27.186411947742926
9.632,2.8189063290303196,27.15170576121996
9.64,2.8129609746706166,27.116943795824287
9.648,2.8070197420354672,27.082126471158073
9.656,2.801082664289088,27.04725420637552
9.664,2.7951497744391984,27.01232742017928
9.672,2.7892211053366243,26.977346530815996
9.68,2.783296689676297,26.942311956066554
9.688,2.777376559996502,26.907224113246205
9.696,2.7714607486792637,26.872083419195057
9.704,2.765549287950838,26.8368902902756
9.712,2.7596422098812514,26.801645142365853
9.72,2.7537395463842826,26.766348390855597
9.728,2.7478413292186974,26.73100045063905
9.736,2.7419475899868506,26.69560173611155
9.744,2.73605836013593,26.660152661164176
9.752,2.7301736709575004,26.624653639177495
9.76,2.7242935535878865,26.589105083018303
9.768,2.7184180390082027,26.553507405032946
9.776,2.712547158044556,26.51786101704284
9.784,2.706680941367525,26.482166330340817
9.792,2.700819419493793,26.446423755682627
9.8,2.6949626227845607,26.410633703288244
9.808,2.68911058144676,26.374796582829436
9.816,2.683263325532914,26.338912803430343
9.824,2.6774208849409282,26.302982773659696
9.832,2.6715832894150973,26.267006901528912
9.84,2.665750568545234,26.230985594484572
9.848,2.6599227517672928,26.19491925940451
9.856,2.654099868363809,26.15880830259283
9.864,2.64828194746335,26.12265312977774
9.872,2.6424690180412087,26.086454146102724
9.88,2.636661108919551,26.050211756124508
9.888,2.6308582487670624,26.013926363808697
9.896,2.6250604660996997,25.977598372522476
9.904,2.6192677892805616,25.941228185034184
9.912,2.61348024651986,25.90481620350572
9.92,2.6076978658758496,25.868362829488316
9.928,2.6019206752537696,25.831868463919726
9.936,2.5961487024072407,25.79533350711793
9.944,2.5903819749374986,25.758758358777786
9.952,2.5846205202941417,25.72214341796704
9.96,2.578864365775147,25.685489083119446
9.968,2.5731135385267616,25.64879575203493
9.976,2.567368065544327,25.612063821870496
9.984,2.5616279736716883,25.575293689138128
9.992,2.5558932896019906,25.538485749702637
10.0,2.5501640398773517,25.50164039877333
10.008000000000001,2.5444402508895827,25.464758030902704
10.016,2.5387219488799446,25.427839039981013
10.024000000000001,2.533009159939484,25.390883819232926
10.032,2.527301910009273,25.3538927612129
10.040000000000001,2.5216002248805762,25.316866257800765
10.048,2.515904130195009,25.2798047001998
10.056000000000001,2.5102136514447984,25.242708478928407
10.064,2.5045288139726853,25.205577983821392
10.072000000000001,2.4988496429727096,25.16841360402242
10.08,2.49317616349001,25.13121572797871
10.088000000000001,2.4875084004208055,25.093984743445205
10.096,2.4818463785132394,25.056721037468886
10.104000000000001,2.476190122366893,25.019424996394793
10.112,2.4705396564336395,24.982097005857863
10.120000000000001,2.464895005017423,24.944737450776643
10.128,2.4592561922746525,24.907346715357413
10.136000000000001,2.45362324221407,24.869925183081843
10.144,2.4479961786976623,24.83247323670829
10.152000000000001,2.442375025440151,24.794991258268396
10.16,2.4367598060097135,24.757479629058746
10.168000000000001,2.431150543828022,24.719938729642738
10.176,2.425547262170211,24.68236893984477
10.184000000000001,2.41994998416572,24.644770638744173
10.192,2.414358732797944,24.60714420467675
10.200000000000001,2.408773530904648,24.569490015227597
10.208,2.403194401178227,24.531808447226567
10.216000000000001,2.3976213661659296,24.494099876751022
10.224,2.392054448270167,24.45636467911401
10.232000000000001,2.386493669748624,24.418603228867124
10.24,2.3809390527144507,24.38081589979572
10.248,2.3753906191366605,24.343003064911677
10.256,2.369848390840254,24.305165096457777
10.264,2.3643123895064417,24.267302365894434
10.272,2.3587826366732387,24.22941524390678
10.28,2.353259153734867,24.19150410039557
10.288,2.347741961943173,24.15356930447089
10.296,2.3422310824065504,24.11561122445834
10.304,2.336726536091544,24.077630227888015
10.312,2.3312283438220067,24.03962668149194
10.32,2.325736526279853,24.001600951208136
10.328,2.3202511040052998,23.963553402166365
10.336,2.3147720973969994,23.925484398695524
10.344,2.3092995267123824,23.887394304313336
10.352,2.303833412067893,23.849283481726655
10.36,2.2983737734392324,23.81115229283044
10.368,2.2929206306614875,23.77300109869844
10.376,2.2874740034297094,23.73483025958554
10.384,2.2820339112987753,23.696640134925936
10.392,2.2766003736839995,23.658431083323773
10.4,2.2711734098612277,23.62020346255685
10.408,2.2657530389672678,23.58195762957179
10.416,2.260339279999836,23.54369394047803
10.424,2.254932151817956,23.505412750550487
10.432,2.2495316731425197,23.467114414222596
10.44,2.2441378625561406,23.428799285085685
10.448,2.238750738503674,23.390467715886498
10.456,2.2333703192924133,23.352120058521113
10.464,2.227996623092317,23.313756664038436
10.472,2.22262966793654,23.275377882631517
10.48,2.2172694717212638,23.23698406363906
10.488,2.2119160522063672,23.198575555540817
10.496,2.20656942701558,23.160152705955102
10.504,2.2012296136365053,23.12171586163736
10.512,2.195896629421456,23.08326536847875
10.52,2.1905704915873656,23.044801571498954
10.528,2.185251217215963,23.006324814849346
10.536,2.1799388232542722,22.967835441807694
10.544,2.1746333265150692,22.929333794774443
10.552,2.1693347436766346,22.890820215275582
10.56,2.1640430912835042,22.85229504395382
10.568,2.158758385746669,22.813758620570123
10.576,2.15348064334375,22.775211284003575
10.584,2.148209880219397,22.736653372241342
10.592,2.142946112385378,22.69808522238552
10.6,2.137689355721203,22.65950717064577
10.608,2.1324396259742646,22.620919552334893
10.616,2.127196938760005,22.582322701876297
10.624,2.1219613095623107,22.54371695279002
10.632,2.1167327537339173,22.505102637698872
10.64,2.1115112864965853,22.4664800883237
10.648,2.106296922941346,22.427849635480015
10.656,2.1010896780291652,22.389211609077584
10.664,2.0958895665904724,22.35056633812077
10.672,2.090696603326484,22.311914150700133
10.68,2.0855108028086344,22.2732553739959
10.688,2.0803321794793552,22.234590334275588
10.696,2.0751607476523453,22.195919356889085
10.704,2.069996521512539,22.157242766269533
10.712,2.064839515116831,22.118560885932602
10.72,2.0596897423944216,22.079874038467608
10.728,2.0545472171464048,22.041182545546743
10.736,2.049411953047077,22.002486727912807
10.744,2.0442839636434287,21.963786905385067
10.752,2.039163262356088,21.92508339685284
10.76,2.034049862479054,21.886376520274805
10.768,2.0289437771805168,21.84766659268041
10.776,2.023845019502925,21.80895393016389
10.784,2.0187536023632626,21.77023884788485
10.792,2.013669538553319,21.731521660067912
10.8,2.008592840740421,21.692802679996667
10.808,2.0035235214671463,21.654082220016825
10.816,1.9984615931520735,21.615360591533193
10.824,1.9934070680900957,21.576638105006104
10.832,1.988359958452331,21.537915069955133
10.84,1.9833202762869457,21.49919179495091
10.848,1.9782880335192683,21.460468587616422
10.856,1.9732632419519012,21.421745754630443
10.864,1.9682459132655086,21.383023601717213
10.872,1.9632360590187237,21.344302433652505
10.88,1.9582336906487907,21.305582554258525
10.888,1.953238819471277,21.266864266403118
10.896,1.9482514566814217,21.228147872000555
10.904,1.9432716133535366,21.189433672006487
10.912,1.938299300441846,21.150721966420154
10.92,1.9333345287805002,21.11201305428323
10.928,1.9283773090841927,21.073307233672192
10.936,1.9234276519483715,21.034604801706937
10.944,1.9184855678494286,20.995906054544434
10.952,1.913551067145261,20.957211287374477
10.96,1.9086241600754545,20.918520794425987
10.968,1.9037048567615422,20.879834868960508
10.976,1.8987931672077427,20.841153803272107
10.984,1.8938891013007044,20.802477888687605
10.992,1.8889926688103462,20.76380741556397
11.0,1.884103879389976,20.72514267328881
11.008000000000001,1.8792227425762187,20.686483950279076
11.016,1.8743492677904001,20.647831533978174
11.024000000000001,1.8694834643377563,20.609185710859386
11.032,1.864625341408519,20.570546766418747
11.040000000000001,1.8597749080778685,20.531914985179423
11.048,1.854932173306396,20.49329065069025
11.056000000000001,1.8500971459406519,20.454674045520186
11.064,1.8452698347128664,20.416065451263545
11.072000000000001,1.8404502482420235,20.377465148535638
11.08,1.8356383950336892,20.338873416973513
11.088000000000001,1.8308342834807447,20.300290535234268
11.096,1.8260379218631682,20.2617167809937
11.104000000000001,1.8212493183490375,20.223152430947824
11.112,1.8164684809944125,20.184597760809773
11.120000000000001,1.8116954177438096,20.146053045310722
11.128,1.8069301364305748,20.107518558199526
11.136000000000001,1.802172644777208,20.068994572238786
11.144,1.7974229503956902,20.030481359208856
11.152000000000001,1.7926810607876442,19.991979189904622
11.16,1.7879469833453676,19.953488334134594
11.168000000000001,1.7832207253511387,19.91500906072155
11.176,1.7785022939783974,19.876541637502324
11.184000000000001,1.7737916962915623,19.838086331324433
11.192,1.7690889392468423,19.799643408050944
11.200000000000001,1.7643940296921954,19.7612131325535
11.208,1.759706974367966,19.722795768715923
11.216000000000001,1.755027779906812,19.684391579434834
11.224,1.7503564528346216,19.646000826615186
11.232000000000001,1.745692999570226,19.607623771172594
11.24,1.7410374264264223,19.569260673033767
11.248000000000001,1.7363897396098231,19.5309117911312
11.256,1.731749945221268,19.49257738341069
11.264,1.7271180492564524,19.454257706824713
11.272,1.7224940576058885,19.415953017333166
11.28,1.717877976055513,19.37766356990672
11.288,1.7132698102870914,19.33938961852118
11.296,1.7086695658782751,19.301131416161056
11.304,1.7040772483031548,19.2628892148194
11.312,1.699492862932655,19.22466326549357
11.32,1.6949164150347076,19.186453818192398
11.328,1.6903479097746354,19.148261121926932
11.336,1.685787352215736,19.110085424717525
11.344,1.6812347473194256,19.071926973591417
11.352,1.67669009994537,19.03378601457996
11.36,1.6721534148523647,18.99566279272296
11.368,1.6676246966983128,18.957557552067108
11.376,1.6631039500407545,18.919470535662988
11.384,1.6585911793366659,18.881401985568466
11.392,1.6540863889439423,18.84335214284958
11.4,1.6495895831205691,18.80532124757493
11.408,1.645100766025679,18.76730953882203
11.416,1.6406199417198888,18.72931725467376
11.424,1.636147114164827,18.691344632219355
11.432,1.631682287224926,18.65339190755596
11.44,1.6272254646664697,18.615459315783657
11.448,1.6227766501584155,18.57754709101403
11.456,1.6183358472730902,18.539655466360053
11.464,1.6139030594859627,18.501784673946567
11.472,1.6094782901762543,18.46393494490283
11.48,1.6050615426275365,18.426106509364356
11.488,1.600652820027589,18.388299596477065
11.496,1.5962521254690198,18.350514434391734
11.504,1.5918594619497237,18.312751250269073
11.512,1.587474832372951,18.275010270277228
11.52,1.5830982395479887,18.237291719592594
11.528,1.5787296861902107,18.1995958224004
11.536,1.5743691749215076,18.16192280189473
11.544,1.570016708270868,18.124272880279083
11.552,1.5656722886743648,18.086646278765755
11.56,1.5613359184758293,18.049043217579975
11.568,1.557007599926881,18.01146391595419
11.576,1.5526873351876387,17.97390859213187
11.584,1.5483751263268015,17.936377463370384
11.592,1.5440709753222615,17.898870745934992
11.6,1.5397748840608538,17.86138865510626
11.608,1.5354868543396392,17.823931405174836
11.616,1.5312068878654574,17.78649920944521
11.624,1.5269349862556505,17.749092280236315
11.632,1.5226711510384243,17.71171082887885
11.64,1.518415383652913,17.674355065719986
11.648,1.5141676854499144,17.63702520012028
11.656,1.5099280576918985,17.599721440456644
11.664,1.505696501553735,17.56244399412271
11.672,1.5014730181225155,17.52519306752628
11.68,1.4972576083985636,17.48796886609569
11.688,1.4930502732952622,17.450771594275004
11.696,1.4888510136394626,17.413601455526486
11.704,1.4846598301720648,17.376458652333667
11.712,1.4804767235483103,17.339343386198486
11.72,1.4763016943379776,17.302255857641104
11.728,1.4721347430258194,17.26519626620774
11.736,1.467975870012057,17.22816481046186
11.744,1.4638250756124345,17.191161687991947
11.752,1.4596823600585775,17.154187095408723
11.76,1.4555477234989254,17.11724122834747
11.768,1.4514211659983514,17.080324281468283
11.776,1.4473026875387638,17.0434364484573
11.784,1.4431922880197143,17.006577922023443
11.792,1.4390899672581692,16.9697488939087
11.8,1.4349957249896994,16.932949554878114
11.808,1.4309095608678084,16.896180094727438
11.816,1.4268314744652264,16.859440702282242
11.824,1.422761465273804,16.822731565396605
11.832,1.4186995327044496,16.78605287095945
11.84,1.4146456760885793,16.749404804889043
11.848,1.4105998946772977,16.712787552136948
11.856,1.4065621876425896,16.67620129669076
11.864,1.4025325540770417,16.63964622157066
11.872,1.398510992994784,16.603122508833792
11.88,1.3944975033311846,16.566630339575156
11.888,1.3904920839438835,16.53016989392542
11.896,1.3864947336126208,16.49374135105563
11.904,1.3825054510396133,16.45734488917638
11.912,1.3785242348504145,16.420980685537664
11.92,1.3745510835935353,16.384648916434703
11.928,1.370585995741252,16.348349757201273
11.936,1.3666289696898757,16.312083382218525
11.944,1.3626800037600735,16.27584996491013
11.952,1.3587390961970087,16.23964967774701
11.96,1.354806245171161,16.203482692247405
11.968,1.3508814487781147,16.167349178976224
11.976,1.3469647050392646,16.13124930755019
11.984,1.3430560119020352,16.095183246634168
11.992,1.3391553672403127,16.059151163946126
12.0,1.3352627688545857,16.02315322625511
12.008000000000001,1.331378214472476,15.987189599385765
12.016,1.3275017017490813,15.951260448216793
12.024000000000001,1.32363322826709,15.915365936683074
12.032,1.3197727915373136,15.879506227777169
12.040000000000001,1.315920388999221,15.84368148355038
12.048,1.3120760180207505,15.807891865113715
12.056000000000001,1.3082396758991115,15.772137532639576
12.064,1.3044113598608644,15.736418645361091
12.072000000000001,1.300591067062421,15.700735361577083
12.08,1.2967787945902642,15.6650878386508
12.088000000000001,1.2929745394614067,15.6294762330098
12.096,1.2891782986235762,15.59390070015125
12.104000000000001,1.285390068955626,15.558361394638885
12.112,1.2816098472679167,15.522858470108348
12.120000000000001,1.2778376303025005,15.487392079265828
12.128,1.2740734147337018,15.451962373890511
12.136000000000001,1.2703171971682428,15.416569504833785
12.144,1.2665689741456374,15.381213622024923
12.152000000000001,1.262828742138569,15.345894874467925
12.16,1.2590964975531436,15.310613410246011
12.168000000000001,1.2553722367292457,15.275369376521889
12.176,1.251655955941009,15.240162919537545
12.184000000000001,1.247947651396948,15.204994184619526
12.192,1.2442473192402583,15.169863316176768
12.200000000000001,1.2405549555494528,15.134770457703178
12.208,1.2368705563383724,15.099715751779277
12.216000000000001,1.2331941175567922,15.064699340073616
12.224,1.2295256350903865,15.029721363344688
12.232000000000001,1.2258651047613751,14.994781961441644
12.24,1.2222125223288942,14.959881273305516
12.248000000000001,1.2185678834888132,14.925019436971528
12.256,1.2149311838748418,14.890196589570673
12.264000000000001,1.2113024190582475,14.855412867329377
12.272,1.2076815845481768,14.820668405575617
12.280000000000001,1.204068675792599,14.785963338732751
12.288,1.2004636881778976,14.751297800330322
12.296,1.1968666170296756,14.716671922996174
12.304,1.1932774576127385,14.682085838467037
12.312,1.1896962051318323,14.647539677583033
12.32,1.1861228547315066,14.613033570292464
12.328,1.1825574014968854,14.578567645653315
12.336,1.1789998404534876,14.544142031834099
12.344,1.1754501665680739,14.509756856116015
12.352,1.171908374748597,14.4754122448944
12.36,1.168374459844645,14.441108323680291
12.368,1.164848416647912,14.40684521710121
12.376,1.1613302398920655,14.372623048904815
12.384,1.1578199242537213,14.33844194195803
12.392,1.1543174643520702,14.304302018250862
12.4,1.150822854749762,14.270203398897026
12.408,1.1473360899530338,14.236146204136633
12.416,1.1438571644116957,14.202130553335854
12.424,1.140386072520092,14.16815656498943
12.432,1.1369228086168401,14.134224356724191
12.44,1.1334673669854138,14.100334045298142
12.448,1.130019741854404,14.066485746603732
12.456,1.1265799273979564,14.032679575669071
12.464,1.1231479177358796,13.998915646659379
12.472,1.11972370693397,13.96519407288031
12.48,1.1163072890045793,13.931514966776886
12.488,1.1128986579066105,13.897878439937724
12.496,1.1094978075460487,13.86428460309597
12.504,1.106104731776188,13.830733566129487
12.512,1.1027194243978866,13.797225438066068
12.52,1.0993418791599923,13.763760327082899
12.528,1.0959720897595089,13.730338340507645
12.536,1.09261004984221,13.696959584821602
12.544,1.0892557530023819,13.663624165662553
12.552,1.0859091927838624,13.630332187823225
12.56,1.0825703626796033,13.597083755256005
12.568,1.079239256132575,13.563878971074192
12.576,1.0759158665357205,13.530717937553094
12.584,1.072600187232347,13.497600756132535
12.592,1.069292211516634,13.464527527417422
12.6,1.065991932633504,13.43149835118166
12.608,1.062699343779281,13.398513326369033
12.616,1.0594144381019142,13.365572551094257
12.624,1.0561372087013032,13.332676122645465
12.632,1.0528676486294197,13.299824137486734
12.64,1.0496057508907546,13.267016691259212
12.648,1.046351508442665,13.234253878782638
12.656,1.0431049141955484,13.201535794059538
12.664,1.0398659610132983,13.168862530272246
12.672,1.0366346417133265,13.136234179791236
12.68,1.0334109490671477,13.103650834171514
12.688,1.0301948758005937,13.071112584157571
12.696,1.0269864145939547,13.03861951968502
12.704,1.0237855580825366,13.006171729880437
12.712,1.0205922988567093,12.973769303065895
12.72,1.0174066294623305,12.941412326761137
12.728,1.0142285424010846,12.909100887680998
12.736,1.0110580301306276,12.876835071743614
12.744,1.007895085064937,12.84461496406724
12.752,1.0047396995746676,12.812440648976164
12.76,1.0015918659873921,12.780312209999048
12.768,0.9984515765879106,12.748229729874074
12.776,0.9953188236184795,12.716193290549361
12.784,0.9921935992791651,12.68420297318471
12.792,0.989075895728074,12.652258858153312
12.8,0.9859657050817701,12.62036102504632
12.808,0.9828630194153165,12.588509552671079
12.816,0.9797678307627697,12.556704519055815
12.824,0.9766801311175543,12.524946001451626
12.832,0.973599912432352,12.493234076331898
12.84,0.9705271666197273,12.461568819397495
12.848,0.967461885552384,12.429950305577464
12.856,0.9644040610633141,12.398378609029741
12.864,0.9613536849461365,12.36685380314611
12.872,0.9583107489552752,12.335375960551598
12.88,0.9552752448065446,12.303945153108536
12.888,0.9522471641771373,12.272561451914727
12.896,0.94922649870595,12.241224927311935
12.904,0.9462132399939379,12.209935648882112
12.912,0.9432073796043948,12.178693685452679
12.92,0.9402089090631611,12.147499105096607
12.928,0.9372178198589172,12.116351975136308
12.936,0.9342341034434581,12.085252362144939
12.944,0.9312577512320237,12.054200331947616
12.952,0.9282887546035374,12.023195949624922
12.96,0.9253271049007198,11.992239279514074
12.968,0.9223727934307789,11.961330385210543
12.976,0.9194258114652107,11.930469329572679
12.984,0.9164861502403551,11.899656174720135
12.992,0.9135538009574483,11.868890982039122
13.0,0.910628754783281,11.83817381218316
13.008000000000001,0.9077110028499754,11.807504725072624
13.016,0.9048005362556605,11.776883779903459
13.024000000000001,0.9018973460643386,11.746311035142183
13.032,0.8990014233066838,11.715786548532725
13.040000000000001,0.8961127589797736,11.68531037709613
13.048,0.8932313440476711,11.654882577133444
13.056000000000001,0.8903571694415796,11.62450320422919
13.064,0.8874902260601206,11.594172313249585
13.072000000000001,0.8846305047696787,11.563889958349307
13.08,0.8817779964044901,11.533656192970394
13.088000000000001,0.878932691767022,11.503471069846881
13.096,0.8760945816282574,11.473334641003404
13.104000000000001,0.8732636567278541,11.44324695776151
13.112,0.8704399077744844,11.413208070738916
13.120000000000001,0.8676233254461223,11.383218029852488
13.128,0.8648139003900689,11.353276884320591
13.136000000000001,0.8620116232236169,11.323384682665129
13.144,0.8592164845338857,11.293541472713583
13.152000000000001,0.8564284748783847,11.263747301600041
13.16,0.853647584785128,11.234002215771678
13.168000000000001,0.8508738047527679,11.204306260984398
13.176,0.8481071252512142,11.174659482310256
13.184000000000001,0.8453475367215213,11.1450619241363
13.192,0.8425950295762565,11.11551363016968
13.200000000000001,0.8398495941998301,11.086014643437384
13.208,0.8371112209486835,11.05656500629025
13.216000000000001,0.8343799001515054,11.02716476040249
13.224,0.8316556221096193,10.997813946777473
13.232000000000001,0.8289383770968612,10.968512605745904
13.24,0.8262281553604399,10.939260776972258
13.248000000000001,0.8235249471205973,10.910058499453829
13.256,0.8208287425711885,10.880905811523323
13.264000000000001,0.8181395318797527,10.85180275085285
13.272,0.8154573051878466,10.822749354453466
13.280000000000001,0.8127820526113945,10.79374565867939
13.288,0.8101137642407034,10.764791699230209
13.296000000000001,0.8074524301407829,10.735887511151521
13.304,0.8047980403516141,10.7070331288374
13.312000000000001,0.8021505848884506,10.678228586035079
13.32,0.799510053742017,10.649473915843572
13.328,0.796876436878589,10.620769150717715
13.336,0.7942497242405024,10.59211432247109
13.344,0.7916299057461755,10.563509462277198
13.352,0.7890169712904427,10.53495460067022
13.36,0.7864109107448126,10.50644976755055
13.368,0.7838117139576077,10.477994992184652
13.376,0.7812193707541988,10.449590303208401
13.384,0.7786338709374011,10.421235728625803
13.392,0.7760552042875029,10.392931295818316
13.4,0.7734833605626713,10.364677031539658
13.408,0.7709183294990152,10.336472961922428
13.416,0.7683601008109615,10.308319112480234
13.424,0.7658086641914101,10.280215508104723
13.432,0.7632640093118562,10.252162173076838
13.44,0.7607261258229695,10.224159131060839
13.448,0.7581950033543536,10.196206405109464
13.456,0.7556706315151861,10.168304017668307
13.464,0.7531529998941028,10.140451990574382
13.472,0.7506420980597087,10.112650345059963
13.48,0.7481379155605553,10.084899101756339
13.488,0.7456404419256358,10.057198280692917
13.496,0.743149666664298,10.02954790130113
13.504,0.7406655792666615,10.001947982417308
13.512,0.7381881692039176,9.974398542283105
13.52,0.7357174259282634,9.946899598549793
13.528,0.7332533388733338,9.919451168278572
13.536,0.7307958974544128,9.892053267943266
13.544,0.7283450910686708,9.864705913433976
13.552,0.7259009090951086,9.837409120057005
13.56,0.7234633408951912,9.810162902539076
13.568,0.7210323758127558,9.78296727502753
13.576,0.7186080031743464,9.755822251094795
13.584,0.7161902122893852,9.728727843738897
13.592,0.7137789924505127,9.701684065387287
13.6,0.7113743329335052,9.674690927895305
13.608,0.7089762229977961,9.647748442554223
13.616,0.7065846518866766,9.620856620088423
13.624,0.7041996088270835,9.594015470659967
13.632,0.7018210830304027,9.567225003870856
13.64,0.6994490636923602,9.540485228763439
13.648,0.6970835399930189,9.513796153825023
13.656,0.6947245010975456,9.487157786987948
13.664,0.6923719361558741,9.460570135634132
13.672,0.690025834303273,9.434033206593979
13.68,0.6876861846602983,9.4075470061527
13.688,0.6853529763332307,9.381111540049256
13.696,0.6830261984140541,9.354726813478905
13.704,0.6807058399808055,9.328392831096858
13.712,0.678391890097743,9.302109597020117
13.72,0.6760843378154885,9.27587711482871
13.728,0.6737831721713826,9.249695387568424
13.736,0.6714883821894266,9.223564417753927
13.744,0.6691999568807128,9.197484207369094
13.752,0.6669178852435899,9.171454757869277
13.76,0.6646421562636076,9.145476070187144
13.768,0.6623727589141881,9.119548144730306
13.776,0.6601096821562997,9.093670981385088
13.784,0.6578529149390597,9.067844579520358
13.792,0.6556024461997108,9.042068937986079
13.8,0.653358264863825,9.016344055120799
13.808,0.651120359845573,8.990669928747407
13.816,0.6488887200478909,8.965046556181296
13.824,0.6466633343626786,8.939473934229666
13.832,0.6444441916708786,8.913952059191141
13.84,0.6422312808428552,8.888480926864895
13.848,0.6400245907384423,8.863060532545468
13.856,0.6378241102071593,8.837690871030295
13.864,0.6356298280884193,8.812371936617927
13.872,0.6334417332117916,8.78710372311396
13.88,0.6312598143968985,8.761886223829116
13.888,0.6290840604540415,8.736719431585731
13.896,0.6269144601840039,8.711603338716692
13.904,0.6247510023783279,8.686537937067785
13.912,0.6225936758196614,8.661523218003106
13.92,0.6204424692818046,8.636559172402679
13.928,0.6182973715298115,8.611645790667538
13.936,0.6161583713204362,8.586783062721404
13.944,0.6140254574019216,8.561970978012717
13.952,0.6118986185146109,8.537209525515516
13.96,0.6097778433907362,8.512498693734583
13.968,0.6076631207548802,8.487838470704123
13.976,0.605554439323988,8.46322884399219
13.984,0.6034517878076433,8.438669800702078
13.992,0.6013551549081749,8.414161327475014
14.0,0.5992645293208103,8.389703410491064
14.008000000000001,0.5971798997339003,8.365296035472452
14.016,0.5951012548291758,8.340939187685725
14.024000000000001,0.5930285832816637,8.316632851942463
14.032,0.5909618737601549,8.292377012602635
14.040000000000001,0.5889011149272221,8.268171653577951
14.048,0.5868462954392514,8.244016758330678
14.056000000000001,0.5847974039469743,8.219912309878682
14.064,0.5827544290952853,8.195858290795927
14.072000000000001,0.5807173595235842,8.171854683215624
14.08,0.5786861838658854,8.147901468831604
14.088000000000001,0.5766608907511198,8.123998628901202
14.096,0.5746414688029582,8.10014614424643
14.104000000000001,0.5726279066404285,8.076343995256543
14.112,0.5706201928777138,8.052592161890447
14.120000000000001,0.568618316124486,8.028890623677851
14.128,0.5666222649860315,8.005239359722918
14.136000000000001,0.5646320280634867,7.981638348705055
14.144,0.5626475939537092,7.958087568881391
14.152000000000001,0.560668951249944,7.934586998089134
14.16,0.5586960885414596,7.911136613747189
14.168000000000001,0.556728994414068,7.887736392858369
14.176,0.5547676574500828,7.864386312012367
14.184000000000001,0.552812066228595,7.841086347386576
14.192,0.550862209325525,7.817836474747979
14.200000000000001,0.5489180753138823,7.794636669457147
14.208,0.5469796527638194,7.771486906468302
14.216000000000001,0.5450469302428905,7.748387160333133
14.224,0.5431198963161311,7.725337405200566
14.232000000000001,0.541198539546162,7.702337614820836
14.24,0.5392828484935157,7.679387762547811
14.248000000000001,0.5373728117165953,7.656487821337837
14.256,0.5354684177719659,7.633637763756706
14.264000000000001,0.533569655214352,7.6108375619778705
14.272,0.5316765125970175,7.588087187784466
14.280000000000001,0.5297889784716674,7.565386612575238
14.288,0.527907041388734,7.542735807361983
14.296000000000001,0.5260306898974716,7.520134742774577
14.304,0.5241599125462145,7.49758338906097
14.312000000000001,0.5222946978822894,7.4750817160914735
14.32,0.5204350344524526,7.452629693358909
14.328000000000001,0.5185809108027233,7.430227289981537
14.336,0.5167323154788166,7.40787447470443
14.344,0.5148892370260928,7.385571215902318
14.352,0.5130516639897639,7.363317481581094
14.36,0.5112195849150356,7.34111323937976
14.368,0.5093929883472729,7.318958456573565
14.376,0.5075718628320381,7.296853100073172
14.384,0.5057561969153668,7.274797136430763
14.392,0.50394597914381,7.252790531837725
14.4,0.5021411980645999,7.230833252130172
14.408,0.5003418422257933,7.208925262789779
14.416,0.4985479001764549,7.187066528943672
14.424,0.4967593604665996,7.165257015370477
14.432,0.49497621164760186,7.143496686498679
14.44,0.49319844227217496,7.1217855064102835
14.448,0.491426040894401,7.10012343884246
14.456,0.48965899607015995,7.078510447190284
14.464,0.4878972963569833,7.056946494507425
14.472,0.48614093031426675,7.035431543508182
14.48,0.48438988650351805,7.0139655565710495
14.488,0.4826441534883061,6.992548495738696
14.496,0.4809037198345306,6.971180322721297
14.504,0.4791685741104419,6.949860998897962
14.512,0.4774387048868695,6.928590485318332
14.52,0.47571410073726067,6.90736874270526
14.528,0.47399475023790094,6.886195731455852
14.536,0.4722806419678961,6.86507141164533
14.544,0.47057176450946453,6.843995743025401
14.552,0.4688681064479757,6.822968685030809
14.56,0.4671696563720213,6.80199019677656
14.568,0.465476402873681,6.781060237063621
14.576,0.4637883345484775,6.760178764378631
14.584,0.4621054399956478,6.7393457368963565
14.592,0.4604277078181877,6.71856111248288
14.6,0.45875512662291484,6.697824848694804
14.608,0.45708768502077185,6.677136902783368
14.616,0.4554253716267041,6.656497231695865
14.624,0.45376817506001277,6.635905792077689
14.632,0.45211608394431113,6.61536254027309
14.64,0.4504690869076692,6.594867432327987
14.648,0.4488271725827627,6.574420423992148
14.656,0.44719032960701316,6.554021470720293
14.664,0.44555854662268213,6.533670527674937
14.672,0.44393181227688777,6.5133675497265475
14.68,0.44231011522187075,6.4931124914572145
14.688,0.4406934441150528,6.472905307161987
14.696,0.439081787619074,6.4527459508497795
14.704,0.4374751344020002,6.432634376246846
14.712,0.4358734731373825,6.412570536797113
14.72,0.434276792504402,6.392554385664821
14.728,0.4326850811879849,6.372585875736662
14.736,0.43109832787884206,6.352664959622695
14.744,0.42951652127363094,6.332791589658531
14.752,0.42793965007507906,6.3129657179075815
14.76,0.42636770299204857,6.293187296162568
14.768,0.4248006687396796,6.273456275947453
14.776,0.42323853603943123,6.253772608518901
14.784,0.42168129361934603,6.2341362448684805
14.792,0.4201289302139103,6.214547135724124
14.8,0.41858143456434577,6.195005231552739
14.808,0.4170387954187149,6.1755104825604805
14.816,0.41550100153184194,6.15606283869585
14.824,0.41396804166568946,6.136662249652048
14.832,0.4124399045891293,6.117308664866286
14.84,0.4109165790784311,6.098002033523704
14.848,0.4093980539169573,6.078742304558998
14.856,0.40788431789562063,6.059529426657341
14.864,0.4063753598126979,6.040363348256518
14.872,0.4048711684741871,6.021244017548051
14.88,0.40337173269359916,6.002171382480864
14.888,0.401877041292382,5.983145390761217
14.896,0.4003870830998015,5.964165989854748
14.904,0.39890184695308456,5.945233126988702
14.912,0.39742132169754874,5.9263467491536925
14.92,0.3959454961866747,5.907506803105002
14.928,0.39447435928217944,5.888713235364432
14.936,0.39300789985418455,5.8699659922220295
14.944,0.39154610678120055,5.851265019738154
14.952,0.3900889689502744,5.832610263744983
14.96,0.38863647525718864,5.814001669847227
14.968,0.38718861460627846,5.795439183426461
14.976,0.38574537591076924,5.776922749639881
14.984,0.3843067480928706,5.758452313423782
14.992,0.38287272008364254,5.740027819493903
15.0,0.38144328082330037,5.721649212349553
15.008000000000001,0.38001841926119884,5.703316436272213
15.016,0.3785981243559871,5.685029435329777
15.024000000000001,0.3771823850755949,5.666788153375715
15.032,0.3757711903974101,5.6485925340540915
15.040000000000001,0.3743645293083723,5.630442520797875
15.048,0.3729623908049371,5.612338056832601
15.056000000000001,0.3715647638932703,5.594279085177338
15.064,0.3701716375893907,5.57626554864644
15.072000000000001,0.3687830009190361,5.558297389851706
15.08,0.3673988429179681,5.540374551202946
15.088000000000001,0.36601915263189366,5.522496974910357
15.096,0.3646439191167358,5.504664602986313
15.104000000000001,0.3632731314384463,5.486877377246371
15.112,0.3619067786733284,5.4691352393113934
15.120000000000001,0.360544849908004,5.451438130609368
15.128,0.35918733423950805,5.433785992375552
15.136000000000001,0.3578342207753974,5.416178765656655
15.144,0.35648549863377543,5.398616391309806
15.152000000000001,0.355141156943381,5.381098810006088
15.16,0.3538011848437303,5.363625962231256
15.168000000000001,0.3524655714851483,5.346197788286584
15.176,0.3511343060287823,5.328814228292746
15.184000000000001,0.34980737764679476,5.311475222189118
15.192,0.34848477552239715,5.294180709736084
15.200000000000001,0.3471664888498059,5.276930630517111
15.208,0.34585250683453944,5.259724923939932
15.216000000000001,0.3445428186933589,5.242563529237909
15.224,0.3432374136542328,5.225446385472458
15.232000000000001,0.341936280956698,5.20837343153229
15.24,0.3406394098516086,5.191344606138809
15.248000000000001,0.3393467896015026,5.1743598478439825
15.256,0.338058409480449,5.157419095033987
15.264000000000001,0.3367742587742106,5.140522285929647
15.272,0.33549432678030583,5.123669358588537
15.280000000000001,0.3342186028080656,5.10686025090718
15.288,0.33294707617877084,5.090094900621134
15.296000000000001,0.3316797362256081,5.073373245307018
15.304,0.3304165722937675,5.056695222384185
15.312000000000001,0.3291575737406445,5.040060769116624
15.32,0.3279027299356403,5.023469822614203
15.328000000000001,0.3266520302605041,5.006922319833203
15.336,0.32540546410924265,4.990418197579363
15.344000000000001,0.32416302088817595,4.973957392508327
15.352,0.3229246900161283,4.957539841127446
15.36,0.3216904609243332,4.941165479797524
15.368,0.3204603230565667,4.924834244733689
15.376,0.3192342658693216,4.908546072006864
15.384,0.31801227883165356,4.892300897546244
15.392,0.3167943514253767,4.87609865713949
15.4,0.3155804731451335,4.859939286435266
15.408,0.3143706334984077,4.843822720943643
15.416,0.31316482200560286,4.827748896038459
15.424,0.31196302820007416,4.811717746958294
15.432,0.3107652416282484,4.795729208807238
15.44,0.30957145184963475,4.77978321655853
15.448,0.3083816484368924,4.763879705053052
15.456,0.3071958209758848,4.748018609003337
15.464,0.3060139590657528,4.732199862992855
15.472,0.30483605231896854,4.71642340147922
15.48,0.30366209036137354,4.700689158794043
15.488,0.30249206283224495,4.684997069146048
15.496,0.3013259593843774,4.669347066620525
15.504,0.30016376968407904,4.653739085181945
15.512,0.29900548341127825,4.638173058675853
15.52,0.29785109025953815,4.62264892082845
15.528,0.2967005799361934,4.607166605249304
15.536,0.2955539421622691,4.591726045432686
15.544,0.2944111666725988,4.576327174759051
15.552,0.2932722432159604,4.560969926494691
15.56,0.2921371615549935,4.545654233795721
15.568,0.2910059114663124,4.530380029707497
15.576,0.2898784827405325,4.5151472471667145
15.584,0.2887548651824036,4.499955819002493
15.592,0.2876350486107207,4.48480567793851
15.6,0.28651902285846825,4.469696756592479
15.608,0.28540677777291223,4.454628987479429
15.616,0.28429830321546995,4.439602303012969
15.624,0.2831935890619364,4.424616635503943
15.632,0.2820926252025141,4.409671917165491
15.64,0.28099540154168307,4.394768080112356
15.648,0.2799019079985163,4.37990505636087
15.656,0.27881213450649217,4.365082777833766
15.664,0.2777260710136562,4.350301176358071
15.672,0.27664370748268013,4.33556018366866
15.68,0.2755650338907988,4.320859731407975
15.688,0.27449004023002976,4.306199751128754
15.696,0.27341871650700766,4.291580174293914
15.704,0.27235105274316507,4.277000932278736
15.712,0.27128703897479123,4.2624619563719275
15.72,0.27022666525297,4.247963177776517
15.728,0.26916992164370823,4.233504527612085
15.736,0.2681167982279105,4.2190859369143965
15.744,0.2670672851015151,4.204707336638108
15.752,0.26602137237542034,4.190368657657805
15.76,0.264979050175617,4.1760698307676565
15.768,0.26394030864317775,4.161810786685633
15.776,0.26290513793430254,4.147591456051449
15.784,0.26187352822037935,4.133411769430362
15.792,0.26084546968799527,4.119271657313018
15.8,0.25982095253902177,4.105171050116733
15.808,0.2587999669905825,4.09110987818719
15.816,0.2577825032751329,4.0770880717994755
15.824,0.2567685516404955,4.063105561159343
15.832,0.25575810234989377,4.04916227640369
15.84,0.25475114568198526,4.0352581476029545
15.848,0.25374767193091463,4.021393104761409
15.856,0.2527476714062993,4.007567077818517
15.864,0.25175113443332603,3.993779996650242
15.872,0.2507580513527432,3.980031791070701
15.88,0.2497684125208831,3.966322390831505
15.888,0.24878220830976816,3.9526517256257083
15.896,0.24779942910709188,3.9390197250865544
15.904,0.24682006531622414,3.9254263187892295
15.912,0.24584410735627216,3.911871436253027
15.92,0.24487154566216018,3.8983550069416557
15.928,0.24390237068457724,3.884876960263869
15.936,0.24293657289007603,3.8714372255762677
15.944,0.2419741427610338,3.8580357321819783
15.952,0.2410150707957879,3.8446724093344904
15.96,0.2400593475085421,3.8313471862363278
15.968,0.2391069634294722,3.8180599920419573
15.976,0.23815790910477203,3.804810755857854
15.984,0.23721217509661718,3.7915994067442376
15.992,0.23626975198322533,3.778425873715749
16.0,0.2353306303588892,3.7652900857424054
16.008,0.23439480083401976,3.7521919717510013
16.016000000000002,0.23346225403512738,3.739131460626824
16.024,0.23253298060490163,3.726108481212875
16.032,0.23160697120216744,3.7131229623131228
16.04,0.23068421650200602,3.7001748326923947
16.048000000000002,0.22976470719569872,3.6872640210766785
16.056,0.22884843399080645,3.6743904561563943
16.064,0.22793538761112586,3.6615540665853246
16.072,0.22702555879682607,3.6487547809825696
16.080000000000002,0.22611893830435997,3.6359925279339746
16.088,0.225215516906527,3.6232672359925284
16.096,0.22431528539256282,3.6105788336788436
16.104,0.22341823456806037,3.5979272494841408
16.112000000000002,0.22252435525504094,3.5853124118692365
16.12,0.22163363829197663,3.572734249266568
16.128,0.22074607453379821,3.560192690081051
16.136,0.2198616548519645,3.5476876626913665
16.144000000000002,0.21898037013441116,3.535219095449904
16.152,0.21810221128562665,3.522786916685436
16.16,0.21722716922662277,3.510391054702404
16.168,0.21635523489506517,3.4980314377833346
16.176000000000002,0.21548639924510993,3.485707994188802
16.184,0.21462065324759558,3.4734206521590965
16.192,0.21375798788998998,3.4611693399146244
16.2,0.2128983941763906,3.448953985657344
16.208000000000002,0.21204186312757672,3.4367745175717808
16.216,0.21118838578105076,3.4246308638254668
16.224,0.21033795319097257,3.412522952570415
16.232,0.2094905564282679,3.400450711943492
16.240000000000002,0.2086461865805597,3.3884140700684164
16.248,0.20780483475230838,3.376412955055494
16.256,0.2069664920646836,3.3644472950035165
16.264,0.20613114965565643,3.352517017999766
16.272000000000002,0.20529879868006792,3.340622052122138
16.28,0.20446943030950693,3.3287623254388627
16.288,0.2036430357324592,3.3169377660103394
16.296,0.20281960615423147,3.3051483018893313
16.304000000000002,0.20199913279703915,3.293393861122915
16.312,0.20118160689994327,3.2816743717518015
16.32,0.2003670197189365,3.269989761813152
16.328,0.19955536252692269,3.2583399593396445
16.336000000000002,0.19874662661370213,3.2467248923613425
16.344,0.19794080328605057,3.235144488907257
16.352,0.19713788386770045,3.223598677004522
16.36,0.19633785969930437,3.2120873846805993
16.368000000000002,0.19554072213854604,3.2006105399638907
16.376,0.1947464625600879,3.189168070883988
16.384,0.1939550723555653,3.1777599054736583
16.392,0.19316654293366656,3.166385971768617
16.4,0.19238086572006072,3.155046197809045
16.408,0.19159803215750942,3.143740511640274
16.416,0.19081803370576425,3.1324688413139365
16.424,0.19004086184167435,3.1212311148876664
16.432,0.18926650805912826,3.1100272604277865
16.44,0.1884949638691202,3.098857206008346
16.448,0.18772622079968296,3.0877208797131352
16.456,0.18696027039598234,3.0766182096363357
16.464,0.1861971042202795,3.0655491238828385
16.472,0.18543671385194196,3.054513550569219
16.48,0.18467909088745513,3.0435114178252918
16.488,0.18392422694043284,3.0325426537938536
16.496,0.1831721136416339,3.0216071866323992
16.504,0.18242274263893402,3.0107049445129923
16.512,0.18167610559738703,2.9998358556240294
16.52,0.180932194199189,2.9889998481705056
16.528,0.18019100014369288,2.9781968503750336
16.536,0.17945251514743485,2.9674267904780303
16.544,0.17871673094411547,2.95668959673944
16.552,0.17798363928460964,2.945985197439035
16.56,0.177253231937001,2.935313520876861
16.568,0.17652550068654024,2.9246744953746795
16.576,0.1758004373356805,2.9140680492762843
16.584,0.17507803370407052,2.903494110948412
16.592,0.17435828162858222,2.8929526087816098
16.6,0.1736411729632741,2.882443471190412
16.608,0.17292669957942677,2.871966626615244
16.616,0.1722148533655441,2.86152200352171
16.624,0.17150562622730695,2.851109530402916
16.632,0.17079901008768136,2.840729135778426
16.64,0.17009499688682736,2.830380748196871
16.648,0.16939357858210444,2.8200642962349716
16.656,0.16869474714814933,2.809779708499579
16.664,0.16799849457680074,2.7995269136279295
16.672,0.1673048128771371,2.789305840287747
16.68,0.16661369407547139,2.779116417178968
16.688,0.16592513021536567,2.768958573034003
16.696,0.1652391133575798,2.7588322366182503
16.704,0.1645556355801564,2.7487373367310624
16.712,0.16387468897833926,2.738673802206138
16.72,0.16319626566463755,2.7286415619127338
16.728,0.16252035776877602,2.7186405447561555
16.736,0.16184695743773322,2.7086706796780287
16.744,0.16117605683572203,2.698731895657366
16.752,0.16050764814417298,2.688824121711242
16.76,0.1598417235617874,2.678947286895511
16.768,0.1591782753044627,2.6691013203052174
16.776,0.15851729560533748,2.6592861510751518
16.784,0.15785877671482088,2.649501708381553
16.792,0.15720271090049784,2.639747921441121
16.8,0.15654909044719736,2.6300247195128508
16.808,0.15589790765699227,2.620332031898743
16.816,0.15524915484915294,2.610669787943412
16.824,0.15460282436017939,2.601037917035729
16.832,0.15395890854378255,2.5914363486089678
16.84,0.1533173997708997,2.581865012142097
16.848,0.15267829042966913,2.57232383715894
16.856,0.1520415729254125,2.5628127532307334
16.864,0.15140723968068484,2.5533316899749616
16.872,0.15077528313522864,2.543880577057643
16.88,0.15014569574597603,2.534459344192078
16.888,0.14951846998703988,2.525067921141211
16.896,0.14889359834973226,2.5157062377171644
16.904,0.14827107334254908,2.506374223782421
16.912,0.14765088749112748,2.497071809249927
16.92,0.1470330333382943,2.487798924084048
16.928,0.1464175034440485,2.478555498300871
16.936,0.14580429038552087,2.469341461969319
16.944,0.1451933867570227,2.4601567452109974
16.952,0.1445847851699671,2.45100127820136
16.96,0.14397847825294702,2.4418749911700304
16.968,0.14337445865165216,2.4327778144013883
16.976,0.14277271902893435,2.423709678235009
16.984,0.14217325206471354,2.4146705130670933
16.992,0.14157605045606167,2.4056602493494257
17.0,0.14098110691714147,2.396678817591338
17.008,0.14038841417918207,2.3877261483596572
17.016000000000002,0.139797964990558,2.378802172279275
17.024,0.1392097521166593,2.3699068200339304
17.032,0.13862376833997425,2.3610400223663897
17.04,0.13804000646007292,2.352201710079564
17.048000000000002,0.13745845929352743,2.343391814036154
17.056,0.13687911967401245,2.3346102651598484
17.064,0.13630198045219583,2.325856994436266
17.072,0.13572703449577964,2.317131932912141
17.080000000000002,0.1351542746895103,2.308435011696926
17.088,0.13458369393510744,2.2997661619630367
17.096,0.1340152851513026,2.291125314946656
17.104,0.13344904127379856,2.282512401947162
17.112000000000002,0.132884955255311,2.2739273543289533
17.12,0.1323230200654951,2.2653701035212395
17.128,0.13176322869095985,2.2568405810186802
17.136,0.13120557413527786,2.248338718382064
17.144000000000002,0.1306500494189389,2.2398644472383165
17.152,0.13009664757937248,2.231417699281411
17.16,0.1295453616709144,2.222998406272855
17.168,0.1289961847648046,2.2146065000421373
17.176000000000002,0.1284491099491603,2.206241912486748
17.184,0.12790413032899184,2.1979045755733617
17.192,0.12736123902617094,2.189594421338102
17.2,0.126820429179437,2.181311381886171
17.208000000000002,0.12628169394432745,2.1730553893941558
17.216,0.12574502649327415,2.1648263761083526
17.224,0.12521042001548185,2.1566242743465978
17.232,0.12467786771696396,2.1484490164987537
17.240000000000002,0.1241473628205396,2.1403005350259545
17.248,0.12361889856579576,2.1321787624627238
17.256,0.12309246820910073,2.124083631416058
17.264,0.12256806502353569,2.116015074566313
17.272000000000002,0.1220456822989837,2.1079730246680906
17.28,0.12152531334199293,2.0999574145497277
17.288,0.12100695147586749,2.0919681771148557
17.296,0.12049059004058324,2.0840052453419395
17.304000000000002,0.11997622239279265,2.0760685522848434
17.312,0.11946384190584819,2.0681580310740992
17.32,0.11895344196973198,2.0602736149156913
17.328,0.11844501599107304,2.052415237093258
17.336000000000002,0.11793855739311865,2.0445828309670753
17.344,0.11743405961575538,2.036776329975537
17.352,0.11693151611542243,2.02899566763486
17.36,0.11643092036518525,2.0212407775395986
17.368000000000002,0.11593226585462368,2.013511593363045
17.376,0.11543554608992362,2.005808048858437
17.384,0.11494075459374328,1.9981300778577433
17.392,0.11444788490532345,1.990477614273413
17.400000000000002,0.11395693058036067,1.9828505920983808
17.408,0.11346788519106284,1.9752489454059359
17.416,0.1129807423260884,1.9676726083511142
17.424,0.11249549559055874,1.960121515169957
17.432,0.11201213860605996,1.9525956001807965
17.44,0.11153066501054663,1.945094797783933
17.448,0.11105106845841631,1.937619042462503
17.456,0.11057334262045276,1.9301682687826502
17.464,0.11009748118379872,1.9227424113937914
17.472,0.10962347785194215,1.9153414050291726
17.48,0.10915132634473788,1.907965184506022
17.488,0.10868102039833039,1.9006136847260056
17.496,0.10821255376519039,1.8932868406757002
17.504,0.10774592021404263,1.8859845874266339
17.512,0.10728111352990888,1.878706860135873
17.52,0.10681812751405384,1.871453594046151
17.528,0.10635695598395259,1.8642247244867511
17.536,0.10589759277332182,1.8570201868729763
17.544,0.1054400317320434,1.849839916706873
17.552,0.10498426672619411,1.8426838495781206
17.56,0.10453029163801733,1.8355519211634348
17.568,0.10407810036586103,1.8284440672274709
17.576,0.10362768682424298,1.821360223622825
17.584,0.10317904494373838,1.814300326290701
17.592,0.10273216867103088,1.8072643112607645
17.6,0.10228705196885486,1.8002521146517818
17.608,0.10184368881600006,1.7932636726722313
17.616,0.10140207320728457,1.7862989216195275
17.624,0.10096219915351409,1.7793577978814386
17.632,0.10052406068149622,1.772440237936164
17.64,0.10008765183400127,1.765546178351731
17.648,0.09965296666975171,1.7586755557878098
17.656,0.09921999926339749,1.7518283069945686
17.664,0.09878874370549043,1.745004368813721
17.672,0.098359194102469,1.7382036781788632
17.68,0.09793134457664711,1.7314261721151116
17.688,0.09750518926619269,1.7246717877404842
17.696,0.09708072232508559,1.7179404622647059
17.704,0.09665793792310916,1.7112321329907474
17.712,0.09623683024585447,1.704546737314664
17.72,0.09581739349467298,1.6978842127255958
17.728,0.09539962188664104,1.6912444968064297
17.736,0.0949835096545783,1.684627527233641
17.744,0.09456905104701022,1.6780332417781816
17.752,0.09415624032813238,1.6714615783049411
17.76,0.09374507177780664,1.6649124747738686
17.768,0.09333553969154272,1.6583858692392597
17.776,0.09292763838044343,1.6518816998508323
17.784,0.09252136217125542,1.6453999048535646
17.792,0.0921167054062469,1.6389404225879718
17.8,0.09171366244329417,1.632503191490586
17.808,0.0913122276557586,1.6260881500937898
17.816,0.09091239543254753,1.6196952370263165
17.824,0.09051416017804122,1.613324391013318
17.832,0.09011751631207746,1.6069755508769852
17.84,0.08972245826997423,1.6006486555362158
17.848,0.089328980502432,1.5943436440073468
17.856,0.08893707747557995,1.5880604554039153
17.864,0.08854674367091721,1.581799028937267
17.872,0.08815797358529946,1.5755593039165403
17.88,0.08777076173092158,1.5693412197487353
17.888,0.08738510263526926,1.5631447159397416
17.896,0.08700099084114815,1.5569697320931692
17.904,0.08661842090661304,1.5508162079120051
17.912,0.08623738740495661,1.5446840831976083
17.92,0.08585788492471348,1.5385732978508415
17.928,0.08547990806959112,1.5324837918716048
17.936,0.08510345145849199,1.5264155053594886
17.944,0.08472850972545584,1.5203683785135986
17.952,0.08435507751966222,1.5143423516329368
17.96,0.08398314950538645,1.5083373651167904
17.968,0.08361272036199559,1.5023533594643865
17.976,0.08324378478392126,1.4963902752757134
17.984,0.08287633748060355,1.4904480532511781
17.992,0.08251037317651913,1.4845266341919665
18.0,0.08214588661112765,1.478625959000283
18.008,0.08178287253885284,1.4727459686795983
18.016000000000002,0.0814213257290504,1.4668866043345403
18.024,0.08106124096600831,1.4610478071713935
18.032,0.08070261304890303,1.455229518497824
18.04,0.08034543679177389,1.449431679723639
18.048000000000002,0.07998970702351707,1.4436542323604338
18.056,0.0796354185878428,1.4378971180220925
18.064,0.07928256634325233,1.4321602784245098
18.072,0.07893114516304059,1.4264436553864528
18.080000000000002,0.07858114993522752,1.420747190829002
18.088,0.07823257556258408,1.4150708267759462
18.096,0.07788541696255827,1.4094145053543463
18.104,0.07753966906728145,1.4037781687940392
18.112000000000002,0.07719532682354442,1.398161759428084
18.12,0.07685238519276473,1.3925652196929026
18.128,0.07651083915094746,1.3869884921283306
18.136,0.07617068368868705,1.3814315193780526
18.144000000000002,0.07583191381113812,1.3758942441892796
18.152,0.07549452453796499,1.370376609413227
18.16,0.07515851090335812,1.3648785580049299
18.168,0.07482386795596728,1.3594000330240616
18.176000000000002,0.07449059075890595,1.353940977633909
18.184,0.07415867438971072,1.3485013351025774
18.192,0.07382811394033302,1.343081048802657
18.2,0.0734989045170972,1.3376800622112253
18.208000000000002,0.07317104124067503,1.332298318910175
18.216,0.0728445192460767,1.3269357625864724
18.224,0.07251933368260714,1.3215923370317464
18.232,0.0721954797138525,1.316267986142969
18.240000000000002,0.07187295251766009,1.3109626539220234
18.248,0.07155174728608973,1.3056762844765857
18.256,0.07123185922542374,1.3004088220193204
18.264,0.07091328355609211,1.2951602108684568
18.272000000000002,0.07059601551270425,1.2899303954482226
18.28,0.07028005034398663,1.2847193202880742
18.288,0.06996538331275066,1.2795269300236354
18.296,0.06965200969590198,1.2743531693962178
18.304000000000002,0.0693399247843836,1.2691979832533746
18.312,0.0690291238831658,1.2640613165485026
18.32,0.06871960231121296,1.258943114341384
18.328,0.06841135540146119,1.2538433217980565
18.336000000000002,0.06810437850080152,1.2487618841907207
18.344,0.06779866697003502,1.2436987468982377
18.352,0.06749421618384704,1.238653855406011
18.36,0.06719102153081226,1.233627155305756
18.368000000000002,0.06688907841334239,1.2286185922961983
18.376,0.06658838224764656,1.2236281121827437
18.384,0.06628892846374662,1.2186556608774413
18.392,0.06599071250540722,1.2137011843994885
18.400000000000002,0.06569372983015183,1.2087646288747846
18.408,0.06539797590920081,1.2038459405365851
18.416,0.06510344622746642,1.198945065724957
18.424,0.06481013628350797,1.194061950887354
18.432000000000002,0.06451804158953682,1.1891965425783386
18.44,0.0642271576713536,1.1843487874598029
18.448,0.06393748006834456,1.1795186323009188
18.456,0.06364900433346395,1.1747060239783589
18.464,0.06336172603315937,1.1699109094762463
18.472,0.06307564074741301,1.165133235886187
18.48,0.06279074406965816,1.1603729504073415
18.488,0.06250703160680075,1.1556300003464914
18.496,0.06222449897913758,1.1509043331181437
18.504,0.06194314182038388,1.146195896244353
18.512,0.0616629557776087,1.1415046373551092
18.52,0.06138393651123495,1.136830504188108
18.528,0.061106079694995576,1.1321734445888458
18.536,0.06082938101590409,1.127533406510785
18.544,0.06055383617424214,1.1229103380152334
18.552,0.06027944088354252,1.1183041872714108
18.56,0.06000619087050932,1.1137149025566597
18.568,0.05973408187506336,1.1091424322561898
18.576,0.059463109650263475,1.1045867248632935
18.584,0.059193269962298636,1.1000477289793085
18.592,0.05892455859046014,1.095525393313788
18.6,0.05865697132711289,1.091019666684273
18.608,0.05839050397767527,1.0865304980165127
18.616,0.05812515236057119,1.0820578363444735
18.624,0.05786091230724165,1.0776016308100487
18.632,0.057597779662075944,1.0731618306637374
18.64,0.057335750282409025,1.068738385264071
18.648,0.05707482003848505,1.0643312440776493
18.656,0.056814984813446066,1.0599403566796273
18.664,0.05655624050328167,1.0555656727532439
18.672,0.056298583016823424,1.051207142090058
18.68,0.05604200827569072,1.0468647145899164
18.688,0.05578651221431316,1.0425383402610453
18.696,0.055532090779830484,1.0382279692197274
18.704,0.05527873993214236,1.033933551690837
18.712,0.05502645564382806,1.0296550380073257
18.72,0.054775233900141794,1.0253923786106272
18.728,0.054525070698972056,1.0211455240503433
18.736,0.05427596205083539,1.0169144249844853
18.744,0.054027903978838526,1.0126990321793505
18.752,0.053780892518639024,1.0084992965094184
18.76,0.05353492371842924,1.0043151689576837
18.768,0.0532899936389165,1.0001466006151873
18.776,0.05304609835328873,0.9959935426812997
18.784,0.0528032339471839,0.9918559464639057
18.792,0.052561396518664746,0.9877337633788082
18.8,0.05232058217820133,0.9836269449501585
18.808,0.05208078704862103,0.9795354428104536
18.816,0.05184200726510611,0.9754592087002463
18.824,0.051604238975156175,0.9713981944683453
18.832,0.05136747833855622,0.9673523520717002
18.84,0.05113172152736475,0.9633216335754958
18.848,0.050896964725857766,0.9593059911529948
18.856,0.05066320413053458,0.9553053770854254
18.864,0.0504304359500803,0.9513197437622969
18.872,0.050198656405314436,0.9473490436811107
18.88,0.04996786172920191,0.943393229447373
18.888,0.04973804816680174,0.939452253774541
18.896,0.04950921197524565,0.9355260694841364
18.904,0.04928134942369774,0.9316146295056512
18.912,0.049054456793373634,0.9277178868762783
18.92,0.048828530377442114,0.9238357947412169
18.928,0.04860356648106342,0.9199683063535621
18.936,0.048379561421321854,0.9161153750740506
18.944,0.0481565115272054,0.9122769543713681
18.952,0.047934413139600104,0.9084529978216542
18.96,0.04771326261123368,0.9046434591089922
18.968,0.04749305630666961,0.900848292024888
18.976,0.04727379060226873,0.8970674504686794
18.984,0.047055461886166876,0.8933008884469478
18.992,0.04683806655823943,0.8895485600740424
19.0,0.04662160103008591,0.8858104195716977
19.008,0.046406061725007046,0.882086421268879
19.016000000000002,0.04619144507794906,0.8783765196022802
19.024,0.0459777475355087,0.8746806691155061
19.032,0.04576496555588298,0.8709988244595929
19.04,0.04555309560887019,0.8673309403929053
19.048000000000002,0.04534213417579904,0.8636769717806349
19.056,0.04513207774955008,0.8600368735954314
19.064,0.04492292283448983,0.856410600916716
19.072,0.04471466594646353,0.8527981089309393
19.080000000000002,0.04450730361277288,0.849199352931645
19.088,0.04430083237212189,0.8456142883190215
19.096,0.04409524877461858,0.8420428706001469
19.104,0.04389054938174012,0.8384850553887333
19.112000000000002,0.04368673076629556,0.8349407984053869
19.12,0.043483789512404156,0.8314100554771485
19.128,0.04328172221547398,0.8278927825375826
19.136,0.04308052548217026,0.8243889356268398
19.144000000000002,0.04288019593038991,0.8208984708913637
19.152,0.042680730189225975,0.8174213445840338
19.16,0.04248212489895327,0.8139575130639549
19.168,0.042284376710999785,0.8105069327964436
19.176000000000002,0.042087482287906104,0.8070695603528593
19.184,0.0418914383033114,0.8036453524107044
19.192,0.04169624144192634,0.8002342657534246
19.2,0.041501888399501086,0.7968362572704478
19.208000000000002,0.041308375882797295,0.7934512839567476
19.216,0.04111570060956936,0.7900793029134481
19.224,0.04092385930852289,0.7867202713470604
19.232,0.04073284871930766,0.783374146569708
19.240000000000002,0.040542665592469856,0.7800408859991076
19.248,0.040353306689440926,0.7767204471583316
19.256,0.04016476878249984,0.7734127876758919
19.264,0.039977048654762176,0.7701178652853116
19.272000000000002,0.03979014310012708,0.7668356378256821
19.28,0.039604048923281586,0.7635660632408053
19.288,0.03941876293964114,0.7603090995797638
19.296,0.03923428197535176,0.7570647049963916
19.304000000000002,0.03905060286724532,0.7538328377493052
19.312,0.03886772246282276,0.7506134562020503
19.32,0.03868563762021913,0.7474065188226595
19.328,0.038504345208182036,0.7442119841837613
19.336000000000002,0.038323842106041,0.7410298109623995
19.344,0.03814412520369042,0.7378599579401658
19.352,0.03796519140154363,0.7347023840026553
19.36,0.03778703761053253,0.7315570481399285
19.368000000000002,0.03760966075205487,0.7284239094458093
19.376,0.03743305775796932,0.72530292711846
19.384,0.0372572255705519,0.7221940604595424
19.392,0.03708216114247714,0.7190972688749088
19.400000000000002,0.03690786143679601,0.7160125118738062
19.408,0.03673432342689815,0.7129397490692263
19.416,0.03656154409649234,0.7098789401775215
19.424,0.03638952043958461,0.7068300450184847
19.432000000000002,0.03621824946044336,0.7037930235153458
19.44,0.03604772817356996,0.700767835694235
19.448,0.03587795360368881,0.6977544416845157
19.456,0.035708922785702424,0.6947528017185631
19.464,0.0355406327646671,0.6917628761315251
19.472,0.03537308059579247,0.6887846253612498
19.48,0.035206263344374,0.6858180099484211
19.488,0.035040178085802266,0.6828629905360745
19.496,0.03487482190551001,0.6799195278698252
19.504,0.03471019189896777,0.6769875827974166
19.512,0.03454628517163674,0.6740671162689885
19.52,0.03438309883897381,0.6711580893367386
19.528,0.034220630026358834,0.6682604631547168
19.536,0.034058875869114234,0.6653741989790228
19.544,0.033897833512447635,0.6624992581673246
19.552,0.03373750011145002,0.6596356021790456
19.56,0.03357787283103895,0.6567831925751877
19.568,0.033418948845970076,0.6539419910179404
19.576,0.03326072534077855,0.6511119592710911
19.584,0.03310319950976911,0.6482930591993191
19.592,0.032946368556987765,0.6454852527685162
19.6,0.03279022969619659,0.6426885020454235
19.608,0.032634780150839024,0.6399027691976616
19.616,0.03248001715403342,0.6371280164935592
19.624,0.032325937948525424,0.6343642063018989
19.632,0.03217253978667423,0.6316113010920061
19.64,0.032019819930423084,0.6288692634335027
19.648,0.031867775651273876,0.626138055996241
19.656,0.03171640423026792,0.6234176415501484
19.664,0.03156570295794674,0.6207079829650672
19.672,0.031415669134336265,0.6180090432106583
19.68,0.031266300068921025,0.6153207853563303
19.688,0.031117593080614434,0.6126431725711066
19.696,0.03096954549773234,0.6099761681233591
19.704,0.030822154657976268,0.6073197353807559
19.712,0.030675417908396032,0.6046738378102888
19.72,0.030529332605374052,0.6020384389779742
19.728,0.030383896114589394,0.599413502548631
19.736,0.03023910581100614,0.5967989922859968
19.744,0.030094959078834544,0.5941948720524909
19.752,0.029951453311512128,0.5916011058089914
19.76,0.029808585911679973,0.5890176576148104
19.768,0.02966635429115568,0.5864444916275783
19.776,0.02952475587089777,0.5838815721029
19.784,0.029383788081006116,0.5813288633946733
19.792,0.029243448360668323,0.5787863299543209
19.8,0.029103734158146745,0.5762539363313341
19.808,0.02896464293075922,0.5737316471724999
19.816,0.028826172144848124,0.5712194272222831
19.824,0.028688319275743383,0.5687172413223682
19.832,0.028551081807762255,0.5662250544115618
19.84,0.02841445723416941,0.5637428315259357
19.848,0.02827844305714494,0.5612705377982126
19.856,0.028143036787775386,0.5588081384580565
19.864,0.028008235946018548,0.556355598831704
19.872,0.027874038060682362,0.5539128843418797
19.88,0.0277404406694001,0.5514799605076868
19.888,0.02760744131860066,0.549056792944304
19.896,0.027475037563490227,0.5466433473631679
19.904,0.027343226968022605,0.5442395895715282
19.912,0.02721200710488098,0.5418454854723773
19.92,0.02708137555544434,0.5394610010644755
19.928,0.026951329909771206,0.5370861024419166
19.936,0.02682186776656548,0.5347207557942679
19.944,0.026692986733163143,0.5323649274062069
19.952,0.026564684425497694,0.5300185836575367
19.96,0.026436958468080262,0.5276816910229106
19.968,0.026309806493983057,0.5253542160718061
19.976,0.02618322614479239,0.5230361254683537
19.984,0.026057215070606116,0.520727385970985
19.992,0.0259317709300031,0.5184279644326096
20.0,0.025806891390014002,0.5161378278002775
20.008,0.0256825741261026,0.5138569431150611
20.016000000000002,0.025558816822134418,0.5115852775118527
20.024,0.02543561717036366,0.5093227982193673
20.032,0.02531297287139772,0.507069472559867
20.04,0.025190881634182656,0.5048252679489998
20.048000000000002,0.025069341175965522,0.5025901518957622
20.056,0.02494834922228832,0.50036409200223
20.064,0.024827903506950036,0.49814705596341374
20.072,0.024708001771985268,0.49593901156727566
20.080000000000002,0.024588641767644106,0.49373992669429767
20.088,0.024469821252371956,0.49154976931764505
20.096,0.02435153799276889,0.4893685075027018
20.104,0.024233789763585388,0.4871961094071102
20.112000000000002,0.024116574347684588,0.48503254328062045
20.12,0.023999889536027715,0.48287777746488536
20.128,0.023883733127643574,0.4807317803932137
20.136,0.023768102929606846,0.47859452059058233
20.144000000000002,0.02365299675702313,0.47646596667345176
20.152,0.02353841243298258,0.47434608734945033
20.16,0.023424347788565766,0.47223485141747645
20.168,0.0233108006627968,0.47013222776727903
20.176000000000002,0.02319776890263142,0.4680381853794852
20.184,0.02308525036293109,0.46595269332534545
20.192,0.0229732429064329,0.4638757207666807
20.2,0.022861744403745846,0.4618072369556204
20.208000000000002,0.022750752733295986,0.4597472112344409
20.216,0.02264026578133548,0.4576956130355097
20.224,0.02253028144189958,0.45565241188101085
20.232,0.022420797616786208,0.45361757738285985
20.240000000000002,0.02231181221554124,0.45159107924257785
20.248,0.022203323155424223,0.4495728872509858
20.256,0.02209532836138618,0.44756297128826716
20.264,0.021987825766062393,0.44556130132349775
20.272000000000002,0.021880813309731004,0.44356784741484556
20.28,0.021774288940293405,0.44158257970917836
20.288,0.02166825061326159,0.4396054684418627
20.296,0.02156269629172305,0.43763648393682125
20.304000000000002,0.021457623946326082,0.43567559660617666
20.312,0.021353031555247006,0.43372277695018685
20.32,0.021248917104184452,0.43177799555703755
20.328,0.02114527858632099,0.42984122310270173
20.336000000000002,0.02104211400230172,0.42791243035083343
20.344,0.02093942136022823,0.42599158815248594
20.352,0.020837198675607283,0.42407866744595035
20.36,0.02073544397135495,0.42217363925678675
20.368000000000002,0.020634155277762373,0.42027647469749624
20.376,0.020533330632472334,0.4183871449672709
20.384,0.020432968080458636,0.4165056213520914
20.392,0.020333065674004468,0.41463187522428685
20.400000000000002,0.020233621472678934,0.41276587804263526
20.408,0.020134633543315596,0.41090760135197507
20.416,0.020036099959989916,0.40905701678317324
20.424,0.019938018803999258,0.40721409605284387
20.432000000000002,0.01984038816383059,0.40537881096337924
20.44,0.01974320613515435,0.4035511334025556
20.448,0.019646470820790258,0.4017310353435102
20.456,0.01955018033069154,0.3999184888446305
20.464000000000002,0.019454332781912328,0.3981134660490723
20.472,0.019358926298606135,0.3963159391850834
20.48,0.01926395901198246,0.39452588056534993
20.488,0.0191694290602912,0.3927432625872605
20.496,0.019075334588811714,0.3909680577323284
20.504,0.01898167374982311,0.3892002385663773
20.512,0.01888844470257144,0.3874397777391355
20.52,0.018795645613266798,0.38568664798423596
20.528,0.01870327465505251,0.3839408221189411
20.536,0.018611330007982214,0.38220227304395743
20.544,0.01851980985900405,0.380470973743358
20.552,0.018428712401929424,0.3787468972844748
20.56,0.0183380358374234,0.377030016817398
20.568,0.018247778372970466,0.3753203055752605
20.576,0.018157938222869114,0.3736177368737441
20.584,0.018068513608192206,0.3719222841110295
20.592,0.017979502756779044,0.37023392076762185
20.6,0.017890903903212546,0.36855262040617
20.608,0.01780271528878721,0.3668783566713404
20.616,0.017714935161502944,0.3652111032895157
20.624,0.017627561776031038,0.36355083406886723
20.632,0.017540593393706037,0.3618975228989228
20.64,0.017454028282486773,0.3602511437505502
20.648,0.01736786471695665,0.35861167067572824
20.656,0.017282100978286065,0.3569790778074756
20.664,0.017196735354217233,0.3553533393595344
20.672,0.017111766139044714,0.3537344296263351
20.68,0.017027191633590535,0.3521223229826567
20.688,0.016943010145193536,0.35051699388376695
20.696,0.01685921998766992,0.3489184168647938
20.704,0.016775819481310177,0.3473265665410383
20.712,0.01669280695285293,0.3457414176074697
20.72,0.016610180735456333,0.3441629448386961
20.728,0.01652793916869449,0.34259112308870937
20.736,0.01644608059851809,0.3410259272908457
20.744,0.016364603377244085,0.33946733245754773
20.752,0.016283505863534223,0.33791531368011724
20.76,0.016202786422379663,0.33636984612861454
20.768,0.016122443425063856,0.3348309050517337
20.776,0.01604247524916168,0.333298465776587
20.784,0.015962880278507566,0.33177250370851225
20.792,0.015883656903180762,0.3302529943309146
20.8,0.015804803519478605,0.3287399132051567
20.808,0.015726318529903593,0.32723323597024456
20.816,0.01564820034314122,0.32573293834281214
20.824,0.015570447374034223,0.32423899611688545
20.832,0.01549305804357251,0.32275138516368207
20.84,0.015416030778865133,0.32127008143153635
20.848,0.015339364013121703,0.31979506094554716
20.856,0.015263056185637036,0.318326299807615
20.864,0.015187105741766174,0.31686377419620576
20.872,0.01511151113290642,0.3154074603660281
20.88,0.01503627081648053,0.3139573346481026
20.888,0.014961383255910397,0.3125133734494392
20.896,0.01488684692060113,0.3110755532529031
20.904,0.014812660285925684,0.3096438506169608
20.912,0.01473882183319602,0.30821824217580107
20.92,0.014665330049652169,0.3067987046387164
20.928,0.014592183428437024,0.3053852147903439
20.936,0.014519380468582097,0.3039777494902418
20.944,0.014446919674978407,0.30257628567276135
20.952,0.01437479955837097,0.30118080034701145
20.96,0.014303018635328853,0.29979127059650457
20.968,0.014231575428229642,0.2984076735791193
20.976,0.01416046846523981,0.2970299865268593
20.984,0.014089696280293773,0.29565818674571276
20.992,0.014019257413081814,0.29429225161542955
21.0,0.013949150409021576,0.29293215858942445
21.008,0.013879373819241973,0.2915778851946332
21.016000000000002,0.013809926200568395,0.29022940903116234
21.024,0.013740806115501698,0.28888670777232067
21.032,0.013672012132194253,0.2875497591643038
21.04,0.013603542824439296,0.2862185410262001
21.048000000000002,0.013535396771642649,0.2848930312495459
21.056,0.013467572558816811,0.2835732077984598
21.064,0.013400068776548974,0.2822590487092288
21.072,0.013332884020988993,0.2809505320902631
21.080000000000002,0.013266016893829538,0.2796476361219555
21.088,0.013199466002291597,0.27835033905634204
21.096,0.013133229959097551,0.2770586192171121
21.104,0.013067307382458284,0.27577245499938957
21.112000000000002,0.01300169689605358,0.27449182486949864
21.12,0.012936397129015465,0.27321670736482756
21.128,0.012871406715907563,0.2719470810936944
21.136,0.012806724296704602,0.27068292473514793
21.144000000000002,0.012742348516779772,0.26942421703880776
21.152,0.012678278026883353,0.2681709368246409
21.16,0.01261451148312221,0.2669230629828713
21.168,0.012551047546948729,0.26568057447380056
21.176000000000002,0.012487884885131008,0.26444345032755273
21.184,0.012425022169748938,0.26321166964398635
21.192,0.012362458078167092,0.26198521159252414
21.2,0.012300191293016982,0.2607640554119522
21.208000000000002,0.012238220502180276,0.2595481804102435
21.216,0.012176544398776312,0.25833756596444096
21.224,0.012115161681134311,0.2571321915203955
21.232,0.012054071052783794,0.2559320365927227
21.240000000000002,0.011993271222434465,0.25473708076450197
21.248,0.01193276090395299,0.2535473036872069
21.256,0.011872538816356287,0.25236268508046833
21.264,0.01181260368378523,0.25118320473200517
21.272000000000002,0.011752954235488253,0.25000884249729166
21.28,0.011693589205808127,0.24883957829958436
21.288,0.011634507334157624,0.24767539212954837
21.296,0.011575707365011616,0.24651626404527102
21.304000000000002,0.011517188047877469,0.24536217417198083
21.312,0.011458948137291142,0.2442131027019419
21.32,0.011400986392787268,0.2430690298942347
21.328,0.011343301578892098,0.2419299360746201
21.336000000000002,0.011285892465098818,0.24079580163534717
21.344,0.011228757825854939,0.23966660703504622
21.352,0.01117189644054151,0.23854233279843967
21.36,0.011115307093461434,0.2374229595163404
21.368000000000002,0.011058988573817123,0.23630846784531992
21.376,0.01100293967569617,0.23519883850767764
21.384,0.010947159198053233,0.2340940522911673
21.392,0.010891645944693202,0.23299409004887814
21.400000000000002,0.010836398724257113,0.23189893269909678
21.408,0.010781416350198782,0.23080856122506926
21.416,0.010726697640776635,0.22972295667487921
21.424,0.01067224141903139,0.2286421001613093
21.432000000000002,0.010618046512767172,0.22756597286162272
21.44,0.010564111754542764,0.2264945560173784
21.448,0.010510435981647684,0.22542783093436847
21.456,0.010457018036088474,0.22436577898233578
21.464000000000002,0.010403856764574582,0.22330838159484065
21.472,0.010350951018496353,0.22225562026916254
21.48,0.01029829965391466,0.221207476566066
21.488,0.01024590153153673,0.22016393210966886
21.496000000000002,0.010193755516710406,0.21912496858721164
21.504,0.010141860479398091,0.2180905677489782
21.512,0.010090215294165178,0.21706071140806402
21.52,0.010038818840164339,0.21603538144034368
21.528,0.009987670001116873,0.21501455978404638
21.536,0.009936767665298019,0.21399822843987193
21.544,0.00988611072552136,0.21298636947063074
21.552,0.009835698079120799,0.2119789650012324
21.56,0.009785528627937804,0.21097599721832855
21.568,0.009735601278300452,0.20997744837038537
21.576,0.009685914941013682,0.2089833007673155
21.584,0.009636468531337991,0.20799353678041574
21.592,0.009587260968978838,0.20700813884218902
21.6,0.009538291178063641,0.2060270894461862
21.608,0.00948955808713476,0.20505037114678776
21.616,0.009441060629124639,0.20407796655916371
21.624,0.009392797741351424,0.20310985835897397
21.632,0.009344768365490464,0.20214602928228223
21.64,0.009296971447567843,0.20118646212537042
21.648,0.009249405937942408,0.20023113974457937
21.656,0.009202070791290535,0.19928004505618785
21.664,0.00915496496658785,0.19833316103616616
21.672,0.00910808742709893,0.19739047072007684
21.68,0.00906143714035576,0.19645195720291267
21.688,0.00901501307814885,0.19551760363890977
21.696,0.008968814216508716,0.19458739324138155
21.704,0.008922839535689897,0.19366130928261335
21.712,0.008877088020156191,0.1927393350936275
21.72,0.008831558658567261,0.1918214540640849
21.728,0.008786250443761854,0.19090764964205903
21.736,0.00874116237274437,0.18999790533396263
21.744,0.008696293446665858,0.1890922047043041
21.752,0.008651642670814285,0.18819053137556838
21.76,0.008607209054598799,0.18729286902806802
21.768,0.008562991611528925,0.18639920139977342
21.776,0.008518989359207248,0.1855095122860891
21.784,0.008475201319311584,0.18462378553985628
21.792,0.00843162651757565,0.18374200507101618
21.8,0.008388263983786153,0.1828641548465283
21.808,0.00834511275175434,0.1819902188902494
21.816,0.008302171859310599,0.18112018128273918
21.824,0.00825944034828694,0.18025402616102773
21.832,0.008216917264502518,0.17939173771861416
21.84,0.008174601657747782,0.17853330020521593
21.848,0.008132492581772703,0.17767869792656768
21.856,0.008090589094269712,0.17682791524436492
21.864,0.008048890256863199,0.17598093657604286
21.872,0.00800739513508767,0.175137746394644
21.88,0.007966102798384556,0.17429832922866176
21.888,0.007925012320077442,0.17346266966185434
21.896,0.007884122777362078,0.172630752333129
21.904,0.00784343325129487,0.17180256193635626
21.912,0.007802942826773322,0.17097808322025468
21.92,0.0077626505925267545,0.1701573009881803
21.928,0.007722555641098986,0.16934020009802417
21.936,0.007682657068836332,0.16852676546199796
21.944,0.0076429539758728435,0.16771698204655028
21.952,0.0076034454661146195,0.1669108348721495
21.96,0.007564130647230079,0.16610830901315884
21.968,0.007525008630632337,0.16530938959773245
21.976,0.007486078531466336,0.16451406180751993
21.984,0.007447339468597221,0.16372231087765082
21.992,0.007408790564593886,0.16293412209654218
22.0,0.007370430945714302,0.16214948080571537
22.008,0.0073322597418973776,0.16136837239967844
22.016000000000002,0.007294276086742391,0.16059078232572943
22.024,0.007256479117502471,0.15981669608387375
22.032,0.007218867975063994,0.15904609922660162
22.04,0.007181441803937628,0.15827897735879656
22.048000000000002,0.007144199752244996,0.15751531613749878
22.056,0.007107140971702712,0.15675510127186726
22.064,0.0070702646176093,0.155998318522941
22.072,0.00703356984883567,0.15524495370350502
22.080000000000002,0.006997055827806989,0.1544949926779637
22.088,0.006960721720490735,0.15374842136221425
22.096,0.006924566696388216,0.15300522572339098
22.104,0.006888589928512224,0.15226539177983878
22.112000000000002,0.0068527905933827935,0.15152890560087592
22.12,0.006817167871007794,0.15079575330670245
22.128,0.006781720944875866,0.15006592106820846
22.136,0.006746449001935069,0.1493393951068378
22.144000000000002,0.006711351232590368,0.14861616169449413
22.152,0.006676426830681297,0.14789620715324944
22.16,0.0066416749934741105,0.14717951785538108
22.168,0.0066070949216470625,0.14646608022307703
22.176000000000002,0.006572685819280139,0.14575588072836126
22.184,0.006538446893838728,0.14504890589293085
22.192,0.006504377356163146,0.14434514228796685
22.2,0.006470476420454389,0.143644576534111
22.208000000000002,0.006436743304265895,0.14294719530112113
22.216,0.006403177228480937,0.14225298530792785
22.224,0.006369777417312748,0.14156193332236433
22.232,0.0063365430982839435,0.14087402616103817
22.240000000000002,0.006303473502214046,0.14018925068923874
22.248,0.006270567863210068,0.13950759382072175
22.256,0.006237825418654349,0.13882904251757006
22.264,0.006205245409187666,0.13815358379014797
22.272000000000002,0.0061728270787013775,0.13748120469684136
22.28,0.006140569674324548,0.13681189234393445
22.288,0.006108472446408141,0.1361456338855303
22.296,0.006076534648516875,0.13548241652333004
22.304000000000002,0.006044755537416299,0.13482222750654088
22.312,0.006013134373057767,0.13416505413167004
22.32,0.0059816704185700256,0.13351088374248876
22.328,0.0059503629402445695,0.13285970372979117
22.336000000000002,0.005919211207525456,0.13221150153126
22.344,0.005888214492992595,0.13156626463142837
22.352,0.005857372072358166,0.1309239805613576
22.36,0.00582668322444819,0.13028463689866296
22.368000000000002,0.005796147231191818,0.12964822126729864
22.376,0.005765763377610062,0.12901472133741068
22.384,0.005735530951804778,0.12838412482520717
22.392,0.005705449244945423,0.12775641949282246
22.400000000000002,0.005675517551256756,0.12713159314816966
22.408,0.005645735168011318,0.1265096336448058
22.416,0.005616101395511795,0.12589052888179014
22.424,0.005586615537082921,0.12527426680355844
22.432000000000002,0.00555727689906017,0.12466083539972012
22.44,0.005528084790776269,0.12405022270501968
22.448,0.005499038524551543,0.1234424167991218
22.456,0.005470137415679534,0.12283740580651244
22.464000000000002,0.005441380782421138,0.12223517789629369
22.472,0.0054127679459848215,0.12163572128217456
22.48,0.00538429823052466,0.12103902422219796
22.488,0.005355970963119686,0.12044507501864306
22.496000000000002,0.005327785473772219,0.11985386201796967
22.504,0.005299741095385588,0.11926537361056501
22.512,0.005271837163764776,0.11867959823067098
22.52,0.005244073017594838,0.11809652435623239
22.528,0.005216447998436332,0.11751614050877028
22.536,0.005188961450711012,0.11693843525322438
22.544,0.0051616127216934085,0.11636339719785391
22.552,0.005134401161495175,0.11579101499404118
22.56,0.0051073261230599135,0.11522127733623143
22.568,0.005080386962146386,0.11465417296171744
22.576,0.005053583037322803,0.11408969065060581
22.584,0.005026913709952273,0.11352781922556768
22.592,0.00500037834418352,0.11296854755178894
22.6,0.004973976306938991,0.11241186453682696
22.608,0.004947706967905376,0.11185775913040918
22.616,0.004921569699521971,0.11130622032439433
22.624,0.00489556387696982,0.11075723715255872
22.632,0.004869688878161106,0.11021079869054508
22.64,0.00484394408372905,0.10966689405561783
22.648,0.004818328877016277,0.10912551240666478
22.656,0.004792842644066168,0.10858664294396096
22.664,0.00476748477360871,0.10805027490907346
22.672,0.004742254657054235,0.10751639758473888
22.68,0.004717151688479342,0.10698500029470723
22.688,0.004692175264618571,0.10645607240367469
22.696,0.004667324784853893,0.10592960331703603
22.704,0.0046425996512007165,0.10540558248086518
22.712,0.004617999268305088,0.10488399938175076
22.72,0.004593523043425298,0.10436484354661667
22.728,0.004569170386426589,0.10384810454269922
22.736,0.004544940709768074,0.10333377197730012
22.744,0.0045208334284962,0.10282183549772149
22.752,0.0044968479602295035,0.10231228479113089
22.76,0.004472983725151899,0.1018051095844648
22.768,0.004449240146002763,0.10130029964419536
22.776,0.004425616648064542,0.10079784477632485
22.784,0.004402112659155274,0.10029773482618552
22.792,0.004378727609615017,0.09979995967834698
22.8,0.004355460932300573,0.09930450925644818
22.808,0.004332312062570721,0.09881137352311632
22.816,0.004309280438281262,0.09832054247982748
22.824,0.004286365499769794,0.0978320061667448
22.832,0.0042635666898500285,0.09734575466265531
22.84,0.0042408834537996645,0.09686177808479368
22.848,0.0042183152393520836,0.09638006658872558
22.856,0.004195861496685671,0.09590061036825112
22.864,0.004173521678413493,0.09542339965524796
22.872,0.004151295239574901,0.09494842471955836
22.88,0.004129181637626072,0.09447567586888367
22.888,0.004107180332428099,0.09400514344861889
22.896,0.004085290786240037,0.09353681784175269
22.904,0.004063512463707971,0.09307068946877083
22.912,0.0040418448318555525,0.09260674878747494
22.92,0.004020287360074908,0.09214498629291377
22.928,0.003998839520116415,0.09168539251722493
22.936,0.003977500786080919,0.0912279580295453
22.944,0.003956270634406622,0.09077267343582802
22.952,0.00393514854386599,0.09031952937880809
22.96,0.0039141339955495,0.08986851653781407
22.968,0.0038932264728609514,0.08941962562867052
22.976,0.0038724254615065553,0.08897284740357464
22.984,0.0038517304494849617,0.0885281726509647
22.992,0.0038311409270808446,0.08808559219544415
23.0,0.0038106563868521566,0.08764509689760248
23.008,0.003790276323623038,0.0872066776539142
23.016000000000002,0.00377000023447364,0.08677032539664575
23.024,0.0037498276187335425,0.08633603109372369
23.032,0.0037297579779693563,0.08590378574858398
23.04,0.0037097908159763804,0.08547358040010528
23.048000000000002,0.003689925638773007,0.0850454061224311
23.056,0.003670161954585948,0.08461925402493276
23.064,0.003650499273847119,0.08419511525200846
23.072,0.0036309371091800143,0.08377298098300752
23.080000000000002,0.003611474975394862,0.08335284243210593
23.088,0.003592112389475956,0.08293469084821503
23.096,0.0035728488705753726,0.0825185175148125
23.104,0.0035536839400042404,0.08210431374986121
23.112000000000002,0.0035346171212222283,0.08169207090568628
23.12,0.0035156479398300807,0.08128178036887017
23.128,0.003496775923561419,0.08087343356012305
23.136,0.0034780006022719434,0.08046702193415417
23.144000000000002,0.003459321507932959,0.08006253697959227
23.152,0.0034407381746225083,0.07965997021885127
23.16,0.003422250138514956,0.07925931320800166
23.168,0.003403856937875139,0.07886055753670064
23.176000000000002,0.003385558113048085,0.07846369482800518
23.184,0.0033673532064508738,0.07806871673834714
23.192,0.0033492417625630186,0.07767561495736305
23.2,0.0033312233279213506,0.07728438120778257
23.208000000000002,0.0033132974511086003,0.07689500724532308
23.216,0.0032954636827450265,0.07650748485861121
23.224,0.0032777215754825383,0.07612180586900824
23.232,0.0032600706839942687,0.07573796213054991
23.240000000000002,0.0032425105649660575,0.07535594552981999
23.248,0.003225040777090397,0.07497574798580442
23.256,0.003207660881056742,0.07459736144984913
23.264,0.0031903704395416857,0.07422077790549482
23.272000000000002,0.003173169017204221,0.07384598936837387
23.28,0.003156056180675316,0.07347298788612742
23.288,0.0031390314985507684,0.07310176553825232
23.296,0.0031220945413823475,0.0727323144360515
23.304000000000002,0.003105244881670434,0.07236462672244805
23.312,0.0030884820938557054,0.07199869457196059
23.32,0.0030718057543106846,0.07163451019051535
23.328,0.0030552154413323934,0.07127206581540184
23.336000000000002,0.003038710735135421,0.07091135371511768
23.344,0.00302229121784101,0.07055236618928953
23.352,0.003005956473472975,0.07019509556854234
23.36,0.0029897060879464205,0.06983953421442592
23.368000000000002,0.0029735396490617088,0.06948567451927468
23.376,0.0029574567464971096,0.0691335089061175
23.384,0.0029414569717993665,0.06878302982856394
23.392,0.0029255399183778655,0.06843422977069846
23.400000000000002,0.0029097051814951994,0.06808710124699191
23.408,0.002893952358260025,0.06774163680215475
23.416,0.002878281047620848,0.0673978290110857
23.424,0.0028626908503557357,0.06705567047873146
23.432000000000002,0.0028471813690664123,0.06671515383996814
23.44,0.0028317522081715953,0.06637627175954626
23.448,0.0028164029738968186,0.06603901693194038
23.456,0.0028011332742692544,0.06570338208126303
23.464000000000002,0.002785942719108935,0.06536935996117595
23.472,0.002770830920021865,0.06503694335475187
23.48,0.0027557974903917354,0.06470612507440922
23.488,0.002740842045374806,0.06437689796176041
23.496000000000002,0.002725964201888501,0.06404925488757568
23.504,0.002711163578608407,0.0637231887516194
23.512,0.002696439795958577,0.06339869248257737
23.52,0.0026817924761037837,0.0630757590379582
23.528000000000002,0.0026672212429434817,0.06275438140397409
23.536,0.002652725722104849,0.062434552595457715
23.544,0.002638305540933952,0.062116265655746336
23.552,0.0026239603284897704,0.061799513656586286
23.56,0.0026096897155366543,0.06148428969804402
23.568,0.002595493334537382,0.0611705869083762
23.576,0.0025813708196460693,0.06085839844396839
23.584,0.0025673218066994377,0.06054771748920131
23.592,0.002553345933213987,0.060238537256384166
23.6,0.0025394428383734976,0.059930850985610136
23.608,0.0025256121630257253,0.05962465194471234
23.616,0.0025118535496745247,0.05931993342910759
23.624,0.0024981666424725908,0.05901668876176887
23.632,0.0024845510872141614,0.058714911293046276
23.64,0.0024710065313293733,0.05841459440062641
23.648,0.0024575326238761635,0.05811573148941936
23.656,0.0024441290155334896,0.057818315991463115
23.664,0.0024307953585959003,0.05752234136580863
23.672,0.002417531306964059,0.05722780109845512
23.68,0.0024043365161409815,0.05693468870221472
23.688,0.0023912106432225767,0.05664299771665667
23.696,0.0023781533468937616,0.05635272170799096
23.704,0.0023651642874184028,0.056063854268967886
23.712,0.0023522431266356073,0.055776389018785295
23.72,0.002339389527951276,0.055490319603004476
23.728,0.002326603156332188,0.05520563969344461
23.736,0.0023138836782984826,0.05492234298809847
23.744,0.0023012307619190166,0.05464042321101304
23.752,0.0022886440768033513,0.05435987411222828
23.76,0.0022761232940940526,0.054080689467678265
23.768,0.0022636680864634956,0.0538028630790606
23.776,0.0022512781281037704,0.05352638877379022
23.784,0.002238953094722571,0.05325126040488759
23.792,0.0022266926635365033,0.0529774718508571
23.8,0.0022144965132632525,0.052705017015668855
23.808,0.0022023643241171264,0.05243388982857987
23.816,0.002190295777800808,0.052164084244100184
23.824,0.002178290557500293,0.051895594241882746
23.832,0.002166348347878253,0.051628413826632504
23.84,0.0021544688350673426,0.05136253702800675
23.848,0.0021426517066647143,0.05109795790054122
23.856,0.002130896651724778,0.050834670523542846
23.864,0.0021192033607533617,0.05057266900102378
23.872,0.0021075715257023115,0.05031194746156415
23.88,0.002096000839961891,0.05005250005829203
23.888,0.0020844909983558286,0.04979432096872778
23.896,0.0020730416971342625,0.04953740439472132
23.904,0.002061652633968395,0.049281744562379735
23.912,0.002050323507943461,0.04902733572194448
23.92,0.002039054019553999,0.04877417214773301
23.928,0.0020278438706967696,0.04852224813802998
23.936,0.0020166927646645375,0.04827155801501183
23.944,0.0020056004061414353,0.04802209612465406
23.952,0.0019945665011954347,0.04777385683663263
23.96,0.001983590757273169,0.04752683454426284
23.968,0.0019726728831937312,0.04728102366438867
23.976,0.0019618125891435463,0.047036418637301826
23.984,0.0019510095866689797,0.04679301392666869
23.992,0.0019402635886720985,0.04655080401942705
24.0,0.0019295743094038828,0.04630978342569384
24.008,0.0019189414644582938,0.046069946678713995
24.016000000000002,0.0019083647707669087,0.0458312883347312
24.024,0.0018978439465928254,0.04559380297294702
24.032,0.0018873787115258915,0.04535748519539134
24.04,0.0018769687864754168,0.04512232962686616
24.048000000000002,0.0018666138936653737,0.044888330914861795
24.056,0.0018563137566284177,0.044655483729456526
24.064,0.0018460681002009092,0.04442378276323446
24.072,0.0018358766505162394,0.044193222731225626
24.080000000000002,0.0018257391349993724,0.04396379837079217
24.088,0.0018156552823629572,0.0437355044415532
24.096,0.0018056248225986032,0.04350833572533152
24.104,0.001795647486973537,0.04328228702601328
24.112000000000002,0.001785723008025958,0.04305735316952125
24.12,0.0017758511195562405,0.042833529003692916
24.128,0.0017660315566245229,0.042610809398236096
24.136,0.0017562640555433319,0.04238918924459481
24.144000000000002,0.0017465483538740448,0.042168663455933404
24.152,0.0017368841904188046,0.041949226966996295
24.16,0.0017272713052175355,0.0417308747340586
24.168,0.0017177094395412961,0.04151360173483368
24.176000000000002,0.0017081983358871967,0.0412974029684086
24.184,0.0016987377379729344,0.041082273455141496
24.192,0.0016893273907322012,0.040868208236595885
24.2,0.001679967040307961,0.040655202375450984
24.208000000000002,0.0016706564340483714,0.04044325095545005
24.216,0.001661395320501243,0.04023234908125833
24.224,0.0016521834494082849,0.04002249187846379
24.232,0.0016430205717004641,0.03981367449344789
24.240000000000002,0.0016339064394927775,0.03960589209330714
24.248,0.001624840806078817,0.039399139865793985
24.256,0.0016158234259251935,0.03919341301924036
24.264,0.0016068540546673295,0.038988706782451525
24.272000000000002,0.0015979324491042558,0.03878501640465678
24.28,0.00158905836719215,0.03858233715542854
24.288,0.0015802315680409846,0.03838066432458297
24.296,0.00157145181190854,0.0381799932221289
24.304000000000002,0.0015627188601952135,0.03798031917818653
24.312,0.0015540324754397513,0.0377816375428931
24.32,0.0015453924213136572,0.037583943686349944
24.328,0.0015367984626165005,0.0373872329985306
24.336000000000002,0.0015282503652698461,0.037191500889216675
24.344,0.0015197478963149397,0.03699674278789297
24.352,0.0015112908239047294,0.03680295414372487
24.36,0.001502878917300582,0.03661013042544265
24.368000000000002,0.001494511946867806,0.03641826712127407
24.376,0.0014861896840694098,0.03622735973887369
24.384,0.0014779119014623058,0.03603740380525353
24.392,0.0014696783726918902,0.03584839486669995
24.400000000000002,0.0014614888724878046,0.03566032848869632
24.408,0.0014533431766583942,0.03547320025587579
24.416,0.0014452410620867094,0.03528700577191048
24.424,0.0014371823067254668,0.035101740659460604
24.432000000000002,0.0014291666895916348,0.03491740056010339
24.44,0.001421193990762968,0.034733981134248394
24.448,0.0014132639913726091,0.034551478061076765
24.456,0.0014053764736038294,0.03436988703845096
24.464000000000002,0.001397531220686586,0.03418920378287786
24.472,0.0013897280168921236,0.034009424029384464
24.48,0.0013819666475288319,0.03383054353150559
24.488,0.0013742468989364157,0.03365255806115411
24.496000000000002,0.001366568558483171,0.033475463408610434
24.504,0.0013589314145601992,0.03329925538238257
24.512,0.001351335256576713,0.03312392980921013
24.52,0.0013437798749563604,0.0329494825339288
24.528000000000002,0.0013362650611319,0.03277590941943892
24.536,0.0013287906075412318,0.0326032063466287
24.544,0.0013213563076228,0.03243136921429526
24.552,0.0013139619558110147,0.032260393939072284
24.560000000000002,0.0013066073475317692,0.03209027645538439
24.568,0.0012992922791981905,0.03192101271534491
24.576,0.0012920165482064201,0.031752598688718624
24.584,0.0012847799529301367,0.031585030362831744
24.592,0.0012775822927176465,0.031418303742512886
24.6,0.0012704233678869485,0.03125241485001845
24.608,0.001263302979721171,0.031087359724973118
24.616,0.0012562209304638145,0.030923134424296703
24.624,0.0012491770233159496,0.030759735022135908
24.632,0.0012421710624308075,0.030597157609797702
24.64,0.0012352028529092748,0.03043539829568585
24.648,0.0012282722007962868,0.03027445320522779
24.656,0.0012213789130767218,0.030114318480820308
24.664,0.0012145227976703417,0.02995499028174064
24.672,0.0012077036634283891,0.029796464784107142
24.68,0.0012009213201292963,0.02963873818079078
24.688,0.001194175578474023,0.029481806681362892
24.696,0.0011874662500820639,0.029325666512029107
24.704,0.0011807931474879644,0.029170313915541413
24.712,0.0011741560841364805,0.029015745151180605
24.72,0.0011675548743786898,0.028861956494640684
24.728,0.0011609893334679805,0.028708944237995613
24.736,0.0011544592775558043,0.028556704689617123
24.744,0.0011479645236879756,0.028405234174133636
24.752,0.001141504889800213,0.028254529032334507
24.76,0.001135080194714481,0.028104585621127828
24.768,0.0011286902581346726,0.027955400313478117
24.776,0.0011223349006429016,0.0278069694983285
24.784,0.0011160139436956356,0.027659289580553678
24.792,0.0011097272096189615,0.02751235698087466
24.8,0.001103474521605787,0.027366168135825666
24.808,0.0010972557037109989,0.02722071949766124
24.816,0.001091070580848019,0.027076007534325236
24.824,0.0010849189787847078,0.026932028729355056
24.832,0.0010788007241401025,0.026788779581846004
24.84,0.001072715644379158,0.026646256606375072
24.848,0.0010666635678102732,0.026504456332948748
24.856,0.0010606443235813218,0.026363375306935957
24.864,0.0010546577416748993,0.026223010089003147
24.872,0.0010487036529053316,0.026083357255061577
24.88,0.0010427818889150783,0.025944413396207875
24.888,0.00103689228217014,0.0258061751186492
24.896,0.0010310346659568115,0.025668639043659534
24.904,0.001025208874378066,0.02553180180751105
24.912,0.00101941474234965,0.02539566006141455
24.92,0.0010136521055964225,0.02526021047146247
24.928,0.0010079208006484063,0.025125449718564525
24.936,0.0010022206648378355,0.024991374498398885
24.944,0.0009965515362946036,0.024857981521329748
24.952,0.0009909132539430365,0.02472526751238793
24.96,0.0009853056574987604,0.024593229211168747
24.968,0.0009797285874640674,0.024461863371802534
24.976,0.0009741818851251553,0.024331166762886117
24.984,0.0009686653925480223,0.024201136167420135
24.992,0.0009631789525756523,0.02407176838276874
25.0,0.000957722408823213,0.02394306022057952
25.008,0.0009522956056756075,0.02381500850673893
25.016000000000002,0.00094689838828391,0.023687610081308368
25.024,0.0009415306025608695,0.02356086179848281
25.032,0.0009361920951786634,0.023434760526512905
25.04,0.0009308827135644261,0.02330930314765256
25.048000000000002,0.0009256023058975941,0.023184486558123808
25.056,0.0009203507211057138,0.02306030766802394
25.064,0.0009151278088615764,0.022936763401305967
25.072,0.0009099334195793976,0.022813850695692986
25.080000000000002,0.0009047674044118008,0.022691566502647753
25.088,0.0008996296152460196,0.022569907787293085
25.096,0.0008945199047009285,0.022448871528372362
25.104,0.0008894381261230881,0.022328454718194706
25.112000000000002,0.0008843841335843032,0.022208654362568914
25.12,0.0008793577818773069,0.022089467480756544
25.128,0.0008743589265130524,0.021970891105420432
25.136,0.0008693874237171278,0.02185292228255683
25.144000000000002,0.0008644431304268395,0.021735558071454702
25.152,0.0008595259042873438,0.021618795544640055
25.16,0.000854635603648992,0.021502631787810478
25.168,0.000849772087563506,0.021387063899798373
25.176000000000002,0.0008449352157811052,0.021272088992506374
25.184,0.0008401248487473725,0.0211577041908562
25.192,0.0008353408475996362,0.021043906632728218
25.2,0.0008305830741639561,0.02093069346892932
25.208000000000002,0.0008258513909520519,0.020818061863121132
25.216,0.0008211456611583709,0.02070600899176748
25.224,0.0008164657486559563,0.02059453204409741
25.232,0.0008118115179946452,0.020483628222039692
25.240000000000002,0.0008071828343966654,0.02037329474016931
25.248,0.0008025795637544677,0.020263528825669418
25.256,0.0007980015726270414,0.02015432771827045
25.264,0.0007934487282372833,0.020045688670188397
25.272000000000002,0.0007889208984684394,0.019937608946095052
25.28,0.0007844179518612509,0.019830085823052467
25.288,0.0007799397576110089,0.019723116590468107
25.296,0.0007754861855645055,0.01961669855003915
25.304000000000002,0.0007710571062166762,0.019510829015706284
25.312,0.0007666523907079229,0.019405505313601412
25.32,0.0007622719108211803,0.0193007247819946
25.328,0.0007579155389785774,0.019196484771247888
25.336000000000002,0.00075358314823845,0.019092782643771754
25.344,0.0007492746122931568,0.018989615773956532
25.352,0.000744989805464944,0.018886981548146758
25.36,0.0007407286027038321,0.01878487736457031
25.368000000000002,0.0007364908795845239,0.01868330063330047
25.376,0.000732276512303372,0.018582248776209783
25.384,0.0007280853776753532,0.01848171922691074
25.392,0.0007239173531316779,0.018381709430719168
25.400000000000002,0.0007197723167163381,0.018282216844594947
25.408,0.0007156501470834777,0.018183238937097102
25.416,0.0007115507234948199,0.01808477318834478
25.424,0.0007074739258161954,0.017986817089952593
25.432000000000002,0.0007034196345153581,0.017889368144993537
25.44,0.0006993877306586588,0.017792423867957114
25.448,0.0006953780959087782,0.017695981784685382
25.456,0.0006913906125213167,0.017600039432340425
25.464000000000002,0.0006874251633423675,0.01750459435934921
25.472,0.0006834816318059323,0.017409644125360276
25.48,0.0006795599019306316,0.017315186301191728
25.488,0.0006756598583175863,0.017221218468799024
25.496000000000002,0.0006717813861469833,0.017127738221203358
25.504,0.000667924371176082,0.017034743162472766
25.512,0.0006640886997358312,0.016942230907661254
25.52,0.000660274258728773,0.016850199082760052
25.528000000000002,0.0006564809356259884,0.01675864532465976
25.536,0.0006527086184643363,0.016667567281106545
25.544,0.0006489571958442055,0.016576962610646697
25.552,0.0006452265569266254,0.016486828982589047
25.560000000000002,0.0006415165914303155,0.016397164076958338
25.568,0.0006378271896295173,0.01630796558444783
25.576,0.0006341582423514734,0.016219231206382308
25.584,0.0006305096409731463,0.016130958654655657
25.592000000000002,0.0006268812774193806,0.016043145651716842
25.6,0.0006232730441597463,0.015955789930490783
25.608,0.0006196848342063458,0.015868889234357295
25.616,0.0006161165411111181,0.01578244131710186
25.624,0.0006125680589629976,0.015696443942869943
25.632,0.0006090392823861257,0.015610894886121085
25.64,0.0006055301065364384,0.01552579193159351
25.648,0.0006020404270996844,0.015441132874253206
25.656,0.0005985701402888607,0.01535691551925133
25.664,0.0005951191428416958,0.015273137681890094
25.672,0.0005916873320178512,0.015189797187563237
25.68,0.0005882746055970408,0.015106891871732368
25.688,0.0005848808618759354,0.015024419579867542
25.696,0.0005815059996662125,0.014942378167422837
25.704,0.0005781499182918721,0.014860765499773183
25.712,0.0005748125175868232,0.014779579452191022
25.72,0.0005714936978924856,0.014698817909793242
25.728,0.0005681933600553113,0.014618478767504054
25.736,0.0005649114054246712,0.014538559930007681
25.744,0.0005616477358499661,0.01445905931171925
25.752,0.0005584022536786849,0.014379974836734404
25.76,0.0005551748617539954,0.014301304438780952
25.768,0.0005519654634119382,0.014223046061198766
25.776,0.0005487739624796474,0.014145197656876371
25.784,0.0005456002632727762,0.014067757188225123
25.792,0.0005424442705930749,0.013990722627137134
25.8,0.0005393058897262528,0.01391409195493609
25.808,0.0005361850264394875,0.01383786316234923
25.816,0.0005330815869791935,0.01376203424945552
25.824,0.0005299954780689695,0.013686603225653871
25.832,0.0005269266069069668,0.013611568109621408
25.84,0.0005238748811638006,0.013536926929271447
25.848,0.000520840208980151,0.013462677721718998
25.856,0.0005178224989648198,0.013388818533235302
25.864,0.0005148216601922326,0.01331534741921112
25.872,0.0005118376022001414,0.013242262444122825
25.88,0.0005088702349878257,0.013169561681484624
25.888,0.0005059194690133714,0.013097243213817448
25.896,0.000502985215191721,0.013025305132604633
25.904,0.0005000673848925706,0.012953745538258312
25.912,0.0004971658899380691,0.012882562540075262
25.92,0.0004942806426005938,0.012811754256207161
25.928,0.0004914115556006992,0.012741318813616124
25.936,0.0004885585421050229,0.0126712543480356
25.944,0.000485721515723989,0.012601559003941276
25.952,0.00048290039050952226,0.012532230934503747
25.96,0.0004800950809535719,0.012463268301556005
25.968,0.0004773055019852889,0.012394669275554444
25.976,0.00047453156896926205,0.012326432035546673
25.984,0.0004717731977034046,0.012258554769125051
25.992,0.0004690303044168226,0.012191035672400067
26.0,0.00046630280576762654,0.012123872949957674
26.008,0.00046359061884119053,0.01205706481482203
26.016000000000002,0.00046089366114778467,0.01199060948842178
26.024,0.0004582118506206715,0.011924505200551758
26.032,0.0004555451056139993,0.01185875018934302
26.04,0.0004528933449008247,0.011793342701217036
26.048000000000002,0.00045025648767103887,0.011728280990855555
26.056,0.00044763445352945437,0.011663563321163016
26.064,0.00044502716249369745,0.011599187963235284
26.072,0.00044243453499219596,0.011535153196317708
26.080000000000002,0.0004398564918624428,0.011471457307770822
26.088,0.0004372929543485284,0.011408098593045937
26.096,0.0004347438440998319,0.01134507535563029
26.104,0.0004322090831683779,0.011282385907026075
26.112000000000002,0.0004296885940073894,0.011220028566721234
26.12,0.00042718229946911456,0.011158001662134188
26.128,0.0004246901228030242,0.011096303528598696
26.136,0.00042221198765373394,0.011034932509317497
26.144000000000002,0.0004197478180591685,0.010973886955340092
26.152,0.00041729753844877196,0.010913165225511945
26.16,0.00041486107364129823,0.010852765686455726
26.168,0.000412438348843251,0.010792686712529552
26.176000000000002,0.000410029289646841,0.010732926685795055
26.184,0.0004076338220281265,0.010673483995983026
26.192,0.0004052518723451926,0.010614357040464595
26.2,0.0004028833673362301,0.010555544224208957
26.208000000000002,0.0004005282341177701,0.010497043959757767
26.216,0.0003981864001827014,0.010438854667190328
26.224,0.00039585779339865613,0.010380974774087422
26.232,0.00039354234200601057,0.01032340271550216
26.240000000000002,0.0003912399746160995,0.01026613693392713
26.248,0.00038895062020950907,0.010209175879260258
26.256,0.00038667420813414966,0.010152518008769758
26.264,0.0003844106681034519,0.010096161787067709
26.272000000000002,0.00038215993019477746,0.010040105686077352
26.28,0.00037992192484754753,0.0099843481849925
26.288,0.00037769658286127797,0.009928887770256472
26.296,0.00037548383539412353,0.009873722935524477
26.304000000000002,0.0003732836139610256,0.009818852181630994
26.312,0.0003710958504318814,0.009764274016562966
26.32,0.000368920477029813,0.009709986955424656
26.328,0.00036675742632966195,0.009655989520408173
26.336000000000002,0.0003646066312559679,0.009602280240755334
26.344,0.00036246802508137845,0.009548857652743114
26.352,0.0003603415414250166,0.009495720299633527
26.36,0.00035822711425091176,0.009442866731652982
26.368000000000002,0.00035612467786573184,0.009390295505964158
26.376,0.00035403416691790195,0.009338005186626787
26.384,0.00035195551639528557,0.009285994344573804
26.392,0.00034988866162386867,0.009234261557577289
26.400000000000002,0.00034783353826596547,0.009182805410221833
26.408,0.00034579008231858707,0.009131624493869728
26.416,0.0003437582301118917,0.009080717406635833
26.424,0.0003417379183074353,0.00903008275335592
26.432000000000002,0.00033972908389653575,0.008979719145552649
26.44,0.00033773166419871526,0.0089296252014138
26.448,0.0003357455968601351,0.008879799545758356
26.456,0.00033377081985189704,0.00883024081000344
26.464000000000002,0.0003318072714685021,0.00878094763214271
26.472,0.0003298548903261379,0.008731918656712414
26.48,0.00032791361536122225,0.008683152534765386
26.488,0.0003259833858288304,0.008634647923834397
26.496000000000002,0.00032406414130119014,0.008586403487915048
26.504,0.0003221558216657824,0.008538417897429415
26.512,0.00032025836712420904,0.00849068982919656
26.52,0.0003183717181903876,0.008443217966409426
26.528000000000002,0.0003164958156890991,0.008396000998601386
26.536,0.00031463060075449236,0.008349037621621303
26.544,0.00031277601482838306,0.008302326537604645
26.552,0.0003109319996589486,0.00825586645494472
26.560000000000002,0.0003090984972991152,0.008209656088264504
26.568,0.00030727545010504306,0.008163694158389946
26.576,0.0003054628007346277,0.008117979392323466
26.584,0.00030366049214598925,0.008072510523209515
26.592000000000002,0.00030186846759611136,0.00802728629031631
26.6,0.0003000866706392883,0.00798230543900488
26.608,0.00029831504512547135,0.007937566720700253
26.616,0.00029655353519919336,0.007893068892861708
26.624000000000002,0.0002948020852977005,0.007848810718965175
26.632,0.0002930606401497848,0.007804790968468907
26.64,0.00029132914477422543,0.007761008416785864
26.648,0.00028960754447839563,0.0077174618452603636
26.656,0.00028789578485678306,0.007674150041142633
26.664,0.0002861938117895522,0.007631071797556937
26.672,0.00028450157144122116,0.007588225913480216
26.68,0.00028281901025918924,0.007545611193715106
26.688,0.00028114607497226084,0.007503226448860665
26.696,0.00027948271258942584,0.007461070495287264
26.704,0.0002778288703982212,0.0074191421551147154
26.712,0.0002761844959636858,0.007377440256181853
26.72,0.00027454953712657685,0.007335963632022091
26.728,0.0002729239420023125,0.007294711121838235
26.736,0.00027130765897949915,0.00725368157047579
26.744,0.0002697006367185104,0.007212873828399699
26.752,0.0002681028241502146,0.007172286751666351
26.76,0.00026651417047459004,0.0071319192019005705
26.768,0.0002649346251594714,0.007091770046268511
26.776,0.00026336413793900276,0.007051838157454342
26.784,0.0002618026588125732,0.007012122413635965
26.792,0.0002602501380432663,0.006972621698455261
26.8,0.00025870652615674766,0.006933334901000504
26.808,0.0002571717739397207,0.006894260915775945
26.816,0.0002556458324388329,0.00685539864268017
26.824,0.0002541286529593517,0.006816746986980357
26.832,0.0002526201870636343,0.006778304859291789
26.84,0.00025112038657018593,0.006740071175544807
26.848,0.00024962920355218614,0.0067020448569692645
26.856,0.00024814659033620633,0.006664224830069592
26.864,0.00024667249950096655,0.006626610026594931
26.872,0.0002452068838761698,0.006589199383520341
26.88,0.00024374969654107897,0.0065519918430241965
26.888,0.0002423008908233581,0.006514986352459334
26.896,0.00024086042029790533,0.00647818186433265
26.904,0.0002394282387853965,0.006441577336282386
26.912,0.00023800430035126246,0.006405171731053585
26.92,0.0002365885593044246,0.0063689640164750925
26.928,0.00023518097019588387,0.006332953165434751
26.936,0.00023378148781780578,0.006297138155860843
26.944,0.0002323900672020671,0.006261517970693497
26.952,0.0002310066636192062,0.006226091597864401
26.96,0.00022963123257704229,0.006190858030277134
26.968,0.00022826372981970633,0.006155816265778039
26.976,0.00022690411132631077,0.006120965307138887
26.984,0.0002255523333097933,0.006086304162031079
26.992,0.0002242083522157613,0.006051831843007963
27.0,0.00022287212472125065,0.006017547367474652
27.008,0.0002215436077337538,0.005983449757672662
27.016000000000002,0.0002202227583897317,0.005949538040657494
27.024,0.00021890953405380767,0.005915811248270398
27.032,0.00021760389231742223,0.0058822684171242505
27.04,0.00021630579099762192,0.005848908588575466
27.048000000000002,0.00021501518813615264,0.0058157308087073084
27.056,0.00021373204199821605,0.005782734128303558
27.064,0.0002124563110711589,0.005749917602830505
27.072,0.00021118795406369504,0.00571728029241295
27.080000000000002,0.00020992692990452711,0.0056848212618152375
27.088,0.00020867319774135623,0.0056525395804174145
27.096,0.00020742671693962516,0.005620434322196558
27.104,0.00020618744708169234,0.005588504565701931
27.112000000000002,0.00020495534796548265,0.005556749394039643
27.12,0.00020373037960344119,0.005525167894845527
27.128,0.00020251250222159544,0.005493759160268126
27.136,0.00020130167625833853,0.00546252228694617
27.144000000000002,0.00020009786236331893,0.005431456375990244
27.152,0.0001989010213965323,0.005400560532958486
27.16,0.00019771111442710122,0.0053698338678399024
27.168,0.00019652810273228295,0.005339275495030345
27.176000000000002,0.00019535194779640174,0.005308884533314454
27.184,0.00019418261130982052,0.005278660105845963
27.192,0.00019302005516786845,0.005248601340124975
27.2,0.0001918642414697922,0.005218707367979021
27.208000000000002,0.00019071513251778022,0.005188977325543757
27.216,0.0001895726908158499,0.0051594103532445435
27.224,0.00018843687906885506,0.005130005595770485
27.232,0.00018730766018151048,0.005100762202063111
27.240000000000002,0.00018618499725729003,0.0050716793252887004
27.248,0.00018506885359749408,0.005042756122824674
27.256,0.00018395919270018722,0.00501399175623643
27.264,0.00018285597825927342,0.004985385391260827
27.272000000000002,0.000181759174163375,0.004956936197783817
27.28,0.00018066874449497054,0.004928643349822516
27.288,0.00017958465352927943,0.004900506025506698
27.296,0.00017850686573341517,0.004872523407059644
27.304000000000002,0.00017743534576533443,0.004844694680777029
27.312,0.0001763700584728499,0.004817019037010125
27.32,0.00017531096889266732,0.004789495670147348
27.328,0.00017425804224944735,0.004762123778593295
27.336000000000002,0.0001732112439548629,0.004734902564749966
27.344,0.00017217053960661173,0.004707831235003044
27.352,0.0001711358949874121,0.004680908999695915
27.36,0.00017010727606419786,0.004654135073116383
27.368000000000002,0.00016908464898705188,0.004627508673477251
27.376,0.00016806798008829404,0.004601029022897258
27.384,0.00016705723588162806,0.004574695347382079
27.392,0.00016605238306109847,0.004548506876809294
27.400000000000002,0.00016505338850024336,0.004522462844906707
27.408,0.00016406021925118196,0.004496562489235818
27.416,0.00016307284254362103,0.004470805051175656
27.424,0.00016209122578401516,0.00444518977590098
27.432000000000002,0.00016111533655469408,0.0044197159123685326
27.44,0.00016014514261284167,0.00439438271329616
27.448,0.00015918061188970135,0.0043691894351485525
27.456,0.000158221712489624,0.004344135338115832
27.464000000000002,0.00015726841268928106,0.004319219686098291
27.472,0.0001563206809365934,0.0042944417466901615
27.48,0.00015537848585003646,0.0042698007911589455
27.488,0.00015444179621770273,0.004245296094432098
27.496000000000002,0.00015351058099634062,0.004220926935075461
27.504,0.00015258480931066616,0.004196692595280724
27.512,0.00015166445045233388,0.00417259236084417
27.52,0.0001507494738791335,0.004148625521153519
27.528000000000002,0.00014983984921420148,0.004124791369168718
27.536,0.00014893554624507906,0.004101089201404604
27.544,0.00014803653492293932,0.004077518317916778
27.552,0.00014714278536161456,0.004054078022283446
27.560000000000002,0.00014625426783696917,0.004030767621586888
27.568,0.0001453709527858245,0.004007586426399831
27.576,0.00014449281080537995,0.00398453375076961
27.584,0.00014361981265217556,0.003961608912197549
27.592000000000002,0.0001427519292413477,0.0039388112316274225
27.6,0.000141889131645853,0.003916140033425612
27.608,0.00014103139109559437,0.0038935946453673292
27.616,0.00014017867897665357,0.003871174398619685
27.624000000000002,0.00013933096683044514,0.0038488786277241344
27.632,0.00013848822635291396,0.003826706670583704
27.64,0.00013765042939379256,0.00380465786844464
27.648,0.00013681754795577498,0.003782731565880859
27.656,0.00013598955419365173,0.0037609271107793933
27.664,0.00013516642041367513,0.003739243854324252
27.672,0.00013434811907267903,0.0037176811509788523
27.68,0.00013353462277723583,0.003696238358474193
27.688,0.00013272590428304673,0.0036749148377894104
27.696,0.00013192193649406387,0.0036537099531395237
27.704,0.0001311226924616873,0.00363262307195857
27.712,0.00013032814538410076,0.0036116535648844346
27.72,0.00012953826860546765,0.0035908008057437954
27.728,0.00012875303561513465,0.003570064171536533
27.736,0.00012797242004694966,0.003549443042422465
27.744,0.00012719639567844955,0.0035289368017031885
27.752,0.00012642493643015714,0.0035085448358098807
27.76,0.00012565801636484734,0.0034882665342881617
27.768,0.00012489560968669008,0.003468101289780462
27.776,0.00012413769074073929,0.003448048498014842
27.784,0.00012338423401197276,0.0034281075577888218
27.792,0.00012263521412472835,0.0034082778709541564
27.8,0.00012189060584185187,0.0033885588424034056
27.808,0.00012115038406407685,0.003368949880054286
27.816,0.00012041452382930537,0.0033494503948356446
27.824,0.00011968300031178064,0.0033300598006745703
27.832,0.00011895578882150653,0.003310777514479847
27.84,0.00011823286480347841,0.003291602956128844
27.848,0.0001175142038369797,0.0032725355484524298
27.856,0.00011679978163493227,0.003253574717222772
27.864,0.00011608957404311281,0.003234719891137638
27.872,0.00011538355703955541,0.0032159705018059586
27.88,0.0001146817067337411,0.0031973259837365297
27.888,0.00011398399936606645,0.003178785774320913
27.896,0.00011329041130703953,0.0031603493138211837
27.904,0.00011260091905665633,0.0031420160453567185
27.912,0.00011191549924368036,0.003123785414889739
27.92,0.00011123412862505352,0.0031056568712113358
27.928,0.00011055678408511505,0.0030876298659285773
27.936,0.00010988344263500854,0.0030697038534513595
27.944,0.00010921408141200565,0.003051878290977966
27.952,0.00010854867767890197,0.0030341526384807145
27.96,0.00010788720882319595,0.003016526358696677
27.968,0.00010722965235661872,0.0029989989171099445
27.976,0.00010657598591437636,0.0029815697819405435
27.984,0.00010592618725453881,0.002964238424131162
27.992,0.0001052802342574191,0.002947004317333748
28.0,0.00010463810492485464,0.0029298669378957677
28.008,0.00010399977737964448,0.0029128257648492603
28.016000000000002,0.00010336522986493328,0.0028958802798959675
28.024,0.00010273444074349501,0.002879029967395371
28.032,0.00010210738849713971,0.0028622743143514534
28.04,0.00010148405172611422,0.002845612810400279
28.048000000000002,0.0001008644091484941,0.0028290449477969583
28.056,0.00010024843959949817,0.002812570221403631
28.064,0.00009963612203091999,0.0027961881286762223
28.072,0.00009902743551054184,0.002779898169651798
28.080000000000002,0.00009842235922142291,0.0027636998469376577
28.088,0.00009782087246141088,0.002747592665695827
28.096,0.00009722295464246442,0.0027315761336348366
28.104,0.00009662858529009819,0.002715649760993112
28.112000000000002,0.0000960377440427562,0.0026998130605298837
28.12,0.0000954504106511937,0.0026840655475115307
28.128,0.00009486656497797401,0.0026684067397002554
28.136,0.00009428618699677357,0.00265283615734103
28.144000000000002,0.0000937092567918677,0.0026373533231500578
28.152,0.00009313575455753135,0.0026219577623035326
28.16,0.00009256566059742555,0.0026066490024237534
28.168,0.00009199895532409098,0.0025914265735693235
28.176000000000002,0.00009143561925831369,0.002576290008222314
28.184,0.00009087563302854371,0.002561238841276583
28.192,0.00009031897737039894,0.0025462726100263316
28.2,0.00008976563312603255,0.002531390854154037
28.208000000000002,0.00008921558124359368,0.0025165931157193587
28.216,0.00008866880277667651,0.0025018789391466805
28.224,0.00008812527888376058,0.0024872478712149684
28.232,0.00008758499082762178,0.0024726994610452095
28.240000000000002,0.00008704791997483128,0.002458233260089191
28.248,0.00008651404779520199,0.002443848822118775
28.256,0.00008598335586117982,0.0024295457032137906
28.264,0.00008545582584738593,0.002415323461750697
28.272000000000002,0.0000849314395300179,0.002401181658392602
28.28,0.00008441017878632186,0.0023871198560774976
28.288,0.00008389202559410292,0.002373137620005919
28.296,0.00008337696203109856,0.002359234517631795
28.304000000000002,0.00008286497027455128,0.0023454101186508127
28.312,0.00008235603260062178,0.0023316639949889106
28.32,0.00008185013138388628,0.002317995720791405
28.328,0.0000813472490967735,0.002304404872413531
28.336000000000002,0.00008084736830912446,0.002290891028407743
28.344,0.00008035047168760118,0.002277453769513719
28.352,0.00007985654199521648,0.0022640926786481087
28.36,0.00007936556209078406,0.002250807340894672
28.368000000000002,0.00007887751492843997,0.0022375973434900294
28.376,0.00007839238355716557,0.0022244622758181266
28.384,0.00007791015112019812,0.002211401729395662
28.392,0.00007743080085460246,0.0021984152978638217
28.400000000000002,0.00007695431609073019,0.002185502576977003
28.408,0.00007648068025178655,0.0021726631645925657
28.416,0.00007600987685323094,0.002159896660661097
28.424,0.00007554188950236773,0.002147202667215415
28.432000000000002,0.00007507670189785918,0.0021345807883602947
28.44,0.00007461429782920836,0.002122030630262678
28.448,0.00007415466117625452,0.002109551801141841
28.456,0.00007369777590873931,0.002097143911258724
28.464000000000002,0.00007324362608580698,0.002084806572906241
28.472,0.00007279219585551387,0.0020725394003985233
28.48,0.00007234346945441261,0.0020603420100617697
28.488,0.00007189743120697946,0.0020482140202243613
28.496000000000002,0.00007145406552524044,0.0020361550512074072
28.504,0.00007101335690824594,0.0020241647253128113
28.512,0.00007057528994163664,0.002012242666816156
28.52,0.0000701398492971766,0.002000388501955363
28.528000000000002,0.00006970701973225355,0.001988601858921566
28.536,0.00006927678608948629,0.001976882367849713
28.544,0.00006884913329623496,0.001965229660807881
28.552,0.00006842404636414494,0.0019536433717890736
28.560000000000002,0.00006800151038869465,0.0019421231367010895
28.568,0.00006758151054875861,0.0019306685933570007
28.576,0.0000671640321061569,0.0019192793814657382
28.584,0.00006674906040521411,0.001907955142622602
28.592000000000002,0.00006633658087230025,0.0018966955203007039
28.6,0.00006592657901542647,0.001885500159841216
28.608,0.00006551904042376225,0.001874368708442977
28.616,0.00006511395076725079,0.001863300815155736
28.624000000000002,0.00006471129579613083,0.0018522961308684149
28.632,0.00006431106134052413,0.0018413543083017718
28.64,0.00006391323331001723,0.0018304750019986077
28.648,0.00006351779769320421,0.001819657868315014
28.656000000000002,0.00006312474055733723,0.0018089025654110813
28.664,0.00006273404804779084,0.0017982087532418345
28.672,0.0000623457063877348,0.0017875760935489838
28.68,0.00006195970187767276,0.0017770042498516105
28.688,0.00006157602089504655,0.0017664928874369197
28.696,0.00006119464989380892,0.0017560416733525756
28.704,0.000060815575404004005,0.0017456502763964047
28.712,0.000060438784031408996,0.0017353183671098304
28.72,0.00006006426245705128,0.0017250456177666641
28.728,0.00005969199743687067,0.0017148317023664632
28.736,0.00005932197580126504,0.0017046762966252786
28.744,0.0000589541844547257,0.0016945790779667234
28.752,0.0000585886103754165,0.0016845397255139808
28.76,0.0000582252406147773,0.0016745579200810998
28.768,0.0000578640622971738,0.0016646333441651217
28.776,0.0000575050626194185,0.0016547656819363597
28.784,0.00005714822885046435,0.0016449546192317099
28.792,0.00005679354833095551,0.0016351998435449099
28.8,0.00005644100847289857,0.001625501044019548
28.808,0.00005609059675920682,0.001615857911439363
28.816,0.00005574230074339357,0.0016062701382213696
28.824,0.00005539610804909918,0.0015967374184075386
28.832,0.00005505200636984046,0.0015872594476551852
28.84,0.000054709983468491805,0.0015778359232310503
28.848,0.00005437002717699568,0.0015684665440020382
28.856,0.00005403212539600676,0.0015591510104271634
28.864,0.00005369626609443628,0.0015498890245497369
28.872,0.00005336243730915335,0.0015406802899900409
28.88,0.000053030627144615725,0.00153152451193639
28.888,0.00005270082377242972,0.0015224213971378488
28.896,0.000052373015431088,0.0015133706538968989
28.904,0.00005204719042555523,0.001504371992060289
28.912,0.00005172333712689073,0.0014954251230126095
28.92,0.00005140144397193161,0.001486529759668347
28.928,0.000051081499462912775,0.0014776856164630179
28.936,0.00005076349216711402,0.0014688924093474208
28.944,0.00005044741071650968,0.0014601498557785045
28.952,0.000050133243807427605,0.0014514576747127735
28.96,0.00004982098020018994,0.0014428155865976104
28.968,0.0000495106087187675,0.0014342233133651896
28.976,0.00004920211825041757,0.0014256805784241171
28.984,0.0000488954977453849,0.0014171871066521661
28.992,0.00004859073621650983,0.0014087426243890172
29.0,0.00004828782273891399,0.0014003468594284583
29.008,0.00004798674644967826,0.0013919995410122796
29.016000000000002,0.00004768749654745718,0.001383700399820922
29.024,0.00004739006229219302,0.0013754491679684136
29.032,0.000047094433004747685,0.0013672455789939162
29.04,0.000046800598066602406,0.0013590893678541165
29.048000000000002,0.00004650854691949884,0.0013509802709175288
29.056,0.00004621826906513712,0.0013429180259566815
29.064,0.00004592975406481941,0.0013349023721398814
29.072,0.00004564299153916336,0.001326933050026326
29.080000000000002,0.00004535797116772645,0.0013190098015574436
29.088,0.00004507468268875677,0.0013111323700506698
29.096,0.00004479311589879944,0.0013033005001915517
29.104,0.000044513260652443015,0.001295513938028558
29.112000000000002,0.00004423510686192555,0.0012877724309646
29.12,0.0000439586444969248,0.0012800757277504613
29.128,0.000043683863584147025,0.0012724235784789019
29.136,0.00004341075420706151,0.0012648157345770143
29.144000000000002,0.00004313930650560218,0.0012572519487992486
29.152,0.00004286951067583015,0.0012497319752217042
29.16,0.000042601356969629075,0.0012422555692344643
29.168,0.00004233483569443793,0.0012348224875353606
29.176000000000002,0.00004206993721288685,0.001227432488123265
29.184,0.00004180665194256087,0.0012200853302916288
29.192,0.00004154497035563522,0.001212780774621744
29.2,0.0000412848829786411,0.0012055185829761546
29.208000000000002,0.000041026380392110155,0.0011982985184925243
29.216,0.00004076945323030734,0.0011911203455766467
29.224,0.00004051409218095132,0.0011839838298962067
29.232,0.00004026028798489654,0.0011768887383746534
29.240000000000002,0.00004000803143585444,0.0011698348391842763
29.248,0.00003975731338006789,0.0011628219017403448
29.256,0.000039508124716111125,0.0011558496966944346
29.264,0.00003926045639450038,0.0011489179959286167
29.272000000000002,0.00003901429941747955,0.0011420265725484132
29.28,0.00003876964483870509,0.0011351752008773818
29.288,0.00003852648376297629,0.0011283636564501053
29.296,0.000038284807345950166,0.0011215917160068735
29.304000000000002,0.00003804460679385359,0.0011148591574870789
29.312,0.000037805873363230695,0.0011081657600230152
29.32,0.0000375685983606344,0.0011015113039338248
29.328,0.00003733277314237758,0.0010948955707196072
29.336000000000002,0.00003709838911424358,0.0010883183430554935
29.344,0.00003686543773123319,0.0010817794047854438
29.352,0.000036633910497271247,0.0010752785409159364
29.36,0.00003640379896494732,0.0010688155376109097
29.368000000000002,0.00003617509473525952,0.0010623901821850618
29.376,0.000035947789457319985,0.0010560022630981204
29.384,0.00003572187482811761,0.0010496515699494797
29.392,0.00003549734259225826,0.0010433378934716503
29.400000000000002,0.00003527418454166231,0.0010370610255249332
29.408,0.0000350523925153572,0.001030820759091688
29.416,0.00003483195839917204,0.0010246168882700898
29.424,0.00003461287412550346,0.001018449208268853
29.432000000000002,0.00003439513167306991,0.001012317515401748
29.44,0.000034178723066613945,0.0010062216070811862
29.448,0.00003396364037670446,0.0010001612818132275
29.456,0.00003374987571943217,0.0009941363391915983
29.464000000000002,0.00003353742125619936,0.0009881465798927463
29.472,0.0000333262691934429,0.0009821918056691118
29.48,0.00003311641178238859,0.0009762718193447605
29.488,0.000032907841318825325,0.0009703864248094935
29.496000000000002,0.00003270055014282933,0.0009645354270128093
29.504,0.00003249453063854337,0.0009587186319595765
29.512,0.000032289775233920714,0.0009529358467035708
29.52,0.000032086276400488405,0.0009471868793424243
29.528000000000002,0.00003188402665309933,0.0009414715390126755
29.536,0.000031683018549694714,0.0009357896358838466
29.544,0.00003148324469108991,0.0009301409811535899
29.552,0.000031284697720683415,0.0009245253870415762
29.560000000000002,0.00003108737032427057,0.0009189426667855525
29.568,0.00003089125522980021,0.0009133926346345897
29.576,0.00003069634520711409,0.0009078751058454431
29.584,0.00003050263306773943,0.0009023898966760343
29.592000000000002,0.000030310111664667167,0.0008969368243807758
29.6,0.000030118773892088825,0.0008915157072056935
29.608,0.000029928612685188217,0.0008861263643829365
29.616,0.000029739621019919484,0.0008807686161259538
29.624000000000002,0.00002955179191277658,0.0008754422836241792
29.632,0.00002936511842055588,0.0008701471890379897
29.64,0.000029179593640150735,0.0008648831554940383
29.648,0.000028995210708311594,0.0008596500070800639
29.656000000000002,0.00002881196280143658,0.0008544475688394034
29.664,0.00002862984313535841,0.0008492756667672625
29.672,0.00002844884496510885,0.0008441341278046705
29.68,0.00002826896158469187,0.0008390227798336966
29.688000000000002,0.000028090186326915648,0.0008339414516733595
29.696,0.000027912512563111983,0.0008288899730741806
29.704,0.000027735933702969784,0.0008238681747131011
29.712,0.000027560443194311525,0.0008188758881893469
29.72,0.000027386034522855774,0.000813912946019357
29.728,0.000027212701212048373,0.000808979181631784
29.736,0.00002704043682281302,0.0008040744293632084
29.744,0.000026869234953368203,0.0007991985244530351
29.752,0.00002669908923901508,0.0007943513030390766
29.76,0.00002652999335190883,0.0007895326021529409
29.768,0.000026361941000896088,0.0007847422597146476
29.776,0.00002619492593126748,0.0007799801145294164
29.784,0.000026028941924578952,0.0007752460062816351
29.792,0.00002586398279844448,0.0007705397755313156
29.8,0.00002570004240632947,0.0007658612637087419
29.808,0.00002553711463736606,0.0007612103131105716
29.816,0.000025375193416128,0.0007565867668953177
29.824,0.000025214272702457193,0.0007519904690781499
29.832,0.000025054346491257535,0.0007474212645272475
29.84,0.00002489540881229865,0.000742878998958966
29.848,0.00002473745373001577,0.0007383635189334177
29.856,0.00002458047534333045,0.0007338746718503905
29.864,0.000024424467785444056,0.000729412305944423
29.872,0.00002426942522365106,0.0007249762702810522
29.88,0.00002411534185916164,0.0007205664147517203
29.888,0.00002396221192687545,0.0007161825900704361
29.896,0.000023810029695232903,0.0007118246477687228
29.904,0.000023658789466012917,0.0007074924401917009
29.912,0.000023508485574136217,0.0007031858204935606
29.92,0.00002335911238749446,0.0006989046426338605
29.928,0.000023210664306753866,0.0006946487613726208
29.936,0.000023063135765184318,0.0006904180322665966
29.944,0.000022916521228464336,0.0006862123116650291
29.952,0.000022770815194507428,0.0006820314567058496
29.96,0.000022626012193275215,0.0006778753253105207
29.968,0.000022482106786607944,0.0006737437761810815
29.976,0.00002233909356803528,0.0006696366687953881
29.984,0.000022196967162598797,0.0006655538634032718
29.992,0.000022055722226681175,0.0006614952210226406
30.0,0.000021915353447828628,0.0006574606034349625
30.008,0.000021775855544581114,0.0006534498731817301
30.016000000000002,0.000021637223266277522,0.0006494628935605893
30.024,0.000021499451392911458,0.0006454995286208397
30.032,0.00002136253473493702,0.000641559643159706
30.04,0.000021226468133107186,0.000637643102718574
30.048000000000002,0.000021091246458305992,0.0006337497735791684
30.056,0.000020956864611369212,0.0006298795227592471
30.064,0.000020823317522922486,0.0006260322180090288
30.072,0.00002069060015321328,0.0006222077278075105
30.080000000000002,0.000020558707491953886,0.0006184059213579957
30.088,0.000020427634558129535,0.0006146266685850251
30.096,0.00002029737639985735,0.0006108698401301198
30.104,0.00002016792809421832,0.0006071353073482945
30.112000000000002,0.000020039284747082076,0.0006034229423041197
30.12,0.00001991144149295673,0.0005997326177678381
30.128,0.000019784393494827548,0.0005960642072122039
30.136,0.000019658135943990857,0.0005924175848081147
30.144000000000002,0.00001953266405989117,0.0005887926254213819
30.152,0.000019407973089972887,0.0005851892046089651
30.16,0.000019284058309520065,0.0005816071986151166
30.168,0.0000191609150214867,0.0005780464843681997
30.176000000000002,0.000019038538556360626,0.0005745069394767035
30.184,0.000018916924271984547,0.0005709884422255897
30.192,0.000018796067553429723,0.0005674908715731761
30.2,0.000018675963812819607,0.000564014107147161
30.208000000000002,0.000018556608489183814,0.0005605580292412345
30.216,0.000018437997048306113,0.0005571225188116183
30.224,0.00001832012498258152,0.0005537074574735479
30.232,0.000018202987810849485,0.0005503127274975719
30.240000000000002,0.000018086581078257535,0.0005469382118064044
30.248,0.000017970900356105056,0.0005435837939714456
30.256,0.000017855941241703875,0.0005402493582089587
30.264,0.000017741699358221137,0.0005369347893771928
30.272000000000002,0.000017628170354538335,0.00053363997297262
30.28,0.00001751534990510677,0.0005303647951266196
30.288,0.000017403233709798214,0.0005271091426024012
30.296,0.000017291817493762325,0.0005238729027910687
30.304000000000002,0.00001718109700729186,0.0005206559637089337
30.312,0.000017071068025662156,0.0005174582139938298
30.32,0.000016961726349010194,0.000514279542901953
30.328,0.00001685306780217347,0.0005111198403043251
30.336000000000002,0.000016745088234575333,0.0005079789966840274
30.344,0.000016637783520054355,0.0005048569031324851
30.352,0.00001653114955675004,0.0005017534513465137
30.36,0.00001642518226695708,0.0004986685336248636
30.368000000000002,0.000016319877596986907,0.0004956020428652124
30.376,0.00001621523151702513,0.0004925538725611693
30.384,0.00001611124002101782,0.00048952391679857
30.392,0.000016007899126506777,0.00048651207025278675
30.400000000000002,0.000015905204874517966,0.00048351822818532963
30.408,0.000015803153329423225,0.0004805422864411252
30.416,0.000015701740578796602,0.00047758414144475036
30.424,0.000015600962733297894,0.00047464369019786074
30.432000000000002,0.000015500815926531807,0.0004717208302761305
30.44,0.00001540129631491649,0.0004688154598260037
30.448,0.000015302400077560274,0.0004659274775615229
30.456,0.000015204123416127919,0.0004630567827616045
30.464000000000002,0.00001510646255471599,0.0004602032752668979
30.472,0.00001500941373971885,0.0004573668554767036
30.48,0.00001491297323970974,0.00045454742434636054
30.488,0.000014817137345305297,0.0004517448833836484
30.496000000000002,0.000014721902369045592,0.00044895913464643806
30.504,0.000014627264645272921,0.0004461900807393909
30.512,0.000014533220529994407,0.00044343762481123056
30.52,0.000014439766400779835,0.00044070167055181047
30.528000000000002,0.000014346898656609225,0.00043798212218897303
30.536,0.00001425461371778033,0.0004352788844860834
30.544,0.00001416290802576616,0.0004325918627389523
30.552,0.000014071778043104654,0.0004299209627729703
30.560000000000002,0.000013981220253281885,0.00042726609094026615
30.568,0.000013891231160592544,0.00042462715411696237
30.576,0.000013801807290042817,0.000422004059700343
30.584,0.000013712945187224619,0.00041939671560608393
30.592000000000002,0.000013624641418194605,0.00041680503026536727
30.6,0.000013536892569357718,0.0004142289126223416
30.608,0.0000134496952473568,0.00041166827213108824
30.616,0.000013363046078952825,0.00040912301875320516
30.624000000000002,0.00001327694171090626,0.00040659306295480127
30.632,0.00001319137880986791,0.0004040783157039063
30.64,0.000013106354062264944,0.00040157868846784126
30.648,0.000013021864174183674,0.0003990940932103461
30.656000000000002,0.000012937905871261402,0.0003966244423893846
30.664,0.000012854475898570652,0.0003941696489537776
30.672,0.000012771571020512331,0.0003917296263411478
30.68,0.000012689188020696428,0.00038930428847502093
30.688000000000002,0.000012607323701847627,0.0003868935497623379
30.696,0.000012525974885676622,0.000384497325090779
30.704,0.000012445138412783673,0.00038211552982611016
30.712,0.000012364811142548295,0.00037974807980994924
30.72,0.000012284989953019534,0.000377394891356723
30.728,0.000012205671740807863,0.00037505588125154733
30.736,0.000012126853420984439,0.0003727309667473714
30.744,0.000012048531926966487,0.0003704200655626877
30.752,0.000011970704210420929,0.0003681230958788864
30.76,0.000011893367241150932,0.00036583997633776483
30.768,0.000011816518006997475,0.0003635706260393267
30.776,0.000011740153513737261,0.00036131496453877237
30.784,0.000011664270784971537,0.0003590729118445741
30.792,0.000011588866862032592,0.00035684438841565336
30.8,0.000011513938803873187,0.00035462931515931485
30.808,0.000011439483686976636,0.0003524276134283832
30.816,0.000011365498605244437,0.00035023920501927615
30.824,0.00001129198066990187,0.0003480640121690328
30.832,0.00001121892700939704,0.0003459019575537385
30.84,0.00001114633476930147,0.00034375296428526574
30.848,0.00001107420111221114,0.0003416169559094541
30.856,0.000011002523217651714,0.00033949385640387464
30.864,0.000010931298281978558,0.0003373835901749674
30.872,0.000010860523518274878,0.0003352860820561641
30.88,0.000010790196156268205,0.0003332012573055685
30.888,0.000010720313442217357,0.00033112904160319105
30.896,0.000010650872638831185,0.00032906936104930187
30.904,0.000010581871025170506,0.00032702214216182664
30.912,0.00001051330589654528,0.0003249873118739762
30.92,0.000010445174564432177,0.0003229647975322554
30.928,0.000010377474356377763,0.0003209545268940755
30.936,0.000010310202615901367,0.00031895642812553677
30.944,0.000010243356702404495,0.0003169704297992276
30.952,0.000010176933991087767,0.0003149964608920811
30.96,0.000010110931872839371,0.00031303445078311853
30.968,0.00001004534775417385,0.00031108432925127744
30.976,9.980179057114274e-6,0.0003091460264731362
30.984,9.91542321911334e-6,0.000307219473021035
30.992,9.851077692971545e-6,0.00030530459986061355
31.0,9.787139946736613e-6,0.0003034013383488367
31.008,9.723607463621102e-6,0.0003015096202319706
31.016000000000002,9.6604777419124e-6,0.0002996293776431602
31.024,9.597748294887969e-6,0.0002977605431006326
31.032,9.535416650728222e-6,0.00029590304950538403
31.04,9.473480352425651e-6,0.0002940568301392936
31.048000000000002,9.411936957706608e-6,0.00029222181866286754
31.056,9.35078403894108e-6,0.00029039794911334235
31.064,9.290019183056701e-6,0.0002885851559024452
31.072,9.229639991457542e-6,0.00028678337381459336
31.080000000000002,9.169644079940664e-6,0.0002849925380045342
31.088,9.110029078608385e-6,0.00028321258399577863
31.096,9.050792631790787e-6,0.0002814434476781289
31.104,8.991932397956531e-6,0.0002796850653060852
31.112000000000002,8.933446049640148e-6,0.0002779373734963695
31.12,8.875331273348675e-6,0.00027620030922660867
31.128,8.817585769492298e-6,0.00027447380983274997
31.136,8.760207252293771e-6,0.0002727578130073933
31.144000000000002,8.703193449715749e-6,0.00027105225679791635
31.152,8.646542103375854e-6,0.00026935707960435443
31.16,8.590250968469441e-6,0.00026767222017748605
31.168,8.534317813692022e-6,0.0002659976176171543
31.176000000000002,8.478740421156958e-6,0.00026433321136997833
31.184,8.423516586321699e-6,0.0002626789412278694
31.192,8.368644117906373e-6,0.00026103474732573867
31.2,8.314120837821e-6,0.00025940057014002635
31.208000000000002,8.259944581083085e-6,0.00025777635048646725
31.216,8.206113195745988e-6,0.0002561620295184124
31.224,8.152624542822495e-6,0.0002545575487250727
31.232,8.09947649620755e-6,0.0002529628499295208
31.240000000000002,8.04666694260303e-6,0.00025137787528693966
31.248,7.99419378144444e-6,0.0002498025672825769
31.256,7.942054924830071e-6,0.0002482368687304881
31.264,7.890248297437363e-6,0.00024668072277108955
31.272000000000002,7.83877183646113e-6,0.0002451340728698126
31.28,7.787623491532168e-6,0.00024359686281512268
31.288,7.736801224649095e-6,0.00024206903671682557
31.296,7.686303010105836e-6,0.00024055053900427515
31.304000000000002,7.636126834416199e-6,0.00023904131442456557
31.312,7.586270696249128e-6,0.0002375413080409432
31.32,7.536732606349726e-6,0.00023605046523086917
31.328,7.487510587476759e-6,0.00023456873168445545
31.336000000000002,7.438602674325575e-6,0.00023309605340264637
31.344,7.390006913465666e-6,0.00023163237669562834
31.352,7.341721363261317e-6,0.0002301776481809867
31.36,7.293744093817e-6,0.00022873181478207642
31.368000000000002,7.246073186890601e-6,0.0002272948237264122
31.376,7.198706735842874e-6,0.00022586662254381814
31.384,7.151642845556499e-6,0.00022444715906493683
31.392,7.104879632377769e-6,0.00022303638141959724
31.400000000000002,7.05841522404219e-6,0.0002216342380349139
31.408,7.01224775961501e-6,0.00022024067763398407
31.416,6.966375389418149e-6,0.00021885564923396838
31.424,6.920796274969716e-6,0.00021747910214461977
31.432000000000002,6.87550858891306e-6,0.00021611098596674007
31.44,6.83051051495924e-6,0.00021475125059030873
31.448,6.7858002478139276e-6,0.00021339984619324082
31.456,6.741375993117355e-6,0.00021205672323947326
31.464000000000002,6.697235967380161e-6,0.00021072183247764414
31.472,6.653378397920884e-6,0.00020939512493935213
31.48,6.609801522795377e-6,0.0002080765519376129
31.488,6.566503590746914e-6,0.00020676606506544058
31.496000000000002,6.523482861128375e-6,0.00020546361619411455
31.504,6.480737603852785e-6,0.0002041691574717926
31.512,6.438266099324093e-6,0.00020288264132190193
31.52,6.396066638376672e-6,0.00020160402044165187
31.528000000000002,6.354137522217029e-6,0.00020033324780047607
31.536,6.312477062359526e-6,0.00019907027663854012
31.544,6.271083580565966e-6,0.00019781506046539585
31.552,6.2299554087896885e-6,0.00019656755305815272
31.560000000000002,6.189090889110138e-6,0.00019532770846030753
31.568,6.148488373675735e-6,0.00019409548098021527
31.576,6.108146224645635e-6,0.00019287082518945178
31.584,6.068062814131092e-6,0.0001916536959215106
31.592000000000002,6.02823652413288e-6,0.00019044404827040933
31.6,5.988665746487645e-6,0.00018924183758903663
31.608,5.9493488828094645e-6,0.00018804701948784322
31.616,5.91028434442865e-6,0.0001868595498334473
31.624000000000002,5.871470552339895e-6,0.00018567938474718635
31.632,5.832905937140861e-6,0.0001845064806036253
31.64,5.794588938978244e-6,0.000183340794029266
31.648,5.756518007490221e-6,0.00018218228190103962
31.656000000000002,5.718691601749835e-6,0.00018103090134499112
31.664,5.681108190214962e-6,0.00017988660973494028
31.672,5.643766250662585e-6,0.00017874936469100186
31.68,5.606664270144575e-6,0.0001776191240781601
31.688000000000002,5.569800744925722e-6,0.0001764958460052133
31.696,5.533174180432773e-6,0.00017537948882301083
31.704,5.4967830912004e-6,0.00017427001112340685
31.712,5.460626000814466e-6,0.0001731673717378558
31.720000000000002,5.424701441864015e-6,0.00017207152973591996
31.728,5.389007955882061e-6,0.00017098244442421048
31.736,5.353544093295553e-6,0.00016990007534481663
31.744,5.3183084133751995e-6,0.00016882438227415928
31.752,5.283299484179152e-6,0.00016775532522165612
31.76,5.248515882502801e-6,0.00016669286442828562
31.768,5.213956193829601e-6,0.0001656369603655654
31.776,5.179619012273529e-6,0.00016458757373399735
31.784,5.14550294053456e-6,0.0001635446654619452
31.792,5.111606589844772e-6,0.00016250819670433192
31.8,5.077928579917255e-6,0.00016147812884134162
31.808,5.04446753889732e-6,0.00016045442347725918
31.816,5.011222103314488e-6,0.00015943704243905562
31.824,4.978190918027424e-6,0.0001584259477752984
31.832,4.9453726361792664e-6,0.00015742110175485574
31.84,4.912765919147028e-6,0.00015642246686566408
31.848,4.880369436494223e-6,0.00015543000581346995
31.856,4.84818186591799e-6,0.000154443681520704
31.864,4.816201893207897e-6,0.0001534634571251832
31.872,4.784428212191206e-6,0.000152489295978938
31.88,4.7528595246891434e-6,0.00015152116164709724
31.888,4.721494540468134e-6,0.00015055901790646728
31.896,4.690331977194696e-6,0.00014960282874459702
31.904,4.659370560384449e-6,0.00014865255835850755
31.912,4.628609023360188e-6,0.00014770817115345594
31.92,4.598046107200933e-6,0.00014676963174186188
31.928,4.567680560701395e-6,0.00014583690494207352
31.936,4.5375111403211554e-6,0.00014490995577729415
31.944,4.507536610140997e-6,0.00014398874947435617
31.952,4.47775574181996e-6,0.00014307325146263076
31.96,4.448167314544866e-6,0.000142163427372853
31.968,4.418770114992047e-6,0.00014125924303605748
31.976,4.389562937277563e-6,0.00014036066448238924
31.984,4.360544582915474e-6,0.0001394676579399885
31.992,4.331713860775144e-6,0.0001385801898339174
32.0,4.303069587032999e-6,0.0001376982267850443
