n,band_index,behavior,s_lo,s_hi,mean_entropy_rate,std_entropy_rate,mean_free_path,mean_dmz_transition_rate,mean_coverage,mean_fill_ratio,fill_entropy_correlation,fill_mfp_correlation,n_steps,seed
4,0,FullFill,1,7,0.0000000000,0.0000000000,2.9995289870,0.0000000000,0.2142857143,1.0000000000,0.0000000000,0.0000000000,10000,42
5,0,FullFill,1,8,0.0000000000,0.0000000000,10.9844908388,0.0000000000,0.1093750000,1.0000000000,-0.8544424323,-0.2499999384,10000,42
5,1,UniformSky,9,15,0.4417454084,0.2118780992,10.9890185720,0.2078922178,0.0952380952,0.4285714286,-0.8544424323,-0.2499999384,10000,42
6,0,FullFill,1,8,0.0000000000,0.0000000000,26.9451696719,0.0000000000,0.0461309524,1.0000000000,-0.4630552913,0.2941798338,10000,42
6,1,MixedRegime,9,16,0.4344530407,0.2752217324,26.9361614462,0.2224847485,0.0480654762,0.6000000000,-0.4630552913,0.2941798338,10000,42
6,2,UniformSky,17,24,0.2780644665,0.1256013051,26.8999323187,0.1111986199,0.0522321429,0.2000000000,-0.4630552913,0.2941798338,10000,42
6,3,UniformSky,25,31,0.4686911029,0.0833580096,26.9335317157,0.2120354893,0.0503401361,0.6571428571,-0.4630552913,0.2941798338,10000,42
