dt,position_error,convergence_rate
2.0,2.9634767399200346e-06,3.9743876518492933
1.0,1.9861558561706794e-07,3.9743876518492933
0.5,1.275300529068879e-08,3.9743876518492933
0.25,7.607386109942382e-10,3.9743876518492933
