k,spearman_distance_preservation,explained_variance_ratio_sum
4,0.23564820502971764,0.30973727063262696
8,0.3921771952844037,0.42867038301412375
16,0.6149785555742373,0.6040572956426018
32,0.8435078516467539,0.8219144993367273
