L,log2_L,S_entropy
2,1.0,2.0
4,2.0,3.999999999999999
8,3.0,3.9999999999999987
16,4.0,3.9999999999999982
32,5.0,3.999999999999998
