Geometry,Alpha,Slope
1D_8,0.5,4.159740113124566
1D_8,1.0,2.938355401872839
1D_8,2.0,1.8951312209929896
1D_8,3.0,1.6783463038468445
2D_4x2,0.5,4.910345508900786
2D_4x2,1.0,4.362615010981865
2D_4x2,2.0,3.634651137572859
2D_4x2,3.0,3.361490882472796
3D_2x2x2,0.5,5.392690372262687
3D_2x2x2,1.0,5.765380592168261
3D_2x2x2,2.0,6.132479835806574
3D_2x2x2,3.0,6.313808100651193
