n,box_kite_count,mean_dmz_density,mean_n_empty_components,mean_interior_dmz_density,coxeter_type,coxeter_rank,coxeter_number,n_positive_roots,spectral_radius,cartan_determinant,rank_ratio,density_root_ratio,match_score
4,3,0.3750000000,4.0000000000,1.0000000000,A,3,4,6,1.4142135624,4.0000000000,1.0000000000,0.5625000000,0.4375000000
4,3,0.3750000000,4.0000000000,1.0000000000,D,3,4,6,1.4142135624,4.0000000000,1.0000000000,0.5625000000,0.4375000000
4,3,0.3750000000,4.0000000000,1.0000000000,B,3,6,9,1.7320508076,2.0000000000,1.0000000000,0.3750000000,0.6250000000
5,4,0.4812500000,9.3333333333,0.7333333333,A,4,5,10,1.6180339887,5.0000000000,1.0000000000,0.7700000000,0.2300000000
5,4,0.4812500000,9.3333333333,0.7333333333,D,4,6,12,1.7320508076,4.0000000000,1.0000000000,0.6416666667,0.3583333333
5,4,0.4812500000,9.3333333333,0.7333333333,B,4,8,16,1.8477590650,2.0000000000,1.0000000000,0.4812500000,0.5187500000
6,5,0.5027721774,40.2580645161,0.6129032258,A,5,6,15,1.7320508076,6.0000000000,1.0000000000,0.8379536290,0.1620463710
6,5,0.5027721774,40.2580645161,0.6129032258,D,5,8,20,1.8477590650,4.0000000000,1.0000000000,0.6284652218,0.3715347782
6,5,0.5027721774,40.2580645161,0.6129032258,B,5,10,25,1.9021130326,2.0000000000,1.0000000000,0.5027721774,0.4972278226
