step,loss
0,0.004869888444
1,0.030000000000
2,0.037900000000
3,0.000000000000
4,0.000000000000
5,0.000000000000
6,0.029458463318
7,0.030000000000
