step,value
0,0.332992102728
1,0.329200000000
2,0.329000000000
3,0.333000000000
4,0.333000000000
5,0.333000000000
6,0.279941954904
7,0.092000000000
