,Entropy Variance,Information Retention Ratio
128D,0.03302580315665979,
256D,0.03562008199356698,
512D,0.06404158270129331,2.2935673616469208
1024D,0.13364963757497456,4.649824743487709
