Fullerene,Min Eigenvalue,Max Eigenvalue,Mean Eigenvalue,Median Eigenvalue,Std Dev Eigenvalue
C60,-2.73408331821612,2.9999999999999987,-0.0008525865410029455,0.28476358866447754,1.7768862200835742
C72,-2.8970440914786733,3.016344884543981,-0.005374722531559906,0.37432078734004837,1.7689886252415548
C126,-2.2482626995503203,4.000000000000002,0.7942720586130848,2.2595527740483194,2.780894935698427
C240,-2.249688897773928,4.000000000000001,3.0691251673084308,3.479860963219248,1.4477356984095602
