Parameter,Correlation Coefficient,P-value
Mean Strain,-0.029768479950599915,0.5242116143795756
Std Dev Strain,0.08825438294794519,0.058572623567077556
BNS,0.004413066480475036,0.9247972395226421
