Microstate Count (n),Black Hole Entropy
1,2.718281828459045
2,4.1132503787829275
3,5.652233674034092
4,7.389056098930651
5,9.35646901660115
6,11.582435190007356
7,14.094030107067818
8,16.9188286785579
9,20.08553692318767
10,23.62434292201781
11,27.567148453340955
12,31.94774550588494
13,36.801966287168185
14,42.16782066919797
15,48.08562838095221
16,54.59815003314426
17,61.75071939845671
18,69.59137847064173
19,78.17101631888718
