Data Type,Time (ms)
float32,78.489205999972
float64,99.6590180000112
int8,3.8483170000063183
uint8,61.725260999992315
int16,3.655534000017724
uint16,35.74256100000639
int32,103.54497900004844
uint32,103.87143000002652
int64,17.74789299997792
uint64,105.23782600000686
complex64,100.6806050000364
complex128,114.06447300004174
