Threads,BLAS ddot() Time (s)
1,0.004791110000041954
2,0.0027496729999256786
4,0.002441568999984156
8,0.0021287179997671046
