Threads,BLAS ddot() Time (s)
1,0.004789293000158068
2,0.002183418000186066
4,0.02182356899993465
8,0.004034936000152811
16,0.19830405800030348
