Type,Benchmark (ms),Test Status
uint8,1.8534200001643815,PASS
uint16,0.4876056665731691,PASS
uint32,0.5168966667952191,PASS
uint64,0.5436989999907382,PASS
complex64,0.45169233317210455,PASS
complex128,0.46817033338205266,PASS
float128,0.3869376667656373,PASS
longdouble,0.4140866667512455,PASS
mpmath_high_precision,0.6358030000228609,PASS
