DataType,Benchmark(ms),CPU_Load(%),Status
float16,9.142160415649414,0.0,PASS
float32,0.8616447448730469,0.0,PASS
float64,0.25963783264160156,0.0,PASS
float128,1.7745494842529297,0.0,PASS
complex64,5.682706832885742,0.0,PASS
complex128,4.199028015136719,0.0,PASS
uint8,1.1682510375976562,0.0,PASS
uint16,0.9086132049560547,0.0,PASS
int16,0.9951591491699219,0.0,PASS
