DataType,Babylonian Square (sqrt),Taylor Polynomial (exp),Optimization,Status
float32,0.10991096496582031,0.016450881958007812,SIMD-Vectorized (NumPy),PASS SIMD
float64,0.0286102294921875,0.026226043701171875,SIMD-Vectorized (NumPy),PASS SIMD
float16,8.973836898803711,31.737089157104492,,FALLBACK-PASS
float128,4.841089248657227,4.776239395141602,,FALLBACK-PASS
complex64,7.311820983886719,28.028011322021484,,FALLBACK-PASS
complex128,3.676176071166992,3.477811813354492,,FALLBACK-PASS
uint8,3.8785934448242188,3.9582252502441406,,FALLBACK-PASS
uint16,4.506826400756836,3.594636917114258,,FALLBACK-PASS
int16,4.651308059692383,3.5164356231689453,,FALLBACK-PASS
