Data Type,Avg Time (s),Std Dev (s),CPU Usage (%)
float16,0.0013435840606689452,0.0010498441899950204,0.0
float32,0.0025259017944335937,0.0010498441899950204,0.0
float64,0.011663532257080078,0.0010498441899950204,0.0
int16,0.005261754989624024,0.0010498441899950204,0.0
int32,0.010700559616088868,0.0010498441899950204,0.0
int64,0.012367439270019532,0.0010498441899950204,0.0
complex64,0.044827938079833984,0.0010498441899950204,0.0
complex128,0.056922292709350585,0.0010498441899950204,0.0
