dtype,add (s),multiply (s),divide (s),sqrt (numpy) (s),sqrt (babylonian) (s),sin (s),exp (numpy) (s),exp (taylor) (s)
uint8,0.0012726783752441406,0.00017333030700683594,N/A,N/A,N/A,N/A,N/A,N/A
uint16,0.0005948543548583984,0.0003705024719238281,N/A,N/A,N/A,N/A,N/A,N/A
uint32,0.0053768157958984375,0.0009958744049072266,N/A,N/A,N/A,N/A,N/A,N/A
uint64,0.011478185653686523,0.011475086212158203,N/A,N/A,N/A,N/A,N/A,N/A
float32,0.0010373592376708984,0.0013074874877929688,0.006631135940551758,0.0050275325775146484,0.013796329498291016,0.00686335563659668,0.0013155937194824219,0.018196582794189453
float64,0.013421297073364258,0.016584157943725586,0.022415876388549805,0.011063814163208008,0.08611345291137695,0.01361393928527832,0.013358354568481445,0.08885455131530762
complex64,0.0111083984375,0.011365413665771484,0.027198076248168945,N/A,N/A,0.05487322807312012,0.03983569145202637,0.16081786155700684
complex128,0.023763656616210938,0.022873640060424805,0.05116748809814453,N/A,N/A,0.09623956680297852,0.04355001449584961,0.2358696460723877
