Data Type,Elapsed Time (s),Stability,CPU Usage (%)
int8,0.2994513511657715,True,0.0
int16,0.08690857887268066,True,0.0
int32,0.42529797554016113,True,0.0
int64,0.43669557571411133,True,0.0
float16,0.2718923091888428,True,0.0
float32,0.07432794570922852,True,0.0
float64,0.4124276638031006,True,0.0
complex64,0.041913747787475586,True,0.0
complex128,0.4643080234527588,True,0.0
