Library,Function,Sample Size,Result,Mean Time (ms),Status
statistics,mean,1000000,0.4998224928026363,640.7763156668503,PASS
statistics,median,1000000,0.4996916308791515,385.78587999988184,PASS
statistics,variance,1000000,0.08323202946420814,920.5063153334171,PASS
statistics,stdev,1000000,0.28849961778866906,972.3002499998378,PASS
