Precision Type,FFT Size,FFT Execution Time (seconds),Inverse FFT Execution Time (seconds)
float16,16384,0.0004926332003378775,0.00024491000003763476
float32,16384,0.00017816340041463264,0.00021885960013605653
float64,16384,0.00038905140027054583,0.0002475992005201988
float128,16384,0.0009157762004178948,0.0005529834001208655
complex64,16384,0.00024346939972019754,0.00024318959985976109
complex128,16384,0.00034278880048077554,0.000288956800068263
