Matrix Size,Standard Execution (s),Prefetch-Aware Execution (s)
128,0.0029987549996803864,0.0018434749999869382
256,0.0029956239995954093,0.024774299999990035
512,0.09297101700030908,0.09714976600025693
