Module,Function,Precision,Input,Mean Result,Mean Time (ms),Status
decimal,sqrt,50,12345.6789,111.11111060555555440541666143353469245878409860134,0.008873999831848778,PASS
decimal,exp,50,10,22026.465794806716516957900645284244366353512618557,0.03741166665349738,PASS
decimal,log,50,12345.6789,9.4210613941918352971219675292257473793092758865053,0.11535000006309322,PASS
