Type,Babylonian sqrt (ms),Taylor exp (ms),CPU (%),Status
float16,0.007938323999951535,0.0071716490001563216,0.0,PASS
float32,0.007054992000121274,0.005304026999965572,0.0,PASS
int16,0.006185993000144663,0.0060532590000548225,0.0,PASS
uint8,0.009953772999779176,0.009775323000212666,0.0,PASS
longdouble,0.008548823000182892,0.00765440800023498,0.0,PASS
complex128,0.0056839639996724145,0.005922712000028696,0.0,PASS
