DataType,Babylonian Benchmark (ms),Babylonian Status,Taylor Benchmark (ms),Taylor Status
float16,0.03395099975023186,PASS,0.022653000087302644,PASS
float32,0.010240999927191297,PASS,0.009774000318429898,PASS
float64,0.0056829999266483355,PASS,0.00438899996879627,PASS
float128,0.019714999780262588,PASS,0.011937999715883052,PASS
uint8,0.7331500000873348,PASS,0.017243000002054032,PASS
uint16,0.02267299987579463,PASS,0.01414500002283603,PASS
complex64,0.015230999906634679,PASS,0.008628999694337836,PASS
complex128,0.009362000128021464,PASS,0.013221000244811876,PASS
