,Tensor Rank,Mean_Time_s,Median_Time_s,StdDev_Time_s,Min_Time_s,Max_Time_s,Mean_Frobenius_Error,Median_Frobenius_Error,Std_Frobenius_Error,Min_Frobenius_Error,Max_Frobenius_Error
2,16,0.19578925768534336,0.0970411300659179,0.17439176404555762,0.0931794643402099,0.3971471786499023,35.63192433333333,29.53448,27.545851097656726,11.645673,65.71562
0,4,0.2975611686706543,0.3863711357116699,0.25235074417469455,0.0128116607666015,0.4935007095336914,41.06989033333333,34.857887,28.226925948967455,16.46637,71.885414
1,8,0.4708874225616455,0.4973471164703369,0.14347757051236879,0.3160216808319092,0.5992934703826904,39.165072,32.71263,28.2405556412315,14.709106,70.07348
