,Benchmark (ms),CPU Load (%),CPU Frequency (MHz)
float16,10664.75476800042,0.0,2593.9060000000013
float32,11.519736000082048,0.0,2593.9060000000013
float64,71.32005799940089,0.0,2593.9060000000013
int8,1218.3657830000811,0.0,2593.9060000000013
int16,1324.5039610001186,0.0,2593.9060000000013
int32,1451.5142969994486,0.0,2593.9060000000013
int64,5605.318515000363,0.0,2593.9060000000013
