Type,Time (s),Mean,Standard Deviation,First Result
<class 'numpy.float16'>,0.05060148239135742,190.93623,0.002937542828472275,(0.75146484375+0j)
<class 'numpy.float32'>,0.010578632354736328,190.93623,0.002937542828472275,(0.9582058787345886+0j)
<class 'numpy.float64'>,0.032065629959106445,190.93623,0.002937542828472275,(0.605272332743108+0j)
<class 'numpy.complex64'>,0.05230522155761719,190.93623,0.002937542828472275,(0.8476395010948181+0j)
<class 'numpy.complex128'>,0.0811469554901123,190.93623,0.002937542828472275,(1.1256969674348738+0j)
<class 'numpy.int16'>,0.006726503372192383,190.93623,0.002937542828472275,0j
<class 'numpy.int32'>,0.019596338272094727,190.93623,0.002937542828472275,0j
<class 'numpy.int64'>,0.03580617904663086,190.93623,0.002937542828472275,0j
