DataType,TensorSize,MeanResultMagnitude,ExecutionTime_s
float128,1024,0.66682213406415269397,0.0003116130828857422
float128,2048,0.66608924294379479036,0.0001647472381591797
float128,4096,0.66263738059418486603,2.956390380859375e-05
complex64,1024,0.67180335521697998047,3.528594970703125e-05
complex64,2048,0.6652718186378479004,5.435943603515625e-05
complex64,4096,0.6664353609085083008,9.1552734375e-05
complex128,1024,0.6757827419166756444,2.09808349609375e-05
complex128,2048,0.67017313507583453625,2.4557113647460938e-05
complex128,4096,0.66375412101957875777,4.6253204345703125e-05
