Numeric_Type,Elapsed_Time_ms
uint8,1.2509822845458984
uint16,2.744436264038086
uint32,4.627466201782227
int32,4.993200302124023
uint64,10.250091552734375
complex64,10.372161865234375
int64,10.48731803894043
int64,11.747360229492188
complex64,12.563705444335938
float16,13.528823852539062
float16,19.37079429626465
complex128,20.314455032348633
complex128,22.363662719726562
float128,22.412776947021484
float128,24.38211441040039
complex256,44.07691955566406
complex256,52.65474319458008
