DataType,BenchmarkTime (ms)
np.uint8,0.6887912750244141
np.uint16,0.8840560913085938
np.complex64,2.1724700927734375
np.complex128,2.3736953735351562
np.float32,0.14209747314453125
np.float64,0.19621849060058594
np.float128,0.6093978881835938
np.longdouble,0.44989585876464844
