Data_Type,Execution_Time_s,Mean_Result_or_Error
int16,0.004181709000022238,16393.168632000000798
uint8,0.001534689999971306,127.996160000000003265
uint16,0.0013501670000550803,32499.964159999999538
complex128,0.034720207999953345,1000004.0
longdouble,0.03341357099998277,1000004.0
