,Numeric_Type,Elapsed_Time_ms
0,int64,11.747360229492188
3,complex64,12.563705444335938
1,float16,19.37079429626465
4,complex128,22.363662719726562
2,float128,24.38211441040039
5,complex256,52.65474319458008
