,DataType,Mode,Mean_Time_ms,Median_Time_ms,StdDev_Time_ms,Min_Time_ms,Max_Time_ms
2,int8,SIMD_Time_ms,0.3846096996241773,0.3846096996241773,,0.3846096996241773,0.3846096996241773
0,int16,SIMD_Time_ms,0.864373149647393,0.864373149647393,,0.864373149647393,0.864373149647393
3,int8,Scalar_Time_ms,1.3878581342278395,1.3878581342278395,,1.3878581342278395,1.3878581342278395
1,int16,Scalar_Time_ms,2.910179316625277,2.910179316625277,,2.910179316625277,2.910179316625277
4,uint16,SIMD_Time_ms,3.0454635575417237,3.0454635575417237,,3.0454635575417237,3.0454635575417237
6,uint8,SIMD_Time_ms,3.569555631200623,3.569555631200623,,3.569555631200623,3.569555631200623
5,uint16,Scalar_Time_ms,11.767336298897655,11.767336298897655,,11.767336298897655,11.767336298897655
7,uint8,Scalar_Time_ms,12.787784128329143,12.787784128329143,,12.787784128329143,12.787784128329143
