Data Type,Duration (s),CPU (%),Memory (%)
float32,1.381718397140503,0.0,75.5
float64,1.2907228469848633,0.0,76.4
int16,1.5880327224731445,0.0,76.1
int32,0.3503098487854004,0.0,76.3
