Operation,float32 (s),float64 (s),Speedup (float32 vs float64)
Exponential,0.06586456298828125,0.12511706352233887,1.8996112301633268
Power (square),0.07622385025024414,0.14818286895751953,1.9440485946463313
Tangent,0.0590975284576416,0.12079334259033203,2.0439660632662693
Arc Tangent,0.061867713928222656,0.12426090240478516,2.008493518104604
Cosine,0.06268787384033203,0.11602663993835449,1.8508625804390488
Arc Cosine,0.06192207336425781,0.11700272560119629,1.8895156322193132
Hypotenuse,0.12406396865844727,0.22614169120788574,1.8227829856907307
