Data Type,Operation,Mean Time (ms),Mean Abs Error,Mean Rel Error
float32,add,2.8499806666862546,2.6995929334587387e-08,2.7288628713794285e-08
float32,multiply,1.0057639999937844,8.37000928651459e-09,3.447671658014154e-08
float64,add,8.637130666708495,0.0,0.0
float64,multiply,8.076168000040221,0.0,0.0
complex64,add,8.255630333337649,2.6995929334587387e-08,2.7288628713794285e-08
complex64,multiply,7.899509000026228,8.37000928651459e-09,3.447671658014154e-08
complex128,add,16.937014999939493,0.0,0.0
complex128,multiply,16.793153666678034,0.0,0.0
