,execution_time_ms,cpu_usage_percent,status
int16,4.677397999330424,0.0,PASS
int32,6.758051000360865,0.0,PASS
uint16,1.8012979999184608,0.0,PASS
uint32,7.436312000209,0.0,PASS
float16,58.38510300054622,0.0,PASS
float128,32.94809399994847,0.0,PASS
complex64,18.515081001169165,0.0,PASS
complex128,33.29865699924994,0.0,PASS
