Data Type,mean,std,count
-1,5.3514634027498476,8.196469244028272,17
1,1205.6608887999982,1691.6136756499718,2
2,15.548388699912106,3.197547754090074,2
4,9.881458494191971,13.932183590554926,2
5,0.049992999265668914,,1
6,0.3270779998274,,1
7,8.824871200002349,,1
8,0.0724887998131862,0.05430127558020691,2
9,0.2372865999973328,,1
