Data Type,FFT Size,Mean Time (ms),Reconstruction Error,Status
float16,100,0.028441999991931272,6.561306506009518e-17,PASS
float32,100,0.01710300002362904,6.517773617997778e-17,PASS
float64,100,0.019732999987809308,7.87282317733716e-17,PASS
complex64,100,0.014141000008294213,6.040153151128634e-17,PASS
complex128,100,0.01038000001093072,9.644678523320609e-17,PASS
