Data Type,FFT Size,Mean Time (ms),Reconstruction Error,Status
float32,1000000,215.2266236666757,1.0883026680731497e-16,PASS
float64,1000000,191.8432800000005,1.4009273010890582e-16,PASS
complex64,1000000,195.89167899999893,1.027020801957182e-16,PASS
complex128,1000000,201.0564053333231,1.4375581567739144e-16,PASS
