Data Type,FFT Size,Mean Time (ms),Reconstruction Error
float32,100000,7.079772666656936,9.961212181001635e-09
float64,100000,4.379294999959408,1.3908484214060318e-16
complex64,100000,4.4730856666698555,9.961212181001635e-09
complex128,100000,4.032924000019496,1.3908484214060318e-16
