Type,Babylonian sqrt (ms),Taylor exp (ms),CPU (%),Status
float16,0.0079383239999515,0.0071716490001563,0.0,PASS
float32,0.0070549920001212,0.0053040269999655,0.0,PASS
int16,0.0061859930001446,0.0060532590000548,0.0,PASS
uint8,0.0099537729997791,0.0097753230002126,0.0,PASS
longdouble,0.0085488230001828,0.0076544080002349,0.0,PASS
complex128,0.0056839639996724,0.0059227120000286,0.0,PASS
