dtype,sqrt_builtin (s),sqrt_babylonian (s),taylor_exp (s),exp_builtin (s),cpu_usage (%),status
float32,9.679794311523438e-05,0.0009641647338867188,0.001794576644897461,0.00014066696166992188,0.0,PASS
float64,0.00017833709716796875,0.0019550323486328125,0.003921031951904297,0.00014495849609375,0.0,PASS
complex64,0.0021164417266845703,N/A,N/A,0.003323793411254883,0.0,PASS
complex128,0.001878976821899414,N/A,N/A,0.002941608428955078,0.0,PASS
uint8,N/A,N/A,N/A,N/A,0.0,PASS
uint16,N/A,N/A,N/A,N/A,0.0,PASS
