DataType,Operation,Time (s)
float64,add,0.04443469790001018
float64,multiply,0.04253820310000265
float64,divide,0.05284616290000486
float64,sqrt,0.04091336820001743
float64,sin,0.04484371639998699
float64,log,0.052242145700006404
float32,add,0.02638956649998363
float32,multiply,0.026769263799997133
float32,divide,0.033233131299994056
float32,sqrt,0.02901857720000862
float32,sin,0.02802227639999728
float32,log,0.03353012079999189
