Size,Float32 SIMD Time (ms),Int16 SIMD Time (ms),Approx CPU Time (ms)
1000,0.02777599999603808,0.006557000006068847,12.58
10000,0.5327450000010003,0.026036000008389237,12.58
100000,3.1760439999999335,0.28864000000794476,12.59
1000000,39.59184699999696,32.46897600000409,12.65
