Method,Execution Time (s)
NumPy dot(),0.0051315999999133055
Hand-Optimized AVX2,1.3386988100000963
