Type,Status,Benchmark (s)
np.float128,Success,0.37523436546325684
np.longdouble,Success,0.3691983222961426
np.complex128,Success,0.1769106388092041
np.uint64,Success,0.05513715744018555
np.complex256,Success,0.7055075168609619
