Matrix Size,NumPy dot() Time (s)
128,0.11839373000020714
256,0.011993309999525081
512,0.20491904499976954
1024,0.8579019930002687
