Type,Time (ms),Status
int8,12.93802261352539,PASS
int16,11.477231979370117,PASS
int32,41.04137420654297,PASS
int64,66.34116172790527,PASS
uint8,8.056402206420898,PASS
uint16,11.750936508178711,PASS
uint32,42.54746437072754,PASS
uint64,54.390668869018555,PASS
float16,44.1286563873291,PASS
float32,16.872882843017578,PASS
float64,53.14278602600098,PASS
complex64,67.39568710327148,PASS
complex128,129.1823387145996,PASS
