Matrix Size,Sparse NumPy dot() Time (s)
128,0.0012879679998150095
256,0.001268768999580061
512,0.002649565999490733
1024,0.01270385800035001
