Operation,mean,std,count
Cholesky decomposition,10.178136751442306,35.5046488262658,29
FFT,88.3703640080576,445.0058511143111,29
LU decomposition,102.82360969843891,531.4386919471716,29
QR decomposition,13.277890828316776,40.51170383635708,29
solve,96.1726309268874,488.15512767974377,29
