Builtin Operation (ms),Type,Size (Bytes),Builtin sqrt (ms),Babylonian sqrt (ms),Taylor exp (ms)
0.38123130798339844,uint8,1,,,
0.0007152557373046875,uint16,2,,,
0.009298324584960938,int8,1,,,
0.0016689300537109375,int16,2,,,
,float16,2,0.0209808349609375,0.034332275390625,0.022411346435546875
,float32,4,0.00286102294921875,0.013589859008789062,0.01239776611328125
,float64,8,0.0026226043701171875,0.00476837158203125,0.0064373016357421875
,complex64,8,0.0045299530029296875,,0.018835067749023438
,complex128,16,0.0054836273193359375,,0.011444091796875
