DataType,Benchmark (ms),Status
np.uint8,1.8471129999397817,PASS
np.uint16,1.9747110000025714,PASS
np.float16,18.029986000101417,PASS
np.float32,1.0007309999764402,PASS
np.float64,0.8637900000394438,PASS
np.longdouble,4.273382000064885,PASS
np.float128,4.296066000051724,PASS
np.complex64,0.33556499988662836,PASS
np.complex128,0.5649170000197046,PASS
