Type,Benchmark (s),Status
float32,2.0860750675201416,PASS
float64,0.5419323444366455,PASS
int16,0.4101860523223877,PASS
int32,0.5833022594451904,PASS
int64,0.3993875980377197,PASS
