,time_ms,memory_usage_percent
float32,55.74607849121094,81.6
float64,89.34109210968018,77.5
int16,55.69615364074707,76.0
int32,62.530899047851555,76.4
uint16,58.0167293548584,76.2
complex64,95.54874897003174,77.3
complex128,121.92487716674805,79.1
