Matrix Size,Tensor Rank,Elapsed Time (s),Frobenius Error
64,4,0.012811660766601562,16.46637
64,8,0.3160216808319092,14.709106
64,16,0.09704113006591797,11.645673
128,4,0.3863711357116699,34.857887
128,8,0.4973471164703369,32.71263
128,16,0.09317946434020996,29.53448
256,4,0.4935007095336914,71.885414
256,8,0.5992934703826904,70.07348
256,16,0.39714717864990234,65.71562
