Type,Method,Benchmark (ms),Result
float32,SIMD (numba optimized),2107.3760986328125,(2490.341064453125+0j)
float64,SIMD (numba optimized),1140.636920928955,(2490.3408638581727+0j)
complex64,SIMD (numba optimized),1294.5199012756348,(2490.341064453125+0j)
complex128,SIMD (numba optimized),1272.6809978485107,(2490.340863858172+0j)
longdouble,Non-SIMD (fallback),0.7674694061279297,(2490.3408638581723+0j)
float128,Non-SIMD (fallback),0.13709068298339844,(2490.3408638581723+0j)
