id,precision_type,data_size,covariance_execution_time,correlation_execution_time,pca_execution_time
1,float16,256 x 256,0.00153869499990833,0.001512516000123772,
2,float32,256 x 256,0.0008448890002910048,0.001262383999952969,0.4614123779999015
3,float64,256 x 256,0.03289172133251365,0.0012631070009471539,0.36738286266700015
4,float128,256 x 256,0.09047474200027257,0.05971668566659597,
5,complex64,256 x 256,0.0021528780004397654,0.01100724500065553,0.6992704486668421
6,complex128,256 x 256,0.0020137693330373927,0.03169947099983498,0.6012007323333819
