,Num Nodes,Num Edges,Avg Degree,Max Eigenvalue,Min Eigenvalue,Spectral Radius
16,16,56,7.0,(6.999999999999998+0j),(-1.0000000000000002+0j),6.999999999999998
32,32,240,15.0,(15.000000000000007+0j),(-1.0000000000000004+0j),15.000000000000007
64,64,992,31.0,(30.999999999999986+0j),(-1.000000000000003+0j),30.999999999999986
