Eigenvector_Index,Eigenvalue,Cluster_Assignment
1,-2.2496888977739204,3
2,-2.2496888977739107,8
3,-2.2489037760885484,5
4,-2.24890377608853,1
5,-2.245371825298694,2
6,-2.2453718252986814,7
7,3.969211348656534,4
8,3.986302860245696,6
9,3.9863028602457002,1
10,3.996573719460264,1
11,3.996573719460273,4
12,3.9999999999999987,1
