Precision Type,Grid Size,Laplacian Execution Time (seconds),Gradient Execution Time (seconds),Divergence Execution Time (seconds)
float32,128 x 128,0.0014331439997476991,0.00018581233355992785,0.00037888633232796565
float64,128 x 128,0.001253251333158308,0.00021017866674810648,0.00042512033420886536
complex64,128 x 128,0.0015098480010541,0.000258902332764895,0.0004732430000634243
complex128,128 x 128,0.0017001659992577818,0.0006757273331459146,0.0011005356670163262
