Operator,Grid Size,Optimal Precision,Kernel Mode,Predicted Numeric Time (s),Tensor Contraction Result
Laplacian,32x32,float64,Symbolic,0.0022362200262883887,1.0000000000000002
Laplacian,64x64,float64,Symbolic,0.0022362200262883887,1.0000000000000002
Laplacian,128x128,float64,Symbolic,0.0022362200262883887,1.0000000000000002
Gradient,32x32,float64,Symbolic,0.0017185780116231036,1.0
Gradient,64x64,float64,Symbolic,0.0017185780116231036,1.0
Gradient,128x128,float64,Symbolic,0.0017185780116231036,1.0
Divergence,32x32,float64,Symbolic,0.0018440525426208752,1.0000000000000002
Divergence,64x64,float64,Symbolic,0.0018440525426208752,1.0000000000000002
Divergence,128x128,float64,Symbolic,0.0018440525426208752,1.0000000000000002
