,Refined Deviation vs. E8 Residues,Refined Alignment with E8,Final Residue Deviation Score
Triality-Clifford Final Correction,"[0.08599999999999941, 0.39753938934037536, 0.9135393893403825, 0.0859530975643481, 0.9139546279071734, 0.9137101226348716, 0.08595309756434588, 0.9139546279071747, 0.20000000000000023, 0.3999999999999986, 0.2000000000000003, 0.19999999999999996, 0.20000000000000018, 0.20000000000000018, 0.2000000000000003, 0.20000000000000018]",,
JTS Final Subalgebra Properties,,"[0.07727095534520778, 0.436308191073578, 0.09296276427163483]",
E8 Hyper-Algebraic Embedding,,,6.110604352258671
