Data Type,Matrix Size,Mean Time (ms),Residual Norm
float32,100x100,3030.2993716666533,3.5887966998531145e-06
float64,100x100,3099.879802999984,7.322415338686013e-14
complex64,100x100,3068.780706999936,3.5887966998531145e-06
complex128,100x100,2666.877843999979,6.659487518975747e-14
