Data Type,Mean Time (ms),Stable
float16,1.0335680000252978,True
float32,0.3858099999926405,True
float64,0.3433259999875797,True
complex64,28.683250666669363,True
complex128,0.7118079999865282,True
