Data Type,Mean Time (ms),Spatial Error (L2 Norm)
float32,4.147953000028792,0.0002377536286616597
float64,3.9113450000058947,0.0
complex64,3.8586969999414578,0.0002377536286616597
complex128,4.5073730000240175,0.0
