Data Type,Mean Time (ms),Stable,CFL,Status
float32,6.263365000014194,True,0.5,PASS
float64,4.244539666653206,True,0.5,PASS
complex64,4.670570333322151,True,0.5,PASS
complex128,4.625854000001557,True,0.5,PASS
