Data Type,Mean Time (ms),Residual Norm,Status
float16,,,Error: array type float16 is unsupported in linalg
float32,2898.396689333329,3.6629946862376528e-06,PASS
float64,2761.8360293333426,4.724186699414458e-13,PASS
complex64,2401.812389999994,3.478943108348176e-05,PASS
complex128,2633.972119999991,3.07001258871788e-14,PASS
