
running 2 tests
test paired_open_patches_preserve_selector_and_measure_participation ... GAP,1.80964100577051701,2.23664264422176462
MODE_COLUMNS,label,index,energy,ipr,participation_number,center_or_wall_weight,edge_or_seam_weight,remainder
COUNT,radius2_pristine,225,18,25
MODE,radius2_pristine,0,1.10312864195543603,0.03211593450990554,31.13719140545542174,0.14731451653876915,0.21209240214396466,0.64059308131726622
MODE,radius2_pristine,1,1.11215068441533038,0.03515358030457166,28.44660462280002378,0.00773144156235480,0.39039506019752618,0.60187349824011904
MODE,radius2_pristine,2,1.11801607205608167,0.04395668062242584,22.74967049012840192,0.04499756760928039,0.41744269430703834,0.53755973808368118
MODE,radius2_pristine,3,1.12177524077561208,0.03982976663709465,25.10685059019829168,0.06751392422980561,0.52174374527389789,0.41074233049629649
MODE,radius2_pristine,4,1.13289703134229236,0.05080043541922349,19.68487064623835892,0.00482593020664207,0.57595062477974290,0.41922344501361497
MODE,radius2_pristine,5,1.13300560947658058,0.05765665930113261,17.34405031649754036,0.00838871624516299,0.59095043142080828,0.40066085233402871
MODE,radius2_pristine,6,1.13723595347403750,0.06838564492297600,14.62295195323986974,0.08720769228432126,0.45924807123702538,0.45354423647865338
MODE,radius2_pristine,7,1.14494376356216332,0.04841699699529373,20.65390383664651353,0.02586772476088476,0.67529360041334574,0.29883867482576953
MODE,radius2_pristine,8,1.14498114827153286,0.04956513227779154,20.17547324186333668,0.11477616292230003,0.51742234619611827,0.36780149088158165
MODE,radius2_pristine,9,1.15293131921473502,0.04235345566507225,23.61082429513946224,0.00750058518608273,0.57995633624231169,0.41254307857160555
MODE,radius2_pristine,10,1.15656586460940192,0.07393989574410070,13.52449837718069858,0.15547007098064011,0.37206958415513525,0.47246034486422461
MODE,radius2_pristine,11,1.15756468726214679,0.05955426629633610,16.79140827668163283,0.01221651010342864,0.49277847253457352,0.49500501736199787
MODE,radius2_pristine,12,1.15758867356807471,0.06954882236396399,14.37838867733495540,0.03986104545514886,0.48814768131720765,0.47199127322764345
MODE,radius2_pristine,13,1.16125155498795762,0.04473547961042674,22.35362197317148159,0.03121724648594663,0.52979157064795668,0.43899118286609673
MODE,radius2_pristine,14,1.16751187751009566,0.08466825737824030,11.81080172150796592,0.08876711852211483,0.23402443258482239,0.67720844889306275
MODE,radius2_pristine,15,1.16793924305973507,0.05665888787128220,17.64948161834384166,0.13361010762978878,0.42826456736924795,0.43812532500096329
MODE,radius2_pristine,16,1.18291187800843245,0.07131507879043503,14.02227995763110258,0.00767475545744025,0.83583768981163797,0.15648755473092180
MODE,radius2_pristine,17,1.19282248186480277,0.09365198488300906,10.67783028036415160,0.00920312607382315,0.89753602712793856,0.09326084679823832
MODE,radius2_pristine,18,1.20804866728416527,0.10227528021106226,9.77753371035827712,0.00275551622533893,0.91546002419311379,0.08178445958154723
MODE,radius2_pristine,19,1.22599581198473229,0.16101365203884205,6.21065349016967527,0.00017355286524816,0.97599820691423156,0.02382824022052032
MODE,radius2_pristine,20,1.25503303407694133,0.09354645893222012,10.68987550586557767,0.00004998245582030,0.98502228877945208,0.01492772876472759
MODE,radius2_pristine,21,1.26169430301269192,0.09639845258376684,10.37361050096769333,0.00202213361936864,0.95204615460598430,0.04593171177464705
MODE,radius2_pristine,22,1.26978088734039307,0.06783040053289739,14.74265214628955611,0.00283576366548760,0.94838415283647426,0.04878008349803808
MODE,radius2_pristine,23,1.27593981830288627,0.10813791407647370,9.24745042976151055,0.00011628274478705,0.93055935381344468,0.06932436344176829
MODE,radius2_pristine,24,1.27903365831039473,0.12038031574419941,8.30700595706142764,0.00435484567322689,0.90422918949558284,0.09141596483119030
MODE,radius2_pristine,25,1.33161002011316243,0.05882492512772980,16.99959664765649947,0.10253238828988917,0.52411604012606849,0.37335157158404231
MODE,radius2_pristine,26,1.33202212503955386,0.06490597242620648,15.40690267196796981,0.02889247348954132,0.52023586794350740,0.45087165856695133
MODE,radius2_pristine,27,1.33339528284744158,0.06259632348077976,15.97537913400058862,0.00124939838592476,0.75277427400127994,0.24597632761279531
MODE,radius2_pristine,28,1.33420854380509435,0.05563975575889844,17.97276041852628836,0.00303464591765758,0.84440111465804202,0.15256423942430042
MODE,radius2_pristine,29,1.33949562480036244,0.04545921054765999,21.99774232664220364,0.08680042056685441,0.64097991768882656,0.27221966174431900
MODE,radius2_pristine,30,1.34777622886938730,0.04640732673418139,21.54832157706356810,0.01782962912752116,0.51219153060977052,0.46997884026270831
MODE,radius2_pristine,31,1.35028673550428890,0.04706237092207981,21.24839825124151105,0.02502770527154007,0.28961154726022875,0.68536074746823117
MODE,radius2_pristine,32,1.35832514342353572,0.05666965874084347,17.64612708492050430,0.12317026324031836,0.68314445667715784,0.19368528008252384
MODE,radius2_pristine,33,1.36035550342922895,0.04866619475199997,20.54814445830294645,0.06620448293465221,0.42692081384604835,0.50687470321929951
MODE,radius2_pristine,34,1.36521933369906812,0.05811479324737995,17.20732268190739944,0.01967624007865013,0.78251062437978647,0.19781313554156343
MODE,radius2_pristine,35,1.36982922511890415,0.03582427449352628,27.91403354674238102,0.01109598713590576,0.73658257388007697,0.25232143898401727
MODE,radius2_pristine,36,1.37287970589786723,0.03315663457817101,30.15987637835716129,0.09635695476722121,0.53235446377846285,0.37128858145431598
MODE,radius2_pristine,37,1.38211070662768321,0.03261545864816415,30.66030776348711129,0.00991341914012112,0.57334151578710746,0.41674506507277143
MODE,radius2_pristine,38,1.38416425899204687,0.03498636785130691,28.58256119212000712,0.00506306667985984,0.69802643093959860,0.29691050238054151
MODE,radius2_pristine,39,1.39430183157652854,0.07187233941076188,13.91355851497807272,0.00108993424062283,0.93338050802343786,0.06552955773593927
MODE,radius2_pristine,40,1.40152232278272981,0.03359702866128197,29.76453692026712261,0.09149862462413989,0.74900355113913708,0.15949782423672298
MODE,radius2_pristine,41,1.40465152870294441,0.02765994624131863,36.15336021536414535,0.00224873467853151,0.69804930266580212,0.29970196265566640
MODE,radius2_pristine,42,1.41157465990297615,0.03770177398873232,26.52395084376834333,0.07619070997706394,0.68653209888123390,0.23727719114170220
MODE,radius2_pristine,43,1.41822054395271335,0.02558798078603819,39.08084847967523956,0.01618237905924446,0.70137659423619436,0.28244102670456117
MODE,radius2_pristine,44,1.42767001630762413,0.03000579160769004,33.32689945576088775,0.02897373826575533,0.61740600903363607,0.35362025270060859
MODE,radius2_pristine,45,1.43542583040697314,0.03433373646323120,29.12587160651516527,0.00576113835792494,0.83464339693568701,0.15959546470638808
MODE,radius2_pristine,46,1.45320376990291011,0.03154633691076415,31.69940151304169262,0.06157783309906135,0.66584069263213286,0.27258147426880575
MODE,radius2_pristine,47,1.45998684973480830,0.03650659265062665,27.39231265898036938,0.02798260230349355,0.62599724331438988,0.34602015438211653
MODE,radius2_pristine,48,1.47449377721993735,0.03041453944035858,32.87901176215247290,0.00836783152541487,0.64473609098396445,0.34689607749062068
MODE,radius2_pristine,49,1.49567026496725108,0.02873529870470275,34.80040386134362507,0.07770041027097251,0.45562355816178290,0.46667603156724458
MODE,radius2_pristine,50,1.63371635000771520,0.03807987545861467,26.26059008745454193,0.04246166015682994,0.34881402477607598,0.60872431506709401
MODE,radius2_pristine,51,1.63371635000771520,0.03257231473841002,30.70091910971181548,0.20927377222846694,0.19237799484175036,0.59834823292978268
MODE,radius2_pristine,52,1.63371635000771520,0.02858652871066658,34.98151210037848813,0.01640055489880286,0.30157912016010557,0.68202032494109155
MODE,radius2_pristine,53,1.63371635000771520,0.04113508099084132,24.31015026377725619,0.05920188439249843,0.28122617443727593,0.65957194117022566
MODE,radius2_pristine,54,1.63371635000771520,0.03112606062990757,32.12741926741436060,0.08439970069220419,0.34126764935492188,0.57433264995287403
MODE,radius2_pristine,55,1.63371635000771520,0.02624066904421547,38.10878443362103951,0.07259841268429987,0.39305904998049257,0.53434253733520753
MODE,radius2_pristine,56,1.63371635000771520,0.04744060942678557,21.07898722387380275,0.09194225894560461,0.22107590113200606,0.68698183992238937
MODE,radius2_pristine,57,1.63371635000772053,0.02234442084118884,44.75390107926353522,0.05614238417328180,0.46113376479466728,0.48272385103205095
MODE,radius2_pristine,58,1.63371635000772053,0.03315581915755976,30.16061811798104841,0.21874001011392805,0.32911663405048097,0.45214335583559095
MODE,radius2_pristine,59,1.63371635000772053,0.04128724484341134,24.22055537473290698,0.03474385943779750,0.38734237751083189,0.57791376305137065
MODE,radius2_pristine,60,1.63371635000772053,0.03713311775408715,26.93013839081509175,0.03225138785232919,0.57871380571336850,0.38903480643430233
MODE,radius2_pristine,61,1.63371635000772564,0.04908734282641013,20.37185030642923422,0.00964472884243869,0.61196101084466881,0.37839426031289247
MODE,radius2_pristine,62,1.63794877438691211,0.01706701410673718,58.59255718346486930,0.04842351452490097,0.55587138236948763,0.39570510310561136
MODE,radius2_pristine,63,1.64164272890485408,0.02022474560277699,49.44437965453040817,0.02213923088752724,0.70263795549089647,0.27522281362157630
MODE,radius2_pristine,64,1.64464686055618303,0.03729737545099619,26.81153802132451958,0.02659825971601702,0.77045063225506438,0.20295110802891858
MODE,radius2_pristine,65,1.64659331935403852,0.02479736695060411,40.32686220242580788,0.03975084927376560,0.58185006804402262,0.37839908268221178
MODE,radius2_pristine,66,1.64806147286441340,0.08296970085266671,12.05259256961463699,0.00050687250289890,0.87640193548787437,0.12309119200922669
MODE,radius2_pristine,67,1.64954416193107556,0.10833036921150836,9.23102180190636723,0.00016618846270088,0.88210995299437878,0.11772385854292033
MODE,radius2_pristine,68,1.65497442514513238,0.04294723158703238,23.28438791155849685,0.02864469260398653,0.77920399125586004,0.19215131614015346
MODE,radius2_pristine,69,1.66063304497955455,0.02536759998581970,39.42036300473803578,0.01642063927315575,0.63890656026400106,0.34467280046284321
MODE,radius2_pristine,70,1.66656609937211364,0.02786398014734653,35.88862735014650696,0.00588893313939818,0.74527942390655344,0.24883164295404836
MODE,radius2_pristine,71,1.66811735530374294,0.02446564559330575,40.87364039449743558,0.01066693806179313,0.75709595388360240,0.23223710805460451
MODE,radius2_pristine,72,1.67244192677813563,0.03664803417909721,27.28659319386811433,0.00209929058677749,0.79477443008673920,0.20312627932648331
MODE,radius2_pristine,73,1.67414181569236087,0.05073739682259502,19.70932808193792596,0.00236835082101541,0.77976983027352564,0.21786181890545897
MODE,radius2_pristine,74,1.68002727900943927,0.02422219877039610,41.28444364110249154,0.03860371700813377,0.59339705654461716,0.36799922644724903
MODE,radius2_pristine,75,1.68057383366351321,0.05962983997521934,16.77012717819760823,0.00371870288352881,0.93702537981433720,0.05925591730213398
MODE,radius2_pristine,76,1.69020824074021681,0.04085343770500763,24.47774425302340262,0.02701072071695823,0.81385138889360220,0.15913789038943960
MODE,radius2_pristine,77,1.69525286759388027,0.02426676580853111,41.20862285028707106,0.08076077630604832,0.51717405122938176,0.40206517246456996
MODE,radius2_pristine,78,1.70328429846547480,0.02895460127627911,34.53682509588706040,0.08313819332651057,0.48573036303824557,0.43113144363524392
MODE,radius2_pristine,79,1.70354246721185665,0.40097724772965465,2.49390708740216649,0.00000055501951425,0.99942507813300741,0.00057436684747836
MODE,radius2_pristine,80,1.70597494861419952,0.02838108087728151,35.23473980162890484,0.04357881574161560,0.63958495959037354,0.31683622466801087
MODE,radius2_pristine,81,1.70964198715532723,0.03681246195868278,27.16471397980309987,0.01392906177484922,0.69393097294129769,0.29213996528385311
MODE,radius2_pristine,82,1.71565025296160512,0.03852517564496030,25.95705232380467820,0.03036457193159467,0.45597983425538752,0.51365559381301784
MODE,radius2_pristine,83,1.71616657760635460,0.04218335296045831,23.70603401150630773,0.03803234601185770,0.51463023671234787,0.44733741727579446
MODE,radius2_pristine,84,1.71895050433426255,0.04553570035871608,21.96079103038519520,0.15329362055909734,0.39283403294113267,0.45387234649976999
MODE,radius2_pristine,85,1.72189781601084757,0.05915185492780988,16.90564059606279912,0.03677195496796071,0.78169383237780743,0.18153421265423186
MODE,radius2_pristine,86,1.72313625514382229,0.04948551951841472,20.20793172895510637,0.08692598029281116,0.44383182384855124,0.46924219585863758
MODE,radius2_pristine,87,1.72333452960391043,0.05457806249143959,18.32237998842203197,0.10144796993294229,0.26795223102251964,0.63059979904453811
MODE,radius2_pristine,88,1.72552853332386080,0.04578388219317706,21.84174762159039673,0.03819236035588909,0.51628578860640650,0.44552185103770436
MODE,radius2_pristine,89,1.72826674176641926,0.05325206209869519,18.77861552378274013,0.04810247631721879,0.62968329133405765,0.32221423234872359
MODE,radius2_pristine,90,1.73081374140876454,0.06141839282932390,16.28176762584635640,0.01943898308130854,0.74288456276613402,0.23767645415255745
MODE,radius2_pristine,91,1.73306307614793109,0.07788746657536838,12.83903616292799299,0.01348779475614377,0.63223429160585387,0.35427791363800232
MODE,radius2_pristine,92,1.73697017560861089,0.10951509788090508,9.13116108509052182,0.00287858245573650,0.88012070149008914,0.11700071605417439
MODE,radius2_pristine,93,1.74020171919523148,0.13209338428743181,7.57040184407741190,0.00523744928600251,0.91474589774152448,0.08001665297247296
MODE,radius2_pristine,94,1.74187211981758816,0.14574798691555907,6.86115823046916340,0.00249255664011670,0.90480693048375049,0.09270051287613279
MODE,radius2_pristine,95,1.74826283198306687,0.61317456004296866,1.63085696172705585,0.00000000000000000,1.00000000000000111,-0.00000000000000111
MODE,radius2_pristine,96,1.74826283198306687,0.45955885091738635,2.17599987031860520,0.00000000000000000,0.99999999999999978,0.00000000000000022
MODE,radius2_pristine,97,1.74826283198306687,0.35633185257128286,2.80637274715696039,0.00000000000000000,1.00000000000000289,-0.00000000000000289
MODE,radius2_pristine,98,1.74826283198306687,0.26703210739040723,3.74486802269802155,0.00000000000000000,1.00000000000000044,-0.00000000000000044
MODE,radius2_pristine,99,1.74826283198307197,0.33833040390301272,2.95569061622574258,0.00000000000000000,1.00000000000000222,-0.00000000000000222
MODE,radius2_pristine,100,1.74999999999999933,0.96060195649198254,1.04101391137271371,0.00000000000000000,0.99999999999999878,0.00000000000000122
MODE,radius2_pristine,101,1.74999999999999933,0.94171945731713169,1.06188737232732122,0.00000000000000000,1.00000000000000133,-0.00000000000000133
MODE,radius2_pristine,102,1.74999999999999933,1.00000000000000000,1.00000000000000000,0.00000000000000000,1.00000000000000000,0.00000000000000000
MODE,radius2_pristine,103,1.74999999999999933,0.93960289703797839,1.06427939202020183,0.00000000000000000,1.00000000000000089,-0.00000000000000089
MODE,radius2_pristine,104,1.75000000000000666,0.95834719770964749,1.04346316490505586,0.00000000000000000,1.00000000000000333,-0.00000000000000333
MODE,radius2_pristine,105,1.77763130582652407,0.10394780001193797,9.62021322130101986,0.00014828244681799,0.97753356830318827,0.02231814924999376
MODE,radius2_pristine,106,1.77944337448005330,0.09235025568948141,10.82834034983510030,0.00017944198003441,0.98687217211842515,0.01294838590154046
MODE,radius2_pristine,107,1.78178151566565135,0.09223266235447157,10.84214609523866280,0.00005215472228569,0.99057526897000248,0.00937257630771182
MODE,radius2_pristine,108,1.78367933082117003,0.08122477160822203,12.31151507354653241,0.00000137170488151,0.99780261986947250,0.00219600842564605
MODE,radius2_pristine,109,1.79574990332659024,0.15053985808004153,6.64275901913168720,0.00011369966620844,0.91286456304014518,0.08702173729364637
MODE,radius2_pristine,110,1.79613939347103169,0.15993444539814500,6.25256177623634368,0.00028336066758049,0.94739165185833796,0.05232498747408154
MODE,radius2_pristine,111,1.79652140023130569,0.14882156736611485,6.71945617626716274,0.00031262714556630,0.96345070605824612,0.03623666679618753
MODE,radius2_pristine,112,1.79675360315137844,0.17225916829450666,5.80520624766008453,0.00051040334403229,0.96924803845793794,0.03024155819802976
MODE,radius2_pristine,113,1.79705768466247329,0.39728309872131085,2.51709675850441261,0.00000289960969245,0.99788121759680637,0.00211588279350117
MODE,radius2_pristine,114,1.80499923871627344,0.04870594605273778,20.53137411430671833,0.10488755919902121,0.29539800754199663,0.59971443325898210
MODE,radius2_pristine,115,1.80502301726399561,0.06653046440106690,15.03070824775369729,0.16525268710956678,0.20965002649125281,0.62509728639918039
MODE,radius2_pristine,116,1.80543967646429282,0.04794524171391565,20.85712709442362822,0.08506030977600015,0.45462311835110925,0.46031657187289066
MODE,radius2_pristine,117,1.80556326384915300,0.05904834919933340,16.93527445829576195,0.04138917038712709,0.42435921019077993,0.53425161942209298
MODE,radius2_pristine,118,1.80560027225789854,0.04646036179148276,21.52372391089134140,0.09116213525327714,0.35456678043628204,0.55427108431044081
MODE,radius2_pristine,119,1.80575858424701674,0.03538916021524430,28.25724018082910760,0.03969890146064350,0.58786194508801248,0.37243915345134404
MODE,radius2_pristine,120,1.80628969984947840,0.03832081258028900,26.09548004507524510,0.06469636299730815,0.52069660580341348,0.41460703119927833
MODE,radius2_pristine,121,1.80647827334236100,0.04157874354846764,24.05075080814591715,0.05957456731118143,0.49597121462308452,0.44445421806573410
MODE,radius2_pristine,122,1.80691874506143169,0.07396749942007277,13.51945121628144619,0.00967724760410494,0.87588051219321572,0.11444224020267935
MODE,radius2_pristine,123,1.80701466795833543,0.03203455635098750,31.21628996648095722,0.03952743892122576,0.61328000555003881,0.34719255552873540
MODE,radius2_pristine,124,1.80706990053331751,0.02832378544927532,35.30601521434648760,0.04757180139414070,0.57385934859945309,0.37856885000640617
MODE,radius2_pristine,125,1.80734462595278522,0.07011134227113079,14.26302745899307034,0.01071731833074287,0.51952649209626212,0.46975618957299503
MODE,radius2_pristine,126,1.80765075772541084,0.06331546910512989,15.79392862650335871,0.00570125809174501,0.70073507779320765,0.29356366411504731
MODE,radius2_pristine,127,1.80777402499032536,0.03246349940282275,30.80382640181570864,0.02867863398531143,0.56487257151258219,0.40644879450210636
MODE,radius2_pristine,128,1.80817814588510672,0.04514843911891720,22.14915996023880140,0.01925220922486257,0.57231907609732657,0.40842871467781083
MODE,radius2_pristine,129,1.80829056276238775,0.03247356360890333,30.79427968065162347,0.01085204818446854,0.66695667155306559,0.32219128026246591
MODE,radius2_pristine,130,1.80856808358565746,0.04029172275607117,24.81899337127052263,0.01737456041776252,0.58737268175138424,0.39525275783085323
MODE,radius2_pristine,131,1.80880965080564282,0.05316238739174536,18.81029143087866728,0.04261834337016276,0.68721652800763422,0.27016512862220299
MODE,radius2_pristine,132,1.80884205827546451,0.13333060481958434,7.50015348203921484,0.00414269177035218,0.86024067350566757,0.13561663472398022
MODE,radius2_pristine,133,1.80894724507888816,0.09710762829520667,10.29785216213916144,0.00080684073889109,0.87020112326894439,0.12899203599216447
MODE,radius2_pristine,134,1.80912575819051269,0.04474990465899310,22.34641632468900241,0.01728390401905452,0.74024630007348835,0.24246979590745710
MODE,radius2_pristine,135,1.80925608078393796,0.02117778374854433,47.21929413736391723,0.07460509039320817,0.47004708223811120,0.45534782736868062
MODE,radius2_pristine,136,1.80934067817667121,0.02585993336292246,38.66985989352096453,0.02710602171406921,0.65157265839011513,0.32132131989581569
MODE,radius2_pristine,137,1.80950091016890835,0.02303762852720402,43.40724562075252635,0.06320312084981543,0.48086181890590562,0.45593506024427899
MODE,radius2_pristine,138,1.80964100577051035,0.05114264818254680,19.55315251628415041,0.05992771242713830,0.24301330167445387,0.69705898589840776
MODE,radius2_pristine,139,1.80964100577051035,0.05285074201092448,18.92121022242782757,0.20349634887860452,0.29344881007316653,0.50305484104822895
MODE,radius2_pristine,140,1.80964100577051035,0.04829714031495985,20.70515963219988009,0.03844896784691332,0.43062973172513730,0.53092130042794938
MODE,radius2_pristine,141,1.80964100577051035,0.04532527422016082,22.06274572422105607,0.04808619203232821,0.42805042472596477,0.52386338324170700
MODE,radius2_pristine,142,1.80964100577051035,0.03872302795751736,25.82442677512434415,0.00471140884364299,0.46178513871914295,0.53350345243721409
MODE,radius2_pristine,143,1.80964100577051035,0.06175664292220454,16.19259002241604861,0.18551997015640612,0.19072222263541891,0.62375780720817497
MODE,radius2_pristine,144,1.80964100577051035,0.06547940332347270,15.27197789295562380,0.02545388336335179,0.27036176018895192,0.70418435644769639
MODE,radius2_pristine,145,1.80964100577051479,0.03835829181966191,26.06998259206668678,0.06462993779612759,0.42338700890045083,0.51198305330342153
MODE,radius2_pristine,146,1.80964100577051479,0.03674540436018359,27.21428753913986753,0.10549544885768788,0.37688239808814022,0.51762215305417181
MODE,radius2_pristine,147,1.80964100577051479,0.03742396722893064,26.72084426225525533,0.02624878678625867,0.48152669235709555,0.49222452085664581
MODE,radius2_pristine,148,1.80964100577051479,0.05158446631421621,19.38568083478279647,0.05183261235954802,0.40738415553430951,0.54078323210614243
MODE,radius2_pristine,149,1.80964100577051479,0.05663810236399842,17.65595876735521585,0.11394934507006581,0.44047586297524610,0.44557479195468808
MODE,radius2_pristine,150,2.18173716801693152,0.13397936275105427,7.46383606748518513,0.00000000000000000,0.99999999999999911,0.00000000000000089
MODE,radius2_pristine,151,2.18173716801693152,0.12058338132436988,8.29301674092216068,0.00000000000000000,0.99999999999999889,0.00000000000000111
MODE,radius2_pristine,152,2.18173716801693596,0.17796758946190544,5.61900064513743036,0.00000000000000000,1.00000000000000178,-0.00000000000000178
MODE,radius2_pristine,153,2.18173716801693596,0.21207041737624971,4.71541487196597764,0.00000000000000000,1.00000000000000289,-0.00000000000000289
MODE,radius2_pristine,154,2.18173716801693685,0.34649292195014142,2.88606184037402924,0.00000000000000000,1.00000000000000266,-0.00000000000000266
MODE,radius2_pristine,155,2.19777002340453587,0.12957937060131605,7.71727779938640701,0.00000138944615152,0.99887417838286807,0.00112443217098046
MODE,radius2_pristine,156,2.19939978086433685,0.12792479772131338,7.81709268111190703,0.00005086911182606,0.99250394277700993,0.00744518811116401
MODE,radius2_pristine,157,2.20200204740608418,0.12946936073318679,7.72383515556874656,0.00023245951623135,0.98338576688017376,0.01638177360359494
MODE,radius2_pristine,158,2.20464421991405635,0.13055781777157494,7.65944174824987112,0.00014270608623848,0.97881552746963074,0.02104176644413080
MODE,radius2_pristine,159,2.21871356908523287,0.05755819456197942,17.37372076400323451,0.00006545557615595,0.88707985424982438,0.11285469017401961
MODE,radius2_pristine,160,2.21929114677352901,0.05775265825424365,17.31522028990795903,0.00025257536552974,0.90412057631051834,0.09562684832395196
MODE,radius2_pristine,161,2.22036321127809977,0.04893469221192730,20.43539981142991380,0.00233570055305580,0.90209456880428573,0.09556973064265850
MODE,radius2_pristine,162,2.22188661235294660,0.05572263993992809,17.94602698432902699,0.00423437950810870,0.89663337676222254,0.09913224372966878
MODE,radius2_pristine,163,2.22334747373238439,0.07685816708073433,13.01097902776639614,0.00137330658606476,0.94549322152082926,0.05313347189310602
MODE,radius2_pristine,164,2.23664264422176284,0.03188009048667827,31.36753957514235225,0.10364171170617392,0.39636318278193128,0.49999510551189486
MODE,radius2_pristine,165,2.23664264422176284,0.02734653049078910,36.56771012823076461,0.16123982467268927,0.35062624113937524,0.48813393418793549
MODE,radius2_pristine,166,2.23664264422176284,0.04130547514610914,24.20986555566101828,0.04006974358002099,0.29088843311858165,0.66904182330139728
MODE,radius2_pristine,167,2.23664264422176284,0.03697873974010169,27.04256572907343781,0.02011087009049587,0.42303633303975080,0.55685279686975342
MODE,radius2_pristine,168,2.23664264422176773,0.02801952061832272,35.68940431286583959,0.15240918998144298,0.21880920413610067,0.62878160588245624
MODE,radius2_pristine,169,2.23664264422176773,0.03146315394563744,31.78320907458344635,0.11532696001065394,0.42432677317273987,0.46034626681660623
MODE,radius2_pristine,170,2.23664264422176773,0.02958382451183125,33.80225567522809627,0.11822117382311650,0.28926193461755656,0.59251689155932696
MODE,radius2_pristine,171,2.23664264422176773,0.03472699127139949,28.79604490307749387,0.05604859152622757,0.67183341054321211,0.27211799793056035
MODE,radius2_pristine,172,2.23664264422176773,0.03819554312647882,26.18106507056726073,0.03499392344284352,0.47989067326243218,0.48511540329472436
MODE,radius2_pristine,173,2.23664264422177350,0.02972836209669732,33.63791105434279416,0.01643206810012708,0.31716985279254262,0.66639807910733029
MODE,radius2_pristine,174,2.23664264422177350,0.03006060769795842,33.26612722030617419,0.01523937482660461,0.35839864140377103,0.62636198376962438
MODE,radius2_pristine,175,2.23664264422177350,0.04555312451694368,21.95239098534383970,0.09406718265806069,0.22706282758861809,0.67886998975332125
MODE,radius2_pristine,176,2.24032199615131722,0.01815903908680978,55.06899320054726843,0.06560031809461730,0.49381747057264297,0.44058221133273973
MODE,radius2_pristine,177,2.24456495508713072,0.02148899814339045,46.53544075564910543,0.05039052622818924,0.59885224059801212,0.35075723317379870
MODE,radius2_pristine,178,2.24677532507355471,0.01767336290386259,56.58232705567572651,0.05844195884015935,0.54670084465573587,0.39485719650410478
MODE,radius2_pristine,179,2.25018231966423299,0.02526986318476275,39.57283000261675454,0.01445876729680009,0.72997882760042765,0.25556240510277228
MODE,radius2_pristine,180,2.25496748143670445,0.04997159364678658,20.01136900032214427,0.00138377327937781,0.91006647483539693,0.08854975188522529
MODE,radius2_pristine,181,2.25809590218202372,0.02705798907153113,36.95766146391650864,0.03187787568776003,0.73360256858326900,0.23451955572897099
MODE,radius2_pristine,182,2.25857147846848649,0.03188386558094796,31.36382561459376106,0.02660880058215346,0.81760736503351861,0.15578383438432797
MODE,radius2_pristine,183,2.26223590779176664,0.02360955324097494,42.35573582411022642,0.02193751654503745,0.62652548305170241,0.35153700040326019
MODE,radius2_pristine,184,2.26860235938487387,0.01818898351833307,54.97833339571056399,0.05441691807836088,0.56093314522162796,0.38464993670001113
MODE,radius2_pristine,185,2.27050663548870313,0.01838795707645811,54.38342040075178829,0.03194612745529413,0.59497963408983745,0.37307423845486842
MODE,radius2_pristine,186,2.28016249424502693,0.02758167604215258,36.25595480389653602,0.02327741773442693,0.71514533309942030,0.26157724916615277
MODE,radius2_pristine,187,2.28366042018766313,0.02599185018402757,38.47359818249940133,0.01197337428234492,0.63452237049306370,0.35350425522459139
MODE,radius2_pristine,188,2.28755743147414892,0.02241736676862767,44.60827225254062967,0.04706642603769740,0.51020979160962854,0.44272378235267407
MODE,radius2_pristine,189,2.29070291130209247,0.01898294153795848,52.67887476766390620,0.03683200168960987,0.67408111395390791,0.28908688435648222
MODE,radius2_pristine,190,2.29526432372522349,0.02209673500140977,45.25555472046889349,0.04390874160086168,0.57963409120518039,0.37645716719395794
MODE,radius2_pristine,191,2.29875465115545818,0.01867084376831567,53.55944339789265740,0.02455944915107897,0.65592913204034597,0.31951141880857503
MODE,radius2_pristine,192,2.30212811151846974,0.02005856575995305,49.85401309182838503,0.04456505687324009,0.52834171055583845,0.42709323257092147
MODE,radius2_pristine,193,2.30461256857637187,0.03524550834250488,28.37240962117246923,0.04078269279095700,0.77618709816162179,0.18303020904742118
MODE,radius2_pristine,194,2.31165180029233808,0.01733009986883647,57.70307197122571097,0.03567341040517547,0.60430423101559683,0.36002235857922771
MODE,radius2_pristine,195,2.31259554026504199,0.02559789437625086,39.06571319115126784,0.10157196541250349,0.37705798088219855,0.52137005370529799
MODE,radius2_pristine,196,2.31530465339994196,0.02348303679919157,42.58393020252075445,0.02565752314738942,0.51525247393079121,0.45909000292181934
MODE,radius2_pristine,197,2.31699078652799972,0.01982138095482953,50.45057164679273143,0.03821118988164073,0.53886508962857649,0.42292372048978277
MODE,radius2_pristine,198,2.32604729531187404,0.02224614818779024,44.95160202829396923,0.13526108123341959,0.36086060084990657,0.50387831791667381
MODE,radius2_pristine,199,2.32675366798616867,0.02053457202424020,48.69836093099686281,0.07038652648035683,0.37941484260347064,0.55019863091617260
MODE,radius2_pristine,200,2.35883437317458133,0.04500917005011462,22.21769472502089471,0.01277704033439512,0.82328526579200356,0.16393769387360135
MODE,radius2_pristine,201,2.36014347525672630,0.03892577260925775,25.68992040410186206,0.00037520686811133,0.85703249984175855,0.14259229329013012
MODE,radius2_pristine,202,2.36343586778072279,0.02797349256500140,35.74812825664587734,0.02413721723836945,0.85320102468337566,0.12266175807825486
MODE,radius2_pristine,203,2.36878812614225831,0.02746883971251461,36.40488679048235099,0.01003786797425941,0.80060817713025523,0.18935395489548534
MODE,radius2_pristine,204,2.37426317421906541,0.03055415751488489,32.72877020133302040,0.02686098442550031,0.78612266492229321,0.18701635065220645
MODE,radius2_pristine,205,2.38094372866411241,0.02984808677440721,33.50298488335388924,0.01201274734931194,0.77103373897734473,0.21695351367334337
MODE,radius2_pristine,206,2.38570869112713879,0.02378999212841058,42.03448217226502948,0.01177418626736038,0.85959990789622109,0.12862590583641853
MODE,radius2_pristine,207,2.38982859319479868,0.02327557659688251,42.96348989841730770,0.02149519578100111,0.77795561502332589,0.20054918919567299
MODE,radius2_pristine,208,2.39742404004605003,0.02458854202370251,40.66934912350777864,0.02040540541750572,0.50458113608133004,0.47501345850116428
MODE,radius2_pristine,209,2.39911820964900890,0.01810602135578353,55.23024525101281768,0.05038119765398516,0.62384565306367323,0.32577314928234158
MODE,radius2_pristine,210,2.40049567346897952,0.02292831135020689,43.61420188019981481,0.15892061499491988,0.44915315916988940,0.39192622583519077
MODE,radius2_pristine,211,2.40581285395164057,0.01998946733911452,50.02634552663859324,0.01311127612422218,0.51757616896623870,0.46931255490953916
MODE,radius2_pristine,212,2.40999999675471610,0.02261445050716079,44.21951352226547272,0.11313799898474747,0.41282420318611451,0.47403779782913807
MODE,radius2_pristine,213,2.41054222359574011,0.02323505498796237,43.03841762018986827,0.00176915581164140,0.74243007164966424,0.25580077253869438
MODE,radius2_pristine,214,2.41171038931619286,0.02071002243599969,48.28579993528767744,0.01715757968159680,0.59617256822867193,0.38666985208973126
MODE,radius2_pristine,215,2.41560201123961660,0.02032380102677605,49.20339451673078912,0.00219205298806155,0.64992896684448198,0.34787898016745644
MODE,radius2_pristine,216,2.42356558713734049,0.02309525747686560,43.29893273550619881,0.13518196306016250,0.64162605874509904,0.22319197819473846
MODE,radius2_pristine,217,2.42362437235520511,0.02019935558289864,49.50652984428023728,0.00601203272279888,0.67093942225657910,0.32304854502062197
MODE,radius2_pristine,218,2.43104424272848929,0.02539391685027486,39.37950989979619010,0.11694336246516507,0.51321353671631476,0.36984310081852023
MODE,radius2_pristine,219,2.43522646823075872,0.02200723705891992,45.43959777061984795,0.01323460376358293,0.61408106772157378,0.37268432851484334
MODE,radius2_pristine,220,2.43548819380113768,0.02147902920546042,46.55703898134181884,0.01245259919755816,0.60896465450695147,0.37858274629549038
MODE,radius2_pristine,221,2.44578200557902825,0.01990899854495525,50.22854352728809602,0.06375398732193843,0.51384782619246538,0.42239818648559624
MODE,radius2_pristine,222,2.44924993518071554,0.02331314064410096,42.89426359434052216,0.02515778766887877,0.42783457991414453,0.54700763241697670
MODE,radius2_pristine,223,2.45467852477404147,0.01928521488212020,51.85319459038669265,0.00943863202978421,0.38034529963463620,0.61021606833557951
MODE,radius2_pristine,224,2.46290101755953517,0.01849878221284236,54.05761246844524237,0.14800043612030575,0.20440819863655732,0.64759136524313687
GROUP,radius2_pristine,0,1,1.10312864195543603,0.14731451653876915,0.21209240214396466
GROUP,radius2_pristine,1,2,1.11215068441533038,0.00773144156235480,0.39039506019752618
GROUP,radius2_pristine,2,3,1.11801607205608167,0.04499756760928039,0.41744269430703834
GROUP,radius2_pristine,3,4,1.12177524077561208,0.06751392422980561,0.52174374527389789
GROUP,radius2_pristine,4,5,1.13289703134229236,0.00482593020664207,0.57595062477974290
GROUP,radius2_pristine,5,6,1.13300560947658058,0.00838871624516299,0.59095043142080828
GROUP,radius2_pristine,6,7,1.13723595347403750,0.08720769228432126,0.45924807123702538
GROUP,radius2_pristine,7,8,1.14494376356216332,0.02586772476088476,0.67529360041334574
GROUP,radius2_pristine,8,9,1.14498114827153286,0.11477616292230003,0.51742234619611827
GROUP,radius2_pristine,9,10,1.15293131921473502,0.00750058518608273,0.57995633624231169
GROUP,radius2_pristine,10,11,1.15656586460940192,0.15547007098064011,0.37206958415513525
GROUP,radius2_pristine,11,12,1.15756468726214679,0.01221651010342864,0.49277847253457352
GROUP,radius2_pristine,12,13,1.15758867356807471,0.03986104545514886,0.48814768131720765
GROUP,radius2_pristine,13,14,1.16125155498795762,0.03121724648594663,0.52979157064795668
GROUP,radius2_pristine,14,15,1.16751187751009566,0.08876711852211483,0.23402443258482239
GROUP,radius2_pristine,15,16,1.16793924305973507,0.13361010762978878,0.42826456736924795
GROUP,radius2_pristine,16,17,1.18291187800843245,0.00767475545744025,0.83583768981163797
GROUP,radius2_pristine,17,18,1.19282248186480277,0.00920312607382315,0.89753602712793856
GROUP,radius2_pristine,18,19,1.20804866728416527,0.00275551622533893,0.91546002419311379
GROUP,radius2_pristine,19,20,1.22599581198473229,0.00017355286524816,0.97599820691423156
GROUP,radius2_pristine,20,21,1.25503303407694133,0.00004998245582030,0.98502228877945208
GROUP,radius2_pristine,21,22,1.26169430301269192,0.00202213361936864,0.95204615460598430
GROUP,radius2_pristine,22,23,1.26978088734039307,0.00283576366548760,0.94838415283647426
GROUP,radius2_pristine,23,24,1.27593981830288627,0.00011628274478705,0.93055935381344468
GROUP,radius2_pristine,24,25,1.27903365831039473,0.00435484567322689,0.90422918949558284
GROUP,radius2_pristine,25,26,1.33161002011316243,0.10253238828988917,0.52411604012606849
GROUP,radius2_pristine,26,27,1.33202212503955386,0.02889247348954132,0.52023586794350740
GROUP,radius2_pristine,27,28,1.33339528284744158,0.00124939838592476,0.75277427400127994
GROUP,radius2_pristine,28,29,1.33420854380509435,0.00303464591765758,0.84440111465804202
GROUP,radius2_pristine,29,30,1.33949562480036244,0.08680042056685441,0.64097991768882656
GROUP,radius2_pristine,30,31,1.34777622886938730,0.01782962912752116,0.51219153060977052
GROUP,radius2_pristine,31,32,1.35028673550428890,0.02502770527154007,0.28961154726022875
GROUP,radius2_pristine,32,33,1.35832514342353572,0.12317026324031836,0.68314445667715784
GROUP,radius2_pristine,33,34,1.36035550342922895,0.06620448293465221,0.42692081384604835
GROUP,radius2_pristine,34,35,1.36521933369906812,0.01967624007865013,0.78251062437978647
GROUP,radius2_pristine,35,36,1.36982922511890415,0.01109598713590576,0.73658257388007697
GROUP,radius2_pristine,36,37,1.37287970589786723,0.09635695476722121,0.53235446377846285
GROUP,radius2_pristine,37,38,1.38211070662768321,0.00991341914012112,0.57334151578710746
GROUP,radius2_pristine,38,39,1.38416425899204687,0.00506306667985984,0.69802643093959860
GROUP,radius2_pristine,39,40,1.39430183157652854,0.00108993424062283,0.93338050802343786
GROUP,radius2_pristine,40,41,1.40152232278272981,0.09149862462413989,0.74900355113913708
GROUP,radius2_pristine,41,42,1.40465152870294441,0.00224873467853151,0.69804930266580212
GROUP,radius2_pristine,42,43,1.41157465990297615,0.07619070997706394,0.68653209888123390
GROUP,radius2_pristine,43,44,1.41822054395271335,0.01618237905924446,0.70137659423619436
GROUP,radius2_pristine,44,45,1.42767001630762413,0.02897373826575533,0.61740600903363607
GROUP,radius2_pristine,45,46,1.43542583040697314,0.00576113835792494,0.83464339693568701
GROUP,radius2_pristine,46,47,1.45320376990291011,0.06157783309906135,0.66584069263213286
GROUP,radius2_pristine,47,48,1.45998684973480830,0.02798260230349355,0.62599724331438988
GROUP,radius2_pristine,48,49,1.47449377721993735,0.00836783152541487,0.64473609098396445
GROUP,radius2_pristine,49,50,1.49567026496725108,0.07770041027097251,0.45562355816178290
GROUP,radius2_pristine,50,62,1.63371635000771520,0.92780061441848205,4.44766750759664564
GROUP,radius2_pristine,62,63,1.63794877438691211,0.04842351452490097,0.55587138236948763
GROUP,radius2_pristine,63,64,1.64164272890485408,0.02213923088752724,0.70263795549089647
GROUP,radius2_pristine,64,65,1.64464686055618303,0.02659825971601702,0.77045063225506438
GROUP,radius2_pristine,65,66,1.64659331935403852,0.03975084927376560,0.58185006804402262
GROUP,radius2_pristine,66,67,1.64806147286441340,0.00050687250289890,0.87640193548787437
GROUP,radius2_pristine,67,68,1.64954416193107556,0.00016618846270088,0.88210995299437878
GROUP,radius2_pristine,68,69,1.65497442514513238,0.02864469260398653,0.77920399125586004
GROUP,radius2_pristine,69,70,1.66063304497955455,0.01642063927315575,0.63890656026400106
GROUP,radius2_pristine,70,71,1.66656609937211364,0.00588893313939818,0.74527942390655344
GROUP,radius2_pristine,71,72,1.66811735530374294,0.01066693806179313,0.75709595388360240
GROUP,radius2_pristine,72,73,1.67244192677813563,0.00209929058677749,0.79477443008673920
GROUP,radius2_pristine,73,74,1.67414181569236087,0.00236835082101541,0.77976983027352564
GROUP,radius2_pristine,74,75,1.68002727900943927,0.03860371700813377,0.59339705654461716
GROUP,radius2_pristine,75,76,1.68057383366351321,0.00371870288352881,0.93702537981433720
GROUP,radius2_pristine,76,77,1.69020824074021681,0.02701072071695823,0.81385138889360220
GROUP,radius2_pristine,77,78,1.69525286759388027,0.08076077630604832,0.51717405122938176
GROUP,radius2_pristine,78,79,1.70328429846547480,0.08313819332651057,0.48573036303824557
GROUP,radius2_pristine,79,80,1.70354246721185665,0.00000055501951425,0.99942507813300741
GROUP,radius2_pristine,80,81,1.70597494861419952,0.04357881574161560,0.63958495959037354
GROUP,radius2_pristine,81,82,1.70964198715532723,0.01392906177484922,0.69393097294129769
GROUP,radius2_pristine,82,83,1.71565025296160512,0.03036457193159467,0.45597983425538752
GROUP,radius2_pristine,83,84,1.71616657760635460,0.03803234601185770,0.51463023671234787
GROUP,radius2_pristine,84,85,1.71895050433426255,0.15329362055909734,0.39283403294113267
GROUP,radius2_pristine,85,86,1.72189781601084757,0.03677195496796071,0.78169383237780743
GROUP,radius2_pristine,86,87,1.72313625514382229,0.08692598029281116,0.44383182384855124
GROUP,radius2_pristine,87,88,1.72333452960391043,0.10144796993294229,0.26795223102251964
GROUP,radius2_pristine,88,89,1.72552853332386080,0.03819236035588909,0.51628578860640650
GROUP,radius2_pristine,89,90,1.72826674176641926,0.04810247631721879,0.62968329133405765
GROUP,radius2_pristine,90,91,1.73081374140876454,0.01943898308130854,0.74288456276613402
GROUP,radius2_pristine,91,92,1.73306307614793109,0.01348779475614377,0.63223429160585387
GROUP,radius2_pristine,92,93,1.73697017560861089,0.00287858245573650,0.88012070149008914
GROUP,radius2_pristine,93,94,1.74020171919523148,0.00523744928600251,0.91474589774152448
GROUP,radius2_pristine,94,95,1.74187211981758816,0.00249255664011670,0.90480693048375049
GROUP,radius2_pristine,95,100,1.74826283198306687,0.00000000000000000,5.00000000000000533
GROUP,radius2_pristine,100,105,1.74999999999999933,0.00000000000000000,5.00000000000000444
GROUP,radius2_pristine,105,106,1.77763130582652407,0.00014828244681799,0.97753356830318827
GROUP,radius2_pristine,106,107,1.77944337448005330,0.00017944198003441,0.98687217211842515
GROUP,radius2_pristine,107,108,1.78178151566565135,0.00005215472228569,0.99057526897000248
GROUP,radius2_pristine,108,109,1.78367933082117003,0.00000137170488151,0.99780261986947250
GROUP,radius2_pristine,109,110,1.79574990332659024,0.00011369966620844,0.91286456304014518
GROUP,radius2_pristine,110,111,1.79613939347103169,0.00028336066758049,0.94739165185833796
GROUP,radius2_pristine,111,112,1.79652140023130569,0.00031262714556630,0.96345070605824612
GROUP,radius2_pristine,112,113,1.79675360315137844,0.00051040334403229,0.96924803845793794
GROUP,radius2_pristine,113,114,1.79705768466247329,0.00000289960969245,0.99788121759680637
GROUP,radius2_pristine,114,115,1.80499923871627344,0.10488755919902121,0.29539800754199663
GROUP,radius2_pristine,115,116,1.80502301726399561,0.16525268710956678,0.20965002649125281
GROUP,radius2_pristine,116,117,1.80543967646429282,0.08506030977600015,0.45462311835110925
GROUP,radius2_pristine,117,118,1.80556326384915300,0.04138917038712709,0.42435921019077993
GROUP,radius2_pristine,118,119,1.80560027225789854,0.09116213525327714,0.35456678043628204
GROUP,radius2_pristine,119,120,1.80575858424701674,0.03969890146064350,0.58786194508801248
GROUP,radius2_pristine,120,121,1.80628969984947840,0.06469636299730815,0.52069660580341348
GROUP,radius2_pristine,121,122,1.80647827334236100,0.05957456731118143,0.49597121462308452
GROUP,radius2_pristine,122,123,1.80691874506143169,0.00967724760410494,0.87588051219321572
GROUP,radius2_pristine,123,124,1.80701466795833543,0.03952743892122576,0.61328000555003881
GROUP,radius2_pristine,124,125,1.80706990053331751,0.04757180139414070,0.57385934859945309
GROUP,radius2_pristine,125,126,1.80734462595278522,0.01071731833074287,0.51952649209626212
GROUP,radius2_pristine,126,127,1.80765075772541084,0.00570125809174501,0.70073507779320765
GROUP,radius2_pristine,127,128,1.80777402499032536,0.02867863398531143,0.56487257151258219
GROUP,radius2_pristine,128,129,1.80817814588510672,0.01925220922486257,0.57231907609732657
GROUP,radius2_pristine,129,130,1.80829056276238775,0.01085204818446854,0.66695667155306559
GROUP,radius2_pristine,130,131,1.80856808358565746,0.01737456041776252,0.58737268175138424
GROUP,radius2_pristine,131,132,1.80880965080564282,0.04261834337016276,0.68721652800763422
GROUP,radius2_pristine,132,133,1.80884205827546451,0.00414269177035218,0.86024067350566757
GROUP,radius2_pristine,133,134,1.80894724507888816,0.00080684073889109,0.87020112326894439
GROUP,radius2_pristine,134,135,1.80912575819051269,0.01728390401905452,0.74024630007348835
GROUP,radius2_pristine,135,136,1.80925608078393796,0.07460509039320817,0.47004708223811120
GROUP,radius2_pristine,136,137,1.80934067817667121,0.02710602171406921,0.65157265839011513
GROUP,radius2_pristine,137,138,1.80950091016890835,0.06320312084981543,0.48086181890590562
GROUP,radius2_pristine,138,150,1.80964100577051035,0.92780061441807316,4.44766750759747875
GROUP,radius2_pristine,150,155,2.18173716801693152,0.00000000000000000,5.00000000000000533
GROUP,radius2_pristine,155,156,2.19777002340453587,0.00000138944615152,0.99887417838286807
GROUP,radius2_pristine,156,157,2.19939978086433685,0.00005086911182606,0.99250394277700993
GROUP,radius2_pristine,157,158,2.20200204740608418,0.00023245951623135,0.98338576688017376
GROUP,radius2_pristine,158,159,2.20464421991405635,0.00014270608623848,0.97881552746963074
GROUP,radius2_pristine,159,160,2.21871356908523287,0.00006545557615595,0.88707985424982438
GROUP,radius2_pristine,160,161,2.21929114677352901,0.00025257536552974,0.90412057631051834
GROUP,radius2_pristine,161,162,2.22036321127809977,0.00233570055305580,0.90209456880428573
GROUP,radius2_pristine,162,163,2.22188661235294660,0.00423437950810870,0.89663337676222254
GROUP,radius2_pristine,163,164,2.22334747373238439,0.00137330658606476,0.94549322152082926
GROUP,radius2_pristine,164,176,2.23664264422176284,0.92780061441845685,4.44766750759661189
GROUP,radius2_pristine,176,177,2.24032199615131722,0.06560031809461730,0.49381747057264297
GROUP,radius2_pristine,177,178,2.24456495508713072,0.05039052622818924,0.59885224059801212
GROUP,radius2_pristine,178,179,2.24677532507355471,0.05844195884015935,0.54670084465573587
GROUP,radius2_pristine,179,180,2.25018231966423299,0.01445876729680009,0.72997882760042765
GROUP,radius2_pristine,180,181,2.25496748143670445,0.00138377327937781,0.91006647483539693
GROUP,radius2_pristine,181,182,2.25809590218202372,0.03187787568776003,0.73360256858326900
GROUP,radius2_pristine,182,183,2.25857147846848649,0.02660880058215346,0.81760736503351861
GROUP,radius2_pristine,183,184,2.26223590779176664,0.02193751654503745,0.62652548305170241
GROUP,radius2_pristine,184,185,2.26860235938487387,0.05441691807836088,0.56093314522162796
GROUP,radius2_pristine,185,186,2.27050663548870313,0.03194612745529413,0.59497963408983745
GROUP,radius2_pristine,186,187,2.28016249424502693,0.02327741773442693,0.71514533309942030
GROUP,radius2_pristine,187,188,2.28366042018766313,0.01197337428234492,0.63452237049306370
GROUP,radius2_pristine,188,189,2.28755743147414892,0.04706642603769740,0.51020979160962854
GROUP,radius2_pristine,189,190,2.29070291130209247,0.03683200168960987,0.67408111395390791
GROUP,radius2_pristine,190,191,2.29526432372522349,0.04390874160086168,0.57963409120518039
GROUP,radius2_pristine,191,192,2.29875465115545818,0.02455944915107897,0.65592913204034597
GROUP,radius2_pristine,192,193,2.30212811151846974,0.04456505687324009,0.52834171055583845
GROUP,radius2_pristine,193,194,2.30461256857637187,0.04078269279095700,0.77618709816162179
GROUP,radius2_pristine,194,195,2.31165180029233808,0.03567341040517547,0.60430423101559683
GROUP,radius2_pristine,195,196,2.31259554026504199,0.10157196541250349,0.37705798088219855
GROUP,radius2_pristine,196,197,2.31530465339994196,0.02565752314738942,0.51525247393079121
GROUP,radius2_pristine,197,198,2.31699078652799972,0.03821118988164073,0.53886508962857649
GROUP,radius2_pristine,198,199,2.32604729531187404,0.13526108123341959,0.36086060084990657
GROUP,radius2_pristine,199,200,2.32675366798616867,0.07038652648035683,0.37941484260347064
GROUP,radius2_pristine,200,201,2.35883437317458133,0.01277704033439512,0.82328526579200356
GROUP,radius2_pristine,201,202,2.36014347525672630,0.00037520686811133,0.85703249984175855
GROUP,radius2_pristine,202,203,2.36343586778072279,0.02413721723836945,0.85320102468337566
GROUP,radius2_pristine,203,204,2.36878812614225831,0.01003786797425941,0.80060817713025523
GROUP,radius2_pristine,204,205,2.37426317421906541,0.02686098442550031,0.78612266492229321
GROUP,radius2_pristine,205,206,2.38094372866411241,0.01201274734931194,0.77103373897734473
GROUP,radius2_pristine,206,207,2.38570869112713879,0.01177418626736038,0.85959990789622109
GROUP,radius2_pristine,207,208,2.38982859319479868,0.02149519578100111,0.77795561502332589
GROUP,radius2_pristine,208,209,2.39742404004605003,0.02040540541750572,0.50458113608133004
GROUP,radius2_pristine,209,210,2.39911820964900890,0.05038119765398516,0.62384565306367323
GROUP,radius2_pristine,210,211,2.40049567346897952,0.15892061499491988,0.44915315916988940
GROUP,radius2_pristine,211,212,2.40581285395164057,0.01311127612422218,0.51757616896623870
GROUP,radius2_pristine,212,213,2.40999999675471610,0.11313799898474747,0.41282420318611451
GROUP,radius2_pristine,213,214,2.41054222359574011,0.00176915581164140,0.74243007164966424
GROUP,radius2_pristine,214,215,2.41171038931619286,0.01715757968159680,0.59617256822867193
GROUP,radius2_pristine,215,216,2.41560201123961660,0.00219205298806155,0.64992896684448198
GROUP,radius2_pristine,216,217,2.42356558713734049,0.13518196306016250,0.64162605874509904
GROUP,radius2_pristine,217,218,2.42362437235520511,0.00601203272279888,0.67093942225657910
GROUP,radius2_pristine,218,219,2.43104424272848929,0.11694336246516507,0.51321353671631476
GROUP,radius2_pristine,219,220,2.43522646823075872,0.01323460376358293,0.61408106772157378
GROUP,radius2_pristine,220,221,2.43548819380113768,0.01245259919755816,0.60896465450695147
GROUP,radius2_pristine,221,222,2.44578200557902825,0.06375398732193843,0.51384782619246538
GROUP,radius2_pristine,222,223,2.44924993518071554,0.02515778766887877,0.42783457991414453
GROUP,radius2_pristine,223,224,2.45467852477404147,0.00943863202978421,0.38034529963463620
GROUP,radius2_pristine,224,225,2.46290101755953517,0.14800043612030575,0.20440819863655732
COUNT,radius2_defect,224,15,25
MODE,radius2_defect,0,1.10758072127219465,0.02860609007930476,34.95759110132480885,0.02723656293238935,0.34179871054154748,0.63096472652606317
MODE,radius2_defect,1,1.11218305666322248,0.03565726807181535,28.04477331202027912,0.00853809371439183,0.38502548357203892,0.60643642271356923
MODE,radius2_defect,2,1.11849525096575664,0.04155978483596438,24.06172226220562749,0.02297831870016872,0.40744476000621793,0.56957692129361326
MODE,radius2_defect,3,1.12446866810597967,0.03900012080888649,25.64094621399587837,0.01382697797982008,0.52961954521228383,0.45655347680789604
MODE,radius2_defect,4,1.13297525357565165,0.05574824841489254,17.93778331038757656,0.00038170863094451,0.52994322424194995,0.46967506712710549
MODE,radius2_defect,5,1.13301469842745606,0.05509565009332177,18.15025321066520192,0.00933843908277266,0.63773976884251726,0.35292179207471008
MODE,radius2_defect,6,1.13929912577253600,0.06214210569242989,16.09214861416933218,0.01800705290889529,0.52988252752602716,0.45211041956507758
MODE,radius2_defect,7,1.14494982152865887,0.05383558887228835,18.57507312443917513,0.00328246521009866,0.61006936411727952,0.38664817067262180
MODE,radius2_defect,8,1.14993962194332355,0.06533658485174583,15.30536072965986172,0.03878169667237381,0.54895597171973087,0.41226233160789527
MODE,radius2_defect,9,1.15311319670204804,0.04449981685433190,22.47200259887481977,0.01038364738491057,0.58168886170047263,0.40792749091461677
MODE,radius2_defect,10,1.15756277940565977,0.05912767893618084,16.91255293615271071,0.01134336814810751,0.48783115612534456,0.50082547572654790
MODE,radius2_defect,11,1.15758850393956769,0.07029623067145754,14.22551380704443780,0.03800103726452672,0.49509585494379621,0.46690310779167704
MODE,radius2_defect,12,1.15969078125745928,0.05506912093615984,18.15899696599975499,0.01853955837203850,0.28617921874754326,0.69528122288041827
MODE,radius2_defect,13,1.16341683431833331,0.09399730117269735,10.63860331652226243,0.01411663882998334,0.75315320594907043,0.23273015522094620
MODE,radius2_defect,14,1.16769592728674887,0.07185816034029052,13.91630394188236508,0.02761803344939990,0.30765447509128641,0.66472749145931365
MODE,radius2_defect,15,1.18220413708914207,0.06682759235436279,14.96387891243123214,0.01841702991782271,0.80697068464001209,0.17461228544216523
MODE,radius2_defect,16,1.19107888249280758,0.08430224229872750,11.86208068412308947,0.04437716256855515,0.86384526653360161,0.09177757089784322
MODE,radius2_defect,17,1.20542086576062624,0.10379224732216012,9.63463096522138152,0.23520308551057789,0.55762610331338458,0.20717081117603753
MODE,radius2_defect,18,1.21054696841665543,0.10946103035602955,9.13567135945487685,0.26703485798325111,0.50011316389417404,0.23285197812257485
MODE,radius2_defect,19,1.22601178729559535,0.16188315125630223,6.17729511835821299,0.00050831987115837,0.97482548961684656,0.02466619051199503
MODE,radius2_defect,20,1.25503503224382085,0.09400405948007967,10.63783846709204362,0.00007493593883781,0.98497106554215486,0.01495399851900736
MODE,radius2_defect,21,1.26200539214480467,0.09561952759520823,10.45811483438151690,0.00461524714780298,0.95050901812615152,0.04487573472604545
MODE,radius2_defect,22,1.27018536221974765,0.06777568292492803,14.75455438947997777,0.00634433683091788,0.94804250281034286,0.04561316035873930
MODE,radius2_defect,23,1.27594635809863366,0.10872542033711957,9.19748111250661715,0.00015407017993694,0.93003886702527772,0.06980706279478532
MODE,radius2_defect,24,1.27964182944342753,0.12681032603631656,7.88579314679480525,0.01046869799879400,0.89919463765223351,0.09033666434897247
MODE,radius2_defect,25,1.33192137926772025,0.06010281545163208,16.63815567516554950,0.00135903398170968,0.46100613577382615,0.53763483024446423
MODE,radius2_defect,26,1.33331836036790086,0.07129278065443731,14.02666568508657718,0.00242302961660399,0.79638489708200277,0.20119207330139321
MODE,radius2_defect,27,1.33410773117276826,0.05962392126102226,16.77179190583908408,0.00147594056516936,0.84351820424719504,0.15500585518763565
MODE,radius2_defect,28,1.33515239796953877,0.08021237810494135,12.46690378250232456,0.01246115421534568,0.74044886357002859,0.24708998221462575
MODE,radius2_defect,29,1.34149171025010006,0.04526724222873185,22.09102986541742553,0.05313686347692388,0.61397861454603841,0.33288452197703766
MODE,radius2_defect,30,1.34857440452053434,0.05949567607003885,16.80794414072698117,0.00790582164586525,0.50109763774195970,0.49099654061217501
MODE,radius2_defect,31,1.35040835894877631,0.04236268151923036,23.60568226886332255,0.02213886892414890,0.32539477117050358,0.65246635990534751
MODE,radius2_defect,32,1.36030558272477831,0.04620220347345862,21.64398935160011206,0.04227426294196179,0.45883800397439839,0.49888773308363982
MODE,radius2_defect,33,1.36254511910870812,0.05419342902048133,18.45242159565267315,0.04594994005608020,0.71585219184138671,0.23819786810253307
MODE,radius2_defect,34,1.36725519621179159,0.07988915570002629,12.51734345215605870,0.01034717427523375,0.83067886200422736,0.15897396372053885
MODE,radius2_defect,35,1.36990472183825918,0.03776362435360851,26.48050914383287946,0.01206944895352435,0.77111513976136070,0.21681541128511495
MODE,radius2_defect,36,1.38204216662861934,0.03235474016843034,30.90737229828645738,0.00921947442222160,0.56625330824709041,0.42452721733068799
MODE,radius2_defect,37,1.38404236524510194,0.03710259160244502,26.95229515811238130,0.00869405581888622,0.69309167651408476,0.29821426766702896
MODE,radius2_defect,38,1.39425617536633428,0.06769752250787694,14.77158931308963297,0.00218053707068785,0.92943305134268506,0.06838641158662706
MODE,radius2_defect,39,1.39700674403499137,0.03935592963247007,25.40913172014018073,0.06801115541668906,0.63330024715156352,0.29868859743174736
MODE,radius2_defect,40,1.40450937233628514,0.02832387827888865,35.30589950124716125,0.00738210749568893,0.73615157136279907,0.25646632114151202
MODE,radius2_defect,41,1.41107830048241567,0.06804550507667483,14.69604787080620589,0.28526667928602634,0.43134458378895951,0.28338873692501415
MODE,radius2_defect,42,1.41160259776284658,0.04662920369281032,21.44578763531808718,0.04822941256099018,0.70755093403786062,0.24421965340114915
MODE,radius2_defect,43,1.41825394004741234,0.02705998542654183,36.95493490617878507,0.01419184719270222,0.70437925549365332,0.28142889731364451
MODE,radius2_defect,44,1.42958150683321161,0.03213575250511115,31.11798921904664539,0.06137249581434556,0.62608683407634180,0.31254067010931263
MODE,radius2_defect,45,1.43646469774999752,0.03449593841753632,28.98892002577442639,0.01642188650545788,0.81427729592516973,0.16930081756937243
MODE,radius2_defect,46,1.45466768877090735,0.03312635373689410,30.18744555897987070,0.05227330683033441,0.73029654261187549,0.21743015055779014
MODE,radius2_defect,47,1.47041336188232119,0.03994210509825867,25.03623676168225742,0.14258447090123047,0.47741408518395295,0.38000144391481655
MODE,radius2_defect,48,1.47558246803248894,0.02926774888179615,34.16730149075375778,0.04290238769586763,0.57009694068756545,0.38700067161656693
MODE,radius2_defect,49,1.49591028645813484,0.02840485664046779,35.20524721027183546,0.09257395474969835,0.43934781099127757,0.46807823425902412
MODE,radius2_defect,50,1.63371635000771498,0.04873794829557635,20.51789283240640671,0.08085039846482904,0.30534818552817961,0.61380141600699134
MODE,radius2_defect,51,1.63371635000771498,0.04270116608642030,23.41856421382405884,0.02565573501765082,0.43701861030494987,0.53732565467739923
MODE,radius2_defect,52,1.63371635000771498,0.02161623089832158,46.26153396971930221,0.05728704524997227,0.51531113865467193,0.42740181609535577
MODE,radius2_defect,53,1.63371635000771498,0.02267260767664283,44.10608670436234746,0.02098647075758192,0.46513361106426399,0.51387991817815404
MODE,radius2_defect,54,1.63371635000771498,0.03186228148884043,31.38507204357741998,0.02266587749022340,0.42887095316058510,0.54846316934919148
MODE,radius2_defect,55,1.63371635000771498,0.03260788160942422,30.66743224776010734,0.03093386732868225,0.29823891171643407,0.67082722095488378
MODE,radius2_defect,56,1.63371635000771942,0.02412228583290088,41.45544111893739370,0.05441615904971521,0.44306507734385481,0.50251876360643000
MODE,radius2_defect,57,1.63371635000771942,0.03059330651107982,32.68688854007444888,0.10558059953824227,0.33651946297519902,0.55789993748655875
MODE,radius2_defect,58,1.63371635000771942,0.05583424305652935,17.91015594117664733,0.01724969997389108,0.53809886040038357,0.44465143962572540
MODE,radius2_defect,59,1.63371635000771942,0.05555246296227722,18.00100205600331194,0.02057808539612182,0.35376911187040810,0.62565280273347001
MODE,radius2_defect,60,1.63371635000771942,0.04002734699268812,24.98291980686784441,0.01677039096912347,0.27534093596965814,0.70788867306121839
MODE,radius2_defect,61,1.63790636351649677,0.01627952162277395,61.42686641363390265,0.04323815488328641,0.55783398487617519,0.39892786024053839
MODE,radius2_defect,62,1.64127466841649894,0.02218031969299857,45.08501292322038978,0.00180875124406249,0.66988875305673823,0.32830249569919923
MODE,radius2_defect,63,1.64436278268019298,0.02651554513785075,37.71372584652264948,0.02090447552487279,0.70767693327098291,0.27141859120414424
MODE,radius2_defect,64,1.64585741738317637,0.02645258890135937,37.80348319512163613,0.00521749320240891,0.65765051058770596,0.33713199620988510
MODE,radius2_defect,65,1.64806129453363037,0.08283062464450579,12.07282939482614026,0.00049832407201309,0.87636643684042914,0.12313523908755775
MODE,radius2_defect,66,1.64954334990242013,0.10868221537469067,9.20113743129379280,0.00013239847825853,0.88199922672419562,0.11786837479754586
MODE,radius2_defect,67,1.65497260113557432,0.04326268719759271,23.11460671485158258,0.02830116924013945,0.78104597567123280,0.19065285508862773
MODE,radius2_defect,68,1.66021690830292967,0.02519948728563862,39.68334707229966796,0.00998435329250051,0.63931806023968007,0.35069758646781946
MODE,radius2_defect,69,1.66645883827834895,0.02709180189398474,36.91153522800684073,0.00500066921947725,0.74631983415446213,0.24867949662606059
MODE,radius2_defect,70,1.66798576229944073,0.02302597645552758,43.42921143567579634,0.00752996621579627,0.75865588262153627,0.23381415116266746
MODE,radius2_defect,71,1.67235271077189629,0.03406174600773968,29.35844803060814812,0.00197825009849744,0.79856318852808350,0.19945856137341911
MODE,radius2_defect,72,1.67409312121760845,0.05046272831749707,19.81660590581400427,0.00176723481616170,0.76873019968760625,0.22950256549623205
MODE,radius2_defect,73,1.67993301325982380,0.02547093180651147,39.26044039520991191,0.03233546823302110,0.62881908952848609,0.33884544223849278
MODE,radius2_defect,74,1.68055166719460969,0.05374001387876040,18.60810833164352474,0.00694877265703822,0.90403437369204953,0.08901685365091228
MODE,radius2_defect,75,1.68493669145298841,0.02872398215946300,34.81411436786294900,0.06336761674103708,0.42435780600699069,0.51227457725197223
MODE,radius2_defect,76,1.69112591989842720,0.03254760700734794,30.72422497218429172,0.03637682184891623,0.74925573902626696,0.21436743912481682
MODE,radius2_defect,77,1.69909636987215884,0.02480940513820915,40.30729452919822364,0.06657708887433016,0.47340544981017274,0.46001746131549714
MODE,radius2_defect,78,1.70354246503155338,0.40099094451529915,2.49382190215980470,0.00000019580817437,0.99942346223772971,0.00057634195409595
MODE,radius2_defect,79,1.70593767346648928,0.02956509914931886,33.82366468481939137,0.04122175675619203,0.64768020391863490,0.31109803932517310
MODE,radius2_defect,80,1.70955628221282585,0.03803086469215908,26.29443237997616833,0.01856068788991895,0.72837267814675044,0.25306663396333062
MODE,radius2_defect,81,1.71292982010251382,0.05854279147892467,17.08152233157516164,0.04724767848942042,0.34348295004175722,0.60926937146882232
MODE,radius2_defect,82,1.71598134073939668,0.04730214635218886,21.14068973856882749,0.00690056310495262,0.55514395868402133,0.43795547821102609
MODE,radius2_defect,83,1.71848723732059283,0.04597095066931878,21.75286752700123216,0.13393135120432928,0.31876279567768895,0.54730585311798174
MODE,radius2_defect,84,1.71984478555736264,0.05307609672818357,18.84087304161153398,0.03917385057348986,0.74523033544430040,0.21559581398220973
MODE,radius2_defect,85,1.72250596756472674,0.03555056352165900,28.12894933130258579,0.01748598876304068,0.67282682047731257,0.30968719075964679
MODE,radius2_defect,86,1.72333440018191020,0.05476053152263410,18.26132749618530227,0.10337349410253925,0.27040180539416842,0.62622470050329238
MODE,radius2_defect,87,1.72485405020802918,0.03388893269541895,29.50815857753993043,0.07220317237986862,0.53272218073808097,0.39507464688205041
MODE,radius2_defect,88,1.72707351566066269,0.09902145136943533,10.09882188324162655,0.01470614584479109,0.63984448296884511,0.34544937118636376
MODE,radius2_defect,89,1.73059247286087636,0.07241343903396062,13.80959133194900090,0.01471640396863299,0.80776475572088424,0.17751884031048282
MODE,radius2_defect,90,1.73277435187781181,0.08156229942523496,12.26056654909124610,0.03119549521271092,0.62257081828442085,0.34623368650286823
MODE,radius2_defect,91,1.73695808025249310,0.10481123845445464,9.54096158719226040,0.01055229276615839,0.86606049338184277,0.12338721385199880
MODE,radius2_defect,92,1.73837733802984262,0.31250862841803290,3.19991164743884005,0.55818760281963109,0.20542557489824112,0.23638682228212779
MODE,radius2_defect,93,1.74043983077012987,0.11525367793043376,8.67651269752616905,0.09132051910532057,0.80943885436910357,0.09924062652557586
MODE,radius2_defect,94,1.74193702774016890,0.13932956705004171,7.17722749860292986,0.02357443914871911,0.87967780722941646,0.09674775362186439
MODE,radius2_defect,95,1.74826283198306753,0.17742501897215207,5.63618370054651674,0.00000000000000000,1.00000000000000067,-0.00000000000000067
MODE,radius2_defect,96,1.74826283198306753,0.61189278301111127,1.63427323832620064,0.00000000000000000,1.00000000000000333,-0.00000000000000333
MODE,radius2_defect,97,1.74826283198306753,0.39698701987449259,2.51897404684956694,0.00000000000000000,1.00000000000000067,-0.00000000000000067
MODE,radius2_defect,98,1.74826283198306753,0.29039233270416981,3.44361709101571201,0.00000000000000000,1.00000000000000244,-0.00000000000000244
MODE,radius2_defect,99,1.74826283198306753,0.18614456361919088,5.37216870886313291,0.00000000000000000,1.00000000000000000,0.00000000000000000
MODE,radius2_defect,100,1.75000000000000111,0.99824363889529644,1.00175945133659683,0.00000000000000000,1.00000000000000289,-0.00000000000000289
MODE,radius2_defect,101,1.75000000000000111,0.46838253617487324,2.13500701406733162,0.00000000000000000,1.00000000000000067,-0.00000000000000067
MODE,radius2_defect,102,1.75000000000000111,1.00000000000000000,1.00000000000000000,0.00000000000000000,1.00000000000000000,0.00000000000000000
MODE,radius2_defect,103,1.75000000000000111,0.50683087052190556,1.97304477324014815,0.00000000000000000,1.00000000000000111,-0.00000000000000111
MODE,radius2_defect,104,1.75000000000000111,0.82513626488378466,1.21192103966105980,0.00000000000000000,1.00000000000000155,-0.00000000000000155
MODE,radius2_defect,105,1.77763316705760777,0.10393584478502127,9.62131978691643042,0.00013098092774405,0.97753525372482153,0.02233376534743436
MODE,radius2_defect,106,1.77944493839209117,0.09233484321125353,10.83014781009692129,0.00013839614008193,0.98686889084281515,0.01299271301710292
MODE,radius2_defect,107,1.78178164056809996,0.09223555270464917,10.84180633906034608,0.00004244217621664,0.99057936918242995,0.00937818864135342
MODE,radius2_defect,108,1.78367933130471967,0.08122533638048487,12.31142946968772556,0.00000144407486392,0.99780256557378522,0.00219599035135087
MODE,radius2_defect,109,1.79575011053153699,0.15059051326397638,6.64052454783163082,0.00009732544585729,0.91293743346604450,0.08696524108809822
MODE,radius2_defect,110,1.79614145101373501,0.15981524182937543,6.25722545955683263,0.00010745996202929,0.94785220144740789,0.05204033859056278
MODE,radius2_defect,111,1.79652146418736081,0.14886790717881024,6.71736453444506676,0.00030712464722368,0.96347403030946166,0.03621884504331463
MODE,radius2_defect,112,1.79675853830156296,0.17188996750363983,5.81767519374756237,0.00004247259977001,0.96997769671677159,0.02997983068345844
MODE,radius2_defect,113,1.79705770470133142,0.39711210943948516,2.51818057477893964,0.00000091478870588,0.99787923175829729,0.00211985345299681
MODE,radius2_defect,114,1.80499949922431724,0.04870281675895113,20.53269331318930924,0.10821632348464405,0.27996214902510286,0.61182152749025309
MODE,radius2_defect,115,1.80527593114517293,0.04542295199512058,22.01530187001985084,0.03638931325191699,0.37895208564080518,0.58465860110727785
MODE,radius2_defect,116,1.80551348612370433,0.04577807591671965,21.84451792642440893,0.02654414302472838,0.48204627498434610,0.49140958199092549
MODE,radius2_defect,117,1.80560023301740302,0.04672911505153942,21.39993447119766401,0.09069073847609191,0.36112879929833197,0.54818046222557615
MODE,radius2_defect,118,1.80568202588920235,0.04202444174011195,23.79567600645862058,0.00655593463278354,0.63879294742807102,0.35465111793914539
MODE,radius2_defect,119,1.80608015717583870,0.05667789210727431,17.64356370394472151,0.03072342592329215,0.57127335205668450,0.39800322202002336
MODE,radius2_defect,120,1.80638561921766128,0.03400024175382382,29.41155557776395568,0.05777798038008466,0.47915297589166478,0.46306904372825058
MODE,radius2_defect,121,1.80677451766152131,0.04139135636686144,24.15963350262702392,0.01701868959013835,0.54877950053275038,0.43420180987711132
MODE,radius2_defect,122,1.80692808707614994,0.09286482630828227,10.76833974448314457,0.00466850982132421,0.90309248281560972,0.09223900736306612
MODE,radius2_defect,123,1.80706989620741876,0.02831445901408164,35.31764458231992165,0.04759015337801692,0.57580312705285286,0.37660671956913017
MODE,radius2_defect,124,1.80730524190256814,0.07225807655577757,13.83928340838243010,0.01124557019059543,0.46162826456045242,0.52712616524895206
MODE,radius2_defect,125,1.80739857935003778,0.05622587598824197,17.78540542808299563,0.00376118254181672,0.37588298457124647,0.62035583288693685
MODE,radius2_defect,126,1.80765603642869555,0.05930316224149586,16.86250719527863140,0.00407932522343540,0.69269790183968805,0.30322277293687661
MODE,radius2_defect,127,1.80792719137456936,0.04529239863435864,22.07876001606600269,0.01731886114005020,0.58851112086599677,0.39417001799395301
MODE,radius2_defect,128,1.80824590722534384,0.04052643975571286,24.67524919602723799,0.01326417189238422,0.61687628077562329,0.36985954733199244
MODE,radius2_defect,129,1.80833957263576095,0.03138313880089386,31.86424424734462590,0.02263152265805274,0.55054129655216677,0.42682718078978055
MODE,radius2_defect,130,1.80862040188778583,0.04063723864198519,24.60797124553708315,0.00857216958574614,0.57751627154176732,0.41391155887248654
MODE,radius2_defect,131,1.80881057547560231,0.05180917844795849,19.30159925242752905,0.04220108939807959,0.68311227574880506,0.27468663485311540
MODE,radius2_defect,132,1.80884240654589856,0.13357993683280497,7.48615416139661516,0.00453830909052914,0.85600194954322717,0.13945974136624373
MODE,radius2_defect,133,1.80894823075580136,0.09508381033878380,10.51703751077074145,0.00050201207616257,0.87144081653398076,0.12805717138985673
MODE,radius2_defect,134,1.80913397348964278,0.04425466817261944,22.59648623054651040,0.00921954926802055,0.76897967165472014,0.22180077907725926
MODE,radius2_defect,135,1.80928547107195770,0.03119045530915965,32.06109016646293242,0.02311021638639592,0.52570818046356316,0.45118160315004097
MODE,radius2_defect,136,1.80936562997905859,0.03376371031939603,29.61759802285520848,0.00425571970823982,0.55386804201009143,0.44187623828166878
MODE,radius2_defect,137,1.80950297596728427,0.02185548170937112,45.75511138568148084,0.05486392917368862,0.48545219324917377,0.45968387757713758
MODE,radius2_defect,138,1.80964100577051190,0.03476975779331443,28.76062599988203772,0.02319355346344600,0.35748787059212500,0.61931857594442907
MODE,radius2_defect,139,1.80964100577051190,0.04661402452143054,21.45277114058785983,0.15170386805193575,0.19903641481052087,0.64925971713754338
MODE,radius2_defect,140,1.80964100577051190,0.04889935757093494,20.45016641679532654,0.04657625549877045,0.35249200270083964,0.60093174180038988
MODE,radius2_defect,141,1.80964100577051190,0.03432445363037780,29.13374851551841971,0.01594701284581596,0.50183252942192980,0.48222045773225419
MODE,radius2_defect,142,1.80964100577051190,0.04752103670995956,21.04331195683737832,0.01255929270069811,0.33086581777557467,0.65657488952372722
MODE,radius2_defect,143,1.80964100577051190,0.05848828986137852,17.09743954507940700,0.01115751883438679,0.51806059677177629,0.47078188439383695
MODE,radius2_defect,144,1.80964100577051190,0.03847794167970223,25.98891615160166069,0.01399909370298708,0.38750723755596572,0.59849366874104715
MODE,radius2_defect,145,1.80964100577051190,0.04222535948843833,23.68245083322046440,0.05884278429777672,0.43256070275588443,0.50859651294633890
MODE,radius2_defect,146,1.80964100577051656,0.06322056507259020,15.81763780269591813,0.02550883615369994,0.36424376437279377,0.61024739947350626
MODE,radius2_defect,147,1.80964100577051656,0.03879805024950780,25.77449107800684303,0.02332132728779434,0.47675061883985315,0.49992805387235251
MODE,radius2_defect,148,1.80964100577051656,0.06504553283186577,15.37384592705035935,0.07016478639928866,0.47587730339047385,0.45395791021023746
MODE,radius2_defect,149,1.84022963871055634,0.90200609314022517,1.10863996108786900,0.97498650300644940,0.00000202183317767,0.02501147516037293
MODE,radius2_defect,150,2.18173716801692574,0.27264368879282863,3.66779075073276761,0.00000000000000000,1.00000000000000022,-0.00000000000000022
MODE,radius2_defect,151,2.18173716801693018,0.23794673389823348,4.20262124895434042,0.00000000000000000,0.99999999999999889,0.00000000000000111
MODE,radius2_defect,152,2.18173716801693018,0.18903338002575834,5.29007099097385058,0.00000000000000000,1.00000000000000089,-0.00000000000000089
MODE,radius2_defect,153,2.18173716801693596,0.34187719521759197,2.92502692191427860,0.00000000000000000,0.99999999999999989,0.00000000000000011
MODE,radius2_defect,154,2.18173716801693862,0.19492586577080737,5.13015548780885666,0.00000000000000000,1.00000000000000222,-0.00000000000000222
MODE,radius2_defect,155,2.19777004324275405,0.12958428986339440,7.71698483708313177,0.00000087126459558,0.99887571789990159,0.00112341083550282
MODE,radius2_defect,156,2.19940025081130219,0.12789236133703166,7.81907527193687546,0.00003774879668041,0.99253513442161367,0.00742711678170593
MODE,radius2_defect,157,2.20200295449920214,0.12946850939179977,7.72388594491177205,0.00020127835394880,0.98343835221615727,0.01636036942989394
MODE,radius2_defect,158,2.20464433495959433,0.13053575644640172,7.66073623981029517,0.00013658849327148,0.97881586125800968,0.02104755024871885
MODE,radius2_defect,159,2.21871364564132323,0.05756963785340746,17.37026733686169067,0.00006197585070462,0.88710141000765597,0.11283661414163937
MODE,radius2_defect,160,2.21929322686192387,0.05765081931720974,17.34580725553510305,0.00015217378373737,0.90436380128111649,0.09548402493514618
MODE,radius2_defect,161,2.22036394151452221,0.04894989653357759,20.42905237427910947,0.00230620089618341,0.90202801220142625,0.09566578690239036
MODE,radius2_defect,162,2.22193928711699584,0.05484635343412111,18.23275272441135897,0.00128757128268784,0.90029992564855199,0.09841250306876015
MODE,radius2_defect,163,2.22336321710487539,0.07476845891029689,13.37462366583943307,0.00043721857038550,0.94616597618912757,0.05339680524048696
MODE,radius2_defect,164,2.23664264422176551,0.04055539423475035,24.65763232904634350,0.01568320349134786,0.52792302710186223,0.45639376940678988
MODE,radius2_defect,165,2.23664264422176551,0.02519863139367214,39.68469494938995012,0.00159994767190304,0.45004641769563208,0.54835363463246489
MODE,radius2_defect,166,2.23664264422176551,0.02954371231499715,33.84814979708470872,0.00227080733047119,0.37795446740169059,0.61977472526783817
MODE,radius2_defect,167,2.23664264422176551,0.03685261477064766,27.13511663211695080,0.05318706529121213,0.22583508507927053,0.72097784962951739
MODE,radius2_defect,168,2.23664264422176551,0.03620151073263123,27.62315659657325639,0.03222586046453969,0.37522096670202876,0.59255317283343156
MODE,radius2_defect,169,2.23664264422176551,0.02194866363286185,45.56086041169202616,0.10207342225687914,0.34919917384948124,0.54872740389363961
MODE,radius2_defect,170,2.23664264422176551,0.03079925205607689,32.46832092478341281,0.07777238285772776,0.31122865295879176,0.61099896418348043
MODE,radius2_defect,171,2.23664264422176551,0.02855979779004768,35.01425350947242521,0.02595850560914536,0.45952931531802532,0.51451217907282931
MODE,radius2_defect,172,2.23664264422177128,0.05452839750738242,18.33906818671158234,0.00365955197641246,0.60902920694608098,0.38731124107750659
MODE,radius2_defect,173,2.23664264422177128,0.02962960119582100,33.75003238791622806,0.12626389821935130,0.31348686794403863,0.56024923383661007
MODE,radius2_defect,174,2.23664264422177128,0.06205708708661953,16.11419496058840295,0.01227968406703828,0.39726167799169970,0.59045863794126197
MODE,radius2_defect,175,2.24027254391383668,0.01767949712635930,56.56269479005978695,0.05883479296999738,0.49479089484397853,0.44637431218602408
MODE,radius2_defect,176,2.24351227957501598,0.02706597009050236,36.94676365399912044,0.00377493971824993,0.51054966640473420,0.48567539387701586
MODE,radius2_defect,177,2.24623476561207536,0.02044536868582930,48.91083234381098777,0.03330234126374614,0.56607921499764102,0.40061844373861288
MODE,radius2_defect,178,2.24987377158230162,0.02574278467345674,38.84583632597816916,0.00383477573378173,0.77386692481177044,0.22229829945444779
MODE,radius2_defect,179,2.25494875962501862,0.04976368627619152,20.09497436443792751,0.00051804747491361,0.91236729306643083,0.08711465945865560
MODE,radius2_defect,180,2.25799233532642063,0.02514355930372639,39.77161657664733951,0.04254533602643364,0.66578573514139894,0.29166892883216744
MODE,radius2_defect,181,2.25851971929773221,0.04044989364754408,24.72194386253262977,0.01945132146373281,0.85252693350111486,0.12802174503515229
MODE,radius2_defect,182,2.26077133440046119,0.02720086339726387,36.76353891401072360,0.00576433054235834,0.60135464632699032,0.39288102313065132
MODE,radius2_defect,183,2.26702177293914264,0.02227690921574199,44.88953069366326076,0.02187964878231929,0.55642461097863816,0.42169574023904255
MODE,radius2_defect,184,2.27028928559931575,0.01710577537384055,58.45978788715276409,0.01740003857635922,0.64163876972734235,0.34096119169629846
MODE,radius2_defect,185,2.27659975730239328,0.02826529301887242,35.37907777330704562,0.07556699855117976,0.37642849003899997,0.54800451140982021
MODE,radius2_defect,186,2.28054126975018390,0.02755414107813236,36.29218552537732734,0.03127231224462011,0.65655166554127831,0.31217602221410157
MODE,radius2_defect,187,2.28462631967808916,0.02295231626430162,43.56858752226798970,0.01131607104854455,0.56588058753188308,0.42280334141957232
MODE,radius2_defect,188,2.28854197360702472,0.02191189159161902,45.63731961792314706,0.03433580845635568,0.59197942167815931,0.37368476986548504
MODE,radius2_defect,189,2.29330955297368666,0.02722344068704435,36.73304970873503095,0.02612422667430592,0.67824711171095409,0.29562866161474000
MODE,radius2_defect,190,2.29725409454582374,0.02340703712930692,42.72219480302972983,0.00700308515465128,0.65437783396585836,0.33861908087949033
MODE,radius2_defect,191,2.30181636253894162,0.02082379543975277,48.02198537212832008,0.02192874907977491,0.59958313965506027,0.37848811126516479
MODE,radius2_defect,192,2.30262512208131875,0.02278047360744501,43.89724363207201918,0.04337732329317961,0.69267483359388771,0.26394784311293273
MODE,radius2_defect,193,2.30962329201138861,0.04118430964922527,24.28109171956974066,0.01074130002950876,0.64816593296968217,0.34109276700080904
MODE,radius2_defect,194,2.31240707065364282,0.02282170015066536,43.81794491199839570,0.09612370294306387,0.45057188660092351,0.45330441045601266
MODE,radius2_defect,195,2.31291185512220787,0.02221899979033731,45.00652637095232222,0.03805364257115175,0.56492198744846878,0.39702436998037949
MODE,radius2_defect,196,2.31618012099386839,0.02355793086121128,42.44854974281824411,0.01248571377743708,0.61597290069554389,0.37154138552701899
MODE,radius2_defect,197,2.32262135468810094,0.02549930249384825,39.21675897767210017,0.03696702401865497,0.39059252454594307,0.57244045143540201
MODE,radius2_defect,198,2.32674451002164862,0.02043351199441085,48.93921320395283203,0.06712675605664653,0.38993839177959039,0.54293485216376314
MODE,radius2_defect,199,2.35494914617892137,0.06251313265002978,15.99663874786674356,0.20629224301143753,0.56465179491262074,0.22905596207594170
MODE,radius2_defect,200,2.36013703548470000,0.04180988501579166,23.91778881052407257,0.00062777517806590,0.85085037740060032,0.14852184742133379
MODE,radius2_defect,201,2.36075431019155868,0.04616335203190591,21.66220510392849263,0.03964392807039330,0.84027955529927323,0.12007651663033347
MODE,radius2_defect,202,2.36729929414899454,0.05796093523242001,17.25299973145805410,0.03769463757590341,0.77269244947484350,0.18961291294925309
MODE,radius2_defect,203,2.37102012060104661,0.04124634016467437,24.24457530068218958,0.04102556290909878,0.75553476370072437,0.20343967339017688
MODE,radius2_defect,204,2.38004431970453467,0.04928936770291742,20.28835115165842140,0.05687789996189299,0.72546531732600517,0.21765678271210187
MODE,radius2_defect,205,2.38259772069307685,0.04873998431260686,20.51703573776786627,0.05754721893875941,0.71471063192401951,0.22774214913722113
MODE,radius2_defect,206,2.38740329096943116,0.02262933233843092,44.19043324144924867,0.05315525563060952,0.76426094960816404,0.18258379476122644
MODE,radius2_defect,207,2.38991753828897391,0.02669135840397289,37.46530936586406568,0.00893296077059797,0.79339463121862375,0.19767240801077823
MODE,radius2_defect,208,2.39743565240269785,0.02543930895178399,39.30924389083583037,0.02122968740182216,0.51064099184307021,0.46812932075510760
MODE,radius2_defect,209,2.39917315746411886,0.01821810536126314,54.89044992166328996,0.02782298424841923,0.64098822591590632,0.33118878983567446
MODE,radius2_defect,210,2.40551738072800569,0.02369184577546306,42.20861512764319912,0.00499722593246519,0.53106211015805438,0.46394066390948041
MODE,radius2_defect,211,2.40974785843556472,0.02172567563994220,46.02848797767747158,0.10084289232818665,0.42877433261204734,0.47038277505976600
MODE,radius2_defect,212,2.41051825036134115,0.02186299257363705,45.73939256631432926,0.00297288306144731,0.73174918261275435,0.26527793432579838
MODE,radius2_defect,213,2.41162110892782033,0.02301853369313498,43.44325374201566348,0.02036826686318824,0.60170696692952852,0.37792476620728321
MODE,radius2_defect,214,2.41502353402899361,0.02550501176707971,39.20798034254342923,0.01722253103669085,0.58967257904774051,0.39310488991556869
MODE,radius2_defect,215,2.41624770954084234,0.02123406427271456,47.09414020588533134,0.02129688993811592,0.70118102033294749,0.27752208972893655
MODE,radius2_defect,216,2.42362396787793610,0.02036238738123957,49.11015497727579060,0.00346110390360284,0.67950361552174043,0.31703528057465669
MODE,radius2_defect,217,2.42849912826146719,0.01976413863283624,50.59669022653965698,0.01527531086693916,0.57134470610024513,0.41337998303281576
MODE,radius2_defect,218,2.43518779926300466,0.02287036779770900,43.72470127481611968,0.01205501199778279,0.57801305796119651,0.40993193004102069
MODE,radius2_defect,219,2.43531568979748769,0.02162133057749561,46.25062256995607868,0.00119549463191848,0.63336739268024489,0.36543711268783663
MODE,radius2_defect,220,2.44367363593641240,0.01723728529309971,58.01377554505709355,0.01255960714393558,0.55851674879463187,0.42892364406143257
MODE,radius2_defect,221,2.44924185212191947,0.02323385765407300,43.04063556250184774,0.02674510889755703,0.43100700707185369,0.54224788403058932
MODE,radius2_defect,222,2.45464356274678330,0.01979526074575876,50.51714209999761351,0.00909412222939135,0.37104006421777930,0.61986581355282944
MODE,radius2_defect,223,2.45868356857990822,0.01514559631524849,66.02579252645246299,0.02746129173322043,0.31813391364382115,0.65440479462295842
GROUP,radius2_defect,0,1,1.10758072127219465,0.02723656293238935,0.34179871054154748
GROUP,radius2_defect,1,2,1.11218305666322248,0.00853809371439183,0.38502548357203892
GROUP,radius2_defect,2,3,1.11849525096575664,0.02297831870016872,0.40744476000621793
GROUP,radius2_defect,3,4,1.12446866810597967,0.01382697797982008,0.52961954521228383
GROUP,radius2_defect,4,5,1.13297525357565165,0.00038170863094451,0.52994322424194995
GROUP,radius2_defect,5,6,1.13301469842745606,0.00933843908277266,0.63773976884251726
GROUP,radius2_defect,6,7,1.13929912577253600,0.01800705290889529,0.52988252752602716
GROUP,radius2_defect,7,8,1.14494982152865887,0.00328246521009866,0.61006936411727952
GROUP,radius2_defect,8,9,1.14993962194332355,0.03878169667237381,0.54895597171973087
GROUP,radius2_defect,9,10,1.15311319670204804,0.01038364738491057,0.58168886170047263
GROUP,radius2_defect,10,11,1.15756277940565977,0.01134336814810751,0.48783115612534456
GROUP,radius2_defect,11,12,1.15758850393956769,0.03800103726452672,0.49509585494379621
GROUP,radius2_defect,12,13,1.15969078125745928,0.01853955837203850,0.28617921874754326
GROUP,radius2_defect,13,14,1.16341683431833331,0.01411663882998334,0.75315320594907043
GROUP,radius2_defect,14,15,1.16769592728674887,0.02761803344939990,0.30765447509128641
GROUP,radius2_defect,15,16,1.18220413708914207,0.01841702991782271,0.80697068464001209
GROUP,radius2_defect,16,17,1.19107888249280758,0.04437716256855515,0.86384526653360161
GROUP,radius2_defect,17,18,1.20542086576062624,0.23520308551057789,0.55762610331338458
GROUP,radius2_defect,18,19,1.21054696841665543,0.26703485798325111,0.50011316389417404
GROUP,radius2_defect,19,20,1.22601178729559535,0.00050831987115837,0.97482548961684656
GROUP,radius2_defect,20,21,1.25503503224382085,0.00007493593883781,0.98497106554215486
GROUP,radius2_defect,21,22,1.26200539214480467,0.00461524714780298,0.95050901812615152
GROUP,radius2_defect,22,23,1.27018536221974765,0.00634433683091788,0.94804250281034286
GROUP,radius2_defect,23,24,1.27594635809863366,0.00015407017993694,0.93003886702527772
GROUP,radius2_defect,24,25,1.27964182944342753,0.01046869799879400,0.89919463765223351
GROUP,radius2_defect,25,26,1.33192137926772025,0.00135903398170968,0.46100613577382615
GROUP,radius2_defect,26,27,1.33331836036790086,0.00242302961660399,0.79638489708200277
GROUP,radius2_defect,27,28,1.33410773117276826,0.00147594056516936,0.84351820424719504
GROUP,radius2_defect,28,29,1.33515239796953877,0.01246115421534568,0.74044886357002859
GROUP,radius2_defect,29,30,1.34149171025010006,0.05313686347692388,0.61397861454603841
GROUP,radius2_defect,30,31,1.34857440452053434,0.00790582164586525,0.50109763774195970
GROUP,radius2_defect,31,32,1.35040835894877631,0.02213886892414890,0.32539477117050358
GROUP,radius2_defect,32,33,1.36030558272477831,0.04227426294196179,0.45883800397439839
GROUP,radius2_defect,33,34,1.36254511910870812,0.04594994005608020,0.71585219184138671
GROUP,radius2_defect,34,35,1.36725519621179159,0.01034717427523375,0.83067886200422736
GROUP,radius2_defect,35,36,1.36990472183825918,0.01206944895352435,0.77111513976136070
GROUP,radius2_defect,36,37,1.38204216662861934,0.00921947442222160,0.56625330824709041
GROUP,radius2_defect,37,38,1.38404236524510194,0.00869405581888622,0.69309167651408476
GROUP,radius2_defect,38,39,1.39425617536633428,0.00218053707068785,0.92943305134268506
GROUP,radius2_defect,39,40,1.39700674403499137,0.06801115541668906,0.63330024715156352
GROUP,radius2_defect,40,41,1.40450937233628514,0.00738210749568893,0.73615157136279907
GROUP,radius2_defect,41,42,1.41107830048241567,0.28526667928602634,0.43134458378895951
GROUP,radius2_defect,42,43,1.41160259776284658,0.04822941256099018,0.70755093403786062
GROUP,radius2_defect,43,44,1.41825394004741234,0.01419184719270222,0.70437925549365332
GROUP,radius2_defect,44,45,1.42958150683321161,0.06137249581434556,0.62608683407634180
GROUP,radius2_defect,45,46,1.43646469774999752,0.01642188650545788,0.81427729592516973
GROUP,radius2_defect,46,47,1.45466768877090735,0.05227330683033441,0.73029654261187549
GROUP,radius2_defect,47,48,1.47041336188232119,0.14258447090123047,0.47741408518395295
GROUP,radius2_defect,48,49,1.47558246803248894,0.04290238769586763,0.57009694068756545
GROUP,radius2_defect,49,50,1.49591028645813484,0.09257395474969835,0.43934781099127757
GROUP,radius2_defect,50,61,1.63371635000771498,0.45297432923603359,4.39671485898858805
GROUP,radius2_defect,61,62,1.63790636351649677,0.04323815488328641,0.55783398487617519
GROUP,radius2_defect,62,63,1.64127466841649894,0.00180875124406249,0.66988875305673823
GROUP,radius2_defect,63,64,1.64436278268019298,0.02090447552487279,0.70767693327098291
GROUP,radius2_defect,64,65,1.64585741738317637,0.00521749320240891,0.65765051058770596
GROUP,radius2_defect,65,66,1.64806129453363037,0.00049832407201309,0.87636643684042914
GROUP,radius2_defect,66,67,1.64954334990242013,0.00013239847825853,0.88199922672419562
GROUP,radius2_defect,67,68,1.65497260113557432,0.02830116924013945,0.78104597567123280
GROUP,radius2_defect,68,69,1.66021690830292967,0.00998435329250051,0.63931806023968007
GROUP,radius2_defect,69,70,1.66645883827834895,0.00500066921947725,0.74631983415446213
GROUP,radius2_defect,70,71,1.66798576229944073,0.00752996621579627,0.75865588262153627
GROUP,radius2_defect,71,72,1.67235271077189629,0.00197825009849744,0.79856318852808350
GROUP,radius2_defect,72,73,1.67409312121760845,0.00176723481616170,0.76873019968760625
GROUP,radius2_defect,73,74,1.67993301325982380,0.03233546823302110,0.62881908952848609
GROUP,radius2_defect,74,75,1.68055166719460969,0.00694877265703822,0.90403437369204953
GROUP,radius2_defect,75,76,1.68493669145298841,0.06336761674103708,0.42435780600699069
GROUP,radius2_defect,76,77,1.69112591989842720,0.03637682184891623,0.74925573902626696
GROUP,radius2_defect,77,78,1.69909636987215884,0.06657708887433016,0.47340544981017274
GROUP,radius2_defect,78,79,1.70354246503155338,0.00000019580817437,0.99942346223772971
GROUP,radius2_defect,79,80,1.70593767346648928,0.04122175675619203,0.64768020391863490
GROUP,radius2_defect,80,81,1.70955628221282585,0.01856068788991895,0.72837267814675044
GROUP,radius2_defect,81,82,1.71292982010251382,0.04724767848942042,0.34348295004175722
GROUP,radius2_defect,82,83,1.71598134073939668,0.00690056310495262,0.55514395868402133
GROUP,radius2_defect,83,84,1.71848723732059283,0.13393135120432928,0.31876279567768895
GROUP,radius2_defect,84,85,1.71984478555736264,0.03917385057348986,0.74523033544430040
GROUP,radius2_defect,85,86,1.72250596756472674,0.01748598876304068,0.67282682047731257
GROUP,radius2_defect,86,87,1.72333440018191020,0.10337349410253925,0.27040180539416842
GROUP,radius2_defect,87,88,1.72485405020802918,0.07220317237986862,0.53272218073808097
GROUP,radius2_defect,88,89,1.72707351566066269,0.01470614584479109,0.63984448296884511
GROUP,radius2_defect,89,90,1.73059247286087636,0.01471640396863299,0.80776475572088424
GROUP,radius2_defect,90,91,1.73277435187781181,0.03119549521271092,0.62257081828442085
GROUP,radius2_defect,91,92,1.73695808025249310,0.01055229276615839,0.86606049338184277
GROUP,radius2_defect,92,93,1.73837733802984262,0.55818760281963109,0.20542557489824112
GROUP,radius2_defect,93,94,1.74043983077012987,0.09132051910532057,0.80943885436910357
GROUP,radius2_defect,94,95,1.74193702774016890,0.02357443914871911,0.87967780722941646
GROUP,radius2_defect,95,100,1.74826283198306753,0.00000000000000000,5.00000000000000711
GROUP,radius2_defect,100,105,1.75000000000000111,0.00000000000000000,5.00000000000000622
GROUP,radius2_defect,105,106,1.77763316705760777,0.00013098092774405,0.97753525372482153
GROUP,radius2_defect,106,107,1.77944493839209117,0.00013839614008193,0.98686889084281515
GROUP,radius2_defect,107,108,1.78178164056809996,0.00004244217621664,0.99057936918242995
GROUP,radius2_defect,108,109,1.78367933130471967,0.00000144407486392,0.99780256557378522
GROUP,radius2_defect,109,110,1.79575011053153699,0.00009732544585729,0.91293743346604450
GROUP,radius2_defect,110,111,1.79614145101373501,0.00010745996202929,0.94785220144740789
GROUP,radius2_defect,111,112,1.79652146418736081,0.00030712464722368,0.96347403030946166
GROUP,radius2_defect,112,113,1.79675853830156296,0.00004247259977001,0.96997769671677159
GROUP,radius2_defect,113,114,1.79705770470133142,0.00000091478870588,0.99787923175829729
GROUP,radius2_defect,114,115,1.80499949922431724,0.10821632348464405,0.27996214902510286
GROUP,radius2_defect,115,116,1.80527593114517293,0.03638931325191699,0.37895208564080518
GROUP,radius2_defect,116,117,1.80551348612370433,0.02654414302472838,0.48204627498434610
GROUP,radius2_defect,117,118,1.80560023301740302,0.09069073847609191,0.36112879929833197
GROUP,radius2_defect,118,119,1.80568202588920235,0.00655593463278354,0.63879294742807102
GROUP,radius2_defect,119,120,1.80608015717583870,0.03072342592329215,0.57127335205668450
GROUP,radius2_defect,120,121,1.80638561921766128,0.05777798038008466,0.47915297589166478
GROUP,radius2_defect,121,122,1.80677451766152131,0.01701868959013835,0.54877950053275038
GROUP,radius2_defect,122,123,1.80692808707614994,0.00466850982132421,0.90309248281560972
GROUP,radius2_defect,123,124,1.80706989620741876,0.04759015337801692,0.57580312705285286
GROUP,radius2_defect,124,125,1.80730524190256814,0.01124557019059543,0.46162826456045242
GROUP,radius2_defect,125,126,1.80739857935003778,0.00376118254181672,0.37588298457124647
GROUP,radius2_defect,126,127,1.80765603642869555,0.00407932522343540,0.69269790183968805
GROUP,radius2_defect,127,128,1.80792719137456936,0.01731886114005020,0.58851112086599677
GROUP,radius2_defect,128,129,1.80824590722534384,0.01326417189238422,0.61687628077562329
GROUP,radius2_defect,129,130,1.80833957263576095,0.02263152265805274,0.55054129655216677
GROUP,radius2_defect,130,131,1.80862040188778583,0.00857216958574614,0.57751627154176732
GROUP,radius2_defect,131,132,1.80881057547560231,0.04220108939807959,0.68311227574880506
GROUP,radius2_defect,132,133,1.80884240654589856,0.00453830909052914,0.85600194954322717
GROUP,radius2_defect,133,134,1.80894823075580136,0.00050201207616257,0.87144081653398076
GROUP,radius2_defect,134,135,1.80913397348964278,0.00921954926802055,0.76897967165472014
GROUP,radius2_defect,135,136,1.80928547107195770,0.02311021638639592,0.52570818046356316
GROUP,radius2_defect,136,137,1.80936562997905859,0.00425571970823982,0.55386804201009143
GROUP,radius2_defect,137,138,1.80950297596728427,0.05486392917368862,0.48545219324917377
GROUP,radius2_defect,138,149,1.80964100577051190,0.45297432923659986,4.39671485898773717
GROUP,radius2_defect,149,150,1.84022963871055634,0.97498650300644940,0.00000202183317767
GROUP,radius2_defect,150,155,2.18173716801692574,0.00000000000000000,5.00000000000000178
GROUP,radius2_defect,155,156,2.19777004324275405,0.00000087126459558,0.99887571789990159
GROUP,radius2_defect,156,157,2.19940025081130219,0.00003774879668041,0.99253513442161367
GROUP,radius2_defect,157,158,2.20200295449920214,0.00020127835394880,0.98343835221615727
GROUP,radius2_defect,158,159,2.20464433495959433,0.00013658849327148,0.97881586125800968
GROUP,radius2_defect,159,160,2.21871364564132323,0.00006197585070462,0.88710141000765597
GROUP,radius2_defect,160,161,2.21929322686192387,0.00015217378373737,0.90436380128111649
GROUP,radius2_defect,161,162,2.22036394151452221,0.00230620089618341,0.90202801220142625
GROUP,radius2_defect,162,163,2.22193928711699584,0.00128757128268784,0.90029992564855199
GROUP,radius2_defect,163,164,2.22336321710487539,0.00043721857038550,0.94616597618912757
GROUP,radius2_defect,164,175,2.23664264422176551,0.45297432923602826,4.39671485898860137
GROUP,radius2_defect,175,176,2.24027254391383668,0.05883479296999738,0.49479089484397853
GROUP,radius2_defect,176,177,2.24351227957501598,0.00377493971824993,0.51054966640473420
GROUP,radius2_defect,177,178,2.24623476561207536,0.03330234126374614,0.56607921499764102
GROUP,radius2_defect,178,179,2.24987377158230162,0.00383477573378173,0.77386692481177044
GROUP,radius2_defect,179,180,2.25494875962501862,0.00051804747491361,0.91236729306643083
GROUP,radius2_defect,180,181,2.25799233532642063,0.04254533602643364,0.66578573514139894
GROUP,radius2_defect,181,182,2.25851971929773221,0.01945132146373281,0.85252693350111486
GROUP,radius2_defect,182,183,2.26077133440046119,0.00576433054235834,0.60135464632699032
GROUP,radius2_defect,183,184,2.26702177293914264,0.02187964878231929,0.55642461097863816
GROUP,radius2_defect,184,185,2.27028928559931575,0.01740003857635922,0.64163876972734235
GROUP,radius2_defect,185,186,2.27659975730239328,0.07556699855117976,0.37642849003899997
GROUP,radius2_defect,186,187,2.28054126975018390,0.03127231224462011,0.65655166554127831
GROUP,radius2_defect,187,188,2.28462631967808916,0.01131607104854455,0.56588058753188308
GROUP,radius2_defect,188,189,2.28854197360702472,0.03433580845635568,0.59197942167815931
GROUP,radius2_defect,189,190,2.29330955297368666,0.02612422667430592,0.67824711171095409
GROUP,radius2_defect,190,191,2.29725409454582374,0.00700308515465128,0.65437783396585836
GROUP,radius2_defect,191,192,2.30181636253894162,0.02192874907977491,0.59958313965506027
GROUP,radius2_defect,192,193,2.30262512208131875,0.04337732329317961,0.69267483359388771
GROUP,radius2_defect,193,194,2.30962329201138861,0.01074130002950876,0.64816593296968217
GROUP,radius2_defect,194,195,2.31240707065364282,0.09612370294306387,0.45057188660092351
GROUP,radius2_defect,195,196,2.31291185512220787,0.03805364257115175,0.56492198744846878
GROUP,radius2_defect,196,197,2.31618012099386839,0.01248571377743708,0.61597290069554389
GROUP,radius2_defect,197,198,2.32262135468810094,0.03696702401865497,0.39059252454594307
GROUP,radius2_defect,198,199,2.32674451002164862,0.06712675605664653,0.38993839177959039
GROUP,radius2_defect,199,200,2.35494914617892137,0.20629224301143753,0.56465179491262074
GROUP,radius2_defect,200,201,2.36013703548470000,0.00062777517806590,0.85085037740060032
GROUP,radius2_defect,201,202,2.36075431019155868,0.03964392807039330,0.84027955529927323
GROUP,radius2_defect,202,203,2.36729929414899454,0.03769463757590341,0.77269244947484350
GROUP,radius2_defect,203,204,2.37102012060104661,0.04102556290909878,0.75553476370072437
GROUP,radius2_defect,204,205,2.38004431970453467,0.05687789996189299,0.72546531732600517
GROUP,radius2_defect,205,206,2.38259772069307685,0.05754721893875941,0.71471063192401951
GROUP,radius2_defect,206,207,2.38740329096943116,0.05315525563060952,0.76426094960816404
GROUP,radius2_defect,207,208,2.38991753828897391,0.00893296077059797,0.79339463121862375
GROUP,radius2_defect,208,209,2.39743565240269785,0.02122968740182216,0.51064099184307021
GROUP,radius2_defect,209,210,2.39917315746411886,0.02782298424841923,0.64098822591590632
GROUP,radius2_defect,210,211,2.40551738072800569,0.00499722593246519,0.53106211015805438
GROUP,radius2_defect,211,212,2.40974785843556472,0.10084289232818665,0.42877433261204734
GROUP,radius2_defect,212,213,2.41051825036134115,0.00297288306144731,0.73174918261275435
GROUP,radius2_defect,213,214,2.41162110892782033,0.02036826686318824,0.60170696692952852
GROUP,radius2_defect,214,215,2.41502353402899361,0.01722253103669085,0.58967257904774051
GROUP,radius2_defect,215,216,2.41624770954084234,0.02129688993811592,0.70118102033294749
GROUP,radius2_defect,216,217,2.42362396787793610,0.00346110390360284,0.67950361552174043
GROUP,radius2_defect,217,218,2.42849912826146719,0.01527531086693916,0.57134470610024513
GROUP,radius2_defect,218,219,2.43518779926300466,0.01205501199778279,0.57801305796119651
GROUP,radius2_defect,219,220,2.43531568979748769,0.00119549463191848,0.63336739268024489
GROUP,radius2_defect,220,221,2.44367363593641240,0.01255960714393558,0.55851674879463187
GROUP,radius2_defect,221,222,2.44924185212191947,0.02674510889755703,0.43100700707185369
GROUP,radius2_defect,222,223,2.45464356274678330,0.00909412222939135,0.37104006421777930
GROUP,radius2_defect,223,224,2.45868356857990822,0.02746129173322043,0.31813391364382115
COUNT,radius3_pristine,441,28,49
MODE,radius3_pristine,0,1.09913284861455951,0.01645039340441871,60.78881978174403855,0.07945208182961284,0.08687320837961293,0.83367470979077418
MODE,radius3_pristine,1,1.10395240062995703,0.01758440313597330,56.86857792484578056,0.00222511070878175,0.17072195688579339,0.82705293240542488
MODE,radius3_pristine,2,1.10718839150352011,0.02155609676642177,46.39058781540236964,0.01222926881973300,0.20640798581680284,0.78136274536346417
MODE,radius3_pristine,3,1.10924225960949463,0.01856103574649451,53.87630376116606357,0.03609855320473245,0.25016285862141263,0.71373858817385494
MODE,radius3_pristine,4,1.11563552537578969,0.02034730108828200,49.14656718653951373,0.00133494213745383,0.31441658993234428,0.68424846793020189
MODE,radius3_pristine,5,1.11566177956859192,0.02035516899020802,49.12757051936323194,0.00327578281319018,0.32399122559608157,0.67273299159072830
MODE,radius3_pristine,6,1.11840571281862666,0.02494796951729581,40.08342239262095319,0.07218859501101244,0.30167841469734435,0.62613299029164327
MODE,radius3_pristine,7,1.12299156723810389,0.02307028932789364,43.34579362170929073,0.07485411164065423,0.39549757958793308,0.52964830877141267
MODE,radius3_pristine,8,1.12304626579410805,0.02134008197671721,46.86017612730053372,0.00415109591853715,0.37090475557555280,0.62494414850591007
MODE,radius3_pristine,9,1.12905818430321281,0.02000977744431444,49.97556833317699443,0.00070791299771786,0.41157371124398229,0.58771837575829977
MODE,radius3_pristine,10,1.13168856636991566,0.02479611482017744,40.32889858963977048,0.01360522694919267,0.39732623861604682,0.58906853443476059
MODE,radius3_pristine,11,1.13177502901035676,0.02773295129566368,36.05818902355191824,0.00001534622345819,0.43517641645396821,0.56480823732257357
MODE,radius3_pristine,12,1.13241529347767500,0.02843493900497845,35.16800228848453003,0.05550008260491172,0.32561184144734145,0.61888807594774686
MODE,radius3_pristine,13,1.13687364301149985,0.02952185115906054,33.87321461015802271,0.00945246222149906,0.45430543116294270,0.53624210661555827
MODE,radius3_pristine,14,1.14042273225385271,0.02253995278612063,44.36566524734547556,0.04417626831305990,0.40589159515573325,0.54993213653120687
MODE,radius3_pristine,15,1.14072919653062077,0.02298815140419981,43.50067051573817878,0.02112884208237262,0.44985848069185097,0.52901267722577638
MODE,radius3_pristine,16,1.14513556349311596,0.03000833530297019,33.32407445810634528,0.00569905214967756,0.40055128358666159,0.59374966426366083
MODE,radius3_pristine,17,1.14530925639109316,0.02825789763539444,35.38833684312910322,0.00148873833982039,0.46788822375149502,0.53062303790868448
MODE,radius3_pristine,18,1.14727254082313745,0.03086429707274043,32.39989550525702100,0.07212708829145420,0.27873934605551670,0.64913356565302904
MODE,radius3_pristine,19,1.15012298893454656,0.01920337051069929,52.07419184266862544,0.00712861836669121,0.38465953285787430,0.60821184877543444
MODE,radius3_pristine,20,1.15012940482251547,0.03424474421247848,29.20156137815767039,0.00030317344481291,0.40126390962693803,0.59843291692824907
MODE,radius3_pristine,21,1.15262135500292073,0.03308103094381287,30.22880398432775095,0.00176972418139660,0.40692132946071824,0.59130894635788511
MODE,radius3_pristine,22,1.15305820757299848,0.02693510233836610,37.12627438491702492,0.01308953094625160,0.46735476480997123,0.51955570424377706
MODE,radius3_pristine,23,1.15813677683873228,0.02383324338006162,41.95820031933121186,0.01257214521676134,0.38857685145085330,0.59885100333238539
MODE,radius3_pristine,24,1.15855688625984321,0.03553362500859973,28.14235811173172763,0.00195041927948914,0.36049187935638860,0.63755770136412226
MODE,radius3_pristine,25,1.15897392064283045,0.03456382846539798,28.93198017693858404,0.06900666966578162,0.31251444730647182,0.61847888302774656
MODE,radius3_pristine,26,1.15995099766553267,0.04261531606746401,23.46574171635631956,0.13466659875525550,0.22232857218497568,0.64300482905976875
MODE,radius3_pristine,27,1.16053203010541695,0.02586232825624473,38.66627900210568214,0.01281747907363776,0.22178695147678795,0.76539556944957432
MODE,radius3_pristine,28,1.16058271806303193,0.02785911073685340,35.89490021579012335,0.00530752316413180,0.49279171206406103,0.50190076477180712
MODE,radius3_pristine,29,1.16261900211099523,0.02337093135332055,42.78819636590646525,0.02280107823971118,0.39200527632510102,0.58519364543518781
MODE,radius3_pristine,30,1.16597752066966165,0.03207362477024070,31.17826585437400766,0.02286677532965179,0.17270468323421578,0.80442854143613252
MODE,radius3_pristine,31,1.16641750881841055,0.03094178209841934,32.31875904300564173,0.02235005464330274,0.40338409500292149,0.57426585035377575
MODE,radius3_pristine,32,1.16675920342071548,0.04104536731460109,24.36328544303876953,0.00651275950850087,0.23159241406724868,0.76189482642425044
MODE,radius3_pristine,33,1.16677788921249781,0.03925842349250477,25.47224037641043282,0.00720631232155680,0.26317748873831781,0.72961619894012542
MODE,radius3_pristine,34,1.17297120589866499,0.04034211132774577,24.78799366438310514,0.09395424352924581,0.14078190055478931,0.76526385591596491
MODE,radius3_pristine,35,1.17300626323764234,0.04105730285315405,24.35620292878491711,0.05052624060093273,0.14795789409650464,0.80151586530256269
MODE,radius3_pristine,36,1.18130893047191998,0.05050239361106664,19.80104166351570782,0.00176169597307017,0.79033345993163961,0.20790484409529020
MODE,radius3_pristine,37,1.18670001289352833,0.05614099797002782,17.81229468941527116,0.00237426138644391,0.84873270912118437,0.14889302949237171
MODE,radius3_pristine,38,1.19528939752430463,0.06961326727101194,14.36507779626105474,0.00080665949293403,0.87308473692164745,0.12610860358541853
MODE,radius3_pristine,39,1.20651624386953071,0.06969379256547255,14.34848016142281857,0.00013587606970365,0.89407400197070785,0.10579012195958848
MODE,radius3_pristine,40,1.21931024096469809,0.09606282977153520,10.40985365909254590,0.00008834452788010,0.93829714329005554,0.06161451218206437
MODE,radius3_pristine,41,1.23125481729112374,0.13212343430891937,7.56868003946891132,0.00002116775004255,0.98411689325272955,0.01586193899722788
MODE,radius3_pristine,42,1.25429149692949071,0.06491831132650840,15.40397431119970229,0.00000191633227766,0.98821998014471324,0.01177810352300912
MODE,radius3_pristine,43,1.25816174491425259,0.06880782074627687,14.53323167561747198,0.00001312885179855,0.95646455368497274,0.04352231746322877
MODE,radius3_pristine,44,1.26390860428781027,0.06891858595710167,14.50987402182699171,0.00006355651328627,0.93513099661423082,0.06480544687248291
MODE,radius3_pristine,45,1.26973981771445321,0.04919142424494629,20.32874663316412622,0.00041330977819137,0.92787559608165626,0.07171109414015242
MODE,radius3_pristine,46,1.27448612922212012,0.07566996573325485,13.21528284451868984,0.00024347485953442,0.91859341480127998,0.08116311033918555
MODE,radius3_pristine,47,1.27766976036797741,0.08313842912670161,12.02813200230204416,0.00001844429944112,0.90460499637639591,0.09537655932416300
MODE,radius3_pristine,48,1.27923390742818266,0.08751169423886067,11.42704422189026126,0.00040097116571369,0.89399860644273910,0.10560042239154721
MODE,radius3_pristine,49,1.32841364395071837,0.03026129039054604,33.04551746122534439,0.02561255669607506,0.36263181186475346,0.61175563143917144
MODE,radius3_pristine,50,1.32884274169887950,0.02597703929984352,38.49553401591935398,0.05957296408099781,0.29603900750163192,0.64438802841737031
MODE,radius3_pristine,51,1.33113297516771389,0.03213988674222216,31.11398643126829455,0.00435041420903530,0.60577010354114869,0.38987948224981606
MODE,radius3_pristine,52,1.33178847161916947,0.03516908406707209,28.43406436439651941,0.00046344246087031,0.56333059216386550,0.43620596537526424
MODE,radius3_pristine,53,1.33280725683286172,0.04502472440064376,22.21001934629725838,0.00182999065503100,0.73404567516465491,0.26412433418031411
MODE,radius3_pristine,54,1.33289230792125557,0.05395001959987042,18.53567445232961219,0.00829422854344700,0.72393568922363216,0.26777008223292087
MODE,radius3_pristine,55,1.33568417979676046,0.03121452576464462,32.03636689981873076,0.03287949424977801,0.60609104077546117,0.36102946497476085
MODE,radius3_pristine,56,1.33931564571348138,0.02062465427192346,48.48566122930407829,0.01484417659191332,0.34344837926237237,0.64170744414571435
MODE,radius3_pristine,57,1.34147926407822449,0.02460616859665531,40.64021572769069479,0.01019901167073957,0.26626471001144220,0.72353627831781830
MODE,radius3_pristine,58,1.34286196741323982,0.02033178657568846,49.18406930337054206,0.02705663771217741,0.40309614097079077,0.56984722131703180
MODE,radius3_pristine,59,1.34504749120991263,0.01930217860530863,51.80762340086172202,0.01076009907313873,0.35477666451108730,0.63446323641577407
MODE,radius3_pristine,60,1.34821688045813604,0.02493088999117994,40.11088253783881896,0.01391353601237886,0.27882497173035015,0.70726149225727097
MODE,radius3_pristine,61,1.34960660491096096,0.02804398901854204,35.65826528240412330,0.13120450526375782,0.16508637638158419,0.70370911835465799
MODE,radius3_pristine,62,1.35190584267498237,0.01885047856595582,53.04905106260864045,0.03593153451157864,0.46628124918605779,0.49778721630236361
MODE,radius3_pristine,63,1.35263595817475668,0.02373410757125387,42.13345696684942254,0.00271345874815846,0.30830257106415582,0.68898397018768576
MODE,radius3_pristine,64,1.35635214879661548,0.02012632519431371,49.68616925073484225,0.01652916723769181,0.43731594096015791,0.54615489180215027
MODE,radius3_pristine,65,1.35846322861519631,0.02842704944746787,35.17776270970234265,0.00751556975121805,0.39637822604601675,0.59610620420276517
MODE,radius3_pristine,66,1.35918093647476423,0.02418837520786483,41.34217331285859842,0.02695196796441870,0.27188491701268835,0.70116311502289297
MODE,radius3_pristine,67,1.35950351156977312,0.02729542412853442,36.63617737870605140,0.01659354329690559,0.52252790800216364,0.46087854870093081
MODE,radius3_pristine,68,1.36319611961124409,0.04017841649662789,24.88898486290340273,0.01857832917685930,0.76697339312752011,0.21444827769562058
MODE,radius3_pristine,69,1.36783097884834559,0.02143351556750785,46.65590191447411428,0.00406993182570096,0.52341850616597896,0.47251156200832012
MODE,radius3_pristine,70,1.37018238990823216,0.02346729837956551,42.61248925316280634,0.00511031287567940,0.47560704611661064,0.51928264100770993
MODE,radius3_pristine,71,1.37179980200442042,0.02301640648451944,43.44726882854576644,0.07591084356409017,0.42866355783319804,0.49542559860271179
MODE,radius3_pristine,72,1.37268332135092752,0.01975528212860149,50.61937326383258551,0.00342615434144062,0.51966388656974238,0.47690995908881695
MODE,radius3_pristine,73,1.38051235245211878,0.01796964647948605,55.64939750715679168,0.00417275476821780,0.53681072865407753,0.45901651657770470
MODE,radius3_pristine,74,1.38180496611013881,0.01691433602500770,59.12144576775041571,0.01012763043476356,0.53040691381706029,0.45946545574817610
MODE,radius3_pristine,75,1.38597755805826184,0.01867403046265222,53.55030356194314578,0.01993586210562984,0.36496928873996215,0.61509484915440804
MODE,radius3_pristine,76,1.38928046753608325,0.01549296152443724,64.54543880604671813,0.04212758653440717,0.45131188480540868,0.50656052866018420
MODE,radius3_pristine,77,1.38941969055773229,0.01970467712122584,50.74937253972063900,0.00865678181750012,0.53369374839708961,0.45764946978541032
MODE,radius3_pristine,78,1.39278640293633349,0.05422290986508890,18.44238906558285152,0.00079410007301404,0.93010008750660456,0.06910581242038139
MODE,radius3_pristine,79,1.39560395688433747,0.01617112392768378,61.83862077069816365,0.02472491984401702,0.58216921798324872,0.39310586217273424
MODE,radius3_pristine,80,1.40131544889070847,0.03281407909032327,30.47472389054171416,0.00302501294265680,0.75549471515700573,0.24148027190033750
MODE,radius3_pristine,81,1.40457055726478175,0.01773371507873838,56.38976354136521962,0.01512291663682401,0.54999417044887600,0.43488291291430003
MODE,radius3_pristine,82,1.40664517331229488,0.01744047639699147,57.33788328009792679,0.04517676112303338,0.50930397446950182,0.44551926440746481
MODE,radius3_pristine,83,1.41035265292069023,0.01752044682128384,57.07616992879427187,0.00173373824797011,0.65450485068473074,0.34376141106729918
MODE,radius3_pristine,84,1.41722528638218681,0.01595461864007020,62.67777516715372599,0.02053614797475616,0.50309188062574761,0.47637197139949627
MODE,radius3_pristine,85,1.42050252086623008,0.01751712410431522,57.08699636110113573,0.02463043268143775,0.62779358892269943,0.34757597839586285
MODE,radius3_pristine,86,1.42421705899093398,0.01798248279397648,55.60967367281264728,0.00122442625440211,0.51176923206960445,0.48700634167599344
MODE,radius3_pristine,87,1.42499869266796009,0.01616964287683999,61.84428485011959964,0.00869147008742076,0.46863550854501729,0.52267302136756189
MODE,radius3_pristine,88,1.43457486563969105,0.01872863088993784,53.39418593257988732,0.01164893296438990,0.71050759644026251,0.27784347059534764
MODE,radius3_pristine,89,1.44183842677321450,0.01717890021951876,58.21094407800299564,0.01560374511700968,0.47532893528835746,0.50906731959463292
MODE,radius3_pristine,90,1.44515749819504635,0.01854928857890888,53.91042334297561212,0.05523358989218900,0.57111040179443429,0.37365600831337675
MODE,radius3_pristine,91,1.45237237587200396,0.01830531553970726,54.62894085768881780,0.02516299508053420,0.48826763350813884,0.48656937141132695
MODE,radius3_pristine,92,1.45881676151352746,0.01703290307833822,58.70989786067418237,0.01089239501090545,0.44248798048581683,0.54661962450327772
MODE,radius3_pristine,93,1.46218792284025012,0.01943486718642427,51.45391478149768005,0.00293735983033514,0.61766151410744352,0.37940112606222132
MODE,radius3_pristine,94,1.47609049945881887,0.01724270189457086,57.99555116793300868,0.03095428203965501,0.47621324130598502,0.49283247665435997
MODE,radius3_pristine,95,1.48074320117190417,0.02009871874877963,49.75441531867392797,0.01361664219964004,0.42100451720429388,0.56537884059606613
MODE,radius3_pristine,96,1.48984691095749922,0.01673517235820031,59.75438905533565048,0.00378429590660900,0.41219787051626239,0.58401783357712866
MODE,radius3_pristine,97,1.50307771908772447,0.01567215002260421,63.80745453289326008,0.04441202739001685,0.27617731128135564,0.67941066132862749
MODE,radius3_pristine,98,1.63371635000771431,0.02246005214842230,44.52349413045529758,0.17134062809070441,0.13222062184046796,0.69643875006882761
MODE,radius3_pristine,99,1.63371635000771431,0.02576967188322304,38.80530588559938110,0.00778836876412666,0.16351302415090146,0.82869860708497178
MODE,radius3_pristine,100,1.63371635000771431,0.02429202349064492,41.16577609868971876,0.11711981520975703,0.13124847546365165,0.75163170932659140
MODE,radius3_pristine,101,1.63371635000771431,0.01804090088451383,55.42960445275724624,0.01299968584240259,0.24320838809249651,0.74379192606510092
MODE,radius3_pristine,102,1.63371635000771431,0.01921772563809563,52.03529381321184388,0.01371344979384145,0.32286375179263255,0.66342279841352592
MODE,radius3_pristine,103,1.63371635000771431,0.01416132980788525,70.61483727631176066,0.05502873638359591,0.23016614065634822,0.71480512296005583
MODE,radius3_pristine,104,1.63371635000771431,0.01680099601327299,59.52028077442479059,0.00232246374762468,0.28024875480167710,0.71742878145069822
MODE,radius3_pristine,105,1.63371635000771431,0.01757307194703838,56.90524701735667179,0.01154030535096673,0.21222494786832621,0.77623474678070703
MODE,radius3_pristine,106,1.63371635000771431,0.01600344262866096,62.48655512465018802,0.03184252243037820,0.25293184889044812,0.71522562867917361
MODE,radius3_pristine,107,1.63371635000771431,0.02266778596317651,44.11546860485120192,0.01563245312683429,0.55299057308399902,0.43137697378916673
MODE,radius3_pristine,108,1.63371635000771875,0.01763370002569915,56.70959574806260406,0.01666807015675201,0.26463294154176886,0.71869898830147916
MODE,radius3_pristine,109,1.63371635000771875,0.01692363855496381,59.08894808597135295,0.01098311478230889,0.16132699651789006,0.82768988869980109
MODE,radius3_pristine,110,1.63371635000771875,0.01756549673385482,56.92978770549952117,0.05737684842623161,0.23391103727488333,0.70871211429888503
MODE,radius3_pristine,111,1.63371635000771875,0.02432895313100633,41.10328934480693874,0.03370416824549381,0.15070642558774006,0.81558940616676612
MODE,radius3_pristine,112,1.63371635000771875,0.01554402246973818,64.33341189173175678,0.01799673637586637,0.32221563057242270,0.65978763305171095
MODE,radius3_pristine,113,1.63371635000771875,0.01754444305469345,56.99810457833156363,0.01310718577312495,0.23843525862075962,0.74845755560611538
MODE,radius3_pristine,114,1.63371635000771875,0.01254465278435676,79.71523940838001465,0.02674795953203926,0.24919420267215259,0.72405783779580823
MODE,radius3_pristine,115,1.63371635000771875,0.01970701415758446,50.74335421914429389,0.00224532475380711,0.30179960478299200,0.69595507046320093
MODE,radius3_pristine,116,1.63371635000771875,0.01904767057904029,52.49985796690444317,0.00860767715415189,0.31947849421293140,0.67191382863291671
MODE,radius3_pristine,117,1.63371635000771875,0.01734993679571875,57.63709757413978707,0.04832579051236598,0.25915396399717089,0.69252024549046309
MODE,radius3_pristine,118,1.63371635000771875,0.01341236674993145,74.55805665358137446,0.07055729446178134,0.17027714015520051,0.75916556538301805
MODE,radius3_pristine,119,1.63371635000771875,0.01633691468465763,61.21106826487397257,0.01461088838947811,0.24253160511791169,0.74285750649261018
MODE,radius3_pristine,120,1.63371635000772342,0.01632715210365075,61.24766852489849356,0.02020633009581585,0.34046340662441893,0.63933026327976528
MODE,radius3_pristine,121,1.63371635000772342,0.02193004226941561,45.59954731116201998,0.00568062983827083,0.27619442200478561,0.71812494815694361
MODE,radius3_pristine,122,1.63371635000772342,0.01599344330367500,62.52562259499293873,0.03259520881804168,0.19848586209855232,0.76891892908340598
MODE,radius3_pristine,123,1.63371635000772342,0.01660603800907534,60.21906004632118226,0.06951224417806599,0.19212217530464124,0.73836558051729273
MODE,radius3_pristine,124,1.63371635000772342,0.01499809950990505,66.67511435962799737,0.00586934960890528,0.36011780300710500,0.63401284738398966
MODE,radius3_pristine,125,1.63371635000772342,0.01334025988293206,74.96105838833253188,0.01283059943466062,0.27154572489897538,0.71562367566636409
MODE,radius3_pristine,126,1.63371635000772342,0.01940538988763102,51.53207463444984882,0.05054502283979316,0.22021376236246543,0.72924121479774140
MODE,radius3_pristine,127,1.63371635000772342,0.01491080431265454,67.06546333998342391,0.01111234975180635,0.32406394699814445,0.66482370325004925
MODE,radius3_pristine,128,1.63638399687834202,0.00772526211420322,129.44544602071928807,0.02484003874511891,0.39194057628767970,0.58321938496720138
MODE,radius3_pristine,129,1.63891034693834348,0.00977474416104086,102.30446787402310349,0.01037155300527052,0.54073615406678421,0.44889229292794530
MODE,radius3_pristine,130,1.64106682971604712,0.00795051616450106,125.77799721544948852,0.02898070380072475,0.42756951819416900,0.54344977800510630
MODE,radius3_pristine,131,1.64252201637997786,0.01674517680926949,59.71868863435577879,0.00739346569970433,0.61390258559360711,0.37870394870668855
MODE,radius3_pristine,132,1.64554264412837004,0.03498538057875608,28.58336777983266330,0.00051194320948335,0.78082952664129379,0.21865853014922287
MODE,radius3_pristine,133,1.64747093109592546,0.03096243752606682,32.29719879638399505,0.00547091654027875,0.73818420347386582,0.25634487998585542
MODE,radius3_pristine,134,1.64810206305676687,0.02657298238612131,37.63220798739872208,0.00717121219460976,0.77135011560667244,0.22147867219871775
MODE,radius3_pristine,135,1.64908354805316226,0.06719466570626030,14.88213371536772733,0.00032979409623753,0.86462844193660182,0.13504176396716061
MODE,radius3_pristine,136,1.64977504280568699,0.07858754383158237,12.72466285678882691,0.00004429920784305,0.87739192453380321,0.12256377625835368
MODE,radius3_pristine,137,1.65168769963827256,0.01222311884086777,81.81218010059093615,0.00728309846679182,0.47590106970767682,0.51681583182553137
MODE,radius3_pristine,138,1.65584529684375070,0.01139538779365652,87.75480203988064432,0.00335971380755877,0.59202999061758843,0.40461029557485284
MODE,radius3_pristine,139,1.65762745375290965,0.01937405008578271,51.61543381855049262,0.00623383429165843,0.63957420546116051,0.35419196024718103
MODE,radius3_pristine,140,1.66291493361611797,0.01896447379832496,52.73017383104639322,0.00176250102852237,0.66235876901463109,0.33587872995684653
MODE,radius3_pristine,141,1.66413484753188357,0.00987569817241733,101.25866369559417990,0.01515155786589545,0.43553663617884852,0.54931180595525608
MODE,radius3_pristine,142,1.66688054472710756,0.02296243149554370,43.54939502787712513,0.00071323764814036,0.69416066236102347,0.30512609999083617
MODE,radius3_pristine,143,1.67048935254100761,0.02444267536530625,40.91205177234373735,0.00020088408332362,0.73632338133066244,0.26347573458601392
MODE,radius3_pristine,144,1.67220900829654617,0.01701548229358541,58.77000620646441575,0.00503482507323673,0.74177992818861005,0.25318524673815324
MODE,radius3_pristine,145,1.67324511116355157,0.01666219242834119,60.01611158319548878,0.01137662009288279,0.70388555716209522,0.28473782274502202
MODE,radius3_pristine,146,1.67445538259968796,0.04461743481428267,22.41276317570560650,0.00080600756110501,0.69100767652837947,0.30818631591051548
MODE,radius3_pristine,147,1.67595084106188863,0.01221704558369826,81.85285003228146650,0.04374740917571261,0.38526424260554842,0.57098834821873901
MODE,radius3_pristine,148,1.67787819196948895,0.04465486460431295,22.39397675619457573,0.00015681929958502,0.95561383018173451,0.04422935051868049
MODE,radius3_pristine,149,1.68198121143364032,0.05148703590151694,19.42236492139057802,0.00099173758760129,0.98049124137939925,0.01851702103299946
MODE,radius3_pristine,150,1.68277847973618577,0.01381674679361913,72.37593732714431383,0.05112195214594739,0.42494235347178688,0.52393569438226573
MODE,radius3_pristine,151,1.68522595594594637,0.01223211652171532,81.75200082706285798,0.01690596778051705,0.44535801537368264,0.53773601684580030
MODE,radius3_pristine,152,1.68963369297043675,0.01870266202179162,53.46832439333174136,0.00629351889545226,0.65656351600243623,0.33714296510211150
MODE,radius3_pristine,153,1.69492616644504102,0.01272388120218035,78.59237162860661385,0.02710764736003779,0.36768505241769395,0.60520730022226821
MODE,radius3_pristine,154,1.69531394836562788,0.01343157827419225,74.45141438973135450,0.01235696344952719,0.40471172360924546,0.58293131294122735
MODE,radius3_pristine,155,1.69886072022555656,0.01490269909189944,67.10193863765009326,0.05339873388927689,0.38773860551129491,0.55886266059942824
MODE,radius3_pristine,156,1.70202787208035278,0.01633972389459599,61.20054454106951169,0.02464568990931798,0.58049554193278174,0.39485876815790022
MODE,radius3_pristine,157,1.70354246855749070,0.40098927430299025,2.49383228950007574,0.00000000008100825,0.99942464709928092,0.00057535281971088
MODE,radius3_pristine,158,1.70388639875328973,0.01474510603937921,67.81911213994236221,0.02367366443991850,0.40347442203706824,0.57285191352301323
MODE,radius3_pristine,159,1.70535629520171828,0.01536457951340237,65.08476194403561976,0.01567861782233717,0.46688034657068211,0.51744103560698074
MODE,radius3_pristine,160,1.70872452508750627,0.01415093217145972,70.66672272070162819,0.01023167276473867,0.39227837320848008,0.59748995402678129
MODE,radius3_pristine,161,1.71156110089417179,0.01733199009835664,57.69677886527391308,0.00899675693159533,0.41210079369544261,0.57890244937296209
MODE,radius3_pristine,162,1.71163100159099568,0.01762627639496183,56.73348003812267848,0.05987334335072140,0.35379122413658265,0.58633543251269593
MODE,radius3_pristine,163,1.71255588673712289,0.01864003530779900,53.64796704980486908,0.01579666598093534,0.28024066627167804,0.70396266774738669
MODE,radius3_pristine,164,1.71401320481227093,0.01816222948373026,55.05931972150229825,0.01401418825539099,0.56886536713155833,0.41712044461305064
MODE,radius3_pristine,165,1.71615484683698827,0.01621968285634184,61.65348662221244780,0.00385538164633696,0.46066990529468632,0.53547471305897676
MODE,radius3_pristine,166,1.71815918933113565,0.01713362754673984,58.36475651592407132,0.03526004731822288,0.29363671235128636,0.67110324033049085
MODE,radius3_pristine,167,1.71837313279467474,0.02108063673592021,47.43689730661962756,0.02669120162429811,0.29802198462513863,0.67528681375056321
MODE,radius3_pristine,168,1.71955725487686650,0.02287126527692325,43.72298549695825187,0.03009202986901521,0.35655547934119580,0.61335249078978893
MODE,radius3_pristine,169,1.72014889358104672,0.02142001805339856,46.68530145525890873,0.00394222131119637,0.39135546536779775,0.60470231332100588
MODE,radius3_pristine,170,1.72146860575871852,0.02417590700129743,41.36349465384415680,0.08114721620899748,0.20881065300470125,0.71004213078630130
MODE,radius3_pristine,171,1.72277359669197172,0.03034468621159289,32.95469898838366163,0.00994415644674148,0.66254673990280044,0.32750910365045804
MODE,radius3_pristine,172,1.72329021742630539,0.02124062882538483,47.07958545958359053,0.01271091424535272,0.26000997098245554,0.72727911477219176
MODE,radius3_pristine,173,1.72344691676498263,0.02339217181778752,42.74934400232111642,0.02925434165258343,0.28123578045300857,0.68950987789440799
MODE,radius3_pristine,174,1.72373789486178364,0.02436676211263446,41.03951092794098088,0.01458358491269880,0.30508350909808851,0.68033290598921270
MODE,radius3_pristine,175,1.72388063683000037,0.02556722247215661,39.11257865765539066,0.06478316817861030,0.18243190650693739,0.75278492531445229
MODE,radius3_pristine,176,1.72497263043933069,0.02246782215045018,44.50809665946922422,0.01167722422968124,0.39427298472269195,0.59404979104762679
MODE,radius3_pristine,177,1.72634008382267456,0.02421604215374499,41.29493967887526651,0.00975972993338948,0.44340600535298680,0.54683426471362373
MODE,radius3_pristine,178,1.72704520765796898,0.02572016050246012,38.88000620775093807,0.05221011938506517,0.21837190654412611,0.72941797407080877
MODE,radius3_pristine,179,1.72751453088815610,0.02770490440193776,36.09469231484001028,0.08099776400756738,0.21923609418467579,0.69976614180775676
MODE,radius3_pristine,180,1.72856080825966796,0.02587894730006258,38.64144813949143042,0.01725631808119732,0.58645366101237939,0.39629002090642329
MODE,radius3_pristine,181,1.72997224993827836,0.02934420250241104,34.07828172934112132,0.01387727333614189,0.60048331848903624,0.38563940817482190
MODE,radius3_pristine,182,1.73186361280946222,0.04459718076565319,22.42294205220605363,0.00758349512011094,0.55163380959829578,0.44078269528159331
MODE,radius3_pristine,183,1.73354739249126344,0.07405722417665980,13.50307159251000400,0.00112167997025848,0.57910429665754126,0.41977402337220027
MODE,radius3_pristine,184,1.73475934244464791,0.05451535652002697,18.34345519931867585,0.00145413008734125,0.78742847750763689,0.21111739240502181
MODE,radius3_pristine,185,1.73780328427206587,0.07959529356627788,12.56355690386786605,0.00020554595277251,0.87799391245035763,0.12180054159686982
MODE,radius3_pristine,186,1.73999843840677437,0.09078347538737704,11.01522050938187292,0.00023332839201038,0.89900505317283685,0.10076161843515274
MODE,radius3_pristine,187,1.74138412321536684,0.09730549779674433,10.27691160975138907,0.00040593011810203,0.90195521808653512,0.09763885179536280
MODE,radius3_pristine,188,1.74213945822256466,0.10383763910465774,9.63041926436811657,0.00018582250218617,0.89618367244126595,0.10363050505654792
MODE,radius3_pristine,189,1.74826283198306509,0.60403921332570132,1.65552165809605212,0.00000000000000000,1.00000000000000067,-0.00000000000000067
MODE,radius3_pristine,190,1.74826283198306509,0.53981808770646456,1.85247590396372064,0.00000000000000000,1.00000000000000111,-0.00000000000000111
MODE,radius3_pristine,191,1.74826283198306509,0.37123562247447367,2.69370701371407462,0.00000000000000000,1.00000000000000222,-0.00000000000000222
MODE,radius3_pristine,192,1.74826283198306509,0.19775381144740153,5.05679254766717623,0.00000000000000000,0.99999999999999867,0.00000000000000133
MODE,radius3_pristine,193,1.74826283198306509,0.21249460624555552,4.70600180243829502,0.00000000000000000,1.00000000000000089,-0.00000000000000089
MODE,radius3_pristine,194,1.74826283198306509,0.35935566552471981,2.78275840883107151,0.00000000000000000,1.00000000000000022,-0.00000000000000022
MODE,radius3_pristine,195,1.74826283198307397,0.24697755073110639,4.04895099590949048,0.00000000000000000,1.00000000000000200,-0.00000000000000200
MODE,radius3_pristine,196,1.74999999999999756,0.99651186166237615,1.00350034803580246,0.00000000000000000,0.99999999999999889,0.00000000000000111
MODE,radius3_pristine,197,1.74999999999999756,0.39341614473211123,2.54183772931060004,0.00000000000000000,0.99999999999999944,0.00000000000000056
MODE,radius3_pristine,198,1.74999999999999756,0.67847527687982290,1.47389305708943064,0.00000000000000000,0.99999999999999978,0.00000000000000022
MODE,radius3_pristine,199,1.75000000000000422,0.65984979773398089,1.51549641059850870,0.00000000000000000,1.00000000000000444,-0.00000000000000444
MODE,radius3_pristine,200,1.75000000000000422,0.30807754094250789,3.24593606187805728,0.00000000000000000,1.00000000000000222,-0.00000000000000222
MODE,radius3_pristine,201,1.75000000000000422,0.99743175557221586,1.00257485729067319,0.00000000000000000,1.00000000000000466,-0.00000000000000466
MODE,radius3_pristine,202,1.75000000000000422,0.99743175557221098,1.00257485729067808,0.00000000000000000,1.00000000000000222,-0.00000000000000222
MODE,radius3_pristine,203,1.77729486681618187,0.07446177435977666,13.42970952005929774,0.00000334044509424,0.97324250982988636,0.02675414972501944
MODE,radius3_pristine,204,1.77825093991880001,0.07072110600632413,14.14005035371726926,0.00000488041836394,0.97954425586133254,0.02045086372030347
MODE,radius3_pristine,205,1.77968797888941110,0.06413456703911888,15.59221565166332191,0.00000180773807896,0.98458813024703140,0.01541006201488959
MODE,radius3_pristine,206,1.78135749880735816,0.06590162225081914,15.17413328907195869,0.00000017780637161,0.98817932079507498,0.01182050139855340
MODE,radius3_pristine,207,1.78291309907026352,0.06121890589370228,16.33482313023291255,0.00000004848915183,0.99348676000661218,0.00651319150423602
MODE,radius3_pristine,208,1.78398538392242445,0.05680326033522176,17.60462329272205650,0.00000000743001165,0.99876308627547350,0.00123690629451489
MODE,radius3_pristine,209,1.79566448268684553,0.10552779980553119,9.47617596351691915,0.00000034712743119,0.89992188114643223,0.10007777172613663
MODE,radius3_pristine,210,1.79589279647659406,0.10577485671854843,9.45404258651803353,0.00000440966210645,0.92228952967277944,0.07770606066511410
MODE,radius3_pristine,211,1.79618083481166257,0.11304007040272017,8.84642053421736207,0.00000488497828660,0.94257540909883131,0.05741970592288215
MODE,radius3_pristine,212,1.79645271924470129,0.10291969573326780,9.71631321755607935,0.00000988152070640,0.95535662779198705,0.04463349068730660
MODE,radius3_pristine,213,1.79665898853798800,0.11098478514384082,9.01024405015479424,0.00000417779254252,0.96262630073979949,0.03736952146765804
MODE,radius3_pristine,214,1.79677127331539288,0.11897157957029900,8.40536877472582411,0.00001480709844473,0.96629458781804300,0.03369060508351229
MODE,radius3_pristine,215,1.79705766667476730,0.39749720792949733,2.51574094119767100,0.00000000431290108,0.99788356906110875,0.00211642662599021
MODE,radius3_pristine,216,1.80469470758451633,0.02890770825321747,34.59284946563339957,0.08939497186042306,0.10667816966430901,0.80392685847526801
MODE,radius3_pristine,217,1.80470156503944290,0.02995669206310764,33.38152282946897742,0.06955256065009435,0.08894393221246202,0.84150350713744360
MODE,radius3_pristine,218,1.80502608957771615,0.02510907084266675,39.82624471713798897,0.00952372096746206,0.19884359718369138,0.79163268184884661
MODE,radius3_pristine,219,1.80503131231209868,0.02805524795464846,35.64395515650078750,0.00909963289214256,0.17168087556383307,0.81921949154402440
MODE,radius3_pristine,220,1.80509257853742899,0.02819594117783402,35.46609753839821622,0.00802023759482473,0.25580979892135197,0.73616996348382324
MODE,radius3_pristine,221,1.80511255102301571,0.02747101968886762,36.40199786268730975,0.06177954330201124,0.17706642694514843,0.76115402975284041
MODE,radius3_pristine,222,1.80531477863156398,0.02401550172802063,41.63977131625892270,0.06872742712640471,0.35056180916971869,0.58071076370387664
MODE,radius3_pristine,223,1.80537552055976791,0.02177831049630599,45.91724413928336901,0.03297573171022748,0.25648505035374125,0.71053921793603125
MODE,radius3_pristine,224,1.80540940381833193,0.02026012026757547,49.35804856007748498,0.03861254913882469,0.24639219569488605,0.71499525516628926
MODE,radius3_pristine,225,1.80546792430773939,0.02646430211586839,37.78675121005306892,0.03482245735923720,0.33563108401612851,0.62954645862463432
MODE,radius3_pristine,226,1.80549708753238858,0.01824425579368497,54.81177260988295075,0.02674714194611882,0.25569085964037186,0.71756199841350932
MODE,radius3_pristine,227,1.80551302262932745,0.02178128147892980,45.91098099381130027,0.00979469723537221,0.36505491719178845,0.62515038557283931
MODE,radius3_pristine,228,1.80580193725131677,0.01895795069343559,52.74831737727123482,0.01937690191706660,0.39901042368860468,0.58161267439432862
MODE,radius3_pristine,229,1.80596608385670843,0.02311981805227989,43.25293554381532601,0.03028703360354366,0.35344539576559308,0.61626757063086324
MODE,radius3_pristine,230,1.80601375543386244,0.01993692515933435,50.15818597943655277,0.00234453662852789,0.31888714749019248,0.67876831588127962
MODE,radius3_pristine,231,1.80604187746112732,0.02195186187758340,45.55422248812391217,0.01839288145898583,0.28901580181056780,0.69259131673044627
MODE,radius3_pristine,232,1.80624708706601789,0.02036826547157612,49.09598224726097726,0.00842904411382356,0.33314413281209682,0.65842682307407951
MODE,radius3_pristine,233,1.80628403567317619,0.01762905326946703,56.72454355401877990,0.01154691681166425,0.50131290880809332,0.48714017438024249
MODE,radius3_pristine,234,1.80659757577406666,0.01565684172754912,63.86984153007320231,0.02071755327001775,0.38837647602078146,0.59090597070920081
MODE,radius3_pristine,235,1.80663279808769373,0.01921918548994115,52.03134131378124749,0.04811541726582683,0.38489944605615772,0.56698513667801542
MODE,radius3_pristine,236,1.80682839205144630,0.06098401236841994,16.39774034477668607,0.00220751250384927,0.90784629434151920,0.08994619315463148
MODE,radius3_pristine,237,1.80689705057127359,0.01873718614584824,53.36980655558993192,0.04470056034270546,0.46738668273920536,0.48791275691808922
MODE,radius3_pristine,238,1.80713845792181305,0.02229500743152196,44.85309112685661859,0.01444275183290991,0.50881489677870906,0.47674235138838106
MODE,radius3_pristine,239,1.80716029061157912,0.01723753884169147,58.01292221493686441,0.02450282965524111,0.44419078687877339,0.53130638346598547
MODE,radius3_pristine,240,1.80718163672540721,0.02087685420483320,47.89993694397166024,0.00615700061575313,0.36334893266990281,0.63049406671434416
MODE,radius3_pristine,241,1.80724193889597240,0.01787292980620996,55.95053585744791746,0.01341107563856550,0.53304967156454697,0.45353925279688756
MODE,radius3_pristine,242,1.80734350682396006,0.02365724657666311,42.27034607596551297,0.00608290119548169,0.54429274913804437,0.44962434966647391
MODE,radius3_pristine,243,1.80758868805917561,0.04647242127905118,21.51813855351624483,0.00280369612267522,0.52760344141544935,0.46959286246187548
MODE,radius3_pristine,244,1.80769024728493499,0.01674600936035011,59.71571963692564822,0.02661702535855607,0.45168184614409379,0.52170112849735018
MODE,radius3_pristine,245,1.80775414464017858,0.01773144303227391,56.39698913279920589,0.01926598537058983,0.49370920368216514,0.48702481094724498
MODE,radius3_pristine,246,1.80794896484671552,0.02166277871795679,46.16212966119051941,0.02765099466261612,0.50136621179600815,0.47098279354137573
MODE,radius3_pristine,247,1.80808067808692297,0.02424519760292463,41.24528149357597329,0.02146888279920314,0.50358848281154522,0.47494263438925166
MODE,radius3_pristine,248,1.80821481116610316,0.01628861709205869,61.39256600780046824,0.03386336068456021,0.44131478743769303,0.52482185187774677
MODE,radius3_pristine,249,1.80827931224282934,0.01665310852940228,60.04884903226486159,0.02521419263496815,0.46540721206361713,0.50937859530141472
MODE,radius3_pristine,250,1.80846440093587257,0.02892119045233384,34.57672330771237768,0.00571205271311708,0.53070398938962760,0.46358395789725537
MODE,radius3_pristine,251,1.80858325893198990,0.02009017261831546,49.77558027989950773,0.00965100415202662,0.50467322356145516,0.48567577228651826
MODE,radius3_pristine,252,1.80882169697852158,0.10339063560365458,9.67205583137601543,0.00009243290900586,0.88343644760754425,0.11647111948344990
MODE,radius3_pristine,253,1.80883156118267596,0.01985252288612332,50.37143166821322637,0.00587658681606152,0.40799822325409529,0.58612518992984319
MODE,radius3_pristine,254,1.80887128967500588,0.08048463526177790,12.42473171118288278,0.00018184190358112,0.86337545325172538,0.13644270484469345
MODE,radius3_pristine,255,1.80889496964216345,0.01869721440240428,53.48390292146459757,0.00212042526460646,0.51023455799012052,0.48764501674527305
MODE,radius3_pristine,256,1.80896993234674874,0.05880307197677541,17.00591425555037972,0.00112270873164837,0.78801114631044833,0.21086614495790335
MODE,radius3_pristine,257,1.80903911315914723,0.02043142168860018,48.94422009594934764,0.00590512689473199,0.52600065161789911,0.46809422148736890
MODE,radius3_pristine,258,1.80913722698405888,0.02804251685487642,35.66013725426739001,0.00024515903780389,0.65666141155363567,0.34309342940856047
MODE,radius3_pristine,259,1.80917270014088905,0.02059081498896001,48.56534335994766849,0.01727716988851906,0.47673153489533782,0.50599129521614317
MODE,radius3_pristine,260,1.80931115784077878,0.02084276059666047,47.97828940952404508,0.01102341539729518,0.60734464845617397,0.38163193614653079
MODE,radius3_pristine,261,1.80943558024063367,0.01124943791178281,88.89333030164881677,0.04101912035667690,0.27612194372382609,0.68285893591949698
MODE,radius3_pristine,262,1.80947031972797912,0.01287948298153719,77.64286822953265244,0.01261582860457862,0.47655427252468885,0.51082989887073249
MODE,radius3_pristine,263,1.80956396166066980,0.01051387687551824,95.11239401409761740,0.03185460944491761,0.32597782785306456,0.64216756270201780
MODE,radius3_pristine,264,1.80964100577050990,0.02772575061205916,36.06755373342554094,0.00065871576170288,0.41916779642369967,0.58017348781459743
MODE,radius3_pristine,265,1.80964100577050990,0.02145172976809661,46.61628739549095712,0.11480837481746932,0.29296344023173060,0.59222818495080010
MODE,radius3_pristine,266,1.80964100577050990,0.02146392472028724,46.58980186670248003,0.09146311187650071,0.18005334662834979,0.72848354149514949
MODE,radius3_pristine,267,1.80964100577050990,0.04971053313545710,20.11646097769827790,0.07283079908285510,0.10412036135497414,0.82304883956217079
MODE,radius3_pristine,268,1.80964100577050990,0.01828988470311003,54.67503028217335270,0.01662196567113459,0.21409957766168569,0.76927845666717976
MODE,radius3_pristine,269,1.80964100577050990,0.02179238277509106,45.88759339997511688,0.03282718246658986,0.29394701481603175,0.67322580271737831
MODE,radius3_pristine,270,1.80964100577050990,0.01969010729139363,50.78692488573138064,0.00448843854853304,0.30338144157636132,0.69213011987510553
MODE,radius3_pristine,271,1.80964100577050990,0.01915432952856450,52.20751780994048374,0.01199403725444022,0.32276873526814776,0.66523722747741199
MODE,radius3_pristine,272,1.80964100577050990,0.02021347142217154,49.47195754328127748,0.04313879104246244,0.26931484562701230,0.68754636333052521
MODE,radius3_pristine,273,1.80964100577050990,0.03279949867086634,30.48827087373243927,0.05398354370872024,0.25114796637994402,0.69486848991133576
MODE,radius3_pristine,274,1.80964100577050990,0.01949164916320507,51.30402212901142889,0.02869533447219927,0.28842430042150125,0.68288036510629946
MODE,radius3_pristine,275,1.80964100577051434,0.01820648291061932,54.92549027229904368,0.00296968044843133,0.22195909704911915,0.77507122250244942
MODE,radius3_pristine,276,1.80964100577051434,0.02330161487523669,42.91548055163891462,0.00910150297818648,0.15942774598000531,0.83147075104180823
MODE,radius3_pristine,277,1.80964100577051434,0.01719001638325690,58.17330115950333180,0.04514816691594154,0.22921095380956763,0.72564087927449084
MODE,radius3_pristine,278,1.80964100577051434,0.02221365548177749,45.01735433955609267,0.04315346039996657,0.34451405250073419,0.61233248709929922
MODE,radius3_pristine,279,1.80964100577051434,0.02161168299739437,46.27126911497665418,0.00764465622403552,0.16886274036885318,0.82349260340711128
MODE,radius3_pristine,280,1.80964100577051434,0.01933925935675684,51.70828838647409498,0.02323855592415229,0.36662483635763016,0.61013660771821754
MODE,radius3_pristine,281,1.80964100577051434,0.01849805745259433,54.05973046427916273,0.01597705863303888,0.30338136401688665,0.68064157735007447
MODE,radius3_pristine,282,1.80964100577051434,0.02206920174962687,45.31201496750588831,0.06410435666905830,0.34743242115136885,0.58846322217957281
MODE,radius3_pristine,283,1.80964100577051434,0.01676239334139162,59.65735200418460238,0.06126370213361658,0.30917253432974756,0.62956376353663590
MODE,radius3_pristine,284,1.80964100577051434,0.02141017538565251,46.70676358261524541,0.00690992820195182,0.27823037755194124,0.71485969424610696
MODE,radius3_pristine,285,1.80964100577051434,0.02057631846330171,48.59955884642437951,0.03135361009417219,0.25522169289834090,0.71342469700748690
MODE,radius3_pristine,286,1.80964100577051434,0.02760419261617405,36.22638103945386234,0.00394289937975626,0.24155695099274471,0.75450014962749901
MODE,radius3_pristine,287,1.80964100577051434,0.02906983721092251,34.39991743828089454,0.02009521084375235,0.19882410649642579,0.78108068265982189
MODE,radius3_pristine,288,1.80964100577051434,0.02338322947760559,42.76569243601327486,0.00591234968238792,0.28438928886563802,0.70969836145197407
MODE,radius3_pristine,289,1.80964100577051434,0.03313473266495240,30.17981192459506445,0.00626229414655413,0.19769952463544732,0.79603818121799863
MODE,radius3_pristine,290,1.80964100577051434,0.01826807763184646,54.74029726350160985,0.06179601945482976,0.17853034997905337,0.75967363056611692
MODE,radius3_pristine,291,1.80964100577051434,0.02277934363577735,43.89942115932588962,0.04130102371191533,0.21959773157439369,0.73910124471369099
MODE,radius3_pristine,292,1.80964100577051923,0.01948775533984398,51.31427311976946726,0.02975138425485031,0.21617805116343650,0.75407056458171318
MODE,radius3_pristine,293,1.80964100577051923,0.02070517252174487,48.29711024864851510,0.01717506706851436,0.15828428488321616,0.82454064804826954
MODE,radius3_pristine,294,2.18173716801692130,0.34707965704251176,2.88118297834296833,0.00000000000000000,0.99999999999999589,0.00000000000000411
MODE,radius3_pristine,295,2.18173716801693063,0.09948502900832021,10.05176366703745217,0.00000000000000000,1.00000000000000111,-0.00000000000000111
MODE,radius3_pristine,296,2.18173716801693063,0.13445721118910350,7.43731028746073441,0.00000000000000000,0.99999999999999833,0.00000000000000167
MODE,radius3_pristine,297,2.18173716801693063,0.10103635809451067,9.89742721194074981,0.00000000000000000,1.00000000000000089,-0.00000000000000089
MODE,radius3_pristine,298,2.18173716801693063,0.12759874003817487,7.83706798124198567,0.00000000000000000,0.99999999999999989,0.00000000000000011
MODE,radius3_pristine,299,2.18173716801693063,0.20290002406882296,4.92853564009831580,0.00000000000000000,1.00000000000000133,-0.00000000000000133
MODE,radius3_pristine,300,2.18173716801694528,0.12120274298734147,8.25063835481380892,0.00000000000000000,1.00000000000000533,-0.00000000000000533
MODE,radius3_pristine,301,2.19749161195625042,0.09073731706693081,11.02082398207087621,0.00000000014379026,0.99934637637820301,0.00065362347800679
MODE,radius3_pristine,302,2.19828195680815019,0.08973566544137453,11.14384113698151602,0.00000000259935022,0.99655835715531271,0.00344164024533711
MODE,radius3_pristine,303,2.19960175090744059,0.08905933302189556,11.22846944917212042,0.00000025733779782,0.99052700361343915,0.00947273904876300
MODE,radius3_pristine,304,2.20139560878089657,0.08921964508426897,11.20829385787724952,0.00000388233826089,0.98233064672510539,0.01766547093663373
MODE,radius3_pristine,305,2.20341404659042528,0.09105438006359373,10.98244806347135771,0.00001378113333619,0.97529755114957006,0.02468866771709377
MODE,radius3_pristine,306,2.20496558505378282,0.08801162665109832,11.36213518657333843,0.00000721160502576,0.96668086923135388,0.03331191916362031
MODE,radius3_pristine,307,2.21862215003028007,0.04075757775709961,24.53531478145334432,0.00000005094171932,0.87970070790110788,0.12029924115717283
MODE,radius3_pristine,308,2.21889660173035441,0.04012797834996627,24.92026862850519464,0.00000202674080051,0.88709640236816245,0.11290157089103703
MODE,radius3_pristine,309,2.21938469170763986,0.04095423329265589,24.41750020941851673,0.00000373227394179,0.89149422082484753,0.10850204690121068
MODE,radius3_pristine,310,2.22012275513796276,0.03514338202687480,28.45485955891442842,0.00003623170956122,0.88762659612050077,0.11233717216993799
MODE,radius3_pristine,311,2.22111385525685856,0.03600384738985822,27.77480942999680735,0.00016442184025028,0.87986311023032604,0.11997246792942373
MODE,radius3_pristine,312,2.22213892946852365,0.04197981408564171,23.82097257410266522,0.00047896863093392,0.88327658338106274,0.11624444798800337
MODE,radius3_pristine,313,2.22332764487068424,0.07969438513799150,12.54793544449199949,0.00005284883073163,0.94400614541684602,0.05594100575242233
MODE,radius3_pristine,314,2.23664264422176373,0.01940075520669393,51.54438522346622875,0.12888403335431289,0.14149018978087294,0.72962577686481422
MODE,radius3_pristine,315,2.23664264422176373,0.03193184937835063,31.31669538307376754,0.00303895822022558,0.22501383885174114,0.77194720292803320
MODE,radius3_pristine,316,2.23664264422176373,0.01412696467757468,70.78661430982499780,0.00660735500398267,0.27457352002411473,0.71881912497190259
MODE,radius3_pristine,317,2.23664264422176373,0.02066525398646731,48.39040452417630434,0.04546862156304073,0.38161355485136628,0.57291782358559296
MODE,radius3_pristine,318,2.23664264422176373,0.01549148996533065,64.55157007092027754,0.07254913530489794,0.24184833676701151,0.68560252792809062
MODE,radius3_pristine,319,2.23664264422176373,0.02566617765980167,38.96178126929272878,0.03360982717942253,0.16022705117773878,0.80616312164283865
MODE,radius3_pristine,320,2.23664264422176817,0.01671734091168083,59.81812569852390027,0.08834203925618045,0.42145117285729627,0.49020678788652328
MODE,radius3_pristine,321,2.23664264422176817,0.01479385913139551,67.59561458022817249,0.00473147317441191,0.22139472038704894,0.77387380643853909
MODE,radius3_pristine,322,2.23664264422176817,0.01777247693605886,56.26677719699744529,0.03589414630857310,0.21952248932239873,0.74458336436902817
MODE,radius3_pristine,323,2.23664264422176817,0.01991186027059029,50.22132469847604597,0.00183319678244773,0.26068822829147936,0.73747857492607283
MODE,radius3_pristine,324,2.23664264422176817,0.02034985094792505,49.14040906535306874,0.01635637185241249,0.10336197361477743,0.88028165453281015
MODE,radius3_pristine,325,2.23664264422176817,0.02204793436127131,45.35572283617496225,0.00712249244587194,0.31758254562963101,0.67529496192449701
MODE,radius3_pristine,326,2.23664264422176817,0.02690892976682422,37.16238470520262638,0.02182631437938939,0.15692292469750874,0.82125076092310190
MODE,radius3_pristine,327,2.23664264422176817,0.01367857786936369,73.10701518465083382,0.01883432419282126,0.12053436888683544,0.86063130692034329
MODE,radius3_pristine,328,2.23664264422176817,0.01543553925989959,64.78555644621546605,0.00490236552116073,0.27218018218990808,0.72291745228893123
MODE,radius3_pristine,329,2.23664264422177261,0.01834381115461291,54.51429866843839278,0.00197415440205372,0.35825003174938830,0.63977581384855797
MODE,radius3_pristine,330,2.23664264422177261,0.01541508366687944,64.87152594238467884,0.00985980955600301,0.37631504821969192,0.61382514222430506
MODE,radius3_pristine,331,2.23664264422177261,0.02073362569163886,48.23083115671683174,0.02847275694302711,0.24444631416978063,0.72708092888719222
MODE,radius3_pristine,332,2.23664264422177261,0.02172106542163976,46.03825735931642527,0.01077555851283362,0.33027789059887142,0.65894655088829501
MODE,radius3_pristine,333,2.23664264422177261,0.01150582113195804,86.91252788750959724,0.04589548036070480,0.34530986323338564,0.60879465640590957
MODE,radius3_pristine,334,2.23664264422177261,0.01914104149571707,52.24376114663124326,0.05731817341880067,0.21945874510979685,0.72322308147140246
MODE,radius3_pristine,335,2.23664264422177261,0.01324148110108077,75.52025278489277582,0.01101085250582933,0.32703825678099180,0.66195089071317881
MODE,radius3_pristine,336,2.23664264422177261,0.01802057617352011,55.49212136010530116,0.01741138755956923,0.26658443359437961,0.71600417884605116
MODE,radius3_pristine,337,2.23664264422177261,0.02036360293747528,49.10722346484635636,0.00244965269973400,0.11532581244418133,0.88222453485608465
MODE,radius3_pristine,338,2.23664264422177705,0.01342359437386845,74.49569557514996632,0.07100342383330836,0.27317396471238292,0.65582261145430865
MODE,radius3_pristine,339,2.23664264422177705,0.01979170139140131,50.52622714055596020,0.00340698271335954,0.21820659883497076,0.77838641845166978
MODE,radius3_pristine,340,2.23664264422177705,0.01745070786265070,57.30426569917398183,0.03000139664386813,0.23051505281764673,0.73948355053848513
MODE,radius3_pristine,341,2.23664264422177705,0.02268909462018203,44.07403718571018914,0.09479746418277343,0.15630374587078308,0.74889878994644343
MODE,radius3_pristine,342,2.23664264422178283,0.01622698935666032,61.62572600625714614,0.07762450927171215,0.23630869888330244,0.68606679184498542
MODE,radius3_pristine,343,2.23664264422178283,0.02862989263450098,34.92852777222544347,0.01660896472635130,0.40256737664458941,0.58082365862905927
MODE,radius3_pristine,344,2.23848847378470017,0.00845078739487077,118.33216874050722822,0.03492481094719856,0.32221142918427420,0.64286375986852717
MODE,radius3_pristine,345,2.24073530614379113,0.01096614701351785,91.18973134021558735,0.02697834583396091,0.42327596654407551,0.54974568762196363
MODE,radius3_pristine,346,2.24166031046152892,0.00909512945413405,109.94895730103820597,0.03277634072919001,0.31311633764050484,0.65410732163030516
MODE,radius3_pristine,347,2.24467208774230853,0.01440821949580362,69.40482828508055491,0.00786779889113858,0.60425567242077949,0.38787652868808198
MODE,radius3_pristine,348,2.24808266137090573,0.00911706216912223,109.68445552415022348,0.02676333425583044,0.37533983364378104,0.59789683210038858
MODE,radius3_pristine,349,2.24876242476007793,0.01332086637639792,75.07019226405671475,0.00074348051966869,0.64133259298552026,0.35792392649481108
MODE,radius3_pristine,350,2.25090177656554769,0.01341998015838215,74.51575845850993574,0.01339762970853294,0.57607304248614677,0.41052932780532025
MODE,radius3_pristine,351,2.25339276610206163,0.01244577967936612,80.34852180919624232,0.01140846995118641,0.53718465882052435,0.45140687122828926
MODE,radius3_pristine,352,2.25459592707921352,0.01705229720170715,58.64312521481784302,0.00627701727104086,0.65559437997629222,0.33812860275266687
MODE,radius3_pristine,353,2.25503234913590545,0.01092121995970871,91.56486213896128845,0.00578213214884762,0.50049468433467503,0.49372318351647737
MODE,radius3_pristine,354,2.25726704277081192,0.04086351625436384,24.47170707912854226,0.00003248404533832,0.93066244142356402,0.06930507453109769
MODE,radius3_pristine,355,2.25889914180641638,0.04881802509796163,20.48423708237542940,0.00000528444145223,0.95271677364980112,0.04727794190874668
MODE,radius3_pristine,356,2.26122452489730641,0.01226399560762518,81.53949430463319459,0.01539694137984877,0.55779641957761661,0.42680663904253457
MODE,radius3_pristine,357,2.26318123401562987,0.01070343013343482,93.42799341271467028,0.00769623698413691,0.44600803425053437,0.54629572876532873
MODE,radius3_pristine,358,2.26514810720860460,0.01077884735910385,92.77429827924936490,0.03908170150831534,0.35037357480141074,0.61054472369027390
MODE,radius3_pristine,359,2.26728037187604015,0.00910577752055635,109.82038576524557527,0.03304822758965641,0.47538050663830028,0.49157126577204330
MODE,radius3_pristine,360,2.27136470292735737,0.01066715885153727,93.74567435600602039,0.02672602863437397,0.43712628895233102,0.53614768241329491
MODE,radius3_pristine,361,2.27240442646347596,0.00877161077940276,114.00414646169325295,0.01638627070568697,0.47249792778386307,0.51111580151045000
MODE,radius3_pristine,362,2.27678347272324499,0.01080315995011495,92.56550903787734796,0.02228034825875926,0.52600893621778044,0.45171071552346032
MODE,radius3_pristine,363,2.27930336025156066,0.01431011612895174,69.88063485919826689,0.00591868318495422,0.56463391516672878,0.42944740164831696
MODE,radius3_pristine,364,2.28246841037258186,0.01233099750119604,81.09644008142934979,0.04852882996052703,0.39452964310732552,0.55694152693214749
MODE,radius3_pristine,365,2.28362192036075884,0.01264625725243462,79.07477920453364106,0.00920156965990357,0.36231568236204459,0.62848274797805181
MODE,radius3_pristine,366,2.28501527415527406,0.01295865805703917,77.16848423643666877,0.02342731415601107,0.49360230208620798,0.48297038375778095
MODE,radius3_pristine,367,2.28600913757317770,0.01138948354233563,87.80029369048381227,0.00981444488131353,0.50375205779601895,0.48643349732266750
MODE,radius3_pristine,368,2.29172419830786112,0.01235017358741013,80.97052182484371485,0.02391231052527542,0.58494659834349172,0.39114109113123285
MODE,radius3_pristine,369,2.29208111742665332,0.01146008389019079,87.25939614246155429,0.00413565553915170,0.47918114293032149,0.51668320153052671
MODE,radius3_pristine,370,2.29450153355901731,0.01145619647406225,87.28900575894283520,0.04948043141255944,0.44312388935891583,0.50739567922852480
MODE,radius3_pristine,371,2.29584437906447070,0.01075286590399398,92.99846282176423529,0.01917197920633340,0.46898804528240834,0.51183997551125826
MODE,radius3_pristine,372,2.29810475008378834,0.01477737758586979,67.67100550751342780,0.00168238466218247,0.50178389741527307,0.49653371792254442
MODE,radius3_pristine,373,2.30077779529842275,0.00908680409214849,110.04969292383624691,0.00703718112034947,0.44549775067465108,0.54746506820499952
MODE,radius3_pristine,374,2.30191542694710183,0.01208994434460455,82.71336670348490827,0.03583661075635897,0.44188627349941983,0.52227711574422120
MODE,radius3_pristine,375,2.30354320302485016,0.01055967359281535,94.69989684912091832,0.00644679170352397,0.48945376769911003,0.50409944059736600
MODE,radius3_pristine,376,2.30524875865947365,0.01071607904760465,93.31771402185847819,0.00453752650417649,0.38013772212481317,0.61532475137101028
MODE,radius3_pristine,377,2.30553716333779324,0.01394128636303596,71.72939239318748150,0.00630636152877207,0.58761222617427333,0.40608141229695460
MODE,radius3_pristine,378,2.30779763498158363,0.01057677011678821,94.54682185185514243,0.03913837044635911,0.49652965351575507,0.46433197603788579
MODE,radius3_pristine,379,2.30970565431926067,0.01167709830102694,85.63771360150791168,0.01044895965969160,0.51364132303409005,0.47590971730621834
MODE,radius3_pristine,380,2.31448989587689669,0.00930348468626584,107.48660676318819185,0.03679559424826005,0.34786037117090313,0.61534403458083675
MODE,radius3_pristine,381,2.31463833162481381,0.01267338918419852,78.90549129879347845,0.04001264136717682,0.25735862824984823,0.70262873038297491
MODE,radius3_pristine,382,2.31490351065097633,0.01046501044163247,95.55652195259602877,0.01024078659277875,0.37624861820236943,0.61351059520485185
MODE,radius3_pristine,383,2.31547844882570253,0.01022521519793387,97.79745273254123106,0.02138142407230563,0.37067813037514968,0.60794044555254478
MODE,radius3_pristine,384,2.31724408320591246,0.01223332245056498,81.74394192918670399,0.03045181090997703,0.33694242866324009,0.63260576042678285
MODE,radius3_pristine,385,2.31802978725138731,0.01089174918631291,91.81261732106790419,0.05176770131147575,0.41926462934431780,0.52896766934420647
MODE,radius3_pristine,386,2.32204125637929426,0.01053490667227793,94.92253050816761117,0.04599328546588098,0.26659834084880485,0.68740837368531416
MODE,radius3_pristine,387,2.32258464274510557,0.01086275413251652,92.05768516904979037,0.01306850465625578,0.28660659421150364,0.70032490113224055
MODE,radius3_pristine,388,2.32536012623564403,0.01133344209326834,88.23444737887390943,0.02054573677507322,0.29848121277156009,0.68097305045336665
MODE,radius3_pristine,389,2.32547004861989315,0.01092211601676529,91.55735010184974954,0.00226337901558522,0.31474215626588242,0.68299446471853231
MODE,radius3_pristine,390,2.33374406390533018,0.01164048489602400,85.90707422691355077,0.05139830182130264,0.20061774869584559,0.74798394948285174
MODE,radius3_pristine,391,2.33389290558572382,0.01144281523891665,87.39108157571500612,0.06489949817921721,0.21025823946281597,0.72484226235796678
MODE,radius3_pristine,392,2.35871703454993620,0.03355072049662956,29.80561922956193754,0.00213148529980468,0.80591113213284926,0.19195738256734607
MODE,radius3_pristine,393,2.35934684604302713,0.03124532870798630,32.00478411815844737,0.00007935555455381,0.81397494367632672,0.18594570076911943
MODE,radius3_pristine,394,2.36079365440533095,0.02653189018075951,37.69049220342331097,0.00302465247245645,0.81515626039318145,0.18181908713436212
MODE,radius3_pristine,395,2.36339457073992509,0.02075745048571541,48.17547322047892777,0.00627985028352129,0.79201809236638576,0.20170205735009294
MODE,radius3_pristine,396,2.36688679557534121,0.01775097560081546,56.33493180814586054,0.00171746428977295,0.78007835973214634,0.21820417597808073
MODE,radius3_pristine,397,2.36968002129271316,0.01959709767819282,51.02796426395200768,0.00561150834556937,0.76344071088756527,0.23094778076686540
MODE,radius3_pristine,398,2.37405456656146008,0.01729359076946649,57.82489092812331677,0.01047419802316347,0.67037735810799393,0.31914844386884256
MODE,radius3_pristine,399,2.37846786243033925,0.01743456134181274,57.35733640752594198,0.00795734644498383,0.66345880909672006,0.32858384445829614
MODE,radius3_pristine,400,2.38287058491544412,0.01475623859943120,67.76794731677395589,0.00699743105831264,0.65612634850493601,0.33687622043675136
MODE,radius3_pristine,401,2.38581684068909361,0.01421322877315542,70.35699037566352843,0.00982953401226328,0.70783709023629715,0.28233337575143957
MODE,radius3_pristine,402,2.38671833670463274,0.01300471457278308,76.89519015610311214,0.00456140823042634,0.69901394226275304,0.29642464950682057
MODE,radius3_pristine,403,2.38929123638206198,0.01109834267256718,90.10354334001549148,0.04195722224658475,0.52278445006418495,0.43525832768923034
MODE,radius3_pristine,404,2.39200922882005207,0.01101515751834443,90.78399453976206246,0.03651944653961019,0.46008869641572286,0.50339185704466693
MODE,radius3_pristine,405,2.39384383953409730,0.01053379062388454,94.93258748969044802,0.00677695563140351,0.48178709146075405,0.51143595290784249
MODE,radius3_pristine,406,2.39864203683228361,0.01512620765241423,66.11042390657610213,0.08411098931594466,0.30994000661131627,0.60594900407273911
MODE,radius3_pristine,407,2.39892019572611215,0.01100994136458229,90.82700505716451289,0.02891302464301080,0.42277181200173042,0.54831516335525876
MODE,radius3_pristine,408,2.39948204525957776,0.00963473775749371,103.79109687985219068,0.00417747548279785,0.49566076976491696,0.50016175475228519
MODE,radius3_pristine,409,2.40053791276515938,0.01029317973689862,97.15170875868764711,0.00148601786042733,0.41901040601377681,0.57950357612579584
MODE,radius3_pristine,410,2.40106350001456592,0.01130311653875922,88.47117488092123949,0.01395680933284003,0.26475838948322006,0.72128480118393989
MODE,radius3_pristine,411,2.40373062856129271,0.01107517596631369,90.29201911027008975,0.02529785669483076,0.36287042050264889,0.61183172280252029
MODE,radius3_pristine,412,2.40604638069207555,0.01089974502025258,91.74526542978037469,0.04628057797862223,0.22753057746811189,0.72618884455326593
MODE,radius3_pristine,413,2.40643376403817655,0.01247197627984372,80.17975480085908657,0.00094160494218555,0.49544849426777626,0.50360990079003820
MODE,radius3_pristine,414,2.40761329098562449,0.01016184054738830,98.40736974140088478,0.02789912010597184,0.41265002098735076,0.55945085890667734
MODE,radius3_pristine,415,2.40871762535224532,0.01100285017268243,90.88554186466811302,0.08008258115916507,0.48361927593094023,0.43629814290989466
MODE,radius3_pristine,416,2.40890558939173438,0.01096612519408073,91.18991278157004388,0.00281671753337663,0.50702017633294372,0.49016310613367964
MODE,radius3_pristine,417,2.40975266666248311,0.01042747136365877,95.90052709088642757,0.00363698033180237,0.45525355072990437,0.54110946893829326
MODE,radius3_pristine,418,2.41474989609990365,0.01225430540139116,81.60397241988727046,0.00875181437008108,0.46931022155220442,0.52193796407771442
MODE,radius3_pristine,419,2.41528294527805887,0.01063456236822654,94.03301850838305143,0.00092118401123194,0.48413532305127971,0.51494349293748831
MODE,radius3_pristine,420,2.41811794019619386,0.01159160629641052,86.26932061259377349,0.00125817357506413,0.50412780637734056,0.49461402004759536
MODE,radius3_pristine,421,2.41815421468378888,0.01001070664390812,99.89304807054124069,0.01334780878266848,0.48428720510281131,0.50236498611452018
MODE,radius3_pristine,422,2.42079420634341158,0.01224955378490551,81.63562669786784909,0.09493512675167022,0.34839470923870203,0.55667016400962765
MODE,radius3_pristine,423,2.42287417572802166,0.01117895128652751,89.45382928765111785,0.00165514871375952,0.49615115059212778,0.50219370069411273
MODE,radius3_pristine,424,2.42352727761717501,0.01080978498099298,92.50877808932516189,0.02853729299239887,0.48615097489845460,0.48531173210914658
MODE,radius3_pristine,425,2.42757202173206466,0.01077469745244189,92.81003057523140853,0.00948756697910044,0.51083282259417395,0.47967961042672558
MODE,radius3_pristine,426,2.42784118796618831,0.01120861441681445,89.21709346160251641,0.04023524588064206,0.44984523486151451,0.50991951925784340
MODE,radius3_pristine,427,2.43125647302957582,0.01033567305731746,96.75228642144587354,0.00929738168375639,0.46593444085757652,0.52476817745866711
MODE,radius3_pristine,428,2.43549474535552823,0.01265318293030316,79.03149788541314535,0.03769471251189945,0.35649020451038188,0.60581508297771869
MODE,radius3_pristine,429,2.43624414334942774,0.01158070887749001,86.35049983371472138,0.00015173307476642,0.46564784044947694,0.53420042647575661
MODE,radius3_pristine,430,2.43642348380043350,0.01153308828900765,86.70704454357762359,0.00895919852202599,0.43111109538157633,0.55992970609639769
MODE,radius3_pristine,431,2.43886146358895139,0.00988879546742746,101.12455084078578693,0.00022665046028128,0.42581143829350748,0.57396191124621132
MODE,radius3_pristine,432,2.44447720969235549,0.01065947785715512,93.81322550698442342,0.00061610533794274,0.39009552315652019,0.60928837150553705
MODE,radius3_pristine,433,2.44452900994730982,0.01146109813461378,87.25167416374259233,0.07773858073746434,0.38537091618747860,0.53689050307505704
MODE,radius3_pristine,434,2.44878900550853640,0.01332901540562985,75.02429621152847972,0.08050507245848326,0.31025380906039346,0.60924111848112328
MODE,radius3_pristine,435,2.45135448249757237,0.01106743287142709,90.35519000812831791,0.00467848129672922,0.32318348812480924,0.67213803057846155
MODE,radius3_pristine,436,2.45140326441855638,0.01097544460446133,91.11248209421208344,0.00240422664141370,0.31238319003799164,0.68521258332059465
MODE,radius3_pristine,437,2.45727216102335166,0.01045471528456327,95.65062010598538222,0.03495390059035236,0.24327069831203016,0.72177540109761751
MODE,radius3_pristine,438,2.45915386802806557,0.01225512668225147,81.59850370606561398,0.00713923604826627,0.20354230899184050,0.78931845495989328
MODE,radius3_pristine,439,2.46212312860327520,0.01013730531261742,98.64554427056147290,0.00278935755923026,0.16494747375334295,0.83226316868742678
MODE,radius3_pristine,440,2.46651827874833796,0.00967678052550884,103.34015506127400386,0.07940679608224611,0.08337764161222845,0.83721556230552541
GROUP,radius3_pristine,0,1,1.09913284861455951,0.07945208182961284,0.08687320837961293
GROUP,radius3_pristine,1,2,1.10395240062995703,0.00222511070878175,0.17072195688579339
GROUP,radius3_pristine,2,3,1.10718839150352011,0.01222926881973300,0.20640798581680284
GROUP,radius3_pristine,3,4,1.10924225960949463,0.03609855320473245,0.25016285862141263
GROUP,radius3_pristine,4,5,1.11563552537578969,0.00133494213745383,0.31441658993234428
GROUP,radius3_pristine,5,6,1.11566177956859192,0.00327578281319018,0.32399122559608157
GROUP,radius3_pristine,6,7,1.11840571281862666,0.07218859501101244,0.30167841469734435
GROUP,radius3_pristine,7,8,1.12299156723810389,0.07485411164065423,0.39549757958793308
GROUP,radius3_pristine,8,9,1.12304626579410805,0.00415109591853715,0.37090475557555280
GROUP,radius3_pristine,9,10,1.12905818430321281,0.00070791299771786,0.41157371124398229
GROUP,radius3_pristine,10,11,1.13168856636991566,0.01360522694919267,0.39732623861604682
GROUP,radius3_pristine,11,12,1.13177502901035676,0.00001534622345819,0.43517641645396821
GROUP,radius3_pristine,12,13,1.13241529347767500,0.05550008260491172,0.32561184144734145
GROUP,radius3_pristine,13,14,1.13687364301149985,0.00945246222149906,0.45430543116294270
GROUP,radius3_pristine,14,15,1.14042273225385271,0.04417626831305990,0.40589159515573325
GROUP,radius3_pristine,15,16,1.14072919653062077,0.02112884208237262,0.44985848069185097
GROUP,radius3_pristine,16,17,1.14513556349311596,0.00569905214967756,0.40055128358666159
GROUP,radius3_pristine,17,18,1.14530925639109316,0.00148873833982039,0.46788822375149502
GROUP,radius3_pristine,18,19,1.14727254082313745,0.07212708829145420,0.27873934605551670
GROUP,radius3_pristine,19,20,1.15012298893454656,0.00712861836669121,0.38465953285787430
GROUP,radius3_pristine,20,21,1.15012940482251547,0.00030317344481291,0.40126390962693803
GROUP,radius3_pristine,21,22,1.15262135500292073,0.00176972418139660,0.40692132946071824
GROUP,radius3_pristine,22,23,1.15305820757299848,0.01308953094625160,0.46735476480997123
GROUP,radius3_pristine,23,24,1.15813677683873228,0.01257214521676134,0.38857685145085330
GROUP,radius3_pristine,24,25,1.15855688625984321,0.00195041927948914,0.36049187935638860
GROUP,radius3_pristine,25,26,1.15897392064283045,0.06900666966578162,0.31251444730647182
GROUP,radius3_pristine,26,27,1.15995099766553267,0.13466659875525550,0.22232857218497568
GROUP,radius3_pristine,27,28,1.16053203010541695,0.01281747907363776,0.22178695147678795
GROUP,radius3_pristine,28,29,1.16058271806303193,0.00530752316413180,0.49279171206406103
GROUP,radius3_pristine,29,30,1.16261900211099523,0.02280107823971118,0.39200527632510102
GROUP,radius3_pristine,30,31,1.16597752066966165,0.02286677532965179,0.17270468323421578
GROUP,radius3_pristine,31,32,1.16641750881841055,0.02235005464330274,0.40338409500292149
GROUP,radius3_pristine,32,33,1.16675920342071548,0.00651275950850087,0.23159241406724868
GROUP,radius3_pristine,33,34,1.16677788921249781,0.00720631232155680,0.26317748873831781
GROUP,radius3_pristine,34,35,1.17297120589866499,0.09395424352924581,0.14078190055478931
GROUP,radius3_pristine,35,36,1.17300626323764234,0.05052624060093273,0.14795789409650464
GROUP,radius3_pristine,36,37,1.18130893047191998,0.00176169597307017,0.79033345993163961
GROUP,radius3_pristine,37,38,1.18670001289352833,0.00237426138644391,0.84873270912118437
GROUP,radius3_pristine,38,39,1.19528939752430463,0.00080665949293403,0.87308473692164745
GROUP,radius3_pristine,39,40,1.20651624386953071,0.00013587606970365,0.89407400197070785
GROUP,radius3_pristine,40,41,1.21931024096469809,0.00008834452788010,0.93829714329005554
GROUP,radius3_pristine,41,42,1.23125481729112374,0.00002116775004255,0.98411689325272955
GROUP,radius3_pristine,42,43,1.25429149692949071,0.00000191633227766,0.98821998014471324
GROUP,radius3_pristine,43,44,1.25816174491425259,0.00001312885179855,0.95646455368497274
GROUP,radius3_pristine,44,45,1.26390860428781027,0.00006355651328627,0.93513099661423082
GROUP,radius3_pristine,45,46,1.26973981771445321,0.00041330977819137,0.92787559608165626
GROUP,radius3_pristine,46,47,1.27448612922212012,0.00024347485953442,0.91859341480127998
GROUP,radius3_pristine,47,48,1.27766976036797741,0.00001844429944112,0.90460499637639591
GROUP,radius3_pristine,48,49,1.27923390742818266,0.00040097116571369,0.89399860644273910
GROUP,radius3_pristine,49,50,1.32841364395071837,0.02561255669607506,0.36263181186475346
GROUP,radius3_pristine,50,51,1.32884274169887950,0.05957296408099781,0.29603900750163192
GROUP,radius3_pristine,51,52,1.33113297516771389,0.00435041420903530,0.60577010354114869
GROUP,radius3_pristine,52,53,1.33178847161916947,0.00046344246087031,0.56333059216386550
GROUP,radius3_pristine,53,54,1.33280725683286172,0.00182999065503100,0.73404567516465491
GROUP,radius3_pristine,54,55,1.33289230792125557,0.00829422854344700,0.72393568922363216
GROUP,radius3_pristine,55,56,1.33568417979676046,0.03287949424977801,0.60609104077546117
GROUP,radius3_pristine,56,57,1.33931564571348138,0.01484417659191332,0.34344837926237237
GROUP,radius3_pristine,57,58,1.34147926407822449,0.01019901167073957,0.26626471001144220
GROUP,radius3_pristine,58,59,1.34286196741323982,0.02705663771217741,0.40309614097079077
GROUP,radius3_pristine,59,60,1.34504749120991263,0.01076009907313873,0.35477666451108730
GROUP,radius3_pristine,60,61,1.34821688045813604,0.01391353601237886,0.27882497173035015
GROUP,radius3_pristine,61,62,1.34960660491096096,0.13120450526375782,0.16508637638158419
GROUP,radius3_pristine,62,63,1.35190584267498237,0.03593153451157864,0.46628124918605779
GROUP,radius3_pristine,63,64,1.35263595817475668,0.00271345874815846,0.30830257106415582
GROUP,radius3_pristine,64,65,1.35635214879661548,0.01652916723769181,0.43731594096015791
GROUP,radius3_pristine,65,66,1.35846322861519631,0.00751556975121805,0.39637822604601675
GROUP,radius3_pristine,66,67,1.35918093647476423,0.02695196796441870,0.27188491701268835
GROUP,radius3_pristine,67,68,1.35950351156977312,0.01659354329690559,0.52252790800216364
GROUP,radius3_pristine,68,69,1.36319611961124409,0.01857832917685930,0.76697339312752011
GROUP,radius3_pristine,69,70,1.36783097884834559,0.00406993182570096,0.52341850616597896
GROUP,radius3_pristine,70,71,1.37018238990823216,0.00511031287567940,0.47560704611661064
GROUP,radius3_pristine,71,72,1.37179980200442042,0.07591084356409017,0.42866355783319804
GROUP,radius3_pristine,72,73,1.37268332135092752,0.00342615434144062,0.51966388656974238
GROUP,radius3_pristine,73,74,1.38051235245211878,0.00417275476821780,0.53681072865407753
GROUP,radius3_pristine,74,75,1.38180496611013881,0.01012763043476356,0.53040691381706029
GROUP,radius3_pristine,75,76,1.38597755805826184,0.01993586210562984,0.36496928873996215
GROUP,radius3_pristine,76,77,1.38928046753608325,0.04212758653440717,0.45131188480540868
GROUP,radius3_pristine,77,78,1.38941969055773229,0.00865678181750012,0.53369374839708961
GROUP,radius3_pristine,78,79,1.39278640293633349,0.00079410007301404,0.93010008750660456
GROUP,radius3_pristine,79,80,1.39560395688433747,0.02472491984401702,0.58216921798324872
GROUP,radius3_pristine,80,81,1.40131544889070847,0.00302501294265680,0.75549471515700573
GROUP,radius3_pristine,81,82,1.40457055726478175,0.01512291663682401,0.54999417044887600
GROUP,radius3_pristine,82,83,1.40664517331229488,0.04517676112303338,0.50930397446950182
GROUP,radius3_pristine,83,84,1.41035265292069023,0.00173373824797011,0.65450485068473074
GROUP,radius3_pristine,84,85,1.41722528638218681,0.02053614797475616,0.50309188062574761
GROUP,radius3_pristine,85,86,1.42050252086623008,0.02463043268143775,0.62779358892269943
GROUP,radius3_pristine,86,87,1.42421705899093398,0.00122442625440211,0.51176923206960445
GROUP,radius3_pristine,87,88,1.42499869266796009,0.00869147008742076,0.46863550854501729
GROUP,radius3_pristine,88,89,1.43457486563969105,0.01164893296438990,0.71050759644026251
GROUP,radius3_pristine,89,90,1.44183842677321450,0.01560374511700968,0.47532893528835746
GROUP,radius3_pristine,90,91,1.44515749819504635,0.05523358989218900,0.57111040179443429
GROUP,radius3_pristine,91,92,1.45237237587200396,0.02516299508053420,0.48826763350813884
GROUP,radius3_pristine,92,93,1.45881676151352746,0.01089239501090545,0.44248798048581683
GROUP,radius3_pristine,93,94,1.46218792284025012,0.00293735983033514,0.61766151410744352
GROUP,radius3_pristine,94,95,1.47609049945881887,0.03095428203965501,0.47621324130598502
GROUP,radius3_pristine,95,96,1.48074320117190417,0.01361664219964004,0.42100451720429388
GROUP,radius3_pristine,96,97,1.48984691095749922,0.00378429590660900,0.41219787051626239
GROUP,radius3_pristine,97,98,1.50307771908772447,0.04441202739001685,0.27617731128135564
GROUP,radius3_pristine,98,128,1.63371635000771431,0.96861122186899296,7.61848693099386143
GROUP,radius3_pristine,128,129,1.63638399687834202,0.02484003874511891,0.39194057628767970
GROUP,radius3_pristine,129,130,1.63891034693834348,0.01037155300527052,0.54073615406678421
GROUP,radius3_pristine,130,131,1.64106682971604712,0.02898070380072475,0.42756951819416900
GROUP,radius3_pristine,131,132,1.64252201637997786,0.00739346569970433,0.61390258559360711
GROUP,radius3_pristine,132,133,1.64554264412837004,0.00051194320948335,0.78082952664129379
GROUP,radius3_pristine,133,134,1.64747093109592546,0.00547091654027875,0.73818420347386582
GROUP,radius3_pristine,134,135,1.64810206305676687,0.00717121219460976,0.77135011560667244
GROUP,radius3_pristine,135,136,1.64908354805316226,0.00032979409623753,0.86462844193660182
GROUP,radius3_pristine,136,137,1.64977504280568699,0.00004429920784305,0.87739192453380321
GROUP,radius3_pristine,137,138,1.65168769963827256,0.00728309846679182,0.47590106970767682
GROUP,radius3_pristine,138,139,1.65584529684375070,0.00335971380755877,0.59202999061758843
GROUP,radius3_pristine,139,140,1.65762745375290965,0.00623383429165843,0.63957420546116051
GROUP,radius3_pristine,140,141,1.66291493361611797,0.00176250102852237,0.66235876901463109
GROUP,radius3_pristine,141,142,1.66413484753188357,0.01515155786589545,0.43553663617884852
GROUP,radius3_pristine,142,143,1.66688054472710756,0.00071323764814036,0.69416066236102347
GROUP,radius3_pristine,143,144,1.67048935254100761,0.00020088408332362,0.73632338133066244
GROUP,radius3_pristine,144,145,1.67220900829654617,0.00503482507323673,0.74177992818861005
GROUP,radius3_pristine,145,146,1.67324511116355157,0.01137662009288279,0.70388555716209522
GROUP,radius3_pristine,146,147,1.67445538259968796,0.00080600756110501,0.69100767652837947
GROUP,radius3_pristine,147,148,1.67595084106188863,0.04374740917571261,0.38526424260554842
GROUP,radius3_pristine,148,149,1.67787819196948895,0.00015681929958502,0.95561383018173451
GROUP,radius3_pristine,149,150,1.68198121143364032,0.00099173758760129,0.98049124137939925
GROUP,radius3_pristine,150,151,1.68277847973618577,0.05112195214594739,0.42494235347178688
GROUP,radius3_pristine,151,152,1.68522595594594637,0.01690596778051705,0.44535801537368264
GROUP,radius3_pristine,152,153,1.68963369297043675,0.00629351889545226,0.65656351600243623
GROUP,radius3_pristine,153,154,1.69492616644504102,0.02710764736003779,0.36768505241769395
GROUP,radius3_pristine,154,155,1.69531394836562788,0.01235696344952719,0.40471172360924546
GROUP,radius3_pristine,155,156,1.69886072022555656,0.05339873388927689,0.38773860551129491
GROUP,radius3_pristine,156,157,1.70202787208035278,0.02464568990931798,0.58049554193278174
GROUP,radius3_pristine,157,158,1.70354246855749070,0.00000000008100825,0.99942464709928092
GROUP,radius3_pristine,158,159,1.70388639875328973,0.02367366443991850,0.40347442203706824
GROUP,radius3_pristine,159,160,1.70535629520171828,0.01567861782233717,0.46688034657068211
GROUP,radius3_pristine,160,161,1.70872452508750627,0.01023167276473867,0.39227837320848008
GROUP,radius3_pristine,161,162,1.71156110089417179,0.00899675693159533,0.41210079369544261
GROUP,radius3_pristine,162,163,1.71163100159099568,0.05987334335072140,0.35379122413658265
GROUP,radius3_pristine,163,164,1.71255588673712289,0.01579666598093534,0.28024066627167804
GROUP,radius3_pristine,164,165,1.71401320481227093,0.01401418825539099,0.56886536713155833
GROUP,radius3_pristine,165,166,1.71615484683698827,0.00385538164633696,0.46066990529468632
GROUP,radius3_pristine,166,167,1.71815918933113565,0.03526004731822288,0.29363671235128636
GROUP,radius3_pristine,167,168,1.71837313279467474,0.02669120162429811,0.29802198462513863
GROUP,radius3_pristine,168,169,1.71955725487686650,0.03009202986901521,0.35655547934119580
GROUP,radius3_pristine,169,170,1.72014889358104672,0.00394222131119637,0.39135546536779775
GROUP,radius3_pristine,170,171,1.72146860575871852,0.08114721620899748,0.20881065300470125
GROUP,radius3_pristine,171,172,1.72277359669197172,0.00994415644674148,0.66254673990280044
GROUP,radius3_pristine,172,173,1.72329021742630539,0.01271091424535272,0.26000997098245554
GROUP,radius3_pristine,173,174,1.72344691676498263,0.02925434165258343,0.28123578045300857
GROUP,radius3_pristine,174,175,1.72373789486178364,0.01458358491269880,0.30508350909808851
GROUP,radius3_pristine,175,176,1.72388063683000037,0.06478316817861030,0.18243190650693739
GROUP,radius3_pristine,176,177,1.72497263043933069,0.01167722422968124,0.39427298472269195
GROUP,radius3_pristine,177,178,1.72634008382267456,0.00975972993338948,0.44340600535298680
GROUP,radius3_pristine,178,179,1.72704520765796898,0.05221011938506517,0.21837190654412611
GROUP,radius3_pristine,179,180,1.72751453088815610,0.08099776400756738,0.21923609418467579
GROUP,radius3_pristine,180,181,1.72856080825966796,0.01725631808119732,0.58645366101237939
GROUP,radius3_pristine,181,182,1.72997224993827836,0.01387727333614189,0.60048331848903624
GROUP,radius3_pristine,182,183,1.73186361280946222,0.00758349512011094,0.55163380959829578
GROUP,radius3_pristine,183,184,1.73354739249126344,0.00112167997025848,0.57910429665754126
GROUP,radius3_pristine,184,185,1.73475934244464791,0.00145413008734125,0.78742847750763689
GROUP,radius3_pristine,185,186,1.73780328427206587,0.00020554595277251,0.87799391245035763
GROUP,radius3_pristine,186,187,1.73999843840677437,0.00023332839201038,0.89900505317283685
GROUP,radius3_pristine,187,188,1.74138412321536684,0.00040593011810203,0.90195521808653512
GROUP,radius3_pristine,188,189,1.74213945822256466,0.00018582250218617,0.89618367244126595
GROUP,radius3_pristine,189,196,1.74826283198306509,0.00000000000000000,7.00000000000000533
GROUP,radius3_pristine,196,203,1.74999999999999756,0.00000000000000000,7.00000000000001243
GROUP,radius3_pristine,203,204,1.77729486681618187,0.00000334044509424,0.97324250982988636
GROUP,radius3_pristine,204,205,1.77825093991880001,0.00000488041836394,0.97954425586133254
GROUP,radius3_pristine,205,206,1.77968797888941110,0.00000180773807896,0.98458813024703140
GROUP,radius3_pristine,206,207,1.78135749880735816,0.00000017780637161,0.98817932079507498
GROUP,radius3_pristine,207,208,1.78291309907026352,0.00000004848915183,0.99348676000661218
GROUP,radius3_pristine,208,209,1.78398538392242445,0.00000000743001165,0.99876308627547350
GROUP,radius3_pristine,209,210,1.79566448268684553,0.00000034712743119,0.89992188114643223
GROUP,radius3_pristine,210,211,1.79589279647659406,0.00000440966210645,0.92228952967277944
GROUP,radius3_pristine,211,212,1.79618083481166257,0.00000488497828660,0.94257540909883131
GROUP,radius3_pristine,212,213,1.79645271924470129,0.00000988152070640,0.95535662779198705
GROUP,radius3_pristine,213,214,1.79665898853798800,0.00000417779254252,0.96262630073979949
GROUP,radius3_pristine,214,215,1.79677127331539288,0.00001480709844473,0.96629458781804300
GROUP,radius3_pristine,215,216,1.79705766667476730,0.00000000431290108,0.99788356906110875
GROUP,radius3_pristine,216,217,1.80469470758451633,0.08939497186042306,0.10667816966430901
GROUP,radius3_pristine,217,218,1.80470156503944290,0.06955256065009435,0.08894393221246202
GROUP,radius3_pristine,218,219,1.80502608957771615,0.00952372096746206,0.19884359718369138
GROUP,radius3_pristine,219,220,1.80503131231209868,0.00909963289214256,0.17168087556383307
GROUP,radius3_pristine,220,221,1.80509257853742899,0.00802023759482473,0.25580979892135197
GROUP,radius3_pristine,221,222,1.80511255102301571,0.06177954330201124,0.17706642694514843
GROUP,radius3_pristine,222,223,1.80531477863156398,0.06872742712640471,0.35056180916971869
GROUP,radius3_pristine,223,224,1.80537552055976791,0.03297573171022748,0.25648505035374125
GROUP,radius3_pristine,224,225,1.80540940381833193,0.03861254913882469,0.24639219569488605
GROUP,radius3_pristine,225,226,1.80546792430773939,0.03482245735923720,0.33563108401612851
GROUP,radius3_pristine,226,227,1.80549708753238858,0.02674714194611882,0.25569085964037186
GROUP,radius3_pristine,227,228,1.80551302262932745,0.00979469723537221,0.36505491719178845
GROUP,radius3_pristine,228,229,1.80580193725131677,0.01937690191706660,0.39901042368860468
GROUP,radius3_pristine,229,230,1.80596608385670843,0.03028703360354366,0.35344539576559308
GROUP,radius3_pristine,230,231,1.80601375543386244,0.00234453662852789,0.31888714749019248
GROUP,radius3_pristine,231,232,1.80604187746112732,0.01839288145898583,0.28901580181056780
GROUP,radius3_pristine,232,233,1.80624708706601789,0.00842904411382356,0.33314413281209682
GROUP,radius3_pristine,233,234,1.80628403567317619,0.01154691681166425,0.50131290880809332
GROUP,radius3_pristine,234,235,1.80659757577406666,0.02071755327001775,0.38837647602078146
GROUP,radius3_pristine,235,236,1.80663279808769373,0.04811541726582683,0.38489944605615772
GROUP,radius3_pristine,236,237,1.80682839205144630,0.00220751250384927,0.90784629434151920
GROUP,radius3_pristine,237,238,1.80689705057127359,0.04470056034270546,0.46738668273920536
GROUP,radius3_pristine,238,239,1.80713845792181305,0.01444275183290991,0.50881489677870906
GROUP,radius3_pristine,239,240,1.80716029061157912,0.02450282965524111,0.44419078687877339
GROUP,radius3_pristine,240,241,1.80718163672540721,0.00615700061575313,0.36334893266990281
GROUP,radius3_pristine,241,242,1.80724193889597240,0.01341107563856550,0.53304967156454697
GROUP,radius3_pristine,242,243,1.80734350682396006,0.00608290119548169,0.54429274913804437
GROUP,radius3_pristine,243,244,1.80758868805917561,0.00280369612267522,0.52760344141544935
GROUP,radius3_pristine,244,245,1.80769024728493499,0.02661702535855607,0.45168184614409379
GROUP,radius3_pristine,245,246,1.80775414464017858,0.01926598537058983,0.49370920368216514
GROUP,radius3_pristine,246,247,1.80794896484671552,0.02765099466261612,0.50136621179600815
GROUP,radius3_pristine,247,248,1.80808067808692297,0.02146888279920314,0.50358848281154522
GROUP,radius3_pristine,248,249,1.80821481116610316,0.03386336068456021,0.44131478743769303
GROUP,radius3_pristine,249,250,1.80827931224282934,0.02521419263496815,0.46540721206361713
GROUP,radius3_pristine,250,251,1.80846440093587257,0.00571205271311708,0.53070398938962760
GROUP,radius3_pristine,251,252,1.80858325893198990,0.00965100415202662,0.50467322356145516
GROUP,radius3_pristine,252,253,1.80882169697852158,0.00009243290900586,0.88343644760754425
GROUP,radius3_pristine,253,254,1.80883156118267596,0.00587658681606152,0.40799822325409529
GROUP,radius3_pristine,254,255,1.80887128967500588,0.00018184190358112,0.86337545325172538
GROUP,radius3_pristine,255,256,1.80889496964216345,0.00212042526460646,0.51023455799012052
GROUP,radius3_pristine,256,257,1.80896993234674874,0.00112270873164837,0.78801114631044833
GROUP,radius3_pristine,257,258,1.80903911315914723,0.00590512689473199,0.52600065161789911
GROUP,radius3_pristine,258,259,1.80913722698405888,0.00024515903780389,0.65666141155363567
GROUP,radius3_pristine,259,260,1.80917270014088905,0.01727716988851906,0.47673153489533782
GROUP,radius3_pristine,260,261,1.80931115784077878,0.01102341539729518,0.60734464845617397
GROUP,radius3_pristine,261,262,1.80943558024063367,0.04101912035667690,0.27612194372382609
GROUP,radius3_pristine,262,263,1.80947031972797912,0.01261582860457862,0.47655427252468885
GROUP,radius3_pristine,263,264,1.80956396166066980,0.03185460944491761,0.32597782785306456
GROUP,radius3_pristine,264,294,1.80964100577050990,0.96861122186771942,7.61848693099398933
GROUP,radius3_pristine,294,301,2.18173716801692130,0.00000000000000000,7.00000000000000178
GROUP,radius3_pristine,301,302,2.19749161195625042,0.00000000014379026,0.99934637637820301
GROUP,radius3_pristine,302,303,2.19828195680815019,0.00000000259935022,0.99655835715531271
GROUP,radius3_pristine,303,304,2.19960175090744059,0.00000025733779782,0.99052700361343915
GROUP,radius3_pristine,304,305,2.20139560878089657,0.00000388233826089,0.98233064672510539
GROUP,radius3_pristine,305,306,2.20341404659042528,0.00001378113333619,0.97529755114957006
GROUP,radius3_pristine,306,307,2.20496558505378282,0.00000721160502576,0.96668086923135388
GROUP,radius3_pristine,307,308,2.21862215003028007,0.00000005094171932,0.87970070790110788
GROUP,radius3_pristine,308,309,2.21889660173035441,0.00000202674080051,0.88709640236816245
GROUP,radius3_pristine,309,310,2.21938469170763986,0.00000373227394179,0.89149422082484753
GROUP,radius3_pristine,310,311,2.22012275513796276,0.00003623170956122,0.88762659612050077
GROUP,radius3_pristine,311,312,2.22111385525685856,0.00016442184025028,0.87986311023032604
GROUP,radius3_pristine,312,313,2.22213892946852365,0.00047896863093392,0.88327658338106274
GROUP,radius3_pristine,313,314,2.22332764487068424,0.00005284883073163,0.94400614541684602
GROUP,radius3_pristine,314,344,2.23664264422176373,0.96861122186907966,7.61848693099387297
GROUP,radius3_pristine,344,345,2.23848847378470017,0.03492481094719856,0.32221142918427420
GROUP,radius3_pristine,345,346,2.24073530614379113,0.02697834583396091,0.42327596654407551
GROUP,radius3_pristine,346,347,2.24166031046152892,0.03277634072919001,0.31311633764050484
GROUP,radius3_pristine,347,348,2.24467208774230853,0.00786779889113858,0.60425567242077949
GROUP,radius3_pristine,348,349,2.24808266137090573,0.02676333425583044,0.37533983364378104
GROUP,radius3_pristine,349,350,2.24876242476007793,0.00074348051966869,0.64133259298552026
GROUP,radius3_pristine,350,351,2.25090177656554769,0.01339762970853294,0.57607304248614677
GROUP,radius3_pristine,351,352,2.25339276610206163,0.01140846995118641,0.53718465882052435
GROUP,radius3_pristine,352,353,2.25459592707921352,0.00627701727104086,0.65559437997629222
GROUP,radius3_pristine,353,354,2.25503234913590545,0.00578213214884762,0.50049468433467503
GROUP,radius3_pristine,354,355,2.25726704277081192,0.00003248404533832,0.93066244142356402
GROUP,radius3_pristine,355,356,2.25889914180641638,0.00000528444145223,0.95271677364980112
GROUP,radius3_pristine,356,357,2.26122452489730641,0.01539694137984877,0.55779641957761661
GROUP,radius3_pristine,357,358,2.26318123401562987,0.00769623698413691,0.44600803425053437
GROUP,radius3_pristine,358,359,2.26514810720860460,0.03908170150831534,0.35037357480141074
GROUP,radius3_pristine,359,360,2.26728037187604015,0.03304822758965641,0.47538050663830028
GROUP,radius3_pristine,360,361,2.27136470292735737,0.02672602863437397,0.43712628895233102
GROUP,radius3_pristine,361,362,2.27240442646347596,0.01638627070568697,0.47249792778386307
GROUP,radius3_pristine,362,363,2.27678347272324499,0.02228034825875926,0.52600893621778044
GROUP,radius3_pristine,363,364,2.27930336025156066,0.00591868318495422,0.56463391516672878
GROUP,radius3_pristine,364,365,2.28246841037258186,0.04852882996052703,0.39452964310732552
GROUP,radius3_pristine,365,366,2.28362192036075884,0.00920156965990357,0.36231568236204459
GROUP,radius3_pristine,366,367,2.28501527415527406,0.02342731415601107,0.49360230208620798
GROUP,radius3_pristine,367,368,2.28600913757317770,0.00981444488131353,0.50375205779601895
GROUP,radius3_pristine,368,369,2.29172419830786112,0.02391231052527542,0.58494659834349172
GROUP,radius3_pristine,369,370,2.29208111742665332,0.00413565553915170,0.47918114293032149
GROUP,radius3_pristine,370,371,2.29450153355901731,0.04948043141255944,0.44312388935891583
GROUP,radius3_pristine,371,372,2.29584437906447070,0.01917197920633340,0.46898804528240834
GROUP,radius3_pristine,372,373,2.29810475008378834,0.00168238466218247,0.50178389741527307
GROUP,radius3_pristine,373,374,2.30077779529842275,0.00703718112034947,0.44549775067465108
GROUP,radius3_pristine,374,375,2.30191542694710183,0.03583661075635897,0.44188627349941983
GROUP,radius3_pristine,375,376,2.30354320302485016,0.00644679170352397,0.48945376769911003
GROUP,radius3_pristine,376,377,2.30524875865947365,0.00453752650417649,0.38013772212481317
GROUP,radius3_pristine,377,378,2.30553716333779324,0.00630636152877207,0.58761222617427333
GROUP,radius3_pristine,378,379,2.30779763498158363,0.03913837044635911,0.49652965351575507
GROUP,radius3_pristine,379,380,2.30970565431926067,0.01044895965969160,0.51364132303409005
GROUP,radius3_pristine,380,381,2.31448989587689669,0.03679559424826005,0.34786037117090313
GROUP,radius3_pristine,381,382,2.31463833162481381,0.04001264136717682,0.25735862824984823
GROUP,radius3_pristine,382,383,2.31490351065097633,0.01024078659277875,0.37624861820236943
GROUP,radius3_pristine,383,384,2.31547844882570253,0.02138142407230563,0.37067813037514968
GROUP,radius3_pristine,384,385,2.31724408320591246,0.03045181090997703,0.33694242866324009
GROUP,radius3_pristine,385,386,2.31802978725138731,0.05176770131147575,0.41926462934431780
GROUP,radius3_pristine,386,387,2.32204125637929426,0.04599328546588098,0.26659834084880485
GROUP,radius3_pristine,387,388,2.32258464274510557,0.01306850465625578,0.28660659421150364
GROUP,radius3_pristine,388,389,2.32536012623564403,0.02054573677507322,0.29848121277156009
GROUP,radius3_pristine,389,390,2.32547004861989315,0.00226337901558522,0.31474215626588242
GROUP,radius3_pristine,390,391,2.33374406390533018,0.05139830182130264,0.20061774869584559
GROUP,radius3_pristine,391,392,2.33389290558572382,0.06489949817921721,0.21025823946281597
GROUP,radius3_pristine,392,393,2.35871703454993620,0.00213148529980468,0.80591113213284926
GROUP,radius3_pristine,393,394,2.35934684604302713,0.00007935555455381,0.81397494367632672
GROUP,radius3_pristine,394,395,2.36079365440533095,0.00302465247245645,0.81515626039318145
GROUP,radius3_pristine,395,396,2.36339457073992509,0.00627985028352129,0.79201809236638576
GROUP,radius3_pristine,396,397,2.36688679557534121,0.00171746428977295,0.78007835973214634
GROUP,radius3_pristine,397,398,2.36968002129271316,0.00561150834556937,0.76344071088756527
GROUP,radius3_pristine,398,399,2.37405456656146008,0.01047419802316347,0.67037735810799393
GROUP,radius3_pristine,399,400,2.37846786243033925,0.00795734644498383,0.66345880909672006
GROUP,radius3_pristine,400,401,2.38287058491544412,0.00699743105831264,0.65612634850493601
GROUP,radius3_pristine,401,402,2.38581684068909361,0.00982953401226328,0.70783709023629715
GROUP,radius3_pristine,402,403,2.38671833670463274,0.00456140823042634,0.69901394226275304
GROUP,radius3_pristine,403,404,2.38929123638206198,0.04195722224658475,0.52278445006418495
GROUP,radius3_pristine,404,405,2.39200922882005207,0.03651944653961019,0.46008869641572286
GROUP,radius3_pristine,405,406,2.39384383953409730,0.00677695563140351,0.48178709146075405
GROUP,radius3_pristine,406,407,2.39864203683228361,0.08411098931594466,0.30994000661131627
GROUP,radius3_pristine,407,408,2.39892019572611215,0.02891302464301080,0.42277181200173042
GROUP,radius3_pristine,408,409,2.39948204525957776,0.00417747548279785,0.49566076976491696
GROUP,radius3_pristine,409,410,2.40053791276515938,0.00148601786042733,0.41901040601377681
GROUP,radius3_pristine,410,411,2.40106350001456592,0.01395680933284003,0.26475838948322006
GROUP,radius3_pristine,411,412,2.40373062856129271,0.02529785669483076,0.36287042050264889
GROUP,radius3_pristine,412,413,2.40604638069207555,0.04628057797862223,0.22753057746811189
GROUP,radius3_pristine,413,414,2.40643376403817655,0.00094160494218555,0.49544849426777626
GROUP,radius3_pristine,414,415,2.40761329098562449,0.02789912010597184,0.41265002098735076
GROUP,radius3_pristine,415,416,2.40871762535224532,0.08008258115916507,0.48361927593094023
GROUP,radius3_pristine,416,417,2.40890558939173438,0.00281671753337663,0.50702017633294372
GROUP,radius3_pristine,417,418,2.40975266666248311,0.00363698033180237,0.45525355072990437
GROUP,radius3_pristine,418,419,2.41474989609990365,0.00875181437008108,0.46931022155220442
GROUP,radius3_pristine,419,420,2.41528294527805887,0.00092118401123194,0.48413532305127971
GROUP,radius3_pristine,420,421,2.41811794019619386,0.00125817357506413,0.50412780637734056
GROUP,radius3_pristine,421,422,2.41815421468378888,0.01334780878266848,0.48428720510281131
GROUP,radius3_pristine,422,423,2.42079420634341158,0.09493512675167022,0.34839470923870203
GROUP,radius3_pristine,423,424,2.42287417572802166,0.00165514871375952,0.49615115059212778
GROUP,radius3_pristine,424,425,2.42352727761717501,0.02853729299239887,0.48615097489845460
GROUP,radius3_pristine,425,426,2.42757202173206466,0.00948756697910044,0.51083282259417395
GROUP,radius3_pristine,426,427,2.42784118796618831,0.04023524588064206,0.44984523486151451
GROUP,radius3_pristine,427,428,2.43125647302957582,0.00929738168375639,0.46593444085757652
GROUP,radius3_pristine,428,429,2.43549474535552823,0.03769471251189945,0.35649020451038188
GROUP,radius3_pristine,429,430,2.43624414334942774,0.00015173307476642,0.46564784044947694
GROUP,radius3_pristine,430,431,2.43642348380043350,0.00895919852202599,0.43111109538157633
GROUP,radius3_pristine,431,432,2.43886146358895139,0.00022665046028128,0.42581143829350748
GROUP,radius3_pristine,432,433,2.44447720969235549,0.00061610533794274,0.39009552315652019
GROUP,radius3_pristine,433,434,2.44452900994730982,0.07773858073746434,0.38537091618747860
GROUP,radius3_pristine,434,435,2.44878900550853640,0.08050507245848326,0.31025380906039346
GROUP,radius3_pristine,435,436,2.45135448249757237,0.00467848129672922,0.32318348812480924
GROUP,radius3_pristine,436,437,2.45140326441855638,0.00240422664141370,0.31238319003799164
GROUP,radius3_pristine,437,438,2.45727216102335166,0.03495390059035236,0.24327069831203016
GROUP,radius3_pristine,438,439,2.45915386802806557,0.00713923604826627,0.20354230899184050
GROUP,radius3_pristine,439,440,2.46212312860327520,0.00278935755923026,0.16494747375334295
GROUP,radius3_pristine,440,441,2.46651827874833796,0.07940679608224611,0.08337764161222845
COUNT,radius3_defect,440,25,49
MODE,radius3_defect,0,1.10126782345062124,0.01377196866316068,72.61126019513460506,0.01170539727388187,0.13801229102918208,0.85028231169693602
MODE,radius3_defect,1,1.10395897625249884,0.01767117754218768,56.58932448687292549,0.00228515989446724,0.16919040435881766,0.82852443574671519
MODE,radius3_defect,2,1.10730409197487756,0.02081324973424255,48.04631726273728276,0.00712272692371533,0.19896112016684483,0.79391615290943984
MODE,radius3_defect,3,1.11037279635210462,0.01707063395164902,58.58013257342445002,0.00534038015820332,0.26220354917511851,0.73245607066667828
MODE,radius3_defect,4,1.11565278653787270,0.02038385359705061,49.05843712224719866,0.00013327232008960,0.30485123472862763,0.69501549295128273
MODE,radius3_defect,5,1.11566505381627845,0.02040464701645955,49.00844396834423122,0.00341171217699656,0.33342758785648730,0.66316069996651617
MODE,radius3_defect,6,1.11991430198094144,0.01865477534154728,53.60557721501122330,0.00766232955037587,0.34468003677419307,0.64765763367543117
MODE,radius3_defect,7,1.12304365404165329,0.02132971342044238,46.88295526003648206,0.00079162311745464,0.38124895093442251,0.61795942594812292
MODE,radius3_defect,8,1.12661586953837789,0.02442657990122109,40.93901004741191230,0.02879804707196214,0.42380855016434921,0.54739340276368864
MODE,radius3_defect,9,1.12909122619380797,0.02016925229773460,49.58041999962087232,0.00065347356160931,0.41162243142444588,0.58772409501394485
MODE,radius3_defect,10,1.13177502606779390,0.02773938319691292,36.04982824965223642,0.00001472980071499,0.43488372216130783,0.56510154803797708
MODE,radius3_defect,11,1.13182443507195174,0.02795501691390355,35.77175442532626448,0.01633671274933537,0.39033452217809367,0.59332876507257093
MODE,radius3_defect,12,1.13345026551304962,0.03356284023311885,29.79485624739316663,0.02032633690548666,0.30364968280603305,0.67602398028848021
MODE,radius3_defect,13,1.13718385952212464,0.03035006738226676,32.94885600762422229,0.00163512860565705,0.46008750408152771,0.53827736731281517
MODE,radius3_defect,14,1.14065844210152845,0.02319142991523155,43.11937658243423499,0.00826891986508466,0.45637824841155950,0.53535283172335579
MODE,radius3_defect,15,1.14220191280475625,0.02684538369556748,37.25035228925086273,0.01009342184122857,0.36142881397395138,0.62847776418482004
MODE,radius3_defect,16,1.14524787519709359,0.03524468575890363,28.37307181118438137,0.00033218504694730,0.49097447974086517,0.50869333521218751
MODE,radius3_defect,17,1.14533032875416763,0.02916813636200796,34.28398673089441928,0.00111860393808748,0.37616430739082501,0.62271708867108755
MODE,radius3_defect,18,1.15001049482840179,0.02644831308861011,37.80959476128732888,0.00453790574855861,0.35134372434752764,0.64411836990391369
MODE,radius3_defect,19,1.15012845253925988,0.03094315906959361,32.31732085760606310,0.00074197172919261,0.39935367542526090,0.59990435284554644
MODE,radius3_defect,20,1.15030203298747846,0.03120771340766484,32.04336014423897439,0.02526145953321569,0.35406521618172926,0.62067332428505506
MODE,radius3_defect,21,1.15264097283880118,0.03220612707496038,31.04999237171488602,0.00050415504811877,0.43325951194306123,0.56623633300882004
MODE,radius3_defect,22,1.15346810292417445,0.02467434777754361,40.52792029259273221,0.00489706188563644,0.44328484879354002,0.55181808932082355
MODE,radius3_defect,23,1.15818020619321072,0.02546500081807511,39.26958444431691930,0.01111386037294934,0.39465528609436767,0.59423085353268301
MODE,radius3_defect,24,1.15855792453034967,0.03511854175994032,28.47498642841425820,0.00126705045501968,0.36032314944165605,0.63840980010332427
MODE,radius3_defect,25,1.15939854160630129,0.03787027218322207,26.40593643377712141,0.02570185899683114,0.25709447955642217,0.71720366144674663
MODE,radius3_defect,26,1.16052756631384235,0.02661618252244065,37.57112798414571841,0.00976034170903222,0.21473555492686530,0.77550410336410258
MODE,radius3_defect,27,1.16057726886608314,0.02811653938367760,35.56625466434630312,0.00152808311455131,0.50706066368930203,0.49141125319614665
MODE,radius3_defect,28,1.16228866653285268,0.02436937482803165,41.03511095613820459,0.00789083285030991,0.46108843225400054,0.53102073489568957
MODE,radius3_defect,29,1.16474622831196295,0.03572903610703760,27.98844046629706028,0.00673833651606846,0.16920418014163108,0.82405748334230045
MODE,radius3_defect,30,1.16628071467714345,0.03254245487852616,30.72908923843577611,0.00625338310352041,0.36285216093341982,0.63089445596305982
MODE,radius3_defect,31,1.16673591261409570,0.03777154547539351,26.47495588051740256,0.01343048926830300,0.23444711456153094,0.75212239617016596
MODE,radius3_defect,32,1.16677166476882332,0.03934832919959150,25.41403968965425975,0.00158513020329914,0.26173919082580388,0.73667567897089703
MODE,radius3_defect,33,1.16978524679286267,0.05116130045140450,19.54602387306102074,0.01404204080124501,0.23664458449299017,0.74931337470576476
MODE,radius3_defect,34,1.17299687686747944,0.04059054060363895,24.63628188066925873,0.01648085296394227,0.15874764385325840,0.82477150318279935
MODE,radius3_defect,35,1.18120558150898791,0.04978403399903484,20.08676114955623859,0.00217406734226230,0.78871983697592363,0.20910609568181404
MODE,radius3_defect,36,1.18646044630642011,0.05607655851237824,17.83276339576476843,0.00470529261190334,0.85027186578537162,0.14502284160272505
MODE,radius3_defect,37,1.19513099856840288,0.06902339228154188,14.48784197567493948,0.00485181513255225,0.87262730939988997,0.12252087546755774
MODE,radius3_defect,38,1.20651566961843648,0.06962317968546793,14.36303260663523851,0.00048071824970382,0.89356911668925254,0.10595016506104360
MODE,radius3_defect,39,1.20801600242238050,0.30875322295743041,3.23883258746703273,0.54613394535199411,0.02436608868102521,0.42949996596698070
MODE,radius3_defect,40,1.21935092465285511,0.09562648207576731,10.45735426309706106,0.00224166094051749,0.93376745735161737,0.06399088170786515
MODE,radius3_defect,41,1.23125961843535814,0.13204625129694816,7.57310404633283163,0.00016785773567802,0.98379458937733733,0.01603755288698461
MODE,radius3_defect,42,1.25429183670179412,0.06492494065240551,15.40240144929496324,0.00000561439726469,0.98822236686057263,0.01177201874216272
MODE,radius3_defect,43,1.25816331914547708,0.06876045395698570,14.54324313544479352,0.00002859834568164,0.95647895018858053,0.04349245146573777
MODE,radius3_defect,44,1.26391745517077370,0.06885073428185529,14.52417335022579437,0.00014663869619963,0.93513228169595741,0.06472107960784290
MODE,radius3_defect,45,1.26980107320574631,0.04947483718193492,20.21229491514398902,0.00095438754278925,0.92825810262471764,0.07078750983249316
MODE,radius3_defect,46,1.27451942151723285,0.07561117123790551,13.22555891712835319,0.00053573220799480,0.91894953895787512,0.08051472883413013
MODE,radius3_defect,47,1.27767176149952877,0.08320684875641039,12.01824146624659129,0.00003471214772516,0.90437117046047399,0.09559411739180079
MODE,radius3_defect,48,1.27928600044989427,0.08852321587085862,11.29647166748711307,0.00086673289166015,0.89382820983150402,0.10530505727683581
MODE,radius3_defect,49,1.32851558523805857,0.03065536477468810,32.62071769003031108,0.00135438700312966,0.36627693852408189,0.63236867447278855
MODE,radius3_defect,50,1.33034465693381820,0.03011459814537724,33.20648660734347146,0.00851316082748562,0.46061129055056893,0.53087554862194541
MODE,radius3_defect,51,1.33150764743179306,0.03917513179534158,25.52639784913021614,0.00269176424182488,0.57233114104112470,0.42497709471705047
MODE,radius3_defect,52,1.33179120284066399,0.03370228787238337,29.67157611930046102,0.00047838947176168,0.57368610573613521,0.42583550479210308
MODE,radius3_defect,53,1.33281182849370960,0.04080107836971866,24.50915612912256236,0.00068715525360940,0.75620356681500356,0.24310927793138704
MODE,radius3_defect,54,1.33328075755613495,0.05987176945197564,16.70236255172181217,0.00285204944881314,0.70811019717803636,0.28903775337315052
MODE,radius3_defect,55,1.33624672303714798,0.02685611430743461,37.23546856229938129,0.01531921170921988,0.57544843812645996,0.40923235016432014
MODE,radius3_defect,56,1.33998918118024735,0.02587205037502683,38.65174910780387307,0.00277859930464334,0.39395352659226601,0.60326787410309068
MODE,radius3_defect,57,1.34149834472424589,0.02648915064920390,37.75130479806659878,0.00909147773922852,0.26624970525394948,0.72465881700682200
MODE,radius3_defect,58,1.34414792884649925,0.01976817882282543,50.58634935279647493,0.00543595896766960,0.34744679572828607,0.64711724530404435
MODE,radius3_defect,59,1.34526559574193838,0.02825443778494954,35.39267026338340827,0.00330892590698289,0.32093485710047409,0.67575621699254307
MODE,radius3_defect,60,1.34859216355051492,0.02169121165087639,46.10162014437754863,0.01092739071953146,0.25472649579829992,0.73434611348216872
MODE,radius3_defect,61,1.35043353872376226,0.02632644206947461,37.98462387591278144,0.05088555735156639,0.24737158548691207,0.70174285716152152
MODE,radius3_defect,62,1.35261437291282993,0.02338436158544629,42.76362201918607298,0.00084615743967669,0.30399291343010437,0.69516092913021899
MODE,radius3_defect,63,1.35463683612347152,0.03058448642799345,32.69631492274191942,0.01338960595322239,0.45762783948653940,0.52898255456023824
MODE,radius3_defect,64,1.35687265021479253,0.02731746505259150,36.60661771049411328,0.00959352201384091,0.48662249702416671,0.50378398096199239
MODE,radius3_defect,65,1.35858431959365111,0.02445897308416644,40.88479089285036139,0.00163840049244237,0.42167327056162773,0.57668832894592992
MODE,radius3_defect,66,1.35938361494588777,0.01985580050255729,50.36311680665843937,0.00139035840777859,0.51710112020121135,0.48150852139101008
MODE,radius3_defect,67,1.36273772805734295,0.03763759445594305,26.56917941901300395,0.00441449832235793,0.70964039519780997,0.28594510647983207
MODE,radius3_defect,68,1.36746298053151549,0.02155139350609951,46.40071184802868487,0.00766644899930984,0.52559499076300509,0.46673856023768512
MODE,radius3_defect,69,1.36945036538777609,0.02536211078489920,39.42889487713333097,0.01050608160013712,0.44592393322984097,0.54356998517002197
MODE,radius3_defect,70,1.37088588531940858,0.01639262672791685,61.00303609652670644,0.03252994360951695,0.46778958878292604,0.49968046760755697
MODE,radius3_defect,71,1.37268200742581814,0.01959109384626127,51.04360215143567814,0.00457966629310756,0.51938384317586084,0.47603649053103159
MODE,radius3_defect,72,1.37865067739890557,0.02293424866704993,43.60291084820751450,0.04627940025039646,0.39758727022540757,0.55613332952419592
MODE,radius3_defect,73,1.38126292334450329,0.01753198179444159,57.03861729522466817,0.00847010483166181,0.52499367851873913,0.46653621664959910
MODE,radius3_defect,74,1.38282449873330293,0.01763868071531577,56.69358248157949021,0.03591332544510216,0.43034180572549646,0.53374486882940131
MODE,radius3_defect,75,1.38621492833213522,0.02011755139379126,49.70783871384182362,0.02072516124320547,0.38356771835987236,0.59570712039692220
MODE,radius3_defect,76,1.38937215052246521,0.01775390426420620,56.32563886334052938,0.02541116849558832,0.51436238014154867,0.46022645136286300
MODE,radius3_defect,77,1.39261710623985779,0.05410324453825640,18.48317986350892639,0.00726322275911477,0.89668142797716988,0.09605534926371539
MODE,radius3_defect,78,1.39347573665201052,0.01837860858949088,54.41108314215976094,0.03402451081555638,0.54792108246654614,0.41805440671789751
MODE,radius3_defect,79,1.39644377588303104,0.01979867559591526,50.50842896816360650,0.05561544488736472,0.51776356229510601,0.42662099281752930
MODE,radius3_defect,80,1.40156930115239042,0.04010842987351673,24.93241453613450886,0.00301381239882634,0.78473603092360000,0.21225015667757363
MODE,radius3_defect,81,1.40466001137528029,0.01904995265559739,52.49356878092675061,0.01964645900657994,0.54043647034094489,0.43991707065247521
MODE,radius3_defect,82,1.40971323399592552,0.01695074842217258,58.99444526543388179,0.04135392000481618,0.49786759941340875,0.46077848058177506
MODE,radius3_defect,83,1.41050200434346507,0.02133920855577536,46.86209412997908430,0.00735186362138113,0.66363402441239805,0.32901411196622077
MODE,radius3_defect,84,1.41915635891191161,0.02235549236361171,44.73173678016196675,0.00417773342776031,0.76031547659105803,0.23550678998118169
MODE,radius3_defect,85,1.42415456499686632,0.01866167392930074,53.58576105168667425,0.00241699270056724,0.50321776288881548,0.49436524441061724
MODE,radius3_defect,86,1.42496687255177812,0.01612509404302776,62.01514219586115217,0.00822801203471420,0.46734315539270238,0.52442883257258344
MODE,radius3_defect,87,1.43231750942442893,0.02157003442716593,46.36061214351011017,0.04915272489994018,0.58788237219873907,0.36296490290132077
MODE,radius3_defect,88,1.43869545590076187,0.02249155539937692,44.46113139990767138,0.10284901797343213,0.49022093957281759,0.40693004245375025
MODE,radius3_defect,89,1.44334513464857306,0.02119960243965377,47.17069590557527903,0.08510984907834068,0.42109801231816357,0.49379213860349580
MODE,radius3_defect,90,1.44530328253024010,0.01789573966963738,55.87922144937321178,0.09096918103571142,0.54175759354317254,0.36727322542111607
MODE,radius3_defect,91,1.45239545127013181,0.01889810031684498,52.91537155767142053,0.02267397682230289,0.49286853392083430,0.48445748925686283
MODE,radius3_defect,92,1.45949147014000968,0.01761563812167987,56.76774199677061716,0.02332195936043920,0.44344332564707278,0.53323471499248798
MODE,radius3_defect,93,1.46268386332186751,0.01938479804202188,51.58681549491642215,0.00869328557564984,0.60619679983171315,0.38510991459263699
MODE,radius3_defect,94,1.47677095593214314,0.01783812343352154,56.05970850727450028,0.03216152668649980,0.50863461681954880,0.45920385649395135
MODE,radius3_defect,95,1.48479106697291097,0.02248418713276624,44.47570170516409860,0.07378905567305519,0.33432496985293503,0.59188597447400981
MODE,radius3_defect,96,1.49008069126086395,0.01676160347991236,59.66016325338037518,0.00655130066290095,0.39804241990369299,0.59540627943340607
MODE,radius3_defect,97,1.50328001797396782,0.01565524664788988,63.87634909187372045,0.05457379848502684,0.26533341461522264,0.68009278689975050
MODE,radius3_defect,98,1.63371635000771298,0.02417864076011877,41.35881788894602806,0.00061008056082668,0.21551954579635491,0.78387037364281842
MODE,radius3_defect,99,1.63371635000771298,0.02036762601656193,49.09752364791312118,0.00406683373750286,0.26044840403071701,0.73548476223178016
MODE,radius3_defect,100,1.63371635000771298,0.02328504098261659,42.94602705430273204,0.00421123867679943,0.24107378453093128,0.75471497679226929
MODE,radius3_defect,101,1.63371635000771298,0.02538140633799124,39.39892008675603563,0.00349085710853515,0.22528935831591615,0.77121978457554874
MODE,radius3_defect,102,1.63371635000771809,0.07532389874681610,13.27599894107007472,0.00020513501045354,0.65239935018456519,0.34739551480498132
MODE,radius3_defect,103,1.63371635000771809,0.02075949985432403,48.17071735915199326,0.00263735783093064,0.45391891928070982,0.54344372288835952
MODE,radius3_defect,104,1.63371635000771809,0.02067613634001166,48.36493547708131757,0.00189778037108167,0.22153744385507185,0.77656477577384653
MODE,radius3_defect,105,1.63371635000771809,0.02110675436244600,47.37819860069254219,0.02903680249362732,0.13905347791416531,0.83190971959220739
MODE,radius3_defect,106,1.63371635000771809,0.01303101008568345,76.74002194953810374,0.05111637742702870,0.30945570220700058,0.63942792036597074
MODE,radius3_defect,107,1.63371635000771809,0.02026420741049183,49.34809340148423473,0.00442804518376618,0.34567427790263672,0.64989767691359712
MODE,radius3_defect,108,1.63371635000771809,0.01720820076573249,58.11182782056723539,0.00149233438629284,0.23476163896660379,0.76374602664710345
MODE,radius3_defect,109,1.63371635000771809,0.02362398017673179,42.32986958670665700,0.00798399708836220,0.37694521537891007,0.61507078753272770
MODE,radius3_defect,110,1.63371635000771809,0.02389002437085139,41.85847550746396450,0.00443122006622203,0.18368475155616235,0.81188402837761564
MODE,radius3_defect,111,1.63371635000771809,0.01763139817884166,56.71699940394049833,0.03887824896698803,0.20856973895274869,0.75255201208026334
MODE,radius3_defect,112,1.63371635000771809,0.01933632293868106,51.71614081804379737,0.02086569813733088,0.23166303752130432,0.74747126434136479
MODE,radius3_defect,113,1.63371635000771809,0.01721970235058539,58.07301308933509887,0.01024636623497562,0.28266008964719797,0.70709354411782632
MODE,radius3_defect,114,1.63371635000771809,0.02945358828741965,33.95172059314499080,0.07563506318980980,0.10879332314050535,0.81557161366968478
MODE,radius3_defect,115,1.63371635000772275,0.01951230987646533,51.24969859186917631,0.03073705140233702,0.25048561731451874,0.71877733128314425
MODE,radius3_defect,116,1.63371635000772275,0.02073459879275510,48.22856762241337236,0.01260579889410190,0.19201256648020376,0.79538163462569433
MODE,radius3_defect,117,1.63371635000772275,0.01575917648073700,63.45509241693788738,0.02385807704534168,0.26798623973457758,0.70815568322008071
MODE,radius3_defect,118,1.63371635000772275,0.01333269197510394,75.00360781358288875,0.00568065967351960,0.29586791319950778,0.69845142712697261
MODE,radius3_defect,119,1.63371635000772275,0.01873286713968277,53.38211137373895099,0.00913107731173243,0.24398989132515581,0.74687903136311173
MODE,radius3_defect,120,1.63371635000772275,0.02041152495874655,48.99192990337988363,0.06144053053817473,0.30357212238855913,0.63498734707326610
MODE,radius3_defect,121,1.63371635000772275,0.02640452931217208,37.87229032478968094,0.01540021778234347,0.25071109758054894,0.73388868463710755
MODE,radius3_defect,122,1.63371635000772275,0.02390641920928343,41.82976928688995599,0.00519795210188950,0.21184334801576546,0.78295869988234512
MODE,radius3_defect,123,1.63371635000772275,0.01808330176274742,55.29963571475945372,0.01462350221201860,0.17457964848134469,0.81079684930663676
MODE,radius3_defect,124,1.63371635000772275,0.02056368951841571,48.62940568638984473,0.00331757338437119,0.25359427385115618,0.74308815276447260
MODE,radius3_defect,125,1.63371635000772275,0.01323072954544804,75.58162205379255738,0.03762726336160700,0.23301233547435604,0.72936040116403689
MODE,radius3_defect,126,1.63371635000772275,0.03837811362934999,26.05651777619526754,0.00027347099398030,0.23417630003193660,0.76555022897408309
MODE,radius3_defect,127,1.63636379978212121,0.00752470930272045,132.89549931695884766,0.02101654887155961,0.39313025632605864,0.58585319480238174
MODE,radius3_defect,128,1.63879986469904115,0.01033532033998719,96.75558832279398302,0.00073103203145753,0.52352180325437725,0.47574716471416523
MODE,radius3_defect,129,1.64078446186634319,0.00852771589559647,117.26469458444061900,0.01048092101466386,0.41106572240831490,0.57845335657702113
MODE,radius3_defect,130,1.64243931335165616,0.01747321241470056,57.23046090589959078,0.00269350768747397,0.63957766095809276,0.35772883135443323
MODE,radius3_defect,131,1.64554148497023811,0.03494333681419589,28.61775924026080631,0.00045807845115953,0.78090547986104908,0.21863644168779139
MODE,radius3_defect,132,1.64747061106649650,0.03095363913481305,32.30637908662946955,0.00548810532398876,0.73785400874752405,0.25665788592848715
MODE,radius3_defect,133,1.64810190853955874,0.02662560695611568,37.55782925993761978,0.00714231296290961,0.77168012370422190,0.22117756333286853
MODE,radius3_defect,134,1.64908256965657385,0.06732751168720108,14.85276932030297203,0.00031535089803573,0.86394327057929188,0.13574137852267243
MODE,radius3_defect,135,1.64977494598484919,0.07857107112489083,12.72733062796704395,0.00004349453684537,0.87733541504757029,0.12262109041558433
MODE,radius3_defect,136,1.65153153929559626,0.01231127251381157,81.22637191875466556,0.00303660075366388,0.47886659019831646,0.51809680904801969
MODE,radius3_defect,137,1.65580259777641148,0.01122454798518211,89.09044723405629895,0.00234468143514442,0.59027047979477465,0.40738483877008091
MODE,radius3_defect,138,1.65761754528761962,0.01950314701356590,51.27377644768943554,0.00562137592904244,0.64069565369499382,0.35368297037596375
MODE,radius3_defect,139,1.66279332863053697,0.01831931956299858,54.58718030225332285,0.00102004360377641,0.65598439103922668,0.34299556535699693
MODE,radius3_defect,140,1.66410490069752814,0.00982577117406040,101.77318220476740862,0.01334286863468567,0.44087566118634403,0.54578147017897027
MODE,radius3_defect,141,1.66685279121785124,0.02233169795559830,44.77939841333522963,0.00095360830675940,0.68360293944309525,0.31544345225014536
MODE,radius3_defect,142,1.67041568790691186,0.02254186778603462,44.36189624976554313,0.00210408878613417,0.70895640544559879,0.28893950576826699
MODE,radius3_defect,143,1.67108485157238662,0.01257053808795543,79.55108946037552187,0.01212407914052193,0.51211334537551023,0.47576257548396783
MODE,radius3_defect,144,1.67292855634020277,0.02237439212288510,44.69395166169339007,0.00346569501912266,0.73840511626568117,0.25812918871519619
MODE,radius3_defect,145,1.67371042057571717,0.01133017194452719,88.25991387386046938,0.02397668170793104,0.52646988679038254,0.44955343150168647
MODE,radius3_defect,146,1.67448421362592526,0.03893090614217844,25.68653286280901682,0.00292533936403617,0.68208629878540428,0.31498836185055956
MODE,radius3_defect,147,1.67787777142508010,0.04441015477405780,22.51737254886015549,0.00023336493678140,0.95412449817129885,0.04564213689191976
MODE,radius3_defect,148,1.67991200534737883,0.01228256420138718,81.41622413722541296,0.03829446711325425,0.38869450405597678,0.57301102883076904
MODE,radius3_defect,149,1.68199710948795622,0.05263200537809014,18.99984605975671315,0.00004179344709565,0.99226256382840983,0.00769564272449452
MODE,radius3_defect,150,1.68515020245746761,0.01258267518721539,79.47435542292699040,0.01482318530504758,0.45979159780571843,0.52538521688923401
MODE,radius3_defect,151,1.68946421586150985,0.01897601276562941,52.69810957395986151,0.00925653923996065,0.66117911978105171,0.32956434097898768
MODE,radius3_defect,152,1.69335307821413572,0.01515739482200322,65.97439809038628766,0.03306277623534705,0.36292609183379565,0.60401113193085731
MODE,radius3_defect,153,1.69526288525971580,0.01342302970221405,74.49882941367970091,0.00485129133004094,0.39354448728514574,0.60160422138481340
MODE,radius3_defect,154,1.69866251424352388,0.01531608870065442,65.29082062297484867,0.05544555377180292,0.35505685240500506,0.58949759382319200
MODE,radius3_defect,155,1.70057858983577548,0.01847490035823697,54.12749084485066220,0.03477269274126191,0.53604459340522559,0.42918271385351248
MODE,radius3_defect,156,1.70256278473968914,0.01505681126183762,66.41512486342706723,0.03056954413926495,0.41808096460679917,0.55134949125393584
MODE,radius3_defect,157,1.70354246856218361,0.40098851819163167,2.49383699191631658,0.00000000016978868,0.99942478241508148,0.00057521741512989
MODE,radius3_defect,158,1.70401586795354576,0.01337441434884743,74.76962907808950831,0.02898830295231336,0.40048920152126416,0.57052249552642254
MODE,radius3_defect,159,1.70640055964865023,0.01541304276990655,64.88011581674622619,0.01846418358399527,0.47380782201169613,0.50772799440430860
MODE,radius3_defect,160,1.70932165862121410,0.01465064878887913,68.25636286899938909,0.00919502548452759,0.38653785886314618,0.60426711565232627
MODE,radius3_defect,161,1.71156183450154908,0.01724224828272224,57.99707692424656358,0.01043568175109485,0.40766003260783534,0.58190428564106977
MODE,radius3_defect,162,1.71235669787588063,0.01877456273261813,53.26355741231950702,0.01783946334083036,0.27925876343160516,0.70290177322756453
MODE,radius3_defect,163,1.71395589230127521,0.02006383451145011,49.84092145643026583,0.01878377931833305,0.57361340141170392,0.40760281926996300
MODE,radius3_defect,164,1.71603081521435996,0.01905686047313194,52.47454067315489823,0.00575707707134207,0.50318783600294847,0.49105508692570943
MODE,radius3_defect,165,1.71668908980523360,0.02366480739403857,42.25684085862921791,0.02237882195107884,0.25714169365668144,0.72047948439223974
MODE,radius3_defect,166,1.71817982710232520,0.01741645743444344,57.41695771163902151,0.03327250021338923,0.29349876439077915,0.67322873539583161
MODE,radius3_defect,167,1.71908005994234014,0.02319514072272427,43.11247825370165998,0.01733405547421703,0.28774527697923358,0.69492066754654935
MODE,radius3_defect,168,1.72006987454261795,0.01890355993306990,52.90008884784708698,0.00291980772819051,0.37653186780584946,0.62054832446595998
MODE,radius3_defect,169,1.72111494784464636,0.02637257018028937,37.91818518876826971,0.02919525015146537,0.31450694102360571,0.65629780882492894
MODE,radius3_defect,170,1.72183380694010779,0.02134116173462876,46.85780523266323883,0.04399475343256205,0.42624222697159242,0.52976301959584549
MODE,radius3_defect,171,1.72297723772591826,0.01769606567008508,56.50973604209008982,0.01075720787667835,0.48411466040632839,0.50512813171699333
MODE,radius3_defect,172,1.72335323139438845,0.02307229046829395,43.34203408951549363,0.00487617813401870,0.27037695689012781,0.72474686497585350
MODE,radius3_defect,173,1.72373788707576070,0.02441393650672595,40.96021138272820394,0.01456369516100022,0.30482961440470779,0.68060669043429201
MODE,radius3_defect,174,1.72388063676754810,0.02556775967666145,39.11175686279668184,0.06477884392857479,0.18243870518737429,0.75278245088405094
MODE,radius3_defect,175,1.72461662162148599,0.01854199316682861,53.93163458764440321,0.00846195158726714,0.45380478987087941,0.53773325854185350
MODE,radius3_defect,176,1.72584483501785280,0.03783898346690832,26.42777126596277171,0.01538990660439217,0.49898504202336713,0.48562505137224066
MODE,radius3_defect,177,1.72685521355650029,0.02903703736954521,34.43877511583966111,0.02724909864521391,0.22178276709481118,0.75096813425997500
MODE,radius3_defect,178,1.72726600656669782,0.02817632064405540,35.49079429613102121,0.04567911843323499,0.17763038600135683,0.77669049556540815
MODE,radius3_defect,179,1.72851431728337679,0.02674664283256363,37.38786980706660046,0.01029324509722558,0.55887949525007985,0.43082725965269453
MODE,radius3_defect,180,1.72963960908183956,0.03470942744728865,28.81061641015676500,0.00927569125646263,0.68598538342369275,0.30473892531984459
MODE,radius3_defect,181,1.73186169845318672,0.04394186380311958,22.75734148374941412,0.00750864534478839,0.55400282763313791,0.43848852702207375
MODE,radius3_defect,182,1.73349073924818464,0.07050544780383569,14.18330116535473273,0.00444708148205787,0.59530389892175184,0.40024901959619030
MODE,radius3_defect,183,1.73472669823018233,0.05285211648075715,18.92071815826123782,0.00563985215706553,0.78063998483297747,0.21372016300995700
MODE,radius3_defect,184,1.73777928095895984,0.07656437415150738,13.06090477564900532,0.01842859920471956,0.85972362278918346,0.12184777800609703
MODE,radius3_defect,185,1.73854851239804198,0.44673865249930911,2.23844521714302847,0.67171443272347653,0.04413342598224135,0.28415214129428212
MODE,radius3_defect,186,1.74000847417048643,0.08922065644190257,11.20816680665385690,0.00517349696085459,0.89273889391391903,0.10208760912522641
MODE,radius3_defect,187,1.74139610986466109,0.09630599222033048,10.38356987914296248,0.00423757534075973,0.89683768568551536,0.09892473897372489
MODE,radius3_defect,188,1.74214349400850366,0.10329878679871324,9.68065580429892059,0.00137265755072797,0.89454744330995561,0.10407989913931637
MODE,radius3_defect,189,1.74826283198306598,0.26109059373032817,3.83008819165989145,0.00000000000000000,1.00000000000000089,-0.00000000000000089
MODE,radius3_defect,190,1.74826283198306598,0.59607027287760628,1.67765454091909461,0.00000000000000000,0.99999999999999833,0.00000000000000167
MODE,radius3_defect,191,1.74826283198306598,0.28550094760409311,3.50261534468428293,0.00000000000000000,1.00000000000000067,-0.00000000000000067
MODE,radius3_defect,192,1.74826283198306598,0.28179355061868333,3.54869725657127422,0.00000000000000000,0.99999999999999967,0.00000000000000033
MODE,radius3_defect,193,1.74826283198307086,0.25228983955037881,3.96369509680675725,0.00000000000000000,1.00000000000000244,-0.00000000000000244
MODE,radius3_defect,194,1.74826283198307086,0.41118099067587466,2.43201904435382588,0.00000000000000000,0.99999999999999800,0.00000000000000200
MODE,radius3_defect,195,1.74826283198307086,0.53708720879155825,1.86189502120147621,0.00000000000000000,1.00000000000000200,-0.00000000000000200
MODE,radius3_defect,196,1.74999999999999711,0.94969185427991665,1.05297312543364763,0.00000000000000000,0.99999999999999956,0.00000000000000044
MODE,radius3_defect,197,1.74999999999999711,0.99422735792416894,1.00580615895330383,0.00000000000000000,0.99999999999999478,0.00000000000000522
MODE,radius3_defect,198,1.74999999999999711,0.99999999992117461,1.00000000007882539,0.00000000000000000,0.99999999999999956,0.00000000000000044
MODE,radius3_defect,199,1.74999999999999711,0.82208007486894474,1.21642651436287275,0.00000000000000000,1.00000000000000133,-0.00000000000000133
MODE,radius3_defect,200,1.75000000000000244,0.79592202651868071,1.25640448019003204,0.00000000000000000,1.00000000000000200,-0.00000000000000200
MODE,radius3_defect,201,1.75000000000000244,0.76854031692525582,1.30116791270073962,0.00000000000000000,1.00000000000000311,-0.00000000000000311
MODE,radius3_defect,202,1.75000000000000755,0.99999999992118394,1.00000000007881606,0.00000000000000000,1.00000000000000422,-0.00000000000000422
MODE,radius3_defect,203,1.77729490744176788,0.07446199634190416,13.42966948412637329,0.00000293280548620,0.97324176110463412,0.02675530608987964
MODE,radius3_defect,204,1.77825098695821526,0.07072071076664457,14.14012937878517562,0.00000391193895246,0.97954332669612587,0.02045276136492169
MODE,radius3_defect,205,1.77968798607390077,0.06413470622750554,15.59218181264746406,0.00000142560619985,0.98458805579973241,0.01541051859406772
MODE,radius3_defect,206,1.78135749914564689,0.06590154239899713,15.17415167532129949,0.00000020322377884,0.98817930840587109,0.01182048837035010
MODE,radius3_defect,207,1.78291309980153345,0.06121897824382884,16.33480382532853881,0.00000002723641605,0.99348676779638001,0.00651320496720398
MODE,radius3_defect,208,1.78398538398817963,0.05680325467415175,17.60462504721668253,0.00000000393992882,0.99876308816598636,0.00123690789408482
MODE,radius3_defect,209,1.79566448286863567,0.10552708496444661,9.47624015518776552,0.00000033369783405,0.89992197461379964,0.10007769168836633
MODE,radius3_defect,210,1.79589279705538396,0.10577377814932976,9.45413898885426640,0.00000436136857381,0.92228982117228842,0.07770581745913774
MODE,radius3_defect,211,1.79618087821987982,0.11306459072726877,8.84450201046737838,0.00000117730165210,0.94259001212372528,0.05740881057462266
MODE,radius3_defect,212,1.79645279171289696,0.10292603884072293,9.71571442234836624,0.00000335837607106,0.95537776709086986,0.04461887453305913
MODE,radius3_defect,213,1.79665898866076357,0.11098468215568906,9.01025241120393794,0.00000416634516654,0.96262587755509832,0.03736995609973515
MODE,radius3_defect,214,1.79677141773686433,0.11898583969068205,8.40436141476683218,0.00000100510002093,0.96632591994348560,0.03367307495649352
MODE,radius3_defect,215,1.79705766670331113,0.39749682915346291,2.51574333845547926,0.00000000142781061,0.99788356469595751,0.00211643387623184
MODE,radius3_defect,216,1.80470137878560521,0.02993734470738425,33.40309602519100451,0.07024521379201330,0.09060136286463627,0.83915342334335041
MODE,radius3_defect,217,1.80486663296956129,0.02570798355154458,38.89842227396004404,0.00665273794429821,0.17924898536076606,0.81409827669493573
MODE,radius3_defect,218,1.80502898052784100,0.02698224644861343,37.06140635489555990,0.00222974225426092,0.19511872148303336,0.80265153626270580
MODE,radius3_defect,219,1.80505169062118243,0.02855708359609528,35.01758142196053569,0.01001926123366604,0.18659534715130668,0.80338539161502731
MODE,radius3_defect,220,1.80509306944723003,0.02789479927624005,35.84897636642146068,0.01182739687883705,0.25294541167320983,0.73522719144795312
MODE,radius3_defect,221,1.80511816574707029,0.02544529962855837,39.29998917669085756,0.04934109028890683,0.17880342934790980,0.77185548036318330
MODE,radius3_defect,222,1.80535440598845698,0.02197870118120119,45.49859392307129013,0.00707495917431662,0.34262483452343562,0.65030020630224772
MODE,radius3_defect,223,1.80540689085359052,0.02034510859629341,49.15186346963937325,0.02904152506962694,0.21549452223151530,0.75546395269885769
MODE,radius3_defect,224,1.80543845713320339,0.02685317532135514,37.23954385404634593,0.00299763171186924,0.50600509183685838,0.49099727645127234
MODE,radius3_defect,225,1.80548995137621549,0.02284511901594021,43.77302649648044763,0.03076826820696489,0.24259146290281022,0.72664026889022493
MODE,radius3_defect,226,1.80551196835109984,0.02259122501457395,44.26497453568296692,0.00667711468590327,0.35547753004657395,0.63784535526752273
MODE,radius3_defect,227,1.80576017451901660,0.01907166085248590,52.43381830951838651,0.01740712562154524,0.30505179958752454,0.67754107479093029
MODE,radius3_defect,228,1.80589690582737594,0.03462559135219354,28.88037318492322925,0.01584019033232698,0.39365283452176247,0.59050697514591055
MODE,radius3_defect,229,1.80601337319234445,0.02010622047128809,49.73585171952188944,0.00326374135459118,0.31489262583434879,0.68184363281105997
MODE,radius3_defect,230,1.80603854772553629,0.02049600849296252,48.78998758921076728,0.02210537488652574,0.28617930328620333,0.69171532182727091
MODE,radius3_defect,231,1.80612948584077015,0.02208925483010127,45.27087978709399607,0.01069011210468244,0.41314957559035725,0.57616031230496034
MODE,radius3_defect,232,1.80626703363758057,0.01963818794523517,50.92119511172266755,0.00151030662768414,0.38643898555150868,0.61205070782080717
MODE,radius3_defect,233,1.80634383704148616,0.02861186529010965,34.95053502665808054,0.00214671198449053,0.30271183856718148,0.69514144944832790
MODE,radius3_defect,234,1.80660767735959560,0.01817351072513391,55.02514154389570677,0.02086974462683472,0.37968238020344414,0.59944787516972120
MODE,radius3_defect,235,1.80678958869952822,0.01822057334473769,54.88301498969084236,0.02912132118215671,0.38840931825793845,0.58246936055990484
MODE,radius3_defect,236,1.80682921870878488,0.06615788077772111,15.11535720679785300,0.00042962165762978,0.93494263098126196,0.06462774736110821
MODE,radius3_defect,237,1.80702639443471735,0.02091204407833018,47.81933302427552235,0.02635141328286286,0.45373991851876005,0.51990866819837711
MODE,radius3_defect,238,1.80714836989958316,0.03307878054675337,30.23086049337898729,0.00728310017443121,0.57573433745654390,0.41698256236902487
MODE,radius3_defect,239,1.80718041940366869,0.02061776175687387,48.50186997949011669,0.00542063642805810,0.37045121307509776,0.62412815049684411
MODE,radius3_defect,240,1.80723922348953181,0.01817674618910873,55.01534705915557311,0.01479401199519349,0.51959880603351061,0.46560718197129591
MODE,radius3_defect,241,1.80729857526514226,0.03727941505109719,26.82445522896069079,0.00633580918082108,0.50137733152427266,0.49228685929490623
MODE,radius3_defect,242,1.80744720112285795,0.03221077878316667,31.04550829806696299,0.01991652205692797,0.49899703168421250,0.48108644625885955
MODE,radius3_defect,243,1.80759169483852311,0.04657913202785308,21.46884144174319431,0.00400244154161112,0.51713948374000207,0.47885807471838682
MODE,radius3_defect,244,1.80774003952261908,0.01716038434065709,58.27375309017752869,0.02905141927452509,0.40907614209965704,0.56187243862581793
MODE,radius3_defect,245,1.80780870433525132,0.02598368366295459,38.48569021126586165,0.00836973212084113,0.57752422939122394,0.41410603848793492
MODE,radius3_defect,246,1.80800396941822239,0.01602906048562256,62.38668828388043153,0.00945104835102052,0.50255385314365242,0.48799509850532707
MODE,radius3_defect,247,1.80816425860658914,0.04088312446527475,24.45997005070829644,0.00579634919153006,0.50210786597101364,0.49209578483745631
MODE,radius3_defect,248,1.80821565765379821,0.01608595791105073,62.16602116763095154,0.03852679633766436,0.41949660868058242,0.54197659498175321
MODE,radius3_defect,249,1.80838508999724001,0.02020153911199836,49.50117881889836724,0.00475116995438171,0.31867094603335455,0.67657788401226371
MODE,radius3_defect,250,1.80848051975442248,0.02680810037833864,37.30215814948289221,0.00275217512091467,0.48895016090413035,0.50829766397495502
MODE,radius3_defect,251,1.80861487765912443,0.02318009540339916,43.14046092551279088,0.00925447213620410,0.49733536196900380,0.49341016589479209
MODE,radius3_defect,252,1.80882174526104111,0.10482766613947939,9.53946641022648656,0.00004503401224771,0.88696433329233559,0.11299063269541665
MODE,radius3_defect,253,1.80884549182966747,0.01985582984247018,50.36304238773605135,0.00705417669623639,0.41943677479376307,0.57350904851000051
MODE,radius3_defect,254,1.80887151651220490,0.07704807939346596,12.97890885629012381,0.00027929219390053,0.85313626633839756,0.14658444146770189
MODE,radius3_defect,255,1.80889791004267542,0.01878794624024440,53.22561536065965271,0.00206929578710345,0.50757407236634444,0.49035663184655209
MODE,radius3_defect,256,1.80897182039745164,0.05901821179944832,16.94392238446891596,0.00065170211818979,0.78124428581325156,0.21810401206855867
MODE,radius3_defect,257,1.80904966876354889,0.02160670215422464,46.28193570967865611,0.00164203312381665,0.51488522175190765,0.48347274512427574
MODE,radius3_defect,258,1.80913723313288344,0.02801181842662185,35.69921755060430968,0.00022406559269369,0.65619035487841826,0.34358557952888802
MODE,radius3_defect,259,1.80917330189241099,0.02037386468321147,49.08248953003123916,0.01666164252463972,0.47254598873147735,0.51079236874388290
MODE,radius3_defect,260,1.80931366366325563,0.02079621886965670,48.08566433483146341,0.00796829050766821,0.61228975958466314,0.37974194990766863
MODE,radius3_defect,261,1.80944561545853388,0.01428408626979816,70.00797818719212273,0.01055086050751381,0.32212481197670606,0.66732432751578008
MODE,radius3_defect,262,1.80947649492238516,0.01530980268819117,65.31762821289163412,0.00216850975553498,0.42095133740511304,0.57688015283935201
MODE,radius3_defect,263,1.80956472714569050,0.01023226125146162,97.73010827466465855,0.02663418889596297,0.32876769232131609,0.64459811878272100
MODE,radius3_defect,264,1.80964100577051079,0.02851467278689873,35.06966422071155165,0.00403011877472995,0.26696953490794278,0.72900034631732735
MODE,radius3_defect,265,1.80964100577051079,0.03455176180923480,28.94208421327811109,0.00106418497074114,0.19437094972476507,0.80456486530449378
MODE,radius3_defect,266,1.80964100577051079,0.02294062014233330,43.59080067563898808,0.02869565122641546,0.21285553543693800,0.75844881333664649
MODE,radius3_defect,267,1.80964100577051079,0.02332063339766837,42.88048197267151806,0.00049945815531059,0.26782273696352205,0.73167780488116740
MODE,radius3_defect,268,1.80964100577051079,0.02126829979355270,47.01833290421933498,0.09438652109764285,0.19336730236949060,0.71224617653286648
MODE,radius3_defect,269,1.80964100577051079,0.01909624178221921,52.36632481953149920,0.00720989960159687,0.17690444034884586,0.81588566004955720
MODE,radius3_defect,270,1.80964100577051079,0.01884663934930171,53.05985759403048974,0.00684103729320435,0.37120380051669427,0.62195516219010138
MODE,radius3_defect,271,1.80964100577051079,0.01960458854717327,51.00846659412228945,0.02103617987686650,0.30903390188556362,0.66992991823756998
MODE,radius3_defect,272,1.80964100577051079,0.01549608854451998,64.53241391380916525,0.00357512679683712,0.30141295200509038,0.69501192119807254
MODE,radius3_defect,273,1.80964100577051079,0.02319201536237961,43.11828809936573492,0.00860183135657885,0.25682966377570238,0.73456850486771874
MODE,radius3_defect,274,1.80964100577051079,0.02580625355642332,38.75029739646553395,0.05265018446909728,0.19750533071438928,0.74984448481651345
MODE,radius3_defect,275,1.80964100577051079,0.01892849862833824,52.83039186757685002,0.03602899099830195,0.31197469976248399,0.65199630923921403
MODE,radius3_defect,276,1.80964100577051079,0.01973036832261752,50.68329103890419418,0.01158759974194703,0.26143739759423901,0.72697500266381399
MODE,radius3_defect,277,1.80964100577051545,0.02017987897749471,49.55431105980536444,0.06150730844558749,0.19654837125479019,0.74194432029962232
MODE,radius3_defect,278,1.80964100577051545,0.02555211822217879,39.13569870430614372,0.00241350713769197,0.37317371176019681,0.62441278110211118
MODE,radius3_defect,279,1.80964100577051545,0.02494710531534599,40.08481093735788647,0.00142733828462456,0.20536744117751243,0.79320522053786302
MODE,radius3_defect,280,1.80964100577051545,0.01640808189588916,60.94557586591137976,0.00035539027306664,0.39677578251884565,0.60286882720808777
MODE,radius3_defect,281,1.80964100577051545,0.02600691254816390,38.45131551652026758,0.01269954577026172,0.31835586409016597,0.66894459013957230
MODE,radius3_defect,282,1.80964100577051545,0.01839491333196927,54.36285466276478928,0.00410724290935973,0.21676625791074236,0.77912649917989796
MODE,radius3_defect,283,1.80964100577051545,0.02389412491992560,41.85129203731950298,0.01501007693717002,0.21390892143360890,0.77108100162922111
MODE,radius3_defect,284,1.80964100577051545,0.02263283546753875,44.18359340941857027,0.00177406287024141,0.22309227931297793,0.77513365781678067
MODE,radius3_defect,285,1.80964100577051545,0.02009051170733790,49.77474016427157721,0.00226009279718590,0.36638227062467910,0.63135763657813504
MODE,radius3_defect,286,1.80964100577051545,0.02542524807963701,39.33098300035453576,0.03418479557287370,0.24578187276184110,0.72003333166528516
MODE,radius3_defect,287,1.80964100577051545,0.01782072471613982,56.11444068233222993,0.00671129980638111,0.28713636080924937,0.70615233938436961
MODE,radius3_defect,288,1.80964100577051545,0.02299457796994331,43.48851287060457338,0.00841433679940456,0.47517104693754658,0.51641461626304896
MODE,radius3_defect,289,1.80964100577051545,0.02086103801523803,47.93625318498273202,0.01954052618481170,0.21533716189134738,0.76512231192384084
MODE,radius3_defect,290,1.80964100577051545,0.01744432061525450,57.32524768694815265,0.01214907143473515,0.18535995485542597,0.80249097370983880
MODE,radius3_defect,291,1.80964100577051989,0.02255166025281661,44.34263326023210539,0.00061595294497231,0.25904499522450752,0.74033905183052018
MODE,radius3_defect,292,1.80964100577051989,0.04022439392245040,24.86053616936838040,0.02174927864416869,0.10338887449409559,0.87486184686173574
MODE,radius3_defect,293,1.84022963875290779,0.90200610071693277,1.10863995177546992,0.97498650690632549,0.00000000024846920,0.02501349284520531
MODE,radius3_defect,294,2.18173716801692619,0.13281168446853478,7.52945799913347269,0.00000000000000000,0.99999999999999523,0.00000000000000477
MODE,radius3_defect,295,2.18173716801693152,0.11891152169096678,8.40961402040460015,0.00000000000000000,1.00000000000000178,-0.00000000000000178
MODE,radius3_defect,296,2.18173716801693152,0.28772747499170687,3.47551098493052457,0.00000000000000000,1.00000000000000178,-0.00000000000000178
MODE,radius3_defect,297,2.18173716801693152,0.15947633217868870,6.27052294430454005,0.00000000000000000,1.00000000000000200,-0.00000000000000200
MODE,radius3_defect,298,2.18173716801693240,0.34719891425875310,2.88019333855042259,0.00000000000000000,1.00000000000000089,-0.00000000000000089
MODE,radius3_defect,299,2.18173716801693862,0.12075125268518723,8.28148758511945182,0.00000000000000000,1.00000000000000355,-0.00000000000000355
MODE,radius3_defect,300,2.18173716801694617,0.16919575336279957,5.91031382363209001,0.00000000000000000,1.00000000000000511,-0.00000000000000511
MODE,radius3_defect,301,2.19749161195820930,0.09073732170539055,11.02082341869025761,0.00000000008515093,0.99934637678231097,0.00065362313253814
MODE,radius3_defect,302,2.19828195688139250,0.08973567305155664,11.14384019190964459,0.00000000074706415,0.99655836711361045,0.00344163213932536
MODE,radius3_defect,303,2.19960175484912623,0.08905876512987357,11.22854104861783497,0.00000015215750855,0.99052741932435084,0.00947242851814056
MODE,radius3_defect,304,2.20139564059722703,0.08922021819586867,11.20822186070718196,0.00000292776087177,0.98233398727503762,0.01766308496409064
MODE,radius3_defect,305,2.20341409870634708,0.09105492934856063,10.98238181232313160,0.00001189927306684,0.97530265226333379,0.02468544846359932
MODE,radius3_defect,306,2.20496559698338679,0.08800998813814215,11.36234671944712638,0.00000667453349266,0.96668138020993577,0.03331194525657155
MODE,radius3_defect,307,2.21862215007858099,0.04075748573299726,24.53537017840136514,0.00000004841969235,0.87970070712910753,0.12029924445120010
MODE,radius3_defect,308,2.21889660178634784,0.04012777468516737,24.92039510901746979,0.00000202486149397,0.88709647538770386,0.11290149975080221
MODE,radius3_defect,309,2.21938472924079777,0.04095846257494387,24.41497891114069319,0.00000194928220394,0.89150330667926170,0.10849474403853432
MODE,radius3_defect,310,2.22012305180782255,0.03514323497164034,28.45497862695262725,0.00002143925462734,0.88766556021337761,0.11231300053199500
MODE,radius3_defect,311,2.22111386902152974,0.03600395536022322,27.77472613758401465,0.00016373237749764,0.87986649646600190,0.11996977115650043
MODE,radius3_defect,312,2.22214572092262941,0.04198983931270420,23.81528523014485543,0.00009290435277841,0.88404650538707730,0.11586059026014428
MODE,radius3_defect,313,2.22332819138754534,0.07958176452165026,12.56569273137879961,0.00001931890890301,0.94404796618383180,0.05593271490726515
MODE,radius3_defect,314,2.23664264422176284,0.02025244799113496,49.37674697092060683,0.01284427412709647,0.32624902767416408,0.66090669819873948
MODE,radius3_defect,315,2.23664264422176284,0.01385806327507464,72.16015543807030497,0.00923050910699112,0.25766652179055888,0.73310296910244999
MODE,radius3_defect,316,2.23664264422176773,0.01516119335483449,65.95786865821662559,0.00420895321431536,0.32257871908623176,0.67321232769945283
MODE,radius3_defect,317,2.23664264422176773,0.01475528627509166,67.77232114351426162,0.01650947334516559,0.36334147714518539,0.62014904950964900
MODE,radius3_defect,318,2.23664264422176773,0.01591231347234105,62.84441302254449369,0.00628495093547551,0.24964494317060543,0.74407010589391898
MODE,radius3_defect,319,2.23664264422176773,0.01642642950822099,60.87750228980235079,0.00076808855169914,0.24691037380835823,0.75232153763994258
MODE,radius3_defect,320,2.23664264422176773,0.01928736739640638,51.84740765535060802,0.00023376494697183,0.19643147200660549,0.80333476304642271
MODE,radius3_defect,321,2.23664264422176773,0.02510830017101486,39.82746713990638199,0.00201646508512718,0.29764284270849556,0.70034069220637729
MODE,radius3_defect,322,2.23664264422176773,0.01947986197608994,51.33506598904162388,0.00013774756557611,0.25003626444891908,0.74982598798550493
MODE,radius3_defect,323,2.23664264422176773,0.01466822602203642,68.17456988307084487,0.03672672833042511,0.18492572346937697,0.77834754820019791
MODE,radius3_defect,324,2.23664264422176773,0.01672833880217713,59.77879882907761555,0.02204151441629684,0.27049148657468941,0.70746699900901366
MODE,radius3_defect,325,2.23664264422176773,0.01832165169454058,54.58023199392968650,0.02195834982108099,0.19218869223866689,0.78585295794025212
MODE,radius3_defect,326,2.23664264422177217,0.01595202048328268,62.68798369761216094,0.00154038973789457,0.48015818670901861,0.51830142355308673
MODE,radius3_defect,327,2.23664264422177217,0.02013703545745747,49.65974272194392114,0.00801381035123054,0.24338682906239872,0.74859936058637078
MODE,radius3_defect,328,2.23664264422177217,0.01373587543024724,72.80205801793593423,0.02613891090725533,0.29643723501054292,0.67742385408220174
MODE,radius3_defect,329,2.23664264422177217,0.01392967033400830,71.78920792967876707,0.00969026106597608,0.26494415579915243,0.72536558313487154
MODE,radius3_defect,330,2.23664264422177217,0.01211246186645312,82.55959944605623946,0.00624332011328904,0.23139055871992489,0.76236612116678615
MODE,radius3_defect,331,2.23664264422177217,0.01678767110645857,59.56752390838052946,0.01763409852661895,0.21487732154537290,0.76748857992800823
MODE,radius3_defect,332,2.23664264422177217,0.01853886239039528,53.94074236820947732,0.00099034669328449,0.06237378070904730,0.93663587259766823
MODE,radius3_defect,333,2.23664264422177217,0.01344212035893128,74.39302530389674928,0.00005771708793360,0.25960378738650802,0.74033849552555842
MODE,radius3_defect,334,2.23664264422177217,0.01648793750611324,60.65039970155329740,0.01307836998704569,0.26766204432499141,0.71925958568796289
MODE,radius3_defect,335,2.23664264422177217,0.02152853663005658,46.44997554566122488,0.00634774446169537,0.09434104728022512,0.89931120825807953
MODE,radius3_defect,336,2.23664264422177217,0.01931896827782980,51.76259858284394966,0.08061921523358342,0.19348101021300637,0.72589977455341026
MODE,radius3_defect,337,2.23664264422177217,0.01283795203820077,77.89404392728584980,0.00014758344165238,0.28983981226802807,0.71001260429031965
MODE,radius3_defect,338,2.23664264422177217,0.01739571391427276,57.48542456653787980,0.05412337399105802,0.22342826452646686,0.72244836148247504
MODE,radius3_defect,339,2.23664264422177705,0.01795385484285144,55.69834493778159157,0.07373408171873093,0.18785380549578021,0.73841211278548879
MODE,radius3_defect,340,2.23664264422177705,0.03063976862583782,32.63732217470868591,0.00166228854552787,0.52564362604208481,0.47269408541238733
MODE,radius3_defect,341,2.23664264422177705,0.01391831931953543,71.84775525277849795,0.04297273759030663,0.38146895098143141,0.57555831142826197
MODE,radius3_defect,342,2.23664264422177705,0.01286336085049243,77.74018093892765080,0.00517154227264014,0.22828145286313939,0.76654700486422045
MODE,radius3_defect,343,2.23847038960276956,0.00839863294306622,119.06699659086601173,0.02998012684888979,0.32406792527129186,0.64595194787981836
MODE,radius3_defect,344,2.24046844709432724,0.01264816033535819,79.06288135868101108,0.00231163709556126,0.37053270577066028,0.62715565713377841
MODE,radius3_defect,345,2.24149248035100834,0.01009495802776548,99.05935193089162283,0.01406794564289856,0.34979707887594358,0.63613497548115783
MODE,radius3_defect,346,2.24458526437415573,0.01430157521284705,69.92236764952323824,0.00399925752923804,0.61253243625352183,0.38346830621724015
MODE,radius3_defect,347,2.24803260342188826,0.00917384041970062,109.00560226146092191,0.02607578495653528,0.36275019120461494,0.61117402383884978
MODE,radius3_defect,348,2.24875399850276780,0.01305379694653149,76.60606366837266989,0.00075454760630033,0.63461220022455178,0.36463325216914788
MODE,radius3_defect,349,2.25052121457134957,0.01416988104682857,70.57222263865192247,0.00154145437029658,0.55737667228678878,0.44108187334291460
MODE,radius3_defect,350,2.25324816710372833,0.01229870601191229,81.30936693920641289,0.00579629679987377,0.53535285794614484,0.45885084525398134
MODE,radius3_defect,351,2.25454825847028006,0.01806435282001523,55.35764330798522082,0.00307185871410315,0.66405529859755319,0.33287284268834361
MODE,radius3_defect,352,2.25501081850166818,0.01145370621885952,87.30798406138735857,0.00342423183242518,0.52510091968478090,0.47147484848279397
MODE,radius3_defect,353,2.25726666080078875,0.04078195514603876,24.52064881193250656,0.00004701995063452,0.93044118906857964,0.06951179098078586
MODE,radius3_defect,354,2.25889906460955858,0.04880032219721411,20.49166798446030313,0.00001046296167175,0.95258869636152943,0.04740084067679884
MODE,radius3_defect,355,2.26031466426709837,0.01084256088010339,92.22913397102036015,0.02564297986037409,0.28726166687749377,0.68709535326213211
MODE,radius3_defect,356,2.26139249067156856,0.01301552260080403,76.83133675617642666,0.01862255185964798,0.50201319476143147,0.47936425337892052
MODE,radius3_defect,357,2.26360211648764853,0.01025298922256055,97.53253205412644888,0.00791109489650778,0.39145877377271038,0.60063013133078180
MODE,radius3_defect,358,2.26619648116348227,0.01073542451251664,93.14955350243303656,0.02874383435419429,0.45424598780173892,0.51701017784406678
MODE,radius3_defect,359,2.27023553787173960,0.01248533275675261,80.09398063172618265,0.01887684572783032,0.51001857156137564,0.47110458271079403
MODE,radius3_defect,360,2.27190646767102145,0.00957772731679861,104.40890275149887145,0.00452400365388255,0.45363937442158253,0.54183662192453497
MODE,radius3_defect,361,2.27617981716402040,0.01219697095266747,81.98756919899859952,0.01967072772756475,0.54173494559598079,0.43859432667645448
MODE,radius3_defect,362,2.27866317875406388,0.01116203142027407,89.58942708077829309,0.00540809742585295,0.48824695651651157,0.50634494605763547
MODE,radius3_defect,363,2.28196189780294167,0.01411336723905442,70.85481324632483791,0.02213021933385116,0.46951306983685814,0.50835671082929068
MODE,radius3_defect,364,2.28256835105618627,0.01381200982895865,72.40075936692224445,0.03729414770706457,0.41577748114230584,0.54692837115062964
MODE,radius3_defect,365,2.28398740076905415,0.01436595203786929,69.60903094789368595,0.01037204411413303,0.39442162140582854,0.59520633448003846
MODE,radius3_defect,366,2.28553129878378680,0.01143605540074752,87.44273833568830412,0.01150841606945077,0.58938856024372455,0.39910302368682471
MODE,radius3_defect,367,2.28960248791600396,0.01188853436676709,84.11465779965065792,0.01394775168681471,0.43479259423380590,0.55125965407937938
MODE,radius3_defect,368,2.29201610939627720,0.01247542110605867,80.15761484110151969,0.00225150807599229,0.51248856879299109,0.48525992313101662
MODE,radius3_defect,369,2.29271525054872738,0.01049797101734568,95.25650226579132607,0.02011625846868519,0.48969290317898018,0.49019083835233468
MODE,radius3_defect,370,2.29511027093962117,0.01333932566944742,74.96630825127947162,0.04644305721463570,0.38068662607946779,0.57287031670589650
MODE,radius3_defect,371,2.29752464962625291,0.01171800122109956,85.33878612330138935,0.03207976171663915,0.45504102472635083,0.51287921355700994
MODE,radius3_defect,372,2.29812738027611285,0.01318621638241427,75.83676552840776708,0.00526181611258224,0.46467633597814556,0.53006184790927224
MODE,radius3_defect,373,2.30078753087858168,0.00923305279357100,108.30653981490313242,0.00558564215607874,0.43766791816601297,0.55674643967790827
MODE,radius3_defect,374,2.30336827491506746,0.01265343686408621,79.02991185250735384,0.00603262557849575,0.48825694335144576,0.50571043107005853
MODE,radius3_defect,375,2.30512871948928799,0.01004802361098970,99.52205913472202781,0.00149613571902152,0.43742635276016062,0.56107751152081786
MODE,radius3_defect,376,2.30552297082652968,0.01130355881149693,88.46771328184652816,0.00655785431476461,0.54710213338290048,0.44634001230233489
MODE,radius3_defect,377,2.30558528269874685,0.01573595111615022,63.54874850708412026,0.01876406643479497,0.54513644745801149,0.43609948610719351
MODE,radius3_defect,378,2.30970333823575924,0.01144066371403157,87.40751629414079105,0.01133907942429922,0.50722556761094639,0.48143535296475437
MODE,radius3_defect,379,2.31149095669619298,0.01704568059967071,58.66588864860686670,0.01826273544690384,0.42362022472199962,0.55811703983109662
MODE,radius3_defect,380,2.31463274120096596,0.01374147313528844,72.77240148525092422,0.04710441622427178,0.22623578146291817,0.72665980231281013
MODE,radius3_defect,381,2.31490023498245501,0.01060975788131946,94.25285771701672388,0.00872206452871905,0.39431056607131193,0.59696736939996908
MODE,radius3_defect,382,2.31542359908761552,0.01161215285143968,86.11667558923146260,0.02712460534903775,0.33602107583056562,0.63685431882039667
MODE,radius3_defect,383,2.31559665422538208,0.01199693516273853,83.35462236271109759,0.00196092876543147,0.48374975904031359,0.51428931219425489
MODE,radius3_defect,384,2.31770077487491477,0.01238409212143594,80.74875333566639313,0.01857343191115144,0.42729266129679622,0.55413390679205232
MODE,radius3_defect,385,2.32147061697438195,0.01068584592758447,93.58173482724444625,0.02908155886941908,0.19686169399763689,0.77405674713294403
MODE,radius3_defect,386,2.32229650661139120,0.01037886946312327,96.34960759002304087,0.03417558957505477,0.31427487892757727,0.65154953149736805
MODE,radius3_defect,387,2.32444644478400830,0.01167893574719060,85.62424022587440220,0.01285962909456670,0.33474958909334546,0.65239078181208776
MODE,radius3_defect,388,2.32547000085530264,0.01091757439582740,91.59543720464050409,0.00229195939963723,0.31469659236853376,0.68301144823182902
MODE,radius3_defect,389,2.33143737554107267,0.01204926264790797,82.99263027299211615,0.01536887695628869,0.25680415428144193,0.72782696876226938
MODE,radius3_defect,390,2.33377081141278842,0.01167540548991407,85.65013017011371232,0.04413390055846785,0.20007406875897582,0.75579203068255629
MODE,radius3_defect,391,2.35812305536074129,0.04309415711196819,23.20500195425050549,0.05032971938882853,0.71938751852322624,0.23028276208794518
MODE,radius3_defect,392,2.35933785130514950,0.03347678812308393,29.87144394866393426,0.00069038003088195,0.80514230694454103,0.19416731302457702
MODE,radius3_defect,393,2.36009516150295262,0.03594878902208574,27.81734871195892467,0.04030421430376382,0.77497524438033427,0.18472054131590188
MODE,radius3_defect,394,2.36222933899234810,0.03185564050401472,31.39161492841343204,0.04272378313957936,0.72526527067548530,0.23201094618493534
MODE,radius3_defect,395,2.36647261728022018,0.02473254650707804,40.43255310219741006,0.03633153576276452,0.74031327251994217,0.22335519171729334
MODE,radius3_defect,396,2.36803570300678690,0.03223752045202127,31.01975542716719048,0.07251638263974072,0.62402053459080331,0.30346308276945599
MODE,radius3_defect,397,2.37130850731982612,0.02782520787991294,35.93863536674245296,0.06030897656565357,0.66452073499023190,0.27517028844411451
MODE,radius3_defect,398,2.37674176358080036,0.03184280601436889,31.40426756199675395,0.07395405523556958,0.60039305750966376,0.32565288725476671
MODE,radius3_defect,399,2.37944723538889713,0.02809536016295097,35.59306569483628380,0.03800215004522738,0.62853649629650232,0.33346135365827034
MODE,radius3_defect,400,2.38372323083142845,0.01131742569686285,88.35931657825652508,0.03052520054686911,0.61106074095516627,0.35841405849796459
MODE,radius3_defect,401,2.38594465180535487,0.01457266845480209,68.62161196499829430,0.00216489478691277,0.71041714517459231,0.28741796003849496
MODE,radius3_defect,402,2.38677276650344172,0.01395623203312383,71.65257768906339209,0.00480598734422698,0.73654536931374781,0.25864864334202520
MODE,radius3_defect,403,2.38949780812355828,0.01134516899177318,88.14324411783896096,0.01627170134735762,0.52171034731301713,0.46201795133962520
MODE,radius3_defect,404,2.39350679758907470,0.01153038931190010,86.72734050427385455,0.00761658176513128,0.46513228816080709,0.52725113007406166
MODE,radius3_defect,405,2.39449140839409580,0.01030732268575157,97.01840434105743327,0.01352606094101660,0.46922071427917483,0.51725322477980851
MODE,radius3_defect,406,2.39891637179237227,0.01113485229234708,89.80810645214343424,0.02192072451338868,0.42274552055241832,0.55533375493419301
MODE,radius3_defect,407,2.39943307332332711,0.01024798914248566,97.58011899663752331,0.00014228626561929,0.47173850917992594,0.52811920455445471
MODE,radius3_defect,408,2.40052003117281076,0.01083788225800745,92.26894850801326697,0.00077654965198399,0.41100366025900459,0.58821979008901137
MODE,radius3_defect,409,2.40098464630470243,0.01180515316174854,84.70876966172991729,0.00855668092383101,0.25150944028583561,0.73993387879033334
MODE,radius3_defect,410,2.40231034949347011,0.01178363375566992,84.86346578098890348,0.01202124405569772,0.43200355321223460,0.55597520273206769
MODE,radius3_defect,411,2.40561077636974341,0.01298809504482191,76.99358501373762920,0.02734267104689279,0.36293108494668269,0.60972624400642450
MODE,radius3_defect,412,2.40617311143712076,0.01171150047395218,85.38615544815310443,0.01913642544869376,0.27529837624878584,0.70556519830252040
MODE,radius3_defect,413,2.40646135462896993,0.01296664781674429,77.12093473447045255,0.00082213488978305,0.53772044311607636,0.46145742199414064
MODE,radius3_defect,414,2.40761370279801623,0.01018970539301189,98.13826420200534528,0.02689135531849870,0.40998296711139509,0.56312567757010612
MODE,radius3_defect,415,2.40890452129246402,0.01092401961160871,91.54139552599504270,0.00262766532992389,0.50519703362394675,0.49217530104612939
MODE,radius3_defect,416,2.40973412891644267,0.01064391811744581,93.95036573618124009,0.00267618329150327,0.45555145710034622,0.54177235960815051
MODE,radius3_defect,417,2.41428109160955673,0.01182418376656083,84.57243389840000702,0.00574501574727118,0.50151851402427583,0.49273647022845302
MODE,radius3_defect,418,2.41528185920982841,0.01065860211406392,93.82093348625045337,0.00095004359759864,0.48669620548891263,0.51235375091348878
MODE,radius3_defect,419,2.41670757498769539,0.01064850737677224,93.90987531091126073,0.02576005788522865,0.40669045835362477,0.56754948376114656
MODE,radius3_defect,420,2.41811817630691994,0.01165690279814495,85.78608034366872914,0.00150158065759206,0.50514948812546634,0.49334893121694157
MODE,radius3_defect,421,2.41820111482680433,0.01046573555757556,95.54990134220966524,0.00652447099115219,0.48351787212370451,0.50995765688514338
MODE,radius3_defect,422,2.42286241857313644,0.01133692141669346,88.20736805386279400,0.00160955856403337,0.51664682963226882,0.48174361180369785
MODE,radius3_defect,423,2.42303226109145431,0.01070643624204248,93.40176108957322754,0.00147353857678907,0.43572097846034574,0.56280548296286514
MODE,radius3_defect,424,2.42675255940145584,0.01081192993230290,92.49042550787264361,0.00729466534560614,0.44727447011935595,0.54543086453503786
MODE,radius3_defect,425,2.42757249390013596,0.01078755253058000,92.69943271796370254,0.01036071075692127,0.50994554874339293,0.47969374049968583
MODE,radius3_defect,426,2.43100639089731363,0.01034913989777800,96.62638730149004118,0.00147970362839718,0.46665057826259515,0.53186971810900763
MODE,radius3_defect,427,2.43549439067965734,0.01260911384059448,79.30771445496385752,0.03766926124732539,0.35556852769681785,0.60676221105585681
MODE,radius3_defect,428,2.43624201858647371,0.01161581833234594,86.08950066095253817,0.00038992016474954,0.46338101319039271,0.53622906664485770
MODE,radius3_defect,429,2.43633528326658144,0.01230530107380476,81.26578894755994042,0.00798612218680947,0.42653933333633487,0.56547454447685563
MODE,radius3_defect,430,2.43884850918471763,0.00994579751299401,100.54497879064170718,0.00024550172299127,0.42480912109415558,0.57494537718285310
MODE,radius3_defect,431,2.44049745339486224,0.00898318076006682,111.31914482288139823,0.02948851223751768,0.42266778972849950,0.54784369803398281
MODE,radius3_defect,432,2.44447750235990480,0.01065737814135524,93.83170858126607072,0.00077314427813215,0.38787352049481200,0.61135333522705593
MODE,radius3_defect,433,2.44725594587996076,0.00981006785263266,101.93609412514278745,0.00676177189852104,0.34117490940114759,0.65206331870033141
MODE,radius3_defect,434,2.45134545021627970,0.01109718633550682,90.11293221240923401,0.00397821914693782,0.31203392849923511,0.68398785235382698
MODE,radius3_defect,435,2.45137514183426264,0.01102494254329470,90.70342054600492077,0.00028959735812160,0.32090301716629616,0.67880738547558228
MODE,radius3_defect,436,2.45630989511755438,0.00933312806282403,107.14521361634663776,0.00538969325268697,0.26416875977090776,0.73044154697640518
MODE,radius3_defect,437,2.45915082990573053,0.01223924893190598,81.70435992956581117,0.00776055472451436,0.20500657022494972,0.78723287505053596
MODE,radius3_defect,438,2.46211585571827030,0.01021185319427393,97.92541872426521365,0.00254191603816536,0.16231636325332258,0.83514172070851211
MODE,radius3_defect,439,2.46454342637634483,0.00779992226992584,128.20640583249135602,0.01199248272894415,0.12791035802107242,0.86009715924998342
GROUP,radius3_defect,0,1,1.10126782345062124,0.01170539727388187,0.13801229102918208
GROUP,radius3_defect,1,2,1.10395897625249884,0.00228515989446724,0.16919040435881766
GROUP,radius3_defect,2,3,1.10730409197487756,0.00712272692371533,0.19896112016684483
GROUP,radius3_defect,3,4,1.11037279635210462,0.00534038015820332,0.26220354917511851
GROUP,radius3_defect,4,5,1.11565278653787270,0.00013327232008960,0.30485123472862763
GROUP,radius3_defect,5,6,1.11566505381627845,0.00341171217699656,0.33342758785648730
GROUP,radius3_defect,6,7,1.11991430198094144,0.00766232955037587,0.34468003677419307
GROUP,radius3_defect,7,8,1.12304365404165329,0.00079162311745464,0.38124895093442251
GROUP,radius3_defect,8,9,1.12661586953837789,0.02879804707196214,0.42380855016434921
GROUP,radius3_defect,9,10,1.12909122619380797,0.00065347356160931,0.41162243142444588
GROUP,radius3_defect,10,11,1.13177502606779390,0.00001472980071499,0.43488372216130783
GROUP,radius3_defect,11,12,1.13182443507195174,0.01633671274933537,0.39033452217809367
GROUP,radius3_defect,12,13,1.13345026551304962,0.02032633690548666,0.30364968280603305
GROUP,radius3_defect,13,14,1.13718385952212464,0.00163512860565705,0.46008750408152771
GROUP,radius3_defect,14,15,1.14065844210152845,0.00826891986508466,0.45637824841155950
GROUP,radius3_defect,15,16,1.14220191280475625,0.01009342184122857,0.36142881397395138
GROUP,radius3_defect,16,17,1.14524787519709359,0.00033218504694730,0.49097447974086517
GROUP,radius3_defect,17,18,1.14533032875416763,0.00111860393808748,0.37616430739082501
GROUP,radius3_defect,18,19,1.15001049482840179,0.00453790574855861,0.35134372434752764
GROUP,radius3_defect,19,20,1.15012845253925988,0.00074197172919261,0.39935367542526090
GROUP,radius3_defect,20,21,1.15030203298747846,0.02526145953321569,0.35406521618172926
GROUP,radius3_defect,21,22,1.15264097283880118,0.00050415504811877,0.43325951194306123
GROUP,radius3_defect,22,23,1.15346810292417445,0.00489706188563644,0.44328484879354002
GROUP,radius3_defect,23,24,1.15818020619321072,0.01111386037294934,0.39465528609436767
GROUP,radius3_defect,24,25,1.15855792453034967,0.00126705045501968,0.36032314944165605
GROUP,radius3_defect,25,26,1.15939854160630129,0.02570185899683114,0.25709447955642217
GROUP,radius3_defect,26,27,1.16052756631384235,0.00976034170903222,0.21473555492686530
GROUP,radius3_defect,27,28,1.16057726886608314,0.00152808311455131,0.50706066368930203
GROUP,radius3_defect,28,29,1.16228866653285268,0.00789083285030991,0.46108843225400054
GROUP,radius3_defect,29,30,1.16474622831196295,0.00673833651606846,0.16920418014163108
GROUP,radius3_defect,30,31,1.16628071467714345,0.00625338310352041,0.36285216093341982
GROUP,radius3_defect,31,32,1.16673591261409570,0.01343048926830300,0.23444711456153094
GROUP,radius3_defect,32,33,1.16677166476882332,0.00158513020329914,0.26173919082580388
GROUP,radius3_defect,33,34,1.16978524679286267,0.01404204080124501,0.23664458449299017
GROUP,radius3_defect,34,35,1.17299687686747944,0.01648085296394227,0.15874764385325840
GROUP,radius3_defect,35,36,1.18120558150898791,0.00217406734226230,0.78871983697592363
GROUP,radius3_defect,36,37,1.18646044630642011,0.00470529261190334,0.85027186578537162
GROUP,radius3_defect,37,38,1.19513099856840288,0.00485181513255225,0.87262730939988997
GROUP,radius3_defect,38,39,1.20651566961843648,0.00048071824970382,0.89356911668925254
GROUP,radius3_defect,39,40,1.20801600242238050,0.54613394535199411,0.02436608868102521
GROUP,radius3_defect,40,41,1.21935092465285511,0.00224166094051749,0.93376745735161737
GROUP,radius3_defect,41,42,1.23125961843535814,0.00016785773567802,0.98379458937733733
GROUP,radius3_defect,42,43,1.25429183670179412,0.00000561439726469,0.98822236686057263
GROUP,radius3_defect,43,44,1.25816331914547708,0.00002859834568164,0.95647895018858053
GROUP,radius3_defect,44,45,1.26391745517077370,0.00014663869619963,0.93513228169595741
GROUP,radius3_defect,45,46,1.26980107320574631,0.00095438754278925,0.92825810262471764
GROUP,radius3_defect,46,47,1.27451942151723285,0.00053573220799480,0.91894953895787512
GROUP,radius3_defect,47,48,1.27767176149952877,0.00003471214772516,0.90437117046047399
GROUP,radius3_defect,48,49,1.27928600044989427,0.00086673289166015,0.89382820983150402
GROUP,radius3_defect,49,50,1.32851558523805857,0.00135438700312966,0.36627693852408189
GROUP,radius3_defect,50,51,1.33034465693381820,0.00851316082748562,0.46061129055056893
GROUP,radius3_defect,51,52,1.33150764743179306,0.00269176424182488,0.57233114104112470
GROUP,radius3_defect,52,53,1.33179120284066399,0.00047838947176168,0.57368610573613521
GROUP,radius3_defect,53,54,1.33281182849370960,0.00068715525360940,0.75620356681500356
GROUP,radius3_defect,54,55,1.33328075755613495,0.00285204944881314,0.70811019717803636
GROUP,radius3_defect,55,56,1.33624672303714798,0.01531921170921988,0.57544843812645996
GROUP,radius3_defect,56,57,1.33998918118024735,0.00277859930464334,0.39395352659226601
GROUP,radius3_defect,57,58,1.34149834472424589,0.00909147773922852,0.26624970525394948
GROUP,radius3_defect,58,59,1.34414792884649925,0.00543595896766960,0.34744679572828607
GROUP,radius3_defect,59,60,1.34526559574193838,0.00330892590698289,0.32093485710047409
GROUP,radius3_defect,60,61,1.34859216355051492,0.01092739071953146,0.25472649579829992
GROUP,radius3_defect,61,62,1.35043353872376226,0.05088555735156639,0.24737158548691207
GROUP,radius3_defect,62,63,1.35261437291282993,0.00084615743967669,0.30399291343010437
GROUP,radius3_defect,63,64,1.35463683612347152,0.01338960595322239,0.45762783948653940
GROUP,radius3_defect,64,65,1.35687265021479253,0.00959352201384091,0.48662249702416671
GROUP,radius3_defect,65,66,1.35858431959365111,0.00163840049244237,0.42167327056162773
GROUP,radius3_defect,66,67,1.35938361494588777,0.00139035840777859,0.51710112020121135
GROUP,radius3_defect,67,68,1.36273772805734295,0.00441449832235793,0.70964039519780997
GROUP,radius3_defect,68,69,1.36746298053151549,0.00766644899930984,0.52559499076300509
GROUP,radius3_defect,69,70,1.36945036538777609,0.01050608160013712,0.44592393322984097
GROUP,radius3_defect,70,71,1.37088588531940858,0.03252994360951695,0.46778958878292604
GROUP,radius3_defect,71,72,1.37268200742581814,0.00457966629310756,0.51938384317586084
GROUP,radius3_defect,72,73,1.37865067739890557,0.04627940025039646,0.39758727022540757
GROUP,radius3_defect,73,74,1.38126292334450329,0.00847010483166181,0.52499367851873913
GROUP,radius3_defect,74,75,1.38282449873330293,0.03591332544510216,0.43034180572549646
GROUP,radius3_defect,75,76,1.38621492833213522,0.02072516124320547,0.38356771835987236
GROUP,radius3_defect,76,77,1.38937215052246521,0.02541116849558832,0.51436238014154867
GROUP,radius3_defect,77,78,1.39261710623985779,0.00726322275911477,0.89668142797716988
GROUP,radius3_defect,78,79,1.39347573665201052,0.03402451081555638,0.54792108246654614
GROUP,radius3_defect,79,80,1.39644377588303104,0.05561544488736472,0.51776356229510601
GROUP,radius3_defect,80,81,1.40156930115239042,0.00301381239882634,0.78473603092360000
GROUP,radius3_defect,81,82,1.40466001137528029,0.01964645900657994,0.54043647034094489
GROUP,radius3_defect,82,83,1.40971323399592552,0.04135392000481618,0.49786759941340875
GROUP,radius3_defect,83,84,1.41050200434346507,0.00735186362138113,0.66363402441239805
GROUP,radius3_defect,84,85,1.41915635891191161,0.00417773342776031,0.76031547659105803
GROUP,radius3_defect,85,86,1.42415456499686632,0.00241699270056724,0.50321776288881548
GROUP,radius3_defect,86,87,1.42496687255177812,0.00822801203471420,0.46734315539270238
GROUP,radius3_defect,87,88,1.43231750942442893,0.04915272489994018,0.58788237219873907
GROUP,radius3_defect,88,89,1.43869545590076187,0.10284901797343213,0.49022093957281759
GROUP,radius3_defect,89,90,1.44334513464857306,0.08510984907834068,0.42109801231816357
GROUP,radius3_defect,90,91,1.44530328253024010,0.09096918103571142,0.54175759354317254
GROUP,radius3_defect,91,92,1.45239545127013181,0.02267397682230289,0.49286853392083430
GROUP,radius3_defect,92,93,1.45949147014000968,0.02332195936043920,0.44344332564707278
GROUP,radius3_defect,93,94,1.46268386332186751,0.00869328557564984,0.60619679983171315
GROUP,radius3_defect,94,95,1.47677095593214314,0.03216152668649980,0.50863461681954880
GROUP,radius3_defect,95,96,1.48479106697291097,0.07378905567305519,0.33432496985293503
GROUP,radius3_defect,96,97,1.49008069126086395,0.00655130066290095,0.39804241990369299
GROUP,radius3_defect,97,98,1.50328001797396782,0.05457379848502684,0.26533341461522264
GROUP,radius3_defect,98,127,1.63371635000771298,0.48112661117195088,7.60327941305913235
GROUP,radius3_defect,127,128,1.63636379978212121,0.02101654887155961,0.39313025632605864
GROUP,radius3_defect,128,129,1.63879986469904115,0.00073103203145753,0.52352180325437725
GROUP,radius3_defect,129,130,1.64078446186634319,0.01048092101466386,0.41106572240831490
GROUP,radius3_defect,130,131,1.64243931335165616,0.00269350768747397,0.63957766095809276
GROUP,radius3_defect,131,132,1.64554148497023811,0.00045807845115953,0.78090547986104908
GROUP,radius3_defect,132,133,1.64747061106649650,0.00548810532398876,0.73785400874752405
GROUP,radius3_defect,133,134,1.64810190853955874,0.00714231296290961,0.77168012370422190
GROUP,radius3_defect,134,135,1.64908256965657385,0.00031535089803573,0.86394327057929188
GROUP,radius3_defect,135,136,1.64977494598484919,0.00004349453684537,0.87733541504757029
GROUP,radius3_defect,136,137,1.65153153929559626,0.00303660075366388,0.47886659019831646
GROUP,radius3_defect,137,138,1.65580259777641148,0.00234468143514442,0.59027047979477465
GROUP,radius3_defect,138,139,1.65761754528761962,0.00562137592904244,0.64069565369499382
GROUP,radius3_defect,139,140,1.66279332863053697,0.00102004360377641,0.65598439103922668
GROUP,radius3_defect,140,141,1.66410490069752814,0.01334286863468567,0.44087566118634403
GROUP,radius3_defect,141,142,1.66685279121785124,0.00095360830675940,0.68360293944309525
GROUP,radius3_defect,142,143,1.67041568790691186,0.00210408878613417,0.70895640544559879
GROUP,radius3_defect,143,144,1.67108485157238662,0.01212407914052193,0.51211334537551023
GROUP,radius3_defect,144,145,1.67292855634020277,0.00346569501912266,0.73840511626568117
GROUP,radius3_defect,145,146,1.67371042057571717,0.02397668170793104,0.52646988679038254
GROUP,radius3_defect,146,147,1.67448421362592526,0.00292533936403617,0.68208629878540428
GROUP,radius3_defect,147,148,1.67787777142508010,0.00023336493678140,0.95412449817129885
GROUP,radius3_defect,148,149,1.67991200534737883,0.03829446711325425,0.38869450405597678
GROUP,radius3_defect,149,150,1.68199710948795622,0.00004179344709565,0.99226256382840983
GROUP,radius3_defect,150,151,1.68515020245746761,0.01482318530504758,0.45979159780571843
GROUP,radius3_defect,151,152,1.68946421586150985,0.00925653923996065,0.66117911978105171
GROUP,radius3_defect,152,153,1.69335307821413572,0.03306277623534705,0.36292609183379565
GROUP,radius3_defect,153,154,1.69526288525971580,0.00485129133004094,0.39354448728514574
GROUP,radius3_defect,154,155,1.69866251424352388,0.05544555377180292,0.35505685240500506
GROUP,radius3_defect,155,156,1.70057858983577548,0.03477269274126191,0.53604459340522559
GROUP,radius3_defect,156,157,1.70256278473968914,0.03056954413926495,0.41808096460679917
GROUP,radius3_defect,157,158,1.70354246856218361,0.00000000016978868,0.99942478241508148
GROUP,radius3_defect,158,159,1.70401586795354576,0.02898830295231336,0.40048920152126416
GROUP,radius3_defect,159,160,1.70640055964865023,0.01846418358399527,0.47380782201169613
GROUP,radius3_defect,160,161,1.70932165862121410,0.00919502548452759,0.38653785886314618
GROUP,radius3_defect,161,162,1.71156183450154908,0.01043568175109485,0.40766003260783534
GROUP,radius3_defect,162,163,1.71235669787588063,0.01783946334083036,0.27925876343160516
GROUP,radius3_defect,163,164,1.71395589230127521,0.01878377931833305,0.57361340141170392
GROUP,radius3_defect,164,165,1.71603081521435996,0.00575707707134207,0.50318783600294847
GROUP,radius3_defect,165,166,1.71668908980523360,0.02237882195107884,0.25714169365668144
GROUP,radius3_defect,166,167,1.71817982710232520,0.03327250021338923,0.29349876439077915
GROUP,radius3_defect,167,168,1.71908005994234014,0.01733405547421703,0.28774527697923358
GROUP,radius3_defect,168,169,1.72006987454261795,0.00291980772819051,0.37653186780584946
GROUP,radius3_defect,169,170,1.72111494784464636,0.02919525015146537,0.31450694102360571
GROUP,radius3_defect,170,171,1.72183380694010779,0.04399475343256205,0.42624222697159242
GROUP,radius3_defect,171,172,1.72297723772591826,0.01075720787667835,0.48411466040632839
GROUP,radius3_defect,172,173,1.72335323139438845,0.00487617813401870,0.27037695689012781
GROUP,radius3_defect,173,174,1.72373788707576070,0.01456369516100022,0.30482961440470779
GROUP,radius3_defect,174,175,1.72388063676754810,0.06477884392857479,0.18243870518737429
GROUP,radius3_defect,175,176,1.72461662162148599,0.00846195158726714,0.45380478987087941
GROUP,radius3_defect,176,177,1.72584483501785280,0.01538990660439217,0.49898504202336713
GROUP,radius3_defect,177,178,1.72685521355650029,0.02724909864521391,0.22178276709481118
GROUP,radius3_defect,178,179,1.72726600656669782,0.04567911843323499,0.17763038600135683
GROUP,radius3_defect,179,180,1.72851431728337679,0.01029324509722558,0.55887949525007985
GROUP,radius3_defect,180,181,1.72963960908183956,0.00927569125646263,0.68598538342369275
GROUP,radius3_defect,181,182,1.73186169845318672,0.00750864534478839,0.55400282763313791
GROUP,radius3_defect,182,183,1.73349073924818464,0.00444708148205787,0.59530389892175184
GROUP,radius3_defect,183,184,1.73472669823018233,0.00563985215706553,0.78063998483297747
GROUP,radius3_defect,184,185,1.73777928095895984,0.01842859920471956,0.85972362278918346
GROUP,radius3_defect,185,186,1.73854851239804198,0.67171443272347653,0.04413342598224135
GROUP,radius3_defect,186,187,1.74000847417048643,0.00517349696085459,0.89273889391391903
GROUP,radius3_defect,187,188,1.74139610986466109,0.00423757534075973,0.89683768568551536
GROUP,radius3_defect,188,189,1.74214349400850366,0.00137265755072797,0.89454744330995561
GROUP,radius3_defect,189,196,1.74826283198306598,0.00000000000000000,7.00000000000000178
GROUP,radius3_defect,196,203,1.74999999999999711,0.00000000000000000,7.00000000000000444
GROUP,radius3_defect,203,204,1.77729490744176788,0.00000293280548620,0.97324176110463412
GROUP,radius3_defect,204,205,1.77825098695821526,0.00000391193895246,0.97954332669612587
GROUP,radius3_defect,205,206,1.77968798607390077,0.00000142560619985,0.98458805579973241
GROUP,radius3_defect,206,207,1.78135749914564689,0.00000020322377884,0.98817930840587109
GROUP,radius3_defect,207,208,1.78291309980153345,0.00000002723641605,0.99348676779638001
GROUP,radius3_defect,208,209,1.78398538398817963,0.00000000393992882,0.99876308816598636
GROUP,radius3_defect,209,210,1.79566448286863567,0.00000033369783405,0.89992197461379964
GROUP,radius3_defect,210,211,1.79589279705538396,0.00000436136857381,0.92228982117228842
GROUP,radius3_defect,211,212,1.79618087821987982,0.00000117730165210,0.94259001212372528
GROUP,radius3_defect,212,213,1.79645279171289696,0.00000335837607106,0.95537776709086986
GROUP,radius3_defect,213,214,1.79665898866076357,0.00000416634516654,0.96262587755509832
GROUP,radius3_defect,214,215,1.79677141773686433,0.00000100510002093,0.96632591994348560
GROUP,radius3_defect,215,216,1.79705766670331113,0.00000000142781061,0.99788356469595751
GROUP,radius3_defect,216,217,1.80470137878560521,0.07024521379201330,0.09060136286463627
GROUP,radius3_defect,217,218,1.80486663296956129,0.00665273794429821,0.17924898536076606
GROUP,radius3_defect,218,219,1.80502898052784100,0.00222974225426092,0.19511872148303336
GROUP,radius3_defect,219,220,1.80505169062118243,0.01001926123366604,0.18659534715130668
GROUP,radius3_defect,220,221,1.80509306944723003,0.01182739687883705,0.25294541167320983
GROUP,radius3_defect,221,222,1.80511816574707029,0.04934109028890683,0.17880342934790980
GROUP,radius3_defect,222,223,1.80535440598845698,0.00707495917431662,0.34262483452343562
GROUP,radius3_defect,223,224,1.80540689085359052,0.02904152506962694,0.21549452223151530
GROUP,radius3_defect,224,225,1.80543845713320339,0.00299763171186924,0.50600509183685838
GROUP,radius3_defect,225,226,1.80548995137621549,0.03076826820696489,0.24259146290281022
GROUP,radius3_defect,226,227,1.80551196835109984,0.00667711468590327,0.35547753004657395
GROUP,radius3_defect,227,228,1.80576017451901660,0.01740712562154524,0.30505179958752454
GROUP,radius3_defect,228,229,1.80589690582737594,0.01584019033232698,0.39365283452176247
GROUP,radius3_defect,229,230,1.80601337319234445,0.00326374135459118,0.31489262583434879
GROUP,radius3_defect,230,231,1.80603854772553629,0.02210537488652574,0.28617930328620333
GROUP,radius3_defect,231,232,1.80612948584077015,0.01069011210468244,0.41314957559035725
GROUP,radius3_defect,232,233,1.80626703363758057,0.00151030662768414,0.38643898555150868
GROUP,radius3_defect,233,234,1.80634383704148616,0.00214671198449053,0.30271183856718148
GROUP,radius3_defect,234,235,1.80660767735959560,0.02086974462683472,0.37968238020344414
GROUP,radius3_defect,235,236,1.80678958869952822,0.02912132118215671,0.38840931825793845
GROUP,radius3_defect,236,237,1.80682921870878488,0.00042962165762978,0.93494263098126196
GROUP,radius3_defect,237,238,1.80702639443471735,0.02635141328286286,0.45373991851876005
GROUP,radius3_defect,238,239,1.80714836989958316,0.00728310017443121,0.57573433745654390
GROUP,radius3_defect,239,240,1.80718041940366869,0.00542063642805810,0.37045121307509776
GROUP,radius3_defect,240,241,1.80723922348953181,0.01479401199519349,0.51959880603351061
GROUP,radius3_defect,241,242,1.80729857526514226,0.00633580918082108,0.50137733152427266
GROUP,radius3_defect,242,243,1.80744720112285795,0.01991652205692797,0.49899703168421250
GROUP,radius3_defect,243,244,1.80759169483852311,0.00400244154161112,0.51713948374000207
GROUP,radius3_defect,244,245,1.80774003952261908,0.02905141927452509,0.40907614209965704
GROUP,radius3_defect,245,246,1.80780870433525132,0.00836973212084113,0.57752422939122394
GROUP,radius3_defect,246,247,1.80800396941822239,0.00945104835102052,0.50255385314365242
GROUP,radius3_defect,247,248,1.80816425860658914,0.00579634919153006,0.50210786597101364
GROUP,radius3_defect,248,249,1.80821565765379821,0.03852679633766436,0.41949660868058242
GROUP,radius3_defect,249,250,1.80838508999724001,0.00475116995438171,0.31867094603335455
GROUP,radius3_defect,250,251,1.80848051975442248,0.00275217512091467,0.48895016090413035
GROUP,radius3_defect,251,252,1.80861487765912443,0.00925447213620410,0.49733536196900380
GROUP,radius3_defect,252,253,1.80882174526104111,0.00004503401224771,0.88696433329233559
GROUP,radius3_defect,253,254,1.80884549182966747,0.00705417669623639,0.41943677479376307
GROUP,radius3_defect,254,255,1.80887151651220490,0.00027929219390053,0.85313626633839756
GROUP,radius3_defect,255,256,1.80889791004267542,0.00206929578710345,0.50757407236634444
GROUP,radius3_defect,256,257,1.80897182039745164,0.00065170211818979,0.78124428581325156
GROUP,radius3_defect,257,258,1.80904966876354889,0.00164203312381665,0.51488522175190765
GROUP,radius3_defect,258,259,1.80913723313288344,0.00022406559269369,0.65619035487841826
GROUP,radius3_defect,259,260,1.80917330189241099,0.01666164252463972,0.47254598873147735
GROUP,radius3_defect,260,261,1.80931366366325563,0.00796829050766821,0.61228975958466314
GROUP,radius3_defect,261,262,1.80944561545853388,0.01055086050751381,0.32212481197670606
GROUP,radius3_defect,262,263,1.80947649492238516,0.00216850975553498,0.42095133740511304
GROUP,radius3_defect,263,264,1.80956472714569050,0.02663418889596297,0.32876769232131609
GROUP,radius3_defect,264,293,1.80964100577051079,0.48112661117180655,7.60327941306320110
GROUP,radius3_defect,293,294,1.84022963875290779,0.97498650690632549,0.00000000024846920
GROUP,radius3_defect,294,301,2.18173716801692619,0.00000000000000000,7.00000000000001066
GROUP,radius3_defect,301,302,2.19749161195820930,0.00000000008515093,0.99934637678231097
GROUP,radius3_defect,302,303,2.19828195688139250,0.00000000074706415,0.99655836711361045
GROUP,radius3_defect,303,304,2.19960175484912623,0.00000015215750855,0.99052741932435084
GROUP,radius3_defect,304,305,2.20139564059722703,0.00000292776087177,0.98233398727503762
GROUP,radius3_defect,305,306,2.20341409870634708,0.00001189927306684,0.97530265226333379
GROUP,radius3_defect,306,307,2.20496559698338679,0.00000667453349266,0.96668138020993577
GROUP,radius3_defect,307,308,2.21862215007858099,0.00000004841969235,0.87970070712910753
GROUP,radius3_defect,308,309,2.21889660178634784,0.00000202486149397,0.88709647538770386
GROUP,radius3_defect,309,310,2.21938472924079777,0.00000194928220394,0.89150330667926170
GROUP,radius3_defect,310,311,2.22012305180782255,0.00002143925462734,0.88766556021337761
GROUP,radius3_defect,311,312,2.22111386902152974,0.00016373237749764,0.87986649646600190
GROUP,radius3_defect,312,313,2.22214572092262941,0.00009290435277841,0.88404650538707730
GROUP,radius3_defect,313,314,2.22332819138754534,0.00001931890890301,0.94404796618383180
GROUP,radius3_defect,314,343,2.23664264422176284,0.48112661117194427,7.60327941305897603
GROUP,radius3_defect,343,344,2.23847038960276956,0.02998012684888979,0.32406792527129186
GROUP,radius3_defect,344,345,2.24046844709432724,0.00231163709556126,0.37053270577066028
GROUP,radius3_defect,345,346,2.24149248035100834,0.01406794564289856,0.34979707887594358
GROUP,radius3_defect,346,347,2.24458526437415573,0.00399925752923804,0.61253243625352183
GROUP,radius3_defect,347,348,2.24803260342188826,0.02607578495653528,0.36275019120461494
GROUP,radius3_defect,348,349,2.24875399850276780,0.00075454760630033,0.63461220022455178
GROUP,radius3_defect,349,350,2.25052121457134957,0.00154145437029658,0.55737667228678878
GROUP,radius3_defect,350,351,2.25324816710372833,0.00579629679987377,0.53535285794614484
GROUP,radius3_defect,351,352,2.25454825847028006,0.00307185871410315,0.66405529859755319
GROUP,radius3_defect,352,353,2.25501081850166818,0.00342423183242518,0.52510091968478090
GROUP,radius3_defect,353,354,2.25726666080078875,0.00004701995063452,0.93044118906857964
GROUP,radius3_defect,354,355,2.25889906460955858,0.00001046296167175,0.95258869636152943
GROUP,radius3_defect,355,356,2.26031466426709837,0.02564297986037409,0.28726166687749377
GROUP,radius3_defect,356,357,2.26139249067156856,0.01862255185964798,0.50201319476143147
GROUP,radius3_defect,357,358,2.26360211648764853,0.00791109489650778,0.39145877377271038
GROUP,radius3_defect,358,359,2.26619648116348227,0.02874383435419429,0.45424598780173892
GROUP,radius3_defect,359,360,2.27023553787173960,0.01887684572783032,0.51001857156137564
GROUP,radius3_defect,360,361,2.27190646767102145,0.00452400365388255,0.45363937442158253
GROUP,radius3_defect,361,362,2.27617981716402040,0.01967072772756475,0.54173494559598079
GROUP,radius3_defect,362,363,2.27866317875406388,0.00540809742585295,0.48824695651651157
GROUP,radius3_defect,363,364,2.28196189780294167,0.02213021933385116,0.46951306983685814
GROUP,radius3_defect,364,365,2.28256835105618627,0.03729414770706457,0.41577748114230584
GROUP,radius3_defect,365,366,2.28398740076905415,0.01037204411413303,0.39442162140582854
GROUP,radius3_defect,366,367,2.28553129878378680,0.01150841606945077,0.58938856024372455
GROUP,radius3_defect,367,368,2.28960248791600396,0.01394775168681471,0.43479259423380590
GROUP,radius3_defect,368,369,2.29201610939627720,0.00225150807599229,0.51248856879299109
GROUP,radius3_defect,369,370,2.29271525054872738,0.02011625846868519,0.48969290317898018
GROUP,radius3_defect,370,371,2.29511027093962117,0.04644305721463570,0.38068662607946779
GROUP,radius3_defect,371,372,2.29752464962625291,0.03207976171663915,0.45504102472635083
GROUP,radius3_defect,372,373,2.29812738027611285,0.00526181611258224,0.46467633597814556
GROUP,radius3_defect,373,374,2.30078753087858168,0.00558564215607874,0.43766791816601297
GROUP,radius3_defect,374,375,2.30336827491506746,0.00603262557849575,0.48825694335144576
GROUP,radius3_defect,375,376,2.30512871948928799,0.00149613571902152,0.43742635276016062
GROUP,radius3_defect,376,377,2.30552297082652968,0.00655785431476461,0.54710213338290048
GROUP,radius3_defect,377,378,2.30558528269874685,0.01876406643479497,0.54513644745801149
GROUP,radius3_defect,378,379,2.30970333823575924,0.01133907942429922,0.50722556761094639
GROUP,radius3_defect,379,380,2.31149095669619298,0.01826273544690384,0.42362022472199962
GROUP,radius3_defect,380,381,2.31463274120096596,0.04710441622427178,0.22623578146291817
GROUP,radius3_defect,381,382,2.31490023498245501,0.00872206452871905,0.39431056607131193
GROUP,radius3_defect,382,383,2.31542359908761552,0.02712460534903775,0.33602107583056562
GROUP,radius3_defect,383,384,2.31559665422538208,0.00196092876543147,0.48374975904031359
GROUP,radius3_defect,384,385,2.31770077487491477,0.01857343191115144,0.42729266129679622
GROUP,radius3_defect,385,386,2.32147061697438195,0.02908155886941908,0.19686169399763689
GROUP,radius3_defect,386,387,2.32229650661139120,0.03417558957505477,0.31427487892757727
GROUP,radius3_defect,387,388,2.32444644478400830,0.01285962909456670,0.33474958909334546
GROUP,radius3_defect,388,389,2.32547000085530264,0.00229195939963723,0.31469659236853376
GROUP,radius3_defect,389,390,2.33143737554107267,0.01536887695628869,0.25680415428144193
GROUP,radius3_defect,390,391,2.33377081141278842,0.04413390055846785,0.20007406875897582
GROUP,radius3_defect,391,392,2.35812305536074129,0.05032971938882853,0.71938751852322624
GROUP,radius3_defect,392,393,2.35933785130514950,0.00069038003088195,0.80514230694454103
GROUP,radius3_defect,393,394,2.36009516150295262,0.04030421430376382,0.77497524438033427
GROUP,radius3_defect,394,395,2.36222933899234810,0.04272378313957936,0.72526527067548530
GROUP,radius3_defect,395,396,2.36647261728022018,0.03633153576276452,0.74031327251994217
GROUP,radius3_defect,396,397,2.36803570300678690,0.07251638263974072,0.62402053459080331
GROUP,radius3_defect,397,398,2.37130850731982612,0.06030897656565357,0.66452073499023190
GROUP,radius3_defect,398,399,2.37674176358080036,0.07395405523556958,0.60039305750966376
GROUP,radius3_defect,399,400,2.37944723538889713,0.03800215004522738,0.62853649629650232
GROUP,radius3_defect,400,401,2.38372323083142845,0.03052520054686911,0.61106074095516627
GROUP,radius3_defect,401,402,2.38594465180535487,0.00216489478691277,0.71041714517459231
GROUP,radius3_defect,402,403,2.38677276650344172,0.00480598734422698,0.73654536931374781
GROUP,radius3_defect,403,404,2.38949780812355828,0.01627170134735762,0.52171034731301713
GROUP,radius3_defect,404,405,2.39350679758907470,0.00761658176513128,0.46513228816080709
GROUP,radius3_defect,405,406,2.39449140839409580,0.01352606094101660,0.46922071427917483
GROUP,radius3_defect,406,407,2.39891637179237227,0.02192072451338868,0.42274552055241832
GROUP,radius3_defect,407,408,2.39943307332332711,0.00014228626561929,0.47173850917992594
GROUP,radius3_defect,408,409,2.40052003117281076,0.00077654965198399,0.41100366025900459
GROUP,radius3_defect,409,410,2.40098464630470243,0.00855668092383101,0.25150944028583561
GROUP,radius3_defect,410,411,2.40231034949347011,0.01202124405569772,0.43200355321223460
GROUP,radius3_defect,411,412,2.40561077636974341,0.02734267104689279,0.36293108494668269
GROUP,radius3_defect,412,413,2.40617311143712076,0.01913642544869376,0.27529837624878584
GROUP,radius3_defect,413,414,2.40646135462896993,0.00082213488978305,0.53772044311607636
GROUP,radius3_defect,414,415,2.40761370279801623,0.02689135531849870,0.40998296711139509
GROUP,radius3_defect,415,416,2.40890452129246402,0.00262766532992389,0.50519703362394675
GROUP,radius3_defect,416,417,2.40973412891644267,0.00267618329150327,0.45555145710034622
GROUP,radius3_defect,417,418,2.41428109160955673,0.00574501574727118,0.50151851402427583
GROUP,radius3_defect,418,419,2.41528185920982841,0.00095004359759864,0.48669620548891263
GROUP,radius3_defect,419,420,2.41670757498769539,0.02576005788522865,0.40669045835362477
GROUP,radius3_defect,420,421,2.41811817630691994,0.00150158065759206,0.50514948812546634
GROUP,radius3_defect,421,422,2.41820111482680433,0.00652447099115219,0.48351787212370451
GROUP,radius3_defect,422,423,2.42286241857313644,0.00160955856403337,0.51664682963226882
GROUP,radius3_defect,423,424,2.42303226109145431,0.00147353857678907,0.43572097846034574
GROUP,radius3_defect,424,425,2.42675255940145584,0.00729466534560614,0.44727447011935595
GROUP,radius3_defect,425,426,2.42757249390013596,0.01036071075692127,0.50994554874339293
GROUP,radius3_defect,426,427,2.43100639089731363,0.00147970362839718,0.46665057826259515
GROUP,radius3_defect,427,428,2.43549439067965734,0.03766926124732539,0.35556852769681785
GROUP,radius3_defect,428,429,2.43624201858647371,0.00038992016474954,0.46338101319039271
GROUP,radius3_defect,429,430,2.43633528326658144,0.00798612218680947,0.42653933333633487
GROUP,radius3_defect,430,431,2.43884850918471763,0.00024550172299127,0.42480912109415558
GROUP,radius3_defect,431,432,2.44049745339486224,0.02948851223751768,0.42266778972849950
GROUP,radius3_defect,432,433,2.44447750235990480,0.00077314427813215,0.38787352049481200
GROUP,radius3_defect,433,434,2.44725594587996076,0.00676177189852104,0.34117490940114759
GROUP,radius3_defect,434,435,2.45134545021627970,0.00397821914693782,0.31203392849923511
GROUP,radius3_defect,435,436,2.45137514183426264,0.00028959735812160,0.32090301716629616
GROUP,radius3_defect,436,437,2.45630989511755438,0.00538969325268697,0.26416875977090776
GROUP,radius3_defect,437,438,2.45915082990573053,0.00776055472451436,0.20500657022494972
GROUP,radius3_defect,438,439,2.46211585571827030,0.00254191603816536,0.16231636325332258
GROUP,radius3_defect,439,440,2.46454342637634483,0.01199248272894415,0.12791035802107242
COUNT,radius4_pristine,729,48,81
MODE,radius4_pristine,0,1.09742865222647135,0.01000024405767429,99.99755948281982398,0.04933131739214255,0.04302516530982746,0.90764351729802994
MODE,radius4_pristine,1,1.10040805759715532,0.01061000712641859,94.25064357497284107,0.00085634247431826,0.08688674496082234,0.91225691256485930
MODE,radius4_pristine,2,1.10243001420054543,0.01293628740549073,77.30193127709543433,0.00458554154339625,0.11043228417088927,0.88498217428571446
MODE,radius4_pristine,3,1.10371124548741140,0.01109368204755526,90.14139721269302186,0.02249824656637825,0.13180267704987519,0.84569907638374664
MODE,radius4_pristine,4,1.10776166400675846,0.01196802853920787,83.55595048290112459,0.00046122435530118,0.17534507883414846,0.82419369681055032
MODE,radius4_pristine,5,1.10777043773036055,0.01198393548493235,83.44504201122580866,0.00141235295977500,0.17976288019049150,0.81882476684973349
MODE,radius4_pristine,6,1.10955807354845937,0.01460771177679371,68.45699143575880896,0.05094642043679497,0.18169995272872014,0.76735362683448494
MODE,radius4_pristine,7,1.11249307690111943,0.01257547318637891,79.51987055907743240,0.05019138193040284,0.22943247164661634,0.72037614642298076
MODE,radius4_pristine,8,1.11253863803634867,0.01186829491190559,84.25810172587280533,0.00082259946432858,0.22263275440450919,0.77654464613116225
MODE,radius4_pristine,9,1.11655632018135753,0.01130750968827378,88.43680240548714266,0.00012692581860719,0.25689005977343160,0.74298301440796122
MODE,radius4_pristine,10,1.11827762439067957,0.01243365686066689,80.42686163902743601,0.00526784740372255,0.26292232065145155,0.73180983194482585
MODE,radius4_pristine,11,1.11830805461364746,0.01260088687094902,79.35949352148148250,0.00000567424913228,0.27385134168993752,0.72614298406093025
MODE,radius4_pristine,12,1.11884262175154658,0.01627001039922821,61.46277571202020340,0.02192396494403514,0.23367037930927528,0.74440565574668960
MODE,radius4_pristine,13,1.12193397157845598,0.01209793253562353,82.65875157225448788,0.00602969678541982,0.29968891720384533,0.69428138601073486
MODE,radius4_pristine,14,1.12426432553663092,0.01294581060424860,77.24506642108732990,0.02657956083051648,0.29461915737250938,0.67880128179697419
MODE,radius4_pristine,15,1.12446438032727425,0.01375156298269566,72.71900665097884087,0.00721382961750254,0.31224122254678871,0.68054494783570885
MODE,radius4_pristine,16,1.12800773357983308,0.01298693571793818,77.00045813107030312,0.00301293521874796,0.30616527453291154,0.69082179024834056
MODE,radius4_pristine,17,1.12808429749983397,0.01334397196961484,74.94020538090680361,0.00109080785914224,0.33242535946759660,0.66648383267326117
MODE,radius4_pristine,18,1.12972781349341389,0.01823075929882593,54.85235055812515981,0.07207762112343601,0.25246308051147365,0.67545929836509044
MODE,radius4_pristine,19,1.13134040950590009,0.01684701866127311,59.35768340417040179,0.00441387715539048,0.32044992050337356,0.67513620234123595
MODE,radius4_pristine,20,1.13134979542152703,0.01687500606488943,59.25923796143846545,0.00010807806618997,0.32485635384776318,0.67503556808604692
MODE,radius4_pristine,21,1.13392185592105377,0.01732068380206412,57.73444117032082801,0.00080973560685155,0.32882779663521827,0.67036246775793007
MODE,radius4_pristine,22,1.13431177453071430,0.01792724116006462,55.78103128481568262,0.00547117708520730,0.35979524572872768,0.63473357718606505
MODE,radius4_pristine,23,1.13812606736701905,0.01264100479935042,79.10763549835743902,0.00036463904213525,0.33233224731196365,0.66730311364590111
MODE,radius4_pristine,24,1.13840945253456471,0.01386811907852570,72.10783195166423809,0.05267149202255597,0.33022776257093273,0.61710074540651139
MODE,radius4_pristine,25,1.13969125753872280,0.02003738833909300,49.90670356221010451,0.00597670138299114,0.34152753125444985,0.65249576736255910
MODE,radius4_pristine,26,1.14113543158771891,0.01505819087475912,66.40903999139914049,0.01704763614674080,0.30765896474832594,0.67529339910493325
MODE,radius4_pristine,27,1.14130774795084156,0.01403497408985677,71.25057685163173460,0.00005178688667250,0.36766891311280375,0.63227930000052379
MODE,radius4_pristine,28,1.14170783186933544,0.01710652594697014,58.45722288090394159,0.04625616281129743,0.23437675704227073,0.71936708014643180
MODE,radius4_pristine,29,1.14541648328664580,0.01419151900076070,70.46462045017152320,0.00720564620882741,0.35114005487784633,0.64165429891332626
MODE,radius4_pristine,30,1.14580024552043302,0.01500147513263819,66.66011116629023547,0.00097352866865430,0.31970559793661724,0.67932087339472846
MODE,radius4_pristine,31,1.14580365077490831,0.01379744242442771,72.47720042879454638,0.00877975526647458,0.31588055083932126,0.67533969389420423
MODE,radius4_pristine,32,1.14741014735803937,0.01586528325248457,63.03070572934119298,0.01670876185270606,0.32510065927005832,0.65819057887723553
MODE,radius4_pristine,33,1.14794383243225506,0.01684366078620480,59.36951668006840777,0.00436677100623376,0.36954822919337826,0.62608499980038801
MODE,radius4_pristine,34,1.15161820149188610,0.01318588485192854,75.83867227945205514,0.00340131246704232,0.27269301215334907,0.72390567537960859
MODE,radius4_pristine,35,1.15181383212317967,0.01454128732561660,68.76970226964388644,0.00144690268612139,0.38839808170365897,0.61015501561021968
MODE,radius4_pristine,36,1.15240170363085848,0.01945508067683329,51.40045505906225998,0.00428767313276456,0.22534231410694325,0.77037001276029216
MODE,radius4_pristine,37,1.15298675578781706,0.01584727000606101,63.10235135878520651,0.02485482208710991,0.29399100064574962,0.68115417726714056
MODE,radius4_pristine,38,1.15337739678545659,0.01535913616171260,65.10782829654243642,0.05642676263705945,0.24764607048009363,0.69592716688284684
MODE,radius4_pristine,39,1.15469711926541141,0.02089448389026993,47.85952145320404583,0.00024857787553475,0.28910734613397482,0.71064407599049040
MODE,radius4_pristine,40,1.15471121079419325,0.01990602363467041,50.23605006970329612,0.00005503017142824,0.31029705450498651,0.68964791532358527
MODE,radius4_pristine,41,1.15646487219155936,0.02029192144417333,49.28069541128360953,0.00067589681371180,0.29582335134235849,0.70350075184392968
MODE,radius4_pristine,42,1.15706596307114262,0.01751038208978771,57.10897654159204251,0.03294519115611048,0.38206730673334144,0.58498750211054806
MODE,radius4_pristine,43,1.15996560006033289,0.01686725451998757,59.28647124017768277,0.00615237293330314,0.23886501902038826,0.75498260804630857
MODE,radius4_pristine,44,1.15998839533170872,0.01658753112275136,60.28624709727935738,0.00018965888924241,0.25323192696189134,0.74657841414886628
MODE,radius4_pristine,45,1.16022043144222997,0.02147200635986708,46.57226638443442823,0.01790929019458197,0.29537607289421969,0.68671463691119827
MODE,radius4_pristine,46,1.16043224984185001,0.01538268697755352,65.00814854122717179,0.00402818102864745,0.29248885537809283,0.70348296359325979
MODE,radius4_pristine,47,1.16070792911653897,0.01750783595521842,57.11728180214858241,0.00323152777493522,0.23573420416123425,0.76103426806383057
MODE,radius4_pristine,48,1.16149353499183694,0.02622555815147137,38.13074231725724417,0.05972242153986489,0.14528635655218425,0.79499122190795091
MODE,radius4_pristine,49,1.16185783986216618,0.01619025783621711,61.76553888864144426,0.01410556479214524,0.14813311099959009,0.83776132420826466
MODE,radius4_pristine,50,1.16192331817931871,0.01736069665743953,57.60137509064032457,0.00304006535130279,0.42577320312967670,0.57118673151902055
MODE,radius4_pristine,51,1.16316518286648463,0.01423519589083646,70.24841861457800007,0.01418958993291252,0.30840697738484146,0.67740343268224601
MODE,radius4_pristine,52,1.16524085278315859,0.01867152699738187,53.55748354916126175,0.02087602337988429,0.14252867691414378,0.83659529970597202
MODE,radius4_pristine,53,1.16558530169923458,0.01797199604713164,55.64212218706789059,0.05245275930236255,0.32936469613102864,0.61818254456660870
MODE,radius4_pristine,54,1.16586306814262630,0.01788446449044169,55.91445025007304537,0.00205821378147191,0.19640177795351288,0.80154000826501526
MODE,radius4_pristine,55,1.16589282404773087,0.01778547470999102,56.22565696479546205,0.00328913549362430,0.25508006370984110,0.74163080079653465
MODE,radius4_pristine,56,1.16620417778237262,0.01833575777098977,54.53824229627242204,0.03093481427736254,0.17332319817809641,0.79574198754454106
MODE,radius4_pristine,57,1.16625808587665958,0.01799675328876847,55.56557807702383656,0.01678651347570714,0.22855773178811145,0.75465575473618141
MODE,radius4_pristine,58,1.17018941045246505,0.01999085859126700,50.02286397227828729,0.00575710270148835,0.16371188329245318,0.83053101400605844
MODE,radius4_pristine,59,1.17026637656005716,0.02252160838263329,44.40180217195825207,0.02328064064010053,0.17040171847708011,0.80631764088281943
MODE,radius4_pristine,60,1.17134525569629977,0.02609046314625690,38.32818123596500470,0.00007776845952292,0.13098137563731685,0.86894085590316028
MODE,radius4_pristine,61,1.17134686002024258,0.02614295281363261,38.25122613840835584,0.00603858543923209,0.13173606378079722,0.86222535077997065
MODE,radius4_pristine,62,1.17541447185839476,0.02620201042137875,38.16501039111410165,0.05993229863037134,0.06798559033615596,0.87208211103347277
MODE,radius4_pristine,63,1.17544282152391810,0.02601117471218356,38.44501492397430553,0.03469653491531501,0.07476440015286145,0.89053906493182355
MODE,radius4_pristine,64,1.18060706747199684,0.03939630640141212,25.38309022706138407,0.00036755448242062,0.77172869091566354,0.22790375460191581
MODE,radius4_pristine,65,1.18398052462542136,0.04133536510254471,24.19235919458317596,0.00056883261278244,0.81380904751494776,0.18562211987226984
MODE,radius4_pristine,66,1.18944157214918267,0.04652214092975022,21.49514145340019766,0.00021055905638772,0.84425148383930482,0.15553795710430751
MODE,radius4_pristine,67,1.19677734768451183,0.05510097889553037,18.14849790411104991,0.00003173599799875,0.86123832539605039,0.13872993860595084
MODE,radius4_pristine,68,1.20566054522036215,0.05277258785895548,18.94923179952223080,0.00003938416407158,0.88167295146983116,0.11828766436609728
MODE,radius4_pristine,69,1.21554402526004490,0.06860011408942793,14.57723523165556401,0.00002190480013868,0.91570052620673748,0.08427756899312389
MODE,radius4_pristine,70,1.22544497677798114,0.08576687239941096,11.65951342312055594,0.00000276707560386,0.95675342182085044,0.04324381110354569
MODE,radius4_pristine,71,1.23352674017727648,0.10903808619042779,9.17110740786083056,0.00000005357092662,0.98866872775708192,0.01133121867199149
MODE,radius4_pristine,72,1.25395374110822844,0.04952232084799660,20.19291468728599526,0.00000002844553294,0.98959413396072848,0.01040583759373859
MODE,radius4_pristine,73,1.25643759618008644,0.05346753555606686,18.70293795290761096,0.00000077941948280,0.96599265381052102,0.03400656676999614
MODE,radius4_pristine,74,1.26048333255823897,0.05317355588551913,18.80634054553293666,0.00000601148347694,0.93919765334722605,0.06079633516929706
MODE,radius4_pristine,75,1.26517815338750506,0.05391348658683218,18.54823464977387815,0.00000216635766808,0.92379592464061933,0.07620190900171264
MODE,radius4_pristine,76,1.26971198348022041,0.03856165301280978,25.93249826888413168,0.00001706393635571,0.91634163061940532,0.08364130544423898
MODE,radius4_pristine,77,1.27355617251149211,0.05830787669657767,17.15034154311254611,0.00005151699538933,0.90992236149583583,0.09002612150877487
MODE,radius4_pristine,78,1.27646189612233152,0.06283431211760501,15.91487144998629688,0.00002126112811402,0.90195918971379996,0.09801954915808597
MODE,radius4_pristine,79,1.27837162490802281,0.06656670984529346,15.02252405630506082,0.00000256729987588,0.89404530749930899,0.10595212520081509
MODE,radius4_pristine,80,1.27931101374697920,0.06850918143021245,14.59658368592040212,0.00003964348832121,0.88910068822835264,0.11085966828332616
MODE,radius4_pristine,81,1.32686849884705316,0.01733479202601682,57.68745298467707272,0.05084356236289330,0.21582096361151257,0.73333547402559407
MODE,radius4_pristine,82,1.32700042564751008,0.01616391127223034,61.86621438079802004,0.00551630432720361,0.20246607673417452,0.79201761893862188
MODE,radius4_pristine,83,1.32932036968257550,0.02403087933423235,41.61312559942344080,0.00469388963269699,0.50718183789038107,0.48812427247692192
MODE,radius4_pristine,84,1.32972481499183237,0.01682668799894940,59.42940167800321660,0.00221011713529845,0.40197981189620674,0.59581007096849481
MODE,radius4_pristine,85,1.33111456730619748,0.02003415862020977,49.91474905221298286,0.00311593025268375,0.58782763562208906,0.40905643412522719
MODE,radius4_pristine,86,1.33181825337619753,0.02578660660810735,38.77982144752611049,0.00985023966093974,0.56563564851968018,0.42451411181938004
MODE,radius4_pristine,87,1.33251316915112206,0.03327751321387968,30.05032237754205582,0.00108667273780516,0.65526656584858922,0.34364676141360562
MODE,radius4_pristine,88,1.33283410994749674,0.04376665733296225,22.84844356269501731,0.00024344575724462,0.68410335530263233,0.31565319894012300
MODE,radius4_pristine,89,1.33314090298261290,0.03006342298145180,33.26301202018708381,0.00933995873153135,0.55120854048397383,0.43945150078449480
MODE,radius4_pristine,90,1.33492589754229551,0.01437392442048145,69.57042285369865908,0.01632818154876707,0.27730353781033795,0.70636828064089507
MODE,radius4_pristine,91,1.33561748922914636,0.01584358896272989,63.11701233554961021,0.00870956710797462,0.26802589925790715,0.72326453363411813
MODE,radius4_pristine,92,1.33654847717762570,0.01386838635431899,72.10644226742162743,0.01411417882964656,0.38963831620948997,0.59624750496086343
MODE,radius4_pristine,93,1.33910945236375767,0.01432429218622155,69.81147738398507840,0.00961036994784665,0.33085089455933286,0.65953873549282038
MODE,radius4_pristine,94,1.34170998328231894,0.01410111432028762,70.91638130763008974,0.01188539925499696,0.29803860469616267,0.69007599604884029
MODE,radius4_pristine,95,1.34258468631042516,0.01628821150413592,61.39409472587451688,0.03354393415152446,0.30073593977690938,0.66572012607156617
MODE,radius4_pristine,96,1.34272901231003017,0.01298434376999350,77.01582904104678562,0.01316906821763451,0.16986759896711420,0.81696333281525124
MODE,radius4_pristine,97,1.34411557798587800,0.01489107501891168,67.15431886079407775,0.04246570258230332,0.18625342306118239,0.77128087435651427
MODE,radius4_pristine,98,1.34570473661148404,0.01309784282813734,76.34845013193755392,0.00506478292836395,0.26949618087324761,0.72543903619838845
MODE,radius4_pristine,99,1.34712584351403764,0.01477411183533539,67.68596387691408722,0.00013783490477311,0.23152467625472170,0.76833748884050512
MODE,radius4_pristine,100,1.34798743822084477,0.01343072113280292,74.45616583890051743,0.00904882034271831,0.25228939587757532,0.73866178377970648
MODE,radius4_pristine,101,1.34857739374302033,0.01973716455533329,50.66583891503221082,0.00861407168728313,0.17692397538390969,0.81446195292880719
MODE,radius4_pristine,102,1.34942809858672685,0.01107106946087063,90.32551042465958346,0.05084559290609435,0.27125445315498986,0.67789995393891578
MODE,radius4_pristine,103,1.34950891502136971,0.01385783311289046,72.16135393273042098,0.01935915622465719,0.18051487434783803,0.80012596942750469
MODE,radius4_pristine,104,1.35213547033109371,0.01205639094033071,82.94356121572229767,0.00598002455403364,0.33151458821599428,0.66250538722997199
MODE,radius4_pristine,105,1.35374465646872455,0.01199731500857622,83.35198328002181256,0.03767191448318318,0.17001135125211619,0.79231673426470062
MODE,radius4_pristine,106,1.35390019446390375,0.01327268860656282,75.34268524204956918,0.00544090258668807,0.30469804967690622,0.68986104773640577
MODE,radius4_pristine,107,1.35420880200442761,0.01202485307703471,83.16109923287285710,0.01422708683672362,0.43780943216588203,0.54796348099739434
MODE,radius4_pristine,108,1.35588861260380322,0.01454097552048187,68.77117691254190390,0.01918117265287206,0.26935898856266427,0.71145983878446362
MODE,radius4_pristine,109,1.35642463584155903,0.01165748903686374,85.78176628240983348,0.01663332730510323,0.27178503010627136,0.71158164258862544
MODE,radius4_pristine,110,1.35882647613762342,0.01355288739538275,73.78501501758834991,0.00566199699041551,0.41640804378712026,0.57792995922246426
MODE,radius4_pristine,111,1.36172955959663966,0.01638546297732617,61.02970672136497399,0.00098091059021324,0.46731148501928677,0.53170760439050002
MODE,radius4_pristine,112,1.36226197275578120,0.01698309269686459,58.88209043248167518,0.00177174039210266,0.31826266346460935,0.67996559614328800
MODE,radius4_pristine,113,1.36428973062898362,0.02048104049776898,48.82564438603257884,0.00120647199712099,0.61019039335560399,0.38860313464727503
MODE,radius4_pristine,114,1.36467190631820823,0.01176577417395181,84.99228229400283396,0.00980690558230203,0.41345630616998108,0.57673678824771690
MODE,radius4_pristine,115,1.36668268727764586,0.01623324751483008,61.60196837302194695,0.00782966218559410,0.37889673850539746,0.61327359930900838
MODE,radius4_pristine,116,1.36716389685284745,0.01189274562692934,84.08487252394012046,0.00546089102617121,0.36234547829690844,0.63219363067692036
MODE,radius4_pristine,117,1.36891131896487650,0.01248665082417707,80.08552606146133712,0.03420216380650679,0.41680059423435378,0.54899724195913946
MODE,radius4_pristine,118,1.37036430594507119,0.01376293380561138,72.65892680471102949,0.00229246840556991,0.52365436478977279,0.47405316680465726
MODE,radius4_pristine,119,1.37180014882520829,0.01148977033667283,87.03394155827629675,0.00557608557036270,0.26881876191401061,0.72560515251562663
MODE,radius4_pristine,120,1.37573099983212921,0.01121194331496212,89.19060433221417838,0.00119138225983220,0.45282454464933530,0.54598407309083252
MODE,radius4_pristine,121,1.37684084792416872,0.01204325401205005,83.03403706335807044,0.03624444107976434,0.37868584103682945,0.58506971788340623
MODE,radius4_pristine,122,1.37848811581365172,0.01249009618798893,80.06343465646384061,0.01378067576725390,0.33735846085824339,0.64886086337450266
MODE,radius4_pristine,123,1.37871471509786891,0.01153212847573475,86.71426112743569092,0.02550466736616016,0.34027047172089714,0.63422486091294261
MODE,radius4_pristine,124,1.38038250731387180,0.01091572448820483,91.61096004947418692,0.01597864404969218,0.43226540509153549,0.55175595085877238
MODE,radius4_pristine,125,1.38646467906234050,0.01184506150129589,84.42336917293309284,0.00942190066207409,0.44351459442094326,0.54706350491698275
MODE,radius4_pristine,126,1.38778846870622052,0.01089124001202190,91.81690963528362204,0.00768074448561298,0.40491581967663137,0.58740343583775567
MODE,radius4_pristine,127,1.39026866497921819,0.00940233451827850,106.35656475059056447,0.00521676075035249,0.43324688736482703,0.56153635188482043
MODE,radius4_pristine,128,1.39161361708979481,0.01805044374615166,55.40030007368650899,0.00744654126501555,0.65034888692217507,0.34220457181280939
MODE,radius4_pristine,129,1.39199005866710013,0.01596388094884974,62.64140926658901520,0.00431121841730829,0.60526580649768957,0.39042297508500212
MODE,radius4_pristine,130,1.39349042589505556,0.01072814032822444,93.21280011309333702,0.00439052908868726,0.47734782319600660,0.51826164771530614
MODE,radius4_pristine,131,1.39511077186351740,0.01006216369238878,99.38220352710223437,0.02426088769066542,0.28591990311733945,0.68981920919199524
MODE,radius4_pristine,132,1.39741998863256289,0.03685585373571224,27.13273194458738757,0.00032649128181970,0.84884279096200776,0.15083071775617252
MODE,radius4_pristine,133,1.39990031917816871,0.01021136700886208,97.93008116661910378,0.00460315539490245,0.49750850527130558,0.49788833933379201
MODE,radius4_pristine,134,1.40135878422510296,0.01082074737377259,92.41505835574795924,0.00268738716970684,0.42738059556885694,0.56993201726143616
MODE,radius4_pristine,135,1.40499791240270211,0.01178363238099844,84.86347568110987538,0.04213071421494578,0.46939636224129522,0.48847292354375904
MODE,radius4_pristine,136,1.40607070092869590,0.01048517007897586,95.37279724294894834,0.00532767595055204,0.41410776868891641,0.58056455536053153
MODE,radius4_pristine,137,1.40831271350305065,0.01836225770421965,54.45953412200504573,0.00779064219690270,0.60443146782410984,0.38777788997898743
MODE,radius4_pristine,138,1.41159008854108792,0.01010024756649420,99.00747416502196074,0.00177668338269830,0.55413079469259907,0.44409252192470261
MODE,radius4_pristine,139,1.41487694903518424,0.01031053320591539,96.98819450251872354,0.00920261922681919,0.44406179807076479,0.54673558270241607
MODE,radius4_pristine,140,1.41870004434538854,0.01067947931537070,93.63752393440437061,0.00767407240496950,0.38858238473882689,0.60374354285620357
MODE,radius4_pristine,141,1.42110984464191059,0.01083480284183388,92.29517275006934085,0.01093254743005890,0.40515600755418785,0.58391144501575321
MODE,radius4_pristine,142,1.42193016010244677,0.01145597722209355,87.29067635290330429,0.01212246875297657,0.39674977632115854,0.59112775492586489
MODE,radius4_pristine,143,1.42220164755978473,0.01454347489698617,68.75935820587339720,0.02304143191582844,0.59429267527201768,0.38266589281215391
MODE,radius4_pristine,144,1.42753212245039585,0.00906801802558433,110.27768109620203063,0.01038681448291842,0.39478361377681581,0.59482957174026574
MODE,radius4_pristine,145,1.43282877541261033,0.01231911167764141,81.17468419536706392,0.00859008277572902,0.59595663430221391,0.39545328292205706
MODE,radius4_pristine,146,1.43558200287239779,0.01117657935154935,89.47281350992018645,0.02215802702709911,0.40708542932698405,0.57075654364591677
MODE,radius4_pristine,147,1.43667679361686540,0.01129937102827528,88.50050126663013828,0.00491814030505727,0.43907045546802004,0.55601140422692263
MODE,radius4_pristine,148,1.44324208071682136,0.01135230024485739,88.08787456559750240,0.00482719053916648,0.49295892879823400,0.50221388066259953
MODE,radius4_pristine,149,1.44683910394850246,0.01102070924054558,90.73826177365832280,0.02069996467078307,0.39171176711091771,0.58758826821829924
MODE,radius4_pristine,150,1.44963097733524604,0.01132441857049194,88.30475434789228473,0.00110398540679523,0.39571936176221356,0.60317665283099120
MODE,radius4_pristine,151,1.45016919355319263,0.01078259640851485,92.74204116647783280,0.00625120409415450,0.38015223769869527,0.61359655820715031
MODE,radius4_pristine,152,1.45607281027769520,0.01205714104663674,82.93840107966086350,0.00339136678332906,0.54578764662174095,0.45082098659492997
MODE,radius4_pristine,153,1.46335925232481934,0.01101003301339620,90.82624900245743049,0.01225826374986665,0.35807367632221426,0.62966805992791919
MODE,radius4_pristine,154,1.46534390189083896,0.01152634313157606,86.75778506545850632,0.03253870435677312,0.45528564648625031,0.51217564915697666
MODE,radius4_pristine,155,1.47119599632312759,0.01213227242533781,82.42478943281362547,0.02144285733226442,0.36079764940000109,0.61775949326773461
MODE,radius4_pristine,156,1.47594524472239486,0.01107132954030310,90.32338856500362567,0.00503634560291305,0.32506308770840292,0.66990056668868414
MODE,radius4_pristine,157,1.47772771472173980,0.01201655141517472,83.21855126731134078,0.00176911813936200,0.44849774409356241,0.54973313776707555
MODE,radius4_pristine,158,1.48817411361388574,0.01104274809911748,90.55716847148931947,0.01867259542468599,0.34251969373399210,0.63880771084132193
MODE,radius4_pristine,159,1.49152446713294373,0.01287340838843553,77.67950567763564607,0.00780324603412254,0.29660019657105952,0.69559655739481796
MODE,radius4_pristine,160,1.49778437306331047,0.01069207820628037,93.52718720413159303,0.00203050243268386,0.27971106168702925,0.71825843588028682
MODE,radius4_pristine,161,1.50680442405475445,0.00993856343908936,100.61816339239734930,0.02926183939704909,0.18089468210604367,0.78984347849690728
MODE,radius4_pristine,162,1.63371635000771120,0.01227477770919219,81.46787043248302496,0.00371056662973102,0.13958086182481400,0.85670857154545499
MODE,radius4_pristine,163,1.63371635000771120,0.01235118250239454,80.96390769111609131,0.02355545136814123,0.08681539985205242,0.88962914877980637
MODE,radius4_pristine,164,1.63371635000771120,0.01031996255635432,96.89957638308182197,0.02524201193229177,0.20896072323424145,0.76579726483346677
MODE,radius4_pristine,165,1.63371635000771120,0.00905040685301274,110.49227026375237415,0.01196115903985622,0.08712422469710998,0.90091461626303382
MODE,radius4_pristine,166,1.63371635000771120,0.01710765031370666,58.45338089467490050,0.00466412810187624,0.15408874591281491,0.84124712598530893
MODE,radius4_pristine,167,1.63371635000771120,0.01057354108726006,94.57569528952687676,0.00590768850710979,0.17360224437924168,0.82049006711364858
MODE,radius4_pristine,168,1.63371635000771120,0.00848045871784985,117.91814962735195138,0.00608224735063974,0.16642972119533589,0.82748803145402428
MODE,radius4_pristine,169,1.63371635000771120,0.01257800780991387,79.50384632547367403,0.00275369239187736,0.22077146286332067,0.77647484474480200
MODE,radius4_pristine,170,1.63371635000771120,0.01297257362070917,77.08570629374719374,0.01823588869117620,0.15672749476218642,0.82503661654663740
MODE,radius4_pristine,171,1.63371635000771120,0.00778897125158937,128.38665950858987230,0.01137352159791716,0.17514887582839522,0.81347760257368762
MODE,radius4_pristine,172,1.63371635000771631,0.01550453024693639,64.49727815504728312,0.03759229155534207,0.20000646974721481,0.76240123869744314
MODE,radius4_pristine,173,1.63371635000771631,0.00850799661816077,117.53648301474956384,0.00055721304090443,0.27725244144347078,0.72219034551562489
MODE,radius4_pristine,174,1.63371635000771631,0.03198211951316610,31.26747117520868002,0.02581999991709121,0.13664094976877125,0.83753905031413756
MODE,radius4_pristine,175,1.63371635000771631,0.01109789793247925,90.10715417316885123,0.00865288002862936,0.26492685741207694,0.72642026255929371
MODE,radius4_pristine,176,1.63371635000771631,0.01448353737622806,69.04390647282809823,0.00441918230450012,0.14063219269567503,0.85494862499982482
MODE,radius4_pristine,177,1.63371635000771631,0.00759835886587178,131.60736649219418837,0.01279966982218959,0.26062162242202924,0.72657870775578115
MODE,radius4_pristine,178,1.63371635000771631,0.01125225819778588,88.87104991927500919,0.00787001256241306,0.21029209925171488,0.78183788818587208
MODE,radius4_pristine,179,1.63371635000771631,0.01078336233519843,92.73545383297167177,0.05566932717486730,0.18691780985294590,0.75741286297218680
MODE,radius4_pristine,180,1.63371635000771631,0.01025505359254578,97.51289849200618676,0.01756979669631287,0.19320719918956833,0.78922300411411883
MODE,radius4_pristine,181,1.63371635000771631,0.01088344369662896,91.88268234527095046,0.01339655149414747,0.14912426784817520,0.83747918065767735
MODE,radius4_pristine,182,1.63371635000771631,0.00956019723449529,104.60035242701688674,0.00559670850265504,0.18460674277713537,0.80979654872020956
MODE,radius4_pristine,183,1.63371635000771631,0.00844130982795886,118.46502739276935756,0.00777227639670578,0.17775706306670566,0.81447066053658856
MODE,radius4_pristine,184,1.63371635000771631,0.00716852207368579,139.49876832643090552,0.02905164262085600,0.19824251646572813,0.77270584091341588
MODE,radius4_pristine,185,1.63371635000771631,0.01039275116856675,96.22091242062406025,0.02017092161289751,0.15154018684168954,0.82828889154541296
MODE,radius4_pristine,186,1.63371635000771631,0.01317036132402793,75.92806115164097491,0.00403762292351904,0.18170583575078764,0.81425654132569325
MODE,radius4_pristine,187,1.63371635000771631,0.00897405764473376,111.43231296121984997,0.03341539114887967,0.25783703100397493,0.70874757784714537
MODE,radius4_pristine,188,1.63371635000771631,0.00820954281823182,121.80946273636479305,0.02304812371258094,0.24436487850697930,0.73258699778043979
MODE,radius4_pristine,189,1.63371635000771631,0.00912338417732303,109.60845017198637663,0.04083774996236898,0.19600539079804713,0.76315685923958387
MODE,radius4_pristine,190,1.63371635000771631,0.00980545323752826,101.98406700597129770,0.03743595335756866,0.19816241111934269,0.76440163552308871
MODE,radius4_pristine,191,1.63371635000771631,0.00950792565834949,105.17541217014448307,0.04873424401210411,0.15560138172641538,0.79566437426148051
MODE,radius4_pristine,192,1.63371635000771631,0.01435020681727548,69.68540681909556156,0.00932115305813489,0.13515038553826758,0.85552846140359762
MODE,radius4_pristine,193,1.63371635000771631,0.00906295579410401,110.33927812497545062,0.05159519910229635,0.20076464063219671,0.74764016026550695
MODE,radius4_pristine,194,1.63371635000771631,0.01187767567278906,84.19155629000135832,0.00010101860408562,0.34539308078823217,0.65450590060768221
MODE,radius4_pristine,195,1.63371635000771631,0.00939529947775785,106.43620273812130961,0.04176300310794671,0.19932755885470391,0.75890943803734945
MODE,radius4_pristine,196,1.63371635000771653,0.01256556364894446,79.58258204231073307,0.00159999692074801,0.29186608473286613,0.70653391834638590
MODE,radius4_pristine,197,1.63371635000772075,0.00907729958946550,110.16492186294389910,0.00172877717311040,0.12418992981164885,0.87408129301524073
MODE,radius4_pristine,198,1.63371635000772075,0.00882320183366466,113.33754104825418096,0.03978304795173419,0.19686421623884254,0.76335273580942331
MODE,radius4_pristine,199,1.63371635000772075,0.01336234671780282,74.83715406573661255,0.01075213067416104,0.26411914368098199,0.72512872564485698
MODE,radius4_pristine,200,1.63371635000772075,0.01115850446081731,89.61774434122996524,0.00973701251825718,0.13339476932761049,0.85686821815413228
MODE,radius4_pristine,201,1.63371635000772075,0.00988869288576166,101.12559986971182013,0.02573911711891919,0.19839607704004861,0.77586480584103223
MODE,radius4_pristine,202,1.63371635000772075,0.01272525048339827,78.58391481602886586,0.00631141065653996,0.17721821773441659,0.81647037160904345
MODE,radius4_pristine,203,1.63371635000772075,0.01104235404358803,90.56040007888270793,0.03575264737534511,0.11627826723149932,0.84796908539315552
MODE,radius4_pristine,204,1.63371635000772075,0.00919582532450077,108.74499729085370348,0.01337341584824743,0.17816089320267084,0.80846569094908172
MODE,radius4_pristine,205,1.63371635000772075,0.00902342546638286,110.82265861512796334,0.01094334806451325,0.15998386289027960,0.82907278904520720
MODE,radius4_pristine,206,1.63371635000772075,0.00914559067896531,109.34230878055603853,0.03401030926791450,0.15026127349602117,0.81572841723606437
MODE,radius4_pristine,207,1.63371635000772075,0.01072622568653232,93.22943868835280057,0.00203414941658003,0.14051991872742034,0.85744593185599971
MODE,radius4_pristine,208,1.63371635000772075,0.00867810828890393,115.23248693250661745,0.00117996569699966,0.27058427076763830,0.72823576353536201
MODE,radius4_pristine,209,1.63371635000772075,0.00874047033681568,114.41031906348409564,0.00234842887885118,0.22603954408584423,0.77161202703530452
MODE,radius4_pristine,210,1.63371635000772075,0.00807518843584863,123.83611948430137772,0.03598448742725666,0.18422635058713732,0.77978916198560599
MODE,radius4_pristine,211,1.63371635000772075,0.00732111159820750,136.59127942331042505,0.00012868447632428,0.19741657548659944,0.80245474003707629
MODE,radius4_pristine,212,1.63371635000772075,0.01119609816957616,89.31683027908430006,0.00358821196889601,0.20489185383882039,0.79151993419228361
MODE,radius4_pristine,213,1.63371635000772075,0.00773523955910541,129.27847836630556344,0.03647060618520363,0.23908569781073907,0.72444369600405734
MODE,radius4_pristine,214,1.63371635000772075,0.00991760169661919,100.83082892317500523,0.00186495832345335,0.26167501640923485,0.73646002526731180
MODE,radius4_pristine,215,1.63371635000772075,0.01437730170340016,69.55408049644707091,0.01503129121880410,0.25082686820887351,0.73414184057232235
MODE,radius4_pristine,216,1.63371635000772608,0.01207748467073466,82.79869751547953172,0.01820343360720724,0.24346923734940090,0.73832732904339182
MODE,radius4_pristine,217,1.63371635000772608,0.00965946411340017,103.52541178891512175,0.02501095758673230,0.19314153569370401,0.78184750671956360
MODE,radius4_pristine,218,1.63555349056338439,0.00437223059512483,228.71620749258536875,0.01544592202491196,0.29415815995862360,0.69039591801646449
MODE,radius4_pristine,219,1.63741439828079072,0.00575963549275839,173.62209835280435755,0.00597673853352832,0.42783828256292161,0.56618497890355002
MODE,radius4_pristine,220,1.63874846497715287,0.00448667430008294,222.88223595403695754,0.01980712095995109,0.27990172018834719,0.70029115885170179
MODE,radius4_pristine,221,1.64040552365941839,0.01073377772168267,93.16384463411789341,0.00424853416721428,0.54614856110620824,0.44960290472657749
MODE,radius4_pristine,222,1.64331621460067678,0.01367676745689661,73.11669246052309745,0.00204202344425350,0.63158864789297187,0.36636932866277461
MODE,radius4_pristine,223,1.64387282289289716,0.01047146057768263,95.49766172364309114,0.00508386813659244,0.58549739035470461,0.40941874150870294
MODE,radius4_pristine,224,1.64592864474505984,0.02396917524812999,41.72025068230151845,0.00075031258239963,0.71753789667110723,0.28171179074649311
MODE,radius4_pristine,225,1.64644078874502275,0.00840179971612524,119.02211833028339072,0.00353679121810646,0.45005832795275080,0.54640488082914274
MODE,radius4_pristine,226,1.64768326994168968,0.04060163330181889,24.62955104703144116,0.00016718573939090,0.82308065137560826,0.17675216288500084
MODE,radius4_pristine,227,1.64872534869774690,0.04444243757642635,22.50101602281219471,0.00005037596748471,0.84051464606394632,0.15943497796856898
MODE,radius4_pristine,228,1.64945616808371120,0.04779896789480761,20.92095382060811914,0.00020779301810449,0.83169962614678539,0.16809258083511014
MODE,radius4_pristine,229,1.64953684313338877,0.01066972726993681,93.72310788276810456,0.00126578188828572,0.52705904647912127,0.47167517163259298
MODE,radius4_pristine,230,1.64986641965311898,0.05930901339334146,16.86084361862388903,0.00002390282315143,0.87158678436592907,0.12838931281091948
MODE,radius4_pristine,231,1.65109210781569171,0.01205448439530842,82.95667962282965391,0.00449998077075973,0.51444902845382068,0.48105099077541957
MODE,radius4_pristine,232,1.65541452299145431,0.00603619875207938,165.66717582907867268,0.00647575165687635,0.39298430365949427,0.60053994468362948
MODE,radius4_pristine,233,1.65601435418071796,0.01119220334872979,89.34791200996990312,0.00158700316486299,0.52976394939472893,0.46864904744040803
MODE,radius4_pristine,234,1.65952902295329019,0.01449273735184413,69.00007746795708385,0.00133257109583608,0.62302685335893637,0.37564057554522756
MODE,radius4_pristine,235,1.66211444039867695,0.00762748530009177,131.10480855177371495,0.00617859208409194,0.57314206633630038,0.42067934157960762
MODE,radius4_pristine,236,1.66362913808512425,0.01203704233995528,83.07688647738986276,0.00487873360720631,0.62806176166462946,0.36705950472816418
MODE,radius4_pristine,237,1.66413160535496263,0.00642085548876803,155.74248661246065240,0.02796058506670141,0.30999932188185109,0.66204009305144751
MODE,radius4_pristine,238,1.66686479206471283,0.01827167941479761,54.72950664787464348,0.00151289844264234,0.68122620708032133,0.31726089447703631
MODE,radius4_pristine,239,1.66918896127387328,0.00961275488654317,104.02845092824468054,0.01645849660998052,0.53202289959244731,0.45151860379757214
MODE,radius4_pristine,240,1.67014332498215778,0.00849456147307952,117.72238074550907072,0.01583874920126083,0.53633378638897256,0.44782746440976662
MODE,radius4_pristine,241,1.67150619082535501,0.01941752371536379,51.49987272624092327,0.00062831824003257,0.74707228231478995,0.25229939944517743
MODE,radius4_pristine,242,1.67177053826693278,0.00678226420024652,147.44338623134908062,0.00830430783654348,0.35442745249524404,0.63726823966821255
MODE,radius4_pristine,243,1.67330265266354750,0.02960781708334174,33.77486415783859286,0.00032738442540507,0.68165707656633800,0.31801553900825696
MODE,radius4_pristine,244,1.67467451252299049,0.03966915800355184,25.20850076803907314,0.00003682416984601,0.68417753527644032,0.31578564055371372
MODE,radius4_pristine,245,1.67607146819278863,0.00960260155023262,104.13844568774966604,0.00356475073204203,0.63200264079733959,0.36443260847061842
MODE,radius4_pristine,246,1.67618347044625904,0.02434328959009982,41.07908244277265908,0.00078471793702350,0.87440799988597828,0.12480728217699821
MODE,radius4_pristine,247,1.67994737065957267,0.01193299686009648,83.80124554829679084,0.00560763081406351,0.61108942595071392,0.38330294323522263
MODE,radius4_pristine,248,1.68009125846169582,0.01125185702416219,88.87421852700441605,0.01183732065395107,0.59977854225762639,0.38838413708842257
MODE,radius4_pristine,249,1.68039265307294716,0.00831069747929838,120.32684410555926036,0.00761148447037348,0.37913418050526210,0.61325433502436444
MODE,radius4_pristine,250,1.68259412438356848,0.04134297435369264,24.18790654598083734,0.00012206699908105,0.99287223696605709,0.00700569603486190
MODE,radius4_pristine,251,1.68355709771945183,0.00825552431551318,121.13101019166920480,0.02478858148456504,0.34123003968477528,0.63398137883065964
MODE,radius4_pristine,252,1.68661882104877403,0.00905195434963355,110.47338081642925545,0.01325597723227618,0.46555818426366491,0.52118583850405886
MODE,radius4_pristine,253,1.68816183292251965,0.00840798958524040,118.93449556067790240,0.01089008506060095,0.31176239587922955,0.67734751906016943
MODE,radius4_pristine,254,1.69000110004394255,0.00956067057387447,104.59517376663984578,0.00796648058259530,0.47324585069009822,0.51878766872730653
MODE,radius4_pristine,255,1.69310014884562032,0.00670841133660507,149.06658966235517028,0.00638563155392586,0.31867149975409087,0.67494286869198317
MODE,radius4_pristine,256,1.69572845137696793,0.00838534174130650,119.25572395862690200,0.01140480033472476,0.33524223471991016,0.65335296494536510
MODE,radius4_pristine,257,1.69585072355106403,0.00742605835431951,134.66094020367228268,0.03315407983457972,0.30586653033039196,0.66097938983502824
MODE,radius4_pristine,258,1.69684738454037332,0.00959154023247313,104.25854198206857859,0.02001681671021989,0.28615294703395211,0.69383023625582796
MODE,radius4_pristine,259,1.69849969617127994,0.00932618011278230,107.22503617846895452,0.01105866588511362,0.47645358800297810,0.51248774611190828
MODE,radius4_pristine,260,1.70132448676878312,0.00792049220395016,126.25477991143957013,0.00441579187958537,0.43329166673913527,0.56229254138127938
MODE,radius4_pristine,261,1.70269875879568033,0.00761418681849685,131.33378833977889144,0.01519779911828003,0.29327768699537837,0.69152451388634162
MODE,radius4_pristine,262,1.70332549580735693,0.00846774608678765,118.09518019916956177,0.01150907831388157,0.31077624914901719,0.67771467253710127
MODE,radius4_pristine,263,1.70354246855893066,0.40098903098808381,2.49383380272493538,0.00000000000001452,0.99942469259560407,0.00057530740438139
MODE,radius4_pristine,264,1.70533556878477666,0.00973875309759445,102.68254980681336974,0.00839399324162630,0.33875925106673183,0.65284675569164197
MODE,radius4_pristine,265,1.70596640943812816,0.00906965673372162,110.25775609367114782,0.01104105432495589,0.33924652596517307,0.64971241970987093
MODE,radius4_pristine,266,1.70809300810153375,0.00941706605412089,106.19018643948051306,0.03859521268544152,0.24900740009568378,0.71239738721887469
MODE,radius4_pristine,267,1.70865458459891961,0.01011192321183092,98.89315603484834583,0.00824834094861259,0.46113398825044205,0.53061767080094535
MODE,radius4_pristine,268,1.70933489620392698,0.01014569708775810,98.56395192466472110,0.01975390365800900,0.26483905450289141,0.71540704183909964
MODE,radius4_pristine,269,1.70978772370342313,0.01029396639732656,97.14428446742451229,0.02031836434978016,0.32834031378918149,0.65134132186103832
MODE,radius4_pristine,270,1.71135466839781913,0.01104432575560566,90.54423258861594093,0.01208447495352629,0.34010595446826425,0.64780957057820943
MODE,radius4_pristine,271,1.71238111408359805,0.00980762849041866,101.96144776251745157,0.00348968583044659,0.31921836573603007,0.67729194843352336
MODE,radius4_pristine,272,1.71423311958056068,0.01082010047254289,92.42058357384038914,0.01980784910635424,0.34339991124777969,0.63679223964586606
MODE,radius4_pristine,273,1.71490562134461411,0.01134064272813253,88.17842374306685826,0.02351719876630319,0.25228049103244221,0.72420231020125458
MODE,radius4_pristine,274,1.71500670515612019,0.01266220285347657,78.97519977935255042,0.00999533126059996,0.25032273487879952,0.73968193386060055
MODE,radius4_pristine,275,1.71591896803447175,0.01119167543439463,89.35212657496902011,0.00557047014821915,0.38380434577850991,0.61062518407327104
MODE,radius4_pristine,276,1.71620712262708275,0.01240494980233323,80.61298239287603451,0.01155741803884050,0.31991239817330253,0.66853018378785700
MODE,radius4_pristine,277,1.71703231912973675,0.01294516145973908,77.24893993096290501,0.01075708009873559,0.17657791777020199,0.81266500213106241
MODE,radius4_pristine,278,1.71768746451194620,0.01200354292471312,83.30873695141964674,0.01072101373161694,0.42239905700039765,0.56687992926798536
MODE,radius4_pristine,279,1.71918925298236314,0.01164836961661411,85.84892417679606069,0.00535805739882529,0.34724343131231472,0.64739851128885995
MODE,radius4_pristine,280,1.71959990673885454,0.01232599022280238,81.12938448953636339,0.00937190793234363,0.22111659121405908,0.76951150085359732
MODE,radius4_pristine,281,1.71969640068139107,0.01217539286767508,82.13287331819395831,0.02404637967938317,0.21987997030278209,0.75607365001783478
MODE,radius4_pristine,282,1.72031872925241536,0.01135435414130355,88.07194029313532724,0.01293595634171648,0.22796527430702809,0.75909876935125542
MODE,radius4_pristine,283,1.72057302247621124,0.01238713531893408,80.72891546372889593,0.00261034240244394,0.23176948283982299,0.76562017475773303
MODE,radius4_pristine,284,1.72129568569332858,0.01454088722465356,68.77159450797027773,0.01482979493328971,0.29292884824879506,0.69224135681791521
MODE,radius4_pristine,285,1.72179143460704509,0.01295898391349267,77.16654381820920605,0.00192698957237359,0.31911892239273154,0.67895408803489488
MODE,radius4_pristine,286,1.72253053998214667,0.01417310126576154,70.55618817991056346,0.06173156192505939,0.12967312143426535,0.80859531664067530
MODE,radius4_pristine,287,1.72322662307195462,0.01668972773357211,59.91709487198262707,0.03161522732426057,0.54685804046724007,0.42152673220849934
MODE,radius4_pristine,288,1.72346481260913675,0.01407394593303995,71.05327850183105909,0.02257968354046572,0.19337385941498630,0.78404645704454801
MODE,radius4_pristine,289,1.72350368878214821,0.01087496922115831,91.95428324104155138,0.01594780000411281,0.24522051735273795,0.73883168264314925
MODE,radius4_pristine,290,1.72367571918340268,0.01403148857500833,71.26827596760571737,0.00105818607971103,0.18882117061258791,0.81012064330770106
MODE,radius4_pristine,291,1.72381412917915156,0.01372717323253814,72.84821012017644648,0.00606389732178775,0.23425100386310693,0.75968509881510526
MODE,radius4_pristine,292,1.72396136801950206,0.01370875847670738,72.94606595477662836,0.01309809153222207,0.21095290518862458,0.77594900327915339
MODE,radius4_pristine,293,1.72404209033694622,0.01654243343277348,60.45059839979911231,0.02806333622641093,0.14748409298522366,0.82445257078836542
MODE,radius4_pristine,294,1.72471774691962931,0.01371762196297149,72.89893267939142163,0.00503392325004617,0.32241925285194611,0.67254682389800768
MODE,radius4_pristine,295,1.72554833564361965,0.01468170507874737,68.11197981681016245,0.01763937936733561,0.36886606690019752,0.61349455373246686
MODE,radius4_pristine,296,1.72603855906566039,0.01361741895606675,73.43535535083806565,0.00587492112363382,0.20910839848342963,0.78501668039293648
MODE,radius4_pristine,297,1.72643777469248771,0.01378048170048654,72.56640382641296583,0.01682965397499082,0.18179306484685728,0.80137728117815188
MODE,radius4_pristine,298,1.72652855434944397,0.01711477556729977,58.42904547989769526,0.02171902082254456,0.14405395847047361,0.83422702070698185
MODE,radius4_pristine,299,1.72658793259503507,0.01367806272687529,73.10976853726175761,0.01231554080338982,0.16468566822426431,0.82299879097234585
MODE,radius4_pristine,300,1.72735978251159339,0.01465135349741634,68.25307983841508985,0.00327577937351088,0.44770740777884549,0.54901681284764359
MODE,radius4_pristine,301,1.72819634217473950,0.01761038456663900,56.78467703052855597,0.00452629819616156,0.53258553404977405,0.46288816775406438
MODE,radius4_pristine,302,1.72880584502760781,0.01682658770273949,59.42975591166310068,0.04971073071590408,0.15934191403044817,0.79094735525364779
MODE,radius4_pristine,303,1.72896601339607048,0.01647415177007721,60.70115256655264346,0.04341383715224952,0.16896422102425926,0.78762194182349121
MODE,radius4_pristine,304,1.72978155696523483,0.01810785183943028,55.22466214476507673,0.01213409558139788,0.42628343615363534,0.56158246826496683
MODE,radius4_pristine,305,1.73127328550999326,0.02638225601594905,37.90426411583084132,0.00418393684641114,0.51733681675107612,0.47847924640251271
MODE,radius4_pristine,306,1.73254546997580094,0.02908424822573126,34.38287255144815191,0.00093962014732783,0.62298787791422472,0.37607250193844743
MODE,radius4_pristine,307,1.73339861417826713,0.03094668687154263,32.31363680871314870,0.00043468048127489,0.62875940739284131,0.37080591212588376
MODE,radius4_pristine,308,1.73409561157246794,0.06270402829681211,15.94793870764504362,0.00010200864390129,0.56062909885094914,0.43926889250514956
MODE,radius4_pristine,309,1.73599228218295010,0.05369072587461588,18.62519054660022988,0.00012897267671938,0.84254657857302329,0.15732444875025731
MODE,radius4_pristine,310,1.73822621015709666,0.06210498237899963,16.10176771160542231,0.00006227496170618,0.87470193326810408,0.12523579177018973
MODE,radius4_pristine,311,1.73988348269923643,0.06908533094808779,14.47485285626584961,0.00000747840984457,0.89024197886544343,0.10975054272471196
MODE,radius4_pristine,312,1.74104658568106307,0.07296639270180660,13.70493953410472798,0.00002057119927175,0.89646944517728455,0.10350998362344366
MODE,radius4_pristine,313,1.74180903289859268,0.07717765658171369,12.95711795733556748,0.00003406953077552,0.89634036556466845,0.10362556490455599
MODE,radius4_pristine,314,1.74223957718042599,0.08020135984379211,12.46861651657398795,0.00001527596597777,0.89389657335526518,0.10608815067875710
MODE,radius4_pristine,315,1.74826283198306109,0.33845993315610329,2.95455946786700929,0.00000000000000000,0.99999999999999878,0.00000000000000122
MODE,radius4_pristine,316,1.74826283198306554,0.60521936731110682,1.65229345591308596,0.00000000000000000,0.99999999999999856,0.00000000000000144
MODE,radius4_pristine,317,1.74826283198306731,0.15077259441245489,6.63250509084158146,0.00000000000000000,1.00000000000000155,-0.00000000000000155
MODE,radius4_pristine,318,1.74826283198306731,0.53198324881897152,1.87975843641702678,0.00000000000000000,1.00000000000000111,-0.00000000000000111
MODE,radius4_pristine,319,1.74826283198306731,0.22751615061310307,4.39529236630117381,0.00000000000000000,1.00000000000000266,-0.00000000000000266
MODE,radius4_pristine,320,1.74826283198306731,0.27216748523635825,3.67420817784890996,0.00000000000000000,0.99999999999999933,0.00000000000000067
MODE,radius4_pristine,321,1.74826283198307286,0.20216763119288653,4.94639025099872676,0.00000000000000000,1.00000000000000289,-0.00000000000000289
MODE,radius4_pristine,322,1.74826283198307286,0.18181423259932733,5.50011946646524397,0.00000000000000000,1.00000000000000333,-0.00000000000000333
MODE,radius4_pristine,323,1.74826283198307286,0.27238591586712557,3.67126177143394150,0.00000000000000000,1.00000000000000333,-0.00000000000000333
MODE,radius4_pristine,324,1.75000000000000089,0.36068739030826968,2.77248394834465151,0.00000000000000000,1.00000000000000333,-0.00000000000000333
MODE,radius4_pristine,325,1.75000000000000089,0.99979942499279595,1.00020061524560844,0.00000000000000000,1.00000000000000266,-0.00000000000000266
MODE,radius4_pristine,326,1.75000000000000089,0.99979942499279240,1.00020061524561199,0.00000000000000000,1.00000000000000089,-0.00000000000000089
MODE,radius4_pristine,327,1.75000000000000089,0.49180128643153642,2.03334157024253726,0.00000000000000000,1.00000000000000067,-0.00000000000000067
MODE,radius4_pristine,328,1.75000000000000089,0.41810578120859970,2.39173923189807303,0.00000000000000000,1.00000000000000178,-0.00000000000000178
MODE,radius4_pristine,329,1.75000000000000089,0.25457612338719421,3.92809815270485174,0.00000000000000000,1.00000000000000067,-0.00000000000000067
MODE,radius4_pristine,330,1.75000000000000089,0.82641174186083288,1.21005057085502932,0.00000000000000000,1.00000000000000355,-0.00000000000000355
MODE,radius4_pristine,331,1.75000000000000444,0.99704993356484795,1.00295879507719787,0.00000000000000000,1.00000000000000200,-0.00000000000000200
MODE,radius4_pristine,332,1.75000000000000777,0.99997128935739266,1.00002871146693195,0.00000000000000000,1.00000000000000688,-0.00000000000000688
MODE,radius4_pristine,333,1.77715990873022078,0.05778848223255105,17.30448631573024443,0.00000007967074892,0.97175526969132753,0.02824465063792359
MODE,radius4_pristine,334,1.77774090141042618,0.05605530300018526,17.83952537009201578,0.00000012801351117,0.97554023654562938,0.02445963544085950
MODE,radius4_pristine,335,1.77865682555088567,0.05349820387807497,18.69221632709481540,0.00000005176006776,0.97982470071633510,0.02017524752359712
MODE,radius4_pristine,336,1.77982409434536093,0.04911698972776522,20.35955390471970716,0.00000000617466422,0.98340598208055541,0.01659401174478037
MODE,radius4_pristine,337,1.78111974488637514,0.05119868573291022,19.53175136597707251,0.00000000583323679,0.98664104893367244,0.01335894523309078
MODE,radius4_pristine,338,1.78238411061825142,0.04831231550255907,20.69865601757445717,0.00000000325897321,0.99077114749025053,0.00922884925077627
MODE,radius4_pristine,339,1.78343727812138919,0.04630302809797313,21.59685966723576200,0.00000000035952741,0.99572324987122018,0.00427674976925241
MODE,radius4_pristine,340,1.78412114341301220,0.04407929490067095,22.68638829757638575,0.00000000001623015,0.99916202233471896,0.00083797764905091
MODE,radius4_pristine,341,1.79562916136392281,0.08125282825374228,12.30726390073619214,0.00000000041664378,0.89518171820086578,0.10481828138249039
MODE,radius4_pristine,342,1.79577451164238822,0.08106859372591182,12.33523309138606194,0.00000000262233676,0.90914667756889755,0.09085331980876565
MODE,radius4_pristine,343,1.79597882671547171,0.08176999479077568,12.22942477321532273,0.00000007744421555,0.92563000614785229,0.07436991640793211
MODE,radius4_pristine,344,1.79620299849866183,0.08739797921456553,11.44191214701841197,0.00000016888844345,0.93992657071631713,0.06007326039523941
MODE,radius4_pristine,345,1.79641380855131194,0.07891807714506964,12.67136803348324392,0.00000023250832891,0.95042721037505140,0.04957255711661968
MODE,radius4_pristine,346,1.79658834345375840,0.08320448022740327,12.01858358188086484,0.00000029084605323,0.95765292813674308,0.04234678101720368
MODE,radius4_pristine,347,1.79671260189506987,0.08696021171110144,11.49951202191402722,0.00000007900420395,0.96239544315063841,0.03760447784515764
MODE,radius4_pristine,348,1.79677762637228189,0.09027791787121665,11.07690588773348850,0.00000046096124604,0.96482240227367111,0.03517713676508283
MODE,radius4_pristine,349,1.79705766646586973,0.39750106407759522,2.51571653605634715,0.00000000000649439,0.99788363702265725,0.00211636297084838
MODE,radius4_pristine,350,1.80456171898288176,0.01787803771673092,55.93455030381568349,0.04646539597114662,0.04646734129232431,0.90706726273652905
MODE,radius4_pristine,351,1.80456224333410864,0.01806084474022710,55.36839579671983813,0.05563532566993991,0.04567047417262704,0.89869420015743307
MODE,radius4_pristine,352,1.80477704197193867,0.01775185712481449,56.33213432087319461,0.00428140428874193,0.08804144923798823,0.90767714647326980
MODE,radius4_pristine,353,1.80477733234385540,0.01782060757330355,56.11480954768715179,0.00498106244928061,0.08802052604073900,0.90699841150998040
MODE,radius4_pristine,354,1.80485032042503524,0.01481079850304164,67.51830428282671903,0.02366151011617089,0.13304742155884422,0.84329106832498490
MODE,radius4_pristine,355,1.80485964797127174,0.01752433286375010,57.06351321758712203,0.00434419543297680,0.10455103990227931,0.89110476466474386
MODE,radius4_pristine,356,1.80505554944837177,0.01380078651036407,72.45963838720521721,0.02312740226877619,0.12572163885454551,0.85115095887667835
MODE,radius4_pristine,357,1.80505576319415062,0.01413824862792417,70.73011844090223121,0.04019655860771506,0.13453789192738894,0.82526554946489594
MODE,radius4_pristine,358,1.80507815822076045,0.01301074677358749,76.85953907196572743,0.00326581067730951,0.22608073633745659,0.77065345298523391
MODE,radius4_pristine,359,1.80508766505829366,0.01438763655216713,69.50411878797255838,0.00746309560116251,0.15048944367440456,0.84204746072443293
MODE,radius4_pristine,360,1.80513152026189383,0.01492945985155812,66.98165974810096657,0.01624413364804090,0.19301242532459340,0.79074344102736571
MODE,radius4_pristine,361,1.80514449349528383,0.01739618767148332,57.48385904339540531,0.03904616620994181,0.15230784735121353,0.80864598643884467
MODE,radius4_pristine,362,1.80526031775843609,0.01435076442894017,69.68269913088191458,0.02618294800806742,0.29233547479797029,0.68148157719396230
MODE,radius4_pristine,363,1.80529571275555312,0.01275889801592289,78.37667475294627195,0.02637622055507537,0.17519294129978269,0.79843083814514193
MODE,radius4_pristine,364,1.80532162219048664,0.01203894535674026,83.06375437115251259,0.03526172560176554,0.17851558303242490,0.78622269136580958
MODE,radius4_pristine,365,1.80535476067224132,0.01314099548214802,76.09773562120888357,0.01079765235123100,0.27937074549724411,0.70983160215152497
MODE,radius4_pristine,366,1.80538741172925010,0.01347555699076081,74.20843536824679632,0.00689809541328070,0.20010871586722848,0.79299318871949087
MODE,radius4_pristine,367,1.80539440578183408,0.01287958118768751,77.64227620661839069,0.00661335306809909,0.27819641317842203,0.71519023375347890
MODE,radius4_pristine,368,1.80542427722550913,0.01153751562105597,86.67377213990506846,0.00528415443605624,0.19885998902193469,0.79585585654200908
MODE,radius4_pristine,369,1.80542845796243157,0.01448693869907213,69.02769596616354875,0.00918822734943482,0.19403417665226622,0.79677759599829900
MODE,radius4_pristine,370,1.80557161398084154,0.01156079649389621,86.49923044039165632,0.01622856255270942,0.32287122078732899,0.66090021665996157
MODE,radius4_pristine,371,1.80568963694058970,0.01309076587097769,76.38972462390502471,0.00628654327682783,0.25934753312144782,0.73436592360172437
MODE,radius4_pristine,372,1.80572409250070631,0.01418953451111323,70.47447534073798181,0.00081294870880155,0.25206898662514182,0.74711806466605668
MODE,radius4_pristine,373,1.80575529477424213,0.01493874465944463,66.94002895134671860,0.00701239766254716,0.19812013648208479,0.79486746585536805
MODE,radius4_pristine,374,1.80582699356477128,0.01226219537569654,81.55146524430547572,0.01772900697459166,0.22077581782904315,0.76149517519636523
MODE,radius4_pristine,375,1.80584976060942370,0.01068669725939346,93.57427984787477726,0.01729602604993575,0.23394646890716750,0.74875750504289673
MODE,radius4_pristine,376,1.80586671202537352,0.01245677915028159,80.27757319414261872,0.01953250306126975,0.22563374068335992,0.75483375625537030
MODE,radius4_pristine,377,1.80588838677094321,0.01172849223156877,85.26245149469164630,0.01062913222082383,0.38714805108714700,0.60222281669202915
MODE,radius4_pristine,378,1.80613808049789970,0.01168393495084701,85.58760419386844376,0.00894481641566175,0.31630846447808469,0.67474671910625361
MODE,radius4_pristine,379,1.80616843073070510,0.01210340202270438,82.62139835759664663,0.01266420421452951,0.32350209336265956,0.66383370242281092
MODE,radius4_pristine,380,1.80627487099104123,0.01136310247055817,88.00413466225465697,0.01107968253691949,0.25537132871245721,0.73354898875062324
MODE,radius4_pristine,381,1.80628125177976395,0.01143451050778118,87.45455254245470655,0.01948816104596597,0.25278798189872242,0.72772385705531162
MODE,radius4_pristine,382,1.80639516245999188,0.01376212637329316,72.66318974810494069,0.04352306976776692,0.30968259516589458,0.64679433506633854
MODE,radius4_pristine,383,1.80652570264215218,0.01031761870715480,96.92158902000764442,0.01400368198435280,0.29830299949730876,0.68769331851833848
MODE,radius4_pristine,384,1.80654916282149935,0.01201594372502349,83.22275993332728206,0.01195827164903961,0.25840078968011754,0.72964093867084290
MODE,radius4_pristine,385,1.80661174742061204,0.01041883273132969,95.98004169823892084,0.01415922069594499,0.40655859974083736,0.57928217956321770
MODE,radius4_pristine,386,1.80675474000004010,0.01010754096827023,98.93603232865611119,0.01964607630551840,0.28769304177772692,0.69266088191675468
MODE,radius4_pristine,387,1.80676725587314069,0.01068278662966966,93.60853442702550353,0.01006843400750033,0.36551823426735186,0.62441333172514779
MODE,radius4_pristine,388,1.80677748335404686,0.04850316447294869,20.61721149261761354,0.00008463528632662,0.91696901272925424,0.08294635198441913
MODE,radius4_pristine,389,1.80696870775190477,0.01019731062998086,98.06507188865317914,0.00847222864463266,0.35830076089154844,0.63322701046381891
MODE,radius4_pristine,390,1.80701643688272018,0.04144995273378587,24.12547986296977598,0.00275831116153990,0.78306024351621517,0.21418144532224492
MODE,radius4_pristine,391,1.80709527582608254,0.01548372285133595,64.58395113380109365,0.01413270014322013,0.35344856336425590,0.63241873649252400
MODE,radius4_pristine,392,1.80717994021105643,0.03921303797509747,25.50172217299402888,0.00769539729859446,0.38641833741270148,0.60588626528870404
MODE,radius4_pristine,393,1.80720354683260198,0.01175308029211771,85.08407797321503097,0.00448447615139143,0.29681830677353149,0.69869721707507704
MODE,radius4_pristine,394,1.80721842333610838,0.01094245437969128,91.38717560988480670,0.02698010693169888,0.27585376515975424,0.69716612790854693
MODE,radius4_pristine,395,1.80730370658285899,0.01701918684663780,58.75721378530803918,0.00778957941705544,0.48316050480972872,0.50904991577321579
MODE,radius4_pristine,396,1.80738604145584092,0.01233259410906196,81.08594113749371957,0.00117131586668289,0.31982448043838152,0.67900420369493564
MODE,radius4_pristine,397,1.80740166839874861,0.01027754528861773,97.29949826710948457,0.01641612279197348,0.47218028816425373,0.51140358904377281
MODE,radius4_pristine,398,1.80751161360998047,0.03074690178494469,32.52360211751978625,0.00097250441141518,0.55568642448251537,0.44334107110606946
MODE,radius4_pristine,399,1.80764235376932958,0.01144457473430799,87.37764602141558612,0.00935901947643227,0.32927700254865627,0.66136397797491142
MODE,radius4_pristine,400,1.80767115822000002,0.01085763862793342,92.10105753817430241,0.01300310599356962,0.34902417155341481,0.63797272245301562
MODE,radius4_pristine,401,1.80772600023999175,0.01642575342461727,60.88000800628726239,0.00919534749480325,0.47272465560737320,0.51807999689782358
MODE,radius4_pristine,402,1.80788410557362500,0.01243806642588226,80.39834856639041050,0.01626849428714221,0.39603040357788727,0.58770110213497051
MODE,radius4_pristine,403,1.80793691415012825,0.02108650237548310,47.42370176870500842,0.00092445984442964,0.53174806239885153,0.46732747775671879
MODE,radius4_pristine,404,1.80804067033296367,0.01054600436222222,94.82264236322424722,0.01697595351649066,0.30030360522496596,0.68272044125854348
MODE,radius4_pristine,405,1.80808321446858167,0.00996964934307251,100.30443053595037384,0.00973023462724752,0.29186751624224327,0.69840224913050919
MODE,radius4_pristine,406,1.80814821537470571,0.01019130837754026,98.12282809573429176,0.00355827427885072,0.42078219628946772,0.57565952943168153
MODE,radius4_pristine,407,1.80823093245617184,0.02559972190780069,39.06292433963050570,0.00498558680817994,0.47583345725975962,0.51918095593206037
MODE,radius4_pristine,408,1.80836701791367105,0.01394780489410199,71.69586953591982592,0.01016608810570772,0.46743694053438145,0.52239697135991081
MODE,radius4_pristine,409,1.80842125868119097,0.01105182667764914,90.48277983062905605,0.00932122701232831,0.35006755593685374,0.64061121705081803
MODE,radius4_pristine,410,1.80855868160745392,0.00951000948433001,105.15236621453807686,0.02448441430582616,0.35049998955274692,0.62501559614142699
MODE,radius4_pristine,411,1.80862268121864678,0.01641751642630717,60.91055273120456093,0.01247183147339497,0.41664144561094335,0.57088672291566178
MODE,radius4_pristine,412,1.80874268389726311,0.00992458899533503,100.75984007700884604,0.02207709285908434,0.34308820696697961,0.63483470017393606
MODE,radius4_pristine,413,1.80878249143317738,0.00938787486676606,106.52038019169722816,0.02146379573219850,0.33622624233876969,0.64230996192903178
MODE,radius4_pristine,414,1.80881592129368851,0.08486122494508259,11.78394491296989521,0.00014438567806252,0.88450865237569309,0.11534696194624439
MODE,radius4_pristine,415,1.80884415857115011,0.07075220812060674,14.13383449878149811,0.00039095289777236,0.86784149147779355,0.13176755562443410
MODE,radius4_pristine,416,1.80887569630103373,0.01741105052710169,57.43478823655242138,0.00477784708046461,0.51109711929846335,0.48412503362107207
MODE,radius4_pristine,417,1.80890177519167206,0.04708642091253414,21.23754536063720266,0.00048025007809188,0.77788782801966849,0.22163192190223968
MODE,radius4_pristine,418,1.80895218098746957,0.01450168312715248,68.95751280950501894,0.00406786461870662,0.54139779969404234,0.45453433568725110
MODE,radius4_pristine,419,1.80898949319751901,0.03421465159602671,29.22724486009754941,0.00109299620677424,0.68483127734846494,0.31407572644476078
MODE,radius4_pristine,420,1.80908756013642047,0.03065376079103525,32.62242459634681069,0.00057738679852043,0.72804982524250761,0.27137278795897191
MODE,radius4_pristine,421,1.80913040923922086,0.01069562648893533,93.49615948486085415,0.00206832737998587,0.31511616115064356,0.68281551146937058
MODE,radius4_pristine,422,1.80918132252250996,0.00878760645581199,113.79662995019704397,0.00074545097819112,0.34923909585130714,0.65001545317050180
MODE,radius4_pristine,423,1.80922540756858030,0.01600816036165627,62.46813983668361914,0.00317366051921405,0.53117445167554611,0.46565188780523981
MODE,radius4_pristine,424,1.80930188133079151,0.00769514022543195,129.95214781077839916,0.00037812468868837,0.41907000857962845,0.58055186673168313
MODE,radius4_pristine,425,1.80933817469989355,0.01050350359808175,95.20632717092888697,0.00746528307193628,0.33931644677816253,0.65321827014990119
MODE,radius4_pristine,426,1.80941807470901184,0.01158539194306493,86.31559509720386814,0.00914240230312147,0.47867676631157063,0.51218083138530790
MODE,radius4_pristine,427,1.80951431865519297,0.00700444910729548,142.76640242249038693,0.02533907659636525,0.19236092996963200,0.78229999343400269
MODE,radius4_pristine,428,1.80953138754934972,0.00777363673326401,128.63991903826948260,0.00728557449004848,0.36596125328206397,0.62675317222788751
MODE,radius4_pristine,429,1.80959259018509000,0.00598819571401689,166.99520986918420817,0.01925887621394690,0.24335688651093978,0.73738423727511326
MODE,radius4_pristine,430,1.80964100577050857,0.02123527536693781,47.09145432401345488,0.00432123349696920,0.12514126864543368,0.87053749785759704
MODE,radius4_pristine,431,1.80964100577050857,0.01204936304348163,82.99193877646271744,0.01262328093019133,0.28008473673730266,0.70729198233250590
MODE,radius4_pristine,432,1.80964100577050857,0.01090459242105167,91.70448205560325050,0.00722771409579128,0.25673028350887955,0.73604200239532913
MODE,radius4_pristine,433,1.80964100577050857,0.01389791940232065,71.95321623703055991,0.01051855285511044,0.15177270019873570,0.83770874694615394
MODE,radius4_pristine,434,1.80964100577050857,0.01333728881854562,74.97775699432186514,0.00756720306685641,0.17027857106053124,0.82215422587261233
MODE,radius4_pristine,435,1.80964100577050857,0.02530212116337555,39.52237812565238784,0.02527839109015034,0.07882085038333027,0.89590075852651940
MODE,radius4_pristine,436,1.80964100577050857,0.01989722174337095,50.25827288340718013,0.01258537050153099,0.12834699480379269,0.85906763469467640
MODE,radius4_pristine,437,1.80964100577050857,0.01558079974396596,64.18155784251537455,0.01536593610732836,0.21852330028410830,0.76611076360856334
MODE,radius4_pristine,438,1.80964100577050857,0.01276985321825422,78.30943573967809357,0.00597402920922145,0.10361137158110019,0.89041459920967836
MODE,radius4_pristine,439,1.80964100577050857,0.01861906579841498,53.70838745760965338,0.00264665999323555,0.18419024864842776,0.81316309135833675
MODE,radius4_pristine,440,1.80964100577050857,0.01290468933186404,77.49121069740262158,0.00272574078225845,0.11156797387541698,0.88570628534232465
MODE,radius4_pristine,441,1.80964100577050857,0.01386789503512443,72.10899689298285864,0.03011444755053018,0.10729857758044435,0.86258697486902547
MODE,radius4_pristine,442,1.80964100577050857,0.01118671781996599,89.39172473048398615,0.03063623608941223,0.21400508097303642,0.75535868293755137
MODE,radius4_pristine,443,1.80964100577050857,0.01431407384707545,69.86131346558008204,0.00108740204620366,0.15717286638228281,0.84173973157151361
MODE,radius4_pristine,444,1.80964100577050857,0.01358330383312661,73.61979178888906006,0.02076587036271802,0.25273289625887446,0.72650123337840755
MODE,radius4_pristine,445,1.80964100577050857,0.01716146699756503,58.27007680298461878,0.00327100680766145,0.09434144810154434,0.90238754509079422
MODE,radius4_pristine,446,1.80964100577050857,0.02196389751202116,45.52925998005069630,0.01974903462364319,0.27606763978455390,0.70418332559180286
MODE,radius4_pristine,447,1.80964100577050857,0.01735991679085894,57.60396274056803634,0.02460905044671372,0.10262647905405763,0.87276447049922867
MODE,radius4_pristine,448,1.80964100577050857,0.01060170029494514,94.32449250398043716,0.04349765184014220,0.23903493639907611,0.71746741176078166
MODE,radius4_pristine,449,1.80964100577050857,0.01145708256549331,87.28225482216750208,0.00598947736546885,0.17986681617057554,0.81414370646395562
MODE,radius4_pristine,450,1.80964100577050857,0.01143038998154880,87.48607891893655619,0.00162039521314588,0.21925488677661881,0.77912471801023542
MODE,radius4_pristine,451,1.80964100577050857,0.01341644652988162,74.53538444570712329,0.03599876110766168,0.19324514864586748,0.77075609024647085
MODE,radius4_pristine,452,1.80964100577050857,0.01177949101270994,84.89331151244236651,0.02857922144647243,0.18830904334025453,0.78311173521327304
MODE,radius4_pristine,453,1.80964100577050857,0.01330371423611048,75.16697835298390373,0.01199208184529918,0.26030255301150951,0.72770536514319129
MODE,radius4_pristine,454,1.80964100577050857,0.01167822826852369,85.62942742738623281,0.02684848519291976,0.23669983538469069,0.73645167942238965
MODE,radius4_pristine,455,1.80964100577050857,0.01188456627104121,84.14274254472978498,0.01989125762430906,0.13075329307733272,0.84935544929835816
MODE,radius4_pristine,456,1.80964100577050857,0.01327755690561252,75.31506037660383868,0.01741055543056266,0.23990474199953563,0.74268470256990171
MODE,radius4_pristine,457,1.80964100577050857,0.01274035012617083,78.49077851838866593,0.02710571082043247,0.20836722378175962,0.76452706539780790
MODE,radius4_pristine,458,1.80964100577050857,0.01218854614004508,82.04423960906477475,0.01295316058336730,0.18325005460126165,0.80379678481537109
MODE,radius4_pristine,459,1.80964100577050857,0.01255088496998460,79.67565652872259818,0.01762725894163784,0.23073647379358336,0.75163626726477872
MODE,radius4_pristine,460,1.80964100577050857,0.01580876129993065,63.25606295316679706,0.05392884943508503,0.29548721207112605,0.65058393849378893
MODE,radius4_pristine,461,1.80964100577050857,0.01346424118346822,74.27080266712903267,0.02013585864384318,0.17161690806116620,0.80824723329499060
MODE,radius4_pristine,462,1.80964100577050857,0.01327474829225367,75.33099520866538512,0.01453939758990269,0.21864549264360122,0.76681510976649614
MODE,radius4_pristine,463,1.80964100577050857,0.01092596361494558,91.52510801263366602,0.03460195776192037,0.20153142883182434,0.76386661340625528
MODE,radius4_pristine,464,1.80964100577050857,0.01381865579935362,72.36593880909715892,0.00397287112165665,0.10725619334728856,0.88877093553105480
MODE,radius4_pristine,465,1.80964100577050857,0.01087116260187527,91.98648172436500658,0.01540230431564083,0.19837089921782639,0.78622679646653282
MODE,radius4_pristine,466,1.80964100577051568,0.01126206535635471,88.79365980909904010,0.00081892443765102,0.20545583722910957,0.79372523833323949
MODE,radius4_pristine,467,1.80964100577051568,0.00895752920488283,111.63792795170469674,0.00767705558548220,0.19159281743158238,0.80073012698293544
MODE,radius4_pristine,468,1.80964100577051568,0.01279645696033981,78.14663098538214570,0.05045634665004809,0.18887809205102460,0.76066556129892737
MODE,radius4_pristine,469,1.80964100577051568,0.01091756689078274,91.59550016993796362,0.02588422061919052,0.13934310958941754,0.83477266979139197
MODE,radius4_pristine,470,1.80964100577051568,0.01341448785359722,74.54626750672709079,0.00111512662302146,0.16406071199150551,0.83482416138547300
MODE,radius4_pristine,471,1.80964100577051568,0.01119382584457381,89.33496142293019204,0.02494442131173695,0.27498473645732346,0.70007084223093963
MODE,radius4_pristine,472,1.80964100577051568,0.01133542144940412,88.21904015333882398,0.02365014019142263,0.20877046213978884,0.76757939766878858
MODE,radius4_pristine,473,1.80964100577051568,0.01537655602879221,65.03406862547930700,0.00594690733201806,0.24890101179062310,0.74515208087735885
MODE,radius4_pristine,474,1.80964100577051568,0.01006146677178458,99.38908736490637352,0.00869097029600736,0.21262411491361174,0.77868491479038082
MODE,radius4_pristine,475,1.80964100577051568,0.00934981257728850,106.95401557343359400,0.01964473641220169,0.18269582123263733,0.79765944235516106
MODE,radius4_pristine,476,1.80964100577051568,0.01443505595190472,69.27579659766050213,0.01299766062218282,0.15564944372209938,0.83135289565571791
MODE,radius4_pristine,477,1.80964100577051568,0.01452481841613222,68.84767653200634641,0.08339657294626451,0.19725209832109217,0.71935132873264340
MODE,radius4_pristine,478,1.80964100577051568,0.01068865823653316,93.55711239620917752,0.00127023291929657,0.19945664705114552,0.79927312002955786
MODE,radius4_pristine,479,1.80964100577051568,0.01043709277119078,95.81212143292164285,0.00454036854029476,0.21438200313366054,0.78107762832604477
MODE,radius4_pristine,480,1.80964100577051568,0.03254704618203327,30.72475438806558401,0.00794409409885787,0.32132026371719774,0.67073564218394433
MODE,radius4_pristine,481,1.80964100577051568,0.01551868468346481,64.43845083504415072,0.00577777379235829,0.20050834953827359,0.79371387666936810
MODE,radius4_pristine,482,1.80964100577051568,0.01177062640117258,84.95724576734339450,0.02547089652121070,0.15563899484042187,0.81889010863836742
MODE,radius4_pristine,483,1.80964100577051568,0.01355117453177345,73.79434141707048411,0.00809690070468105,0.27043526479472146,0.72146783450059748
MODE,radius4_pristine,484,1.80964100577052189,0.01511825031546196,66.14522045433163555,0.02279370895254288,0.19254407277867389,0.78466221826878324
MODE,radius4_pristine,485,1.80964100577052189,0.01526683964555500,65.50144124236963705,0.01201120179498850,0.17750009066349057,0.81048870754152091
MODE,radius4_pristine,486,2.18173716801692974,0.13103395508804994,7.63160967955242775,0.00000000000000000,1.00000000000000200,-0.00000000000000200
MODE,radius4_pristine,487,2.18173716801692974,0.23310299793853015,4.28994911624303743,0.00000000000000000,1.00000000000000155,-0.00000000000000155
MODE,radius4_pristine,488,2.18173716801692974,0.12819424910455468,7.80066194064918061,0.00000000000000000,1.00000000000000067,-0.00000000000000067
MODE,radius4_pristine,489,2.18173716801693685,0.34786155875533042,2.87470683331052790,0.00000000000000000,1.00000000000000200,-0.00000000000000200
MODE,radius4_pristine,490,2.18173716801693685,0.16231289239627048,6.16094005372414522,0.00000000000000000,1.00000000000000222,-0.00000000000000222
MODE,radius4_pristine,491,2.18173716801693685,0.23902300305740765,4.18369774962547769,0.00000000000000000,1.00000000000000266,-0.00000000000000266
MODE,radius4_pristine,492,2.18173716801693907,0.09705751193092224,10.30316953428313553,0.00000000000000000,1.00000000000000044,-0.00000000000000044
MODE,radius4_pristine,493,2.18173716801694173,0.07365871700562827,13.57612568684287346,0.00000000000000000,1.00000000000000289,-0.00000000000000289
MODE,radius4_pristine,494,2.18173716801694173,0.14625999921139710,6.83713937776417335,0.00000000000000000,1.00000000000000333,-0.00000000000000333
MODE,radius4_pristine,495,2.19738380809606459,0.06975463698594112,14.33596450658251875,0.00000000000343077,0.99956486322833171,0.00043513676823748
MODE,radius4_pristine,496,2.19784799709243339,0.06926897013599721,14.43647852763913164,0.00000000000412548,0.99798634738601710,0.00201365260985742
MODE,radius4_pristine,497,2.19862581409309099,0.06865314357944829,14.56597539255807128,0.00000000012188547,0.99469110853958875,0.00530889133852575
MODE,radius4_pristine,498,2.19971339567449364,0.06828691356718697,14.64409427460955193,0.00000000036278182,0.98937572692130016,0.01062427271591804
MODE,radius4_pristine,499,2.20107943314933774,0.06818974051820834,14.66496268207642473,0.00000002011037667,0.98249627808329176,0.01750370180633154
MODE,radius4_pristine,500,2.20262412461320567,0.06889097236795251,14.51569001898993960,0.00000025375437731,0.97528543124753431,0.02471431499808840
MODE,radius4_pristine,501,2.20410777083022191,0.07005632378070478,14.27422887804204699,0.00000076823972814,0.96888316894259630,0.03111606281767554
MODE,radius4_pristine,502,2.20510226223057648,0.06588084895056324,15.17891793942115797,0.00000036570376518,0.95958671528667616,0.04041291900955868
MODE,radius4_pristine,503,2.21858624796401704,0.03152033856538759,31.72554755164012619,0.00000000053690437,0.87761070367853944,0.12238929578455615
MODE,radius4_pristine,504,2.21874681356416303,0.03122395847663678,32.02668876043524904,0.00000000131819261,0.88086215550196745,0.11913784317983989
MODE,radius4_pristine,505,2.21902561680143284,0.03081108875340957,32.45584756849397223,0.00000002206560097,0.88381143433266984,0.11618854360172914
MODE,radius4_pristine,506,2.21943814863518485,0.03173394117161633,31.51200144325049379,0.00000022622740598,0.88391122726561722,0.11608854650697675
MODE,radius4_pristine,507,2.22000101194026245,0.02742613556868867,36.46157139038065509,0.00000054600138512,0.87985578106643625,0.12014367293217865
MODE,radius4_pristine,508,2.22071815395125061,0.02785399043612559,35.90149864857558271,0.00000506930584200,0.87354865518518421,0.12644627550897380
MODE,radius4_pristine,509,2.22153924332127151,0.02862491314614121,34.93460381502695355,0.00001402599304111,0.87117371761584528,0.12881225639111360
MODE,radius4_pristine,510,2.22223618773447029,0.03283721613390211,30.45325145475929673,0.00005614880121030,0.87701500817530320,0.12292884302348650
MODE,radius4_pristine,511,2.22332530405907791,0.08038273386180786,12.44048257576281102,0.00000201212294429,0.94392547862419229,0.05607250925286345
MODE,radius4_pristine,512,2.23664264422176196,0.01216668115956744,82.19168291540508164,0.02436779463314161,0.26365091313708511,0.71198129222977324
MODE,radius4_pristine,513,2.23664264422176240,0.02234380935071327,44.75512587418661070,0.01746594924476597,0.33439316471726871,0.64814088603796538
MODE,radius4_pristine,514,2.23664264422176240,0.02421093315047727,41.30365375777707015,0.00300923626678892,0.14743303189489004,0.84955773183832095
MODE,radius4_pristine,515,2.23664264422176240,0.01040079238769468,96.14652064232272721,0.00250759936146657,0.17905573292294716,0.81843666771558621
MODE,radius4_pristine,516,2.23664264422176240,0.00969352401399399,103.16165705643858530,0.00325403776425348,0.23647224515108278,0.76027371708466374
MODE,radius4_pristine,517,2.23664264422176240,0.00972757305428612,102.80056437709141903,0.03741319014820956,0.19585744283621762,0.76672936701557282
MODE,radius4_pristine,518,2.23664264422176240,0.01226509613927880,81.53217786834250091,0.01621459292629448,0.19883588290536033,0.78494952416834518
MODE,radius4_pristine,519,2.23664264422176240,0.00883367321677648,113.20319140862596896,0.00714008206931886,0.18763745474866339,0.80522246318201773
MODE,radius4_pristine,520,2.23664264422176240,0.01592449200747903,62.79635165318582324,0.01143234698275730,0.15583718020142354,0.83273047281581913
MODE,radius4_pristine,521,2.23664264422176240,0.00961751848804551,103.97692515413312719,0.01836030274591128,0.22188731292211031,0.75975238433197845
MODE,radius4_pristine,522,2.23664264422176240,0.00909695034286615,109.92694939620091077,0.00320659670320889,0.26990874460443004,0.72688465869236107
MODE,radius4_pristine,523,2.23664264422176240,0.01185671328969366,84.34040493070206423,0.00389174370122198,0.08486589618880086,0.91124236010997706
MODE,radius4_pristine,524,2.23664264422176240,0.00921842346073519,108.47841870786093921,0.01982996097083521,0.19276233710412236,0.78740770192504239
MODE,radius4_pristine,525,2.23664264422176240,0.00904867798056964,110.51338130800048987,0.00525779520782253,0.20730755298746559,0.78743465180471184
MODE,radius4_pristine,526,2.23664264422176240,0.00722613337401486,138.38659601772567953,0.01263821034953698,0.14837168112932447,0.83899010852113864
MODE,radius4_pristine,527,2.23664264422176240,0.01070281771095715,93.43333942576981599,0.03627363898124146,0.20453523112381211,0.75919112989494641
MODE,radius4_pristine,528,2.23664264422176240,0.01100169678418045,90.89507006209430529,0.00425100315612429,0.16787300797500421,0.82787598886887159
MODE,radius4_pristine,529,2.23664264422176240,0.00967824983582035,103.32446640289043671,0.00444435227601888,0.12346187583233273,0.87209377189164838
MODE,radius4_pristine,530,2.23664264422176240,0.00928118804378218,107.74482698580145268,0.00360254183759744,0.22977927298894199,0.76661818517346059
MODE,radius4_pristine,531,2.23664264422176240,0.01015309666144827,98.49211854714648950,0.02374138495632796,0.16504068368658301,0.81121793135708908
MODE,radius4_pristine,532,2.23664264422176773,0.00922626751502135,108.38619174784312804,0.00895545760693896,0.11917335531598762,0.87187118707707345
MODE,radius4_pristine,533,2.23664264422176773,0.00970480785036597,103.04171039947897270,0.00202237518430295,0.12862891298619200,0.86934871182950513
MODE,radius4_pristine,534,2.23664264422176773,0.00831232172952406,120.30333191365266998,0.02899950039317505,0.18816993414609881,0.78283056546072616
MODE,radius4_pristine,535,2.23664264422176773,0.01056142563479593,94.68418701973111240,0.00269871844849072,0.18957036853132234,0.80773091302018696
MODE,radius4_pristine,536,2.23664264422176773,0.00957077054812256,104.48479513451125911,0.04389641301703219,0.16481007066753270,0.79129351631543510
MODE,radius4_pristine,537,2.23664264422176773,0.00928617451370717,107.68697040141948662,0.03940523477292433,0.21215836069150629,0.74843640453556937
MODE,radius4_pristine,538,2.23664264422176773,0.01425917039336088,70.13030719273845648,0.16381938710868577,0.12033569049798978,0.71584492239332453
MODE,radius4_pristine,539,2.23664264422176773,0.00833418473488713,119.98774107009793966,0.01662108862941195,0.23988125912711983,0.74349765224346820
MODE,radius4_pristine,540,2.23664264422176773,0.01050812589877105,95.16444793613983677,0.01609505421056901,0.21417824157496929,0.76972670421446177
MODE,radius4_pristine,541,2.23664264422176773,0.00875942057876924,114.16280232322255017,0.00679057901952931,0.19755740888078044,0.79565201209969028
MODE,radius4_pristine,542,2.23664264422176773,0.00843055834789258,118.61610568770620944,0.01554009383979671,0.23282686214306425,0.75163304401713904
MODE,radius4_pristine,543,2.23664264422176773,0.01028650787922546,97.21472162769556746,0.03863948175900216,0.14892833084550314,0.81243218739549472
MODE,radius4_pristine,544,2.23664264422176773,0.00820616469656040,121.85960640287277101,0.00195468748874596,0.32561657504704550,0.67242873746420861
MODE,radius4_pristine,545,2.23664264422176773,0.00889321970765184,112.44521476733415000,0.00253751109216252,0.07273646800990852,0.92472602089792899
MODE,radius4_pristine,546,2.23664264422176773,0.01579440798361822,63.31354749333996779,0.00477644358107165,0.20119599600147064,0.79402756041745770
MODE,radius4_pristine,547,2.23664264422176773,0.01096087894720114,91.23355935386462079,0.04594716397111535,0.17537064363354499,0.77868219239533976
MODE,radius4_pristine,548,2.23664264422176773,0.00888723099207556,112.52098667083889438,0.00700000724121115,0.24473193226733045,0.74826806049145833
MODE,radius4_pristine,549,2.23664264422176773,0.00792351232744034,126.20665667886285632,0.01297477568474691,0.15593218240879755,0.83109304190645550
MODE,radius4_pristine,550,2.23664264422176773,0.00724079357204772,138.10640920083520200,0.01474704705892723,0.19532168568317870,0.78993126725789398
MODE,radius4_pristine,551,2.23664264422176773,0.00889787761455144,112.38635136592765207,0.00613389923886696,0.14139290587551750,0.85247319488561546
MODE,radius4_pristine,552,2.23664264422176773,0.00874731488577486,114.32079593090095671,0.00992603918436019,0.29656922905131211,0.69350473176432770
MODE,radius4_pristine,553,2.23664264422177261,0.00842567861088762,118.68480227904790070,0.00089168147867431,0.23627379960906103,0.76283451891226461
MODE,radius4_pristine,554,2.23664264422177261,0.01130743568846514,88.43738116681159056,0.09039059301322765,0.20456298474566226,0.70504642224111014
MODE,radius4_pristine,555,2.23664264422177261,0.00876244000480286,114.12346326501311466,0.00628233246261701,0.19892529809674125,0.79479236944064180
MODE,radius4_pristine,556,2.23664264422177261,0.00926910530272206,107.88527774156689532,0.00666942022566914,0.19698257884326834,0.79634800093106251
MODE,radius4_pristine,557,2.23664264422177261,0.01057767257448819,94.53875537912330174,0.00953582362249628,0.18283536534342995,0.80762881103407380
MODE,radius4_pristine,558,2.23664264422177261,0.00953655584563487,104.85965962834748666,0.02888918880039185,0.26599049944999842,0.70512031174960976
MODE,radius4_pristine,559,2.23664264422177261,0.01201860761976881,83.20431381378568858,0.00073043392854185,0.28043797362859368,0.71883159244286443
MODE,radius4_pristine,560,2.23664264422177261,0.01153310550009194,86.70691514891875329,0.02856138115574831,0.13011610878047633,0.84132251006377534
MODE,radius4_pristine,561,2.23664264422177261,0.00920164490188845,108.67622155194996481,0.00362527012522175,0.24047945266778278,0.75589527720699545
MODE,radius4_pristine,562,2.23664264422177261,0.01040536827142274,96.10423907305579405,0.01270217465434819,0.23555370607153164,0.75174411927412010
MODE,radius4_pristine,563,2.23664264422177261,0.01024428925798144,97.61536157531760693,0.00960631260051184,0.11831123745368180,0.87208244994580641
MODE,radius4_pristine,564,2.23664264422177261,0.01538608156594697,64.99380597417577121,0.01716302432708599,0.16111183687078581,0.82172513880212827
MODE,radius4_pristine,565,2.23664264422177750,0.01540900795941020,64.89710451407127323,0.00667572525375989,0.10453586347767184,0.88878841126856822
MODE,radius4_pristine,566,2.23664264422177750,0.01077187947480622,92.83431014419042526,0.00507585702490399,0.12703152458324704,0.86789261839184895
MODE,radius4_pristine,567,2.23664264422177750,0.01377196248935534,72.61129274589025329,0.00770813919830329,0.25473908433789477,0.73755277646380191
MODE,radius4_pristine,568,2.23773367955402724,0.00485099845177757,206.14312907759560289,0.02121062580720174,0.23670508266852386,0.74208429152427435
MODE,radius4_pristine,569,2.23911128644048629,0.00649212500968220,154.03277024219701730,0.01685413129885904,0.31823026258661058,0.66491560611453038
MODE,radius4_pristine,570,2.23955727944422511,0.00562034151236662,177.92513102623158261,0.01936601257645914,0.21785296967713480,0.76278101774640605
MODE,radius4_pristine,571,2.24178481884019210,0.00830404172140124,120.42328706306868469,0.00740079503595394,0.46822410339227089,0.52437510157177525
MODE,radius4_pristine,572,2.24359628447747816,0.00549490276377832,181.98684180398396393,0.01283090926448869,0.24512352388502145,0.74204556685048983
MODE,radius4_pristine,573,2.24425714792464914,0.00653850785390449,152.94009311357589809,0.00140890620813959,0.44094603267356541,0.55764506111829504
MODE,radius4_pristine,574,2.24608552583220966,0.00844196062353435,118.45589485601458080,0.00948383101869968,0.42730539367725323,0.56321077530404717
MODE,radius4_pristine,575,2.24708652206425530,0.00554670471507613,180.28722482413149919,0.00231516437476473,0.38316831637936949,0.61451651924586570
MODE,radius4_pristine,576,2.24797128968822024,0.00617274818264528,162.00239673011546415,0.00271607226068444,0.34761901814244939,0.64966490959686607
MODE,radius4_pristine,577,2.25025645385138784,0.01783398343997142,56.07272224772248848,0.00083419655602134,0.74139158735444166,0.25777421608953699
MODE,radius4_pristine,578,2.25194629135271729,0.00617878365448480,161.84415184599654935,0.00860398447560171,0.45718283232511742,0.53421318319928091
MODE,radius4_pristine,579,2.25314849755109092,0.00646216262736466,154.74695665587279336,0.00656087051542981,0.31639845365555208,0.67704067582901817
MODE,radius4_pristine,580,2.25375659684118901,0.01715079331222324,58.30634080857984003,0.00956937532249880,0.70646598988511466,0.28396463479238654
MODE,radius4_pristine,581,2.25456434027235364,0.00840420169468079,118.98810099154600550,0.02306971923425878,0.38664053294003609,0.59028974782570509
MODE,radius4_pristine,582,2.25574536872274489,0.00695241431467612,143.83492621966755109,0.01885918608257250,0.45550756717960289,0.52563324673782463
MODE,radius4_pristine,583,2.25660194308003970,0.02424714866911003,41.24196265905537473,0.00256628985338369,0.83255495105605704,0.16487875909055927
MODE,radius4_pristine,584,2.25809635637614825,0.03246844169115453,30.79913749825674074,0.00117944286664922,0.89506121628580426,0.10375934084754657
MODE,radius4_pristine,585,2.25876508414450816,0.00653262697119307,153.07777474662188411,0.01174251571751966,0.37334206687302368,0.61491541740945665
MODE,radius4_pristine,586,2.25910949907113157,0.03648123332173564,27.41135397426919340,0.00020136330441223,0.92907441246781142,0.07072422422777636
MODE,radius4_pristine,587,2.25917930678675560,0.00597972796500123,167.23168777123368045,0.01316791141872209,0.36858271206850945,0.61824937651276846
MODE,radius4_pristine,588,2.26250824512305382,0.00636320141748448,157.15359838402261516,0.01288034464093570,0.42397935272100590,0.56314030263805837
MODE,radius4_pristine,589,2.26427666093194047,0.00734826340798681,136.08657508291042859,0.00402630094418174,0.44402817563325486,0.55194552342256342
MODE,radius4_pristine,590,2.26621529373676234,0.00643493237566753,155.40178849140812645,0.03029450196572951,0.28346807637423393,0.68623742166003665
MODE,radius4_pristine,591,2.26689510058020272,0.00654665654994697,152.74972688281619071,0.00405741890068473,0.26147343008270457,0.73446915101661059
MODE,radius4_pristine,592,2.26788565643254580,0.00632198113539286,158.17826383593882156,0.01295601987159503,0.34979243374504271,0.63725154638336234
MODE,radius4_pristine,593,2.26895887031978516,0.00646294382149278,154.72825195763888928,0.00381576464467513,0.42591422962388459,0.57027000573144027
MODE,radius4_pristine,594,2.27294890803519323,0.00705880167096374,141.66710535493348289,0.01433871713397970,0.44589002273378792,0.53977126013223242
MODE,radius4_pristine,595,2.27348599783676297,0.00548627730389273,182.27295935086272038,0.00685671988697546,0.32813459571781101,0.66500868439521355
MODE,radius4_pristine,596,2.27523829780514131,0.00690891408810948,144.74054637921187805,0.02000886915573585,0.39893750892571089,0.58105362191855325
MODE,radius4_pristine,597,2.27658740072747712,0.00638820425386582,156.53851383897921323,0.00987382209712104,0.42744091495109615,0.56268526295178278
MODE,radius4_pristine,598,2.27866734014244887,0.00817632957646539,122.30426753813635798,0.00045628022520213,0.33922942997257588,0.66031428980222195
MODE,radius4_pristine,599,2.28035579056321946,0.00703209320096466,142.20516870607178816,0.02883481481421765,0.37453265401398222,0.59663253117180015
MODE,radius4_pristine,600,2.28158845361346208,0.00776240312692227,128.82608435159849591,0.02113426991246418,0.33993291548883092,0.63893281459870499
MODE,radius4_pristine,601,2.28218537453329695,0.00703191410645197,142.20879050306837144,0.00345248442574302,0.32286024904195937,0.67368726653229771
MODE,radius4_pristine,602,2.28303096008161610,0.00663139918801096,150.79773840306890520,0.00746073860189877,0.37435344085006500,0.61818582054803617
MODE,radius4_pristine,603,2.28397176305570326,0.00669706345311040,149.31917653185109884,0.00667051141826635,0.44600111191102337,0.54732837667071021
MODE,radius4_pristine,604,2.28825374483608357,0.00780847247732084,128.06602096689582027,0.00504981047815135,0.49965990456813303,0.49529028495371563
MODE,radius4_pristine,605,2.28851568246449366,0.00628318921853615,159.15484401613792897,0.01569780361673002,0.41316650530455956,0.57113569107871043
MODE,radius4_pristine,606,2.28968083448990001,0.00657369002885295,152.12156271604601443,0.01634228221451444,0.37601534834848765,0.60764236943699790
MODE,radius4_pristine,607,2.29091597355169885,0.00677471494959352,147.60768644000282279,0.00664757086853448,0.35832076553878633,0.63503166359267915
MODE,radius4_pristine,608,2.29193623741082053,0.00666538131974778,150.02892588264407436,0.01787083713597272,0.33876382409972239,0.64336533876430491
MODE,radius4_pristine,609,2.29362606636991284,0.00775538271236537,128.94270174514733185,0.01100265095520742,0.31535431618783244,0.67364303285696003
MODE,radius4_pristine,610,2.29462949616900636,0.00656026888768113,152.43277632686667289,0.02659162199485307,0.40042380256715715,0.57298457543798975
MODE,radius4_pristine,611,2.29557298292566614,0.00617804230455455,161.86357274743559742,0.01990016802199242,0.36663356573046996,0.61346626624753764
MODE,radius4_pristine,612,2.29698814051756450,0.00937322378530922,106.68687987235654191,0.00038606430501715,0.50007691760585760,0.49953701808912521
MODE,radius4_pristine,613,2.29796732559738448,0.00667164512753846,149.88806821758447541,0.01214944686649080,0.40620783527559795,0.58164271785791133
MODE,radius4_pristine,614,2.29939063740152294,0.00665032121751081,150.36867653353684204,0.00770299076875880,0.32961778037776079,0.66267922885348041
MODE,radius4_pristine,615,2.29968626071452453,0.00668982282409925,149.48078989440884357,0.01491752519803810,0.33848558593757189,0.64659688886439004
MODE,radius4_pristine,616,2.30125594498854769,0.00906406433484117,110.32578356225045013,0.00686068198404442,0.50040111134605525,0.49273820666990031
MODE,radius4_pristine,617,2.30190061852143790,0.00737539100623431,135.58603186661073892,0.01116336468621613,0.36248981863730506,0.62634681667647873
MODE,radius4_pristine,618,2.30282666525554358,0.00636432600646946,157.12582903256077316,0.00292073541083584,0.39686395368495631,0.60021531090420788
MODE,radius4_pristine,619,2.30569775514702924,0.01276181672077140,78.35874953229652817,0.00396805491355887,0.60035941348957222,0.39567253159686888
MODE,radius4_pristine,620,2.30655427137672975,0.00756806104224844,132.13424078076729984,0.00208179410636922,0.34842319520637927,0.64949501068725146
MODE,radius4_pristine,621,2.30737516231526429,0.00730017198062514,136.98307418702304972,0.03719629809950858,0.30603815484021824,0.65676554706027312
MODE,radius4_pristine,622,2.30762796958486938,0.00652833262281640,153.17846956894001664,0.02214704011401771,0.26978941905089837,0.70806354083508394
MODE,radius4_pristine,623,2.30794208133270073,0.00660360105184928,151.43252782055310490,0.00845889185057391,0.34056938284788496,0.65097172530154113
MODE,radius4_pristine,624,2.30906929794058779,0.00802582602011808,124.59776694552456888,0.00994538039116297,0.44278981826239305,0.54726480134644395
MODE,radius4_pristine,625,2.30976415592562745,0.00665545352485480,150.25272075982488218,0.00396163770425946,0.28826742811183359,0.70777093418390691
MODE,radius4_pristine,626,2.31129947906771971,0.00774682760962826,129.08509784794162556,0.01252369793412129,0.39535247357134518,0.59212382849453349
MODE,radius4_pristine,627,2.31272720896761852,0.00629067399402836,158.96547825388577735,0.01552353905703469,0.38487728861242892,0.59959917233053628
MODE,radius4_pristine,628,2.31533622646720127,0.00656311006233677,152.36678807790002566,0.00774990930415057,0.24150504946953466,0.75074504122631480
MODE,radius4_pristine,629,2.31538391765054463,0.00708311382085476,141.18084578221908032,0.00272601668537515,0.22358347288168820,0.77369051043293657
MODE,radius4_pristine,630,2.31592259577489390,0.00587399652925769,170.24184386543586811,0.02562351697274132,0.23955034179883294,0.73482614122842571
MODE,radius4_pristine,631,2.31604776845559712,0.00638134979451337,156.70665802708248293,0.02090415207364531,0.24046337118070560,0.73863247674564914
MODE,radius4_pristine,632,2.31659800313423636,0.00699867504028439,142.88418797043686936,0.00650687153373891,0.30516554214200742,0.68832758632425373
MODE,radius4_pristine,633,2.31707057962810303,0.00609961204813046,163.94485290363684271,0.00749944192764192,0.30672229503584614,0.68577826303651190
MODE,radius4_pristine,634,2.31790907210421437,0.00747498569510698,133.77952022765549600,0.01870826803807955,0.24942598481511807,0.73186574714680241
MODE,radius4_pristine,635,2.31832599515899807,0.00675331438441740,148.07544015830228545,0.01240962061462754,0.32968944574130593,0.65790093364406643
MODE,radius4_pristine,636,2.32043528594763249,0.00678733323515101,147.33326998313359013,0.04871952074046517,0.20522792072748275,0.74605255853205210
MODE,radius4_pristine,637,2.32080592637473337,0.00649522934619776,153.95915166342649627,0.01394630425560724,0.21133190669738539,0.77472178904700728
MODE,radius4_pristine,638,2.32287438459187889,0.00604706175861076,165.36956953946145177,0.00824044924485052,0.25195377057490570,0.73980578018024379
MODE,radius4_pristine,639,2.32303334865310207,0.00637848947448210,156.77693033760078833,0.00109218433193562,0.28573677976875683,0.71317103589930753
MODE,radius4_pristine,640,2.32421927628885117,0.00667618318925017,149.78618346036034836,0.02993145758016108,0.23075873393742213,0.73930980848241679
MODE,radius4_pristine,641,2.32424076813275171,0.00640657770274963,156.08957643186170117,0.02202141244404902,0.22726644859732886,0.75071213895862221
MODE,radius4_pristine,642,2.32847980655949982,0.00670049808564053,149.24263647549503276,0.01150455016647778,0.18152145604221157,0.80697399379131063
MODE,radius4_pristine,643,2.32860797803280217,0.00652008503034878,153.37223293029757087,0.01990572433637939,0.19804137161884827,0.78205290404477235
MODE,radius4_pristine,644,2.33127608156760058,0.00712862917169109,140.27942482562536952,0.00609227391857769,0.19107156189734650,0.80283616418407577
MODE,radius4_pristine,645,2.33129063159802419,0.00713849820273731,140.08548739516993464,0.00578147990011384,0.19332689262856195,0.80089162747132425
MODE,radius4_pristine,646,2.33773181015102249,0.00733299388415364,136.36994872734967998,0.03038282753611075,0.12557720689630084,0.84403996556758842
MODE,radius4_pristine,647,2.33777802698686976,0.00735399690795546,135.98047599370258354,0.04651916069244249,0.12577794226659980,0.82770289704095779
MODE,radius4_pristine,648,2.35868483460567058,0.02646457984948166,37.78635465545039551,0.00038429955624056,0.79765520665643974,0.20196049378731973
MODE,radius4_pristine,649,2.35905549681982496,0.02548702907049945,39.23564403029904923,0.00001937117043420,0.79903747635366607,0.20094315247589978
MODE,radius4_pristine,650,2.35986543805223548,0.02330388014222694,42.91130892782041428,0.00041635207225752,0.79702410654825173,0.20255954137949073
MODE,radius4_pristine,651,2.36125980045301898,0.02016634788333277,49.58756071179787028,0.00139534081872062,0.78380718953481565,0.21479746964646373
MODE,radius4_pristine,652,2.36343474258898345,0.01650361237979602,60.59279489769254923,0.00043428795438197,0.75677219365197212,0.24279351839364594
MODE,radius4_pristine,653,2.36609531114937344,0.01430742745389960,69.89376694183007999,0.00165809909221876,0.79084538638710300,0.20749651452067819
MODE,radius4_pristine,654,2.36766393791386287,0.01582693145096691,63.18344166069586265,0.00056365661190696,0.77269270489921027,0.22674363848888279
MODE,radius4_pristine,655,2.37059997301172043,0.01179939322194701,84.75012072146121511,0.00417006815223368,0.66518081693925901,0.33064911490850735
MODE,radius4_pristine,656,2.37357587159153294,0.01206952311236929,82.85331497274843571,0.00363366234496476,0.62835220986195461,0.36801412779308063
MODE,radius4_pristine,657,2.37727529446525221,0.01140444654586792,87.68509685920025731,0.00611353997886893,0.57442240471112516,0.41946405531000586
MODE,radius4_pristine,658,2.38063383551025032,0.01052132018110456,95.04510677242944894,0.00222898528683025,0.57958170861216118,0.41818930610100857
MODE,radius4_pristine,659,2.38298300286537401,0.00722826637206012,138.34575934630240113,0.01586396096847588,0.49384204308989532,0.49029399594162881
MODE,radius4_pristine,660,2.38417661361716648,0.00681368090498591,146.76355026667744141,0.00805911537226133,0.41136243943712569,0.58057844519061297
MODE,radius4_pristine,661,2.38559329602310566,0.00706183897885331,141.60617411335798010,0.01241562178297411,0.53024148650908942,0.45734289170793652
MODE,radius4_pristine,662,2.38708324382605053,0.01061138469026526,94.23840801072702789,0.00360505894689729,0.71694895253318391,0.27944598851991875
MODE,radius4_pristine,663,2.38847087055154850,0.00972714510711967,102.80508710290148144,0.01604656755309291,0.58897831352889829,0.39497511891800885
MODE,radius4_pristine,664,2.38955691011461102,0.00912401269320957,109.60089969452121750,0.02939247930196415,0.50546408662785747,0.46514343407017833
MODE,radius4_pristine,665,2.39217031068637809,0.01018519591846976,98.18171471661207761,0.00768089537080062,0.40939791930595887,0.58292118532324055
MODE,radius4_pristine,666,2.39277617385892638,0.00755537846087144,132.35604347007910064,0.01208696041281002,0.29931080671613186,0.68860223287105815
MODE,radius4_pristine,667,2.39286865401578863,0.00730971663707980,136.80420865117096696,0.01752842409191527,0.32873274520218981,0.65373883070589489
MODE,radius4_pristine,668,2.39525841309934373,0.00585493900269391,170.79597234743025069,0.00494448107882181,0.32488740403153055,0.67016811488964767
MODE,radius4_pristine,669,2.39638119442582109,0.00664153014414360,150.56771230373547610,0.00029568864689674,0.30748073797443642,0.69222357337866680
MODE,radius4_pristine,670,2.39940996782702864,0.00784792370550545,127.42223771855518066,0.04883972867830333,0.32659842016245599,0.62456185115924068
MODE,radius4_pristine,671,2.39944377744136705,0.00812968737320296,123.00596001959387138,0.02848063469152175,0.27216429522895541,0.69935507007952280
MODE,radius4_pristine,672,2.39949888063249706,0.00724102766165439,138.10194446509336785,0.01371381752627265,0.24305130808095160,0.74323487439277569
MODE,radius4_pristine,673,2.39993834974675435,0.00620162739956253,161.24799759342869265,0.00080939092785229,0.41939138998207454,0.57979921909007315
MODE,radius4_pristine,674,2.40042175846562955,0.00581222577745931,172.05112779309968118,0.00392416742114031,0.38970894762087693,0.60636688495798274
MODE,radius4_pristine,675,2.40100795542817602,0.00640933270499396,156.02248253095530117,0.00625254116130520,0.27848971668670519,0.71525774215198956
MODE,radius4_pristine,676,2.40124613515433927,0.00689121962750334,145.11219407504157175,0.05271026414643873,0.17585528422571631,0.77143445162784496
MODE,radius4_pristine,677,2.40284817455471122,0.00701976766129045,142.45485723329036887,0.00338145912696080,0.27536362280543314,0.72125491806760611
MODE,radius4_pristine,678,2.40423438931172395,0.00657669445378121,152.05206917056324301,0.04050001119751562,0.15218380411434163,0.80731618468814270
MODE,radius4_pristine,679,2.40449130667731970,0.00754650510115503,132.51167084574626642,0.00032952038100003,0.34386482833792220,0.65580565128107782
MODE,radius4_pristine,680,2.40540888915410012,0.00601150406687662,166.34772078255741690,0.00762181819219000,0.30719840061489917,0.68517978119291079
MODE,radius4_pristine,681,2.40629054611501703,0.00742518257828858,134.67682302170260300,0.00174283068831004,0.35371886388827911,0.64453830542341084
MODE,radius4_pristine,682,2.40648420040131361,0.00727175256173342,137.51843059984733486,0.00173083382143678,0.36712557182623307,0.63114359435233014
MODE,radius4_pristine,683,2.40695400576635077,0.00692909407108070,144.31901050003125420,0.00430103707864281,0.33702665495095019,0.65867230797040699
MODE,radius4_pristine,684,2.40731757611816422,0.00648434085277623,154.21767959219116051,0.00273412954967172,0.39751263056884750,0.59975323988148088
MODE,radius4_pristine,685,2.40747989734444046,0.00669632536588764,149.33563489823694681,0.01092043722882271,0.39534031669341602,0.59373924607776130
MODE,radius4_pristine,686,2.41007678911108769,0.00780096144930966,128.18932723843849431,0.03494634649179404,0.37060156016786339,0.59445209334034255
MODE,radius4_pristine,687,2.41081819194856140,0.00658029179042503,151.96894482021258455,0.00144082622183745,0.35234758978232816,0.64621158399583434
MODE,radius4_pristine,688,2.41291729634875196,0.00680468463766975,146.95758190822607503,0.00126253430587565,0.37006552361605916,0.62867194207806520
MODE,radius4_pristine,689,2.41303418410772341,0.00633758413181897,157.78883233743951564,0.00023125947599445,0.36539654641161151,0.63437219411239409
MODE,radius4_pristine,690,2.41447540901540236,0.00671887832493045,148.83436663668879874,0.07175903314035290,0.33963195700816573,0.58860900985148135
MODE,radius4_pristine,691,2.41493496626845427,0.00656260403369087,152.37853676166270134,0.01013221714801204,0.40167133066518856,0.58819645218679939
MODE,radius4_pristine,692,2.41524528829217378,0.00706726577927732,141.49743779726034631,0.00350453475584460,0.31488811900416713,0.68160734623998831
MODE,radius4_pristine,693,2.41589989202016220,0.00707406224331626,141.36149295898871969,0.00306248662901788,0.40317974995360295,0.59375776341737918
MODE,radius4_pristine,694,2.41691405537936133,0.00716189031814204,139.62794116894878016,0.02680015406315406,0.38526414474225568,0.58793570119459027
MODE,radius4_pristine,695,2.42009314097139683,0.00687342351151761,145.48790691048307622,0.00252396677657148,0.42869123692001998,0.56878479630340850
MODE,radius4_pristine,696,2.42057319754369482,0.00638194058892977,156.69215124544064111,0.01846631064092868,0.34659593949067180,0.63493774986839957
MODE,radius4_pristine,697,2.42235755633478123,0.00668103214460803,149.67747173721608078,0.00177261225793206,0.38587472584194354,0.61235266190012450
MODE,radius4_pristine,698,2.42236568336571922,0.00707583349887591,141.32610669242902190,0.01353522009643556,0.38653846014899285,0.59992631975457156
MODE,radius4_pristine,699,2.42263231248574851,0.00631319966620232,158.39828500173933890,0.00324893571707518,0.38953091953622132,0.60722014474670349
MODE,radius4_pristine,700,2.42621530253570450,0.00756658896586173,132.15994743625054753,0.02480791726225742,0.26346904636726443,0.71172303637047818
MODE,radius4_pristine,701,2.42682610613282801,0.00659768027606764,151.56842377272954536,0.00008711415818383,0.41152139729151238,0.58839148855030377
MODE,radius4_pristine,702,2.42719807918765884,0.00632614613180528,158.07412272258599728,0.00824501547062574,0.36566288075089809,0.62609210377847613
MODE,radius4_pristine,703,2.42855150580508949,0.00619027336814067,161.54375429470951531,0.00426926339315401,0.37685798654754593,0.61887275005930009
MODE,radius4_pristine,704,2.42971213436973210,0.00696772520736915,143.51886307777860452,0.05573457749098307,0.37146995933197041,0.57279546317704644
MODE,radius4_pristine,705,2.42998316375438206,0.00657488645449727,152.09388130436721553,0.00027024200281497,0.37645531678138605,0.62327444121579889
MODE,radius4_pristine,706,2.43364897571773131,0.00725916663176246,137.75685980598694869,0.00407184106796157,0.36499619122523547,0.63093196770680304
MODE,radius4_pristine,707,2.43401901281026678,0.00691906944215159,144.52810574611538641,0.00045512396100301,0.35180298474441285,0.64774189129458415
MODE,radius4_pristine,708,2.43653996326269962,0.00707318195349120,141.37908604293969006,0.00047478779571075,0.34986223585905768,0.64966297634523151
MODE,radius4_pristine,709,2.43656344693666638,0.00710996340998544,140.64769990174221448,0.00649935313715986,0.34471523426946454,0.64878541259337563
MODE,radius4_pristine,710,2.43804701694136838,0.00901580385511288,110.91634379699794977,0.08241947707692830,0.27937680678062410,0.63820371614244764
MODE,radius4_pristine,711,2.43963397507032065,0.00665502305834228,150.26243954879601006,0.00127955466483655,0.34214480072266518,0.65657564461249829
MODE,radius4_pristine,712,2.43981294018393990,0.00671313648210276,148.96166682533606718,0.00873192814182433,0.32642080251467476,0.66484726934350091
MODE,radius4_pristine,713,2.44307800902983274,0.00672267089350279,148.75040230906779470,0.00370151405077092,0.32333848268622978,0.67296000326299932
MODE,radius4_pristine,714,2.44326026756310544,0.00657467701918186,152.09872623133631464,0.02476812302420466,0.30332881481448609,0.67190306216130935
MODE,radius4_pristine,715,2.44543960281692385,0.00620982183396809,161.03521594290205599,0.00603492727292957,0.29974255839014158,0.69422251433692894
MODE,radius4_pristine,716,2.44831305782303899,0.00858363577650964,116.50074933708680192,0.01439869164259205,0.24133702287674699,0.74426428548066104
MODE,radius4_pristine,717,2.44884749512808009,0.00675969352209208,147.93570103907714497,0.00003258119574903,0.27731787798533447,0.72264954081891652
MODE,radius4_pristine,718,2.44890174458514043,0.00662436075628231,150.95796210247675617,0.00500295134639379,0.26773176713442881,0.72726528151917735
MODE,radius4_pristine,719,2.45048671442856936,0.00612106842652627,163.37017172792886299,0.00004807918218009,0.25703685176848712,0.74291506904933280
MODE,radius4_pristine,720,2.45419729498466621,0.00660401373055349,151.42306494208162349,0.00019512297053284,0.22250778336907376,0.77729709366039346
MODE,radius4_pristine,721,2.45424046179566036,0.00699861902108173,142.88533166153641218,0.05042612122025175,0.22401314920816273,0.72556072957158557
MODE,radius4_pristine,722,2.45694384708861513,0.00823749763454170,121.39608948799845223,0.05397526094874898,0.18113138189300365,0.76489335715824747
MODE,radius4_pristine,723,2.45859594515346869,0.00682263076946393,146.57102718729905177,0.00195076244489389,0.17640658647070312,0.82164265108440304
MODE,radius4_pristine,724,2.45861081916035573,0.00680024459111964,147.05353411932972563,0.00073574735334806,0.17136006536476070,0.82790418728189130
MODE,radius4_pristine,725,2.46232194068636545,0.00642763890190228,155.57812367213824700,0.02202457553527948,0.12748099058574552,0.85049443387897505
MODE,radius4_pristine,726,2.46349423890959329,0.00753100752277798,132.78435813208798777,0.00272507211302833,0.10752705099395940,0.88974787689301227
MODE,radius4_pristine,727,2.46534591172610984,0.00622490161071703,160.64510935857393292,0.00108500557304886,0.08368514096116368,0.91522985346578745
MODE,radius4_pristine,728,2.46806522165400244,0.00593388939238080,168.52353218514892319,0.04922924223514008,0.04125727711775836,0.90951348064710147
GROUP,radius4_pristine,0,1,1.09742865222647135,0.04933131739214255,0.04302516530982746
GROUP,radius4_pristine,1,2,1.10040805759715532,0.00085634247431826,0.08688674496082234
GROUP,radius4_pristine,2,3,1.10243001420054543,0.00458554154339625,0.11043228417088927
GROUP,radius4_pristine,3,4,1.10371124548741140,0.02249824656637825,0.13180267704987519
GROUP,radius4_pristine,4,5,1.10776166400675846,0.00046122435530118,0.17534507883414846
GROUP,radius4_pristine,5,6,1.10777043773036055,0.00141235295977500,0.17976288019049150
GROUP,radius4_pristine,6,7,1.10955807354845937,0.05094642043679497,0.18169995272872014
GROUP,radius4_pristine,7,8,1.11249307690111943,0.05019138193040284,0.22943247164661634
GROUP,radius4_pristine,8,9,1.11253863803634867,0.00082259946432858,0.22263275440450919
GROUP,radius4_pristine,9,10,1.11655632018135753,0.00012692581860719,0.25689005977343160
GROUP,radius4_pristine,10,11,1.11827762439067957,0.00526784740372255,0.26292232065145155
GROUP,radius4_pristine,11,12,1.11830805461364746,0.00000567424913228,0.27385134168993752
GROUP,radius4_pristine,12,13,1.11884262175154658,0.02192396494403514,0.23367037930927528
GROUP,radius4_pristine,13,14,1.12193397157845598,0.00602969678541982,0.29968891720384533
GROUP,radius4_pristine,14,15,1.12426432553663092,0.02657956083051648,0.29461915737250938
GROUP,radius4_pristine,15,16,1.12446438032727425,0.00721382961750254,0.31224122254678871
GROUP,radius4_pristine,16,17,1.12800773357983308,0.00301293521874796,0.30616527453291154
GROUP,radius4_pristine,17,18,1.12808429749983397,0.00109080785914224,0.33242535946759660
GROUP,radius4_pristine,18,19,1.12972781349341389,0.07207762112343601,0.25246308051147365
GROUP,radius4_pristine,19,20,1.13134040950590009,0.00441387715539048,0.32044992050337356
GROUP,radius4_pristine,20,21,1.13134979542152703,0.00010807806618997,0.32485635384776318
GROUP,radius4_pristine,21,22,1.13392185592105377,0.00080973560685155,0.32882779663521827
GROUP,radius4_pristine,22,23,1.13431177453071430,0.00547117708520730,0.35979524572872768
GROUP,radius4_pristine,23,24,1.13812606736701905,0.00036463904213525,0.33233224731196365
GROUP,radius4_pristine,24,25,1.13840945253456471,0.05267149202255597,0.33022776257093273
GROUP,radius4_pristine,25,26,1.13969125753872280,0.00597670138299114,0.34152753125444985
GROUP,radius4_pristine,26,27,1.14113543158771891,0.01704763614674080,0.30765896474832594
GROUP,radius4_pristine,27,28,1.14130774795084156,0.00005178688667250,0.36766891311280375
GROUP,radius4_pristine,28,29,1.14170783186933544,0.04625616281129743,0.23437675704227073
GROUP,radius4_pristine,29,30,1.14541648328664580,0.00720564620882741,0.35114005487784633
GROUP,radius4_pristine,30,31,1.14580024552043302,0.00097352866865430,0.31970559793661724
GROUP,radius4_pristine,31,32,1.14580365077490831,0.00877975526647458,0.31588055083932126
GROUP,radius4_pristine,32,33,1.14741014735803937,0.01670876185270606,0.32510065927005832
GROUP,radius4_pristine,33,34,1.14794383243225506,0.00436677100623376,0.36954822919337826
GROUP,radius4_pristine,34,35,1.15161820149188610,0.00340131246704232,0.27269301215334907
GROUP,radius4_pristine,35,36,1.15181383212317967,0.00144690268612139,0.38839808170365897
GROUP,radius4_pristine,36,37,1.15240170363085848,0.00428767313276456,0.22534231410694325
GROUP,radius4_pristine,37,38,1.15298675578781706,0.02485482208710991,0.29399100064574962
GROUP,radius4_pristine,38,39,1.15337739678545659,0.05642676263705945,0.24764607048009363
GROUP,radius4_pristine,39,40,1.15469711926541141,0.00024857787553475,0.28910734613397482
GROUP,radius4_pristine,40,41,1.15471121079419325,0.00005503017142824,0.31029705450498651
GROUP,radius4_pristine,41,42,1.15646487219155936,0.00067589681371180,0.29582335134235849
GROUP,radius4_pristine,42,43,1.15706596307114262,0.03294519115611048,0.38206730673334144
GROUP,radius4_pristine,43,44,1.15996560006033289,0.00615237293330314,0.23886501902038826
GROUP,radius4_pristine,44,45,1.15998839533170872,0.00018965888924241,0.25323192696189134
GROUP,radius4_pristine,45,46,1.16022043144222997,0.01790929019458197,0.29537607289421969
GROUP,radius4_pristine,46,47,1.16043224984185001,0.00402818102864745,0.29248885537809283
GROUP,radius4_pristine,47,48,1.16070792911653897,0.00323152777493522,0.23573420416123425
GROUP,radius4_pristine,48,49,1.16149353499183694,0.05972242153986489,0.14528635655218425
GROUP,radius4_pristine,49,50,1.16185783986216618,0.01410556479214524,0.14813311099959009
GROUP,radius4_pristine,50,51,1.16192331817931871,0.00304006535130279,0.42577320312967670
GROUP,radius4_pristine,51,52,1.16316518286648463,0.01418958993291252,0.30840697738484146
GROUP,radius4_pristine,52,53,1.16524085278315859,0.02087602337988429,0.14252867691414378
GROUP,radius4_pristine,53,54,1.16558530169923458,0.05245275930236255,0.32936469613102864
GROUP,radius4_pristine,54,55,1.16586306814262630,0.00205821378147191,0.19640177795351288
GROUP,radius4_pristine,55,56,1.16589282404773087,0.00328913549362430,0.25508006370984110
GROUP,radius4_pristine,56,57,1.16620417778237262,0.03093481427736254,0.17332319817809641
GROUP,radius4_pristine,57,58,1.16625808587665958,0.01678651347570714,0.22855773178811145
GROUP,radius4_pristine,58,59,1.17018941045246505,0.00575710270148835,0.16371188329245318
GROUP,radius4_pristine,59,60,1.17026637656005716,0.02328064064010053,0.17040171847708011
GROUP,radius4_pristine,60,61,1.17134525569629977,0.00007776845952292,0.13098137563731685
GROUP,radius4_pristine,61,62,1.17134686002024258,0.00603858543923209,0.13173606378079722
GROUP,radius4_pristine,62,63,1.17541447185839476,0.05993229863037134,0.06798559033615596
GROUP,radius4_pristine,63,64,1.17544282152391810,0.03469653491531501,0.07476440015286145
GROUP,radius4_pristine,64,65,1.18060706747199684,0.00036755448242062,0.77172869091566354
GROUP,radius4_pristine,65,66,1.18398052462542136,0.00056883261278244,0.81380904751494776
GROUP,radius4_pristine,66,67,1.18944157214918267,0.00021055905638772,0.84425148383930482
GROUP,radius4_pristine,67,68,1.19677734768451183,0.00003173599799875,0.86123832539605039
GROUP,radius4_pristine,68,69,1.20566054522036215,0.00003938416407158,0.88167295146983116
GROUP,radius4_pristine,69,70,1.21554402526004490,0.00002190480013868,0.91570052620673748
GROUP,radius4_pristine,70,71,1.22544497677798114,0.00000276707560386,0.95675342182085044
GROUP,radius4_pristine,71,72,1.23352674017727648,0.00000005357092662,0.98866872775708192
GROUP,radius4_pristine,72,73,1.25395374110822844,0.00000002844553294,0.98959413396072848
GROUP,radius4_pristine,73,74,1.25643759618008644,0.00000077941948280,0.96599265381052102
GROUP,radius4_pristine,74,75,1.26048333255823897,0.00000601148347694,0.93919765334722605
GROUP,radius4_pristine,75,76,1.26517815338750506,0.00000216635766808,0.92379592464061933
GROUP,radius4_pristine,76,77,1.26971198348022041,0.00001706393635571,0.91634163061940532
GROUP,radius4_pristine,77,78,1.27355617251149211,0.00005151699538933,0.90992236149583583
GROUP,radius4_pristine,78,79,1.27646189612233152,0.00002126112811402,0.90195918971379996
GROUP,radius4_pristine,79,80,1.27837162490802281,0.00000256729987588,0.89404530749930899
GROUP,radius4_pristine,80,81,1.27931101374697920,0.00003964348832121,0.88910068822835264
GROUP,radius4_pristine,81,82,1.32686849884705316,0.05084356236289330,0.21582096361151257
GROUP,radius4_pristine,82,83,1.32700042564751008,0.00551630432720361,0.20246607673417452
GROUP,radius4_pristine,83,84,1.32932036968257550,0.00469388963269699,0.50718183789038107
GROUP,radius4_pristine,84,85,1.32972481499183237,0.00221011713529845,0.40197981189620674
GROUP,radius4_pristine,85,86,1.33111456730619748,0.00311593025268375,0.58782763562208906
GROUP,radius4_pristine,86,87,1.33181825337619753,0.00985023966093974,0.56563564851968018
GROUP,radius4_pristine,87,88,1.33251316915112206,0.00108667273780516,0.65526656584858922
GROUP,radius4_pristine,88,89,1.33283410994749674,0.00024344575724462,0.68410335530263233
GROUP,radius4_pristine,89,90,1.33314090298261290,0.00933995873153135,0.55120854048397383
GROUP,radius4_pristine,90,91,1.33492589754229551,0.01632818154876707,0.27730353781033795
GROUP,radius4_pristine,91,92,1.33561748922914636,0.00870956710797462,0.26802589925790715
GROUP,radius4_pristine,92,93,1.33654847717762570,0.01411417882964656,0.38963831620948997
GROUP,radius4_pristine,93,94,1.33910945236375767,0.00961036994784665,0.33085089455933286
GROUP,radius4_pristine,94,95,1.34170998328231894,0.01188539925499696,0.29803860469616267
GROUP,radius4_pristine,95,96,1.34258468631042516,0.03354393415152446,0.30073593977690938
GROUP,radius4_pristine,96,97,1.34272901231003017,0.01316906821763451,0.16986759896711420
GROUP,radius4_pristine,97,98,1.34411557798587800,0.04246570258230332,0.18625342306118239
GROUP,radius4_pristine,98,99,1.34570473661148404,0.00506478292836395,0.26949618087324761
GROUP,radius4_pristine,99,100,1.34712584351403764,0.00013783490477311,0.23152467625472170
GROUP,radius4_pristine,100,101,1.34798743822084477,0.00904882034271831,0.25228939587757532
GROUP,radius4_pristine,101,102,1.34857739374302033,0.00861407168728313,0.17692397538390969
GROUP,radius4_pristine,102,103,1.34942809858672685,0.05084559290609435,0.27125445315498986
GROUP,radius4_pristine,103,104,1.34950891502136971,0.01935915622465719,0.18051487434783803
GROUP,radius4_pristine,104,105,1.35213547033109371,0.00598002455403364,0.33151458821599428
GROUP,radius4_pristine,105,106,1.35374465646872455,0.03767191448318318,0.17001135125211619
GROUP,radius4_pristine,106,107,1.35390019446390375,0.00544090258668807,0.30469804967690622
GROUP,radius4_pristine,107,108,1.35420880200442761,0.01422708683672362,0.43780943216588203
GROUP,radius4_pristine,108,109,1.35588861260380322,0.01918117265287206,0.26935898856266427
GROUP,radius4_pristine,109,110,1.35642463584155903,0.01663332730510323,0.27178503010627136
GROUP,radius4_pristine,110,111,1.35882647613762342,0.00566199699041551,0.41640804378712026
GROUP,radius4_pristine,111,112,1.36172955959663966,0.00098091059021324,0.46731148501928677
GROUP,radius4_pristine,112,113,1.36226197275578120,0.00177174039210266,0.31826266346460935
GROUP,radius4_pristine,113,114,1.36428973062898362,0.00120647199712099,0.61019039335560399
GROUP,radius4_pristine,114,115,1.36467190631820823,0.00980690558230203,0.41345630616998108
GROUP,radius4_pristine,115,116,1.36668268727764586,0.00782966218559410,0.37889673850539746
GROUP,radius4_pristine,116,117,1.36716389685284745,0.00546089102617121,0.36234547829690844
GROUP,radius4_pristine,117,118,1.36891131896487650,0.03420216380650679,0.41680059423435378
GROUP,radius4_pristine,118,119,1.37036430594507119,0.00229246840556991,0.52365436478977279
GROUP,radius4_pristine,119,120,1.37180014882520829,0.00557608557036270,0.26881876191401061
GROUP,radius4_pristine,120,121,1.37573099983212921,0.00119138225983220,0.45282454464933530
GROUP,radius4_pristine,121,122,1.37684084792416872,0.03624444107976434,0.37868584103682945
GROUP,radius4_pristine,122,123,1.37848811581365172,0.01378067576725390,0.33735846085824339
GROUP,radius4_pristine,123,124,1.37871471509786891,0.02550466736616016,0.34027047172089714
GROUP,radius4_pristine,124,125,1.38038250731387180,0.01597864404969218,0.43226540509153549
GROUP,radius4_pristine,125,126,1.38646467906234050,0.00942190066207409,0.44351459442094326
GROUP,radius4_pristine,126,127,1.38778846870622052,0.00768074448561298,0.40491581967663137
GROUP,radius4_pristine,127,128,1.39026866497921819,0.00521676075035249,0.43324688736482703
GROUP,radius4_pristine,128,129,1.39161361708979481,0.00744654126501555,0.65034888692217507
GROUP,radius4_pristine,129,130,1.39199005866710013,0.00431121841730829,0.60526580649768957
GROUP,radius4_pristine,130,131,1.39349042589505556,0.00439052908868726,0.47734782319600660
GROUP,radius4_pristine,131,132,1.39511077186351740,0.02426088769066542,0.28591990311733945
GROUP,radius4_pristine,132,133,1.39741998863256289,0.00032649128181970,0.84884279096200776
GROUP,radius4_pristine,133,134,1.39990031917816871,0.00460315539490245,0.49750850527130558
GROUP,radius4_pristine,134,135,1.40135878422510296,0.00268738716970684,0.42738059556885694
GROUP,radius4_pristine,135,136,1.40499791240270211,0.04213071421494578,0.46939636224129522
GROUP,radius4_pristine,136,137,1.40607070092869590,0.00532767595055204,0.41410776868891641
GROUP,radius4_pristine,137,138,1.40831271350305065,0.00779064219690270,0.60443146782410984
GROUP,radius4_pristine,138,139,1.41159008854108792,0.00177668338269830,0.55413079469259907
GROUP,radius4_pristine,139,140,1.41487694903518424,0.00920261922681919,0.44406179807076479
GROUP,radius4_pristine,140,141,1.41870004434538854,0.00767407240496950,0.38858238473882689
GROUP,radius4_pristine,141,142,1.42110984464191059,0.01093254743005890,0.40515600755418785
GROUP,radius4_pristine,142,143,1.42193016010244677,0.01212246875297657,0.39674977632115854
GROUP,radius4_pristine,143,144,1.42220164755978473,0.02304143191582844,0.59429267527201768
GROUP,radius4_pristine,144,145,1.42753212245039585,0.01038681448291842,0.39478361377681581
GROUP,radius4_pristine,145,146,1.43282877541261033,0.00859008277572902,0.59595663430221391
GROUP,radius4_pristine,146,147,1.43558200287239779,0.02215802702709911,0.40708542932698405
GROUP,radius4_pristine,147,148,1.43667679361686540,0.00491814030505727,0.43907045546802004
GROUP,radius4_pristine,148,149,1.44324208071682136,0.00482719053916648,0.49295892879823400
GROUP,radius4_pristine,149,150,1.44683910394850246,0.02069996467078307,0.39171176711091771
GROUP,radius4_pristine,150,151,1.44963097733524604,0.00110398540679523,0.39571936176221356
GROUP,radius4_pristine,151,152,1.45016919355319263,0.00625120409415450,0.38015223769869527
GROUP,radius4_pristine,152,153,1.45607281027769520,0.00339136678332906,0.54578764662174095
GROUP,radius4_pristine,153,154,1.46335925232481934,0.01225826374986665,0.35807367632221426
GROUP,radius4_pristine,154,155,1.46534390189083896,0.03253870435677312,0.45528564648625031
GROUP,radius4_pristine,155,156,1.47119599632312759,0.02144285733226442,0.36079764940000109
GROUP,radius4_pristine,156,157,1.47594524472239486,0.00503634560291305,0.32506308770840292
GROUP,radius4_pristine,157,158,1.47772771472173980,0.00176911813936200,0.44849774409356241
GROUP,radius4_pristine,158,159,1.48817411361388574,0.01867259542468599,0.34251969373399210
GROUP,radius4_pristine,159,160,1.49152446713294373,0.00780324603412254,0.29660019657105952
GROUP,radius4_pristine,160,161,1.49778437306331047,0.00203050243268386,0.27971106168702925
GROUP,radius4_pristine,161,162,1.50680442405475445,0.02926183939704909,0.18089468210604367
GROUP,radius4_pristine,162,218,1.63371635000771120,0.98229067668541203,10.81794037240365824
GROUP,radius4_pristine,218,219,1.63555349056338439,0.01544592202491196,0.29415815995862360
GROUP,radius4_pristine,219,220,1.63741439828079072,0.00597673853352832,0.42783828256292161
GROUP,radius4_pristine,220,221,1.63874846497715287,0.01980712095995109,0.27990172018834719
GROUP,radius4_pristine,221,222,1.64040552365941839,0.00424853416721428,0.54614856110620824
GROUP,radius4_pristine,222,223,1.64331621460067678,0.00204202344425350,0.63158864789297187
GROUP,radius4_pristine,223,224,1.64387282289289716,0.00508386813659244,0.58549739035470461
GROUP,radius4_pristine,224,225,1.64592864474505984,0.00075031258239963,0.71753789667110723
GROUP,radius4_pristine,225,226,1.64644078874502275,0.00353679121810646,0.45005832795275080
GROUP,radius4_pristine,226,227,1.64768326994168968,0.00016718573939090,0.82308065137560826
GROUP,radius4_pristine,227,228,1.64872534869774690,0.00005037596748471,0.84051464606394632
GROUP,radius4_pristine,228,229,1.64945616808371120,0.00020779301810449,0.83169962614678539
GROUP,radius4_pristine,229,230,1.64953684313338877,0.00126578188828572,0.52705904647912127
GROUP,radius4_pristine,230,231,1.64986641965311898,0.00002390282315143,0.87158678436592907
GROUP,radius4_pristine,231,232,1.65109210781569171,0.00449998077075973,0.51444902845382068
GROUP,radius4_pristine,232,233,1.65541452299145431,0.00647575165687635,0.39298430365949427
GROUP,radius4_pristine,233,234,1.65601435418071796,0.00158700316486299,0.52976394939472893
GROUP,radius4_pristine,234,235,1.65952902295329019,0.00133257109583608,0.62302685335893637
GROUP,radius4_pristine,235,236,1.66211444039867695,0.00617859208409194,0.57314206633630038
GROUP,radius4_pristine,236,237,1.66362913808512425,0.00487873360720631,0.62806176166462946
GROUP,radius4_pristine,237,238,1.66413160535496263,0.02796058506670141,0.30999932188185109
GROUP,radius4_pristine,238,239,1.66686479206471283,0.00151289844264234,0.68122620708032133
GROUP,radius4_pristine,239,240,1.66918896127387328,0.01645849660998052,0.53202289959244731
GROUP,radius4_pristine,240,241,1.67014332498215778,0.01583874920126083,0.53633378638897256
GROUP,radius4_pristine,241,242,1.67150619082535501,0.00062831824003257,0.74707228231478995
GROUP,radius4_pristine,242,243,1.67177053826693278,0.00830430783654348,0.35442745249524404
GROUP,radius4_pristine,243,244,1.67330265266354750,0.00032738442540507,0.68165707656633800
GROUP,radius4_pristine,244,245,1.67467451252299049,0.00003682416984601,0.68417753527644032
GROUP,radius4_pristine,245,246,1.67607146819278863,0.00356475073204203,0.63200264079733959
GROUP,radius4_pristine,246,247,1.67618347044625904,0.00078471793702350,0.87440799988597828
GROUP,radius4_pristine,247,248,1.67994737065957267,0.00560763081406351,0.61108942595071392
GROUP,radius4_pristine,248,249,1.68009125846169582,0.01183732065395107,0.59977854225762639
GROUP,radius4_pristine,249,250,1.68039265307294716,0.00761148447037348,0.37913418050526210
GROUP,radius4_pristine,250,251,1.68259412438356848,0.00012206699908105,0.99287223696605709
GROUP,radius4_pristine,251,252,1.68355709771945183,0.02478858148456504,0.34123003968477528
GROUP,radius4_pristine,252,253,1.68661882104877403,0.01325597723227618,0.46555818426366491
GROUP,radius4_pristine,253,254,1.68816183292251965,0.01089008506060095,0.31176239587922955
GROUP,radius4_pristine,254,255,1.69000110004394255,0.00796648058259530,0.47324585069009822
GROUP,radius4_pristine,255,256,1.69310014884562032,0.00638563155392586,0.31867149975409087
GROUP,radius4_pristine,256,257,1.69572845137696793,0.01140480033472476,0.33524223471991016
GROUP,radius4_pristine,257,258,1.69585072355106403,0.03315407983457972,0.30586653033039196
GROUP,radius4_pristine,258,259,1.69684738454037332,0.02001681671021989,0.28615294703395211
GROUP,radius4_pristine,259,260,1.69849969617127994,0.01105866588511362,0.47645358800297810
GROUP,radius4_pristine,260,261,1.70132448676878312,0.00441579187958537,0.43329166673913527
GROUP,radius4_pristine,261,262,1.70269875879568033,0.01519779911828003,0.29327768699537837
GROUP,radius4_pristine,262,263,1.70332549580735693,0.01150907831388157,0.31077624914901719
GROUP,radius4_pristine,263,264,1.70354246855893066,0.00000000000001452,0.99942469259560407
GROUP,radius4_pristine,264,265,1.70533556878477666,0.00839399324162630,0.33875925106673183
GROUP,radius4_pristine,265,266,1.70596640943812816,0.01104105432495589,0.33924652596517307
GROUP,radius4_pristine,266,267,1.70809300810153375,0.03859521268544152,0.24900740009568378
GROUP,radius4_pristine,267,268,1.70865458459891961,0.00824834094861259,0.46113398825044205
GROUP,radius4_pristine,268,269,1.70933489620392698,0.01975390365800900,0.26483905450289141
GROUP,radius4_pristine,269,270,1.70978772370342313,0.02031836434978016,0.32834031378918149
GROUP,radius4_pristine,270,271,1.71135466839781913,0.01208447495352629,0.34010595446826425
GROUP,radius4_pristine,271,272,1.71238111408359805,0.00348968583044659,0.31921836573603007
GROUP,radius4_pristine,272,273,1.71423311958056068,0.01980784910635424,0.34339991124777969
GROUP,radius4_pristine,273,274,1.71490562134461411,0.02351719876630319,0.25228049103244221
GROUP,radius4_pristine,274,275,1.71500670515612019,0.00999533126059996,0.25032273487879952
GROUP,radius4_pristine,275,276,1.71591896803447175,0.00557047014821915,0.38380434577850991
GROUP,radius4_pristine,276,277,1.71620712262708275,0.01155741803884050,0.31991239817330253
GROUP,radius4_pristine,277,278,1.71703231912973675,0.01075708009873559,0.17657791777020199
GROUP,radius4_pristine,278,279,1.71768746451194620,0.01072101373161694,0.42239905700039765
GROUP,radius4_pristine,279,280,1.71918925298236314,0.00535805739882529,0.34724343131231472
GROUP,radius4_pristine,280,281,1.71959990673885454,0.00937190793234363,0.22111659121405908
GROUP,radius4_pristine,281,282,1.71969640068139107,0.02404637967938317,0.21987997030278209
GROUP,radius4_pristine,282,283,1.72031872925241536,0.01293595634171648,0.22796527430702809
GROUP,radius4_pristine,283,284,1.72057302247621124,0.00261034240244394,0.23176948283982299
GROUP,radius4_pristine,284,285,1.72129568569332858,0.01482979493328971,0.29292884824879506
GROUP,radius4_pristine,285,286,1.72179143460704509,0.00192698957237359,0.31911892239273154
GROUP,radius4_pristine,286,287,1.72253053998214667,0.06173156192505939,0.12967312143426535
GROUP,radius4_pristine,287,288,1.72322662307195462,0.03161522732426057,0.54685804046724007
GROUP,radius4_pristine,288,289,1.72346481260913675,0.02257968354046572,0.19337385941498630
GROUP,radius4_pristine,289,290,1.72350368878214821,0.01594780000411281,0.24522051735273795
GROUP,radius4_pristine,290,291,1.72367571918340268,0.00105818607971103,0.18882117061258791
GROUP,radius4_pristine,291,292,1.72381412917915156,0.00606389732178775,0.23425100386310693
GROUP,radius4_pristine,292,293,1.72396136801950206,0.01309809153222207,0.21095290518862458
GROUP,radius4_pristine,293,294,1.72404209033694622,0.02806333622641093,0.14748409298522366
GROUP,radius4_pristine,294,295,1.72471774691962931,0.00503392325004617,0.32241925285194611
GROUP,radius4_pristine,295,296,1.72554833564361965,0.01763937936733561,0.36886606690019752
GROUP,radius4_pristine,296,297,1.72603855906566039,0.00587492112363382,0.20910839848342963
GROUP,radius4_pristine,297,298,1.72643777469248771,0.01682965397499082,0.18179306484685728
GROUP,radius4_pristine,298,299,1.72652855434944397,0.02171902082254456,0.14405395847047361
GROUP,radius4_pristine,299,300,1.72658793259503507,0.01231554080338982,0.16468566822426431
GROUP,radius4_pristine,300,301,1.72735978251159339,0.00327577937351088,0.44770740777884549
GROUP,radius4_pristine,301,302,1.72819634217473950,0.00452629819616156,0.53258553404977405
GROUP,radius4_pristine,302,303,1.72880584502760781,0.04971073071590408,0.15934191403044817
GROUP,radius4_pristine,303,304,1.72896601339607048,0.04341383715224952,0.16896422102425926
GROUP,radius4_pristine,304,305,1.72978155696523483,0.01213409558139788,0.42628343615363534
GROUP,radius4_pristine,305,306,1.73127328550999326,0.00418393684641114,0.51733681675107612
GROUP,radius4_pristine,306,307,1.73254546997580094,0.00093962014732783,0.62298787791422472
GROUP,radius4_pristine,307,308,1.73339861417826713,0.00043468048127489,0.62875940739284131
GROUP,radius4_pristine,308,309,1.73409561157246794,0.00010200864390129,0.56062909885094914
GROUP,radius4_pristine,309,310,1.73599228218295010,0.00012897267671938,0.84254657857302329
GROUP,radius4_pristine,310,311,1.73822621015709666,0.00006227496170618,0.87470193326810408
GROUP,radius4_pristine,311,312,1.73988348269923643,0.00000747840984457,0.89024197886544343
GROUP,radius4_pristine,312,313,1.74104658568106307,0.00002057119927175,0.89646944517728455
GROUP,radius4_pristine,313,314,1.74180903289859268,0.00003406953077552,0.89634036556466845
GROUP,radius4_pristine,314,315,1.74223957718042599,0.00001527596597777,0.89389657335526518
GROUP,radius4_pristine,315,324,1.74826283198306109,0.00000000000000000,9.00000000000001066
GROUP,radius4_pristine,324,333,1.75000000000000089,0.00000000000000000,9.00000000000002309
GROUP,radius4_pristine,333,334,1.77715990873022078,0.00000007967074892,0.97175526969132753
GROUP,radius4_pristine,334,335,1.77774090141042618,0.00000012801351117,0.97554023654562938
GROUP,radius4_pristine,335,336,1.77865682555088567,0.00000005176006776,0.97982470071633510
GROUP,radius4_pristine,336,337,1.77982409434536093,0.00000000617466422,0.98340598208055541
GROUP,radius4_pristine,337,338,1.78111974488637514,0.00000000583323679,0.98664104893367244
GROUP,radius4_pristine,338,339,1.78238411061825142,0.00000000325897321,0.99077114749025053
GROUP,radius4_pristine,339,340,1.78343727812138919,0.00000000035952741,0.99572324987122018
GROUP,radius4_pristine,340,341,1.78412114341301220,0.00000000001623015,0.99916202233471896
GROUP,radius4_pristine,341,342,1.79562916136392281,0.00000000041664378,0.89518171820086578
GROUP,radius4_pristine,342,343,1.79577451164238822,0.00000000262233676,0.90914667756889755
GROUP,radius4_pristine,343,344,1.79597882671547171,0.00000007744421555,0.92563000614785229
GROUP,radius4_pristine,344,345,1.79620299849866183,0.00000016888844345,0.93992657071631713
GROUP,radius4_pristine,345,346,1.79641380855131194,0.00000023250832891,0.95042721037505140
GROUP,radius4_pristine,346,347,1.79658834345375840,0.00000029084605323,0.95765292813674308
GROUP,radius4_pristine,347,348,1.79671260189506987,0.00000007900420395,0.96239544315063841
GROUP,radius4_pristine,348,349,1.79677762637228189,0.00000046096124604,0.96482240227367111
GROUP,radius4_pristine,349,350,1.79705766646586973,0.00000000000649439,0.99788363702265725
GROUP,radius4_pristine,350,351,1.80456171898288176,0.04646539597114662,0.04646734129232431
GROUP,radius4_pristine,351,352,1.80456224333410864,0.05563532566993991,0.04567047417262704
GROUP,radius4_pristine,352,353,1.80477704197193867,0.00428140428874193,0.08804144923798823
GROUP,radius4_pristine,353,354,1.80477733234385540,0.00498106244928061,0.08802052604073900
GROUP,radius4_pristine,354,355,1.80485032042503524,0.02366151011617089,0.13304742155884422
GROUP,radius4_pristine,355,356,1.80485964797127174,0.00434419543297680,0.10455103990227931
GROUP,radius4_pristine,356,357,1.80505554944837177,0.02312740226877619,0.12572163885454551
GROUP,radius4_pristine,357,358,1.80505576319415062,0.04019655860771506,0.13453789192738894
GROUP,radius4_pristine,358,359,1.80507815822076045,0.00326581067730951,0.22608073633745659
GROUP,radius4_pristine,359,360,1.80508766505829366,0.00746309560116251,0.15048944367440456
GROUP,radius4_pristine,360,361,1.80513152026189383,0.01624413364804090,0.19301242532459340
GROUP,radius4_pristine,361,362,1.80514449349528383,0.03904616620994181,0.15230784735121353
GROUP,radius4_pristine,362,363,1.80526031775843609,0.02618294800806742,0.29233547479797029
GROUP,radius4_pristine,363,364,1.80529571275555312,0.02637622055507537,0.17519294129978269
GROUP,radius4_pristine,364,365,1.80532162219048664,0.03526172560176554,0.17851558303242490
GROUP,radius4_pristine,365,366,1.80535476067224132,0.01079765235123100,0.27937074549724411
GROUP,radius4_pristine,366,367,1.80538741172925010,0.00689809541328070,0.20010871586722848
GROUP,radius4_pristine,367,368,1.80539440578183408,0.00661335306809909,0.27819641317842203
GROUP,radius4_pristine,368,369,1.80542427722550913,0.00528415443605624,0.19885998902193469
GROUP,radius4_pristine,369,370,1.80542845796243157,0.00918822734943482,0.19403417665226622
GROUP,radius4_pristine,370,371,1.80557161398084154,0.01622856255270942,0.32287122078732899
GROUP,radius4_pristine,371,372,1.80568963694058970,0.00628654327682783,0.25934753312144782
GROUP,radius4_pristine,372,373,1.80572409250070631,0.00081294870880155,0.25206898662514182
GROUP,radius4_pristine,373,374,1.80575529477424213,0.00701239766254716,0.19812013648208479
GROUP,radius4_pristine,374,375,1.80582699356477128,0.01772900697459166,0.22077581782904315
GROUP,radius4_pristine,375,376,1.80584976060942370,0.01729602604993575,0.23394646890716750
GROUP,radius4_pristine,376,377,1.80586671202537352,0.01953250306126975,0.22563374068335992
GROUP,radius4_pristine,377,378,1.80588838677094321,0.01062913222082383,0.38714805108714700
GROUP,radius4_pristine,378,379,1.80613808049789970,0.00894481641566175,0.31630846447808469
GROUP,radius4_pristine,379,380,1.80616843073070510,0.01266420421452951,0.32350209336265956
GROUP,radius4_pristine,380,381,1.80627487099104123,0.01107968253691949,0.25537132871245721
GROUP,radius4_pristine,381,382,1.80628125177976395,0.01948816104596597,0.25278798189872242
GROUP,radius4_pristine,382,383,1.80639516245999188,0.04352306976776692,0.30968259516589458
GROUP,radius4_pristine,383,384,1.80652570264215218,0.01400368198435280,0.29830299949730876
GROUP,radius4_pristine,384,385,1.80654916282149935,0.01195827164903961,0.25840078968011754
GROUP,radius4_pristine,385,386,1.80661174742061204,0.01415922069594499,0.40655859974083736
GROUP,radius4_pristine,386,387,1.80675474000004010,0.01964607630551840,0.28769304177772692
GROUP,radius4_pristine,387,388,1.80676725587314069,0.01006843400750033,0.36551823426735186
GROUP,radius4_pristine,388,389,1.80677748335404686,0.00008463528632662,0.91696901272925424
GROUP,radius4_pristine,389,390,1.80696870775190477,0.00847222864463266,0.35830076089154844
GROUP,radius4_pristine,390,391,1.80701643688272018,0.00275831116153990,0.78306024351621517
GROUP,radius4_pristine,391,392,1.80709527582608254,0.01413270014322013,0.35344856336425590
GROUP,radius4_pristine,392,393,1.80717994021105643,0.00769539729859446,0.38641833741270148
GROUP,radius4_pristine,393,394,1.80720354683260198,0.00448447615139143,0.29681830677353149
GROUP,radius4_pristine,394,395,1.80721842333610838,0.02698010693169888,0.27585376515975424
GROUP,radius4_pristine,395,396,1.80730370658285899,0.00778957941705544,0.48316050480972872
GROUP,radius4_pristine,396,397,1.80738604145584092,0.00117131586668289,0.31982448043838152
GROUP,radius4_pristine,397,398,1.80740166839874861,0.01641612279197348,0.47218028816425373
GROUP,radius4_pristine,398,399,1.80751161360998047,0.00097250441141518,0.55568642448251537
GROUP,radius4_pristine,399,400,1.80764235376932958,0.00935901947643227,0.32927700254865627
GROUP,radius4_pristine,400,401,1.80767115822000002,0.01300310599356962,0.34902417155341481
GROUP,radius4_pristine,401,402,1.80772600023999175,0.00919534749480325,0.47272465560737320
GROUP,radius4_pristine,402,403,1.80788410557362500,0.01626849428714221,0.39603040357788727
GROUP,radius4_pristine,403,404,1.80793691415012825,0.00092445984442964,0.53174806239885153
GROUP,radius4_pristine,404,405,1.80804067033296367,0.01697595351649066,0.30030360522496596
GROUP,radius4_pristine,405,406,1.80808321446858167,0.00973023462724752,0.29186751624224327
GROUP,radius4_pristine,406,407,1.80814821537470571,0.00355827427885072,0.42078219628946772
GROUP,radius4_pristine,407,408,1.80823093245617184,0.00498558680817994,0.47583345725975962
GROUP,radius4_pristine,408,409,1.80836701791367105,0.01016608810570772,0.46743694053438145
GROUP,radius4_pristine,409,410,1.80842125868119097,0.00932122701232831,0.35006755593685374
GROUP,radius4_pristine,410,411,1.80855868160745392,0.02448441430582616,0.35049998955274692
GROUP,radius4_pristine,411,412,1.80862268121864678,0.01247183147339497,0.41664144561094335
GROUP,radius4_pristine,412,413,1.80874268389726311,0.02207709285908434,0.34308820696697961
GROUP,radius4_pristine,413,414,1.80878249143317738,0.02146379573219850,0.33622624233876969
GROUP,radius4_pristine,414,415,1.80881592129368851,0.00014438567806252,0.88450865237569309
GROUP,radius4_pristine,415,416,1.80884415857115011,0.00039095289777236,0.86784149147779355
GROUP,radius4_pristine,416,417,1.80887569630103373,0.00477784708046461,0.51109711929846335
GROUP,radius4_pristine,417,418,1.80890177519167206,0.00048025007809188,0.77788782801966849
GROUP,radius4_pristine,418,419,1.80895218098746957,0.00406786461870662,0.54139779969404234
GROUP,radius4_pristine,419,420,1.80898949319751901,0.00109299620677424,0.68483127734846494
GROUP,radius4_pristine,420,421,1.80908756013642047,0.00057738679852043,0.72804982524250761
GROUP,radius4_pristine,421,422,1.80913040923922086,0.00206832737998587,0.31511616115064356
GROUP,radius4_pristine,422,423,1.80918132252250996,0.00074545097819112,0.34923909585130714
GROUP,radius4_pristine,423,424,1.80922540756858030,0.00317366051921405,0.53117445167554611
GROUP,radius4_pristine,424,425,1.80930188133079151,0.00037812468868837,0.41907000857962845
GROUP,radius4_pristine,425,426,1.80933817469989355,0.00746528307193628,0.33931644677816253
GROUP,radius4_pristine,426,427,1.80941807470901184,0.00914240230312147,0.47867676631157063
GROUP,radius4_pristine,427,428,1.80951431865519297,0.02533907659636525,0.19236092996963200
GROUP,radius4_pristine,428,429,1.80953138754934972,0.00728557449004848,0.36596125328206397
GROUP,radius4_pristine,429,430,1.80959259018509000,0.01925887621394690,0.24335688651093978
GROUP,radius4_pristine,430,486,1.80964100577050857,0.98229067668645220,10.81794037240415207
GROUP,radius4_pristine,486,495,2.18173716801692974,0.00000000000000000,9.00000000000001954
GROUP,radius4_pristine,495,496,2.19738380809606459,0.00000000000343077,0.99956486322833171
GROUP,radius4_pristine,496,497,2.19784799709243339,0.00000000000412548,0.99798634738601710
GROUP,radius4_pristine,497,498,2.19862581409309099,0.00000000012188547,0.99469110853958875
GROUP,radius4_pristine,498,499,2.19971339567449364,0.00000000036278182,0.98937572692130016
GROUP,radius4_pristine,499,500,2.20107943314933774,0.00000002011037667,0.98249627808329176
GROUP,radius4_pristine,500,501,2.20262412461320567,0.00000025375437731,0.97528543124753431
GROUP,radius4_pristine,501,502,2.20410777083022191,0.00000076823972814,0.96888316894259630
GROUP,radius4_pristine,502,503,2.20510226223057648,0.00000036570376518,0.95958671528667616
GROUP,radius4_pristine,503,504,2.21858624796401704,0.00000000053690437,0.87761070367853944
GROUP,radius4_pristine,504,505,2.21874681356416303,0.00000000131819261,0.88086215550196745
GROUP,radius4_pristine,505,506,2.21902561680143284,0.00000002206560097,0.88381143433266984
GROUP,radius4_pristine,506,507,2.21943814863518485,0.00000022622740598,0.88391122726561722
GROUP,radius4_pristine,507,508,2.22000101194026245,0.00000054600138512,0.87985578106643625
GROUP,radius4_pristine,508,509,2.22071815395125061,0.00000506930584200,0.87354865518518421
GROUP,radius4_pristine,509,510,2.22153924332127151,0.00001402599304111,0.87117371761584528
GROUP,radius4_pristine,510,511,2.22223618773447029,0.00005614880121030,0.87701500817530320
GROUP,radius4_pristine,511,512,2.22332530405907791,0.00000201212294429,0.94392547862419229
GROUP,radius4_pristine,512,568,2.23664264422176196,0.98229067668541192,10.81794037240386785
GROUP,radius4_pristine,568,569,2.23773367955402724,0.02121062580720174,0.23670508266852386
GROUP,radius4_pristine,569,570,2.23911128644048629,0.01685413129885904,0.31823026258661058
GROUP,radius4_pristine,570,571,2.23955727944422511,0.01936601257645914,0.21785296967713480
GROUP,radius4_pristine,571,572,2.24178481884019210,0.00740079503595394,0.46822410339227089
GROUP,radius4_pristine,572,573,2.24359628447747816,0.01283090926448869,0.24512352388502145
GROUP,radius4_pristine,573,574,2.24425714792464914,0.00140890620813959,0.44094603267356541
GROUP,radius4_pristine,574,575,2.24608552583220966,0.00948383101869968,0.42730539367725323
GROUP,radius4_pristine,575,576,2.24708652206425530,0.00231516437476473,0.38316831637936949
GROUP,radius4_pristine,576,577,2.24797128968822024,0.00271607226068444,0.34761901814244939
GROUP,radius4_pristine,577,578,2.25025645385138784,0.00083419655602134,0.74139158735444166
GROUP,radius4_pristine,578,579,2.25194629135271729,0.00860398447560171,0.45718283232511742
GROUP,radius4_pristine,579,580,2.25314849755109092,0.00656087051542981,0.31639845365555208
GROUP,radius4_pristine,580,581,2.25375659684118901,0.00956937532249880,0.70646598988511466
GROUP,radius4_pristine,581,582,2.25456434027235364,0.02306971923425878,0.38664053294003609
GROUP,radius4_pristine,582,583,2.25574536872274489,0.01885918608257250,0.45550756717960289
GROUP,radius4_pristine,583,584,2.25660194308003970,0.00256628985338369,0.83255495105605704
GROUP,radius4_pristine,584,585,2.25809635637614825,0.00117944286664922,0.89506121628580426
GROUP,radius4_pristine,585,586,2.25876508414450816,0.01174251571751966,0.37334206687302368
GROUP,radius4_pristine,586,587,2.25910949907113157,0.00020136330441223,0.92907441246781142
GROUP,radius4_pristine,587,588,2.25917930678675560,0.01316791141872209,0.36858271206850945
GROUP,radius4_pristine,588,589,2.26250824512305382,0.01288034464093570,0.42397935272100590
GROUP,radius4_pristine,589,590,2.26427666093194047,0.00402630094418174,0.44402817563325486
GROUP,radius4_pristine,590,591,2.26621529373676234,0.03029450196572951,0.28346807637423393
GROUP,radius4_pristine,591,592,2.26689510058020272,0.00405741890068473,0.26147343008270457
GROUP,radius4_pristine,592,593,2.26788565643254580,0.01295601987159503,0.34979243374504271
GROUP,radius4_pristine,593,594,2.26895887031978516,0.00381576464467513,0.42591422962388459
GROUP,radius4_pristine,594,595,2.27294890803519323,0.01433871713397970,0.44589002273378792
GROUP,radius4_pristine,595,596,2.27348599783676297,0.00685671988697546,0.32813459571781101
GROUP,radius4_pristine,596,597,2.27523829780514131,0.02000886915573585,0.39893750892571089
GROUP,radius4_pristine,597,598,2.27658740072747712,0.00987382209712104,0.42744091495109615
GROUP,radius4_pristine,598,599,2.27866734014244887,0.00045628022520213,0.33922942997257588
GROUP,radius4_pristine,599,600,2.28035579056321946,0.02883481481421765,0.37453265401398222
GROUP,radius4_pristine,600,601,2.28158845361346208,0.02113426991246418,0.33993291548883092
GROUP,radius4_pristine,601,602,2.28218537453329695,0.00345248442574302,0.32286024904195937
GROUP,radius4_pristine,602,603,2.28303096008161610,0.00746073860189877,0.37435344085006500
GROUP,radius4_pristine,603,604,2.28397176305570326,0.00667051141826635,0.44600111191102337
GROUP,radius4_pristine,604,605,2.28825374483608357,0.00504981047815135,0.49965990456813303
GROUP,radius4_pristine,605,606,2.28851568246449366,0.01569780361673002,0.41316650530455956
GROUP,radius4_pristine,606,607,2.28968083448990001,0.01634228221451444,0.37601534834848765
GROUP,radius4_pristine,607,608,2.29091597355169885,0.00664757086853448,0.35832076553878633
GROUP,radius4_pristine,608,609,2.29193623741082053,0.01787083713597272,0.33876382409972239
GROUP,radius4_pristine,609,610,2.29362606636991284,0.01100265095520742,0.31535431618783244
GROUP,radius4_pristine,610,611,2.29462949616900636,0.02659162199485307,0.40042380256715715
GROUP,radius4_pristine,611,612,2.29557298292566614,0.01990016802199242,0.36663356573046996
GROUP,radius4_pristine,612,613,2.29698814051756450,0.00038606430501715,0.50007691760585760
GROUP,radius4_pristine,613,614,2.29796732559738448,0.01214944686649080,0.40620783527559795
GROUP,radius4_pristine,614,615,2.29939063740152294,0.00770299076875880,0.32961778037776079
GROUP,radius4_pristine,615,616,2.29968626071452453,0.01491752519803810,0.33848558593757189
GROUP,radius4_pristine,616,617,2.30125594498854769,0.00686068198404442,0.50040111134605525
GROUP,radius4_pristine,617,618,2.30190061852143790,0.01116336468621613,0.36248981863730506
GROUP,radius4_pristine,618,619,2.30282666525554358,0.00292073541083584,0.39686395368495631
GROUP,radius4_pristine,619,620,2.30569775514702924,0.00396805491355887,0.60035941348957222
GROUP,radius4_pristine,620,621,2.30655427137672975,0.00208179410636922,0.34842319520637927
GROUP,radius4_pristine,621,622,2.30737516231526429,0.03719629809950858,0.30603815484021824
GROUP,radius4_pristine,622,623,2.30762796958486938,0.02214704011401771,0.26978941905089837
GROUP,radius4_pristine,623,624,2.30794208133270073,0.00845889185057391,0.34056938284788496
GROUP,radius4_pristine,624,625,2.30906929794058779,0.00994538039116297,0.44278981826239305
GROUP,radius4_pristine,625,626,2.30976415592562745,0.00396163770425946,0.28826742811183359
GROUP,radius4_pristine,626,627,2.31129947906771971,0.01252369793412129,0.39535247357134518
GROUP,radius4_pristine,627,628,2.31272720896761852,0.01552353905703469,0.38487728861242892
GROUP,radius4_pristine,628,629,2.31533622646720127,0.00774990930415057,0.24150504946953466
GROUP,radius4_pristine,629,630,2.31538391765054463,0.00272601668537515,0.22358347288168820
GROUP,radius4_pristine,630,631,2.31592259577489390,0.02562351697274132,0.23955034179883294
GROUP,radius4_pristine,631,632,2.31604776845559712,0.02090415207364531,0.24046337118070560
GROUP,radius4_pristine,632,633,2.31659800313423636,0.00650687153373891,0.30516554214200742
GROUP,radius4_pristine,633,634,2.31707057962810303,0.00749944192764192,0.30672229503584614
GROUP,radius4_pristine,634,635,2.31790907210421437,0.01870826803807955,0.24942598481511807
GROUP,radius4_pristine,635,636,2.31832599515899807,0.01240962061462754,0.32968944574130593
GROUP,radius4_pristine,636,637,2.32043528594763249,0.04871952074046517,0.20522792072748275
GROUP,radius4_pristine,637,638,2.32080592637473337,0.01394630425560724,0.21133190669738539
GROUP,radius4_pristine,638,639,2.32287438459187889,0.00824044924485052,0.25195377057490570
GROUP,radius4_pristine,639,640,2.32303334865310207,0.00109218433193562,0.28573677976875683
GROUP,radius4_pristine,640,641,2.32421927628885117,0.02993145758016108,0.23075873393742213
GROUP,radius4_pristine,641,642,2.32424076813275171,0.02202141244404902,0.22726644859732886
GROUP,radius4_pristine,642,643,2.32847980655949982,0.01150455016647778,0.18152145604221157
GROUP,radius4_pristine,643,644,2.32860797803280217,0.01990572433637939,0.19804137161884827
GROUP,radius4_pristine,644,645,2.33127608156760058,0.00609227391857769,0.19107156189734650
GROUP,radius4_pristine,645,646,2.33129063159802419,0.00578147990011384,0.19332689262856195
GROUP,radius4_pristine,646,647,2.33773181015102249,0.03038282753611075,0.12557720689630084
GROUP,radius4_pristine,647,648,2.33777802698686976,0.04651916069244249,0.12577794226659980
GROUP,radius4_pristine,648,649,2.35868483460567058,0.00038429955624056,0.79765520665643974
GROUP,radius4_pristine,649,650,2.35905549681982496,0.00001937117043420,0.79903747635366607
GROUP,radius4_pristine,650,651,2.35986543805223548,0.00041635207225752,0.79702410654825173
GROUP,radius4_pristine,651,652,2.36125980045301898,0.00139534081872062,0.78380718953481565
GROUP,radius4_pristine,652,653,2.36343474258898345,0.00043428795438197,0.75677219365197212
GROUP,radius4_pristine,653,654,2.36609531114937344,0.00165809909221876,0.79084538638710300
GROUP,radius4_pristine,654,655,2.36766393791386287,0.00056365661190696,0.77269270489921027
GROUP,radius4_pristine,655,656,2.37059997301172043,0.00417006815223368,0.66518081693925901
GROUP,radius4_pristine,656,657,2.37357587159153294,0.00363366234496476,0.62835220986195461
GROUP,radius4_pristine,657,658,2.37727529446525221,0.00611353997886893,0.57442240471112516
GROUP,radius4_pristine,658,659,2.38063383551025032,0.00222898528683025,0.57958170861216118
GROUP,radius4_pristine,659,660,2.38298300286537401,0.01586396096847588,0.49384204308989532
GROUP,radius4_pristine,660,661,2.38417661361716648,0.00805911537226133,0.41136243943712569
GROUP,radius4_pristine,661,662,2.38559329602310566,0.01241562178297411,0.53024148650908942
GROUP,radius4_pristine,662,663,2.38708324382605053,0.00360505894689729,0.71694895253318391
GROUP,radius4_pristine,663,664,2.38847087055154850,0.01604656755309291,0.58897831352889829
GROUP,radius4_pristine,664,665,2.38955691011461102,0.02939247930196415,0.50546408662785747
GROUP,radius4_pristine,665,666,2.39217031068637809,0.00768089537080062,0.40939791930595887
GROUP,radius4_pristine,666,667,2.39277617385892638,0.01208696041281002,0.29931080671613186
GROUP,radius4_pristine,667,668,2.39286865401578863,0.01752842409191527,0.32873274520218981
GROUP,radius4_pristine,668,669,2.39525841309934373,0.00494448107882181,0.32488740403153055
GROUP,radius4_pristine,669,670,2.39638119442582109,0.00029568864689674,0.30748073797443642
GROUP,radius4_pristine,670,671,2.39940996782702864,0.04883972867830333,0.32659842016245599
GROUP,radius4_pristine,671,672,2.39944377744136705,0.02848063469152175,0.27216429522895541
GROUP,radius4_pristine,672,673,2.39949888063249706,0.01371381752627265,0.24305130808095160
GROUP,radius4_pristine,673,674,2.39993834974675435,0.00080939092785229,0.41939138998207454
GROUP,radius4_pristine,674,675,2.40042175846562955,0.00392416742114031,0.38970894762087693
GROUP,radius4_pristine,675,676,2.40100795542817602,0.00625254116130520,0.27848971668670519
GROUP,radius4_pristine,676,677,2.40124613515433927,0.05271026414643873,0.17585528422571631
GROUP,radius4_pristine,677,678,2.40284817455471122,0.00338145912696080,0.27536362280543314
GROUP,radius4_pristine,678,679,2.40423438931172395,0.04050001119751562,0.15218380411434163
GROUP,radius4_pristine,679,680,2.40449130667731970,0.00032952038100003,0.34386482833792220
GROUP,radius4_pristine,680,681,2.40540888915410012,0.00762181819219000,0.30719840061489917
GROUP,radius4_pristine,681,682,2.40629054611501703,0.00174283068831004,0.35371886388827911
GROUP,radius4_pristine,682,683,2.40648420040131361,0.00173083382143678,0.36712557182623307
GROUP,radius4_pristine,683,684,2.40695400576635077,0.00430103707864281,0.33702665495095019
GROUP,radius4_pristine,684,685,2.40731757611816422,0.00273412954967172,0.39751263056884750
GROUP,radius4_pristine,685,686,2.40747989734444046,0.01092043722882271,0.39534031669341602
GROUP,radius4_pristine,686,687,2.41007678911108769,0.03494634649179404,0.37060156016786339
GROUP,radius4_pristine,687,688,2.41081819194856140,0.00144082622183745,0.35234758978232816
GROUP,radius4_pristine,688,689,2.41291729634875196,0.00126253430587565,0.37006552361605916
GROUP,radius4_pristine,689,690,2.41303418410772341,0.00023125947599445,0.36539654641161151
GROUP,radius4_pristine,690,691,2.41447540901540236,0.07175903314035290,0.33963195700816573
GROUP,radius4_pristine,691,692,2.41493496626845427,0.01013221714801204,0.40167133066518856
GROUP,radius4_pristine,692,693,2.41524528829217378,0.00350453475584460,0.31488811900416713
GROUP,radius4_pristine,693,694,2.41589989202016220,0.00306248662901788,0.40317974995360295
GROUP,radius4_pristine,694,695,2.41691405537936133,0.02680015406315406,0.38526414474225568
GROUP,radius4_pristine,695,696,2.42009314097139683,0.00252396677657148,0.42869123692001998
GROUP,radius4_pristine,696,697,2.42057319754369482,0.01846631064092868,0.34659593949067180
GROUP,radius4_pristine,697,698,2.42235755633478123,0.00177261225793206,0.38587472584194354
GROUP,radius4_pristine,698,699,2.42236568336571922,0.01353522009643556,0.38653846014899285
GROUP,radius4_pristine,699,700,2.42263231248574851,0.00324893571707518,0.38953091953622132
GROUP,radius4_pristine,700,701,2.42621530253570450,0.02480791726225742,0.26346904636726443
GROUP,radius4_pristine,701,702,2.42682610613282801,0.00008711415818383,0.41152139729151238
GROUP,radius4_pristine,702,703,2.42719807918765884,0.00824501547062574,0.36566288075089809
GROUP,radius4_pristine,703,704,2.42855150580508949,0.00426926339315401,0.37685798654754593
GROUP,radius4_pristine,704,705,2.42971213436973210,0.05573457749098307,0.37146995933197041
GROUP,radius4_pristine,705,706,2.42998316375438206,0.00027024200281497,0.37645531678138605
GROUP,radius4_pristine,706,707,2.43364897571773131,0.00407184106796157,0.36499619122523547
GROUP,radius4_pristine,707,708,2.43401901281026678,0.00045512396100301,0.35180298474441285
GROUP,radius4_pristine,708,709,2.43653996326269962,0.00047478779571075,0.34986223585905768
GROUP,radius4_pristine,709,710,2.43656344693666638,0.00649935313715986,0.34471523426946454
GROUP,radius4_pristine,710,711,2.43804701694136838,0.08241947707692830,0.27937680678062410
GROUP,radius4_pristine,711,712,2.43963397507032065,0.00127955466483655,0.34214480072266518
GROUP,radius4_pristine,712,713,2.43981294018393990,0.00873192814182433,0.32642080251467476
GROUP,radius4_pristine,713,714,2.44307800902983274,0.00370151405077092,0.32333848268622978
GROUP,radius4_pristine,714,715,2.44326026756310544,0.02476812302420466,0.30332881481448609
GROUP,radius4_pristine,715,716,2.44543960281692385,0.00603492727292957,0.29974255839014158
GROUP,radius4_pristine,716,717,2.44831305782303899,0.01439869164259205,0.24133702287674699
GROUP,radius4_pristine,717,718,2.44884749512808009,0.00003258119574903,0.27731787798533447
GROUP,radius4_pristine,718,719,2.44890174458514043,0.00500295134639379,0.26773176713442881
GROUP,radius4_pristine,719,720,2.45048671442856936,0.00004807918218009,0.25703685176848712
GROUP,radius4_pristine,720,721,2.45419729498466621,0.00019512297053284,0.22250778336907376
GROUP,radius4_pristine,721,722,2.45424046179566036,0.05042612122025175,0.22401314920816273
GROUP,radius4_pristine,722,723,2.45694384708861513,0.05397526094874898,0.18113138189300365
GROUP,radius4_pristine,723,724,2.45859594515346869,0.00195076244489389,0.17640658647070312
GROUP,radius4_pristine,724,725,2.45861081916035573,0.00073574735334806,0.17136006536476070
GROUP,radius4_pristine,725,726,2.46232194068636545,0.02202457553527948,0.12748099058574552
GROUP,radius4_pristine,726,727,2.46349423890959329,0.00272507211302833,0.10752705099395940
GROUP,radius4_pristine,727,728,2.46534591172610984,0.00108500557304886,0.08368514096116368
GROUP,radius4_pristine,728,729,2.46806522165400244,0.04922924223514008,0.04125727711775836
COUNT,radius4_defect,728,52,81
MODE,radius4_defect,0,1.09864534173524397,0.00823439814078548,121.44178395345477384,0.00615215718415864,0.06665500455669759,0.92719283825914378
MODE,radius4_defect,1,1.10041009648653731,0.01063386699382207,94.03916755597632005,0.00085267680692351,0.08634205018969386,0.91280527300338266
MODE,radius4_defect,2,1.10246995781831214,0.01269734228049870,78.75663882321708797,0.00281037223844527,0.10691563953857432,0.89027398822298043
MODE,radius4_defect,3,1.10432595327991301,0.01008964886675272,99.11147684189360518,0.00280324397660714,0.13907656792808104,0.85812018809531176
MODE,radius4_defect,4,1.10776701298840807,0.01197998430517427,83.47256344635533765,0.00006890359643151,0.17257198480716435,0.82735911159640407
MODE,radius4_defect,5,1.10777185477358397,0.01198893568263357,83.41023978037834752,0.00140106199390896,0.18236567066846529,0.81623326733762569
MODE,radius4_defect,6,1.11054140036728533,0.01074950488768386,93.02754037962621680,0.00398296223399100,0.20407267089089801,0.79194436687511105
MODE,radius4_defect,7,1.11253805558304175,0.01186836812342123,84.25758196921647425,0.00028706524310787,0.22441159387308202,0.77530134088381009
MODE,radius4_defect,8,1.11476134653115699,0.01158341062843452,86.33035917290524708,0.01688610980303424,0.26321370783832959,0.71990018235863618
MODE,radius4_defect,9,1.11656214531924713,0.01134983192378714,88.10703160318929861,0.00007806132840886,0.25675230656068043,0.74316963211091069
MODE,radius4_defect,10,1.11830804475325141,0.01259829354976272,79.37582943674418345,0.00000632372175728,0.27416935472450366,0.72582432155373910
MODE,radius4_defect,11,1.11832227176821042,0.01269567041633262,78.76701010712504569,0.00605207950932107,0.25806506751355851,0.73588285297712042
MODE,radius4_defect,12,1.11918895365968596,0.01696912229889107,58.93056708450678371,0.01033522326933067,0.21616923701948995,0.77349553971117935
MODE,radius4_defect,13,1.12209961769704769,0.01228169705635718,81.42197250195042102,0.00078921817147218,0.30032068411204776,0.69889009771648003
MODE,radius4_defect,14,1.12443670940200224,0.01353266468979283,73.89527657138079064,0.00374018591454014,0.31496901116468151,0.68129080292077826
MODE,radius4_defect,15,1.12516562343098303,0.01377018441972929,72.62066865039554386,0.00392219064158776,0.28109075308102799,0.71498705627738435
MODE,radius4_defect,16,1.12805373498238870,0.01306980485129372,76.51223651598859021,0.00015128496360811,0.33608228421054137,0.66376643082585041
MODE,radius4_defect,17,1.12809379278815780,0.01348238968671295,74.17082751921284967,0.00081751594906986,0.30203638727280124,0.69714609677812889
MODE,radius4_defect,18,1.13133136581607396,0.01719188645073482,58.16697329089547708,0.00297728967373097,0.32263867548289354,0.67438403484337539
MODE,radius4_defect,19,1.13134880336427512,0.01692648818122016,59.07900028013456506,0.00046736050105482,0.32528854667066676,0.67424409282827846
MODE,radius4_defect,20,1.13224682367604346,0.01839382419515648,54.36607360112330412,0.01801970664165749,0.29389702082925839,0.68808327252908408
MODE,radius4_defect,21,1.13393470275302666,0.01688249516233995,59.23295048416279229,0.00028588617551991,0.33603575545460007,0.66367835836987998
MODE,radius4_defect,22,1.13454068536827379,0.01609413673195644,62.13442924306743009,0.00216138442753852,0.35516959874016379,0.64266901683229771
MODE,radius4_defect,23,1.13812671457449932,0.01263226899323707,79.16234213626779592,0.00023055562308276,0.33199273546661423,0.66777670891030305
MODE,radius4_defect,24,1.13953066479775589,0.01570370004712658,63.67926011061177860,0.00530869784816751,0.33434582846451039,0.66034547368732199
MODE,radius4_defect,25,1.14006291686972738,0.01642694286533108,60.87559981172706358,0.02043736172423185,0.32683135988457068,0.65273127839119749
MODE,radius4_defect,26,1.14130423242891643,0.01427324813554740,70.06113748625367066,0.00014920155339062,0.37602734368769020,0.62382345475891920
MODE,radius4_defect,27,1.14133645579932441,0.01461474258671872,68.42405838257863593,0.00212410686434279,0.29364228250119323,0.70423361063446399
MODE,radius4_defect,28,1.14339703003468762,0.01501660443320093,66.59295078646756849,0.01535455094089869,0.27031285658941501,0.71433259246968639
MODE,radius4_defect,29,1.14561881241897079,0.01777476175721511,56.25954449679647240,0.00554620021471127,0.31476831353796808,0.67968548624732061
MODE,radius4_defect,30,1.14580030105419772,0.01494996953144071,66.88976843042641462,0.00172990261349816,0.32086847758396353,0.67740161980253832
MODE,radius4_defect,31,1.14587340476219190,0.01450007782558794,68.96514708599177368,0.00518132247033893,0.30154522850105470,0.69327344902860633
MODE,radius4_defect,32,1.14784263837702838,0.01813907504276328,55.12960267502490552,0.00317820686718670,0.30889326687293356,0.68792852625987977
MODE,radius4_defect,33,1.14836258911463540,0.01786804826489058,55.96582151420128781,0.00357426438286441,0.40767824266988950,0.58874749294724604
MODE,radius4_defect,34,1.15165968076065472,0.01310867039709109,76.28538743501457020,0.00185171498401803,0.27692577616971009,0.72122250884627181
MODE,radius4_defect,35,1.15181394916879221,0.01452912359654816,68.82727601254494232,0.00152398227017020,0.39088649503712086,0.60758952269270883
MODE,radius4_defect,36,1.15240172861842760,0.01945751371407549,51.39402776196447320,0.00423959354041259,0.22491261002445243,0.77084779643513501
MODE,radius4_defect,37,1.15305321860959586,0.01785254231076761,56.01443103130799273,0.01005093695294805,0.28851687022615269,0.70143219282089930
MODE,radius4_defect,38,1.15469007426384107,0.02068206632474606,48.35106822974943697,0.00013664271444780,0.29142526715816880,0.70843809012738346
MODE,radius4_defect,39,1.15471060185009122,0.01984143740039981,50.39957437659479922,0.00005258100929577,0.31096108205383921,0.68898633693686506
MODE,radius4_defect,40,1.15524649179981975,0.01795166556772793,55.70513756660665194,0.00493926008831134,0.29278195143118013,0.70227878848050851
MODE,radius4_defect,41,1.15646850235394894,0.01997318761672107,50.06712094181823858,0.00033933004084756,0.27930602220062573,0.72035464775852676
MODE,radius4_defect,42,1.15836947826663117,0.02493315461695091,40.10723935109862737,0.01289829616649770,0.34811005729801286,0.63899164653548945
MODE,radius4_defect,43,1.15996860346852149,0.01680775051243240,59.49636147087721838,0.00483402862677019,0.23725993721811778,0.75790603415511204
MODE,radius4_defect,44,1.15998955780535229,0.01640056101245778,60.97352396911333017,0.00005074432561814,0.25051654737128864,0.74943270830309316
MODE,radius4_defect,45,1.16039498212963577,0.02014070662400727,49.65069094487589751,0.00253929444242428,0.27902124165432673,0.71843946390324898
MODE,radius4_defect,46,1.16052058497384047,0.01800198482205718,55.54943023697786941,0.00363441019450656,0.27892479119241104,0.71744079861308241
MODE,radius4_defect,47,1.16072902265689581,0.01705967640681466,58.61775898636272331,0.00181326663534794,0.24431986070580144,0.75386687265885055
MODE,radius4_defect,48,1.16185783548557886,0.01617229653813739,61.83413701584107969,0.01419441437687972,0.14800938898553645,0.83779619663758376
MODE,radius4_defect,49,1.16192320335674748,0.01733624237291144,57.68262686281655505,0.00322475166007491,0.42475494738410435,0.57202030095582068
MODE,radius4_defect,50,1.16256491594114131,0.01922631975196808,52.01203417506027193,0.00637857591694446,0.15745074617623225,0.83617067790682331
MODE,radius4_defect,51,1.16386433912593712,0.02643821485647030,37.82403635906858597,0.00419164570694412,0.43429767766324057,0.56151067662981535
MODE,radius4_defect,52,1.16531306240944477,0.01689966921348840,59.17275583133037031,0.00743064105983890,0.14363909695410884,0.84893026198605226
MODE,radius4_defect,53,1.16582081037803076,0.01889327781612341,52.92887818262038735,0.00852600791497767,0.24234558408371457,0.74912840800130776
MODE,radius4_defect,54,1.16587234988924604,0.01772348027269981,56.42232702683909196,0.00002992203219085,0.22625809503774397,0.77371198293006516
MODE,radius4_defect,55,1.16596243033335112,0.02083584600863900,47.99421149423825028,0.00298200192791100,0.26638964181628555,0.73062835625580347
MODE,radius4_defect,56,1.16624350044902414,0.01848376627255451,54.10152807898479921,0.00401148179857337,0.21060523818172872,0.78538328001969793
MODE,radius4_defect,57,1.16944672813683748,0.02124327729606542,47.07371588964831943,0.00338683797870444,0.14306866227023918,0.85354449975105640
MODE,radius4_defect,58,1.17020807326765808,0.02174581081295180,45.98586866231726589,0.00488451017236001,0.14430301399869372,0.85081247582894626
MODE,radius4_defect,59,1.17130968907832544,0.02549486765461126,39.22358074367685532,0.00652104541335875,0.13560048322176080,0.85787847136488049
MODE,radius4_defect,60,1.17134525639296605,0.02609054082598912,38.32806712093476875,0.00010033113627037,0.13096935403155238,0.86893031483217720
MODE,radius4_defect,61,1.17332983036600424,0.02719465514277564,36.77193164428319250,0.00930331330408119,0.14741465680011709,0.84328202989580170
MODE,radius4_defect,62,1.17543290479582874,0.02609135126210247,38.32687659425649684,0.01056177432811529,0.06976493850755251,0.91967328716433216
MODE,radius4_defect,63,1.18058981428517651,0.03925332364860169,25.47554976368536472,0.00033999659473880,0.77174068965585763,0.22791931374940355
MODE,radius4_defect,64,1.18393938522182629,0.04152685540888663,24.08080241457442128,0.00069506332743577,0.81511636229139939,0.18418857438116487
MODE,radius4_defect,65,1.18941725836125300,0.04657198523443629,21.47213598402885637,0.00045098174810683,0.84535534587584460,0.15419367237604853
MODE,radius4_defect,66,1.19677724918238115,0.05509976362327838,18.14889818470152250,0.00002446431107201,0.86127016006007062,0.13870537562885732
MODE,radius4_defect,67,1.20560398517937961,0.05095575205733446,19.62486980615689092,0.01234382685148205,0.86460694120770853,0.12304923194080941
MODE,radius4_defect,68,1.20810077587578668,0.30409875990902108,3.28840538612908384,0.54204126468499469,0.02172128450007540,0.43623745081492993
MODE,radius4_defect,69,1.21555715665825281,0.06831511459369642,14.63804907519356036,0.00110604918266193,0.91346974825928484,0.08542420255805327
MODE,radius4_defect,70,1.22544548166962963,0.08576083726387100,11.66033392285077674,0.00002468049750651,0.95670692286564429,0.04326839663684923
MODE,radius4_defect,71,1.23352674451931987,0.10903722200391730,9.17118009448254057,0.00000020762688399,0.98866855935918874,0.01133123301392724
MODE,radius4_defect,72,1.25395374559130857,0.04952301877652540,20.19263010828439064,0.00000008525603114,0.98959412390044033,0.01040579084352855
MODE,radius4_defect,73,1.25643773106660483,0.05346531473933196,18.70371482662097407,0.00000230746567505,0.96599279699149221,0.03400489554283270
MODE,radius4_defect,74,1.26048433444878571,0.05317479591131777,18.80590198536444646,0.00001628577536714,0.93920695459202541,0.06077675963260742
MODE,radius4_defect,75,1.26517833337731656,0.05391529670887334,18.54761192170942508,0.00000393295511150,0.92379931368757107,0.07619675335731746
MODE,radius4_defect,76,1.26971443094396563,0.03858288132034312,25.91823020414865653,0.00003871780064559,0.91637423105155602,0.08358705114779841
MODE,radius4_defect,77,1.27356345202256716,0.05832973226591328,17.14391548106555874,0.00011442465943496,0.91002165623950282,0.08986391910106217
MODE,radius4_defect,78,1.27646471209087453,0.06282706149892470,15.91670812134219126,0.00004544580044194,0.90204128750068846,0.09791326669886957
MODE,radius4_defect,79,1.27837193336693011,0.06656914761973570,15.02197392870824189,0.00000519529858431,0.89400006071847593,0.10599474398293973
MODE,radius4_defect,80,1.27931607189987884,0.06865548728991200,14.56547815001724722,0.00008324042799671,0.88911699654816245,0.11079976302384087
MODE,radius4_defect,81,1.32698993315499303,0.01648320878461541,60.66779915651793686,0.00108911952717407,0.20872930664711400,0.79018157382571197
MODE,radius4_defect,82,1.32807306501515798,0.02568330702228083,38.93579589001051033,0.00620427561190054,0.35090952620448951,0.64288619818361004
MODE,radius4_defect,83,1.32939079191328569,0.02302394564312752,43.43304208149451284,0.00211768224871603,0.47071827265409727,0.52716404509718673
MODE,radius4_defect,84,1.32982548594212413,0.01999244512040858,50.01889433620029024,0.00096923594341704,0.37214519848073302,0.62688556557584996
MODE,radius4_defect,85,1.33122955578048030,0.02129949134534903,46.94947798452287202,0.00074259844683148,0.58997038997756690,0.40928701157560166
MODE,radius4_defect,86,1.33202411189086756,0.03313230613678432,30.18202221938830832,0.00203445962665534,0.62624028484222272,0.37172525553112190
MODE,radius4_defect,87,1.33252327453170749,0.03622102017543904,27.60827815330518220,0.00055663470200210,0.64190646648969552,0.35753689880830242
MODE,radius4_defect,88,1.33284250712426933,0.04193303620753674,23.84754576441252993,0.00009559685535555,0.67232713793857302,0.32757726520607144
MODE,radius4_defect,89,1.33330219698127550,0.02599849400365427,38.46376639583211698,0.00333488104337833,0.52600524265387250,0.47065987630274919
MODE,radius4_defect,90,1.33545819264680210,0.01394078283747929,71.73198317898879850,0.00302152260623055,0.30952112129866721,0.68745735609510228
MODE,radius4_defect,91,1.33574053324253295,0.02068647867434003,48.34075512525108564,0.00412113283893313,0.30151766030866606,0.69436120685240077
MODE,radius4_defect,92,1.33752007991346833,0.01355588945706829,73.76867472746921806,0.00423254955849364,0.32296782437873323,0.67279962606277310
MODE,radius4_defect,93,1.33925873320822530,0.01530321863635778,65.34573044811463660,0.00295551745461332,0.30521878864170388,0.69182569390368287
MODE,radius4_defect,94,1.34200246460474348,0.01417604505939935,70.54153650118058749,0.00403355191941238,0.28539106783646762,0.71057538024412004
MODE,radius4_defect,95,1.34263659419469716,0.01508802424698263,66.27773018060892696,0.00857089214601217,0.26768655634276439,0.72374255151122346
MODE,radius4_defect,96,1.34340062678367711,0.01284906378132202,77.82668192943717145,0.00166271351094049,0.22485879062646802,0.77347849586259154
MODE,radius4_defect,97,1.34478163250816718,0.01533354651910327,65.21648457218631734,0.01989719807069181,0.20401746354174730,0.77608533838756089
MODE,radius4_defect,98,1.34607327759138684,0.01252477504038747,79.84175338681880874,0.00267635218774777,0.28600443228205719,0.71131921553019506
MODE,radius4_defect,99,1.34712750186430208,0.01451675600282633,68.88591361632764176,0.00012482738599242,0.23261414439557115,0.76726102821843645
MODE,radius4_defect,100,1.34823011845077367,0.01395182570028112,71.67520735152611167,0.00190757920735487,0.20482579901073011,0.79326662178191509
MODE,radius4_defect,101,1.34860036097403491,0.01994303069059383,50.14283012018087504,0.00664950897489639,0.15902677633297338,0.83432371469213029
MODE,radius4_defect,102,1.34950789623537615,0.01420565782141488,70.39448736351445746,0.01430941722201713,0.19143111291134285,0.79425946986663998
MODE,radius4_defect,103,1.35139797360675207,0.01269719285753069,78.75756564624450107,0.00820698849986707,0.35583521066105445,0.63595780083907849
MODE,radius4_defect,104,1.35213559460563104,0.01208921495766365,82.71835710606467273,0.00598311324027952,0.33429617125059435,0.65972071550912603
MODE,radius4_defect,105,1.35389972088488442,0.01341082891889502,74.56660628867335561,0.00476506132491300,0.30302871615537508,0.69220622251971187
MODE,radius4_defect,106,1.35417535069165540,0.01135043201433833,88.10237343713079383,0.00658786963642043,0.39335910935448370,0.60005302100909585
MODE,radius4_defect,107,1.35576650573157953,0.01542575540015425,64.82664699778658246,0.01033552217757415,0.28302007934672324,0.70664439847570260
MODE,radius4_defect,108,1.35605569829244210,0.01392912367234679,71.79202536519079558,0.00323184128162500,0.25917202907279541,0.73759612964557952
MODE,radius4_defect,109,1.35855586212189894,0.01276477808688991,78.34057068544358060,0.00261448422734059,0.40682548128234308,0.59056003449031635
MODE,radius4_defect,110,1.36167251913340404,0.01499379601459005,66.69425134415109824,0.00156813517627265,0.46779853131683441,0.53063333350689290
MODE,radius4_defect,111,1.36222940547609328,0.01726626085099493,57.91641911528152775,0.00345805185462296,0.33300785077998807,0.66353409736538893
MODE,radius4_defect,112,1.36339989874913936,0.01406580856702817,71.09438431745130060,0.01548087355264770,0.26427502592757224,0.72024410051978005
MODE,radius4_defect,113,1.36441214913799413,0.02192832383557775,45.60312076281650917,0.00186164497921594,0.59091367010120899,0.40722468491957509
MODE,radius4_defect,114,1.36515023909829813,0.01891219375063740,52.87593883529755345,0.01107713133744292,0.45419260139186612,0.53473026727069095
MODE,radius4_defect,115,1.36708256547243101,0.01109289735002938,90.14777370110174104,0.00597947111561393,0.36096068244931817,0.63305984643506785
MODE,radius4_defect,116,1.36792085926515772,0.01442961326160989,69.30192666081416064,0.01140014807892654,0.41941339123177873,0.56918646068929468
MODE,radius4_defect,117,1.37032927450394415,0.01284958341166638,77.82353465965918815,0.00154770243336031,0.50974037672940087,0.48871192083723880
MODE,radius4_defect,118,1.37179583661286109,0.01117662146901486,89.47247634469121635,0.00360927919041291,0.30402120219576961,0.69236951861381746
MODE,radius4_defect,119,1.37186039156819461,0.01223221306970675,81.75135556431027339,0.03892733134212951,0.27966768625457422,0.68140498240329617
MODE,radius4_defect,120,1.37573998225003091,0.01129967673425083,88.49810693865838118,0.00175018149132727,0.44833544592105984,0.54991437258761300
MODE,radius4_defect,121,1.37730719393455048,0.01297260817390256,77.08550097209703722,0.02064726851401081,0.40192656244102604,0.57742616904496313
MODE,radius4_defect,122,1.37851705709188233,0.01214148290256452,82.36226233854681311,0.02089594170598873,0.33878450407067850,0.64031955422333275
MODE,radius4_defect,123,1.37953701378659233,0.01227920205995180,81.43851653532649948,0.00830597963970378,0.40363850916914779,0.58805551119114841
MODE,radius4_defect,124,1.38323471774764517,0.01019882921036188,98.05047024260517219,0.03548333986178002,0.35708091659360502,0.60743574354461494
MODE,radius4_defect,125,1.38748011977612729,0.01096002638795711,91.24065623590118435,0.01756221860486477,0.36480782203237827,0.61762995936275700
MODE,radius4_defect,126,1.38807552831805681,0.01116960867737032,89.52865126116772387,0.00444943500064712,0.47355155347335715,0.52199901152599582
MODE,radius4_defect,127,1.39045653876390030,0.01049380943837655,95.29427858132568474,0.00361307986076249,0.45939826398313166,0.53698865615610580
MODE,radius4_defect,128,1.39181928664161991,0.03758940204174865,26.60324308669104099,0.00073737997577825,0.86493098004226865,0.13433163998195308
MODE,radius4_defect,129,1.39271439222383631,0.01043940302301596,95.79091810089903447,0.00563098333510013,0.37938183711080919,0.61498717955409066
MODE,radius4_defect,130,1.39378229657101649,0.01234870046976961,80.98018106828830298,0.00111407009753893,0.50897540583859635,0.48991052406386471
MODE,radius4_defect,131,1.39738819569272610,0.03684846328748259,27.13817377398475017,0.00074741960452753,0.84977655630177185,0.14947602409370064
MODE,radius4_defect,132,1.39913891920334743,0.01017202981273415,98.30879562976909369,0.00937580300834855,0.44481551825184507,0.54580867873980643
MODE,radius4_defect,133,1.40126422358788361,0.01115191727214656,89.67067954293712262,0.00272180036068250,0.42603463166431810,0.57124356797499942
MODE,radius4_defect,134,1.40377420617647997,0.01405752697746000,71.13626753862263286,0.02084550196410777,0.49202624706054265,0.48712825097534962
MODE,radius4_defect,135,1.40606842543435007,0.01041395859365766,96.02496409089071960,0.00668872309287928,0.41465218938184317,0.57865908752527750
MODE,radius4_defect,136,1.40830459850008793,0.01743445962228149,57.35767105290638312,0.01030964652726816,0.59512182260105773,0.39456853087167409
MODE,radius4_defect,137,1.41076468461188664,0.01041436109625427,96.02125284091304991,0.03717840209456095,0.43684424521719833,0.52597735268824075
MODE,radius4_defect,138,1.41329614420585936,0.01213708364809313,82.39211568399393570,0.05662250553430566,0.47101866561766798,0.47235882884802632
MODE,radius4_defect,139,1.41542705999337559,0.01037541286888546,96.38170669804117097,0.04085725719758241,0.36908175966799778,0.59006098313441990
MODE,radius4_defect,140,1.41873080713172550,0.01062070055016124,94.15574756834834602,0.00863947293571172,0.38804465832604057,0.60331586873824761
MODE,radius4_defect,141,1.42188489634928339,0.01304060378466203,76.68356592324123255,0.00913278139481903,0.44481842428448848,0.54604879432069253
MODE,radius4_defect,142,1.42208060523211399,0.01108071968717076,90.24684571326164928,0.02003307251156210,0.55019052946267499,0.42977639802576295
MODE,radius4_defect,143,1.42443157928760700,0.01250179627457474,79.98850549450472158,0.07521435526824451,0.38472762037427249,0.54005802435748307
MODE,radius4_defect,144,1.42754645712144668,0.00918936966471679,108.82139216137620963,0.00921245252178645,0.39669329833735895,0.59409424914085451
MODE,radius4_defect,145,1.43282913159855418,0.01233084572044277,81.09743829996537556,0.00863525425032506,0.59642431509263039,0.39494043065704454
MODE,radius4_defect,146,1.43666117915517932,0.01149409363079409,87.00120532521826533,0.00230716397166143,0.44313811399866626,0.55455472202967226
MODE,radius4_defect,147,1.43786086229400212,0.01285356492296787,77.79942809586722774,0.04358940200313238,0.38834799918842661,0.56806259880844090
MODE,radius4_defect,148,1.44397303410083677,0.01275201809658926,78.41896023245658398,0.00440916806928913,0.58815755580277451,0.40743327612793634
MODE,radius4_defect,149,1.44960254291083945,0.01150160243392163,86.94440672464075703,0.00176150167398838,0.39022344885460281,0.60801504947140883
MODE,radius4_defect,150,1.45012855776166760,0.01071103602868410,93.36165029433242069,0.00576382329552469,0.37519281021332440,0.61904336649115088
MODE,radius4_defect,151,1.45412315920927027,0.01294970122662313,77.22185882899847797,0.06034374178276559,0.40025843517707588,0.53939782304015860
MODE,radius4_defect,152,1.45785540618442777,0.01375518585686188,72.69985374288073388,0.07922725834004407,0.41224466770033025,0.50852807395962563
MODE,radius4_defect,153,1.46388819105817625,0.01186652533842369,84.27066655830665809,0.02946989459913005,0.34391642285722307,0.62661368254364680
MODE,radius4_defect,154,1.46544297701842829,0.01105299716568567,90.47319790368958081,0.04897167314319052,0.44368459672311289,0.50734373013369660
MODE,radius4_defect,155,1.47119858688061855,0.01222003196773245,81.83284648031569475,0.02061078780230883,0.36238147673398713,0.61700773546370402
MODE,radius4_defect,156,1.47623086447601159,0.01120726432624628,89.22784105824121070,0.01030589807329691,0.32386462372302860,0.66582947820367444
MODE,radius4_defect,157,1.47794455175444739,0.01204433004211795,83.02661887403363039,0.00369305564939962,0.44404884571192155,0.55225809863867892
MODE,radius4_defect,158,1.48853573650583693,0.01131095550223989,88.40986067021226802,0.02130061743267710,0.35944369988088232,0.61925568268644060
MODE,radius4_defect,159,1.49338151269306318,0.01371458456102561,72.91507778090638681,0.03669301512034181,0.25534497984366233,0.70796200503599582
MODE,radius4_defect,160,1.49786441509053847,0.01071541416464205,93.32350431210844022,0.00234299560805742,0.27411281009561500,0.72354419429632766
MODE,radius4_defect,161,1.50696678062004308,0.00999698768390178,100.03013223776468976,0.03665365812858956,0.17347592923851940,0.78987041263289104
MODE,radius4_defect,162,1.63371635000770854,0.01199310422802015,83.38124817289964597,0.00517783092215979,0.29189484150251432,0.70292732757532594
MODE,radius4_defect,163,1.63371635000771298,0.01512584159177133,66.11202384560301937,0.00267325728905982,0.18065800183942152,0.81666874087151864
MODE,radius4_defect,164,1.63371635000771298,0.00849025518834489,117.78208991559678509,0.00455299537817744,0.19001839691446606,0.80542860770735647
MODE,radius4_defect,165,1.63371635000771298,0.01325047464431670,75.46899464683802705,0.00183346272783388,0.17521070949128642,0.82295582778087972
MODE,radius4_defect,166,1.63371635000771298,0.00991563039970174,100.85087479965774548,0.00671405622763204,0.24374936236063258,0.74953658141173540
MODE,radius4_defect,167,1.63371635000771298,0.01614305655583915,61.94613743320420696,0.00724675244652873,0.12903130301775914,0.86372194453571216
MODE,radius4_defect,168,1.63371635000771298,0.00918566244564759,108.86531112122740694,0.00978557168229167,0.13864360685513494,0.85157082146257346
MODE,radius4_defect,169,1.63371635000771298,0.01184619769217171,84.41527197041693853,0.00315938611576664,0.13103780510845106,0.86580280877578231
MODE,radius4_defect,170,1.63371635000771298,0.01309971562698194,76.33753498742103716,0.00188293361384470,0.18950781912520093,0.80860924726095429
MODE,radius4_defect,171,1.63371635000771298,0.01306639634213179,76.53219555077795633,0.02640167586250733,0.17642198661160755,0.79717633752588513
MODE,radius4_defect,172,1.63371635000771298,0.01154873794557168,86.58954811451461353,0.00104536241859889,0.18346208869056360,0.81549254889083755
MODE,radius4_defect,173,1.63371635000771298,0.01131467634526059,88.38078699607461886,0.01202105979761440,0.25849220246192711,0.72948673774045858
MODE,radius4_defect,174,1.63371635000771298,0.00865954654484469,115.47948784862556693,0.00524693621186943,0.19643433024422005,0.79831873354391047
MODE,radius4_defect,175,1.63371635000771298,0.00890540576791195,112.29134596013690839,0.01018217189518064,0.28586014139506027,0.70395768670975900
MODE,radius4_defect,176,1.63371635000771298,0.00996491512644969,100.35208401782752219,0.00103530645389264,0.14711829533163207,0.85184639821447528
MODE,radius4_defect,177,1.63371635000771764,0.00889818834944324,112.38242670628234521,0.01090651812998534,0.19464654731987191,0.79444693455014281
MODE,radius4_defect,178,1.63371635000771787,0.01068654301164750,93.57563048312988485,0.03753629300460030,0.13438641128891390,0.82807729570648581
MODE,radius4_defect,179,1.63371635000771787,0.01249596523340518,80.02583084392095714,0.00363923659711744,0.14003782805678616,0.85632293534609638
MODE,radius4_defect,180,1.63371635000771787,0.01147673324337812,87.13280850863924343,0.00373917136767630,0.23324925276816091,0.76301157586416279
MODE,radius4_defect,181,1.63371635000771787,0.00958264076537834,104.35536763654499737,0.00905649675313223,0.25064708034929312,0.74029642289757458
MODE,radius4_defect,182,1.63371635000771787,0.00778978596346059,128.37323190787034832,0.00355856645822286,0.21486943450814242,0.78157199903363472
MODE,radius4_defect,183,1.63371635000771787,0.00918794233975723,108.83829730546857206,0.00214881369126345,0.20715263635381681,0.79069854995491973
MODE,radius4_defect,184,1.63371635000771787,0.00901675290561882,110.90466939344061359,0.01016694423607073,0.17477446525981491,0.81505859050411433
MODE,radius4_defect,185,1.63371635000771787,0.00871286980810589,114.77274675557126216,0.00131122014192215,0.23868400737888940,0.76000477247918841
MODE,radius4_defect,186,1.63371635000771787,0.01376594953427649,72.64300929696513265,0.00269198596492316,0.18402467217051274,0.81328334186456408
MODE,radius4_defect,187,1.63371635000771787,0.01117429060125063,89.49113958859098261,0.00210846477472555,0.11396166042413661,0.88392987480113783
MODE,radius4_defect,188,1.63371635000771787,0.00973490567681113,102.72313191303265967,0.00821797246690322,0.21658128559155679,0.77520074194153998
MODE,radius4_defect,189,1.63371635000771787,0.00965584149475048,103.56425181002222757,0.01910644358292318,0.21440612981403623,0.76648742660304059
MODE,radius4_defect,190,1.63371635000771787,0.00936367008665291,106.79573188139252693,0.01845173350546169,0.15280602704952184,0.82874223944501646
MODE,radius4_defect,191,1.63371635000771787,0.01105132978106024,90.48684817222620325,0.00060178066606427,0.28012294920018960,0.71927527013374615
MODE,radius4_defect,192,1.63371635000771787,0.01321282598502486,75.68403618827484536,0.00234474516138020,0.10725897930790795,0.89039627553071188
MODE,radius4_defect,193,1.63371635000771787,0.00915725655919020,109.20301222710666877,0.01798181001844386,0.23483918408822779,0.74717900589332831
MODE,radius4_defect,194,1.63371635000771787,0.01103671721913248,90.60665233557585907,0.00591580026186370,0.10038609070203092,0.89369810903610536
MODE,radius4_defect,195,1.63371635000771787,0.00900641172704439,111.03201033961254041,0.00177213780004494,0.15323378836685728,0.84499407383309777
MODE,radius4_defect,196,1.63371635000771787,0.01191931218979154,83.89745851748594418,0.00367452803355281,0.13461846842363118,0.86170700354281604
MODE,radius4_defect,197,1.63371635000771787,0.00885505552426325,112.92983959953221529,0.00670354291750202,0.16828440843863104,0.82501204864386701
MODE,radius4_defect,198,1.63371635000771787,0.00959219764345814,104.25139651725146450,0.00349769236487304,0.23804017131748870,0.75846213631763826
MODE,radius4_defect,199,1.63371635000771787,0.01049413002111106,95.29136745859814539,0.00510782331816502,0.32883977679317400,0.66605239988866094
MODE,radius4_defect,200,1.63371635000771787,0.01669618418185694,59.89392480987715572,0.00351822387528223,0.13994752830098825,0.85653424782372956
MODE,radius4_defect,201,1.63371635000771787,0.01043617613132026,95.82053689175248223,0.00214663599466874,0.19781120475824696,0.80004215924708422
MODE,radius4_defect,202,1.63371635000771787,0.00974708506319585,102.59477510624319052,0.01494316837328595,0.19023403964634386,0.79482279198037020
MODE,radius4_defect,203,1.63371635000771787,0.01322167954968763,75.63335627988546150,0.01663940509985458,0.15616153235768437,0.82719906254246101
MODE,radius4_defect,204,1.63371635000771787,0.01259407469565050,79.40241932544361703,0.02470264096251156,0.12115797165952329,0.85413938737796524
MODE,radius4_defect,205,1.63371635000771787,0.00755993160797413,132.27632892144310972,0.01580373463723415,0.20445300177027242,0.77974326359249346
MODE,radius4_defect,206,1.63371635000771787,0.01123885827873732,88.97700951455985319,0.03514069449491528,0.16478238621978794,0.80007691928529678
MODE,radius4_defect,207,1.63371635000771787,0.01387506162483796,72.07175197044782067,0.03734435061257391,0.13827205556491484,0.82438359382251125
MODE,radius4_defect,208,1.63371635000771787,0.01872167143118319,53.41403430114579720,0.00183069192085037,0.18075573249754284,0.81741357558160677
MODE,radius4_defect,209,1.63371635000771787,0.01802737331063910,55.47119831427888670,0.00163240448154734,0.13561659904071785,0.86275099647773479
MODE,radius4_defect,210,1.63371635000771787,0.00980818427802331,101.95567004594805383,0.02252805425873113,0.13327323688550585,0.84419870885576298
MODE,radius4_defect,211,1.63371635000771787,0.01101557965964197,90.78051549694859546,0.00132152889104280,0.22348911678597710,0.77518935432298020
MODE,radius4_defect,212,1.63371635000772253,0.03578338043878177,27.94593433425890439,0.00220588559823124,0.27596944017121666,0.72182467423055208
MODE,radius4_defect,213,1.63371635000772342,0.01233539420303706,81.06753489513879174,0.01653781815171207,0.20599359449352103,0.77746858735476687
MODE,radius4_defect,214,1.63371635000772342,0.01500251656322277,66.65548381738861394,0.00478187032262124,0.35854295029046596,0.63667517938691276
MODE,radius4_defect,215,1.63371635000772342,0.01010650616112442,98.94616240838890064,0.00910489561777302,0.20411223459731170,0.78678286978491530
MODE,radius4_defect,216,1.63371635000772830,0.03930552341743866,25.44171691544834246,0.00036300150783853,0.44739012884261259,0.55224686964954883
MODE,radius4_defect,217,1.63554328626143497,0.00430656879264603,232.20341950826767174,0.01265890724172224,0.29498985735733657,0.69235123540094112
MODE,radius4_defect,218,1.63737013426633315,0.00598204556519025,167.16689786166759291,0.00042280090762303,0.41789176590111332,0.58168543319126365
MODE,radius4_defect,219,1.63860836323740311,0.00499713702734090,200.11458451683188287,0.00607403095072191,0.28124559007564071,0.71268037897363734
MODE,radius4_defect,220,1.64038268744377591,0.01084818673587535,92.18130406005676036,0.00272911915684232,0.55150369717298586,0.44576718367017176
MODE,radius4_defect,221,1.64331573682485121,0.01366590807029778,73.17479342433554734,0.00203202502465527,0.63141777411520184,0.36655020086014289
MODE,radius4_defect,222,1.64387246224303940,0.01044224546272626,95.76484325804389641,0.00509084451207260,0.58490482881283612,0.41000432667509124
MODE,radius4_defect,223,1.64592501523290169,0.02336473330518129,42.79954694703248919,0.00066797414531535,0.70822115718929868,0.29111086866538594
MODE,radius4_defect,224,1.64637917117512989,0.00897780203020118,111.38583771796442079,0.00096962356543038,0.45945544967600649,0.53957492675856311
MODE,radius4_defect,225,1.64768015497843368,0.04104913482998598,24.36104936539393506,0.00003699842812531,0.82462781464644763,0.17533518692542704
MODE,radius4_defect,226,1.64872468539613282,0.04429859034690720,22.57408175223835656,0.00002725742649555,0.84006909170642186,0.15990365086708258
MODE,radius4_defect,227,1.64945425575962612,0.04511166968006362,22.16721320873508105,0.00018762599563353,0.81815146596811283,0.18166090803625368
MODE,radius4_defect,228,1.64952788410558138,0.01156775262434415,86.44721515703199088,0.00088808214800720,0.53989691476172541,0.45921500309026742
MODE,radius4_defect,229,1.64986625063226344,0.05943599845272070,16.82482041242170112,0.00001607985037487,0.87189792736605343,0.12808599278357169
MODE,radius4_defect,230,1.65108819918680849,0.01205784188772696,82.93358042933428464,0.00413323703477217,0.51495596457385684,0.48091079839137096
MODE,radius4_defect,231,1.65540792772745093,0.00602516589151018,165.97053392489320345,0.00590491542225533,0.39357670494644603,0.60051837963129862
MODE,radius4_defect,232,1.65593139696141645,0.01119234784546297,89.34675850030596678,0.00049479132994294,0.52687158607115636,0.47263362259890074
MODE,radius4_defect,233,1.65941917927687399,0.01228241586168969,81.41720743385006642,0.00060575351515418,0.58970599770403109,0.40968824878081478
MODE,radius4_defect,234,1.66193632647657097,0.00790826880260455,126.44992538324636655,0.00394271070300848,0.55371368126477438,0.44234360803221717
MODE,radius4_defect,235,1.66267764102550997,0.00736476859695461,135.78159134741972025,0.00995642526300796,0.37268331243996766,0.61736026229702434
MODE,radius4_defect,236,1.66377337577855200,0.00938636425832918,106.53752320688280975,0.01026159711069508,0.55041401574385773,0.43932438714544719
MODE,radius4_defect,237,1.66674461961362042,0.01782343122713090,56.10591963223085088,0.00271925268666695,0.66357111976242356,0.33370962755090949
MODE,radius4_defect,238,1.66808493149905557,0.00703580590538494,142.13012886478821883,0.01696624248229668,0.38965669155653809,0.59337706596116524
MODE,radius4_defect,239,1.66980052233856346,0.01591156284046548,62.84737772312665527,0.00159704359139212,0.69293746062572159,0.30546549578288629
MODE,radius4_defect,240,1.67148793070665569,0.01782109428100494,56.11327700936273288,0.00053334344619291,0.72554612799669804,0.27392052855710902
MODE,radius4_defect,241,1.67170922361883845,0.00694803931634148,143.92549530455949025,0.00641036798125965,0.38446379741887737,0.60912583459986303
MODE,radius4_defect,242,1.67329774969854173,0.02994240561807241,33.39745018337563209,0.00017541751457097,0.68326736257689513,0.31655721990853392
MODE,radius4_defect,243,1.67467186895783726,0.03942460612407064,25.36486976820933847,0.00004470532180790,0.68408653473831038,0.31586875993988173
MODE,radius4_defect,244,1.67595902991749712,0.01185495160049197,84.35293822359435012,0.00524349014150507,0.58179237810605966,0.41296413175243529
MODE,radius4_defect,245,1.67614666136737323,0.03093686447764297,32.32389632513231703,0.00025424324181748,0.91963980740891804,0.08010594934926452
MODE,radius4_defect,246,1.67926479565321540,0.00799906976992102,125.01453653527434540,0.01703039918209598,0.32632811612702600,0.65664148469087813
MODE,radius4_defect,247,1.68001380133321199,0.02616699354118404,38.21608311348825993,0.00156768916672242,0.86776411065215719,0.13066820018112035
MODE,radius4_defect,248,1.68034977864199186,0.00845853956639073,118.22371842692717792,0.00289985102198297,0.40046513018379637,0.59663501879422065
MODE,radius4_defect,249,1.68259359779009943,0.04128739696180581,24.22046613704130991,0.00014422338888478,0.99208736150099686,0.00776841511011839
MODE,radius4_defect,250,1.68349676604094189,0.00828944777530512,120.63529768280508847,0.02478259501929428,0.33638581617392149,0.63883158880678426
MODE,radius4_defect,251,1.68619323349881189,0.01111161114846446,89.99594987970692728,0.01481285254476945,0.49854013772459460,0.48664700973063590
MODE,radius4_defect,252,1.68749314164096420,0.00923905270673168,108.23620470001091576,0.01857059209895435,0.26882067637139040,0.71260873152965520
MODE,radius4_defect,253,1.68848619471568129,0.00862007093167384,116.00832614097991780,0.02176383641111818,0.30953211239664002,0.66870405119224174
MODE,radius4_defect,254,1.69126601441961921,0.00920672305440509,108.61627900510546851,0.01313263248496025,0.42635117409629208,0.56051619341874770
MODE,radius4_defect,255,1.69365184444222328,0.00780611368502783,128.10471898686353143,0.00752036090389687,0.32719922933508966,0.66528040976101344
MODE,radius4_defect,256,1.69573058896529072,0.00848339064845830,117.87739613072417910,0.00861785263178599,0.33640763688978559,0.65497451047842847
MODE,radius4_defect,257,1.69646591378527112,0.00868269613472788,115.17159929164563437,0.01750167815972442,0.27228938579032752,0.71020893604994817
MODE,radius4_defect,258,1.69840759686437037,0.01008723901243917,99.13515470059155632,0.01239270862907018,0.49096398073003172,0.49664331064089812
MODE,radius4_defect,259,1.70105235433858626,0.00910352219753973,109.84759286578714921,0.00611568319892314,0.39903312254431494,0.59485119425676203
MODE,radius4_defect,260,1.70222963423138052,0.00790252710148538,126.54179949753502399,0.01348649924665628,0.33552801150171069,0.65098548925163313
MODE,radius4_defect,261,1.70278392034919968,0.00860953223390455,116.15032882529615677,0.01168610987369212,0.30292565251823300,0.68538823760807488
MODE,radius4_defect,262,1.70354246855893021,0.40098903240080547,2.49383379393892701,0.00000000000002193,0.99942469232647668,0.00057530767350134
MODE,radius4_defect,263,1.70512768880117616,0.01484947366153053,67.34245420365493828,0.01452062492387950,0.27180219120033255,0.71367718387578793
MODE,radius4_defect,264,1.70543100460118513,0.01008598446168818,99.14748568159315312,0.00810325702546892,0.38630380373468104,0.60559293923985003
MODE,radius4_defect,265,1.70745999427827266,0.01381268545488886,72.39721799688560111,0.01817901542907769,0.27976401612523732,0.70205696844568499
MODE,radius4_defect,266,1.70822059416797867,0.00989535039634950,101.05756339552267775,0.02234214204602613,0.35428570949848626,0.62337214845548761
MODE,radius4_defect,267,1.70900063376286848,0.00951012938156113,105.15104052515485478,0.01638271592529984,0.31999646976073559,0.66362081431396458
MODE,radius4_defect,268,1.70978212493399617,0.01037804717300200,96.35724171705949459,0.02109123900028403,0.31863618198728361,0.66027257901243241
MODE,radius4_defect,269,1.71097596135758501,0.02043394853558454,48.93816768984015653,0.02980456640655921,0.33723272819289424,0.63296270540054644
MODE,radius4_defect,270,1.71136980481469436,0.01114191288026980,89.75119539579318939,0.01304724897304883,0.33181416653919044,0.65513858448776063
MODE,radius4_defect,271,1.71238455493946118,0.00986222165306938,101.39703153891025522,0.00350719889363337,0.32336787710331938,0.67312492400304724
MODE,radius4_defect,272,1.71450640384012720,0.01133278574853869,88.23955752705772682,0.01209872367160175,0.29387834322383177,0.69402293310456653
MODE,radius4_defect,273,1.71491599184374555,0.01028243355504439,97.25324210915198364,0.02133529598438917,0.24832165742375872,0.73034304659185212
MODE,radius4_defect,274,1.71561476079819508,0.01053752942583708,94.89890462826033968,0.00332784260914248,0.32419836400519919,0.67247379338565838
MODE,radius4_defect,275,1.71598791445414833,0.01293670507836886,77.29943551639553334,0.00659954400165124,0.38961080634741818,0.60378964965093063
MODE,radius4_defect,276,1.71668231103508906,0.01220338762464554,81.94445925657845464,0.00223368345289285,0.18060969438341007,0.81715662216369700
MODE,radius4_defect,277,1.71754576511581436,0.01389814371520905,71.95205492843462025,0.00941861978658472,0.45920587477357716,0.53137550543983814
MODE,radius4_defect,278,1.71869371373489077,0.01601924729065502,62.42490560610545458,0.00936498955162222,0.27613187752475943,0.71450313292361833
MODE,radius4_defect,279,1.71935537988056963,0.01108548701544037,90.20803493857825117,0.01660857993232088,0.28076272047367723,0.70262869959400187
MODE,radius4_defect,280,1.71960132602139493,0.01190027432492415,84.03167630393039644,0.00770640617076364,0.22157242779152492,0.77072116603771135
MODE,radius4_defect,281,1.72020753203566024,0.01305377707656325,76.60618027524000695,0.00519125435725245,0.22817409803475289,0.76663464760799471
MODE,radius4_defect,282,1.72042559514620619,0.01514647392292597,66.02196690058549677,0.00637085619292892,0.19367355488052068,0.79995558892655039
MODE,radius4_defect,283,1.72077959059697960,0.01444652130549484,69.22081647570357177,0.00558660468563052,0.19800386789893187,0.79640952741543758
MODE,radius4_defect,284,1.72178685750695437,0.01365007057459894,73.25969448545369289,0.00124502385968109,0.32393429046219718,0.67482068567812181
MODE,radius4_defect,285,1.72216614938195622,0.01044445744770578,95.74456164974458261,0.01928156569557396,0.36562743985670754,0.61509099444771853
MODE,radius4_defect,286,1.72263983419201172,0.01362996862182749,73.36774043621539931,0.03893588349950072,0.23603555374768526,0.72502856275281402
MODE,radius4_defect,287,1.72334577696361424,0.01110519579265045,90.04793960155227239,0.01785916598400251,0.33318749847204698,0.64895333554395052
MODE,radius4_defect,288,1.72349906622707350,0.01129989628461206,88.49638747231483649,0.01839442627713480,0.23685536083604852,0.74475021288681664
MODE,radius4_defect,289,1.72367365834117314,0.01438274112425646,69.52777578075868803,0.00179462600826780,0.19806365848909485,0.80014171550263735
MODE,radius4_defect,290,1.72379207873015328,0.01470102594599896,68.02246344393131494,0.00254489379440272,0.24287273552702310,0.75458237067857414
MODE,radius4_defect,291,1.72391890531133352,0.01526462192349344,65.51095762554867008,0.00286850182717944,0.23136312612880161,0.76576837204401893
MODE,radius4_defect,292,1.72404154531479215,0.01628105924019280,61.42106513139609802,0.02571993634061949,0.14263478653065781,0.83164527712872260
MODE,radius4_defect,293,1.72458054605571087,0.01102265366671522,90.72225529680483191,0.01339927375490074,0.36879565666665282,0.61780506957844650
MODE,radius4_defect,294,1.72522175410302236,0.02289195442971338,43.68346980029002680,0.00947450499462959,0.42510766265390515,0.56541783235146537
MODE,radius4_defect,295,1.72596677977764790,0.01559126603739967,64.13847327094812556,0.00725424187047465,0.18332558689243306,0.80942017123709231
MODE,radius4_defect,296,1.72604268895305846,0.01444495452656543,69.22832454480351316,0.00518834584589034,0.18862559427357009,0.80618605988053960
MODE,radius4_defect,297,1.72652831733130663,0.01716728736208821,58.25032102674380496,0.02179234038261826,0.14513933206599033,0.83306832755139149
MODE,radius4_defect,298,1.72658764364714279,0.01375710418534714,72.68971627510914857,0.01255401884833707,0.16283127246003426,0.82461470869162867
MODE,radius4_defect,299,1.72726718805448387,0.01669934102685693,59.88260245669199833,0.00367789950780639,0.42110231542467541,0.57521978506751825
MODE,radius4_defect,300,1.72806878227069083,0.01822118900527103,54.88116059334655006,0.00470760976171785,0.57024946063258941,0.42504292960569279
MODE,radius4_defect,301,1.72852449640708672,0.01889859328769008,52.91399125729463293,0.01328355948092168,0.12678415521178416,0.85993228530729415
MODE,radius4_defect,302,1.72892562432336616,0.01519520542481190,65.81023237547832139,0.03137104683966052,0.20390789003413093,0.76472106312620858
MODE,radius4_defect,303,1.72973749353470341,0.02089206722292752,47.86505755172819221,0.00738074262390667,0.43943965031037324,0.55317960706572011
MODE,radius4_defect,304,1.73119988804671410,0.02679594134840823,37.31908452096247686,0.00493473878982717,0.53986491856263608,0.45520034264753673
MODE,radius4_defect,305,1.73253747163219773,0.02980459617870554,33.55187213422033210,0.00132971566181428,0.61924742300530489,0.37942286133288083
MODE,radius4_defect,306,1.73338686970070044,0.03092089605684061,32.34058929475204280,0.00085213146743077,0.63703404691006715,0.36211382162250205
MODE,radius4_defect,307,1.73409385081590806,0.06291464054671449,15.89455159101630954,0.00022752079194307,0.56085407058068448,0.43891840862737241
MODE,radius4_defect,308,1.73598825222441322,0.05357471039845302,18.66552320232187867,0.00113515945039325,0.84192726103151005,0.15693757951809673
MODE,radius4_defect,309,1.73820012467264462,0.05647265246992308,17.70768604383498257,0.04943332455544367,0.81865985000147456,0.13190682544308174
MODE,radius4_defect,310,1.73855901200764329,0.42740439592908458,2.33970452696495235,0.65724248126078566,0.05949896421123165,0.28325855452798271
MODE,radius4_defect,311,1.73988370077247345,0.06908397088109124,14.47513782496985790,0.00016694086124352,0.88998022232280993,0.10985283681594660
MODE,radius4_defect,312,1.74104714376672209,0.07291799959609657,13.71403501932507396,0.00020135951798022,0.89621368104221899,0.10358495943980084
MODE,radius4_defect,313,1.74180984510170767,0.07713004924490396,12.96511553914339920,0.00027328669249369,0.89597945998654116,0.10374725332096513
MODE,radius4_defect,314,1.74223988683215536,0.08015272845237449,12.47618165106113075,0.00010292080724652,0.89376247788585861,0.10613460130689489
MODE,radius4_defect,315,1.74826283198306465,0.26255163227867523,3.80877464489951789,0.00000000000000000,1.00000000000000133,-0.00000000000000133
MODE,radius4_defect,316,1.74826283198306598,0.60822931977904404,1.64411672946525722,0.00000000000000000,0.99999999999999989,0.00000000000000011
MODE,radius4_defect,317,1.74826283198306953,0.19558880772894588,5.11276699117587796,0.00000000000000000,1.00000000000000155,-0.00000000000000155
MODE,radius4_defect,318,1.74826283198306953,0.20133792168204442,4.96677422537028868,0.00000000000000000,1.00000000000000111,-0.00000000000000111
MODE,radius4_defect,319,1.74826283198306953,0.16512414169473896,6.05604964686917757,0.00000000000000000,1.00000000000000244,-0.00000000000000244
MODE,radius4_defect,320,1.74826283198306953,0.20011436927667220,4.99714240219016759,0.00000000000000000,1.00000000000000289,-0.00000000000000289
MODE,radius4_defect,321,1.74826283198306953,0.15063970718506423,6.63835597324600357,0.00000000000000000,1.00000000000000266,-0.00000000000000266
MODE,radius4_defect,322,1.74826283198306953,0.12057322212365743,8.29371548994867602,0.00000000000000000,1.00000000000000133,-0.00000000000000133
MODE,radius4_defect,323,1.74826283198307464,0.22060126833310742,4.53306550572502687,0.00000000000000000,1.00000000000000289,-0.00000000000000289
MODE,radius4_defect,324,1.74999999999999667,0.80589839034438560,1.24085121893923711,0.00000000000000000,1.00000000000000200,-0.00000000000000200
MODE,radius4_defect,325,1.74999999999999667,0.82459935189193001,1.21271014548536482,0.00000000000000000,0.99999999999999856,0.00000000000000144
MODE,radius4_defect,326,1.74999999999999667,0.32632612187589677,3.06441909783827926,0.00000000000000000,1.00000000000000000,0.00000000000000000
MODE,radius4_defect,327,1.75000000000000222,0.42285981167892989,2.36484993934415932,0.00000000000000000,0.99999999999999911,0.00000000000000089
MODE,radius4_defect,328,1.75000000000000222,0.51346964320826394,1.94753480215849639,0.00000000000000000,1.00000000000000289,-0.00000000000000289
MODE,radius4_defect,329,1.75000000000000222,0.51346964320826483,1.94753480215849284,0.00000000000000000,1.00000000000000355,-0.00000000000000355
MODE,radius4_defect,330,1.75000000000000222,0.35230857294778078,2.83842085258657661,0.00000000000000000,1.00000000000000178,-0.00000000000000178
MODE,radius4_defect,331,1.75000000000000688,0.99752706034081884,1.00247907025032101,0.00000000000000000,1.00000000000000400,-0.00000000000000400
MODE,radius4_defect,332,1.75000000000000688,0.28235193768937406,3.54167925385423565,0.00000000000000000,1.00000000000000711,-0.00000000000000711
MODE,radius4_defect,333,1.77715990966958493,0.05778849849223956,17.30448144684518041,0.00000006947284744,0.97175523665527674,0.02824469387187578
MODE,radius4_defect,334,1.77774090268202967,0.05605528940115736,17.83952969796554555,0.00000010490424051,0.97554018997282010,0.02445970512293938
MODE,radius4_defect,335,1.77865682581922946,0.05349820329609459,18.69221653043815223,0.00000004074594884,0.97982469154899043,0.02017526770506073
MODE,radius4_defect,336,1.77982409436045130,0.04911698783676535,20.35955468856080230,0.00000000722317582,0.98340598147572966,0.01659401130109450
MODE,radius4_defect,337,1.78111974497181791,0.05119867985397875,19.53175360872684863,0.00000000431901506,0.98664104748432124,0.01335894819666372
MODE,radius4_defect,338,1.78238411064204971,0.04831231609199189,20.69865576504118465,0.00000000215800222,0.99077114766425067,0.00922885017774711
MODE,radius4_defect,339,1.78343727812308273,0.04630302826071106,21.59685959133082633,0.00000000024926716,0.99572324992738181,0.00427674982335102
MODE,radius4_defect,340,1.78412114341313033,0.04407929484785939,22.68638832475702927,0.00000000000996521,0.99916202234040441,0.00083797764963034
MODE,radius4_defect,341,1.79562916136439643,0.08125282985634043,12.30726365799266553,0.00000000038215844,0.89518171850928607,0.10481828110855551
MODE,radius4_defect,342,1.79577451166888946,0.08106856547251336,12.33523739036746925,0.00000000055927919,0.90914669184140040,0.09085330759932042
MODE,radius4_defect,343,1.79597882677579923,0.08177006464697158,12.22941432561330188,0.00000007254594798,0.92563003110813780,0.07436989634591418
MODE,radius4_defect,344,1.79620299869959554,0.08739833685702834,11.44186532560525116,0.00000015165445603,0.93992666295871852,0.06007318538682549
MODE,radius4_defect,345,1.79641381092848773,0.07891822911917797,12.67134363202518266,0.00000002050355327,0.95042810121959487,0.04957187827685183
MODE,radius4_defect,346,1.79658834565531023,0.08320462579372905,12.01856255539301799,0.00000008771563994,0.95765385346420706,0.04234605882015297
MODE,radius4_defect,347,1.79671260195565163,0.08696019827101822,11.49951379921446559,0.00000007328470311,0.96239536703765449,0.03760455967764242
MODE,radius4_defect,348,1.79677763088107389,0.09027917596494012,11.07675152449718503,0.00000002931872471,0.96482371885229823,0.03517625182897710
MODE,radius4_defect,349,1.79705766646591347,0.39750106332195212,2.51571654083868390,0.00000000000218223,0.99788363701249316,0.00211636298532458
MODE,radius4_defect,350,1.80456180387917042,0.01787812934125747,55.93426364201838652,0.04560162597066635,0.04772921755159306,0.90666915647774060
MODE,radius4_defect,351,1.80466961039315632,0.01563377528356055,63.96407661376161968,0.00328939354370319,0.07548166305381543,0.92122894340248140
MODE,radius4_defect,352,1.80477714026895564,0.01777357167684424,56.26331151564880884,0.00107947028829908,0.08721208313321066,0.91170844657849037
MODE,radius4_defect,353,1.80478610270179396,0.01928205083202914,51.86170333805543464,0.00616414423174172,0.08540933500801055,0.90842652076024777
MODE,radius4_defect,354,1.80485959228798909,0.01736876192168409,57.57462762798000000,0.00210741513185218,0.10499591703061871,0.89289666783752908
MODE,radius4_defect,355,1.80486219821608573,0.01539547446753225,64.95415273552725921,0.01885754406766080,0.13927311809592399,0.84186933783641515
MODE,radius4_defect,356,1.80505557010810236,0.01324865594979836,75.47935456918703778,0.02593345224567290,0.12338484833587017,0.85068169941845695
MODE,radius4_defect,357,1.80507477871357258,0.01521056088802141,65.74379520662634491,0.00124587411599896,0.23826690268018472,0.76048722320381634
MODE,radius4_defect,358,1.80508525400910336,0.01818562483018905,54.98848729904236876,0.00326831494684859,0.12756611311372992,0.86916557193942157
MODE,radius4_defect,359,1.80509615530962009,0.01371526329180676,72.91146941359714617,0.00385880060908675,0.16249593388809852,0.83364526550281481
MODE,radius4_defect,360,1.80513159857595773,0.01497086127153771,66.79642419111713991,0.01610126201312320,0.18452054638100038,0.79937819160587642
MODE,radius4_defect,361,1.80521038077028551,0.01297292195917144,77.08363645038595280,0.01123110911384579,0.20144040235949959,0.78732848852665460
MODE,radius4_defect,362,1.80527242864026949,0.01454437915492265,68.75508327638327444,0.00744753850666698,0.29134160548970245,0.70121085600363053
MODE,radius4_defect,363,1.80531914449422293,0.01273932598286224,78.49708857009107987,0.02686978175401278,0.15892268894424089,0.81420752930174634
MODE,radius4_defect,364,1.80534076739792138,0.01437611355135699,69.55982897795128395,0.00461062765153317,0.32863674141351445,0.66675263093495230
MODE,radius4_defect,365,1.80537956709365832,0.01359393441944960,73.56222040980604504,0.00305217932365076,0.20914104585578877,0.78780677482056050
MODE,radius4_defect,366,1.80539426575120787,0.01257534600611411,79.52067478014535595,0.00616474875129268,0.28177008840626833,0.71206516284243904
MODE,radius4_defect,367,1.80541811078962811,0.01367109237292478,73.14704434156791990,0.00801895600434588,0.18127429886976168,0.81070674512589247
MODE,radius4_defect,368,1.80542559714154272,0.01344804679765204,74.36024093659422363,0.00220983551223624,0.19021662023831890,0.80757354424944494
MODE,radius4_defect,369,1.80555802210505401,0.01355544794334601,73.77107744276881363,0.01162862629589984,0.29926483415254251,0.68910653955155765
MODE,radius4_defect,370,1.80562260250074780,0.01474578071365890,67.81600916346921792,0.00957065129124657,0.21511446110290139,0.77531488760585199
MODE,radius4_defect,371,1.80570618328103882,0.01411162511113050,70.86356051304488801,0.00066019449919577,0.25577338372034064,0.74356642178046362
MODE,radius4_defect,372,1.80572506650247555,0.01469974309797681,68.02839977098882684,0.00033062544422105,0.26050426432496882,0.73916511023081011
MODE,radius4_defect,373,1.80576311599480865,0.01541898857210689,64.85509703334302856,0.00478772299165127,0.19036350624592818,0.80484877076242056
MODE,radius4_defect,374,1.80584421357947855,0.01488717396072810,67.17191608279509296,0.00682148284473080,0.27381065127097531,0.71936786588429391
MODE,radius4_defect,375,1.80585142837645329,0.01272428124313242,78.58990074898908063,0.01577680903412235,0.20416361626769797,0.78005957469817966
MODE,radius4_defect,376,1.80588150805855663,0.01189703481491428,84.05455775807152463,0.00616046667536299,0.36365510367503223,0.63018442964960486
MODE,radius4_defect,377,1.80607663316446110,0.01424485301771990,70.20079454354836912,0.00829767648215228,0.20559557548190133,0.78610674803594638
MODE,radius4_defect,378,1.80613828409190513,0.01178379499267163,84.86230459897699063,0.00885026522335279,0.31810600914841508,0.67304372562823223
MODE,radius4_defect,379,1.80616843947697747,0.01207037590986120,82.84746121146274334,0.01266879322034854,0.32304355060037199,0.66428765617927943
MODE,radius4_defect,380,1.80627722403571855,0.01172634331678965,85.27807629239467246,0.00372802460782830,0.24890904912945030,0.74736292626272138
MODE,radius4_defect,381,1.80630461691096156,0.01362481181792968,73.39550911698037794,0.02179881131546837,0.24841755461962048,0.72978363406491120
MODE,radius4_defect,382,1.80648982026884486,0.01306107379771529,76.56338333950193942,0.00225056583742023,0.33580700295235849,0.66194243121022134
MODE,radius4_defect,383,1.80654506117404101,0.01153122857333152,86.72102834842057462,0.01412924135055361,0.28060302418351529,0.70526773446593105
MODE,radius4_defect,384,1.80658367602940562,0.01123118505404446,89.03779923382975880,0.00313347272234668,0.41978520062922892,0.57708132664842449
MODE,radius4_defect,385,1.80671835415491366,0.01248265727894528,80.11114762292785940,0.01146336436963306,0.33997806604916608,0.64855856958120084
MODE,radius4_defect,386,1.80676229704445102,0.01118671390380761,89.39175602404840504,0.01638128515181730,0.32048183418273252,0.66313688066545029
MODE,radius4_defect,387,1.80677743267255009,0.05048191541398286,19.80907403769018771,0.00003052618874942,0.93266735261908595,0.06730212119216461
MODE,radius4_defect,388,1.80690975733913839,0.01124365514033524,88.93904940330496345,0.01604516640354070,0.34474438616425701,0.63921044743220223
MODE,radius4_defect,389,1.80698924321257270,0.01560997752903917,64.06159125723947056,0.00954404684524049,0.42394450277697332,0.56651145037778616
MODE,radius4_defect,390,1.80703358418654680,0.03109470565097010,32.15981560413329277,0.00353311359368638,0.70985463686728023,0.28661224953903341
MODE,radius4_defect,391,1.80714179592120128,0.03778781473265386,26.46355728890198478,0.00311896007132660,0.35359167179494944,0.64328936813372395
MODE,radius4_defect,392,1.80719911263798272,0.01446210857313653,69.14621024609834876,0.00264740360422961,0.31104481198807737,0.68630778440769302
MODE,radius4_defect,393,1.80721836940310498,0.01085284831275018,92.14170982424735712,0.02794535072696073,0.27619823606241378,0.69585641321062552
MODE,radius4_defect,394,1.80723995102466883,0.01106074327159966,90.40983733594738680,0.00352852653040032,0.42912182497684059,0.56734964849275904
MODE,radius4_defect,395,1.80734588528046203,0.02067965370348500,48.35670917600891983,0.00305543689708377,0.53426461776410017,0.46267994533881607
MODE,radius4_defect,396,1.80738607130098838,0.01193719532301358,83.77177158793004708,0.00136612300878814,0.32074433103123029,0.67788954595998163
MODE,radius4_defect,397,1.80748804085520232,0.01496392218950799,66.82739908265185136,0.00155186139809150,0.28939537505694957,0.70905276354495894
MODE,radius4_defect,398,1.80751470602714503,0.02513934376307448,39.77828575894784535,0.00117874236016400,0.51389109546265266,0.48493016217718332
MODE,radius4_defect,399,1.80765630213919049,0.01068380100812276,93.59964672121026297,0.00422705046550771,0.34346625410450266,0.65230669542998965
MODE,radius4_defect,400,1.80772357077472678,0.02165425225112369,46.18030622360130621,0.00627849129895926,0.49337171053818063,0.50034979816286007
MODE,radius4_defect,401,1.80778218272562574,0.01113896433818291,89.77495300636979891,0.01400304961862822,0.29702531587998593,0.68897163450138588
MODE,radius4_defect,402,1.80792314442563873,0.01288550983476165,77.60655285072756726,0.00825694580029941,0.45754480880724430,0.53419824539245631
MODE,radius4_defect,403,1.80795361326966297,0.01281251464534339,78.04869127415530272,0.01227732778531068,0.47964356612695713,0.50807910608773221
MODE,radius4_defect,404,1.80807037471391419,0.01180482051325821,84.71115667340150424,0.00761142284708430,0.26499762219315115,0.72739095495976458
MODE,radius4_defect,405,1.80811315434755637,0.01058084264952482,94.51043108035538864,0.00874594243816325,0.37213696926034179,0.61911708830149492
MODE,radius4_defect,406,1.80817252499412540,0.01491946319992384,67.02654020455004513,0.00983706225850912,0.39252383647078759,0.59763910127070330
MODE,radius4_defect,407,1.80823197067030228,0.02550405488260001,39.20945138344428926,0.00520581469529563,0.47520195019692030,0.51959223510778396
MODE,radius4_defect,408,1.80840030004243291,0.01626162182008905,61.49448136622107342,0.00288276908086748,0.47986753624891315,0.51724969467021942
MODE,radius4_defect,409,1.80842452530041076,0.01052694670056477,94.99430636865957922,0.01400187650570213,0.33516448188945402,0.65083364160484380
MODE,radius4_defect,410,1.80858739432174209,0.00957575434232874,104.43041500966586455,0.00592461514506301,0.39441621161107704,0.59965917324385987
MODE,radius4_defect,411,1.80865942017585524,0.01847456592061414,54.12847069300763536,0.00544230620196319,0.38691455260262558,0.60764314119541130
MODE,radius4_defect,412,1.80874273460917423,0.00987037895160947,101.31323274441655258,0.02282864782341769,0.33770794200527648,0.63946341017130592
MODE,radius4_defect,413,1.80881591458947200,0.08497255487817584,11.76850574204445543,0.00011887772060043,0.88525444152583066,0.11462668075356897
MODE,radius4_defect,414,1.80883277942707887,0.01164281524542615,85.88987963137584813,0.00318870853997577,0.26845654246763989,0.72835474899238428
MODE,radius4_defect,415,1.80884422167476222,0.06808927616607566,14.68660053840068969,0.00055013180818455,0.85672022271025472,0.14272964548156075
MODE,radius4_defect,416,1.80888132140625624,0.01930268897614382,51.80625358652876855,0.00263557911205907,0.53529628942754526,0.46206813146039571
MODE,radius4_defect,417,1.80890314077680037,0.04165566007644766,24.00634147111751915,0.00017566364640871,0.73655877037061024,0.26326556598298101
MODE,radius4_defect,418,1.80895745218252113,0.01520451377495971,65.76994271575449602,0.00322936929456620,0.55648643142886123,0.44028419927657259
MODE,radius4_defect,419,1.80899095426468381,0.03062391329025065,32.65421993989114213,0.00131645531444708,0.66025309757774853,0.33843044710780434
MODE,radius4_defect,420,1.80908768124560670,0.03064464349162623,32.63213031906388295,0.00052783610327905,0.72841027877535569,0.27106188512136531
MODE,radius4_defect,421,1.80913250289564331,0.01055506889917612,94.74121008135296051,0.00258923381184387,0.32127863953652314,0.67613212665163303
MODE,radius4_defect,422,1.80918195077076027,0.00861148524706057,116.12398689776992455,0.00047824873693764,0.35157527960799273,0.64794647165506969
MODE,radius4_defect,423,1.80922940704285673,0.01589743534650455,62.90322798638555213,0.00091554974000754,0.52196301675263723,0.47712143350735525
MODE,radius4_defect,424,1.80930221319353812,0.00767314303113963,130.32469171260558483,0.00002991398318888,0.41699035781611571,0.58297972820069544
MODE,radius4_defect,425,1.80933838165253391,0.01045528574960976,95.64540118258599932,0.00706690276552314,0.33723878853660383,0.65569430869787304
MODE,radius4_defect,426,1.80941924242901986,0.01161897049689940,86.06614503986014597,0.00693399720151834,0.47967010188895082,0.51339590090953080
MODE,radius4_defect,427,1.80951842487565462,0.00820713823014843,121.84515137402706841,0.00621280495309754,0.22179961027663384,0.77198758477026863
MODE,radius4_defect,428,1.80953349705933064,0.00869465209230938,115.01322760050666716,0.00131516972685510,0.33343385237649736,0.66525097789664756
MODE,radius4_defect,429,1.80959292043346309,0.00589764499389549,169.55920558715820334,0.01576248579537907,0.24505327072110950,0.73918424348351142
MODE,radius4_defect,430,1.80964100577050946,0.03265873554771424,30.61967903010223324,0.00514943247785681,0.14462673055766101,0.85022383696448212
MODE,radius4_defect,431,1.80964100577050946,0.01646260445739031,60.74372998441842242,0.00276398757315383,0.23397884117744069,0.76325717124940540
MODE,radius4_defect,432,1.80964100577050946,0.01253854738644234,79.75405516920390880,0.05078787794922679,0.16222086461251550,0.78699125743825771
MODE,radius4_defect,433,1.80964100577050946,0.01424521098778567,70.19903045714337964,0.01877155499371729,0.12796612651397499,0.85326231849230771
MODE,radius4_defect,434,1.80964100577050946,0.01056854364828096,94.62041632979922667,0.00035775654382299,0.22752014262393591,0.77212210083224109
MODE,radius4_defect,435,1.80964100577050946,0.01442023070455046,69.34701812256301423,0.00494114664098307,0.14597541200873329,0.84908344135028357
MODE,radius4_defect,436,1.80964100577050946,0.01294348827282711,77.25892579509255143,0.00145265580295655,0.24894736457264793,0.74959997962439551
MODE,radius4_defect,437,1.80964100577050946,0.01116479502638274,89.56725113510555047,0.01596508986243621,0.12267863063971432,0.86135627949784954
MODE,radius4_defect,438,1.80964100577050946,0.02197490730863488,45.50644905824277231,0.00625359056631644,0.09930952718211686,0.89443688225156670
MODE,radius4_defect,439,1.80964100577050946,0.01370687802132704,72.95607347231533879,0.00785278333829324,0.17905718921508038,0.81309002744662640
MODE,radius4_defect,440,1.80964100577050946,0.01199128999716296,83.39386339889968269,0.00006146204166327,0.30114877881864960,0.69878975913968722
MODE,radius4_defect,441,1.80964100577050946,0.01199950336178201,83.33678235259007749,0.00723967856796722,0.20816292272687104,0.78459739870516176
MODE,radius4_defect,442,1.80964100577050946,0.01565759341146682,63.86677529048947832,0.00064894517432956,0.12612333881758728,0.87322771600808313
MODE,radius4_defect,443,1.80964100577050946,0.01256527485191321,79.58441114781808778,0.01399682574714585,0.13695920452555038,0.84904396972730378
MODE,radius4_defect,444,1.80964100577050946,0.01072844537054902,93.21014978974778842,0.00441381949225172,0.26506797095923645,0.73051820954851188
MODE,radius4_defect,445,1.80964100577050946,0.01076117513069872,92.92665418549600531,0.03065364140924206,0.23654481166776023,0.73280154692299770
MODE,radius4_defect,446,1.80964100577050946,0.01655721661560506,60.39662482023137358,0.00336098845847699,0.11011451300115599,0.88652449854036708
MODE,radius4_defect,447,1.80964100577050946,0.01447115693844466,69.10297526684679781,0.00028404076729238,0.30246137247556237,0.69725458675714524
MODE,radius4_defect,448,1.80964100577050946,0.01318280812169944,75.85637223634917348,0.00004075741466910,0.10734020487487524,0.89261903771045559
MODE,radius4_defect,449,1.80964100577050946,0.01158259372935528,86.33644789470336889,0.00220268118076315,0.26834069094587931,0.72945662787335752
MODE,radius4_defect,450,1.80964100577050946,0.01067062546142176,93.71521881405809040,0.00145604776724439,0.19491192896677106,0.80363202326598460
MODE,radius4_defect,451,1.80964100577050946,0.03449560302376908,28.98920187917727986,0.00084647232184274,0.13169283178733468,0.86746069589082253
MODE,radius4_defect,452,1.80964100577050946,0.01374687322004336,72.74381482924930253,0.00878867183914135,0.08802315646979006,0.90318817169106858
MODE,radius4_defect,453,1.80964100577050946,0.01043012815042012,95.87609908318536611,0.03395676714230645,0.15083722749744419,0.81520600536024934
MODE,radius4_defect,454,1.80964100577050946,0.01538236699930861,65.00950081641836675,0.01260369388688006,0.20280200478799129,0.78459430132512864
MODE,radius4_defect,455,1.80964100577050946,0.01207536671474697,82.81321997275293256,0.00000861035440277,0.28102648332843461,0.71896490631716259
MODE,radius4_defect,456,1.80964100577050946,0.01672392033836099,59.79459240225033767,0.00296934884460933,0.18328227427803379,0.81374837687735690
MODE,radius4_defect,457,1.80964100577050946,0.01283778205603677,77.89507530467582797,0.00553862442912979,0.16204077775748374,0.83242059781338651
MODE,radius4_defect,458,1.80964100577050946,0.01285790940224239,77.77314092955127478,0.00672241861684987,0.30663728862011752,0.68664029276303262
MODE,radius4_defect,459,1.80964100577050946,0.01453937627235744,68.77874134815675689,0.00556282140887008,0.22014295764787517,0.77429422094325473
MODE,radius4_defect,460,1.80964100577050946,0.01069455552177577,93.50552231589662711,0.00246497605894743,0.23691092784025858,0.76062409610079396
MODE,radius4_defect,461,1.80964100577050946,0.01410225329062324,70.91065373679764150,0.01091283280902443,0.10840069688085177,0.88068647031012381
MODE,radius4_defect,462,1.80964100577050946,0.01031888934452998,96.90965438350185934,0.01153500544574159,0.21501077990635539,0.77345421464790298
MODE,radius4_defect,463,1.80964100577050946,0.01791030258585105,55.83378590097017025,0.03516823826339841,0.23497705189656820,0.72985470984003342
MODE,radius4_defect,464,1.80964100577050946,0.01279547946113803,78.15260092731686825,0.01120606239014764,0.16751778237604165,0.82127615523381070
MODE,radius4_defect,465,1.80964100577050946,0.01322335382290617,75.62377997235080329,0.03604093219582244,0.17678219009172583,0.78717687771245182
MODE,radius4_defect,466,1.80964100577050946,0.01512833283586559,66.10113690976203316,0.02703655572104069,0.19292957688220216,0.78003386739675717
MODE,radius4_defect,467,1.80964100577050946,0.01249109171573951,80.05705367929859051,0.00328505895948660,0.17972902678074834,0.81698591425976508
MODE,radius4_defect,468,1.80964100577050946,0.01343557881488398,74.42924594303272556,0.00805899546826185,0.11802153951315855,0.87391946501857964
MODE,radius4_defect,469,1.80964100577051479,0.01272516360671416,78.58445132071788919,0.00931068677875138,0.19474511181430340,0.79594420140694522
MODE,radius4_defect,470,1.80964100577051479,0.01116498639532122,89.56571594382401713,0.00153478450209426,0.23533504850405776,0.76313016699384806
MODE,radius4_defect,471,1.80964100577051479,0.01114056391151487,89.76206302864089537,0.00029707612621248,0.27450741930075984,0.72519550457302773
MODE,radius4_defect,472,1.80964100577051479,0.01273277504991447,78.53747483010133124,0.00600218034935828,0.32148147544906636,0.67251634420157536
MODE,radius4_defect,473,1.80964100577051479,0.01541434731008356,64.87462491167775624,0.00828001968450374,0.11936319156270267,0.87235678875279354
MODE,radius4_defect,474,1.80964100577051479,0.01068197931935722,93.61560906487262912,0.00306257995393712,0.21752667332459513,0.77941074672146771
MODE,radius4_defect,475,1.80964100577051479,0.01495030825696612,66.88825292508924747,0.01417573559877336,0.18646269365332852,0.79936157074789804
MODE,radius4_defect,476,1.80964100577051479,0.01159576398024383,86.23838857911732703,0.00934047059829186,0.29463802284361856,0.69602150655808948
MODE,radius4_defect,477,1.80964100577051479,0.01994950049642929,50.12656834084580026,0.00228872540563730,0.15724231105295791,0.84046896354140477
MODE,radius4_defect,478,1.80964100577051479,0.01239609278171079,80.67058044897832758,0.01419782604074743,0.16215026409823524,0.82365190986101733
MODE,radius4_defect,479,1.80964100577051479,0.01444057133094727,69.24933765306933253,0.00639550499074891,0.20479872984203665,0.78880576516721446
MODE,radius4_defect,480,1.80964100577051479,0.03937368818282063,25.39767154544379224,0.00127750200191951,0.40424325010711287,0.59447924789096751
MODE,radius4_defect,481,1.80964100577051479,0.01117037051030792,89.52254529759856894,0.00089421984236549,0.20457184381128576,0.79453393634634872
MODE,radius4_defect,482,1.80964100577052212,0.01157966674726781,86.35827108201945634,0.00313893440648068,0.18266734054121103,0.81419372505230825
MODE,radius4_defect,483,1.80964100577052212,0.03054026769979666,32.74365535462081311,0.00135557630803859,0.21312138215467025,0.78552304153729113
MODE,radius4_defect,484,1.80964100577052212,0.01968410657571302,50.80240732052514119,0.00683081254684757,0.13227900051907096,0.86089018693408148
MODE,radius4_defect,485,1.84022963875291667,0.90200610071833676,1.10863995177374419,0.97498650690705946,0.00000000000003149,0.02501349309290906
MODE,radius4_defect,486,2.18173716801692175,0.12423851775194249,8.04903356941704118,0.00000000000000000,0.99999999999999623,0.00000000000000377
MODE,radius4_defect,487,2.18173716801692885,0.16441262775730203,6.08225787544829988,0.00000000000000000,1.00000000000000067,-0.00000000000000067
MODE,radius4_defect,488,2.18173716801692885,0.17520633382288373,5.70755621775010180,0.00000000000000000,1.00000000000000400,-0.00000000000000400
MODE,radius4_defect,489,2.18173716801693507,0.34693665381017547,2.88237056828000826,0.00000000000000000,1.00000000000000155,-0.00000000000000155
MODE,radius4_defect,490,2.18173716801693507,0.30654743096908160,3.26213792377486955,0.00000000000000000,0.99999999999999944,0.00000000000000056
MODE,radius4_defect,491,2.18173716801693507,0.27910488515444165,3.58288246888496298,0.00000000000000000,0.99999999999999989,0.00000000000000011
MODE,radius4_defect,492,2.18173716801693507,0.18258772375638255,5.47681946752481963,0.00000000000000000,0.99999999999999967,0.00000000000000033
MODE,radius4_defect,493,2.18173716801694351,0.08846063283063353,11.30446355628720312,0.00000000000000000,1.00000000000000400,-0.00000000000000400
MODE,radius4_defect,494,2.18173716801694351,0.25383552654874231,3.93955886946336031,0.00000000000000000,1.00000000000000355,-0.00000000000000355
MODE,radius4_defect,495,2.19738380809612188,0.06975463698442340,14.33596450689443991,0.00000000000176926,0.99956486323924909,0.00043513675898166
MODE,radius4_defect,496,2.19784799709248357,0.06926897027445210,14.43647849878348310,0.00000000000250661,0.99798634740052605,0.00201365259696729
MODE,radius4_defect,497,2.19862581409310964,0.06865314362251314,14.56597538342110454,0.00000000012137784,0.99469110853186526,0.00530889134675694
MODE,radius4_defect,498,2.19971339568264312,0.06828691107001929,14.64409481012592451,0.00000000017064361,0.98937572833051912,0.01062427149883727
MODE,radius4_defect,499,2.20107943346130019,0.06818974922480389,14.66496080962638082,0.00000001150696019,0.98249632341217163,0.01750366508086820
MODE,radius4_defect,500,2.20262412652290962,0.06889101170096062,14.51568173132309880,0.00000019356059645,0.97528570912470192,0.02471409731470164
MODE,radius4_defect,501,2.20410777377053568,0.07005636769066209,14.27421993123533461,0.00000065989133649,0.96888357366689393,0.03111576644176961
MODE,radius4_defect,502,2.20510226304217083,0.06588074176346179,15.17894263532125976,0.00000033129776051,0.95958678081262305,0.04041288788961639
MODE,radius4_defect,503,2.21858624796525472,0.03152033929898704,31.72554681326468895,0.00000000047069753,0.87761070357409421,0.12238929595520831
MODE,radius4_defect,504,2.21874681357667525,0.03122394538062600,32.02670219313429811,0.00000000067548928,0.88086215558962977,0.11913784373488090
MODE,radius4_defect,505,2.21902561685014277,0.03081115393880132,32.45577890351821537,0.00000001959316934,0.88381143270374629,0.11618854770308440
MODE,radius4_defect,506,2.21943814871372869,0.03173399928067207,31.51194374070149706,0.00000022276912619,0.88391128016925002,0.11608849706162383
MODE,radius4_defect,507,2.22000102041394198,0.02742610990514366,36.46160550871466199,0.00000012788875526,0.87985774838662212,0.12014212372462263
MODE,radius4_defect,508,2.22071819680657434,0.02785407131357080,35.90139440451526553,0.00000285293950281,0.87355652592717470,0.12644062113332244
MODE,radius4_defect,509,2.22153924334746433,0.02862491418948680,34.93460254170035739,0.00001402436393065,0.87117361098940804,0.12881236464666135
MODE,radius4_defect,510,2.22223700822446935,0.03284583484500018,30.44526055492302063,0.00000916253978466,0.87715088992931733,0.12283994753089800
MODE,radius4_defect,511,2.22332532377176229,0.08037757312386520,12.44128133178340789,0.00000079524563383,0.94392790300537821,0.05607130174898800
MODE,radius4_defect,512,2.23664264422176107,0.00946231489376095,105.68238440884665863,0.00068532593998728,0.19413942443280655,0.80517524962720621
MODE,radius4_defect,513,2.23664264422176107,0.02068632221537539,48.34112074580063023,0.00103564708794942,0.11445588461865590,0.88450846829339469
MODE,radius4_defect,514,2.23664264422176107,0.01066045348198243,93.80463989549149062,0.00467754458087450,0.19575911690097106,0.79956333851815442
MODE,radius4_defect,515,2.23664264422176107,0.00995370109869146,100.46514257208937693,0.04491594227604698,0.21095475814606846,0.74412929957788454
MODE,radius4_defect,516,2.23664264422176107,0.01195888606712091,83.61982833412416483,0.00006530543260378,0.18927107849955299,0.81066361606784332
MODE,radius4_defect,517,2.23664264422176107,0.00876013376710684,114.15350799263698889,0.03657115078808958,0.21569649500400701,0.74773235420790340
MODE,radius4_defect,518,2.23664264422176107,0.00980779420799561,101.95972496902206217,0.00637167689829002,0.17166779989615130,0.82196052320555868
MODE,radius4_defect,519,2.23664264422176107,0.00931235840348282,107.38418311155213303,0.00047411074176732,0.22049788563979528,0.77902800361843738
MODE,radius4_defect,520,2.23664264422176107,0.01151912189791559,86.81217273870089457,0.00004366637138661,0.12377496574212254,0.87618136788649081
MODE,radius4_defect,521,2.23664264422176107,0.01154412173203160,86.62417316904142695,0.00000383399065595,0.30410512602036865,0.69589103998897539
MODE,radius4_defect,522,2.23664264422176107,0.01379541268781864,72.48786409144545928,0.02245841861914680,0.11023602621048167,0.86730555517037156
MODE,radius4_defect,523,2.23664264422176107,0.00838262972778279,119.29430649735986947,0.00330492023203682,0.17991431407966124,0.81678076568830194
MODE,radius4_defect,524,2.23664264422176107,0.00863077166223389,115.86449498782954493,0.00217117305863005,0.15991858403008449,0.83791024291128546
MODE,radius4_defect,525,2.23664264422176107,0.00911266152836345,109.73742379078473164,0.00871983371029732,0.15590421777427851,0.83537594851542418
MODE,radius4_defect,526,2.23664264422176107,0.00952128584293554,105.02783095646316269,0.02023803707974841,0.25886937437405916,0.72089258854619254
MODE,radius4_defect,527,2.23664264422176107,0.00947020393103540,105.59434699424339499,0.00708612953432723,0.16997352414402472,0.82294034632164803
MODE,radius4_defect,528,2.23664264422176107,0.00794950161294673,125.79404957555816225,0.02546259632120675,0.26902745513165438,0.70550994854713889
MODE,radius4_defect,529,2.23664264422176107,0.00940417083801899,106.33579687400190039,0.01105023201235130,0.17021164498299618,0.81873812300465243
MODE,radius4_defect,530,2.23664264422176107,0.01281938772037246,78.00684571001849577,0.01651181995175033,0.12083075573771851,0.86265742431053116
MODE,radius4_defect,531,2.23664264422176107,0.00990297236718269,100.97978293001047234,0.00240923598854300,0.15239781140802558,0.84519295260343141
MODE,radius4_defect,532,2.23664264422176107,0.01199287413338663,83.38284792101070764,0.00049845807155158,0.32673548209392228,0.67276605983452620
MODE,radius4_defect,533,2.23664264422176107,0.02605593498716631,38.37897202662440321,0.00223149060824695,0.15168452697958640,0.84608398241216665
MODE,radius4_defect,534,2.23664264422176595,0.01806259707619753,55.36302425290640628,0.00009464395854028,0.45805005307184454,0.54185530296961515
MODE,radius4_defect,535,2.23664264422176684,0.00887014849537361,112.73768421369361192,0.00257372637362224,0.19832325755149954,0.79910301607487821
MODE,radius4_defect,536,2.23664264422176684,0.01351363125043153,73.99935527825410020,0.00151498367426162,0.13566784310463367,0.86281717322110474
MODE,radius4_defect,537,2.23664264422176684,0.01011163933589299,98.89593237867272535,0.00264830486251889,0.17833175281655789,0.81901994232092323
MODE,radius4_defect,538,2.23664264422176684,0.01088689442379776,91.85355906585181174,0.00448609642048355,0.26580867495285021,0.72970522862666620
MODE,radius4_defect,539,2.23664264422176684,0.01039901042829332,96.16299617117701359,0.01410127793550541,0.14434676720861123,0.84155195485588341
MODE,radius4_defect,540,2.23664264422176684,0.00793723295586845,125.98849064404018350,0.00162924684544799,0.27766583926317856,0.72070491389137348
MODE,radius4_defect,541,2.23664264422176684,0.01157269290670645,86.41031158966410430,0.00034363306566311,0.13582856062177859,0.86382780631255829
MODE,radius4_defect,542,2.23664264422176684,0.01787569856849488,55.94186969355455830,0.01217869620891120,0.21446123287584790,0.77336007091524084
MODE,radius4_defect,543,2.23664264422176684,0.00936575272651169,106.77198397191232004,0.01171822770577250,0.14796204277370414,0.84031972952052336
MODE,radius4_defect,544,2.23664264422176684,0.00950522521223947,105.20529263339737724,0.00089727641868528,0.17907039116702025,0.82003233241429441
MODE,radius4_defect,545,2.23664264422176684,0.01594463786590953,62.71700921712699284,0.00006474004744241,0.24592235623129255,0.75401290372126506
MODE,radius4_defect,546,2.23664264422176684,0.00866558307806729,115.39904366401070490,0.01161123949041537,0.22843038921135408,0.75995837129823052
MODE,radius4_defect,547,2.23664264422176684,0.01192755501786076,83.83947913068210767,0.00942107447952944,0.10022201089024058,0.89035691463022992
MODE,radius4_defect,548,2.23664264422176684,0.00938347847170980,106.57028766196829395,0.00450943398452057,0.22383795570468190,0.77165261031079757
MODE,radius4_defect,549,2.23664264422176684,0.01143914868319815,87.41909277469243023,0.00144276051027758,0.14088943766970966,0.85766780182001279
MODE,radius4_defect,550,2.23664264422176684,0.01234221158681405,81.02275617024440635,0.02429468062639175,0.15648787014158833,0.81921744923201989
MODE,radius4_defect,551,2.23664264422177173,0.00745414448225860,134.15355744446213748,0.03318538254905454,0.24833313403513166,0.71848148341581375
MODE,radius4_defect,552,2.23664264422177173,0.01002926503449606,99.70820359821584589,0.01671598734012346,0.17477598164772357,0.80850803101215296
MODE,radius4_defect,553,2.23664264422177173,0.00951655740412491,105.08001554916853593,0.00444769062906257,0.24307306981230112,0.75247923955863627
MODE,radius4_defect,554,2.23664264422177173,0.02896344664785526,34.52627762704650394,0.00000577943461512,0.11732552978747890,0.88266869077790600
MODE,radius4_defect,555,2.23664264422177173,0.00948207307254495,105.46216975436192342,0.00168556643052820,0.23447494056600493,0.76383949300346687
MODE,radius4_defect,556,2.23664264422177173,0.00958833362488586,104.29340896154972995,0.01031361699254749,0.17882954355934208,0.81085683944811038
MODE,radius4_defect,557,2.23664264422177173,0.01057110013665553,94.59753356535500757,0.01757022486538785,0.13614253154961684,0.84628724358499530
MODE,radius4_defect,558,2.23664264422177173,0.00984201521428288,101.60520769656859841,0.00502441831871946,0.24459907608411560,0.75037650559716496
MODE,radius4_defect,559,2.23664264422177173,0.01155257753298889,86.56076941656148449,0.00030223300763452,0.26850280568292456,0.73119496130944084
MODE,radius4_defect,560,2.23664264422177173,0.00898993418302079,111.23551959798450639,0.00343279411726973,0.18267542288819755,0.81389178299453269
MODE,radius4_defect,561,2.23664264422177173,0.01066022574766633,93.80664384325201866,0.01704276395741517,0.13934479381649398,0.84361244222609078
MODE,radius4_defect,562,2.23664264422177173,0.00776567998362968,128.77172406125851012,0.00245260865330892,0.25851018672288539,0.73903720462380573
MODE,radius4_defect,563,2.23664264422177173,0.00886424068657930,112.81282123961585739,0.00733983003081271,0.20162606255391646,0.79103410741527080
MODE,radius4_defect,564,2.23664264422177173,0.01259846623761953,79.37474142796523324,0.01085226677178750,0.32749786046264451,0.66164987276556797
MODE,radius4_defect,565,2.23664264422177750,0.02269368737365243,44.06511747231562026,0.00301151239535054,0.06419079169424875,0.93279769591040063
MODE,radius4_defect,566,2.23664264422177750,0.01839357227832133,54.36681819434282659,0.03584421766338547,0.19412048183782135,0.77003530049879310
MODE,radius4_defect,567,2.23772617796883955,0.00485114119914436,206.13706320821552254,0.01775909634962151,0.23812014944078561,0.74412075420959289
MODE,radius4_defect,568,2.23901890024834316,0.00710805365645325,140.68548836742698427,0.00184464088543119,0.28557730223863975,0.71257805687592901
MODE,radius4_defect,569,2.23949502687706126,0.00600311248446492,166.58025359142240518,0.00727867906886019,0.24535282636872097,0.74736849456241883
MODE,radius4_defect,570,2.24174827982303082,0.00826739807348563,120.95704006404375264,0.00469014326960439,0.47012285618096955,0.52518700054942613
MODE,radius4_defect,571,2.24357810972224270,0.00554674888524889,180.28578915108568026,0.01197749984191741,0.24064920011898658,0.74737330003909597
MODE,radius4_defect,572,2.24424338841138438,0.00667282369800783,149.86159461976342300,0.00068006418392161,0.43740273402613850,0.56191720178993987
MODE,radius4_defect,573,2.24595237542864679,0.00861259410952950,116.10903605610990041,0.00137351696987753,0.42227524890556645,0.57635123412455602
MODE,radius4_defect,574,2.24708169219809806,0.00552704966227339,180.92835438512770452,0.00189436687416589,0.38919351391479978,0.60891211921103428
MODE,radius4_defect,575,2.24796956020398797,0.00617766504080477,161.87345759195270034,0.00225093282878764,0.35062076435431228,0.64712830281690015
MODE,radius4_defect,576,2.25025517138842091,0.01786814334327157,55.96552371383118896,0.00076428807832628,0.74207701190483899,0.25715870001683472
MODE,radius4_defect,577,2.25191392527683654,0.00616426819196829,162.22525835312399067,0.00771795631166694,0.43814409015032801,0.55413795353800510
MODE,radius4_defect,578,2.25243687382795610,0.00798702282051274,125.20309788420054531,0.00861990090796828,0.23834794153428993,0.75303215755774178
MODE,radius4_defect,579,2.25340748564085125,0.00590976765351455,169.21139013059146805,0.01045152913962503,0.28475742932885528,0.70479104153151972
MODE,radius4_defect,580,2.25388248792539558,0.01962986970698839,50.94277317816286654,0.00260719338666577,0.75713296947630693,0.24025983713702725
MODE,radius4_defect,581,2.25539145787362827,0.00680386423429810,146.97530191137940392,0.01416902001434094,0.48666528404894177,0.49916569593671728
MODE,radius4_defect,582,2.25659084647140196,0.02539696182671876,39.37478848150862376,0.00200517216935128,0.85437189422692117,0.14362293360372758
MODE,radius4_defect,583,2.25797522813678908,0.01584503928627929,63.11123512744654107,0.00522067865612038,0.65871458774030278,0.33606473360357680
MODE,radius4_defect,584,2.25832769435764513,0.01199550658584318,83.36454928716199220,0.00614335429600293,0.65075496858689541,0.34310167711710171
MODE,radius4_defect,585,2.25893526066878847,0.00634448775751917,157.61713761916394105,0.00174076751209529,0.33978254485101150,0.65847668763689327
MODE,radius4_defect,586,2.25911027117313123,0.03789165599308410,26.39103448480894087,0.00015726156401567,0.94525030197646864,0.05459243645951573
MODE,radius4_defect,587,2.26216035319300701,0.00705145583412789,141.81468671478654642,0.00940682275761926,0.43281983074168029,0.55777334650070043
MODE,radius4_defect,588,2.26400533324749498,0.00629199726327074,158.93204624189155538,0.00146900686294560,0.39025059418369928,0.60828039895335517
MODE,radius4_defect,589,2.26606685898950522,0.00654914216037687,152.69175344064515798,0.02915384795932259,0.28938308167367438,0.68146307036700304
MODE,radius4_defect,590,2.26658634420109761,0.00822095005105303,121.64044225909258046,0.00525921380505780,0.29745356758407543,0.69728721861086673
MODE,radius4_defect,591,2.26738290137088061,0.00731243468057682,136.75335831117718044,0.00477404954585355,0.34368353979294963,0.65154241066119678
MODE,radius4_defect,592,2.26868583114884848,0.00621017371784211,161.02609128742329858,0.00588965243362964,0.45706321634378982,0.53704713122258063
MODE,radius4_defect,593,2.27186020662615507,0.00636934353393609,157.00205125880938795,0.01059882817131144,0.32130711702194920,0.66809405480673933
MODE,radius4_defect,594,2.27339782970262361,0.00582845018329977,171.57219647605367641,0.00667511446481858,0.37626009778406028,0.61706478775112106
MODE,radius4_defect,595,2.27384542674072199,0.00753896368033035,132.64422570559213455,0.01576390550971373,0.35819362617238543,0.62604246831790089
MODE,radius4_defect,596,2.27609063730917160,0.00758213335577101,131.88900182543832784,0.02796496298249427,0.33364369891180617,0.63839133810569959
MODE,radius4_defect,597,2.27717770076886916,0.00669267936810946,149.41698907092251147,0.01453322077828512,0.39721434870749189,0.58825243051422293
MODE,radius4_defect,598,2.27867481055198606,0.00858929212118731,116.42402958135373581,0.00042347913284056,0.34805760071829800,0.65151892014886137
MODE,radius4_defect,599,2.28100810102611051,0.00694401100391474,144.00898838383784550,0.01360305519323378,0.40616254818936737,0.58023439661739884
MODE,radius4_defect,600,2.28216279579646919,0.00696050407205762,143.66775590498099291,0.00277484720550004,0.31472426243813434,0.68250089035636563
MODE,radius4_defect,601,2.28297415363809497,0.00700843394015525,142.68522875994298715,0.00495285994230726,0.36874842648942235,0.62629871356827049
MODE,radius4_defect,602,2.28367625318140011,0.00683544758060337,146.29619907226756936,0.00596081149574733,0.46226915225508375,0.53177003624916885
MODE,radius4_defect,603,2.28670094761257792,0.00746105078113456,134.02937861360265970,0.00878063562314761,0.41180821832765946,0.57941114604919297
MODE,radius4_defect,604,2.28832976597723592,0.00712965806236957,140.25918091051423175,0.00554698433509168,0.46697791172381847,0.52747510394108987
MODE,radius4_defect,605,2.28963717584128457,0.00691340108895593,144.64660550325757526,0.01951961013921959,0.36021013048728262,0.62027025937349789
MODE,radius4_defect,606,2.29051077147810522,0.00685525314648446,145.87353357079504690,0.00588829125066490,0.41872017700779252,0.57539153174154256
MODE,radius4_defect,607,2.29166845919578721,0.00794711001987614,125.83190587508509850,0.01360357204643264,0.34127576629871303,0.64512066165485438
MODE,radius4_defect,608,2.29255546866991367,0.00887186807098587,112.71583301270588606,0.00782155768005349,0.34158128339762667,0.65059715892231984
MODE,radius4_defect,609,2.29385596070730458,0.00833392429694808,119.99149072738811128,0.01882547907656944,0.35362980626957735,0.62754471465385331
MODE,radius4_defect,610,2.29518273572521458,0.00617087875046855,162.05147442316405204,0.00655894924283547,0.42261033480615234,0.57083071595101220
MODE,radius4_defect,611,2.29694920555020765,0.00763353276059525,131.00094430223180098,0.00385166267246265,0.42456126912161612,0.57158706820592120
MODE,radius4_defect,612,2.29730855815807589,0.00695216614225927,143.84006071451955222,0.01154509694778762,0.48368480744385212,0.50477009560836028
MODE,radius4_defect,613,2.29809731486256386,0.00660045450920368,151.50471813806132104,0.02194566994089591,0.34045682514587944,0.63759750491322476
MODE,radius4_defect,614,2.29950306485357281,0.00633838047665894,157.76900797964023582,0.00247469304609543,0.33746955126500228,0.66005575568890218
MODE,radius4_defect,615,2.30095981279914286,0.00910777126576841,109.79634543068763719,0.00434316702884139,0.47225333300979877,0.52340349996135982
MODE,radius4_defect,616,2.30189899230974504,0.00738439094576132,135.42078247820910519,0.01175076747274992,0.36589662218236396,0.62235261034488609
MODE,radius4_defect,617,2.30263188611874581,0.00795592532086661,125.69248197657458377,0.00709146378220806,0.33737560843970410,0.65553292777808791
MODE,radius4_defect,618,2.30324390823233305,0.01005198451768658,99.48284323762027270,0.01192996106357677,0.28586404578874458,0.70220599314767862
MODE,radius4_defect,619,2.30572548476837014,0.01240033955868633,80.64295298264707412,0.00375693943150117,0.60455829358805624,0.39168476698044263
MODE,radius4_defect,620,2.30658048933588500,0.00762250379947494,131.19048888750742776,0.00160292161703621,0.35593775063166333,0.64245932775130044
MODE,radius4_defect,621,2.30756593795996645,0.00674768446765619,148.19898659952451681,0.02234832760747894,0.25861858381391739,0.71903308857860360
MODE,radius4_defect,622,2.30793370185233959,0.00665515280501764,150.25951008157952060,0.00951251142296362,0.32380883461446996,0.66667865396256643
MODE,radius4_defect,623,2.30892099825966657,0.00768208707815546,130.17295818522654827,0.01732143976415398,0.46680491352409137,0.51587364671175462
MODE,radius4_defect,624,2.30955392577915886,0.00686000466821565,145.77249555430836381,0.00319468597693471,0.31668239794063457,0.68012291608243070
MODE,radius4_defect,625,2.31038156220839586,0.01004754220484110,99.52682751789598115,0.00316648366702952,0.37618671409842480,0.62064680223454571
MODE,radius4_defect,626,2.31269498818113339,0.00608060545294079,164.45730737493678930,0.01486070335710559,0.37675156095326190,0.60838773568963256
MODE,radius4_defect,627,2.31364692707642883,0.01315328415287353,76.02664006779895089,0.00604035538950673,0.34309877230372621,0.65086087230676704
MODE,radius4_defect,628,2.31536887855839879,0.00676613037856019,147.79496463276794316,0.00238702588810609,0.21708441404257312,0.78052856006932081
MODE,radius4_defect,629,2.31556524298874900,0.00731350303191308,136.73338147757883121,0.00468926188838864,0.24349578695579982,0.75181495115581143
MODE,radius4_defect,630,2.31599419526920824,0.00924431708541955,108.17456722435818506,0.03466476956258792,0.15370876970835803,0.81162646072905409
MODE,radius4_defect,631,2.31655503658117334,0.00804349292680095,124.32409764021743115,0.00437599066000384,0.38215330618785986,0.61347070315213625
MODE,radius4_defect,632,2.31664508768924060,0.00662398087508296,150.96661944807857481,0.00693594019686306,0.33722871416798861,0.65583534563514834
MODE,radius4_defect,633,2.31711101212977066,0.00647728544726503,154.38566173152679539,0.00647167211179339,0.29544181807245429,0.69808650981575238
MODE,radius4_defect,634,2.31822646189218995,0.00756864187640808,132.12410050963848107,0.00560780826756027,0.31828738405019691,0.67610480768224290
MODE,radius4_defect,635,2.31975534629533442,0.00754392149058363,132.55705288664603358,0.01978307117974438,0.17657100668408812,0.80364592213616748
MODE,radius4_defect,636,2.32079998594462156,0.00648025044290005,154.31502359536557378,0.01433928094930484,0.21810327849805683,0.76755744055263841
MODE,radius4_defect,637,2.32221534563022347,0.00648582861532644,154.18230411407012070,0.01170634486299942,0.26049504634405374,0.72779860879294689
MODE,radius4_defect,638,2.32302284940408033,0.00637849684113563,156.77674927278940231,0.00028623232398431,0.28890047126713769,0.71081329640887803
MODE,radius4_defect,639,2.32350775364057460,0.00685986064427562,145.77555607262581816,0.00186053928692580,0.23284396723785572,0.76529549347521852
MODE,radius4_defect,640,2.32423589644627215,0.00655705607534701,152.50746501311249403,0.02834894175801465,0.22574617718235990,0.74590488105962549
MODE,radius4_defect,641,2.32772500784364356,0.00625302379835637,159.92262819515485717,0.01448893129286560,0.18726788529661867,0.79824318341051581
MODE,radius4_defect,642,2.32860054237779579,0.00660132002879789,151.48485388339852875,0.01796808983636376,0.19711168808426363,0.78492022207937262
MODE,radius4_defect,643,2.33080345875059569,0.00723152513736756,138.28341615417838284,0.00983222891599023,0.20974741269328659,0.78042035839072321
MODE,radius4_defect,644,2.33128520439763331,0.00712532130194094,140.34454835427555963,0.00129054754404275,0.19256912801595813,0.80614032443999906
MODE,radius4_defect,645,2.33592786739654290,0.00755207885771663,132.41387157632908611,0.00859902937571472,0.15031581063690222,0.84108515998738298
MODE,radius4_defect,646,2.33773239449480252,0.00732969175194484,136.43138536278320316,0.03040498326127530,0.12634257600523083,0.84325244073349392
MODE,radius4_defect,647,2.35861276310894485,0.02821534992149578,35.44170115849433245,0.00516123956591090,0.78735607035890498,0.20748269007518416
MODE,radius4_defect,648,2.35905258550395525,0.02575316402045731,38.83018021419189836,0.00019292883991240,0.79607314633991755,0.20373392482017005
MODE,radius4_defect,649,2.35977547171439817,0.02331854350393755,42.88432507935758764,0.00662427085844493,0.79318761310624608,0.20018811603530895
MODE,radius4_defect,650,2.36097076957063390,0.02023218250051913,49.42620500652075322,0.01880544748171847,0.74998767520945298,0.23120687730882850
MODE,radius4_defect,651,2.36331769980583228,0.01774029440338859,56.36885032804129025,0.00968317811760478,0.73504537105015533,0.25527145083223990
MODE,radius4_defect,652,2.36542230590206515,0.01479815685260457,67.57598327686285700,0.06945240985792352,0.63765842571591891,0.29288916442615753
MODE,radius4_defect,653,2.36741036566941521,0.02453350322786755,40.76058729615517251,0.03669477143618336,0.75418542514746034,0.20911980341635628
MODE,radius4_defect,654,2.36847413704416621,0.02211995425102546,45.20805010044905003,0.11321304865926374,0.49195873849162497,0.39482821284911129
MODE,radius4_defect,655,2.37178466773060670,0.01788364398579799,55.91701561461042758,0.05376227413019476,0.61038455657097790,0.33585316929882736
MODE,radius4_defect,656,2.37481766231998304,0.01838516089569272,54.39169152086562775,0.06583754328659908,0.55477545960204655,0.37938699711135437
MODE,radius4_defect,657,2.37795276515747389,0.01493200753895231,66.97023138994237001,0.02419869258947567,0.56347159654418744,0.41232971086633685
MODE,radius4_defect,658,2.38093313104739890,0.01034520683446625,96.66312293229213992,0.01491400576484210,0.57021633329166133,0.41486966094349653
MODE,radius4_defect,659,2.38330352385568078,0.00717640873559483,139.34546328723200759,0.00307369749532182,0.47048791183150129,0.52643839067317688
MODE,radius4_defect,660,2.38442237216549691,0.00856699613641992,116.72702824608630578,0.00462610226573309,0.49602276397269507,0.49935113376157181
MODE,radius4_defect,661,2.38567726959449145,0.00683944935278283,146.21060094452198541,0.00457618018171876,0.51737441202464596,0.47804940779363525
MODE,radius4_defect,662,2.38725577132615685,0.01134314396764209,88.15897980777114640,0.00243661054551142,0.77161980856759294,0.22594358088689559
MODE,radius4_defect,663,2.38862473486547211,0.01012493437189825,98.76607227949048706,0.00279706401333986,0.57783225177606368,0.41937068421059642
MODE,radius4_defect,664,2.39136408690004254,0.00807189713682843,123.88661340064044225,0.01297025673852195,0.41367285137778009,0.57335689188369798
MODE,radius4_defect,665,2.39217032038118571,0.01016438481149016,98.38273722867779725,0.00778857870947875,0.40930652725117256,0.58290489403934864
MODE,radius4_defect,666,2.39285277247625983,0.00759683204114023,131.63381717333678012,0.00872029637916946,0.32643925797690299,0.66484044564392752
MODE,radius4_defect,667,2.39399625235348212,0.00652167336553565,153.33487955477616538,0.00831037506626531,0.38080709867467705,0.61088252625905759
MODE,radius4_defect,668,2.39550579334814806,0.00620782733595791,161.08695456261330037,0.00324622819521946,0.29919846491316648,0.69755530689161405
MODE,radius4_defect,669,2.39638716255894613,0.00662778205018776,150.88003685511517915,0.00057695199941772,0.30355686304450091,0.69586618495608132
MODE,radius4_defect,670,2.39944167269522302,0.00776143132356164,128.84221457507015884,0.01808019470016545,0.28537782520678168,0.69654198009305290
MODE,radius4_defect,671,2.39948762603974375,0.00853315905399790,117.18989341133713822,0.01025810564996315,0.22546921310277454,0.76427268124726233
MODE,radius4_defect,672,2.39993805039984220,0.00624079717235206,160.23593979791456832,0.00087116715624098,0.41758431896485437,0.58154451387890460
MODE,radius4_defect,673,2.40021605169347785,0.00579302326500025,172.62143690009111197,0.00091120714079850,0.34593036018496237,0.65315843267423912
MODE,radius4_defect,674,2.40054079613217164,0.00770010372142564,129.86838050213361839,0.00104814881850927,0.27004293468592755,0.72890891649556322
MODE,radius4_defect,675,2.40101455497233607,0.00650137766964380,153.81355319030237183,0.00309622503203207,0.28310463998908486,0.71379913497888303
MODE,radius4_defect,676,2.40281299598007436,0.00764935957796466,130.72989834085953476,0.00174936644647360,0.27394547864612967,0.72430515490739666
MODE,radius4_defect,677,2.40415790007736785,0.00653340139247717,153.05963003458529670,0.03386058954953559,0.16232564385635495,0.80381376659410941
MODE,radius4_defect,678,2.40448264165217118,0.00744173445415584,134.37727537315578275,0.00078520830573872,0.34376620873835534,0.65544858295590602
MODE,radius4_defect,679,2.40540821218906320,0.00600557865994024,166.51184783748232121,0.00779456897139483,0.30845002301742686,0.68375540801117829
MODE,radius4_defect,680,2.40623505494377410,0.00686400927935397,145.68744873464362399,0.00180472322840603,0.34307530930005065,0.65511996747154333
MODE,radius4_defect,681,2.40646331493125620,0.00752093654460987,132.96216422895938081,0.00242474073169556,0.36824037702872342,0.62933488223958101
MODE,radius4_defect,682,2.40667086598338642,0.00764654384476689,130.77803780388646260,0.00515358764271694,0.33895129580257055,0.65589511655471255
MODE,radius4_defect,683,2.40722348199245717,0.00662100471128266,151.03447944930908875,0.00194220596862893,0.39202803733639935,0.60602975669497172
MODE,radius4_defect,684,2.40747014525380942,0.00666712963390337,149.98958396051688169,0.01051223582783031,0.38439039257763269,0.60509737159453691
MODE,radius4_defect,685,2.40784406589911093,0.00677161797793215,147.67519420895769144,0.00827430010748495,0.38867364311552721,0.60305205677698781
MODE,radius4_defect,686,2.41081593565429442,0.00654794630273677,152.71963968031346326,0.00125118530061097,0.34583133060931676,0.65291748409007222
MODE,radius4_defect,687,2.41195439886825724,0.00592199163594541,168.86210948529259213,0.00715649067037467,0.36352773622066720,0.62931577310895803
MODE,radius4_defect,688,2.41295695187782755,0.00711215951332502,140.60427049287147838,0.00045406411639989,0.39935094371373958,0.60019499216986050
MODE,radius4_defect,689,2.41303538327848743,0.00634480126299971,157.60934953653963930,0.00030284026319906,0.36449471021188529,0.63520244952491567
MODE,radius4_defect,690,2.41493496625984871,0.00656254920757214,152.37980979192644782,0.01012879166193283,0.40167268233395265,0.58819852600411449
MODE,radius4_defect,691,2.41522258147890057,0.00687295115840750,145.49790576886695703,0.00151442144403971,0.29093073610940284,0.70755484244655742
MODE,radius4_defect,692,2.41589704126230975,0.00702109607799432,142.42790426045064578,0.00276503521351830,0.39925483299386921,0.59798013179261245
MODE,radius4_defect,693,2.41649075426963389,0.00700547944691915,142.74540487586139648,0.00532338934794511,0.38778007264877146,0.60689653800328347
MODE,radius4_defect,694,2.41996491781225842,0.00621070779764470,161.01224410834987566,0.00429115942589953,0.36584841817398323,0.62986042240011719
MODE,radius4_defect,695,2.42009373318467214,0.00680542332857713,146.94163047886095796,0.00213041685720366,0.42473112783461359,0.57313845530818286
MODE,radius4_defect,696,2.42226808343143363,0.00688762092733291,145.18801347379465483,0.00501538368668138,0.36729153937697401,0.62769307693634457
MODE,radius4_defect,697,2.42236124062460512,0.00665046688823700,150.36538288292933885,0.00681977551714413,0.38937641283851360,0.60380381164434227
MODE,radius4_defect,698,2.42255591365961287,0.00654248910385246,152.84702566965876258,0.00127029665797351,0.39646663415818667,0.60226306918383976
MODE,radius4_defect,699,2.42621509089881027,0.00754435070451323,132.54951143797885038,0.02506945658746838,0.26281579024932117,0.71211475316321038
MODE,radius4_defect,700,2.42677727888338035,0.00656631402868484,152.29244224865215074,0.00316635594773189,0.39063125992896369,0.60620238412330441
MODE,radius4_defect,701,2.42698210520285862,0.00727043653497175,137.54332290638529912,0.00773013278137228,0.38616493401847640,0.60610493320015135
MODE,radius4_defect,702,2.42722536841792547,0.00718759331949503,139.12862839466495757,0.01449248265120674,0.37531058508203491,0.61019693226675842
MODE,radius4_defect,703,2.42858071410846810,0.00625258432817907,159.93386854347767212,0.00336169001533325,0.37423694707655131,0.62240136290811543
MODE,radius4_defect,704,2.42998316368802847,0.00657488212758543,152.09398139693209373,0.00026867282769113,0.37645275822738145,0.62327856894492739
MODE,radius4_defect,705,2.43343370253130908,0.00641683835470300,155.83998609955403936,0.00245462831050426,0.37583326984370169,0.62171210184579406
MODE,radius4_defect,706,2.43401898762107827,0.00692175772647509,144.47197366863792922,0.00045571421738740,0.35163606390867791,0.64790822187393471
MODE,radius4_defect,707,2.43524737120391865,0.00709859948603923,140.87285836687834717,0.01682235026483563,0.30764293365024920,0.67553471608491522
MODE,radius4_defect,708,2.43654352088640147,0.00707475402658491,141.34767035606958530,0.00099692577876539,0.35124171062260068,0.64776136359863390
MODE,radius4_defect,709,2.43657779436859734,0.00722928120603352,138.32633860824290650,0.00335855331147863,0.34811225201788021,0.64852919467064118
MODE,radius4_defect,710,2.43962837962181656,0.00668487705287232,149.59138247281987333,0.00111763171277197,0.34859277056928251,0.65028959771794548
MODE,radius4_defect,711,2.43969085238357408,0.00697480122835604,143.37326143926549094,0.00031842470781906,0.31215595624917536,0.68752561904300558
MODE,radius4_defect,712,2.44260385270401770,0.00617247301786645,162.00961869018522066,0.00336519111042708,0.30860894016485774,0.68802586872471516
MODE,radius4_defect,713,2.44307854556217618,0.00672655107378759,148.66459631843991929,0.00425809442551317,0.32269646657135093,0.67304543900313596
MODE,radius4_defect,714,2.44529287576248944,0.00625410685998484,159.89493342338312232,0.00078723365582431,0.29946167520874817,0.69975109113542744
MODE,radius4_defect,715,2.44831149075390497,0.00860572474007607,116.20171806600922082,0.01454173488040827,0.24313339836569620,0.74232486675389553
MODE,radius4_defect,716,2.44884724416220534,0.00675824388734710,147.96743305938068147,0.00008830466502362,0.27683628888894179,0.72307540644603452
MODE,radius4_defect,717,2.44887228399973678,0.00681934596937532,146.64162875602050917,0.00452063965373781,0.26298179978512443,0.73249756056113768
MODE,radius4_defect,718,2.45048535548168500,0.00612551394261501,163.25160784355270494,0.00003868827273402,0.25711334303364947,0.74284796869361647
MODE,radius4_defect,719,2.45195583068152212,0.00560016997778789,178.56600852587115469,0.01726761388020020,0.24960051487309437,0.73313187124670542
MODE,radius4_defect,720,2.45419735079136370,0.00660412340218441,151.42055032909223655,0.00027388583122811,0.22213848925927190,0.77758762490949995
MODE,radius4_defect,721,2.45599295429630793,0.00604066906968328,165.54457601704552872,0.00373732480008895,0.19705062635144457,0.79921204884846653
MODE,radius4_defect,722,2.45859281541348285,0.00683045795085199,146.40306802200086622,0.00160180899156940,0.17244425329303067,0.82595393771539993
MODE,radius4_defect,723,2.45860293320961265,0.00681239604796430,146.79123071519347832,0.00011190223947234,0.17439662295398792,0.82549147480653973
MODE,radius4_defect,724,2.46178319555366665,0.00577800042989071,173.07025365155851659,0.00290232329481235,0.13772046657386883,0.85937721013131885
MODE,radius4_defect,725,2.46349300766687129,0.00752571983609850,132.87765446745919462,0.00299636311846617,0.10816337095944717,0.88884026592208665
MODE,radius4_defect,726,2.46534359067402997,0.00624455808346225,160.13943446988591290,0.00096260962927264,0.08274037962730221,0.91629701074342518
MODE,radius4_defect,727,2.46694859831334945,0.00478779722214417,208.86431768139081555,0.00635914854979913,0.06204405209721584,0.93159679935298501
GROUP,radius4_defect,0,1,1.09864534173524397,0.00615215718415864,0.06665500455669759
GROUP,radius4_defect,1,2,1.10041009648653731,0.00085267680692351,0.08634205018969386
GROUP,radius4_defect,2,3,1.10246995781831214,0.00281037223844527,0.10691563953857432
GROUP,radius4_defect,3,4,1.10432595327991301,0.00280324397660714,0.13907656792808104
GROUP,radius4_defect,4,5,1.10776701298840807,0.00006890359643151,0.17257198480716435
GROUP,radius4_defect,5,6,1.10777185477358397,0.00140106199390896,0.18236567066846529
GROUP,radius4_defect,6,7,1.11054140036728533,0.00398296223399100,0.20407267089089801
GROUP,radius4_defect,7,8,1.11253805558304175,0.00028706524310787,0.22441159387308202
GROUP,radius4_defect,8,9,1.11476134653115699,0.01688610980303424,0.26321370783832959
GROUP,radius4_defect,9,10,1.11656214531924713,0.00007806132840886,0.25675230656068043
GROUP,radius4_defect,10,11,1.11830804475325141,0.00000632372175728,0.27416935472450366
GROUP,radius4_defect,11,12,1.11832227176821042,0.00605207950932107,0.25806506751355851
GROUP,radius4_defect,12,13,1.11918895365968596,0.01033522326933067,0.21616923701948995
GROUP,radius4_defect,13,14,1.12209961769704769,0.00078921817147218,0.30032068411204776
GROUP,radius4_defect,14,15,1.12443670940200224,0.00374018591454014,0.31496901116468151
GROUP,radius4_defect,15,16,1.12516562343098303,0.00392219064158776,0.28109075308102799
GROUP,radius4_defect,16,17,1.12805373498238870,0.00015128496360811,0.33608228421054137
GROUP,radius4_defect,17,18,1.12809379278815780,0.00081751594906986,0.30203638727280124
GROUP,radius4_defect,18,19,1.13133136581607396,0.00297728967373097,0.32263867548289354
GROUP,radius4_defect,19,20,1.13134880336427512,0.00046736050105482,0.32528854667066676
GROUP,radius4_defect,20,21,1.13224682367604346,0.01801970664165749,0.29389702082925839
GROUP,radius4_defect,21,22,1.13393470275302666,0.00028588617551991,0.33603575545460007
GROUP,radius4_defect,22,23,1.13454068536827379,0.00216138442753852,0.35516959874016379
GROUP,radius4_defect,23,24,1.13812671457449932,0.00023055562308276,0.33199273546661423
GROUP,radius4_defect,24,25,1.13953066479775589,0.00530869784816751,0.33434582846451039
GROUP,radius4_defect,25,26,1.14006291686972738,0.02043736172423185,0.32683135988457068
GROUP,radius4_defect,26,27,1.14130423242891643,0.00014920155339062,0.37602734368769020
GROUP,radius4_defect,27,28,1.14133645579932441,0.00212410686434279,0.29364228250119323
GROUP,radius4_defect,28,29,1.14339703003468762,0.01535455094089869,0.27031285658941501
GROUP,radius4_defect,29,30,1.14561881241897079,0.00554620021471127,0.31476831353796808
GROUP,radius4_defect,30,31,1.14580030105419772,0.00172990261349816,0.32086847758396353
GROUP,radius4_defect,31,32,1.14587340476219190,0.00518132247033893,0.30154522850105470
GROUP,radius4_defect,32,33,1.14784263837702838,0.00317820686718670,0.30889326687293356
GROUP,radius4_defect,33,34,1.14836258911463540,0.00357426438286441,0.40767824266988950
GROUP,radius4_defect,34,35,1.15165968076065472,0.00185171498401803,0.27692577616971009
GROUP,radius4_defect,35,36,1.15181394916879221,0.00152398227017020,0.39088649503712086
GROUP,radius4_defect,36,37,1.15240172861842760,0.00423959354041259,0.22491261002445243
GROUP,radius4_defect,37,38,1.15305321860959586,0.01005093695294805,0.28851687022615269
GROUP,radius4_defect,38,39,1.15469007426384107,0.00013664271444780,0.29142526715816880
GROUP,radius4_defect,39,40,1.15471060185009122,0.00005258100929577,0.31096108205383921
GROUP,radius4_defect,40,41,1.15524649179981975,0.00493926008831134,0.29278195143118013
GROUP,radius4_defect,41,42,1.15646850235394894,0.00033933004084756,0.27930602220062573
GROUP,radius4_defect,42,43,1.15836947826663117,0.01289829616649770,0.34811005729801286
GROUP,radius4_defect,43,44,1.15996860346852149,0.00483402862677019,0.23725993721811778
GROUP,radius4_defect,44,45,1.15998955780535229,0.00005074432561814,0.25051654737128864
GROUP,radius4_defect,45,46,1.16039498212963577,0.00253929444242428,0.27902124165432673
GROUP,radius4_defect,46,47,1.16052058497384047,0.00363441019450656,0.27892479119241104
GROUP,radius4_defect,47,48,1.16072902265689581,0.00181326663534794,0.24431986070580144
GROUP,radius4_defect,48,49,1.16185783548557886,0.01419441437687972,0.14800938898553645
GROUP,radius4_defect,49,50,1.16192320335674748,0.00322475166007491,0.42475494738410435
GROUP,radius4_defect,50,51,1.16256491594114131,0.00637857591694446,0.15745074617623225
GROUP,radius4_defect,51,52,1.16386433912593712,0.00419164570694412,0.43429767766324057
GROUP,radius4_defect,52,53,1.16531306240944477,0.00743064105983890,0.14363909695410884
GROUP,radius4_defect,53,54,1.16582081037803076,0.00852600791497767,0.24234558408371457
GROUP,radius4_defect,54,55,1.16587234988924604,0.00002992203219085,0.22625809503774397
GROUP,radius4_defect,55,56,1.16596243033335112,0.00298200192791100,0.26638964181628555
GROUP,radius4_defect,56,57,1.16624350044902414,0.00401148179857337,0.21060523818172872
GROUP,radius4_defect,57,58,1.16944672813683748,0.00338683797870444,0.14306866227023918
GROUP,radius4_defect,58,59,1.17020807326765808,0.00488451017236001,0.14430301399869372
GROUP,radius4_defect,59,60,1.17130968907832544,0.00652104541335875,0.13560048322176080
GROUP,radius4_defect,60,61,1.17134525639296605,0.00010033113627037,0.13096935403155238
GROUP,radius4_defect,61,62,1.17332983036600424,0.00930331330408119,0.14741465680011709
GROUP,radius4_defect,62,63,1.17543290479582874,0.01056177432811529,0.06976493850755251
GROUP,radius4_defect,63,64,1.18058981428517651,0.00033999659473880,0.77174068965585763
GROUP,radius4_defect,64,65,1.18393938522182629,0.00069506332743577,0.81511636229139939
GROUP,radius4_defect,65,66,1.18941725836125300,0.00045098174810683,0.84535534587584460
GROUP,radius4_defect,66,67,1.19677724918238115,0.00002446431107201,0.86127016006007062
GROUP,radius4_defect,67,68,1.20560398517937961,0.01234382685148205,0.86460694120770853
GROUP,radius4_defect,68,69,1.20810077587578668,0.54204126468499469,0.02172128450007540
GROUP,radius4_defect,69,70,1.21555715665825281,0.00110604918266193,0.91346974825928484
GROUP,radius4_defect,70,71,1.22544548166962963,0.00002468049750651,0.95670692286564429
GROUP,radius4_defect,71,72,1.23352674451931987,0.00000020762688399,0.98866855935918874
GROUP,radius4_defect,72,73,1.25395374559130857,0.00000008525603114,0.98959412390044033
GROUP,radius4_defect,73,74,1.25643773106660483,0.00000230746567505,0.96599279699149221
GROUP,radius4_defect,74,75,1.26048433444878571,0.00001628577536714,0.93920695459202541
GROUP,radius4_defect,75,76,1.26517833337731656,0.00000393295511150,0.92379931368757107
GROUP,radius4_defect,76,77,1.26971443094396563,0.00003871780064559,0.91637423105155602
GROUP,radius4_defect,77,78,1.27356345202256716,0.00011442465943496,0.91002165623950282
GROUP,radius4_defect,78,79,1.27646471209087453,0.00004544580044194,0.90204128750068846
GROUP,radius4_defect,79,80,1.27837193336693011,0.00000519529858431,0.89400006071847593
GROUP,radius4_defect,80,81,1.27931607189987884,0.00008324042799671,0.88911699654816245
GROUP,radius4_defect,81,82,1.32698993315499303,0.00108911952717407,0.20872930664711400
GROUP,radius4_defect,82,83,1.32807306501515798,0.00620427561190054,0.35090952620448951
GROUP,radius4_defect,83,84,1.32939079191328569,0.00211768224871603,0.47071827265409727
GROUP,radius4_defect,84,85,1.32982548594212413,0.00096923594341704,0.37214519848073302
GROUP,radius4_defect,85,86,1.33122955578048030,0.00074259844683148,0.58997038997756690
GROUP,radius4_defect,86,87,1.33202411189086756,0.00203445962665534,0.62624028484222272
GROUP,radius4_defect,87,88,1.33252327453170749,0.00055663470200210,0.64190646648969552
GROUP,radius4_defect,88,89,1.33284250712426933,0.00009559685535555,0.67232713793857302
GROUP,radius4_defect,89,90,1.33330219698127550,0.00333488104337833,0.52600524265387250
GROUP,radius4_defect,90,91,1.33545819264680210,0.00302152260623055,0.30952112129866721
GROUP,radius4_defect,91,92,1.33574053324253295,0.00412113283893313,0.30151766030866606
GROUP,radius4_defect,92,93,1.33752007991346833,0.00423254955849364,0.32296782437873323
GROUP,radius4_defect,93,94,1.33925873320822530,0.00295551745461332,0.30521878864170388
GROUP,radius4_defect,94,95,1.34200246460474348,0.00403355191941238,0.28539106783646762
GROUP,radius4_defect,95,96,1.34263659419469716,0.00857089214601217,0.26768655634276439
GROUP,radius4_defect,96,97,1.34340062678367711,0.00166271351094049,0.22485879062646802
GROUP,radius4_defect,97,98,1.34478163250816718,0.01989719807069181,0.20401746354174730
GROUP,radius4_defect,98,99,1.34607327759138684,0.00267635218774777,0.28600443228205719
GROUP,radius4_defect,99,100,1.34712750186430208,0.00012482738599242,0.23261414439557115
GROUP,radius4_defect,100,101,1.34823011845077367,0.00190757920735487,0.20482579901073011
GROUP,radius4_defect,101,102,1.34860036097403491,0.00664950897489639,0.15902677633297338
GROUP,radius4_defect,102,103,1.34950789623537615,0.01430941722201713,0.19143111291134285
GROUP,radius4_defect,103,104,1.35139797360675207,0.00820698849986707,0.35583521066105445
GROUP,radius4_defect,104,105,1.35213559460563104,0.00598311324027952,0.33429617125059435
GROUP,radius4_defect,105,106,1.35389972088488442,0.00476506132491300,0.30302871615537508
GROUP,radius4_defect,106,107,1.35417535069165540,0.00658786963642043,0.39335910935448370
GROUP,radius4_defect,107,108,1.35576650573157953,0.01033552217757415,0.28302007934672324
GROUP,radius4_defect,108,109,1.35605569829244210,0.00323184128162500,0.25917202907279541
GROUP,radius4_defect,109,110,1.35855586212189894,0.00261448422734059,0.40682548128234308
GROUP,radius4_defect,110,111,1.36167251913340404,0.00156813517627265,0.46779853131683441
GROUP,radius4_defect,111,112,1.36222940547609328,0.00345805185462296,0.33300785077998807
GROUP,radius4_defect,112,113,1.36339989874913936,0.01548087355264770,0.26427502592757224
GROUP,radius4_defect,113,114,1.36441214913799413,0.00186164497921594,0.59091367010120899
GROUP,radius4_defect,114,115,1.36515023909829813,0.01107713133744292,0.45419260139186612
GROUP,radius4_defect,115,116,1.36708256547243101,0.00597947111561393,0.36096068244931817
GROUP,radius4_defect,116,117,1.36792085926515772,0.01140014807892654,0.41941339123177873
GROUP,radius4_defect,117,118,1.37032927450394415,0.00154770243336031,0.50974037672940087
GROUP,radius4_defect,118,119,1.37179583661286109,0.00360927919041291,0.30402120219576961
GROUP,radius4_defect,119,120,1.37186039156819461,0.03892733134212951,0.27966768625457422
GROUP,radius4_defect,120,121,1.37573998225003091,0.00175018149132727,0.44833544592105984
GROUP,radius4_defect,121,122,1.37730719393455048,0.02064726851401081,0.40192656244102604
GROUP,radius4_defect,122,123,1.37851705709188233,0.02089594170598873,0.33878450407067850
GROUP,radius4_defect,123,124,1.37953701378659233,0.00830597963970378,0.40363850916914779
GROUP,radius4_defect,124,125,1.38323471774764517,0.03548333986178002,0.35708091659360502
GROUP,radius4_defect,125,126,1.38748011977612729,0.01756221860486477,0.36480782203237827
GROUP,radius4_defect,126,127,1.38807552831805681,0.00444943500064712,0.47355155347335715
GROUP,radius4_defect,127,128,1.39045653876390030,0.00361307986076249,0.45939826398313166
GROUP,radius4_defect,128,129,1.39181928664161991,0.00073737997577825,0.86493098004226865
GROUP,radius4_defect,129,130,1.39271439222383631,0.00563098333510013,0.37938183711080919
GROUP,radius4_defect,130,131,1.39378229657101649,0.00111407009753893,0.50897540583859635
GROUP,radius4_defect,131,132,1.39738819569272610,0.00074741960452753,0.84977655630177185
GROUP,radius4_defect,132,133,1.39913891920334743,0.00937580300834855,0.44481551825184507
GROUP,radius4_defect,133,134,1.40126422358788361,0.00272180036068250,0.42603463166431810
GROUP,radius4_defect,134,135,1.40377420617647997,0.02084550196410777,0.49202624706054265
GROUP,radius4_defect,135,136,1.40606842543435007,0.00668872309287928,0.41465218938184317
GROUP,radius4_defect,136,137,1.40830459850008793,0.01030964652726816,0.59512182260105773
GROUP,radius4_defect,137,138,1.41076468461188664,0.03717840209456095,0.43684424521719833
GROUP,radius4_defect,138,139,1.41329614420585936,0.05662250553430566,0.47101866561766798
GROUP,radius4_defect,139,140,1.41542705999337559,0.04085725719758241,0.36908175966799778
GROUP,radius4_defect,140,141,1.41873080713172550,0.00863947293571172,0.38804465832604057
GROUP,radius4_defect,141,142,1.42188489634928339,0.00913278139481903,0.44481842428448848
GROUP,radius4_defect,142,143,1.42208060523211399,0.02003307251156210,0.55019052946267499
GROUP,radius4_defect,143,144,1.42443157928760700,0.07521435526824451,0.38472762037427249
GROUP,radius4_defect,144,145,1.42754645712144668,0.00921245252178645,0.39669329833735895
GROUP,radius4_defect,145,146,1.43282913159855418,0.00863525425032506,0.59642431509263039
GROUP,radius4_defect,146,147,1.43666117915517932,0.00230716397166143,0.44313811399866626
GROUP,radius4_defect,147,148,1.43786086229400212,0.04358940200313238,0.38834799918842661
GROUP,radius4_defect,148,149,1.44397303410083677,0.00440916806928913,0.58815755580277451
GROUP,radius4_defect,149,150,1.44960254291083945,0.00176150167398838,0.39022344885460281
GROUP,radius4_defect,150,151,1.45012855776166760,0.00576382329552469,0.37519281021332440
GROUP,radius4_defect,151,152,1.45412315920927027,0.06034374178276559,0.40025843517707588
GROUP,radius4_defect,152,153,1.45785540618442777,0.07922725834004407,0.41224466770033025
GROUP,radius4_defect,153,154,1.46388819105817625,0.02946989459913005,0.34391642285722307
GROUP,radius4_defect,154,155,1.46544297701842829,0.04897167314319052,0.44368459672311289
GROUP,radius4_defect,155,156,1.47119858688061855,0.02061078780230883,0.36238147673398713
GROUP,radius4_defect,156,157,1.47623086447601159,0.01030589807329691,0.32386462372302860
GROUP,radius4_defect,157,158,1.47794455175444739,0.00369305564939962,0.44404884571192155
GROUP,radius4_defect,158,159,1.48853573650583693,0.02130061743267710,0.35944369988088232
GROUP,radius4_defect,159,160,1.49338151269306318,0.03669301512034181,0.25534497984366233
GROUP,radius4_defect,160,161,1.49786441509053847,0.00234299560805742,0.27411281009561500
GROUP,radius4_defect,161,162,1.50696678062004308,0.03665365812858956,0.17347592923851940
GROUP,radius4_defect,162,217,1.63371635000770854,0.48974348506044951,10.81135489980410469
GROUP,radius4_defect,217,218,1.63554328626143497,0.01265890724172224,0.29498985735733657
GROUP,radius4_defect,218,219,1.63737013426633315,0.00042280090762303,0.41789176590111332
GROUP,radius4_defect,219,220,1.63860836323740311,0.00607403095072191,0.28124559007564071
GROUP,radius4_defect,220,221,1.64038268744377591,0.00272911915684232,0.55150369717298586
GROUP,radius4_defect,221,222,1.64331573682485121,0.00203202502465527,0.63141777411520184
GROUP,radius4_defect,222,223,1.64387246224303940,0.00509084451207260,0.58490482881283612
GROUP,radius4_defect,223,224,1.64592501523290169,0.00066797414531535,0.70822115718929868
GROUP,radius4_defect,224,225,1.64637917117512989,0.00096962356543038,0.45945544967600649
GROUP,radius4_defect,225,226,1.64768015497843368,0.00003699842812531,0.82462781464644763
GROUP,radius4_defect,226,227,1.64872468539613282,0.00002725742649555,0.84006909170642186
GROUP,radius4_defect,227,228,1.64945425575962612,0.00018762599563353,0.81815146596811283
GROUP,radius4_defect,228,229,1.64952788410558138,0.00088808214800720,0.53989691476172541
GROUP,radius4_defect,229,230,1.64986625063226344,0.00001607985037487,0.87189792736605343
GROUP,radius4_defect,230,231,1.65108819918680849,0.00413323703477217,0.51495596457385684
GROUP,radius4_defect,231,232,1.65540792772745093,0.00590491542225533,0.39357670494644603
GROUP,radius4_defect,232,233,1.65593139696141645,0.00049479132994294,0.52687158607115636
GROUP,radius4_defect,233,234,1.65941917927687399,0.00060575351515418,0.58970599770403109
GROUP,radius4_defect,234,235,1.66193632647657097,0.00394271070300848,0.55371368126477438
GROUP,radius4_defect,235,236,1.66267764102550997,0.00995642526300796,0.37268331243996766
GROUP,radius4_defect,236,237,1.66377337577855200,0.01026159711069508,0.55041401574385773
GROUP,radius4_defect,237,238,1.66674461961362042,0.00271925268666695,0.66357111976242356
GROUP,radius4_defect,238,239,1.66808493149905557,0.01696624248229668,0.38965669155653809
GROUP,radius4_defect,239,240,1.66980052233856346,0.00159704359139212,0.69293746062572159
GROUP,radius4_defect,240,241,1.67148793070665569,0.00053334344619291,0.72554612799669804
GROUP,radius4_defect,241,242,1.67170922361883845,0.00641036798125965,0.38446379741887737
GROUP,radius4_defect,242,243,1.67329774969854173,0.00017541751457097,0.68326736257689513
GROUP,radius4_defect,243,244,1.67467186895783726,0.00004470532180790,0.68408653473831038
GROUP,radius4_defect,244,245,1.67595902991749712,0.00524349014150507,0.58179237810605966
GROUP,radius4_defect,245,246,1.67614666136737323,0.00025424324181748,0.91963980740891804
GROUP,radius4_defect,246,247,1.67926479565321540,0.01703039918209598,0.32632811612702600
GROUP,radius4_defect,247,248,1.68001380133321199,0.00156768916672242,0.86776411065215719
GROUP,radius4_defect,248,249,1.68034977864199186,0.00289985102198297,0.40046513018379637
GROUP,radius4_defect,249,250,1.68259359779009943,0.00014422338888478,0.99208736150099686
GROUP,radius4_defect,250,251,1.68349676604094189,0.02478259501929428,0.33638581617392149
GROUP,radius4_defect,251,252,1.68619323349881189,0.01481285254476945,0.49854013772459460
GROUP,radius4_defect,252,253,1.68749314164096420,0.01857059209895435,0.26882067637139040
GROUP,radius4_defect,253,254,1.68848619471568129,0.02176383641111818,0.30953211239664002
GROUP,radius4_defect,254,255,1.69126601441961921,0.01313263248496025,0.42635117409629208
GROUP,radius4_defect,255,256,1.69365184444222328,0.00752036090389687,0.32719922933508966
GROUP,radius4_defect,256,257,1.69573058896529072,0.00861785263178599,0.33640763688978559
GROUP,radius4_defect,257,258,1.69646591378527112,0.01750167815972442,0.27228938579032752
GROUP,radius4_defect,258,259,1.69840759686437037,0.01239270862907018,0.49096398073003172
GROUP,radius4_defect,259,260,1.70105235433858626,0.00611568319892314,0.39903312254431494
GROUP,radius4_defect,260,261,1.70222963423138052,0.01348649924665628,0.33552801150171069
GROUP,radius4_defect,261,262,1.70278392034919968,0.01168610987369212,0.30292565251823300
GROUP,radius4_defect,262,263,1.70354246855893021,0.00000000000002193,0.99942469232647668
GROUP,radius4_defect,263,264,1.70512768880117616,0.01452062492387950,0.27180219120033255
GROUP,radius4_defect,264,265,1.70543100460118513,0.00810325702546892,0.38630380373468104
GROUP,radius4_defect,265,266,1.70745999427827266,0.01817901542907769,0.27976401612523732
GROUP,radius4_defect,266,267,1.70822059416797867,0.02234214204602613,0.35428570949848626
GROUP,radius4_defect,267,268,1.70900063376286848,0.01638271592529984,0.31999646976073559
GROUP,radius4_defect,268,269,1.70978212493399617,0.02109123900028403,0.31863618198728361
GROUP,radius4_defect,269,270,1.71097596135758501,0.02980456640655921,0.33723272819289424
GROUP,radius4_defect,270,271,1.71136980481469436,0.01304724897304883,0.33181416653919044
GROUP,radius4_defect,271,272,1.71238455493946118,0.00350719889363337,0.32336787710331938
GROUP,radius4_defect,272,273,1.71450640384012720,0.01209872367160175,0.29387834322383177
GROUP,radius4_defect,273,274,1.71491599184374555,0.02133529598438917,0.24832165742375872
GROUP,radius4_defect,274,275,1.71561476079819508,0.00332784260914248,0.32419836400519919
GROUP,radius4_defect,275,276,1.71598791445414833,0.00659954400165124,0.38961080634741818
GROUP,radius4_defect,276,277,1.71668231103508906,0.00223368345289285,0.18060969438341007
GROUP,radius4_defect,277,278,1.71754576511581436,0.00941861978658472,0.45920587477357716
GROUP,radius4_defect,278,279,1.71869371373489077,0.00936498955162222,0.27613187752475943
GROUP,radius4_defect,279,280,1.71935537988056963,0.01660857993232088,0.28076272047367723
GROUP,radius4_defect,280,281,1.71960132602139493,0.00770640617076364,0.22157242779152492
GROUP,radius4_defect,281,282,1.72020753203566024,0.00519125435725245,0.22817409803475289
GROUP,radius4_defect,282,283,1.72042559514620619,0.00637085619292892,0.19367355488052068
GROUP,radius4_defect,283,284,1.72077959059697960,0.00558660468563052,0.19800386789893187
GROUP,radius4_defect,284,285,1.72178685750695437,0.00124502385968109,0.32393429046219718
GROUP,radius4_defect,285,286,1.72216614938195622,0.01928156569557396,0.36562743985670754
GROUP,radius4_defect,286,287,1.72263983419201172,0.03893588349950072,0.23603555374768526
GROUP,radius4_defect,287,288,1.72334577696361424,0.01785916598400251,0.33318749847204698
GROUP,radius4_defect,288,289,1.72349906622707350,0.01839442627713480,0.23685536083604852
GROUP,radius4_defect,289,290,1.72367365834117314,0.00179462600826780,0.19806365848909485
GROUP,radius4_defect,290,291,1.72379207873015328,0.00254489379440272,0.24287273552702310
GROUP,radius4_defect,291,292,1.72391890531133352,0.00286850182717944,0.23136312612880161
GROUP,radius4_defect,292,293,1.72404154531479215,0.02571993634061949,0.14263478653065781
GROUP,radius4_defect,293,294,1.72458054605571087,0.01339927375490074,0.36879565666665282
GROUP,radius4_defect,294,295,1.72522175410302236,0.00947450499462959,0.42510766265390515
GROUP,radius4_defect,295,296,1.72596677977764790,0.00725424187047465,0.18332558689243306
GROUP,radius4_defect,296,297,1.72604268895305846,0.00518834584589034,0.18862559427357009
GROUP,radius4_defect,297,298,1.72652831733130663,0.02179234038261826,0.14513933206599033
GROUP,radius4_defect,298,299,1.72658764364714279,0.01255401884833707,0.16283127246003426
GROUP,radius4_defect,299,300,1.72726718805448387,0.00367789950780639,0.42110231542467541
GROUP,radius4_defect,300,301,1.72806878227069083,0.00470760976171785,0.57024946063258941
GROUP,radius4_defect,301,302,1.72852449640708672,0.01328355948092168,0.12678415521178416
GROUP,radius4_defect,302,303,1.72892562432336616,0.03137104683966052,0.20390789003413093
GROUP,radius4_defect,303,304,1.72973749353470341,0.00738074262390667,0.43943965031037324
GROUP,radius4_defect,304,305,1.73119988804671410,0.00493473878982717,0.53986491856263608
GROUP,radius4_defect,305,306,1.73253747163219773,0.00132971566181428,0.61924742300530489
GROUP,radius4_defect,306,307,1.73338686970070044,0.00085213146743077,0.63703404691006715
GROUP,radius4_defect,307,308,1.73409385081590806,0.00022752079194307,0.56085407058068448
GROUP,radius4_defect,308,309,1.73598825222441322,0.00113515945039325,0.84192726103151005
GROUP,radius4_defect,309,310,1.73820012467264462,0.04943332455544367,0.81865985000147456
GROUP,radius4_defect,310,311,1.73855901200764329,0.65724248126078566,0.05949896421123165
GROUP,radius4_defect,311,312,1.73988370077247345,0.00016694086124352,0.88998022232280993
GROUP,radius4_defect,312,313,1.74104714376672209,0.00020135951798022,0.89621368104221899
GROUP,radius4_defect,313,314,1.74180984510170767,0.00027328669249369,0.89597945998654116
GROUP,radius4_defect,314,315,1.74223988683215536,0.00010292080724652,0.89376247788585861
GROUP,radius4_defect,315,324,1.74826283198306465,0.00000000000000000,9.00000000000001599
GROUP,radius4_defect,324,333,1.74999999999999667,0.00000000000000000,9.00000000000001954
GROUP,radius4_defect,333,334,1.77715990966958493,0.00000006947284744,0.97175523665527674
GROUP,radius4_defect,334,335,1.77774090268202967,0.00000010490424051,0.97554018997282010
GROUP,radius4_defect,335,336,1.77865682581922946,0.00000004074594884,0.97982469154899043
GROUP,radius4_defect,336,337,1.77982409436045130,0.00000000722317582,0.98340598147572966
GROUP,radius4_defect,337,338,1.78111974497181791,0.00000000431901506,0.98664104748432124
GROUP,radius4_defect,338,339,1.78238411064204971,0.00000000215800222,0.99077114766425067
GROUP,radius4_defect,339,340,1.78343727812308273,0.00000000024926716,0.99572324992738181
GROUP,radius4_defect,340,341,1.78412114341313033,0.00000000000996521,0.99916202234040441
GROUP,radius4_defect,341,342,1.79562916136439643,0.00000000038215844,0.89518171850928607
GROUP,radius4_defect,342,343,1.79577451166888946,0.00000000055927919,0.90914669184140040
GROUP,radius4_defect,343,344,1.79597882677579923,0.00000007254594798,0.92563003110813780
GROUP,radius4_defect,344,345,1.79620299869959554,0.00000015165445603,0.93992666295871852
GROUP,radius4_defect,345,346,1.79641381092848773,0.00000002050355327,0.95042810121959487
GROUP,radius4_defect,346,347,1.79658834565531023,0.00000008771563994,0.95765385346420706
GROUP,radius4_defect,347,348,1.79671260195565163,0.00000007328470311,0.96239536703765449
GROUP,radius4_defect,348,349,1.79677763088107389,0.00000002931872471,0.96482371885229823
GROUP,radius4_defect,349,350,1.79705766646591347,0.00000000000218223,0.99788363701249316
GROUP,radius4_defect,350,351,1.80456180387917042,0.04560162597066635,0.04772921755159306
GROUP,radius4_defect,351,352,1.80466961039315632,0.00328939354370319,0.07548166305381543
GROUP,radius4_defect,352,353,1.80477714026895564,0.00107947028829908,0.08721208313321066
GROUP,radius4_defect,353,354,1.80478610270179396,0.00616414423174172,0.08540933500801055
GROUP,radius4_defect,354,355,1.80485959228798909,0.00210741513185218,0.10499591703061871
GROUP,radius4_defect,355,356,1.80486219821608573,0.01885754406766080,0.13927311809592399
GROUP,radius4_defect,356,357,1.80505557010810236,0.02593345224567290,0.12338484833587017
GROUP,radius4_defect,357,358,1.80507477871357258,0.00124587411599896,0.23826690268018472
GROUP,radius4_defect,358,359,1.80508525400910336,0.00326831494684859,0.12756611311372992
GROUP,radius4_defect,359,360,1.80509615530962009,0.00385880060908675,0.16249593388809852
GROUP,radius4_defect,360,361,1.80513159857595773,0.01610126201312320,0.18452054638100038
GROUP,radius4_defect,361,362,1.80521038077028551,0.01123110911384579,0.20144040235949959
GROUP,radius4_defect,362,363,1.80527242864026949,0.00744753850666698,0.29134160548970245
GROUP,radius4_defect,363,364,1.80531914449422293,0.02686978175401278,0.15892268894424089
GROUP,radius4_defect,364,365,1.80534076739792138,0.00461062765153317,0.32863674141351445
GROUP,radius4_defect,365,366,1.80537956709365832,0.00305217932365076,0.20914104585578877
GROUP,radius4_defect,366,367,1.80539426575120787,0.00616474875129268,0.28177008840626833
GROUP,radius4_defect,367,368,1.80541811078962811,0.00801895600434588,0.18127429886976168
GROUP,radius4_defect,368,369,1.80542559714154272,0.00220983551223624,0.19021662023831890
GROUP,radius4_defect,369,370,1.80555802210505401,0.01162862629589984,0.29926483415254251
GROUP,radius4_defect,370,371,1.80562260250074780,0.00957065129124657,0.21511446110290139
GROUP,radius4_defect,371,372,1.80570618328103882,0.00066019449919577,0.25577338372034064
GROUP,radius4_defect,372,373,1.80572506650247555,0.00033062544422105,0.26050426432496882
GROUP,radius4_defect,373,374,1.80576311599480865,0.00478772299165127,0.19036350624592818
GROUP,radius4_defect,374,375,1.80584421357947855,0.00682148284473080,0.27381065127097531
GROUP,radius4_defect,375,376,1.80585142837645329,0.01577680903412235,0.20416361626769797
GROUP,radius4_defect,376,377,1.80588150805855663,0.00616046667536299,0.36365510367503223
GROUP,radius4_defect,377,378,1.80607663316446110,0.00829767648215228,0.20559557548190133
GROUP,radius4_defect,378,379,1.80613828409190513,0.00885026522335279,0.31810600914841508
GROUP,radius4_defect,379,380,1.80616843947697747,0.01266879322034854,0.32304355060037199
GROUP,radius4_defect,380,381,1.80627722403571855,0.00372802460782830,0.24890904912945030
GROUP,radius4_defect,381,382,1.80630461691096156,0.02179881131546837,0.24841755461962048
GROUP,radius4_defect,382,383,1.80648982026884486,0.00225056583742023,0.33580700295235849
GROUP,radius4_defect,383,384,1.80654506117404101,0.01412924135055361,0.28060302418351529
GROUP,radius4_defect,384,385,1.80658367602940562,0.00313347272234668,0.41978520062922892
GROUP,radius4_defect,385,386,1.80671835415491366,0.01146336436963306,0.33997806604916608
GROUP,radius4_defect,386,387,1.80676229704445102,0.01638128515181730,0.32048183418273252
GROUP,radius4_defect,387,388,1.80677743267255009,0.00003052618874942,0.93266735261908595
GROUP,radius4_defect,388,389,1.80690975733913839,0.01604516640354070,0.34474438616425701
GROUP,radius4_defect,389,390,1.80698924321257270,0.00954404684524049,0.42394450277697332
GROUP,radius4_defect,390,391,1.80703358418654680,0.00353311359368638,0.70985463686728023
GROUP,radius4_defect,391,392,1.80714179592120128,0.00311896007132660,0.35359167179494944
GROUP,radius4_defect,392,393,1.80719911263798272,0.00264740360422961,0.31104481198807737
GROUP,radius4_defect,393,394,1.80721836940310498,0.02794535072696073,0.27619823606241378
GROUP,radius4_defect,394,395,1.80723995102466883,0.00352852653040032,0.42912182497684059
GROUP,radius4_defect,395,396,1.80734588528046203,0.00305543689708377,0.53426461776410017
GROUP,radius4_defect,396,397,1.80738607130098838,0.00136612300878814,0.32074433103123029
GROUP,radius4_defect,397,398,1.80748804085520232,0.00155186139809150,0.28939537505694957
GROUP,radius4_defect,398,399,1.80751470602714503,0.00117874236016400,0.51389109546265266
GROUP,radius4_defect,399,400,1.80765630213919049,0.00422705046550771,0.34346625410450266
GROUP,radius4_defect,400,401,1.80772357077472678,0.00627849129895926,0.49337171053818063
GROUP,radius4_defect,401,402,1.80778218272562574,0.01400304961862822,0.29702531587998593
GROUP,radius4_defect,402,403,1.80792314442563873,0.00825694580029941,0.45754480880724430
GROUP,radius4_defect,403,404,1.80795361326966297,0.01227732778531068,0.47964356612695713
GROUP,radius4_defect,404,405,1.80807037471391419,0.00761142284708430,0.26499762219315115
GROUP,radius4_defect,405,406,1.80811315434755637,0.00874594243816325,0.37213696926034179
GROUP,radius4_defect,406,407,1.80817252499412540,0.00983706225850912,0.39252383647078759
GROUP,radius4_defect,407,408,1.80823197067030228,0.00520581469529563,0.47520195019692030
GROUP,radius4_defect,408,409,1.80840030004243291,0.00288276908086748,0.47986753624891315
GROUP,radius4_defect,409,410,1.80842452530041076,0.01400187650570213,0.33516448188945402
GROUP,radius4_defect,410,411,1.80858739432174209,0.00592461514506301,0.39441621161107704
GROUP,radius4_defect,411,412,1.80865942017585524,0.00544230620196319,0.38691455260262558
GROUP,radius4_defect,412,413,1.80874273460917423,0.02282864782341769,0.33770794200527648
GROUP,radius4_defect,413,414,1.80881591458947200,0.00011887772060043,0.88525444152583066
GROUP,radius4_defect,414,415,1.80883277942707887,0.00318870853997577,0.26845654246763989
GROUP,radius4_defect,415,416,1.80884422167476222,0.00055013180818455,0.85672022271025472
GROUP,radius4_defect,416,417,1.80888132140625624,0.00263557911205907,0.53529628942754526
GROUP,radius4_defect,417,418,1.80890314077680037,0.00017566364640871,0.73655877037061024
GROUP,radius4_defect,418,419,1.80895745218252113,0.00322936929456620,0.55648643142886123
GROUP,radius4_defect,419,420,1.80899095426468381,0.00131645531444708,0.66025309757774853
GROUP,radius4_defect,420,421,1.80908768124560670,0.00052783610327905,0.72841027877535569
GROUP,radius4_defect,421,422,1.80913250289564331,0.00258923381184387,0.32127863953652314
GROUP,radius4_defect,422,423,1.80918195077076027,0.00047824873693764,0.35157527960799273
GROUP,radius4_defect,423,424,1.80922940704285673,0.00091554974000754,0.52196301675263723
GROUP,radius4_defect,424,425,1.80930221319353812,0.00002991398318888,0.41699035781611571
GROUP,radius4_defect,425,426,1.80933838165253391,0.00706690276552314,0.33723878853660383
GROUP,radius4_defect,426,427,1.80941924242901986,0.00693399720151834,0.47967010188895082
GROUP,radius4_defect,427,428,1.80951842487565462,0.00621280495309754,0.22179961027663384
GROUP,radius4_defect,428,429,1.80953349705933064,0.00131516972685510,0.33343385237649736
GROUP,radius4_defect,429,430,1.80959292043346309,0.01576248579537907,0.24505327072110950
GROUP,radius4_defect,430,485,1.80964100577050946,0.48974348506042042,10.81135489980514919
GROUP,radius4_defect,485,486,1.84022963875291667,0.97498650690705946,0.00000000000003149
GROUP,radius4_defect,486,495,2.18173716801692175,0.00000000000000000,9.00000000000000888
GROUP,radius4_defect,495,496,2.19738380809612188,0.00000000000176926,0.99956486323924909
GROUP,radius4_defect,496,497,2.19784799709248357,0.00000000000250661,0.99798634740052605
GROUP,radius4_defect,497,498,2.19862581409310964,0.00000000012137784,0.99469110853186526
GROUP,radius4_defect,498,499,2.19971339568264312,0.00000000017064361,0.98937572833051912
GROUP,radius4_defect,499,500,2.20107943346130019,0.00000001150696019,0.98249632341217163
GROUP,radius4_defect,500,501,2.20262412652290962,0.00000019356059645,0.97528570912470192
GROUP,radius4_defect,501,502,2.20410777377053568,0.00000065989133649,0.96888357366689393
GROUP,radius4_defect,502,503,2.20510226304217083,0.00000033129776051,0.95958678081262305
GROUP,radius4_defect,503,504,2.21858624796525472,0.00000000047069753,0.87761070357409421
GROUP,radius4_defect,504,505,2.21874681357667525,0.00000000067548928,0.88086215558962977
GROUP,radius4_defect,505,506,2.21902561685014277,0.00000001959316934,0.88381143270374629
GROUP,radius4_defect,506,507,2.21943814871372869,0.00000022276912619,0.88391128016925002
GROUP,radius4_defect,507,508,2.22000102041394198,0.00000012788875526,0.87985774838662212
GROUP,radius4_defect,508,509,2.22071819680657434,0.00000285293950281,0.87355652592717470
GROUP,radius4_defect,509,510,2.22153924334746433,0.00001402436393065,0.87117361098940804
GROUP,radius4_defect,510,511,2.22223700822446935,0.00000916253978466,0.87715088992931733
GROUP,radius4_defect,511,512,2.22332532377176229,0.00000079524563383,0.94392790300537821
GROUP,radius4_defect,512,567,2.23664264422176107,0.48974348506048054,10.81135489980423081
GROUP,radius4_defect,567,568,2.23772617796883955,0.01775909634962151,0.23812014944078561
GROUP,radius4_defect,568,569,2.23901890024834316,0.00184464088543119,0.28557730223863975
GROUP,radius4_defect,569,570,2.23949502687706126,0.00727867906886019,0.24535282636872097
GROUP,radius4_defect,570,571,2.24174827982303082,0.00469014326960439,0.47012285618096955
GROUP,radius4_defect,571,572,2.24357810972224270,0.01197749984191741,0.24064920011898658
GROUP,radius4_defect,572,573,2.24424338841138438,0.00068006418392161,0.43740273402613850
GROUP,radius4_defect,573,574,2.24595237542864679,0.00137351696987753,0.42227524890556645
GROUP,radius4_defect,574,575,2.24708169219809806,0.00189436687416589,0.38919351391479978
GROUP,radius4_defect,575,576,2.24796956020398797,0.00225093282878764,0.35062076435431228
GROUP,radius4_defect,576,577,2.25025517138842091,0.00076428807832628,0.74207701190483899
GROUP,radius4_defect,577,578,2.25191392527683654,0.00771795631166694,0.43814409015032801
GROUP,radius4_defect,578,579,2.25243687382795610,0.00861990090796828,0.23834794153428993
GROUP,radius4_defect,579,580,2.25340748564085125,0.01045152913962503,0.28475742932885528
GROUP,radius4_defect,580,581,2.25388248792539558,0.00260719338666577,0.75713296947630693
GROUP,radius4_defect,581,582,2.25539145787362827,0.01416902001434094,0.48666528404894177
GROUP,radius4_defect,582,583,2.25659084647140196,0.00200517216935128,0.85437189422692117
GROUP,radius4_defect,583,584,2.25797522813678908,0.00522067865612038,0.65871458774030278
GROUP,radius4_defect,584,585,2.25832769435764513,0.00614335429600293,0.65075496858689541
GROUP,radius4_defect,585,586,2.25893526066878847,0.00174076751209529,0.33978254485101150
GROUP,radius4_defect,586,587,2.25911027117313123,0.00015726156401567,0.94525030197646864
GROUP,radius4_defect,587,588,2.26216035319300701,0.00940682275761926,0.43281983074168029
GROUP,radius4_defect,588,589,2.26400533324749498,0.00146900686294560,0.39025059418369928
GROUP,radius4_defect,589,590,2.26606685898950522,0.02915384795932259,0.28938308167367438
GROUP,radius4_defect,590,591,2.26658634420109761,0.00525921380505780,0.29745356758407543
GROUP,radius4_defect,591,592,2.26738290137088061,0.00477404954585355,0.34368353979294963
GROUP,radius4_defect,592,593,2.26868583114884848,0.00588965243362964,0.45706321634378982
GROUP,radius4_defect,593,594,2.27186020662615507,0.01059882817131144,0.32130711702194920
GROUP,radius4_defect,594,595,2.27339782970262361,0.00667511446481858,0.37626009778406028
GROUP,radius4_defect,595,596,2.27384542674072199,0.01576390550971373,0.35819362617238543
GROUP,radius4_defect,596,597,2.27609063730917160,0.02796496298249427,0.33364369891180617
GROUP,radius4_defect,597,598,2.27717770076886916,0.01453322077828512,0.39721434870749189
GROUP,radius4_defect,598,599,2.27867481055198606,0.00042347913284056,0.34805760071829800
GROUP,radius4_defect,599,600,2.28100810102611051,0.01360305519323378,0.40616254818936737
GROUP,radius4_defect,600,601,2.28216279579646919,0.00277484720550004,0.31472426243813434
GROUP,radius4_defect,601,602,2.28297415363809497,0.00495285994230726,0.36874842648942235
GROUP,radius4_defect,602,603,2.28367625318140011,0.00596081149574733,0.46226915225508375
GROUP,radius4_defect,603,604,2.28670094761257792,0.00878063562314761,0.41180821832765946
GROUP,radius4_defect,604,605,2.28832976597723592,0.00554698433509168,0.46697791172381847
GROUP,radius4_defect,605,606,2.28963717584128457,0.01951961013921959,0.36021013048728262
GROUP,radius4_defect,606,607,2.29051077147810522,0.00588829125066490,0.41872017700779252
GROUP,radius4_defect,607,608,2.29166845919578721,0.01360357204643264,0.34127576629871303
GROUP,radius4_defect,608,609,2.29255546866991367,0.00782155768005349,0.34158128339762667
GROUP,radius4_defect,609,610,2.29385596070730458,0.01882547907656944,0.35362980626957735
GROUP,radius4_defect,610,611,2.29518273572521458,0.00655894924283547,0.42261033480615234
GROUP,radius4_defect,611,612,2.29694920555020765,0.00385166267246265,0.42456126912161612
GROUP,radius4_defect,612,613,2.29730855815807589,0.01154509694778762,0.48368480744385212
GROUP,radius4_defect,613,614,2.29809731486256386,0.02194566994089591,0.34045682514587944
GROUP,radius4_defect,614,615,2.29950306485357281,0.00247469304609543,0.33746955126500228
GROUP,radius4_defect,615,616,2.30095981279914286,0.00434316702884139,0.47225333300979877
GROUP,radius4_defect,616,617,2.30189899230974504,0.01175076747274992,0.36589662218236396
GROUP,radius4_defect,617,618,2.30263188611874581,0.00709146378220806,0.33737560843970410
GROUP,radius4_defect,618,619,2.30324390823233305,0.01192996106357677,0.28586404578874458
GROUP,radius4_defect,619,620,2.30572548476837014,0.00375693943150117,0.60455829358805624
GROUP,radius4_defect,620,621,2.30658048933588500,0.00160292161703621,0.35593775063166333
GROUP,radius4_defect,621,622,2.30756593795996645,0.02234832760747894,0.25861858381391739
GROUP,radius4_defect,622,623,2.30793370185233959,0.00951251142296362,0.32380883461446996
GROUP,radius4_defect,623,624,2.30892099825966657,0.01732143976415398,0.46680491352409137
GROUP,radius4_defect,624,625,2.30955392577915886,0.00319468597693471,0.31668239794063457
GROUP,radius4_defect,625,626,2.31038156220839586,0.00316648366702952,0.37618671409842480
GROUP,radius4_defect,626,627,2.31269498818113339,0.01486070335710559,0.37675156095326190
GROUP,radius4_defect,627,628,2.31364692707642883,0.00604035538950673,0.34309877230372621
GROUP,radius4_defect,628,629,2.31536887855839879,0.00238702588810609,0.21708441404257312
GROUP,radius4_defect,629,630,2.31556524298874900,0.00468926188838864,0.24349578695579982
GROUP,radius4_defect,630,631,2.31599419526920824,0.03466476956258792,0.15370876970835803
GROUP,radius4_defect,631,632,2.31655503658117334,0.00437599066000384,0.38215330618785986
GROUP,radius4_defect,632,633,2.31664508768924060,0.00693594019686306,0.33722871416798861
GROUP,radius4_defect,633,634,2.31711101212977066,0.00647167211179339,0.29544181807245429
GROUP,radius4_defect,634,635,2.31822646189218995,0.00560780826756027,0.31828738405019691
GROUP,radius4_defect,635,636,2.31975534629533442,0.01978307117974438,0.17657100668408812
GROUP,radius4_defect,636,637,2.32079998594462156,0.01433928094930484,0.21810327849805683
GROUP,radius4_defect,637,638,2.32221534563022347,0.01170634486299942,0.26049504634405374
GROUP,radius4_defect,638,639,2.32302284940408033,0.00028623232398431,0.28890047126713769
GROUP,radius4_defect,639,640,2.32350775364057460,0.00186053928692580,0.23284396723785572
GROUP,radius4_defect,640,641,2.32423589644627215,0.02834894175801465,0.22574617718235990
GROUP,radius4_defect,641,642,2.32772500784364356,0.01448893129286560,0.18726788529661867
GROUP,radius4_defect,642,643,2.32860054237779579,0.01796808983636376,0.19711168808426363
GROUP,radius4_defect,643,644,2.33080345875059569,0.00983222891599023,0.20974741269328659
GROUP,radius4_defect,644,645,2.33128520439763331,0.00129054754404275,0.19256912801595813
GROUP,radius4_defect,645,646,2.33592786739654290,0.00859902937571472,0.15031581063690222
GROUP,radius4_defect,646,647,2.33773239449480252,0.03040498326127530,0.12634257600523083
GROUP,radius4_defect,647,648,2.35861276310894485,0.00516123956591090,0.78735607035890498
GROUP,radius4_defect,648,649,2.35905258550395525,0.00019292883991240,0.79607314633991755
GROUP,radius4_defect,649,650,2.35977547171439817,0.00662427085844493,0.79318761310624608
GROUP,radius4_defect,650,651,2.36097076957063390,0.01880544748171847,0.74998767520945298
GROUP,radius4_defect,651,652,2.36331769980583228,0.00968317811760478,0.73504537105015533
GROUP,radius4_defect,652,653,2.36542230590206515,0.06945240985792352,0.63765842571591891
GROUP,radius4_defect,653,654,2.36741036566941521,0.03669477143618336,0.75418542514746034
GROUP,radius4_defect,654,655,2.36847413704416621,0.11321304865926374,0.49195873849162497
GROUP,radius4_defect,655,656,2.37178466773060670,0.05376227413019476,0.61038455657097790
GROUP,radius4_defect,656,657,2.37481766231998304,0.06583754328659908,0.55477545960204655
GROUP,radius4_defect,657,658,2.37795276515747389,0.02419869258947567,0.56347159654418744
GROUP,radius4_defect,658,659,2.38093313104739890,0.01491400576484210,0.57021633329166133
GROUP,radius4_defect,659,660,2.38330352385568078,0.00307369749532182,0.47048791183150129
GROUP,radius4_defect,660,661,2.38442237216549691,0.00462610226573309,0.49602276397269507
GROUP,radius4_defect,661,662,2.38567726959449145,0.00457618018171876,0.51737441202464596
GROUP,radius4_defect,662,663,2.38725577132615685,0.00243661054551142,0.77161980856759294
GROUP,radius4_defect,663,664,2.38862473486547211,0.00279706401333986,0.57783225177606368
GROUP,radius4_defect,664,665,2.39136408690004254,0.01297025673852195,0.41367285137778009
GROUP,radius4_defect,665,666,2.39217032038118571,0.00778857870947875,0.40930652725117256
GROUP,radius4_defect,666,667,2.39285277247625983,0.00872029637916946,0.32643925797690299
GROUP,radius4_defect,667,668,2.39399625235348212,0.00831037506626531,0.38080709867467705
GROUP,radius4_defect,668,669,2.39550579334814806,0.00324622819521946,0.29919846491316648
GROUP,radius4_defect,669,670,2.39638716255894613,0.00057695199941772,0.30355686304450091
GROUP,radius4_defect,670,671,2.39944167269522302,0.01808019470016545,0.28537782520678168
GROUP,radius4_defect,671,672,2.39948762603974375,0.01025810564996315,0.22546921310277454
GROUP,radius4_defect,672,673,2.39993805039984220,0.00087116715624098,0.41758431896485437
GROUP,radius4_defect,673,674,2.40021605169347785,0.00091120714079850,0.34593036018496237
GROUP,radius4_defect,674,675,2.40054079613217164,0.00104814881850927,0.27004293468592755
GROUP,radius4_defect,675,676,2.40101455497233607,0.00309622503203207,0.28310463998908486
GROUP,radius4_defect,676,677,2.40281299598007436,0.00174936644647360,0.27394547864612967
GROUP,radius4_defect,677,678,2.40415790007736785,0.03386058954953559,0.16232564385635495
GROUP,radius4_defect,678,679,2.40448264165217118,0.00078520830573872,0.34376620873835534
GROUP,radius4_defect,679,680,2.40540821218906320,0.00779456897139483,0.30845002301742686
GROUP,radius4_defect,680,681,2.40623505494377410,0.00180472322840603,0.34307530930005065
GROUP,radius4_defect,681,682,2.40646331493125620,0.00242474073169556,0.36824037702872342
GROUP,radius4_defect,682,683,2.40667086598338642,0.00515358764271694,0.33895129580257055
GROUP,radius4_defect,683,684,2.40722348199245717,0.00194220596862893,0.39202803733639935
GROUP,radius4_defect,684,685,2.40747014525380942,0.01051223582783031,0.38439039257763269
GROUP,radius4_defect,685,686,2.40784406589911093,0.00827430010748495,0.38867364311552721
GROUP,radius4_defect,686,687,2.41081593565429442,0.00125118530061097,0.34583133060931676
GROUP,radius4_defect,687,688,2.41195439886825724,0.00715649067037467,0.36352773622066720
GROUP,radius4_defect,688,689,2.41295695187782755,0.00045406411639989,0.39935094371373958
GROUP,radius4_defect,689,690,2.41303538327848743,0.00030284026319906,0.36449471021188529
GROUP,radius4_defect,690,691,2.41493496625984871,0.01012879166193283,0.40167268233395265
GROUP,radius4_defect,691,692,2.41522258147890057,0.00151442144403971,0.29093073610940284
GROUP,radius4_defect,692,693,2.41589704126230975,0.00276503521351830,0.39925483299386921
GROUP,radius4_defect,693,694,2.41649075426963389,0.00532338934794511,0.38778007264877146
GROUP,radius4_defect,694,695,2.41996491781225842,0.00429115942589953,0.36584841817398323
GROUP,radius4_defect,695,696,2.42009373318467214,0.00213041685720366,0.42473112783461359
GROUP,radius4_defect,696,697,2.42226808343143363,0.00501538368668138,0.36729153937697401
GROUP,radius4_defect,697,698,2.42236124062460512,0.00681977551714413,0.38937641283851360
GROUP,radius4_defect,698,699,2.42255591365961287,0.00127029665797351,0.39646663415818667
GROUP,radius4_defect,699,700,2.42621509089881027,0.02506945658746838,0.26281579024932117
GROUP,radius4_defect,700,701,2.42677727888338035,0.00316635594773189,0.39063125992896369
GROUP,radius4_defect,701,702,2.42698210520285862,0.00773013278137228,0.38616493401847640
GROUP,radius4_defect,702,703,2.42722536841792547,0.01449248265120674,0.37531058508203491
GROUP,radius4_defect,703,704,2.42858071410846810,0.00336169001533325,0.37423694707655131
GROUP,radius4_defect,704,705,2.42998316368802847,0.00026867282769113,0.37645275822738145
GROUP,radius4_defect,705,706,2.43343370253130908,0.00245462831050426,0.37583326984370169
GROUP,radius4_defect,706,707,2.43401898762107827,0.00045571421738740,0.35163606390867791
GROUP,radius4_defect,707,708,2.43524737120391865,0.01682235026483563,0.30764293365024920
GROUP,radius4_defect,708,709,2.43654352088640147,0.00099692577876539,0.35124171062260068
GROUP,radius4_defect,709,710,2.43657779436859734,0.00335855331147863,0.34811225201788021
GROUP,radius4_defect,710,711,2.43962837962181656,0.00111763171277197,0.34859277056928251
GROUP,radius4_defect,711,712,2.43969085238357408,0.00031842470781906,0.31215595624917536
GROUP,radius4_defect,712,713,2.44260385270401770,0.00336519111042708,0.30860894016485774
GROUP,radius4_defect,713,714,2.44307854556217618,0.00425809442551317,0.32269646657135093
GROUP,radius4_defect,714,715,2.44529287576248944,0.00078723365582431,0.29946167520874817
GROUP,radius4_defect,715,716,2.44831149075390497,0.01454173488040827,0.24313339836569620
GROUP,radius4_defect,716,717,2.44884724416220534,0.00008830466502362,0.27683628888894179
GROUP,radius4_defect,717,718,2.44887228399973678,0.00452063965373781,0.26298179978512443
GROUP,radius4_defect,718,719,2.45048535548168500,0.00003868827273402,0.25711334303364947
GROUP,radius4_defect,719,720,2.45195583068152212,0.01726761388020020,0.24960051487309437
GROUP,radius4_defect,720,721,2.45419735079136370,0.00027388583122811,0.22213848925927190
GROUP,radius4_defect,721,722,2.45599295429630793,0.00373732480008895,0.19705062635144457
GROUP,radius4_defect,722,723,2.45859281541348285,0.00160180899156940,0.17244425329303067
GROUP,radius4_defect,723,724,2.45860293320961265,0.00011190223947234,0.17439662295398792
GROUP,radius4_defect,724,725,2.46178319555366665,0.00290232329481235,0.13772046657386883
GROUP,radius4_defect,725,726,2.46349300766687129,0.00299636311846617,0.10816337095944717
GROUP,radius4_defect,726,727,2.46534359067402997,0.00096260962927264,0.08274037962730221
GROUP,radius4_defect,727,728,2.46694859831334945,0.00635914854979913,0.06204405209721584
ok
test periodic_wall_geometry_and_both_wall_weights ... WALLS,transitions=2,seam_hoppings=6
MODE,walls20,0,1.10685137964664215,0.22420401013304195,4.46022352323940652,0.92971467843415523,0.00000000003862597,0.07028532152721879
MODE,walls20,1,1.12588461371625725,0.02928408757640018,34.14823826732071410,0.00361985747230231,0.01077826664996896,0.98560187587772874
MODE,walls20,2,1.12588463883361811,0.02928440913950086,34.14786329600654113,0.00307281686298876,0.03108587171430244,0.96584131142270879
MODE,walls20,3,1.12873648729095555,0.02967086371762431,33.70309706912934189,0.01324094396858912,0.04056172166015765,0.94619733437125331
MODE,walls20,4,1.12873657466063304,0.02967104237448735,33.70289413424350045,0.01073409609663194,0.09825760410456785,0.89100829979880025
MODE,walls20,5,1.13337202963953376,0.03036286703910345,32.93496621093552079,0.02557962482112940,0.08220282590840519,0.89221754927046537
MODE,walls20,6,1.13337219094700381,0.03036295171256385,32.93487436487313147,0.02021926663180654,0.15499014097977190,0.82479059238842156
MODE,walls20,7,1.13959897636640539,0.03143738389726757,31.80926260492421420,0.03643696881978314,0.12529586169620643,0.83826716948401048
MODE,walls20,8,1.13959920371673951,0.03143741349333627,31.80923265878626083,0.02968178786829689,0.17617567361361214,0.79414253851809091
MODE,walls20,9,1.14711199267042607,0.04022302837756194,24.86138016792989802,0.04209699492002655,0.15790529168410103,0.79999771339587245
MODE,walls20,10,1.14711226598515426,0.03452398960375143,28.96536615488200894,0.03759751757678377,0.16240572689203980,0.79999675553117644
MODE,walls20,11,1.15544636202300177,0.03523113178069090,28.38398738436411151,0.04048308884858803,0.16834156913412548,0.79117534201728656
MODE,walls20,12,1.15544664977216738,0.03523140664379916,28.38376594242521378,0.04141490838987582,0.12625409134189119,0.83233100026823292
MODE,walls20,13,1.16390807455864698,0.03820604650815563,26.17386752608741318,0.03174318793110043,0.14755627871399060,0.82070053335490900
MODE,walls20,14,1.16390833084153122,0.03820621558300731,26.17375169826457437,0.03770015875490169,0.08174173619518287,0.88055810504991539
MODE,walls20,15,1.17149753332100359,0.04177529032042891,23.93759546204712052,0.01839661284718403,0.09496982761636166,0.88663355953645429
MODE,walls20,16,1.17149770351472848,0.04177521770318123,23.93763707241791039,0.02489190914195944,0.04031252724345523,0.93479556361458527
MODE,walls20,17,1.17692257629610464,0.04507543287895362,22.18503375631284413,0.00552729289445744,0.03081820924444151,0.96365449786110102
MODE,walls20,18,1.17692263317569257,0.04507495376154874,22.18526956877439105,0.00814926570521316,0.01080200660180270,0.98104872769298412
MODE,walls20,19,1.22712195470389851,0.20967890861062083,4.76919689551144099,0.89384682728417775,0.00000000156069268,0.10615317115512957
MODE,walls20,20,1.28186904910388955,0.17373554163547000,5.75587465055474379,0.00000000935008302,0.87014479696933422,0.12985519368058274
MODE,walls20,21,1.32693340013624916,0.03472600221467272,28.79686506434281767,0.00800409674414005,0.01213921310967389,0.97985669014618604
MODE,walls20,22,1.32693399194765638,0.03472940474382569,28.79404376136862709,0.03390415503355795,0.00660721085604979,0.95948863411039231
MODE,walls20,23,1.33490714056941728,0.03235429346707790,30.90779902264129930,0.02983448152262126,0.03784177970717092,0.93232373877020780
MODE,walls20,24,1.33490926499069573,0.03235749745940599,30.90473857734354368,0.09869040605972013,0.02160873651608923,0.87970085742419069
MODE,walls20,25,1.34656785591458328,0.02992267855451361,33.41946805257370556,0.06096601643965788,0.05947716461341083,0.87955681894693127
MODE,walls20,26,1.34657210461942589,0.02992687407742538,33.41478289422568793,0.14415612896160554,0.03763883482064016,0.81820503621775431
MODE,walls20,27,1.36035097572888231,0.02807340256076289,35.62090479896659190,0.09685360409878231,0.06906537666480750,0.83408101923641020
MODE,walls20,28,1.36035780483124058,0.02808024908947821,35.61221970693644323,0.15671580841959765,0.05039640557606126,0.79288778600434107
MODE,walls20,29,1.37486291899171942,0.02255648159637672,44.33315522757022364,0.13248493479048859,0.06775671686181489,0.79975834834769643
MODE,walls20,30,1.37487267942123981,0.03081192192575155,32.45496994344368602,0.14311093249447077,0.05689521702881473,0.79999385047671445
MODE,walls20,31,1.38888882103107947,0.02628848304776665,38.03947143633133265,0.16004560363440459,0.05978807665798461,0.78016631970761086
MODE,walls20,32,1.38890140932957595,0.02629772024615798,38.02610989240016437,0.11307869281073712,0.05454774790636499,0.83237355928289791
MODE,walls20,33,1.40132506704256099,0.02608537095124771,38.33566338270409091,0.16574298694298267,0.04804039956043801,0.78621661349657923
MODE,walls20,34,1.40133909119999167,0.02609894728252695,38.31572167163587039,0.07522992174345552,0.04258995182986218,0.88218012642668231
MODE,walls20,35,1.41115123945275189,0.02614111642717706,38.25391324757542577,0.13016231163443420,0.03200110498680649,0.83783658337875933
MODE,walls20,36,1.41116300969625974,0.02615269612508093,38.23697546200527597,0.03798372875109637,0.02420753474009898,0.93780873650880470
MODE,walls20,37,1.41747823186489397,0.02629858005639933,38.02486666030724649,0.05117447212782883,0.01162293670825585,0.93720259116391524
MODE,walls20,38,1.41748308165956605,0.02628790346038903,38.04031011856132238,0.01030195534196708,0.00705896287032448,0.98263908178770842
MODE,walls20,39,1.43427599342270762,0.13594639433237238,7.35584054958546218,0.00000059484045875,0.78753496401871892,0.21246444114082230
MODE,walls20,40,1.61999758267148608,0.11494750759387309,8.69962316654268797,0.89202941870044561,0.00000000000005191,0.10797058129950249
MODE,walls20,41,1.62846565509701291,0.11639381456499316,8.59152184106492989,0.78161527195606573,0.00000000000020711,0.21838472804372716
MODE,walls20,42,1.63371635000771498,0.03235286499127864,30.90916369445395517,0.03926517354697175,0.00085135745345779,0.95988346899957044
MODE,walls20,43,1.63371635000771498,0.03082389924336460,32.44235883671557019,0.01029708253271908,0.01521349592093376,0.97448942154634710
MODE,walls20,44,1.63371635000771498,0.03323789607715676,30.08614015997435587,0.01670908230773868,0.09274386156506773,0.89054705612719354
MODE,walls20,45,1.63371635000771498,0.02990107778298639,33.44361053664080430,0.01657959763699811,0.00815190089477564,0.97526850146822619
MODE,walls20,46,1.63371635000771498,0.03311716613142308,30.19582038002806001,0.01005326157413366,0.01407533443362482,0.97587140399224148
MODE,walls20,47,1.63371635000771498,0.02574395972767591,38.84406325127035586,0.00953236651184665,0.00147986307412032,0.98898777041403307
MODE,walls20,48,1.63371635000771498,0.04546646092189063,21.99423442519433891,0.01086009838197116,0.01295209519984509,0.97618780641818381
MODE,walls20,49,1.63371635000771498,0.02373795443035177,42.12662902079642890,0.01014967738044104,0.00368257825462342,0.98616774436493559
MODE,walls20,50,1.63371635000771498,0.02865938546634672,34.89258348453598302,0.01517973239870363,0.00595197696544386,0.97886829063585246
MODE,walls20,51,1.63371635000771964,0.09592401642243441,10.42491794334544863,0.00014061530197723,0.16561490584534799,0.83424447885267483
MODE,walls20,52,1.63371635000771964,0.04043970809658158,24.72817057956289233,0.00833015866920861,0.02472953752219099,0.96694030380860041
MODE,walls20,53,1.63371635000771964,0.03518956844701506,28.41751246553933186,0.00417884183942732,0.00344108907138787,0.99238006908918486
MODE,walls20,54,1.63371635000771964,0.02973495456886555,33.63045326617265829,0.00941488768798392,0.07242097995170833,0.91816413236030769
MODE,walls20,55,1.63371635000771964,0.03181462445362888,31.43208562645587989,0.01204767021904423,0.00677223598362183,0.98118009379733395
MODE,walls20,56,1.63371635000771964,0.06210454229248811,16.10188181228985016,0.00578383386372997,0.00586499520119042,0.98835117093507963
MODE,walls20,57,1.63371635000772564,0.02740799679769666,36.48570186946457738,0.00243327996478919,0.00988608672563326,0.98768063330957756
MODE,walls20,58,1.63874730662209833,0.13980203438337913,7.15297173185405821,0.00000000000034169,0.86723234102729330,0.13276765897236498
MODE,walls20,59,1.64729180475105141,0.10948722362594938,9.13348577927581751,0.00000000000106855,0.88006977118799523,0.11993022881093618
MODE,walls20,60,1.68501505978836197,0.09636920805322600,10.37675851240457092,0.50686282042956166,0.00000051023702964,0.49313666933340872
MODE,walls20,61,1.69483945823658799,0.02858961570642067,34.97773493245729526,0.01743394044084596,0.01480187418730555,0.96776418537184850
MODE,walls20,62,1.69521854562388019,0.03201656656100056,31.23383008901716096,0.00967143820122034,0.02697038255904253,0.96335817923973721
MODE,walls20,63,1.69783824080331591,0.02642379276244101,37.84468070084957247,0.05415532669512696,0.05104526952361232,0.89479940378126077
MODE,walls20,64,1.69903567959879376,0.02740327743658055,36.49198539533461627,0.02556404282317772,0.08197770077237383,0.89245825640444842
MODE,walls20,65,1.70234809813939703,0.02430334117355149,41.14660584563024770,0.08329203412384401,0.09002801806448761,0.82667994781166843
MODE,walls20,66,1.70434179413853992,0.02441760131708457,40.95406371060360584,0.03883108750346391,0.12506135384247541,0.83610755865406072
MODE,walls20,67,1.70777725869523511,0.02324257841640956,43.02448644398192101,0.09271599319687918,0.11449742797008199,0.79278657883303882
MODE,walls20,68,1.71032665338500212,0.02385165449782134,41.92581273937798869,0.04986552594155981,0.13535773029133583,0.81477674376710441
MODE,walls20,69,1.71351238643429049,0.02618418387749620,38.19099364251876949,0.08546994816335100,0.11666789409547335,0.79786215774117575
MODE,walls20,70,1.71633202711183941,0.02283025681398959,43.80152217066758880,0.05883797122958589,0.11452306328051425,0.82663896548989990
MODE,walls20,71,1.71900916135012793,0.02411624016000549,41.46583353645671366,0.06856115219422483,0.09850856026110839,0.83293028754466669
MODE,walls20,72,1.72182585936641996,0.02571179406301387,38.89265749209187817,0.06480714270667572,0.07760065860093240,0.85759219869239178
MODE,walls20,73,1.72382068804399635,0.02630801779063587,38.01122562551793749,0.04708075794655699,0.06792018760215124,0.88499905445129179
MODE,walls20,74,1.72636725688506942,0.02905766469662762,34.41432786978433001,0.06430764155608382,0.04037841994428650,0.89531393849962970
MODE,walls20,75,1.72758368225767844,0.02879555144593555,34.72758637310793972,0.02492673288253098,0.03495746547407289,0.94011580164339614
MODE,walls20,76,1.72955661696298857,0.03407233632029895,29.34932288174907455,0.04384605340767628,0.01240857757695990,0.94374536901536377
MODE,walls20,77,1.72999663917614632,0.03099284982738127,32.26550657876351380,0.00710346012425059,0.00959284129362903,0.98330369858212041
MODE,walls20,78,1.73270411552152992,0.08764025838452634,11.41028128434362010,0.47562311538884361,0.00003043332124732,0.52434645128990909
MODE,walls20,79,1.74392180762704485,0.33595895722134284,2.97655406562403702,0.95867591272228381,0.00000000006888626,0.04132408720882993
MODE,walls20,80,1.75042834234250844,0.12867943827535705,7.77124934179563098,0.00000000000284044,0.96021146261704104,0.03978853738011856
MODE,walls20,81,1.78639584032036658,0.16610517586879578,6.02028199765362171,0.00000000000000012,0.95387711466910685,0.04612288533089304
MODE,walls20,82,1.80448639642969977,0.03083383402178981,32.43190578548600200,0.01667053933606154,0.00158622496999907,0.98174323569393940
MODE,walls20,83,1.80448792391372281,0.03103864423169169,32.21790206219639430,0.01798507157647519,0.00159540025566593,0.98041952816785882
MODE,walls20,84,1.80478997534285024,0.02977143602702805,33.58924302785221272,0.05868413788911162,0.00541282491204551,0.93590303719884282
MODE,walls20,85,1.80479535306905281,0.02992232667728036,33.41986105509927540,0.06255712175787151,0.00554033981384314,0.93190253842828530
MODE,walls20,86,1.80523843886524293,0.02855731703763599,35.01729517104458722,0.10633103690446105,0.00943674823829256,0.88423221485724646
MODE,walls20,87,1.80524834969245962,0.02865236361407106,34.90113463131202565,0.11134212937731350,0.00988272541234960,0.87877514521033695
MODE,walls20,88,1.80576541385292555,0.02812982910904105,35.54945165587926681,0.13815529923188405,0.01206383547260034,0.84978086529551555
MODE,walls20,89,1.80577904413196699,0.02821726729525477,35.43929288177979231,0.14158600310166650,0.01282955768868105,0.84558443920965254
MODE,walls20,90,1.80630507742011237,0.02370998905974857,42.17631638209640244,0.14070489860675481,0.01321151908128998,0.84608358231195513
MODE,walls20,91,1.80632083758677719,0.02411981098453362,41.45969471490599290,0.14085864494749212,0.01379849136215304,0.84534286369035483
MODE,walls20,92,1.80680148447412781,0.02820577542591849,35.45373190063382651,0.11361163150415816,0.01408102464784802,0.87230734384799380
MODE,walls20,93,1.80681757735144943,0.02836234765872191,35.25801220804381586,0.11092326951919756,0.01347609060342400,0.87560063987737846
MODE,walls20,94,1.80721077255919438,0.03301810647449949,30.28641272243515559,0.06856478860312612,0.01530118624485945,0.91613402515201448
MODE,walls20,95,1.80722504727203637,0.03344823728113529,29.89694170114002603,0.06488815572550694,0.01232352689751806,0.92278831737697498
MODE,walls20,96,1.80749723717835176,0.04154752481349577,24.06882249878752944,0.02348287368234178,0.01249198968846213,0.96402513662919609
MODE,walls20,97,1.80750562009507032,0.04212985262977412,23.73613809636916017,0.02081986380528951,0.00752822379133033,0.97165191240338011
MODE,walls20,98,1.80776686365777484,0.12751473402899696,7.84223099875343888,0.00007805293288625,0.15320286083452439,0.84671908623258940
MODE,walls20,99,1.80787273385288549,0.15227525685100901,6.56705508616171318,0.00001265476525336,0.18520928960125271,0.81477805563349393
MODE,walls20,100,1.80886905942408838,0.17083045273462549,5.85375724288126786,0.79181344478587656,0.00000000008897319,0.20818655512515025
MODE,walls20,101,1.80891960085273285,0.17290104035093415,5.78365519357383828,0.79748731185290767,0.00000000005358295,0.20251268809350939
MODE,walls20,102,1.80964100577050857,0.04516816909496126,22.13948495228147451,0.00247807593925586,0.04588965226889290,0.95163227179185128
MODE,walls20,103,1.80964100577050857,0.12480872195613800,8.01226055620883493,0.01281692504900202,0.00245281012603132,0.98473026482496673
MODE,walls20,104,1.80964100577050857,0.03557193875940086,28.11204659840820597,0.03293444719860934,0.00983204168121149,0.95723351112017907
MODE,walls20,105,1.80964100577050857,0.04070337906001532,24.56798484778240166,0.04693715803802655,0.01173558535425374,0.94132725660771965
MODE,walls20,106,1.80964100577051323,0.03538742207849817,28.25862810186481866,0.04943068087224076,0.00494443317690708,0.94562488595085215
MODE,walls20,107,1.80964100577051323,0.02928306648190024,34.14942900935925962,0.04210245816398425,0.00750684477304019,0.95039069706297552
MODE,walls20,108,1.80964100577051323,0.08237574287772423,12.13949598590408208,0.00358394654274673,0.05480363828483541,0.94161241517241789
MODE,walls20,109,1.80964100577051323,0.03699727016634906,27.02902120896346716,0.01785438445853355,0.02492986435694450,0.95721575118452185
MODE,walls20,110,1.80964100577051323,0.03504238954932466,28.53686671659273344,0.02153148614811146,0.00981250465749560,0.96865600919439288
MODE,walls20,111,1.80964100577051323,0.05519095113816548,18.11891223792450489,0.02655076703897323,0.00140220129834242,0.97204703166268436
MODE,walls20,112,1.80964100577051323,0.05437695897363416,18.39014205419011461,0.06903778943152512,0.00084671801020574,0.93011549255826909
MODE,walls20,113,1.80964100577051323,0.03586913443597686,27.87912269767504014,0.01511905251000537,0.01063350489108778,0.97424744259890683
MODE,walls20,114,1.80964100577051323,0.03477425050084528,28.75691023091043519,0.02030529103001648,0.00405433344804888,0.97564037552193472
MODE,walls20,115,1.80964100577051323,0.02739699324660369,36.50035575067955307,0.01441543736927907,0.00273619483183354,0.98284836779888740
MODE,walls20,116,1.80964100577051323,0.03731532043864308,26.79864431672996972,0.02663425458533484,0.00026579336767553,0.97309995204698962
MODE,walls20,117,1.80964100577051323,0.03620968626844205,27.61691975419111245,0.02309291610633610,0.00811646287191937,0.96879062102174451
MODE,walls20,118,1.83092249232392223,0.26361710697307200,3.79338052633339951,0.00000000000000000,0.99993320158960841,0.00006679841039159
MODE,walls20,119,1.84525033146617057,0.36373639591900181,2.74924371390836519,0.00000000000000000,0.99994523330742446,0.00005476669257554
MODE,walls20,120,2.23002956003267006,0.12359487164126194,8.09095059301919761,0.91864383779491510,0.00000000000001331,0.08135616220507159
MODE,walls20,121,2.23435187533214297,0.10000352621368164,9.99964739106558120,0.83811654664597512,0.00000000000011172,0.16188345335391316
MODE,walls20,122,2.23664264422176240,0.02637901624289602,37.90891937713197990,0.02140955359517919,0.01191112734043671,0.96667931906438409
MODE,walls20,123,2.23664264422176240,0.02284645535670985,43.77046611330482762,0.01633623020968052,0.02461361993039721,0.95905014985992221
MODE,walls20,124,2.23664264422176240,0.02435362671703059,41.06164603815232539,0.03977073755827902,0.01106317509636883,0.94916608734535224
MODE,walls20,125,2.23664264422176240,0.02733014848955868,36.58962922876338553,0.00524080700149543,0.00142026117928217,0.99333893181922239
MODE,walls20,126,2.23664264422176284,0.05292254232367814,18.89553970941015493,0.00419462962275588,0.01978792955586765,0.97601744082137654
MODE,walls20,127,2.23664264422176684,0.02544748140185226,39.29661974042006989,0.00412789250279032,0.00913106962994451,0.98674103786726519
MODE,walls20,128,2.23664264422176684,0.04295143624324730,23.28210852686485310,0.00149483006992677,0.00135513189722092,0.99715003803285229
MODE,walls20,129,2.23664264422176684,0.01952769738860717,51.20931465188614595,0.02246719995310470,0.03377737291107660,0.94375542713581873
MODE,walls20,130,2.23664264422176684,0.02438727637839312,41.00498901492705528,0.04839548607147772,0.00626679106451564,0.94533772286400664
MODE,walls20,131,2.23664264422176684,0.02045893569663903,48.87839791999927996,0.03336252158872824,0.05682863670669173,0.90980884170458010
MODE,walls20,132,2.23664264422176684,0.02968904193663363,33.68246109572465485,0.03299482412280666,0.01044331752850441,0.95656185834868901
MODE,walls20,133,2.23664264422176684,0.02822878121486450,35.42483794778314632,0.00779955640234579,0.00894535405999127,0.98325508953766294
MODE,walls20,134,2.23664264422177128,0.02376553413952505,42.07774141027510240,0.03364188487611156,0.03705002575954815,0.92930808936434028
MODE,walls20,135,2.23664264422177128,0.02493381433836330,40.10617815748290127,0.03537885686167606,0.00556519370938926,0.95905594942893468
MODE,walls20,136,2.23664264422177128,0.02441093830726544,40.96524219646114062,0.02081827515308113,0.05335221790825898,0.92582950693865995
MODE,walls20,137,2.23664264422177128,0.06562800094333128,15.23739845227776968,0.00396776493189450,0.00187537908184171,0.99415685598626380
MODE,walls20,138,2.23855312248683980,0.09603597685598282,10.41276439036609069,0.00000000000065490,0.79188140257410955,0.20811859742523553
MODE,walls20,139,2.24134568528683165,0.08131317057975271,12.29813070711823642,0.00000000000168954,0.82328831170335215,0.17671168829495831
MODE,walls20,140,2.26915494292003261,0.04929275765393538,20.28695588549940254,0.49980953202640566,0.00014650422693948,0.50004396374665483
MODE,walls20,141,2.27276403635291979,0.02051754292821081,48.73877946783965598,0.01885451651030910,0.01347764517165355,0.96766783831803738
MODE,walls20,142,2.27298853621203678,0.02047516131257720,48.83966405606455652,0.03258043758481086,0.07854001233867841,0.88887955007651076
MODE,walls20,143,2.27604228862206703,0.01765826092682124,56.63071828784079997,0.05913128921681166,0.04544366303337247,0.89542504774981591
MODE,walls20,144,2.27648616596810616,0.01747958549962975,57.20959458799419650,0.05396099806103243,0.16710103615586502,0.77893796578310259
MODE,walls20,145,2.28139177516402114,0.01469522053587258,68.04933601090876039,0.09166446396465788,0.07804292339590016,0.83029261263944198
MODE,walls20,146,2.28183971241155481,0.01532608891870793,65.24821859667932245,0.06538942304012317,0.17123638562777152,0.76337419133210527
MODE,walls20,147,2.28863405076945092,0.01263065023252560,79.17248768593617569,0.10219772665028859,0.09824743118907402,0.79955484216063744
MODE,walls20,148,2.28898336336585251,0.01319718317554954,75.77374555599885753,0.08057751348959828,0.13608491275741758,0.78333757375298418
MODE,walls20,149,2.29751495541803585,0.01136771975034863,87.96838961211473418,0.09471701781646015,0.10465453595442675,0.80062844622911311
MODE,walls20,150,2.29775955072978633,0.01181700762880307,84.62379236876985544,0.10033533527694677,0.10911676436703217,0.79054790035602107
MODE,walls20,151,2.30770055444926658,0.01154186282177056,86.64112677840653021,0.08000146928896437,0.10348836980660528,0.81651016090443040
MODE,walls20,152,2.30786471055928777,0.01162792028656573,85.99990156067256919,0.11876541623264961,0.09554004518351049,0.78569453858383997
MODE,walls20,153,2.31874754097517943,0.01205532139302106,82.95091996293930947,0.06574536913316134,0.10006117776688347,0.83419345309995518
MODE,walls20,154,2.31885521780758763,0.01206691595699469,82.87121610558176599,0.12850298062849733,0.08568654620957539,0.78581047316192731
MODE,walls20,155,2.32997791166934798,0.01316757404545607,75.94413341044278809,0.05194461585061273,0.09064417818641794,0.85741120596296938
MODE,walls20,156,2.33004453543012113,0.01315529658624607,76.01500988168562856,0.12114652355517480,0.07103860603833935,0.80781487040648592
MODE,walls20,157,2.33994869378983505,0.01528894213306571,65.40674896252497206,0.02828706298676456,0.05380389276459385,0.91790904424864161
MODE,walls20,158,2.33997794636569978,0.01526596778804103,65.50518210731287638,0.07459950611272384,0.04006606950144848,0.88533442438582766
MODE,walls20,159,2.35607300573683487,0.05335105738266331,18.74377095897924761,0.00067862241354984,0.53050948152550859,0.46881189606094154
MODE,walls20,160,2.36045901772376920,0.05827422853355705,17.16024433380791692,0.54402088831840900,0.00050902102708556,0.45547009065450544
MODE,walls20,161,2.38164476396875857,0.01591648572184553,62.82793937530384909,0.02916734149680473,0.05485545781536656,0.91597720068782862
MODE,walls20,162,2.38165264957778566,0.01591713673267208,62.82536971284316962,0.04829783160920583,0.02692087330941832,0.92478129508137585
MODE,walls20,163,2.39104270145349229,0.01498540907066992,66.73157838295134070,0.05746054912131194,0.09231208801317835,0.85022736286550971
MODE,walls20,164,2.39105477195466909,0.01498110627119929,66.75074469783776010,0.09609911794516224,0.05771044689522625,0.84619043515961145
MODE,walls20,165,2.40139610480862142,0.01488405256730093,67.18600297051625603,0.07823494397717372,0.09390743688534714,0.82785761913747913
MODE,walls20,166,2.40140767924297682,0.01488069732481219,67.20115181246193004,0.11863127206219817,0.07750345190857573,0.80386527602922608
MODE,walls20,167,2.41134597049076005,0.01503339634092340,66.51856821454471458,0.10251310954412202,0.08203067826483398,0.81545621219104392
MODE,walls20,168,2.41135595963097371,0.01503178142934057,66.52571451365686528,0.12413377615911082,0.08725618047391179,0.78861004336697738
MODE,walls20,169,2.42032303502982149,0.01336767604919950,74.80731851366812180,0.13204110946619296,0.06802792471540216,0.79993096581840484
MODE,walls20,170,2.42033135584616188,0.01635939348001690,61.12696055764575220,0.11473734287842975,0.08532055060998071,0.79994210651158959
MODE,walls20,171,2.42800433743967803,0.01543524628826525,64.78678612081860422,0.15955767375198579,0.05649318957120479,0.78394913667680943
MODE,walls20,172,2.42801106042921200,0.01543293666561292,64.79648181464786205,0.09243644970566658,0.07158734990029449,0.83597620039403897
MODE,walls20,173,2.43417458899362771,0.01559483162724171,64.12380870166998648,0.16830496846526172,0.04648934370461440,0.78520568783012379
MODE,walls20,174,2.43417966978941713,0.01559422917682788,64.12628599084219161,0.06209049708592197,0.04945151487792409,0.88845798803615395
MODE,walls20,175,2.43868335001410630,0.01571306099398936,63.64132363404716841,0.13502772872762536,0.03283663754080855,0.83213563373156607
MODE,walls20,176,2.43868653922251521,0.01571261939959032,63.64311223792982020,0.03129936873689596,0.02538373411017386,0.94331689715293021
MODE,walls20,177,2.44142894161632285,0.01578955599446395,63.33300317948236113,0.05425482183743751,0.01254798798742536,0.93319719017513714
MODE,walls20,178,2.44143004563442245,0.01578450690775307,63.35326189434637456,0.00843614617970637,0.00691141482227049,0.98465243899802313
MODE,walls20,179,2.44770922487950671,0.08173681291040326,12.23438943106530807,0.00000101257141014,0.77667562364647358,0.22332336378211626
GROUP,walls20,0,1,1.10685137964664215,0.92971467843415523,0.00000000003862597
GROUP,walls20,1,2,1.12588461371625725,0.00361985747230231,0.01077826664996896
GROUP,walls20,2,3,1.12588463883361811,0.00307281686298876,0.03108587171430244
GROUP,walls20,3,4,1.12873648729095555,0.01324094396858912,0.04056172166015765
GROUP,walls20,4,5,1.12873657466063304,0.01073409609663194,0.09825760410456785
GROUP,walls20,5,6,1.13337202963953376,0.02557962482112940,0.08220282590840519
GROUP,walls20,6,7,1.13337219094700381,0.02021926663180654,0.15499014097977190
GROUP,walls20,7,8,1.13959897636640539,0.03643696881978314,0.12529586169620643
GROUP,walls20,8,9,1.13959920371673951,0.02968178786829689,0.17617567361361214
GROUP,walls20,9,10,1.14711199267042607,0.04209699492002655,0.15790529168410103
GROUP,walls20,10,11,1.14711226598515426,0.03759751757678377,0.16240572689203980
GROUP,walls20,11,12,1.15544636202300177,0.04048308884858803,0.16834156913412548
GROUP,walls20,12,13,1.15544664977216738,0.04141490838987582,0.12625409134189119
GROUP,walls20,13,14,1.16390807455864698,0.03174318793110043,0.14755627871399060
GROUP,walls20,14,15,1.16390833084153122,0.03770015875490169,0.08174173619518287
GROUP,walls20,15,16,1.17149753332100359,0.01839661284718403,0.09496982761636166
GROUP,walls20,16,17,1.17149770351472848,0.02489190914195944,0.04031252724345523
GROUP,walls20,17,18,1.17692257629610464,0.00552729289445744,0.03081820924444151
GROUP,walls20,18,19,1.17692263317569257,0.00814926570521316,0.01080200660180270
GROUP,walls20,19,20,1.22712195470389851,0.89384682728417775,0.00000000156069268
GROUP,walls20,20,21,1.28186904910388955,0.00000000935008302,0.87014479696933422
GROUP,walls20,21,22,1.32693340013624916,0.00800409674414005,0.01213921310967389
GROUP,walls20,22,23,1.32693399194765638,0.03390415503355795,0.00660721085604979
GROUP,walls20,23,24,1.33490714056941728,0.02983448152262126,0.03784177970717092
GROUP,walls20,24,25,1.33490926499069573,0.09869040605972013,0.02160873651608923
GROUP,walls20,25,26,1.34656785591458328,0.06096601643965788,0.05947716461341083
GROUP,walls20,26,27,1.34657210461942589,0.14415612896160554,0.03763883482064016
GROUP,walls20,27,28,1.36035097572888231,0.09685360409878231,0.06906537666480750
GROUP,walls20,28,29,1.36035780483124058,0.15671580841959765,0.05039640557606126
GROUP,walls20,29,30,1.37486291899171942,0.13248493479048859,0.06775671686181489
GROUP,walls20,30,31,1.37487267942123981,0.14311093249447077,0.05689521702881473
GROUP,walls20,31,32,1.38888882103107947,0.16004560363440459,0.05978807665798461
GROUP,walls20,32,33,1.38890140932957595,0.11307869281073712,0.05454774790636499
GROUP,walls20,33,34,1.40132506704256099,0.16574298694298267,0.04804039956043801
GROUP,walls20,34,35,1.40133909119999167,0.07522992174345552,0.04258995182986218
GROUP,walls20,35,36,1.41115123945275189,0.13016231163443420,0.03200110498680649
GROUP,walls20,36,37,1.41116300969625974,0.03798372875109637,0.02420753474009898
GROUP,walls20,37,38,1.41747823186489397,0.05117447212782883,0.01162293670825585
GROUP,walls20,38,39,1.41748308165956605,0.01030195534196708,0.00705896287032448
GROUP,walls20,39,40,1.43427599342270762,0.00000059484045875,0.78753496401871892
GROUP,walls20,40,41,1.61999758267148608,0.89202941870044561,0.00000000000005191
GROUP,walls20,41,42,1.62846565509701291,0.78161527195606573,0.00000000000020711
GROUP,walls20,42,58,1.63371635000771498,0.18095535981768424,0.44383229406297303
GROUP,walls20,58,59,1.63874730662209833,0.00000000000034169,0.86723234102729330
GROUP,walls20,59,60,1.64729180475105141,0.00000000000106855,0.88006977118799523
GROUP,walls20,60,61,1.68501505978836197,0.50686282042956166,0.00000051023702964
GROUP,walls20,61,62,1.69483945823658799,0.01743394044084596,0.01480187418730555
GROUP,walls20,62,63,1.69521854562388019,0.00967143820122034,0.02697038255904253
GROUP,walls20,63,64,1.69783824080331591,0.05415532669512696,0.05104526952361232
GROUP,walls20,64,65,1.69903567959879376,0.02556404282317772,0.08197770077237383
GROUP,walls20,65,66,1.70234809813939703,0.08329203412384401,0.09002801806448761
GROUP,walls20,66,67,1.70434179413853992,0.03883108750346391,0.12506135384247541
GROUP,walls20,67,68,1.70777725869523511,0.09271599319687918,0.11449742797008199
GROUP,walls20,68,69,1.71032665338500212,0.04986552594155981,0.13535773029133583
GROUP,walls20,69,70,1.71351238643429049,0.08546994816335100,0.11666789409547335
GROUP,walls20,70,71,1.71633202711183941,0.05883797122958589,0.11452306328051425
GROUP,walls20,71,72,1.71900916135012793,0.06856115219422483,0.09850856026110839
GROUP,walls20,72,73,1.72182585936641996,0.06480714270667572,0.07760065860093240
GROUP,walls20,73,74,1.72382068804399635,0.04708075794655699,0.06792018760215124
GROUP,walls20,74,75,1.72636725688506942,0.06430764155608382,0.04037841994428650
GROUP,walls20,75,76,1.72758368225767844,0.02492673288253098,0.03495746547407289
GROUP,walls20,76,77,1.72955661696298857,0.04384605340767628,0.01240857757695990
GROUP,walls20,77,78,1.72999663917614632,0.00710346012425059,0.00959284129362903
GROUP,walls20,78,79,1.73270411552152992,0.47562311538884361,0.00003043332124732
GROUP,walls20,79,80,1.74392180762704485,0.95867591272228381,0.00000000006888626
GROUP,walls20,80,81,1.75042834234250844,0.00000000000284044,0.96021146261704104
GROUP,walls20,81,82,1.78639584032036658,0.00000000000000012,0.95387711466910685
GROUP,walls20,82,83,1.80448639642969977,0.01667053933606154,0.00158622496999907
GROUP,walls20,83,84,1.80448792391372281,0.01798507157647519,0.00159540025566593
GROUP,walls20,84,85,1.80478997534285024,0.05868413788911162,0.00541282491204551
GROUP,walls20,85,86,1.80479535306905281,0.06255712175787151,0.00554033981384314
GROUP,walls20,86,87,1.80523843886524293,0.10633103690446105,0.00943674823829256
GROUP,walls20,87,88,1.80524834969245962,0.11134212937731350,0.00988272541234960
GROUP,walls20,88,89,1.80576541385292555,0.13815529923188405,0.01206383547260034
GROUP,walls20,89,90,1.80577904413196699,0.14158600310166650,0.01282955768868105
GROUP,walls20,90,91,1.80630507742011237,0.14070489860675481,0.01321151908128998
GROUP,walls20,91,92,1.80632083758677719,0.14085864494749212,0.01379849136215304
GROUP,walls20,92,93,1.80680148447412781,0.11361163150415816,0.01408102464784802
GROUP,walls20,93,94,1.80681757735144943,0.11092326951919756,0.01347609060342400
GROUP,walls20,94,95,1.80721077255919438,0.06856478860312612,0.01530118624485945
GROUP,walls20,95,96,1.80722504727203637,0.06488815572550694,0.01232352689751806
GROUP,walls20,96,97,1.80749723717835176,0.02348287368234178,0.01249198968846213
GROUP,walls20,97,98,1.80750562009507032,0.02081986380528951,0.00752822379133033
GROUP,walls20,98,99,1.80776686365777484,0.00007805293288625,0.15320286083452439
GROUP,walls20,99,100,1.80787273385288549,0.00001265476525336,0.18520928960125271
GROUP,walls20,100,101,1.80886905942408838,0.79181344478587656,0.00000000008897319
GROUP,walls20,101,102,1.80891960085273285,0.79748731185290767,0.00000000005358295
GROUP,walls20,102,118,1.80964100577050857,0.42482507048198082,0.19996258339872547
GROUP,walls20,118,119,1.83092249232392223,0.00000000000000000,0.99993320158960841
GROUP,walls20,119,120,1.84525033146617057,0.00000000000000000,0.99994523330742446
GROUP,walls20,120,121,2.23002956003267006,0.91864383779491510,0.00000000000001331
GROUP,walls20,121,122,2.23435187533214297,0.83811654664597512,0.00000000000011172
GROUP,walls20,122,138,2.23664264422176240,0.33140105052133345,0.29338660335933575
GROUP,walls20,138,139,2.23855312248683980,0.00000000000065490,0.79188140257410955
GROUP,walls20,139,140,2.24134568528683165,0.00000000000168954,0.82328831170335215
GROUP,walls20,140,141,2.26915494292003261,0.49980953202640566,0.00014650422693948
GROUP,walls20,141,142,2.27276403635291979,0.01885451651030910,0.01347764517165355
GROUP,walls20,142,143,2.27298853621203678,0.03258043758481086,0.07854001233867841
GROUP,walls20,143,144,2.27604228862206703,0.05913128921681166,0.04544366303337247
GROUP,walls20,144,145,2.27648616596810616,0.05396099806103243,0.16710103615586502
GROUP,walls20,145,146,2.28139177516402114,0.09166446396465788,0.07804292339590016
GROUP,walls20,146,147,2.28183971241155481,0.06538942304012317,0.17123638562777152
GROUP,walls20,147,148,2.28863405076945092,0.10219772665028859,0.09824743118907402
GROUP,walls20,148,149,2.28898336336585251,0.08057751348959828,0.13608491275741758
GROUP,walls20,149,150,2.29751495541803585,0.09471701781646015,0.10465453595442675
GROUP,walls20,150,151,2.29775955072978633,0.10033533527694677,0.10911676436703217
GROUP,walls20,151,152,2.30770055444926658,0.08000146928896437,0.10348836980660528
GROUP,walls20,152,153,2.30786471055928777,0.11876541623264961,0.09554004518351049
GROUP,walls20,153,154,2.31874754097517943,0.06574536913316134,0.10006117776688347
GROUP,walls20,154,155,2.31885521780758763,0.12850298062849733,0.08568654620957539
GROUP,walls20,155,156,2.32997791166934798,0.05194461585061273,0.09064417818641794
GROUP,walls20,156,157,2.33004453543012113,0.12114652355517480,0.07103860603833935
GROUP,walls20,157,158,2.33994869378983505,0.02828706298676456,0.05380389276459385
GROUP,walls20,158,159,2.33997794636569978,0.07459950611272384,0.04006606950144848
GROUP,walls20,159,160,2.35607300573683487,0.00067862241354984,0.53050948152550859
GROUP,walls20,160,161,2.36045901772376920,0.54402088831840900,0.00050902102708556
GROUP,walls20,161,162,2.38164476396875857,0.02916734149680473,0.05485545781536656
GROUP,walls20,162,163,2.38165264957778566,0.04829783160920583,0.02692087330941832
GROUP,walls20,163,164,2.39104270145349229,0.05746054912131194,0.09231208801317835
GROUP,walls20,164,165,2.39105477195466909,0.09609911794516224,0.05771044689522625
GROUP,walls20,165,166,2.40139610480862142,0.07823494397717372,0.09390743688534714
GROUP,walls20,166,167,2.40140767924297682,0.11863127206219817,0.07750345190857573
GROUP,walls20,167,168,2.41134597049076005,0.10251310954412202,0.08203067826483398
GROUP,walls20,168,169,2.41135595963097371,0.12413377615911082,0.08725618047391179
GROUP,walls20,169,170,2.42032303502982149,0.13204110946619296,0.06802792471540216
GROUP,walls20,170,171,2.42033135584616188,0.11473734287842975,0.08532055060998071
GROUP,walls20,171,172,2.42800433743967803,0.15955767375198579,0.05649318957120479
GROUP,walls20,172,173,2.42801106042921200,0.09243644970566658,0.07158734990029449
GROUP,walls20,173,174,2.43417458899362771,0.16830496846526172,0.04648934370461440
GROUP,walls20,174,175,2.43417966978941713,0.06209049708592197,0.04945151487792409
GROUP,walls20,175,176,2.43868335001410630,0.13502772872762536,0.03283663754080855
GROUP,walls20,176,177,2.43868653922251521,0.03129936873689596,0.02538373411017386
GROUP,walls20,177,178,2.44142894161632285,0.05425482183743751,0.01254798798742536
GROUP,walls20,178,179,2.44143004563442245,0.00843614617970637,0.00691141482227049
GROUP,walls20,179,180,2.44770922487950671,0.00000101257141014,0.77667562364647358
ok

test result: ok. 2 passed; 0 failed; 0 ignored; 0 measured; 0 filtered out; finished in 0.44s

