plateifu,cd_re,cd_im,g2_re,g2_im,j3o_re,j3o_im,sl2_re,sl2_im
10001-12701,-2.53077807e-1,-2.22914223e-1,-4.84581062e-1,-6.41083156e-1,-1.54547722e-1,-4.89332377e-1,-4.67974570e-2,-5.72985787e-2
10001-12702,-5.54616271e-2,-1.50170964e-2,-1.54432180e-1,-3.86005162e-2,-1.32082492e-1,-3.64108472e-2,-8.39354148e-3,-3.00243459e-3
10001-12703,-6.20432317e-1,-3.19730835e-1,-1.54054416e0,-1.09122431e0,-9.93840970e-1,-1.10547979e0,-1.25144123e-1,-6.74537021e-2
10001-12705,-6.15483326e-1,-5.16745809e-1,-1.25929918e0,-1.62462278e0,-4.58487457e-1,-1.43782003e0,-1.24564103e-1,-1.22117871e-1
10001-1901,3.35416887e-1,2.27085551e-1,8.01003201e-1,7.81263526e-1,4.63993147e-1,8.01112123e-1,6.88642307e-2,4.73025983e-2
10001-1902,7.29626101e0,9.62599522e-1,2.02818039e1,3.45248972e0,1.64197535e1,3.78502832e0,1.41418045e0,1.85812929e-1
10001-3703,1.14055120e-1,2.11044478e-1,1.04287668e-1,6.47841889e-1,-1.79406387e-1,5.46418631e-1,2.45401197e-2,5.14096470e-2
10001-6101,1.21948513e-1,-2.88239412e-2,3.72487562e-1,-9.53116783e-2,3.48930752e-1,-9.08712141e-2,2.26200255e-2,-6.41233384e-3
10001-6102,-3.74152462e-1,-1.36516669e-1,-9.86007295e-1,-4.77936000e-1,-7.21596611e-1,-5.04348238e-1,-7.41741756e-2,-2.75772613e-2
10001-6103,-3.49629695e-2,5.58018399e-3,-1.53536115e-1,-2.03894465e-2,-1.88441801e-1,-8.39435902e-2,-6.63696444e-3,5.08306688e-3
10001-6104,-8.13586882e-1,-2.38829944e-1,-2.19152804e0,-8.45669009e-1,-1.67303069e0,-9.08446880e-1,-1.60005745e-1,-4.72576807e-2
10001-9101,-2.55541468e-1,-1.07879425e-1,-6.54490315e-1,-3.57863692e-1,-4.61520832e-1,-3.54905641e-1,-4.95760248e-2,-2.32634593e-2
10001-9102,-2.58412677e-1,-1.57591513e-1,-5.94505159e-1,-4.99150263e-1,-3.30436057e-1,-4.50161145e-1,-5.11425691e-2,-3.67892334e-2
10213-12701,-1.82601572e-1,-3.31579021e-1,-1.64639622e-1,-1.00887088e0,2.89365129e-1,-8.34744745e-1,-3.91039818e-2,-8.16813180e-2
10213-12702,-1.17501955e-1,-5.98226213e-2,-2.90297075e-1,-1.81648602e-1,-1.96726243e-1,-1.65783338e-1,-2.09760379e-2,-1.34962038e-2
10213-12704,-2.85426518e-2,-1.76773383e-1,2.80614290e-2,-6.09880323e-1,1.74567877e-1,-6.28257441e-1,-8.77567092e-3,-3.66469242e-2
10213-3702,2.56368249e-1,-6.73624309e-2,7.57460887e-1,-2.36550914e-1,6.78510493e-1,-2.50645133e-1,4.81621325e-2,-1.35393262e-2
10213-6102,7.30518410e-1,2.87778900e-1,1.90408264e0,1.01439906e0,1.35338037e0,1.07516176e0,1.46544126e-1,5.77076046e-2
10213-6103,-3.48908875e-2,-1.45996759e-2,-6.95177158e-2,-3.13509505e-2,-2.61539057e-2,-2.80089734e-3,-6.70677344e-3,-4.88375874e-3
10213-6104,3.54572681e-1,-3.89650009e-2,1.04017827e0,-1.29193493e-1,9.20113701e-1,-1.23808523e-1,6.69963705e-2,-8.63118739e-3
10213-9101,4.77248159e-2,6.70945393e-3,1.48169444e-1,3.66669484e-2,1.36677917e-1,5.90746130e-2,9.31766678e-3,6.03637111e-5
10213-9102,-1.74619651e-1,-5.11948582e-2,-4.74766195e-1,-1.90472556e-1,-3.63018178e-1,-2.15813095e-1,-3.49340078e-2,-9.35883690e-3
10214-12704,7.54056403e-1,-1.45759042e-1,2.19862279e0,-5.09578679e-1,1.92839865e0,-5.36166171e-1,1.42739630e-1,-2.95305675e-2
10214-12705,3.32649289e-1,-4.63408961e-2,1.00349962e0,-1.39420899e-1,9.19398291e-1,-1.09300539e-1,6.25212380e-2,-1.17026115e-2
10214-3702,9.93525644e-1,4.20496111e-1,2.54665556e0,1.44812253e0,1.76263712e0,1.48814029e0,1.98598570e-1,8.74156859e-2
10214-6101,-4.36756045e-1,-1.55537630e-1,-1.15132545e0,-5.44020304e-1,-8.43082899e-1,-5.73131587e-1,-8.65783536e-2,-3.14758671e-2
10214-6103,-6.91384849e-1,-4.09510560e-1,-1.64444709e0,-1.36719531e0,-9.60267694e-1,-1.33675235e0,-1.40269018e-1,-8.93871436e-2
10214-6104,2.07854857e-2,9.82720839e-2,-4.94926668e-2,2.93695050e-1,-1.70450582e-1,2.34693645e-1,4.95755863e-3,2.46796808e-2
10214-9101,3.15938706e0,4.85328505e-1,8.72303896e0,1.72182567e0,6.98036536e0,1.85639715e0,6.13953203e-1,9.56476786e-2
10214-9102,-4.96677792e-1,-1.92738225e-1,-1.29744237e0,-6.69722362e-1,-9.34629012e-1,-6.99163098e-1,-9.85792296e-2,-3.94216612e-2
10215-12701,-8.25830224e-1,-3.59633722e-1,-2.11978980e0,-1.24412463e0,-1.47036379e0,-1.28815074e0,-1.65107922e-1,-7.41799319e-2
10215-12702,1.79286474e-1,3.68989974e-1,1.16588717e-1,8.89455712e-1,-2.42435602e-1,5.15436927e-1,8.94676418e-3,9.98844381e-2
10215-12703,-3.08698391e-1,-2.17822365e-1,-6.79208677e-1,-6.72709805e-1,-3.40891079e-1,-5.87621390e-1,-5.97588790e-2,-5.19525368e-2
10215-1902,-5.74376653e-1,-2.06966833e-1,-1.52286489e0,-7.32147190e-1,-1.12469498e0,-7.83937214e-1,-1.13958328e-1,-4.10789918e-2
10215-3701,-3.66270291e-1,-2.54669364e-1,-8.16940890e-1,-8.22410063e-1,-4.03840189e-1,-7.61643156e-1,-7.42513259e-2,-5.82082366e-2
10215-3703,-6.09809098e-1,-2.13852466e-1,-1.61553730e0,-7.51298665e-1,-1.19427440e0,-7.97108682e-1,-1.20703189e-1,-4.29326430e-2
10215-6101,5.91985705e-1,2.99669380e-2,1.69034627e0,1.20501653e-1,1.43080622e0,1.53818889e-1,1.13474963e-1,4.42517831e-3
10215-6102,-2.87746617e-1,-9.73469234e-2,-7.52590869e-1,-3.28386428e-1,-5.48888968e-1,-3.28337930e-1,-5.65254716e-2,-2.08476685e-2
10215-6103,-8.12780536e-1,-4.82882012e-1,-1.92731232e0,-1.60467157e0,-1.12020194e0,-1.55807391e0,-1.64584621e-1,-1.06083682e-1
10215-6104,2.15455361e-1,1.34731455e-1,5.14195410e-1,4.78396853e-1,2.85081257e-1,4.97978910e-1,4.65621065e-2,2.75269341e-2
10215-9101,2.52238245e-2,1.36627122e-1,-9.73729770e-2,3.48100362e-1,-2.48085523e-1,2.01457005e-1,7.73897284e-4,3.83946350e-2
10215-9102,-1.10485126e-1,-4.87481931e-2,-2.56833514e-1,-1.38894273e-1,-1.52309308e-1,-9.99676743e-2,-2.12732291e-2,-1.28657021e-2
10216-12701,-5.21564826e-1,-3.96796885e-1,-1.12055942e0,-1.26295126e0,-4.93779918e-1,-1.14335924e0,-1.05371835e-1,-9.22817869e-2
10216-12702,-8.07320666e-1,-3.29965327e-1,-2.09309430e0,-1.14649516e0,-1.48218049e0,-1.19536458e0,-1.60923388e-1,-6.75501649e-2
10216-12704,-2.13799882e-1,-2.88403097e-1,-2.87283017e-1,-8.55996482e-1,1.33839184e-1,-6.76713702e-1,-4.32411457e-2,-7.28476398e-2
10216-12705,-1.11019557e-1,-8.48322436e-2,-2.23374669e-1,-2.38876120e-1,-9.04869285e-2,-1.75327974e-1,-2.02544519e-2,-2.21608581e-2
10216-1901,9.54831438e-1,4.63062693e-1,2.35201631e0,1.53494547e0,1.51042625e0,1.48567744e0,1.90804769e-1,1.02057810e-1
10216-1902,3.52117630e0,1.28368071e0,9.13212897e0,4.39162014e0,6.49914596e0,4.47005926e0,6.99030785e-1,2.69620563e-1
10216-3704,2.79237739e-1,1.72888361e-1,6.90513782e-1,6.02162521e-1,4.37034074e-1,6.29946862e-1,5.67889558e-2,3.52552446e-2
10216-6101,2.32614846e-1,1.97312974e-2,7.14792270e-1,1.22628140e-1,6.54282369e-1,2.12872230e-1,4.51348003e-2,-1.30750590e-3
10216-6102,-3.91758738e-1,-2.16414469e-1,-9.33274063e-1,-7.10462098e-1,-5.52919301e-1,-6.76177482e-1,-7.88435296e-2,-4.83791150e-2
10216-6103,-7.41710791e-1,-4.32250014e-1,-1.77370955e0,-1.44560996e0,-1.05038801e0,-1.41775458e0,-1.50288302e-1,-9.40936846e-2
10216-9102,-4.53016873e-1,-3.15658369e-1,-9.97425572e-1,-9.65981761e-1,-5.06804159e-1,-8.33378092e-1,-8.68812953e-2,-7.58987416e-2
10217-12701,-1.29186265e-1,-1.70630835e-1,-2.08305043e-1,-3.78929573e-1,-6.28664716e-2,-2.02165255e-1,-6.03466598e-3,-4.51309209e-2
10217-1902,5.78039801e0,9.62271545e-1,1.59302473e1,3.40922012e0,1.27071508e1,3.66826933e0,1.12405078e0,1.90114530e-1
10217-3701,-6.33038501e-1,-3.45985975e-1,-1.54371206e0,-1.16861557e0,-9.56784679e-1,-1.16440016e0,-1.28000963e-1,-7.41978337e-2
10217-3702,1.17695314e0,6.88392735e-1,2.82270526e0,2.30854085e0,1.68312359e0,2.27491906e0,2.38395090e-1,1.49205441e-1
10217-3704,2.41316401e-2,1.00632638e-1,-3.42944086e-2,3.13874341e-1,-1.57100043e-1,2.71101643e-1,6.31766982e-3,2.41362226e-2
10217-6103,-4.38031321e-1,-3.80218601e-1,-8.57414412e-1,-1.12472250e0,-2.86474946e-1,-9.04818722e-1,-8.32586885e-2,-9.51523710e-2
10217-9101,-5.75234433e-1,-2.91035455e-1,-1.43428802e0,-9.95088782e-1,-9.33943160e-1,-1.01100209e0,-1.15923943e-1,-6.12204825e-2
10218-12701,2.01529316e-1,1.58654222e-1,4.18382121e-1,4.68432751e-1,1.83319618e-1,3.80077437e-1,3.75545324e-2,3.95344376e-2
10218-12704,-4.03215056e-1,-3.14114653e-1,-8.55043518e-1,-9.88699137e-1,-3.64620381e-1,-8.80501238e-1,-8.07544134e-2,-7.39225360e-2
10218-1901,1.73702395e-1,1.11429716e-1,4.16102441e-1,3.80145892e-1,2.44715536e-1,3.84776523e-1,3.54695278e-2,2.35269991e-2
10218-1902,4.36494649e-1,1.33237099e-1,1.18068212e0,4.74667586e-1,9.08055513e-1,5.14810419e-1,8.57364079e-2,2.60612631e-2
10218-3701,-7.45776791e-2,3.67062000e-2,-2.69312308e-1,9.85330743e-2,-2.94704122e-1,5.73456438e-2,-1.37180867e-2,1.03701349e-2
10218-3702,-7.86955896e-2,-3.96189728e-2,-1.72361148e-1,-1.16925290e-1,-8.19044434e-2,-8.89255942e-2,-1.58629091e-2,-1.01766366e-2
10218-3703,1.63450300e0,7.65886190e-1,4.18705515e0,2.66752858e0,2.88461612e0,2.79111739e0,3.27682781e-1,1.56162859e-1
10218-3704,4.66530334e-1,2.56316995e-1,1.17117568e0,8.91258103e-1,7.70157879e-1,9.30037098e-1,9.42517824e-2,5.24159511e-2
10218-6101,-1.07100701e-1,-3.08970451e-1,-5.51192290e-2,-1.03128744e0,2.87504017e-1,-1.00520332e0,-2.70362321e-2,-6.75682430e-2
10218-6102,1.08613119e0,5.17853361e-1,2.75882435e0,1.79267603e0,1.86753140e0,1.85725790e0,2.18196038e-1,1.06724972e-1
10218-6103,-3.95227935e-1,-2.74855297e-1,-8.82856239e-1,-8.76702604e-1,-4.47428413e-1,-8.01052836e-1,-7.87976760e-2,-6.35221213e-2
10218-6104,6.76908541e-2,3.37126652e-2,1.86376287e-1,1.43219624e-1,1.32699539e-1,1.81923773e-1,1.51858072e-2,4.73630104e-3
10218-9101,-5.19586285e-1,-4.92886202e-1,-9.76725403e-1,-1.51003316e0,-2.23992427e-1,-1.27541663e0,-1.04413457e-1,-1.20036944e-1
10218-9102,-1.71283546e-2,-1.55733098e-3,-5.15225147e-2,-1.35105903e-2,-4.21963094e-2,-2.50338329e-2,-3.76568714e-3,4.09076353e-4
10219-12703,1.90492782e-1,-2.65357325e-1,9.29261076e-1,-6.34470467e-1,1.16951088e0,-2.70373299e-1,4.31267730e-2,-7.96649744e-2
10219-12705,-7.75292329e-1,-2.12333157e-1,-2.10598052e0,-7.56333772e-1,-1.63314975e0,-8.20104999e-1,-1.51966214e-1,-4.15447302e-2
10219-1901,4.26903330e0,1.16465944e0,1.14553025e1,4.08723245e0,8.68840209e0,4.32872635e0,8.40229711e-1,2.34282620e-1
10219-3701,2.13170890e0,5.67910928e-1,5.74047658e0,1.99499286e0,4.38532793e0,2.11689892e0,4.18793088e-1,1.14011827e-1
10219-3702,2.64585511e0,5.70057491e-1,7.23754816e0,2.02407915e0,5.69097991e0,2.18418676e0,5.16609969e-1,1.12202374e-1
10219-3703,2.24428023e0,7.32164360e-1,5.88635666e0,2.51332256e0,4.28388638e0,2.57138825e0,4.44068610e-1,1.52959697e-1
10219-6101,4.62287069e0,1.55340745e0,1.21640197e1,5.37974512e0,8.89519760e0,5.58222006e0,9.15024422e-1,3.19732518e-1
10219-6102,1.99502432e1,1.56794101e0,5.58289512e1,5.65034811e0,4.57433020e1,6.24082018e0,3.85384782e0,2.99819133e-1
10219-6103,-2.35011541e-1,-4.98841516e-2,-6.51045865e-1,-1.82287518e-1,-5.22018281e-1,-2.04952579e-1,-4.58003429e-2,-9.29522571e-3
10219-9101,-3.69814113e-1,-3.19907913e-1,-7.15689834e-1,-9.31094932e-1,-2.32886140e-1,-7.25151323e-1,-6.95110535e-2,-8.14379994e-2
10219-9102,1.02996269e-1,3.61486432e-2,2.72827589e-1,1.25229697e-1,2.02931573e-1,1.30575915e-1,2.02466732e-2,7.41401438e-3
10220-12704,-7.39424207e-1,-5.16861508e-1,-1.65791340e0,-1.68572459e0,-8.25205259e-1,-1.58590309e0,-1.50700772e-1,-1.16635975e-1
10220-1901,6.46900011e-1,2.05342485e-1,1.73864003e0,7.27951087e-1,1.32132038e0,7.83470490e-1,1.27367351e-1,4.05408841e-2
10220-1902,1.13349880e-1,4.72068609e-2,3.12198412e-1,1.79572279e-1,2.42508604e-1,2.11800510e-1,2.26665825e-2,8.11934348e-3
10220-3701,-7.50676537e-1,-3.53499330e-1,-1.89719496e0,-1.21258191e0,-1.27435372e0,-1.23883364e0,-1.50606146e-1,-7.39500302e-2
10220-3703,-2.80888215e-1,-2.54454619e-1,-5.79454603e-1,-8.34845128e-1,-2.01893916e-1,-7.91272822e-1,-5.87963514e-2,-5.70313748e-2
10220-6101,-2.29235002e-1,-1.26215214e-1,-5.39794549e-1,-4.05422561e-1,-3.14481284e-1,-3.72351426e-1,-4.57858643e-2,-2.90437425e-2
10220-6103,2.12425416e-1,7.58276351e-2,5.51306401e-1,2.59339354e-1,3.92830908e-1,2.63770828e-1,4.21721002e-2,1.59373722e-2
10220-6104,-3.21876255e-1,-2.83778141e-1,-6.23962338e-1,-8.57047652e-1,-1.85469596e-1,-7.07102420e-1,-6.34501422e-2,-7.00967743e-2
10220-9101,1.33311707e-1,1.94163895e-1,1.79342314e-1,5.92008558e-1,-8.71443298e-2,4.95364589e-1,2.73899948e-2,4.75451355e-2
10220-9102,-3.85772017e-1,-2.27448003e-1,-8.87007183e-1,-7.16953218e-1,-4.91366310e-1,-6.38723295e-1,-7.65593026e-2,-5.35320972e-2
10221-12701,-2.99598002e-1,-3.13642608e-1,-4.93280008e-1,-8.61653431e-1,-4.25564538e-2,-5.92731882e-1,-5.31055527e-2,-8.41332084e-2
10221-12702,-4.69685220e-1,-3.72566676e-1,-9.61759593e-1,-1.10573131e0,-3.92297364e-1,-8.96115040e-1,-8.92452477e-2,-9.29504860e-2
10221-12704,-2.17582357e-1,4.13821717e-2,-7.58550402e-1,-5.88987479e-3,-7.51687851e-1,-2.12992874e-1,-4.68649327e-2,2.19628216e-2
10221-1902,-7.27323754e-1,-2.21127091e-1,-1.95935835e0,-7.84110434e-1,-1.49589571e0,-8.44253792e-1,-1.43050298e-1,-4.36361653e-2
10221-3701,-3.11018830e-1,-6.09158635e-2,-8.92720858e-1,-2.43508880e-1,-7.53112424e-1,-3.06137830e-1,-6.03358492e-2,-9.23502337e-3
10221-3704,1.40343060e-2,1.10847008e-1,-8.32394821e-2,3.35949867e-1,-2.20085037e-1,2.74842718e-1,4.27081493e-3,2.74661360e-2
10221-6101,-5.45219348e-1,-3.44968616e-1,-1.25104021e0,-1.11676884e0,-6.74970783e-1,-1.03958927e0,-1.09855934e-1,-7.85442347e-2
10221-6102,-3.46339287e-1,-3.46488068e-1,-6.58384843e-1,-1.10313429e0,-1.44173644e-1,-9.94353908e-1,-7.20018300e-2,-8.07782541e-2
10221-6104,2.17306936e-1,1.41850109e-1,4.76594000e-1,4.49650376e-1,2.21977082e-1,3.99429160e-1,4.43752901e-2,3.33746996e-2
10221-9102,1.89812293e0,1.96290786e-1,5.30481570e0,7.07378313e-1,4.33629512e0,7.81317271e-1,3.66918330e-1,3.75333417e-2
10222-12701,4.72119247e-1,1.32416162e-1,1.26195983e0,4.61380812e-1,9.51339231e-1,4.83379102e-1,9.29393485e-2,2.69696270e-2
10222-12702,-5.64793457e-1,-3.97889012e-1,-1.26835927e0,-1.30386568e0,-6.31632125e-1,-1.23612468e0,-1.15389256e-1,-8.92136345e-2
10222-12703,-6.67493429e-1,-3.17752291e-1,-1.68545612e0,-1.09229363e0,-1.12835258e0,-1.11937312e0,-1.34108286e-1,-6.62511991e-2
10222-12705,-3.87350991e-1,-4.32593416e-1,-6.48192740e-1,-1.30030242e0,-1.63133396e-2,-1.06155173e0,-7.70202083e-2,-1.07460551e-1
10222-1902,-9.18356536e-1,-3.63590378e-1,-2.40253530e0,-1.27296602e0,-1.73098848e0,-1.34309359e0,-1.82688416e-1,-7.34524185e-2
10222-3701,-4.77110926e-1,-3.50708307e-1,-1.02029065e0,-1.09405910e0,-4.52045153e-1,-9.56200419e-1,-9.53209809e-2,-8.36035878e-2
10222-3703,4.53888097e-1,2.01399396e-1,1.17821249e0,7.06463766e-1,8.34351189e-1,7.47588972e-1,9.06330300e-2,4.05492851e-2
10222-3704,-2.79464845e-2,8.40519714e-2,-1.52961422e-1,2.77962263e-1,-2.27342706e-1,2.66110693e-1,-3.41911543e-3,1.86586036e-2
10222-6101,1.66583243e0,4.34122899e-1,4.53006738e0,1.54414328e0,3.52143447e0,1.67074406e0,3.26266486e-1,8.51666352e-2
10222-6102,-2.27172541e-1,-1.04954169e-1,-5.75622605e-1,-3.59398520e-1,-3.89418992e-1,-3.66329728e-1,-4.54843886e-2,-2.20121038e-2
10222-6103,-1.48661989e-1,-5.12322824e-2,-3.79795792e-1,-1.61756412e-1,-2.69733787e-1,-1.46226622e-1,-2.87440960e-2,-1.19587319e-2
10222-6104,-3.70999637e-1,-7.18852787e-2,-1.01866591e0,-2.55101803e-1,-8.06832293e-1,-2.75112590e-1,-7.22910844e-2,-1.41612389e-2
10222-9101,4.57294059e-2,1.28379776e0,-1.40639073e0,1.97731913e0,-1.93908447e0,-3.44499951e-1,-2.02152534e-1,4.06207549e-1
10223-12701,1.94424697e-1,-1.05163934e-1,6.01522937e-1,-3.69546780e-1,5.75854601e-1,-3.91945916e-1,3.56071349e-2,-2.11125854e-2
10223-12702,-3.34645230e-1,-3.64278871e-1,-5.95503373e-1,-9.65262157e-1,-1.59703863e-1,-6.88333507e-1,-4.66546887e-2,-9.29402282e-2
10223-12703,-1.71535065e-1,-1.37801639e-1,-3.51374624e-1,-3.97377668e-1,-1.50777551e-1,-3.13253183e-1,-3.08314894e-2,-3.46855774e-2
10223-1901,2.48370586e0,1.41876647e0,6.22818130e0,4.95846613e0,4.07386528e0,5.21491967e0,5.03008077e-1,2.87591601e-1
10223-3701,5.23405501e-1,5.47789368e-2,1.46162383e0,1.97331691e-1,1.19302535e0,2.17820136e-1,1.01221169e-1,1.04827750e-2
10223-3703,1.00699659e0,4.09846343e-1,2.62072710e0,1.42889005e0,1.86965594e0,1.49788336e0,2.00539721e-1,8.34064209e-2
10223-6101,-4.94056246e-1,-2.43144126e-1,-1.23402615e0,-8.28707889e-1,-8.08195477e-1,-8.38017193e-1,-9.93643485e-2,-5.13964311e-2
10223-6102,1.80972906e0,5.11893792e-1,4.84015911e0,1.79294988e0,3.64811443e0,1.89299504e0,3.56632793e-1,1.03334343e-1
10223-6104,-3.50236257e-1,-2.15150354e-1,-8.15112158e-1,-7.00360649e-1,-4.57726861e-1,-6.58386541e-1,-7.04315308e-2,-4.86497808e-2
10223-9102,-2.85619907e-1,-2.29936834e-1,-5.90802981e-1,-7.22622148e-1,-2.24919532e-1,-6.37331839e-1,-5.79323240e-2,-5.44527912e-2
10224-12701,-3.58938600e-1,-2.79569992e-1,-7.79152029e-1,-8.68535443e-1,-3.63812415e-1,-7.85051716e-1,-6.78177106e-2,-6.39417248e-2
10224-12702,-3.28005018e-1,-2.86775995e-1,-6.45787436e-1,-8.62343765e-1,-2.15050321e-1,-7.12861635e-1,-6.34222233e-2,-7.07478970e-2
10224-12705,-4.54478949e-2,-6.82389313e-2,-5.41220752e-2,-2.11608928e-1,4.92545937e-2,-1.79620274e-1,-1.01025004e-2,-1.65282166e-2
10224-1901,-1.14003217e-1,9.35655562e-2,-4.39346860e-1,2.84029043e-1,-5.16533299e-1,2.28977271e-1,-1.95910140e-2,2.33169818e-2
10224-3702,1.12706469e-2,-9.18257979e-3,4.55954086e-2,-2.78581508e-2,5.64067206e-2,-2.21227523e-2,1.81486868e-3,-2.30102099e-3
10224-3703,-4.22268448e-2,6.24086498e-2,-1.97587648e-1,1.80465413e-1,-2.58107325e-1,1.33364981e-1,-7.44024144e-3,1.62553281e-2
10224-3704,5.64621599e-1,1.53081129e-1,1.51794329e0,5.39038410e-1,1.15492203e0,5.73887109e-1,1.11095156e-1,3.06071882e-2
10224-6101,4.57869380e-1,4.28730165e-1,9.02132125e-1,1.36437640e0,2.59577999e-1,1.23062220e0,9.43323961e-2,9.99317491e-2
10224-6102,9.67300553e-1,2.41310908e-1,2.64676886e0,8.63895420e-1,2.08029006e0,9.44077740e-1,1.89025954e-1,4.67594424e-2
10224-6103,-4.93342767e-1,-2.28246481e-1,-1.26053226e0,-7.94076597e-1,-8.62682589e-1,-8.28448415e-1,-9.91073257e-2,-4.66676954e-2
10224-6104,-2.02427446e-1,-6.84795047e-2,-5.37389669e-1,-2.46709580e-1,-3.94552853e-1,-2.66504388e-1,-4.07857597e-2,-1.34110943e-2
10224-9101,5.38620963e-1,2.45424942e-1,1.34742317e0,8.36171240e-1,8.82461345e-1,8.42241726e-1,1.08680119e-1,5.20253382e-2
10224-9102,1.71693037e-1,1.98409146e-1,2.84005524e-1,5.74710297e-1,1.75297951e-2,4.49342838e-1,3.11781390e-2,5.03549524e-2
10225-12701,-2.98747033e-1,-3.73514118e-1,-4.63038827e-1,-9.36937887e-1,-3.69822837e-2,-5.91280832e-1,-3.52171964e-2,-9.84217384e-2
10225-12702,-3.85243059e-2,5.08618724e-1,-7.52792858e-1,1.48841258e0,-1.41383485e0,1.11365245e0,1.02331260e-3,1.31687172e-1
10225-1902,1.12570953e0,1.21747661e0,2.03267748e0,3.90821502e0,2.08674456e-1,3.55749118e0,2.40090303e-1,2.81520950e-1
10225-3701,-5.16561825e-1,-4.16711813e-1,-1.06338428e0,-1.29637578e0,-4.04579442e-1,-1.12610458e0,-1.03731172e-1,-9.97258563e-2
10225-3703,7.70847329e-1,8.75157845e-2,2.12807066e0,3.01428505e-1,1.70613992e0,3.10401522e-1,1.49476053e-1,1.81705493e-2
10225-6102,-4.02855993e-1,-3.52387046e-1,-7.84978554e-1,-1.03056991e0,-2.64817677e-1,-8.16499628e-1,-7.51858120e-2,-8.88901320e-2
10225-6104,3.30289792e-1,4.23980996e-1,4.44251816e-1,1.18686293e0,-1.64068555e-1,8.41309827e-1,6.07147877e-2,1.12419962e-1
10225-9102,-3.58749593e-1,7.17058010e-2,-1.24761520e0,3.84610477e-2,-1.25923272e0,-2.62106389e-1,-7.38226361e-2,3.41951084e-2
10226-12701,-8.41646808e-1,-3.74014010e-1,-2.15522226e0,-1.29459577e0,-1.48633413e0,-1.34131328e0,-1.68498265e-1,-7.70829286e-2
10226-12702,2.91602988e0,7.50456125e-1,7.73712010e0,2.35815794e0,5.91338913e0,2.17122009e0,5.53551573e-1,1.72963356e-1
10226-12703,1.93384881e0,6.28675267e-1,5.11237553e0,2.18953313e0,3.76873978e0,2.29163765e0,3.82574355e-1,1.28165497e-1
10226-12704,4.14114238e-1,3.10383212e-1,9.04291000e-1,1.02689185e0,3.99133278e-1,9.72661743e-1,8.73632142e-2,6.96813228e-2
10226-1901,-9.10163173e-1,-3.18928005e-1,-2.41533134e0,-1.12257289e0,-1.79106513e0,-1.19457711e0,-1.80076972e-1,-6.38074695e-2
10226-1902,-4.47101483e-1,-2.55163620e-1,-1.07013076e0,-8.50715628e-1,-6.36115909e-1,-8.29905441e-1,-9.04866142e-2,-5.58115750e-2
10226-3701,-2.19312148e-1,6.66451770e-2,-6.83203224e-1,2.22240470e-1,-6.57730593e-1,2.15195133e-1,-4.02248204e-2,1.46328270e-2
10226-3702,-6.93044097e-1,-4.44680933e-1,-1.60689791e0,-1.46954235e0,-8.78916804e-1,-1.41328914e0,-1.40947813e-1,-9.85056777e-2
10226-3703,-7.37768589e-1,-2.94224244e-1,-1.93528290e0,-1.03325576e0,-1.40148533e0,-1.09552082e0,-1.46665816e-1,-5.91115327e-2
10226-3704,-1.36110772e-1,1.05127134e-1,-5.01184537e-1,3.31782632e-1,-5.70798205e-1,2.90557706e-1,-2.35052530e-2,2.49367899e-2
10226-6101,2.05135228e0,1.07012149e0,5.02243511e0,3.60429142e0,3.14645118e0,3.57290426e0,4.14128042e-1,2.30586083e-1
10226-6104,-4.60469955e-1,-1.49367968e-1,-1.22264669e0,-5.23124975e-1,-9.08461347e-1,-5.52322645e-1,-9.10094213e-2,-3.01543878e-2
10226-9101,-5.47511624e-1,-3.53711061e-1,-1.25886506e0,-1.16246324e0,-6.73390725e-1,-1.10721073e0,-1.11409872e-1,-7.89957451e-2
10226-9102,-1.35334534e-1,-1.15081459e-1,-3.03871612e-1,-3.93849740e-1,-1.44727399e-1,-4.00312442e-1,-2.83252808e-2,-2.41862869e-2
10492-12702,-2.38454078e-3,1.35450621e-2,5.67955260e-3,8.03607311e-2,2.16783387e-3,1.26890699e-1,1.60271295e-3,-8.29540964e-5
10492-12704,2.09948559e-1,2.89978354e-1,2.91428075e-1,8.62109137e-1,-1.05653063e-1,6.92614472e-1,4.11500514e-2,7.26554314e-2
10492-1901,-6.47655118e-1,-2.47585607e-1,-1.70234704e0,-8.68290441e-1,-1.23840578e0,-9.18609980e-1,-1.28608806e-1,-4.98647423e-2
10492-3701,6.49806016e0,1.28654731e0,1.77151445e1,4.50276273e0,1.38649832e1,4.75280230e0,1.26858847e0,2.59914670e-1
10492-3702,3.30131597e0,1.48838163e0,8.30781566e0,5.05487533e0,5.54093297e0,5.08046384e0,6.61905456e-1,3.16495587e-1
10492-3703,-8.21590621e-1,-2.45022710e-1,-2.21616680e0,-8.68994341e-1,-1.69630090e0,-9.35938273e-1,-1.61488883e-1,-4.83347023e-2
10492-3704,3.64112198e-1,3.70282419e-1,7.02782830e-1,1.19999501e0,1.64360467e-1,1.11461888e0,7.65752097e-2,8.43748112e-2
10492-6101,-4.17678535e-1,-1.41919837e-1,-1.11912356e0,-5.11913774e-1,-8.38664838e-1,-5.61196641e-1,-8.31426770e-2,-2.72914168e-2
10492-6102,1.03446269e0,4.31226513e-1,2.70620031e0,1.51459324e0,1.94868586e0,1.60630244e0,2.05873230e-1,8.66113839e-2
10492-6103,-4.88846408e-1,-3.39298603e-1,-1.12720116e0,-1.13965351e0,-5.97715198e-1,-1.12413854e0,-1.00508155e-1,-7.34352167e-2
10492-9101,1.23217058e0,4.75196655e-1,3.13728112e0,1.57770642e0,2.16990723e0,1.53540937e0,2.43596790e-1,1.04291927e-1
10492-9102,-9.89008056e-2,8.78687334e-2,-3.73169544e-1,2.77327659e-1,-4.32842178e-1,2.43517985e-1,-1.70070392e-2,2.08180473e-2
10493-12701,1.16883088e-1,1.70196376e-1,1.55605296e-1,4.59037209e-1,-4.28279058e-2,3.24386177e-1,1.67141251e-2,4.45166056e-2
10493-12703,-4.04972475e-1,-3.22498549e-1,-8.39206399e-1,-9.98764268e-1,-3.32785428e-1,-8.63774237e-1,-8.06039387e-2,-7.74207588e-2
10493-12705,-1.20757358e-1,-9.86964849e-2,-2.58781199e-1,-2.45971624e-1,-1.45254090e-1,-1.68960828e-1,-1.50049735e-2,-2.41911643e-2
10493-1902,-6.39135441e-1,-2.71608928e-1,-1.66609883e0,-9.58638870e-1,-1.18648043e0,-1.02228743e0,-1.27841737e-1,-5.41524789e-2
10493-3701,-1.98674612e-1,-1.45523173e-1,-4.22128021e-1,-4.52662920e-1,-1.82116279e-1,-3.92725880e-1,-3.98074454e-2,-3.48481457e-2
10493-3702,1.03725157e-1,-4.80397849e-2,3.10641801e-1,-1.70674277e-1,2.84185372e-1,-1.84295881e-1,1.93264849e-2,-9.44647263e-3
10493-6101,-7.64635892e-2,-2.02115316e-1,-3.71004220e-2,-6.56456928e-1,2.01898516e-1,-6.11486803e-1,-1.84903189e-2,-4.59411681e-2
10493-6103,2.36874375e-1,-1.69027417e-1,7.42934651e-1,-5.96708539e-1,7.24394918e-1,-6.37826381e-1,4.30430494e-2,-3.36379881e-2
10493-9101,-8.93489120e-2,2.35730164e-1,-5.77922849e-1,6.55804634e-1,-8.65272275e-1,4.32161274e-1,-1.44750652e-2,6.41910578e-2
10493-9102,-3.38183619e-1,-2.92210163e-1,-6.62698404e-1,-8.69223918e-1,-2.19458950e-1,-7.03751471e-1,-6.49448692e-2,-7.29344189e-2
10494-12702,-5.98777561e-1,-1.42862246e-1,-1.64227769e0,-5.11261710e-1,-1.29691509e0,-5.58522610e-1,-1.16842184e-1,-2.76983182e-2
10494-12704,-4.03696955e-1,-1.77260764e-1,-1.03938695e0,-6.17525849e-1,-7.23883031e-1,-6.46255316e-1,-8.07980671e-2,-3.61327302e-2
10494-1901,3.75994512e0,2.07788940e0,9.05575230e0,6.96411024e0,5.44574154e0,6.84489495e0,7.62370600e-1,4.51222466e-1
10494-1902,7.27523718e0,1.24769064e0,2.01163241e1,4.46376552e0,1.61301595e1,4.87446961e0,1.41372900e0,2.42034675e-1
10494-3702,9.40616806e-1,1.95763400e-1,2.56239541e0,6.83674083e-1,2.00438019e0,7.20040911e-1,1.83512323e-1,3.96691281e-2
10494-3704,-5.98880543e-1,-3.52190667e-1,-1.42131633e0,-1.16693735e0,-8.30095179e-1,-1.12809067e0,-1.21017248e-1,-7.76851838e-2
10494-6101,-5.36383342e-1,-4.09567720e-1,-1.15411914e0,-1.31654398e0,-5.02714228e-1,-1.20820919e0,-1.09490535e-1,-9.42464002e-2
10494-6102,4.24816790e-1,-1.80295980e-2,1.23278678e0,-5.34718029e-2,1.07196396e0,-3.96883762e-2,8.07193688e-2,-4.65788088e-3
10494-6103,-4.80481906e-1,-2.56420781e-1,-1.16955995e0,-8.58857924e-1,-7.24857816e-1,-8.44487763e-1,-9.68704237e-2,-5.56898011e-2
10494-9102,-2.01477224e-1,1.34812567e-2,-6.32401552e-1,-3.83948598e-4,-5.94667252e-1,-7.26220892e-2,-3.89368571e-2,7.34135352e-3
10495-12701,1.48095448e-1,1.23508418e-1,3.06521209e-1,3.78057316e-1,1.26240822e-1,3.25231281e-1,2.85476042e-2,2.97526104e-2
10495-12703,2.03795500e0,4.23755543e-1,5.60285930e0,1.51709534e0,4.44321438e0,1.65764603e0,3.97331714e-1,8.21193552e-2
10495-12704,1.70893111e-2,2.85599734e-1,-2.40019668e-1,4.10093344e-1,-2.86170138e-1,-7.20944580e-2,-5.45415664e-2,8.66344353e-2
10495-12705,-8.13062118e-1,-5.43177425e-1,-1.86079058e0,-1.78908432e0,-9.80678579e-1,-1.71078097e0,-1.65710689e-1,-1.20913062e-1
10495-1901,-6.23310354e-1,-4.12337535e-1,-1.43764284e0,-1.36845776e0,-7.70589279e-1,-1.32413806e0,-1.27351990e-1,-9.08309775e-2
10495-1902,4.29747032e0,9.07787312e-1,1.18007929e1,3.23346616e0,9.34596330e0,3.50757739e0,8.37553630e-1,1.77571433e-1
10495-3701,1.25672759e0,4.87094606e-1,3.31461706e0,1.72599259e0,2.41872730e0,1.85137779e0,2.50239981e-1,9.64402674e-2
10495-3702,-5.25831065e-2,3.28598479e-2,-1.92396184e-1,9.41744746e-2,-2.13320997e-1,6.71062666e-2,-9.60664623e-3,8.68789970e-3
10495-3703,2.54512435e0,7.51486435e-1,6.82542430e0,2.64071067e0,5.17276204e0,2.80363180e0,5.00878799e-1,1.50777037e-1
10495-3704,1.49785805e0,3.38890116e-2,4.23209762e0,1.27983289e-1,3.52628059e0,1.51438411e-1,2.87951746e-1,5.85688831e-3
10495-6101,-1.73411552e-1,2.58807051e-2,-5.23875886e-1,8.05037675e-2,-4.82145168e-1,6.78230229e-2,-3.24508253e-2,6.27837521e-3
10495-6102,-6.71364316e-1,-4.78617659e-1,-1.48938890e0,-1.54853701e0,-7.21927312e-1,-1.43873256e0,-1.36386681e-1,-1.09117783e-1
10495-6103,5.77367945e-1,5.42757318e-1,1.09870320e0,1.62223013e0,3.09670012e-1,1.33108963e0,1.10518148e-1,1.34438285e-1
10495-9101,-5.00123817e-1,-5.46103349e-1,-8.39554537e-1,-1.49104539e0,-1.23529810e-1,-1.05570396e0,-8.20296211e-2,-1.43990841e-1
10495-9102,-4.03669234e-1,-1.63482913e-1,-1.05744874e0,-5.77764402e-1,-7.60820637e-1,-6.17223184e-1,-8.05967287e-2,-3.25241694e-2
10496-12701,-3.01765969e-1,-1.36721519e-1,-7.64440318e-1,-4.67266976e-1,-5.17044870e-1,-4.74795042e-1,-6.04043289e-2,-2.87654683e-2
10496-12704,-4.25625752e-1,-2.48586436e-1,-9.97655710e-1,-7.95509925e-1,-5.79789684e-1,-7.31748811e-1,-8.41833251e-2,-5.71865136e-2
10496-12705,-3.80769437e-1,-3.31565339e-1,-7.54905188e-1,-1.00061342e0,-2.58830194e-1,-8.34333266e-1,-7.35997955e-2,-8.13596070e-2
10496-1901,2.96424718e-1,1.84325588e-1,7.20677552e-1,6.34860352e-1,4.38533847e-1,6.52307673e-1,6.04669600e-2,3.83186090e-2
10496-1902,3.37364928e-1,1.52991839e-1,8.69130089e-1,5.34006508e-1,6.06038950e-1,5.60639049e-1,6.75125489e-2,3.10777688e-2
10496-3701,1.66099684e0,-3.83387613e-2,4.71208585e0,-1.30005424e-1,3.95377241e0,-1.29558038e-1,3.18642361e-1,-8.19876293e-3
10496-3702,2.37658598e-1,1.18231834e-1,6.09566102e-1,4.14281710e-1,4.20461714e-1,4.37659242e-1,4.76831504e-2,2.38504587e-2
10496-3703,1.98067722e-1,9.67128990e-2,4.75489722e-1,3.12715234e-1,2.88556436e-1,2.89757094e-1,3.96566044e-2,2.20890766e-2
10496-3704,6.26866361e-1,2.54144434e-1,1.58892398e0,8.56586034e-1,1.07923344e0,8.49655072e-1,1.25203575e-1,5.47237591e-2
10496-6101,-6.32877772e-1,-4.18152197e-1,-1.45764921e0,-1.38540707e0,-7.78942384e-1,-1.33693414e0,-1.29246718e-1,-9.23326514e-2
10496-6102,-5.59506752e-1,-3.57131573e-1,-1.28845971e0,-1.16681758e0,-6.97195763e-1,-1.10200848e0,-1.13260979e-1,-8.03532011e-2
10496-6103,-5.26557540e-1,-3.19429043e-1,-1.24638369e0,-1.06581783e0,-7.18638239e-1,-1.04103708e0,-1.06945305e-1,-6.97887575e-2
10496-6104,1.43118602e0,7.25982596e-3,4.02667097e0,2.71936495e-2,3.33101796e0,3.18275190e-2,2.75687211e-1,1.27793146e-3
10496-9101,-7.55282218e-2,-1.47148158e-1,-1.14293238e-1,-5.04213223e-1,4.21022928e-2,-5.13386533e-1,-1.74743170e-2,-3.08673118e-2
10496-9102,-3.84529385e-1,-2.74154048e-1,-8.41288483e-1,-8.57643503e-1,-4.06255311e-1,-7.59208036e-1,-7.59344702e-2,-6.48140120e-2
10497-12701,-1.55604265e-1,-2.35353881e-2,-4.41924562e-1,-7.50761410e-2,-3.79476557e-1,-8.18594434e-2,-2.80590898e-2,-4.64696412e-3
10497-12702,1.90171820e-1,-9.18299861e-3,5.70268663e-1,-1.32027267e-2,5.14874041e-1,1.64819576e-2,3.61654961e-2,-3.76220414e-3
10497-12703,-3.93072212e-1,-3.25248703e-1,-7.98516283e-1,-9.93432711e-1,-2.98567903e-1,-8.41663852e-1,-7.71730380e-2,-7.90968093e-2
10497-12704,2.16701905e-1,-1.32915578e-1,6.75010136e-1,-4.67005112e-1,6.51676575e-1,-4.95396825e-1,3.95786450e-2,-2.66840779e-2
10497-12705,-6.87914406e-1,-4.38026174e-1,-1.60047928e0,-1.44839940e0,-8.84555523e-1,-1.39488014e0,-1.39725223e-1,-9.69256689e-2
10497-1901,4.70600460e-1,3.11340065e-1,1.10114337e0,1.04815344e0,6.09965078e-1,1.03806911e0,9.63748443e-2,6.71365047e-2
10497-3701,-6.26671749e-1,-4.90368645e-1,-1.33237548e0,-1.55491160e0,-5.67928862e-1,-1.39957260e0,-1.26361177e-1,-1.14541214e-1
10497-3702,-4.36230093e-1,-8.94307777e-2,-1.20345714e0,-3.20751319e-1,-9.60729873e-1,-3.51621389e-1,-8.48833557e-2,-1.72639944e-2
10497-3704,-2.93846609e-1,-5.20056808e-2,-8.05087182e-1,-1.81923975e-1,-6.36114614e-1,-1.91928727e-1,-5.72238580e-2,-1.05140991e-2
10497-6102,-3.85827184e-1,-2.07802325e-1,-9.99319857e-1,-7.35631461e-1,-7.02886509e-1,-7.89914832e-1,-7.72364869e-2,-4.11372834e-2
10497-6103,8.21841138e-2,8.66055761e-2,1.53532023e-1,2.85876933e-1,2.15065830e-2,2.72485848e-1,1.79055328e-2,1.92900845e-2
10497-6104,-5.42652510e-1,-3.37095002e-1,-1.26200291e0,-1.10230777e0,-7.03565392e-1,-1.04402076e0,-1.09430618e-1,-7.56895626e-2
10497-9101,5.94869627e-1,-1.52810950e-1,1.76748204e0,-5.29423740e-1,1.59464229e0,-5.48796832e-1,1.11611003e-1,-3.14620378e-2
10498-12703,-1.18263776e-1,-1.50045525e-1,-2.25121990e-1,-5.09369792e-1,-3.79796336e-2,-5.10705666e-1,-2.58437833e-2,-3.19593843e-2
10498-1902,-4.79187468e-1,-1.59523524e-1,-1.26864361e0,-5.58182188e-1,-9.37057556e-1,-5.88386033e-1,-9.48316272e-2,-3.22606132e-2
10498-3701,6.04221206e-1,4.09857168e-1,1.38853925e0,1.36279459e0,7.35117841e-1,1.32286949e0,1.23661947e-1,9.00305455e-2
10498-3704,-5.54990653e-1,-4.05169203e-1,-1.21601925e0,-1.30530520e0,-5.66110780e-1,-1.20316266e0,-1.12895520e-1,-9.29337172e-2
10498-6101,3.76841705e0,3.24502251e-1,1.06188214e1,1.20733024e0,8.79418542e0,1.39441061e0,7.26619189e-1,5.81632247e-2
10498-6102,-2.29651923e-1,-1.62967986e-1,-5.58351543e-1,-5.70194537e-1,-3.36937630e-1,-6.00719210e-1,-4.71099891e-2,-3.29698316e-2
10498-6103,7.00505666e-2,-1.42801127e-1,2.58612653e-1,-5.04986246e-1,3.02362203e-1,-5.41273669e-1,1.14052235e-2,-2.83277184e-2
10498-6104,-5.37427524e-1,-3.61178557e-1,-1.22546475e0,-1.18301337e0,-6.42759295e-1,-1.12236853e0,-1.09128851e-1,-8.09624640e-2
10498-9101,-8.32719283e-1,-5.04327460e-1,-1.97777985e0,-1.69140500e0,-1.14656067e0,-1.66527916e0,-1.69428564e-1,-1.09366052e-1
10499-12703,1.32940352e-1,-1.10957160e-1,4.10995729e-1,-3.95954985e-1,3.93674003e-1,-4.30595809e-1,2.43051799e-2,-2.16327299e-2
10499-12704,-3.44237798e-1,-2.75477585e-1,-7.19301571e-1,-8.70007864e-1,-2.85459883e-1,-7.75917313e-1,-6.96950414e-2,-6.47503692e-2
10499-1901,-5.33294814e-2,-1.64285926e-1,-4.09017877e-3,-5.38321641e-1,1.91356767e-1,-5.07712721e-1,-1.38070280e-2,-3.69411662e-2
10499-1902,-7.10506285e-1,-2.50265372e-1,-1.88669417e0,-8.81863302e-1,-1.40059563e0,-9.40055465e-1,-1.40560194e-1,-4.99695726e-2
10499-3701,5.79070575e0,3.60489561e-1,1.62103995e1,1.29778251e0,1.32904182e1,1.43114809e0,1.11838843e0,6.90713390e-2
10499-3702,-8.28353291e-1,-5.29709315e-1,-1.93374404e0,-1.76388942e0,-1.07271774e0,-1.71690470e0,-1.68823669e-1,-1.16085014e-1
10499-3703,-4.95943104e-1,-4.20277924e-1,-1.01996322e0,-1.32823342e0,-3.78971723e-1,-1.18815700e0,-1.00368505e-1,-9.85965000e-2
10499-3704,1.47885202e-1,1.90538804e-1,2.75893024e-1,6.44292570e-1,3.60255054e-2,6.41835516e-1,3.23867490e-2,4.08381415e-2
10499-6101,1.38681375e-1,-9.66321298e-2,4.86698032e-1,-3.07558625e-1,5.27963763e-1,-2.75352158e-1,2.47358738e-2,-2.26094020e-2
10499-6102,1.51983084e-1,8.22712144e-2,3.91226482e-1,2.93446972e-1,2.69737588e-1,3.18265813e-1,3.06658141e-2,1.60757131e-2
10499-6103,-2.39511240e-1,-1.39104226e-1,-5.57888459e-1,-4.47108718e-1,-3.15635118e-1,-4.11430090e-1,-4.79278862e-2,-3.19628569e-2
10499-6104,-1.30794851e-1,-1.49526214e-1,-2.79701758e-1,-5.19361055e-1,-1.06618901e-1,-5.40686785e-1,-2.80011771e-2,-3.06467462e-2
10499-9101,1.22096231e0,2.15401292e-1,3.32031826e0,7.44115547e-1,2.58868737e0,7.68912038e-1,2.38439678e-1,4.45310291e-2
10499-9102,-5.24622301e-2,-1.32332599e-1,1.42053154e-2,-3.75927090e-1,1.98801889e-1,-2.67511528e-1,-1.07568392e-2,-3.50556400e-2
10500-12701,-1.12363405e0,-3.18933641e-1,-3.04071739e0,-1.13278221e0,-2.34169227e0,-1.22282356e0,-2.20565109e-1,-6.27424483e-2
10500-12703,8.12607719e-1,3.28835062e-1,2.13284870e0,1.15596406e0,1.54628777e0,1.22759689e0,1.61519580e-1,6.59440298e-2
10500-12704,2.21786277e-1,1.71904527e-1,4.75259368e-1,5.38794603e-1,2.13824332e-1,4.80325476e-1,4.37234546e-2,4.04090399e-2
10500-1902,9.45428793e-1,5.09491265e-1,2.35375883e0,1.76038840e0,1.51887822e0,1.81772105e0,1.91433574e-1,1.05358520e-1
10500-3702,5.69935629e-3,-5.25649006e-2,9.88010179e-2,-1.32468630e-1,1.74253770e-1,-6.30225617e-2,1.07208021e-3,-1.55576524e-2
10500-3704,1.20069078e0,3.17381826e-1,3.25872383e0,1.12655439e0,2.52413217e0,1.21491700e0,2.35335854e-1,6.25113486e-2
10500-6101,-9.92802661e-3,3.75493771e-2,-6.33517352e-2,1.21783581e-1,-9.93931062e-2,1.12636459e-1,-1.07684099e-3,8.57343977e-3
10500-6102,-4.66736530e-1,-3.28498871e-1,-1.02699989e0,-1.03938722e0,-4.97287124e-1,-9.33124373e-1,-9.33328482e-2,-7.68891188e-2
10500-6103,3.60841249e0,1.17794541e0,9.40886573e0,3.98336406e0,6.79480815e0,3.98491223e0,7.12473765e-1,2.51832350e-1
10500-6104,-3.71309381e-1,-3.26131527e-1,-7.34258457e-1,-1.00938372e0,-2.30910663e-1,-8.69579007e-1,-7.46057762e-2,-7.84636121e-2
10500-9101,8.56227271e-1,-1.18675298e-2,2.44403291e0,-3.13277160e-2,2.07024922e0,-1.53596882e-2,1.63913262e-1,-3.47218294e-3
10501-12704,9.05735636e-2,2.18960784e-1,5.48696510e-2,5.04047063e-1,-1.26730124e-1,2.96485986e-1,-5.01509123e-3,5.43914894e-2
10501-1901,-2.24968668e-1,-1.55969002e-1,-5.25599446e-1,-5.30754712e-1,-2.87043942e-1,-5.34426491e-1,-4.63789706e-2,-3.30870688e-2
10501-1902,1.09129584e-1,1.41922009e-1,1.93778871e-1,4.72763234e-1,7.65281897e-3,4.59320820e-1,2.39112860e-2,3.11282573e-2
10501-3701,-4.97945165e-1,-3.21414773e-1,-1.15947037e0,-1.07394766e0,-6.35490339e-1,-1.05017095e0,-1.01882103e-1,-7.01218002e-2
10501-3703,1.39691817e-1,2.52234749e-1,1.20557400e-1,7.42210771e-1,-2.16256789e-1,5.81282371e-1,2.77035907e-2,6.40216184e-2
10501-3704,-5.56682953e-1,-3.62011492e-1,-1.29432905e0,-1.20535417e0,-7.09502646e-1,-1.17288857e0,-1.13599414e-1,-7.93527792e-2
10501-6102,-5.05493476e-1,-3.61614636e-1,-1.11826278e0,-1.15966408e0,-5.44098703e-1,-1.06466609e0,-1.01810924e-1,-8.32474983e-2
10501-6103,1.48257363e-1,2.25246701e-1,1.85846877e-1,6.92050021e-1,-1.30706791e-1,5.84307369e-1,3.13863196e-2,5.48214367e-2
10501-9101,-4.06203094e-1,-1.30975149e-1,-1.08162405e0,-4.59104688e-1,-8.08554811e-1,-4.85602894e-1,-8.01560558e-2,-2.63929104e-2
10502-12701,2.64428823e-1,9.38514979e-2,7.12709996e-1,3.21219766e-1,5.53908798e-1,3.41643379e-1,5.01384510e-2,1.88839686e-2
10502-12703,7.42535900e-2,1.83185529e-1,2.11177034e-2,4.62371947e-1,-1.61951228e-1,2.99725956e-1,3.44684648e-3,4.76240175e-2
10502-12704,-1.17082404e-2,1.09612562e-1,-1.67899587e-1,3.20815014e-1,-3.02271281e-1,2.41170577e-1,-7.03227736e-4,2.83609683e-2
10502-1901,3.29215901e-1,2.00198282e-1,8.11000537e-1,6.95458898e-1,5.08463146e-1,7.24325759e-1,6.70393135e-2,4.10177178e-2
10502-1902,3.51108154e-1,2.05881990e-1,8.76365203e-1,7.17714558e-1,5.67627429e-1,7.51928585e-1,7.11561223e-2,4.19166889e-2
10502-3701,3.54059451e0,8.56512282e-1,9.64426511e0,3.03911012e0,7.52356051e0,3.27601600e0,6.92653770e-1,1.68800443e-1
10502-3702,-1.57154262e-1,-1.48698391e-1,-3.29666197e-1,-5.01833941e-1,-1.18019949e-1,-4.97172946e-1,-3.34985054e-2,-3.20187345e-2
10502-3703,1.76823277e0,4.12534406e-1,4.80917922e0,1.46381755e0,3.73811132e0,1.57606371e0,3.46471118e-1,8.13690563e-2
10502-3704,5.33275682e-1,3.74708361e-1,1.23142003e0,1.26321096e0,6.53856778e-1,1.25227163e0,1.09877153e-1,8.07036305e-2
10502-6103,-1.17512483e-1,-7.82117077e-2,-2.55483266e-1,-2.41979202e-1,-1.19796096e-1,-2.07222866e-1,-2.34936087e-2,-1.88819815e-2
10502-6104,-4.94670361e-1,-1.87130615e-1,-1.29592445e0,-6.53071793e-1,-9.37260547e-1,-6.85658317e-1,-9.82700590e-2,-3.80162438e-2
10502-9101,3.71004645e-1,4.06216160e-1,6.63586469e-1,1.28286759e0,7.14346128e-2,1.13894132e0,7.74402908e-2,9.57408967e-2
10503-12701,-1.91209389e-1,-8.48912886e-2,-4.73203099e-1,-2.92428270e-1,-3.02117286e-1,-2.86832905e-1,-4.00805916e-2,-1.87825482e-2
10503-12704,-5.29794419e-1,-2.74450463e-1,-1.32436263e0,-9.44363884e-1,-8.65413732e-1,-9.69148121e-1,-1.06886282e-1,-5.71348602e-2
10503-12705,4.68916506e-1,-1.08893038e-1,1.40209612e0,-3.69534846e-1,1.27494533e0,-3.69898216e-1,8.78706810e-2,-2.32206332e-2
10503-1901,-2.06547679e-1,-9.00979803e-2,-5.34708156e-1,-3.15428746e-1,-3.76426115e-1,-3.32700455e-1,-4.12904988e-2,-1.82056770e-2
10503-1902,1.05864566e1,1.77544988e0,2.91915897e1,6.32030035e0,2.32956233e1,6.84845842e0,2.05935228e0,3.47729133e-1
10503-3701,5.67566737e0,1.05712745e0,1.55651381e1,3.72493728e0,1.23126470e1,3.97623612e0,1.10539583e0,2.10883988e-1
10503-3702,2.51376601e0,7.59118952e-1,6.58501963e0,2.57089208e0,4.79330937e0,2.57489648e0,4.96299250e-1,1.62038343e-1
10503-3703,-2.02556186e-1,-1.21255049e-1,-4.85280104e-1,-4.06397903e-1,-2.89203228e-1,-4.00382282e-1,-4.09727057e-2,-2.62943316e-2
10503-3704,4.92882375e0,8.02301619e-1,1.36165270e1,2.85725924e0,1.09056842e1,3.09911099e0,9.57734793e-1,1.56972226e-1
10503-6101,4.40220669e0,5.07603422e-1,1.22800757e1,1.82421284e0,1.00056283e1,2.00664442e0,8.51662816e-1,9.75828596e-2
10503-6102,-4.10958239e-1,-2.37141325e-1,-1.01538320e0,-8.19167024e-1,-6.43506381e-1,-8.45732649e-1,-8.33960492e-2,-4.90517823e-2
10503-6103,-1.38504244e-1,9.03870855e-2,-4.76756245e-1,2.98761222e-1,-5.14137970e-1,2.85125269e-1,-2.42143081e-2,2.01025328e-2
10503-9101,1.55677401e0,-6.46482251e-2,4.42557663e0,-2.23491842e-1,3.72621935e0,-2.30594054e-1,2.98356072e-1,-1.33686723e-2
10504-12701,6.40599871e-1,4.81135754e-1,1.37691853e0,1.49118017e0,6.36268230e-1,1.30325296e0,1.25373613e-1,1.14774929e-1
10504-12702,2.55926144e0,5.40434289e-1,7.01333710e0,1.92105304e0,5.53380505e0,2.07721139e0,4.99224560e-1,1.06127373e-1
10504-12704,1.19845864e-3,7.28244568e-2,-6.91029817e-2,2.23525494e-1,-1.45020346e-1,1.90178890e-1,8.73756964e-4,1.76483058e-2
10504-1901,5.87772371e0,1.38414779e0,1.59688835e1,4.89410092e0,1.23982875e1,5.24605153e0,1.15106356e0,2.74599878e-1
10504-1902,1.29374872e1,1.60586284e0,3.60191132e1,5.76829190e0,2.92415320e1,6.33871629e0,2.50571308e0,3.09066939e-1
10504-3701,1.59567686e0,6.04247973e-1,4.13423275e0,2.07465554e0,2.93349797e0,2.12356934e0,3.17157775e-1,1.26179891e-1
10504-3702,2.55091541e0,5.25939759e-1,6.96615191e0,1.86175287e0,5.46059015e0,1.99882664e0,4.98458019e-1,1.04134114e-1
10504-3703,5.80302451e-1,2.75292264e-1,1.48280494e0,9.58451297e-1,1.01563237e0,1.00212030e0,1.16470155e-1,5.61738111e-2
10504-3704,1.41763383e0,4.75703289e-1,3.79267109e0,1.68317373e0,2.85703921e0,1.80621718e0,2.79621188e-1,9.42510979e-2
10504-6101,3.41968394e0,8.46762533e-1,9.26172096e0,2.98388720e0,7.15174210e0,3.18200000e0,6.70299451e-1,1.69023270e-1
10504-6102,2.27318882e0,1.20968067e0,5.50146970e0,4.02140099e0,3.37200396e0,3.90675818e0,4.57820695e-1,2.65624092e-1
10504-6103,1.14302358e0,7.40762558e-1,2.71985816e0,2.52953871e0,1.56483994e0,2.56183962e0,2.34468358e-1,1.56249891e-1
10504-9101,8.69956575e-2,3.52671082e-2,2.39261818e-1,1.32991085e-1,1.86079000e-1,1.55076880e-1,1.73449826e-2,6.18706346e-3
10505-12701,-1.33402366e-1,1.53204496e-2,-4.39183054e-1,2.78318304e-2,-4.43122994e-1,-2.99554791e-2,-2.29039652e-2,7.10194354e-3
10505-12702,3.98712074e0,7.79676916e-1,1.07941532e1,2.68137780e0,8.35459263e0,2.75474507e0,7.79133558e-1,1.62263390e-1
10505-12703,-3.86776220e-1,-4.05522576e-1,-6.82744541e-1,-1.07793913e0,-1.79000011e-1,-7.47095308e-1,-5.81745858e-2,-1.06805751e-1
10505-12704,-3.62976161e-1,-3.10122941e-1,-7.18827432e-1,-9.26568686e-1,-2.49412417e-1,-7.56927018e-1,-6.98130294e-2,-7.70278200e-2
10505-12705,3.50129469e0,5.73945818e-1,9.62275007e0,2.01473056e0,7.64521350e0,2.13933184e0,6.80919412e-1,1.15231151e-1
10505-1901,3.43709664e0,1.04032934e0,9.20420977e0,3.65283882e0,6.95751529e0,3.87424810e0,6.76657994e-1,2.08992165e-1
10505-1902,1.59667372e0,3.44403748e-1,4.38114536e0,1.23062950e0,3.46261069e0,1.34091820e0,3.11508932e-1,6.69810818e-2
10505-3701,7.65747154e-1,1.58616763e-1,2.08404437e0,5.57314995e-1,1.62443793e0,5.91297389e-1,1.49758965e-1,3.18423917e-2
10505-3702,1.85348741e0,7.52514390e-1,4.79731591e0,2.60043965e0,3.39198158e0,2.68943925e0,3.68989084e-1,1.55445379e-1
10505-3703,-2.53119997e-1,5.13085891e-2,-8.50841135e-1,9.61145461e-2,-8.66020897e-1,-2.97124652e-2,-4.77263818e-2,1.86604945e-2
10505-3704,3.81974428e0,1.18212940e0,1.01497935e1,4.11708675e0,7.56306602e0,4.31002558e0,7.53754119e-1,2.40968495e-1
10505-6102,3.28993776e0,3.17644645e-1,9.18942529e0,1.14374193e0,7.50408255e0,1.26161789e0,6.36147664e-1,6.08407276e-2
10505-6103,6.56967142e-2,2.87493167e-2,1.26468329e-1,6.79295370e-2,3.48025397e-2,1.79792819e-2,1.33881755e-2,9.17451264e-3
10505-6104,-7.35730996e-1,-3.33861583e-1,-1.87701436e0,-1.15321372e0,-1.28469459e0,-1.19097310e0,-1.47413419e-1,-6.90480566e-2
10506-12701,-5.18082259e-1,-3.82545306e-1,-1.12388894e0,-1.20818042e0,-5.20447934e-1,-1.08277633e0,-1.03519055e-1,-8.96583846e-2
10506-12703,-5.20217483e-1,-4.93517749e-1,-9.63826356e-1,-1.44357420e0,-2.39766651e-1,-1.13569435e0,-9.80597602e-2,-1.24979030e-1
10506-12705,-4.42338259e-2,7.35565965e-2,-2.39007925e-1,1.28606799e-1,-2.84649903e-1,-1.72029017e-2,-1.54169846e-2,2.49653754e-2
10506-1902,3.36493985e0,4.53705423e-1,9.32153067e0,1.61438700e0,7.50281067e0,1.74836610e0,6.53016691e-1,8.89264960e-2
10506-3701,8.81836718e-2,5.17276519e-2,2.24348076e-1,1.80753338e-1,1.52631058e-1,1.90417034e-1,1.76797824e-2,1.04761089e-2
10506-3704,2.64859757e0,1.01681714e0,6.79627624e0,3.45711735e0,4.73334783e0,3.48284738e0,5.27350836e-1,2.15760644e-1
10506-6102,1.51463101e-1,2.38685832e-1,1.97188419e-1,7.56259121e-1,-1.28708524e-1,6.73952822e-1,3.32256020e-2,5.60675141e-2
10506-6103,2.67672847e0,9.41576921e-1,6.93464479e0,3.20091403e0,4.93038177e0,3.22414340e0,5.31030386e-1,1.99838886e-1
10506-6104,-2.33174454e-1,-2.53895881e-1,-3.79091942e-1,-6.58279561e-1,-5.30003769e-2,-4.14192848e-1,-3.55794788e-2,-6.96969544e-2
10506-9101,-4.36044536e-1,-3.00827519e-1,-9.79359125e-1,-9.80348370e-1,-4.90217027e-1,-9.20904836e-1,-8.88345923e-2,-6.79661869e-2
10506-9102,-3.07347412e-1,-1.53991973e-1,-7.71066937e-1,-5.97010112e-1,-4.61272090e-1,-6.68624646e-1,-7.00442427e-2,-2.83429556e-2
10507-12701,3.92386138e-1,2.72328865e-1,8.78249088e-1,9.00891789e-1,4.23766770e-1,8.64112760e-1,8.12215683e-2,6.03853750e-2
10507-12702,-5.07398539e-2,8.17985045e-2,-2.32595157e-1,1.37655928e-1,-2.63013838e-1,1.00279404e-2,-2.31385231e-2,2.11102619e-2
10507-12703,-3.91671518e-2,3.56323953e-2,-1.61511792e-1,6.32573733e-2,-1.74915905e-1,-2.21445728e-4,-1.15004897e-2,1.11204297e-2
10507-12704,5.06446343e-1,-6.11116001e-2,1.65402982e0,-1.25614510e-2,1.59006041e0,2.72067321e-1,1.01945413e-1,-3.08938323e-2
10507-12705,-3.82678205e-1,-4.62550317e-1,-5.89603828e-1,-1.20927351e0,-2.45329626e-2,-7.97244574e-1,-5.51624642e-2,-1.24191268e-1
10507-1901,-5.09450775e-1,-2.56513906e-1,-1.28798800e0,-8.89272558e-1,-8.62159162e-1,-9.23567218e-1,-1.02556278e-1,-5.27283497e-2
10507-3701,2.76521405e-1,1.10119019e-1,7.25885245e-1,3.87154116e-1,5.26294781e-1,4.11200068e-1,5.49705828e-2,2.20788660e-2
10507-3702,3.56606386e-1,2.62178533e-1,8.16047311e-1,8.84612513e-1,4.20980092e-1,8.79025506e-1,7.36291372e-2,5.63506825e-2
10507-3704,8.72365742e-2,8.21917449e-2,1.78591906e-1,2.72120229e-1,5.83540748e-2,2.61606973e-1,1.84416543e-2,1.81943717e-2
10507-6101,1.13016715e0,3.06219046e-1,3.06748840e0,1.08816199e0,2.37607071e0,1.17567094e0,2.21522323e-1,6.01814027e-2
10507-6102,2.28164811e-1,2.89905938e-1,3.68096245e-1,9.14172920e-1,-3.94440320e-2,8.10244982e-1,4.81636967e-2,6.83973820e-2
10507-6103,2.21361001e-1,1.91133998e-1,4.74896381e-1,6.56487457e-1,1.80485456e-1,6.55701114e-1,4.86934163e-2,4.07815796e-2
10507-6104,3.91958438e-1,1.03423734e-1,1.06640020e0,3.68372548e-1,8.29585968e-1,3.99422944e-1,7.67625945e-2,2.02371980e-2
10507-9101,1.37052024e-1,2.12194092e-1,1.75071362e-1,6.45679876e-1,-1.05854308e-1,5.41161193e-1,2.77757100e-2,5.19201268e-2
10507-9102,-5.74570222e-1,-3.49423854e-1,-1.37110143e0,-1.18134296e0,-8.00602980e-1,-1.17775364e0,-1.17210250e-1,-7.48676558e-2
10508-12701,-1.26387080e-1,-8.68957269e-2,-2.76528405e-1,-2.22219534e-1,-1.64130092e-1,-1.48026831e-1,-1.90888851e-2,-2.30512527e-2
10508-12702,-2.78685206e-1,-1.80435970e-1,-6.28599223e-1,-5.68005454e-1,-3.31518089e-1,-5.07061557e-1,-5.51438630e-2,-4.24184400e-2
10508-12705,-1.12549983e-1,-1.81537933e-2,-3.12894822e-1,-5.01401822e-2,-2.63935531e-1,-4.31794921e-2,-2.00264324e-2,-4.35449820e-3
10508-3701,-1.16068133e-1,-3.79988639e-2,-3.28689399e-1,-1.44167807e-1,-2.71946158e-1,-1.70795017e-1,-2.25619649e-2,-6.52548490e-3
10508-3703,2.53166458e0,3.97808971e-1,7.02833510e0,1.42884402e0,5.67622021e0,1.56996505e0,4.91052813e-1,7.65733887e-2
10508-3704,1.11619574e0,2.49130235e-1,3.06272963e0,8.88863464e-1,2.42175874e0,9.66778876e-1,2.17652737e-1,4.85742068e-2
10508-6101,-8.20641777e-1,-8.56414550e-2,-2.29307151e0,-3.08634043e-1,-1.87376920e0,-3.40902597e-1,-1.58651379e-1,-1.63751920e-2
10508-6103,-2.87323123e-2,1.31630654e-1,-2.37813800e-1,3.87916994e-1,-3.86763039e-1,2.98135538e-1,-3.86836798e-3,3.36865379e-2
10508-6104,-4.68729250e-1,-2.57367424e-1,-1.12298808e0,-8.44583712e-1,-6.77332711e-1,-8.05120296e-1,-9.39075749e-2,-5.74871019e-2
10508-9102,-6.93872125e-1,-2.64276527e-1,-1.81952026e0,-9.25042588e-1,-1.31738183e0,-9.75593162e-1,-1.37900230e-1,-5.34129920e-2
10509-12701,-3.81209033e-1,-2.53020839e-1,-8.43347517e-1,-7.78532858e-1,-4.28344843e-1,-6.69535418e-1,-7.44696981e-2,-6.09909914e-2
10509-12702,8.22606353e-2,-8.93297164e-2,3.18854426e-1,-2.91393344e-1,3.81969388e-1,-2.71384641e-1,1.35420427e-2,-2.02665429e-2
10509-12704,-4.84033181e-1,-2.66296376e-1,-1.22578735e0,-9.31702354e-1,-8.21340284e-1,-9.81857018e-1,-9.75996097e-2,-5.38659564e-2
10509-12705,2.03928474e-1,2.78518905e-1,2.81454388e-1,7.95053110e-1,-8.50100427e-2,6.00249420e-1,3.64959087e-2,7.18339740e-2
10509-3702,2.46204239e0,3.30455267e-1,6.82589750e0,1.17987283e0,5.50069631e0,1.28436633e0,4.77746695e-1,6.43547179e-2
10509-3703,-1.01355223e0,-4.98359478e-1,-2.54734755e0,-1.71265682e0,-1.68677393e0,-1.75410545e0,-2.04005195e-1,-1.03964648e-1
10509-3704,6.85444748e-1,3.47102992e-1,1.72561295e0,1.19880768e0,1.14534023e0,1.23771150e0,1.38050440e-1,7.18049062e-2
10509-6102,-3.14933792e-1,-2.37507784e-1,-7.04624228e-1,-7.89739250e-1,-3.41744202e-1,-7.66789566e-1,-6.49073986e-2,-5.21601072e-2
10509-6103,-7.08117756e-1,-4.25049288e-1,-1.68610981e0,-1.42667086e0,-9.83884435e-1,-1.40651951e0,-1.44007530e-1,-9.20598971e-2
10509-6104,3.59144372e-1,2.75816540e-1,7.94771623e-1,9.11620259e-1,3.73282360e-1,8.76571677e-1,7.39658567e-2,6.10994176e-2
10509-9101,-5.33826222e-1,-2.90718202e-1,-1.30742405e0,-9.87955782e-1,-8.16281605e-1,-9.93668467e-1,-1.08090757e-1,-6.17678812e-2
10509-9102,1.26609809e0,1.08085389e-1,3.57099791e0,4.03090060e-1,2.96241296e0,4.67493982e-1,2.43978090e-1,1.92582141e-2
10510-12702,6.32276193e-2,-8.27537779e-2,2.79918783e-1,-2.43632701e-1,3.56216972e-1,-1.86370473e-1,1.09657577e-2,-2.12218151e-2
10510-12705,3.05504015e-1,1.38418538e-1,7.73999682e-1,4.73976042e-1,5.22874761e-1,4.82479295e-1,6.12525348e-2,2.90580379e-2
10510-1901,1.53351428e0,4.83719479e-1,4.12073317e0,1.71424103e0,3.13040960e0,1.84393982e0,3.01961653e-1,9.55633358e-2
10510-3701,6.45302126e-1,4.35023107e-1,1.37385140e0,1.30890982e0,6.16197372e-1,1.06589626e0,1.27114780e-1,1.08224924e-1
10510-3704,5.68975717e-1,2.80797250e-1,1.45500684e0,9.81502432e-1,9.97346514e-1,1.03277782e0,1.14254160e-1,5.68954144e-2
10510-6101,-4.75323705e-1,-4.64033717e-1,-8.65374546e-1,-1.34972705e0,-1.94387193e-1,-1.05092462e0,-8.89343198e-2,-1.18144696e-1
10510-6102,1.80788763e-1,-5.55185476e-2,5.58417640e-1,-1.83928240e-1,5.29804854e-1,-1.76546188e-1,3.34733275e-2,-1.22950659e-2
10510-6103,1.13861869e0,1.68666650e-2,3.22160989e0,6.61810792e-2,2.69073757e0,8.23833181e-2,2.18741493e-1,2.65088927e-3
10510-6104,1.60759506e0,4.21743713e-2,4.53432507e0,1.57335434e-1,3.76668459e0,1.82935525e-1,3.09332925e-1,7.49665651e-3
10510-9102,1.39578068e0,5.13073752e-1,3.73098845e0,1.82314193e0,2.80353602e0,1.96935836e0,2.75616541e-1,1.00851828e-1
10511-12702,1.80845374e-1,5.04336767e-2,5.07168715e-1,1.95067091e-1,4.09290196e-1,2.34513737e-1,3.56879187e-2,8.36474341e-3
10511-12703,3.59657668e-2,2.24335238e-2,9.11233511e-2,7.85347933e-2,6.14697550e-2,8.31755072e-2,7.20637229e-3,4.51959267e-3
10511-12704,-1.92292929e-1,-1.69291931e-1,-3.77275639e-1,-4.92958809e-1,-1.33812971e-1,-3.91688326e-1,-3.51782105e-2,-4.25434103e-2
10511-1901,-1.03344680e0,-4.06131819e-1,-2.70968149e0,-1.42431535e0,-1.96087220e0,-1.50683916e0,-2.05446703e-1,-8.17970561e-2
10511-1902,6.23415208e-1,5.50287345e-2,1.76144273e0,2.05359938e-1,1.46596468e0,2.38550345e-1,1.20002472e-1,9.78508643e-3
10511-3701,-4.87978303e-1,-3.04358552e-1,-1.14836983e0,-1.01635664e0,-6.50831628e-1,-9.93949987e-1,-9.93355353e-2,-6.64178525e-2
10511-3704,3.00585411e0,3.66878980e-1,8.33810797e0,1.30347436e0,6.72864967e0,1.40851030e0,5.82867926e-1,7.21083880e-2
10511-6101,-5.81226869e-1,-2.46468472e-1,-1.51147545e0,-8.63213495e-1,-1.07480217e0,-9.11128296e-1,-1.15949974e-1,-4.97654321e-2
10511-9101,2.37893109e-1,1.35847635e-1,5.54901893e-1,4.16634425e-1,3.29553921e-1,3.60400102e-1,4.55500564e-2,3.26397347e-2
10511-9102,4.31971211e-1,-2.25680145e-2,1.24587739e0,-7.37705624e-2,1.07383783e0,-6.85917993e-2,8.22317793e-2,-5.11585335e-3
10512-12701,8.24246115e-2,8.44395322e-2,1.62195071e-1,2.76365038e-1,4.30892239e-2,2.61209343e-1,1.73486867e-2,1.89759196e-2
10512-12703,1.13411841e-2,9.37374297e-2,-7.56632114e-2,3.07811132e-1,-2.13039939e-1,2.73351248e-1,6.80252222e-3,2.21060386e-2
10512-12704,-2.69640511e-1,-2.12327004e-1,-5.47562123e-1,-6.32882899e-1,-2.11259577e-1,-5.11726710e-1,-5.21712806e-2,-5.30502180e-2
10512-1902,-4.74768214e-1,-1.27792056e-1,-1.28090717e0,-4.50942486e-1,-9.81363286e-1,-4.81799097e-1,-9.32626479e-2,-2.54485512e-2
10512-3701,4.22622612e-1,8.00784015e-3,1.21553053e0,3.88247959e-2,1.04170157e0,5.96227478e-2,8.06778502e-2,4.83862638e-4
10512-3704,7.92824276e-2,-2.74934441e-2,2.44566881e-1,-9.46596847e-2,2.32975935e-1,-9.70040220e-2,1.45636134e-2,-5.72559138e-3
10512-6101,-2.43356854e-1,-1.59050704e-1,-5.89806323e-1,-5.49484958e-1,-3.55451171e-1,-5.67384902e-1,-4.97411183e-2,-3.28931591e-2
10512-6102,-3.14813212e-1,-2.64186084e-1,-6.57394599e-1,-8.60289853e-1,-2.44894079e-1,-8.04518230e-1,-6.55570618e-2,-5.98548336e-2
10512-6103,-4.38489681e-1,-2.17231813e-1,-1.11772226e0,-7.57523270e-1,-7.61050102e-1,-7.94078429e-1,-8.81213153e-2,-4.42013507e-2
10512-6104,-3.71462842e-1,-2.49775152e-1,-8.45104207e-1,-8.20341664e-1,-4.37717602e-1,-7.80451160e-1,-7.57719985e-2,-5.58361032e-2
10512-9101,-7.95066798e-1,-5.26917734e-1,-1.81751050e0,-1.72832264e0,-9.57952544e-1,-1.64169290e0,-1.61711082e-1,-1.17966726e-1
10512-9102,-3.58182882e-1,-1.61774839e-1,-9.09839368e-1,-5.55236328e-1,-6.18036653e-1,-5.67715058e-1,-7.17480773e-2,-3.38130493e-2
10513-12705,-5.82970368e-1,-3.78796624e-1,-1.33955237e0,-1.24339142e0,-7.16678579e-1,-1.18244423e0,-1.18476659e-1,-8.47211595e-2
10513-3702,-1.47640647e-1,1.46040458e-2,-4.52189660e-1,3.70051442e-2,-4.22807493e-1,1.51736315e-2,-2.75680735e-2,4.41636003e-3
10513-3703,-6.44713032e-1,-2.53236362e-1,-1.68590802e0,-8.85280840e-1,-1.21404928e0,-9.31902513e-1,-1.28228527e-1,-5.12931491e-2
10513-6101,4.80048855e0,1.18555489e0,1.29256759e1,4.12626150e0,9.88882366e0,4.31807064e0,9.41521845e-1,2.41841585e-1
10513-6103,1.07370337e-2,1.22968398e-1,-1.21291994e-1,3.44471537e-1,-2.72370377e-1,2.39521370e-1,2.13940544e-3,3.28603782e-2
10513-6104,-4.13819765e-1,-9.25140719e-2,-1.13535702e0,-3.28993825e-1,-8.98398677e-1,-3.56486098e-1,-8.06069729e-2,-1.81334747e-2
10513-9101,-7.68100534e-1,-2.39256567e-1,-2.05211937e0,-8.40684024e-1,-1.54342398e0,-8.92367407e-1,-1.51435287e-1,-4.80120490e-2
10513-9102,-7.14473320e-1,-2.03015085e-1,-1.94135260e0,-7.23929876e-1,-1.50631850e0,-7.86378012e-1,-1.40026537e-1,-3.96364846e-2
10514-1902,5.57549949e-2,1.45456678e-3,1.52566991e-1,4.29852466e-3,1.20076333e-1,3.12747391e-3,1.08819148e-2,3.78415973e-4
10514-3701,-8.99518614e-1,-2.76284237e-1,-2.41893568e0,-9.78605241e-1,-1.84048584e0,-1.05179102e0,-1.77047968e-1,-5.46356903e-2
10514-3703,-3.13218535e-1,2.45055715e-2,-1.00086496e0,5.58197508e-3,-9.64214974e-1,-1.19834450e-1,-5.98093973e-2,1.29096263e-2
10514-6101,-5.95627151e-2,2.14502953e-3,-1.92574117e-1,-1.63887659e-2,-1.82594354e-1,-5.23151356e-2,-1.19658309e-2,2.70277832e-3
10514-6102,-8.84324985e-1,-2.34058904e-1,-2.40204877e0,-8.32025126e-1,-1.86316197e0,-8.99376982e-1,-1.73289598e-1,-4.59711205e-2
10514-6103,-5.87998294e-1,-5.03518819e-1,-1.17725063e0,-1.55641526e0,-3.97696262e-1,-1.33878516e0,-1.17691120e-1,-1.21273359e-1
10514-6104,8.49417752e-1,3.59150285e-1,2.20818697e0,1.25496689e0,1.57084843e0,1.32033886e0,1.69304190e-1,7.27964235e-2
10514-9101,-5.12104475e-1,-2.84845207e-1,-1.24634713e0,-9.64420111e-1,-7.67262550e-1,-9.64327938e-1,-1.03757822e-1,-6.08707739e-2
10514-9102,-7.06155091e-1,-1.99961916e-1,-1.91490000e0,-7.11646343e-1,-1.48030566e0,-7.70651736e-1,-1.38505595e-1,-3.91875373e-2
10515-12703,-2.35380690e-1,-2.73516597e-1,-4.42946212e-1,-9.04303148e-1,-7.53235945e-2,-8.68479797e-1,-5.04714259e-2,-6.06251298e-2
10515-1901,-8.86577328e-2,3.14485281e-2,-2.88420348e-1,9.84465221e-2,-2.90630886e-1,8.44675821e-2,-1.61258897e-2,7.55228654e-3
10515-1902,-1.25578060e-2,-1.39001655e-2,-3.21711703e-2,-5.00357815e-2,-2.19627893e-2,-5.51628464e-2,-2.53557503e-3,-2.66408094e-3
10515-3704,-4.74626622e-1,-1.87619930e-1,-1.26059304e0,-6.65473173e-1,-9.35165801e-1,-7.16770498e-1,-9.39795767e-2,-3.70069028e-2
10515-6102,-4.53026305e-1,-1.29512078e-1,-1.22493572e0,-4.57606915e-1,-9.43306299e-1,-4.90513424e-1,-8.88145236e-2,-2.57083346e-2
10515-6103,2.26939471e0,8.50982178e-1,5.72725252e0,2.73856073e0,3.92797769e0,2.53681253e0,4.45106668e-1,1.94713158e-1
10515-6104,-7.05707800e-1,-4.27788388e-1,-1.67034380e0,-1.43381992e0,-9.57998559e-1,-1.40926641e0,-1.43867357e-1,-9.28932070e-2
10515-9101,-2.72336222e-2,1.13383093e-1,-2.16622252e-1,3.13408564e-1,-3.35232647e-1,2.13954359e-1,-5.75362357e-3,3.04837383e-2
10515-9102,-5.14999284e-1,-4.10006292e-1,-1.09947920e0,-1.33334731e0,-4.55180407e-1,-1.24574911e0,-1.06352959e-1,-9.29938929e-2
10516-12702,6.80259393e-1,5.09534200e-2,1.92022128e0,1.89293616e-1,1.59629655e0,2.18650535e-1,1.30931892e-1,9.14544529e-3
10516-12703,-6.35251000e-1,-5.24891640e-1,-1.30134496e0,-1.63348405e0,-4.86546851e-1,-1.42349289e0,-1.27193922e-1,-1.25367344e-1
10516-12704,-3.51170196e-2,1.21026887e-1,-2.29399692e-1,2.47447493e-1,-3.01567264e-1,9.41244690e-2,-2.11196403e-2,3.16101186e-2
10516-12705,-2.19365996e-1,-1.33071264e-1,-5.13530978e-1,-4.12229893e-1,-3.07003338e-1,-3.70639184e-1,-4.12919871e-2,-3.10151797e-2
10516-1901,3.58299422e-2,7.07336497e-2,5.88368828e-2,2.45886442e-1,-1.07696666e-2,2.56303210e-1,8.24819080e-3,1.44773213e-2
10516-1902,-7.50665666e-1,-2.71041379e-1,-1.98955570e0,-9.54922333e-1,-1.47121820e0,-1.01766153e0,-1.48632097e-1,-5.41341181e-2
10516-3702,3.12465027e-1,1.27819893e-1,8.09713112e-1,4.44642577e-1,5.72379341e-1,4.64347364e-1,6.23347049e-2,2.61177976e-2
10516-3703,1.30054780e1,2.19397416e0,3.58446357e1,7.79684387e0,2.85850240e1,8.42683656e0,2.53000505e0,4.31062810e-1
10516-3704,-6.88396089e-1,-1.81263316e-1,-1.87706928e0,-6.46825832e-1,-1.46624519e0,-7.03421402e-1,-1.34690844e-1,-3.53407629e-2
10516-6101,1.84987386e0,1.12054685e0,4.50292301e0,3.85046270e0,2.75226603e0,3.94226105e0,3.76830524e-1,2.33823885e-1
10516-6102,-4.98717882e-1,-3.98197298e-1,-1.04182060e0,-1.25640119e0,-4.13364760e-1,-1.11845695e0,-1.00943708e-1,-9.37141283e-2
10516-6103,3.00815766e-1,1.91282595e-1,7.12725929e-1,6.46745108e-1,4.08145248e-1,6.45033423e-1,6.14779341e-2,4.09717896e-2
10516-6104,5.73971570e-3,1.07414991e-1,-7.76092423e-2,3.54585854e-1,-1.90553457e-1,3.38709371e-1,3.49927719e-3,2.38969902e-2
10516-9101,-5.21092238e-1,-1.47742451e-1,-1.45004331e0,-5.77913566e-1,-1.14536826e0,-6.97241552e-1,-1.04317166e-1,-2.41544494e-2
10516-9102,-6.29822828e-1,-4.33483963e-1,-1.43083074e0,-1.42717319e0,-7.37365474e-1,-1.36397860e0,-1.28543297e-1,-9.65426455e-2
10517-12703,-6.41206002e-2,2.52970129e-2,-2.20414948e-1,5.54599093e-2,-2.26027266e-1,1.90298062e-2,-1.36961812e-2,7.20585989e-3
10517-12704,5.67655419e-1,9.09033032e-1,7.60825713e-1,2.95568150e0,-4.79844978e-1,2.74774996e0,1.28983429e-1,2.06737198e-1
10517-12705,-5.89298548e-1,-2.95886182e-1,-1.46765117e0,-1.00911836e0,-9.54061713e-1,-1.02124685e0,-1.18700279e-1,-6.24909936e-2
10517-1901,-4.91399621e-1,-2.03177362e-1,-1.26713430e0,-7.01915575e-1,-8.88274518e-1,-7.25272431e-1,-9.80223096e-2,-4.20024913e-2
10517-1902,-7.41101736e-1,-3.69647160e-1,-1.85215626e0,-1.26405843e0,-1.21277997e0,-1.28462833e0,-1.49222196e-1,-7.77364486e-2
10517-3702,5.28263824e-1,4.64219343e-1,1.05006135e0,1.42431346e0,3.51558892e-1,1.21518586e0,1.04334648e-1,1.12415069e-1
10517-3703,1.15756363e1,1.73891476e0,3.20249785e1,6.20176376e0,2.57100315e1,6.73952804e0,2.24835369e0,3.39365865e-1
10517-3704,7.50312170e-1,4.71645802e-1,1.79849980e0,1.60655224e0,1.05987345e0,1.62180130e0,1.53151594e-1,9.98402970e-2
10517-6101,3.15819426e-1,1.79340536e-1,7.69164082e-1,6.01297103e-1,4.80140867e-1,5.94505566e-1,6.33287826e-2,3.88060937e-2
10517-6102,1.18421336e0,4.68019222e-1,3.06649949e0,1.61215317e0,2.17267268e0,1.65944492e0,2.35470967e-1,9.71781536e-2
10517-9101,2.61945991e-2,1.69802239e-1,-1.07113751e-1,3.60421553e-1,-2.28525690e-1,1.53871809e-1,-1.32185394e-2,4.67552447e-2
10517-9102,-5.34600128e-1,-3.26310359e-1,-1.26310564e0,-1.08860944e0,-7.24516606e-1,-1.06288113e0,-1.08650692e-1,-7.13157149e-2
10518-12701,-9.42251864e-2,-3.64495561e-1,1.21025574e-1,-1.10272155e0,5.66602268e-1,-9.05408541e-1,-2.18438591e-2,-9.02042306e-2
10518-12703,-5.84227796e-1,-5.39717631e-1,-1.11487543e0,-1.62519965e0,-3.08015649e-1,-1.34142219e0,-1.13950537e-1,-1.33279319e-1
10518-12704,3.70951577e-1,6.39570463e-2,1.05701514e0,2.68637600e-1,8.70574568e-1,3.47206875e-1,7.35854711e-2,8.77236110e-3
10518-1901,-1.10039429e-2,-8.99854723e-3,-3.36153495e-2,-3.39300472e-2,-3.13327285e-2,-4.00250141e-2,-2.05482109e-3,-1.56196045e-3
10518-1902,1.46349361e0,5.10559033e-1,3.89715137e0,1.80290751e0,2.90873639e0,1.92838138e0,2.89243604e-1,1.01540790e-1
10518-3701,-4.30487358e-2,-9.20325798e-2,-5.62958966e-2,-3.14119332e-1,4.35027206e-2,-3.17686935e-1,-1.02116343e-2,-1.94343767e-2
10518-3702,5.17943169e-1,1.07911492e-2,1.48832951e0,5.24259375e-2,1.27257478e0,8.02835057e-2,9.90161542e-2,6.52948692e-4
10518-3703,9.94675162e-1,5.72888887e-1,2.34924647e0,1.87355231e0,1.36912263e0,1.76718036e0,2.00534814e-1,1.29332886e-1
10518-3704,-8.30038086e-2,9.72326941e-3,-2.51863132e-1,2.87888404e-2,-2.33533185e-1,2.12339668e-2,-1.54660867e-2,2.51902869e-3
10518-6102,-1.05177918e-1,-4.56049755e-2,-2.69379918e-1,-1.60508259e-1,-1.83639268e-1,-1.69395615e-1,-2.13118032e-2,-9.18154809e-3
10518-6103,-7.05863381e-1,-4.01366135e-1,-1.71724331e0,-1.36492232e0,-1.05339144e0,-1.37418632e0,-1.43307742e-1,-8.51884470e-2
10518-6104,-3.12393721e-1,3.22317424e-2,-1.03556861e0,-2.06579004e-2,-1.01283595e0,-2.18528865e-1,-6.21946255e-2,1.92174432e-2
10518-9101,-4.09966392e-1,-1.71896841e-1,-1.05564048e0,-5.92576105e-1,-7.38812623e-1,-6.11025015e-1,-8.16842886e-2,-3.56300425e-2
10518-9102,1.11384042e-2,7.18665905e-2,-4.59581476e-2,2.21532469e-1,-1.35039653e-1,1.87291299e-1,3.33085350e-3,1.74663711e-2
10519-12701,5.26101408e-1,5.15977770e-1,1.01860985e0,1.40659458e0,3.90900969e-1,1.06772416e0,7.80136956e-2,1.28499350e-1
10519-12702,1.15107452e-1,2.50597310e-1,1.00200810e-1,5.77354364e-1,-1.18097948e-1,3.40514899e-1,-3.80388757e-3,6.02576974e-2
10519-12703,1.59075018e-1,-1.77596816e-1,5.50560128e-1,-6.15316138e-1,5.99927716e-1,-6.38205194e-1,2.74679638e-2,-3.65518700e-2
10519-1901,1.19546363e0,9.93214248e-1,2.69027652e0,3.40238862e0,1.28708685e0,3.46174820e0,2.50508036e-1,2.08475556e-1
10519-1902,6.63104163e0,1.08022064e0,1.83028883e1,3.84960971e0,1.46315520e1,4.17830160e0,1.28941216e0,2.11128675e-1
10519-3701,1.93415692e0,1.49729090e-1,5.45464797e0,5.61012024e-1,4.52279584e0,6.53740464e-1,3.72892151e-1,2.64454096e-2
10519-3702,4.81346576e-1,1.62882496e-1,1.24833481e0,5.48687576e-1,8.91914013e-1,5.44412199e-1,9.52383204e-2,3.50790321e-2
10519-6102,6.49477646e-1,5.37151933e-1,1.35637493e0,1.71788466e0,5.27107569e-1,1.56374917e0,1.32739968e-1,1.24381918e-1
10519-6104,-5.62397426e-1,-3.40610534e-1,-1.33865013e0,-1.14652318e0,-7.78445459e-1,-1.13505853e0,-1.14593620e-1,-7.34716490e-2
10519-9102,-3.14481361e-1,-2.23884747e-1,-7.15292600e-1,-7.47447542e-1,-3.64638228e-1,-7.29858583e-1,-6.47536063e-2,-4.89063089e-2
10520-12701,-1.39590767e-1,-1.23778267e-1,-2.79086251e-1,-3.90422044e-1,-8.93975313e-2,-3.47503805e-1,-2.84426754e-2,-2.91302450e-2
10520-12702,-5.44616651e-1,-1.99037788e-1,-1.43499523e0,-6.98081584e-1,-1.04904075e0,-7.38581810e-1,-1.08050073e-1,-4.00830464e-2
10520-12703,-5.26154931e-1,-4.14102634e-1,-1.10736609e0,-1.30901187e0,-4.52497259e-1,-1.16917471e0,-1.06466193e-1,-9.72335469e-2
10520-12704,5.81093040e-3,1.83886300e-2,6.27447782e-3,7.11341745e-2,-1.43073515e-2,8.16439180e-2,2.17433687e-3,3.24409765e-3
10520-12705,-3.92934323e-1,-4.00651609e-1,-6.96939553e-1,-1.18324610e0,-1.11238049e-1,-9.41817070e-1,-7.55366175e-2,-1.00887712e-1
10520-1901,1.34494863e0,7.09151299e-1,3.39285999e0,2.46740984e0,2.25617400e0,2.57717842e0,2.71294203e-1,1.44864996e-1
10520-1902,2.78198469e0,7.85016303e-1,7.55673520e0,2.79778245e0,5.86007375e0,3.03657741e0,5.45283694e-1,1.53423672e-1
10520-3701,2.49393961e-1,2.28088275e-1,5.23171403e-1,7.60263629e-1,1.92744436e-1,7.39570227e-1,5.25476628e-2,4.99770925e-2
10520-3702,-3.98517521e-1,-2.05120822e-1,-1.01253213e0,-7.14872450e-1,-6.84740469e-1,-7.48842590e-1,-8.01477499e-2,-4.17741236e-2
10520-3703,8.24580174e-1,3.26808034e-1,2.16127677e0,1.14539344e0,1.56340909e0,1.21068459e0,1.63896824e-1,6.58912866e-2
10520-6101,-4.97845156e-1,-2.58659264e-1,-1.21773135e0,-8.66365589e-1,-7.64169110e-1,-8.52276163e-1,-1.00178902e-1,-5.61581889e-2
10520-6103,-4.93697446e-1,-2.21778565e-1,-1.26775451e0,-7.70540279e-1,-8.78914941e-1,-8.03170118e-1,-9.88069357e-2,-4.54120210e-2
10520-6104,1.15389313e-1,2.34765648e-1,5.67155298e-2,6.39073703e-1,-2.33599118e-1,4.33718157e-1,1.82660932e-2,6.31594676e-2
10520-9101,-5.58771814e-1,-5.56315385e-1,-1.00418654e0,-1.58118783e0,-2.26512377e-1,-1.19247880e0,-1.00018709e-1,-1.43514631e-1
10520-9102,-7.41510043e-1,-3.63108696e-1,-1.86627567e0,-1.24767674e0,-1.24047055e0,-1.27788249e0,-1.49110974e-1,-7.57564322e-2
10837-12701,-8.29769147e-1,-5.17996942e-1,-1.94481567e0,-1.72151443e0,-1.09323768e0,-1.67074747e0,-1.68716842e-1,-1.13826454e-1
10837-12703,-3.54891596e-1,-1.59738495e-1,-9.13243369e-1,-5.57005632e-1,-6.35278848e-1,-5.83863478e-1,-7.10444569e-2,-3.25048457e-2
10837-12705,-4.70359755e-1,-3.14511915e-1,-1.11499106e0,-1.07268527e0,-6.36059122e-1,-1.08478918e0,-9.64555388e-2,-6.64519970e-2
10837-1901,5.36138064e-1,1.68916364e-1,1.41216412e0,5.84867213e-1,1.03373970e0,6.06103851e-1,1.06189420e-1,3.48003308e-2
10837-3701,-1.51332109e-2,-7.20166178e-3,-3.62702059e-2,-2.45198354e-2,-2.10646113e-2,-2.46412509e-2,-3.11821269e-3,-1.52875966e-3
10837-3702,-3.76908778e-1,-2.22862745e-1,-8.99994350e-1,-7.54777708e-1,-5.24375549e-1,-7.53811117e-1,-7.70864270e-2,-4.76492010e-2
10837-3703,2.56081162e-1,1.20586808e-1,6.53682330e-1,4.20160825e-1,4.46248025e-1,4.39686916e-1,5.14621001e-2,2.45777587e-2
10837-3704,9.18302128e-1,1.56543834e-1,2.54829490e0,5.63003650e-1,2.05627702e0,6.19846914e-1,1.78173169e-1,3.00557136e-2
10837-6101,1.09175732e0,3.89284683e-1,2.87110299e0,1.35489796e0,2.09512888e0,1.41690591e0,2.16340524e-1,7.94439259e-2
10837-9101,-1.98842597e-1,-1.76352161e-1,-3.89657047e-1,-5.58278130e-1,-1.05775493e-1,-4.96056962e-1,-4.13528645e-2,-4.15019220e-2
10837-9102,-2.40513210e-1,-1.22515790e-1,-5.88170023e-1,-4.12807921e-1,-3.66248770e-1,-4.08378646e-1,-4.87293289e-2,-2.64302681e-2
10838-12702,-4.56689480e-1,-2.00142463e-1,-1.19440890e0,-7.05565251e-1,-8.58743396e-1,-7.52590772e-1,-9.09766143e-2,-3.99307578e-2
10838-12704,-7.88147951e-1,-5.10551295e-1,-1.82653928e0,-1.69072043e0,-9.96039291e-1,-1.63119396e0,-1.60496285e-1,-1.12777279e-1
10838-12705,5.70493685e-1,2.49256253e-1,1.43373530e0,7.38856348e-1,1.02568857e0,6.45741940e-1,1.01961333e-1,5.91945896e-2
10838-1901,2.19858182e0,1.00546350e0,5.64725510e0,3.50511495e0,3.91269060e0,3.67267769e0,4.40423668e-1,2.04691086e-1
10838-1902,-2.27920378e-1,-1.67579390e-1,-5.18237554e-1,-5.60772840e-1,-2.64285316e-1,-5.50341652e-1,-4.68786218e-2,-3.64527326e-2
10838-3702,-6.71520124e-1,-4.63748553e-1,-1.52716765e0,-1.53285284e0,-7.86016961e-1,-1.47330459e0,-1.37448807e-1,-1.02760137e-1
10838-6102,-4.12102863e-1,-1.90987103e-1,-1.03184730e0,-6.42460620e-1,-6.84353019e-1,-6.37184647e-1,-8.23163888e-2,-4.11669873e-2
10838-9101,2.49977728e-1,3.06921891e-1,4.07473517e-1,8.58314985e-1,2.92543488e-2,6.56755099e-1,3.94050520e-2,7.73646236e-2
10838-9102,-4.39673092e-1,-4.69999481e-1,-7.44575594e-1,-1.32805178e0,-9.09074317e-2,-9.84352243e-1,-7.85836735e-2,-1.22216562e-1
10839-12701,-2.14892407e-1,-3.10421554e-1,-2.75516701e-1,-7.47003784e-1,5.40590100e-2,-4.22824853e-1,-2.05591602e-2,-8.52654911e-2
10839-12703,2.31345797e-1,9.58480588e-2,5.77660571e-1,3.19180166e-1,3.80065398e-1,3.10231149e-1,4.63433396e-2,2.10227788e-2
10839-1901,2.02084027e0,7.02559237e-1,5.33601953e0,2.44639178e0,3.92841061e0,2.56182811e0,3.99545561e-1,1.43201388e-1
10839-1902,2.16012651e-2,8.55758602e-2,5.75147084e-3,2.95545869e-1,-7.27315714e-2,3.04765167e-1,5.88600962e-3,1.77162094e-2
10839-3704,-2.75819090e-1,-2.14080338e-1,-6.08684698e-1,-7.12396055e-1,-2.79477493e-1,-6.91564391e-1,-5.72415824e-2,-4.70037794e-2
10839-6101,-3.80043432e-2,4.12560008e-2,-1.43604642e-1,1.36939170e-1,-1.68962491e-1,1.31729687e-1,-6.30180305e-3,9.11719584e-3
10839-6103,2.13775782e0,9.18747672e-1,5.55937808e0,3.22370320e0,3.95076342e0,3.41196253e0,4.26724050e-1,1.84916337e-1
10839-6104,-1.77972954e-1,-5.58288289e-2,-4.78614276e-1,-1.98823853e-1,-3.63615147e-1,-2.15350811e-1,-3.50836717e-2,-1.09333311e-2
10839-9101,-2.91096398e-1,-3.02885324e-1,-5.18024742e-1,-8.28411796e-1,-1.26199026e-1,-6.03486521e-1,-4.64272483e-2,-7.82587325e-2
10839-9102,-2.28860152e-1,-1.14366655e-1,-6.01224315e-1,-4.06603437e-1,-4.35740118e-1,-4.39580163e-1,-4.55577925e-2,-2.24576931e-2
10840-12701,-3.53078084e-1,-2.66022471e-1,-8.03414097e-1,-8.97165324e-1,-4.07137017e-1,-8.90836600e-1,-7.29952339e-2,-5.72181420e-2
10840-12702,5.50451169e-1,5.35936656e-1,1.03445761e0,1.64564503e0,2.40515590e-1,1.40069454e0,1.10017657e-1,1.29969035e-1
10840-1901,-3.32072205e-1,-7.77337005e-2,-9.09734121e-1,-2.77298662e-1,-7.17150102e-1,-3.01455576e-1,-6.48101413e-2,-1.51635798e-2
10840-3701,8.60498159e-2,2.92642933e-2,2.34636979e-1,1.06050496e-1,1.82648683e-1,1.17964651e-1,1.68944967e-2,5.53896436e-3
10840-3702,5.88932941e-1,2.38656128e-1,1.53781112e0,8.35737501e-1,1.10352939e0,8.82147862e-1,1.17248101e-1,4.81923117e-2
10840-3703,-6.86727097e-1,-4.20575125e-1,-1.62913525e0,-1.41325737e0,-9.39815965e-1,-1.39539230e0,-1.39945899e-1,-9.09525565e-2
10840-3704,-6.67209667e-2,2.16546362e-2,-2.17068841e-1,6.43907036e-2,-2.17010801e-1,4.97666555e-2,-1.23254306e-2,5.51662006e-3
10840-6103,4.46374728e-1,-7.98282028e-2,1.29870574e0,-2.80043738e-1,1.13571177e0,-2.96254114e-1,8.45463137e-2,-1.60741388e-2
10840-6104,4.99741185e-1,-6.00067266e-2,1.43895533e0,-2.10804759e-1,1.23779120e0,-2.23472646e-1,9.51367981e-2,-1.20532130e-2
10840-9102,4.64204609e-1,2.29518619e-1,1.13197869e0,7.66161886e-1,7.02919715e-1,7.47444041e-1,9.37582348e-2,5.01682747e-2
10841-12703,-1.00818134e-1,-1.24657137e-1,-1.38777977e-1,-3.81811700e-1,6.95410640e-2,-3.09560156e-1,-2.25520502e-2,-3.10628778e-2
10841-12704,-2.34506207e-1,-1.54115537e-1,-5.78533205e-1,-5.38778170e-1,-3.63364533e-1,-5.66965392e-1,-4.77909961e-2,-3.12218781e-2
10841-12705,-7.83257607e-1,-4.39950538e-1,-1.88871505e0,-1.47320580e0,-1.14290449e0,-1.44810244e0,-1.58342557e-1,-9.55776584e-2
10841-1901,2.77374795e0,6.73054697e-1,7.53558850e0,2.38294438e0,5.84967741e0,2.55969085e0,5.43256962e-1,1.33196466e-1
10841-1902,-4.44928891e-1,-1.58008174e-1,-1.17578214e0,-5.52619366e-1,-8.66111168e-1,-5.82669262e-1,-8.80225723e-2,-3.19595747e-2
10841-3702,-3.95583925e-2,6.94728203e-2,-1.76565725e-1,2.27304681e-1,-2.33903368e-1,2.13483015e-1,-5.96332051e-3,1.56668914e-2
10841-3703,4.51072532e-1,2.51194972e-1,1.10301762e0,8.52414950e-1,6.87489079e-1,8.56136971e-1,9.12096075e-2,5.34622466e-2
10841-6101,2.00247440e-1,1.26172581e-1,4.95024881e-1,4.26522300e-1,3.22511871e-1,4.38510915e-1,3.89243944e-2,2.62944146e-2
10841-6103,7.71083233e-1,4.36025622e-1,1.89045348e0,1.48782710e0,1.18269643e0,1.50725321e0,1.56121655e-1,9.19993953e-2
10841-6104,-6.77039464e-1,-3.36537005e-1,-1.71111173e0,-1.16497671e0,-1.14494488e0,-1.20700923e0,-1.36269680e-1,-6.93546768e-2
10842-12701,-5.08195810e-1,-2.02999644e-1,-1.31735799e0,-7.00277785e-1,-9.35618090e-1,-7.23042691e-1,-1.00973466e-1,-4.20243847e-2
10842-12703,2.65912561e-1,2.67033827e-1,4.97792720e-1,7.55315530e-1,1.49692815e-1,5.89134673e-1,4.41704239e-2,6.67139023e-2
10842-12704,3.66363945e-1,2.30249218e-1,8.62131749e-1,7.63027746e-1,4.93445152e-1,7.39105224e-1,7.40028446e-2,5.07198023e-2
10842-12705,2.03211373e-1,2.92755906e-1,2.90542443e-1,7.59332129e-1,-2.34761421e-2,5.25112114e-1,2.27834509e-2,7.52279989e-2
10842-1901,4.71135299e-1,2.46807102e-1,1.18475248e0,8.55353888e-1,7.83136044e-1,8.87867750e-1,9.50375829e-2,5.07613170e-2
10842-3701,9.77833498e-1,2.79459033e-1,2.61624889e0,9.73202165e-1,1.97773498e0,1.01969380e0,1.92233365e-1,5.69381119e-2
10842-3703,3.27294588e0,9.93949334e-1,8.74688154e0,3.48977427e0,6.58260961e0,3.69957317e0,6.45190379e-1,1.99744190e-1
10842-3704,-3.64165872e-1,-2.72098325e-1,-8.25499721e-1,-9.20879267e-1,-4.09449836e-1,-9.18434770e-1,-7.57404901e-2,-5.82480283e-2
10842-6101,1.71505417e0,-3.19791301e-2,4.86148378e0,-1.05805318e-1,4.07280988e0,-1.00757816e-1,3.29206707e-1,-7.11485455e-3
10842-6102,-4.40896601e-1,-2.00850091e-1,-1.13308365e0,-7.03063648e-1,-7.83701379e-1,-7.40178619e-1,-8.85588374e-2,-4.06432418e-2
10842-9102,-5.45991299e-1,-2.66121439e-1,-1.36710305e0,-9.09993877e-1,-8.98833333e-1,-9.24597802e-1,-1.09894830e-1,-5.59740767e-2
10843-12701,8.99373075e-1,-1.11332931e-1,2.58247381e0,-3.92356908e-1,2.21116426e0,-4.18173390e-1,1.71476921e-1,-2.22292102e-2
10843-12705,3.81287579e-1,1.09149583e-1,1.03211990e0,3.88673285e-1,7.94641403e-1,4.23074788e-1,7.47308641e-2,2.12528015e-2
10843-1901,-4.49389952e-1,-1.44868204e-1,-1.20546349e0,-5.12816271e-1,-9.12842487e-1,-5.50701892e-1,-8.85364980e-2,-2.86783040e-2
10843-1902,7.98504342e-1,1.09808598e-1,2.22283783e0,3.92416436e-1,1.80566708e0,4.28395389e-1,1.54518776e-1,2.13264428e-2
10843-3701,-7.06213276e-1,-2.12809307e-1,-1.89971197e0,-7.53218255e-1,-1.44648056e0,-8.08602038e-1,-1.38967192e-1,-4.21418168e-2
10843-3702,2.07997965e-1,3.02052950e-2,5.82611386e-1,1.10316042e-1,4.77685818e-1,1.24276836e-1,4.02023009e-2,5.62268332e-3
10843-3703,-4.58126886e-1,-2.72295675e-1,-1.11991499e0,-9.35780033e-1,-6.92256768e-1,-9.58207456e-1,-9.31776607e-2,-5.68117885e-2
10843-3704,8.20896498e-1,5.91700075e-2,2.31168200e0,2.17336745e-1,1.91446574e0,2.47025168e-1,1.58129609e-1,1.08802424e-2
10843-6101,-7.45061280e-1,-2.77873718e-1,-1.94483536e0,-9.62057768e-1,-1.39913695e0,-9.97847313e-1,-1.47919830e-1,-5.72205123e-2
10843-6103,-9.66052038e-1,-3.47630751e-1,-2.55963115e0,-1.22407034e0,-1.89178615e0,-1.30334354e0,-1.91286371e-1,-6.95022753e-2
10843-6104,-1.05361646e-1,-5.86775963e-2,-2.54594119e-1,-1.15278052e-1,-2.06360165e-1,-4.61339460e-2,-1.11411551e-2,-1.65714633e-2
10843-9101,5.69166107e-2,9.14693805e-2,4.20365548e-2,1.86653550e-1,-5.51847439e-2,4.50564114e-2,3.15828561e-3,2.83709995e-2
10843-9102,-2.13180618e-1,-1.57916065e-1,-4.36810934e-1,-4.62947509e-1,-1.86224821e-1,-3.54811553e-1,-4.15264661e-2,-4.13794844e-2
10844-12702,-6.26003093e-1,-5.48472063e-1,-1.23745940e0,-1.67055880e0,-4.07927208e-1,-1.40769601e0,-1.22954402e-1,-1.33823977e-1
10844-12704,1.45881368e-1,-8.02253052e-2,5.17628330e-1,-2.49981932e-1,5.73415458e-1,-2.10173601e-1,2.51941945e-2,-1.94755307e-2
10844-12705,2.37926940e-1,2.83727509e-1,3.81667469e-1,8.06405153e-1,7.40622927e-3,6.14503907e-1,4.13366798e-2,7.25441500e-2
10844-1901,-2.68941273e-1,-5.35164558e-2,-7.37709017e-1,-1.90446406e-1,-5.82922553e-1,-2.06218840e-1,-5.24567769e-2,-1.04891781e-2
10844-1902,-5.64178857e-1,-3.06310151e-1,-1.40486701e0,-1.05718124e0,-9.08175170e-1,-1.09005253e0,-1.14112228e-1,-6.34488203e-2
10844-3702,3.58543724e0,9.27086543e-1,9.71040863e0,3.27673555e0,7.49500563e0,3.51063575e0,7.03056038e-1,1.84043190e-1
10844-6103,-3.40641754e-1,-2.03010315e-1,-8.03389954e-1,-6.67180868e-1,-4.64408647e-1,-6.37071042e-1,-6.85991408e-2,-4.52736544e-2
10844-6104,7.90918278e-1,1.47778228e-1,2.10471691e0,4.91480746e-1,1.57797982e0,4.75287783e-1,1.55518404e-1,3.25256681e-2
10845-12701,2.75868853e-1,1.38626359e-1,6.94977238e-1,5.68933530e-1,4.11245122e-1,6.54025455e-1,6.71262935e-2,2.52866304e-2
10845-12703,-3.32842585e-1,-1.94056423e-1,-7.85467996e-1,-6.34802638e-1,-4.55947454e-1,-6.01781076e-1,-6.68746040e-2,-4.35432392e-2
10845-12704,-4.72167008e-1,-5.29800949e-1,-7.75516114e-1,-1.42961418e0,-9.45658503e-2,-9.92064784e-1,-7.51841294e-2,-1.40577061e-1
10845-12705,-2.13752935e-1,-9.65793873e-2,-5.28971298e-1,-3.17816479e-1,-3.44114987e-1,-3.04048435e-1,-4.25708169e-2,-2.15032578e-2
10845-1902,2.10615318e-1,9.17176533e-2,5.59856142e-1,3.27515539e-1,4.15363358e-1,3.56439009e-1,4.17482117e-2,1.78620647e-2
10845-3703,1.27594599e-1,-1.12409221e-2,3.69516918e-1,-3.82795031e-2,3.20717078e-1,-3.84556459e-2,2.42288196e-2,-2.38628668e-3
10845-3704,1.23777002e1,1.70829199e0,3.43108967e1,6.06636800e0,2.76619868e1,6.55505952e0,2.40002811e0,3.35893882e-1
10845-6101,-4.57351304e-1,-1.44981425e-1,-1.27008899e0,-5.85911482e-1,-9.81514078e-1,-7.23637037e-1,-9.39193061e-2,-2.22962801e-2
10845-6103,6.37690409e-1,1.49372508e-1,1.76064719e0,5.48506505e-1,1.39978750e0,6.19215880e-1,1.24841404e-1,2.76278926e-2
10845-6104,4.66217801e-1,3.07644459e-1,1.06673701e0,9.81330688e-1,5.85151095e-1,9.02393475e-1,9.18079972e-2,7.08156764e-2
10845-9101,-6.98329291e-1,-3.23261940e-1,-1.77184781e0,-1.11242233e0,-1.19928850e0,-1.14220957e0,-1.40053954e-1,-6.72698952e-2
10845-9102,-2.29011715e-1,-2.04541049e-1,-4.33790653e-1,-5.66063171e-1,-1.43991880e-1,-4.08685129e-1,-3.96533279e-2,-5.36480460e-2
10846-12701,5.19270538e-1,-3.93843765e-2,1.48693279e0,-1.34910265e-1,1.26622908e0,-1.37263224e-1,9.92470745e-2,-8.26705571e-3
10846-12702,9.92107241e-1,-8.60237545e-2,2.87756108e0,-2.87484964e-1,2.50148846e0,-2.79497018e-1,1.88439369e-1,-1.88222135e-2
10846-12704,-3.04676286e-1,-2.80361788e-1,-5.69550970e-1,-8.02816536e-1,-1.60576730e-1,-6.09548189e-1,-5.58386341e-2,-7.21750953e-2
10846-12705,-2.01855658e-1,-1.85015458e-1,-4.01422523e-1,-5.01004594e-1,-1.72132342e-1,-3.74186754e-1,-3.03569904e-2,-4.65246121e-2
10846-1901,2.98993663e-1,3.45093681e-1,5.26417721e-1,1.11686571e0,2.24227529e-2,1.03086142e0,6.45207996e-2,7.89487245e-2
10846-1902,4.59527296e0,6.20348067e-1,1.27398332e1,2.21446807e0,1.02664174e1,2.41000379e0,8.91658637e-1,1.20851532e-1
10846-3701,1.83967367e0,5.42711068e-1,4.84127642e0,1.80512827e0,3.58469748e0,1.77110797e0,3.59127247e-1,1.18368711e-1
10846-3703,2.25522959e0,1.00365021e0,5.77002582e0,3.47401191e0,3.96991319e0,3.59569431e0,4.52023547e-1,2.07026119e-1
10846-3704,-3.43876410e-1,-1.12230429e-1,-9.20441377e-1,-3.97683523e-1,-6.93409156e-1,-4.27380025e-1,-6.78803210e-2,-2.21884236e-2
10846-6102,9.09737202e-1,4.72421852e-1,2.24733054e0,1.58734675e0,1.44821600e0,1.57460218e0,1.81953240e-1,1.01865365e-1
10846-6103,1.54496216e0,5.29448487e-1,3.97577258e0,1.69117198e0,2.85802068e0,1.56966113e0,2.98086217e-1,1.21144387e-1
10846-6104,4.55182110e-1,2.29355020e-1,1.13082947e0,7.78938035e-1,7.32571187e-1,7.83537635e-1,9.15680235e-2,4.87441036e-2
10846-9102,-1.04925983e0,-2.79748169e-1,-2.84832248e0,-9.94355627e-1,-2.20667515e0,-1.07468165e0,-2.05674335e-1,-5.49544555e-2
11004-12705,8.63334783e-2,7.37112124e-2,1.94290500e-1,2.56718895e-1,9.00825019e-2,2.64705337e-1,1.85854226e-2,1.52286717e-2
11004-1901,1.34719086e0,4.09619514e-2,3.80458255e0,1.54267113e-1,3.16675884e0,1.81670752e-1,2.59112057e-1,7.13005819e-3
11004-3702,-4.45782962e-1,-2.55531574e-1,-1.07423862e0,-8.61343305e-1,-6.45601732e-1,-8.54809988e-1,-9.05028659e-2,-5.49961183e-2
11004-3703,3.64725930e-1,1.40390123e-1,9.58110534e-1,4.96578957e-1,6.92820670e-1,5.30185909e-1,7.28410240e-2,2.79317184e-2
11004-6102,-6.90954245e-1,-2.57471721e-1,-1.82179972e0,-9.05336715e-1,-1.33275621e0,-9.61495313e-1,-1.37133811e-1,-5.16205339e-2
11004-6103,2.81139262e0,1.31043266e0,7.02025553e0,4.41338833e0,4.61862693e0,4.38074117e0,5.63034118e-1,2.82135944e-1
11004-6104,9.69044740e0,2.44529364e0,2.60990472e1,8.53603292e0,1.99665902e1,8.97209338e0,1.90143473e0,4.96323542e-1
11004-9102,1.14068741e0,-5.00154692e-2,3.27022578e0,-1.61282026e-1,2.78937211e0,-1.46450866e-1,2.17969058e-1,-1.15504875e-2
11006-12702,1.26127230e0,2.34388660e-1,3.51080859e0,8.62211090e-1,2.83841769e0,9.77704076e-1,2.45367085e-1,4.31213309e-2
11006-12703,5.90371778e-1,8.32320136e-2,1.62467830e0,2.80959629e-1,1.30116599e0,2.83131374e-1,1.13965460e-1,1.77337008e-2
11006-12704,2.07076286e0,4.19451465e-1,5.64572248e0,1.45690762e0,4.42907337e0,1.52448285e0,4.03189994e-1,8.56918504e-2
11006-12705,2.90663390e0,1.34421451e0,7.33137740e0,4.59939569e0,4.90222185e0,4.67790571e0,5.83595854e-1,2.82444264e-1
11006-1901,3.04843308e0,4.36321440e-1,8.43977957e0,1.55696703e0,6.78398216e0,1.69334666e0,5.91931953e-1,8.50654277e-2
11006-1902,2.26964863e0,7.67721467e-1,6.00164622e0,2.68441101e0,4.42314889e0,2.82674157e0,4.49299079e-1,1.55444240e-1
11006-3701,3.03300349e0,8.23028631e-1,8.15471261e0,2.88380601e0,6.21402520e0,3.04828510e0,5.95952087e-1,1.65971137e-1
11006-3702,7.96709375e-2,1.47138746e-1,8.10794515e-2,4.65927287e-1,-1.15895308e-1,4.14158918e-1,1.79632121e-2,3.46162704e-2
11006-3703,1.39265664e0,3.29783057e-1,3.74186666e0,1.13833237e0,2.85380808e0,1.17558532e0,2.73129315e-1,6.82396880e-2
11006-3704,3.45943169e0,7.24307854e-1,9.45369066e0,2.56164465e0,7.42360283e0,2.74818660e0,6.75408540e-1,1.43585422e-1
11006-6101,1.19731397e0,4.08263002e-1,3.18363807e0,1.44307162e0,2.36634105e0,1.54419222e0,2.37088082e-1,8.11118250e-2
11006-6102,6.76500505e-1,6.35097152e-1,1.35844656e0,2.06819095e0,4.11750947e-1,1.93463159e0,1.41918810e-1,1.43872462e-1
11006-6103,1.95639825e0,2.29273283e-1,5.45446668e0,8.24854067e-1,4.43925467e0,9.08669401e-1,3.78653249e-1,4.39879411e-2
11006-6104,7.69485878e-1,2.87696852e-1,1.97770216e0,9.86418304e-1,1.37496045e0,1.00236482e0,1.54039744e-1,6.04360822e-2
11006-9101,6.81409603e0,7.63402720e-1,1.89774553e1,2.73928231e0,1.54165370e1,3.00525717e0,1.31946647e0,1.47230046e-1
11006-9102,2.74885820e0,6.31650371e-1,7.55605154e0,2.27439916e0,5.98451483e0,2.50577882e0,5.36517475e-1,1.21085381e-1
11007-12701,4.13707906e0,8.61526072e-1,1.13320992e1,3.06226828e0,8.93235924e0,3.31007135e0,8.07339132e-1,1.69226485e-1
11007-12702,3.44685426e0,9.85727625e-1,8.97264851e0,3.17146756e0,6.54713540e0,2.95019104e0,6.70361148e-1,2.25015663e-1
11007-12703,1.53088963e0,7.33241611e-1,3.89440588e0,2.54672246e0,2.64151855e0,2.65209364e0,3.07717503e-1,1.50263330e-1
11007-12704,2.75591097e0,1.36447457e0,6.68937413e0,4.45575795e0,4.17186539e0,4.21304310e0,5.49782101e-1,3.06842547e-1
11007-1901,4.95806926e0,9.42167502e-1,1.36052385e1,3.34400303e0,1.07616542e1,3.60645026e0,9.66583414e-1,1.85575643e-1
11007-3701,2.13684746e0,4.71517805e-1,5.83548198e0,1.67222547e0,4.57431833e0,1.80082336e0,4.17553358e-1,9.30267056e-2
11007-3703,1.84743537e0,1.13132156e0,4.27863075e0,3.70544248e0,2.34057767e0,3.50830879e0,3.74984607e-1,2.53896165e-1
11007-3704,3.93320521e0,8.15259128e-1,1.07098823e1,2.86029837e0,8.36036410e0,3.03029453e0,7.68557077e-1,1.63999143e-1
11007-6101,4.82506952e0,1.40621923e0,1.28636340e1,4.89718640e0,9.64870371e0,5.12696974e0,9.50763676e-1,2.86649570e-1
11007-6102,3.69666413e0,8.62611193e-1,1.00669282e1,3.05456647e0,7.85142745e0,3.28252656e0,7.23101134e-1,1.70638397e-1
11007-6103,2.87784563e0,8.43923412e-1,7.67018262e0,2.93677657e0,5.75091472e0,3.07050816e0,5.67075865e-1,1.72271605e-1
11007-9101,7.85633994e-1,4.66989382e-1,1.85214283e0,1.52825922e0,1.07360286e0,1.44979281e0,1.57788142e-1,1.04735491e-1
11009-12701,-3.19163970e-1,-3.43748547e-1,-5.34302140e-1,-9.61380428e-1,-5.88727306e-2,-6.99425499e-1,-5.61362293e-2,-9.00279710e-2
11009-12702,1.77215935e0,1.28911812e0,3.63760092e0,3.58012523e0,1.62414167e0,2.55056378e0,3.19653446e-1,3.41247684e-1
11009-12703,9.53752775e-1,5.77604786e-1,2.25231091e0,1.91002535e0,1.30157162e0,1.84282063e0,1.92492127e-1,1.27662884e-1
11009-12704,-7.74437726e-2,1.21718846e-2,-2.40117118e-1,3.09490702e-2,-2.25252039e-1,1.48010654e-2,-1.47192358e-2,3.59451813e-3
11009-12705,-6.24719036e-1,-2.91382435e-1,-1.58730924e0,-1.00327662e0,-1.07835662e0,-1.03149975e0,-1.25164438e-1,-6.05632883e-2
11009-1901,4.43166628e0,1.16585968e0,1.19951299e1,4.12124739e0,9.24761602e0,4.41628014e0,8.69256050e-1,2.31387810e-1
11009-1902,-1.94216829e-1,-1.14773651e-2,-5.63658260e-1,-5.13994466e-2,-4.87798845e-1,-7.30006747e-2,-3.71271161e-2,-1.16127823e-3
11009-3704,-4.57721780e-1,-2.89828443e-1,-1.05720555e0,-9.51031546e-1,-5.74254576e-1,-9.03585349e-1,-9.29309951e-2,-6.48682056e-2
11009-6102,-4.91727677e-1,-3.53004681e-1,-1.07777808e0,-1.12642254e0,-5.08798688e-1,-1.02331796e0,-9.92318807e-2,-8.18881372e-2
11009-6103,2.36962637e0,1.42080049e0,5.54823333e0,4.68731346e0,3.11728473e0,4.48876798e0,4.81320305e-1,3.15777564e-1
11009-6104,-6.80912302e-1,-2.78022866e-1,-1.78023400e0,-9.75428961e-1,-1.28028195e0,-1.03257105e0,-1.35548525e-1,-5.59555544e-2
11009-9101,3.66003631e-1,3.14585862e-1,7.58583716e-1,9.97172583e-1,2.93791987e-1,9.00743667e-1,7.35581412e-2,7.33149958e-2
11010-12704,-1.76519553e-1,-1.54133805e-1,-3.29632757e-1,-4.18768673e-1,-1.03926034e-1,-2.85693087e-1,-3.07075478e-2,-4.14110799e-2
11010-1902,4.03231208e0,1.17732101e0,1.05621894e1,3.92983694e0,7.71953275e0,3.85004735e0,7.92783620e-1,2.56733021e-1
11010-3701,5.73790401e-1,2.55813629e-1,1.47816875e0,8.91307997e-1,1.03114289e0,9.33095282e-1,1.14781674e-1,5.21284351e-2
11010-3702,1.23395791e0,8.01793249e-1,2.95288563e0,2.74494594e0,1.72608239e0,2.79291774e0,2.52619570e-1,1.68367507e-1
11010-3703,1.42018062e0,4.51620525e-1,3.77416998e0,1.57666220e0,2.81215075e0,1.65693359e0,2.80310737e-1,9.16696280e-2
11010-6101,-7.15734608e-1,-3.84715960e-1,-1.76000332e0,-1.31338201e0,-1.10625978e0,-1.32865778e0,-1.45187523e-1,-8.12348981e-2
11010-6103,-2.98748124e-1,-2.03877216e-1,-6.54350542e-1,-6.36428049e-1,-3.14803026e-1,-5.56951342e-1,-5.95132250e-2,-4.85604581e-2
11010-6104,2.24719169e-1,6.22467135e-2,6.12735753e-1,2.23109980e-1,4.78138845e-1,2.44171673e-1,4.40132397e-2,1.20370296e-2
11010-9101,-3.96612597e-1,-3.18606338e-1,-8.30739686e-1,-1.01953771e0,-3.24049913e-1,-9.27081692e-1,-8.13884182e-2,-7.38009979e-2
11010-9102,8.64929060e-2,4.91301628e-2,2.08738229e-1,1.63971516e-1,1.27109164e-1,1.60978242e-1,1.73807933e-2,1.06862733e-2
11011-12701,1.29742266e-1,-1.46300414e-1,5.57423727e-1,-3.63476684e-1,6.51686226e-1,-1.91046130e-1,2.93441082e-2,-4.22054530e-2
11011-12704,4.49792530e-1,3.48486886e-1,1.03137805e0,1.19212345e0,5.28386328e-1,1.21061262e0,9.35254838e-2,7.33005920e-2
11011-1901,5.91570294e0,9.86868225e-1,1.64005961e1,3.53878263e0,1.32142598e1,3.87862196e0,1.14806535e0,1.90568244e-1
11011-1902,-3.25301211e-1,-1.91162057e-1,-8.05055133e-1,-6.62904923e-1,-5.11385265e-1,-6.88632684e-1,-6.60591976e-2,-3.92804396e-2
11011-3701,9.62199048e-1,9.11792930e-2,2.69305268e0,3.28676686e-1,2.20727268e0,3.63227895e-1,1.85846332e-1,1.74237174e-2
11011-3702,1.96778089e-1,2.43837639e-1,3.90407983e-1,8.35689344e-1,9.57603579e-2,8.51224318e-1,4.27718149e-2,5.11310728e-2
11011-3704,6.13714570e-1,6.81591037e-1,1.11551049e0,2.20173022e0,1.28285750e-1,2.02931664e0,1.30816798e-1,1.56181256e-1
11011-6102,-1.95920280e-1,-1.12304730e-1,-4.31495112e-1,-2.99566453e-1,-2.42261275e-1,-1.93932799e-1,-3.48939020e-2,-3.08037225e-2
11011-6104,-1.70816889e-1,-9.07987279e-2,-4.09446159e-1,-2.73901791e-1,-2.63676886e-1,-2.36996725e-1,-3.15539365e-2,-2.17754834e-2
11011-9101,-2.18596842e-1,-2.17613565e-1,-4.05867221e-1,-6.80755466e-1,-7.55287692e-2,-5.94955501e-1,-4.50296124e-2,-5.18314666e-2
11011-9102,-2.68980476e-1,-1.45565215e-1,-6.96992388e-1,-5.15874416e-1,-4.90527533e-1,-5.54883157e-1,-5.38530463e-2,-2.87579794e-2
11012-12701,-7.14862509e-2,4.17214478e-2,-2.72185233e-1,9.95258120e-2,-3.03108460e-1,3.70303898e-2,-1.39841568e-2,1.28193799e-2
11012-12703,-6.07480938e-1,-4.35909713e-1,-1.34955941e0,-1.43693366e0,-6.39198329e-1,-1.36431445e0,-1.26100374e-1,-9.75702606e-2
11012-12704,-4.17145745e-1,-2.57892412e-1,-9.78222074e-1,-8.56174193e-1,-5.50914831e-1,-8.29406449e-1,-8.47855578e-2,-5.67609453e-2
11012-1901,2.53531125e0,6.65491567e-1,6.74865628e0,2.26689126e0,5.06999556e0,2.29484447e0,4.97559652e-1,1.40638084e-1
11012-1902,9.40490627e-1,3.19236630e-1,2.45650891e0,1.09571606e0,1.77216859e0,1.12075973e0,1.86417896e-1,6.67062782e-2
11012-3701,7.07280789e-1,8.97057509e-2,1.95274424e0,3.17181045e-1,1.56227744e0,3.39991767e-1,1.37472721e-1,1.77967721e-2
11012-3702,3.20761070e-1,1.86540255e-1,7.89106446e-1,6.49682902e-1,4.89705059e-1,6.75444434e-1,6.58556677e-2,3.82278019e-2
11012-3703,1.62357969e-1,1.62128969e-1,3.72935232e-1,5.69075094e-1,1.88599354e-1,6.02595896e-1,3.40671101e-2,3.26120499e-2
11012-3704,2.27608712e-1,3.43872763e-3,7.48304876e-1,1.27772231e-1,7.11933109e-1,3.00774022e-1,4.70132932e-2,-1.01013983e-2
11012-6101,-7.63085343e-1,-5.62007051e-1,-1.66811431e0,-1.80752870e0,-7.72866642e-1,-1.66297569e0,-1.54932197e-1,-1.29112548e-1
11012-6102,-3.33721174e-1,-1.28902420e-1,-8.68369223e-1,-4.46755508e-1,-6.20227127e-1,-4.64031287e-1,-6.63732066e-2,-2.65003413e-2
11012-6103,3.55018076e-1,5.66249844e-1,3.52134918e-1,1.60004928e0,-4.25947262e-1,1.14988505e0,6.63554314e-2,1.49471621e-1
11012-6104,7.41628236e-1,4.96169871e-1,1.72411475e0,1.66262727e0,9.40377715e-1,1.63468245e0,1.51792206e-1,1.07733630e-1
11012-9101,1.07583862e0,4.89494955e-2,3.08825343e0,2.26696302e-1,2.62061502e0,3.26122227e-1,2.07405514e-1,4.39930905e-3
11012-9102,-3.66572697e-1,-3.46656179e-1,-7.16619129e-1,-1.10330037e0,-1.94727336e-1,-9.93902160e-1,-7.58151125e-2,-8.08558415e-2
11013-12703,-2.78815889e-1,-2.05789010e-1,-5.97220985e-1,-6.33533189e-1,-2.73275682e-1,-5.45863149e-1,-5.45725398e-2,-4.95322848e-2
11013-12704,-2.83230003e-2,6.42718702e-3,-8.68114579e-2,-1.14401356e-3,-7.20623154e-2,-1.85805094e-2,-8.19762700e-3,1.88505980e-3
11013-12705,-3.01214249e-1,-2.64010800e-1,-5.92337485e-1,-7.66622633e-1,-2.14320449e-1,-6.06237726e-1,-5.48990574e-2,-6.65444819e-2
11013-1901,2.46617777e-2,-1.20072562e-1,1.33577297e-1,-4.21035029e-1,2.02273051e-1,-4.45117153e-1,2.61458037e-3,-2.41964245e-2
11013-1902,-2.46468073e-1,-1.66455654e-1,-5.60173218e-1,-5.50050464e-1,-2.86631225e-1,-5.27664050e-1,-5.05874341e-2,-3.69286192e-2
11013-3701,-7.36090280e-1,-3.63329787e-1,-1.83847262e0,-1.24107306e0,-1.20205626e0,-1.25878362e0,-1.48246280e-1,-7.65548783e-2
11013-3702,-6.85897858e-2,-8.00294646e-2,-1.68827296e-1,-2.86280565e-1,-1.04513910e-1,-3.12527736e-1,-1.40698898e-2,-1.55293120e-2
11013-3703,-2.99983956e-2,-2.15338190e-2,-6.35834929e-2,-6.08618687e-2,-3.15633255e-2,-4.52895142e-2,-5.40799853e-3,-5.60504185e-3
11013-3704,-6.64577522e-1,-3.73007255e-1,-1.61264377e0,-1.26081147e0,-9.86021806e-1,-1.25727439e0,-1.34700569e-1,-7.99201071e-2
11013-6101,-1.10410459e-1,3.18418657e-2,-3.45682203e-1,1.05150335e-1,-3.35178369e-1,9.96424775e-2,-2.01686067e-2,7.11141494e-3
11013-6102,-6.58918628e-1,-3.56770766e-1,-1.60499347e0,-1.20035553e0,-9.94080638e-1,-1.18877119e0,-1.33057213e-1,-7.69618706e-2
11013-6103,-3.23062064e-1,-2.23351762e-1,-7.05780765e-1,-6.73006338e-1,-3.54755712e-1,-5.63953921e-1,-6.15147947e-2,-5.46695716e-2
11013-9101,6.46012295e-1,-1.41348073e-3,1.98721309e0,1.50232449e-1,1.80960860e0,3.78251523e-1,1.27844420e-1,-1.44535820e-2
11013-9102,-4.70683046e-1,-3.40866067e-1,-1.02864316e0,-1.08816390e0,-4.80202345e-1,-9.89195154e-1,-9.50859852e-2,-7.90301972e-2
11014-12701,-8.33106310e-1,-3.81261827e-1,-2.12230626e0,-1.31628893e0,-1.44795342e0,-1.35833152e0,-1.66998225e-1,-7.89165911e-2
11014-12702,1.66797914e0,8.65444032e-1,4.03860937e0,2.82129609e0,2.51571178e0,2.66939909e0,3.31264070e-1,1.94641944e-1
11014-12703,2.34601917e0,9.60032857e-1,5.93464089e0,3.15186165e0,4.07728275e0,3.03256732e0,4.60487817e-1,2.13049885e-1
11014-12704,1.17605760e0,7.45954733e-1,2.65820251e0,2.32891913e0,1.42164955e0,2.04876843e0,2.31538700e-1,1.77199539e-1
11014-12705,3.80187385e-1,5.31379685e-1,5.87941893e-1,1.70049031e0,-1.28562881e-1,1.54784122e0,8.16962486e-2,1.23006011e-1
11014-1901,5.75833691e0,1.32718547e0,1.57443829e1,4.72469250e0,1.23663370e1,5.11930533e0,1.12484515e0,2.59934138e-1
11014-1902,7.26244769e0,1.04893266e0,2.01368942e1,3.75046238e0,1.62304182e1,4.09201647e0,1.40917245e0,2.03704310e-1
11014-3701,3.21276558e0,1.53419340e0,8.05383504e0,5.22708475e0,5.31995399e0,5.28172859e0,6.45368004e-1,3.24535430e-1
11014-3702,2.43191178e0,4.46491197e-1,6.72628030e0,1.60447330e0,5.39362709e0,1.76360833e0,4.72747913e-1,8.58840642e-2
11014-3703,2.44255275e0,4.07260283e-1,6.69956168e0,1.41659564e0,5.30966414e0,1.48421966e0,4.74817659e-1,8.30453492e-2
11014-6101,1.84144094e-1,-2.24854007e-1,7.37992594e-1,-7.23591873e-1,9.00300071e-1,-6.60506782e-1,3.05299593e-2,-5.18593525e-2
11014-6102,-4.70416724e-2,1.67656595e-1,-3.22307358e-1,5.23841316e-1,-5.14687395e-1,4.49685108e-1,-4.97797615e-3,4.02898653e-2
11014-6103,4.82516723e0,2.26023692e0,1.20511926e1,7.60344383e0,7.94378337e0,7.54169812e0,9.64784507e-1,4.87132339e-1
11014-6104,1.08327218e0,4.87695094e-1,2.79074627e0,1.69766794e0,1.94865395e0,1.77542681e0,2.16517437e-1,9.95134275e-2
11014-9101,-1.28114722e-1,-2.50689419e-1,-1.36322582e-1,-8.10719681e-1,1.78946974e-1,-7.48953953e-1,-2.93221045e-2,-5.73435633e-2
11014-9102,2.36226213e0,1.25381685e0,5.62907747e0,4.05610784e0,3.36861043e0,3.77277855e0,4.71791207e-1,2.85700106e-1
11015-12701,1.87368438e0,5.70468243e-1,5.04613469e0,2.02432227e0,3.84918195e0,2.18147773e0,3.68688968e-1,1.12442165e-1
11015-12702,5.26612316e-1,8.53693465e-2,1.47968157e0,3.35289679e-1,1.20355517e0,4.06203603e-1,1.03495565e-1,1.38473478e-2
11015-12704,3.65087452e0,9.12899159e-1,9.82384466e0,3.16488130e0,7.51441126e0,3.29402115e0,7.15426355e-1,1.87396202e-1
11015-12705,2.42628765e0,1.12633477e0,5.98776595e0,3.69949286e0,3.87901076e0,3.53751983e0,4.82159950e-1,2.50967150e-1
11015-1901,5.23494157e0,1.08901095e0,1.43427285e1,3.86656729e0,1.13129498e1,4.17267520e0,1.02124482e0,2.14344410e-1
11015-1902,7.70252903e0,1.59329596e0,2.12523336e1,5.71234973e0,1.69712917e1,6.25862535e0,1.49858700e0,3.07796541e-1
11015-3701,9.86637404e-1,5.45303975e-1,2.40241753e0,1.84910977e0,1.47832719e0,1.85273594e0,2.00127283e-1,1.16277773e-1
11015-3702,1.66501733e0,3.76251169e-1,4.55476558e0,1.33475677e0,3.58429308e0,1.43993815e0,3.24823938e-1,7.41222548e-2
11015-3703,2.42271983e-1,2.19239076e-1,4.89197921e-1,7.00573568e-1,1.62189011e-1,6.37753705e-1,4.96693760e-2,5.07752578e-2
11015-3704,3.40026407e0,1.43082728e0,8.73222665e0,4.91999316e0,6.07798388e0,5.04813189e0,6.78230167e-1,2.98042005e-1
11015-6101,2.32842198e0,6.93413853e-1,6.22251563e0,2.42029028e0,4.69070626e0,2.54426356e0,4.58211206e-1,1.40741667e-1
11015-6102,5.70715489e0,2.50187478e0,1.45196449e1,8.56210125e0,9.90924526e0,8.71688598e0,1.14134953e0,5.25307914e-1
11015-6103,1.76914069e0,2.85575333e-1,4.90652453e0,1.03103619e0,3.95130423e0,1.13992431e0,3.43735428e-1,5.44795297e-2
11015-6104,4.16406124e0,9.83416193e-1,1.12380556e1,3.41981150e0,8.63763946e0,3.57468487e0,8.15705820e-1,2.00875681e-1
11015-9102,3.98221576e0,7.79157181e-1,1.10043636e1,2.82832323e0,8.78846122e0,3.14098470e0,7.77034892e-1,1.47554493e-1
11016-12701,-1.25266781e-1,2.50942492e-2,-3.71119570e-1,-3.84529720e-2,-3.24389088e-1,-1.40074210e-1,-3.90035286e-2,2.35778194e-4
11016-12705,-1.60413032e-1,-2.02390458e-1,-3.04799679e-1,-6.83675436e-1,-5.21515463e-2,-6.80121194e-1,-3.48896677e-2,-4.34411820e-2
11016-1901,1.71743883e-1,7.48538202e-2,4.43228039e-1,2.60452457e-1,3.10634800e-1,2.72153445e-1,3.43079080e-2,1.52868626e-2
11016-3701,3.51191510e0,7.02146458e-1,9.55681598e0,2.45163256e0,7.45573646e0,2.57835087e0,6.86023884e-1,1.42437236e-1
11016-3702,-4.45426253e-1,-2.51386802e-1,-1.06929792e0,-8.36078565e-1,-6.42583320e-1,-8.13582769e-1,-8.98202223e-2,-5.51306036e-2
11016-3703,3.50575847e-1,7.88767986e-2,9.81711354e-1,2.94584293e-1,8.00351686e-1,3.41454702e-1,6.81636021e-2,1.40397405e-2
11016-6101,-8.14248990e-1,-3.43518956e-1,-2.10625162e0,-1.19480638e0,-1.48363112e0,-1.24764990e0,-1.62505925e-1,-7.02040316e-2
11016-6102,-6.29149967e-1,-1.73722584e-1,-1.69925882e0,-6.14810703e-1,-1.30420396e0,-6.59935311e-1,-1.23564657e-1,-3.44074340e-2
11016-6103,8.64467897e-1,1.19100754e-1,2.41501220e0,4.31955555e-1,1.97167515e0,4.81645731e-1,1.67228731e-1,2.24871288e-2
11016-6104,9.24094840e-1,5.63822950e-1,2.21965255e0,1.93586348e0,1.30145544e0,1.96612183e0,1.90570987e-1,1.18463071e-1
11016-9101,5.70051130e-2,6.91024219e-2,9.97883041e-2,2.16488880e-1,9.30043919e-3,1.93229213e-1,1.13796346e-2,1.62325899e-2
11017-12705,-1.33415977e-1,-1.11001727e-1,-2.55817092e-1,-3.18088622e-1,-7.93985767e-2,-2.37793136e-1,-2.51793206e-2,-2.88038041e-2
11017-1901,4.32168896e-1,3.93740860e-1,9.39477072e-1,1.33975851e0,3.95822212e-1,1.34874367e0,9.11589625e-2,8.35409767e-2
11017-1902,-2.84971732e-1,8.39088404e-2,-9.40056922e-1,2.39826530e-1,-9.56835076e-1,1.64233081e-1,-5.20382770e-2,2.24656137e-2
11017-3702,1.09682633e0,2.82668872e-1,2.97731660e0,1.00285802e0,2.30694821e0,1.08071731e0,2.14955199e-1,5.57241654e-2
11017-3704,6.69422752e-1,4.21700068e-1,1.59052316e0,1.42671900e0,9.17812930e-1,1.42432060e0,1.36722478e-1,9.02419892e-2
11017-6101,-2.11248228e-1,-1.79127361e-1,-4.80113852e-1,-6.15811848e-1,-2.38114876e-1,-6.30635050e-1,-4.41017384e-2,-3.73613888e-2
11017-6103,-2.45451828e-1,-1.63129114e-1,-5.46151994e-1,-5.19625539e-1,-2.70203316e-1,-4.69543604e-1,-4.95349897e-2,-3.79762743e-2
11017-6104,2.75955034e-1,2.86422346e-1,5.15530668e-1,9.09859682e-1,9.78291558e-2,8.17417519e-1,5.73218069e-2,6.69547576e-2
11017-9101,1.35616088e0,9.11880005e-1,3.10400797e0,3.00719336e0,1.63541622e0,2.88207522e0,2.76464907e-1,2.02604419e-1
11017-9102,2.85199638e-1,4.96345230e-2,8.20477675e-1,2.55525608e-1,6.58111328e-1,3.56798904e-1,6.19318177e-2,4.41686426e-3
11018-12701,-9.31398047e-2,-3.63496252e-1,1.01129935e-1,-1.14292586e0,5.45296727e-1,-1.00349825e0,-2.42217786e-2,-8.62476743e-2
11018-12703,1.36643465e-1,4.22965588e-1,-9.12233323e-2,1.25396739e0,-6.43918974e-1,9.85965962e-1,3.01445061e-2,1.07080048e-1
11018-12705,-1.59002362e-1,-2.70617822e-1,-1.59377162e-1,-8.17355725e-1,2.15849665e-1,-6.67663341e-1,-3.34361627e-2,-6.71613464e-2
11018-1901,4.66572385e0,1.48247751e0,1.24705885e1,5.22264522e0,9.38214057e0,5.56593455e0,9.20167095e-1,2.96102046e-1
11018-3701,-5.01062310e-1,-2.65885751e-1,-1.25830858e0,-9.21553283e-1,-8.29081843e-1,-9.56710791e-1,-1.01127847e-1,-5.46773650e-2
11018-3702,1.43318436e-3,7.57963174e-2,-5.89989787e-2,2.52434762e-1,-1.34425770e-1,2.44856231e-1,1.95369369e-3,1.66413845e-2
11018-3703,7.15950735e-1,3.92345972e-1,1.75729519e0,1.33575777e0,1.10295188e0,1.34784683e0,1.44875191e-1,8.31022614e-2
11018-6104,-2.74502589e-1,3.56796518e-2,-9.29398404e-1,-1.50420579e-2,-9.20303550e-1,-2.20402425e-1,-5.54695752e-2,2.04664130e-2
11018-9101,1.20015410e0,5.30879607e-1,3.03753620e0,1.80656408e0,2.05284167e0,1.82281901e0,2.40073499e-1,1.12481532e-1
11018-9102,-1.67382716e-1,-1.84091016e-2,-4.87781192e-1,-8.69557057e-2,-4.16813271e-1,-1.24698088e-1,-3.28769477e-2,-1.59768834e-3
11019-12701,1.22940894e-1,1.04516305e-1,2.67666005e-1,3.49258973e-1,1.16741694e-1,3.41694561e-1,2.55987272e-2,2.27962825e-2
11019-12704,1.65218812e-1,3.66196336e-2,4.84064019e-1,1.94198637e-1,3.87486874e-1,2.85078898e-1,3.64934977e-2,2.02546496e-3
11019-1901,9.54078203e-1,3.45435416e-1,2.53529988e0,1.22019730e0,1.88407878e0,1.30574927e0,1.88754832e-1,6.86613760e-2
11019-1902,1.70677598e0,3.57068739e-1,4.69749520e0,1.27796955e0,3.73390068e0,1.39627671e0,3.32478412e-1,6.92170786e-2
11019-3701,-3.87799949e-1,-3.35771318e-1,-7.77423574e-1,-1.03941450e0,-2.65375402e-1,-8.97770752e-1,-7.74536281e-2,-8.06752990e-2
11019-3703,5.42016892e-1,2.87027319e-1,1.36010405e0,9.95165014e-1,8.93866696e-1,1.03315252e0,1.09506981e-1,5.90131228e-2
11019-3704,1.31545047e0,4.11185327e-1,3.43594480e0,1.37866830e0,2.49645524e0,1.36143045e0,2.58919521e-1,8.90286223e-2
11019-6101,-6.18572214e-1,-4.32779666e-1,-1.38630605e0,-1.41027785e0,-6.89849471e-1,-1.32535701e0,-1.25966048e-1,-9.77534340e-2
11019-6102,7.10884282e-1,3.85431139e-2,2.00789696e0,1.44942594e-1,1.67066356e0,1.70116561e-1,1.36812911e-1,6.73907686e-3
11019-6104,4.55555219e-1,4.11835464e-1,9.26673603e-1,1.32870505e0,3.11794335e-1,1.22698373e0,9.42052651e-2,9.43110462e-2
11019-9101,1.51194454e0,4.25983498e-1,4.08258206e0,1.50866801e0,3.13168591e0,1.62125823e0,2.97001468e-1,8.42554043e-2
11020-12702,-6.88680872e-1,-2.05804228e-1,-1.86473248e0,-7.33099333e-1,-1.43715861e0,-7.94996473e-1,-1.35191605e-1,-4.02633827e-2
11020-12704,2.87128283e-1,-5.40628254e-2,8.34162997e-1,-1.88793209e-1,7.27069348e-1,-1.98406810e-1,5.44896686e-2,-1.09710678e-2
11020-12705,6.93825342e-1,-5.94699993e-2,2.03460087e0,-1.89721595e-1,1.79762548e0,-1.68254395e-1,1.31213880e-1,-1.39552784e-2
11020-1901,8.44799130e-1,3.28622829e-1,2.22787995e0,1.15768635e0,1.63055474e0,1.23357677e0,1.67637442e-1,6.56453236e-2
11020-1902,4.67372161e0,6.35380075e-1,1.29766429e1,2.27757991e0,1.04832119e1,2.49465317e0,9.06421021e-1,1.22788596e-1
11020-3702,-2.12146164e-1,-1.81795947e-1,-4.63811849e-1,-6.12104281e-1,-2.03160727e-1,-6.05917086e-1,-4.43740975e-2,-3.92100997e-2
11020-3703,-1.16113579e-1,-2.21136172e-1,-1.52875826e-1,-7.40890145e-1,1.10048573e-1,-7.26434377e-1,-2.70312539e-2,-4.80952548e-2
11020-3704,-6.70697000e-1,-5.28446109e-1,-1.41104535e0,-1.61947724e0,-6.13081273e-1,-1.39388518e0,-1.29829200e-1,-1.27236907e-1
11020-6101,-7.26499384e-1,-4.94396633e-1,-1.65404503e0,-1.63020668e0,-8.55905244e-1,-1.56085314e0,-1.48474932e-1,-1.09917075e-1
11020-6102,-3.79655088e-1,-2.12945602e-1,-9.11801265e-1,-7.08816060e-1,-5.47893679e-1,-6.90237984e-1,-7.66350997e-2,-4.66634874e-2
11020-9101,1.13792314e-1,-5.84290578e-2,3.63788104e-1,-2.00553103e-1,3.62630738e-1,-2.04536889e-1,2.05287339e-2,-1.22296307e-2
11020-9102,-3.60801726e-1,-2.27031662e-1,-8.50998862e-1,-7.64405821e-1,-4.81776198e-1,-7.56762070e-1,-7.37869058e-2,-4.89645283e-2
11021-12702,-4.69373986e-1,-3.09587350e-1,-1.06303845e0,-9.94940972e-1,-5.55882208e-1,-9.17276227e-1,-9.42053934e-2,-7.10372027e-2
11021-12703,1.00208300e-1,1.22026608e-1,1.25231713e-1,3.89587974e-1,-7.90760916e-2,3.03958659e-1,2.74264244e-2,3.46426552e-2
11021-12704,-1.02641451e-1,-5.10951741e-2,-2.52712181e-1,-1.55542901e-1,-1.67137311e-1,-1.40992872e-1,-1.85691174e-2,-1.13431748e-2
11021-12705,8.46669033e-1,1.27909930e-1,2.35688598e0,4.69424924e-1,1.90672467e0,5.29698685e-1,1.64635144e-1,2.36791857e-2
11021-1901,-8.68477446e-2,-2.46515068e-3,-2.51961604e-1,-1.20049721e-2,-2.18715299e-1,-1.84883931e-2,-1.65294418e-2,-1.43783870e-4
11021-1902,1.20065854e0,1.78576658e-1,3.33322137e0,6.41080270e-1,2.69197855e0,7.03826881e-1,2.32883509e-1,3.44088841e-2
11021-3702,-7.13068484e-2,-5.24382375e-3,-2.05574156e-1,-2.17766781e-2,-1.76328271e-1,-2.87772225e-2,-1.36443874e-2,-7.03793209e-4
11021-3704,6.79730315e-1,3.26431835e-1,1.71369893e0,1.12221636e0,1.14295141e0,1.15013234e0,1.36663563e-1,6.80536151e-2
11021-6101,4.13693442e-1,9.82438604e-2,1.13180718e0,3.49579459e-1,8.90287783e-1,3.78600875e-1,8.07609405e-2,1.92552195e-2
11021-6102,1.46451984e-1,7.00222377e-2,3.75532741e-1,2.45928805e-1,2.58042639e-1,2.60221610e-1,2.94801379e-2,1.40864042e-2
11021-6103,-6.11319178e-1,-4.98124841e-1,-1.24900845e0,-1.53100047e0,-4.71567811e-1,-1.30686598e0,-1.21139934e-1,-1.20579668e-1
11021-9101,1.51896952e-1,9.65968547e-2,3.49148830e-1,3.18394187e-1,1.85523273e-1,3.04393955e-1,3.10283305e-2,2.14974398e-2
11021-9102,-5.38230958e-1,-5.17655538e-1,-9.99985069e-1,-1.53758723e0,-2.41446902e-1,-1.24296951e0,-1.03139196e-1,-1.29260455e-1
11022-12704,1.40093297e-1,1.55612341e-1,2.50750195e-1,4.85555900e-1,3.27995123e-2,4.25697923e-1,2.84330546e-2,3.70205316e-2
11022-12705,-1.22222075e-1,-1.55541125e-1,-2.24351894e-1,-5.20294605e-1,-2.44150475e-2,-5.09459348e-1,-2.65966980e-2,-3.38871134e-2
11022-1901,1.49500397e0,2.54585447e-1,4.14894200e0,9.13572118e-1,3.34948712e0,1.00272525e0,2.89947082e-1,4.90817230e-2
11022-1902,5.53522169e0,1.54563852e0,1.50613878e1,5.51448735e0,1.17180555e1,5.99542040e0,1.08408240e0,3.01453520e-1
11022-3701,1.44951293e0,4.92552040e-1,3.81570821e0,1.71105580e0,2.79004425e0,1.78335514e0,2.87134961e-1,1.00873633e-1
11022-3702,1.17302262e0,6.30400184e-1,2.91310097e0,2.16621928e0,1.87446148e0,2.21821899e0,2.37139559e-1,1.31533813e-1
11022-3703,3.76306484e-1,2.64758130e-1,8.42662146e-1,8.50212182e-1,4.28079179e-1,7.84844112e-1,7.53254974e-2,6.07196087e-2
11022-3704,2.94657882e0,3.12678987e-1,8.28293589e0,1.15341537e0,6.83120915e0,1.31676464e0,5.68789099e-1,5.70577964e-2
11022-6102,6.53705445e-1,1.74681730e-1,1.79265291e0,6.44637325e-1,1.40213438e0,7.29657763e-1,1.29012708e-1,3.21157039e-2
11022-6103,7.27196466e-1,7.55876998e-1,1.29863194e0,2.27756395e0,2.02591451e-1,1.87802837e0,1.42796777e-1,1.86786867e-1
11022-6104,-6.24831986e-1,-5.09090162e-1,-1.29117583e0,-1.59383039e0,-4.96207859e-1,-1.40204937e0,-1.25687999e-1,-1.20822272e-1
11022-9101,1.14127811e0,2.68964645e0,-3.91681513e-2,7.64707626e0,-3.77552963e0,5.47206582e0,2.30267402e-1,7.10891493e-1
11022-9102,7.36909886e-1,5.67374466e-2,2.09385556e0,2.24793592e-1,1.75299908e0,2.79569544e-1,1.42096751e-1,8.81464738e-3
11024-12701,-6.16280861e-1,-3.60789478e-1,-1.47441868e0,-1.20928567e0,-8.72820562e-1,-1.18995376e0,-1.25006987e-1,-7.82902751e-2
11024-12702,1.16530510e-1,-1.43165177e-1,4.05775648e-1,-4.99240852e-1,4.45911701e-1,-5.23220918e-1,1.99589413e-2,-2.91342106e-2
11024-12703,-2.72070844e-1,1.60828775e-1,-1.13486621e0,2.72759505e-2,-1.13259152e0,-6.07583537e-1,-8.48799562e-2,7.52483797e-2
11024-12704,-2.91500687e-1,4.99518439e-2,-9.97115833e-1,-4.17061012e-2,-9.49838165e-1,-3.20498726e-1,-6.63701845e-2,2.84672897e-2
11024-12705,-6.77301640e-2,-2.26619888e-1,-6.96392430e-2,-7.91929164e-1,1.13931613e-1,-8.32788225e-1,-1.69496129e-2,-4.59445116e-2
11024-3701,-5.58905256e-1,-1.43098309e-1,-1.52866797e0,-5.11776341e-1,-1.20088372e0,-5.58508326e-1,-1.09209921e-1,-2.77793573e-2
11024-3702,-1.81855008e-1,7.88523850e-2,-6.31961879e-1,2.32467846e-1,-6.80607146e-1,1.72619207e-1,-3.23337871e-2,2.04214825e-2
11024-3703,-3.84422121e-1,-1.40894004e-1,-1.00622083e0,-4.87469783e-1,-7.28633254e-1,-5.05383410e-1,-7.61735414e-2,-2.90351484e-2
11024-6101,-3.32422648e-1,-1.85632902e-1,-7.93464786e-1,-6.15239992e-1,-4.69192821e-1,-5.93144515e-1,-6.73107408e-2,-4.10256278e-2
11024-6102,1.13177402e0,1.26273489e-1,3.17758614e0,4.63288814e-1,2.61608930e0,5.25271380e-1,2.18500432e-1,2.32887823e-2
11024-6103,-5.66848672e-1,-2.38316699e-1,-1.45479005e0,-8.21454260e-1,-1.00948072e0,-8.45434086e-1,-1.13271810e-1,-4.94661174e-2
11024-6104,2.51825045e-1,5.55112462e-2,6.97522812e-1,2.36281579e-1,5.34416861e-1,2.93254173e-1,5.28845104e-2,8.21705679e-3
11024-9101,2.37619180e-2,6.14664135e-2,1.63424689e-2,2.03443927e-1,-5.40403055e-2,1.95473525e-1,5.81933116e-3,1.36142621e-2
11024-9102,-5.35984700e-1,-3.21660908e-1,-1.26732359e0,-1.06963449e0,-7.29984502e-1,-1.03925970e0,-1.08725043e-1,-7.06149229e-2
11025-12701,1.84004542e-1,4.96183505e-2,5.06230365e-1,1.83595954e-1,3.98401770e-1,2.08936874e-1,3.62383854e-2,9.05576103e-3
11025-12702,-3.87262218e-1,-1.67508783e-1,-9.85391256e-1,-5.73126494e-1,-6.72420266e-1,-5.82992968e-1,-7.74807795e-2,-3.51951866e-2
11025-12703,-2.13910755e-1,-1.34671424e-1,-4.82916027e-1,-4.05672384e-1,-2.67366183e-1,-3.41757052e-1,-4.04385715e-2,-3.28651458e-2
11025-1901,3.41002148e-1,-3.79112663e-2,9.98215238e-1,-1.26067421e-1,8.79991927e-1,-1.21472884e-1,6.45070839e-2,-8.35961812e-3
11025-3701,-7.59055672e-1,-4.43033004e-1,-1.82911918e0,-1.49739220e0,-1.09816563e0,-1.49300465e0,-1.54193575e-1,-9.49342887e-2
11025-3703,2.53604279e0,7.57352789e-1,6.81553966e0,2.66833535e0,5.18554683e0,2.84502605e0,4.98727400e-1,1.51214648e-1
11025-3704,-4.32837567e-3,3.66779116e-2,-7.66882796e-2,9.15677402e-2,-1.39070519e-1,3.89461525e-2,-3.26727927e-4,1.10645978e-2
11025-6101,-4.08979982e-1,-1.61262050e-1,-1.07277126e0,-5.71864770e-1,-7.72347548e-1,-6.11748582e-1,-8.19091459e-2,-3.20045473e-2
11025-6102,1.66035445e-1,-1.10561805e-1,5.81170096e-1,-3.50017156e-1,6.28792913e-1,-3.09846645e-1,2.96448905e-2,-2.60659168e-2
11025-6103,-5.88893299e-1,-2.02271201e-1,-1.56546551e0,-7.12390777e-1,-1.16486200e0,-7.58850641e-1,-1.16429972e-1,-4.04219562e-2
11025-6104,-5.28405630e-1,-1.53233185e-1,-1.42311480e0,-5.42681494e-1,-1.08591245e0,-5.83097133e-1,-1.03942156e-1,-3.03112772e-2
11025-9101,-4.41783502e-1,-3.72220372e-1,-8.89969043e-1,-1.08375769e0,-3.55768106e-1,-8.64916544e-1,-8.03588939e-2,-9.33301653e-2
11025-9102,-2.34849344e-1,2.91591054e-2,-7.79847314e-1,-1.54042439e-3,-7.61583384e-1,-1.50753160e-1,-4.72374619e-2,1.55624947e-2
11742-12701,1.91373589e-1,1.47020746e-1,3.94167097e-1,5.21130246e-1,1.15136986e-1,5.00065309e-1,4.76619078e-2,3.36100614e-2
11742-12702,-4.33325564e-1,-4.83056670e-1,-7.61825994e-1,-1.27978695e0,-1.89756722e-1,-9.14838440e-1,-5.95556804e-2,-1.22956510e-1
11742-1901,3.21073385e0,1.18499798e0,8.30452371e0,4.06049975e0,5.86846355e0,4.14017982e0,6.38888321e-1,2.48367939e-1
11742-3701,1.34392821e0,1.75248812e-1,3.74654088e0,6.35396435e-1,3.04589952e0,7.07242637e-1,2.60394765e-1,3.31409158e-2
11742-3702,-8.81088016e-1,-3.95602630e-1,-2.25420976e0,-1.36951423e0,-1.55151356e0,-1.41932421e0,-1.76452867e-1,-8.15099255e-2
11742-3703,2.43702762e0,6.63189045e-1,6.62031808e0,2.36055990e0,5.13546988e0,2.55686911e0,4.77590442e-1,1.29933018e-1
11742-3704,1.27053105e-1,1.28598962e-1,2.37591467e-1,4.09145741e-1,4.38660115e-2,3.67946411e-1,2.65649652e-2,3.00224205e-2
11742-6101,1.60717830e0,1.17347499e-1,4.50017248e0,4.23065557e-1,3.69106524e0,4.67597547e-1,3.10368808e-1,2.24193141e-2
11742-6104,-4.46911770e-1,-3.13490224e-1,-1.03285232e0,-1.05769627e0,-5.49480469e-1,-1.05026919e0,-9.20730472e-2,-6.74166353e-2
11742-9101,2.07864177e-2,-1.38899604e-1,1.80355768e-1,-4.60969727e-1,3.15255519e-1,-4.44004196e-1,7.08971542e-4,-3.06729615e-2
11742-9102,-3.54576091e-1,-1.14883768e-1,-9.58436243e-1,-4.16448865e-1,-7.31236177e-1,-4.61233567e-1,-7.01885537e-2,-2.18162631e-2
11743-12702,-2.96356951e-1,-3.84739820e-1,-5.13269782e-1,-9.39289223e-1,-1.23564023e-1,-6.29718585e-1,-2.19199404e-2,-8.98320074e-2
11743-12704,-5.00403874e-1,-4.30059024e-1,-1.02570593e0,-1.37092812e0,-3.67017526e-1,-1.24117726e0,-1.02399898e-1,-9.99802170e-2
11743-12705,-6.47482697e-1,-3.87629815e-1,-1.53396451e0,-1.29187234e0,-8.86883824e-1,-1.25934652e0,-1.31439024e-1,-8.48375529e-2
11743-1901,-3.93084767e-2,2.12945033e-2,-1.28808724e-1,7.18460786e-2,-1.32022512e-1,7.10762533e-2,-7.01523460e-3,4.58829975e-3
11743-1902,1.40426802e0,1.75411540e-1,3.91466920e0,6.31299209e-1,3.18536169e0,6.95832143e-1,2.71809046e-1,3.36303788e-2
11743-3701,2.47952285e-1,3.30413963e-1,3.97753774e-1,1.05989857e0,-5.60476318e-2,9.67582925e-1,5.33150053e-2,7.62972648e-2
11743-3703,4.31460353e-1,1.67967574e-1,1.04841741e0,5.09951622e-1,6.70708738e-1,4.22114249e-1,8.43711523e-2,4.13910522e-2
11743-6101,9.15099629e-1,5.24829337e-1,2.20408781e0,1.76922183e0,1.32274491e0,1.75625637e0,1.85810991e-1,1.12930816e-1
11743-6102,2.94489846e-1,2.82354714e-1,5.74010011e-1,8.73828970e-1,1.72470324e-1,7.62909684e-1,5.79136163e-2,6.73682928e-2
11743-6103,1.63712435e-2,-1.63361540e-1,2.20124713e-1,-5.09419767e-1,4.04421176e-1,-4.38721538e-1,-3.06558155e-6,-3.92294720e-2
11743-6104,2.51170557e-1,2.48471380e-1,4.97534678e-1,8.14804722e-1,1.35592907e-1,7.71222014e-1,5.31132940e-2,5.57442657e-2
11743-9101,2.91088317e-1,3.01181042e-1,5.17841973e-1,9.26666537e-1,6.60829385e-2,7.78046566e-1,6.01067121e-2,7.40323674e-2
11743-9102,-8.82211459e-1,-3.84280165e-1,-2.26649321e0,-1.33193704e0,-1.57389172e0,-1.38302029e0,-1.76444996e-1,-7.90136337e-2
11744-12702,1.19922502e0,5.79701404e-1,2.93582320e0,1.83135771e0,1.91632258e0,1.67886773e0,2.30660427e-1,1.33609476e-1
11744-12703,9.18439892e-1,-1.04286929e-2,2.65510459e0,-1.00738467e-3,2.28588207e0,5.64109840e-2,1.75744220e-1,-5.69481815e-3
11744-12704,-1.31077335e-1,-1.18758994e-1,-2.62414732e-1,-2.95257600e-1,-1.31014588e-1,-1.94353960e-1,-1.63208237e-2,-3.09509068e-2
11744-1901,-7.98052539e-1,-2.45075777e-1,-2.14412595e0,-8.66788155e-1,-1.62889709e0,-9.29503759e-1,-1.57103176e-1,-4.85958715e-2
11744-1902,3.12324392e-1,1.03418222e-1,8.41374226e-1,3.68059923e-1,6.42061449e-1,3.98579170e-1,6.14535999e-2,2.02671242e-2
11744-3703,-8.58106189e-1,-3.98571259e-1,-2.18306437e0,-1.37677723e0,-1.48455887e0,-1.42189661e0,-1.72130337e-1,-8.24274773e-2
11744-6103,6.55249746e-1,3.84066320e-1,1.57040441e0,1.29002275e0,9.32828721e-1,1.27344020e0,1.32976494e-1,8.30891442e-2
11744-6104,5.46421564e-2,-9.02251749e-2,2.24775357e-1,-3.03645948e-1,2.83311640e-1,-3.00075875e-1,8.55845835e-3,-1.94829146e-2
11744-9101,-1.11850293e-1,-2.86470539e-2,-3.02615144e-1,-9.79961225e-2,-2.35491439e-1,-1.00877781e-1,-2.16794124e-2,-5.97264841e-3
11745-12701,-3.89502889e-1,-1.04941631e-1,-1.06907309e0,-3.76340562e-1,-8.45350698e-1,-4.12496018e-1,-7.59830962e-2,-2.02624716e-2
11745-12702,-5.95734697e-1,-3.39397720e-1,-1.44729981e0,-1.15073864e0,-8.86683054e-1,-1.15353500e0,-1.20785286e-1,-7.23568057e-2
11745-12703,-2.61196076e-1,-2.57717011e-1,-4.99990537e-1,-6.76993009e-1,-2.01407979e-1,-4.82837677e-1,-3.60347386e-2,-6.61070447e-2
11745-1901,4.03613389e-1,1.02852094e-1,1.10813232e0,3.68701191e-1,8.76734070e-1,4.03868623e-1,7.87235342e-2,1.98745964e-2
11745-1902,1.61158664e-2,3.22592991e-2,2.97811509e-2,1.15963990e-1,6.79005250e-4,1.26682685e-1,3.79913446e-3,6.23206687e-3
11745-3701,5.89951886e-1,1.82339027e-1,1.53353900e0,6.02022364e-1,1.10769049e0,5.80213066e-1,1.15855776e-1,4.03657557e-2
11745-3703,3.50064512e-1,3.36259500e-1,6.81752782e-1,1.06256259e0,1.87516965e-1,9.50627664e-1,7.13890355e-2,7.88647694e-2
11745-3704,2.37058634e-1,2.99725572e-1,3.75330034e-1,9.29651392e-1,-4.74511821e-2,8.01527552e-1,4.91280818e-2,7.20492896e-2
11745-6101,2.16136712e-1,1.54568226e-1,4.90043651e-1,5.09311130e-1,2.52003001e-1,4.88243696e-1,4.40061533e-2,3.43516058e-2
11745-6103,3.19228403e-1,4.27547535e-1,4.41635785e-1,1.23283055e0,-1.43870843e-1,9.38728367e-1,5.95229342e-2,1.09916677e-1
11745-6104,-3.76825618e-1,-2.38249380e-1,-8.70553673e-1,-7.85961597e-1,-4.69894098e-1,-7.52208641e-1,-7.68777608e-2,-5.29714046e-2
11745-9101,2.65933640e-2,6.70499368e-2,1.23446227e-2,2.13084615e-1,-6.90949535e-2,1.91477869e-1,6.17426426e-3,1.56654593e-2
11745-9102,-1.81195875e-1,-1.39103965e-1,-4.47020383e-1,-4.90186247e-1,-2.80188767e-1,-5.22547074e-1,-3.69784124e-2,-2.77727411e-2
11746-12701,-6.53496137e-2,-3.21726160e-1,1.93903285e-1,-8.61121038e-1,5.51824212e-1,-5.62669607e-1,-6.22045277e-3,-8.76119250e-2
11746-12702,-5.87547514e-2,6.27351633e-2,-2.55398817e-1,8.61213753e-2,-2.66983133e-1,-4.41479771e-2,-2.15864865e-2,2.08144645e-2
11746-12704,-7.97901672e-1,-4.94670714e-1,-1.86710290e0,-1.63689497e0,-1.04810359e0,-1.57775179e0,-1.61946718e-1,-1.09370313e-1
11746-12705,-5.09373613e-2,-5.53541069e-2,-7.43050262e-2,-1.41129109e-1,6.80402330e-3,-7.84493887e-2,-8.47746198e-3,-1.58258186e-2
11746-3702,-1.14253248e-2,1.50049340e-2,-3.93246212e-2,5.41810585e-2,-4.36778061e-2,5.96557025e-2,-1.87599653e-3,2.87053872e-3
11746-3703,5.47974144e-1,4.30378372e-1,1.18660818e0,1.40072832e0,5.23592994e-1,1.31372095e0,1.12340281e-1,9.73701534e-2
11746-3704,7.95629634e-1,3.69151885e-1,2.03206680e0,1.27879822e0,1.39347761e0,1.32700516e0,1.59416017e-1,7.59628945e-2
11746-6101,-3.36566386e-1,-1.47702741e-1,-8.67582186e-1,-5.17975028e-1,-6.03440158e-1,-5.46674202e-1,-6.75843407e-2,-2.97980218e-2
11746-6102,-1.47475135e-1,-2.52750950e-2,-3.83046951e-1,-5.65884166e-2,-2.90543861e-1,-1.45541475e-2,-2.74196669e-2,-8.07695068e-3
11746-6103,7.26091147e-1,2.14494362e-1,1.96377359e0,7.62284970e-1,1.51060977e0,8.23661852e-1,1.42569052e-1,4.21487852e-2
11746-6104,1.06372915e-3,1.19557060e-1,-7.71836655e-2,4.12700852e-1,-1.77262353e-1,4.24998022e-1,2.76731982e-3,2.47799050e-2
11746-9101,-7.05514354e-2,1.14343038e-1,-3.44972200e-1,3.39621296e-1,-4.69650448e-1,2.61510089e-1,-1.11646531e-2,2.91887198e-2
11746-9102,-3.59800619e-1,-2.26291142e-1,-8.32933088e-1,-7.36605130e-1,-4.60404923e-1,-6.93895323e-1,-7.23182066e-2,-5.10484663e-2
11747-12701,-5.88510122e-1,-4.61283295e-1,-1.23627166e0,-1.44129269e0,-5.12546530e-1,-1.26607386e0,-1.17603417e-1,-1.09606865e-1
11747-12702,-5.43751596e-1,-4.30473452e-1,-1.13650422e0,-1.34283699e0,-4.62557075e-1,-1.17631146e0,-1.08611195e-1,-1.02472351e-1
11747-12705,-6.09700946e-1,-2.76625072e-1,-1.55139127e0,-9.53344224e-1,-1.05603989e0,-9.80898242e-1,-1.22237445e-1,-5.74335800e-2
11747-1901,-2.87198504e-1,-3.27407509e-2,-8.09756936e-1,-1.21060474e-1,-6.71528926e-1,-1.38875477e-1,-5.53344419e-2,-5.93748163e-3
11747-3701,1.39580360e-1,8.85351235e-2,3.43949861e-1,3.08027785e-1,2.15938316e-1,3.21720180e-1,2.84064338e-2,1.80871571e-2
11747-3702,7.46051512e-1,3.39639083e-2,2.10218487e0,1.24953895e-1,1.74315772e0,1.42363172e-1,1.43637567e-1,6.22392688e-3
11747-6103,-5.63943387e-1,-1.69117166e-1,-1.51914208e0,-5.99670864e-1,-1.15959004e0,-6.45613301e-1,-1.10928059e-1,-3.33752011e-2
11747-6104,3.70347190e0,1.33445296e-1,1.04559371e1,5.01084225e-1,8.69782320e0,5.87492484e-1,7.12494139e-1,2.33913706e-2
11747-9101,-5.82058583e-1,-4.43921522e-1,-1.27091385e0,-1.44533875e0,-5.77741402e-1,-1.35594888e0,-1.19212988e-1,-1.00403722e-1
11747-9102,5.75275188e-2,-2.47304823e-2,2.14529590e-1,-4.33152304e-2,2.29551307e-1,1.44746696e-2,1.20342241e-2,-8.91645068e-3
11748-12705,8.47506806e-1,1.86506031e-1,2.32449946e0,6.66310179e-1,1.83573676e0,7.25837910e-1,1.65377101e-1,3.62843713e-2
11748-1901,1.45984054e0,5.65929826e-1,3.75580803e0,1.94000243e0,2.62235959e0,1.97820417e0,2.91250807e-1,1.18580534e-1
11748-1902,5.15216098e0,1.27866783e0,1.38702161e1,4.46445706e0,1.05977584e1,4.69153858e0,1.01160896e0,2.59528547e-1
11748-3702,3.37219636e0,7.42930522e-1,9.09909187e0,2.57557937e0,6.98978898e0,2.67733519e0,6.60794432e-1,1.52630798e-1
11748-3703,3.70489935e0,7.34011066e-1,1.00632723e1,2.53317130e0,7.83967495e0,2.62037920e0,7.22643479e-1,1.51736573e-1
11748-3704,-2.34881279e-1,-7.35105706e-2,-6.37786937e-1,-2.63636791e-1,-4.93604974e-1,-2.88807508e-1,-4.61051785e-2,-1.41981083e-2
11748-6101,-1.06477502e-1,1.68803096e-1,-5.42084560e-1,4.54943013e-1,-7.28642568e-1,2.75720664e-1,-1.94158261e-2,4.72096751e-2
11748-6102,1.35238439e0,1.18694699e-1,3.78447081e0,4.28149132e-1,3.10065212e0,4.73602779e-1,2.61251502e-1,2.26526912e-2
11748-6103,-1.25696922e-1,9.76874039e-2,-4.80962191e-1,2.98382068e-1,-5.64769480e-1,2.43035971e-1,-2.14061383e-2,2.41921679e-2
11748-9101,5.12056179e0,1.56202613e0,1.36712651e1,5.47384362e0,1.02731342e1,5.78618848e0,1.00941181e0,3.14959648e-1
11748-9102,-6.55286062e-1,-5.29672434e-1,-1.35815551e0,-1.64802094e0,-5.36539452e-1,-1.43873223e0,-1.30599009e-1,-1.26374987e-1
11749-12703,2.59122958e0,3.63004435e-1,7.08054312e0,1.20967265e0,5.59752137e0,1.19098307e0,5.01801046e-1,7.89661428e-2
11749-12704,5.83609118e-1,2.73452969e-1,1.41441332e0,8.90772438e-1,8.74653502e-1,8.34634708e-1,1.17050640e-1,6.18829521e-2
11749-12705,1.94587450e-1,-6.61785779e-3,5.76800792e-1,-1.09157438e-2,5.15723966e-1,9.11113406e-3,3.68155947e-2,-2.60584315e-3
11749-1901,7.79742209e-1,1.84695012e-1,2.11417402e0,6.51034566e-1,1.63566694e0,6.94451020e-1,1.52795268e-1,3.68516861e-2
11749-3701,4.80301527e-1,2.59156301e-1,1.21957653e0,9.24520129e-1,8.08898715e-1,9.95571204e-1,9.83204988e-2,5.09387683e-2
11749-3703,-2.34303064e-1,-1.46699453e-1,-5.52747658e-1,-4.79316075e-1,-3.24445846e-1,-4.58199389e-1,-4.64415311e-2,-3.27447716e-2
11749-3704,2.01512866e-1,1.72947677e-1,4.26654445e-1,5.71713575e-1,1.66065641e-1,5.48313529e-1,4.21830347e-2,3.83671560e-2
11749-6104,-6.64348332e-1,-2.70031457e-1,-1.72505635e0,-9.39314414e-1,-1.22524003e0,-9.81104403e-1,-1.32375405e-1,-5.51721533e-2
11749-9102,-4.89499100e-1,-1.58567286e-1,-1.31454832e0,-5.61856533e-1,-9.97996838e-1,-6.05424000e-1,-9.62952026e-2,-3.12797844e-2
11750-12703,-8.31147691e-2,-2.90656703e-1,1.19044501e-1,-8.22769435e-1,5.02952777e-1,-5.83553056e-1,-1.68595188e-2,-7.70956558e-2
11750-3701,4.20569852e-1,2.16983599e-1,1.07178093e0,7.58840039e-1,7.28841550e-1,7.99170769e-1,8.45747802e-2,4.39239202e-2
11750-3702,-7.23828711e-1,-3.95751689e-1,-1.76634611e0,-1.33964586e0,-1.09493782e0,-1.33906634e0,-1.46515919e-1,-8.45991700e-2
11750-3703,-7.82072419e-1,-2.99869611e-1,-2.05424427e0,-1.05198087e0,-1.49193381e0,-1.11343493e0,-1.55375168e-1,-6.03628388e-2
11750-6101,-2.14012403e-1,-1.75477446e-1,-4.34306299e-1,-5.44725834e-1,-1.54077578e-1,-4.70429306e-1,-4.31538693e-2,-4.21430534e-2
11750-6104,1.85048739e-1,1.66194312e-1,3.74928071e-1,5.19293703e-1,1.35641223e-1,4.59122986e-1,3.66840074e-2,3.93442638e-2
11750-9101,4.25757722e-1,5.80385502e-1,5.97685736e-1,1.62683987e0,-1.38693496e-1,1.20855835e0,7.11018490e-2,1.50063361e-1
11750-9102,3.68463277e-1,8.05112221e-1,4.96019709e-2,2.19785832e0,-1.03376900e0,1.44620199e0,6.55005618e-2,2.19505970e-1
11751-12705,1.32420685e-2,1.18585911e-1,-1.03748851e-1,2.57871357e-1,-1.98437560e-1,1.01790151e-1,-7.33458586e-3,3.46882063e-2
11751-1901,-3.81632631e-1,-1.25308477e-1,-1.00652358e0,-4.33679149e-1,-7.39830604e-1,-4.49588714e-1,-7.54406880e-2,-2.58191832e-2
11751-1902,2.25295175e0,7.55673984e-1,5.96978284e0,2.64778915e0,4.41644112e0,2.79735052e0,4.45758957e-1,1.52438248e-1
11751-3701,-5.93326580e-1,-2.88377702e-1,-1.49006914e0,-9.88545311e-1,-9.85824986e-1,-1.00841849e0,-1.19368993e-1,-6.04096549e-2
11751-3702,-3.58782961e-1,-9.51452901e-2,-9.69069512e-1,-3.34969555e-1,-7.44649786e-1,-3.56794301e-1,-7.03861995e-2,-1.90205565e-2
11751-6101,1.83326148e-1,-1.11820545e-1,6.70572094e-1,-3.34783386e-1,7.55942380e-1,-2.60170805e-1,3.20629965e-2,-2.83754805e-2
11751-6102,-4.34943667e-1,-2.91664556e-1,-1.02175611e0,-9.86519952e-1,-5.71399714e-1,-9.84893536e-1,-8.90740918e-2,-6.24226388e-2
11751-6103,-7.84953996e-2,3.55971467e-2,-2.76973874e-1,9.39842946e-2,-2.94977720e-1,5.30225867e-2,-1.47818099e-2,1.01415922e-2
11751-6104,-1.56025666e-1,2.66615910e-1,-7.99247765e-1,7.73761490e-1,-1.10855887e0,5.63476274e-1,-2.47199488e-2,6.98069690e-2
11751-9101,-8.59057812e-1,-4.21460110e-1,-2.16587600e0,-1.45254760e0,-1.44339929e0,-1.49453111e0,-1.72840507e-1,-8.75023301e-2
11751-9102,-6.13932459e-1,-3.68999356e-1,-1.45251807e0,-1.22582956e0,-8.39405268e-1,-1.18964976e0,-1.24363796e-1,-8.11024909e-2
11752-12701,-3.23119401e-1,-2.18289257e-1,-7.17618760e-1,-6.82033311e-1,-3.63925476e-1,-6.02068430e-1,-6.36881119e-2,-5.17196711e-2
11752-12702,-5.97809282e-1,-3.07669695e-1,-1.47815348e0,-1.04463383e0,-9.45966779e-1,-1.04949805e0,-1.20554482e-1,-6.54502102e-2
11752-12703,-8.24343980e-1,-4.44306702e-1,-2.02438182e0,-1.50988538e0,-1.27307628e0,-1.51897934e0,-1.66696247e-1,-9.43869597e-2
11752-12704,-1.21727122e-1,-4.17072701e-2,-3.28772583e-1,-1.40674680e-1,-2.47460488e-1,-1.56230050e-1,-2.21308649e-2,-7.07533384e-3
11752-3701,-3.66478011e-1,-1.40216280e-1,-9.62652746e-1,-4.91773993e-1,-6.99239366e-1,-5.20291895e-1,-7.28040730e-2,-2.82379685e-2
11752-3703,6.02607786e-1,9.81849397e-1,6.20674162e-1,2.94132240e0,-7.80645756e-1,2.35647223e0,1.26418831e-1,2.46203912e-1
11752-3704,-2.77592449e-1,-6.64909615e-2,-7.62036745e-1,-2.39670232e-1,-6.01710621e-1,-2.64241442e-1,-5.42540276e-2,-1.27283929e-2
11752-6102,3.48740963e-1,1.14325632e-1,9.46804723e-1,4.10391032e-1,7.32497818e-1,4.50259794e-1,6.84626407e-2,2.20400380e-2
11752-6103,1.19271998e-1,-2.70859261e-2,3.68303094e-1,-8.68697982e-2,3.49554729e-1,-7.80271467e-2,2.20582234e-2,-6.30401044e-3
11752-9101,1.16028222e-1,-7.74392993e-2,4.02022807e-1,-2.52039875e-1,4.34310487e-1,-2.34112947e-1,2.04204883e-2,-1.76094318e-2
11752-9102,-2.90997140e-1,-1.95411600e-1,-6.80531534e-1,-6.55234553e-1,-3.78939259e-1,-6.45845957e-1,-5.93149921e-2,-4.23512835e-2
11753-12701,5.46911561e-2,-2.42978788e-4,1.86038223e-1,4.66840359e-2,1.71901635e-1,1.09595865e-1,1.30331470e-2,-4.04565661e-3
11753-12702,-4.39567511e-1,-2.67381107e-1,-1.05072930e0,-9.21767594e-1,-6.03201054e-1,-9.36960687e-1,-9.15323753e-2,-5.60657528e-2
11753-12705,-1.69682449e-1,-1.27875639e-1,-3.54825156e-1,-3.74904680e-1,-1.60175222e-1,-2.98294548e-1,-3.17236868e-2,-3.22359058e-2
11753-1901,7.59386452e-1,2.81032580e-1,2.00787422e0,9.88961973e-1,1.47792679e0,1.05204143e0,1.50477721e-1,5.62483371e-2
11753-3703,5.14626757e-1,2.11412051e-1,1.34047811e0,7.38205453e-1,9.57782027e-1,7.75764468e-1,1.02476085e-1,4.29062000e-2
11753-6101,-2.98089654e-1,-6.85536539e-2,-8.28549214e-1,-2.49953193e-1,-6.69311392e-1,-2.80764742e-1,-5.79011532e-2,-1.28093137e-2
11753-6103,-3.48429216e-1,-1.96620868e-1,-8.21297342e-1,-6.45356282e-1,-4.71071625e-1,-6.12433429e-1,-7.05607520e-2,-4.40315521e-2
11753-6104,-6.70407418e-1,-3.06396783e-1,-1.70560209e0,-1.05617944e0,-1.16077806e0,-1.08725057e0,-1.34396815e-1,-6.35854114e-2
11753-9102,1.48331629e-1,-6.95424434e-2,4.71537421e-1,-2.36507484e-1,4.65944245e-1,-2.37475714e-1,2.69147668e-2,-1.47815793e-2
11754-12701,2.56864881e-1,3.30203042e-1,3.90644720e-1,1.01403979e0,-8.15935488e-2,8.57366893e-1,5.31119074e-2,8.03362261e-2
11754-12702,-3.26601072e-1,-1.76846864e-1,-7.85365013e-1,-5.83276895e-1,-4.76135754e-1,-5.59855864e-1,-6.56135905e-2,-3.92570636e-2
11754-12704,-3.14826042e-1,-1.82885249e-1,-7.45058680e-1,-6.00801689e-1,-4.34423041e-1,-5.73370409e-1,-6.33581344e-2,-4.08023249e-2
11754-1901,6.39561016e-2,1.26084259e-1,7.40461873e-2,4.16991145e-1,-8.08400428e-2,4.00019951e-1,1.49579886e-2,2.79584470e-2
11754-1902,-8.15780274e-1,-5.69942697e-1,-1.83248132e0,-1.85898820e0,-9.18708059e-1,-1.75018644e0,-1.66038814e-1,-1.28554682e-1
11754-3701,-3.43956472e-1,-2.22344676e-1,-7.79407391e-1,-7.02831999e-1,-4.15730007e-1,-6.32821286e-1,-6.80477711e-2,-5.19533941e-2
11754-3702,1.03482093e0,3.65639480e-1,2.76723630e0,1.29645293e0,2.08197653e0,1.39578169e0,2.04217562e-1,7.21618154e-2
11754-3704,2.66130615e-1,1.38050289e-1,6.78424004e-1,4.88390792e-1,4.57567522e-1,5.21139912e-1,5.39947440e-2,2.74752694e-2
11754-6102,-1.71284762e-1,-8.18230455e-2,-4.26347200e-1,-2.79449372e-1,-2.75598907e-1,-2.82721261e-1,-3.46422374e-2,-1.72698675e-2
11754-6104,3.81374041e-1,1.63243209e-1,9.88044525e-1,5.68534578e-1,6.98432622e-1,5.95127127e-1,7.60506826e-2,3.32774443e-2
11754-9101,4.78092016e-1,1.10790176e-1,1.27448155e0,3.68160084e-1,9.65010391e-1,3.59641675e-1,9.32285707e-2,2.42540653e-2
11754-9102,-1.60258403e-1,-9.50687463e-2,-3.74283477e-1,-3.13841497e-1,-2.08037818e-1,-3.00439111e-1,-3.26606553e-2,-2.11269314e-2
11755-12701,-2.10420740e-2,1.15271813e-1,-2.02937740e-1,2.76462489e-1,-3.02434905e-1,1.40754796e-1,-9.73639216e-3,3.29768771e-2
11755-12703,-9.16614553e-2,-1.07240387e-1,-1.37786699e-1,-3.16880028e-1,2.86121731e-2,-2.47323307e-1,-1.85355151e-2,-2.72539972e-2
11755-12704,-5.10086702e-1,-4.31490982e-1,-1.02838433e0,-1.33215986e0,-3.61686738e-1,-1.14540115e0,-1.01668685e-1,-1.03963108e-1
11755-1902,-7.22533370e-1,-2.07870229e-1,-1.95865506e0,-7.39996130e-1,-1.51308804e0,-8.01695516e-1,-1.41745768e-1,-4.07160042e-2
11755-3701,2.90615944e-3,4.73339344e-2,-8.64324160e-3,1.69045587e-1,-3.16935509e-2,1.84036313e-1,1.16304695e-3,9.21524387e-3
11755-3702,1.71805227e0,8.09397168e-1,4.19909980e0,2.64594266e0,2.65678064e0,2.50006916e0,3.43040456e-1,1.82038158e-1
11755-3703,-1.94832214e-1,-1.58073272e-1,-3.89113516e-1,-4.50717106e-1,-1.53649186e-1,-3.40833818e-1,-3.54884804e-2,-4.07921173e-2
11755-6103,1.58957828e-1,1.03027807e-1,3.78630102e-1,3.47273823e-1,2.22043402e-1,3.45903198e-1,3.21985891e-2,2.21229803e-2
11755-6104,2.84026641e-1,3.26499381e-1,4.87310713e-1,9.99021430e-1,3.26837618e-2,8.50888792e-1,5.63093996e-2,7.90885417e-2
11755-9101,9.41784104e-3,1.49678372e-2,1.72364894e-2,4.69756325e-2,4.04270918e-3,4.55045363e-2,1.45197049e-3,3.26222050e-3
11755-9102,4.83800816e-1,4.17425073e-1,9.82989879e-1,1.30429118e0,3.53979176e-1,1.14678930e0,9.68834805e-2,9.91306610e-2
11757-12702,-8.74699319e-2,-1.12144165e-1,-1.36234976e-1,-3.53705811e-1,2.70776462e-2,-3.12202256e-1,-1.87789796e-2,-2.65132765e-2
11757-12705,-5.30248716e-1,-3.84337826e-1,-1.18899273e0,-1.26869867e0,-5.84754650e-1,-1.21679749e0,-1.08860158e-1,-8.53195346e-2
11757-1901,4.91559369e0,1.62528267e0,1.30878467e1,5.71286811e0,9.77454089e0,6.06670372e0,9.70767712e-1,3.25966831e-1
11757-1902,3.50454919e0,8.55718872e-1,9.51394886e0,3.01980286e0,7.38026550e0,3.22867646e0,6.86118832e-1,1.70321771e-1
11757-3701,2.60096123e-1,5.30089190e-1,1.36087299e-1,1.52941644e0,-5.66994680e-1,1.14945369e0,5.04131110e-2,1.37197661e-1
11757-3702,-3.32620518e-2,2.73353404e-3,-9.44784849e-2,1.50308399e-2,-8.32787356e-2,2.30991002e-2,-5.96042955e-3,6.26146522e-5
11757-3704,5.79558876e-1,2.24150223e-1,1.44717731e0,7.25291352e-1,9.63368355e-1,6.72539667e-1,1.14927933e-1,5.11658712e-2
11757-6101,4.62934770e-1,3.15779355e-1,1.03760688e0,9.86469221e-1,5.47076330e-1,8.74553433e-1,9.03664689e-2,7.46760383e-2
11757-6102,2.38927530e0,1.87486098e-1,6.72368018e0,6.87672441e-1,5.56139211e0,7.79905659e-1,4.60432129e-1,3.45810539e-2
11757-6103,-3.81268606e-1,-3.39984673e-1,-7.46022648e-1,-1.04094185e0,-2.27950875e-1,-8.82351596e-1,-7.56811349e-2,-8.26380534e-2
11757-6104,9.37386283e-1,1.47427321e-1,2.65098787e0,5.70977311e-1,2.19282620e0,6.90507931e-1,1.82035905e-1,2.42622948e-2
11757-9101,-1.20656895e-1,2.88834694e-1,-7.99122937e-1,6.70102871e-1,-1.13219771e0,2.26301171e-1,-2.88795819e-2,8.97378869e-2
11757-9102,1.09153224e0,-5.50216135e-2,3.13939232e0,-1.77598268e-1,2.69166416e0,-1.61570401e-1,2.08265799e-1,-1.26891314e-2
11758-12703,-5.72422682e-2,5.70453280e-2,-2.54899464e-1,8.84677279e-2,-2.79602284e-1,-4.08106686e-2,-1.68060177e-2,1.95630169e-2
11758-12704,3.12424090e-1,3.71885006e-1,5.16835361e-1,9.73923984e-1,9.46375280e-2,6.69993263e-1,4.20174493e-2,9.76200768e-2
11758-3701,1.70187512e0,8.12672997e-1,4.31505238e0,2.80862395e0,2.91054950e0,2.90249840e0,3.41958028e-1,1.67940796e-1
11758-3702,2.15465796e-1,1.42418746e-1,5.15685224e-1,4.88197491e-1,3.01528004e-1,4.97845350e-1,4.41103425e-2,2.98401598e-2
11758-3703,1.30097714e-1,-1.30143569e-1,5.01497168e-1,-4.14771791e-1,5.93161150e-1,-3.71286318e-1,2.20350142e-2,-3.04316781e-2
11758-3704,-7.91510247e-1,-3.08655378e-1,-2.07913351e0,-1.08319297e0,-1.51040245e0,-1.14728746e0,-1.57222610e-1,-6.20855075e-2
11758-6101,1.58423031e0,3.14593859e-1,4.33943651e0,1.11501903e0,3.42155886e0,1.20000146e0,3.09059414e-1,6.21238386e-2
11758-6102,-3.77304098e-1,-1.90752994e-1,-9.34157969e-1,-6.47121914e-1,-5.99871052e-1,-6.49299472e-1,-7.60370903e-2,-4.06304964e-2
11758-6103,-4.32860181e-1,-4.02057214e-1,-8.44857781e-1,-1.27283631e0,-2.29087623e-1,-1.13587618e0,-8.92989110e-2,-9.44046349e-2
11758-6104,-5.39450175e-1,-1.55888132e-1,-1.47345090e0,-5.58378930e-1,-1.15439375e0,-6.10859920e-1,-1.05489048e-1,-3.01705727e-2
11758-9101,-2.38741119e-1,-3.77676456e-1,-2.46559818e-1,-9.31662452e-1,1.81193576e-1,-5.30356727e-1,-2.67183020e-2,-1.05349408e-1
11758-9102,-4.45898071e-1,-1.09754496e-1,-1.22098717e0,-3.92697050e-1,-9.61184122e-1,-4.28820151e-1,-8.70874447e-2,-2.12892071e-2
11759-12701,1.26852222e-1,4.29644141e-2,3.44643699e-1,1.57626985e-1,2.64636293e-1,1.77402523e-1,2.51460063e-2,7.97320762e-3
11759-12703,-2.19845993e-1,-1.44446239e-1,-5.02632617e-1,-4.77425275e-1,-2.61905099e-1,-4.58099012e-1,-4.50709082e-2,-3.20380687e-2
11759-12704,-4.25453377e-1,-4.28417322e-1,-7.48725716e-1,-1.18586024e0,-1.58016686e-1,-8.51789393e-1,-7.33401534e-2,-1.12672051e-1
11759-1901,1.74666353e0,4.20766824e-1,4.78006138e0,1.50839175e0,3.75592574e0,1.65064118e0,3.41525895e-1,8.13605785e-2
11759-1902,1.89109906e-1,1.00146478e-1,4.79450353e-1,3.49757585e-1,3.22264003e-1,3.67536160e-1,3.80996323e-2,2.03222244e-2
11759-3701,3.50922388e-1,2.09470752e-1,8.36506634e-1,6.96569796e-1,4.94694179e-1,6.78799297e-1,7.07323998e-2,4.58987371e-2
11759-3702,-5.69962882e-1,-4.92342275e-1,-1.14226627e0,-1.52668905e0,-3.86575987e-1,-1.32156941e0,-1.14179228e-1,-1.18106339e-1
11759-3703,-8.37875115e-1,-4.18991434e-1,-2.08945308e0,-1.42977521e0,-1.36230414e0,-1.44834371e0,-1.68709459e-1,-8.84068838e-2
11759-3704,-6.29789333e-1,-1.78766622e-1,-1.70711520e0,-6.36098922e-1,-1.31862311e0,-6.88634012e-1,-1.23551863e-1,-3.50462323e-2
11759-6102,-1.82255288e-1,-1.05602443e-1,-4.21216077e-1,-3.29606891e-1,-2.39342775e-1,-2.90294641e-1,-3.57460912e-2,-2.50665931e-2
11759-6103,-3.19385080e-1,-2.01351004e-1,-7.26101235e-1,-6.32613287e-1,-3.93042216e-1,-5.62883950e-1,-6.30110581e-2,-4.74578973e-2
11759-6104,-3.79846643e-1,-1.65600546e-1,-9.75837354e-1,-5.76530840e-1,-6.75478382e-1,-6.01999119e-1,-7.61804605e-2,-3.38137107e-2
11759-9102,3.72114013e-1,7.28756931e-2,1.04259602e0,2.75436567e-1,8.48832713e-1,3.22747981e-1,7.25706355e-2,1.26983309e-2
11760-12703,-2.38387120e-2,8.77351435e-2,-1.90834358e-1,1.71879070e-1,-2.51576427e-1,2.42219552e-2,-1.19751554e-2,2.85088757e-2
11760-12704,-6.88878096e-1,-4.47236389e-1,-1.58658084e0,-1.46770256e0,-8.56321579e-1,-1.39656906e0,-1.39706983e-1,-1.00002094e-1
11760-1901,-7.01885668e-1,-2.14404348e-1,-1.88794650e0,-7.59402801e-1,-1.43719836e0,-8.16159255e-1,-1.38131747e-1,-4.24011197e-2
11760-3701,-2.58970640e-1,-1.07709309e-1,-6.62487088e-1,-3.68159609e-1,-4.57897703e-1,-3.74091611e-1,-5.16660849e-2,-2.26603116e-2
11760-3702,1.52201597e0,2.64914670e-1,4.19621682e0,9.44327188e-1,3.34737358e0,1.02537835e0,2.96126476e-1,5.17515766e-2
11760-3703,-1.97941331e-1,-1.01723022e-1,-4.80865797e-1,-3.39672321e-1,-2.96014617e-1,-3.31730778e-1,-3.99962490e-2,-2.22164178e-2
11760-6102,-3.15608320e-1,-1.33494695e-1,-8.03924207e-1,-4.52113326e-1,-5.53022460e-1,-4.53562939e-1,-6.27781646e-2,-2.84644715e-2
11760-6103,-3.99512700e-1,-3.68256885e-1,-8.03270420e-1,-1.18786803e0,-2.52347673e-1,-1.09515507e0,-8.29763249e-2,-8.44168840e-2
11760-6104,-1.43467238e-1,-9.10677612e-2,-3.57372466e-1,-3.19252933e-1,-2.29772178e-1,-3.37443590e-1,-2.91491509e-2,-1.83576111e-2
11760-9101,5.84828814e-1,1.92187930e-1,1.56192008e0,6.77693796e-1,1.17316993e0,7.23325810e-1,1.15388053e-1,3.83201539e-2
11760-9102,-3.87007336e-1,-3.72660615e-1,-7.05920474e-1,-1.11657059e0,-1.34587962e-1,-9.04264383e-1,-7.65919528e-2,-9.29885891e-2
11761-1901,-4.70436365e-1,-2.49582803e-1,-1.17413138e0,-8.61181107e-1,-7.63171491e-1,-8.87508835e-1,-9.50808080e-2,-5.17235104e-2
11761-3702,5.58786959e-1,-1.01102876e-1,1.65254841e0,-3.42124050e-1,1.47881443e0,-3.40735916e-1,1.05252012e-1,-2.16613547e-2
11761-3703,-8.79704065e-2,-7.55174569e-2,-1.60605030e-1,-2.23655736e-1,-2.79415585e-2,-1.73379469e-1,-1.78779299e-2,-1.92459763e-2
11761-6101,-5.35204727e-1,-1.57524055e-1,-1.44119607e0,-5.57545407e-1,-1.09957147e0,-5.98522503e-1,-1.05269565e-1,-3.11943835e-2
11761-6103,-2.75544014e-1,-9.14876212e-2,-7.30603356e-1,-3.20125853e-1,-5.41408774e-1,-3.37390657e-1,-5.44914446e-2,-1.85044393e-2
11761-6104,-4.16466621e-1,-1.02828808e-1,-1.17151850e0,-3.99931526e-1,-9.51879099e-1,-4.84172773e-1,-8.19273096e-2,-1.68260326e-2
11761-9101,6.47521874e-2,2.23970349e-1,-8.83678465e-2,5.57267977e-1,-3.31068085e-1,3.10201404e-1,3.53057742e-3,6.32933093e-2
11761-9102,5.56382034e-1,-2.56910749e-2,1.57466091e0,-9.14759518e-2,1.31614480e0,-9.91138388e-2,1.06842852e-1,-5.03086193e-3
11823-12701,-9.68579237e-3,-1.53717998e-1,5.21768721e-2,-5.38423628e-1,1.56144819e-1,-5.68332835e-1,-4.45680247e-3,-3.10342251e-2
11823-12702,2.70183991e-1,1.98685068e-1,6.10399092e-1,6.58068275e-1,3.08598796e-1,6.36125566e-1,5.52320187e-2,4.38312867e-2
11823-12703,-4.76660192e-1,-3.72345108e-1,-1.01980223e0,-1.20214533e0,-4.31024033e-1,-1.11031176e0,-9.78231631e-2,-8.52409279e-2
11823-12705,8.64288419e-1,1.32200919e-1,2.37130960e0,4.63147106e-1,1.87680207e0,4.89291286e-1,1.68361632e-1,2.66723712e-2
11823-1901,-6.61559294e-1,-2.85176592e-1,-1.72276282e0,-1.01463107e0,-1.21763967e0,-1.09114023e0,-1.33154960e-1,-5.61996251e-2
11823-1902,1.99538959e0,7.25165867e-1,5.25615617e0,2.53440930e0,3.84530955e0,2.66775396e0,3.95441573e-1,1.46917271e-1
11823-3701,-5.19212521e-3,-7.89307243e-2,4.56932182e-2,-2.66734177e-1,1.21029887e-1,-2.65113500e-1,-2.73602830e-3,-1.69455011e-2
11823-3703,-1.36232624e-1,-5.27971439e-2,-3.55706223e-1,-1.83933399e-1,-2.55534322e-1,-1.92551685e-1,-2.70943111e-2,-1.07599702e-2
11823-3704,9.07523780e-1,-1.61890598e-2,2.62649924e0,-2.67276680e-2,2.26908087e0,2.19017258e-2,1.73153721e-1,-6.35956642e-3
11823-6101,5.20829853e-1,3.80996319e-1,1.21156084e0,1.30218069e0,6.51351680e-1,1.32081043e0,1.07669455e-1,8.02435613e-2
11823-6102,2.97243842e-1,2.92065191e-1,5.84966773e-1,9.35038583e-1,1.67986990e-1,8.56104267e-1,6.09746364e-2,6.73671244e-2
11823-9101,-2.04851889e-1,-5.20395121e-2,-5.57875064e-1,-8.35044537e-2,-5.04278483e-1,-1.02353887e-2,-2.78992448e-2,-1.57617041e-2
11823-9102,-8.64427328e-1,-3.07816629e-1,-2.28829145e0,-1.08215066e0,-1.68856522e0,-1.14934063e0,-1.71189606e-1,-6.17211170e-2
11824-12701,7.82027980e-2,1.71416330e-1,3.61930251e-2,4.39147841e-1,-1.43988598e-1,2.80564643e-1,7.08674151e-3,4.61084563e-2
11824-12703,3.08759379e-1,-1.09572643e-1,9.12754891e-1,-3.88491644e-1,8.18588700e-1,-4.18144727e-1,5.79625541e-2,-2.16296816e-2
11824-1901,-4.58864432e-1,-2.17098139e-1,-1.15172829e0,-7.39639779e-1,-7.62965970e-1,-7.47266292e-1,-9.21394962e-2,-4.59290437e-2
11824-1902,1.22787729e0,2.63237379e-1,3.37076702e0,9.39821600e-1,2.66698630e0,1.02290901e0,2.39447248e-1,5.12715972e-2
11824-3701,-1.12998577e-2,-5.59293821e-2,5.56919710e-2,-1.31017527e-1,1.35923845e-1,-4.66167983e-2,-1.13667580e-3,-1.72729190e-2
11824-3702,1.34436100e0,8.34371142e-1,3.02934939e0,2.60077839e0,1.59719545e0,2.27746462e0,2.65714151e-1,1.98708031e-1
11824-3703,-1.44788534e-1,-8.20572783e-2,-3.67326969e-1,-2.88346987e-1,-2.46762507e-1,-3.05953312e-1,-2.92103690e-2,-1.64696296e-2
11824-3704,2.59681880e0,3.29259613e-1,7.22020828e0,1.17649717e0,5.84951567e0,1.28213773e0,5.03135405e-1,6.40350737e-2
11824-6101,3.38709939e0,1.03132528e0,9.07362487e0,3.63262769e0,6.85775320e0,3.87044681e0,6.67280957e-1,2.06054141e-1
11824-6102,1.21032994e0,1.25041118e-1,3.37840661e0,4.49998320e-1,2.75547964e0,4.95965897e-1,2.34111287e-1,2.39752728e-2
11824-6103,1.17039425e0,3.52865456e-1,3.03840183e0,1.16361696e0,2.18597443e0,1.11639637e0,2.30336573e-1,7.83716960e-2
11824-6104,-5.28171266e-1,-1.65417775e-1,-1.41707890e0,-5.85301701e-1,-1.07341764e0,-6.28024131e-1,-1.04059056e-1,-3.27760746e-2
11824-9101,-4.27626086e-1,-2.31842417e-1,-1.04272810e0,-7.78610054e-1,-6.48974704e-1,-7.69258966e-1,-8.61758461e-2,-5.01358472e-2
11824-9102,-4.89044573e-1,-4.88636752e-2,-1.49332483e0,-3.01022993e-1,-1.33923367e0,-5.12228504e-1,-9.69648769e-2,2.64893235e-3
11826-12702,-5.74030319e-1,-5.17470187e-1,-1.11474824e0,-1.55007266e0,-3.49251136e-1,-1.27649866e0,-1.10198310e-1,-1.27875467e-1
11826-12703,-6.19349466e-2,-4.42234235e-2,-1.01550384e-1,-6.55619213e-2,-3.48954111e-2,4.02798560e-2,-7.19431390e-3,-1.62310345e-2
11826-12704,-5.83174981e-1,-5.45276072e-1,-1.10936148e0,-1.65762095e0,-2.90334714e-1,-1.38731444e0,-1.15289793e-1,-1.33570530e-1
11826-1901,8.14333198e-1,5.26547990e-1,1.91750061e0,1.77443645e0,1.08145035e0,1.76036974e0,1.66488717e-1,1.13363251e-1
11826-1902,-6.59374628e-1,-2.81834945e-1,-1.69867900e0,-9.78019518e-1,-1.18631558e0,-1.01740238e0,-1.31777281e-1,-5.78326243e-2
11826-3701,-2.21056723e-2,-3.46258469e-2,-2.14057004e-2,-1.05785500e-1,3.44166454e-2,-8.67476477e-2,-5.01908319e-3,-8.55310018e-3
11826-3702,-2.71201295e-1,-1.66623746e-1,-6.23153044e-1,-5.34123249e-1,-3.40263566e-1,-4.89246625e-1,-5.43292894e-2,-3.84219316e-2
11826-3703,-4.03926347e-2,-4.63440527e-2,-6.08032932e-2,-1.39946711e-1,1.53383779e-2,-1.12594082e-1,-8.56031366e-3,-1.15798573e-2
11826-6101,2.10965892e0,1.17993551e-1,5.99977209e0,4.60160445e-1,5.04653456e0,5.65964367e-1,4.05018615e-1,1.89233855e-2
11826-6102,3.92100518e-1,3.18943568e-1,8.50992075e-1,1.05777446e0,3.67904796e-1,1.02108137e0,8.15668979e-2,7.03776957e-2
11826-6103,9.64551320e-2,1.92688730e-1,6.37599618e-2,5.75907810e-1,-1.94378411e-1,4.61828753e-1,2.01433993e-2,4.83155143e-2
11826-6104,8.32752599e-2,-2.15013549e-2,2.93627671e-1,-3.23778240e-2,3.06696782e-1,2.93233247e-2,1.63347325e-2,-8.42724756e-3
11826-9101,-5.30307113e-1,-4.00826522e-1,-1.12190405e0,-1.24443786e0,-4.81356552e-1,-1.08068131e0,-1.05509556e-1,-9.59670399e-2
11826-9102,6.58894394e-1,7.25356624e-2,1.81866544e0,2.50871426e-1,1.45671169e0,2.59922838e-1,1.27860139e-1,1.49589467e-2
11827-12701,-3.32307142e-2,-8.72045222e-2,-3.06797134e-2,-2.99386081e-1,6.33887315e-2,-3.05248784e-1,-8.40827597e-3,-1.82535391e-2
11827-12702,8.36455970e-2,-2.16073013e-2,2.87143452e-1,-4.38657092e-2,2.97046745e-1,1.62378188e-3,1.59450992e-2,-7.42516407e-3
11827-12703,-4.53035982e-1,-2.97061186e-1,-1.05753964e0,-9.97664653e-1,-5.82145736e-1,-9.83861144e-1,-9.28070078e-2,-6.43071365e-2
11827-3702,-4.19957989e-1,-1.32356810e-1,-1.14077937e0,-4.73183414e-1,-8.84467312e-1,-5.16092452e-1,-8.23337583e-2,-2.57127163e-2
11827-3703,5.25810817e0,4.83479244e-1,1.46510900e1,1.72407375e0,1.19159558e1,1.87361109e0,1.01760109e0,9.43661023e-2
11827-3704,2.01917316e1,3.06622177e0,5.59593792e1,1.09668469e1,4.50636695e1,1.19719748e1,3.91885161e0,5.95079084e-1
11827-6101,1.44910748e-1,2.78428024e-1,6.30075381e-2,7.69274002e-1,-3.31903850e-1,5.12768025e-1,2.76456271e-2,7.56291644e-2
11827-6102,2.39898063e-1,-1.90991633e-2,8.03797949e-1,6.50745521e-2,7.77407533e-1,2.53201789e-1,5.00993430e-2,-1.59190259e-2
11827-6103,-6.75923808e-1,-2.56366757e-1,-1.77190607e0,-8.94508199e-1,-1.28370432e0,-9.39051780e-1,-1.34193521e-1,-5.20935171e-2
11827-6104,7.57028219e-1,4.92329698e-1,1.76299027e0,1.63384354e0,9.76501493e-1,1.58357691e0,1.53808819e-1,1.08362225e-1
11827-9101,-3.54344038e-1,-2.58391762e-1,-8.24103857e-1,-8.83206494e-1,-4.42619624e-1,-8.95949909e-1,-7.32691116e-2,-5.44143472e-2
11827-9102,-4.01299888e-1,-2.00184527e-1,-1.00510977e0,-6.87429289e-1,-6.60205426e-1,-7.03239358e-1,-8.08658095e-2,-4.18121257e-2
11828-12701,1.09733080e-1,-1.89160798e-1,4.42716343e-1,-6.44998612e-1,5.52276557e-1,-6.51222236e-1,1.71825017e-2,-4.00105273e-2
11828-12702,-6.30635834e-2,-2.31174629e-1,7.89513660e-2,-6.62860851e-1,3.53121058e-1,-4.96298265e-1,-1.14098600e-2,-5.99104870e-2
11828-12703,-1.82986591e-1,-1.61932844e-1,-3.39282600e-1,-4.61986546e-1,-8.74895480e-2,-3.42331124e-1,-3.43533396e-2,-4.21864171e-2
11828-12704,-5.26814939e-1,-4.75435826e-1,-1.01250635e0,-1.41422038e0,-3.02832302e-1,-1.14574997e0,-1.01079499e-1,-1.18609320e-1
11828-12705,-1.74728902e-1,3.27169242e-1,-9.44736555e-1,9.19925028e-1,-1.32616283e0,6.22403282e-1,-2.90515623e-2,8.82398387e-2
11828-1901,-4.48183689e-1,-1.63568455e-1,-1.18366349e0,-5.74713535e-1,-8.69304487e-1,-6.09826424e-1,-8.88451222e-2,-3.28319673e-2
11828-3701,-3.33679682e-1,-1.43504833e-1,-8.58366793e-1,-4.98412494e-1,-5.97097903e-1,-5.19041469e-1,-6.67680984e-2,-2.94088583e-2
11828-3702,-6.05334288e-2,-7.71038131e-2,-9.61566029e-2,-2.45064338e-1,1.58286341e-2,-2.18956667e-1,-1.30895132e-2,-1.80687402e-2
11828-6102,7.47607215e-2,8.88814629e-1,-1.05674582e0,2.16303137e0,-2.15902913e0,9.83884411e-1,-5.46280171e-3,2.64523672e-1
11828-6103,-5.09394142e-1,-1.80006656e-1,-1.36521457e0,-6.39927399e-1,-1.03123159e0,-6.91759117e-1,-1.00468449e-1,-3.53515198e-2
11828-9101,-6.01299368e-1,-5.02601917e-1,-1.21874992e0,-1.54732944e0,-4.43188378e-1,-1.32508422e0,-1.19314165e-1,-1.21418788e-1
11828-9102,-5.52256678e-1,-2.75158142e-1,-1.38264381e0,-9.43709628e-1,-9.07798654e-1,-9.63373749e-1,-1.11262630e-1,-5.75954573e-2
11830-1901,2.43642664e0,9.27217301e-1,6.43670354e0,3.26666547e0,4.72853723e0,3.48131381e0,4.83073544e-1,1.85192094e-1
11830-1902,-6.87252025e-1,-2.76991784e-1,-1.80203133e0,-9.73118196e-1,-1.30373240e0,-1.03237654e0,-1.36659550e-1,-5.56108113e-2
11830-3702,-5.49750352e-2,3.29999691e-2,-1.81731725e-1,1.12222179e-1,-1.88431636e-1,1.12596318e-1,-9.74126455e-3,7.01746977e-3
11830-3703,8.13560943e-1,4.19739838e-1,2.04722272e0,1.45277913e0,1.35613504e0,1.50491528e0,1.63999713e-1,8.65206544e-2
11830-6101,1.75861883e-1,1.54242493e-1,3.59656668e-1,4.90920002e-1,1.28740106e-1,4.44420486e-1,3.57915783e-2,3.58745526e-2
11830-6104,-6.37854016e-1,-4.46417204e-1,-1.43984428e0,-1.47064609e0,-7.25111285e-1,-1.40575747e0,-1.30614619e-1,-9.93868368e-2
11830-9101,4.84747934e-1,-1.08422374e-2,1.40179247e0,-2.49365033e-2,1.21112519e0,-4.00716329e-3,9.23612752e-2,-3.55173297e-3
11830-9102,-1.67416386e-1,-5.92555493e-2,-4.38922905e-1,-2.06490240e-1,-3.17818326e-1,-2.16197821e-1,-3.32607518e-2,-1.20723897e-2
11831-12703,-4.16690863e-1,-4.38048434e-1,-7.12350249e-1,-1.24619953e0,-9.27959731e-2,-9.31391331e-1,-7.57751062e-2,-1.13571790e-1
11831-12705,-5.58743039e-1,-1.89876779e-1,-1.48807189e0,-6.70000949e-1,-1.11096080e0,-7.15749667e-1,-1.10422133e-1,-3.78162767e-2
11831-1901,-4.60393402e-1,-1.67475038e-1,-1.21032699e0,-5.84886423e-1,-8.81585221e-1,-6.14752799e-1,-9.13404908e-2,-3.39809947e-2
11831-1902,3.02058695e0,7.49008574e-1,8.17010041e0,2.63264348e0,6.29489296e0,2.79571756e0,5.92268898e-1,1.50229372e-1
11831-3701,-2.46574209e-1,-7.71050343e-2,-6.56394006e-1,-2.67771090e-1,-4.91934854e-1,-2.79729545e-1,-4.84996060e-2,-1.57692755e-2
11831-3703,9.37523276e-1,3.83562688e-1,2.46512167e0,1.35258647e0,1.79253620e0,1.44346309e0,1.86328751e-1,7.64815006e-2
11831-3704,-2.98275346e-1,-7.17877869e-2,-8.16278197e-1,-2.57767105e-1,-6.41039947e-1,-2.82584742e-1,-5.83583140e-2,-1.38443543e-2
11831-6101,-6.85779807e-2,-1.06429421e-1,-5.17373995e-2,-2.35777548e-1,7.74175285e-2,-7.95861489e-2,-7.14797807e-3,-3.27040224e-2
11831-6102,-4.47183761e-1,-2.54832087e-1,-1.07185261e0,-8.49988621e-1,-6.39767556e-1,-8.30338201e-1,-9.04182061e-2,-5.56780037e-2
11831-6103,-3.88092816e-1,-4.43864689e-2,-1.12730520e0,-1.89135691e-1,-9.71786321e-1,-2.54807797e-1,-7.46581464e-2,-5.52837351e-3
11831-9101,-1.99607562e-1,-1.00263718e-1,-4.79492639e-1,-3.21277952e-1,-2.94711615e-1,-2.94720959e-1,-3.95547996e-2,-2.31026175e-2
11831-9102,-2.83217378e-1,-2.53049139e-1,-5.41914092e-1,-7.15377499e-1,-1.81441422e-1,-5.36986001e-1,-5.03334347e-2,-6.53775505e-2
11832-12701,-2.56251976e-1,-2.06335725e-1,-5.22430469e-1,-6.28226277e-1,-1.98303205e-1,-5.27426289e-1,-5.04293118e-2,-5.04598805e-2
11832-12702,-3.36868774e-1,-3.67550904e-1,-5.60706046e-1,-9.90036764e-1,-8.10557874e-2,-6.81501060e-1,-5.41794092e-2,-9.79197000e-2
11832-12704,-4.18096477e-1,-4.11592974e-1,-7.53721003e-1,-1.21805405e0,-1.39205074e-1,-9.69121215e-1,-8.10577189e-2,-1.03689801e-1
11832-1901,8.56580718e-1,4.01711899e-1,2.19506997e0,1.40005620e0,1.51308018e0,1.46638068e0,1.71740801e-1,8.18164087e-2
11832-3703,2.22366084e0,6.21248149e-1,5.97095205e0,2.16614129e0,4.54721805e0,2.27801223e0,4.36112402e-1,1.26119368e-1
11832-3704,4.06925304e-1,1.02447195e-1,1.12838197e0,3.80171837e-1,9.02575399e-1,4.35768589e-1,7.96433338e-2,1.85270348e-2
11832-6101,2.07717015e-1,-1.68639379e-1,6.95760947e-1,-5.80193422e-1,7.31614129e-1,-5.94593621e-1,3.65917053e-2,-3.51392204e-2
11832-6102,1.95871724e-2,9.47053007e-2,-4.58931651e-2,2.87357252e-1,-1.60982725e-1,2.36107891e-1,4.92258180e-3,2.34236190e-2
11832-9101,-7.82258622e-2,-8.32699885e-2,-1.42916639e-1,-2.64377328e-1,-2.05674781e-2,-2.37182696e-1,-1.63382575e-2,-1.94791425e-2
11832-9102,-3.47793385e-2,5.86764372e-2,-1.89343817e-1,1.34584043e-1,-2.46197159e-1,4.37664533e-2,-8.16465666e-3,1.84557180e-2
11833-12701,-8.62402933e-1,-4.33191759e-1,-2.15959343e0,-1.48696663e0,-1.41843883e0,-1.52011589e0,-1.73751127e-1,-9.05446031e-2
11833-12704,-9.63263193e-3,8.08330075e-2,-1.30834566e-1,1.94650238e-1,-2.06455135e-1,9.62284710e-2,-5.29260804e-3,2.34320602e-2
11833-1901,-1.29107987e-1,-6.93234656e-2,-3.27013404e-1,-2.42944285e-1,-2.18876821e-1,-2.56627563e-1,-2.60612529e-2,-1.39834580e-2
11833-3701,2.74846386e-1,5.96525579e-3,7.82236489e-1,2.39444309e-2,6.59830000e-1,3.06630200e-2,5.26502022e-2,8.80055854e-4
11833-3702,4.47689490e-1,1.50363059e-1,1.18156339e0,5.23049796e-1,8.68640392e-1,5.46540577e-1,8.85755654e-2,3.07138595e-2
11833-3703,8.85678489e-1,3.78844085e-1,2.27906373e0,1.31456251e0,1.58714423e0,1.36705668e0,1.77135716e-1,7.77586566e-2
11833-3704,6.29190559e-1,6.10565077e-1,1.17784066e0,1.86147852e0,2.71948834e-1,1.56693523e0,1.24754610e-1,1.49027061e-1
11833-6102,-3.71389665e-1,-3.42988678e-1,-7.42860643e-1,-1.10490895e0,-2.26297844e-1,-1.01607377e0,-7.72187964e-2,-7.87723493e-2
11833-6103,4.26108878e-1,4.28933060e-1,7.79255684e-1,1.27858751e0,1.66543082e-1,1.04354527e0,8.14611911e-2,1.06532175e-1
11833-6104,-9.18201595e-1,-4.98939762e-1,-2.25563473e0,-1.70010111e0,-1.41742147e0,-1.71730922e0,-1.85889644e-1,-1.05555793e-1
11833-9102,-6.53419632e-1,-3.40010464e-1,-1.61774117e0,-1.15718336e0,-1.03800031e0,-1.16740746e0,-1.31753712e-1,-7.20419532e-2
11834-12701,-1.34184694e-1,-3.12028047e-2,-3.75707144e-1,-1.43406345e-1,-2.87103310e-1,-1.87247236e-1,-2.91697185e-2,-3.91913417e-3
11834-12703,-4.00942118e-1,-5.22050065e-1,-5.75677482e-1,-1.34715174e0,3.97652806e-2,-8.66617360e-1,-5.42964684e-2,-1.41045381e-1
11834-12704,-3.10808410e-1,-4.09113157e-1,-4.67691656e-1,-1.02413791e0,-2.76221762e-2,-6.52685584e-1,-3.42122760e-2,-1.08589917e-1
11834-12705,4.07972321e-1,2.53256564e-1,9.59538717e-1,8.39975313e-1,5.46780292e-1,8.13637513e-1,8.26251427e-2,5.57683510e-2
11834-1902,4.60591554e-1,3.21698148e-1,1.05860630e0,1.07676921e0,5.57913072e-1,1.05667199e0,9.45438258e-2,6.99711795e-2
11834-3701,-4.23419990e-1,-2.36948240e-1,-1.02217063e0,-7.94866237e-1,-6.19387871e-1,-7.83370718e-1,-8.56691404e-2,-5.13446674e-2
11834-3702,1.52871469e0,8.33633053e-1,3.72071165e0,2.80301912e0,2.30203108e0,2.77514345e0,3.08471446e-1,1.79912895e-1
11834-3703,1.82488446e0,1.29326638e0,3.97448499e0,4.10604164e0,1.83281440e0,3.68385604e0,3.69551346e-1,3.02587053e-1
11834-6101,4.83250218e-1,-1.59504519e-1,1.46006483e0,-5.50176394e-1,1.34871832e0,-5.66275456e-1,8.99895050e-2,-3.30888530e-2
11834-6102,-1.77731548e-1,-1.79019220e-1,-3.15033910e-1,-5.02660633e-1,-6.63124982e-2,-3.70668993e-1,-3.12714771e-2,-4.65678252e-2
11834-6103,-7.62005871e-2,1.56580664e-1,-4.53771904e-1,3.50371660e-1,-6.05868897e-1,1.07036523e-1,-2.04108022e-2,4.88787881e-2
11834-6104,4.34941056e-1,2.69106121e-1,9.48255170e-1,7.77388645e-1,4.80805452e-1,5.97982999e-1,8.18285442e-2,6.87584317e-2
11834-9101,1.41313496e0,8.43810588e-1,3.39579757e0,2.85486788e0,2.02278719e0,2.85115266e0,2.87413512e-1,1.80529300e-1
11835-12701,-4.34529488e-1,-2.76434609e-1,-1.04217161e0,-9.47336165e-1,-6.11940960e-1,-9.65101558e-1,-8.89964116e-2,-5.79644418e-2
11835-12703,8.63170979e-2,5.66118660e-1,-4.49279142e-1,1.61861394e0,-1.17992899e0,1.17314835e0,1.99080324e-2,1.48766744e-1
11835-12704,1.44777874e-1,2.79864007e-1,1.32690099e-1,8.73464121e-1,-2.32323698e-1,7.61227381e-1,3.16558250e-2,6.67788355e-2
11835-1902,4.34433175e0,1.44328074e0,1.13586929e1,4.95004204e0,8.21138717e0,5.05511634e0,8.60873278e-1,3.02039295e-1
11835-3701,1.14442610e1,1.04403214e0,3.18916578e1,3.73024507e0,2.59399155e1,4.06552904e0,2.21497994e0,2.03031613e-1
11835-3703,-6.68201453e-1,-3.83750429e-1,-1.60169421e0,-1.28344100e0,-9.54259731e-1,-1.25857144e0,-1.35329494e-1,-8.35412753e-2
11835-3704,-3.54547196e-2,2.36910068e-2,-1.15359780e-1,8.27525424e-2,-1.18136699e-1,8.66026912e-2,-6.26467786e-3,4.82002017e-3
11835-6101,-8.39463295e-2,2.49581385e-2,-2.78170812e-1,6.14598740e-2,-2.77205707e-1,2.73797473e-2,-1.62274800e-2,7.46058057e-3
11835-6103,1.65004582e0,1.05303077e0,3.95477756e0,3.64359855e0,2.28986354e0,3.75119853e0,3.41475626e-1,2.18069407e-1
11835-6104,1.75126119e-1,2.68352986e-1,2.30104011e-1,8.40991033e-1,-1.39377979e-1,7.35480391e-1,3.78082637e-2,6.38689983e-2
11835-9101,1.11621571e0,1.91874816e-1,3.09644506e0,6.89381486e-1,2.49723984e0,7.57832108e-1,2.16592223e-1,3.69112798e-2
11835-9102,1.71375199e0,9.50093715e-1,4.08548194e0,3.14681525e0,2.40516967e0,3.03206435e0,3.47114383e-1,2.10018798e-1
11836-12702,-7.73049473e-1,-4.18065242e-1,-1.89668547e0,-1.41943263e0,-1.19079481e0,-1.42610634e0,-1.56293926e-1,-8.89318998e-2
11836-12703,2.12642073e0,2.87691039e-1,5.86093757e0,1.00123744e0,4.68428692e0,1.04990857e0,4.12665203e-1,5.86105715e-2
11836-12705,-2.91843656e-2,1.67538729e-1,-2.86612792e-1,3.21003318e-1,-3.93125181e-1,6.96740421e-2,-2.52086151e-2,4.90682970e-2
11836-1902,-1.67847540e-1,-2.82998526e-2,-4.63936264e-1,-1.00841868e-1,-3.71952507e-1,-1.09487645e-1,-3.26038131e-2,-5.53054429e-3
11836-3701,-1.37604057e-1,-1.13167767e-1,-2.67891866e-1,-3.22921838e-1,-9.23734622e-2,-2.40446668e-1,-2.56433715e-2,-2.94336202e-2
11836-3702,9.15797668e-2,3.91751749e-1,-2.26459728e-1,1.09948207e0,-7.39167889e-1,7.63506025e-1,1.84596879e-2,1.04777459e-1
11836-3703,-1.44186437e-1,-5.37156903e-2,-3.87552496e-1,-1.91715491e-1,-2.94300888e-1,-2.08540000e-1,-2.84117383e-2,-1.04695342e-2
11836-6101,-3.63238894e-1,-2.23242019e-1,-8.54302612e-1,-7.00214470e-1,-5.15171357e-1,-6.40393648e-1,-6.89129270e-2,-5.15711220e-2
11836-6102,5.27469052e-1,1.31416895e-1,1.44177097e0,4.69637059e-1,1.13115047e0,5.11795193e-1,1.03111001e-1,2.55535493e-2
11836-9101,7.12508573e-1,-1.07207528e-1,2.07312933e0,-3.70927188e-1,1.81190012e0,-3.83546417e-1,1.35057135e-1,-2.21279935e-2
11836-9102,-7.56707233e-2,2.27800747e-3,-2.32536563e-1,-1.23878861e-2,-2.09933000e-1,-3.95806345e-2,-1.53456947e-2,2.15690168e-3
11838-12701,-3.52116627e-1,-2.86426934e-1,-7.13998051e-1,-8.45992805e-1,-2.82512739e-1,-6.82685797e-1,-6.62868981e-2,-7.15551609e-2
11838-12702,-7.94873596e-3,-1.56252800e-2,3.40915867e-3,-5.90987534e-3,1.11649087e-2,4.28641285e-2,2.50802591e-3,-6.23891055e-3
11838-12703,-3.74015327e-1,-2.72560676e-1,-8.22306278e-1,-8.87041083e-1,-3.81475571e-1,-8.29894795e-1,-7.67354772e-2,-6.17554003e-2
11838-12704,-5.18708356e-1,-2.34577647e-1,-1.36182877e0,-8.29995899e-1,-9.86634033e-1,-8.90539100e-1,-1.03202118e-1,-4.64815820e-2
11838-12705,-2.14454523e-2,-1.35260246e-1,6.69687350e-2,-4.38217288e-1,2.23894804e-1,-4.04807633e-1,-7.07806986e-3,-3.09142553e-2
11838-1901,4.69105956e-1,8.00390744e-2,1.30115725e0,2.88246344e-1,1.04879689e0,3.17957419e-1,9.10604840e-2,1.53277340e-2
11838-3701,2.67645361e-1,1.88000215e-1,6.25326324e-1,6.39271685e-1,3.42380002e-1,6.43158431e-1,5.50987437e-2,3.99239245e-2
11838-3702,4.56648905e-1,4.80829659e-1,8.38144459e-1,1.52425765e0,1.29178074e-1,1.36320405e0,9.52278505e-2,1.12722615e-1
11838-3703,5.33128020e-1,-8.63713017e-2,1.54976728e0,-3.02690770e-1,1.35360617e0,-3.19618574e-1,1.01004758e-1,-1.74259155e-2
11838-3704,1.50108727e0,6.42505604e-1,3.88874737e0,2.24193944e0,2.74565098e0,2.35290988e0,2.99635541e-1,1.30574137e-1
11838-6102,-4.32767802e-1,-1.66748350e-1,-1.14700652e0,-5.90104725e-1,-8.47457395e-1,-6.33296772e-1,-8.57531218e-2,-3.30311282e-2
11838-6103,3.60457233e-1,2.96155588e-1,7.97701127e-1,9.97274852e-1,3.66207153e-1,9.87368667e-1,7.51465181e-2,6.38642725e-2
11838-6104,2.28735957e-1,-5.94565928e-2,6.69302778e-1,-2.10577142e-1,5.90866429e-1,-2.26235694e-1,4.31708060e-2,-1.17614650e-2
11838-9102,1.75963394e-1,1.57156091e-1,3.37122154e-1,4.69445049e-1,9.61318640e-2,3.80166130e-1,3.43063700e-2,3.92128039e-2
11863-12701,-1.49158842e-1,6.71717743e-3,-4.65241393e-1,-1.61600395e-2,-4.29863428e-1,-7.41779400e-2,-2.94698610e-2,5.05635104e-3
11863-12702,4.49892525e-2,1.33103451e-2,1.30633706e-1,9.13035572e-2,8.73012566e-2,1.37328150e-1,1.33925010e-2,1.38967748e-4
11863-1902,1.03724757e-1,-2.40747771e-2,3.13048335e-1,-8.20089187e-2,2.89117721e-1,-8.24649452e-2,1.92897027e-2,-5.10702021e-3
11863-3701,2.76785199e0,6.30366476e-1,7.48224590e0,2.20580387e0,5.76017563e0,2.32608250e0,5.42688668e-1,1.27443181e-1
11863-3702,8.37433368e-2,1.15252642e-1,1.53576190e-1,3.91112909e-1,1.44179617e-2,3.92195879e-1,1.84204185e-2,2.45517561e-2
11863-6103,-3.94876736e-1,-3.29690406e-1,-8.06924436e-1,-1.02622676e0,-2.98628556e-1,-8.95379841e-1,-7.90011240e-2,-7.86805059e-2
11863-6104,5.86704331e0,5.44636354e-1,1.63959690e1,1.96220125e0,1.34002443e1,2.16603611e0,1.13423850e0,1.04208904e-1
11863-9101,-1.59547588e-2,5.51114091e-3,-5.23961819e-2,2.18690009e-2,-5.69730798e-2,2.57266374e-2,-2.50962695e-3,9.09444401e-4
11863-9102,1.16390222e-1,-6.90008872e-2,4.24847769e-1,-1.97143671e-1,4.71381289e-1,-1.38787716e-1,2.11357430e-2,-1.83240333e-2
11865-12701,-2.47387393e-1,-1.99268973e-1,-5.06401199e-1,-5.71608408e-1,-2.19429070e-1,-4.47077476e-1,-4.41083168e-2,-5.03805579e-2
11865-12703,-1.22262873e-1,-8.29528595e-2,-2.64616302e-1,-2.54417207e-1,-1.26770425e-1,-2.13335502e-1,-2.43693023e-2,-2.05402743e-2
11865-12705,-2.42567903e-1,-2.35823800e-1,-4.39778957e-1,-7.16026053e-1,-7.16076720e-2,-5.91829438e-1,-4.90127078e-2,-5.81533164e-2
11865-1901,-3.94289570e-1,-1.17458150e-1,-1.06027237e0,-4.15392261e-1,-8.06834861e-1,-4.45360408e-1,-7.75934711e-2,-2.32952883e-2
11865-3701,-1.40813377e-1,-1.58966446e-2,-4.05350860e-1,-6.91710724e-2,-3.42239028e-1,-9.30298202e-2,-2.74980860e-2,-1.92475454e-3
11865-3703,-8.96730729e-2,3.30315229e-2,-3.05113501e-1,8.99765396e-2,-3.16837686e-1,5.49317465e-2,-1.66398410e-2,9.20606737e-3
11865-3704,2.19116260e-1,-6.67574953e-2,6.70201008e-1,-2.26668102e-1,6.29671483e-1,-2.26891822e-1,4.05567409e-2,-1.42302149e-2
11865-6102,-6.03150459e-1,-3.40035969e-1,-1.46582647e0,-1.15269080e0,-8.98381309e-1,-1.15475056e0,-1.22331498e-1,-7.25296374e-2
11865-6103,-3.55863203e-1,-2.52868963e-1,-7.87363667e-1,-8.21472376e-1,-3.74474849e-1,-7.66075182e-1,-7.28323938e-2,-5.74468438e-2
11865-6104,-3.83887132e-1,-3.14442532e-1,-7.95339031e-1,-9.93819396e-1,-3.03514393e-1,-8.87140338e-1,-7.79095443e-2,-7.38565727e-2
11865-9101,-3.09649288e-1,-1.24817802e-1,-8.13574512e-1,-4.39904579e-1,-5.90575268e-1,-4.68973272e-1,-6.15702365e-2,-2.49166242e-2
11865-9102,-3.81895279e-1,-3.36124553e-1,-7.49763123e-1,-9.76494813e-1,-2.68824103e-1,-7.73534744e-1,-6.95716179e-2,-8.46233690e-2
11866-12701,8.54079494e-1,2.63649859e-1,2.29418615e0,9.32157116e-1,1.74237314e0,9.99086798e-1,1.68132150e-1,5.23117003e-2
11866-12702,-3.20472500e-1,-3.42561372e-1,-5.47896455e-1,-9.26229179e-1,-1.03656596e-1,-6.47910679e-1,-5.13477565e-2,-9.05566090e-2
11866-12703,7.53674844e-2,2.42558935e-1,-6.82919886e-2,5.59041853e-1,-2.96032660e-1,2.70073885e-1,-2.51898358e-3,6.89447100e-2
11866-12704,4.75425575e-2,-1.79405325e-1,2.43344617e-1,-6.19952253e-1,3.54926150e-1,-6.40177156e-1,5.78946685e-3,-3.70949444e-2
11866-12705,-1.84098154e-1,-2.71134634e-1,-1.98768981e-1,-7.50421707e-1,1.83491224e-1,-5.15062915e-1,-3.35369639e-2,-7.28176250e-2
11866-1901,-8.49982023e-1,-3.09374872e-1,-2.25252185e0,-1.09071594e0,-1.66497580e0,-1.16356770e0,-1.68333666e-1,-6.17153439e-2
11866-3701,-2.52361464e-1,-2.35303608e-1,-5.08019757e-1,-7.58572301e-1,-1.62410144e-1,-7.00611578e-1,-5.21323432e-2,-5.38897061e-2
11866-3702,5.28371119e-1,4.78910877e-1,1.04483284e0,1.51445555e0,3.10035719e-1,1.34922650e0,1.08566266e-1,1.12593013e-1
11866-6101,-4.80655467e-1,-3.02142198e-1,-1.13376363e0,-1.02992424e0,-6.31973262e-1,-1.03191227e0,-9.97252645e-2,-6.43122514e-2
11866-6102,1.52521054e0,6.07402248e-1,3.97693878e0,2.11735339e0,2.84893493e0,2.21916519e0,3.03480149e-1,1.23638422e-1
11866-6104,1.20677168e0,9.66839567e-1,2.55145238e0,3.02614468e0,1.09135980e0,2.69378093e0,2.37928690e-1,2.27401129e-1
11866-9102,-5.06283225e-1,-4.94692639e-1,-9.32308901e-1,-1.43210609e0,-2.35126074e-1,-1.11969672e0,-9.24394413e-2,-1.25418268e-1
11867-12701,-2.81963325e-1,-3.69066454e-1,-4.09339100e-1,-1.02031164e0,5.83715614e-2,-7.40346589e-1,-4.59136299e-2,-9.62809875e-2
11867-12702,1.41419078e0,1.01925181e0,2.90083617e0,2.89340644e0,1.23932600e0,2.13497450e0,2.63236345e-1,2.66066316e-1
11867-12703,-7.48754861e-1,-4.31296905e-1,-1.79803761e0,-1.44609226e0,-1.07506139e0,-1.42397417e0,-1.51693884e-1,-9.35338135e-2
11867-12705,-9.77597338e-2,3.86271563e-3,-2.87651968e-1,8.39102312e-3,-2.54454885e-1,3.27565267e-4,-1.85553258e-2,1.30769435e-3
11867-1901,2.85234463e-1,1.93678406e-1,6.74908601e-1,6.61282084e-1,3.82728147e-1,6.69959212e-1,5.85498832e-2,4.08479185e-2
11867-1902,-3.47300209e-1,-3.15132823e-1,-6.93073364e-1,-9.07180484e-1,-2.73738812e-1,-7.31031101e-1,-5.94753075e-2,-7.77448677e-2
11867-3701,-5.84138654e-1,-3.55178444e-1,-1.37777102e0,-1.18571459e0,-7.84665067e-1,-1.15799797e0,-1.18980304e-1,-7.75829948e-2
11867-3702,-2.49680043e-1,-3.83204410e-2,-7.17565839e-1,-1.55259531e-1,-6.07754742e-1,-1.98114112e-1,-4.83013788e-2,-5.60017033e-3
11867-3703,-1.04779755e-1,-1.13070250e-1,-1.78178661e-1,-3.45554567e-1,-5.20283711e-3,-2.89557283e-1,-2.14310951e-2,-2.76523198e-2
11867-3704,2.79386561e-1,2.84563821e-1,5.49896034e-1,9.43768415e-1,1.36470858e-1,9.08844475e-1,5.98880279e-2,6.28746295e-2
11867-6101,-5.11377216e-2,-1.03845024e-1,-5.36778650e-2,-3.53680413e-1,8.54580059e-2,-3.49483538e-1,-1.33189379e-2,-2.23396790e-2
11867-6103,-2.59363756e-1,-1.42020083e-1,-6.40510915e-1,-4.85414967e-1,-4.07905096e-1,-4.93317756e-1,-5.23832085e-2,-2.98738078e-2
11867-6104,-8.12540818e-3,3.51631640e-2,-3.92286174e-2,1.62364635e-1,-8.40073598e-2,2.09547483e-1,3.14086405e-3,4.43356650e-3
11867-9101,2.10036419e-2,1.43184731e-1,-1.17044694e-1,3.36464055e-1,-2.54113727e-1,1.60547145e-1,-3.84543352e-3,4.15244410e-2
11867-9102,-1.78791353e-1,-8.04823224e-2,-4.68107163e-1,-3.69970134e-1,-2.76759946e-1,-4.68401702e-1,-4.55670194e-2,-1.09150876e-2
11868-12702,6.12946208e-2,-3.78817369e-2,2.17902528e-1,-1.20100287e-1,2.41569258e-1,-1.05649994e-1,1.06329289e-2,-8.94908340e-3
11868-12705,1.07126040e0,1.60872449e-1,3.03767157e0,6.26085342e-1,2.52411562e0,7.60426402e-1,2.07848529e-1,2.62238309e-2
11868-1902,1.56573250e0,7.17140327e-1,4.00913143e0,2.48381695e0,2.76685931e0,2.57812591e0,3.13184732e-1,1.47563594e-1
11868-3701,1.15073846e0,2.45836507e-1,3.18291970e0,9.01603509e-1,2.54092504e0,1.01599909e0,2.24901593e-1,4.55874275e-2
11868-3702,1.00582606e-1,1.60664825e-1,1.06923538e-1,4.68517142e-1,-1.13770053e-1,3.60149229e-1,1.96624896e-2,4.11582613e-2
11868-6102,-1.17355038e-1,-4.37086879e-2,-2.94491830e-1,-1.43615137e-1,-1.96499103e-1,-1.36242303e-1,-2.34239310e-2,-9.78498777e-3
11868-6104,1.97046279e-1,2.83247423e-1,2.68899943e-1,8.64010389e-1,-1.21428805e-1,7.24685478e-1,4.03891036e-2,6.92502843e-2
11868-9102,-1.71580912e-1,4.68408362e-1,-1.06438861e0,5.06558902e-1,-1.05041570e0,-5.14469031e-1,-1.35737769e-1,1.59844329e-1
11871-12705,7.12630156e-1,3.15236646e-1,1.74888330e0,1.02535206e0,1.11744636e0,9.59674553e-1,1.42126986e-1,7.14279700e-2
11871-1901,8.80330437e-1,3.31611232e-1,2.31494648e0,1.16244935e0,1.68577142e0,1.22901920e0,1.74760970e-1,6.68388808e-2
11871-1902,1.05459659e-1,8.20833715e-2,2.49534424e-1,2.85199661e-1,1.39938286e-1,2.97149216e-1,2.17968321e-2,1.68113803e-2
11871-3701,2.29663493e0,1.02734328e0,5.78674130e0,3.48802593e0,3.87187353e0,3.50488105e0,4.60107486e-1,2.18526720e-1
11871-3702,-6.78462882e-1,-4.18591550e-1,-1.63858523e0,-1.43272512e0,-9.82493004e-1,-1.45727005e0,-1.38437316e-1,-8.79310424e-2
11871-3704,3.99187397e0,1.63979995e0,1.01007232e1,5.48651872e0,6.86567680e0,5.39188935e0,7.94106784e-1,3.56454560e-1
11871-6101,2.52687027e0,5.73604790e-1,6.90962593e0,2.04057963e0,5.42856381e0,2.20863400e0,4.93543141e-1,1.12490396e-1
11871-6102,3.00394450e0,1.51817031e0,7.33626692e0,4.99061018e0,4.64400611e0,4.78039617e0,5.97993047e-1,3.37868552e-1
11871-6103,-4.58184151e-1,-2.39412043e-1,-1.12511668e0,-8.09772798e-1,-7.08720255e-1,-8.08406837e-1,-9.25294319e-2,-5.12418037e-2
11871-6104,1.45646297e-1,2.76148439e-1,8.65816268e-2,7.68630227e-1,-2.82115969e-1,5.33259568e-1,2.64735434e-2,7.39165528e-2
11871-9101,8.93544687e-1,6.90934145e-1,1.94566001e0,2.21892875e0,9.00514236e-1,2.04566874e0,1.79958381e-1,1.58614459e-1
11871-9102,-3.29439511e-1,-1.21748949e-1,-8.49919774e-1,-4.10163431e-1,-6.01998694e-1,-4.08500213e-1,-6.51122055e-2,-2.61539124e-2
11872-12702,-2.38081584e-1,-2.87327630e-1,-3.53721802e-1,-7.30414560e-1,1.04819808e-4,-4.44245585e-1,-3.34508967e-2,-7.92371384e-2
11872-12703,4.12126894e-1,-4.96302211e-2,1.19983068e0,-1.68453933e-1,1.04902589e0,-1.68569240e-1,7.81499178e-2,-1.05834432e-2
11872-3701,8.33575727e-1,6.33487929e-1,1.86401766e0,2.10612385e0,9.03636058e-1,2.04491791e0,1.71702715e-1,1.39140245e-1
11872-3703,7.65852391e-1,1.42684685e-1,2.14955354e0,5.30814707e-1,1.76331314e0,6.12560086e-1,1.48390444e-1,2.55931241e-2
11872-3704,1.25270968e0,4.88598841e-1,3.26337155e0,1.69017478e0,2.34017307e0,1.75226305e0,2.48613372e-1,1.00691732e-1
11872-6103,-1.36299548e-1,-5.04500737e-2,-3.61841686e-1,-1.78882452e-1,-2.67971304e-1,-1.92448863e-1,-2.70150082e-2,-9.96141488e-3
11872-6104,4.78946618e-1,2.06057490e-1,1.25295872e0,7.25153812e-1,9.01928061e-1,7.71473835e-1,9.53459957e-2,4.12383539e-2
11872-9102,-6.02704307e-1,-2.30767294e-1,-1.57750838e0,-8.06139517e-1,-1.13827841e0,-8.47571339e-1,-1.19820013e-1,-4.68041682e-2
11939-12701,1.14361447e0,5.71094900e-1,2.84983900e0,1.94180791e0,1.85918075e0,1.95663977e0,2.29892799e-1,1.21164512e-1
11939-12702,-5.93468622e-1,-5.71613113e-1,-1.08961182e0,-1.64099319e0,-2.74608740e-1,-1.25758460e0,-1.08153121e-1,-1.46437230e-1
11939-12703,7.97294203e-1,4.18181974e-1,1.94600734e0,1.38046016e0,1.23217071e0,1.32900529e0,1.59025594e-1,9.28695751e-2
11939-12705,5.00926843e-2,8.96557210e-3,1.49256178e-1,4.00471604e-2,1.32017344e-1,5.61513796e-2,9.69586578e-3,9.39064924e-4
11939-3701,1.78082447e-1,3.82316742e-1,1.46938418e-1,1.24238964e0,-3.48270168e-1,1.15377307e0,4.26282947e-2,8.70180738e-2
11939-3702,2.39836610e0,6.02931295e-1,6.46833086e0,2.10877935e0,4.96084238e0,2.22380235e0,4.70369546e-1,1.21939847e-1
11939-6102,1.41561069e0,5.59903778e-1,3.61394389e0,1.88884649e0,2.49765886e0,1.88066051e0,2.81499608e-1,1.20214607e-1
11939-6103,8.10709771e-1,7.79681194e-1,1.67328626e0,2.60272585e0,5.65147209e-1,2.53830961e0,1.71682611e-1,1.70446880e-1
11939-6104,9.49200458e-2,6.04031041e-2,2.20572577e-1,1.99046844e-1,1.21818897e-1,1.90428361e-1,1.92638122e-2,1.34411285e-2
11939-9101,1.42905488e-2,2.80938706e-2,1.48710448e-2,7.85947402e-2,-1.29043890e-2,6.17388683e-2,1.75128238e-3,7.00934302e-3
11939-9102,1.37494495e0,4.04959734e-1,3.59854360e0,1.35188824e0,2.62618348e0,1.32521446e0,2.70350459e-1,8.82793800e-2
11940-12701,2.87805537e-1,4.53047359e-2,7.99081026e-1,1.63151827e-1,6.45253839e-1,1.79929641e-1,5.58416068e-2,8.67756923e-3
11940-12702,-2.63161418e-1,-7.59480433e-2,-7.00366472e-1,-2.64390343e-1,-5.23179469e-1,-2.76401381e-1,-5.19294976e-2,-1.55000191e-2
11940-12703,3.75982002e-1,-6.77273807e-2,1.10959987e0,-2.32337393e-1,9.91290947e-1,-2.36649998e-1,7.07567219e-2,-1.41919439e-2
11940-12704,9.32380643e-1,5.02806317e-1,2.26436946e0,1.67843725e0,1.39936973e0,1.64296862e0,1.87640255e-1,1.09682917e-1
11940-12705,5.07091702e-1,6.39760333e-2,1.41480438e0,2.30464810e-1,1.15295815e0,2.54401210e-1,9.81110652e-2,1.22424216e-2
11940-1901,1.30123267e0,1.00879827e0,2.96316941e0,3.43515744e0,1.48894258e0,3.46263821e0,2.70600377e-1,2.13775878e-1
11940-1902,-6.84052740e-1,-2.52324200e-1,-1.81636380e0,-8.91895633e-1,-1.34745814e0,-9.55408006e-1,-1.35401707e-1,-5.00924540e-2
11940-3702,2.46749800e0,6.46932057e-1,6.74865889e0,2.31618359e0,5.30045278e0,2.53184502e0,4.82226905e-1,1.25327076e-1
11940-3703,-2.73516460e-2,-1.01905055e-1,5.22274494e-2,-2.89721442e-1,1.95190050e-1,-2.04696816e-1,-6.14861666e-3,-2.70594669e-2
11940-3704,-3.11527995e-2,-1.24735037e-1,5.83542971e-2,-3.84709463e-1,2.37019171e-1,-3.21568332e-1,-8.94497208e-3,-3.04672825e-2
11940-6101,-2.44605986e-1,-8.26630512e-2,-6.47501864e-1,-2.89296222e-1,-4.78115877e-1,-3.04903980e-1,-4.84201647e-2,-1.67178859e-2
11940-6102,1.48517945e-1,1.11487534e-1,3.51008861e-1,3.84560852e-1,1.97366209e-1,3.96151170e-1,3.05951417e-2,2.31159463e-2
11940-6103,2.96399913e-2,-4.30435352e-2,1.43179204e-1,-1.23903143e-1,1.92522907e-1,-8.84921065e-2,4.85208284e-3,-1.13618637e-2
11940-6104,-3.30667183e-1,-1.66148400e-1,-8.22825900e-1,-5.66419380e-1,-5.33753824e-1,-5.72751626e-1,-6.66316579e-2,-3.51172231e-2
11940-9102,9.44168050e-1,5.34764342e-1,2.30880521e0,1.82394284e0,1.43399480e0,1.84557309e0,1.91451861e-1,1.12947145e-1
11941-12701,-4.76657375e-1,-2.69371734e-1,-1.14147420e0,-8.93726891e-1,-6.82395021e-1,-8.66430787e-1,-9.60836595e-2,-5.92724891e-2
11941-12703,-5.52397730e-1,-4.14842641e-1,-1.18457989e0,-1.34443525e0,-4.99357503e-1,-1.23381751e0,-1.15256471e-1,-9.55333164e-2
11941-3701,-8.21736638e-2,-8.46204505e-3,-2.26870851e-1,-2.80065396e-2,-1.82566634e-1,-2.71281517e-2,-1.58686416e-2,-1.86655425e-3
11941-3702,5.09218896e-1,3.42479565e-2,1.42735660e0,1.23585153e-1,1.17295923e0,1.36790139e-1,9.82824991e-2,6.53100324e-3
11941-3703,3.03085929e-1,2.71186859e-1,6.79213529e-1,9.34856825e-1,3.18488345e-1,9.61187028e-1,6.37345215e-2,5.63169126e-2
11941-6101,-3.89562020e-1,-1.49912094e-1,-1.02851235e0,-5.24505210e-1,-7.57659768e-1,-5.56383548e-1,-7.67878205e-2,-3.01548666e-2
11941-6102,8.14288675e-1,1.14413962e-1,2.24993379e0,3.99218902e-1,1.80728633e0,4.21299545e-1,1.57719760e-1,2.31660545e-2
11941-6103,-4.50631480e-1,-3.64356336e-1,-9.57367809e-1,-1.18053045e0,-3.91769345e-1,-1.09755977e0,-9.27363561e-2,-8.29890748e-2
11941-6104,-5.18597094e-1,-1.98800471e-1,-1.35875769e0,-6.95965195e-1,-9.81707031e-1,-7.33804448e-1,-1.03148506e-1,-4.01836357e-2
11941-9101,-3.29525049e-1,-2.24564221e-1,-7.31834539e-1,-6.77770121e-1,-3.87135373e-1,-5.77695706e-1,-6.17863655e-2,-5.42672556e-2
11941-9102,5.09605417e-1,3.18603968e-1,1.20805485e0,1.06828408e0,6.98669505e-1,1.05287770e0,1.03501458e-1,6.90556150e-2
11942-12701,-1.22020046e-1,-1.07998628e-1,-2.28157267e-1,-3.20809954e-1,-5.35891758e-2,-2.54142553e-1,-2.41746599e-2,-2.72587439e-2
11942-12703,-4.68993007e-1,-1.86086380e-1,-1.21729012e0,-6.46392089e-1,-8.63794603e-1,-6.73471080e-1,-9.34711687e-2,-3.81200984e-2
11942-12705,-1.47383916e-1,-2.80234213e-2,-4.09707482e-1,-1.00950786e-1,-3.31664981e-1,-1.11436428e-1,-2.85700862e-2,-5.36250928e-3
11942-1902,2.34953376e0,8.14336733e-1,6.23743122e0,2.86350325e0,4.63025429e0,3.04264290e0,4.64656894e-1,1.63209310e-1
11942-3701,4.95769526e0,9.82638714e-1,1.35922594e1,3.48371176e0,1.07367479e1,3.75153213e0,9.66628500e-1,1.93922329e-1
11942-3702,4.30075264e-1,1.72022213e-1,1.12062929e0,5.99089600e-1,8.01935535e-1,6.27082060e-1,8.55640524e-2,3.50690111e-2
11942-3703,8.48479322e0,1.73326193e0,2.31990524e1,6.13659028e0,1.82306169e1,6.59252990e0,1.65663335e0,3.42985121e-1
11942-3704,7.88272379e-1,2.34257376e-1,2.08869473e0,8.12793785e-1,1.54745426e0,8.45363835e-1,1.55752598e-1,4.80807593e-2
11942-6101,3.57974163e-1,3.94914271e-1,6.65783744e-1,1.29220053e0,9.91529128e-2,1.21332611e0,7.71200433e-2,8.91499636e-2
11942-6102,9.34629571e-1,1.00476880e0,1.60709907e0,2.62566780e0,3.72933025e-1,1.75732701e0,1.35715330e-1,2.67422863e-1
11942-6103,-1.12984498e-1,4.77793771e-2,-4.02768206e-1,1.17046281e-1,-4.30679871e-1,4.75544990e-2,-2.14336261e-2,1.45122620e-2
11942-6104,1.86823954e-1,2.67036226e-1,2.56886937e-1,8.17556022e-1,-1.13170919e-1,6.88302957e-1,3.86626440e-2,6.51449972e-2
11942-9102,2.20884511e0,2.07217686e0,4.18673336e0,6.35772278e0,1.01955038e0,5.38179425e0,4.44086084e-1,5.03947602e-1
11943-12702,2.56983323e0,1.31976463e0,6.16956787e0,4.30497497e0,3.73622597e0,4.04972714e0,5.15520947e-1,2.97841508e-1
11943-12703,3.07306322e0,7.08661551e-1,8.27006855e0,2.37603642e0,6.37293636e0,2.38459819e0,5.94733425e-1,1.50969172e-1
11943-12704,7.58444706e-1,5.98125845e-1,1.65577873e0,1.98591277e0,7.29187539e-1,1.91913709e0,1.57914164e-1,1.31820403e-1
11943-12705,3.09918405e0,9.72448501e-1,8.12506375e0,3.31382190e0,5.91907672e0,3.35402273e0,6.12124699e-1,2.05471038e-1
11943-1901,1.18384112e0,1.92339245e-1,3.27334282e0,6.87379437e-1,2.62476538e0,7.49351183e-1,2.30037811e-1,3.73894603e-2
11943-1902,1.79436911e0,4.60775958e-1,4.86636820e0,1.63133079e0,3.76524781e0,1.75232893e0,3.51703767e-1,9.11888861e-2
11943-3701,-7.09027271e-1,-3.42521654e-1,-1.78831686e0,-1.17809091e0,-1.19391038e0,-1.20834950e0,-1.42531621e-1,-7.13506559e-2
11943-3702,1.38059156e-2,3.81346880e-2,2.24614885e-2,1.44710130e-1,-1.22370275e-2,1.67291827e-1,4.04046740e-3,6.71551047e-3
11943-3704,-1.94616885e-1,-5.81223375e-2,-5.16551793e-1,-1.99427805e-1,-3.85790657e-1,-2.04446449e-1,-3.82391225e-2,-1.21301840e-2
11943-6101,6.20445287e0,9.97517864e-1,1.70381220e1,3.50517278e0,1.35090757e1,3.72335166e0,1.20789919e0,2.00076131e-1
11943-6102,5.45824642e-1,3.90989048e-1,1.23510790e0,1.29400100e0,6.26177558e-1,1.24763172e0,1.11748916e-1,8.64219840e-2
11943-6104,-2.50171104e-1,-2.95382727e-1,-4.49150294e-1,-9.70183374e-1,-3.23572356e-2,-9.19495594e-1,-5.42856227e-2,-6.61685778e-2
11943-9101,1.83790913e0,7.74535346e-1,4.59727154e0,2.53020468e0,3.07915111e0,2.39839519e0,3.63112845e-1,1.73914173e-1
11943-9102,2.18651502e0,5.29115645e-1,5.89849767e0,1.80971386e0,4.55418605e0,1.85730007e0,4.25456846e-1,1.10496501e-1
11944-12701,-5.01880245e-1,-3.88120773e-1,-1.05071129e0,-1.18763268e0,-4.44999027e-1,-1.01021930e0,-9.82763331e-2,-9.41875725e-2
11944-12702,-3.58683671e-1,-3.58673160e-1,-6.43984109e-1,-1.04736109e0,-1.17106631e-1,-8.20266550e-1,-6.74634685e-2,-8.99117853e-2
11944-1901,-6.32530875e-2,-1.27036273e-2,-1.76008182e-1,-4.77336616e-2,-1.41621600e-1,-5.56613165e-2,-1.23606678e-2,-2.23540650e-3
11944-1902,2.48089052e0,5.43811223e-1,6.78302891e0,1.93483663e0,5.32695940e0,2.09434499e0,4.84670954e-1,1.06630031e-1
11944-3701,-9.94018794e-3,1.16499356e-1,-1.64454080e-1,3.50152590e-1,-3.05262370e-1,2.80616575e-1,-5.43296159e-5,2.91779215e-2
11944-3702,-4.87986267e-1,-2.72285888e-1,-1.18420776e0,-9.18512292e-1,-7.25218981e-1,-9.13213329e-1,-9.87951723e-2,-5.85120563e-2
11944-3704,-3.90952893e-1,-1.45452690e-1,-1.03051206e0,-5.10393269e-1,-7.54057112e-1,-5.40480732e-1,-7.75410719e-2,-2.92641421e-2
11944-6101,3.11464835e-3,-8.94007561e-2,6.00106628e-2,-3.11951441e-1,1.22567289e-1,-3.27164457e-1,-1.07485627e-3,-1.81761417e-2
11944-6102,3.76769246e-1,6.70023953e-2,1.04936884e0,2.46326261e-1,8.49587418e-1,2.79251818e-1,7.32394338e-2,1.23347204e-2
11944-6103,-4.60946354e-1,-3.54303981e-1,-9.80245790e-1,-1.12063001e0,-4.17915213e-1,-1.00248002e0,-9.30568923e-2,-8.31079980e-2
11944-9101,-3.55506439e-1,-2.90374741e-1,-7.39374850e-1,-9.04526985e-1,-2.96814198e-1,-7.96688893e-1,-7.02815643e-2,-6.88045086e-2
11945-12703,-3.55167423e-1,-2.47341348e-1,-8.73990086e-1,-8.66670617e-1,-5.45040261e-1,-9.15443656e-1,-7.24795401e-2,-4.99000321e-2
11945-12705,-4.60866631e-1,-4.35928318e-1,-8.63432479e-1,-1.27889060e0,-2.31845771e-1,-1.01717666e0,-8.63937204e-2,-1.09725009e-1
11945-1902,4.92641450e-1,2.83076047e-1,1.23488306e0,9.88685005e-1,8.07457432e-1,1.03886596e0,9.97422256e-2,5.74432270e-2
11945-3702,1.68414122e-1,1.62282121e-1,3.28739372e-1,5.20907067e-1,8.59959572e-2,4.75848419e-1,3.51167666e-2,3.74561647e-2
11945-3703,-3.11297459e-1,3.35224475e-2,-1.01864078e0,5.33616988e-3,-9.91793279e-1,-1.60983039e-1,-6.10657290e-2,1.74907995e-2
11945-3704,-2.26379821e-1,-2.35917371e-1,-4.48924842e-1,-7.83790150e-1,-1.19458762e-1,-7.58405674e-1,-4.82534434e-2,-5.19389064e-2
11945-6101,2.26142889e-1,7.50636944e-2,6.08621484e-1,2.67750750e-1,4.63080186e-1,2.90769669e-1,4.45641702e-2,1.46543338e-2
11945-6102,-6.84270479e-1,-3.64692094e-1,-1.67555620e0,-1.23146806e0,-1.04965958e0,-1.22666301e0,-1.38140094e-1,-7.82355145e-2
11945-6103,-5.68773847e-1,-2.33338754e-1,-1.48248502e0,-8.15935661e-1,-1.06012685e0,-8.59266545e-1,-1.13284745e-1,-4.72406552e-2
11945-6104,4.06677513e-2,4.12049082e-2,8.94200151e-2,1.42656716e-1,3.87631758e-2,1.47693319e-1,8.61924164e-3,8.49467872e-3
11945-9101,-4.94883011e-1,-1.98496625e-1,-1.28169574e0,-6.86234353e-1,-9.07085821e-1,-7.10040341e-1,-9.85355406e-2,-4.09792250e-2
11945-9102,-2.16297994e-1,-2.25161785e-1,-3.71884239e-1,-6.34085406e-1,-5.65308147e-2,-4.66939182e-1,-3.85668336e-2,-5.87196011e-2
11946-12701,-2.14418405e-1,-1.64923835e-1,-4.56507201e-1,-5.30879374e-1,-1.88626450e-1,-4.86989736e-1,-4.41222930e-2,-3.79401142e-2
11946-12702,2.90393915e-1,3.19385738e-1,5.15476987e-1,8.67954592e-1,1.28564179e-1,6.42102416e-1,4.30229308e-2,8.10243546e-2
11946-12704,-3.11859158e-1,-2.62223177e-1,-6.29056689e-1,-7.87147723e-1,-2.37445916e-1,-6.52463851e-1,-5.96441664e-2,-6.45722817e-2
11946-1901,-1.62724720e-1,-9.16545691e-2,-4.19226669e-1,-3.24838858e-1,-2.91148914e-1,-3.49414981e-1,-3.26706758e-2,-1.81058912e-2
11946-1902,1.50768775e0,2.41394642e-1,4.16164698e0,8.58317192e-1,3.32785152e0,9.28398212e-1,2.93098430e-1,4.73818102e-2
11946-3701,-5.26307633e-1,-2.81440439e-1,-1.30014054e0,-9.63136810e-1,-8.26577967e-1,-9.79504976e-1,-1.06524232e-1,-5.91317937e-2
11946-3702,1.64533976e-1,7.62929587e-2,4.10099401e-1,2.49563864e-1,2.73970625e-1,2.37727014e-1,3.23876895e-2,1.70786177e-2
11946-3704,1.18892494e-2,1.47003968e-1,-1.32757949e-1,4.52117125e-1,-3.21571817e-1,3.76987265e-1,5.31022322e-3,3.59833079e-2
11946-6101,-1.51936525e-1,-1.32635627e-1,-3.35337507e-1,-4.51670849e-1,-1.50270069e-1,-4.55284245e-1,-3.19093513e-2,-2.81062370e-2
11946-6102,6.42661263e-1,1.32551319e-1,1.76488311e0,4.72752699e-1,1.39748868e0,5.13722839e-1,1.25290747e-1,2.58686482e-2
11946-6103,-7.10920896e-2,-1.39409516e-1,-5.76799160e-2,-4.26897657e-1,1.25716365e-1,-3.58824273e-1,-1.52456479e-2,-3.40375856e-2
11946-6104,3.02280254e-1,-3.88270363e-2,8.93551866e-1,-1.25505668e-1,7.98017262e-1,-1.14679284e-1,5.70443831e-2,-8.93025779e-3
11946-9101,-5.64537349e-1,-3.80242000e-1,-1.28060908e0,-1.23957569e0,-6.63152463e-1,-1.16680930e0,-1.14523869e-1,-8.57896345e-2
11946-9102,8.33009373e-1,1.78046906e-1,2.26048075e0,6.23583478e-1,1.75293945e0,6.58515018e-1,1.63053069e-1,3.59393439e-2
11947-12701,2.00052480e-1,2.31827362e-1,3.51909015e-1,7.36552761e-1,2.54704460e-2,6.63016742e-1,4.18146759e-2,5.41202210e-2
11947-12702,-7.04064072e-1,-2.97515889e-1,-1.83117537e0,-1.04144165e0,-1.30288906e0,-1.09845210e0,-1.40411065e-1,-6.01251870e-2
11947-12703,2.55666205e-1,6.93720631e-1,-1.90831955e-2,2.15833741e0,-9.56667462e-1,1.84904174e0,6.24668407e-2,1.67120208e-1
11947-12705,-2.44725915e-1,-1.53831684e-1,-5.71770678e-1,-5.07341817e-1,-3.21231986e-1,-4.87524409e-1,-4.94623511e-2,-3.41193066e-2
11947-1901,-1.08688780e-1,3.49795406e-2,-3.48607988e-1,1.10204705e-1,-3.45873298e-1,9.57446303e-2,-1.98563364e-2,8.33222906e-3
11947-1902,3.19904387e0,4.22478749e-1,8.90396096e0,1.51828250e0,7.22477926e0,1.66967326e0,6.19685352e-1,8.12336328e-2
11947-3701,-7.55839751e-2,-1.91753555e-2,-2.02037504e-1,-6.72575839e-2,-1.51906204e-1,-7.11223389e-2,-1.49171105e-2,-3.86260213e-3
11947-3702,4.00520546e-1,1.02954639e-1,1.08989246e0,3.66105276e-1,8.48365385e-1,3.95974897e-1,7.84139433e-2,2.02073220e-2
11947-3703,4.52091619e-1,1.27371365e-1,1.22102845e0,4.51311868e-1,9.36959350e-1,4.85331923e-1,8.88065580e-2,2.51712964e-2
11947-3704,-7.66585524e-1,-3.01554752e-1,-1.99916018e0,-1.05034144e0,-1.43282649e0,-1.09943286e0,-1.52500766e-1,-6.14696118e-2
11947-6101,-2.02698137e-1,-1.31598682e-1,-5.08105006e-1,-4.63403213e-1,-3.31400479e-1,-4.93354668e-1,-4.11156660e-2,-2.63116120e-2
11947-6102,-2.82808301e-1,-2.78157074e-1,-5.24859681e-1,-8.58610886e-1,-1.04584005e-1,-7.34301644e-1,-5.73555491e-2,-6.72126468e-2
11947-6103,2.55752357e-1,2.42799612e-1,5.28571238e-1,8.04430360e-1,1.83856312e-1,7.75955056e-1,5.37003605e-2,5.36249996e-2
11947-6104,7.61564773e-1,1.65536348e-1,2.11898741e0,6.14292003e-1,1.70767315e0,7.03947522e-1,1.48620456e-1,2.99482195e-2
11948-12702,7.13541539e-3,1.30546910e-1,-1.46938899e-1,3.11005046e-1,-2.76978137e-1,1.48553791e-1,-4.55571925e-3,3.80655646e-2
11948-12703,5.25621485e-1,2.93275682e-1,1.29180598e0,1.00197203e0,8.12325910e-1,1.01677935e0,1.06422865e-1,6.17673375e-2
11948-12704,-2.33784384e-1,-2.74443717e-1,-3.50798622e-1,-7.25104682e-1,1.38129400e-2,-4.69166259e-1,-3.72262851e-2,-7.47618651e-2
11948-12705,-5.80149534e-2,-1.75513428e-1,-5.90421589e-2,-6.09817233e-1,9.85127948e-2,-6.35186312e-1,-1.44985898e-2,-3.59529723e-2
11948-3701,2.11551056e-1,1.97448170e-1,4.49272345e-1,6.65121382e-1,1.73200211e-1,6.58917419e-1,4.46381869e-2,4.25529473e-2
11948-3702,-4.54879335e-2,6.25069700e-3,-1.46507523e-1,1.09222557e-2,-1.43008297e-1,-5.63136656e-3,-8.61532655e-3,2.34840632e-3
11948-3703,5.93435439e0,2.21249325e0,1.53767733e1,7.55757648e0,1.09367172e1,7.68066000e0,1.17693157e0,4.65599420e-1
11948-3704,-3.24880724e-1,-1.67367942e-1,-7.95549587e-1,-5.58605761e-1,-5.01957165e-1,-5.46609616e-1,-6.52138504e-2,-3.65224198e-2
11948-6101,-5.22267921e-1,-3.62529466e-1,-1.18034715e0,-1.18737509e0,-6.01706740e-1,-1.12582736e0,-1.06336544e-1,-8.12971711e-2
11948-6102,-4.00641697e-1,-3.71332466e-1,-7.38570729e-1,-1.07544314e0,-1.79289614e-1,-8.23449222e-1,-7.57313417e-2,-9.53370457e-2
11948-6103,-6.32281942e-1,-1.49482078e-1,-1.72953609e0,-5.33418801e-1,-1.35918305e0,-5.80093276e-1,-1.23520584e-1,-2.91442355e-2
11948-9101,-6.14045891e-1,-4.05141062e-1,-1.40241070e0,-1.32589906e0,-7.38359194e-1,-1.25493175e0,-1.24771161e-1,-9.09772591e-2
11948-9102,-4.53707543e-1,-4.59039967e-1,-8.13583833e-1,-1.35853094e0,-1.46298930e-1,-1.08807943e0,-8.70283251e-2,-1.15210442e-1
11949-12701,-2.39912915e-1,-2.03463515e-1,-4.86988946e-1,-6.35925407e-1,-1.72713594e-1,-5.57392252e-1,-4.83575311e-2,-4.84045067e-2
11949-12702,1.34317613e0,1.71735707e-1,3.76524440e0,6.32870682e-1,3.08850466e0,7.21190240e-1,2.59793354e-1,3.14133032e-2
11949-12703,1.41676660e-1,1.02306596e-1,3.21496193e-1,3.38224676e-1,1.63375363e-1,3.28391006e-1,2.86882418e-2,2.23143383e-2
11949-12704,-3.21042109e-1,-2.17140020e-1,-7.51974248e-1,-7.36892447e-1,-4.14801454e-1,-7.38806837e-1,-6.60360627e-2,-4.62619123e-2
11949-12705,1.19066246e0,1.91755449e-1,3.27973335e0,6.76969115e-1,2.61431838e0,7.24545326e-1,2.31517778e-1,3.81178025e-2
11949-1902,4.42180196e-1,3.13810741e-1,1.04087182e0,1.07773568e0,5.78029996e-1,1.10157891e0,9.12546550e-2,6.55742565e-2
11949-3703,6.27785703e-1,-1.18022554e-2,1.81222263e0,-2.68907595e-2,1.56233431e0,-3.43770374e-3,1.19622140e-1,-3.90016438e-3
11949-3704,1.09886401e0,3.91137987e-1,2.92044005e0,1.38943772e0,2.16430420e0,1.49590037e0,2.18127903e-1,7.70931131e-2
11949-6101,-6.55102382e-1,-2.98697641e-1,-1.67519060e0,-1.03489100e0,-1.15151298e0,-1.07395326e0,-1.31237925e-1,-6.14567702e-2
11949-6102,-4.35466605e-1,-1.67426249e-1,-1.13952798e0,-5.85039690e-1,-8.21791724e-1,-6.15389651e-1,-8.65866442e-2,-3.39399370e-2
11949-6103,1.50684173e0,2.78290464e-2,4.24783865e0,1.03438668e-1,3.52587347e0,1.19704418e-1,2.89982169e-1,4.98506221e-3
11949-6104,1.49585321e-1,-1.16692863e-2,4.30649129e-1,-4.01990768e-2,3.70313183e-1,-4.12082642e-2,2.84823124e-2,-2.42864992e-3
11949-9101,-9.66503303e-2,-9.87141738e-2,-1.64133614e-1,-2.49219267e-1,-3.79362013e-2,-1.49339302e-1,-1.41178821e-2,-2.73439766e-2
11949-9102,2.14184845e-1,2.74446270e-1,3.14186907e-1,8.60192022e-1,-1.02315162e-1,7.28307876e-1,4.82838684e-2,6.72940335e-2
11950-12702,-3.38363030e-1,-1.66462400e-1,-8.49410992e-1,-5.73234537e-1,-5.59859317e-1,-5.88677045e-1,-6.82404919e-2,-3.46206391e-2
11950-12703,-2.41624917e-1,-2.24640991e-1,-4.91415508e-1,-7.36450544e-1,-1.58309424e-1,-6.96970003e-1,-5.07562447e-2,-5.04079621e-2
11950-1902,5.94364861e-3,-6.77985888e-2,4.32035962e-2,-2.40637332e-1,7.39226825e-2,-2.59455572e-1,2.35318204e-4,-1.33561231e-2
11950-3701,-9.07922260e-1,-1.81302534e-1,-2.50205887e0,-6.49067964e-1,-1.99363365e0,-7.09491036e-1,-1.76744657e-1,-3.51254129e-2
11950-3702,7.00273426e-1,5.42169171e-2,1.97653985e0,1.99729112e-1,1.64348885e0,2.28028283e-1,1.34734468e-1,9.90631556e-3
11950-3703,4.05811367e-1,4.33403902e-2,1.13692577e0,1.59430704e-1,9.31990496e-1,1.81257812e-1,7.84775605e-2,7.95569672e-3
11950-6101,-3.71842308e-1,-1.89435930e-1,-9.44437833e-1,-6.61586180e-1,-6.36977982e-1,-6.94833733e-1,-7.49171899e-2,-3.84560613e-2
11950-9101,4.69032134e-1,-9.10566044e-2,1.42402995e0,-2.93908578e-1,1.32085844e0,-2.67796556e-1,8.74604318e-2,-2.09860661e-2
11950-9102,-2.73349561e-1,-1.31702576e-1,-7.26997172e-1,-4.70309515e-1,-5.40358195e-1,-5.12033394e-1,-5.41324397e-2,-2.56424354e-2
11951-12701,2.53078571e-1,3.10033116e-1,3.96895681e-1,8.27566124e-1,2.23534361e-2,5.75489850e-1,3.70818688e-2,8.15517468e-2
11951-12702,-4.41745622e-1,-4.38125664e-1,-8.12832767e-1,-1.18303236e0,-2.55057282e-1,-8.46418891e-1,-6.89034658e-2,-1.14006494e-1
11951-12703,-4.06342535e-2,-1.63560772e-2,-1.23968910e-1,-3.86857380e-3,-1.36859698e-1,1.52485288e-2,1.17845175e-3,-2.80528093e-3
11951-12704,-9.04250671e-1,-4.86989992e-1,-2.22005345e0,-1.65544315e0,-1.39466344e0,-1.66596360e0,-1.82935097e-1,-1.03414629e-1
11951-12705,1.46461099e-1,2.49701379e-1,1.60526939e-1,6.69967547e-1,-1.18106952e-1,4.76878952e-1,1.85313293e-2,6.45028969e-2
11951-1901,-1.67350733e-1,-1.03464983e-1,-4.16819294e-1,-3.62099111e-1,-2.68057149e-1,-3.81687536e-1,-3.39907212e-2,-2.09206510e-2
11951-1902,-4.95538883e-1,-2.80004858e-1,-1.19906148e0,-9.42524640e-1,-7.30061998e-1,-9.34107362e-1,-1.00288132e-1,-6.03596340e-2
11951-3701,-4.66323004e-1,-3.57739746e-1,-1.01375553e0,-1.16340108e0,-4.53366876e-1,-1.08878462e0,-9.56201046e-2,-8.10630490e-2
11951-3702,3.04267954e0,1.18459794e0,7.80505362e0,3.99745985e0,5.45581958e0,3.98593534e0,6.03403557e-1,2.54072280e-1
11951-3704,1.74304557e-1,-6.66370251e-2,6.01901513e-1,-1.91205647e-1,6.43520697e-1,-1.32027182e-1,3.11601494e-2,-1.77794592e-2
11951-6102,-5.73210925e-1,-1.74019344e-1,-1.54524467e0,-6.17924560e-1,-1.18100630e0,-6.66740655e-1,-1.12731548e-1,-3.42514751e-2
11951-6104,-4.35225916e-1,-2.71062402e-1,-1.03848989e0,-9.19810664e-1,-6.05075641e-1,-9.22552391e-1,-8.89028174e-2,-5.77402292e-2
11951-9101,-3.63544924e-2,-2.20816541e-1,1.89348298e-2,-7.69636250e-1,1.87008894e-1,-8.05983849e-1,-1.08586822e-2,-4.49753113e-2
11951-9102,-1.51619305e-1,-7.99535410e-2,-3.63388156e-1,-2.61993673e-1,-2.18756439e-1,-2.48607433e-1,-3.04552619e-2,-1.79183739e-2
11952-12701,-4.45728144e-1,-3.13149849e-1,-1.00331360e0,-1.02758677e0,-5.02931446e-1,-9.76163172e-1,-9.10912190e-2,-7.00932469e-2
11952-12702,-7.14269399e-1,-5.45518389e-1,-1.53308064e0,-1.74265077e0,-6.68374965e-1,-1.58446687e0,-1.45018507e-1,-1.26441905e-1
11952-12703,-4.95955303e-1,-4.59756653e-1,-9.38472931e-1,-1.39180620e0,-2.36937736e-1,-1.15289327e0,-9.82079018e-2,-1.13287112e-1
11952-12705,-5.15711545e-1,-4.22803315e-1,-1.06669098e0,-1.33072253e0,-4.07770351e-1,-1.18012631e0,-1.04247991e-1,-9.97794645e-2
11952-1902,5.79069824e-1,1.40969047e-1,1.58464440e0,5.03638462e-1,1.24620922e0,5.48734560e-1,1.13110591e-1,2.74212169e-2
11952-3703,1.67695837e0,2.07214133e0,2.73026952e0,6.53032328e0,-2.48309230e-1,5.77318077e0,3.54957374e-1,4.89612047e-1
11952-3704,2.04604121e0,3.04720857e-1,5.68355867e0,1.09542356e0,4.59477753e0,1.20513395e0,3.96772842e-1,5.85587175e-2
11952-6102,-3.89157086e-2,-6.92377887e-2,-4.15197812e-2,-2.20827459e-1,5.39521538e-2,-1.98513949e-1,-8.88981314e-3,-1.61529034e-2
11952-6103,2.90518225e0,3.26400891e-1,8.12526747e0,1.18696730e0,6.64593373e0,1.32810775e0,5.61798677e-1,6.13172616e-2
11952-6104,6.78567569e-1,3.34007175e-2,1.94825591e0,1.44748860e-1,1.65954249e0,1.98921407e-1,1.30165934e-1,3.89069122e-3
11952-9101,5.44899414e-1,2.12340102e-2,1.52326190e0,7.36810978e-2,1.24670349e0,7.66870180e-2,1.05232052e-1,4.35632865e-3
11952-9102,-3.54300750e-1,-3.33468818e-1,-6.66580475e-1,-9.69283625e-1,-1.90555499e-1,-7.61182756e-1,-6.52955703e-2,-8.44440258e-2
11953-12702,1.91247747e-1,1.49212175e-1,4.08948820e-1,4.53911492e-1,1.92804147e-1,3.90658158e-1,3.61025752e-2,3.59246132e-2
11953-1902,1.20081696e0,1.54482944e-1,3.34002604e0,5.54266317e-1,2.70703495e0,6.07989978e-1,2.32673193e-1,2.97995661e-2
11953-3701,1.05271524e0,4.56990098e-1,2.64393074e0,1.51649087e0,1.77638714e0,1.47283384e0,2.08945644e-1,1.00457956e-1
11953-3702,1.55580546e-1,1.82885439e-1,3.14366911e-1,6.26757920e-1,8.81595879e-2,6.38261985e-1,3.36661805e-2,3.83563545e-2
11953-3703,2.46864789e0,1.53688049e0,5.61244044e0,4.77760760e0,3.06926970e0,4.18588198e0,4.82744944e-1,3.66160373e-1
11953-3704,-5.99306134e-1,-1.31440944e-1,-1.63885825e0,-4.65820577e-1,-1.28853167e0,-5.01376774e-1,-1.16974684e-1,-2.59566147e-2
11953-6101,6.23998503e-1,1.84315069e-1,1.68543137e0,6.56632274e-1,1.29162566e0,7.11376261e-1,1.22761104e-1,3.60813789e-2
11953-6102,-6.47953198e-1,-1.84289432e-1,-1.75094179e0,-6.53471942e-1,-1.34494647e0,-7.03590162e-1,-1.27250922e-1,-3.63676240e-2
11953-6103,8.68319561e-1,3.15967230e-1,2.30270793e0,1.11776059e0,1.70214867e0,1.19785640e0,1.72152095e-1,6.26707193e-2
11953-6104,2.38866682e-1,-1.42768350e-1,8.98929685e-1,-3.53507086e-1,9.93324608e-1,-1.65103197e-1,4.70849378e-2,-4.22769747e-2
11953-9101,-4.58644507e-1,-3.59311719e-1,-9.62027961e-1,-1.08492960e0,-4.22339289e-1,-9.14465525e-1,-8.72888738e-2,-8.75726151e-2
11953-9102,2.77417950e0,2.06492567e-1,7.85077329e0,7.82752065e-1,6.54741313e0,9.26722540e-1,5.34022701e-1,3.55229627e-2
11954-12702,-4.01421989e-1,-2.60764176e-1,-9.18871970e-1,-8.49302372e-1,-4.89785361e-1,-7.98379041e-1,-8.12003683e-2,-5.89013793e-2
11954-12704,3.00002737e-2,-1.12086705e-1,1.84965556e-1,-3.71234226e-1,2.90091300e-1,-3.56167718e-1,3.05266521e-3,-2.48321482e-2
11954-12705,-8.15454685e-1,-3.88017904e-1,-2.06587103e0,-1.33901268e0,-1.39160215e0,-1.38055109e0,-1.63826665e-1,-8.03846725e-2
11954-1901,-6.12862542e-1,-2.69851173e-1,-1.60357387e0,-9.52576270e-1,-1.15358879e0,-1.01818928e0,-1.22102342e-1,-5.37070007e-2
11954-1902,-2.19994075e-2,-7.26445311e-2,-2.43862261e-2,-2.54992546e-1,3.34411708e-2,-2.70042619e-1,-5.48486488e-3,-1.46109340e-2
11954-3701,-4.45667567e-1,-3.51868818e-1,-9.49164700e-1,-1.12481844e0,-4.02214378e-1,-1.02490191e0,-9.04949509e-2,-8.14404460e-2
11954-3702,-7.03081099e-1,-4.55124900e-1,-1.62474738e0,-1.50575881e0,-8.77853110e-1,-1.44965187e0,-1.43368414e-1,-1.00703947e-1
11954-3703,8.37461875e-1,4.09284128e-1,2.11066922e0,1.40787899e0,1.40689892e0,1.44446913e0,1.68370796e-1,8.52356538e-2
11954-3704,5.72359073e-2,2.93769070e-2,1.50077373e-1,1.04795375e-1,1.08127785e-1,1.13828729e-1,1.14227979e-2,5.73383105e-3
11954-6101,-1.18407959e-1,7.78195175e-2,-4.02005017e-1,2.61392359e-1,-4.28516274e-1,2.56682330e-1,-2.07399099e-2,1.68830170e-2
11954-6102,-3.15965429e-1,-2.27784063e-1,-7.09284047e-1,-7.54950690e-1,-3.47880483e-1,-7.28386187e-1,-6.50899831e-2,-5.02929569e-2
11954-6103,1.63357493e-1,2.64066221e-1,1.98669136e-1,8.28031112e-1,-1.64779817e-1,7.23856665e-1,3.57111348e-2,6.28503947e-2
11954-6104,-7.00466901e-1,-4.06705767e-1,-1.67962044e0,-1.36581126e0,-9.98675207e-1,-1.34769412e0,-1.42166154e-1,-8.80167471e-2
11954-9102,-1.95139724e-1,-8.61203347e-2,-4.81748335e-1,-2.71408025e-1,-3.19826031e-1,-2.45247017e-1,-3.77957528e-2,-2.00961360e-2
11955-12701,-2.79183977e-1,-2.03888572e-1,-6.02203848e-1,-6.18862456e-1,-2.88519045e-1,-5.26513971e-1,-5.32986730e-2,-4.93848293e-2
11955-12702,9.81491581e-3,1.16169891e-1,-1.12693639e-1,3.16938316e-1,-2.44888942e-1,2.11237964e-1,7.42617753e-4,3.14965860e-2
11955-12703,-2.46759078e-1,-9.88427424e-2,-6.42887162e-1,-3.43489783e-1,-4.60466078e-1,-3.58522446e-1,-4.90400030e-2,-2.02184569e-2
11955-12705,-2.79064734e-1,-1.14425552e-2,-8.39821755e-1,-8.26041848e-2,-7.55221243e-1,-1.53860877e-1,-5.37149780e-2,1.90485801e-3
11955-1901,6.02113588e-1,2.38203498e-1,1.54111374e0,8.06139224e-1,1.07005380e0,8.06363810e-1,1.19746171e-1,5.09092142e-2
11955-1902,-3.53544245e-1,-1.17436288e-1,-9.37098003e-1,-4.12119252e-1,-6.93289992e-1,-4.36374409e-1,-6.99798724e-2,-2.36270020e-2
11955-3701,1.28746723e0,6.06812112e-1,3.21697779e0,2.05600960e0,2.11226960e0,2.05827922e0,2.58596116e-1,1.29527863e-1
11955-3702,2.87088907e-1,9.46334132e-2,7.72932713e-1,3.36295511e-1,5.89334386e-1,3.63364406e-1,5.64864881e-2,1.85969687e-2
11955-3703,-4.19636469e-1,-2.20779477e-1,-1.02293191e0,-7.34280890e-1,-6.40069732e-1,-7.15590355e-1,-8.41038171e-2,-4.83730270e-2
11955-3704,-6.19648648e-1,-4.91707131e-1,-1.30570648e0,-1.56458974e0,-5.30456014e-1,-1.41201989e0,-1.26064966e-1,-1.14580654e-1
11955-6101,-2.63905913e-1,-9.45492821e-2,-7.06932918e-1,-3.47767596e-1,-5.24540184e-1,-3.89462915e-1,-5.31090121e-2,-1.76004955e-2
11955-6104,1.48576852e-1,1.74621257e-1,2.59407796e-1,5.58661591e-1,1.18946284e-2,5.07792327e-1,3.14478942e-2,4.04557182e-2
11955-9102,-5.70944443e-1,-3.52825317e-1,-1.33880430e0,-1.17366111e0,-7.51953761e-1,-1.13983090e0,-1.16269362e-1,-7.74649899e-2
11956-12701,-2.34737329e-1,-1.50255562e-1,-5.26321485e-1,-4.49018701e-1,-2.88213351e-1,-3.73443469e-1,-4.40880930e-2,-3.69415998e-2
11956-12702,-7.39265842e-1,-4.67215488e-1,-1.73021380e0,-1.55656914e0,-9.66502183e-1,-1.51633950e0,-1.50604764e-1,-1.02314091e-1
11956-12703,-7.39158064e-1,-2.82269315e-1,-1.93509105e0,-9.85917408e-1,-1.39702636e0,-1.03637281e0,-1.46927182e-1,-5.72633673e-2
11956-12704,-3.02858616e-1,-4.55371470e-1,-4.63996426e-1,-1.08312540e0,-2.88618054e-2,-6.93305612e-1,-1.35090925e-2,-1.07715438e-1
11956-1901,2.94772072e-1,2.35821361e-1,6.78751176e-1,8.11516739e-1,3.51265607e-1,8.32250124e-1,6.13291527e-2,4.91094523e-2
11956-1902,6.80365851e-1,1.25329056e-1,1.88097829e0,4.49883057e-1,1.50735009e0,4.93760233e-1,1.32264517e-1,2.41560473e-2
11956-3701,7.24483571e-1,3.70966244e-1,1.75405552e0,1.23535112e0,1.07109455e0,1.20081704e0,1.46479645e-1,8.13591576e-2
11956-3702,1.02779265e0,2.21187151e-1,2.83137988e0,7.93175976e-1,2.25431832e0,8.70847447e-1,2.00012263e-1,4.26228599e-2
11956-3703,5.06824380e-1,2.22912939e-1,1.31914649e0,7.82475931e-1,9.39682070e-1,8.29057494e-1,1.01077900e-1,4.48203148e-2
11956-6103,7.93888273e-1,3.40910591e-1,2.04191876e0,1.17790673e0,1.42396720e0,1.21772972e0,1.58461235e-1,7.04457068e-2
11956-6104,-2.69943806e-1,7.52180567e-2,-8.94340084e-1,2.06318081e-1,-9.12323546e-1,1.24273814e-1,-4.94335992e-2,2.10082087e-2
11956-9102,-1.74486921e-1,-2.63533405e-2,-5.05020086e-1,-1.20476963e-1,-4.23069496e-1,-1.66414393e-1,-3.48662292e-2,-2.75718924e-3
11957-12701,-7.55505995e-2,5.79323942e-2,-3.08598621e-1,1.13308309e-1,-3.40977084e-1,5.60953361e-3,-1.80158652e-2,1.92187974e-2
11957-12702,2.49252673e-1,2.51202042e-1,4.69861716e-1,7.92614146e-1,1.00087201e-1,7.05084466e-1,5.12870079e-2,5.91377805e-2
11957-12703,-1.13683018e-1,-5.62292764e-2,-2.69256563e-1,-1.73836302e-1,-1.62736820e-1,-1.49617217e-1,-2.22732133e-2,-1.35457450e-2
11957-12705,-5.43449972e-1,-5.69166982e-1,-9.44384978e-1,-1.59721056e0,-1.69404656e-1,-1.18280245e0,-9.45022085e-2,-1.47736675e-1
11957-3701,6.72101457e-1,1.06130987e-1,1.88400139e0,3.89157387e-1,1.54600430e0,4.40843673e-1,1.29924948e-1,1.95979217e-2
11957-3702,8.89828675e-1,2.86881603e-1,2.40553336e0,1.02354570e0,1.84773054e0,1.11272879e0,1.74851186e-1,5.59537691e-2
11957-3703,-7.51281500e-1,-3.47827549e-1,-1.90773460e0,-1.19780494e0,-1.29332491e0,-1.23112279e0,-1.50665315e-1,-7.23028601e-2
11957-3704,-3.35531510e-1,-9.09013026e-2,-9.13176524e-1,-3.28924054e-1,-7.07192985e-1,-3.63332610e-1,-6.60948374e-2,-1.73239784e-2
11957-6101,-2.80992074e-1,-1.07678863e-1,-7.27411423e-1,-3.69978981e-1,-5.15100090e-1,-3.79085562e-1,-5.58830474e-2,-2.24611789e-2
11957-6103,-5.18030094e-2,1.58852482e-1,-3.33420308e-1,4.82690069e-1,-5.13461800e-1,3.92551330e-1,-6.74737994e-3,3.94392337e-2
11957-9101,5.16292273e-1,1.87327357e-1,1.36723029e0,6.57757832e-1,1.01058857e0,6.97633226e-1,1.02137383e-1,3.76312145e-2
11957-9102,-3.35593529e-1,-3.12331873e-1,-6.37473457e-1,-9.34686565e-1,-1.74738722e-1,-7.65249232e-1,-6.48108266e-2,-7.74598773e-2
11958-12701,-4.83192421e-1,-2.73773454e-1,-1.16034892e0,-9.16190845e-1,-6.94042047e-1,-8.99103012e-1,-9.78754622e-2,-5.95539484e-2
11958-12702,-4.75408396e-1,-3.15146026e-1,-1.11288485e0,-1.06467860e0,-6.14822156e-1,-1.05965519e0,-9.76132736e-2,-6.76221223e-2
11958-12703,2.70161388e-1,-1.81277016e-1,8.64217740e-1,-6.29923339e-1,8.61823285e-1,-6.56393430e-1,4.87528629e-2,-3.71209358e-2
11958-12704,-7.16316817e-2,-1.41793198e-2,-1.97938482e-1,-5.08150106e-2,-1.58514957e-1,-5.56378267e-2,-1.39252525e-2,-2.74145304e-3
11958-3701,-9.58136602e-1,-3.95606502e-1,-2.48485406e0,-1.37768800e0,-1.75929220e0,-1.44130399e0,-1.91102696e-1,-8.06792415e-2
11958-3702,-6.87221252e-2,-1.46263543e-2,-1.82730101e-1,-4.99789594e-2,-1.36296921e-1,-5.06004232e-2,-1.35628000e-2,-3.08422587e-3
11958-3703,6.99280185e-2,1.03039218e-1,1.15175506e-1,3.43441495e-1,-1.45700976e-2,3.34153421e-1,1.55379930e-2,2.25740751e-2
11958-3704,-1.04890953e-1,-6.07705619e-2,-2.34682203e-1,-1.90604791e-1,-1.17498184e-1,-1.66093225e-1,-2.12575070e-2,-1.44863316e-2
11958-6101,1.53078623e-1,7.23063000e-2,3.67034838e-1,2.37111628e-1,2.18582179e-1,2.23760463e-1,3.10465451e-2,1.62475040e-2
11958-6102,-4.57133501e-1,-2.29601092e-1,-1.12880712e0,-7.74198508e-1,-7.22470693e-1,-7.69559567e-1,-9.19723941e-2,-4.93579490e-2
11958-6103,-2.89661887e-1,-1.19174911e-1,-7.32867384e-1,-3.99444685e-1,-4.97515546e-1,-3.93496576e-1,-5.76822275e-2,-2.58443003e-2
11958-6104,-5.77524087e-1,-4.83940029e-1,-1.17695096e0,-1.50144220e0,-4.33479369e-1,-1.30349230e0,-1.15164897e-1,-1.15890143e-1
11958-9101,-3.26385963e-1,-1.40053054e-1,-8.36585320e-1,-4.82361174e-1,-5.79333986e-1,-4.96023665e-1,-6.52036788e-2,-2.91011617e-2
11958-9102,-4.81738846e-1,-3.31783972e-1,-1.08125577e0,-1.07849929e0,-5.41630968e-1,-1.00928734e0,-9.79656999e-2,-7.51960509e-2
11960-12701,1.85101105e-1,7.38555244e-2,4.93907743e-1,2.70252788e-1,3.64303506e-1,3.01979976e-1,3.71869137e-2,1.38230495e-2
11960-12704,1.19478347e0,3.68981706e-1,3.18315350e0,1.28898554e0,2.38354396e0,1.35605602e0,2.35582645e-1,7.48076076e-2
11960-12705,3.87150326e-2,4.44627907e-2,6.72087464e-2,1.32386847e-1,9.33310777e-3,1.08574669e-1,7.23730715e-3,1.10312735e-2
11960-1901,3.66644834e-1,2.61409927e-1,8.22965307e-1,8.55260188e-1,4.11052631e-1,8.09642046e-1,7.46906433e-2,5.87031935e-2
11960-1902,5.94999475e0,1.15777926e0,1.63870423e1,4.12643682e0,1.30502398e1,4.48113415e0,1.15790166e0,2.26186449e-1
11960-3701,-2.76023118e-1,-6.21525749e-2,-7.65975569e-1,-2.28577301e-1,-6.15389416e-1,-2.59283801e-1,-5.38143965e-2,-1.14325849e-2
11960-3702,-1.40178581e-3,-9.94625385e-2,6.95144236e-2,-3.38936987e-1,1.59959662e-1,-3.41655639e-1,-2.48280266e-3,-2.10661096e-2
11960-3703,5.81542877e0,4.96982827e-1,1.62296748e1,1.78016638e0,1.32347703e1,1.94778374e0,1.12479843e0,9.61759117e-2
11960-3704,9.98783300e-2,-1.05253729e-1,4.12473053e-1,-3.15900701e-1,5.07425271e-1,-2.49702390e-1,1.70040619e-2,-2.65248534e-2
11960-6102,4.68049371e-2,8.67161770e-2,2.62481728e-2,2.53693526e-1,-1.05949238e-1,1.90018713e-1,1.02291553e-2,2.24501565e-2
11960-6103,1.18038308e0,1.83720314e-1,3.28459829e0,6.67533777e-1,2.66036793e0,7.45323970e-1,2.29024447e-1,3.45956771e-2
11960-6104,-2.09176184e-2,-5.30009869e-2,-1.35226325e-2,-1.75421477e-1,5.00600599e-2,-1.68214092e-1,-5.20825624e-3,-1.17505612e-2
11960-9101,1.32895616e-1,1.45907664e-1,2.35712782e-1,4.47343944e-1,3.06028644e-2,3.82914347e-1,2.62913550e-2,3.52332249e-2
11960-9102,-2.69250906e-1,-1.17619516e-1,-7.03702742e-1,-4.14983658e-1,-5.04971541e-1,-4.43181173e-1,-5.36731923e-2,-2.34322729e-2
11962-12701,-2.62325357e-1,-1.19658540e-1,-6.73327628e-1,-4.95221512e-1,-4.10419498e-1,-5.84179415e-1,-6.18571120e-2,-1.98731896e-2
11962-12702,7.02612222e-1,-1.06411933e-1,2.02724930e0,-3.73507650e-1,1.74884127e0,-3.95601528e-1,1.33690771e-1,-2.14016094e-2
11962-12704,-2.09309944e-1,-1.70557570e-1,-4.56561448e-1,-4.78603275e-1,-2.36696121e-1,-3.91489684e-1,-3.21938664e-2,-3.88229690e-2
11962-12705,-2.85862468e-1,-2.51587511e-1,-5.50810529e-1,-7.38138187e-1,-1.72263429e-1,-5.82623133e-1,-5.42176230e-2,-6.36365267e-2
11962-1902,1.65684535e0,6.00201323e-1,4.34180521e0,2.08423075e0,3.14652062e0,2.17187639e0,3.28664791e-1,1.22967624e-1
11962-3701,5.90451723e-1,5.44278660e-1,1.13730170e0,1.68101180e0,3.05441819e-1,1.44025707e0,1.19072193e-1,1.31399440e-1
11962-3702,-5.22648354e-1,-3.20470045e-1,-1.24565076e0,-1.08180069e0,-7.26245347e-1,-1.07644246e0,-1.06505622e-1,-6.88039354e-2
11962-3703,-2.39316935e-1,-1.25177316e-1,-6.13917742e-1,-4.40936624e-1,-4.22809058e-1,-4.69657035e-1,-4.80864844e-2,-2.50133956e-2
11962-6102,1.37989495e-1,3.06221236e-2,3.44689138e-1,6.19666113e-2,2.50647709e-1,4.87061250e-3,2.48379603e-2,1.02147349e-2
11962-6103,5.45442321e-1,3.47079766e-2,1.53905346e0,1.29214416e-1,1.27852365e0,1.49626639e-1,1.05008173e-1,6.20329993e-3
11962-6104,6.34361636e-2,1.72842879e-1,-9.79006437e-3,4.35677579e-1,-1.81809835e-1,2.68000094e-1,3.59056705e-3,4.71352774e-2
11962-9101,-2.08318185e-1,-1.47803900e-1,-4.57569146e-1,-4.70625189e-1,-2.18200786e-1,-4.25640142e-1,-4.19953412e-2,-3.44068128e-2
11962-9102,-4.50314150e-1,-1.75058200e-1,-1.18387402e0,-6.15101839e-1,-8.61254299e-1,-6.52741774e-1,-8.94429110e-2,-3.51353187e-2
11963-12701,2.40433360e-1,2.44956681e-1,4.39005296e-1,7.53006840e-1,7.89170303e-2,6.39296787e-1,4.85496956e-2,5.96262211e-2
11963-12702,-2.28840143e-1,-2.07437855e-1,-4.26059943e-1,-5.62991815e-1,-1.34058122e-1,-3.91801613e-1,-3.85739689e-2,-5.50284024e-2
11963-12703,-3.44002924e-1,-1.82800682e-1,-7.57410447e-1,-7.64336397e-1,-2.71766254e-1,-7.81652550e-1,-9.98544710e-2,-4.21313691e-2
11963-12704,8.32584778e-2,1.40818824e-1,1.20663335e-1,3.28164201e-1,-7.96181386e-3,2.04870656e-1,7.59112548e-4,3.14608579e-2
11963-3704,1.17191445e0,3.88399333e-1,3.11560264e0,1.36385089e0,2.32004232e0,1.44599259e0,2.31572669e-1,7.80396688e-2
11963-6102,-1.25471513e-1,-2.79710782e-2,-3.35681747e-1,-9.28878256e-2,-2.55950475e-1,-9.05917732e-2,-2.44354300e-2,-6.13227889e-3
11963-6103,6.96950350e-1,1.54669973e-1,1.90823311e0,5.50042087e-1,1.50321533e0,5.95219612e-1,1.36004970e-1,3.03455929e-2
11963-9101,-1.22172203e-1,-6.00830772e-2,-2.72419183e-1,-2.27645738e-1,-1.16866980e-1,-2.13976827e-1,-3.17284732e-2,-1.46429028e-2
11963-9102,5.84582201e-1,2.85501418e-1,1.46981634e0,9.85465537e-1,9.70702180e-1,1.01141496e0,1.18302223e-1,5.93903188e-2
11965-12701,1.41184153e0,5.05250006e-1,3.64674779e0,1.70567662e0,2.58386048e0,1.70070254e0,2.79625124e-1,1.08347189e-1
11965-12702,4.96714842e-1,7.32086343e-1,7.80579042e-1,1.54459293e0,2.70473635e-1,8.03828694e-1,-4.31481787e-3,1.89995809e-1
11965-12703,-4.44396069e-1,-4.57556371e-1,-7.90060132e-1,-1.26785071e0,-1.84990102e-1,-9.30680173e-1,-7.42212725e-2,-1.18766091e-1
11965-12704,1.86941603e-1,-1.07879178e-1,7.27080043e-1,-2.34815203e-1,8.15101466e-1,-4.41977467e-2,3.77142569e-2,-3.49870925e-2
11965-12705,-3.88198076e-1,-3.56786351e-1,-7.71657372e-1,-1.14401804e0,-2.28021078e-1,-1.04339800e0,-8.06186247e-2,-8.24509601e-2
11965-1901,3.32574169e0,1.47744011e0,8.55557102e0,5.13408519e0,5.95579652e0,5.35328707e0,6.65073604e-1,3.02422595e-1
11965-3702,3.92422064e0,1.18983702e0,1.04955924e1,4.16295789e0,7.92142369e0,4.39237101e0,7.72270110e-1,2.40491982e-1
11965-3703,3.96143852e-1,1.35724132e-1,1.09427894e0,5.06215843e-1,8.65559345e-1,5.84357968e-1,7.80109859e-2,2.42773501e-2
11965-6102,-4.37396014e-1,-1.74515269e-1,-1.13101686e0,-6.02434140e-1,-7.97794271e-1,-6.21742764e-1,-8.71393770e-2,-3.61232946e-2
11965-6103,1.40150558e0,5.93761597e-1,3.58303794e0,2.03181204e0,2.47293938e0,2.06866930e0,2.79681335e-1,1.24673983e-1
11965-6104,9.89954680e-1,3.26748915e-1,2.61788711e0,1.13985537e0,1.93037376e0,1.19586621e0,1.95892200e-1,6.64313981e-2
11965-9101,6.43012051e-1,7.73238559e-2,1.82715445e0,3.01669301e-1,1.52765258e0,3.69158780e-1,1.24177490e-1,1.24607574e-2
11965-9102,-1.87845216e-1,-1.57715631e-1,-3.81242506e-1,-4.98717456e-1,-1.29932266e-1,-4.43834726e-1,-3.85317846e-2,-3.71013305e-2
11967-12702,-6.00419419e-1,-3.94653479e-1,-1.36567292e0,-1.27305480e0,-7.21727328e-1,-1.18022812e0,-1.20676240e-1,-9.01739489e-2
11967-12704,-8.37721458e-2,7.34383986e-3,-2.46410228e-1,2.19216111e-2,-2.17717009e-1,1.70944554e-2,-1.59236714e-2,1.86319880e-3
11967-12705,-4.22774118e-1,-2.89100534e-1,-9.49596796e-1,-9.34820330e-1,-4.80152716e-1,-8.68317655e-1,-8.55515447e-2,-6.59311166e-2
11967-1901,1.39065702e0,5.70234320e-1,3.63426408e0,1.99972607e0,2.61166612e0,2.11542240e0,2.76845824e-1,1.14858479e-1
11967-1902,8.21796102e0,8.35257280e-1,2.29236001e1,3.00007323e0,1.86753887e1,3.29647557e0,1.59004069e0,1.60773386e-1
11967-3703,-2.78243364e-1,-1.05806143e-1,-7.09862823e-1,-3.52897786e-1,-4.91634399e-1,-3.44832182e-1,-5.51754092e-2,-2.31181789e-2
11967-3704,7.11854622e-1,5.00483659e-1,1.60166466e0,1.63336281e0,8.08686436e-1,1.54079863e0,1.44632018e-1,1.12731719e-1
11967-6101,2.29978258e0,1.25009071e0,5.45802985e0,4.03632679e0,3.23987645e0,3.74694902e0,4.58712245e-1,2.85346625e-1
11967-6102,-3.26409715e-1,-1.96830810e-1,-7.60350835e-1,-6.44243024e-1,-4.23834981e-1,-6.09339481e-1,-6.60820678e-2,-4.42179891e-2
11967-6103,-6.37483482e-1,-2.23663480e-1,-1.71153855e0,-7.95410676e-1,-1.29748480e0,-8.60340597e-1,-1.25622259e-1,-4.38948698e-2
11967-6104,-9.90591009e-1,-3.54222692e-1,-2.62128198e0,-1.24496751e0,-1.93290787e0,-1.32171773e0,-1.96196741e-1,-7.10600391e-2
11967-9102,-1.80718706e-1,-7.18562854e-2,-4.58412600e-1,-2.27507393e-1,-3.22786797e-1,-2.09930844e-1,-3.45641474e-2,-1.65214456e-2
11968-12701,1.62549767e0,1.14174734e0,3.45698708e0,3.31194606e0,1.65487007e0,2.58716223e0,3.02082371e-1,2.90114258e-1
11968-12703,-9.50662041e-2,-1.42705621e-1,-1.11544306e-1,-4.06338449e-1,7.89568065e-2,-2.99618527e-1,-1.75231528e-2,-3.72755011e-2
11968-12704,7.66294961e-1,2.02674121e-1,2.07761536e0,7.17843517e-1,1.60682316e0,7.71817567e-1,1.50191239e-1,4.00700242e-2
11968-12705,2.80940781e0,1.23724054e0,7.10462833e0,4.14571145e0,4.83846649e0,4.09834296e0,5.56932976e-1,2.67745038e-1
11968-1901,3.40322910e0,1.38906805e0,8.58337860e0,4.64138528e0,5.78540313e0,4.54445273e0,6.78610383e-1,3.02831356e-1
11968-1902,8.36326013e0,2.46523874e0,2.23385613e1,8.62058044e0,1.68068263e1,9.08309761e0,1.64771115e0,4.98927889e-1
11968-3701,3.32004734e-1,1.30983622e-1,8.62833502e-1,4.42604940e-1,6.23439489e-1,4.45048344e-1,6.51140878e-2,2.79298273e-2
11968-3704,1.22207765e0,5.07834910e-1,3.09093467e0,1.65035242e0,2.13788888e0,1.56808401e0,2.38061941e-1,1.14026210e-1
11968-6101,7.39370724e-2,-1.35716722e-1,3.16634920e-1,-4.50009812e-1,4.06475388e-1,-4.35138284e-1,1.17082252e-2,-2.99162294e-2
11968-6102,5.66062049e-1,2.72013706e-1,1.35487481e0,8.93304541e-1,8.02484163e-1,8.35504412e-1,1.15701551e-1,6.15709127e-2
11968-9101,-4.56310402e-1,-3.48116138e-1,-1.00012966e0,-1.14064893e0,-4.56864445e-1,-1.08046367e0,-9.38609820e-2,-7.80957299e-2
11968-9102,-1.00359630e-1,-2.33426589e-1,-6.47977059e-2,-7.45547686e-1,2.25641222e-1,-6.74269263e-1,-2.33902002e-2,-5.42614898e-2
11969-12701,8.33051742e-1,2.45150923e-1,2.23546726e0,8.63292960e-1,1.69537837e0,9.19501258e-1,1.63980664e-1,4.89999245e-2
11969-12702,6.15690755e-1,2.56051007e-1,1.59963642e0,8.92425698e-1,1.13726962e0,9.35111152e-1,1.22678458e-1,5.21343074e-2
11969-12703,-9.68017894e-2,1.87195664e-2,-3.07803162e-1,4.83965557e-2,-2.98295195e-1,2.41390652e-2,-1.81780217e-2,5.48090525e-3
11969-12704,3.25672991e-1,-1.32552338e-1,1.00430827e0,-4.55798837e-1,9.54080849e-1,-4.66760769e-1,6.00397617e-2,-2.76424288e-2
11969-12705,-3.96010613e-1,-3.41500428e-1,-8.30072681e-1,-1.11527583e0,-3.16477337e-1,-1.05043988e0,-8.21566412e-2,-7.69675035e-2
11969-3701,2.81547973e0,8.23198700e-1,7.54115730e0,2.88881472e0,5.70116279e0,3.05998981e0,5.54404440e-1,1.65583708e-1
11969-3702,7.29232958e-1,3.50789474e-1,1.86175662e0,1.22101498e0,1.27309128e0,1.27629399e0,1.46375062e-1,7.16043358e-2
11969-3703,9.94026617e-1,1.28658808e-1,2.77100994e0,4.62411227e-1,2.25505275e0,5.08684832e-1,1.92374502e-1,2.47308220e-2
11969-3704,-1.79784485e-1,-9.82045367e-2,-4.30830488e-1,-3.25404811e-1,-2.57388923e-1,-3.13681651e-1,-3.63542314e-2,-2.17027851e-2
11969-6101,-6.18573624e-2,5.00053164e-1,-9.45558075e-1,1.01935276e0,-1.45467061e0,1.35508377e-1,-4.02264878e-2,1.63277364e-1
11969-6102,-2.02793645e-1,-1.46036313e-1,-4.68175422e-1,-4.95325729e-1,-2.47136924e-1,-4.96260509e-1,-4.18877134e-2,-3.11366147e-2
11969-6104,-6.99820430e-1,-3.59671328e-1,-1.73629380e0,-1.22438682e0,-1.11972726e0,-1.23568852e0,-1.41014673e-1,-7.61785107e-2
11969-9101,-4.19147241e-1,-2.04741372e-1,-1.05935212e0,-7.07904589e-1,-7.08995112e-1,-7.31996550e-1,-8.43513694e-2,-4.22814675e-2
11969-9102,6.75408103e-2,3.16014563e-1,-1.91657844e-1,6.63421134e-1,-4.49017542e-1,2.21685339e-1,-1.54712260e-2,9.43763147e-2
11970-12701,-5.58393658e-1,-4.84146637e-1,-1.10424711e0,-1.47555313e0,-3.61953703e-1,-1.24116947e0,-1.10219927e-1,-1.18250177e-1
11970-12702,-5.25770369e-1,-4.74300752e-1,-1.00522572e0,-1.39058754e0,-3.03840970e-1,-1.09990960e0,-9.91207730e-2,-1.19805815e-1
11970-12703,2.03288858e-1,2.33060919e-1,3.56176509e-1,7.35544223e-1,2.50239447e-2,6.54478535e-1,4.22643355e-2,5.48543455e-2
11970-12704,6.66197774e-1,3.57000896e-1,1.64454739e0,1.21418333e0,1.04900186e0,1.22435133e0,1.34311049e-1,7.56931949e-2
11970-1901,-7.50151502e-1,-3.26633398e-1,-1.92864727e0,-1.13183757e0,-1.34195442e0,-1.17494583e0,-1.49941595e-1,-6.71840791e-2
11970-3701,-4.82725433e-1,-3.75209616e-1,-1.02177267e0,-1.17294867e0,-4.37878121e-1,-1.03349894e0,-9.60805480e-2,-8.89835676e-2
11970-3702,-3.54567316e-2,1.09685606e-2,-1.10830292e-1,3.74925078e-2,-1.07983494e-1,3.72763181e-2,-6.38947124e-3,2.34077606e-3
11970-3703,6.61810415e-1,1.65379296e-1,1.82174481e0,5.97864675e-1,1.44609121e0,6.62862096e-1,1.29126479e-1,3.14463385e-2
11970-3704,-8.11172629e-1,-5.37031866e-1,-1.85989671e0,-1.76674880e0,-9.87177700e-1,-1.68659254e0,-1.65085317e-1,-1.19725253e-1
11970-6101,3.02816489e-1,4.90993112e-1,4.38668458e-1,1.63245688e0,-1.98752890e-1,1.57765281e0,6.93852073e-2,1.08120455e-1
11970-6102,9.95963284e-2,1.63619056e-1,1.32512309e-1,5.25708103e-1,-8.02993260e-2,4.81462509e-1,2.19394809e-2,3.76939985e-2
11970-6103,6.55590683e-1,2.27501768e-1,1.72299785e0,7.88494350e-1,1.25700600e0,8.19294233e-1,1.29817102e-1,4.67596469e-2
11970-9101,-7.62763835e-2,6.84502126e-2,-3.17337055e-1,1.67074352e-1,-3.70414973e-1,7.64179478e-2,-1.59117785e-2,2.03317981e-2
11970-9102,1.64913266e-1,6.07584012e-2,4.52348389e-1,2.21227548e-1,3.55868554e-1,2.47835070e-1,3.23084148e-2,1.13901409e-2
11974-12701,-5.49089050e-1,-5.75283688e-1,-9.54639130e-1,-1.60025068e0,-1.81018643e-1,-1.17084287e0,-9.36111696e-2,-1.49910068e-1
11974-12702,-1.98524592e-1,-1.43354452e-1,-4.20987795e-1,-4.13026945e-1,-2.02872836e-1,-3.22799662e-1,-3.61453907e-2,-3.63895975e-2
11974-12703,3.34510444e-1,-9.21972945e-2,1.02839539e0,-3.05547580e-1,9.70865154e-1,-2.93048350e-1,6.19523413e-2,-2.04214766e-2
11974-12705,9.34672177e-3,-1.52313479e-1,1.01970629e-1,-5.35337190e-1,1.92538302e-1,-5.68164195e-1,-7.17042977e-4,-3.05605935e-2
11974-1902,7.47602701e-2,2.01248716e-1,8.29217806e-3,6.34696044e-1,-2.51934312e-1,5.59343126e-1,1.81415458e-2,4.76153064e-2
11974-3702,4.76688840e-1,1.00358942e-1,1.31038962e0,3.58632790e-1,1.03939332e0,3.90899452e-1,9.29006966e-2,1.95126781e-2
11974-3704,-2.50077049e-1,-1.01916798e-1,-6.42743769e-1,-3.49722869e-1,-4.48238191e-1,-3.57201059e-1,-4.98878968e-2,-2.13254884e-2
11974-6101,-2.54248452e-1,-1.94950669e-2,-7.36577808e-1,-8.25935719e-2,-6.36156973e-1,-1.11421988e-1,-4.85910179e-2,-2.44860783e-3
11974-6102,2.62666799e-2,7.36305463e-2,-1.31942163e-2,2.04880992e-1,-1.06561347e-1,1.40628866e-1,4.78493121e-3,1.98006654e-2
11974-6104,2.68193738e-1,2.44130174e-1,5.61308721e-1,8.15105066e-1,2.02744348e-1,7.94555199e-1,5.67169938e-2,5.33777871e-2
11974-9101,-5.15891696e-1,-4.71839281e-1,-9.85058882e-1,-1.38446210e0,-2.97284742e-1,-1.10088278e0,-9.67490146e-2,-1.18831371e-1
11975-12703,-6.98604681e-1,-5.40332090e-1,-1.48855783e0,-1.71211134e0,-6.39729485e-1,-1.53835050e0,-1.40874383e-1,-1.26365675e-1
11975-12704,-6.30843087e-1,-2.57788301e-1,-1.63630265e0,-8.96106495e-1,-1.15970910e0,-9.34921092e-1,-1.25738190e-1,-5.27350827e-2
11975-1901,6.87684899e0,1.02147836e0,1.90916924e1,3.66736613e0,1.54184309e1,4.02609237e0,1.33395455e0,1.96815861e-1
11975-3701,-2.18078335e-2,1.17005247e-1,-1.62185500e-1,3.88466034e-1,-2.71132946e-1,3.74754781e-1,-1.52394069e-3,2.58097412e-2
11975-3702,-1.50161247e-1,-5.04440712e-2,-4.03591497e-1,-1.79621480e-1,-3.06436685e-1,-1.94615175e-1,-2.95921612e-2,-9.87780178e-3
11975-3703,6.90752791e-1,4.50415109e-1,1.62180951e0,1.51373954e0,9.09596342e-1,1.49583745e0,1.41071275e-1,9.73491339e-2
11975-3704,1.22272169e0,5.03930004e-1,3.13534738e0,1.72347017e0,2.17904860e0,1.75382993e0,2.43629120e-1,1.05880442e-1
11975-6101,8.81593936e-2,2.90872085e-2,2.37989866e-1,1.01707085e-1,1.83972369e-1,1.07835624e-1,1.71746084e-2,5.86932875e-3
11975-6102,-3.14313168e-1,-2.08903449e-1,-7.34814923e-1,-7.03824787e-1,-4.05551345e-1,-6.97670537e-1,-6.44379856e-2,-4.50043340e-2
11975-6104,6.45396829e-1,5.20660786e-1,1.35273139e0,1.62855149e0,5.59094257e-1,1.43927989e0,1.28275545e-1,1.23223340e-1
11975-9101,-7.10502081e-1,-1.93615985e-1,-1.92502714e0,-6.87457071e-1,-1.48596358e0,-7.41708546e-1,-1.39387900e-1,-3.81131452e-2
11975-9102,-6.62299419e-1,-3.01057301e-1,-1.70296775e0,-1.04909612e0,-1.18301665e0,-1.09862353e0,-1.32584491e-1,-6.13291321e-2
11976-12701,-4.98199987e-1,-2.88599087e-1,-1.19851336e0,-9.69849413e-1,-7.19471103e-1,-9.58901195e-1,-1.00917719e-1,-6.23561333e-2
11976-12702,-3.38410187e-1,-2.19861435e-1,-7.74146623e-1,-7.00786953e-1,-4.22897503e-1,-6.43056265e-1,-6.67597030e-2,-5.06429520e-2
11976-12703,-8.71947229e-2,1.24627392e-1,-4.10776992e-1,3.41096560e-1,-5.27725124e-1,2.22359386e-1,-1.67164550e-2,3.40672280e-2
11976-12704,4.45974448e-2,-3.03106707e-2,1.53937948e-1,-9.91465617e-2,1.65532540e-1,-9.31863551e-2,7.88242456e-3,-6.83388008e-3
11976-12705,-4.79613304e-1,-4.38441570e-1,-9.39311428e-1,-1.37836245e0,-2.66887045e-1,-1.21590943e0,-9.82076613e-2,-1.03820734e-1
11976-1902,2.66553848e0,8.01969462e-1,6.96378932e0,2.67444953e0,5.06546723e0,2.61682442e0,5.24278472e-1,1.75100013e-1
11976-3701,-8.52543368e-1,-3.48372728e-1,-2.22060712e0,-1.21773543e0,-1.58550823e0,-1.28152046e0,-1.69867703e-1,-7.05807824e-2
11976-3703,5.83524736e-2,9.51081437e-2,8.41389574e-2,3.14923328e-1,-3.81470361e-2,3.02569489e-1,1.32737379e-2,2.10585585e-2
11976-3704,8.14699785e-2,4.29810260e-2,2.09537897e-1,1.52619734e-1,1.44437424e-1,1.64328878e-1,1.64253598e-2,8.47225667e-3
11976-6101,-2.41125268e-1,-2.26817371e-1,-4.53295800e-1,-6.99182966e-1,-9.96893775e-2,-5.94901215e-1,-4.90470730e-2,-5.49675526e-2
11976-6102,-2.68566072e-1,1.49932734e-1,-1.08965775e0,2.41423994e-1,-1.22415890e0,-1.46437791e-1,-5.78583428e-2,5.64950984e-2
11976-6103,4.73626868e0,3.39284619e-1,1.32667185e1,1.22384124e0,1.08886633e1,1.35377188e0,9.14465299e-1,6.47522263e-2
11976-6104,-8.93934465e-2,8.33354119e-3,-2.64245097e-1,-9.02529812e-2,-1.68343386e-1,-1.81551614e-1,-3.19417980e-2,6.59337351e-3
11976-9101,-3.12817900e-1,-3.57479732e-1,-5.04550595e-1,-9.96642018e-1,-2.48944990e-2,-7.24765365e-1,-5.39387543e-2,-9.35665952e-2
11976-9102,-2.46434623e-1,-2.11715169e-1,-4.90109951e-1,-6.45706419e-1,-1.65386888e-1,-5.44550945e-1,-4.85695820e-2,-5.16284921e-2
11977-12704,-3.95851647e-1,-1.66074241e-1,-1.02555966e0,-5.77871507e-1,-7.24887590e-1,-6.03885905e-1,-7.89481116e-2,-3.39134814e-2
11977-12705,4.04331936e-2,1.55888558e-1,-6.63285853e-2,3.90902768e-1,-2.27113206e-1,2.30511078e-1,8.15691428e-4,4.29951560e-2
11977-1902,1.30144770e-1,8.01305525e-2,3.27627325e-1,2.82024685e-1,2.15908797e-1,2.99988523e-1,2.63542143e-2,1.60368111e-2
11977-3701,2.86290218e-1,1.56481661e-2,9.07050236e-1,1.56662797e-1,8.44870031e-1,3.15965088e-1,5.71822121e-2,-6.55091328e-3
11977-3702,5.98114796e-2,5.83540343e-2,1.19349391e-1,1.93607138e-1,3.25431387e-2,1.86465740e-1,1.28012523e-2,1.28895973e-2
11977-3703,-4.18598968e-1,-7.38701309e-2,-1.16034025e0,-2.66070543e-1,-9.34155579e-1,-2.93543776e-1,-8.12880624e-2,-1.41427623e-2
11977-6103,-1.21446832e-1,1.15485681e-1,-4.83242802e-1,3.60095323e-1,-5.87786611e-1,3.06197669e-1,-2.00121398e-2,2.78856999e-2
11977-6104,2.93306452e-1,1.98209229e-1,7.27951429e-1,6.98134865e-1,4.62471997e-1,7.43302262e-1,5.97976382e-2,3.96198755e-2
11977-9101,-7.94176060e-1,-4.90185138e-1,-1.87543761e0,-1.63913929e0,-1.07231074e0,-1.60634690e0,-1.61618909e-1,-1.06761591e-1
11977-9102,-2.23742532e-2,-8.01731852e-2,7.43163227e-2,-1.55204523e-1,1.85384447e-1,4.84472106e-3,-3.07926983e-4,-2.73130849e-2
11978-12701,-5.14719217e-1,-4.31414060e-1,-1.04714923e0,-1.34233479e0,-3.78785147e-1,-1.16884228e0,-1.03216442e-1,-1.03087475e-1
11978-12702,-2.50163213e-1,-3.99554061e-1,-3.28054665e-1,-9.71411237e-1,8.55214253e-2,-6.04376320e-1,-1.66959890e-2,-9.80534943e-2
11978-12704,-7.33714333e-2,7.72840880e-2,-3.23430209e-1,1.69242257e-1,-3.78469147e-1,5.04487848e-2,-1.78251373e-2,2.39381813e-2
11978-1901,2.70459162e-1,1.43476426e-1,6.86872313e-1,5.01613022e-1,4.63442426e-1,5.28017600e-1,5.44593152e-2,2.90597767e-2
11978-3701,-2.86176803e-1,-8.06061845e-2,-7.73822976e-1,-2.85698184e-1,-5.95206745e-1,-3.07409925e-1,-5.61790571e-2,-1.59194247e-2
11978-3702,-1.21945605e-1,-2.00173116e-2,-3.47810975e-1,-9.56511906e-2,-2.79444068e-1,-1.29363753e-1,-2.55961723e-2,-2.16037766e-3
11978-3704,6.08263296e-1,3.05492572e-1,1.52273074e0,1.04639273e0,1.00089463e0,1.06643062e0,1.22416028e-1,6.40654512e-2
11978-6101,1.58715897e-1,1.77131799e-1,3.15142669e-1,5.94508109e-1,8.34252895e-2,5.85808344e-1,3.39240374e-2,3.83756409e-2
11978-6104,1.72999117e0,3.74292125e-1,4.76510468e0,1.35090148e0,3.78696224e0,1.49268677e0,3.37482993e-1,7.14544326e-2
11978-9102,-6.00415018e-1,-4.81768170e-1,-1.26582504e0,-1.53495133e0,-5.16287200e-1,-1.39089381e0,-1.21914031e-1,-1.11955868e-1
11979-1902,9.23942359e0,2.11395464e0,2.50477392e1,7.39810276e0,1.94002685e1,7.80911065e0,1.80801592e0,4.27080297e-1
11979-3701,-8.37512889e-1,-2.55515791e-1,-2.24870748e0,-9.03046950e-1,-1.70626346e0,-9.67223775e-1,-1.64913607e-1,-5.07367258e-2
11979-3703,5.01237918e-1,6.12821622e-1,8.41855531e-1,1.96009486e0,-3.45519616e-2,1.77636026e0,1.07346033e-1,1.42225522e-1
11979-3704,6.42865725e-2,9.02344985e-2,1.21906336e-1,3.09576893e-1,1.88892438e-2,3.15971382e-1,1.41292104e-2,1.88852486e-2
11979-6101,5.59446428e-1,3.87491281e-1,1.30878834e0,1.31512520e0,7.20690597e-1,1.31968106e0,1.14964329e-1,8.25079987e-2
11979-6102,-1.97779647e-2,-1.66897621e-2,-2.97081710e-2,-4.15259835e-2,3.85327010e-3,-1.86494984e-2,-3.76847532e-3,-4.99411543e-3
11979-6103,-4.14700386e-1,-2.08211507e-1,-1.02668943e0,-7.01754992e-1,-6.62293007e-1,-6.97763942e-1,-8.32373377e-2,-4.47618984e-2
11979-9101,1.12317444e-1,4.75881466e-2,3.00163159e-1,1.74192918e-1,2.22215903e-1,1.95057756e-1,2.25313489e-2,8.88801235e-3
11979-9102,-5.53512095e-2,-4.34784534e-2,-1.03991292e-1,-1.30717539e-1,-2.11949215e-2,-1.03706926e-1,-1.14933076e-2,-1.09373497e-2
11980-12701,-3.48243612e-1,-2.99171304e-1,-7.01943370e-1,-9.13449932e-1,-2.55499725e-1,-7.78092750e-1,-6.77919513e-2,-7.24783393e-2
11980-12704,2.49620797e-1,1.41134051e-1,6.23154643e-1,6.00817170e-1,3.31038004e-1,7.15761563e-1,6.39490636e-2,2.31650400e-2
11980-1902,2.31772457e0,6.56904421e-1,6.25436581e0,2.32507817e0,4.79205018e0,2.49619546e0,4.55385678e-1,1.30077849e-1
11980-3701,2.07771288e0,9.41900040e-1,5.10774792e0,3.06825611e0,3.28470739e0,2.88645609e0,4.13166411e-1,2.12680355e-1
11980-3702,4.14540372e0,1.33968455e0,1.06230333e1,4.29431319e0,7.51676262e0,3.95269527e0,8.10012719e-1,3.08055802e-1
11980-3704,-2.27966923e-1,-8.43925434e-2,-5.92630242e-1,-2.86268572e-1,-4.26377561e-1,-2.88761024e-1,-4.49275104e-2,-1.79158448e-2
11980-6101,7.21867182e-1,1.18889256e-1,2.00768069e0,4.29748066e-1,1.62591452e0,4.76679299e-1,1.39969012e-1,2.26018816e-2
11980-6102,2.30358589e-1,2.98175333e-1,3.34808128e-1,8.53155680e-1,-6.32939335e-2,6.41108829e-1,4.20601340e-2,7.72379635e-2
11980-6104,2.06190633e0,3.40200745e-2,5.85507391e0,1.42395195e-1,4.91778629e0,1.90700760e-1,3.95634348e-1,4.41926535e-3
11980-9101,1.31914014e0,4.21168981e-1,3.51713345e0,1.47707097e0,2.63569074e0,1.56328486e0,2.60202830e-1,8.48037339e-2
11981-12701,-2.08973816e-1,-8.46807007e-2,-5.40269961e-1,-3.29785238e-1,-3.60487420e-1,-3.66754178e-1,-4.65371557e-2,-1.62150283e-2
11981-12703,8.52440926e-1,3.44386267e-1,2.06985260e0,1.02361695e0,1.34466497e0,8.19567457e-1,1.64041503e-1,8.65606626e-2
11981-12704,3.96051734e-2,-2.93621834e-2,1.55257140e-1,-8.25234609e-2,1.82723534e-1,-5.46909164e-2,6.98349760e-3,-7.96744500e-3
11981-12705,-1.93476292e-1,-1.07763716e-1,-4.81413049e-1,-3.72259003e-1,-3.10762324e-1,-3.84542903e-1,-3.91278406e-2,-2.22825167e-2
11981-1901,1.50021728e-1,1.48350302e-1,3.10366073e-1,4.98265730e-1,1.05201305e-1,4.91053013e-1,3.18429498e-2,3.21245145e-2
11981-3701,-2.18048062e-1,-6.95898120e-2,-5.69808593e-1,-2.33459305e-1,-4.14740214e-1,-2.31027850e-1,-4.28684887e-2,-1.50432024e-2
11981-3702,-1.34910395e-2,-2.44391045e-2,5.36843785e-4,-6.28821163e-2,4.46008769e-2,-3.17013836e-2,-2.77108568e-3,-7.15067582e-3
11981-3703,-4.68951947e-1,-2.57736104e-1,-1.13525282e0,-8.58551880e-1,-6.97403713e-1,-8.38177096e-1,-9.42931815e-2,-5.63716861e-2
11981-3704,7.94369919e-1,2.29109626e-1,2.15725583e0,8.17135624e-1,1.67199893e0,8.87886105e-1,1.55731580e-1,4.47148724e-2
11981-6101,-8.39343343e-2,5.99113315e-3,-2.65486405e-1,1.05375089e-2,-2.59959883e-1,-1.12323038e-2,-1.50081916e-2,2.55333911e-3
11981-6102,3.21035238e0,8.52667727e-1,8.68144982e0,3.00667577e0,6.68514181e0,3.21053975e0,6.29576727e-1,1.69964666e-1
11981-6103,-5.81212244e-1,-4.04217779e-1,-1.30276335e0,-1.31660608e0,-6.48239203e-1,-1.23567691e0,-1.18420486e-1,-9.13911462e-2
11981-6104,-2.91481212e-1,-1.72581002e-1,-7.01884021e-1,-5.86529465e-1,-4.18679653e-1,-5.89648593e-1,-5.94209420e-2,-3.66757729e-2
11981-9102,3.51524471e-1,2.55490918e-1,7.79529566e-1,8.38600963e-1,3.70065010e-1,7.93245688e-1,7.25181143e-2,5.73913603e-2
11982-12702,4.51397131e-1,6.83407187e-2,1.26661152e0,2.50219942e-1,1.04165012e0,2.82962518e-1,8.71770475e-2,1.26545336e-2
11982-12703,-2.35069839e-1,6.76135212e-2,-6.44781207e-1,-1.72599430e-1,-4.38346224e-1,-3.91947677e-1,-1.06994356e-1,3.21125298e-3
11982-12705,-1.03097509e0,-4.47675142e-1,-2.65522040e0,-1.55529246e0,-1.85269875e0,-1.62092373e0,-2.06107663e-1,-9.16795243e-2
11982-1901,-7.91319897e-1,-2.67384132e-1,-2.10447702e0,-9.40374561e-1,-1.56783305e0,-9.99494407e-1,-1.56373576e-1,-5.35719921e-2
11982-3701,1.71560878e0,6.61952915e-1,4.50637861e0,2.32142457e0,3.27373369e0,2.45596578e0,3.40762198e-1,1.33322380e-1
11982-3702,-4.51671931e-1,-2.03237734e-1,-1.14767092e0,-6.97366816e-1,-7.80171752e-1,-7.12579257e-1,-9.04722692e-2,-4.25056955e-2
11982-3703,8.41827439e-2,1.56960402e-2,2.42917482e-1,6.15894477e-2,2.07978832e-1,7.61985183e-2,1.61642202e-2,2.48213946e-3
11982-3704,1.44813040e0,4.81084088e-1,3.86150535e0,1.69579438e0,2.89104192e0,1.80877480e0,2.85945146e-1,9.59920739e-2
11982-6101,3.17940293e-1,4.93696057e-1,3.67633743e-1,1.30327744e0,-2.07940928e-1,8.71399677e-1,4.35243985e-2,1.32261747e-1
11982-6102,-1.52004623e-1,-1.66432857e-1,-2.55565081e-1,-4.90968154e-1,-1.46893693e-2,-3.88904077e-1,-2.93611653e-2,-4.20168307e-2
11982-6104,-3.12468171e-3,-1.33102093e-2,2.41581690e-2,8.33699235e-3,3.26894150e-2,7.17001223e-2,3.11490702e-3,-6.90567771e-3
11982-9101,4.93860419e-2,3.15733337e-3,1.08052331e-1,-6.53335649e-2,9.43021148e-2,-1.51799961e-1,3.41055550e-3,6.25092295e-3
11982-9102,2.58215654e-1,1.07024067e-1,6.74121569e-1,3.74477526e-1,4.83921401e-1,3.94891533e-1,5.13754305e-2,2.16386122e-2
11983-12703,-2.36351611e-1,-1.68604840e-1,-5.42823764e-1,-5.69825718e-1,-2.82184132e-1,-5.67359641e-1,-4.88646565e-2,-3.61599744e-2
11983-12704,8.15346896e-1,-4.55863645e-2,2.31738105e0,-1.60406107e-1,1.95080141e0,-1.70490656e-1,1.56250930e-1,-9.12941650e-3
11983-12705,-3.19225272e-1,-2.88817335e-1,-6.13987716e-1,-8.53348325e-1,-1.88309681e-1,-6.87419817e-1,-6.03301223e-2,-7.21989556e-2
11983-1901,3.13439872e-1,3.72798072e-1,5.83261474e-1,1.24629072e0,7.62948642e-2,1.21685412e0,6.83921920e-2,8.13752186e-2
11983-1902,-6.07449213e-1,-1.67659433e-1,-1.66138970e0,-6.06793800e-1,-1.30094347e0,-6.72839815e-1,-1.19099128e-1,-3.18458680e-2
11983-3701,-2.58802395e-1,-1.32642946e-1,-6.40341579e-1,-4.51255693e-1,-4.09805105e-1,-4.54603144e-1,-5.22464324e-2,-2.81357081e-2
11983-3702,-6.55028042e-1,-4.50321599e-1,-1.46772487e0,-1.45473595e0,-7.36979291e-1,-1.34885541e0,-1.32572383e-1,-1.02842224e-1
11983-6102,3.79869532e-1,-1.10660079e-1,1.18004575e0,-3.59566818e-1,1.12600737e0,-3.33291468e-1,7.03465800e-2,-2.52103808e-2
11983-6103,1.06578217e0,5.27715674e-1,2.66533380e0,1.80570198e0,1.74700316e0,1.83662920e0,2.14642078e-1,1.10876479e-1
11983-6104,-4.02948671e-1,-3.12335361e-1,-8.49904439e-1,-9.58750038e-1,-3.70432630e-1,-8.24421309e-1,-7.84844805e-2,-7.52537580e-2
11983-9101,4.09016778e-1,-3.37880990e-2,1.24973220e0,-7.20166218e-2,1.15939988e0,-2.95007223e-4,7.70179406e-2,-1.15356866e-2
11983-9102,8.95976756e-1,5.35820904e-1,2.05407915e0,1.72863775e0,1.09914184e0,1.59500549e0,1.81305152e-1,1.22750878e-1
11984-12701,1.07983200e-2,4.94043754e-2,-3.32632834e-2,1.06278331e-1,-7.90508617e-2,3.40709422e-2,-1.44896571e-3,1.50965006e-2
11984-12702,-7.82053623e-1,-5.44022546e-1,-1.75392526e0,-1.77105655e0,-8.75470176e-1,-1.66123918e0,-1.59190739e-1,-1.23067298e-1
11984-12703,-2.24876725e-1,-1.51537620e-1,-4.96404678e-1,-4.51610370e-1,-2.60733096e-1,-3.75234787e-1,-4.20016037e-2,-3.72178824e-2
11984-1901,-5.51373997e-1,-1.63052510e-1,-1.53486716e0,-6.31900414e-1,-1.21696320e0,-7.58374491e-1,-1.09791766e-1,-2.70432642e-2
11984-3701,-7.92713116e-1,-4.12092569e-1,-1.95332571e0,-1.39585773e0,-1.24098167e0,-1.39728394e0,-1.59889850e-1,-8.79811384e-2
11984-3702,3.34007562e-1,5.32370601e-2,9.12696756e-1,1.58156442e-1,7.37602737e-1,1.31039319e-1,6.28742622e-2,1.32142531e-2
11984-3704,5.38446634e-1,5.51836010e-2,1.52077042e0,2.06397845e-1,1.26410279e0,2.40353433e-1,1.03732607e-1,9.76933808e-3
11984-6101,3.04998868e-2,5.51084102e-2,4.68266596e-2,1.88675294e-1,-1.58640220e-2,1.91673440e-1,7.07183563e-3,1.15821287e-2
11984-6102,-1.84161058e-1,-1.23789603e-1,-4.12891122e-1,-4.02886512e-1,-2.04464554e-1,-3.76612093e-1,-3.76710777e-2,-2.80606067e-2
11984-6104,-5.64028901e-1,-2.07874068e-1,-1.48983990e0,-7.31490487e-1,-1.09408330e0,-7.77997494e-1,-1.11841069e-1,-4.16118962e-2
11984-9101,-2.66492249e-1,-1.69830564e-1,-5.99921560e-1,-5.25763845e-1,-3.19796370e-1,-4.57456757e-1,-5.20672123e-2,-4.06424485e-2
11984-9102,-6.37446672e-1,-4.47929578e-1,-1.42750514e0,-1.45595977e0,-7.11643925e-1,-1.36395074e0,-1.29447391e-1,-1.01458906e-1
12066-12701,-4.74711634e-1,-4.03576792e-1,-9.51905615e-1,-1.22698170e0,-3.38992083e-1,-1.03196158e0,-9.28093074e-2,-9.85958340e-2
12066-12703,-4.76755764e-1,-3.71946850e-1,-9.84195754e-1,-1.13854229e0,-3.89088901e-1,-9.62378333e-1,-9.44418627e-2,-9.05789781e-2
12066-12704,-3.59888859e-1,-1.89682668e-1,-8.84278319e-1,-6.47184565e-1,-5.53945273e-1,-6.52103246e-1,-7.32194714e-2,-4.01922039e-2
12066-1901,2.41240439e-1,1.14551142e-1,6.24146722e-1,4.02834614e-1,4.38488469e-1,4.27983329e-1,4.82668016e-2,2.29585254e-2
12066-3701,1.79034702e0,7.14370649e-1,4.67500227e0,2.49583004e0,3.35713167e0,2.62491515e0,3.56223899e-1,1.44846128e-1
12066-3702,-4.41954837e-1,-1.39561706e-1,-1.18790507e0,-4.95199395e-1,-9.02669387e-1,-5.33681897e-1,-8.70342833e-2,-2.75084312e-2
12066-3703,-4.33032103e-1,-2.08343271e-1,-1.09258326e0,-7.17167454e-1,-7.29601582e-1,-7.36417591e-1,-8.70809641e-2,-4.33458479e-2
12066-3704,1.03157833e-1,1.52640492e-1,1.28592888e-1,4.50510465e-1,-8.04420683e-2,3.55621515e-1,2.02623406e-2,3.85981475e-2
12066-6101,1.78526746e0,6.19032036e-1,4.72608703e0,2.16977414e0,3.49031300e0,2.29403388e0,3.53301766e-1,1.24780927e-1
12066-6103,-3.44274496e-1,-1.56136079e-1,-8.74182619e-1,-5.35980095e-1,-5.93250722e-1,-5.48156057e-1,-6.89784256e-2,-3.26257851e-2
12066-9101,7.97162576e-2,2.19599978e-1,-7.20684298e-4,5.23557508e-1,-2.07977250e-1,3.03911551e-1,-1.60439551e-3,5.68368368e-2
12066-9102,-5.27890449e-1,-3.38275121e-1,-1.20817216e0,-1.10428925e0,-6.40033232e-1,-1.03973323e0,-1.07257926e-1,-7.62721547e-2
12067-12701,-4.40418395e-1,-1.96839246e-1,-1.12429307e0,-6.80930844e-1,-7.69661595e-1,-7.04634986e-1,-8.83118356e-2,-4.06157457e-2
12067-12703,-5.13622532e-1,-3.42986003e-1,-1.16499758e0,-1.11662993e0,-6.03138929e-1,-1.04787371e0,-1.04235171e-1,-7.75665647e-2
12067-12704,1.10226628e-1,7.77648818e-2,2.56287637e-1,2.71101019e-1,1.33321123e-1,2.77416085e-1,2.36330935e-2,1.62019385e-2
12067-1901,1.95168975e0,5.31874405e-1,5.26450744e0,1.87602304e0,4.03258755e0,2.00329475e0,3.83345654e-1,1.05993299e-1
12067-1902,1.31118449e-1,1.03723290e-1,3.09041037e-1,3.60248862e-1,1.71348889e-1,3.75129507e-1,2.71318804e-2,2.12570220e-2
12067-3702,-4.61164773e-1,-2.82180499e-1,-1.11228197e0,-9.64622730e-1,-6.64577982e-1,-9.79000685e-1,-9.41374488e-2,-5.94032899e-2
12067-3704,5.63497674e-1,3.13252243e-1,1.39648480e0,1.07503509e0,8.96138424e-1,1.09990375e0,1.13757310e-1,6.54477625e-2
12067-6101,-3.43842249e-1,-3.77945421e-1,-5.84916969e-1,-1.11927440e0,-4.76217839e-2,-8.97061700e-1,-6.60919745e-2,-9.48298469e-2
12067-6102,4.22863603e-1,1.96515245e-1,1.07537881e0,6.79804024e-1,7.29860112e-1,7.03421784e-1,8.49175176e-2,4.05508820e-2
12067-6103,1.03893865e0,3.58458178e-2,2.92618890e0,1.31764681e-1,2.42490902e0,1.50004568e-1,2.00042313e-1,6.57847472e-3
12067-9101,-1.42889729e-1,1.05399980e-1,-6.05569496e-1,1.37958766e-1,-6.54486724e-1,-1.40402354e-1,-3.88274043e-2,4.02574839e-2
12067-9102,5.75998623e-2,-1.36241985e-1,2.89115915e-1,-4.38943648e-1,4.05313067e-1,-4.01859798e-1,8.36188744e-3,-3.13620612e-2
12068-12702,2.76167769e-2,-8.39457767e-2,1.25185060e-1,-2.93869647e-1,1.71504617e-1,-3.09797174e-1,3.73418797e-3,-1.69687833e-2
12068-12703,-1.53670949e-1,-1.11548372e-1,-3.28056256e-1,-2.71421780e-1,-1.90034355e-1,-1.65649692e-1,-2.11909714e-2,-2.99844340e-2
12068-12704,-3.60698518e-1,-3.73408016e-1,-6.46254111e-1,-9.87161572e-1,-1.89880801e-1,-6.82192491e-1,-5.32247456e-2,-9.83180456e-2
12068-12705,-7.02626276e-2,4.76397012e-2,-2.11122211e-1,-3.77555763e-2,-1.03693940e-1,-1.53612799e-1,-4.22845610e-2,1.28167055e-2
12068-3701,8.14960994e-2,-4.23613527e-2,2.44793002e-1,-1.50745932e-1,2.24949856e-1,-1.63205371e-1,1.51576905e-2,-8.30374151e-3
12068-3704,-3.87802059e-1,-3.59691318e-1,-7.34321142e-1,-1.06989931e0,-2.00763365e-1,-8.65352687e-1,-7.45724118e-2,-8.98273947e-2
12068-6101,-5.79907270e-1,-9.06838191e-2,-1.60628419e0,-3.24713698e-1,-1.29206530e0,-3.55064361e-1,-1.12596341e-1,-1.75618901e-2
12068-6102,-4.50613131e-1,-1.87116691e-1,-1.19069956e0,-6.62172122e-1,-8.74477641e-1,-7.10691655e-1,-8.93897553e-2,-3.70648864e-2
12068-9101,-7.19810526e-1,-4.13977236e-1,-1.72722873e0,-1.38442447e0,-1.03277796e0,-1.35803718e0,-1.45632855e-1,-9.01073497e-2
12068-9102,-2.59187425e-1,-1.64346779e-1,-6.09938318e-1,-5.54121559e-1,-3.42417367e-1,-5.49703865e-1,-5.31058471e-2,-3.53730708e-2
12069-12701,-2.23853846e-1,-1.27212284e-1,-5.29802239e-1,-4.17921145e-1,-3.10735841e-1,-3.94760945e-1,-4.54448588e-2,-2.88423727e-2
12069-12702,-7.45138447e-2,-2.06984125e-2,-1.60632257e-1,4.84276331e-4,-1.08822545e-1,9.35294702e-2,-1.04036038e-2,-1.04186956e-2
12069-12703,2.52474701e-1,-1.72770788e-1,8.14948601e-1,-5.97887799e-1,8.21165248e-1,-6.18814997e-1,4.53848382e-2,-3.56354805e-2
12069-12705,-2.42898686e-1,-2.53942015e-1,-4.49293279e-1,-6.56446926e-1,-1.53963313e-1,-4.55725516e-1,-3.14794591e-2,-6.43118981e-2
12069-1902,-5.54507485e-1,-3.31864928e-1,-1.31072712e0,-1.10069298e0,-7.56064783e-1,-1.06510564e0,-1.12315478e-1,-7.31249504e-2
12069-3704,3.31700355e0,3.46361043e-1,9.24942124e0,1.24424530e0,7.53049184e0,1.36747499e0,6.41910580e-1,6.66496318e-2
12069-6102,-5.60470102e-1,-5.66301502e-1,-9.98550034e-1,-1.62929004e0,-1.97206124e-1,-1.25040200e0,-1.02612554e-1,-1.45030546e-1
12069-6104,-6.23003487e-1,-1.69782680e-1,-1.68739843e0,-6.02309740e-1,-1.30190531e0,-6.48984341e-1,-1.22222417e-1,-3.34755021e-2
12069-9101,-1.36174942e-2,-2.55394082e-2,3.38058666e-3,-3.27396736e-2,2.84406669e-2,2.97326309e-2,9.92328307e-4,-9.37128515e-3
12069-9102,6.60499762e-1,2.36351154e-1,1.73821533e0,8.26291253e-1,1.26820026e0,8.69708415e-1,1.31047227e-1,4.78746825e-2
12070-12701,-1.83496751e-1,-1.52144462e-1,-3.78290634e-1,-4.34069137e-1,-1.75885228e-1,-3.47484686e-1,-3.11807930e-2,-3.88441084e-2
12070-12702,2.28447798e-2,1.37175441e-1,-1.28010602e-1,3.34629479e-1,-2.84933621e-1,1.47298104e-1,1.83712666e-3,4.25417449e-2
12070-12704,-5.89762414e-1,-3.15432846e-1,-1.44192122e0,-1.06345774e0,-9.00601608e-1,-1.05663287e0,-1.19044961e-1,-6.78330287e-2
12070-12705,7.40597773e-1,-3.37585441e-2,2.12935626e0,-1.08916856e-1,1.82539861e0,-9.87923073e-2,1.41264085e-1,-7.79733772e-3
12070-1902,6.70292807e-2,1.31869597e-2,1.76599415e-1,4.38933414e-2,1.29500126e-1,4.23744773e-2,1.32621237e-2,2.90329391e-3
12070-3704,-4.15115807e-1,-2.17233111e-1,-1.01566611e0,-7.29850810e-1,-6.36538054e-1,-7.21134881e-1,-8.36699307e-2,-4.69632926e-2
12070-6101,-9.82764925e-2,-7.28284617e-2,-2.07160839e-1,-2.28154856e-1,-8.50773177e-2,-1.99790356e-1,-1.99146374e-2,-1.73239994e-2
12070-6102,-1.15598143e-1,-1.05198969e-1,-2.13785841e-1,-3.26183364e-1,-3.57854339e-2,-2.77635489e-1,-2.41720409e-2,-2.54496201e-2
12070-6104,-3.19037605e-1,-1.82178839e-1,-7.66514659e-1,-6.13265164e-1,-4.56792379e-1,-6.06976164e-1,-6.48599773e-2,-3.93016214e-2
12070-9101,-3.30971250e-1,-1.84223417e-1,-7.95593286e-1,-6.11311511e-1,-4.80451115e-1,-5.92627402e-1,-6.66503185e-2,-4.05383647e-2
12070-9102,5.70906091e-1,3.85671905e-1,1.28318785e0,1.27015513e0,6.31176061e-1,1.20925526e0,1.17744722e-1,8.60685917e-2
12071-12704,-2.02318082e-1,-1.49054778e-1,-4.42775396e-1,-3.95893575e-1,-2.57606601e-1,-2.91166181e-1,-3.05137981e-2,-3.79567280e-2
12071-1902,-6.02998550e-1,-2.58468550e-1,-1.55147202e0,-8.95536182e-1,-1.08105494e0,-9.29332596e-1,-1.20517798e-1,-5.31788681e-2
12071-3702,-5.72135568e-1,-3.64988114e-1,-1.33655771e0,-1.21749732e0,-7.41395595e-1,-1.18787898e0,-1.16757570e-1,-7.98039256e-2
12071-3704,-5.56431337e-1,-3.29434087e-1,-1.32811932e0,-1.10859215e0,-7.77803944e-1,-1.09666746e0,-1.13328231e-1,-7.11042461e-2
12071-6101,5.07749440e-2,1.32261010e-1,1.57800785e-2,4.45543115e-1,-1.69137861e-1,4.26515367e-1,1.49284161e-2,2.92561013e-2
12071-6102,-6.66506718e-1,-2.72057341e-1,-1.73176126e0,-9.48262460e-1,-1.23076710e0,-9.93383295e-1,-1.32862120e-1,-5.53997293e-2
12071-6103,-1.37321700e-1,-1.69021296e-1,-2.72855998e-1,-5.76781141e-1,-6.92573617e-2,-5.83669899e-1,-2.96883397e-2,-3.56850589e-2
12071-9101,-7.61005451e-1,-3.16532587e-1,-1.97209783e0,-1.10193404e0,-1.39415804e0,-1.15223529e0,-1.51811255e-1,-6.45903249e-2
12071-9102,-5.04584844e-1,-2.31832820e-1,-1.29414268e0,-8.24585441e-1,-8.80253295e-1,-8.81029755e-1,-1.02853244e-1,-4.59614325e-2
12073-12704,6.00967622e-1,3.03701603e-1,1.45084954e0,1.00668896e0,8.80080692e-1,9.69841464e-1,1.21581206e-1,6.71099108e-2
12073-12705,8.09880982e0,4.47419990e-1,2.26988507e1,1.61256366e0,1.86501044e1,1.78148687e0,1.56317837e0,8.55312869e-2
12073-3703,2.16222573e0,6.94529994e-1,5.66157691e0,2.35142171e0,4.12625252e0,2.36093087e0,4.25844618e-1,1.48031278e-1
12073-3704,-7.03340571e-1,-4.00835887e-1,-1.69515283e0,-1.34793053e0,-1.02118013e0,-1.33318124e0,-1.42566223e-1,-8.65595048e-2
12073-6104,7.45709045e0,1.04887010e0,2.07215166e1,3.76625010e0,1.67627397e1,4.13513873e0,1.44585147e0,2.02056462e-1
12073-9102,2.65714954e0,1.07114746e-1,7.46168547e0,3.87620244e-1,6.15172856e0,4.30930393e-1,5.12358883e-1,2.03098096e-2
12074-12704,2.96732342e-1,3.57121838e-1,4.86409144e-1,1.10271487e0,-2.20500696e-2,9.44880315e-1,6.08065420e-2,8.61897264e-2
12074-1902,2.53288690e0,7.19606159e-1,6.79115952e0,2.52853133e0,5.14221470e0,2.68339367e0,4.98740937e-1,1.44423136e-1
12074-3701,-6.44690125e-1,-2.86287999e-1,-1.64982544e0,-9.89961865e-1,-1.13655837e0,-1.02408250e0,-1.29063792e-1,-5.91023018e-2
12074-3703,1.21317160e0,4.67142407e-1,3.00990287e0,1.44529967e0,2.01887186e0,1.25517730e0,2.35353171e-1,1.11944312e-1
12074-3704,-6.46501153e-3,-5.37557349e-2,6.43108236e-2,-1.30356651e-1,1.40288937e-1,-5.53129377e-2,-5.25212880e-4,-1.62064249e-2
12074-6101,3.34170334e0,7.33271052e-1,9.10170616e0,2.59361186e0,7.09736932e0,2.77597160e0,6.54232757e-1,1.45634823e-1
12074-6102,-1.96513053e-3,-2.54377598e-3,-4.13824869e-3,-9.94782561e-3,-6.23434839e-4,-1.18533897e-2,-5.09575366e-4,-4.20367824e-4
12074-9102,1.26530543e0,5.52090693e-1,3.15701510e0,1.82503759e0,2.08971765e0,1.76152512e0,2.51551410e-1,1.22002875e-1
12075-12702,2.06914112e0,4.30903139e-1,5.65009281e0,1.51987255e0,4.43184820e0,1.62373361e0,4.03991470e-1,8.58458655e-2
12075-12703,2.96564124e-1,1.67704363e-1,7.27111443e-1,5.74398928e-1,4.53288739e-1,5.84738178e-1,6.02229190e-2,3.51950834e-2
12075-12705,-3.20168686e-1,-1.51949184e-1,-7.98483734e-1,-5.13762898e-1,-5.22646685e-1,-5.12896899e-1,-6.42709681e-2,-3.25290837e-2
12075-1902,-2.62570374e-1,-5.48843312e-2,-7.28129571e-1,-2.00143321e-1,-5.85338492e-1,-2.24541097e-1,-5.11020678e-2,-1.02634699e-2
12075-3702,1.69043685e-1,-7.29828761e-2,5.94617797e-1,-1.92780956e-1,6.33665446e-1,-1.06785952e-1,3.15078452e-2,-2.08897503e-2
12075-3703,2.01526102e0,8.06427331e-1,5.12372387e0,2.69047110e0,3.52759130e0,2.63529447e0,3.99367016e-1,1.75915690e-1
12075-3704,-1.51031408e-1,1.48017165e-1,-6.30877404e-1,4.32134456e-1,-7.82149775e-1,3.17438078e-1,-2.55386811e-2,3.85832398e-2
12075-6101,-4.11906510e-1,-1.92775179e-1,-1.06363530e0,-7.00331033e-1,-7.25827851e-1,-7.66823637e-1,-8.48432155e-2,-3.69717259e-2
12075-6102,-4.82021696e-1,-2.49222997e-1,-1.20152032e0,-8.54487386e-1,-7.81011748e-1,-8.72004636e-1,-9.72287562e-2,-5.21882867e-2
12075-6103,-5.13753877e-1,-2.55359969e-1,-1.29976566e0,-9.23484339e-1,-8.41318919e-1,-9.97157575e-1,-1.07503199e-1,-4.97631607e-2
12075-6104,8.50094197e-2,8.43287521e-2,1.85933250e-1,2.88877498e-1,8.07891882e-2,2.95863784e-1,1.77548268e-2,1.76064839e-2
12075-9101,1.88243937e0,-5.51693663e-3,5.30316010e0,-1.76081970e-2,4.39693569e0,-1.55085398e-2,3.62371806e-1,-1.29766117e-3
12075-9102,-6.03003477e-1,-3.69187086e-1,-1.41285195e0,-1.21652163e0,-7.99336772e-1,-1.16549590e0,-1.21966767e-1,-8.20766455e-2
12078-12704,1.29194866e-1,-1.07592135e-1,4.16326071e-1,-3.79407031e-1,4.20418541e-1,-4.04776726e-1,2.30859561e-2,-2.14576461e-2
12078-1901,-3.13184219e-1,-8.05508228e-2,-8.51264369e-1,-2.86095779e-1,-6.61248596e-1,-3.08859270e-1,-6.13418133e-2,-1.58458366e-2
12078-1902,-4.72183981e-2,-3.61919623e-3,-1.35354008e-1,-1.43371800e-2,-1.15263010e-1,-1.79991119e-2,-9.03774699e-3,-5.56334614e-4
12078-3701,1.86623346e0,3.02085670e-1,5.14646357e0,1.07103737e0,4.10968363e0,1.15369678e0,3.62827460e-1,5.96026230e-2
12078-3703,-7.33263425e-1,-3.23796241e-1,-1.88580778e0,-1.12488971e0,-1.31182242e0,-1.17234268e0,-1.46664846e-1,-6.63121611e-2
12078-3704,1.72018877e0,4.06157499e-1,4.67817330e0,1.43817180e0,3.63863568e0,1.54510831e0,3.36756899e-1,8.03606549e-2
12078-6101,-3.87054977e-1,-2.01441869e-1,-9.66144358e-1,-6.93019923e-1,-6.29035830e-1,-7.10915722e-1,-7.81416792e-2,-4.19519209e-2
12078-6102,2.56721661e0,4.35886150e-1,7.06816719e0,1.54585833e0,5.62683530e0,1.66553355e0,4.99568357e-1,8.59689345e-2
12078-6103,5.37088000e-1,2.43593163e-1,1.36649119e0,8.37510397e-1,9.31329375e-1,8.58873482e-1,1.07543955e-1,5.07612301e-2
12078-6104,1.41017145e-1,1.70091453e-1,2.27597204e-1,5.18239081e-1,-1.33085700e-2,4.33769583e-1,2.84722269e-2,4.17005965e-2
12079-12701,-2.70893193e-1,-4.21309107e-1,-3.05085159e-1,-1.09773352e0,1.85316517e-1,-7.08807596e-1,-3.62881832e-2,-1.14214426e-1
12079-12702,-4.77363288e-1,-2.80051673e-1,-1.14750738e0,-9.44754788e-1,-6.85282707e-1,-9.39232177e-1,-9.69618939e-2,-6.01815341e-2
12079-12703,-2.86070780e-1,-2.05844566e-1,-6.26263135e-1,-6.58599485e-1,-2.94363456e-1,-5.98170354e-1,-5.81112286e-2,-4.78628220e-2
12079-12705,4.37282521e-2,1.45828442e-1,-4.97317085e-2,3.93876811e-1,-2.22971605e-1,2.60707177e-1,6.12248346e-3,3.96453068e-2
12079-1902,-2.70249318e-1,-1.35941456e-1,-6.61565368e-1,-4.54964593e-1,-4.15262656e-1,-4.46316187e-1,-5.44598109e-2,-2.95771964e-2
12079-3701,-3.67876263e-1,-4.00616337e-1,-6.14429134e-1,-1.13912565e0,-5.51248044e-2,-8.50586588e-1,-6.66897595e-2,-1.03930126e-1
12079-3703,-5.61322691e-1,-2.18940530e-1,-1.47752271e0,-7.71594137e-1,-1.07638583e0,-8.22226396e-1,-1.11558437e-1,-4.37204410e-2
12079-3704,6.01138384e-1,2.85020766e-1,1.50860332e0,9.76098197e-1,9.95621048e-1,9.93581938e-1,1.21057908e-1,5.98227394e-2
12079-6101,-5.72925104e-1,-2.61531281e-1,-1.46881433e0,-9.09821070e-1,-1.01386040e0,-9.50076152e-1,-1.14812501e-1,-5.34398450e-2
12079-6104,-1.45494580e-1,-1.95363295e-2,-3.99415747e-1,-6.84213455e-2,-3.16310352e-1,-7.22069661e-2,-2.83479268e-2,-3.94510057e-3
12079-9101,-3.92672472e-1,-2.69103896e-1,-8.79720859e-1,-8.73186761e-1,-4.38158484e-1,-8.13230475e-1,-7.99691200e-2,-6.12191319e-2
12079-9102,1.62208983e-1,1.44242337e-1,3.50759789e-1,4.87619735e-1,1.45376946e-1,4.85403361e-1,3.41878403e-2,3.09337741e-2
12080-12701,-2.80845107e-1,-2.06497450e-1,-5.94919252e-1,-5.74191408e-1,-3.01671889e-1,-4.28538923e-1,-4.82602778e-2,-5.34038860e-2
12080-12704,-4.81710151e-1,-4.00036654e-1,-9.78361972e-1,-1.22211668e0,-3.65762676e-1,-1.03675238e0,-9.44732594e-2,-9.72055234e-2
12080-12705,4.78549260e-1,3.24187487e-1,1.07691987e0,1.02880739e0,5.62643239e-1,9.32782784e-1,9.48403950e-2,7.53891837e-2
12080-1901,5.82486602e-1,6.38623151e-1,1.03545244e0,2.05096565e0,6.90218121e-2,1.86555955e0,1.25077130e-1,1.47696353e-1
12080-1902,-6.55995205e-1,-2.97315330e-1,-1.67489380e0,-1.02879493e0,-1.14738650e0,-1.06527947e0,-1.31493641e-1,-6.13120656e-2
12080-3702,2.51700758e-1,2.28177875e-1,5.45984185e-1,7.73983185e-1,2.29250327e-1,7.75596512e-1,5.29858276e-2,4.86407087e-2
12080-6103,3.04307631e-1,5.61192688e-2,8.35270217e-1,1.84968779e-1,6.71438872e-1,1.83498407e-1,5.80099963e-2,1.21868436e-2
12080-9101,-6.91083020e-1,-5.78641511e-1,-1.41386167e0,-1.81292703e0,-5.18696987e-1,-1.59642036e0,-1.39311175e-1,-1.37231628e-1
12081-12701,2.57405664e-1,-2.17912391e-3,7.70954633e-1,2.53905791e-2,6.90260825e-1,7.79590405e-2,4.94868939e-2,-3.68939259e-3
12081-12702,-5.40266539e-1,-3.60093464e-1,-1.23032547e0,-1.17710192e0,-6.42854978e-1,-1.11219197e0,-1.09754595e-1,-8.09807456e-2
12081-12703,-4.77580249e-1,-3.96476704e-1,-9.77537810e-1,-1.23673725e0,-3.62451166e-1,-1.08127767e0,-9.58928170e-2,-9.44925090e-2
12081-12705,-2.82866317e-1,-3.48526804e-1,-4.81841809e-1,-8.89450683e-1,-9.55658068e-2,-6.16271040e-1,-3.06278250e-2,-8.51328364e-2
12081-1901,2.98569317e0,1.34202130e0,7.72371130e0,4.68966273e0,5.43728661e0,4.93524055e0,5.96192295e-1,2.71955816e-1
12081-1902,1.93323423e0,6.29014937e-1,5.12385842e0,2.19153633e0,3.79871936e0,2.29583007e0,3.81867948e-1,1.28127568e-1
12081-3704,1.41045157e0,9.64708958e-1,3.28369257e0,3.26844794e0,1.77813210e0,3.26560964e0,2.90798179e-1,2.06176952e-1
12081-6101,4.31088928e-1,1.64757849e-1,1.13448613e0,5.78087488e-1,8.27477316e-1,6.12124013e-1,8.55512076e-2,3.31519094e-2
12081-6104,-6.13141732e-1,-5.30062244e-1,-1.22688002e0,-1.63563993e0,-4.17373299e-1,-1.40609496e0,-1.22079276e-1,-1.27737324e-1
12082-12702,1.70970230e-1,2.81525663e-1,1.85180387e-1,7.28663484e-1,-1.31753704e-1,4.78062910e-1,2.01442730e-2,7.46540651e-2
12082-12703,-2.85340033e-1,-1.10235555e-1,-7.52758414e-1,-4.14072432e-1,-5.32007568e-1,-4.64838673e-1,-5.94683104e-2,-2.03101340e-2
12082-1902,3.92221059e-1,3.56964615e-1,8.12841110e-1,1.17639439e0,2.88000204e-1,1.12394189e0,8.21859854e-2,7.94774116e-2
12082-3701,-1.40758731e-1,-1.60545635e-2,-4.03018516e-1,-6.42212344e-2,-3.40914264e-1,-8.10002320e-2,-2.71125891e-2,-2.42164571e-3
12082-3703,5.26210297e-1,5.13913268e-1,1.01437820e0,1.62206352e0,2.60606974e-1,1.44772968e0,1.07442517e-1,1.20732310e-1
12082-6101,-2.90675981e-1,-1.14728739e-1,-7.61800057e-1,-4.01810126e-1,-5.51215482e-1,-4.24446902e-1,-5.77459192e-2,-2.31533676e-2
12082-6104,-2.61421622e-3,1.78268815e-2,-9.12387099e-3,7.56804160e-2,-1.82649027e-2,9.90025284e-2,3.70578543e-4,2.33002855e-3
12082-9102,-1.35298581e-1,-4.12666861e-3,-3.89323338e-1,-1.07353195e-1,-2.91813665e-1,-1.77239083e-1,-3.78173851e-2,1.80844948e-3
12083-12704,-2.00784361e-1,-1.93208737e-1,-4.69252859e-1,-6.78582495e-1,-2.51763326e-1,-7.19420421e-1,-4.18290681e-2,-3.88151232e-2
12083-3703,4.18027724e-1,1.20047137e-1,1.13127132e0,4.26333350e-1,8.71337861e-1,4.60172037e-1,8.20477785e-2,2.36203196e-2
12083-6104,-4.76530223e-1,-2.79046758e-1,-1.14904049e0,-9.46202707e-1,-6.89233593e-1,-9.48026467e-1,-9.69655419e-2,-5.95048956e-2
12084-12701,5.92730823e-3,1.55970147e-1,-1.39188914e-1,3.17183055e-1,-2.43338663e-1,1.28725179e-1,-1.90073625e-2,3.96972647e-2
12084-12702,-3.85485910e-1,-2.66823833e-1,-8.51044724e-1,-8.41899806e-1,-4.17899000e-1,-7.53117206e-1,-7.68391693e-2,-6.26176220e-2
12084-12703,-7.01621317e-1,-4.26709974e-1,-1.65861309e0,-1.42185228e0,-9.54027987e-1,-1.38634079e0,-1.42407373e-1,-9.33858453e-2
12084-12704,-3.44599995e-1,-2.21968617e-1,-7.71867964e-1,-6.82207791e-1,-4.08394156e-1,-5.87833063e-1,-6.68880589e-2,-5.34447225e-2
12084-1901,3.87694852e-1,1.78873154e-1,9.98802953e-1,6.25285323e-1,6.96249584e-1,6.58096181e-1,7.76034362e-2,3.62362431e-2
12084-1902,-8.70862211e-1,-4.43665603e-1,-2.16915262e0,-1.51726836e0,-1.40868477e0,-1.54196754e0,-1.75591475e-1,-9.32980670e-2
12084-3701,-8.40319507e-1,-3.31003612e-1,-2.19950935e0,-1.15948019e0,-1.58613174e0,-1.22432135e0,-1.67156042e-1,-6.68084019e-2
12084-3702,-3.18072084e-1,-1.12698922e-1,-8.29560266e-1,-3.85647469e-1,-5.97910904e-1,-3.93003477e-1,-6.29515663e-2,-2.36506465e-2
12084-3703,5.37459725e-1,2.89679855e-1,1.35156499e0,1.00643311e0,8.92852226e-1,1.04892957e0,1.08469596e-1,5.93206627e-2
12084-6101,-1.01649828e-1,6.24167843e-2,-3.31689614e-1,2.14540555e-1,-3.39058026e-1,2.19308505e-1,-1.81178776e-2,1.30335825e-2
12084-6102,-7.42772631e-1,-3.02878336e-1,-1.92779881e0,-1.05276190e0,-1.36836310e0,-1.09839005e0,-1.47981629e-1,-6.19615468e-2
12084-6104,7.96591305e-2,4.88081874e-2,2.00817600e-1,1.71772559e-1,1.32822941e-1,1.82710351e-1,1.61183654e-2,9.76874605e-3
12084-9101,8.72029545e-2,-1.61603920e-3,2.48842403e-1,-5.16416834e-3,2.10897558e-1,-4.56269717e-3,1.66771401e-2,-3.79381551e-4
12085-12701,-2.74762356e-1,-1.87139696e-1,-6.11788533e-1,-5.90938551e-1,-3.08832078e-1,-5.31616185e-1,-5.44774411e-2,-4.37201139e-2
12085-12704,-9.31386618e-1,-4.50081849e-1,-2.35343701e0,-1.55247574e0,-1.57588059e0,-1.59939880e0,-1.87295223e-1,-9.33167327e-2
12085-12705,-2.73839172e-1,-2.55011949e-1,-5.28787869e-1,-6.97617836e-1,-1.99813421e-1,-5.16820018e-1,-4.34215393e-2,-6.52056802e-2
12085-1901,3.00156370e0,1.32037076e0,7.66797644e0,4.53731312e0,5.27686246e0,4.65039320e0,5.99811510e-1,2.75339967e-1
12085-1902,1.85782987e0,9.20162546e-1,4.75209834e0,3.21475347e0,3.26121965e0,3.38105476e0,3.72818369e-1,1.86572351e-1
12085-3701,2.70416874e-1,1.49330596e-1,6.73044969e-1,5.15729902e-1,4.34639821e-1,5.32418713e-1,5.46976187e-2,3.08944355e-2
12085-3703,-2.71977994e-1,-5.46180272e-2,-7.49244027e-1,-1.95667043e-1,-5.96526595e-1,-2.14101707e-1,-5.29608320e-2,-1.05678348e-2
12085-3704,-1.59980532e-1,-3.46241998e-2,-4.36650882e-1,-1.22715904e-1,-3.41873609e-1,-1.31954521e-1,-3.12767061e-2,-6.84179465e-3
12085-6101,8.14581654e-1,4.08004580e-1,2.04508469e0,1.40220177e0,1.35137993e0,1.43657917e0,1.63957555e-1,8.50968394e-2
12085-6103,9.85633247e-1,5.65088047e-1,2.40724741e0,1.92790787e0,1.49055008e0,1.95181911e0,1.99931099e-1,1.19291535e-1
12085-6104,1.04190552e-1,7.11780153e-2,2.58386442e-1,2.50022967e-1,1.64236154e-1,2.65148427e-1,2.12102315e-2,1.42952667e-2
12085-9102,6.36372475e-1,2.17090778e-1,1.68975640e0,7.62144205e-1,1.25545832e0,8.07915208e-1,1.25785700e-1,4.36311645e-2
12087-12702,-3.93931456e-1,-2.46490597e-1,-9.11409268e-1,-8.01514534e-1,-5.02914844e-1,-7.52313806e-1,-7.92891866e-2,-5.57629288e-2
12087-12703,-2.10248165e-1,-1.04092976e-1,-5.00205996e-1,-3.47882586e-1,-2.95095418e-1,-3.20657154e-1,-4.46341743e-2,-2.44806299e-2
12087-12705,4.75725208e-1,1.13741032e-1,1.30359546e0,4.08506238e-1,1.02654914e0,4.48248012e-1,9.29849231e-2,2.19158022e-2
12087-1902,8.13270757e0,1.15250300e0,2.25782518e1,4.12346581e0,1.82405514e1,4.50402330e0,1.57697447e0,2.23519665e-1
12087-3701,7.82542362e-1,3.15691864e-1,2.02198700e0,1.08866915e0,1.42485765e0,1.12199852e0,1.55857310e-1,6.54489625e-2
12087-3702,-9.78966087e-2,-5.10440594e-2,-2.55096269e-1,-1.81450506e-1,-1.81578798e-1,-1.96104220e-1,-1.95670071e-2,-1.00265307e-2
12087-3703,-8.25286241e-1,-4.54062823e-1,-2.01531242e0,-1.53816727e0,-1.25163095e0,-1.53975934e0,-1.66986147e-1,-9.69353839e-2
12087-6101,1.09547735e0,4.09091750e-1,2.86160469e0,1.41497447e0,2.06331293e0,1.46596737e0,2.17268828e-1,8.43588169e-2
12087-6102,-3.86705268e-1,-2.40483580e-1,-8.99365473e-1,-7.80050955e-1,-5.06467813e-1,-7.32288416e-1,-7.72669986e-2,-5.44261171e-2
12087-6103,-4.53815168e-1,-2.75517208e-1,-1.12085485e0,-9.57250108e-1,-7.07889041e-1,-9.97476550e-1,-9.22730212e-2,-5.64260232e-2
12087-6104,2.57842827e-1,1.73896961e-1,5.96554186e-1,5.67575723e-1,3.31917078e-1,5.40070235e-1,5.14267863e-2,3.89502801e-2
12087-9101,-1.40867126e-1,-9.70535469e-2,-3.11030423e-1,-3.13113833e-1,-1.47815925e-1,-2.86194354e-1,-2.89675552e-2,-2.24264388e-2
12087-9102,-5.33254754e-1,-3.11767195e-1,-1.27929055e0,-1.05055920e0,-7.59631574e-1,-1.04183916e0,-1.08431132e-1,-6.71415193e-2
12088-12702,-4.51416381e-1,-4.96336990e-1,-7.72229660e-1,-1.32646662e0,-1.57860929e-1,-9.28090663e-1,-6.78609497e-2,-1.30186628e-1
12088-12704,-3.40190224e-1,-2.90701450e-1,-6.80869437e-1,-8.40189302e-1,-2.71664989e-1,-6.60232893e-1,-6.13981929e-2,-7.36137358e-2
12088-12705,-6.63679549e-1,-5.11727985e-1,-1.40124942e0,-1.59920853e0,-5.91869648e-1,-1.40459650e0,-1.32653252e-1,-1.21598799e-1
12088-1901,1.95307565e0,9.09901579e-1,5.02491175e0,3.18214099e0,3.49123283e0,3.35114466e0,3.91266766e-1,1.84194864e-1
12088-3701,2.77190009e0,5.45006647e-1,7.60561231e0,1.93750563e0,6.01420806e0,2.09483939e0,5.40481853e-1,1.07021244e-1
12088-3702,-6.06219618e-1,-2.73673575e-1,-1.55931018e0,-9.54352392e-1,-1.08354393e0,-1.00040502e0,-1.21389989e-1,-5.56854628e-2
12088-3703,-1.96128084e-1,-5.46883380e-2,-5.31713956e-1,-1.95400678e-1,-4.10296600e-1,-2.12717135e-1,-3.85252230e-2,-1.06431926e-2
12088-6101,-4.92067649e-1,-2.46515802e-1,-1.23383782e0,-8.47284029e-1,-8.12437036e-1,-8.67886963e-1,-9.91399836e-2,-5.14186187e-2
12088-6102,-1.72051874e-1,-8.64123435e-3,-5.29091706e-1,-6.99242537e-2,-4.80978931e-1,-1.39028056e-1,-3.31445374e-2,2.61461013e-3
12088-6104,4.61569679e-1,2.60273537e-1,1.10614860e0,8.72102978e-1,6.56172611e-1,8.56810816e-1,9.37498667e-2,5.65384287e-2
12088-9101,3.93449086e-2,1.80341341e-1,-8.39007921e-2,5.51557360e-1,-3.10863949e-1,4.59147629e-1,1.02845032e-2,4.42435283e-2
12089-12701,-2.40291472e-1,-1.84168892e-1,-5.09336064e-1,-5.08580028e-1,-2.59342182e-1,-3.85809508e-1,-3.94745194e-2,-4.66369014e-2
12089-12702,-5.78762705e-1,-5.23875293e-1,-1.12139014e0,-1.59138142e0,-3.31709916e-1,-1.33290496e0,-1.13836905e-1,-1.28274436e-1
12089-12703,-3.88392786e-1,-4.02510224e-1,-7.18093067e-1,-1.26105824e0,-1.32029292e-1,-1.10993573e0,-7.94053820e-2,-9.54693127e-2
12089-12705,-6.60062002e-1,-5.17184496e-1,-1.38842978e0,-1.62953916e0,-5.68871549e-1,-1.44778783e0,-1.33225162e-1,-1.21894260e-1
12089-1902,-5.84766930e-1,-1.40669358e-1,-1.59489661e0,-4.99967174e-1,-1.24702144e0,-5.40367493e-1,-1.14347568e-1,-2.76349326e-2
12089-3701,2.51746666e0,8.81359481e-2,7.06687411e0,3.18508329e-1,5.82253454e0,3.53350186e-1,4.85512519e-1,1.67574581e-2
12089-3702,2.23162974e0,5.68114998e-1,5.96496859e0,1.92829672e0,4.52674001e0,1.94878344e0,4.36010729e-1,1.20411284e-1
12089-3703,-7.97222555e-1,-4.37475409e-1,-1.94926954e0,-1.48475309e0,-1.21293921e0,-1.49035066e0,-1.61409696e-1,-9.31358921e-2
12089-3704,3.66277730e-1,-1.07695259e-2,1.05231320e0,-3.34613078e-2,9.01419523e-1,-2.78183597e-2,6.98511031e-2,-2.62641540e-3
12089-6101,1.47289608e0,7.38908031e-1,3.69154203e0,2.53228045e0,2.43340638e0,2.58376717e0,2.96245296e-1,1.54791275e-1
12089-6103,-4.92690775e-1,-3.58468798e-1,-1.09357161e0,-1.17308530e0,-5.23454665e-1,-1.10918169e0,-1.00942256e-1,-8.05439510e-2
12089-6104,1.40972833e0,4.36903051e-1,3.76734091e0,1.53897253e0,2.83277779e0,1.63952675e0,2.78106728e-1,8.72943558e-2
12089-9101,3.98032365e-1,4.38207198e-1,6.96466522e-1,1.36589134e0,5.22858967e-2,1.18475721e0,8.23881190e-2,1.04906979e-1
12090-12701,-4.93192195e-1,-1.56974706e-1,-1.32007145e0,-5.53775190e-1,-9.95802334e-1,-5.91489554e-1,-9.72174728e-2,-3.12728242e-2
12090-12702,-1.01898414e-1,-5.64352099e-2,-2.37971700e-1,-1.74928842e-1,-1.41043272e-1,-1.52194249e-1,-1.98753114e-2,-1.36333197e-2
12090-12703,-5.35426999e-1,-2.63561854e-1,-1.33916000e0,-8.99054188e-1,-8.79761936e-1,-9.10444675e-1,-1.07642648e-1,-5.56350702e-2
12090-12704,-1.38858393e-1,-2.58178254e-2,-3.81288895e-1,-9.17481933e-2,-3.01915621e-1,-9.91315008e-2,-2.70670413e-2,-5.07366337e-3
12090-12705,-3.44336286e-1,-1.05630584e-1,-9.24100224e-1,-3.72654017e-1,-7.00890762e-1,-3.98101383e-1,-6.77834836e-2,-2.10411478e-2
12090-1901,-4.03063223e-2,2.68945514e-2,-1.27955718e-1,9.43539485e-2,-1.26707302e-1,9.98217558e-2,-7.27527386e-3,5.41498917e-3
12090-1902,5.87420741e0,1.17773783e0,1.60952104e1,4.15758828e0,1.27098959e1,4.45106227e0,1.14461234e0,2.34142948e-1
12090-3701,1.33257546e0,6.73131606e-1,3.29452941e0,2.26936763e0,2.11708513e0,2.25664968e0,2.67729185e-1,1.44683401e-1
12090-3702,6.53628654e-2,1.24582769e-1,5.12326154e-2,3.70286478e-1,-1.13076000e-1,2.94883983e-1,1.32670362e-2,3.13660544e-2
12090-3704,1.19765887e1,1.22532078e0,3.33283389e1,4.37524016e0,2.70406103e1,4.76371991e0,2.31959860e0,2.38578687e-1
12090-6101,-6.95546563e-1,-4.29322499e-1,-1.62532049e0,-1.41755271e0,-9.09721570e-1,-1.36105993e0,-1.41138674e-1,-9.52364623e-2
12090-6102,2.31038689e-1,1.37926188e-1,5.71442280e-1,4.76315557e-1,3.64169783e-1,4.92264013e-1,4.67487234e-2,2.85162199e-2
12090-9101,-4.47986768e-1,-3.22938698e-1,-9.68913307e-1,-1.01002575e0,-4.47156553e-1,-8.88349588e-1,-8.92767267e-2,-7.66728101e-2
12090-9102,1.54646984e-2,4.55123987e-2,1.18144509e-2,1.53641362e-1,-3.29448671e-2,1.53093637e-1,3.77707084e-3,9.76257399e-3
12092-12701,-3.77980379e-1,-2.19147569e-1,-8.95210855e-1,-7.13480412e-1,-5.28008667e-1,-6.74385115e-1,-7.53210822e-2,-4.93168620e-2
12092-12703,-6.37410428e-1,-3.91670286e-1,-1.51796179e0,-1.32360384e0,-8.81514931e-1,-1.31813998e0,-1.30131262e-1,-8.40008235e-2
12092-3701,-7.36655689e-1,-4.69280954e-1,-1.70760894e0,-1.54321978e0,-9.38130471e-1,-1.47357480e0,-1.49277326e-1,-1.04623852e-1
12092-3703,1.63546384e0,3.53962486e-1,4.51244220e0,1.27181225e0,3.60234903e0,1.39788619e0,3.18293617e-1,6.80961323e-2
12092-3704,-1.81059126e-1,-5.43729687e-2,-4.83564394e-1,-1.89798409e-1,-3.64033874e-1,-1.99308909e-1,-3.56613854e-2,-1.10477322e-2
12092-6101,-4.45282102e-2,-3.83010978e-2,-9.17907520e-2,-1.25841774e-1,-3.11180070e-2,-1.19184559e-1,-9.40439942e-3,-8.58158232e-3
12092-6102,-6.06735454e-1,-5.32408373e-1,-1.19890746e0,-1.63599112e0,-3.83748404e-1,-1.39495243e0,-1.20752277e-1,-1.28946229e-1
12092-6104,-1.84073676e-1,-1.13123899e-1,-4.34697385e-1,-3.80600489e-1,-2.46725991e-1,-3.76149129e-1,-3.76563216e-2,-2.44325246e-2
12092-9101,-7.28185326e-1,-4.42682911e-1,-1.72998088e0,-1.48404696e0,-1.00465822e0,-1.46062810e0,-1.48036387e-1,-9.60391655e-2
12092-9102,-3.61067265e-1,-3.56650744e-1,-6.59693145e-1,-1.05233289e0,-1.44303394e-1,-8.41804989e-1,-6.85350824e-2,-8.95485392e-2
12093-12701,-3.18418850e-1,-2.46626697e-1,-6.86400950e-1,-8.04436511e-1,-2.93961533e-1,-7.53143237e-1,-6.59479231e-2,-5.58392419e-2
12093-12703,-7.92489097e-1,-4.35971618e-1,-1.93486630e0,-1.47547045e0,-1.20202039e0,-1.47497048e0,-1.60263330e-1,-9.32032988e-2
12093-12704,7.16457594e-1,1.24420779e-1,2.03235623e0,4.87802830e-1,1.68488964e0,5.96869633e-1,1.39488843e-1,1.99502617e-2
12093-12705,3.40793208e-2,1.14231180e-1,-2.11143508e-2,2.75343670e-1,-1.19853110e-1,1.63793325e-1,-1.85523512e-3,3.04280361e-2
12093-3701,3.76870100e-1,-4.36249901e-4,1.07512489e0,2.61601734e-3,9.10250103e-1,1.00428267e-2,7.21281209e-2,-5.27369895e-4
12093-6101,6.62026423e-2,-1.32376651e-1,3.29334129e-1,-4.00445348e-1,4.46411126e-1,-3.29384706e-1,1.13443696e-2,-3.27151911e-2
12093-6104,-1.17311826e-1,-5.10928020e-2,-3.21871897e-1,-1.97480764e-1,-2.45256977e-1,-2.36092144e-1,-2.38343403e-2,-8.53213193e-3
12093-9102,-2.96769367e-1,-1.15464082e-1,-7.68993365e-1,-3.97190812e-1,-5.45719155e-1,-4.07754644e-1,-5.89954916e-2,-2.40377893e-2
12094-12701,-5.96326977e-1,-5.80611608e-1,-1.08680432e0,-1.68074569e0,-2.50677205e-1,-1.30121033e0,-1.10530499e-1,-1.48146356e-1
12094-12702,1.01842246e-1,1.80484822e-1,1.04778162e-1,5.42110555e-1,-1.27512846e-1,4.47979573e-1,1.99835258e-2,4.43743159e-2
12094-12705,-1.08479707e-1,-6.55232595e-2,-2.45313206e-1,-1.70502003e-1,-1.52425631e-1,-1.16446352e-1,-1.73585259e-2,-1.73376224e-2
12094-1901,-7.15879403e-1,-3.45839812e-1,-1.79680725e0,-1.18058526e0,-1.19010501e0,-1.19712151e0,-1.43747340e-1,-7.29101611e-2
12094-1902,-5.29899525e-1,-3.86535569e-1,-1.17332958e0,-1.26762523e0,-5.53966696e-1,-1.20111219e0,-1.08997272e-1,-8.66671673e-2
12094-3701,-3.52893683e-1,-2.91047213e-1,-7.17342579e-1,-9.12000220e-1,-2.51113865e-1,-7.99074501e-1,-7.18404953e-2,-6.92139359e-2
12094-3702,-3.94851158e-1,-2.14069319e-1,-9.79123518e-1,-7.38856981e-1,-6.25511639e-1,-7.61425196e-1,-8.00852121e-2,-4.43547872e-2
12094-3703,1.77530240e0,8.35149255e-1,4.41605056e0,2.79750850e0,2.88695601e0,2.75275035e0,3.55254444e-1,1.81302382e-1
12094-3704,3.73859132e-1,6.01573997e-2,1.05809750e0,2.32192446e-1,8.76937948e-1,2.80005247e-1,7.25118999e-2,9.96671235e-3
12094-6101,-5.55059874e-1,-4.28695473e-1,-1.19697953e0,-1.37948187e0,-5.27671002e-1,-1.27043628e0,-1.12984259e-1,-9.84147843e-2
12094-6102,5.35274570e-1,3.78108022e-1,1.23621559e0,1.27172684e0,6.59674057e-1,1.25822366e0,1.09888801e-1,8.16257605e-2
12094-6104,-6.25227546e-1,-4.70361183e-1,-1.37340766e0,-1.53611682e0,-6.35522115e-1,-1.44787762e0,-1.28191138e-1,-1.05967744e-1
12094-9101,-2.45336850e-1,-2.69727644e-2,-7.53706142e-1,-3.49749573e-1,-5.44145354e-1,-6.28266273e-1,-7.06577010e-2,1.24729816e-2
12483-12701,2.77020654e-1,2.76955443e-1,5.70094991e-1,9.35302126e-1,1.83601893e-1,9.28518740e-1,5.93214846e-2,5.95285634e-2
12483-12702,-3.66537005e-1,-1.94076209e-1,-9.00189552e-1,-6.55244848e-1,-5.68651461e-1,-6.52843129e-1,-7.38629441e-2,-4.16320907e-2
12483-12703,-1.63474467e-1,1.26806415e-2,-4.96767966e-1,3.62760852e-2,-4.64650366e-1,1.88925011e-2,-2.98490025e-2,3.67905619e-3
12483-12704,-5.38515672e-1,-3.58127793e-1,-1.21465835e0,-1.15841846e0,-6.20560480e-1,-1.07510048e0,-1.09132182e-1,-8.17058788e-2
12483-1901,-5.66542282e-1,-2.09126932e-1,-1.48212870e0,-7.25629469e-1,-1.07051397e0,-7.55084390e-1,-1.12448253e-1,-4.29084281e-2
12483-1902,1.07404367e-2,7.34034225e-2,-2.84117977e-2,2.46056883e-1,-1.03580711e-1,2.41372933e-1,3.67183902e-3,1.59552370e-2
12483-3701,3.52613567e-1,1.25477395e-1,9.39164123e-1,4.43446169e-1,7.01225501e-1,4.74932022e-1,6.96859344e-2,2.49173198e-2
12483-3703,-2.45708217e-1,1.25936256e-1,-9.38341791e-1,2.65073991e-1,-1.03879214e0,2.40632550e-2,-4.89951116e-2,4.19940008e-2
12483-3704,2.31438021e0,7.62538403e-1,6.14939816e0,2.65498221e0,4.58881399e0,2.78322837e0,4.55894425e-1,1.55323588e-1
12483-6102,5.93275465e-1,6.01486782e-1,1.09688447e0,1.84809110e0,2.23574230e-1,1.57903343e0,1.18279767e-1,1.45482726e-1
12483-9101,-9.09921985e-1,-3.97423802e-1,-2.33953959e0,-1.37862477e0,-1.62725937e0,-1.43345089e0,-1.81948106e-1,-8.15979702e-2
12483-9102,-3.33761053e-1,-2.42554788e-2,-9.35722937e-1,-8.75459827e-2,-7.69214047e-1,-9.69334669e-2,-6.44114857e-2,-4.62341645e-3
12484-12701,-3.82093218e-1,-2.30078244e-1,-9.15226050e-1,-7.75329291e-1,-5.42336105e-1,-7.69916181e-1,-7.75877534e-2,-4.95064395e-2
12484-12703,-5.54161814e-1,-3.81018899e-1,-1.27939130e0,-1.27697537e0,-6.82762735e-1,-1.25544048e0,-1.13716156e-1,-8.27274017e-2
12484-12704,-4.38777511e-1,-3.01550240e-1,-9.70800930e-1,-9.42047163e-1,-4.87058687e-1,-8.32765617e-1,-8.63613893e-2,-7.13707753e-2
12484-12705,-9.05684250e-2,-8.07292071e-2,-2.07257742e-1,-2.80728921e-1,-1.04102547e-1,-2.92791500e-1,-1.89711490e-2,-1.65130021e-2
12484-1901,-3.31271207e-1,-8.39400943e-2,-9.01122005e-1,-2.98257731e-1,-7.00964244e-1,-3.22187753e-1,-6.48652907e-2,-1.64999506e-2
12484-3701,1.41957244e0,7.21786710e-1,3.56887563e0,2.48708856e0,2.36441232e0,2.55913463e0,2.85721739e-1,1.49870955e-1
12484-3702,-2.58225606e-1,-1.85035656e-1,-6.13167012e-1,-6.38376503e-1,-3.48980526e-1,-6.57643230e-1,-5.31620377e-2,-3.83588270e-2
12484-3703,7.84965263e-1,4.72673877e-1,1.89729500e0,1.60966200e0,1.14433421e0,1.62496193e0,1.59677928e-1,1.00071114e-1
12484-3704,2.82229171e-1,1.25643198e-1,7.40358694e-1,4.71337280e-1,5.14741354e-1,5.33426827e-1,5.88863018e-2,2.28858213e-2
12484-6103,-5.17366962e-1,-4.54409943e-1,-1.02693112e0,-1.40238483e0,-3.34423837e-1,-1.20514343e0,-1.03209602e-1,-1.09524040e-1
12484-6104,-2.96130041e-2,-7.68132298e-2,-3.26678684e-2,-2.63942669e-1,4.37338014e-2,-2.69984167e-1,-7.23884968e-3,-1.60377269e-2
12484-9102,-3.30714920e-1,-2.77617413e-1,-6.57736648e-1,-8.56315059e-1,-2.11450881e-1,-7.29627693e-1,-6.67837926e-2,-6.72302035e-2
12485-12701,-1.51394849e-1,-1.04762707e-1,-3.72087210e-1,-3.66490766e-1,-2.31497336e-1,-3.86135215e-1,-3.08914191e-2,-2.11962208e-2
12485-12704,-1.48039440e-1,-1.10813628e-1,-3.08462288e-1,-3.09114930e-1,-1.46852108e-1,-2.29150553e-1,-2.58633582e-2,-2.87456800e-2
12485-12705,-1.99699956e-1,-1.13990008e-1,-4.77781787e-1,-3.84715035e-1,-2.82281503e-1,-3.76586425e-1,-4.12196881e-2,-2.49944236e-2
12485-3701,7.34526973e0,9.25773517e-1,2.03840265e1,3.29536271e0,1.64609634e1,3.57163359e0,1.42411365e0,1.81298516e-1
12485-3702,-1.78876663e-1,-2.75703458e-1,-2.50896695e-1,-8.80802831e-1,1.14583054e-1,-7.98639396e-1,-3.89165142e-2,-6.39938631e-2
12485-3704,2.98675930e-1,9.50883601e-2,8.22649072e-1,3.55539612e-1,6.46153163e-1,4.10480858e-1,5.90395004e-2,1.69705920e-2
12485-6102,-5.90008985e-2,-1.37349543e-3,-1.65317551e-1,-4.01651385e-3,-1.36248389e-1,-2.97177756e-3,-1.13462135e-2,-3.57727947e-4
12485-6103,9.77497398e0,7.34481357e-1,2.73859895e1,2.66111872e0,2.24787772e1,2.96123871e0,1.88773396e0,1.39015411e-1
12485-9101,2.96816687e-1,3.49002737e-1,5.70600862e-1,1.18039044e0,1.06797205e-1,1.17450079e0,6.48341301e-2,7.48464843e-2
12487-12701,-1.77428692e-1,-1.15678668e-1,-4.08901248e-1,-3.53929770e-1,-2.37643903e-1,-3.15318337e-1,-3.27035110e-2,-2.70451010e-2
12487-12704,-1.25092869e-1,-7.28879527e-2,-2.62948148e-1,-1.97781079e-1,-1.21569693e-1,-1.26108908e-1,-2.36567573e-2,-2.00982352e-2
12487-12705,-6.04877168e-1,-2.72107720e-1,-1.57064597e0,-9.55097205e-1,-1.11304050e0,-1.01179719e0,-1.20762920e-1,-5.47200352e-2
12487-1901,9.29594168e-1,2.95557082e-1,2.50616503e0,1.05187025e0,1.91501317e0,1.13890565e0,1.82878111e-1,5.79272876e-2
12487-1902,-2.44703727e-1,-1.01385882e-1,-6.27930204e-1,-3.49676331e-1,-4.35218357e-1,-3.60094829e-1,-4.89373313e-2,-2.10275346e-2
12487-3701,-5.26115421e-1,-2.00035335e-1,-1.39090896e0,-7.05877301e-1,-1.02278392e0,-7.54092409e-1,-1.04327423e-1,-3.98373989e-2
12487-3702,-6.51673339e-3,-1.86048456e-2,3.00722820e-2,-2.82206794e-2,7.56770381e-2,2.57243060e-2,-9.61062436e-4,-7.32433620e-3
12487-3703,-3.44995740e-2,1.20927802e-1,-2.34438057e-1,3.73668645e-1,-3.70340806e-1,3.14488639e-1,-4.01607877e-3,2.94327050e-2
12487-6101,7.59014770e-2,-3.22329573e-2,2.53300816e-1,-1.03425364e-1,2.64224604e-1,-9.29410727e-2,1.34908275e-2,-7.49841552e-3
12487-6102,-5.54032561e-1,-1.75853556e-1,-1.49382146e0,-6.29845594e-1,-1.13894799e0,-6.87521371e-1,-1.09265336e-1,-3.40901460e-2
12487-6103,-2.65045003e-1,-1.66066606e-1,-6.41687310e-1,-5.68553228e-1,-3.88148416e-1,-5.79682456e-1,-5.38981562e-2,-3.48171973e-2
12487-9101,-9.24191137e-2,-1.55852748e-1,-6.84662718e-2,-4.43543252e-1,1.65310570e-1,-3.14270359e-1,-1.88962340e-2,-4.14153001e-2
12487-9102,2.64597346e0,6.76435480e-1,7.06761747e0,2.33101487e0,5.32971424e0,2.40039329e0,5.20151805e-1,1.40382932e-1
12488-12701,2.60667914e-2,1.96012078e-1,-9.89522211e-2,4.09974132e-1,-2.34217257e-1,1.95678395e-1,-2.10796738e-2,4.50151913e-2
12488-12702,-4.50425708e-1,-4.42621562e-1,-8.06995789e-1,-1.29216665e0,-1.57281178e-1,-9.99914639e-1,-8.62316604e-2,-1.13724537e-1
12488-12704,5.20529933e-2,1.98194849e-1,-7.38581479e-2,4.63365401e-1,-2.51569590e-1,2.42543442e-1,-4.29621394e-3,5.49858344e-2
12488-1902,-8.18510947e-1,-3.45653815e-1,-2.11741503e0,-1.20252445e0,-1.49155981e0,-1.25615394e0,-1.63366860e-1,-7.06118331e-2
12488-3701,-9.03479651e-2,-4.56489516e-2,-2.10537519e-1,-1.45871102e-1,-1.17455593e-1,-1.31381055e-1,-1.83108722e-2,-1.06322555e-2
12488-3703,-3.16994795e-1,-1.73912197e-1,-7.81703550e-1,-5.98011306e-1,-4.93251407e-1,-6.12565285e-1,-6.43539268e-2,-3.62626049e-2
12488-6101,-8.39355590e-2,-1.56222122e-2,-2.35989457e-1,-6.02971052e-2,-1.92626828e-1,-7.28741310e-2,-1.63663535e-2,-2.56984552e-3
12488-6102,-5.50705810e-1,-4.16195208e-1,-1.18817775e0,-1.34067053e0,-5.20963827e-1,-1.23113610e0,-1.12862671e-1,-9.57349204e-2
12488-6104,-3.96100751e-1,-3.26391270e-1,-8.03434230e-1,-9.79579142e-1,-3.10372479e-1,-8.08811769e-1,-7.60655525e-2,-8.06150757e-2
12488-9101,-1.17048507e-1,-1.43015490e-1,-1.63448100e-1,-3.77379897e-1,3.13385819e-2,-2.38535270e-1,-1.90978858e-2,-3.93705469e-2
12488-9102,-8.21631997e-2,-8.83316877e-2,-1.48312951e-1,-2.78742317e-1,-1.87271831e-2,-2.47516454e-1,-1.70865131e-2,-2.08149906e-2
12489-12701,-7.62483731e-1,-4.85128177e-1,-1.78862649e0,-1.62099905e0,-1.00438274e0,-1.58725930e0,-1.55349102e-1,-1.05750700e-1
12489-12703,-4.22433719e-2,-3.37115409e-2,-7.33253680e-2,-8.49900311e-2,-1.39802136e-2,-4.29509045e-2,-7.61473266e-3,-9.86523545e-3
12489-12705,-8.41366029e-1,-4.77834037e-1,-2.03706579e0,-1.61468090e0,-1.23853655e0,-1.60949440e0,-1.70629754e-1,-1.02421805e-1
12489-1901,7.91677357e-1,3.62028279e-1,2.03736817e0,1.26538602e0,1.41615397e0,1.33119068e0,1.58603454e-1,7.33672229e-2
12489-1902,1.95609649e-1,1.88743870e-1,3.87486041e-1,6.09721956e-1,1.11345762e-1,5.64259682e-1,4.06963328e-2,4.31487045e-2
12489-3702,-7.26793132e-1,-3.27499758e-1,-1.85561855e0,-1.13088912e0,-1.27245266e0,-1.16741320e0,-1.45556281e-1,-6.77652321e-2
12489-3704,1.04670392e0,1.17158772e-1,2.93328401e0,4.21204117e-1,2.41158656e0,4.64865256e-1,2.01824711e-1,2.24605902e-2
12489-6102,-6.52368262e-2,-6.29740344e-2,-1.24425006e-1,-1.99550212e-1,-2.80354843e-2,-1.78050345e-1,-1.35641716e-2,-1.47844136e-2
12489-6104,-1.57068985e-1,-9.75115957e-2,-3.89177816e-1,-3.40932639e-1,-2.46964991e-1,-3.58777599e-1,-3.19733437e-2,-1.97525001e-2
12489-9101,-4.03866546e-1,-2.64513802e-1,-9.28158016e-1,-8.73772006e-1,-4.93298250e-1,-8.38711068e-1,-8.24716843e-2,-5.86732597e-2
12489-9102,3.81592571e-2,-2.10921168e-1,2.07981220e-1,-7.41946934e-1,3.15752282e-1,-7.88581341e-1,4.01655970e-3,-4.22523566e-2
12490-12701,-3.05228926e-1,-2.94357980e-1,-6.10106231e-1,-9.64212629e-1,-1.77164877e-1,-9.11283890e-1,-6.43399583e-2,-6.61254286e-2
12490-12703,-1.74165710e-1,1.67564311e-2,-5.65763168e-1,-5.51456889e-2,-5.10204771e-1,-1.89591477e-1,-4.07566538e-2,1.19636528e-2
12490-12705,-3.77765419e-1,-1.19700390e-1,-1.02196500e0,-4.26809662e-1,-7.86203486e-1,-4.63572350e-1,-7.41947700e-2,-2.33734279e-2
12490-1902,2.08912310e0,6.41972317e-1,5.59507477e0,2.26432299e0,4.22505518e0,2.41754318e0,4.11756632e-1,1.27948399e-1
12490-3702,-5.73086323e-1,-4.86004768e-1,-1.16747412e0,-1.50194085e0,-4.35048677e-1,-1.30273238e0,-1.13016342e-1,-1.16414942e-1
12490-3703,-6.32412448e-1,-4.24303165e-1,-1.44728603e0,-1.39970262e0,-7.61468143e-1,-1.34150937e0,-1.29032047e-1,-9.42598624e-2
12490-3704,-2.96893441e-2,-2.18644782e-2,-3.12165308e-2,-3.34693620e-2,2.63865023e-2,2.79064243e-2,-5.05911175e-3,-8.50864117e-3
12490-6103,-1.07299816e-1,9.32569220e-2,-4.49180671e-1,2.37620527e-1,-5.38182906e-1,1.18650912e-1,-2.04574388e-2,2.73331759e-2
12490-9101,-2.21285891e-1,-1.06673394e-1,-5.23842935e-1,-3.36444243e-1,-3.09585262e-1,-2.97302138e-1,-4.41836229e-2,-2.52113713e-2
12490-9102,-8.61688610e-2,1.50320852e-2,-2.81058837e-1,2.74070317e-2,-2.75865244e-1,-9.07472137e-3,-1.65665120e-2,5.46834592e-3
12491-12701,-5.14759463e-1,-2.89594131e-1,-1.24504763e0,-9.84113226e-1,-7.49514315e-1,-9.84504009e-1,-1.05259966e-1,-6.17885579e-2
12491-12702,-5.14884612e-1,-4.48970832e-1,-1.01031243e0,-1.34370144e0,-3.33457215e-1,-1.10008202e0,-9.93270021e-2,-1.11380815e-1
12491-12704,-1.91814518e-1,-1.67807597e-1,-3.66648946e-1,-4.51739278e-1,-1.33959463e-1,-3.12045045e-1,-3.17432327e-2,-4.45691614e-2
12491-12705,-5.50478167e-1,-3.08575031e-1,-1.38550283e0,-1.07672959e0,-9.15732846e-1,-1.12987976e0,-1.11194138e-1,-6.27155674e-2
12491-1902,2.50390527e-1,1.92379232e-2,7.01116731e-1,6.93357917e-2,5.75085577e-1,7.65977659e-2,4.83527950e-2,3.67768569e-3
12491-3701,1.07228771e0,1.13456989e0,1.94851609e0,3.61315290e0,2.42875030e-1,3.24660020e0,2.26424796e-1,2.64926131e-1
12491-3703,1.56365066e-1,9.45091395e-2,3.73865388e-1,3.16434020e-1,2.21732716e-1,3.11041202e-1,3.16475131e-2,2.05348327e-2
12491-3704,4.42690432e-1,4.15804170e-1,8.25817424e-1,1.28219558e0,1.66127218e-1,1.08747512e0,9.07348079e-2,1.00930464e-1
12491-6101,8.78218482e-1,2.96304544e-1,2.33538186e0,1.04201770e0,1.73955387e0,1.10741108e0,1.73552494e-1,5.93734910e-2
12491-6103,-1.53938761e-1,1.68306725e-1,-6.53560953e-1,4.97062199e-1,-8.17550147e-1,3.78107068e-1,-2.60885632e-2,4.32155173e-2
12491-6104,1.28840146e0,6.33544323e-1,3.27739959e0,2.20266121e0,2.22343847e0,2.29820087e0,2.58907879e-1,1.29580694e-1
12491-9101,-7.40374332e-1,-4.45529444e-1,-1.75981724e0,-1.49336367e0,-1.02267442e0,-1.46883942e0,-1.50579769e-1,-9.67025408e-2
12491-9102,-5.17907318e-2,-7.66930388e-2,-3.61324484e-2,-1.57254614e-1,6.04136782e-2,-2.79575942e-2,-4.91199434e-3,-2.46279896e-2
12495-12704,-1.05017872e-3,1.93830239e-1,-2.29357603e-1,3.97843757e-1,-3.61462870e-1,1.32411456e-1,-2.02670439e-2,5.63508428e-2
12495-1901,3.94191571e-1,9.44832039e-2,1.07997050e0,3.37930349e-1,8.51066090e-1,3.68801930e-1,7.69649444e-2,1.83403192e-2
12495-3701,-6.18052436e-1,-2.62149565e-1,-1.59539702e0,-9.10494667e-1,-1.11897357e0,-9.48559964e-1,-1.23426209e-1,-5.37093549e-2
12495-3702,-1.55037685e-1,-1.77924759e-1,-2.50645499e-1,-5.05313465e-1,-9.18692784e-3,-3.76279171e-1,-2.79064792e-2,-4.62561398e-2
12495-6101,7.85732282e-1,4.28430936e-1,1.93212134e0,1.45890053e0,1.21858628e0,1.47278445e0,1.58862693e-1,9.07090176e-2
12495-6102,-7.73094003e-1,-3.54565702e-1,-1.97465385e0,-1.22829337e0,-1.35374678e0,-1.27428831e0,-1.54958710e-1,-7.29715530e-2
12495-6103,-4.80618819e-1,-3.41344509e-1,-1.05704453e0,-1.09527156e0,-5.00234663e-1,-1.00240773e0,-9.75269738e-2,-7.87179687e-2
12495-9101,2.09205615e-1,1.38520006e-1,5.04165530e-1,4.78064925e-1,2.99128935e-1,4.92731754e-1,4.28538446e-2,2.87004444e-2
12495-9102,-4.24593549e-1,-2.78891668e-1,-9.58593467e-1,-8.97887661e-1,-4.93572864e-1,-8.27101751e-1,-8.57578779e-2,-6.40082333e-2
12506-12701,1.75892860e0,5.69798877e-1,4.63353240e0,1.96699476e0,3.39920091e0,2.03131569e0,3.47698931e-1,1.17896243e-1
12506-12703,1.18207943e-1,1.12777490e-1,2.38074089e-1,3.57551454e-1,8.13878077e-2,3.25873176e-1,2.35220906e-2,2.60935468e-2
12506-1901,4.66122726e0,1.11619132e0,1.27433912e1,3.98236684e0,1.00044016e1,4.32957087e0,9.10839643e-1,2.17697605e-1
12506-1902,4.77628115e0,1.21153549e0,1.29744083e1,4.29106930e0,1.00708302e1,4.61272617e0,9.35381927e-1,2.39569930e-1
12506-3701,7.17199087e-1,3.96712362e-1,1.65741355e0,1.27531614e0,9.04814737e-1,1.16470405e0,1.45371188e-1,9.15265228e-2
12506-3702,6.87005100e0,1.62120260e0,1.87183621e1,5.74355242e0,1.46137014e1,6.17730530e0,1.34345689e0,3.20397485e-1
12506-3703,3.19912377e-1,7.65205166e-1,7.61381410e-2,2.37014244e0,-9.83017320e-1,2.01058646e0,7.61089288e-2,1.85467515e-1
12506-3704,2.41013120e0,1.21892484e0,6.05626149e0,4.19505815e0,4.01072313e0,4.31061102e0,4.84796062e-1,2.53508658e-1
12506-6102,-4.33163376e-1,-1.61322413e-1,-1.13023317e0,-5.59022233e-1,-8.11959063e-1,-5.80453223e-1,-8.60583758e-2,-3.31764112e-2
12506-6103,-6.29295921e-1,-4.48479958e-1,-1.38222500e0,-1.43273487e0,-6.55897070e-1,-1.30360070e0,-1.27114948e-1,-1.03907337e-1
12506-6104,3.15989124e0,6.55758258e-1,8.57767271e0,2.28392717e0,6.66343507e0,2.39295497e0,6.17684172e-1,1.33598265e-1
12506-9101,8.43617434e0,1.65355646e0,2.28580294e1,5.58144217e0,1.77998561e1,5.59999378e0,1.63888154e0,3.53168821e-1
12506-9102,6.14967487e0,1.53065083e0,1.65399717e1,5.29452500e0,1.26465678e1,5.49335273e0,1.20464472e0,3.15320677e-1
12510-12701,-5.70773362e-1,-4.17338346e-1,-1.24535684e0,-1.33890304e0,-5.73665248e-1,-1.22584079e0,-1.15894492e-1,-9.62241022e-2
12510-12702,2.31253112e-1,2.65842214e-1,3.90569976e-1,8.17924597e-1,8.39286601e-3,6.96547143e-1,4.70442374e-2,6.44205873e-2
12510-12703,-5.30255126e-1,-3.28405361e-1,-1.23728601e0,-1.07786088e0,-6.94580758e-1,-1.02714809e0,-1.07025763e-1,-7.33609634e-2
12510-12704,-9.84526307e-2,2.04993735e-2,-3.32581874e-1,2.07007381e-3,-3.13704952e-1,-8.28920354e-2,-2.26602644e-2,9.74760015e-3
12510-1901,1.74787573e1,6.20803528e0,4.60201405e1,2.16858846e1,3.36217911e1,2.28003397e1,3.46596139e0,1.25914531e0
12510-1902,-3.16831293e-1,-2.05809752e-1,-7.26947910e-1,-6.71894610e-1,-3.89645355e-1,-6.34078544e-1,-6.41200286e-2,-4.63408174e-2
12510-3702,-7.39924168e-1,-4.33093743e-1,-1.76879597e0,-1.45093710e0,-1.04482066e0,-1.42643487e0,-1.50126763e-1,-9.40555179e-2
12510-3704,-6.38949004e-1,-2.40335353e-1,-1.67433792e0,-8.38844864e-1,-1.21148785e0,-8.80811219e-1,-1.26929857e-1,-4.88169925e-2
12510-6102,7.86305044e-2,9.50530729e-2,1.43834012e-1,3.13635217e-1,1.64599689e-2,3.00411533e-1,1.69219122e-2,2.11194852e-2
12510-6104,-1.87683806e-1,-3.46959235e-2,-5.12608440e-1,-1.21152299e-1,-4.02674996e-1,-1.27419490e-1,-3.66017618e-2,-7.03812914e-3
12510-9101,-8.82793782e-2,-1.50670800e-1,-8.29311631e-2,-4.55936374e-1,1.34313864e-1,-3.71598976e-1,-1.90471370e-2,-3.74160722e-2
12510-9102,2.25823316e-1,9.87242339e-2,5.79969228e-1,3.42617542e-1,4.02072895e-1,3.56015984e-1,4.52323123e-2,2.02772473e-2
12511-12701,3.97110944e-2,1.19525070e-1,-1.85653662e-3,3.12475815e-1,-1.12662578e-1,2.21284167e-1,9.88921413e-4,2.99192293e-2
12511-12702,-9.71888365e-2,-1.05135133e-1,-2.04370481e-1,-3.58956506e-1,-7.40770035e-2,-3.63674562e-1,-2.06676680e-2,-2.21738742e-2
12511-12703,-3.03930076e-1,-3.39765786e-1,-5.17301630e-1,-8.95861105e-1,-1.05513670e-1,-6.19566846e-1,-4.32869628e-2,-8.87717207e-2
12511-12704,-4.02456366e-1,-2.73271352e-1,-8.84861768e-1,-8.56026184e-1,-4.29618296e-1,-7.53354700e-1,-8.03190159e-2,-6.48414013e-2
12511-12705,2.23562878e-1,3.11538676e-1,3.19420094e-1,9.64590696e-1,-1.17438104e-1,8.27613437e-1,4.69442593e-2,7.50954891e-2
12511-1902,5.74334655e0,1.50082740e0,1.56008341e1,5.31539263e0,1.21122723e1,5.71549057e0,1.12441317e0,2.96729745e-1
12511-3701,-3.27300830e-1,-2.24211787e-1,-7.45728793e-1,-7.29506914e-1,-3.95071709e-1,-6.87093553e-1,-6.58542175e-2,-5.06041338e-2
12511-3703,-8.37397030e-1,-3.98569633e-1,-2.11983220e0,-1.37400108e0,-1.42606411e0,-1.41439513e0,-1.68220716e-1,-8.27108344e-2
12511-6101,-6.55518191e-1,-2.77889717e-1,-1.69338459e0,-9.65884572e-1,-1.18946513e0,-1.00749572e0,-1.30885374e-1,-5.68592354e-2
12511-6103,-5.94068517e-1,-3.12958705e-1,-1.45013347e0,-1.04944815e0,-9.04556369e-1,-1.03388357e0,-1.19719889e-1,-6.78471968e-2
12511-6104,-7.49885868e-2,6.97989088e-2,-3.04668626e-1,1.98179493e-1,-3.64429329e-1,1.38984279e-1,-1.35847387e-2,1.85765938e-2
12511-9101,-5.88209583e-1,-4.72280833e-1,-1.22760528e0,-1.47553757e0,-4.96987973e-1,-1.29664985e0,-1.17483023e-1,-1.12201537e-1
12511-9102,-6.66292841e-1,-4.36275402e-1,-1.53132745e0,-1.43742991e0,-8.16831764e-1,-1.37490368e0,-1.35730362e-1,-9.70868241e-2
12512-12701,-6.71233280e-1,-4.04691109e-1,-1.58341636e0,-1.33803797e0,-9.11360582e-1,-1.28989251e0,-1.35632904e-1,-8.94956423e-2
12512-12702,1.25008492e0,1.05820438e0,2.51390767e0,3.14612420e0,9.54957877e-1,2.58075886e0,2.35095810e-1,2.61822876e-1
12512-12703,2.90969079e-2,-1.78353630e-1,3.11854537e-1,-3.60671682e-1,4.36525073e-1,-9.04738658e-2,2.19648490e-2,-5.44541551e-2
12512-12704,6.17971465e-1,-1.40723426e-1,1.80060346e0,-4.96425752e-1,1.57827383e0,-5.30027595e-1,1.16960199e-1,-2.80428318e-2
12512-12705,4.48686745e-1,3.94855653e-2,1.27870827e0,1.64383170e-1,1.07016754e0,2.14226885e-1,8.69896676e-2,5.39125536e-3
12512-1901,2.89316083e0,2.16727001e-1,8.11047234e0,7.82584741e-1,6.66633691e0,8.67205234e-1,5.58353411e-1,4.12706763e-2
12512-1902,-9.55835760e-3,6.06212978e-2,-9.40277934e-2,1.92502386e-1,-1.67185847e-1,1.70276950e-1,-2.18307809e-4,1.42768220e-2
12512-6101,-4.15697761e-1,-3.13712801e-1,-9.18293155e-1,-1.03418942e0,-4.28327634e-1,-9.89015613e-1,-8.57101838e-2,-6.98013984e-2
12512-6102,7.66612449e-1,8.56633554e-2,2.12030718e0,2.98043275e-1,1.70430856e0,3.11843678e-1,1.48647255e-1,1.74819220e-2
12512-6104,-8.85079487e-1,-4.08660575e-1,-2.25793092e0,-1.41497688e0,-1.54391382e0,-1.46677989e0,-1.77468815e-1,-8.41773422e-2
12512-9101,2.09549794e-1,2.05908835e-1,3.90215962e-1,6.17460761e-1,9.40444502e-2,5.09348032e-1,4.02917176e-2,5.08414818e-2
12512-9102,9.69344904e-2,-8.66839572e-2,3.57423716e-1,-2.85007595e-1,4.11431359e-1,-2.69518915e-1,1.63450659e-2,-1.94278946e-2
12514-12701,6.40982578e-2,1.13168703e-1,6.94952054e-2,3.43442460e-1,-7.30682696e-2,2.87510424e-1,1.28553142e-2,2.77172064e-2
12514-12702,2.20938589e-1,1.95630127e-1,4.56333916e-1,6.35623684e-1,1.63671542e-1,5.93582682e-1,4.58131741e-2,4.43996908e-2
12514-12705,-3.04964545e-1,-2.83211429e-1,-5.88719244e-1,-7.83042987e-1,-2.15986423e-1,-5.88019356e-1,-4.95327088e-2,-7.20272004e-2
12514-1901,5.95179876e0,1.40487355e0,1.62551726e1,4.99895154e0,1.27408195e1,5.41237462e0,1.16324315e0,2.75398061e-1
12514-3701,4.89030847e-1,3.85235131e-2,1.38184979e0,1.42561366e-1,1.15109721e0,1.63835883e-1,9.40490285e-2,6.97055660e-3
12514-3702,3.60604272e-1,1.94337633e-1,9.02993777e-1,6.73327458e-1,5.90883962e-1,6.98559964e-1,7.28624332e-2,3.99906500e-2
12514-3704,-5.93580127e-1,-2.50400512e-1,-1.53308302e0,-8.67685850e-1,-1.07792630e0,-9.01012208e-1,-1.18380660e-1,-5.14939575e-2
12514-6103,4.20896980e-1,-1.54263880e-1,1.44252172e0,-3.98993982e-1,1.49774059e0,-2.05453786e-1,7.92048296e-2,-4.49052184e-2
12514-9101,5.84091661e-2,-1.15516352e-2,1.87755721e-1,-3.12578015e-2,1.85887423e-1,-1.77387204e-2,1.07451652e-2,-3.27680270e-3
12514-9102,-4.55038603e-1,-3.67984795e-1,-9.46550840e-1,-1.16171798e0,-3.68480529e-1,-1.03530247e0,-9.21861248e-2,-8.65373388e-2
12518-12701,-1.14438682e-1,2.76283940e-4,-3.51322890e-1,-2.17743369e-2,-3.22424885e-1,-5.82125766e-2,-2.20917338e-2,2.29574919e-3
12518-12702,-5.02294893e-1,-3.76069762e-1,-1.08357961e0,-1.19003442e0,-4.89699279e-1,-1.06805658e0,-1.00819283e-1,-8.80371251e-2
12518-12703,1.72436033e-1,2.74794001e-1,1.84070375e-1,7.62617036e-1,-1.67598483e-1,5.44941843e-1,2.89540392e-2,7.24024198e-2
12518-12704,-4.21778046e-1,-1.03759839e-1,-1.14794558e0,-3.69010924e-1,-8.93657261e-1,-3.99113668e-1,-8.25877884e-2,-2.03633815e-2
12518-12705,5.14293269e-1,5.38945315e-1,9.47714808e-1,1.69291479e0,1.66140814e-1,1.49617627e0,1.05487192e-1,1.27471768e-1
12518-1901,-1.63829975e-1,3.22951471e-1,-8.10886071e-1,1.03132240e0,-1.13842615e0,9.22513431e-1,-2.29402093e-2,7.54752252e-2
12518-3701,-2.29880643e-1,-1.23385542e-1,-5.56663196e-1,-4.14168362e-1,-3.39066328e-1,-4.07991397e-1,-4.65782949e-2,-2.67354237e-2
12518-3704,-6.80130200e-1,-3.43781684e-1,-1.69052787e0,-1.17039955e0,-1.09470252e0,-1.18120601e0,-1.36995907e-1,-7.28091502e-2
12518-6101,6.04082581e-1,4.44769432e-1,1.37091799e0,1.49082346e0,6.92054696e-1,1.46571438e0,1.24625419e-1,9.65598708e-2
12518-6102,2.14300238e-2,-2.05878352e-2,9.90105777e-2,-5.75609792e-2,1.32936142e-1,-3.63362596e-2,3.23578197e-3,-5.66122962e-3
12518-6103,3.74180550e-1,2.77161728e-1,8.39604824e-1,9.17836481e-1,4.13600253e-1,8.85631643e-1,7.68168519e-2,6.12173974e-2
12518-6104,2.19835591e-1,-1.16596499e-1,6.70158725e-1,-4.11568217e-1,6.28437716e-1,-4.39867230e-1,4.06089802e-2,-2.32080492e-2
12518-9101,9.11035075e-1,5.21884173e-1,2.21925145e0,1.77497585e0,1.36724156e0,1.78819194e0,1.84734118e-1,1.10716477e-1
12518-9102,-1.79311736e-1,-1.30879003e-1,-3.67775379e-1,-3.90147856e-1,-1.44012738e-1,-3.10955298e-1,-3.53590998e-2,-3.29347020e-2
12620-12701,-6.50007986e-1,-3.31952124e-1,-1.61422277e0,-1.13240210e0,-1.04166816e0,-1.14618818e0,-1.31113028e-1,-7.00904598e-2
12620-12704,-3.13958797e-1,-2.51307077e-1,-6.41352134e-1,-7.66104280e-1,-2.44666843e-1,-6.44571221e-1,-6.18676297e-2,-6.13728151e-2
12620-12705,-7.57961043e-1,-4.83573432e-1,-1.76805657e0,-1.60489778e0,-9.81978368e-1,-1.55472711e0,-1.54124887e-1,-1.06446854e-1
12620-1901,4.61764379e0,1.25502523e0,1.25497219e1,4.47079761e0,9.74223069e0,4.84870883e0,9.04842043e-1,2.45505833e-1
12620-3701,3.93925747e-1,2.58824893e-1,8.72383982e-1,8.08244623e-1,4.34729772e-1,7.07553978e-1,7.83939746e-2,6.16399665e-2
12620-3702,1.41375919e0,3.16974234e-1,3.87098718e0,1.12943892e0,3.04833697e0,1.22548810e0,2.76002664e-1,6.19734654e-2
12620-3703,-4.60289244e-1,-2.07120837e-1,-1.16085091e0,-7.03632185e-1,-7.78577622e-1,-7.07875165e-1,-9.21623648e-2,-4.40094068e-2
12620-3704,-4.14263450e-1,-2.56216803e-1,-9.82825383e-1,-8.60780301e-1,-5.67842597e-1,-8.50083601e-1,-8.43313201e-2,-5.54083511e-2
12620-6101,-2.82084915e-1,-2.12426254e-1,-6.06228651e-1,-6.79850976e-1,-2.63767609e-1,-6.18536776e-1,-5.75333468e-2,-4.91972698e-2
12620-6102,-9.90682981e-2,-4.76230121e-2,-2.30188866e-1,-1.36817236e-1,-1.38097564e-1,-1.02699145e-1,-1.87755784e-2,-1.23533423e-2
12620-6103,-4.89219890e-1,-2.58427465e-1,-1.23532854e0,-8.99446804e-1,-8.23388938e-1,-9.39963829e-1,-9.86398047e-2,-5.27615647e-2
12620-6104,-3.60387047e-1,-3.43953462e-1,-6.65325412e-1,-9.73652908e-1,-1.82543200e-1,-7.32232036e-1,-6.39360589e-2,-8.87299797e-2
12620-9101,1.23872442e-1,2.11466927e-1,1.39446048e-1,6.52323992e-1,-1.39957452e-1,5.56954950e-1,2.61750276e-2,5.11469874e-2
12620-9102,-2.84767268e-1,1.77093867e-1,-1.12456493e0,4.17598190e-1,-1.29439161e0,1.35973543e-1,-5.43636186e-2,5.53117492e-2
12621-12701,-1.33461033e-2,-9.09226938e-3,-2.51162893e-2,6.23960646e-3,-2.71164124e-2,4.07780236e-2,1.23490353e-3,-4.07728146e-3
12621-12703,-2.09559190e-1,-1.83185977e-1,-4.13743166e-1,-5.65774816e-1,-1.29232551e-1,-4.85269540e-1,-4.20980709e-2,-4.41953834e-2
12621-12704,-1.95067676e-1,-2.66929509e-3,-5.92402551e-1,-3.73806137e-2,-5.41890620e-1,-8.46253370e-2,-3.71410161e-2,2.28967664e-3
12621-1902,-9.16033261e-1,-3.61488785e-1,-2.39469485e0,-1.26437944e0,-1.72299036e0,-1.33197623e0,-1.82251948e-1,-7.31547498e-2
12621-3701,1.29309928e0,5.77239680e-1,3.29162913e0,1.97411728e0,2.25295495e0,2.01096435e0,2.58051405e-1,1.21191885e-1
12621-3702,8.89461030e-1,6.71119894e-1,1.95744048e0,2.19490529e0,9.11468484e-1,2.07510348e0,1.82264600e-1,1.50833980e-1
12621-3703,3.27163376e-1,7.15139994e-2,9.08933407e-1,2.60429519e-1,7.33741409e-1,2.91982552e-1,6.35532019e-2,1.33966144e-2
12621-3704,-9.01672635e-2,-2.66235138e-4,-2.63925941e-1,-5.23435526e-3,-2.32028905e-1,-1.29049129e-2,-1.71107498e-2,3.96957084e-4
12621-6102,-5.73334391e-1,-4.34985200e-1,-1.23021655e0,-1.38074603e0,-5.41299997e-1,-1.24372281e0,-1.15699695e-1,-1.01538994e-1
12621-6103,8.40602226e-1,5.60834422e-1,1.94107496e0,1.86153004e0,1.04611071e0,1.80335279e0,1.71436438e-1,1.23447488e-1
12621-6104,9.57547154e-1,-4.35394020e-2,2.72253602e0,-1.50709856e-1,2.29280238e0,-1.55860216e-1,1.83509692e-1,-8.98260663e-3
12621-9102,-7.71858211e-1,-4.21664863e-1,-1.88576375e0,-1.42717321e0,-1.17317654e0,-1.42669502e0,-1.56094954e-1,-9.01403175e-2
12622-12703,2.96266731e-1,3.78410304e-1,4.52574889e-1,9.82747927e-1,1.95321428e-2,6.59101097e-1,3.87279602e-2,1.00024074e-1
12622-12705,-4.91419487e-1,-4.49142127e-1,-9.94417899e-1,-1.44153401e0,-3.30748049e-1,-1.32153028e0,-1.01042778e-1,-1.03459563e-1
12622-1902,3.89443633e-1,2.07551162e-1,9.94024467e-1,7.29203380e-1,6.77340375e-1,7.73551607e-1,7.83630279e-2,4.16692080e-2
12622-6101,-3.59370626e-1,-1.34524257e-1,-9.34506107e-1,-4.60407022e-1,-6.70079293e-1,-4.70012414e-1,-7.11120476e-2,-2.81932679e-2
12622-6102,1.50326931e0,2.17800999e-1,4.22187860e0,8.08206944e-1,3.47087688e0,9.28935775e-1,2.90848617e-1,3.92988595e-2
12622-6104,-3.70374515e-1,-2.24515229e-1,-8.80104004e-1,-7.54151570e-1,-5.10202119e-1,-7.42535443e-1,-7.55584025e-2,-4.86795026e-2
12622-9101,9.59389760e-2,-1.28219794e-1,3.86524315e-1,-4.19704502e-1,4.75602472e-1,-3.95226615e-1,1.56439113e-2,-2.88680226e-2
12622-9102,8.00883857e-1,4.83356201e-1,1.89671738e0,1.60994532e0,1.09711944e0,1.56895716e0,1.62397511e-1,1.05835882e-1
12624-12701,-2.57863763e-1,-2.72030863e-1,-4.61118837e-1,-8.46019186e-1,-5.51701122e-2,-7.31806404e-1,-5.30714528e-2,-6.52427532e-2
12624-12702,5.10454732e-2,1.15346571e-1,3.97860128e-2,2.71274992e-1,-5.27594980e-2,1.67960205e-1,-1.40978526e-3,2.91726772e-2
12624-12703,1.97242237e-2,1.58754391e-1,-1.34504180e-1,3.94862778e-1,-2.93368062e-1,2.23742496e-1,-2.97839527e-3,4.44281600e-2
12624-12704,-4.01557304e-1,-4.72439721e-1,-6.79714907e-1,-1.23157004e0,-1.34093836e-1,-8.58234190e-1,-5.15445677e-2,-1.20529895e-1
12624-1902,5.76551482e-1,5.16821712e-1,1.21471907e0,1.71821170e0,4.59456458e-1,1.66501181e0,1.21067592e-1,1.13646052e-1
12624-3701,-4.29002687e-1,-3.52249638e-1,-8.82994774e-1,-1.10998964e0,-3.27389849e-1,-9.84468095e-1,-8.71622818e-2,-8.30973820e-2
12624-3702,1.78223247e0,7.14659753e-1,4.65736267e0,2.50347685e0,3.34651322e0,2.64312859e0,3.54828093e-1,1.44254261e-1
12624-3704,1.24635120e0,5.78206133e-1,3.08260707e0,1.91466805e0,1.99703748e0,1.84941560e0,2.48904567e-1,1.27642736e-1
12624-6102,3.67843565e-1,1.47445511e-1,8.95587968e-1,4.28180372e-1,5.93434947e-1,3.33933828e-1,6.93626467e-2,3.75650516e-2
12624-6103,3.74191860e-1,1.49164663e-1,9.94541812e-1,5.29390314e-1,7.38841121e-1,5.70749809e-1,7.40707698e-2,2.93882708e-2
12624-9101,-2.83234636e-1,-1.94938800e-1,-6.17933871e-1,-6.24835573e-1,-2.81078568e-1,-5.62563946e-1,-5.84756993e-2,-4.54970975e-2
12624-9102,-2.53831802e-1,-2.26289812e-1,-5.42313333e-1,-7.57951164e-1,-2.16589269e-1,-7.43738635e-1,-5.33149792e-2,-4.92026818e-2
12651-12703,-3.19571037e-1,-1.73914981e-1,-8.44237382e-1,-6.21033029e-1,-6.18793971e-1,-6.76102897e-1,-6.34833773e-2,-3.38628527e-2
12651-12704,-5.35367727e-1,-3.56668992e-1,-1.20652068e0,-1.15270134e0,-6.15382809e-1,-1.06858710e0,-1.08426939e-1,-8.14502095e-2
12651-12705,-3.98632340e-1,-3.80325181e-1,-7.45548116e-1,-1.15295761e0,-1.72613571e-1,-9.58412054e-1,-7.89659944e-2,-9.35258905e-2
12651-3701,2.22804312e-1,1.59762117e-1,5.19464176e-1,5.44112824e-1,2.82343749e-1,5.48995042e-1,4.59134955e-2,3.38326541e-2
12651-3702,2.99589976e-1,3.74593573e-1,4.95009420e-1,1.19194189e0,-3.29887913e-2,1.07301834e0,6.36775000e-2,8.73999393e-2
12651-3704,-6.97140513e-1,-2.96961295e-1,-1.79841360e0,-1.03138419e0,-1.25955259e0,-1.07443267e0,-1.39262942e-1,-6.08448838e-2
12651-6101,1.95124452e-1,3.45151520e-1,1.93277150e-1,1.05476017e0,-2.73513630e-1,8.83136695e-1,4.14184245e-2,8.44526477e-2
12651-6102,6.57278948e-1,8.20259551e-1,1.03477236e0,2.56064849e0,-1.64403128e-1,2.22295825e0,1.38942777e-1,1.96151248e-1
12651-6103,3.61248963e-1,3.25152380e-1,7.44455704e-1,1.04211990e0,2.76341854e-1,9.59844502e-1,7.31356433e-2,7.46860199e-2
12651-9101,7.75730022e-1,3.64467844e-1,1.94826704e0,1.23611391e0,1.29663547e0,1.24141294e0,1.55279818e-1,7.76004921e-2
12652-12702,-5.50651201e-1,-5.73683794e-1,-9.60713758e-1,-1.66275958e0,-1.44472751e-1,-1.28932324e0,-1.02259376e-1,-1.46220647e-1
12652-12703,-5.03182537e-1,-3.86364144e-1,-1.09857667e0,-1.26037357e0,-4.98151883e-1,-1.18617554e0,-1.03178541e-1,-8.71592315e-2
12652-12704,-2.50694747e-1,-2.92670317e-1,-3.95864279e-1,-7.75796688e-1,-2.72428250e-2,-5.21273938e-1,-3.81427745e-2,-7.83677328e-2
12652-1901,-4.12724672e-1,-1.05069428e-1,-1.12194196e0,-3.73426884e-1,-8.71514014e-1,-4.03517819e-1,-8.08495930e-2,-2.06444878e-2
12652-1902,1.24901295e-1,6.00754659e-2,3.25328432e-1,2.12210275e-1,2.31798814e-1,2.27107570e-1,2.49296974e-2,1.19402561e-2
12652-3702,1.84365484e0,6.25771626e-1,4.91918802e0,2.21049650e0,3.68611619e0,2.36563528e0,3.64063611e-1,1.24375372e-1
12652-6101,1.31646813e0,4.11938027e-1,3.54772937e0,1.46066663e0,2.71139035e0,1.57306440e0,2.58788382e-1,8.12803362e-2
12652-6102,2.40742123e0,1.85303463e-1,6.73877756e0,6.69046750e-1,5.52354425e0,7.41017228e-1,4.65031311e-1,3.53023115e-2
12652-6104,-7.04565519e-1,-3.40558803e-1,-1.77986249e0,-1.17162186e0,-1.19325992e0,-1.20275837e0,-1.41472852e-1,-7.08910750e-2
12667-12701,2.61180723e-1,-3.44178315e-2,8.15566144e-1,-8.48394200e-2,7.77892796e-1,-3.09446672e-2,4.87796623e-2,-1.05929222e-2
12667-12703,4.95691397e-1,2.56324260e-1,1.22596301e0,8.66311696e-1,7.88480024e-1,8.65511135e-1,9.95641461e-2,5.48584895e-2
12667-1902,3.43243652e-2,-4.53879594e-2,1.30183863e-1,-1.55698050e-1,1.55171002e-1,-1.58619133e-1,5.54409506e-3,-9.51005036e-3
12667-3701,-4.09306766e-1,-1.99934338e-1,-1.02820816e0,-6.86608029e-1,-6.80055883e-1,-7.02307427e-1,-8.24035264e-2,-4.17624905e-2
12667-3704,5.72214185e0,2.31744745e-1,1.60541455e1,8.36607815e-1,1.32145982e1,9.26602105e-1,1.10387099e0,4.41560089e-2
12667-6101,4.44281335e-1,4.20082206e-1,9.04847039e-1,1.37757157e0,2.96307541e-1,1.30650890e0,9.29785581e-2,9.41367119e-2
12667-6103,-5.55162003e-1,-4.09793361e-1,-1.23480065e0,-1.35053043e0,-5.90773388e-1,-1.29118747e0,-1.14203093e-1,-9.12068759e-2
12667-6104,-4.91377032e-1,-1.91690973e-1,-1.28096575e0,-6.66518444e-1,-9.17822585e-1,-6.95820723e-1,-9.77216644e-2,-3.91907432e-2
12667-9101,2.82767303e-1,-1.59489319e-1,9.40265893e-1,-5.25053884e-1,9.73201790e-1,-4.98923370e-1,5.07407075e-2,-3.56323357e-2
12667-9102,-4.20050982e-1,-1.89353237e-1,-1.06218406e0,-6.47008611e-1,-7.14871353e-1,-6.56689041e-1,-8.42134309e-2,-3.98727031e-2
12673-12701,5.16992859e-1,-1.88388005e-1,1.58945105e0,-6.44443118e-1,1.50355325e0,-6.53994527e-1,9.54757942e-2,-3.96404525e-2
12673-12703,5.98037060e-2,1.44248429e-1,1.13048375e-2,4.18966069e-1,-1.69340772e-1,3.21646273e-1,1.14090356e-2,3.69525102e-2
12673-12704,1.06336667e0,4.83538621e-1,2.67326637e0,1.60063954e0,1.81060442e0,1.55692288e0,2.09570014e-1,1.06298377e-1
12673-12705,5.81473490e-1,8.70704434e-1,6.72446878e-1,2.55715098e0,-5.68760577e-1,1.97857102e0,1.16732055e-1,2.22357489e-1
12673-1902,2.50515172e-1,2.43934323e-1,5.45104297e-1,8.38491726e-1,2.27742796e-1,8.58130091e-1,5.31022038e-2,5.09023704e-2
12673-3702,-2.25506086e-2,-1.58680784e-2,-5.23499792e-2,-5.39532971e-2,-2.80303722e-2,-5.42533976e-2,-4.65843133e-3,-3.37067457e-3
12673-3703,4.63765201e-1,3.44050554e-2,1.33030427e0,1.37543292e-1,1.13362535e0,1.74382476e-1,8.87833167e-2,5.16422725e-3
12673-3704,-7.58947117e-1,-2.87422322e-1,-1.98878723e0,-1.00267109e0,-1.43961133e0,-1.05223185e0,-1.50706567e-1,-5.84254077e-2
12673-6101,4.54724116e-2,-1.48459325e-2,1.56605689e-1,-3.93188570e-2,1.65972339e-1,-2.08118928e-2,8.23937153e-3,-4.28702894e-3
12673-6103,1.03081541e-1,-8.66108447e-2,3.79276443e-1,-2.84425413e-1,4.36688459e-1,-2.67932941e-1,1.73089284e-2,-1.94615654e-2
12673-9102,-3.04435187e-1,-1.75649670e-1,-7.08982454e-1,-5.59981840e-1,-4.03962341e-1,-5.09432542e-1,-6.05253262e-2,-4.07237076e-2
12674-12702,-8.90726249e-1,-4.97449563e-1,-2.16570015e0,-1.68421790e0,-1.32970513e0,-1.68389217e0,-1.80547283e-1,-1.06311402e-1
12674-12703,2.88992546e-1,9.38481090e-2,7.77523779e-1,3.34612428e-1,5.90980786e-1,3.62779743e-1,5.69942211e-2,1.83507953e-2
12674-12704,3.70790909e-1,-2.38898913e-3,1.06308260e0,-2.60976590e-3,9.07171839e-1,7.29006133e-3,7.08203162e-2,-1.09036534e-3
12674-1901,3.16087793e0,5.95398195e-1,8.71692436e0,2.13001105e0,6.95512694e0,2.32569853e0,6.15075979e-1,1.15513234e-1
12674-1902,7.59177754e0,1.59842436e0,2.08573177e1,5.70920457e0,1.65264026e1,6.21812740e0,1.47993229e0,3.11072306e-1
12674-3702,1.45049423e0,1.02883122e-1,4.12018091e0,3.94232056e-1,3.45864776e0,4.74280956e-1,2.78623844e-1,1.72259035e-2
12674-3704,2.09676989e0,1.06425306e0,5.18960397e0,3.60658849e0,3.33368592e0,3.61475925e0,4.22151675e-1,2.26979066e-1
12674-6101,9.41075219e-1,1.90886189e-1,2.59399963e0,6.84430649e-1,2.06788891e0,7.50556571e-1,1.83139262e-1,3.68468330e-2
12674-6103,7.71985108e-1,3.30241573e-1,2.02751948e0,1.16619211e0,1.47046764e0,1.24736994e0,1.53531406e-1,6.56769237e-2
12674-6104,-4.66740919e-1,-7.60808192e-2,-1.36234965e0,-3.28052146e-1,-1.17252003e0,-4.44197398e-1,-9.06930700e-2,-9.19293197e-3
12674-9101,7.58087839e-2,1.17966314e-1,1.09243515e-1,3.85102936e-1,-4.71839780e-2,3.61236115e-1,1.69868749e-2,2.66516389e-2
12675-12701,9.20963920e-2,-3.33223205e-2,2.84846824e-1,-1.13184881e-1,2.71508911e-1,-1.13459024e-1,1.69675188e-2,-7.09551865e-3
12675-12703,1.02021935e-1,-4.31831141e-2,3.79653859e-1,-6.98880668e-2,4.01582448e-1,3.69254217e-2,2.19069947e-2,-1.59729249e-2
12675-12705,1.52085021e0,-2.39664125e-2,4.32335346e0,-7.37313428e-2,3.63885655e0,-5.99719381e-2,2.91576515e-1,-5.91844099e-3
12675-1901,-1.74250288e-1,-1.00694259e-1,-4.30722608e-1,-3.50474072e-1,-2.71331163e-1,-3.65205489e-1,-3.55747434e-2,-2.06000118e-2
12675-1902,6.82386309e-1,1.59626920e-1,1.87042442e0,5.70508613e-1,1.47549679e0,6.21964655e-1,1.33185011e-1,3.10278613e-2
12675-3701,4.85502973e0,6.95755779e-1,1.34828511e1,2.49628164e0,1.08960867e1,2.73816678e0,9.41500926e-1,1.34212942e-1
12675-3702,2.84520401e0,1.01980507e-1,7.98501373e0,3.68224372e-1,6.57630071e0,4.07958122e-1,5.48784328e-1,1.94234983e-2
12675-3703,-7.14753965e-1,-3.40405969e-1,-1.80776876e0,-1.17261032e0,-1.21385327e0,-1.20554271e0,-1.43615210e-1,-7.07334564e-2
12675-3704,6.27619970e-1,2.05159184e-1,1.68744083e0,7.28432599e-1,1.28310174e0,7.85912536e-1,1.23571621e-1,4.03860709e-2
12675-6102,2.51532916e0,1.13796299e0,6.29570101e0,3.82075741e0,4.17024658e0,3.77446784e0,5.02778976e-1,2.46140338e-1
12675-6103,8.13439704e-1,3.32460481e-1,2.12777251e0,1.16632598e0,1.53205370e0,1.23455893e0,1.61875334e-1,6.69194972e-2
12675-9101,-3.81272833e-1,-9.71703002e-2,-1.04424191e0,-3.47808713e-1,-8.22427489e-1,-3.80073738e-1,-7.44524141e-2,-1.88325576e-2
12675-9102,-7.67126584e-1,-2.11519280e-1,-2.07571559e0,-7.49859539e-1,-1.59860428e0,-8.07107902e-1,-1.50553649e-1,-4.17579528e-2
12678-12701,-3.73167852e-1,-2.91724044e-1,-7.68317339e-1,-8.63867653e-1,-3.20773424e-1,-6.98739093e-1,-7.06326593e-2,-7.28187852e-2
12678-12702,-2.89788970e-1,-2.67621534e-1,-5.56757127e-1,-8.05408649e-1,-1.62199107e-1,-6.65790855e-1,-5.61781849e-2,-6.60182648e-2
12678-12703,-3.56811721e-1,-2.26116667e-1,-8.94271094e-1,-7.94121546e-1,-5.83760491e-1,-8.41939984e-1,-7.23148763e-2,-4.54272954e-2
12678-12704,-4.73999358e-1,-8.06699558e-2,-1.32843594e0,-2.97814627e-1,-1.08846152e0,-3.40371142e-1,-9.17572338e-2,-1.46953713e-2
12678-1902,-4.64239886e-1,-1.70353437e-1,-1.22026347e0,-5.95653401e-1,-8.88228738e-1,-6.27205382e-1,-9.21403357e-2,-3.44934185e-2
12678-3701,4.78042864e-2,1.19557497e-1,-2.46824218e-3,3.28908864e-1,-1.48459393e-1,2.28315252e-1,7.54972628e-3,3.18902038e-2
12678-3703,9.02393453e-1,3.70213437e-3,2.54463957e0,1.52118322e-2,2.11323976e0,2.00333273e-2,1.73634410e-1,5.08487541e-4
12678-3704,-6.71238118e-1,-3.64334806e-1,-1.65255435e0,-1.24351222e0,-1.04356731e0,-1.25957968e0,-1.35842984e-1,-7.68678649e-2
12678-6101,1.11204216e-2,-9.05838353e-3,7.34603746e-2,-5.44045850e-4,1.06781895e-1,4.76398263e-2,2.17546096e-3,-4.89691495e-3
12678-6102,-3.69887321e-1,-2.68618321e-1,-8.05644256e-1,-8.09715724e-1,-4.04179418e-1,-6.88400395e-1,-6.92318027e-2,-6.50481080e-2
12678-6103,-2.34392095e-2,6.36657980e-2,-1.48091298e-1,1.78156485e-1,-2.17511864e-1,1.22268969e-1,-4.22323139e-3,1.70957353e-2
12678-9102,2.80810339e-1,1.84309266e-1,6.64132326e-1,6.23188780e-1,3.79356521e-1,6.22456356e-1,5.72937925e-2,3.94378255e-2
12679-12702,-2.40689348e-1,-2.81129475e-1,-4.36852405e-1,-9.24849872e-1,-4.08549274e-2,-8.78942717e-1,-5.21655643e-2,-6.28312962e-2
12679-12703,7.54947412e-3,-5.26403909e-2,5.85802239e-2,-1.80235044e-1,1.00777031e-1,-1.83145663e-1,3.08554214e-4,-1.10608256e-2
12679-12704,-8.48023195e-2,-8.14057522e-2,-1.78407801e-1,-1.85130056e-1,-1.08498318e-1,-1.15685854e-1,-6.30072974e-3,-1.99482816e-2
12679-12705,1.04388241e-2,1.88707381e-2,1.62053113e-2,6.27877825e-2,-3.69905764e-3,6.12504129e-2,2.27581701e-3,4.13219923e-3
12679-1901,-4.25230078e-1,-1.11005932e-1,-1.16712261e0,-3.98154363e-1,-9.22810646e-1,-4.36511407e-1,-8.29577362e-2,-2.14266126e-2
12679-1902,6.65290791e-1,3.19679098e-1,1.72382593e0,1.12636511e0,1.21450110e0,1.20038089e0,1.33072089e-1,6.38437469e-2
12679-3701,7.30040378e-1,4.31023578e-1,1.80393085e0,1.49370491e0,1.14173566e0,1.55000710e0,1.48311223e-1,8.86695806e-2
12679-3703,1.45693771e0,3.58255295e-1,3.95996462e0,1.27341733e0,3.07360924e0,1.37466306e0,2.85628880e-1,7.04394145e-2
12679-3704,-1.09602810e-1,3.29234619e-2,-3.66164098e-1,9.16582500e-2,-3.77476229e-1,5.67856429e-2,-1.98719187e-2,9.12147864e-3
12679-6101,-3.99003462e-1,-2.48654722e-1,-9.37272461e-1,-8.28110378e-1,-5.29585782e-1,-8.06616441e-1,-8.11359763e-2,-5.44652868e-2
12679-6102,1.05916922e-1,9.79313513e-2,2.35349498e-1,3.34970628e-1,1.08701760e-1,3.40704344e-1,2.21420327e-2,2.05803297e-2
12679-6103,3.81302058e-1,8.14557136e-2,1.07705075e0,3.23195381e-1,8.79737122e-1,3.98773045e-1,7.51022373e-2,1.27607220e-2
12679-6104,-9.10825779e-2,4.48530279e-2,-2.92124438e-1,1.52528540e-1,-2.91965202e-1,1.53108239e-1,-1.64379737e-2,9.53576349e-3
12679-9101,-4.58650858e-1,-1.27308711e-1,-1.24877116e0,-4.55856953e-1,-9.71865741e-1,-4.98183324e-1,-8.98807749e-2,-2.46639238e-2
12679-9102,5.96078646e-1,4.62568165e-1,1.26154961e0,1.45144565e0,5.35891033e-1,1.28437459e0,1.19311439e-1,1.09363089e-1
12682-12701,9.63606240e-1,5.96423927e-2,2.72466576e0,2.27471902e-1,2.26940373e0,2.71714068e-1,1.85523224e-1,1.01066506e-2
12682-12702,-2.42172257e-1,-1.94424620e-1,-5.16841026e-1,-6.33206951e-1,-2.13319909e-1,-5.92984082e-1,-5.00588663e-2,-4.40136595e-2
12682-12703,1.75411422e0,3.57291142e-1,4.80072535e0,1.24263394e0,3.79758383e0,1.31225912e0,3.40007328e-1,7.23930071e-2
12682-12704,-3.17256000e-2,-1.30980028e-1,6.54674350e-2,-3.64618751e-1,2.25072997e-1,-2.54705767e-1,-5.29850302e-3,-3.49025695e-2
12682-12705,-5.00582029e-1,-5.47953310e-1,-8.47606442e-1,-1.49197706e0,-1.41466869e-1,-1.06095539e0,-8.04138579e-2,-1.43837294e-1
12682-1902,3.46880795e0,9.25792169e-1,9.44772332e0,3.30235691e0,7.36331290e0,3.58845890e0,6.79148820e-1,1.80659636e-1
12682-3702,2.65031675e0,5.03793922e-1,7.26451271e0,1.77971127e0,5.73807238e0,1.90621237e0,5.16593292e-1,1.00073122e-1
12682-6101,2.82738337e0,1.07132487e-1,7.92997865e0,3.85907493e-1,6.52374430e0,4.25971675e-1,5.45517152e-1,2.05025417e-2
12682-6103,-1.05273435e-2,-6.92735683e-4,-3.96695109e-2,-2.07940658e-2,-3.55720814e-2,-4.58375906e-2,-3.05268254e-3,1.46619810e-3
12682-9101,-7.86459767e-1,-3.11880852e-1,-2.04246283e0,-1.08272570e0,-1.45178737e0,-1.12728569e0,-1.56640879e-1,-6.39449622e-2
12682-9102,-7.72210423e-2,-1.20551770e-1,-7.46798433e-2,-3.07087848e-1,7.55944152e-2,-1.79037696e-1,-1.08861479e-2,-3.38702874e-2
12683-12701,4.32295348e0,1.24181278e-1,1.21435819e1,4.50417989e-1,1.00175010e1,5.02515099e-1,8.33428558e-1,2.34355490e-2
12683-12704,-1.84678361e-1,-9.06866401e-2,-4.59271628e-1,-3.07629550e-1,-2.98159552e-1,-3.08582334e-1,-3.71624453e-2,-1.93236332e-2
12683-12705,-2.44524124e-1,-7.26896839e-2,-6.61535857e-1,-2.59141139e-1,-5.08739185e-1,-2.81250075e-1,-4.80475387e-2,-1.42031713e-2
12683-1901,-1.15116670e-1,-4.83591777e-3,-3.22925345e-1,-1.73146723e-2,-2.65789020e-1,-1.89396753e-2,-2.22046916e-2,-9.36396133e-4
12683-1902,2.31085215e0,3.47016435e-1,6.42337400e0,1.24565631e0,5.20048128e0,1.36783476e0,4.47843201e-1,6.68611983e-2
12683-3702,8.75019292e-1,5.08177785e-1,2.09178313e0,1.69554781e0,1.23999030e0,1.65722151e0,1.77051087e-1,1.10980969e-1
12683-3703,2.78975607e0,3.14114087e-1,7.76724864e0,1.12396330e0,6.30755446e0,1.22788522e0,5.40182441e-1,6.09080193e-2
12683-3704,1.95251308e0,4.77399234e-2,5.54605779e0,1.92311771e-1,4.66009403e0,2.46552562e-1,3.74631080e-1,6.99558019e-3
12683-6101,3.46851320e-1,2.29500868e-1,8.13429677e-1,7.91590325e-1,4.39787760e-1,8.03362282e-1,7.30062285e-2,4.81927862e-2
12683-6102,-1.09472037e-1,5.02761203e-2,-3.88451771e-1,1.23798189e-1,-4.09640540e-1,5.72410062e-2,-2.15558347e-2,1.49041266e-2
12683-6104,-2.25985068e-1,-1.02631853e-1,-5.88402797e-1,-3.62297953e-1,-4.18669191e-1,-3.87221588e-1,-4.51352231e-2,-2.04269008e-2
12683-9101,4.03112541e-1,4.03283566e-1,7.48934866e-1,1.20964284e0,1.79578827e-1,1.00204829e0,7.69936304e-2,9.93177178e-2
12683-9102,-4.73349435e-1,-3.07487389e-1,-1.08305653e0,-1.00400315e0,-5.74395684e-1,-9.46814778e-1,-9.60220893e-2,-6.92575443e-2
12684-12702,7.05530467e-2,1.10093993e-1,7.96881109e-2,3.08060105e-1,-6.06527457e-2,2.23721386e-1,1.20484038e-2,2.88577442e-2
12684-12703,5.93441524e-1,2.86064362e-2,1.65768259e0,9.95487717e-2,1.35507452e0,1.04162949e-1,1.14630375e-1,5.83693114e-3
12684-12704,-2.86726342e-1,-1.67107839e-1,-6.66187198e-1,-5.24262057e-1,-3.83839789e-1,-4.66879351e-1,-5.61608355e-2,-3.93787169e-2
12684-1901,-4.51818334e-1,-2.22539793e-1,-1.13228592e0,-7.63125451e-1,-7.45065398e-1,-7.78765314e-1,-9.10034929e-2,-4.65959303e-2
12684-6101,-1.11246652e-1,-1.30083961e-1,-2.44758358e-1,-4.55925315e-1,-1.05160595e-1,-4.81674427e-1,-2.36783563e-2,-2.62351243e-2
12684-6103,1.19597994e0,-3.79220462e-2,3.40341549e0,-1.28867324e-1,2.87070212e0,-1.28933243e-1,2.29078702e-1,-8.08018908e-3
12684-6104,-1.49182390e-1,-2.78321332e-1,-1.44834012e-1,-8.80501574e-1,2.32745954e-1,-7.80658130e-1,-3.38765728e-2,-6.55823497e-2
12684-9101,3.20356564e-1,-8.30841910e-2,9.45370921e-1,-2.90400000e-1,8.44572704e-1,-3.05491790e-1,6.02845765e-2,-1.68378319e-2
12684-9102,6.76545077e-1,7.46697502e-2,1.89176911e0,2.73477697e-1,1.54542836e0,3.08707094e-1,1.30971581e-1,1.38413277e-2
12685-12701,-4.63483323e-1,-5.65862121e-1,-7.36591702e-1,-1.46393021e0,-8.27133884e-2,-9.78295289e-1,-6.07942422e-2,-1.49341462e-1
12685-12702,-2.27108917e-2,3.71647906e-2,-1.09783478e-1,8.52765423e-2,-1.32817016e-1,4.04716626e-2,-6.88539106e-3,1.05217390e-2
12685-12703,-7.02541729e-1,-4.75435897e-1,-1.58779161e0,-1.54461947e0,-8.15298602e-1,-1.44584599e0,-1.42361862e-1,-1.07758806e-1
12685-12704,-2.35257763e-1,-1.05976779e-1,-6.28426282e-1,-4.55052443e-1,-4.13896441e-1,-5.69783312e-1,-5.44979562e-2,-1.51702427e-2
12685-1901,-1.88721835e-1,-3.39093480e-2,-5.18959062e-1,-1.20378773e-1,-4.12131390e-1,-1.29880154e-1,-3.67521896e-2,-6.67600349e-3
12685-3701,1.73781095e-1,1.95028577e-1,3.23958481e-1,6.38621931e-1,5.09001546e-2,6.03455423e-1,3.71204871e-2,4.38227273e-2
12685-3702,-2.95047641e-1,-1.36914514e-1,-7.48431456e-1,-4.72481019e-1,-5.05353159e-1,-4.86985409e-1,-5.92768197e-2,-2.83695770e-2
12685-3703,5.29439977e-1,2.70222601e-1,1.35118974e0,9.62069409e-1,9.08882957e-1,1.03365672e0,1.07918985e-1,5.32721223e-2
12685-3704,6.62867087e-1,3.23502717e-1,1.70861395e0,1.13680890e0,1.19068230e0,1.20644625e0,1.32811876e-1,6.49200683e-2
12685-6103,6.53216378e-1,2.01339060e-1,1.78654080e0,7.32871166e-1,1.39635575e0,8.18630740e-1,1.28342750e-1,3.78432486e-2
12685-6104,3.44555808e0,7.23599189e-1,9.32625653e0,2.44150169e0,7.25845630e0,2.45985728e0,6.67984718e-1,1.54050402e-1
12685-9101,6.27602765e-1,6.06487219e-1,1.24788122e0,1.96843369e0,3.62318955e-1,1.83594189e0,1.30992379e-1,1.37787463e-1
12685-9102,4.36439337e-1,2.68888785e-1,1.01032627e0,8.82325120e-1,5.51559187e-1,8.32598142e-1,8.91124908e-2,6.05378270e-2
12696-12701,1.57028894e-1,-1.06717746e-1,4.94547971e-1,-3.74758532e-1,4.84377227e-1,-3.97201952e-1,2.85057249e-2,-2.14454659e-2
12696-12702,-4.00061610e-1,-2.60802498e-1,-9.12859967e-1,-8.55761470e-1,-4.76463988e-1,-8.08831826e-1,-8.19191424e-2,-5.86147956e-2
12696-12703,9.08131231e-1,7.06522854e-1,2.04210791e0,2.35845664e0,1.01136174e0,2.31486857e0,1.86049666e-1,1.53787767e-1
12696-12704,-1.80806450e-1,-2.33828346e-1,-2.85866814e-1,-5.00580260e-1,-8.94550327e-2,-2.30681431e-1,-8.17118691e-3,-6.42197845e-2
12696-1901,6.90192691e0,5.84325159e-1,1.93134812e1,2.10649046e0,1.58229895e1,2.32796407e0,1.33330654e0,1.11651109e-1
12696-3701,-6.60597846e-2,2.48103734e-3,-2.27851880e-1,-2.08090105e-2,-2.36402172e-1,-6.90635250e-2,-1.24989990e-2,3.46424108e-3
12696-3702,3.76398478e0,2.29561575e-1,1.05837081e1,8.38075307e-1,8.74387904e0,9.44042982e-1,7.25462961e-1,4.27529657e-2
12696-6101,3.37534635e0,3.28900106e-1,9.46133702e0,1.19661592e0,7.77149319e0,1.34033392e0,6.51797491e-1,6.17114747e-2
12696-6103,-1.34519519e-1,6.71744888e-2,-4.60385469e-1,2.09576560e-1,-4.89341766e-1,1.78904048e-1,-2.40040104e-2,1.61888978e-2
12696-6104,5.76413886e0,4.89255386e-1,1.61758130e1,1.78090000e0,1.33155232e1,1.99674564e0,1.11226474e0,9.16902664e-2
12696-9102,5.63199829e-1,1.56095861e-1,1.47606728e0,5.11973947e-1,1.08552333e0,4.89663789e-1,1.10041882e-1,3.48117969e-2
12700-12701,-4.56736948e-1,-3.20807501e-1,-1.00168858e0,-1.01103806e0,-4.81197517e-1,-9.01487063e-1,-9.12046848e-2,-7.54520276e-2
12700-12703,-6.29249874e-1,-2.53916113e-1,-1.65514957e0,-8.94522553e-1,-1.20482206e0,-9.53180901e-1,-1.25009207e-1,-5.07205680e-2
12700-12704,-4.74491571e-1,-2.83089520e-1,-1.11127428e0,-9.27135405e-1,-6.29926605e-1,-8.79190700e-1,-9.57707260e-2,-6.34806509e-2
12700-12705,9.55660636e-2,1.41595558e-1,1.29202788e-1,4.34474503e-1,-6.18278673e-2,3.68446803e-1,1.96797667e-2,3.43965098e-2
12700-1901,1.11788082e0,8.92776799e-2,3.13333449e0,3.23369090e-1,2.57434724e0,3.59952425e-1,2.15793414e-1,1.68979365e-2
12700-1902,-7.29857274e-1,-4.12867404e-1,-1.77317840e0,-1.39898993e0,-1.08641615e0,-1.40080826e0,-1.47980862e-1,-8.81125393e-2
12700-3701,-2.64311761e-1,-9.24074243e-2,-6.98167462e-1,-3.22915677e-1,-5.13655909e-1,-3.39792761e-1,-5.23230525e-2,-1.87274906e-2
12700-3702,7.81974398e-2,8.03568972e-2,1.71502118e-1,2.78125668e-1,7.37414198e-2,2.87943632e-1,1.65663683e-2,1.65695214e-2
12700-3703,-5.46172579e-1,-3.82199935e-1,-1.27741296e0,-1.29805545e0,-7.02860546e-1,-1.30411510e0,-1.12247264e-1,-8.12886364e-2
12700-3704,-5.38676791e-1,-9.97652603e-2,-1.54784744e0,-4.06200395e-1,-1.30422711e0,-5.19191357e-1,-1.04877952e-1,-1.44513543e-2
12700-6101,-3.96170089e-1,-1.45824154e-1,-1.03278551e0,-5.02210082e-1,-7.42277591e-1,-5.16807995e-1,-7.85636912e-2,-3.02881114e-2
12700-6102,-9.04168205e-2,-1.20956136e-1,-9.21161661e-2,-2.81415308e-1,7.31152940e-2,-1.14897843e-1,-1.22839459e-2,-3.64310000e-2
12700-6104,2.70764282e-2,-3.65150725e-2,1.57016796e-1,-5.65752008e-2,2.06070102e-1,4.07281713e-2,6.92026235e-3,-1.39459333e-2
12700-9101,4.81423909e-2,1.52841657e-1,-4.43719923e-2,4.12019045e-1,-2.25413602e-1,2.72272043e-1,6.65867958e-3,4.14796149e-2
12700-9102,-1.14370834e-1,-1.01963029e-1,-2.37894637e-1,-2.38812102e-1,-1.33574503e-1,-1.48467538e-1,-1.14562975e-2,-2.55483998e-2
12769-12701,2.58971188e-2,1.78842426e-2,4.08907860e-2,1.05111797e-2,2.13313197e-2,-4.80505616e-2,1.41847277e-3,7.59544811e-3
12769-12703,-4.66897272e-2,7.80953685e-2,-2.28339635e-1,2.20868221e-1,-3.00935168e-1,1.56925377e-1,-8.73754383e-3,2.06861638e-2
12769-12704,-2.16324452e-1,-5.75132542e-2,-6.03999635e-1,-2.36499551e-1,-4.72649151e-1,-2.93927147e-1,-4.44402674e-2,-8.66926856e-3
12769-12705,-1.34007678e-1,-7.02969489e-2,-3.31103167e-1,-2.27750165e-1,-2.18924151e-1,-2.21256718e-1,-2.55606866e-2,-1.54890301e-2
12769-1901,-6.88708111e-2,-2.75575319e-2,-1.77395729e-1,-9.49921360e-2,-1.24018013e-1,-9.77454388e-2,-1.37488670e-2,-5.72047693e-3
12769-1902,-2.76843201e-1,-2.93960774e-1,-4.85610687e-1,-8.86835133e-1,-5.73942422e-2,-7.31256711e-1,-5.47299567e-2,-7.26292129e-2
12769-3702,6.38235540e-2,1.16288366e-1,5.13078340e-2,3.36994327e-1,-1.03666030e-1,2.56128246e-1,1.23327392e-2,2.99510856e-2
12769-3703,-5.28962617e-1,-1.62499373e-1,-1.42049485e0,-5.74769844e-1,-1.07804423e0,-6.16386109e-1,-1.04163014e-1,-3.22189763e-2
12769-3704,1.33641383e0,2.56370716e-1,3.66984752e0,9.12550573e-1,2.90581458e0,9.88506682e-1,2.60528334e-1,5.02252977e-2
12769-6101,5.20839842e-1,6.16162227e-2,1.46399448e0,2.26344256e-1,1.20769448e0,2.57129237e-1,1.00497700e-1,1.13332440e-2
12769-6102,6.73576448e-1,2.38207335e-1,1.80497372e0,8.46362256e-1,1.36319932e0,9.14135828e-1,1.32842800e-1,4.68302527e-2
12769-6103,1.46738868e0,4.82332559e-1,3.93053815e0,1.70899572e0,2.96682144e0,1.83765092e0,2.89390404e-1,9.53266317e-2
12769-9101,-6.61634477e-1,-2.73566310e-1,-1.71165469e0,-9.50404761e-1,-1.20605548e0,-9.90499197e-1,-1.32034415e-1,-5.60244935e-2
12769-9102,2.44231741e-1,3.15564756e-1,3.55431348e-1,8.94031061e-1,-6.22393182e-2,6.66610383e-1,4.31675405e-2,8.18166819e-2
12772-12701,-4.80452032e-2,-4.18139886e-2,-1.21424987e-1,-1.53750369e-1,-7.74234693e-2,-1.73668099e-1,-1.00340459e-2,-7.71443876e-3
12772-12702,7.17487974e-1,8.93091952e-2,1.99894129e0,3.21600506e-1,1.62464729e0,3.54758198e-1,1.38930550e-1,1.71042862e-2
12772-12703,2.50391320e-1,1.24581717e-1,6.24870211e-1,4.24047821e-1,4.08844515e-1,4.27963896e-1,5.03315596e-2,2.63885873e-2
12772-12705,-6.69539219e-1,-4.81492792e-1,-1.46931578e0,-1.54317463e0,-6.92453066e-1,-1.41147664e0,-1.35572681e-1,-1.11112203e-1
12772-1902,6.25579964e0,8.79056057e-1,1.73642743e1,3.15011917e0,1.40208179e1,3.44881440e0,1.21338716e0,1.69976822e-1
12772-3701,5.45976094e0,1.45475455e0,1.47782210e1,5.14249812e0,1.13948917e1,5.51112637e0,1.07079422e0,2.88707285e-1
12772-6101,-6.22268896e-1,-3.27747291e-1,-1.53643769e0,-1.11655803e0,-9.78068719e-1,-1.12764783e0,-1.25724891e-1,-6.93548576e-2
12772-6103,-3.40072703e-1,-1.92156899e-1,-8.02683870e-1,-6.21785954e-1,-4.69493272e-1,-5.79228977e-1,-6.79537374e-2,-4.37416502e-2
12772-9101,-1.81423249e-1,-1.17991872e-2,-5.16823765e-1,-4.58146834e-2,-4.35983759e-1,-5.61237462e-2,-3.47952449e-2,-1.91039299e-3
12772-9102,5.02158013e-2,1.09153456e-1,2.49894016e-2,3.13907067e-1,-1.07819645e-1,2.38697263e-1,9.00587219e-3,2.81057304e-2
7443-12701,7.81389745e-1,6.54318490e-1,1.54819968e0,1.90365004e0,5.72909894e-1,1.47665403e0,1.46648989e-1,1.67140903e-1
7443-12703,-5.58048285e-1,-5.07927614e-1,-1.07145933e0,-1.53197543e0,-3.05029333e-1,-1.26611079e0,-1.09244928e-1,-1.25343798e-1
7443-12705,-6.01322808e-1,-4.99544456e-1,-1.22521919e0,-1.53989286e0,-4.56328357e-1,-1.32332396e0,-1.19163383e-1,-1.20417224e-1
7443-1901,-5.40038312e-1,-1.67781050e-1,-1.44603081e0,-5.91618749e-1,-1.09164467e0,-6.31392202e-1,-1.06436696e-1,-3.34563529e-2
7443-1902,5.47361691e0,1.54717155e0,1.48367543e1,5.49678139e0,1.14643266e1,5.93723554e0,1.07343781e0,3.04175715e-1
7443-3701,-9.11133453e-1,-4.96134079e-1,-2.23497552e0,-1.68786068e0,-1.40043476e0,-1.70069926e0,-1.84433637e-1,-1.05225715e-1
7443-3704,-7.13320385e-1,-4.10414983e-1,-1.70771220e0,-1.37148937e0,-1.01434966e0,-1.34293323e0,-1.44497166e-1,-8.94635838e-2
7443-6101,-2.44291081e-3,7.69453596e-2,-1.04078575e-1,2.01582663e-1,-1.88053073e-1,1.22976160e-1,-1.92820796e-3,2.13784702e-2
7443-6102,-5.07595908e-1,-3.74411733e-1,-1.15543142e0,-1.25933040e0,-5.87123886e-1,-1.24487093e0,-1.04836690e-1,-8.08686146e-2
7443-6103,-3.14235735e-1,-1.60863193e-1,-7.62523992e-1,-5.31622743e-1,-4.71875449e-1,-5.11511623e-1,-6.30996250e-2,-3.56261695e-2
7443-6104,-6.00596003e-2,-6.14778307e-2,-1.19754772e-1,-2.05865224e-1,-3.19146699e-2,-2.01552809e-1,-1.29088297e-2,-1.33860453e-2
7443-9102,6.14407355e-1,-1.41132536e-1,1.85806442e0,-4.68502425e-1,1.71463742e0,-4.51157941e-1,1.14735645e-1,-3.11644688e-2
7495-12701,1.33508912e0,8.98420688e-1,2.93597501e0,2.57239966e0,1.58405019e0,2.02740579e0,2.37378487e-1,2.25792420e-1
7495-12703,7.89029863e-2,1.09732419e-1,1.14333370e-1,3.35044736e-1,-3.38981957e-2,2.82342764e-1,1.59649013e-2,2.67660950e-2
7495-12704,4.88794599e-1,3.77141321e-1,1.05184582e0,1.20933778e0,4.62102279e-1,1.10738046e0,9.92871189e-2,8.69613469e-2
7495-12705,-3.26478156e-1,-3.77566009e-1,-5.97001059e-1,-9.30632541e-1,-2.22410344e-1,-6.31249265e-1,-3.02891158e-2,-9.38570080e-2
7495-1902,-4.48414983e-1,-1.67841960e-1,-1.17357492e0,-5.83773745e-1,-8.47879568e-1,-6.09790847e-1,-8.90317933e-2,-3.42944669e-2
7495-3701,3.57981714e-1,1.88867332e-1,8.81182866e-1,6.39099804e-1,5.59197963e-1,6.39130437e-1,7.21388358e-2,4.03699523e-2
7495-3702,-9.04047294e-1,-4.61409862e-1,-2.25138617e0,-1.57777441e0,-1.46158885e0,-1.60322233e0,-1.82278348e-1,-9.70453667e-2
7495-6101,-5.68255291e-1,-3.09738816e-1,-1.39516900e0,-1.05231577e0,-8.77770059e-1,-1.05901545e0,-1.14800983e-1,-6.57925857e-2
7495-6102,-3.21325319e-1,-1.93981183e-1,-7.61946933e-1,-6.50847455e-1,-4.39263091e-1,-6.38774478e-1,-6.56595358e-2,-4.21958685e-2
7495-9102,4.35702301e-1,2.32305349e-1,1.08427011e0,8.04916209e-1,6.96287740e-1,8.31617473e-1,8.86593629e-2,4.79610807e-2
7815-12701,-2.20794111e-1,-1.26524594e-1,-5.25012488e-1,-4.11757245e-1,-3.13297242e-1,-3.89408562e-1,-4.38871252e-2,-2.84638680e-2
7815-12702,-2.85615282e-1,-2.35976277e-1,-5.86423974e-1,-7.16766331e-1,-2.33375892e-1,-6.08673493e-1,-5.48824611e-2,-5.71731259e-2
7815-12703,-1.91675447e-1,4.64601291e-2,-7.04914529e-1,-1.12662652e-1,-6.28062833e-1,-4.42898540e-1,-5.45302152e-2,3.35902948e-2
7815-12704,2.98440023e-2,4.97116045e-2,2.73796483e-2,1.34080721e-1,-3.51908764e-2,8.81477586e-2,4.86383474e-3,1.35571335e-2
7815-12705,-8.04163065e-1,-3.95057163e-1,-2.01034199e0,-1.34147192e0,-1.32373752e0,-1.35135962e0,-1.61128308e-1,-8.38788608e-2
7815-1901,2.83259254e-1,8.78600465e-2,7.55232909e-1,3.08022788e-1,5.65770414e-1,3.25712115e-1,5.58924170e-2,1.77058000e-2
7815-1902,3.50454907e0,7.27948153e-1,9.61991442e0,2.59473705e0,7.61143571e0,2.81704353e0,6.83339941e-1,1.42225972e-1
7815-3701,2.25315797e-1,1.77546969e-1,5.00387469e-1,5.90848637e-1,2.36875323e-1,5.74811390e-1,4.64781739e-2,3.89323720e-2
7815-3703,2.98143685e0,9.09907799e-2,8.40633668e0,3.39946231e-1,6.97785931e0,3.95894382e-1,5.73879509e-1,1.61271181e-2
7815-6101,-3.84473211e-1,-1.66162435e-1,-9.71891614e-1,-5.54399661e-1,-6.62287504e-1,-5.44864842e-1,-7.60906441e-2,-3.61597903e-2
7815-6102,-2.61394689e-1,-4.65460301e-2,-7.22663395e-1,-1.66854273e-1,-5.79172135e-1,-1.82731665e-1,-5.08109855e-2,-8.99572314e-3
7815-9101,-4.71229213e-1,-4.11658709e-1,-9.31761202e-1,-1.25638361e0,-3.05284194e-1,-1.06076133e0,-9.29388925e-2,-1.00323129e-1
7815-9102,-7.51918962e-2,-4.20348966e-2,-1.87063139e-1,-9.59776362e-2,-1.44380109e-1,-6.43859610e-2,-8.73035981e-3,-9.98591387e-3
7957-12702,-5.47520634e-1,-3.35167611e-1,-1.27595595e0,-1.09554779e0,-7.15317199e-1,-1.03662655e0,-1.10387971e-1,-7.53133279e-2
7957-12703,-2.15892042e-1,-2.43763632e-1,-3.43528516e-1,-7.21307816e-1,2.52290428e-2,-5.66921383e-1,-4.30599048e-2,-6.17711694e-2
7957-12704,-3.86438331e-1,-3.65314448e-1,-7.28547168e-1,-1.05347790e0,-2.17408969e-1,-8.21923139e-1,-6.97612988e-2,-9.26994847e-2
7957-12705,-1.82458169e-1,-9.95472348e-2,-4.33836157e-1,-3.21502620e-1,-2.59373501e-1,-2.98624611e-1,-3.63484102e-2,-2.27338564e-2
7957-1901,7.92646765e0,1.43490720e0,2.18079578e1,5.09854591e0,1.73346278e1,5.50880286e0,1.54330460e0,2.82018678e-1
7957-1902,5.46027204e0,1.92085338e0,1.45916002e1,6.80898811e0,1.09627176e1,7.32719193e0,1.07795879e0,3.79298100e-1
7957-3702,2.94485104e0,1.38113186e0,7.32605699e0,4.65286316e0,4.77018420e0,4.61580589e0,5.91362572e-1,2.97409869e-1
7957-3703,-4.03984330e-2,-4.62152842e-3,-1.13022571e-1,-1.57584953e-2,-9.32975256e-2,-1.64892363e-2,-7.71430640e-3,-9.53491215e-4
7957-3704,-1.96215061e-1,-1.50545918e-1,-4.34113135e-1,-4.99211919e-1,-2.02291036e-1,-4.81771125e-1,-4.05943035e-2,-3.32288744e-2
7957-6102,-6.46468085e-1,-2.40443035e-1,-1.70224598e0,-8.43563689e-1,-1.24271504e0,-8.92967487e-1,-1.28293591e-1,-4.83934995e-2
7957-6104,-9.50208927e-2,2.27777952e-2,-3.22001195e-1,3.83487980e-2,-3.23234063e-1,-1.96176439e-2,-1.88166526e-2,8.49136896e-3
7957-9101,-2.06949821e-1,-4.21239168e-2,-5.85600714e-1,-1.82274306e-1,-4.69643079e-1,-2.34341861e-1,-4.25039821e-2,-5.75242596e-3
7957-9102,-3.56504298e-1,-2.75731659e-1,-7.53669786e-1,-8.71570956e-1,-3.13154820e-1,-7.78249735e-1,-7.21329588e-2,-6.47520562e-2
7958-12701,-4.20044652e-1,-3.41039136e-1,-8.60866102e-1,-1.03881519e0,-3.37014480e-1,-8.77352767e-1,-8.20230483e-2,-8.31044835e-2
7958-12702,-1.00758535e-1,-3.04820938e-2,-2.54861785e-1,-1.30444933e-1,-1.73357172e-1,-1.40662071e-1,-2.47947417e-2,-8.51432854e-3
7958-12703,1.70979769e-2,1.41614848e-1,-1.02353597e-1,3.18891305e-1,-2.14947707e-1,1.61651880e-1,-9.70558290e-3,3.77591522e-2
7958-1902,-4.06015492e-1,-2.56756999e-1,-9.61112024e-1,-8.67946706e-1,-5.48515010e-1,-8.64913263e-1,-8.30624269e-2,-5.50319466e-2
7958-3701,1.14627925e-1,-5.98448699e-2,3.63608077e-1,-2.05740923e-1,3.58494536e-1,-2.10608029e-1,2.08111287e-2,-1.24845121e-2
7958-3702,-7.34289559e-1,-4.15487194e-1,-1.78346557e0,-1.40924094e0,-1.09078992e0,-1.41282560e0,-1.49019789e-1,-8.85534110e-2
7958-3703,9.28089647e-1,4.93201454e-1,2.30632863e0,1.69448846e0,1.48598187e0,1.73437053e0,1.87625607e-1,1.02947696e-1
7958-3704,7.18616012e-2,4.22028014e-1,-2.59715755e-1,1.30063929e0,-7.98537195e-1,1.09413656e0,2.15694943e-2,1.02828798e-1
7958-6101,6.03990196e-2,6.75055652e-2,1.25666045e-1,2.30718314e-1,4.30079585e-2,2.34215957e-1,1.28853577e-2,1.42104328e-2
7958-6102,-2.44762348e-1,-1.80914706e-1,-5.66858290e-1,-6.15705130e-1,-3.02005791e-1,-6.20408930e-1,-5.05314222e-2,-3.83613165e-2
7958-6103,-4.06328404e-1,-2.27053269e-1,-9.89771831e-1,-7.69054425e-1,-6.10941408e-1,-7.69691663e-1,-8.22732896e-2,-4.84827987e-2
7958-6104,1.06712847e0,4.30279741e-2,3.03075274e0,1.66717031e-1,2.54598990e0,2.03853959e-1,2.04766911e-1,6.99830192e-3
7958-9101,3.39425244e-1,3.87694422e-1,5.81295616e-1,1.11072458e0,8.08995600e-2,8.73187763e-1,5.80309590e-2,9.72873434e-2
7958-9102,-5.06474944e-1,-1.95569863e-1,-1.30792378e0,-6.72369696e-1,-9.20463841e-1,-6.89142430e-1,-1.00912785e-1,-4.07694329e-2
7959-12701,-5.95565756e-1,-3.44001265e-1,-1.46027966e0,-1.18219919e0,-9.09235958e-1,-1.21032796e0,-1.21044676e-1,-7.17799437e-2
7959-1901,-7.40400701e-1,-2.72703695e-1,-1.95681867e0,-9.59101762e-1,-1.43909992e0,-1.01928830e0,-1.46740554e-1,-5.46406844e-2
7959-3701,4.58833687e-1,1.03999022e-1,1.26663966e0,3.75462142e-1,1.01139931e0,4.15570380e-1,8.93428977e-2,1.98236567e-2
7959-3702,-3.10789426e-1,8.53534637e-3,-9.08846735e-1,1.95321204e-2,-7.99569833e-1,2.54784995e-3,-5.88504392e-2,2.81766087e-3
7959-3703,3.22397029e-1,1.90599956e-2,9.23312969e-1,7.71412210e-2,7.84987374e-1,9.92225486e-2,6.17453133e-2,2.76205163e-3
7959-6101,1.16176010e0,-2.28660826e-2,3.30535212e0,-7.26182755e-2,2.78609276e0,-6.35945089e-2,2.22630171e-1,-5.40623551e-3
7959-6102,-4.94385865e-1,-2.10168629e-1,-1.27875745e0,-7.33042084e-1,-8.99476476e-1,-7.68631290e-1,-9.87797869e-2,-4.27498934e-2
7959-6104,-7.99790982e-1,-1.77302343e-1,-2.19338953e0,-6.32971504e-1,-1.73216065e0,-6.88854373e-1,-1.56044374e-1,-3.45382914e-2
7959-9101,-4.57886596e-1,-7.78213943e-2,-1.27608359e0,-2.82756771e-1,-1.03681927e0,-3.16060896e-1,-8.87297112e-2,-1.46418996e-2
7959-9102,-7.50792099e-2,-1.82208722e-2,-1.99425949e-1,-5.92728633e-2,-1.50911510e-1,-5.61181648e-2,-1.45574068e-2,-4.10299718e-3
7960-3701,-4.78475494e-1,-2.45733007e-1,-1.19819061e0,-8.48683580e-1,-7.84367129e-1,-8.75717190e-1,-9.66562944e-2,-5.08530744e-2
7960-3703,-6.07763860e-1,-4.09898038e-1,-1.38114557e0,-1.34323636e0,-7.14788360e-1,-1.27340231e0,-1.23805644e-1,-9.19108342e-2
7960-3704,-2.62635750e-1,-1.46896893e-1,-6.31877854e-1,-4.85197137e-1,-3.84687792e-1,-4.68567317e-1,-5.25595961e-2,-3.24592241e-2
7960-6101,-7.63475957e-1,-5.21617210e-1,-1.72878145e0,-1.70391745e0,-8.88773578e-1,-1.60923164e0,-1.55106023e-1,-1.17363459e-1
7960-6102,-2.59669193e-1,-7.21744660e-2,-7.13996188e-1,-2.72684367e-1,-5.56789914e-1,-3.16243582e-1,-5.17011363e-2,-1.27193582e-2
7960-9101,4.24264501e-2,1.03444227e-1,1.36552041e-2,3.13921142e-1,-1.15404879e-1,2.60775979e-1,8.99861022e-3,2.54355894e-2
7960-9102,-2.42567972e-1,-2.16564327e-1,-5.78426271e-1,-7.61690792e-1,-3.29969229e-1,-8.09400175e-1,-5.01670685e-2,-4.33934640e-2
7961-12703,-3.25412445e-1,-2.41961468e-1,-6.86762381e-1,-7.37172770e-1,-3.00070523e-1,-6.21489373e-1,-6.36420414e-2,-5.90265437e-2
7961-1901,-5.63784497e-1,-3.20209092e-1,-1.40107579e0,-1.11013706e0,-8.99299913e-1,-1.15271449e0,-1.14307945e-1,-6.58272255e-2
7961-1902,1.43396850e0,9.64306683e-1,3.36799434e0,3.28004012e0,1.86905319e0,3.30014664e0,2.95101785e-1,2.04719855e-1
7961-3702,5.09649410e-1,4.90661279e-1,9.93917375e-1,1.56416228e0,2.66384569e-1,1.41542387e0,1.05267958e-1,1.14097033e-1
7961-6101,-2.18776748e-1,8.23594313e-2,-8.07763778e-1,1.16754989e-1,-8.48340726e-1,-1.12613671e-1,-4.68105262e-2,3.20851843e-2
7961-6103,-1.16195752e-1,-1.34584722e-1,-2.73065720e-1,-4.77565774e-1,-1.48216285e-1,-5.14704550e-1,-2.42344761e-2,-2.65252605e-2
7961-6104,-2.01302029e-2,2.56534471e-1,-3.91789990e-1,6.67899720e-1,-6.76289080e-1,3.91563728e-1,-7.88304574e-3,7.23284837e-2
7961-9101,-2.46796851e-1,-1.70163362e-1,-5.89513677e-1,-5.87847261e-1,-3.40671828e-1,-6.06709444e-1,-5.07644281e-2,-3.52024513e-2
7962-12701,-5.82626177e-1,-5.94477762e-1,-1.03705472e0,-1.72037047e0,-1.98685591e-1,-1.33485322e0,-1.07306635e-1,-1.51470287e-1
7962-12702,-2.98671234e-1,-3.45405941e-1,-5.16856462e-1,-8.61304334e-1,-1.43178218e-1,-5.63276974e-1,-3.29649250e-2,-8.90504389e-2
7962-12704,2.25798446e-1,2.20430197e-1,4.54441505e-1,7.17490052e-1,1.43227878e-1,6.74177782e-1,4.68296207e-2,4.98068047e-2
7962-12705,5.88807143e-2,-1.31722547e-1,2.92321065e-1,-4.26946813e-1,4.10297667e-1,-3.94493650e-1,8.32787956e-3,-3.00945937e-2
7962-1901,3.93683338e0,1.54091034e0,1.03021121e1,5.38283913e0,7.43307479e0,5.66044441e0,7.82476743e-1,3.12496223e-1
7962-3701,1.53756081e-1,2.35546977e-2,4.42964883e-1,9.07270790e-2,3.80634660e-1,1.11462683e-1,2.92499041e-2,3.82580996e-3
7962-3703,7.51262223e-1,-4.75529880e-2,2.19465734e0,-1.41947657e-1,1.92500876e0,-1.08231357e-1,1.42595110e-1,-1.21550421e-2
7962-3704,1.04365196e0,1.04339215e0,2.02393621e0,3.38351605e0,4.87243250e-1,3.14354454e0,2.19812704e-1,2.37661700e-1
7962-6101,1.31382159e-1,-8.06809714e-2,4.46613019e-1,-2.64276117e-1,4.73442492e-1,-2.48654946e-1,2.33155859e-2,-1.81667669e-2
7962-6102,-5.20632321e-1,-3.58564036e-1,-1.18775199e0,-1.18648416e0,-6.17475405e-1,-1.14298074e0,-1.06455707e-1,-7.93037994e-2
7962-6104,7.32351335e-2,3.07160246e-2,1.96546504e-1,1.20923845e-1,1.40611445e-1,1.43243139e-1,1.55532861e-2,5.14663106e-3
7962-9102,1.36493607e-1,2.37984827e-1,1.13645547e-1,6.52822660e-1,-1.92643057e-1,4.50503755e-1,2.27039162e-2,6.36085388e-2
7963-12702,-2.47034981e-1,-1.32588651e-1,-5.96880963e-1,-4.11190266e-1,-3.85396463e-1,-3.71766870e-1,-4.63177409e-2,-3.08673083e-2
7963-12703,-3.38459738e-1,-2.58193981e-1,-7.11348851e-1,-7.89412750e-1,-3.05659274e-1,-6.70733196e-1,-6.62180845e-2,-6.26893956e-2
7963-12704,-1.15045482e-1,-2.49825227e-2,-3.33448469e-1,-1.06352532e-1,-2.73829279e-1,-1.46432172e-1,-2.22656482e-2,-2.20811667e-3
7963-1902,-7.21939674e-1,-2.86197539e-1,-1.89447864e0,-1.00565607e0,-1.37264407e0,-1.06714248e0,-1.43532337e-1,-5.74414283e-2
7963-3701,1.18248140e0,6.43085534e-1,2.90059291e0,2.17061599e0,1.83057951e0,2.16490906e0,2.37902400e-1,1.37877594e-1
7963-3702,-3.10514313e-1,-3.55779986e-1,-4.96601221e-1,-1.06191519e0,3.43094250e-2,-8.50670825e-1,-6.22004217e-2,-8.92678550e-2
7963-3703,-1.52811727e-1,3.19564109e-2,-4.83066607e-1,9.33398802e-2,-4.69992809e-1,6.74307538e-2,-2.81830907e-2,8.37021613e-3
7963-3704,6.65596219e-1,4.31687635e-1,1.57515849e0,1.46652956e0,8.95171495e-1,1.47271053e0,1.36506166e-1,9.18273558e-2
7963-6102,-6.08669332e-1,-3.52657829e-1,-1.51757916e0,-1.22548784e0,-9.81930707e-1,-1.27760906e0,-1.23253582e-1,-7.21931742e-2
7963-6103,-9.00583257e-2,-1.18220848e-1,-9.70426710e-2,-3.11300768e-1,8.80357460e-2,-1.81365329e-1,-1.64737556e-2,-3.34462902e-2
7963-9101,-4.82044279e-1,-3.76109490e-1,-1.00855880e0,-1.16515287e0,-4.16495057e-1,-1.00939843e0,-9.57055901e-2,-9.01955669e-2
7963-9102,-8.44913026e-1,-4.73207211e-1,-2.04980993e0,-1.59892921e0,-1.25276396e0,-1.59354516e0,-1.71247735e-1,-1.01443780e-1
7964-12702,6.60942169e-2,1.02427983e-3,2.15195498e-1,3.41275206e-2,2.03737750e-1,7.96494078e-2,1.35477469e-2,-2.63169126e-3
7964-12703,5.56500013e-1,2.87190034e-1,1.33333284e0,9.14299620e-1,8.20821247e-1,8.30395390e-1,1.09728523e-1,6.67415598e-2
7964-3703,5.17543316e-1,7.86411325e-2,1.47274950e0,3.06599359e-1,1.23212338e0,3.74706584e-1,1.00093042e-1,1.27009996e-2
7964-6102,-2.62036161e-1,-1.94379761e-1,-5.63838034e-1,-5.97910031e-1,-2.63938305e-1,-5.16894231e-1,-5.08944482e-2,-4.66892577e-2
7964-6103,4.35918598e-1,2.40913526e-1,9.97006229e-1,7.31992655e-1,5.56103316e-1,6.12817089e-1,8.49562842e-2,5.89988426e-2
7964-9101,2.03985180e-2,-5.87747399e-2,1.42055996e-1,-9.61157690e-2,1.78593666e-1,1.48617319e-2,1.14807667e-2,-1.90195731e-2
7964-9102,-5.74295693e-1,-3.15586169e-1,-1.41722548e0,-1.08364210e0,-8.97183052e-1,-1.10785528e0,-1.16431476e-1,-6.59453898e-2
7965-12702,-3.18402050e-1,-1.81265729e-1,-7.51462331e-1,-5.94548613e-1,-4.33702853e-1,-5.64329294e-1,-6.43154123e-2,-4.06016668e-2
7965-12703,-8.55120263e-1,-2.88312853e-1,-2.27516909e0,-1.01527608e0,-1.69589190e0,-1.08116230e0,-1.69007472e-1,-5.76347233e-2
7965-12704,-1.29467156e-1,-1.54119186e-1,-2.33132324e-1,-5.12176619e-1,-1.45460756e-2,-4.94573923e-1,-2.84549985e-2,-3.39619818e-2
7965-12705,3.47693011e-1,3.46264698e-2,1.01847562e0,3.53242293e-1,7.61450021e-1,5.83284666e-1,9.10503956e-2,-6.18369017e-3
7965-1901,-3.99494510e-1,-2.29246253e-1,-9.49634888e-1,-7.60022768e-1,-5.55484798e-1,-7.34255773e-1,-8.08876204e-2,-5.05727959e-2
7965-3701,1.89481485e0,5.94651285e-1,5.00724463e0,2.05108812e0,3.69868224e0,2.11627353e0,3.73883007e-1,1.23173905e-1
7965-3702,-2.48071596e-1,-5.79217308e-2,-6.84507623e-1,-2.10509995e-1,-5.45284669e-1,-2.35093333e-1,-4.83928798e-2,-1.09021307e-2
7965-3703,-4.11331702e-2,2.32777980e-4,-1.13590211e-1,2.16162560e-3,-9.13247044e-2,4.54902704e-3,-7.95702912e-3,-9.25428909e-5
7965-6103,2.70983352e-1,2.84691872e-2,7.64661114e-1,1.07114724e-1,6.34080209e-1,1.25583981e-1,5.22793646e-2,4.97942752e-3
7965-9101,5.79918108e-1,-2.96510759e-2,1.76138553e0,-9.42346481e-3,1.59768129e0,1.31402659e-1,1.12159222e-1,-1.50603087e-2
7965-9102,-1.92593144e-1,-6.20967481e-2,-4.78908962e-1,-2.99090693e-1,-2.71172050e-1,-3.36396982e-1,-5.31312333e-2,-1.31695207e-2
7968-12701,-5.34247007e-1,-1.68808119e-1,-1.46679257e0,-6.34110372e-1,-1.14179610e0,-7.34493843e-1,-1.06140302e-1,-2.99084476e-2
7968-12703,-4.03672828e-1,-2.05935368e-1,-1.00508192e0,-7.05597693e-1,-6.51151257e-1,-7.18996209e-1,-8.15005293e-2,-4.31819037e-2
7968-12704,-1.43927642e-1,-1.54593485e-1,-2.97743936e-1,-5.27316437e-1,-9.78994413e-2,-5.32927375e-1,-3.08447983e-2,-3.26728673e-2
7968-12705,-2.26159195e-1,-1.18118612e-1,-5.84200483e-1,-4.17292290e-1,-4.08543149e-1,-4.46598135e-1,-4.53194809e-2,-2.34737727e-2
7968-1902,-8.06037971e-1,-5.24408711e-1,-1.87271240e0,-1.74812727e0,-1.02240692e0,-1.70367344e0,-1.64724639e-1,-1.14775654e-1
7968-3702,-3.00603644e-1,-2.36567060e-1,-6.20510213e-1,-7.10559649e-1,-2.56266842e-1,-5.86945579e-1,-5.78241348e-2,-5.84097229e-2
7968-3703,1.37069895e-1,-7.88398795e-3,4.03995246e-1,-2.26218156e-2,3.59600288e-1,-1.52506207e-2,2.58673878e-2,-2.11624606e-3
7968-3704,3.53299873e-1,7.82069570e-2,9.59498236e-1,2.75524861e-1,7.44602623e-1,2.93603958e-1,6.91853264e-2,1.56214418e-2
7968-6101,-1.54769692e-1,-1.54949957e-1,-2.73875599e-1,-4.57534965e-1,-4.06510086e-2,-3.62815976e-1,-3.00111728e-2,-3.90809803e-2
7968-6102,-2.63377610e-1,-1.05552483e-1,-6.75807901e-1,-3.62660686e-1,-4.68774807e-1,-3.71176679e-1,-5.26316245e-2,-2.20324632e-2
7968-6103,5.96789821e-1,1.72065560e-1,1.59388162e0,6.01886162e-1,1.19833929e0,6.34196472e-1,1.17645790e-1,3.48142286e-2
7968-9101,-1.57966164e-1,-9.76365329e-2,-3.89286323e-1,-3.39112493e-1,-2.44571528e-1,-3.53202468e-1,-3.21362112e-2,-2.00066892e-2
7968-9102,4.42694289e-1,2.98039121e-1,1.00926388e0,9.80469057e-1,5.25708418e-1,9.35344594e-1,9.03088229e-2,6.64718061e-2
7972-12701,9.77545370e-2,2.37654599e-1,1.36326807e-2,6.80222308e-1,-2.80586436e-1,5.09806703e-1,1.76769566e-2,6.15242120e-2
7972-12702,6.66469969e-2,2.11489617e-1,-1.93004416e-3,3.98361989e-1,-1.04007808e-1,1.35748317e-1,-2.08087619e-2,5.68132265e-2
7972-12703,-4.75656853e-1,-3.97207614e-1,-9.60173125e-1,-1.17554863e0,-3.74939341e-1,-9.54874678e-1,-8.92119170e-2,-9.89171040e-2
7972-12704,-5.07904234e-1,-4.03616451e-1,-1.06297343e0,-1.26885348e0,-4.28745482e-1,-1.12410495e0,-1.02281983e-1,-9.53282096e-2
7972-12705,-2.92199009e-1,-2.59217354e-1,-5.77922622e-1,-7.56978344e-1,-2.12450160e-1,-6.10146629e-1,-5.28830061e-2,-6.45103913e-2
7972-1901,3.47411210e0,9.14641715e-1,9.32586962e0,3.19195168e0,7.08751420e0,3.35262524e0,6.82811005e-1,1.85767218e-1
7972-3701,-4.57633593e-1,-1.61672507e-1,-1.20679916e0,-5.63401670e-1,-8.85791105e-1,-5.90674733e-1,-9.05548058e-2,-3.29091955e-2
7972-3702,1.42600079e-1,3.99200308e-2,4.00947138e-1,1.55392353e-1,3.24644847e-1,1.88337879e-1,2.81423218e-2,6.51768369e-3
7972-3703,9.66173575e-1,3.61630814e-1,2.45935655e0,1.18936548e0,1.70486777e0,1.13856524e0,1.90613259e-1,8.05151634e-2
7972-3704,-3.03197518e-1,-1.77574070e-1,-7.35143631e-1,-6.04705147e-1,-4.46670260e-1,-6.10077586e-1,-6.16626651e-2,-3.76099275e-2
7972-6101,1.68692031e0,4.76713772e-1,4.57675695e0,1.69675371e0,3.54154473e0,1.83775617e0,3.30787976e-1,9.34050862e-2
7972-6102,-4.88356843e-1,-2.13822365e-1,-1.24199352e0,-7.29578068e-1,-8.48366591e-1,-7.39694442e-1,-9.75261093e-2,-4.50953317e-2
7972-9101,-2.69058519e-1,-9.73146232e-2,-7.14184051e-1,-3.48021681e-1,-5.26176129e-1,-3.77731383e-1,-5.36245526e-2,-1.89707283e-2
7972-9102,3.80218111e0,1.36430800e0,9.80264267e0,4.61505537e0,6.90804979e0,4.61332670e0,7.54597155e-1,2.91758829e-1
7975-12701,-3.73003594e-1,-3.45154811e-1,-7.00728330e-1,-1.05290964e0,-1.58952447e-1,-8.78744682e-1,-7.52298541e-2,-8.46404306e-2
7975-12702,-5.88660580e-1,-2.26348120e-1,-1.53567209e0,-7.86786994e-1,-1.10197085e0,-8.20925181e-1,-1.17038009e-1,-4.63027025e-2
7975-12704,9.08139691e-2,-2.30469917e-1,5.24281558e-1,-6.06965574e-1,7.03454201e-1,-3.87994864e-1,2.36165536e-2,-6.31514351e-2
7975-12705,-2.72059867e-1,-2.75093249e-1,-5.24581797e-1,-7.50253788e-1,-1.81065340e-1,-5.74731367e-1,-3.92393019e-2,-6.54599499e-2
7975-1901,-7.73765494e-1,-4.15339443e-1,-1.92345964e0,-1.42904608e0,-1.23972728e0,-1.46618755e0,-1.56459429e-1,-8.64823786e-2
7975-1902,1.25650572e0,4.01847673e-1,3.37730231e0,1.42539404e0,2.56678001e0,1.53546705e0,2.47407194e-1,7.92520887e-2
7975-3701,-3.99359508e-1,-3.33283768e-1,-8.17075281e-1,-1.04948744e0,-2.95206226e-1,-9.29709838e-1,-8.11476206e-2,-7.86909525e-2
7975-3702,1.54242059e0,7.85275906e-2,4.32837308e0,2.84319178e-1,3.56396996e0,3.16317812e-1,2.97534840e-1,1.48743943e-2
7975-3704,-4.21044597e-1,-1.27083509e-1,-1.13611460e0,-4.51492101e-1,-8.69898873e-1,-4.87559702e-1,-8.27715107e-2,-2.49887941e-2
7975-6101,1.41034040e-1,-1.23923564e-1,5.19192352e-1,-3.95277670e-1,5.88572340e-1,-3.55669352e-1,2.46658969e-2,-2.88945524e-2
7975-6102,-7.40978768e-1,-4.41015516e-1,-1.77371747e0,-1.48852319e0,-1.04588238e0,-1.48019901e0,-1.50873281e-1,-9.47297255e-2
7975-9101,-4.77047377e-1,-5.01953455e-1,-8.34441962e-1,-1.36494523e0,-1.87010484e-1,-9.73971171e-1,-7.63011255e-2,-1.31424866e-1
7975-9102,-6.08326938e-1,-2.37041720e-1,-1.58296514e0,-8.23286418e-1,-1.12980812e0,-8.57781224e-1,-1.21076195e-1,-4.85628748e-2
7977-12701,4.06575427e-1,9.78715073e-1,-1.76513758e-3,2.38790272e0,-1.04877239e0,1.29914631e0,2.92955345e-2,2.76293102e-1
7977-12702,-2.60407079e-1,-3.04419925e-1,-4.83170097e-1,-1.00434176e0,-6.84401154e-2,-9.60790049e-1,-5.60042656e-2,-6.76936585e-2
7977-12703,7.71086815e-2,-3.35184243e-3,2.58430638e-1,6.96598406e-2,2.25088705e-1,1.63425512e-1,2.08506336e-2,-6.51299246e-3
7977-1901,8.60645457e0,1.60416652e0,2.35962076e1,5.67348898e0,1.86410560e1,6.08557729e0,1.67792398e0,3.18044416e-1
7977-1902,5.70295129e-1,2.46127199e-1,1.48337883e0,8.62814489e-1,1.05533805e0,9.12188241e-1,1.13754359e-1,4.96089744e-2
7977-3701,-4.73606772e-2,-3.60265738e-3,-1.35987530e-1,-1.54949537e-2,-1.15379081e-1,-2.10567418e-2,-9.12871283e-3,-4.34299898e-4
7977-3702,3.03856096e-1,1.20589133e-1,8.04205382e-1,4.27026195e-1,5.92345070e-1,4.58728653e-1,6.02574416e-2,2.38593936e-2
7977-3703,3.36305586e-1,1.80900567e-1,8.39195139e-1,6.24625981e-1,5.45231675e-1,6.44524308e-1,6.79723148e-2,3.74428081e-2
7977-3704,-4.62353883e-1,-2.23660786e-1,-1.16538025e0,-7.69886276e-1,-7.76293571e-1,-7.90503738e-1,-9.30207437e-2,-4.65346339e-2
7977-6102,-3.75181115e-1,-1.74361603e-1,-9.78714352e-1,-6.16098210e-1,-6.99195817e-1,-6.59396713e-1,-7.48808870e-2,-3.46451132e-2
7977-6103,-3.38201098e-2,5.33228046e-2,-1.73926702e-1,1.11719016e-1,-2.13464371e-1,2.54214833e-2,-9.76127247e-3,1.68153919e-2
7977-6104,3.21896861e-2,1.14109611e-1,1.06834756e-2,3.89285453e-1,-1.01894935e-1,3.93513973e-1,8.53850785e-3,2.41110745e-2
7977-9101,2.80952817e-1,1.38743649e-1,6.88990341e-1,4.66998388e-1,4.32301674e-1,4.61920532e-1,5.67981086e-2,2.99436029e-2
7977-9102,-3.15431591e-1,-1.83357314e-1,-7.39090054e-1,-5.94842649e-1,-4.22444867e-1,-5.55716589e-1,-6.33254939e-2,-4.16312973e-2
7978-12701,-6.77751557e-1,-3.42727730e-1,-1.68553228e0,-1.16987186e0,-1.09097162e0,-1.18517425e0,-1.36687435e-1,-7.22977783e-2
7978-12703,-5.03132296e-1,-3.44135920e-1,-1.12573798e0,-1.10899263e0,-5.63500936e-1,-1.02405417e0,-1.01752953e-1,-7.88424515e-2
7978-12705,4.70957678e-2,-1.26718686e-1,2.47915860e-1,-4.15447669e-1,3.59902848e-1,-3.92008014e-1,6.19749403e-3,-2.84782076e-2
7978-1902,3.69543019e0,6.74667927e-1,1.01942320e1,2.40821065e0,8.14064988e0,2.62059143e0,7.18794389e-1,1.31450599e-1
7978-3701,2.21384104e0,4.52920525e-1,6.03066277e0,1.57108162e0,4.72329673e0,1.63892805e0,4.31294284e-1,9.28013942e-2
7978-3703,-1.05826737e-1,1.48840064e-1,-4.94297835e-1,4.35981075e-1,-6.54046340e-1,3.24866157e-1,-1.73574116e-2,3.85820111e-2
7978-3704,5.26295973e0,1.35566743e0,1.41378541e1,4.71704979e0,1.07681109e1,4.93452115e0,1.03317723e0,2.76655800e-1
7978-6101,-1.88772645e-1,-1.24718878e-1,-4.35643872e-1,-4.18972060e-1,-2.30197114e-1,-4.12522202e-1,-3.89591648e-2,-2.70189435e-2
7978-9101,8.86878513e-3,-9.16880680e-2,1.16425977e-1,-2.94701227e-1,2.17293822e-1,-2.68059695e-1,-3.97169557e-4,-2.11947291e-2
7978-9102,1.91085345e-1,2.22317553e-1,3.38902704e-1,7.14503061e-1,2.52150512e-2,6.54572714e-1,4.04901702e-2,5.12047700e-2
7979-12701,2.93999734e-1,2.19954747e-2,8.65764960e-1,1.07908974e-1,7.59850862e-1,1.63343141e-1,5.64830221e-2,1.33963458e-3
7979-12702,1.82919581e0,3.36303702e-1,5.02319983e0,1.18831576e0,3.98227494e0,1.27409168e0,3.56126178e-1,6.67397084e-2
7979-1901,2.12891372e-1,-9.08511794e-4,5.93288344e-1,-4.73496139e-3,4.82760624e-1,-7.73262914e-3,4.11898923e-2,-1.86150303e-5
7979-3701,3.39458674e0,3.48327277e-1,9.46174214e0,1.24807512e0,7.69812524e0,1.36595916e0,6.57019199e-1,6.73783345e-2
7979-3702,3.51764859e0,1.10509110e0,9.36858357e0,3.86140935e0,7.01112594e0,4.06407532e0,6.93641777e-1,2.23947059e-1
7979-3703,-3.83945896e-1,-6.52944737e-2,-1.07635343e0,-2.40458275e-1,-8.82768834e-1,-2.73995801e-1,-7.42743905e-2,-1.19517129e-2
7979-3704,1.22801303e0,4.49365205e-1,3.16617282e0,1.52190930e0,2.23114143e0,1.52359983e0,2.43787119e-1,9.59469546e-2
7979-6101,2.13608666e0,8.58666099e-2,6.01190623e0,3.14985855e-1,4.97519497e0,3.57360647e-1,4.11485559e-1,1.58316484e-2
7979-6102,-7.65032806e-2,3.11939507e-2,-2.54504580e-1,9.57319966e-2,-2.61823882e-1,7.89565735e-2,-1.38912565e-2,7.67433978e-3
7979-6103,-5.06915104e-1,-1.65655863e-1,-1.35109903e0,-5.81135859e-1,-1.01214062e0,-6.15631295e-1,-9.99664326e-2,-3.33272496e-2
7979-6104,5.20494200e-1,1.20086033e-2,1.50624662e0,6.30625704e-2,1.30049443e0,1.01828452e-1,9.93686214e-2,2.53756219e-4
7979-9101,-1.60798390e-1,-2.31386158e-1,-2.46775203e-1,-7.47238053e-1,6.22234855e-2,-6.89314764e-1,-3.50770359e-2,-5.29984636e-2
7979-9102,-4.39089603e-1,-3.30109538e-1,-9.58187808e-1,-1.06152865e0,-4.43165795e-1,-9.78731364e-1,-8.88536761e-2,-7.57380589e-2
7980-12702,-6.01208562e-1,-2.56203269e-1,-1.56050382e0,-8.95682984e-1,-1.10578994e0,-9.42796273e-1,-1.19970221e-1,-5.18945786e-2
7980-12703,1.99086146e0,4.94908880e-1,5.39440764e0,1.74710331e0,4.16778798e0,1.86809554e0,3.90273917e-1,9.84743696e-2
7980-1901,-7.16747728e-2,1.89072409e-2,-2.17416821e-1,6.43736601e-2,-2.02127915e-1,6.47016188e-2,-1.33046003e-2,4.01335586e-3
7980-1902,9.99743343e-2,6.28674702e-2,2.50230517e-1,2.21076398e-1,1.62582955e-1,2.34821595e-1,2.02936564e-2,1.26020958e-2
7980-3701,8.32013034e-1,3.78163747e-1,2.13839719e0,1.31562671e0,1.48520260e0,1.37438221e0,1.66476737e-1,7.72502491e-2
7980-3703,1.53911885e0,6.45393563e-1,3.91863072e0,2.19948593e0,2.68093585e0,2.22370558e0,3.07518580e-1,1.36453075e-1
7980-3704,3.35791478e-1,1.48476183e-1,8.75164407e-1,5.22892303e-1,6.24489265e-1,5.56779034e-1,6.69979221e-2,2.96803612e-2
7980-6102,4.86504479e-1,2.74375078e-1,1.17405475e0,9.24229520e-1,7.07995160e-1,9.15661890e-1,9.87691716e-2,5.91352363e-2
7980-6103,2.14706641e0,4.58860990e-1,5.86088742e0,1.62019259e0,4.59427295e0,1.73427652e0,4.19253227e-1,9.12195071e-2
7980-9101,2.07101857e0,4.93843341e-1,5.61338704e0,1.72183274e0,4.35370596e0,1.81183516e0,4.04422058e-1,1.00232922e-1
7980-9102,1.15998722e0,3.58101397e-1,3.06788245e0,1.23488646e0,2.26954436e0,1.27322565e0,2.28859667e-1,7.42231686e-2
7981-12701,-3.37912580e-1,-1.74520506e-1,-8.53132857e-1,-6.05461313e-1,-5.69193395e-1,-6.29549774e-1,-6.80657714e-2,-3.58288400e-2
7981-12705,-6.45177533e-1,-3.07442844e-1,-1.63216353e0,-1.05947377e0,-1.09636142e0,-1.08991002e0,-1.29638347e-1,-6.38421022e-2
7981-1902,1.61837939e1,1.76517124e0,4.51762377e1,6.35453276e0,3.68495789e1,7.00715430e0,3.13032593e0,3.38236291e-1
7981-3703,-2.24125986e-1,-4.72112836e-2,-6.17276776e-1,-1.70029842e-1,-4.90703165e-1,-1.87364957e-1,-4.37004410e-2,-9.04737219e-3
7981-6101,-8.02007182e-1,-5.02320769e-1,-1.88396113e0,-1.67567803e0,-1.06285874e0,-1.63578820e0,-1.63289487e-1,-1.09794371e-1
7981-6102,-5.02853138e-1,-2.70321630e-1,-1.23083993e0,-9.13395670e-1,-7.70278391e-1,-9.10958852e-1,-1.01525899e-1,-5.79252054e-2
7981-6103,5.89640603e-2,1.73028777e-1,-7.23521843e-3,5.41014561e-1,-2.23780425e-1,4.71210414e-1,1.40590872e-2,4.12887120e-2
7981-6104,7.95326589e-1,-1.13168971e-2,2.26129786e0,-3.44429882e-2,1.90401271e0,-2.72420489e-2,1.52451673e-1,-2.83508052e-3
7981-9101,-2.63054552e-1,-1.89436329e-1,-5.73016420e-1,-5.64573378e-1,-2.90146186e-1,-4.73100340e-1,-4.85516120e-2,-4.61318043e-2
7981-9102,2.47181775e-1,3.05952661e-1,3.74297529e-1,8.72151235e-1,-3.75128520e-2,6.54721194e-1,4.46000981e-2,7.92079380e-2
7990-12701,-5.42789112e-1,-4.27942507e-1,-1.13637682e0,-1.37345195e0,-4.39729660e-1,-1.23957877e0,-1.13152564e-1,-9.98781007e-2
7990-1901,6.74457523e-1,1.14460989e-1,1.87073616e0,4.11337516e-1,1.50831210e0,4.52337355e-1,1.30885510e-1,2.20092138e-2
7990-1902,3.95149549e-1,1.07064442e-1,1.07786780e0,3.82544527e-1,8.42454017e-1,4.16853128e-1,7.73099920e-2,2.08224732e-2
7990-3701,1.38759587e0,6.23301791e-1,3.54372021e0,2.15021297e0,2.43293598e0,2.21657937e0,2.77726462e-1,1.29171718e-1
7990-3702,3.84630638e-1,2.96746676e-1,8.46787422e-1,9.76252376e-1,3.92655296e-1,9.31939059e-1,7.90579321e-2,6.61549668e-2
7990-3703,1.82730890e-2,8.68541094e-2,-2.54996965e-2,2.84747380e-1,-1.23718730e-1,2.68846957e-1,5.38190938e-3,1.95136836e-2
7990-3704,8.12236744e-2,8.86121581e-2,1.68008732e-1,3.02450339e-1,5.53510853e-2,3.06134040e-1,1.73904819e-2,1.87029949e-2
7990-6101,3.02193737e-1,2.85125633e-1,5.94634555e-1,9.08424344e-1,1.69413815e-1,8.21718130e-1,6.22546329e-2,6.63220939e-2
7990-6102,-4.32118225e-1,-1.33726967e-1,-1.15804485e0,-4.71758470e-1,-8.75700968e-1,-5.03861113e-1,-8.51350296e-2,-2.66424013e-2
7990-6104,-6.28432073e-1,-3.97836232e-1,-1.47072636e0,-1.32410121e0,-8.22442955e-1,-1.28795562e0,-1.27922447e-1,-8.72430699e-2
7990-9101,-3.86469367e-1,-1.58063240e-1,-9.91578000e-1,-5.37933186e-1,-6.92089424e-1,-5.44435009e-1,-7.67294722e-2,-3.34182186e-2
7991-12701,1.13702164e0,6.62945692e-1,2.65050602e0,2.15178761e0,1.48829961e0,2.00783618e0,2.29248382e-1,1.50598200e-1
7991-12702,-1.27397455e-1,-1.37937964e-1,-2.90362903e-1,-4.84442686e-1,-1.43152011e-1,-5.13575973e-1,-2.67804739e-2,-2.77129883e-2
7991-12703,-7.01605790e-2,-1.44830610e-1,-8.89914049e-2,-4.88101004e-1,7.44287967e-2,-4.83518840e-1,-1.64750647e-2,-3.12063510e-2
7991-12704,1.01943216e-1,2.19403353e-1,3.70903704e-2,6.04096729e-1,-2.35298093e-1,4.19130190e-1,1.66457125e-2,5.85757722e-2
7991-12705,-6.43417146e-2,-3.34444679e-2,-1.34794783e-1,-9.34243243e-2,-5.62019400e-2,-6.17494678e-2,-1.28530340e-2,-9.09318455e-3
7991-1902,5.21589223e-1,1.57443532e-1,1.39470823e0,5.54278357e-1,1.04992790e0,5.89920411e-1,1.02873514e-1,3.14915438e-2
7991-3701,3.13740218e0,3.10091838e-1,8.89451353e0,1.18663294e0,7.42915248e0,1.42058583e0,6.04485687e-1,5.22465523e-2
7991-3702,-4.01969217e-1,-1.14954212e-1,-1.08704112e0,-4.09307397e-1,-8.35275498e-1,-4.43258725e-1,-7.90043838e-2,-2.25186176e-2
7991-3703,5.50840229e-1,2.74197238e-1,1.41033943e0,9.57778234e-1,9.70635103e-1,1.00745018e0,1.10424497e-1,5.55990464e-2
7991-3704,1.28304622e-1,5.26305795e-2,3.36505095e-1,1.84766693e-1,2.43748366e-1,1.95858893e-1,2.54939569e-2,1.05780924e-2
7991-6102,9.27628925e-1,2.12303111e-1,2.53187856e0,7.53989339e-1,1.98252058e0,8.14018925e-1,1.81312997e-1,4.17648407e-2
7991-6103,-1.88965969e-1,-2.00977969e-2,-5.54474988e-1,-9.35438407e-2,-4.81657677e-1,-1.35347063e-1,-3.65781939e-2,-1.73905627e-3
7991-6104,-4.09318132e-1,-1.56416510e-1,-1.06667576e0,-5.43340410e-1,-7.63539184e-1,-5.66122081e-1,-8.14367197e-2,-3.20414312e-2
7991-9101,-1.29170660e-1,9.57539266e-3,-4.15705045e-1,-2.62604874e-2,-3.84485788e-1,-1.06822561e-1,-2.72954433e-2,7.15719704e-3
7991-9102,3.60031956e-1,-2.83294012e-2,1.09888360e0,-4.41894016e-2,1.00724716e0,3.85422332e-2,6.89820118e-2,-1.11366176e-2
7992-12701,1.48691580e0,-2.26536752e-2,4.24861447e0,-4.98594877e-2,3.59757429e0,-5.19379641e-3,2.85271037e-1,-7.54048100e-3
7992-12702,2.71357619e-2,1.20989742e-1,-5.67298610e-2,3.66009718e-1,-2.09760681e-1,2.96930637e-1,6.96069135e-3,3.01481238e-2
7992-12704,-4.30574282e-1,-2.80010810e-1,-1.06940337e0,-9.80105205e-1,-6.83429173e-1,-1.03359505e0,-8.75002138e-2,-5.65958316e-2
7992-12705,-2.06850375e-1,-1.36651292e-1,-4.77296144e-1,-4.53496540e-1,-2.56162029e-1,-4.38661086e-1,-4.22654369e-2,-3.01094450e-2
7992-1901,3.75488948e-1,1.71247619e-1,9.78732097e-1,6.04027359e-1,6.98418484e-1,6.44817200e-1,7.49261626e-2,3.41325509e-2
7992-1902,-9.82445724e-1,-2.73977907e-1,-2.66431474e0,-9.74639603e-1,-2.05998552e0,-1.05471873e0,-1.92685399e-1,-5.37376776e-2
7992-3703,-3.42040168e-2,7.28907628e-2,-1.90514055e-1,2.10978083e-1,-2.72307966e-1,1.54180256e-1,-5.48702149e-3,1.90728235e-2
7992-6102,-6.37029882e-1,-4.40328510e-1,-1.41865863e0,-1.41471884e0,-7.01580820e-1,-1.29996436e0,-1.28704969e-1,-1.01267063e-1
7992-6104,-3.31787053e-1,-1.14358644e-1,-8.64077592e-1,-3.88616121e-1,-6.22016001e-1,-3.91818397e-1,-6.55882198e-2,-2.42622961e-2
7992-9101,-1.20322902e-1,-1.65002640e-2,-3.45045584e-1,-7.08319695e-2,-2.88399966e-1,-9.33275050e-2,-2.36993832e-2,-2.13079479e-3
7992-9102,-3.06383112e-1,-1.93683409e-1,-7.21523166e-1,-6.49852237e-1,-4.08172830e-1,-6.40093032e-1,-6.25277046e-2,-4.19807425e-2
7993-12705,-8.69176008e-1,-3.94663973e-1,-2.22852260e0,-1.37141668e0,-1.53939409e0,-1.42969991e0,-1.74094475e-1,-8.07959317e-2
7993-1901,1.97441637e0,3.03283949e-1,5.49271606e0,1.09238586e0,4.45220774e0,1.20545525e0,3.82617146e-1,5.80564733e-2
7993-3701,2.17538933e-1,6.55707732e-2,5.71688031e-1,2.18649448e-1,4.21932576e-1,2.14981078e-1,4.25427278e-2,1.42733957e-2
7993-3702,7.23533964e-1,3.61667202e-1,1.83378288e0,1.25677550e0,1.23342349e0,1.31008621e0,1.45623556e-1,7.40431591e-2
7993-3703,-1.43673319e-1,2.26358540e-2,-4.76414991e-1,1.78689975e-2,-4.65159950e-1,-6.77535273e-2,-2.89626214e-2,1.02000197e-2
7993-3704,9.62324980e-1,4.19388592e-1,2.48918784e0,1.46349711e0,1.75162471e0,1.53613287e0,1.92211313e-1,8.52196688e-2
7993-6101,1.79400717e0,1.02380638e0,4.32545524e0,3.44254908e0,2.60884192e0,3.40393128e0,3.63580636e-1,2.21140985e-1
7993-6102,4.62183251e-1,-4.48330299e-2,1.34389725e0,-1.51433967e-1,1.17340622e0,-1.50026997e-1,8.76303165e-2,-9.64439726e-3
7993-6103,6.31048377e-2,8.31334477e-2,8.87664378e-2,2.53925496e-1,-3.63589489e-2,2.10024576e-1,1.34090475e-2,2.04684641e-2
7993-6104,1.17784897e-1,1.93642935e-1,1.26628123e-1,5.71045698e-1,-1.31558432e-1,4.51315709e-1,2.30275067e-2,4.89208730e-2
7993-9101,2.50137458e-1,2.56047601e-2,7.73144959e-1,1.92574683e-1,6.80731618e-1,3.40511800e-1,5.28932228e-2,-3.87131615e-3
8075-1901,-7.14588861e-1,-4.34656590e-1,-1.69135021e0,-1.45033339e0,-9.75330839e-1,-1.41722079e0,-1.45078590e-1,-9.49339691e-2
8075-1902,-9.02924672e-2,-1.94976971e-2,-2.44259171e-1,-6.82612150e-2,-1.88209508e-1,-7.20064702e-2,-1.77065837e-2,-3.93953842e-3
8075-3703,5.39027809e-1,2.67518748e-1,1.36914606e0,9.29192570e-1,9.26161816e-1,9.68093404e-1,1.08338503e-1,5.48052001e-2
8075-3704,-2.11458384e-1,5.96616286e-2,-7.06322145e-1,1.49956558e-1,-7.17704410e-1,6.72332525e-2,-3.96861936e-2,1.78298048e-2
8075-6101,-5.70665860e-1,-4.46396839e-1,-1.19790471e0,-1.39125912e0,-4.97074259e-1,-1.21647507e0,-1.13859676e-1,-1.06403423e-1
8075-6102,-5.96964065e-2,1.21312634e-2,-2.07944881e-1,1.95306248e-2,-2.20187030e-1,-1.63954947e-2,-1.10311400e-2,4.76860736e-3
8075-6103,1.34713684e-1,-1.54144693e-1,5.44344414e-1,-4.85026072e-1,6.64992280e-1,-4.24155676e-1,2.25716863e-2,-3.66324323e-2
8075-6104,-2.53335819e-1,1.40053940e-1,-9.78764301e-1,3.30479805e-1,-1.11528472e0,1.04589837e-1,-4.76408125e-2,4.38698521e-2
8075-9101,4.76566325e-2,-1.36411637e-1,2.16424590e-1,-4.74285768e-1,2.95878760e-1,-4.94481744e-1,6.51827823e-3,-2.79122511e-2
8075-9102,6.74005222e-1,5.69311351e-1,1.37462599e0,1.71926809e0,5.43788413e-1,1.44851537e0,1.28313729e-1,1.38849054e-1
8077-12701,-2.32066655e-1,-2.29932118e-1,-4.12824194e-1,-6.43769816e-1,-9.05178515e-2,-4.69670381e-1,-4.10288095e-2,-6.02017221e-2
8077-12703,-1.07009076e0,-3.31792266e-1,-2.87274245e0,-1.17335553e0,-2.17894720e0,-1.25797524e0,-2.10740044e-1,-6.58064368e-2
8077-1901,1.02203486e0,1.31230545e-1,2.85697094e0,4.75384646e-1,2.33561601e0,5.29297769e-1,1.97597500e-1,2.48308235e-2
8077-1902,4.19856894e0,6.15004851e-1,1.16540156e1,2.20472981e0,9.40991716e0,2.41511117e0,8.14380738e-1,1.18834088e-1
8077-3703,3.22948454e0,6.29177916e-1,9.01969847e0,2.33436577e0,7.32718964e0,2.67641047e0,6.28195579e-1,1.13800236e-1
8077-6101,1.81157880e0,6.63912336e-1,4.78919600e0,2.33375249e0,3.52492261e0,2.47837420e0,3.58918566e-1,1.33145315e-1
8077-6103,-1.13046536e-1,-5.23692570e-2,-2.63206623e-1,-1.49534340e-1,-1.58357285e-1,-1.10309148e-1,-2.14697347e-2,-1.36852768e-2
8077-9101,-9.37211988e-1,-4.23120113e-1,-2.39727444e0,-1.46553436e0,-1.64881909e0,-1.52000046e0,-1.87744530e-1,-8.71057129e-2
8077-9102,-4.78014652e-1,-3.16439257e-1,-1.08625188e0,-1.01941224e0,-5.73745762e-1,-9.45008714e-1,-9.58064232e-2,-7.23074984e-2
8078-1901,4.63792553e0,3.29507402e-1,1.30070657e1,1.19290386e0,1.06978096e1,1.32687494e0,8.94991405e-1,6.24292649e-2
8078-3701,8.19374142e-2,1.03529661e-1,1.45268433e-1,3.41435750e-1,6.91392958e-3,3.26342934e-1,1.77875219e-2,2.30376274e-2
8078-3704,2.23212199e-1,2.40432344e-1,4.24800160e-1,7.83980041e-1,8.64608879e-2,7.36050078e-1,4.72254367e-2,5.43230556e-2
8078-6102,1.77928845e0,6.03141610e-1,4.74258528e0,2.12408042e0,3.54967926e0,2.26306772e0,3.51208538e-1,1.20523765e-1
8078-6103,4.53190064e-1,2.27193155e-1,1.14714457e0,7.87377444e-1,7.70394941e-1,8.17474604e-1,9.11532546e-2,4.67214168e-2
8078-6104,-3.78036076e-1,-2.74291921e-1,-8.28908041e-1,-8.45205399e-1,-4.14447957e-1,-7.40146255e-1,-7.24927936e-2,-6.52835281e-2
8078-9101,-7.57446943e-1,-4.27322830e-1,-1.83519656e0,-1.44169846e0,-1.11934485e0,-1.43378356e0,-1.53418868e-1,-9.18055724e-2
8078-9102,-8.15569241e-1,-5.09453759e-1,-1.91937613e0,-1.70397899e0,-1.08607493e0,-1.67025139e0,-1.66221462e-1,-1.10928572e-1
8079-12701,1.34356378e-1,1.83267881e-1,1.91221605e-1,5.42639136e-1,-5.53905328e-2,4.34140343e-1,2.59107878e-2,4.60268748e-2
8079-12702,-2.76828237e-1,-1.65629243e-1,-6.68348072e-1,-5.62869713e-1,-4.02372622e-1,-5.66428196e-1,-5.62817519e-2,-3.51777894e-2
8079-12703,-5.96508606e-1,-4.93066786e-1,-1.22899272e0,-1.54700457e0,-4.64971839e-1,-1.36644576e0,-1.20151765e-1,-1.16694838e-1
8079-12705,2.81068597e-1,3.85469457e-1,3.78317726e-1,1.08251904e0,-1.28371172e-1,7.92857476e-1,4.88736965e-2,1.00601662e-1
8079-1901,-7.60427840e-1,-3.80638532e-1,-1.91139228e0,-1.31131942e0,-1.26497347e0,-1.34842105e0,-1.53146768e-1,-7.90782031e-2
8079-1902,-2.70779737e-1,2.93726583e-2,-8.42615243e-1,6.75947587e-2,-8.01400056e-1,1.26653991e-2,-5.05045475e-2,9.55997592e-3
8079-3702,-3.16838431e-1,-5.31668129e-2,-9.04716176e-1,-2.13614081e-1,-7.56438387e-1,-2.68599413e-1,-6.16894682e-2,-8.01058466e-3
8079-3703,2.08711700e0,3.38760611e-1,5.78113434e0,1.21353149e0,4.65038698e0,1.32794635e0,4.05228532e-1,6.55462628e-2
8079-6101,5.11936348e-1,7.34669662e-1,7.68385019e-1,2.37865810e0,-2.46532807e-1,2.19840154e0,1.13370206e-1,1.67918322e-1
8079-6103,1.81618673e-1,2.22796173e-1,2.78744029e-1,6.41578491e-1,-2.50337589e-2,4.90885816e-1,3.33340440e-2,5.71334550e-2
8079-9101,2.84164719e-1,8.01198981e-2,7.80537074e-1,2.91081977e-1,6.16105694e-1,3.24816010e-1,5.55988147e-2,1.50945177e-2
8080-12704,-5.84449337e-1,-2.94617563e-1,-1.45508841e0,-1.00310961e0,-9.46461359e-1,-1.01298414e0,-1.17591312e-1,-6.23690073e-2
8080-1901,4.66550125e0,2.32686417e0,1.15162226e1,7.85433045e0,7.35262976e0,7.81472709e0,9.40079264e-1,4.99628194e-1
8080-1902,-3.79687341e-1,-2.91829054e-1,-8.02797653e-1,-9.12425268e-1,-3.40737644e-1,-8.01484808e-1,-7.59468809e-2,-6.93402702e-2
8080-3701,-3.78412265e-1,-1.69323619e-1,-9.63767999e-1,-5.82279197e-1,-6.58097856e-1,-5.97057951e-1,-7.57799728e-2,-3.52839528e-2
8080-3702,-3.15787540e-1,-6.41416552e-2,-8.78358803e-1,-2.33432656e-1,-7.10750421e-1,-2.61469959e-1,-6.12919351e-2,-1.20312146e-2
8080-3703,-4.14365708e-1,-3.29129181e-1,-8.91100439e-1,-1.07415150e0,-3.79230652e-1,-1.01004139e0,-8.55190580e-2,-7.42720966e-2
8080-3704,-4.38058338e-1,-1.29750821e-1,-1.18067788e0,-4.59677071e-1,-9.02378463e-1,-4.94222710e-1,-8.61288527e-2,-2.56482458e-2
8080-6101,3.93430249e-1,3.44101833e-1,8.07892614e-1,1.10561367e0,2.87815954e-1,1.01440600e0,8.09199311e-2,7.92003082e-2
8080-6103,-1.61409265e-2,-2.45761521e-2,-1.61330947e-2,-7.32326239e-2,2.27133154e-2,-5.75215559e-2,-3.48799467e-3,-6.21956105e-3
8080-6104,2.66815964e-1,9.95779550e-2,6.96129702e-1,3.44609799e-1,5.00320186e-1,3.57175748e-1,5.29793769e-2,2.05207942e-2
8080-9101,-2.94971944e-1,-1.77400571e-1,-6.52762161e-1,-7.27728303e-1,-2.34724274e-1,-7.72346498e-1,-8.32819365e-2,-3.83708451e-2
8080-9102,-3.90351040e-1,-2.43304201e-1,-9.18363660e-1,-8.12409905e-1,-5.19950376e-1,-7.94310671e-1,-7.94804326e-2,-5.31036099e-2
8081-12701,-4.26745586e-1,-1.92635096e-1,-1.11093806e0,-6.78308367e-1,-7.90921241e-1,-7.22166997e-1,-8.51719800e-2,-3.85157886e-2
8081-12702,-4.52588442e-1,-4.29528198e-1,-8.44084253e-1,-1.22292868e0,-2.45068082e-1,-9.30203647e-1,-8.06839651e-2,-1.10349680e-1
8081-1901,-5.26443921e-1,-1.80380950e-1,-1.39061634e0,-6.29723154e-1,-1.02324698e0,-6.61591031e-1,-1.04205695e-1,-3.66202962e-2
8081-3701,9.62587569e-1,1.34098357e-2,2.70984159e0,4.93199195e-2,2.24399864e0,5.62088565e-2,1.85364620e-1,2.45762697e-3
8081-3703,-8.69337007e-1,-3.68112673e-1,-2.24465678e0,-1.27860182e0,-1.57528381e0,-1.33219035e0,-1.73589509e-1,-7.54110768e-2
8081-6101,2.85198550e-3,9.60147773e-2,-1.17449153e-1,2.49830256e-1,-2.28885347e-1,1.44612715e-1,-8.32336465e-4,2.71801626e-2
8081-6102,2.72842507e-1,8.49721896e-2,7.39808044e-1,3.04618489e-1,5.70802050e-1,3.33311053e-1,5.36149579e-2,1.64316274e-2
8081-6103,-3.13336781e-1,-2.71328524e-1,-6.04070957e-1,-8.05682826e-1,-1.80196637e-1,-6.43712656e-1,-6.10004406e-2,-6.82125661e-2
8081-6104,-3.71655684e-2,1.81603688e-2,-8.05102636e-2,-1.33860236e-1,6.70635845e-2,-2.40479829e-1,-3.71979347e-2,6.98427588e-3
8081-9101,3.63365031e-1,2.22509131e-1,8.74873283e-1,7.56355309e-1,5.22981068e-1,7.61412450e-1,7.39366473e-2,4.72419377e-2
8081-9102,1.40353222e-1,1.22779170e-1,2.74295117e-1,3.74347537e-1,8.33540262e-2,3.13877400e-1,2.79197992e-2,3.00441221e-2
8082-12702,-1.35725183e-1,-4.94849920e-2,-3.65483735e-1,-1.76634727e-1,-2.78585914e-1,-1.92175359e-1,-2.67189625e-2,-9.64271910e-3
8082-12703,-4.83241548e-1,-2.05901951e-1,-1.24878862e0,-7.16388129e-1,-8.77626023e-1,-7.48481769e-1,-9.64921059e-2,-4.20545189e-2
8082-12704,-3.50716044e-1,-3.75100424e-1,-6.22338056e-1,-1.17979976e0,-5.48243351e-2,-1.03753615e0,-7.35312403e-2,-8.89274481e-2
8082-1902,7.79335311e0,1.38098996e0,2.15583819e1,4.94720319e0,1.72994269e1,5.41367769e0,1.51416196e0,2.67198230e-1
8082-3701,-8.53967124e-1,-3.62504080e-1,-2.20449573e0,-1.25862797e0,-1.54671929e0,-1.31067679e0,-1.70500208e-1,-7.43083869e-2
8082-3702,-7.29264692e-1,-3.52956234e-1,-1.83679932e0,-1.21328835e0,-1.22226581e0,-1.24316579e0,-1.46682118e-1,-7.35995241e-2
8082-3703,1.23883506e1,2.48245454e0,3.39217139e1,8.78940558e0,2.67339728e1,9.44487223e0,2.41673605e0,4.91141564e-1
8082-3704,-4.01099763e-1,-2.97410101e-1,-9.46057666e-1,-1.02454222e0,-5.28727977e-1,-1.05298294e0,-8.26937865e-2,-6.18089685e-2
8082-6101,8.38001819e-1,1.10815489e0,1.35372833e0,3.59272958e0,-1.98339132e-1,3.33007745e0,1.83420047e-1,2.52741694e-1
8082-6103,-4.81082893e-1,-2.82088097e-1,-1.14123074e0,-9.38960549e-1,-6.61981109e-1,-9.12993202e-1,-9.76548222e-2,-6.18703095e-2
8082-6104,1.04482543e0,1.35168761e-1,2.91763305e0,4.90023958e-1,2.38014318e0,5.45942077e-1,2.02170797e-1,2.55461987e-2
8082-9102,-1.72372298e-1,-2.37039304e-1,-2.29579847e-1,-7.18658427e-1,1.22281607e-1,-5.89010004e-1,-3.62131394e-2,-5.86908594e-2
8083-12703,-4.62511437e-1,-3.58414394e-1,-9.67930121e-1,-1.11147489e0,-3.98258873e-1,-9.62383644e-1,-9.21731646e-2,-8.59730288e-2
8083-12705,-5.92445082e-1,-3.97673008e-1,-1.33826908e0,-1.28407723e0,-6.90865145e-1,-1.19115314e0,-1.19483506e-1,-9.08066539e-2
8083-1902,9.42411887e-1,2.32929118e-1,2.56416556e0,8.25393211e-1,1.99651401e0,8.87957146e-1,1.84421382e-1,4.60175382e-2
8083-3702,-5.48833950e-1,-3.05580917e-1,-1.34533018e0,-1.04267837e0,-8.40368199e-1,-1.05565789e0,-1.11231481e-1,-6.45017335e-2
8083-3703,2.97341596e-2,1.17170131e-1,-4.17003767e-2,3.56820990e-1,-1.88332905e-1,2.95504936e-1,7.24611534e-3,2.88428419e-2
8083-3704,2.52805551e-1,4.37313373e-1,2.56922353e-1,1.35328995e0,-3.56204595e-1,1.15175012e0,5.56608023e-2,1.05864040e-1
8083-6102,-1.29544178e-1,-1.49553842e-1,-2.64375253e-1,-5.13176406e-1,-7.89824521e-2,-5.23667187e-1,-2.79761034e-2,-3.13001685e-2
8083-6103,2.16650696e-1,5.24913021e-2,6.29388068e-1,2.25887191e-1,5.28735381e-1,3.01748784e-1,4.31756934e-2,6.53164042e-3
8083-9101,-3.00339034e-1,-3.95588843e-2,-8.73920194e-1,-1.67874894e-1,-7.54176339e-1,-2.25150503e-1,-5.78499295e-2,-5.00047570e-3
8084-12701,-1.01545336e-1,-4.25052379e-2,-2.64193673e-1,-1.41561301e-1,-1.90724788e-1,-1.44533547e-1,-1.92810004e-2,-8.68834789e-3
8084-1901,3.19365594e0,1.38818896e0,8.22127732e0,4.82455108e0,5.72880631e0,5.03051705e0,6.38752593e-1,2.84125539e-1
8084-1902,1.43248094e-2,1.77284532e-1,-9.53125324e-2,6.02293610e-1,-2.67885010e-1,6.03797881e-1,6.83718716e-3,3.77440542e-2
8084-3701,-8.70117880e-1,-3.45971213e-1,-2.26413837e0,-1.20318043e0,-1.61575298e0,-1.25638693e0,-1.73192026e-1,-7.07121741e-2
8084-3702,8.30821849e-1,4.65398089e-1,2.06411344e0,1.60981174e0,1.32544274e0,1.66561597e0,1.68325412e-1,9.60446805e-2
8084-3703,2.01867280e0,2.59970122e-1,5.62095811e0,9.32420201e-1,4.56543482e0,1.02254387e0,3.90854882e-1,5.01722991e-2
8084-6101,-7.81918467e-1,-4.03010266e-1,-1.95351691e0,-1.38497961e0,-1.27553889e0,-1.41860567e0,-1.57711221e-1,-8.40692704e-2
8084-6103,-3.97247799e-1,-2.19508163e-1,-9.77602281e-1,-7.50123493e-1,-6.16591337e-1,-7.61352195e-1,-8.04189506e-2,-4.62192085e-2
8084-6104,-8.09533644e-3,2.54623282e-3,-1.72303840e-2,1.53093819e-2,-9.35298591e-3,2.60563761e-2,-1.44461086e-3,-1.16619206e-4
8084-9101,-1.36614113e-1,2.30426496e-1,-7.50571446e-1,5.45968943e-1,-1.00474706e0,2.05101156e-1,-2.97361337e-2,7.06978642e-2
8084-9102,-6.72853199e-2,2.41764499e-2,-2.22182138e-1,7.13789982e-2,-2.25421291e-1,5.42104062e-2,-1.23959525e-2,6.21256092e-3
8085-12701,8.77879551e-1,3.04161551e-1,2.27707229e0,9.75931255e-1,1.66619996e0,9.24757515e-1,1.67778742e-1,6.84884308e-2
8085-12702,-5.87461571e-1,-4.98661283e-1,-1.17743206e0,-1.51128702e0,-4.21162793e-1,-1.26512203e0,-1.14419417e-1,-1.22155749e-1
8085-12703,1.86429394e0,-2.71387304e-2,5.34605125e0,-5.76916571e-2,4.55756230e0,2.25900578e-3,3.56597134e-1,-9.35636918e-3
8085-12704,-3.43093523e-1,-2.03265575e-1,-8.15533576e-1,-6.78855702e-1,-4.75086288e-1,-6.63955309e-1,-6.96567506e-2,-4.43516656e-2
8085-1901,3.71807369e0,6.79464575e-1,1.02037914e1,2.36702975e0,8.10208010e0,2.49203716e0,7.21705498e-1,1.37937967e-1
8085-1902,4.53924079e0,5.45785107e-1,1.26467807e1,1.96016352e0,1.02810097e1,2.15360137e0,8.78784891e-1,1.05071355e-1
8085-3701,2.71984677e-1,2.57678424e-1,5.40800027e-1,8.29042155e-1,1.60809998e-1,7.62209430e-1,5.63502399e-2,5.92112889e-2
8085-3702,1.07435154e-1,-7.44790703e-2,3.26335104e-1,-2.65780997e-1,3.04874409e-1,-2.89037233e-1,1.98494279e-2,-1.45206958e-2
8085-3703,5.24967244e-1,1.57034963e-1,1.34184568e0,5.07684410e-1,9.35128146e-1,4.68030539e-1,1.03872859e-1,3.59702693e-2
8085-3704,-4.73215466e-1,-1.84736373e-1,-1.22872086e0,-6.39591554e-1,-8.73757853e-1,-6.63140843e-1,-9.41874626e-2,-3.80503660e-2
8085-6101,1.00533717e0,1.79286904e-1,2.78677147e0,6.44957943e-1,2.24402325e0,7.10300050e-1,1.95185414e-1,3.44069092e-2
8085-6102,4.46849868e-1,7.89614057e-2,1.21787446e0,2.73671423e-1,9.53053526e-1,2.83406916e-1,8.72702104e-2,1.62740147e-2
8085-6103,1.18219103e0,5.86940014e-1,2.98053588e0,2.02693253e0,1.98472510e0,2.09223061e0,2.37998040e-1,1.21445800e-1
8085-6104,-5.68423900e-1,-3.45046923e-1,-1.34188745e0,-1.15150664e0,-7.66684448e-1,-1.12430956e0,-1.15682816e-1,-7.53938245e-2
8085-9101,5.45434669e0,4.67884612e-1,1.52127083e1,1.67014334e0,1.23939145e1,1.81782836e0,1.05510702e0,9.11468618e-2
8085-9102,2.34697772e0,1.81794768e0,5.09851055e0,5.91709587e0,2.27506326e0,5.54910093e0,4.81062755e-1,4.11306642e-1
8086-12701,-1.34594452e-1,-4.93391825e-2,-2.80175507e-1,-2.18752650e-1,-1.35588465e-1,-1.90973254e-1,-4.23924769e-2,-2.28642945e-2
8086-12704,1.24385761e-1,3.44103823e-2,3.38468252e-1,1.23020023e-1,2.63173554e-1,1.34103004e-1,2.43783771e-2,6.68728013e-3
8086-3701,1.10372428e0,4.63144582e-1,2.78929846e0,1.55337604e0,1.88895133e0,1.53254793e0,2.19814716e-1,1.00303444e-1
8086-3703,-7.05382445e-1,-2.55759839e-1,-1.86136210e0,-8.96724450e-1,-1.36539026e0,-9.48405557e-1,-1.39812033e-1,-5.15315321e-2
8086-3704,-8.45342942e-1,-4.35553990e-1,-2.10522363e0,-1.49235911e0,-1.36532980e0,-1.52108086e0,-1.70584161e-1,-9.13154652e-2
8086-6102,-5.06099621e-1,-5.00179267e-1,-9.35367883e-1,-1.48424812e0,-2.22293983e-1,-1.20465778e0,-9.59019208e-2,-1.24595705e-1
8086-6103,1.09796066e-1,3.53637909e-1,-1.17242635e-1,1.00986002e0,-5.90259379e-1,7.29222016e-1,2.28681426e-2,9.31257727e-2
8086-6104,-7.45731966e-1,-4.06226830e-1,-1.82623224e0,-1.37785585e0,-1.14172140e0,-1.38203438e0,-1.50815519e-1,-8.65537285e-2
8086-9101,6.78753214e-1,5.18212035e-1,1.53055179e0,1.73498818e0,7.59213058e-1,1.70431021e0,1.39927646e-1,1.12629656e-1
8086-9102,-2.94525386e-1,-2.85859208e-1,-5.66162347e-1,-9.07345310e-1,-1.37149843e-1,-8.13900040e-1,-6.09489613e-2,-6.68814653e-2
8087-12702,-5.61180977e-1,-2.32722967e-1,-1.45282069e0,-8.07571283e-1,-1.02629332e0,-8.40594691e-1,-1.11846301e-1,-4.77370101e-2
8087-1902,1.79428065e0,3.58852109e-1,4.93499022e0,1.28171010e0,3.91825166e0,1.39583425e0,3.49596237e-1,6.98424942e-2
8087-3703,9.41620293e-1,2.44081111e-1,2.56665850e0,8.69967317e-1,2.00385566e0,9.44363029e-1,1.84243605e-1,4.76952855e-2
8087-6101,-6.94389943e-1,-1.43099067e-1,-1.91242815e0,-5.12309476e-1,-1.52207150e0,-5.60021611e-1,-1.35218016e-1,-2.77226987e-2
8087-6102,-5.55587574e-1,-3.13552442e-1,-1.35816046e0,-1.07172952e0,-8.41005190e-1,-1.08762334e0,-1.12859478e-1,-6.60162054e-2
8087-6104,-1.83077680e-1,-1.27866516e-1,-4.26923981e-1,-4.37429604e-1,-2.30342530e-1,-4.44032734e-1,-3.79075368e-2,-2.69008562e-2
8087-9101,1.17283519e0,2.59630917e-1,3.23283894e0,9.34613616e-1,2.57505252e0,1.02995916e0,2.28466569e-1,4.97726924e-2
8087-9102,-8.33395039e-2,-4.66073371e-2,-1.88319825e-1,-1.42800801e-1,-9.99892318e-2,-1.20108252e-1,-1.65213337e-2,-1.13765111e-2
8088-12702,-2.72166463e-1,-1.63308532e-1,-6.45867414e-1,-5.34168046e-1,-3.83375416e-1,-5.09964827e-1,-5.41185987e-2,-3.64662005e-2
8088-12703,-2.29022996e-1,-2.95875548e-1,-3.22599306e-1,-8.25951783e-1,7.52874479e-2,-5.94548197e-1,-4.00966326e-2,-7.78925879e-2
8088-1901,9.40585810e-1,8.51669830e-2,2.63542458e0,3.07758884e-1,2.16406144e0,3.41383552e-1,1.81584891e-1,1.61953077e-2
8088-3701,3.10031162e-1,2.79770462e-1,6.43944642e-1,9.18124264e-1,2.33557215e-1,8.72169482e-1,6.45964159e-2,6.26134095e-2
8088-3704,-6.85354319e-1,-3.22697757e-1,-1.73552978e0,-1.11035389e0,-1.16950862e0,-1.13977877e0,-1.37553944e-1,-6.71697475e-2
8088-6101,-3.19619155e-1,-1.52326411e-1,-8.27409517e-1,-5.35806587e-1,-5.82034672e-1,-5.69480911e-1,-6.39326198e-2,-3.05158335e-2
8088-6103,1.27639359e0,4.65273179e-1,3.27090703e0,1.56513709e0,2.27784197e0,1.54990319e0,2.53633068e-1,1.00384922e-1
8088-9101,-6.20658755e-1,-2.91157547e-1,-1.57778100e0,-1.00637488e0,-1.07077607e0,-1.04033589e0,-1.24567102e-1,-6.01514990e-2
8088-9102,2.88999159e-1,1.16598247e-1,7.57921618e-1,4.09096474e-1,5.48886804e-1,4.33185923e-1,5.74318991e-2,2.34618894e-2
8089-12701,-2.06204325e-1,-3.74397907e-2,-5.85381555e-1,-1.52626196e-1,-4.81245819e-1,-1.92232822e-1,-4.07191515e-2,-5.54677407e-3
8089-12702,-6.76737329e-1,-4.45836869e-1,-1.55352113e0,-1.46339918e0,-8.30182578e-1,-1.39290443e0,-1.37367883e-1,-9.96620457e-2
8089-12704,3.95097789e-2,2.79565842e-2,8.74861567e-2,9.25052483e-2,4.43641298e-2,8.52912148e-2,8.51013663e-3,6.77319019e-3
8089-12705,-5.27751810e-1,-1.40448275e-1,-1.44151140e0,-5.02111087e-1,-1.12955462e0,-5.47644567e-1,-1.03186839e-1,-2.72845826e-2
8089-1902,-6.80419170e-1,-1.97749480e-1,-1.83833119e0,-7.02038486e-1,-1.41128598e0,-7.57278572e-1,-1.33663031e-1,-3.89368033e-2
8089-3701,-6.30814202e-2,6.66526592e-2,-2.55937326e-1,2.08865751e-1,-3.15582345e-1,1.79814430e-1,-1.03169152e-2,1.59776663e-2
8089-3703,1.85594362e-1,-6.84567129e-2,5.67757741e-1,-2.36918755e-1,5.34362084e-1,-2.45066345e-1,3.42766748e-2,-1.41236755e-2
8089-3704,-4.49027109e-1,-1.29463135e-1,-1.21745672e0,-4.61398908e-1,-9.40652734e-1,-5.00745858e-1,-8.80984102e-2,-2.53036226e-2
8089-6101,-4.29649864e-1,-3.12215789e-1,-9.33815394e-1,-1.00248579e0,-4.21158867e-1,-9.16566526e-1,-8.77261767e-2,-7.20234865e-2
8089-6102,1.85701046e-2,2.11544289e-1,-2.22268176e-1,5.35699674e-1,-4.61080027e-1,2.94184417e-1,-1.57011394e-3,6.05052480e-2
8089-6103,-1.45691537e-2,4.73541765e-2,-8.34215365e-2,1.57637116e-1,-1.27546131e-1,1.51893673e-1,-1.55282723e-3,1.04432440e-2
8089-9101,-2.65715266e-1,-8.81385559e-2,-6.91829376e-1,-2.92629118e-1,-5.02272940e-1,-2.86141562e-1,-5.19930027e-2,-1.92853768e-2
8089-9102,1.64455143e-1,1.10403525e-1,3.75514231e-1,3.62460172e-1,1.97365106e-1,3.45235806e-1,3.34249320e-2,2.46663866e-2
8091-12701,-5.20133726e-1,-4.88015371e-1,-9.75661044e-1,-1.37480839e0,-3.01142714e-1,-1.03108956e0,-9.09260909e-2,-1.26004744e-1
8091-12702,-2.17643713e-2,1.83992134e-1,-3.06787048e-1,4.92321721e-1,-5.25177949e-1,3.02385565e-1,-4.96503790e-3,5.12462908e-2
8091-12703,2.56934306e-1,4.74609583e-1,1.70689235e-1,1.15509375e0,-3.56150741e-1,6.21641103e-1,2.54745897e-2,1.34593789e-1
8091-12704,2.00893054e-1,2.34181016e-1,3.39395603e-1,6.53146163e-1,5.14648779e-2,4.94372617e-1,3.21176829e-2,5.97585993e-2
8091-12705,9.06609531e-2,1.09088245e-1,1.57206795e-1,3.35771128e-1,1.19887229e-2,2.96094233e-1,1.72920937e-2,2.55828075e-2
8091-1901,-7.87544451e-1,-2.88233741e-1,-2.07689381e0,-1.01122817e0,-1.52117674e0,-1.07049750e0,-1.56174792e-1,-5.80108634e-2
8091-1902,-5.43884881e-1,-2.93538766e-1,-1.33008486e0,-9.94214098e-1,-8.28574203e-1,-9.94540252e-1,-1.10060441e-1,-6.26994406e-2
8091-3701,1.72512911e0,2.81747059e-1,4.75798683e0,1.00382228e0,3.79795132e0,1.08902007e0,3.35600342e-1,5.50962620e-2
8091-3702,-3.13723386e-1,-9.76556935e-2,-8.31199521e-1,-3.41117656e-1,-6.14762204e-1,-3.58489905e-1,-6.20781648e-2,-1.98129607e-2
8091-3703,-9.45541288e-1,-3.80030533e-1,-2.47328569e0,-1.33184752e0,-1.78107452e0,-1.40746640e0,-1.88137348e-1,-7.66359053e-2
8091-3704,4.32710211e-1,2.29314890e-1,1.08298345e0,7.91212172e-1,7.09384476e-1,8.15740954e-1,8.72896705e-2,4.75125696e-2
8091-6101,8.43548235e-1,2.60256838e-1,2.26664573e0,9.22316840e-1,1.72156979e0,9.92023744e-1,1.66125760e-1,5.14186652e-2
8091-6102,-6.28327647e-2,3.61356998e-4,-1.83042803e-1,-1.69574057e-4,-1.60632446e-1,-3.14836335e-3,-1.18521059e-2,2.43331809e-4
8091-6103,-6.83915267e-1,-5.34161618e-1,-1.45365704e0,-1.69172666e0,-6.19914021e-1,-1.51992049e0,-1.37771339e-1,-1.24936611e-1
8091-6104,-5.29106884e-1,-3.70366308e-1,-1.16349275e0,-1.17329777e0,-5.60041154e-1,-1.05378490e0,-1.06147611e-1,-8.66493203e-2
8091-9101,-6.52850455e-1,-4.95961533e-1,-1.42309325e0,-1.60968009e0,-6.45273086e-1,-1.50244174e0,-1.33489890e-1,-1.12639702e-1
8092-12703,-3.84740153e-2,-1.16230702e-1,5.86426755e-2,-3.32246572e-1,2.56516569e-1,-2.31141854e-1,-9.99177046e-3,-3.09827813e-2
8092-12704,-6.29808683e-1,-2.32643960e-1,-1.66957545e0,-8.21350114e-1,-1.23457007e0,-8.78160360e-1,-1.24740408e-1,-4.62885085e-2
8092-12705,4.17159155e-1,2.67344623e-1,9.85019169e-1,9.21440345e-1,5.44584872e-1,9.33978519e-1,8.75096234e-2,5.62116434e-2
8092-1901,8.44622201e0,1.64465597e0,2.31713840e1,5.82201973e0,1.83313914e1,6.25756845e0,1.64568361e0,3.25384101e-1
8092-1902,2.70550389e0,2.24432932e0,5.90026920e0,7.51495813e0,2.56816986e0,7.36781090e0,5.65408256e-1,4.88317063e-1
8092-3701,-2.91021999e-1,-1.16936641e-1,-7.84018844e-1,-4.27951876e-1,-5.91749782e-1,-4.80949219e-1,-5.79096852e-2,-2.17675985e-2
8092-3702,2.44501913e0,1.18032589e0,6.05443493e0,3.95818518e0,3.91143495e0,3.90103179e0,4.90398035e-1,2.55818303e-1
8092-3703,-1.94031539e-1,-8.87160291e-2,-4.87850532e-1,-2.98099061e-1,-3.27279516e-1,-2.95949623e-1,-3.85951833e-2,-1.91143278e-2
8092-3704,4.16479020e-1,2.63229456e-1,9.81490825e-1,8.78549130e-1,5.60226307e-1,8.59731437e-1,8.45273882e-2,5.74340700e-2
8092-6102,-5.15924830e-2,8.07406267e-3,-1.68228857e-1,6.36897536e-3,-1.59959883e-1,-2.37083933e-2,-1.05575144e-2,3.62708368e-3
8092-6103,1.35312200e-1,2.88135820e-1,6.97387145e-2,8.58179334e-1,-3.10550201e-1,6.85611883e-1,2.80138899e-2,7.23788747e-2
8092-9102,4.66328276e-1,-1.61204661e-1,1.41747099e0,-5.56637197e-1,1.32139482e0,-5.73744472e-1,8.64943999e-2,-3.33863385e-2
8093-12701,-1.29553967e-1,-9.75170414e-3,-3.85717662e-1,-7.05987718e-2,-3.29484515e-1,-1.18710299e-1,-2.71353774e-2,8.66334858e-4
8093-12702,-3.30338767e-1,-3.14788849e-1,-6.37223077e-1,-8.23889677e-1,-2.63112740e-1,-5.77403653e-1,-4.66082766e-2,-8.14175001e-2
8093-12705,-7.05579643e-1,-4.67475085e-1,-1.60760397e0,-1.52331198e0,-8.44517899e-1,-1.43296731e0,-1.42932770e-1,-1.05532104e-1
8093-1901,-4.89774001e-1,-1.81815207e-1,-1.28874104e0,-6.37157767e-1,-9.39699690e-1,-6.73282438e-1,-9.72048569e-2,-3.66674404e-2
8093-1902,-4.24837496e-1,-1.30464387e-1,-1.13421746e0,-4.57064775e-1,-8.52354440e-1,-4.82956805e-1,-8.37381611e-2,-2.63185747e-2
8093-3704,1.78318584e0,5.98773658e-1,4.76398691e0,2.11589094e0,3.57917882e0,2.26580185e0,3.51907819e-1,1.18925771e-1
8093-6101,3.61479014e-1,-3.38169133e-2,1.05476216e0,-1.11703653e-1,9.25449202e-1,-1.06183011e-1,6.84674240e-2,-7.53834888e-3
8093-6102,5.05296773e-1,5.57387353e-1,8.74093968e-1,1.68870263e0,7.86716493e-2,1.40739573e0,9.98579373e-2,1.36844465e-1
8093-6103,4.08010290e-1,8.29332024e-2,1.13392956e0,3.02972287e-1,9.15300685e-1,3.40936634e-1,7.93087131e-2,1.54466836e-2
8093-9101,-1.96137599e-1,-1.57239285e-1,-4.48045679e-1,-5.40054465e-1,-2.25722322e-1,-5.51969023e-1,-4.09200308e-2,-3.28561219e-2
8095-12701,-4.52942789e-1,-4.44868737e-1,-8.26679018e-1,-1.25648856e0,-2.14464435e-1,-9.45755445e-1,-7.93467024e-2,-1.14621129e-1
8095-12702,-8.37702237e-2,-8.64562743e-2,-1.44038332e-1,-1.85853635e-1,-5.62777294e-2,-7.55527237e-2,-7.73204155e-3,-2.50626438e-2
8095-12704,3.23328454e-3,5.19702722e-2,-5.71680141e-2,9.96342021e-2,-9.61434789e-2,1.73854339e-2,-4.94134413e-3,1.59231657e-2
8095-1901,6.92269392e0,2.42307360e0,1.83200415e1,8.49057020e0,1.35223726e1,8.97276747e0,1.37001328e0,4.88687248e-1
8095-3701,1.44155526e0,3.00087989e-1,3.94745059e0,1.05913979e0,3.11397937e0,1.13331252e0,2.80958980e-1,5.96923997e-2
8095-3702,3.09969436e-1,2.59245745e-1,6.92087701e-1,8.86375171e-1,3.21684403e-1,8.98723815e-1,6.51135867e-2,5.45989673e-2
8095-6101,-2.72320867e-1,-7.33500463e-2,-7.37949242e-1,-2.60765129e-1,-5.69675546e-1,-2.81884055e-1,-5.34333735e-2,-1.44050717e-2
8095-6102,-1.10347570e-1,-1.05254137e-1,-2.10473816e-1,-3.34020244e-1,-4.65218155e-2,-2.98272901e-1,-2.30574262e-2,-2.46869890e-2
8095-6103,-4.99502152e-1,-8.23624329e-2,-1.42669330e0,-3.25010199e-1,-1.19855201e0,-4.02849200e-1,-9.66669272e-2,-1.29069274e-2
8095-9101,4.50960463e-1,9.23234266e-2,1.23708211e0,3.35443207e-1,9.72421036e-1,3.70599536e-1,8.86213194e-2,1.75581005e-2
8095-9102,-2.89821709e-1,-1.74496893e-1,-7.47322740e-1,-6.19536010e-1,-5.20017205e-1,-6.68324646e-1,-5.81677299e-2,-3.43546664e-2
8096-12702,-1.63038360e-1,-3.90535572e-2,-4.31225029e-1,-1.14618793e-1,-3.32676387e-1,-9.30090599e-2,-3.05390444e-2,-9.79027703e-3
8096-12705,-4.28669798e-1,-1.96682644e-1,-1.08947015e0,-6.78297854e-1,-7.39322844e-1,-6.98554693e-1,-8.60134873e-2,-4.07930655e-2
8096-3703,2.72199869e0,8.94730475e-1,7.24263498e0,3.13960672e0,5.40442064e0,3.32583601e0,5.37469448e-1,1.79974458e-1
8096-3704,4.63318735e0,1.47324359e0,1.23449044e1,5.16360853e0,9.23971788e0,5.46034559e0,9.14057026e-1,2.96945146e-1
8096-6101,8.09908920e-1,1.00379846e0,1.31705264e0,3.18961501e0,-1.43738170e-1,2.85170282e0,1.74085350e-1,2.35185873e-1
8096-6102,-4.31066053e-1,3.51905373e-2,-1.36428696e0,3.49683435e-2,-1.31064806e0,-1.04809522e-1,-8.13358438e-2,1.59972108e-2
8096-9102,-1.20743376e-1,-1.27457761e-1,-2.79806770e-1,-4.49450555e-1,-1.45542107e-1,-4.79545036e-1,-2.52764855e-2,-2.54187420e-2
8097-12701,-3.10693151e-1,-9.33005099e-2,-8.30048594e-1,-3.26517498e-1,-6.24779223e-1,-3.44482790e-1,-6.12057277e-2,-1.88556191e-2
8097-12703,1.29004671e-1,4.69441934e-2,3.55946018e-1,2.11345259e-1,2.53580792e-1,2.74684400e-1,2.94101401e-2,5.95562605e-3
8097-12704,-4.26950203e-1,-3.16641570e-1,-9.23787279e-1,-1.00430622e0,-4.20125016e-1,-9.04433478e-1,-8.58739253e-2,-7.39339842e-2
8097-12705,3.43100882e0,1.04599357e0,9.06734489e0,3.59499823e0,6.70322048e0,3.68830575e0,6.76558782e-1,2.17966779e-1
8097-1901,1.03929881e0,6.73450878e-1,2.45606358e0,2.27676914e0,1.39731638e0,2.27096880e0,2.12455017e-1,1.44252401e-1
8097-1902,4.06373800e0,6.55460820e-1,1.12047373e1,2.32962585e0,8.94127234e0,2.51800339e0,7.90465422e-1,1.28764011e-1
8097-3701,5.19587986e0,1.03580695e0,1.41397947e1,3.63699551e0,1.10197027e1,3.85606172e0,1.01612759e0,2.08130157e-1
8097-3703,-8.94802301e-1,-4.08985495e-1,-2.28348617e0,-1.41501751e0,-1.56286840e0,-1.46499907e0,-1.79366255e-1,-8.43558805e-2
8097-3704,-1.79809952e-1,1.34005499e-1,-6.81705291e-1,4.07596995e-1,-7.93933598e-1,3.28396655e-1,-3.07838974e-2,3.33777571e-2
8097-6101,4.20158383e-1,1.13500836e-1,1.14297978e0,4.04205124e-1,8.89043992e-1,4.38202042e-1,8.22813433e-2,2.22144110e-2
8097-6102,-1.03670597e-1,-1.64012519e-2,-2.83874572e-1,-4.54555823e-2,-2.32928816e-1,-3.46582255e-2,-1.90676309e-2,-4.25104500e-3
8097-6104,3.73235512e-1,2.72709579e-2,1.10053528e0,1.32568838e-1,9.70089086e-1,2.01352502e-1,7.13489973e-2,1.69190234e-3
8097-9101,2.24234815e-1,7.13151809e-2,6.07058902e-1,2.56650072e-1,4.66353884e-1,2.80542426e-1,4.43033502e-2,1.38063262e-2
8097-9102,-2.52816609e-1,-1.98814072e-1,-5.57651187e-1,-6.63376055e-1,-2.54808265e-1,-6.46755274e-1,-5.25569245e-2,-4.34816804e-2
8131-12701,1.50126715e-1,1.33191136e-1,3.23330286e-1,4.47390488e-1,1.33482464e-1,4.41402317e-1,3.14736494e-2,2.88184857e-2
8131-12703,1.73989424e-2,1.58478314e-1,-1.00583594e-1,3.32577692e-1,-2.08043070e-1,1.56402550e-1,-1.68163216e-2,3.92365617e-2
8131-12704,1.76851806e-1,1.37823142e-1,3.87233899e-1,4.49055929e-1,1.78963030e-1,4.22817556e-1,3.60479029e-2,3.10966931e-2
8131-1901,7.54844490e-2,-1.96982923e-2,2.22186846e-1,-6.96994445e-2,1.98028436e-1,-7.47558998e-2,1.41962941e-2,-3.90398926e-3
8131-3701,9.29949990e-1,3.24306440e-1,2.46710140e0,1.14028662e0,1.82882960e0,1.21145638e0,1.83970461e-1,6.50073543e-2
8131-3702,2.71612760e0,6.33196832e-1,7.40806551e0,2.24605783e0,5.79237045e0,2.41594230e0,5.31369208e-1,1.25056474e-1
8131-3703,2.66827177e-1,-6.32133522e-2,7.85020042e-1,-2.21852044e-1,6.98639470e-1,-2.34831697e-1,5.02387133e-2,-1.27194682e-2
8131-6101,-3.66577658e-1,-3.50683061e-1,-6.80598341e-1,-1.03676832e0,-1.66397279e-1,-8.29937314e-1,-7.00124523e-2,-8.80591453e-2
8131-6103,4.49341357e-1,-9.13092841e-2,1.31207996e0,-3.19921542e-1,1.15373195e0,-3.37779900e-1,8.49707700e-2,-1.84270008e-2
8131-6104,6.82639962e-3,8.47306850e-2,-6.67791027e-2,2.69086601e-1,-1.67268973e-1,2.39302536e-1,3.13231367e-3,1.99068980e-2
8131-9102,-6.55932565e-1,-4.78465647e-1,-1.43955817e0,-1.52471660e0,-6.86673400e-1,-1.39071345e0,-1.31227881e-1,-1.10628171e-1
8132-12701,4.20480091e-2,-2.31049337e-1,3.43723802e-1,-7.32905942e-1,5.73511775e-1,-6.53862361e-1,3.90688781e-3,-5.42211839e-2
8132-12704,1.42408808e-1,1.82327748e-1,2.02508855e-1,4.92855867e-1,-3.21140257e-2,3.35630520e-1,2.30645708e-2,4.89204684e-2
8132-1902,9.80655693e-1,5.00017337e-1,2.49163548e0,1.74421855e0,1.68357116e0,1.82930313e0,1.97367294e-1,1.01683351e-1
8132-3701,1.36503958e-1,-4.31391917e-2,4.04034246e-1,-1.51849563e-1,3.62799392e-1,-1.61555871e-1,2.56293074e-2,-8.63154924e-3
8132-3702,-7.82764758e-1,-4.78337248e-1,-1.85364592e0,-1.59964217e0,-1.06853004e0,-1.56823990e0,-1.59112091e-1,-1.04152722e-1
8132-3703,-5.77683322e-1,-2.66426632e-1,-1.46226308e0,-9.12734586e-1,-9.86192111e-1,-9.30571998e-1,-1.15791187e-1,-5.58542924e-2
8132-3704,1.49581336e0,5.14629273e-1,3.97117908e0,1.81057213e0,2.94739234e0,1.92522589e0,2.95889399e-1,1.03050447e-1
8132-6101,-1.22203431e-1,-4.36024718e-2,-3.18172610e-1,-1.49454971e-1,-2.28264809e-1,-1.52630558e-1,-2.42270591e-2,-9.12816595e-3
8132-6102,-1.64043963e-1,5.46254727e-3,-4.99708362e-1,-7.35369460e-3,-4.56167522e-1,-4.84707366e-2,-3.15404167e-2,3.69521601e-3
8132-6103,-7.35809913e-1,-1.96872033e-1,-1.99814195e0,-6.99968730e-1,-1.54907990e0,-7.56855973e-1,-1.44207761e-1,-3.86533024e-2
8132-6104,1.27570789e-1,-1.60039402e-1,5.12353153e-1,-5.15366333e-1,6.25049575e-1,-4.72045391e-1,2.12616206e-2,-3.68336384e-2
8132-9101,-5.60443021e-1,-2.52055720e-1,-1.42940783e0,-8.69531089e-1,-9.78086794e-1,-8.96162318e-1,-1.12270490e-1,-5.22430033e-2
8133-12701,-2.18001763e-1,1.94709166e-1,-7.44219892e-1,6.36848431e-2,-5.72259957e-1,-3.25484905e-1,-1.21472225e-1,4.75534364e-2
8133-12704,-4.95528190e-1,-3.29828548e-1,-1.11839041e0,-1.05977162e0,-5.78522981e-1,-9.76765420e-1,-9.95313110e-2,-7.57008970e-2
8133-1901,2.04123743e-1,-1.35697999e-1,8.15735652e-1,-2.71818178e-1,9.10133437e-1,-1.95040813e-2,4.54578967e-2,-4.47185336e-2
8133-1902,1.43933610e0,3.41631297e-1,3.93278449e0,1.21305975e0,3.08786257e0,1.31106395e0,2.80931544e-1,6.71605917e-2
8133-3701,-3.82216958e-1,-2.05895194e-1,-9.21843245e-1,-6.81657593e-1,-5.61862515e-1,-6.57622986e-1,-7.69101579e-2,-4.55014319e-2
8133-3702,7.53923773e-1,2.07774394e-1,2.05018361e0,7.40475918e-1,1.59336487e0,8.03643219e-1,1.47688023e-1,4.06099431e-2
8133-3703,4.80445888e0,9.23360626e-1,1.32384310e1,3.29681618e0,1.05486858e1,3.58873789e0,9.35100492e-1,1.79824964e-1
8133-6102,-2.34506090e-1,-1.86434690e-1,-4.73335865e-1,-5.47454257e-1,-1.87876374e-1,-4.29471408e-1,-4.48101972e-2,-4.77175540e-2
8133-6103,-6.97659498e-1,-2.91120513e-1,-1.79749084e0,-1.00484243e0,-1.25851341e0,-1.03719001e0,-1.39128978e-1,-6.02587315e-2
8133-6104,2.27198816e-1,1.90340786e-2,6.77995408e-1,9.17730157e-2,6.09321682e-1,1.40276618e-1,4.30304316e-2,1.18285698e-3
8133-9101,3.71385640e-1,3.41386920e-1,7.38429960e-1,1.06467227e0,2.40429486e-1,9.39895246e-1,7.37178377e-2,8.07800659e-2
8133-9102,-4.12877988e-1,-3.98937690e-1,-7.66020983e-1,-1.18053452e0,-1.86141973e-1,-9.51360542e-1,-7.84146518e-2,-9.97360071e-2
8134-12701,-1.96284067e-1,-8.70388158e-2,-4.94566525e-1,-2.87698395e-1,-3.36635755e-1,-2.80813462e-1,-3.85167994e-2,-1.90700195e-2
8134-12702,-2.15894486e-2,-8.04964724e-2,4.22866867e-2,-2.28939820e-1,1.56832684e-1,-1.61333996e-1,-4.95233338e-3,-2.13927841e-2
8134-12703,-1.13809665e-1,-9.75543750e-2,-2.08527829e-1,-2.76876103e-1,-4.73619869e-2,-1.98964917e-1,-2.18511934e-2,-2.57537644e-2
8134-12704,-4.36182870e-1,-4.71333771e-1,-7.35026709e-1,-1.32896316e0,-8.58810845e-2,-9.83631384e-1,-7.73261456e-2,-1.22588317e-1
8134-12705,-5.50196249e-1,-4.41747077e-1,-1.13660618e0,-1.36539221e0,-4.46750979e-1,-1.17789607e0,-1.09247272e-1,-1.06218344e-1
8134-3701,4.55623512e-1,3.21425705e-2,1.30343531e0,1.26414754e-1,1.10682812e0,1.57338022e-1,8.72454713e-2,5.03607657e-3
8134-3703,4.36208111e0,6.51206624e-1,1.21276192e1,2.34793193e0,9.81665177e0,2.59390653e0,8.45831500e-1,1.24443162e-1
8134-3704,1.13887530e-1,3.85603111e-2,3.30366608e-1,1.64590065e-1,2.72763743e-1,2.18078567e-1,2.31254366e-2,4.93094639e-3
8134-6103,-5.08835738e-1,-4.41186566e-1,-1.01319466e0,-1.35733547e0,-3.37450479e-1,-1.16094085e0,-1.01152846e-1,-1.06647879e-1
8134-6104,-6.95016661e-1,-3.32313519e-1,-1.77510165e0,-1.15699418e0,-1.21466954e0,-1.20978902e0,-1.39509242e-1,-6.78055399e-2
8134-9101,1.95875054e-1,-1.09530095e-1,6.37343189e-1,-3.68144617e-1,6.45218881e-1,-3.62988038e-1,3.53611370e-2,-2.37010640e-2
8134-9102,-4.66023949e-1,-3.15384528e-1,-1.09311368e0,-1.06653045e0,-6.08652593e-1,-1.06414697e0,-9.54920824e-2,-6.75324937e-2
8135-12702,-5.11995164e-1,-5.32486571e-1,-8.93498090e-1,-1.47200584e0,-1.81751987e-1,-1.06523165e0,-8.64058372e-2,-1.39411127e-1
8135-12703,1.43811777e-1,2.31434048e-1,1.77024823e-1,5.94194692e-1,-6.57932475e-2,4.00890996e-1,1.45173398e-2,6.00758280e-2
8135-12704,-4.83134309e-1,-3.76388267e-1,-1.02410513e0,-1.19152975e0,-4.30943318e-1,-1.06784789e0,-9.75931945e-2,-8.81781796e-2
8135-3701,-2.40432787e-1,-2.51439576e-1,-5.01136405e-1,-8.57812708e-1,-1.71515387e-1,-8.67085422e-1,-5.14490441e-2,-5.31291066e-2
8135-3702,-2.47484728e-2,1.33754457e-1,-2.49554813e-1,3.43384386e-1,-3.95412983e-1,1.91743560e-1,-6.93207223e-3,3.81551705e-2
8135-3703,2.55908792e0,4.20336118e-1,7.03045946e0,1.47920734e0,5.57774796e0,1.57448581e0,4.98201108e-1,8.40990426e-2
8135-3704,-4.68617162e-1,-3.39868047e-1,-1.02995146e0,-1.09113638e0,-4.88224250e-1,-1.00201610e0,-9.47882729e-2,-7.82057513e-2
8135-6101,-8.70460040e-1,-3.92122827e-1,-2.22811532e0,-1.35921178e0,-1.53447580e0,-1.41139961e0,-1.74366041e-1,-8.06200706e-2
8135-6102,-7.98707264e-1,-2.84667173e-1,-2.12209512e0,-1.00418094e0,-1.57693833e0,-1.07232564e0,-1.57987957e-1,-5.67233328e-2
8135-6103,-1.77482681e-1,-4.00232417e-2,-4.85546362e-1,-1.42003837e-1,-3.82144193e-1,-1.53276190e-1,-3.46203111e-2,-7.88035563e-3
8135-6104,-1.00344449e-1,-6.52374486e-2,-2.12128165e-1,-1.96205144e-1,-9.07098874e-2,-1.57662240e-1,-2.00881690e-2,-1.63295892e-2
8135-9101,-4.20767424e-1,-2.05815163e-1,-1.05158888e0,-7.03335424e-1,-6.88233184e-1,-7.13710034e-1,-8.47618557e-2,-4.33413223e-2
8135-9102,-5.79753679e-1,-5.01682445e-1,-1.16557955e0,-1.56956408e0,-3.92228143e-1,-1.37710122e0,-1.17254289e-1,-1.19259224e-1
8137-12703,1.85831525e-1,1.99623423e-1,3.45969895e-1,6.32589944e-1,6.65216313e-2,5.69969497e-1,3.80332499e-2,4.65840419e-2
8137-12704,-1.45012098e-1,-1.55747766e-1,-2.88883209e-1,-3.78281905e-1,-1.33018385e-1,-2.62496411e-1,-1.20563785e-2,-3.57902471e-2
8137-12705,-9.95165891e-2,9.42370098e-3,-2.95241723e-1,-2.80752802e-2,-2.47819277e-1,-7.15802985e-2,-2.66281291e-2,2.48404763e-3
8137-1901,-2.72008310e-1,-1.36036146e-1,-7.06375388e-1,-4.81322200e-1,-4.99587412e-1,-5.16345189e-1,-5.44024492e-2,-2.69587761e-2
8137-1902,6.46542076e-1,3.62120703e-1,1.59592274e0,1.24614394e0,1.01034163e0,1.27865235e0,1.31121597e-1,7.53878728e-2
8137-3701,-1.31875344e-1,5.48222264e-3,-3.83141102e-1,1.61211010e-2,-3.33809918e-1,1.16677770e-2,-2.50398847e-2,1.43134089e-3
8137-3704,2.37242875e-1,2.73170133e-1,3.99500138e-1,8.38426520e-1,7.27710549e-3,7.11203016e-1,4.81165503e-2,6.63544283e-2
8137-6102,5.52722079e0,5.48741096e-1,1.54326119e1,1.97380330e0,1.25939167e1,2.17373013e0,1.06892953e0,1.05321171e-1
8137-9101,-5.75412721e-1,-1.97617828e-1,-1.53346130e0,-6.98160078e-1,-1.14614880e0,-7.47262885e-1,-1.13701270e-1,-3.92698418e-2
8137-9102,-6.56647247e-1,-4.85578279e-1,-1.41304487e0,-1.53297166e0,-6.31674541e-1,-1.36762206e0,-1.32089505e-1,-1.14127461e-1
8138-12701,-1.48240886e-1,-2.30443777e-1,-2.01771824e-1,-5.16352469e-1,7.48328222e-3,-2.76502205e-1,-4.20809672e-3,-5.89915055e-2
8138-12702,1.25669252e-1,2.43420529e-1,1.02039183e-1,6.07506067e-1,-1.47911144e-1,3.80483842e-1,9.46397302e-3,6.44225004e-2
8138-12705,-4.85344193e-1,-2.01374667e-1,-1.26316645e0,-7.05519888e-1,-8.99270726e-1,-7.44643127e-1,-9.68541630e-2,-4.06526690e-2
8138-1901,7.67075747e-3,6.94393378e-2,-3.39370138e-2,2.33098762e-1,-1.04123495e-1,2.29177321e-1,3.01676651e-3,1.50616046e-2
8138-3701,-6.37364503e-1,-5.35408723e-1,-1.29230336e0,-1.66844646e0,-4.56699057e-1,-1.45388781e0,-1.28392543e-1,-1.27856150e-1
8138-3702,-5.65663925e-1,-2.02213242e-1,-1.50664950e0,-7.15128777e-1,-1.12480070e0,-7.66713956e-1,-1.11806836e-1,-4.01048915e-2
8138-3703,7.50452546e0,7.76388526e-1,2.08971019e1,2.77890403e0,1.69729160e1,3.03692262e0,1.45312778e0,1.50468679e-1
8138-3704,-2.20203141e-1,-1.37871223e-1,-5.11295358e-1,-4.54536922e-1,-2.80995931e-1,-4.35239387e-1,-4.47550514e-2,-3.06534990e-2
8138-6101,-8.60706316e-2,-6.38717442e-2,-1.63694403e-1,-1.80500336e-1,-4.48791332e-2,-1.25655309e-1,-1.69435455e-2,-1.70640315e-2
8138-6102,2.57452460e-1,1.30396051e-1,6.41015134e-1,4.45599864e-1,4.15908526e-1,4.52226059e-1,5.19181049e-2,2.74575336e-2
8138-9101,-6.08000566e-1,-5.34598577e-1,-1.18829763e0,-1.61150335e0,-3.75842370e-1,-1.33189115e0,-1.18656525e-1,-1.31922855e-1
8138-9102,-1.27072308e-1,-1.31178464e-1,-2.18964360e-1,-3.65552535e-1,-3.66049941e-2,-2.64157023e-1,-2.22912228e-2,-3.44740410e-2
8139-12701,-4.33016757e-1,-2.25825304e-1,-1.05274770e0,-7.50160138e-1,-6.53529858e-1,-7.28373234e-1,-8.69941807e-2,-4.96219226e-2
8139-12702,2.06872935e-1,-2.67085687e-1,9.88918933e-1,-5.26390855e-1,1.16486983e0,-5.89423941e-2,5.90166937e-2,-8.63518078e-2
8139-1901,-1.31588059e-1,-1.46747079e-2,-3.71948109e-1,-5.54240916e-2,-3.09200893e-1,-6.52697283e-2,-2.53793174e-2,-2.54644101e-3
8139-1902,3.21441905e-1,2.74095869e-1,6.82259403e-1,9.03109132e-1,2.71073707e-1,8.62597743e-1,6.69488275e-2,6.10443039e-2
8139-3701,1.56001998e0,5.37244878e-1,4.13600094e0,1.87586956e0,3.06992867e0,1.97389191e0,3.07899767e-1,1.08943220e-1
8139-3702,-2.69713534e-1,-1.08135815e-1,-7.01857329e-1,-3.76895568e-1,-5.00467230e-1,-3.94831036e-1,-5.37281333e-2,-2.20203910e-2
8139-3704,4.45941165e-1,2.78141450e-1,1.07149856e0,9.47484904e-1,6.35875215e-1,9.56773416e-1,9.09206874e-2,5.88649214e-2
8139-6101,-3.56176300e-1,-2.17380040e-1,-8.45447490e-1,-7.29601649e-1,-4.89083817e-1,-7.19116220e-1,-7.25115871e-2,-4.70902737e-2
8139-6103,-2.66087329e-1,-4.78698627e-2,-7.41738629e-1,-1.75744807e-1,-6.01754816e-1,-1.98995361e-1,-5.16726876e-2,-8.83273376e-3
8139-6104,-2.82868787e-1,-1.17320417e-1,-7.28529110e-1,-4.05605741e-1,-5.09015924e-1,-4.19458939e-1,-5.64875575e-2,-2.42279778e-2
8139-9101,-5.10039463e-1,-3.52193026e-1,-1.12119297e0,-1.09725288e0,-5.51177070e-1,-9.62085415e-1,-1.00699296e-1,-8.38224126e-2
8139-9102,2.18501840e-1,5.34743480e-2,5.97472066e-1,1.90522355e-1,4.69415290e-1,2.06746785e-1,4.26744891e-2,1.04551601e-2
8140-12702,2.07857300e-2,9.07757651e-2,-4.25607285e-2,2.60875292e-1,-1.49583026e-1,1.96791026e-1,3.73634189e-3,2.34179813e-2
8140-12704,-2.14610768e-1,-1.47333287e-1,-4.57095836e-1,-4.21566410e-1,-2.22300034e-1,-3.21161694e-1,-3.94875941e-2,-3.78634422e-2
8140-12705,-5.26371839e-1,-5.66570543e-1,-8.93824643e-1,-1.57452255e0,-1.32838715e-1,-1.14488590e0,-8.99462521e-2,-1.48150415e-1
8140-1901,2.24569663e0,1.28382885e0,5.46052007e0,4.36998578e0,3.34220641e0,4.40502528e0,4.56327780e-1,2.72129818e-1
8140-1902,1.10577608e-1,1.09430947e-1,2.26611339e-1,3.65843820e-1,7.34569283e-2,3.57791091e-1,2.34645053e-2,2.38644292e-2
8140-3701,-2.68669376e-1,-3.11053533e-1,-4.69881447e-1,-9.94527503e-1,-2.19563485e-2,-9.00903466e-1,-5.70827155e-2,-7.22215264e-2
8140-3703,5.90087430e0,1.73354853e0,1.57930666e1,6.05060393e0,1.19420360e1,6.36137822e0,1.16028904e0,3.51832190e-1
8140-6101,2.44944279e-1,2.83708525e-1,4.29440382e-1,9.07553174e-1,2.26504364e-2,8.23649305e-1,5.19494293e-2,6.57955491e-2
8140-6103,7.31488847e-1,4.56437222e-1,1.74578321e0,1.54656199e0,1.01968413e0,1.54806294e0,1.49211933e-1,9.74328311e-2
8140-6104,-3.31108438e-1,-2.29268266e-1,-7.36816721e-1,-7.43295135e-1,-3.58126958e-1,-6.89875701e-1,-6.76752944e-2,-5.22795551e-2
8140-9101,-7.84517168e-2,8.87730728e-2,-3.59716681e-1,1.53547451e-1,-4.07561470e-1,-1.93659139e-2,-2.39834063e-2,2.95003232e-2
8141-12701,-1.53510001e-1,-1.14999345e-1,-2.96068854e-1,-3.17224788e-1,-9.72918234e-2,-2.13995597e-1,-2.88541604e-2,-3.10960895e-2
8141-12704,8.04133404e-2,9.62458873e-2,1.35323728e-1,2.74718424e-1,1.66962186e-2,2.15762125e-1,1.33852306e-2,2.41843062e-2
8141-1902,7.38947677e0,1.26523448e0,2.04173457e1,4.52251941e0,1.63502607e1,4.93177988e0,1.43639169e0,2.45861430e-1
8141-3701,-6.29574624e-1,-3.10165341e-1,-1.57149918e0,-1.05707902e0,-1.02740250e0,-1.06857406e0,-1.26682688e-1,-6.55811916e-2
8141-3702,-1.48624267e-1,-3.95809066e-2,-3.95261517e-1,-1.34179924e-1,-2.96911950e-1,-1.34960991e-1,-2.91255055e-2,-8.42227411e-3
8141-3703,1.04141951e0,2.73646650e-1,2.78767845e0,9.54717422e-1,2.10528906e0,1.00135627e0,2.05103293e-1,5.56405510e-2
8141-3704,-5.62996942e-1,-2.35794063e-1,-1.45315289e0,-8.15007694e-1,-1.02141210e0,-8.43382313e-1,-1.12187215e-1,-4.86814047e-2
8141-6101,1.40739635e0,4.05560094e-1,3.77770290e0,1.42297151e0,2.86923574e0,1.50758687e0,2.76742989e-1,8.15774756e-2
8141-6103,1.92265871e0,1.53595034e0,4.16039505e0,5.04734629e0,1.80083303e0,4.80185297e0,3.97688855e-1,3.43271596e-1
8141-6104,1.22290556e0,-1.60161555e-1,3.62229273e0,-5.09167108e-1,3.23925868e0,-4.51944926e-1,2.31122513e-1,-3.76388215e-2
8141-9101,4.03531230e-1,2.26431317e-1,9.62706291e-1,7.58373167e-1,5.62719312e-1,7.43366266e-1,8.22507383e-2,4.92660344e-2
8143-12702,-4.34372824e-3,1.83965687e-1,-2.15764639e-1,3.97250703e-1,-3.45094948e-1,1.74747335e-1,-1.90807064e-2,5.07917026e-2
8143-12704,-1.96061514e-1,-1.68537207e-1,-4.19219401e-1,-5.57553115e-1,-1.71686584e-1,-5.36496670e-1,-4.07874777e-2,-3.73041213e-2
8143-1902,6.80730210e-2,-1.75783776e-1,3.35441000e-1,-5.90434573e-1,4.75655558e-1,-5.80713766e-1,9.02046280e-3,-3.81058722e-2
8143-3701,1.25131979e0,1.15588751e0,2.46816754e0,3.68703631e0,7.03186249e-1,3.33147246e0,2.59335562e-1,2.68968261e-1
8143-3702,5.93788391e-1,3.78879279e-1,1.42092405e0,1.29291255e0,8.32268937e-1,1.30879572e0,1.21394288e-1,7.99761110e-2
8143-3703,-3.21436431e-1,-4.33608233e-2,-9.67187214e-1,-2.43268020e-1,-8.40768995e-1,-3.86982476e-1,-6.52465898e-2,-2.53687245e-4
8143-6101,-6.39858193e-1,-1.52343560e-1,-1.74311134e0,-5.40898512e-1,-1.35986022e0,-5.83601133e-1,-1.25192152e-1,-2.99889533e-2
8143-6102,-1.48265796e-1,1.94667439e-2,-4.78063155e-1,-1.43584273e-1,-3.51149779e-1,-3.44600495e-1,-4.96704201e-2,1.64481732e-2
8143-6103,3.24105387e-1,7.53762221e-2,8.93932368e-1,2.70996870e-1,7.13200611e-1,2.98194913e-1,6.30846882e-2,1.44817437e-2
8143-6104,4.21948180e-1,3.92408595e-2,1.21623026e0,1.63434479e-1,1.03956478e0,2.15333089e-1,8.10825991e-2,5.26506575e-3
8143-9101,-8.03182611e-2,-6.65280090e-2,-1.49700987e-1,-1.75496661e-1,-4.77807250e-2,-1.10383122e-1,-1.38612738e-2,-1.83445854e-2
8143-9102,-3.21694172e-1,-2.14240561e-1,-7.25919184e-1,-6.95800846e-1,-3.69537576e-1,-6.48360302e-1,-6.55109783e-2,-4.87181419e-2
8144-12702,-5.30696983e-2,9.32485037e-2,-2.52209770e-1,1.55121406e-1,-2.79401983e-1,1.08766342e-2,-2.58529497e-2,2.56387814e-2
8144-3703,2.94713903e-1,-4.24529841e-2,8.98986452e-1,-1.24617742e-1,8.36220680e-1,-9.13681252e-2,5.51218357e-2,-1.10517686e-2
8144-6102,1.95831738e0,3.73084285e-1,5.34469363e0,1.31198288e0,4.18803876e0,1.39467567e0,3.82464288e-1,7.47482154e-2
8144-6103,-2.62982966e-1,-1.82646550e-1,-5.95632647e-1,-5.73829979e-1,-3.24998646e-1,-5.19193467e-1,-5.07462736e-2,-4.25923054e-2
8144-9101,-7.36676992e-2,-1.52309435e-2,-1.99363764e-1,-5.20470902e-2,-1.54562277e-1,-5.30852299e-2,-1.43590581e-2,-3.19747193e-3
8144-9102,-3.11348132e-1,-2.06810264e-1,-7.20385509e-1,-6.87377130e-1,-3.90007155e-1,-6.67066669e-1,-6.35357336e-2,-4.54455474e-2
8145-12702,-3.48453280e-1,-3.33385023e-1,-7.29980441e-1,-1.11988661e0,-2.64319560e-1,-1.10398763e0,-7.37103402e-2,-7.21758719e-2
8145-12703,-3.09036344e-1,-1.62257427e-1,-7.60268905e-1,-5.48286907e-1,-4.82097186e-1,-5.47149740e-1,-6.22529272e-2,-3.47548198e-2
8145-1901,-5.18613867e-1,-1.87599046e-1,-1.37635794e0,-6.62141002e-1,-1.02018058e0,-7.07649713e-1,-1.02658500e-1,-3.73442385e-2
8145-1902,2.44813889e0,6.21985773e-1,6.67404023e0,2.21600214e0,5.21210995e0,2.40393019e0,4.78975425e-1,1.21637447e-1
8145-3701,-5.28841998e-1,-2.35352362e-1,-1.35559769e0,-8.15760350e-1,-9.36617491e-1,-8.47045785e-1,-1.05868613e-1,-4.83912352e-2
8145-3702,-8.26403340e-1,-4.08156507e-1,-2.07914481e0,-1.40527368e0,-1.37916161e0,-1.44357599e0,-1.66360899e-1,-8.48831158e-2
8145-3704,1.00532389e0,1.40315733e-1,2.81717792e0,5.14481647e-1,2.31051114e0,5.82551266e-1,1.94371985e-1,2.59203855e-2
8145-6101,-3.17331562e-1,-3.99768654e-1,-4.75475145e-1,-1.20217480e0,1.02952221e-1,-9.77592983e-1,-6.41913427e-2,-9.94973707e-2
8145-6102,2.09327555e0,1.05749853e0,5.23843534e0,3.63043096e0,3.43534958e0,3.71249033e0,4.21820600e-1,2.20974265e-1
8145-6103,1.09688473e-1,5.41734002e-2,2.85212608e-1,1.92814354e-1,2.01416418e-1,2.08246096e-1,2.20221894e-2,1.06371092e-2
8145-6104,-5.31636322e-2,1.97718238e-2,-1.85045435e-1,4.74915775e-2,-1.93238562e-1,1.79717706e-2,-1.02076326e-2,6.05874038e-3
8145-9101,-1.19755564e-1,-3.35191109e-2,-3.07280679e-1,-1.02075675e-1,-2.20316564e-1,-8.53947142e-2,-2.31587012e-2,-8.22003588e-3
8145-9102,-4.97925368e-1,-2.30229779e-1,-1.25103761e0,-7.74269111e-1,-8.37895143e-1,-7.69399632e-1,-9.91076485e-2,-4.95654293e-2
8146-12702,-6.39340373e-2,-7.30088944e-2,-9.36448017e-2,-2.01896236e-1,1.65580601e-2,-1.37746015e-1,-1.18409576e-2,-1.96558990e-2
8146-12703,1.69003278e-1,3.02006821e-1,1.43252774e-1,7.99770857e-1,-2.10252255e-1,5.27591032e-1,2.32867096e-2,8.15336848e-2
8146-1902,1.79464337e-1,1.44759749e-1,4.28203267e-1,5.06661233e-1,2.45092526e-1,5.34124839e-1,3.70729155e-2,2.92665895e-2
8146-3701,1.81059152e-2,7.73905134e-2,9.71660646e-3,2.71298929e-1,-5.08710664e-2,2.86679252e-1,4.85757224e-3,1.56033790e-2
8146-3702,1.06522517e-1,3.77152109e-2,2.76385286e-1,1.28748230e-1,1.96828376e-1,1.30434652e-1,2.11536986e-2,7.95580788e-3
8146-3703,4.78321525e-1,2.88548249e-1,1.11923580e0,9.40896731e-1,6.36330357e-1,8.86213483e-1,9.62172610e-2,6.50852432e-2
8146-6103,-1.96111050e-1,-1.19566263e-1,-4.50446166e-1,-3.70738893e-1,-2.54616553e-1,-3.26393427e-1,-3.79118822e-2,-2.83821099e-2
8146-6104,4.97749129e-2,-2.87760536e-2,1.75859596e-1,-9.05962503e-2,1.93739695e-1,-7.84910012e-2,8.66688464e-3,-6.86470703e-3
8146-9101,-5.16023221e-1,-4.29994029e-1,-1.05500768e0,-1.31779305e0,-4.06951688e-1,-1.12656899e0,-1.00968747e-1,-1.04018142e-1
8146-9102,2.97779197e-1,3.70678617e-1,4.68426598e-1,1.04029604e0,6.59888066e-4,7.87106495e-1,4.88665929e-2,9.46675546e-2
8147-12702,2.36108171e-1,-1.96689028e-1,9.31257810e-1,-5.25498565e-1,1.06676550e0,-3.23644691e-1,4.63693685e-2,-5.47169444e-2
8147-12704,-6.60329194e-1,-5.78968465e-1,-1.30379478e0,-1.76435671e0,-4.25991583e-1,-1.48704310e0,-1.29909409e-1,-1.41241709e-1
8147-1902,-6.80736517e-1,-2.27806907e-1,-1.82058265e0,-8.06013232e-1,-1.37034843e0,-8.64787509e-1,-1.34309043e-1,-4.51418869e-2
8147-3701,-2.86443344e-1,-1.32279130e-1,-7.18465144e-1,-4.48075218e-1,-4.76397287e-1,-4.48803008e-1,-5.74011204e-2,-2.82304663e-2
8147-3704,4.36473421e-1,1.12991304e-1,1.18514956e0,4.00937713e-1,9.18864255e-1,4.32197337e-1,8.55240329e-2,2.22671255e-2
8147-6101,-2.15376070e-1,-9.84227987e-2,-5.41852467e-1,-3.33635584e-1,-3.61934940e-1,-3.34766306e-1,-4.30963452e-2,-2.09731799e-2
8147-6103,2.49667370e-1,1.88683720e-1,5.48596250e-1,6.06736749e-1,2.61981671e-1,5.61490651e-1,5.01514546e-2,4.31963257e-2
8147-6104,-7.41460998e-1,-4.70890966e-1,-1.72828093e0,-1.56084516e0,-9.58310871e-1,-1.50884280e0,-1.50746776e-1,-1.03847295e-1
8147-9101,2.58460933e-1,2.99484582e-1,4.45529467e-1,9.39806581e-1,1.87965579e-2,8.27907112e-1,5.35800388e-2,7.09739114e-2
8147-9102,-2.34894605e-1,-1.13536721e-1,-5.71676681e-1,-3.69661896e-1,-3.59307948e-1,-3.47764589e-1,-4.67804162e-2,-2.56381572e-2
8148-12702,5.89474071e-1,-1.00616888e-1,1.73332177e0,-3.42633141e-1,1.53831599e0,-3.44944775e-1,1.11288274e-1,-2.13360541e-2
8148-12703,-4.90205863e-1,-3.44214262e-1,-1.11722664e0,-1.14508740e0,-5.75888066e-1,-1.11238871e0,-1.00589976e-1,-7.55579105e-2
8148-12704,1.03067631e-2,2.28164312e-1,-2.62379854e-1,6.16312050e-1,-5.36184162e-1,3.93489650e-1,5.06342811e-4,6.27900251e-2
8148-3701,1.63611011e0,4.49685024e-1,4.42335290e0,1.59748870e0,3.39776922e0,1.72307920e0,3.21583341e-1,8.85036175e-2
8148-3703,3.34690849e-1,3.23312155e-1,6.49280478e-1,1.02694935e0,1.69727656e-1,9.23646295e-1,6.89731235e-2,7.55244942e-2
8148-6103,-7.20195601e-1,-4.28620104e-1,-1.71009524e0,-1.42754509e0,-9.96203801e-1,-1.39080410e0,-1.45950398e-1,-9.38722381e-2
8148-6104,6.58736424e-1,2.85015268e-1,1.68855992e0,9.82172180e-1,1.16953950e0,1.01106083e0,1.31585138e-1,5.91607140e-2
8148-9101,-2.22531100e-1,-9.72985260e-2,-5.46149705e-1,-2.93431140e-1,-3.66303932e-1,-2.47922734e-1,-4.20532543e-2,-2.37489482e-2
8148-9102,-4.34791284e-1,-4.33499173e-1,-7.81152907e-1,-1.26208310e0,-1.55818710e-1,-9.84295356e-1,-8.14709598e-2,-1.10258398e-1
8149-12701,-4.82620999e-1,-3.08633713e-1,-1.12556384e0,-1.04775645e0,-6.06347581e-1,-1.03874826e0,-1.00740681e-1,-6.63111444e-2
8149-12702,-4.45391645e-1,-2.93323397e-1,-1.00486788e0,-9.27746052e-1,-5.29117426e-1,-8.36152975e-1,-8.81912892e-2,-6.84925103e-2
8149-12705,2.67518703e-1,3.02137584e-1,5.26294523e-1,1.01886502e0,1.25712308e-1,1.01013635e0,5.77661058e-2,6.50459046e-2
8149-1902,9.05636007e0,1.77470121e0,2.48135348e1,6.28876154e0,1.95751281e1,6.76557423e0,1.76653059e0,3.50603790e-1
8149-3701,7.28636219e-2,-1.60097089e-1,3.17881016e-1,-5.47977005e-1,4.20766527e-1,-5.56646264e-1,1.06036221e-2,-3.36549624e-2
8149-3703,-5.78885153e-1,-3.50558025e-1,-1.36175867e0,-1.15878728e0,-7.76960063e-1,-1.11551490e0,-1.17194768e-1,-7.76032046e-2
8149-3704,-5.60326483e-1,-1.78258135e-1,-1.50234686e0,-6.30975323e-1,-1.13639340e0,-6.77422896e-1,-1.10437385e-1,-3.52956740e-2
8149-6102,-3.39399445e-1,-1.68294850e-1,-8.39040457e-1,-5.65229191e-1,-5.39971699e-1,-5.58701495e-1,-6.80980356e-2,-3.63813002e-2
8149-6103,-3.43562566e-1,-2.45204828e-1,-7.51536783e-1,-7.70142490e-1,-3.60652003e-1,-6.84807760e-1,-6.82041622e-2,-5.77953670e-2
8149-6104,-1.86153155e-1,-3.03716550e-2,-5.36290708e-1,-1.31703640e-1,-4.49105854e-1,-1.76123325e-1,-3.67990262e-2,-3.73539097e-3
8149-9101,-5.37275290e-1,-4.29985189e-1,-1.11868603e0,-1.34684554e0,-4.44460654e-1,-1.18498533e0,-1.08050196e-1,-1.02065305e-1
8149-9102,-2.35822230e-1,-1.51374846e-1,-5.37130119e-1,-4.91671670e-1,-2.81404275e-1,-4.58928403e-1,-4.78653554e-2,-3.43713121e-2
8150-12701,3.78656642e-1,1.71757293e-1,9.75644523e-1,5.99306317e-1,6.80732554e-1,6.28967542e-1,7.57495213e-2,3.49064583e-2
8150-12702,-1.18770126e-1,-5.54055496e-2,-2.92978678e-1,-2.05372337e-1,-1.78406617e-1,-2.13021536e-1,-2.68048745e-2,-1.17683173e-2
8150-12703,-4.41967686e-1,-3.64206747e-1,-8.95410844e-1,-1.10506684e0,-3.34535931e-1,-9.25333741e-1,-8.63321268e-2,-8.92036099e-2
8150-12704,-4.73744039e-1,-2.21179794e-1,-1.20239367e0,-7.61379210e-1,-8.14655770e-1,-7.82359466e-1,-9.49752217e-2,-4.59949906e-2
8150-1901,-8.81792403e-1,-2.51660958e-1,-2.38590753e0,-8.94188702e-1,-1.83674453e0,-9.65830424e-1,-1.73117477e-1,-4.94726781e-2
8150-1902,-9.06236626e-1,-3.22426452e-1,-2.39823136e0,-1.13266836e0,-1.76889385e0,-1.20159797e0,-1.79464888e-1,-6.47374514e-2
8150-3701,-7.43227552e-1,-9.11320697e-2,-2.07346971e0,-3.28197197e-1,-1.68949400e0,-3.62123139e-1,-1.43802896e-1,-1.74489382e-2
8150-3702,4.17327152e0,5.15524880e-1,1.16230298e1,1.85333884e0,9.44196962e0,2.03930529e0,8.08145172e-1,9.90526678e-2
8150-3703,-2.65371204e-1,-3.41772022e-1,-4.66098211e-1,-8.53517066e-1,-1.11848936e-1,-5.97063612e-1,-2.18157425e-2,-7.86372669e-2
8150-3704,1.68755676e0,6.03548168e-1,4.31944011e0,2.00443374e0,3.01506353e0,1.94654929e0,3.33921574e-1,1.32636033e-1
8150-6101,-2.91594261e-1,-1.92288050e-1,-6.65171014e-1,-6.31307010e-1,-3.47046196e-1,-5.99815762e-1,-5.94942085e-2,-4.30257694e-2
8150-6102,-5.03228033e-1,-2.69544364e-1,-1.25725481e0,-9.31698462e-1,-8.18763561e-1,-9.62924190e-1,-1.01712517e-1,-5.56926057e-2
8150-6103,-2.91181737e-1,-8.91173447e-2,-7.99739355e-1,-3.20310115e-1,-6.33077553e-1,-3.52324360e-1,-5.67919775e-2,-1.71306432e-2
8150-6104,1.89499571e-1,4.30567629e-2,5.46291783e-1,1.70481046e-1,4.64445659e-1,2.12426701e-1,3.66530735e-2,6.67839924e-3
8150-9102,1.10991992e0,1.09095966e0,2.17430831e0,3.55687331e0,5.51847033e-1,3.33121598e0,2.34788204e-1,2.46835825e-1
8152-12703,-7.44893849e-1,-4.46908630e-1,-1.76639801e0,-1.49247729e0,-1.02244118e0,-1.45963375e0,-1.51323956e-1,-9.75201625e-2
8152-12704,-4.40007717e-1,-2.55981558e-1,-1.03426453e0,-8.30303353e-1,-5.97799778e-1,-7.77459431e-1,-8.80065450e-2,-5.80364635e-2
8152-12705,-3.98313128e-1,-2.77983013e-1,-8.81102802e-1,-8.85339025e-1,-4.30726819e-1,-8.02747448e-1,-8.00163118e-2,-6.45896584e-2
8152-1901,-2.96934747e-1,-1.17501217e-1,-7.71989982e-1,-4.09408419e-1,-5.49188435e-1,-4.28560850e-1,-5.91943562e-2,-2.39447234e-2
8152-3702,2.43801277e-1,1.49021096e-1,5.78973334e-1,4.95395170e-1,3.39242860e-1,4.82614918e-1,4.91599299e-2,3.26635430e-2
8152-3703,-2.98578776e-1,-1.51545265e-1,-7.41882456e-1,-5.17891423e-1,-4.78656908e-1,-5.25486451e-1,-6.02870360e-2,-3.19138840e-2
8152-3704,-5.40253539e-1,-1.72755685e-1,-1.44611517e0,-6.11068599e-1,-1.08996971e0,-6.54997436e-1,-1.06596278e-1,-3.42632165e-2
8152-6101,-1.28168825e-1,6.61564731e-2,-4.75940364e-1,1.50148426e-1,-5.15714899e-1,4.24294152e-2,-2.56745622e-2,2.09047583e-2
8152-6102,-6.50119632e-1,-3.04989361e-1,-1.65524212e0,-1.05608851e0,-1.12666432e0,-1.09489130e0,-1.30462234e-1,-6.28144677e-2
8152-6103,9.80154623e-1,3.03680635e-1,2.63081845e0,1.07389463e0,1.99466579e0,1.15123740e0,1.93049985e-1,6.02365476e-2
8152-6104,1.64733421e0,4.86837846e-1,4.42707608e0,1.71834187e0,3.36608086e0,1.83682329e0,3.24156631e-1,9.68984194e-2
8153-12701,-9.37382405e-2,-6.90350524e-2,-2.00674775e-1,-1.79367688e-1,-1.08590524e-1,-1.25060693e-1,-1.40352999e-2,-1.76667609e-2
8153-12702,-9.50799427e-2,-3.82405812e-1,2.01543860e-1,-1.01196706e0,6.56178860e-1,-6.32843695e-1,-1.14301871e-2,-1.05644615e-1
8153-12703,-2.75816458e-1,-1.10272451e-1,-7.23843469e-1,-3.92644467e-1,-5.20670952e-1,-4.22733837e-1,-5.52956508e-2,-2.17051278e-2
8153-12704,-3.01931708e-1,-2.86304198e-1,-5.86125485e-1,-7.70978085e-1,-2.31022423e-1,-5.67448698e-1,-4.49949645e-2,-7.24299519e-2
8153-12705,-5.10380442e-1,-3.60300070e-1,-1.14418570e0,-1.18082097e0,-5.66158397e-1,-1.11746572e0,-1.04533370e-1,-8.09094455e-2
8153-1901,2.11515232e-1,1.06095772e-1,5.43350793e-1,3.72686272e-1,3.75760120e-1,3.95244098e-1,4.24415980e-2,2.13072428e-2
8153-1902,7.25254056e0,1.29365139e0,1.99297493e1,4.56765010e0,1.58195340e1,4.89006773e0,1.41163280e0,2.57152473e-1
8153-3703,3.42220541e0,4.60526844e-1,9.48953217e0,1.64312609e0,7.65036304e0,1.78682919e0,6.63937044e-1,8.98031508e-2
8153-3704,1.70500071e-1,4.01655516e-1,5.59521076e-2,1.23303612e0,-4.78863580e-1,1.03507064e0,3.86737404e-2,9.80736371e-2
8153-6101,-1.40940237e-1,-1.54709807e-1,-2.77906873e-1,-5.19307618e-1,-6.84337782e-2,-5.10791043e-1,-3.03404439e-2,-3.35512786e-2
8153-6102,-4.61448177e-1,-3.54852078e-1,-1.00652028e0,-1.15800200e0,-4.54316500e-1,-1.09021378e0,-9.47044546e-2,-8.00226379e-2
8153-6103,3.65253519e-2,-2.67382271e-1,2.90361395e-1,-9.09395262e-1,4.98605430e-1,-9.14985356e-1,1.70662989e-3,-5.67668349e-2
8153-6104,2.27398311e-1,9.89254353e-2,5.86927661e-1,3.44141287e-1,4.11471715e-1,3.59464680e-1,4.54228411e-2,2.02107963e-2
8153-9101,3.15377976e-1,2.49799941e-1,6.39367583e-1,7.47939298e-1,2.42585386e-1,6.06795025e-1,6.15348824e-2,6.23033976e-2
8153-9102,-2.48190521e-1,-1.45545692e-1,-5.85003279e-1,-4.80420892e-1,-3.35151662e-1,-4.60531046e-1,-5.03070266e-2,-3.23262639e-2
8154-12703,-1.70187880e-1,-2.51525606e-2,-4.11735641e-1,-2.15638388e-1,-2.49010795e-1,-2.53583172e-1,-5.78980798e-2,-1.44173465e-2
8154-12705,-2.40566412e-1,-1.89129481e-1,-4.89603722e-1,-5.74640659e-1,-1.82692274e-1,-4.78046384e-1,-4.76715008e-2,-4.64870193e-2
8154-1902,3.80054955e0,5.31333150e-1,1.05303107e1,1.89733422e0,8.47631083e0,2.06582977e0,7.37704063e-1,1.03447798e-1
8154-3701,1.75905552e-1,1.00576223e-1,4.32383815e-1,3.44958005e-1,2.71533590e-1,3.52259793e-1,3.56585419e-2,2.10475562e-2
8154-3702,2.29201339e-1,3.21903734e-2,6.44100838e-1,1.17352448e-1,5.31446047e-1,1.31920233e-1,4.42010855e-2,6.01239698e-3
8154-3703,-1.06918852e-1,1.21049933e-2,-3.96167107e-1,-4.22286287e-2,-4.21563836e-1,-1.69921081e-1,-2.19308231e-2,1.05268541e-2
8154-3704,-1.50783654e-1,-1.83239501e-1,-2.81756732e-1,-6.17307681e-1,-3.73316142e-2,-6.10563958e-1,-3.30550434e-2,-3.95256242e-2
8154-6101,8.48576696e-1,3.94833258e-1,2.11042735e0,1.32318188e0,1.37762471e0,1.30285273e0,1.69936939e-1,8.56515789e-2
8154-6102,-2.62487197e-1,-1.73462017e-1,-5.79025033e-1,-5.37809914e-1,-2.87338344e-1,-4.65592031e-1,-5.19553288e-2,-4.16204111e-2
8154-6103,3.23632264e-1,9.99808025e-3,9.24695607e-1,4.14857964e-2,7.84334908e-1,5.50331235e-2,6.19437834e-2,1.33688181e-3
8154-9101,-1.26578994e-1,-2.57941489e-2,-3.59219982e-1,-1.22206243e-1,-2.82361082e-1,-1.64330581e-1,-2.71393226e-2,-2.86549718e-3
8154-9102,4.44061329e-1,4.63175613e-1,8.46917168e-1,1.49870975e0,1.80550266e-1,1.38888903e0,9.33973717e-2,1.05741953e-1
8155-12703,-1.40359030e-1,-9.33531108e-2,-3.31506236e-1,-2.72588383e-1,-2.03026746e-1,-2.43225057e-1,-2.27001335e-2,-2.02613062e-2
8155-12704,-4.34548201e-1,-2.81799125e-1,-9.78205931e-1,-8.81927058e-1,-5.16165216e-1,-7.80968700e-1,-8.55422088e-2,-6.66298816e-2
8155-12705,-7.78897568e-1,-1.85249551e-1,-2.12460447e0,-6.59120600e-1,-1.66112002e0,-7.13487218e-1,-1.52338838e-1,-3.63217681e-2
8155-1901,6.19101355e-2,1.60584822e-1,4.64902046e-2,5.40846751e-1,-1.37568087e-1,5.34434143e-1,1.55781619e-2,3.46624983e-2
8155-1902,-5.73171154e-1,-2.46880006e-1,-1.47009917e0,-8.52825602e-1,-1.01811567e0,-8.80811312e-1,-1.14616987e-1,-5.10541303e-2
8155-3701,-7.78600878e-1,-5.11799317e-1,-1.79278667e0,-1.69351892e0,-9.57851212e-1,-1.63050323e0,-1.58966378e-1,-1.13233460e-1
8155-3702,9.16866507e-1,4.01691886e-1,2.37225063e0,1.40385397e0,1.66934672e0,1.47687816e0,1.83204632e-1,8.14124855e-2
8155-3704,3.08757931e-1,2.08500890e-1,7.17297930e-1,7.01280347e-1,3.88719685e-1,6.92965963e-1,6.34078472e-2,4.50471660e-2
8155-6101,-2.22198959e-1,-1.30065386e-1,-5.50757919e-1,-4.51009849e-1,-3.51389065e-1,-4.68556588e-1,-4.50787287e-2,-2.67258453e-2
8155-6104,-6.64737025e-1,-3.75157017e-1,-1.60581533e0,-1.26131545e0,-9.73762471e-1,-1.24750183e0,-1.34576428e-1,-8.10232174e-2
8155-9101,-2.18443645e-2,-9.73012867e-2,-2.60319255e-2,-3.46510855e-1,2.98050193e-2,-3.75593575e-1,-5.44714094e-3,-1.90459557e-2
8155-9102,-3.61881052e-1,-2.36089220e-1,-8.23103255e-1,-7.65795010e-1,-4.31076664e-1,-7.14435212e-1,-7.32461507e-2,-5.36475057e-2
8156-12701,-1.40771371e-1,6.95953000e-2,-5.49006703e-1,-4.08217257e-2,-5.11082995e-1,-3.38225050e-1,-4.97229796e-2,3.22838894e-2
8156-12704,7.10465992e-1,2.08881424e-2,2.18251492e0,3.68947955e-1,1.90167939e0,7.41555908e-1,1.54903939e-1,-1.85561857e-2
8156-1902,6.41939734e-1,4.49610499e-2,1.80810709e0,1.65498673e-1,1.49786746e0,1.88679848e-1,1.23652444e-1,8.23063268e-3
8156-3701,-3.44375112e-1,-3.80572294e-1,-5.87112566e-1,-1.14762196e0,-3.67613222e-2,-9.45177051e-1,-6.82329080e-2,-9.40814663e-2
8156-3702,-9.31158360e-1,-4.66334748e-1,-2.33625759e0,-1.60417308e0,-1.54001383e0,-1.64544359e0,-1.87613619e-1,-9.71298975e-2
8156-3703,-9.65562658e-2,-1.58400602e-1,-5.57013301e-2,-3.95084560e-1,1.73288968e-1,-1.96141870e-1,-1.55345155e-2,-4.64670206e-2
8156-3704,2.00643738e0,1.51683117e-1,5.61718886e0,5.47198661e-1,4.60574034e0,6.05364021e-1,3.87517578e-1,2.89432677e-2
8156-6101,4.60871973e0,3.90868561e-1,1.28783440e1,1.40338591e0,1.05256528e1,1.54141157e0,8.90833620e-1,7.52829101e-2
8156-6104,7.30232170e-1,8.95708350e-1,1.17665400e0,2.79946488e0,-1.23919053e-1,2.43580686e0,1.53812330e-1,2.13916125e-1
8156-9101,-6.44009679e-3,-1.84945827e-1,1.01499697e-1,-6.35629224e-1,2.50742314e-1,-6.50525705e-1,-4.83251310e-3,-3.85971084e-2
8157-12704,-3.56545671e-2,1.05498283e-1,-2.51040873e-1,2.28060429e-1,-3.40161415e-1,6.40021539e-2,-1.27214539e-2,3.29938205e-2
8157-1901,1.90917579e0,3.68748796e-1,5.27442714e0,1.32217994e0,4.22189099e0,1.44881078e0,3.71212600e-1,7.12231803e-2
8157-3701,-5.81801578e-1,-2.81233769e-1,-1.45519030e0,-9.57497682e-1,-9.56355032e-1,-9.66208540e-1,-1.16954855e-1,-5.95682774e-2
8157-3702,-1.34419869e-1,-2.39739504e-2,-3.70303059e-1,-8.51609016e-2,-2.95079057e-1,-9.19767922e-2,-2.61527931e-2,-4.71426763e-3
8157-3703,1.00679007e0,3.23424090e-1,2.71166700e0,1.14811810e0,2.06970747e0,1.23864521e0,1.98002474e-1,6.36795375e-2
8157-3704,-2.79060530e-1,-1.23976622e-1,-7.09404645e-1,-4.24940090e-1,-4.82945346e-1,-4.33614142e-1,-5.58596643e-2,-2.59676880e-2
8157-6101,3.63683220e0,2.73084106e-1,1.01662652e1,9.75379644e-1,8.31691068e0,1.06330660e0,7.02616925e-1,5.31138329e-2
8157-6102,4.64770342e-1,1.97796287e-1,1.23912120e0,7.52752570e-1,8.89741751e-1,8.70771350e-1,9.63227209e-2,3.47903227e-2
8157-6103,-3.37400647e-1,-6.82803928e-3,-1.01718993e0,-6.65688910e-2,-9.23511731e-1,-1.39941597e-1,-6.41601119e-2,2.96322825e-3
8157-9101,-1.37756878e-1,-7.34951803e-2,-3.33526539e-1,-2.49953431e-1,-2.00393588e-1,-2.48630810e-1,-2.83515738e-2,-1.57519021e-2
8157-9102,-1.68775894e-1,-1.49734614e-1,-3.16853290e-1,-4.36453697e-1,-8.38089824e-2,-3.36536766e-1,-3.23831939e-2,-3.83163286e-2
8158-12701,-2.65912102e-2,-6.36048528e-2,-4.26433992e-3,-1.95568871e-1,8.56767480e-2,-1.62447847e-1,-6.40692947e-3,-1.56186684e-2
8158-12702,7.02397168e-1,4.84047737e-1,1.57907553e0,1.55521578e0,8.10107767e-1,1.43692200e0,1.40642520e-1,1.10907379e-1
8158-12703,-2.96367171e-1,-2.34641272e-1,-6.17928657e-1,-7.42220442e-1,-2.40242789e-1,-6.61343719e-1,-6.04271934e-2,-5.51580546e-2
8158-12704,4.40706297e-1,-8.17358352e-2,1.33079519e0,-2.63298353e-1,1.22402494e0,-2.39505726e-1,8.24994545e-2,-1.88724060e-2
8158-12705,-1.09811568e-1,2.26745401e-2,-3.50973939e-1,6.16168107e-2,-3.44053617e-1,3.60321829e-2,-2.03625738e-2,6.38658823e-3
8158-1901,-3.19985564e-1,-1.26022914e-1,-8.63164228e-1,-4.79241945e-1,-6.39299090e-1,-5.58432279e-1,-6.52736824e-2,-2.19715075e-2
8158-1902,2.25320989e-1,6.88579587e-2,6.12196150e-1,2.47976095e-1,4.73622964e-1,2.73027552e-1,4.42902243e-2,1.32044523e-2
8158-3701,4.06318987e-2,4.21306915e-3,1.13827445e-1,1.50606781e-2,9.35677330e-2,1.64802745e-2,7.83280367e-3,8.16759608e-4
8158-3702,-9.33703147e-1,-1.75807341e-2,-2.62107417e0,-6.34722127e-2,-2.15962890e0,-7.03089228e-2,-1.80069014e-1,-3.34923808e-3
8158-6101,4.58402303e-1,-7.03172365e-2,1.37785485e0,-2.23585203e-1,1.26028762e0,-1.96535948e-1,8.58140438e-2,-1.66044290e-2
8158-6102,1.04509089e0,4.77749700e-1,2.62457558e0,1.62336138e0,1.74130595e0,1.63257118e0,2.09777899e-1,1.01520947e-1
8158-6103,8.97905628e-1,-4.31826102e-2,2.55529363e0,-1.49513130e-1,2.15530292e0,-1.54689821e-1,1.71998231e-1,-8.90495598e-3
8158-6104,6.37318776e-2,7.34162018e-2,1.04295474e-1,1.48702570e-1,4.44672993e-2,4.91784832e-2,3.75486764e-3,2.17467511e-2
8158-9101,-2.24374938e-1,-2.82807036e-1,-3.39305145e-1,-6.86122532e-1,-3.77972502e-2,-3.98075029e-1,-2.43890969e-2,-7.77744652e-2
8158-9102,-6.39593777e-1,-4.16073876e-1,-1.47199321e0,-1.36629451e0,-7.91895577e-1,-1.30093656e0,-1.29842936e-1,-9.29738201e-2
8239-12701,-1.70196372e-1,-8.34803129e-2,-4.35694000e-1,-2.92202645e-1,-2.99163507e-1,-3.08108682e-1,-3.41810401e-2,-1.68743559e-2
8239-12702,-1.02006621e0,-4.07198820e-1,-2.66251246e0,-1.42290669e0,-1.90990932e0,-1.49679845e0,-2.03031712e-1,-8.25418091e-2
8239-12703,-1.60393823e-1,-2.98229465e-2,-4.60567539e-1,-1.49685770e-1,-3.68056621e-1,-2.09019716e-1,-3.45644475e-2,-2.71610281e-3
8239-12705,1.57990865e-1,2.41112178e-1,1.98619498e-1,6.06750593e-1,-5.86120112e-2,3.85212706e-1,1.64009546e-2,6.41854236e-2
8239-1901,4.42403117e-2,1.16231607e-1,3.54885315e-2,3.92331514e-1,-9.30270171e-2,3.89406366e-1,1.10372463e-2,2.49916740e-2
8239-3704,3.26072346e-1,2.17872333e-1,7.76905970e-1,7.46152660e-1,4.48553043e-1,7.59626643e-1,6.68594115e-2,4.57241193e-2
8239-6101,-7.81217432e-1,-4.14384070e-1,-1.91918306e0,-1.40526883e0,-1.20900846e0,-1.40888644e0,-1.57863236e-1,-8.83259089e-2
8239-6103,-3.37013855e-1,-1.11675433e-1,-8.95011579e-1,-3.91381176e-1,-6.65258031e-1,-4.13651749e-1,-6.66060079e-2,-2.25183673e-2
8239-6104,2.20477638e0,4.92920619e-1,5.92676975e0,1.70291574e0,4.52031535e0,1.75950117e0,4.32725231e-1,1.01903328e-1
8239-9101,-4.97524613e-1,-4.15834637e-1,-1.00443693e0,-1.26636466e0,-3.67060981e-1,-1.06768848e0,-9.74655230e-2,-1.01426476e-1
8239-9102,2.16254566e-1,2.47826582e-1,3.64289084e-1,7.59457945e-1,7.29007799e-3,6.42857208e-1,4.37663992e-2,6.02724597e-2
8240-12703,-3.90034155e-1,-1.45300345e-1,-1.04085172e0,-5.16027962e-1,-7.79518949e-1,-5.56927106e-1,-7.70749496e-2,-2.85904568e-2
8240-12704,-3.81242156e-1,-1.95249023e-1,-9.49163758e-1,-6.67864912e-1,-6.15801334e-1,-6.79157412e-1,-7.68672058e-2,-4.10368417e-2
8240-12705,1.33106092e0,6.07190566e-1,3.25485487e0,1.93938128e0,2.09181716e0,1.77067416e0,2.62213597e-1,1.40463286e-1
8240-1901,1.35276823e0,6.04677595e-1,3.48967990e0,2.11067313e0,2.44055034e0,2.21621319e0,2.70555258e-1,1.22816433e-1
8240-1902,3.51617834e0,7.66571156e-1,9.56993996e0,2.70392485e0,7.45765822e0,2.88758396e0,6.87813144e-1,1.52753084e-1
8240-3701,2.31787449e-3,-1.48240896e-1,1.22580687e-1,-5.02400916e-1,2.62852021e-1,-5.01634510e-1,-3.00989838e-3,-3.16835848e-2
8240-3702,-1.30570809e-1,-6.11779429e-2,-3.03970063e-1,-1.81023205e-1,-1.78298444e-1,-1.42015618e-1,-2.54198837e-2,-1.55231576e-2
8240-6101,-4.53789264e-1,-2.37187156e-1,-1.10738350e0,-7.90297955e-1,-6.93603505e-1,-7.71741530e-1,-9.10748282e-2,-5.18626067e-2
8240-6102,-1.43667931e-1,-2.21760452e-2,-3.93044219e-1,-7.51322815e-2,-3.10945016e-1,-7.55753335e-2,-2.78727858e-2,-4.72101231e-3
8240-6103,-3.11369901e-1,-9.08059360e-3,-9.43766396e-1,-8.23118556e-2,-8.56863843e-1,-1.66899783e-1,-5.97608646e-2,3.21207246e-3
8240-6104,-2.88820117e-2,-5.81157968e-2,-1.29195439e-2,-1.73668294e-1,7.35484163e-2,-1.36930443e-1,-6.48082759e-3,-1.46787952e-2
8241-12702,-3.72748804e-1,-2.13344973e-1,-8.87528381e-1,-7.04636114e-1,-5.24016365e-1,-6.77857002e-1,-7.51295801e-2,-4.72660382e-2
8241-12705,-2.12179416e-1,-3.07203367e-1,-2.26921784e-1,-8.35609228e-1,2.09402934e-1,-5.49107322e-1,-3.78891119e-2,-8.37772429e-2
8241-1901,3.90217505e-1,5.16957063e-2,1.09031164e0,1.86819607e-1,8.90752359e-1,2.07238377e-1,7.54508684e-2,9.82953446e-3
8241-1902,-2.12159765e-1,-9.09650697e-2,-5.35124516e-1,-3.05749588e-1,-3.60442755e-1,-3.02344991e-1,-4.23395965e-2,-1.96537032e-2
8241-3702,5.45312468e-1,1.39589456e-1,1.48313477e0,4.97548631e-1,1.15250892e0,5.39867112e-1,1.06864566e-1,2.72837738e-2
8241-6101,-4.02413984e-1,-1.53155273e-1,-1.05186521e0,-5.32201447e-1,-7.58387502e-1,-5.55229790e-1,-7.99010575e-2,-3.13419275e-2
8241-6103,9.24973783e-1,6.06661250e-2,2.57969489e0,2.14824644e-1,2.10178955e0,2.30897459e-1,1.78908027e-1,1.19994627e-2
8241-6104,2.93662247e-1,-5.91184765e-2,9.61997610e-1,-1.43487965e-1,9.66560486e-1,-4.86069793e-2,5.43087543e-2,-1.83656008e-2
8241-9101,2.89368440e-1,2.59131911e-1,5.72837235e-1,7.85925969e-1,1.95268170e-1,6.63113891e-1,5.58302548e-2,6.31608732e-2
8241-9102,1.34360823e-1,4.88096405e-2,3.92814069e-1,2.12404929e-1,3.24153523e-1,2.86510152e-1,2.75513391e-2,5.79722496e-3
8243-12701,-1.46971545e-1,-5.02656225e-2,-3.80932394e-1,-1.71221834e-1,-2.70647126e-1,-1.72861974e-1,-2.91984304e-2,-1.06399764e-2
8243-12704,-2.10258278e-1,-1.64481566e-1,-4.36209661e-1,-5.08510267e-1,-1.73348377e-1,-4.37558473e-1,-4.19311432e-2,-3.96069983e-2
8243-12705,-7.72451958e-2,4.39052696e-2,-2.48203630e-1,2.28374115e-2,-2.17420979e-1,-6.42936881e-2,-3.12694508e-2,8.16467301e-3
8243-3701,7.72523963e-2,5.48428882e-2,1.80495241e-1,1.91667446e-1,9.48239666e-2,1.96826065e-1,1.65607194e-2,1.13551914e-2
8243-3702,1.77922433e-1,3.51580939e-1,1.25392885e-1,1.07485450e0,-3.60011533e-1,8.93646700e-1,3.93697029e-2,8.63270209e-2
8243-3704,1.13385883e1,1.61937212e0,3.14927274e1,5.81299339e0,2.54551408e1,6.38013498e0,2.19886341e0,3.12111655e-1
8243-6103,8.17901777e-1,2.05735349e-2,2.32696789e0,8.46627352e-2,1.95993896e0,1.11135751e-1,1.56861788e-1,2.82990803e-3
8243-9101,-5.81134002e-1,-5.88997968e-1,-1.03656998e0,-1.67611271e0,-2.19577613e-1,-1.27010139e0,-1.03689084e-1,-1.51499976e-1
8244-12701,-6.55764732e-2,-1.34355036e-1,-9.44673910e-2,-4.61228410e-1,4.77196805e-2,-4.70905435e-1,-1.53713171e-2,-2.81018312e-2
8244-12703,-5.62193670e-1,-4.07053405e-1,-1.22872615e0,-1.30742151e0,-5.67590207e-1,-1.19823786e0,-1.14360198e-1,-9.37635677e-2
8244-12704,-1.83403463e-1,-1.14408624e-1,-4.14105207e-1,-3.50226986e-1,-2.25007143e-1,-2.99895854e-1,-3.54610710e-2,-2.76608811e-2
8244-1901,1.29199301e0,1.04915008e-1,3.60791929e0,3.76781912e-1,2.94509965e0,4.13913330e-1,2.49840560e-1,2.02000525e-2
8244-1902,-7.60155384e-1,-3.72770969e-1,-1.92363603e0,-1.28983540e0,-1.29124322e0,-1.33547058e0,-1.52898463e-1,-7.68785596e-2
8244-3702,-7.47223133e-1,-4.21047687e-1,-1.82493074e0,-1.43452771e0,-1.12993574e0,-1.44871521e0,-1.51578932e-1,-8.90956269e-2
8244-3703,2.48806144e-1,1.18342337e-1,6.20330064e-1,3.95869413e-1,4.09000425e-1,3.89692834e-1,4.95837471e-2,2.56998632e-2
8244-3704,-2.30971328e-1,-1.11351020e-1,-6.19449434e-1,-3.98846564e-1,-4.68204714e-1,-4.36330981e-1,-4.55706215e-2,-2.15511501e-2
8244-6102,3.36626642e-1,2.57824776e-1,7.53090975e-1,8.57982853e-1,3.65728937e-1,8.34695850e-1,6.93113376e-2,5.65357210e-2
8244-6103,-5.85354791e-1,-1.81367534e-1,-1.56678356e0,-6.39615492e-1,-1.18178479e0,-6.82731807e-1,-1.15400111e-1,-3.61574062e-2
8244-6104,5.77557480e0,9.48310118e-1,1.59129481e1,3.35172250e0,1.26920470e1,3.59477853e0,1.12278713e0,1.88125876e-1
8244-9102,-5.74505548e-1,-2.56591227e-1,-1.47310919e0,-8.92565043e-1,-1.01674386e0,-9.31765475e-1,-1.15165052e-1,-5.24434292e-2
8245-12705,6.31550361e-2,1.49597084e-1,4.79156099e-3,4.14194905e-1,-1.82994805e-1,2.88082829e-1,1.06815524e-2,3.99453206e-2
8245-1902,8.88756656e-1,2.87085895e-1,2.38073343e0,1.01490028e0,1.79812685e0,1.08754033e0,1.75186523e-1,5.69749948e-2
8245-3701,-2.65846537e-1,-1.48215627e-1,-6.31898991e-1,-4.91832844e-1,-3.67987913e-1,-4.74970746e-1,-5.40085364e-2,-3.26886732e-2
8245-3702,-6.03709060e-1,-1.91577702e-1,-1.62119125e0,-6.78795333e-1,-1.23002691e0,-7.29935950e-1,-1.18908268e-1,-3.78615491e-2
8245-3703,-5.53699933e-1,-1.63088280e-1,-1.49757624e0,-5.80205252e-1,-1.15179009e0,-6.27925917e-1,-1.08742585e-1,-3.19842786e-2
8245-3704,-1.98114589e-1,-1.01378474e-1,-4.96456370e-1,-3.50733379e-1,-3.25178870e-1,-3.62847097e-1,-4.00438574e-2,-2.09201532e-2
8245-6101,-1.79559698e-1,-2.95131765e-1,-2.02698912e-1,-9.15976688e-1,2.11164910e-1,-7.84922865e-1,-3.92057268e-2,-7.11485468e-2
8245-6102,-7.56850935e-1,-5.07787479e-1,-1.73263947e0,-1.67607927e0,-9.12084870e-1,-1.60804734e0,-1.54448420e-1,-1.12707210e-1
8245-6103,-4.65566164e-1,-3.96700176e-1,-9.30148385e-1,-1.18308910e0,-3.40759671e-1,-9.69188383e-1,-8.85622605e-2,-9.83526599e-2
8245-6104,4.16385624e0,5.68461081e-1,1.15332413e1,2.02167627e0,9.28173518e0,2.18805243e0,8.08023542e-1,1.11515076e-1
8245-9101,-6.49863754e-1,-5.03483584e-1,-1.37769068e0,-1.58135132e0,-5.88465127e-1,-1.40244289e0,-1.30049494e-1,-1.18850441e-1
8245-9102,-1.99233893e-1,-1.66653364e-1,-4.03471745e-1,-5.23302961e-1,-1.38221356e-1,-4.60857841e-1,-4.05848016e-2,-3.94984418e-2
8247-12701,-6.43297775e-1,-5.00497306e-1,-1.36247251e0,-1.57378008e0,-5.78794306e-1,-1.39847317e0,-1.28867396e-1,-1.17983394e-1
8247-12702,1.69108383e-1,3.11203761e-1,1.51897181e-1,7.74269397e-1,-1.67998851e-1,4.79069793e-1,1.38177798e-2,8.33169804e-2
8247-12703,2.26960562e-1,3.89463097e-1,2.70652447e-1,9.67870927e-1,-1.24545823e-1,6.34049060e-1,1.51836186e-2,9.70397309e-2
8247-1901,3.58921910e-2,8.29299862e-2,3.68125304e-2,2.82346078e-1,-5.94833511e-2,2.83987345e-1,8.88866430e-3,1.75969185e-2
8247-1902,3.90196409e0,1.24932347e0,1.04072528e1,4.38124535e0,7.80636216e0,4.63784087e0,7.69355642e-1,2.51533471e-1
8247-3701,-8.17248082e-1,-3.56145406e-1,-2.10133142e0,-1.23634133e0,-1.46099247e0,-1.28680619e0,-1.63482774e-1,-7.30373691e-2
8247-3704,-1.53156141e-1,3.09236413e-4,-4.61013106e-1,-1.61399456e-2,-4.18455040e-1,-4.51371899e-2,-2.90708020e-2,1.81338770e-3
8247-6102,-6.22057798e-1,-2.56124784e-1,-1.60701201e0,-8.85112953e-1,-1.13148033e0,-9.15424919e-1,-1.23943489e-1,-5.29047491e-2
8247-6103,-5.03211188e-2,6.78175879e-2,-1.84391364e-1,2.34793905e-1,-2.12990051e-1,2.43120181e-1,-8.33687283e-3,1.39794074e-2
8247-6104,-8.86654047e-2,-2.00674301e-1,1.39268949e-2,-4.99651678e-1,2.73419428e-1,-2.58689430e-1,-1.16748212e-2,-5.81404272e-2
8248-12701,-2.34438800e-1,-2.03664668e-1,-5.01149697e-1,-5.50367646e-1,-2.56507424e-1,-4.36560236e-1,-3.22082990e-2,-4.71714530e-2
8248-1901,1.84462448e0,7.53969439e-1,4.81999365e0,2.64373789e0,3.46262906e0,2.79604703e0,3.67255515e-1,1.51903838e-1
8248-3701,-5.93096367e-1,-3.09155293e-1,-1.47130446e0,-1.05513859e0,-9.47345427e-1,-1.06912214e0,-1.19636092e-1,-6.52149268e-2
8248-3702,1.02475113e0,3.89688828e-1,2.64366825e0,1.32345920e0,1.86669352e0,1.33330507e0,2.03173284e-1,8.27430971e-2
8248-3703,-1.61642671e-1,-7.74718074e-2,-4.14297722e-1,-2.69465439e-1,-2.86241898e-1,-2.81528786e-1,-3.23519177e-2,-1.58272420e-2
8248-6102,-1.72818456e-1,-1.81664360e-2,-4.88231397e-1,-4.60718033e-2,-4.23075932e-1,-3.32407889e-2,-3.10585177e-2,-4.85577929e-3
8248-6103,-1.73325504e-1,-9.77390270e-2,-4.35427672e-1,-3.41740698e-1,-2.86007671e-1,-3.59660098e-1,-3.50832417e-2,-1.97969050e-2
8248-6104,1.23779549e1,3.21230391e0,3.34354236e1,1.12826365e1,2.57101758e1,1.19795807e1,2.42673817e0,6.44684168e-1
8248-9101,-7.82719637e-1,-2.81923129e-1,-2.07418202e0,-9.92910987e-1,-1.53342283e0,-1.05757784e0,-1.54978056e-1,-5.63431449e-2
8249-12701,-6.56429360e-2,2.56966649e-2,-2.22632379e-1,7.33310345e-2,-2.31535804e-1,5.12542690e-2,-1.20802941e-2,6.83884421e-3
8249-12703,2.24871255e-1,1.09461708e-1,5.62694426e-1,3.73257431e-1,3.70010595e-1,3.77695078e-1,4.52087628e-2,2.31223689e-2
8249-12704,7.62476883e-1,3.92864461e-1,1.89186711e0,1.33825845e0,1.21988658e0,1.35206990e0,1.53668611e-1,8.31196692e-2
8249-1901,-3.58373318e-1,-1.35159157e-1,-9.36524295e-1,-4.70493645e-1,-6.74064167e-1,-4.91932319e-1,-7.12427163e-2,-2.75827969e-2
8249-3702,-7.94617718e-1,-4.29151869e-1,-1.95738037e0,-1.46262513e0,-1.23918999e0,-1.47855785e0,-1.60629163e-1,-9.07363279e-2
8249-3704,-1.31980353e-1,-1.68921410e-1,-2.25918411e-1,-5.58557050e-1,9.46179193e-3,-5.34769593e-1,-2.91881646e-2,-3.75012524e-2
8249-6101,1.32120300e-1,1.95592745e-1,2.08541568e-1,6.44747109e-1,-4.45883537e-2,6.15658311e-1,2.93153835e-2,4.35559813e-2
8249-6104,2.96863698e-1,6.57779075e-3,8.40414411e-1,2.53962102e-2,7.02545329e-1,3.09580490e-2,5.70192279e-2,1.07787122e-3
8249-9101,5.91886809e-1,6.02834954e-1,1.08050194e0,1.74009989e0,2.64335912e-1,1.37031726e0,1.05283929e-1,1.51893050e-1
8249-9102,8.06378495e-1,-7.13390589e-2,2.37038489e0,-2.20850163e-1,2.09851736e0,-1.84136098e-1,1.52653228e-1,-1.74125535e-2
8250-12701,-6.09917645e-1,-2.56649295e-1,-1.59536421e0,-9.02789994e-1,-1.14782816e0,-9.59624777e-1,-1.21449692e-1,-5.14104603e-2
8250-12702,-4.88179119e-1,-4.38885639e-1,-9.44292843e-1,-1.32000831e0,-2.84157586e-1,-1.08797132e0,-9.49529919e-2,-1.08466810e-1
8250-12704,-5.22482609e-1,-2.32779793e-1,-1.33151841e0,-8.02231138e-1,-9.09470623e-1,-8.25415607e-1,-1.04694934e-1,-4.83305967e-2
8250-1902,1.87484195e0,5.32614913e-1,5.07992481e0,1.89362166e0,3.92137271e0,2.04742480e0,3.67826201e-1,1.04578358e-1
8250-3701,4.76531922e-1,3.17787233e-1,1.07330750e0,1.01147927e0,5.58351032e-1,9.17311028e-1,9.51196631e-2,7.38600238e-2
8250-3702,1.54805959e1,1.91673384e0,4.30321965e1,6.85858995e0,3.48425925e1,7.49228593e0,3.00008502e0,3.71672019e-1
8250-3704,4.61375591e-2,-5.36525105e-2,2.37011883e-1,-1.05834275e-1,3.06093679e-1,6.59530309e-3,1.00622846e-2,-1.85148091e-2
8250-6101,-6.45335024e-1,-3.29979199e-1,-1.58979792e0,-1.11191759e0,-1.01250024e0,-1.10439401e0,-1.29850164e-1,-7.09965996e-2
8250-6102,2.26170622e-1,2.75844368e-1,3.78736432e-1,8.73550417e-1,-1.18666389e-2,7.79813090e-1,4.77326457e-2,6.47517486e-2
8250-6103,-7.85586735e-1,-3.47190675e-1,-2.01579129e0,-1.20421127e0,-1.39552391e0,-1.25159865e0,-1.57246310e-1,-7.13092386e-2
8250-6104,-6.69401020e-1,-4.39125183e-1,-1.53873914e0,-1.44604024e0,-8.22152901e-1,-1.38230900e0,-1.36251580e-1,-9.77798247e-2
8250-9101,8.08502431e-1,2.29564576e-1,2.21128008e0,8.25354673e-1,1.73547406e0,9.07853754e-1,1.58123757e-1,4.41156907e-2
8250-9102,-7.13353288e-2,1.85538646e-1,-4.44748245e-1,5.38429736e-1,-6.67958472e-1,3.94134843e-1,-1.05036260e-2,4.84937935e-2
8252-12701,-6.61038237e-1,-5.78012185e-1,-1.31300960e0,-1.77858203e0,-4.32355369e-1,-1.52194530e0,-1.31383010e-1,-1.39692929e-1
8252-12703,8.45187369e-2,1.62567159e-1,8.53744722e-2,3.78834961e-1,-5.68373944e-2,2.22325569e-1,9.21397431e-4,4.16628980e-2
8252-12705,-8.50620223e-2,9.21034124e-2,-3.72845961e-1,2.39351750e-1,-4.56426188e-1,1.32967280e-1,-1.67318331e-2,2.63491703e-2
8252-3701,3.63614639e-1,1.66582533e-1,9.40867786e-1,5.83744274e-1,6.61953671e-1,6.16819283e-1,7.26746219e-2,3.35975290e-2
8252-3702,-2.15282841e-1,-1.27754498e-1,-5.34687299e-1,-4.43271550e-1,-3.43116532e-1,-4.61178999e-1,-4.36125877e-2,-2.62154794e-2
8252-3703,-7.06224722e-1,-4.07278955e-1,-1.69592798e0,-1.36643699e0,-1.01349344e0,-1.34674317e0,-1.43139329e-1,-8.82477097e-2
8252-6101,-5.01633808e-1,-2.10489446e-1,-1.31421750e0,-7.64228406e-1,-9.30614036e-1,-8.39508772e-1,-1.02020162e-1,-4.02345048e-2
8252-6102,-6.13743989e-1,-3.40155813e-1,-1.49053467e0,-1.14917047e0,-9.13214360e-1,-1.14479574e0,-1.24377575e-1,-7.29474883e-2
8252-6103,9.82081403e-2,-1.74255474e-2,3.19262544e-1,-4.08290508e-2,3.18367984e-1,-1.00569920e-2,1.81665471e-2,-5.57580303e-3
8252-6104,-7.50433215e-1,-4.52473104e-1,-1.80797024e0,-1.53886795e0,-1.08087614e0,-1.54949853e0,-1.52859328e-1,-9.60230220e-2
8252-9102,-2.45834753e-1,-2.57123508e-1,-4.57573156e-1,-6.91966868e-1,-1.43500132e-1,-5.13948301e-1,-3.48762367e-2,-6.33667851e-2
8253-12702,-4.72008352e-1,-1.56488891e-1,-1.25672643e0,-5.51279883e-1,-9.37928171e-1,-5.87381574e-1,-9.32737475e-2,-3.12615466e-2
8253-12703,5.18844295e-1,3.67516220e-1,1.19051653e0,1.23268310e0,6.22792103e-1,1.21311887e0,1.06724833e-1,7.97177157e-2
8253-12705,-5.25774850e-1,-4.35927017e-1,-1.06031232e0,-1.30517914e0,-3.99982190e-1,-1.07313220e0,-1.00853518e-1,-1.07892302e-1
8253-1902,-6.34671219e-1,-2.18043363e-1,-1.69026556e0,-7.69112499e-1,-1.26217865e0,-8.21250029e-1,-1.25400409e-1,-4.34519417e-2
8253-3701,5.78961701e-1,1.44725814e-1,1.57133302e0,5.15182594e-1,1.21541514e0,5.57292090e-1,1.13643259e-1,2.83757499e-2
8253-3702,1.68629259e0,7.17339490e-1,4.36932536e0,2.50117830e0,3.08707924e0,2.62203477e0,3.36491663e-1,1.45969286e-1
8253-3703,-5.58831081e-1,-2.96944548e-1,-1.37265853e0,-1.00762639e0,-8.64016093e-1,-1.01113572e0,-1.12970655e-1,-6.32353217e-2
8253-6101,-2.59269453e-1,9.82522169e-4,-8.32188164e-1,-9.99621868e-2,-7.81254469e-1,-2.55065830e-1,-5.24148426e-2,9.90946803e-3
8253-6102,1.98592169e-1,-1.25579702e-1,6.90252665e-1,-3.94160893e-1,7.39861496e-1,-3.43941534e-1,3.57825561e-2,-2.99038536e-2
8253-6103,3.23469881e-2,1.66547659e-2,8.42413682e-2,5.90954400e-2,5.99538439e-2,6.37035597e-2,6.46095587e-3,3.28222456e-3
8253-6104,-6.51188106e-1,-4.30972981e-1,-1.50641517e0,-1.43445430e0,-8.13274695e-1,-1.39485791e0,-1.33083221e-1,-9.45241923e-2
8253-9101,-6.50699566e-1,-2.32923146e-1,-1.71314830e0,-8.13255946e-1,-1.25191187e0,-8.54547026e-1,-1.28991449e-1,-4.72779488e-2
8253-9102,-5.57764139e-1,-4.30108342e-1,-1.18288529e0,-1.35450708e0,-5.02653701e-1,-1.20454142e0,-1.12117449e-1,-1.01324412e-1
8254-12701,-6.19389541e-1,-3.58675205e-1,-1.47750203e0,-1.19472445e0,-8.70984688e-1,-1.16372261e0,-1.25427418e-1,-7.85638574e-2
8254-12703,-5.40670525e-2,7.29081409e-2,-2.39675418e-1,1.63170320e-1,-2.87405192e-1,7.64533295e-2,-1.64199671e-2,1.88590036e-2
8254-12704,-1.17483073e-1,-7.81037611e-3,-3.44522523e-1,-6.75808757e-2,-2.82878555e-1,-1.11375119e-1,-2.61948964e-2,8.67881423e-4
8254-12705,-1.05392882e-1,2.64921922e-2,-3.77770885e-1,-1.22409824e-3,-3.73811599e-1,-1.21773001e-1,-2.45227072e-2,1.33310437e-2
8254-1901,-5.22924090e-1,-1.76539522e-1,-1.39541290e0,-6.23627348e-1,-1.04581326e0,-6.67377487e-1,-1.03262195e-1,-3.50882018e-2
8254-3701,-3.22376732e-2,8.63768353e-2,-1.78799696e-1,2.82970302e-1,-2.69362804e-1,2.63764484e-1,-3.59387728e-3,1.95528798e-2
8254-3702,7.13799078e-1,5.59361025e-1,1.51426949e0,1.78119396e0,6.32907765e-1,1.61078040e0,1.44944871e-1,1.30166774e-1
8254-3703,-4.71258335e-1,-1.44637240e-1,-1.26713256e0,-5.11697324e-1,-9.64212561e-1,-5.49007442e-1,-9.27308549e-2,-2.86635820e-2
8254-3704,4.91607803e-2,2.95387864e-2,1.24614724e-1,1.03974696e-1,8.35522225e-2,1.10640618e-1,9.92070781e-3,5.90973022e-3
8254-6101,-8.51888585e-1,-3.08996707e-1,-2.25669357e0,-1.08844980e0,-1.66706537e0,-1.15962800e0,-1.68708716e-1,-6.17352624e-2
8254-6102,-2.57982978e-1,-1.40191125e-1,-6.19225007e-1,-4.63792136e-1,-3.72336507e-1,-4.46882595e-1,-5.20048839e-2,-3.10056394e-2
8254-6103,8.04042037e-2,7.01060916e-2,1.87569172e-1,2.44225493e-1,1.00612730e-1,2.55578741e-1,1.67096857e-2,1.42908152e-2
8254-6104,-4.07190494e-1,5.91606728e-2,-1.34799934e0,7.15017708e-2,-1.34308726e0,-1.33917498e-1,-7.79282012e-2,2.52705098e-2
8254-9101,2.74214813e0,1.17480043e0,7.12164844e0,4.10941249e0,5.05276248e0,4.32980655e0,5.47054510e-1,2.37706776e-1
8254-9102,-1.47915969e-1,-5.35491104e-2,-3.85589038e-1,-1.81228525e-1,-2.79372366e-1,-1.82468501e-1,-2.90688959e-2,-1.13940382e-2
8255-12703,-1.16557551e-1,-6.82948581e-2,-2.55219401e-1,-1.72021210e-1,-1.48799650e-1,-9.91484848e-2,-1.94830371e-2,-1.93025234e-2
8255-12705,-1.89214482e-1,-2.05075438e-1,-3.12557748e-1,-5.72269399e-1,-2.65823393e-2,-4.12847439e-1,-3.34006038e-2,-5.39235199e-2
8255-1901,5.40209674e-1,2.27884950e-1,1.41584978e0,8.02971452e-1,1.02268666e0,8.55836737e-1,1.07504191e-1,4.55063450e-2
8255-3701,-4.31271385e-1,-2.74016134e-1,-9.97735200e-1,-8.95535023e-1,-5.48292234e-1,-8.47478228e-1,-8.70373719e-2,-6.15684054e-2
8255-3704,-4.41177656e-1,-3.49672545e-1,-9.37240737e-1,-1.12696773e0,-3.85540457e-1,-1.03785487e0,-9.05821265e-2,-8.02297952e-2
8255-6101,4.66290688e-1,6.21868159e-1,7.00455985e-1,1.92170151e0,-1.68396697e-1,1.64665914e0,9.66830580e-2,1.50071126e-1
8255-6102,-2.35954792e-1,1.19959693e-1,-8.57836988e-1,3.27413155e-1,-9.48336963e-1,1.98788951e-1,-4.28043305e-2,3.34776823e-2
8255-6103,-3.91849755e-1,-2.33555079e-1,-9.40242364e-1,-7.90751290e-1,-5.56990404e-1,-7.90249969e-1,-7.98285076e-2,-4.99264427e-2
8255-9101,-2.26813212e-1,-2.83411762e-1,-4.50732985e-1,-9.66547944e-1,-1.15526837e-1,-9.77495050e-1,-4.89322703e-2,-5.98818387e-2
8255-9102,-3.26884709e-1,-5.15568632e-1,-3.65685605e-1,-1.47672930e0,3.09454913e-1,-1.11236781e0,-5.96465710e-2,-1.33222334e-1
8256-12701,1.57715907e-1,4.87167350e-2,4.50695855e-1,2.17165891e-1,3.55562441e-1,2.89217377e-1,3.35413831e-2,5.85934342e-3
8256-12702,-3.84899427e-1,-3.02535202e-1,-8.01883239e-1,-8.98409474e-1,-3.52886521e-1,-7.36934249e-1,-7.20357286e-2,-7.49256077e-2
8256-12703,-2.78686045e-1,-1.57507942e-1,-6.03016753e-1,-7.12384237e-1,-1.59827262e-1,-7.72796787e-1,-8.91891592e-2,-3.37421757e-2
8256-12704,-8.58359452e-1,-3.56294288e-1,-2.21701840e0,-1.23505767e0,-1.55793878e0,-1.28281695e0,-1.71282055e-1,-7.32402843e-2
8256-1901,1.14273624e0,3.91167246e-1,3.02345014e0,1.37103029e0,2.22942931e0,1.44891796e0,2.26295156e-1,7.88736409e-2
8256-3701,3.40191911e0,1.02431779e0,9.17964656e0,3.63474166e0,7.03120120e0,3.91818772e0,6.68555040e-1,2.01856664e-1
8256-3702,4.04813268e0,1.24707724e0,1.07838671e1,4.36483877e0,8.06763044e0,4.60455310e0,7.98760228e-1,2.52019209e-1
8256-3703,3.49371321e0,1.11221109e0,9.38495150e0,3.94482441e0,7.12327285e0,4.24850947e0,6.88194176e-1,2.19395559e-1
8256-3704,-1.73132937e-1,-8.73259332e-2,-4.15810929e-1,-2.86668352e-1,-2.50176358e-1,-2.71751980e-1,-3.49452710e-2,-1.95665040e-2
8256-6103,1.11603013e0,4.99992397e-2,3.12419077e0,1.77677132e-1,2.56220435e0,1.92082455e-1,2.15475779e-1,9.82255494e-3
8256-6104,-3.78178039e-1,-9.50580433e-2,-1.03149356e0,-3.39125676e-1,-8.06036139e-1,-3.68553738e-1,-7.39993144e-2,-1.85456158e-2
8256-9101,1.14287918e0,1.78838036e-1,3.17656798e0,6.44588702e-1,2.57020352e0,7.11930418e-1,2.21614656e-1,3.41919229e-2
8257-12701,-4.28875756e-1,-1.88890896e-1,-1.08890414e0,-6.45646119e-1,-7.39906707e-1,-6.55953828e-1,-8.58205583e-2,-3.97423910e-2
8257-12703,-2.69005226e-1,-1.21339546e-1,-6.79766508e-1,-4.14319968e-1,-4.56901459e-1,-4.20070487e-1,-5.39321418e-2,-2.55791142e-2
8257-12705,2.51569445e-1,3.26138547e-1,3.77554308e-1,9.80098404e-1,-7.50149153e-2,8.03000985e-1,4.98708588e-2,8.08475307e-2
8257-1902,1.66028878e0,6.04546014e-1,4.40372267e0,2.13249774e0,3.26082512e0,2.27698592e0,3.28683656e-1,1.20474109e-1
8257-3701,1.69211060e0,6.05055563e-1,4.50611881e0,2.13995956e0,3.36264527e0,2.29457604e0,3.34499816e-1,1.19983596e-1
8257-3703,-3.03610938e-1,-1.85005590e-1,-7.44950130e-1,-6.40215516e-1,-4.63250095e-1,-6.62766498e-1,-6.18264227e-2,-3.81548822e-2
8257-3704,-1.23905792e-1,-1.21770731e-2,-3.59266501e-1,-5.54352332e-2,-3.06741991e-1,-7.80947558e-2,-2.41003403e-2,-1.20974715e-3
8257-6101,3.03773092e-1,1.77290759e-1,7.29170761e-1,5.94268650e-1,4.36087183e-1,5.85293683e-1,6.14801650e-2,3.84491171e-2
8257-6102,-4.43793179e-2,2.19462697e-2,-1.56098597e-1,6.05799206e-2,-1.66103423e-1,3.93256689e-2,-8.31418998e-3,6.00639533e-3
8257-6104,-7.90173179e-1,-2.51123246e-1,-2.12143965e0,-8.89428997e-1,-1.60898483e0,-9.55864078e-1,-1.55639210e-1,-4.96654536e-2
8257-9101,1.57265638e-1,2.12190235e-1,2.29109489e-1,6.41734409e-1,-6.29916030e-2,5.31379761e-1,3.15243833e-2,5.22862634e-2
8257-9102,-1.90015300e-1,-2.80716445e-1,-2.91749526e-1,-9.19782827e-1,8.06240823e-2,-8.68500921e-1,-4.22576806e-2,-6.30849695e-2
8258-12701,-3.77691082e-1,-4.11767196e-1,-6.26504803e-1,-1.19999943e0,-2.55513132e-2,-9.26563550e-1,-7.23162303e-2,-1.05286740e-1
8258-12702,-4.41976745e-1,-3.79863871e-1,-8.91695473e-1,-1.19006357e0,-3.04463869e-1,-1.04666078e0,-8.94488244e-2,-9.01489284e-2
8258-12705,2.05709362e-2,7.56945120e-2,-2.34561422e-2,2.59604008e-1,-1.36958278e-1,2.41777079e-1,8.73535297e-3,1.74283433e-2
8258-1901,-2.30788006e-1,-6.85479794e-2,-6.15934318e-1,-2.40242405e-1,-4.62248692e-1,-2.53895585e-1,-4.55254578e-2,-1.38223054e-2
8258-1902,3.89031190e-1,1.26153766e-1,1.04170438e0,4.45878309e-1,7.86225075e-1,4.77653200e-1,7.66916856e-2,2.50456576e-2
8258-3701,-3.07156995e-1,-1.71085111e-1,-7.40001824e-1,-5.74221329e-1,-4.45107666e-1,-5.65731529e-1,-6.22994933e-2,-3.70705988e-2
8258-3704,-6.48354214e-2,1.68351717e-1,-4.30368699e-1,3.76172692e-1,-5.90030213e-1,1.23548402e-1,-1.99065040e-2,5.18920629e-2
8258-6101,-2.35924924e-1,-6.29305110e-2,-6.46523995e-1,-2.33637110e-1,-5.03748523e-1,-2.64907266e-1,-4.67984358e-2,-1.15141826e-2
8258-6102,3.75322227e-1,9.81898468e-2,1.03808170e0,3.59605644e-1,8.29256097e-1,4.05926430e-1,7.32539881e-2,1.82016466e-2
8258-6103,-1.64224443e-1,-6.45135128e-2,-4.27514030e-1,-2.25643186e-1,-3.04547444e-1,-2.37586431e-1,-3.27602012e-2,-1.30598891e-2
8258-6104,3.38416070e-1,2.15472948e-1,7.83548247e-1,7.12378100e-1,4.25692034e-1,6.84887204e-1,6.89832355e-2,4.77310290e-2
8258-9101,6.30583216e-1,3.03647886e-1,1.55485069e0,1.00862095e0,9.99604209e-1,9.80486014e-1,1.26031008e-1,6.66714219e-2
8259-12701,-8.52140112e-1,-4.08951736e-1,-2.14941586e0,-1.40536855e0,-1.43569979e0,-1.43959118e0,-1.71245175e-1,-8.53063872e-2
8259-12702,3.51296304e-2,9.34735599e-2,-2.11632860e-4,2.79199987e-1,-1.17178967e-1,2.24829551e-1,7.33785661e-3,2.33854251e-2
8259-12704,-4.82978082e-1,-4.04302918e-1,-9.74584434e-1,-1.21096201e0,-3.69582619e-1,-1.00011878e0,-9.21826738e-2,-9.97542512e-2
8259-12705,-4.29048410e-1,-2.37001906e-1,-1.07635635e0,-8.24357417e-1,-7.06456086e-1,-8.60585255e-1,-8.67225580e-2,-4.84419092e-2
8259-1902,9.99823862e-1,4.15441585e-1,2.60486010e0,1.45384901e0,1.86058677e0,1.53291525e0,1.99213605e-1,8.39924785e-2
8259-3703,9.93280305e-1,9.88264985e-2,2.77834214e0,3.56563090e-1,2.27448369e0,3.94549978e-1,1.91928022e-1,1.88524340e-2
8259-6101,-2.68933726e-1,-2.34092807e-1,-5.26550386e-1,-7.09155356e-1,-1.64943582e-1,-5.88671091e-1,-5.30482645e-2,-5.76268069e-2
8259-6102,-5.34725761e-1,-2.79777659e-1,-1.33174186e0,-9.60738639e-1,-8.63033756e-1,-9.82652418e-1,-1.07978195e-1,-5.84448013e-2
8259-6103,-5.91041430e-1,-2.94995501e-1,-1.46878138e0,-1.00262416e0,-9.51025670e-1,-1.00901446e0,-1.19023995e-1,-6.26496885e-2
8259-9101,-5.93015053e-1,-4.71870790e-1,-1.23401454e0,-1.46768244e0,-4.95118247e-1,-1.27905611e0,-1.18296171e-1,-1.12713966e-1
8259-9102,-1.34393647e-1,-4.77359726e-2,-3.42310157e-1,-1.51384626e-1,-2.41246243e-1,-1.38076814e-1,-2.60205848e-2,-1.10645641e-2
8260-12702,-5.73165374e-1,-4.97617506e-1,-1.13509378e0,-1.50247897e0,-3.86239762e-1,-1.24981448e0,-1.11296811e-1,-1.22342780e-1
8260-12703,-3.36207656e-1,-2.66173542e-1,-6.85436331e-1,-7.80992093e-1,-2.79510865e-1,-6.21228051e-1,-6.31447794e-2,-6.70419514e-2
8260-12704,-3.91710792e-1,-3.12530002e-1,-8.18681182e-1,-9.84593770e-1,-3.26755645e-1,-8.74763753e-1,-7.91120777e-2,-7.36612858e-2
8260-1901,-4.60408213e-1,-9.00550268e-2,-1.27494234e0,-3.25176159e-1,-1.02405813e0,-3.60001677e-1,-8.94950985e-2,-1.71601062e-2
8260-1902,2.87834375e0,1.02927619e0,7.56286061e0,3.58497487e0,5.50617391e0,3.75233203e0,5.70846286e-1,2.09821462e-1
8260-3703,-3.93443267e-1,-2.21669572e-1,-9.56258101e-1,-7.49908855e-1,-5.87287091e-1,-7.49091085e-1,-7.96820901e-2,-4.74218306e-2
8260-3704,1.06565508e0,2.60456728e-1,2.88258082e0,9.14771376e-1,2.22143154e0,9.70373761e-1,2.08921950e-1,5.23070705e-2
8260-6101,-1.80236956e-1,-9.43596596e-2,-4.26220879e-1,-3.04276579e-1,-2.49035425e-1,-2.80221108e-1,-3.62133851e-2,-2.16479444e-2
8260-6102,-6.26251208e-1,-2.08485973e-1,-1.67330808e0,-7.36632965e-1,-1.25744898e0,-7.88650723e-1,-1.23583912e-1,-4.14188859e-2
8260-6103,7.68656265e-1,1.24303482e0,8.19952818e-1,3.41603514e0,-7.15035474e-1,2.41900585e0,1.22492914e-1,3.28299862e-1
8260-6104,4.72891492e-1,3.93851412e-1,1.00106515e0,1.28239182e0,4.01101785e-1,1.20209003e0,9.76619338e-2,8.91196564e-2
8260-9101,4.05078200e-1,1.96361616e-1,1.01555530e0,6.69604440e-1,6.71092964e-1,6.77737321e-1,8.13528903e-2,4.14719730e-2
8260-9102,1.74962118e0,5.87806011e-1,4.58025671e0,2.02519711e0,3.31578202e0,2.08280513e0,3.46920836e-1,1.22103085e-1
8261-12703,-4.77667605e-1,-4.54441929e-1,-8.74152139e-1,-1.30546570e0,-2.11317807e-1,-9.93544398e-1,-8.82336295e-2,-1.16901795e-1
8261-12705,4.02043908e-1,2.95760258e-1,9.13420919e-1,9.89913901e-1,4.64177712e-1,9.71558785e-1,8.27603525e-2,6.43256668e-2
8261-1901,-5.27286931e-1,-1.99317874e-1,-1.38280894e0,-6.96795215e-1,-1.00179332e0,-7.33487287e-1,-1.04749704e-1,-4.03717863e-2
8261-1902,4.71548482e0,7.82753044e-1,1.30706126e1,2.81067361e0,1.05255634e1,3.08673363e0,9.15400831e-1,1.50760848e-1
8261-3701,1.36580765e0,4.90323021e-1,3.62064213e0,1.72644067e0,2.67895949e0,1.83820090e0,2.70359648e-1,9.80361215e-2
8261-6101,-5.06336148e-1,-1.57811018e-1,-1.36495356e0,-5.60774320e-1,-1.04317323e0,-6.05788209e-1,-9.95815224e-2,-3.10180461e-2
8261-6102,1.16911954e0,5.96150462e-1,2.91988066e0,2.04244740e0,1.90800766e0,2.08229322e0,2.35533534e-1,1.24971989e-1
8261-6103,-9.31081811e-2,-1.06692188e-1,-1.40101613e-1,-3.05175223e-1,2.23526627e-2,-2.24180300e-1,-1.79519752e-2,-2.78895294e-2
8261-6104,-5.91498473e-1,-2.15883197e-1,-1.58853891e0,-7.90203030e-1,-1.18921733e0,-8.83803470e-1,-1.18263709e-1,-4.03605119e-2
8261-9101,-1.16787558e-1,-9.09496576e-2,-2.49499577e-1,-2.84403298e-1,-1.11601434e-1,-2.49958600e-1,-2.32058983e-2,-2.16155000e-2
8261-9102,-3.19332122e-1,-2.66120914e-1,-6.41759089e-1,-7.69857180e-1,-2.56337195e-1,-6.04653987e-1,-5.80786050e-2,-6.73422017e-2
8262-12702,-4.02058845e-1,-2.81925974e-1,-8.89932088e-1,-8.99078235e-1,-4.35739394e-1,-8.17462480e-1,-8.07586720e-2,-6.53753512e-2
8262-12704,-4.08124149e-1,-4.04464978e-1,-7.32272671e-1,-1.15660424e0,-1.57043443e-1,-8.77158449e-1,-7.42974579e-2,-1.04154647e-1
8262-12705,-8.35294128e-1,-4.33694184e-1,-2.07078881e0,-1.47983300e0,-1.33078611e0,-1.49850226e0,-1.68581418e-1,-9.15347669e-2
8262-1901,-5.55114455e-1,-2.32114090e-1,-1.43893526e0,-8.08818069e-1,-1.01756629e0,-8.46996877e-1,-1.10751997e-1,-4.72861752e-2
8262-1902,-8.27307696e-1,-4.99663064e-1,-1.96647130e0,-1.67377852e0,-1.14406906e0,-1.64529480e0,-1.68113430e-1,-1.08527124e-1
8262-3701,-9.38320976e-1,-4.32942711e-1,-2.38338035e0,-1.49177491e0,-1.61623062e0,-1.53452621e0,-1.88215890e-1,-8.99141516e-2
8262-3702,-4.23207693e-1,-2.49739310e-1,-1.03395895e0,-8.58892793e-1,-6.37366172e-1,-8.80229783e-1,-8.61740412e-2,-5.20519202e-2
8262-3703,9.98716390e-1,5.55534699e-1,2.43904131e0,1.88302431e0,1.51570281e0,1.88744306e0,2.01999532e-1,1.18461760e-1
8262-3704,-3.44547943e-1,-1.01524753e-1,-9.48788117e-1,-3.95062337e-1,-7.32933882e-1,-4.69991539e-1,-6.96960629e-2,-1.69826911e-2
8262-6101,-4.64554742e-1,-3.53356702e-1,-1.00687894e0,-1.14528686e0,-4.45908104e-1,-1.06460909e0,-9.52929154e-2,-8.04890910e-2
8262-6102,6.15451197e-1,4.02919539e-1,1.42726395e0,1.28302041e0,8.19890366e-1,1.19016147e0,1.19149969e-1,9.21578256e-2
8262-6103,2.33251201e0,2.11899166e-1,6.53504128e0,7.67271282e-1,5.36497364e0,8.53645392e-1,4.50373009e-1,4.01331207e-2
8262-6104,2.19884727e-1,-5.82882949e-2,6.47035662e-1,-2.05823953e-1,5.76234560e-1,-2.20046778e-1,4.13762415e-2,-1.15959884e-2
8262-9101,6.69265448e-1,2.37806528e-1,1.76946612e0,8.34200921e-1,1.30306769e0,8.83014268e-1,1.32549280e-1,4.78695707e-2
8262-9102,2.18226125e-1,1.04138896e-1,5.77402401e-1,3.75935103e-1,4.21321665e-1,4.14469868e-1,4.36607782e-2,1.99116390e-2
8263-12703,5.98758723e-1,-4.27747383e-2,1.83520092e0,-3.69950659e-2,1.67786263e0,1.25141644e-1,1.16500260e-1,-1.92318695e-2
8263-12704,-1.96077296e-1,1.88666757e-1,-5.08255284e-1,1.30467677e-1,-4.24882857e-1,-9.11593120e-2,-1.23437806e-1,-4.69666364e-3
8263-3701,5.33131025e-1,4.98385289e-1,1.03616942e0,1.55564970e0,2.89716421e-1,1.36033236e0,1.07937805e-1,1.18753720e-1
8263-3702,1.96189501e-1,-1.16647174e-1,6.32877530e-1,-4.00037856e-1,6.36760529e-1,-4.07783751e-1,3.53224664e-2,-2.44376853e-2
8263-3703,-5.75798927e-1,-3.52719219e-1,-1.36302431e0,-1.18047146e0,-7.84221077e-1,-1.15846699e0,-1.17134104e-1,-7.67237082e-2
8263-3704,1.16675555e0,1.15895649e0,2.29593899e0,3.80788641e0,5.87417026e-1,3.61148807e0,2.48173924e-1,2.59479328e-1
8263-6101,-6.15170083e-2,-5.99935324e-2,-1.06037967e-1,-1.77409385e-1,-8.07070654e-3,-1.38344236e-1,-1.23742831e-2,-1.52550726e-2
8263-6102,-6.03673078e-1,-4.38078993e-1,-1.32939394e0,-1.41632621e0,-6.27929624e-1,-1.31386817e0,-1.22860619e-1,-9.99861084e-2
8263-6103,5.66129296e-2,8.05599411e-2,1.26277886e-1,2.87408599e-1,5.59192432e-2,3.12131880e-1,1.21277608e-2,1.57238680e-2
8263-6104,5.15177109e-1,4.11092826e-1,1.12372000e0,1.35685373e0,5.00294081e-1,1.30102548e0,1.06495373e-1,9.12760872e-2
8263-9101,-4.29721657e-1,-2.29427178e-1,-1.04738083e0,-7.68877918e-1,-6.51474967e-1,-7.57027220e-1,-8.65721230e-2,-4.97719724e-2
8263-9102,1.20892674e0,1.93294536e-1,3.36744750e0,7.01099377e-1,2.73379807e0,7.81469800e-1,2.34309938e-1,3.65021096e-2
8274-12701,1.65336730e-1,3.92542997e-2,4.86650574e-1,2.06759609e-1,3.91390653e-1,3.03371182e-1,3.66068112e-2,2.24419257e-3
8274-12702,-3.94409011e-1,-2.59070767e-1,-9.02381592e-1,-8.38405368e-1,-4.85384431e-1,-7.82941558e-1,-7.91049888e-2,-5.88779675e-2
8274-12703,-2.96868354e-1,-2.18189382e-1,-6.46175794e-1,-7.73706811e-1,-2.49646980e-1,-7.71150265e-1,-6.97777457e-2,-4.71157471e-2
8274-12704,-7.61529819e-1,-3.36677591e-1,-1.93875129e0,-1.15754404e0,-1.32211279e0,-1.18637474e0,-1.52571949e-1,-7.01847328e-2
8274-1901,7.75307814e-1,5.16298425e-1,1.79458421e0,1.73203939e0,9.61417394e-1,1.70341289e0,1.59415016e-1,1.12016013e-1
8274-3701,2.52175358e0,6.92724371e-1,6.86648335e0,2.47348687e0,5.34839527e0,2.69235199e0,4.93816235e-1,1.34903294e-1
8274-3702,3.64140277e0,1.18494656e0,9.66151113e0,4.14685445e0,7.16887541e0,4.37306484e0,7.19852105e-1,2.39540272e-1
8274-3703,2.91296801e0,8.85822309e-1,7.81095689e0,3.12062923e0,5.91555767e0,3.32629320e0,5.73535486e-1,1.76913402e-1
8274-3704,-2.49677448e-1,-9.88649435e-2,-6.52076556e-1,-3.46919521e-1,-4.67186566e-1,-3.66702402e-1,-4.98116546e-2,-1.99166275e-2
8274-6103,4.26090158e-1,-5.36076324e-2,1.23206065e0,-1.86489907e-1,1.06662210e0,-1.94564747e-1,8.09815233e-2,-1.09596842e-2
8274-6104,-4.33114554e-1,-1.20534122e-1,-1.16744368e0,-4.25062172e-1,-8.93082482e-1,-4.53778531e-1,-8.50913384e-2,-2.40284148e-2
8274-9101,1.38966474e0,-7.69951903e-4,3.94440981e0,6.55229060e-3,3.31222730e0,2.34449189e-2,2.66543546e-1,-1.14571530e-3
8309-12702,-5.07984063e-1,-2.06143862e-1,-1.32134678e0,-7.19278575e-1,-9.41084486e-1,-7.54810749e-1,-1.01236096e-1,-4.18978396e-2
8309-12703,-1.89356539e-1,-9.49160423e-2,-4.66012246e-1,-3.21356750e-1,-2.94327480e-1,-3.20886178e-1,-3.83028934e-2,-2.03001213e-2
8309-12704,7.14640807e-1,-1.74750175e-1,2.11561290e0,-6.08248582e-1,1.89944544e0,-6.35236911e-1,1.34232287e-1,-3.56893656e-2
8309-12705,-4.93200135e-1,-3.42879230e-1,-1.09751814e0,-1.10406843e0,-5.39873938e-1,-1.01763185e0,-9.98640893e-2,-7.86619503e-2
8309-3701,2.06045934e0,1.73077407e-1,5.82257195e0,6.50518044e-1,4.84470197e0,7.62308683e-1,3.96812925e-1,3.03187596e-2
8309-3702,8.74186030e-2,8.75957167e-2,1.85521823e-1,2.97568569e-1,7.07466251e-2,2.99043480e-1,1.85010960e-2,1.86240407e-2
8309-3703,4.00231835e0,4.24973397e-2,1.12364257e1,1.53435871e-1,9.25998517e0,1.69974144e-1,7.71822117e-1,8.09530336e-3
8309-3704,6.37340442e0,9.84750910e-1,1.76313443e1,3.51806864e0,1.41508491e1,3.83310664e0,1.23813679e0,1.91559553e-1
8309-6101,1.41843640e-1,1.36877036e-1,2.57324316e-1,4.05098650e-1,4.98735803e-2,3.20845867e-1,2.76748913e-2,3.45715224e-2
8309-6102,2.30271714e-1,3.29277015e-3,6.67342244e-1,1.95251651e-2,5.78316438e-1,3.42687683e-2,4.38522319e-2,-1.69680089e-4
8309-6103,-1.42689349e-1,1.44523949e-1,-6.42799548e-1,3.07058942e-1,-7.66382305e-1,5.78810144e-2,-3.29710747e-2,4.66195611e-2
8309-6104,-1.49238711e-1,-1.08601848e-1,-3.12894278e-1,-3.16692976e-1,-1.41455716e-1,-2.49335451e-1,-2.79247060e-2,-2.74731343e-2
8309-9102,-6.19801157e-1,-5.05175136e-1,-1.28350070e0,-1.58840783e0,-4.93849468e-1,-1.40682725e0,-1.25142565e-1,-1.19324011e-1
8310-12701,-6.27378128e-2,4.08280723e-2,-2.35248396e-1,9.12113335e-2,-2.49488717e-1,3.29881238e-2,-1.41993793e-2,1.23699488e-2
8310-12702,-2.49643434e-1,-1.09047588e-1,-6.54682823e-1,-4.07960369e-1,-4.55654716e-1,-4.61479479e-1,-5.18799493e-2,-1.98816109e-2
8310-12705,-5.30036938e-1,-2.05060636e-1,-1.38257180e0,-7.12254734e-1,-9.92387107e-1,-7.42516842e-1,-1.05331672e-1,-4.19937924e-2
8310-1901,-5.21570850e-1,-2.62767906e-1,-1.31692358e0,-9.10472379e-1,-8.78820998e-1,-9.44681705e-1,-1.05054598e-1,-5.40667312e-2
8310-1902,-5.80045715e-1,-3.65986199e-1,-1.37228226e0,-1.23331368e0,-7.84390282e-1,-1.22347969e0,-1.18420409e-1,-7.87984549e-2
8310-3702,-3.28329522e-2,2.03696093e-1,-3.16894345e-1,6.40516648e-1,-5.56310725e-1,5.56899782e-1,-1.39172566e-3,4.85519703e-2
8310-3703,6.42958010e-1,5.13954275e-1,1.36391419e0,1.64653447e0,5.66121400e-1,1.50402453e0,1.31042514e-1,1.18713638e-1
8310-3704,-7.66211390e-1,-3.47562880e-1,-1.96464226e0,-1.20835294e0,-1.35693705e0,-1.26066569e0,-1.53500273e-1,-7.10927648e-2
8310-6101,2.99907318e-1,-7.05545731e-2,8.94987230e-1,-2.42168245e-1,8.12543215e-1,-2.47049035e-1,5.61583728e-2,-1.47654815e-2
8310-6102,1.68343514e0,6.41656670e-1,4.36383806e0,2.18722030e0,3.11366529e0,2.22053597e0,3.32927751e-1,1.35277001e-1
8310-6103,-2.74683004e-1,-8.76122574e-2,-7.32710125e-1,-3.07986804e-1,-5.49161633e-1,-3.27110585e-1,-5.42068204e-2,-1.75661223e-2
8310-6104,2.46077136e0,5.01407338e-1,6.78106805e0,1.79898793e0,5.40029240e0,1.97230090e0,4.79272454e-1,9.67562211e-2
8310-9102,-6.63325168e-2,-1.79982680e-1,-4.46447736e-2,-6.02780713e-1,1.56332026e-1,-5.90360789e-1,-1.66083697e-2,-3.91804803e-2
8311-12701,2.11148586e-1,1.88159815e-1,4.21746603e-1,5.52967643e-1,1.62194374e-1,4.52026825e-1,3.81874598e-2,4.65232837e-2
8311-12702,4.05936931e-1,3.48272015e-1,8.48424189e-1,1.06874454e0,3.64567125e-1,9.40129058e-1,7.63495610e-2,8.23938096e-2
8311-12703,-6.79254645e-1,-4.26234502e-1,-1.58077320e0,-1.40755650e0,-8.74136352e-1,-1.35179864e0,-1.38006881e-1,-9.45294549e-2
8311-12705,-5.49773579e-1,-5.02185571e-1,-1.05358246e0,-1.50583602e0,-3.02618402e-1,-1.23524769e0,-1.06589905e-1,-1.24429512e-1
8311-1901,1.82679473e-1,4.79932459e-2,4.87766542e-1,1.65460974e-1,3.67505208e-1,1.70391797e-1,3.59261698e-2,9.95703238e-3
8311-1902,2.24594696e0,3.81811214e-1,6.15049484e0,1.33682152e0,4.85312257e0,1.41194399e0,4.37665987e-1,7.70806256e-2
8311-3702,-7.25375370e-1,-3.67301172e-1,-1.80788408e0,-1.25651887e0,-1.17543917e0,-1.27752560e0,-1.46262087e-1,-7.72027351e-2
8311-3703,-9.01862224e-1,-2.49545334e-1,-2.44131852e0,-8.85733895e-1,-1.88132875e0,-9.55121046e-1,-1.76995930e-1,-4.91546754e-2
8311-3704,1.48503216e-1,5.01477395e-2,3.95709565e-1,1.76474899e-1,2.96016987e-1,1.87782484e-1,2.93156445e-2,1.00351315e-2
8311-6101,4.98978428e-1,7.32663238e-2,1.38034252e0,2.52671027e-1,1.11370362e0,2.62480528e-1,9.63442295e-2,1.51143697e-2
8311-6103,5.54770168e-1,1.29211519e-1,1.49771426e0,4.47443092e-1,1.15303275e0,4.64883248e-1,1.08546976e-1,2.65759420e-2
8311-6104,4.51602130e0,1.76425799e0,1.16819797e1,6.08102994e0,8.24927289e0,6.26050330e0,8.99345192e-1,3.66133482e-1
8311-9101,-4.46661869e-1,-3.64783468e-1,-9.34151381e-1,-1.16436218e0,-3.65870878e-1,-1.05642251e0,-9.11810416e-2,-8.46700797e-2
8311-9102,2.20076827e0,6.25350315e-2,6.20330512e0,2.33030535e-1,5.14676642e0,2.70401175e-1,4.23652245e-1,1.11472869e-2
8312-12702,4.73981127e-2,2.15746468e-2,1.37534613e-1,9.28941129e-2,1.10371648e-1,1.22086897e-1,1.00741907e-2,2.78249990e-3
8312-12704,6.37360838e-2,1.75388995e-1,1.29782240e-2,5.65519136e-1,-2.07972925e-1,5.17238658e-1,1.60455617e-2,4.03930164e-2
8312-12705,-4.60577610e-1,-3.10969520e-1,-1.05017965e0,-1.02123212e0,-5.49028810e-1,-9.72420081e-1,-9.37323069e-2,-6.94821018e-2
8312-1901,-6.79941113e-1,-2.98939853e-1,-1.73997306e0,-1.03267398e0,-1.19881564e0,-1.06650408e0,-1.36099917e-1,-6.18214408e-2
8312-1902,4.31386588e0,7.06859870e-1,1.19713184e1,2.54089877e0,9.66066993e0,2.79523486e0,8.36960217e-1,1.35850787e-1
8312-3702,2.03027395e-1,1.61069035e-1,4.57095321e-1,5.43803161e-1,2.23371006e-1,5.41108077e-1,4.21035127e-2,3.45778667e-2
8312-3703,2.00903773e0,4.71174933e-1,5.36829023e0,1.58473099e0,4.07323428e0,1.57546333e0,3.92538711e-1,1.01428793e-1
8312-3704,1.62098707e0,2.75999792e-1,4.46174723e0,9.75796346e-1,3.55157487e0,1.04650686e0,3.15343791e-1,5.47419965e-2
8312-6102,9.28025672e-1,6.13647452e-1,2.16242759e0,2.04716258e0,1.19435399e0,2.00054308e0,1.89064701e-1,1.34038178e-1
8312-6103,-2.27600996e-1,-1.66948970e-2,-7.09561907e-1,-1.64482856e-1,-6.23925416e-1,-3.13315367e-1,-4.90060528e-2,5.89433996e-3
8312-6104,-7.91000758e-2,-5.54648583e-2,-1.49848340e-1,-1.43763376e-1,-4.78252423e-2,-7.96931143e-2,-1.46144730e-2,-1.59018271e-2
8312-9102,6.35728433e-1,9.65799118e-2,1.77408998e0,3.50729304e-1,1.44523667e0,3.91762449e-1,1.23081520e-1,1.81896487e-2
8313-12701,1.10613099e0,4.85288701e-1,2.75799595e0,1.61225851e0,1.81709491e0,1.56339530e0,2.20904911e-1,1.06772471e-1
8313-12702,-2.83867407e-1,-2.48912738e-1,-5.69058142e-1,-7.68189496e-1,-1.97129653e-1,-6.64140091e-1,-5.60646964e-2,-5.97638115e-2
8313-1901,-3.60863153e-1,-1.04340038e-1,-9.70206063e-1,-3.67264078e-1,-7.38815397e-1,-3.90998662e-1,-7.09477008e-2,-2.08689335e-2
8313-6102,-1.39128924e-1,-4.85160428e-2,-3.66781651e-1,-1.68373576e-1,-2.69302357e-1,-1.75299153e-1,-2.75148298e-2,-9.95003693e-3
8313-6104,-5.01200489e-1,-3.95341951e-1,-1.04404902e0,-1.22229465e0,-4.25331103e-1,-1.05498971e0,-9.93960683e-2,-9.50430952e-2
8313-9101,1.49295688e-1,1.55701834e-2,4.34629243e-1,6.89096091e-2,3.74742315e-1,9.52654031e-2,2.88514008e-2,1.72078209e-3
8313-9102,-5.11778330e-1,-3.81059906e-1,-1.11359291e0,-1.23180149e0,-5.01929538e-1,-1.14029224e0,-1.04705812e-1,-8.70847868e-2
8314-12701,-4.46629965e-1,-4.17791762e-1,-8.52260555e-1,-1.24523485e0,-2.46830807e-1,-1.01793522e0,-8.50735794e-2,-1.03694828e-1
8314-12704,-2.84106123e-1,-3.15589766e-1,-4.84009210e-1,-9.43071321e-1,-3.64837885e-2,-7.68043055e-1,-5.51844495e-2,-7.85028134e-2
8314-12705,-7.42566328e-1,-4.31787034e-1,-1.79239536e0,-1.46046659e0,-1.08067834e0,-1.45804748e0,-1.50784271e-1,-9.24133671e-2
8314-1901,1.41120094e0,7.43016083e-1,3.47975195e0,2.53259831e0,2.20539579e0,2.55855873e0,2.85525186e-1,1.57148116e-1
8314-3702,2.92467839e-1,1.91353017e-1,6.76521285e-1,6.33022764e-1,3.67392832e-1,6.09684688e-1,5.95407377e-2,4.23341644e-2
8314-6102,-3.78962434e-1,-2.38337693e-1,-8.78011158e-1,-7.55116993e-1,-5.01233726e-1,-6.92684210e-1,-7.36117279e-2,-5.49068142e-2
8314-6103,6.67272561e-1,4.28114468e-2,1.91037112e0,1.71137800e-1,1.62352529e0,2.16964911e-1,1.27796768e-1,6.42725080e-3
8314-6104,1.18145137e-1,-1.66050460e-1,4.58586701e-1,-5.64186598e-1,5.54919238e-1,-5.65958476e-1,1.90006172e-2,-3.53370558e-2
8314-9102,4.02876644e0,3.74927140e-1,1.12117895e1,1.33598283e0,9.09795981e0,1.44995893e0,7.80213204e-1,7.32902280e-2
8315-12701,-3.32809681e-2,-9.66068877e-2,2.73270514e-2,-2.86347653e-1,1.69144691e-1,-2.13213858e-1,-8.79668859e-3,-2.54116276e-2
8315-12702,-3.19331484e-1,-1.99533132e-1,-7.81134236e-1,-6.92266362e-1,-4.81039656e-1,-7.19531559e-1,-6.51821382e-2,-4.09717634e-2
8315-12703,-5.04755547e-1,-4.20829651e-1,-1.05305308e0,-1.35789711e0,-3.98856105e-1,-1.25230771e0,-1.04190312e-1,-9.64388186e-2
8315-12704,1.75475359e-1,3.63466544e-1,1.00077738e-1,9.11201258e-1,-2.81149127e-1,5.57065376e-1,1.47027946e-2,9.86721419e-2
8315-1902,9.68707567e0,1.75895142e0,2.65679540e1,6.20864728e0,2.10073153e1,6.63981622e0,1.88781466e0,3.49982328e-1
8315-3701,-3.13262498e-1,-2.76906902e-1,-6.25718611e-1,-8.71070096e-1,-2.00507575e-1,-7.70658030e-1,-6.37924477e-2,-6.54421521e-2
8315-3703,-1.01884339e0,-2.63977902e-1,-2.77193971e0,-9.39375366e-1,-2.15656621e0,-1.01710631e0,-1.99515200e-1,-5.17430546e-2
8315-6102,5.10726821e-1,1.10343759e-1,1.39791243e0,3.95228442e-1,1.09794745e0,4.30297944e-1,1.00007237e-1,2.14442542e-2
8315-6103,-7.53318528e-1,-2.15333364e-1,-2.03217103e0,-7.61970443e-1,-1.55620021e0,-8.17772640e-1,-1.48020187e-1,-4.26579092e-2
8315-6104,1.22970205e0,2.50127194e-1,3.36034656e0,8.84230414e-1,2.63836188e0,9.47797416e-1,2.40112228e-1,4.96312412e-2
8315-9101,4.29449894e-1,1.63319266e-1,1.16490825e0,6.55612424e-1,8.49509316e-1,7.89581577e-1,9.12644532e-2,2.64085977e-2
8315-9102,-5.63686785e-1,-3.48193102e-1,-1.33363901e0,-1.17068864e0,-7.62482936e-1,-1.15566783e0,-1.15137636e-1,-7.52937377e-2
8317-12702,-1.92543449e-1,-1.41075084e-2,-5.67261023e-1,-1.00067108e-1,-4.79769138e-1,-1.59009328e-1,-4.09346909e-2,4.56061435e-4
8317-12703,-1.88842838e-1,-1.74462693e-1,-3.62247773e-1,-5.34303552e-1,-9.74281035e-2,-4.52982982e-1,-3.76116252e-2,-4.23911140e-2
8317-12704,3.98040477e-2,-6.23002512e-2,1.60498346e-1,-2.10980180e-1,2.00060217e-1,-2.10465850e-1,6.24194685e-3,-1.33290646e-2
8317-12705,-7.01077893e-1,-4.71454812e-1,-1.60361959e0,-1.55230934e0,-8.44759645e-1,-1.48424716e0,-1.42772581e-1,-1.04967455e-1
8317-1901,-1.01471025e0,-3.34791284e-2,-2.84752472e0,-1.20852670e-1,-2.34481279e0,-1.33838639e-1,-1.95726433e-1,-6.37990457e-3
8317-3701,-1.72832618e-1,-2.76164137e-2,-4.93142524e-1,-1.10921098e-1,-4.12072024e-1,-1.39355671e-1,-3.36390825e-2,-4.16776252e-3
8317-3702,1.09171771e1,1.10776598e0,3.05170043e1,3.99724486e0,2.49522522e1,4.42351072e0,2.11031463e0,2.11283751e-1
8317-3703,1.13397766e-1,5.41764179e-1,-4.16270950e-1,1.46779425e0,-1.17834427e0,9.12071056e-1,2.33165624e-2,1.50462065e-1
8317-6101,-6.56915132e-1,-3.99473747e-1,-1.57244813e0,-1.35222753e0,-9.26072170e-1,-1.35120292e0,-1.33861814e-1,-8.54118154e-2
8317-6102,-7.38914809e-1,-4.12167296e-1,-1.80179842e0,-1.39921322e0,-1.11313796e0,-1.40493888e0,-1.49772782e-1,-8.77172978e-2
8317-6103,2.70322410e-1,-7.09439497e-2,8.11796837e-1,-2.44224336e-1,7.44127007e-1,-2.50341740e-1,5.04273772e-2,-1.47737573e-2
8317-6104,-9.24741194e-1,-4.51451719e-1,-2.33087061e0,-1.55449559e0,-1.55291889e0,-1.59712404e0,-1.86024910e-1,-9.38715366e-2
8317-9101,-5.23199980e-1,-4.49384400e-1,-1.03781193e0,-1.34486036e0,-3.63195120e-1,-1.10387328e0,-1.00477689e-1,-1.11322599e-1
8318-12703,-5.54213830e-1,-3.46088382e-1,-1.30632251e0,-1.15727467e0,-7.43295881e-1,-1.13440812e0,-1.12804589e-1,-7.53660346e-2
8318-12704,1.11036349e-1,2.37095681e-1,4.81897520e-2,6.53007645e-1,-2.38893508e-1,4.57402368e-1,1.75911479e-2,6.30207458e-2
8318-12705,1.82874248e-1,2.28953749e-1,2.77939955e-1,6.57810508e-1,-2.82162966e-2,5.03090709e-1,3.31380554e-2,5.87197158e-2
8318-1901,3.14513566e-1,2.48989749e-1,7.45922725e-1,8.68720725e-1,4.19810870e-1,9.11029495e-1,6.50810417e-2,5.06288193e-2
8318-1902,-2.23180549e-1,-1.93423819e-1,-4.72195914e-1,-6.41361656e-1,-1.82287687e-1,-6.18406320e-1,-4.68100458e-2,-4.27123864e-2
8318-3701,1.18100191e-1,-5.57760383e-2,3.96838735e-1,-1.78377563e-1,4.15741382e-1,-1.59713861e-1,2.10463650e-2,-1.30190612e-2
8318-3702,-1.46356515e-1,1.56808506e-2,-4.71633368e-1,1.20697661e-2,-4.55624705e-1,-5.24742706e-2,-2.82722494e-2,7.33630845e-3
8318-3703,-7.74582061e-1,-3.47077613e-1,-1.98868603e0,-1.20637865e0,-1.37771634e0,-1.25816021e0,-1.55079146e-1,-7.10218996e-2
8318-3704,-2.41988560e-1,-2.11404705e-1,-5.44955363e-1,-7.26201925e-1,-2.61677295e-1,-7.42628350e-1,-5.06657427e-2,-4.41556430e-2
8318-6101,4.97962290e-1,3.55067055e-1,1.13138311e0,1.18000610e0,5.78620993e-1,1.14530162e0,1.02102036e-1,7.80155328e-2
8318-6103,-3.95980753e-1,-1.54639623e-1,-1.04141013e0,-5.44793505e-1,-7.57186330e-1,-5.80056340e-1,-7.87441478e-2,-3.09061401e-2
8318-6104,1.84083555e-1,3.29554965e-1,2.02410598e-1,1.04509435e0,-2.35013553e-1,9.33042841e-1,4.10657274e-2,7.73177958e-2
8318-9101,-1.20227111e-1,-1.40344862e-1,-1.58624823e-1,-3.64687604e-1,5.49660580e-2,-2.09794774e-1,-2.09742523e-2,-3.98073494e-2
8318-9102,-3.97748018e-1,-3.38085632e-1,-7.99954420e-1,-1.05191245e0,-2.71667473e-1,-9.13776518e-1,-8.01947801e-2,-8.08953826e-2
8319-12702,-5.72517824e-2,-2.80564048e-2,-1.20807096e-1,-2.46505150e-2,-8.84817078e-2,5.14129798e-2,-5.25496932e-3,-1.07793035e-2
8319-12704,-3.01601225e-1,-2.65102665e-1,-6.04472916e-1,-8.44796867e-1,-1.89124171e-1,-7.61639116e-1,-6.23900211e-2,-6.17787912e-2
8319-3703,7.91349404e-1,4.81577357e-1,1.87409002e0,1.60304730e0,1.08576691e0,1.56178304e0,1.60247566e-1,1.05495540e-1
8319-3704,-2.57683932e-1,-7.10172457e-2,-6.90130753e-1,-2.44649396e-1,-5.24497364e-1,-2.52707739e-1,-5.04461905e-2,-1.47119499e-2
8319-6104,-1.74217267e-1,1.13292318e-1,-6.79906503e-1,2.76238109e-1,-7.73367306e-1,1.15921498e-1,-3.39037011e-2,3.42100790e-2
8319-9102,-3.15404821e-1,-1.68503332e-1,-7.83434659e-1,-5.81265260e-1,-5.02758438e-1,-5.98522271e-1,-6.39146719e-2,-3.49451000e-2
8320-12701,-5.26068391e-1,-4.44191224e-1,-1.06468447e0,-1.38078731e0,-3.75709568e-1,-1.19932046e0,-1.05618350e-1,-1.06314625e-1
8320-12704,-8.12571567e-2,-2.10924247e-2,-2.13174260e-1,-3.38538479e-2,-1.81104060e-1,6.82441849e-4,-1.17258960e-2,-6.70849090e-3
8320-12705,-1.66960484e-1,-1.21784489e-1,-3.65795816e-1,-3.91403232e-1,-1.71000964e-1,-3.59738532e-1,-3.38631218e-2,-2.80015798e-2
8320-3701,2.20710360e0,4.68056548e-1,6.05003947e0,1.66371065e0,4.77614007e0,1.79857171e0,4.30493593e-1,9.19304533e-2
8320-3702,3.76138110e-1,2.16141037e-1,9.15744183e-1,7.34219801e-1,5.64083136e-1,7.38654480e-1,7.61981705e-2,4.59255212e-2
8320-3703,2.77581048e0,6.25782900e-1,7.59248783e0,2.22717906e0,5.96786844e0,2.41220750e0,5.42125819e-1,1.22622410e-1
8320-3704,-5.61380202e-1,-3.35551101e-1,-1.31185324e0,-1.09543367e0,-7.40736007e-1,-1.03313979e0,-1.13203240e-1,-7.55863377e-2
8320-6101,1.04204871e0,7.15304018e-1,2.40984880e0,2.39479732e0,1.29574292e0,2.35199170e0,2.13375508e-1,1.55488396e-1
8320-6103,2.06934183e0,1.47972489e-1,5.88431250e0,5.79286150e-1,4.94077604e0,7.12685992e-1,3.98076807e-1,2.36182472e-2
8320-6104,-5.66547761e-2,4.32886820e-2,-2.19771810e-1,1.17549182e-1,-2.51250975e-1,7.46081636e-2,-1.07943086e-2,1.19261872e-2
8320-9101,-2.06787490e-1,9.34326164e-2,-7.65147847e-1,1.93693035e-1,-8.25702014e-1,1.25417278e-2,-4.14389907e-2,3.13166459e-2
8320-9102,-5.26172959e-2,-6.09787455e-2,-8.12290478e-2,-1.87382413e-1,1.69552273e-2,-1.56564677e-1,-1.12334309e-2,-1.49168375e-2
8321-12703,-7.11731375e-1,-4.36195462e-1,-1.68863891e0,-1.46412927e0,-9.75890276e-1,-1.44376872e0,-1.44866494e-1,-9.44588456e-2
8321-1901,5.94040074e0,1.51968416e0,1.59469253e1,5.29002610e0,1.21242235e1,5.53386628e0,1.16716774e0,3.10038275e-1
8321-1902,3.14527093e0,1.30103855e0,8.07826368e0,4.47733963e0,5.61828830e0,4.59700354e0,6.27976133e-1,2.70749777e-1
8321-3701,1.29701865e0,4.42250635e-1,3.40102226e0,1.53338871e0,2.46662120e0,1.59292895e0,2.57367590e-1,9.08845675e-2
8321-3702,6.48718045e-1,4.95592420e-1,1.46463094e0,1.67996471e0,7.15014020e-1,1.67973272e0,1.35225583e-1,1.05828234e-1
8321-6101,1.91471590e0,1.25857079e0,4.39685984e0,4.14948533e0,2.33637584e0,3.97000744e0,3.90601582e-1,2.79962538e-1
8321-6102,7.22998585e0,1.36210211e0,1.98099677e1,4.79580975e0,1.56442435e1,5.11186886e0,1.40875841e0,2.72156626e-1
8321-6103,5.01031263e-1,5.99126181e-1,9.20395526e-1,1.99088558e0,1.01946917e-1,1.92519115e0,1.09014978e-1,1.31931624e-1
8321-6104,5.82649638e-2,1.89526707e-1,-2.54413755e-2,5.92925201e-1,-2.59467111e-1,5.16929740e-1,1.41955294e-2,4.51937011e-2
8321-9101,5.16066598e-1,5.39472524e-1,7.47772716e-1,1.38774821e0,-1.07924169e-1,7.65627966e-1,9.11005840e-2,1.54747542e-1
8321-9102,-6.57169378e-1,-3.01216405e-1,-1.66767066e0,-1.03288155e0,-1.13145068e0,-1.05530137e0,-1.31550494e-1,-6.30231026e-2
8322-12702,-4.53009887e-1,-4.58124804e-1,-8.19006330e-1,-1.37851024e0,-1.46196750e-1,-1.13312608e0,-8.89317913e-2,-1.13400866e-1
8322-12703,-3.35663548e-1,-4.39664891e-1,-4.70901251e-1,-1.21623971e0,1.05261578e-1,-8.67218031e-1,-5.67801872e-2,-1.15981577e-1
8322-1901,1.88621845e0,5.70823766e-1,5.10164623e0,2.03178998e0,3.92378124e0,2.20070527e0,3.70435439e-1,1.11838544e-1
8322-1902,2.62636018e0,5.50479458e-1,7.17810335e0,1.94597292e0,5.63790472e0,2.08506736e0,5.12799773e-1,1.09264730e-1
8322-3703,3.25722315e0,6.07167235e-1,8.97136293e0,2.16520079e0,7.14345552e0,2.35250309e0,6.34044865e-1,1.18520617e-1
8322-6103,2.64947991e-1,2.59866214e-1,5.37875672e-1,8.60116825e-1,1.69096361e-1,8.27696260e-1,5.59210151e-2,5.75019379e-2
8322-6104,-1.46923686e-1,-4.88083662e-2,-3.95657518e-1,-1.74925279e-1,-3.00877801e-1,-1.91141256e-1,-2.89974566e-2,-9.44975207e-3
8322-9101,-6.53798987e-1,-4.72108494e-1,-1.44657129e0,-1.53173426e0,-6.92270694e-1,-1.42944415e0,-1.33174286e-1,-1.07246263e-1
8322-9102,1.98130712e-1,3.18039482e-1,2.22214029e-1,8.56662266e-1,-1.51900428e-1,5.96300665e-1,2.83590097e-2,8.39836238e-2
8323-12701,-1.45324716e-1,6.06790821e-2,-5.29746848e-1,9.77441816e-2,-5.46551573e-1,-4.54464753e-2,-3.22272510e-2,2.19914032e-2
8323-12702,-6.92143440e-1,-4.82786894e-1,-1.54518825e0,-1.55751655e0,-7.68490765e-1,-1.44218304e0,-1.39924469e-1,-1.10386659e-1
8323-12703,-9.76478607e-2,-3.03273813e-1,7.65855380e-2,-8.29010441e-1,4.37417471e-1,-5.66228812e-1,-1.43847412e-2,-8.13635499e-2
8323-12704,-4.70649736e-1,-4.80821359e-1,-8.32007567e-1,-1.34694954e0,-1.76997130e-1,-9.93768175e-1,-8.17867149e-2,-1.25093899e-1
8323-12705,-5.82311709e-1,-3.24369474e-1,-1.44128854e0,-1.11609454e0,-9.19392271e-1,-1.14536346e0,-1.17901270e-1,-6.75288435e-2
8323-1901,3.18772328e-1,2.55513107e-2,8.98413471e-1,9.35242494e-2,7.45251667e-1,1.05789453e-1,6.13663914e-2,4.73192846e-3
8323-1902,-4.06885578e-2,2.09736269e-2,-1.30075986e-1,7.20297915e-2,-1.29691056e-1,7.35138119e-2,-7.33730139e-3,4.38632984e-3
8323-3701,-8.16723998e-1,-3.16780505e-1,-2.14296004e0,-1.10918744e0,-1.55415778e0,-1.17084059e0,-1.62206801e-1,-6.39716824e-2
8323-3704,-1.14125792e-1,-1.03341939e-2,-3.42383948e-1,-5.94269466e-2,-3.02445311e-1,-9.74196463e-2,-2.24632276e-2,1.43801278e-4
8323-6102,2.31135797e0,5.30256028e-1,6.30364873e0,1.91934590e0,4.90013832e0,2.09758298e0,4.56626258e-1,1.02352946e-1
8323-6103,-4.56532706e-1,-2.48228274e-1,-1.11835344e0,-8.40793657e-1,-7.00590923e-1,-8.41804649e-1,-9.22232502e-2,-5.29912019e-2
8323-9102,-4.49101703e-2,9.75634585e-2,-2.53624142e-1,1.83244499e-1,-3.03983403e-1,2.67859458e-2,-1.95199239e-2,3.00159732e-2
8324-12701,-3.41429537e-1,-2.09903250e-1,-8.24317044e-1,-7.17078785e-1,-4.94574532e-1,-7.27315974e-1,-6.95969737e-2,-4.42234392e-2
8324-12703,-1.07889147e-1,-9.31304658e-2,-2.13532061e-1,-2.24669132e-1,-1.07435547e-1,-1.33099228e-1,-1.38025731e-2,-2.55069039e-2
8324-12704,-3.00168368e-1,-2.38684735e-1,-6.45291910e-1,-7.03899451e-1,-3.10706271e-1,-5.99135014e-1,-5.22960792e-2,-5.59535048e-2
8324-1902,1.59677407e-1,1.21106729e-1,3.59906180e-1,4.08691483e-1,1.75481177e-1,4.05573799e-1,3.32271976e-2,2.60470622e-2
8324-3701,3.15670617e-1,5.39582182e-2,8.95177904e-1,2.03818110e-1,7.47437327e-1,2.40423269e-1,6.08570841e-2,9.34731362e-3
8324-3704,-2.56851993e-1,-8.66833774e-2,-6.84196240e-1,-3.04864323e-1,-5.11707429e-1,-3.24251967e-1,-5.06877091e-2,-1.73599324e-2
8324-6103,5.44875962e-1,4.74753682e-1,1.12720824e0,1.53110857e0,4.14659405e-1,1.41501856e0,1.12028157e-1,1.08678879e-1
8324-6104,1.67684729e-1,-1.30385811e-1,6.75294701e-1,-3.40689311e-1,7.93935352e-1,-1.86589959e-1,3.14954351e-2,-3.74213275e-2
8324-9101,2.43610503e-1,1.88443130e-1,5.38754207e-1,6.16415641e-1,2.57699764e-1,5.85051323e-1,4.95385367e-2,4.22506015e-2
8324-9102,-3.03010215e-1,-2.18205794e-1,-6.61655873e-1,-6.95271404e-1,-3.08321572e-1,-6.30143084e-1,-6.11628195e-2,-5.07009472e-2
8325-12701,-3.49405415e-1,-4.34661547e-1,-5.26767338e-1,-1.15610931e0,8.61120456e-3,-7.85073681e-1,-5.22628313e-2,-1.15861646e-1
8325-12702,-3.06874495e-1,-5.54593825e-1,-3.95430128e-1,-1.29944480e0,1.21852972e-1,-7.80406678e-1,-5.01848115e-3,-1.24091443e-1
8325-12703,5.86403234e-1,5.38192757e-1,1.12663190e0,1.64850734e0,3.05378070e-1,1.39401047e0,1.17189221e-1,1.30999324e-1
8325-12704,-5.21195813e-2,-1.56615815e-1,-1.25761430e-2,-5.17361245e-1,1.69885710e-1,-4.94918511e-1,-1.34275854e-2,-3.48033217e-2
8325-12705,-1.43871663e-2,5.66050056e-2,-1.05039480e-1,1.27538892e-1,-1.40463462e-1,6.06766467e-2,-7.39005696e-3,1.59846128e-2
8325-1901,-2.33898154e-1,1.40689528e-2,-7.39157086e-1,-2.01572130e-3,-7.06410003e-1,-8.34323242e-2,-4.44246447e-2,7.96439160e-3
8325-1902,-1.96007730e-1,-9.48834371e-2,-4.73985856e-1,-3.03542115e-1,-2.96206169e-1,-2.77035008e-1,-3.88128085e-2,-2.19441184e-2
8325-3701,-3.13638866e-1,-2.17664732e-1,-6.93898906e-1,-6.84891635e-1,-3.45373449e-1,-6.10797559e-1,-6.22075767e-2,-5.12071327e-2
8325-9101,2.52443551e-1,2.71799760e-1,4.50309939e-1,8.38195259e-1,5.90297440e-2,7.19200030e-1,5.08715680e-2,6.55591074e-2
8325-9102,-9.09651508e-2,-1.36241790e-1,-8.98378080e-2,-3.28911189e-1,7.65705285e-2,-1.65630351e-1,-1.12894588e-2,-3.94398897e-2
8326-12701,5.59270701e-1,5.14225634e-1,1.07290952e0,1.57417238e0,2.88409269e-1,1.32951941e0,1.11750022e-1,1.25259935e-1
8326-12703,-5.48056168e-1,-5.54967483e-1,-9.76140036e-1,-1.61412270e0,-1.80981454e-1,-1.25782746e0,-1.02389558e-1,-1.41186637e-1
8326-12705,-4.54740922e-1,-4.91968138e-1,-7.94433821e-1,-1.31960058e0,-1.87494535e-1,-9.37042762e-1,-6.81910829e-2,-1.27979813e-1
8326-1901,1.46121049e1,2.34501567e0,4.04060454e1,8.37459620e0,3.24072631e1,9.11981818e0,2.83902005e0,4.56473825e-1
8326-3702,-3.64810274e-1,-1.41679425e-1,-9.71187363e-1,-5.03182094e-1,-7.23756191e-1,-5.43085562e-1,-7.21724623e-2,-2.78765616e-2
8326-3703,2.05064408e0,1.84312000e-1,5.75914412e0,6.79435015e-1,4.74248096e0,7.74379261e-1,3.96002067e-1,3.36998857e-2
8326-3704,8.24594321e0,1.11971609e0,2.27800672e1,3.95637649e0,1.82527172e1,4.23988074e0,1.60151679e0,2.22298901e-1
8326-6101,3.15739329e-1,1.57267901e-1,8.05819529e-1,5.50328037e-1,5.49253567e-1,5.79843739e-1,6.35153865e-2,3.18118561e-2
8326-6103,-2.78553085e-1,-9.13514499e-2,-7.59017050e-1,-3.64884291e-1,-5.63897725e-1,-4.38296275e-1,-5.82357287e-2,-1.48270030e-2
8326-6104,3.12946637e-1,1.40412561e-1,8.18442048e-1,4.95633921e-1,5.88255975e-1,5.29755967e-1,6.23546783e-2,2.79472456e-2
8326-9101,-2.48112762e-1,-1.39111266e-1,-6.02515205e-1,-4.73387575e-1,-3.66961609e-1,-4.76690819e-1,-5.04972078e-2,-2.95099645e-2
8327-12704,5.66762091e-2,-8.17023595e-2,2.78743094e-1,-5.40124116e-2,2.70154501e-1,1.64129841e-1,3.13540812e-2,-2.98710281e-2
8327-1901,-1.95467561e-1,-1.48610951e-1,-4.24904611e-1,-4.81332515e-1,-1.91009155e-1,-4.47478103e-1,-3.99691790e-2,-3.38565268e-2
8327-3701,-8.10827371e-2,-3.31530611e-2,-2.10845726e-1,-1.16984330e-1,-1.49174307e-1,-1.24622492e-1,-1.62513186e-2,-6.61537365e-3
8327-3703,-1.80378711e-1,-1.85273672e-1,-3.22069192e-1,-4.66679658e-1,-1.05390371e-1,-2.94431897e-1,-2.40824342e-2,-4.99449052e-2
8327-6101,-1.25834837e-1,-1.36447213e-1,-2.57463206e-1,-4.66235991e-1,-7.84300429e-2,-4.72377305e-1,-2.71311957e-2,-2.87608886e-2
8327-6102,5.09325329e-1,4.30717064e-2,1.46120095e0,1.76663502e-1,1.24127645e0,2.29144485e-1,9.79096316e-2,6.05155193e-3
8327-6103,2.55527750e-1,1.09900549e-1,6.56512162e-1,3.78991292e-1,4.57051721e-1,3.90594901e-1,5.09966940e-2,2.27846857e-2
8327-6104,-4.52968103e-1,-2.47734414e-1,-1.10186176e0,-8.35185920e-1,-6.78986438e-1,-8.28743331e-1,-9.16905619e-2,-5.33318873e-2
8327-9102,-1.10059010e-1,-3.60555138e-2,-2.96700684e-1,-8.71771140e-2,-2.51908950e-1,-6.71480068e-2,-1.62959113e-2,-8.78375477e-3
8328-12701,1.77011164e-1,1.53109415e-1,3.65844098e-1,4.96436759e-1,1.31812593e-1,4.59594894e-1,3.68931081e-2,3.50123744e-2
8328-12702,-4.78665272e-2,-4.98052984e-2,-6.97182457e-2,-7.19442373e-2,-2.46018129e-2,2.88852556e-2,-1.26220210e-3,-1.66697062e-2
8328-3701,3.25963263e-2,7.62175987e-2,1.87289792e-2,2.42700869e-1,-7.83180961e-2,2.18196691e-1,7.65058692e-3,1.77902159e-2
8328-3702,-2.17353278e-1,-1.69465124e-1,-5.01565755e-1,-5.79118536e-1,-2.63567067e-1,-5.87521392e-1,-4.49830713e-2,-3.56916159e-2
8328-3703,-1.71868415e-1,-1.27106532e-1,-4.37152016e-1,-4.52397567e-1,-2.94497245e-1,-4.89938920e-1,-3.47201586e-2,-2.49068086e-2
8328-3704,-6.84314402e-1,-3.44831928e-1,-1.72901835e0,-1.19520762e0,-1.15565542e0,-1.24080583e0,-1.37798755e-1,-7.09108163e-2
8328-6101,1.86109596e0,6.37240935e-2,5.24953205e0,2.37973601e-1,4.36023911e0,2.76918210e-1,3.58180704e-1,1.13070068e-2
8328-6103,3.14210951e0,3.68098244e-1,8.73804322e0,1.31780395e0,7.08016224e0,1.44058046e0,6.08836888e-1,7.13118639e-2
8328-9101,-2.58792901e-1,-3.13230027e-1,-3.70423687e-1,-8.63784063e-1,7.51183799e-2,-5.95209914e-1,-4.62591361e-2,-8.39692529e-2
8328-9102,-7.07248748e-2,-3.86370652e-2,-1.67209711e-1,-1.17996408e-1,-1.02840787e-1,-1.02920095e-1,-1.33432809e-2,-9.21647215e-3
8329-12701,-5.03707292e-1,-4.18248762e-1,-1.05550055e0,-1.34825531e0,-4.10125142e-1,-1.24276352e0,-1.03595715e-1,-9.59097561e-2
8329-12702,-4.61617273e-1,-3.44073577e-1,-1.02046687e0,-1.12232923e0,-4.85559446e-1,-1.05832693e0,-9.41144573e-2,-7.75200154e-2
8329-12703,-3.17715289e-1,-2.61102216e-1,-6.48105150e-1,-8.05294314e-1,-2.41330722e-1,-6.91456664e-1,-6.31629381e-2,-6.29645998e-2
8329-12704,-4.47947066e-1,-2.72698865e-1,-1.04863895e0,-9.00205207e-1,-5.89773706e-1,-8.63963638e-1,-9.08689637e-2,-6.05130279e-2
8329-3701,-6.02474651e-1,-1.46886313e-1,-1.64355464e0,-5.23128899e-1,-1.28519246e0,-5.67148317e-1,-1.17834938e-1,-2.87464812e-2
8329-3702,-3.81247466e-1,-8.65413515e-2,-1.09333135e0,-3.72567144e-1,-8.96889730e-1,-4.91717108e-1,-7.68849078e-2,-1.10392309e-2
8329-3703,-6.52731503e-1,-1.71130568e-1,-1.78033676e0,-6.10777487e-1,-1.39142804e0,-6.64405345e-1,-1.27697022e-1,-3.33536490e-2
8329-3704,4.98662525e0,1.19504047e0,1.36563316e1,4.27360130e0,1.07527353e1,4.66225457e0,9.73913512e-1,2.32061887e-1
8329-6101,1.20738742e0,3.74838304e-1,3.23883350e0,1.34293044e0,2.43913509e0,1.45987318e0,2.39463638e-1,7.29072586e-2
8329-6102,-6.92628211e-1,-3.97117463e-1,-1.68272699e0,-1.35160375e0,-1.02770549e0,-1.36233832e0,-1.40773234e-1,-8.41843760e-2
8329-6103,-2.58810117e-1,-2.37112933e-1,-5.12961008e-1,-7.61726466e-1,-1.46712020e-1,-6.95604664e-1,-5.40523092e-2,-5.47207248e-2
8329-6104,9.32632967e-1,5.06440246e-1,2.24330117e0,1.68080118e0,1.35383318e0,1.62775153e0,1.88158925e-1,1.11505053e-1
8329-9101,-5.20132732e-1,-1.69803274e-1,-1.39092255e0,-5.99775443e-1,-1.04703742e0,-6.41816060e-1,-1.02599756e-1,-3.37531867e-2
8330-12701,-5.87067168e-2,9.89520450e-2,-2.76523603e-1,1.65279679e-1,-3.10613045e-1,9.34943992e-3,-2.74580982e-2,2.68269995e-2
8330-12702,-6.76918955e-1,-3.79630294e-1,-1.64265075e0,-1.28031889e0,-1.00661375e0,-1.27300352e0,-1.36955711e-1,-8.15857283e-2
8330-12703,-1.46461116e-1,-9.40249339e-2,-3.20522740e-1,-2.87995334e-1,-1.55364801e-1,-2.42982712e-1,-2.90038514e-2,-2.29159818e-2
8330-1901,6.14973258e-1,4.72890192e-1,1.38313539e0,1.59289708e0,6.72348425e-1,1.57736317e0,1.27720773e-1,1.01947020e-1
8330-3704,-7.57009316e-1,-2.91882300e-1,-1.97703669e0,-1.01695327e0,-1.42100895e0,-1.06487366e0,-1.50536021e-1,-5.94710170e-2
8330-6103,1.72484963e0,8.78122073e-1,4.33330043e0,3.02987653e0,2.86260795e0,3.12314029e0,3.47612879e-1,1.81962324e-1
8330-6104,1.26895702e0,2.60007885e-1,3.45426324e0,9.05192488e-1,2.69926110e0,9.49345021e-1,2.47510581e-1,5.29402170e-2
8330-9101,-1.93260465e-1,-2.81665354e-2,-5.45140763e-1,-1.08458342e-1,-4.49201757e-1,-1.29494514e-1,-3.75938274e-2,-4.73646736e-3
8330-9102,-6.22666491e-1,-2.13562379e-1,-1.65665543e0,-7.52358983e-1,-1.23491776e0,-8.01818368e-1,-1.23053317e-1,-4.26556300e-2
8331-12702,-4.03968483e-1,-2.22574641e-1,-9.71621607e-1,-7.41461917e-1,-5.84940055e-1,-7.22200576e-1,-8.16495444e-2,-4.87480555e-2
8331-12703,-3.71023891e-1,-3.17032756e-1,-7.34629129e-1,-9.44511089e-1,-2.56625422e-1,-7.68139641e-1,-7.10898749e-2,-7.89394235e-2
8331-1901,-2.08147810e-1,-7.04027046e-2,-5.48985733e-1,-2.43801184e-1,-4.03787085e-1,-2.53216465e-1,-4.11155788e-2,-1.44823297e-2
8331-1902,-2.74179355e-1,-6.07469796e-2,-7.54977112e-1,-2.19074589e-1,-5.99751920e-1,-2.41815474e-1,-5.34858922e-2,-1.16137815e-2
8331-3703,-1.95254744e-1,-1.42411869e-1,-4.21644208e-1,-4.52640347e-1,-1.88339929e-1,-4.07475741e-1,-3.95800294e-2,-3.32418183e-2
8331-3704,-4.12095577e-1,-1.84448579e-1,-1.05220470e0,-6.37600488e-1,-7.21001932e-1,-6.59107275e-1,-8.25914921e-2,-3.81037880e-2
8331-6104,-5.01191547e-1,-1.68282769e-1,-1.36498979e0,-6.36063752e-1,-1.03949754e0,-7.37058173e-1,-1.00847730e-1,-2.96676232e-2
8331-9101,3.73926856e-1,-1.10864045e-1,1.14231939e0,-3.75527147e-1,1.07103011e0,-3.74482765e-1,6.92959007e-2,-2.37198368e-2
8331-9102,2.23612025e-1,-1.69481929e-2,6.30892821e-1,-6.17889031e-2,5.24811384e-1,-6.93944882e-2,4.29799276e-2,-3.16743109e-3
8332-12702,-5.97229672e-1,-2.92284746e-1,-1.48571312e0,-9.90740924e-1,-9.65615548e-1,-9.92889373e-1,-1.20103700e-1,-6.23335427e-2
8332-12704,-3.45480477e-1,-3.39274612e-1,-6.12089382e-1,-9.54157216e-1,-1.24583532e-1,-6.95438778e-1,-6.23372385e-2,-8.89636634e-2
8332-1901,2.24852985e-1,5.47806664e-2,6.30790175e-1,2.26681948e-1,4.98882282e-1,2.85763906e-1,4.57549035e-2,7.97004267e-3
8332-1902,7.69973164e0,4.44399626e-1,2.15808372e1,1.60306716e0,1.77319358e1,1.77336627e0,1.48615914e0,8.48066768e-2
8332-3701,-6.48071129e-1,-4.32819761e-1,-1.48496422e0,-1.42696126e0,-7.85063106e-1,-1.36677437e0,-1.32086465e-1,-9.62120119e-2
8332-3702,6.16750077e-1,3.83869091e-1,1.46526768e0,1.29248028e0,8.48962327e-1,1.28107973e0,1.25588872e-1,8.27313920e-2
8332-6101,-3.69633420e-1,-1.96799928e-1,-9.15883668e-1,-6.72660516e-1,-5.87832316e-1,-6.83250153e-1,-7.46110674e-2,-4.14129837e-2
8332-6103,4.22512438e-1,9.16945521e-2,1.26766769e0,5.02773738e-1,1.05466421e0,7.66375232e-1,9.19002618e-2,2.87222390e-3
8332-6104,-4.64707503e-1,-2.72670578e-1,-1.10328283e0,-9.06274196e-1,-6.42811358e-1,-8.79810297e-1,-9.41411269e-2,-5.99044631e-2
8332-9102,4.67105275e-2,1.04405320e-1,9.87290556e-3,3.03360699e-1,-1.34412249e-1,2.27678073e-1,9.72747683e-3,2.70353491e-2
8333-12701,-6.19833643e-1,-3.19979114e-1,-1.53408219e0,-1.09069027e0,-9.81657782e-1,-1.10223733e0,-1.25198019e-1,-6.76610747e-2
8333-12702,-4.06688409e-1,-3.19531404e-1,-8.44236216e-1,-9.92020611e-1,-3.34054126e-1,-8.58891536e-1,-8.14441232e-2,-7.66360986e-2
8333-12703,-3.69032188e-1,-2.79816096e-1,-7.94466058e-1,-8.84665768e-1,-3.57656952e-1,-7.95385261e-1,-7.37723853e-2,-6.54272533e-2
8333-12704,-3.09954461e-1,-1.24181660e-1,-8.25019646e-1,-4.41358357e-1,-6.14593546e-1,-4.76913776e-1,-6.13274604e-2,-2.43997892e-2
8333-1902,-6.02787771e-1,-2.25950014e-1,-1.58960094e0,-7.94282526e-1,-1.16367982e0,-8.43436671e-1,-1.19584494e-1,-4.53141339e-2
8333-3702,-1.39418687e-1,5.16738493e-2,-3.52271876e-1,-4.08617370e-2,-2.93085927e-1,-2.48713587e-1,-4.96035878e-2,-2.18759642e-2
8333-3703,4.58736140e-1,-3.86707629e-2,1.34109321e0,-1.22288094e-1,1.17819054e0,-1.06778948e-1,8.69905597e-2,-9.17535200e-3
8333-3704,1.09194086e0,1.82850698e-2,3.07873634e0,6.82094534e-2,2.55622179e0,7.93448848e-2,2.10118975e-1,3.24933723e-3
8333-6101,5.42628091e-1,-1.44520358e-1,1.60532221e0,-5.05963129e-1,1.44031321e0,-5.33506206e-1,1.01916586e-1,-2.92074999e-2
8333-6102,-4.24785064e-1,-2.42013436e-1,-1.02687531e0,-8.17761851e-1,-6.21567326e-1,-8.14904759e-1,-8.62182595e-2,-5.18849098e-2
8333-6104,1.26880369e0,1.64626944e-2,3.59191744e0,6.54173898e-2,3.00320887e0,8.30351213e-2,2.43641870e-1,2.48901726e-3
8333-9101,7.81289645e-1,-4.99336950e-2,2.25604788e0,-1.63759877e-1,1.94713991e0,-1.53588776e-1,1.48742062e-1,-1.12522095e-2
8333-9102,-2.01878744e-2,-1.34657110e-1,4.55725591e-2,-4.54550331e-1,1.78421695e-1,-4.51193741e-1,-6.77662420e-3,-2.89514292e-2
8334-12702,-4.45595947e-1,-2.23560528e-1,-1.10948465e0,-7.63070953e-1,-7.20227339e-1,-7.73036177e-1,-8.98225085e-2,-4.71616270e-2
8334-12703,-1.46439859e-1,-2.88592470e-2,-4.11122903e-1,-1.13391349e-1,-3.32822356e-1,-1.37226917e-1,-2.89320263e-2,-4.69090012e-3
8334-12705,-3.87486161e-1,-2.23459290e-1,-9.71510495e-1,-8.83943152e-1,-5.58420531e-1,-1.02399297e0,-9.00258067e-2,-3.85749764e-2
8334-1901,4.17119112e0,2.65503810e-1,1.16933256e1,9.59195348e-1,9.61086846e0,1.06355780e0,8.05046871e-1,5.05136847e-2
8334-1902,-4.32856545e-1,-1.27867732e-1,-1.15760699e0,-4.47970612e-1,-8.72781923e-1,-4.73312699e-1,-8.52654950e-2,-2.57957839e-2
8334-3701,1.66555867e0,5.67895541e-1,4.39747600e0,1.97867447e0,3.23462307e0,2.07299028e0,3.29544015e-1,1.15668295e-1
8334-3703,-1.58662633e-1,-3.34806028e-2,-4.31647924e-1,-1.16896647e-1,-3.36765360e-1,-1.23027223e-1,-3.09780910e-2,-6.78894673e-3
8334-3704,6.20708960e-1,5.18787905e-1,1.30817134e0,1.68110548e0,5.18790835e-1,1.56466027e0,1.27736289e-1,1.18082372e-1
8334-6101,1.09028150e0,2.79564693e-1,2.96934849e0,9.96869094e-1,2.31378819e0,1.08256644e0,2.13485010e-1,5.45933407e-2
8334-6102,2.57551133e-1,2.77088722e-1,4.76565262e-1,8.90099427e-1,7.58273080e-2,8.14178388e-1,5.42366952e-2,6.38908442e-2
8334-6103,-7.58073637e-1,-2.29006573e-1,-2.03925430e0,-8.10339843e-1,-1.55295268e0,-8.69626328e-1,-1.49155299e-1,-4.53691651e-2
8334-6104,9.08669976e-2,1.10249308e-1,1.50411019e-1,3.46544077e-1,-7.10245949e-3,3.04662505e-1,1.91335906e-2,2.61737563e-2
8334-9101,-2.42300791e-1,-1.60499281e-1,-6.21488792e-1,-5.71181173e-1,-4.26918361e-1,-6.18448011e-1,-4.87740244e-2,-3.14578248e-2
8334-9102,-5.72892088e-1,-2.10938373e-1,-1.51478666e0,-7.44063399e-1,-1.11363110e0,-7.93857533e-1,-1.13664333e-1,-4.20588792e-2
8335-12701,1.67934465e-1,3.39576633e-1,1.13794198e-1,8.45118279e-1,-2.35201160e-1,5.20031665e-1,1.24047609e-2,9.10345419e-2
8335-12703,-1.41280039e-1,-1.12146788e-2,-4.19870111e-1,-7.00222440e-2,-3.62625545e-1,-1.16213192e-1,-2.84228196e-2,5.08233555e-4
8335-12704,7.80589007e-1,3.35193749e-1,1.94176239e0,1.05127862e0,1.31487378e0,9.52615823e-1,1.49607354e-1,7.80053881e-2
8335-1902,5.78312158e0,1.05003089e0,1.59489612e1,3.75025785e0,1.27279830e1,4.08434665e0,1.12517071e0,2.04366111e-1
8335-3701,9.04792939e-2,1.17712970e-1,1.60329330e-1,3.89331079e-1,7.64021150e-3,3.74452347e-1,1.96101710e-2,2.60636003e-2
8335-3702,1.81316113e-3,-5.16880595e-2,5.51878423e-2,-1.69796466e-1,1.14046570e-1,-1.60221438e-1,-1.02484210e-3,-1.16029814e-2
8335-3704,-3.30556116e-1,-1.34964558e-1,-8.49970687e-1,-4.63357858e-1,-5.93362546e-1,-4.74156173e-1,-6.58936514e-2,-2.81897324e-2
8335-6102,-7.82994335e-2,6.97843492e-2,-2.87943349e-1,2.26902635e-1,-3.28755494e-1,2.10831013e-1,-1.34200969e-2,1.58731819e-2
8335-6103,6.58821459e-1,5.10880425e-2,1.84610906e0,1.84213404e-1,1.51630950e0,2.03686766e-1,1.27169356e-1,9.75628034e-3
8335-9101,-3.78942507e-2,-1.41807059e-1,-2.89914687e-2,-4.94125139e-1,8.56861259e-2,-5.17224826e-1,-9.76424076e-3,-2.88969582e-2
8335-9102,-1.42189400e-1,-1.62530173e-2,-4.02036002e-1,-5.76213942e-2,-3.37322148e-1,-6.43497960e-2,-2.70405817e-2,-3.10541573e-3
8336-12701,-7.05545327e-2,-9.24631395e-2,-9.48822195e-2,-2.77357086e-1,4.74923560e-2,-2.20351084e-1,-1.48992706e-2,-2.33004475e-2
8336-1901,6.37039517e0,1.47689611e0,1.73879664e1,5.24285100e0,1.36176086e1,5.65617641e0,1.24501096e0,2.90791513e-1
8336-3701,-6.80053462e-1,-2.37778221e-1,-1.80114391e0,-8.34296011e-1,-1.33130895e0,-8.83573374e-1,-1.34567074e-1,-4.78389928e-2
8336-3702,-6.25802856e-2,6.57623329e-2,-2.35423721e-1,2.19584025e-1,-2.76957539e-1,2.13377075e-1,-1.03175504e-2,1.44012272e-2
8336-3703,3.47825973e-1,1.63614319e-1,8.49955772e-1,5.42843731e-1,5.31301720e-1,5.23797491e-1,7.01392884e-2,3.61045291e-2
8336-3704,4.05913813e-2,4.30468110e-2,3.64996347e-2,9.74712591e-2,-5.43949756e-2,2.20359191e-2,7.71070434e-3,1.38771161e-2
8336-6102,-5.13933522e-1,-1.35957102e-1,-1.43507988e0,-5.20187565e-1,-1.15308482e0,-6.17742140e-1,-1.01216939e-1,-2.30953148e-2
8336-6103,2.19421470e-1,-6.86298621e-2,6.59864051e-1,-2.38086692e-1,6.06091372e-1,-2.47327225e-1,4.09025873e-2,-1.40977423e-2
8336-6104,6.18231880e-1,1.22805448e-2,1.76793445e0,5.40857144e-2,1.50196182e0,7.63434206e-2,1.18257225e-1,1.31217916e-3
8336-9101,-1.76346747e-1,-1.43157859e-1,-3.54381611e-1,-4.16833949e-1,-1.37641215e-1,-3.27837449e-1,-3.28130539e-2,-3.62229338e-2
8336-9102,-1.46394328e-1,-1.25693792e-1,-2.88376132e-1,-3.60499137e-1,-1.06304235e-1,-2.79638163e-1,-2.63158692e-2,-3.19021628e-2
8337-12702,-2.31694100e-1,-3.28720809e-1,-3.16868922e-1,-9.90186573e-1,1.34087810e-1,-8.15118472e-1,-4.63178520e-2,-8.12227095e-2
8337-12703,1.32995478e-1,2.37193485e-1,1.42450336e-1,5.77730194e-1,-8.77126413e-2,3.58626631e-1,7.70871461e-3,6.15893736e-2
8337-1901,-6.40787969e-1,-2.20627503e-1,-1.69787351e0,-7.74448647e-1,-1.25563527e0,-8.20539480e-1,-1.26818301e-1,-4.43615237e-2
8337-3702,5.04382042e-1,-6.76166389e-3,1.42229381e0,-2.34721444e-2,1.18116232e0,-2.43864442e-2,9.70512994e-2,-1.38811804e-3
8337-3703,-6.87317239e-1,-3.37229544e-1,-1.73873819e0,-1.16700036e0,-1.16604872e0,-1.20846094e0,-1.38283699e-1,-6.95363578e-2
8337-6101,1.27969514e0,6.62859288e-1,3.08058841e0,2.18061073e0,1.86965425e0,2.08052625e0,2.57431994e-1,1.47831767e-1
8337-6102,5.33901011e-1,1.54252047e-1,1.44443952e0,5.47738042e-1,1.11202652e0,5.91160773e-1,1.04794486e-1,3.03553315e-2
8337-6103,-2.16299012e-1,-2.16067923e-1,-4.31248876e-1,-7.11462143e-1,-1.21477940e-1,-6.80380007e-1,-4.55770853e-2,-4.80155297e-2
8337-6104,1.40257242e0,6.16707375e-1,3.61503348e0,2.14656540e0,2.52555678e0,2.24388090e0,2.80414476e-1,1.25881935e-1
8338-12703,-4.58798809e-1,-4.12040799e-1,-8.97659908e-1,-1.16262243e0,-3.38134677e-1,-8.92967004e-1,-7.83904800e-2,-1.04667555e-1
8338-12705,-3.62559826e-1,-2.56581388e-1,-8.76048440e-1,-8.93126832e-1,-5.21394207e-1,-9.33334614e-1,-7.43958168e-2,-5.23804822e-2
8338-1901,-8.59560250e-1,-3.70440402e-1,-2.21629176e0,-1.28718644e0,-1.55039303e0,-1.34193471e0,-1.71753737e-1,-7.58378364e-2
8338-1902,3.29752962e-3,1.43356210e-2,4.67997088e-3,5.12430968e-2,-2.82025624e-3,5.58742984e-2,7.98526721e-4,2.78583774e-3
8338-3702,3.89857163e-1,2.74984774e-1,9.01766188e-1,9.28895840e-1,4.80827968e-1,9.24696900e-1,8.02868772e-2,5.89997798e-2
8338-3703,9.49430903e-1,2.62258491e-1,2.58869489e0,9.38134099e-1,2.02117341e0,1.02402196e0,1.85834763e-1,5.08946489e-2
8338-3704,-3.08224827e-1,-1.60749223e-1,-7.60097193e-1,-5.47044709e-1,-4.82240200e-1,-5.51282787e-1,-6.23211022e-2,-3.40839932e-2
8338-6101,-3.08587425e-1,-2.01839579e-1,-7.11657490e-1,-6.67238096e-1,-3.82661066e-1,-6.41687275e-1,-6.29050990e-2,-4.47062017e-2
8338-6102,8.65950422e-2,2.06462853e-1,3.70624035e-2,6.47700807e-1,-2.31038918e-1,5.66298651e-1,2.01634456e-2,4.91274406e-2
8338-6104,-8.20036447e-2,1.07431134e-2,-2.48329200e-1,3.15702319e-2,-2.28739603e-1,2.32765894e-2,-1.53860895e-2,2.79076736e-3
8338-9101,-5.52972896e-1,-3.38721894e-1,-1.28641408e0,-1.10594281e0,-7.17721361e-1,-1.04407419e0,-1.11542165e-1,-7.62482955e-2
8338-9102,1.60643417e0,5.42555847e-1,4.30182023e0,1.96879725e0,3.21063094e0,2.16846337e0,3.21208219e-1,1.03556271e-1
8341-12703,-2.12071289e-1,-1.76234759e-1,-4.27052946e-1,-5.19285483e-1,-1.69516450e-1,-4.16914130e-1,-3.98184086e-2,-4.45743908e-2
8341-12705,-4.69754528e-1,-3.95854586e-1,-9.42158755e-1,-1.15199046e0,-3.69185980e-1,-9.15149545e-1,-8.58523750e-2,-9.95477373e-2
8341-3702,-1.27437979e-2,4.89212861e-2,-7.90262757e-2,1.60690067e-1,-1.23117324e-1,1.52242497e-1,-1.39728334e-3,1.09602733e-2
8341-3704,7.95483731e-1,1.46482317e-1,2.19600488e0,5.24038833e-1,1.75560188e0,5.72219903e-1,1.54705388e-1,2.84176264e-2
8341-6101,-2.39723332e-1,-1.03568278e-1,-5.97893333e-1,-3.46488909e-1,-3.91866460e-1,-3.39329601e-1,-4.80902111e-2,-2.25606481e-2
8341-6102,5.77043269e-1,4.19491186e-1,1.30019830e0,1.39001219e0,6.48505172e-1,1.34216676e0,1.18448293e-1,9.25893343e-2
8341-6103,-5.41752960e-1,-2.12377484e-1,-1.41146943e0,-7.37344079e-1,-1.01081903e0,-7.68194861e-1,-1.07690393e-1,-4.35231759e-2
8341-6104,1.79584711e0,1.59631989e-1,5.03411257e0,5.83360883e-1,4.13382027e0,6.57060499e-1,3.46928421e-1,2.97033609e-2
8341-9101,4.38261577e-1,5.80657532e-1,6.15214337e-1,1.58142893e0,-1.19268837e-1,1.10835552e0,6.99237199e-2,1.53659703e-1
8341-9102,-1.29656182e-1,1.30220661e-2,-4.09052545e-1,1.07860280e-2,-3.84034192e-1,-3.91307455e-2,-2.54453849e-2,5.89886089e-3
8438-12703,-4.12131280e-1,-2.82659159e-1,-9.36935656e-1,-9.33590891e-1,-4.81584469e-1,-8.96162991e-1,-8.43651099e-2,-6.26996262e-2
8438-12705,6.00335043e-4,1.71870492e-1,-2.06487547e-1,2.99892837e-1,-3.05604628e-1,1.64623150e-2,-2.35628908e-2,5.23231685e-2
8438-3701,9.65380663e-2,3.23128293e-1,-8.82960548e-2,9.97158069e-1,-5.32052601e-1,8.37581952e-1,2.51806442e-2,7.87550797e-2
8438-3703,1.18390942e0,6.58491631e-1,2.93239414e0,2.26656746e0,1.87360570e0,2.32725861e0,2.39676048e-1,1.37009634e-1
8438-3704,2.61844980e-1,3.64051965e-1,4.02761579e-1,1.16910454e0,-9.82765978e-2,1.06732243e0,5.69762962e-2,8.40320182e-2
8438-6101,-1.83001485e-1,-2.05563283e-1,-3.40380424e-1,-6.74026756e-1,-5.10207955e-2,-6.37919122e-1,-3.92175454e-2,-4.61210785e-2
8438-6102,-4.88997721e-1,-4.37574762e-1,-9.50513352e-1,-1.31085541e0,-2.98983854e-1,-1.07610093e0,-9.42717374e-2,-1.08390098e-1
8438-6104,4.63077032e-2,2.16552971e-1,-1.33121182e-1,5.02324416e-1,-3.40280801e-1,2.34014702e-1,-4.21586424e-3,6.28259462e-2
8438-9102,1.18739607e-1,1.41475019e-1,2.14949527e-1,4.66016824e-1,1.90872607e-2,4.44165711e-1,2.57221818e-2,3.15463101e-2
8439-12701,-2.65884207e-1,-2.20014985e-1,-5.54448001e-1,-6.87080534e-1,-2.26303686e-1,-6.07593452e-1,-5.25439678e-2,-5.20548460e-2
8439-12703,6.81417161e-2,5.72699225e-2,1.17754584e-1,1.62171715e-1,1.01726071e-2,1.13106982e-1,1.36628414e-2,1.52814988e-2
8439-12704,8.19631466e-2,1.15317048e-1,1.13548396e-1,3.29544292e-1,-3.24924422e-2,2.53373543e-1,1.41612603e-2,2.93998168e-2
8439-1902,1.20685689e0,3.95477426e-1,3.22283488e0,1.39520220e0,2.41966039e0,1.49014470e0,2.38174091e-1,7.87885513e-2
8439-3701,7.58023103e-1,2.57525024e-1,2.02988190e0,9.12980406e-1,1.53137381e0,9.82631545e-1,1.49509428e-1,5.08407361e-2
8439-3702,-2.44928727e-1,-1.47117745e-1,-6.32112510e-1,-5.22635370e-1,-4.40634128e-1,-5.64318041e-1,-4.91456121e-2,-2.89320026e-2
8439-6101,-7.10992201e-1,-5.53258240e-1,-1.51613693e0,-1.76250238e0,-6.48126675e-1,-1.59668117e0,-1.44040525e-1,-1.28602678e-1
8439-6102,-5.12132788e-1,-2.87044913e-1,-1.23116241e0,-9.60800862e-1,-7.37893558e-1,-9.42767732e-1,-1.03775790e-1,-6.24389226e-2
8439-6103,1.71774063e-1,8.58013139e-2,4.27974327e-1,2.91592181e-1,2.79165054e-1,2.93607174e-1,3.45236319e-2,1.82172667e-2
8439-9101,-6.39887962e-2,6.57364021e-3,-1.96756879e-1,-4.14161553e-3,-1.78320762e-1,-2.95059957e-2,-1.46757718e-2,2.14822485e-3
8439-9102,-5.60885567e-1,-4.37934416e-1,-1.17787805e0,-1.36403733e0,-4.90037277e-1,-1.19217744e0,-1.11783135e-1,-1.04411648e-1
8440-12702,-2.76940735e-3,-9.02342445e-2,6.33205197e-2,-3.02930944e-1,1.49594868e-1,-2.97928521e-1,-2.48713536e-3,-1.95679335e-2
8440-12703,-5.10582377e-1,-4.50374621e-1,-1.03498175e0,-1.43287787e0,-3.51952266e-1,-1.29319214e0,-1.04474711e-1,-1.04950600e-1
8440-12704,-2.87545184e-1,-1.03691930e-1,-7.79994220e-1,-3.82724446e-1,-5.95132519e-1,-4.33828325e-1,-5.72417034e-2,-1.90273553e-2
8440-1901,-3.49975118e-1,-1.65765893e-1,-8.81425643e-1,-5.68258821e-1,-5.86922368e-1,-5.79658130e-1,-7.03490814e-2,-3.47248513e-2
8440-1902,-9.80911815e-1,-4.56569284e-1,-2.49856762e0,-1.58018595e0,-1.70261414e0,-1.63686570e0,-1.96793828e-1,-9.41163603e-2
8440-3701,-8.00748884e-2,7.76751259e-2,-2.79398877e-1,2.67290679e-1,-3.07415421e-1,2.73903139e-1,-1.37210532e-2,1.61831459e-2
8440-3703,-7.55822145e-1,-3.15696291e-1,-1.94986613e0,-1.09328331e0,-1.36709720e0,-1.13387235e0,-1.50851705e-1,-6.50000337e-2
8440-3704,-4.39148524e-1,-2.17146384e-2,-1.33671987e0,-1.56992844e-1,-1.21667323e0,-2.93663563e-1,-8.45456491e-2,3.69287146e-3
8440-6102,-6.27589423e-1,-5.44039758e-1,-1.24851327e0,-1.67089066e0,-4.15593525e-1,-1.42393085e0,-1.24655028e-1,-1.31822980e-1
8440-6103,3.60970294e-1,1.00228991e-1,9.72347854e-1,3.53100414e-1,7.42954971e-1,3.76331446e-1,7.09334904e-2,2.00184693e-2
8440-9102,-2.52816253e-1,-1.59587183e-1,-5.70588829e-1,-4.91466164e-1,-3.08281092e-1,-4.25113226e-1,-4.90658432e-2,-3.83394361e-2
8441-12702,-5.83880020e-1,-4.99960441e-1,-1.18265207e0,-1.56700198e0,-4.12620202e-1,-1.38022006e0,-1.17985925e-1,-1.18541962e-1
8441-1901,-3.10042098e-1,-4.06388309e-2,-8.82776207e-1,-1.58246745e-1,-7.40606537e-1,-1.93447962e-1,-5.98091952e-2,-6.57070389e-3
8441-3701,-4.51492721e-1,-1.99996069e-1,-1.16454484e0,-7.02555033e-1,-8.10345164e-1,-7.42189641e-1,-9.07895407e-2,-4.02891070e-2
8441-3702,3.76294776e0,5.43545408e-1,1.04756125e1,1.95966884e0,8.50085748e0,2.16528992e0,7.29055031e-1,1.03863198e-1
8441-3704,-4.26683190e-1,-2.89772574e-1,-1.00955670e0,-9.89362017e-1,-5.72380137e-1,-1.00223622e0,-8.75939676e-2,-6.11195677e-2
8441-6101,3.32332300e-1,9.17214184e-2,8.39104769e-1,2.84193640e-1,5.73107827e-1,2.41203090e-1,6.56419348e-2,2.22252678e-2
8441-6103,-5.37618174e-1,-1.55977642e-1,-1.45385618e0,-5.55449897e-1,-1.11722421e0,-6.01761312e-1,-1.05652212e-1,-3.05429667e-2
8441-6104,1.65413113e-1,7.30324498e-2,4.32351451e-1,2.58364591e-1,3.09784734e-1,2.76777860e-1,3.30301102e-2,1.44892111e-2
8441-9101,-7.60640157e-1,-5.48776234e-1,-1.68464103e0,-1.77849475e0,-8.10848943e-1,-1.65732297e0,-1.54680651e-1,-1.24818130e-1
8441-9102,-1.57921023e-1,-1.56331239e-1,-2.99081225e-1,-5.02328194e-1,-5.87331020e-2,-4.58194398e-1,-3.34034222e-2,-3.60953170e-2
8442-12701,-2.65700754e-1,-2.58570864e-1,-5.17974169e-1,-8.21940362e-1,-1.41223382e-1,-7.43326415e-1,-5.43847535e-2,-6.01692040e-2
8442-12702,-1.67151797e-1,-1.98712617e-1,-2.34362177e-1,-5.30570366e-1,3.93422768e-2,-3.32260460e-1,-2.93326064e-2,-5.61109913e-2
8442-1901,-2.64142961e-1,-1.11756188e-1,-6.82436145e-1,-3.88505067e-1,-4.79361599e-1,-4.05233272e-1,-5.27535153e-2,-2.28644516e-2
8442-1902,-1.01833142e-1,1.70282816e-2,-3.10515999e-1,5.27806010e-2,-2.89374609e-1,4.41164545e-2,-1.89836618e-2,4.15010880e-3
8442-3701,1.78557824e-1,9.51654116e-2,4.55704763e-1,3.35203758e-1,3.09794224e-1,3.56721783e-1,3.59981061e-2,1.90285510e-2
8442-3703,4.35690563e-1,3.01830047e-1,9.96538308e-1,1.01056121e0,5.14615702e-1,9.88222986e-1,9.00329321e-2,6.58171326e-2
8442-3704,9.75037315e-2,2.55198492e-1,-2.04333028e-2,7.46893988e-1,-3.65472641e-1,5.68059397e-1,2.09813937e-2,6.56807236e-2
8442-6101,-7.43873294e-1,-5.00079634e-1,-1.69337499e0,-1.63895188e0,-8.81668930e-1,-1.55493114e0,-1.51370022e-1,-1.12072821e-1
8442-6103,3.48485993e-1,1.94295858e-1,8.86024997e-1,7.28762806e-1,5.63449402e-1,8.19008386e-1,7.50754106e-2,3.57182523e-2
8442-6104,8.12486214e-2,7.13059183e-2,1.98360114e-1,2.84853876e-1,9.59058946e-2,3.43013916e-1,1.96521586e-2,1.14705839e-2
8442-9101,-3.46365141e-1,-3.46900392e-1,-6.05370693e-1,-9.52175315e-1,-1.23935562e-1,-6.68994209e-1,-5.95170457e-2,-9.20992639e-2
8442-9102,-4.99951901e-1,-2.80128332e-1,-1.19778563e0,-9.27304501e-1,-7.18048002e-1,-8.95710725e-1,-1.00655412e-1,-6.18444790e-2
8443-12701,-3.39017903e-1,-4.21248094e-1,-5.63030970e-1,-1.12185050e0,-7.55772274e-2,-8.19549946e-1,-4.37970806e-2,-1.04452872e-1
8443-12703,-3.58119334e-1,-3.39033043e-1,-6.97739593e-1,-1.07916979e0,-1.84452856e-1,-9.72159131e-1,-7.41890494e-2,-7.90711109e-2
8443-12705,-6.70311636e-1,-4.20737295e-1,-1.57244881e0,-1.40089787e0,-8.85283828e-1,-1.36398908e0,-1.36338903e-1,-9.21907835e-2
8443-1902,5.37827477e-1,1.44508434e-1,1.46328844e0,5.14241821e-1,1.13874997e0,5.56926749e-1,1.05293544e-1,2.83209013e-2
8443-3701,8.84728961e-1,3.67227729e-1,2.29771788e0,1.28236248e0,1.63040588e0,1.34728344e0,1.76486007e-1,7.45364934e-2
8443-3703,6.78528101e-1,-4.21954338e-3,1.92721648e0,-1.04796045e-2,1.62005911e0,-3.48312855e-3,1.30114566e-1,-1.30843483e-3
8443-3704,3.92515519e-2,-3.88385698e-3,1.42122347e-1,1.21969181e-2,1.50594528e-1,5.20902796e-2,7.76861526e-3,-3.29369835e-3
8443-6102,7.34242718e-1,4.39858583e-1,1.79348690e0,1.50903500e0,1.10852089e0,1.54186461e0,1.49146478e-1,9.19991251e-2
8443-6104,-5.51609876e-1,-2.18334099e-1,-1.43924023e0,-7.61859644e-1,-1.03197643e0,-7.99638401e-1,-1.09773272e-1,-4.43684716e-2
8443-9101,-5.55164976e-1,-3.54648294e-1,-1.32140133e0,-1.20613681e0,-7.63626496e-1,-1.21418727e0,-1.13586907e-1,-7.52737560e-2
8444-12701,3.97527089e-2,1.03475270e-1,8.02007950e-3,3.21514198e-1,-1.22492858e-1,2.76710951e-1,9.14803239e-3,2.48951823e-2
8444-12702,-6.20052184e-1,-5.18130513e-1,-1.24832868e0,-1.58824140e0,-4.41239462e-1,-1.34688567e0,-1.23099380e-1,-1.25928861e-1
8444-1901,8.74713309e-2,1.11654781e-1,1.50516289e-1,3.65267913e-1,-1.44417015e-3,3.44284721e-1,1.89914069e-2,2.51356853e-2
8444-1902,-3.69976345e-1,-1.74049853e-1,-9.28780129e-1,-5.93985079e-1,-6.14654692e-1,-6.01467145e-1,-7.43754720e-2,-3.67314446e-2
8444-3701,6.79320140e-1,2.58838242e-1,1.79301650e0,9.10663367e-1,1.31515941e0,9.68470188e-1,1.34699657e-1,5.18247915e-2
8444-3702,-6.55077384e-1,-3.14546687e-1,-1.64910225e0,-1.07736907e0,-1.09816901e0,-1.09799295e0,-1.31573522e-1,-6.59654235e-2
8444-3704,2.68144975e-1,1.61930361e-1,6.67405080e-1,5.68851634e-1,4.26219995e-1,6.01819772e-1,5.47304203e-2,3.25748508e-2
8444-6101,-4.60515391e-1,-1.15844244e-1,-1.26654861e0,-4.18655643e-1,-1.00369010e0,-4.63922815e-1,-8.98950909e-2,-2.20420357e-2
8444-6102,-3.95776885e-1,-2.68977304e-1,-9.19031122e-1,-9.05496101e-1,-4.97080369e-1,-8.96353286e-1,-8.12975249e-2,-5.80191444e-2
8444-6103,1.65514302e0,2.40025120e-1,4.58787164e0,8.61472499e-1,3.69270165e0,9.42909632e-1,3.21583427e-1,4.63735893e-2
8444-6104,-5.54368019e-1,-3.34275478e-1,-1.31554655e0,-1.11892064e0,-7.61749179e-1,-1.09821857e0,-1.12729548e-1,-7.26992073e-2
8444-9101,1.90681200e-1,8.48960037e-2,4.70539662e-1,2.75002090e-1,3.06584927e-1,2.56783313e-1,3.77251749e-2,1.92947997e-2
8444-9102,1.64347360e0,5.43458627e-1,4.37569889e0,1.91164136e0,3.26713141e0,2.03234381e0,3.24627146e-1,1.08852062e-1
8445-12702,-5.57374991e-1,-2.64753542e-1,-1.42768821e0,-9.23569067e-1,-9.82854390e-1,-9.68738215e-1,-1.11795932e-1,-5.38349899e-2
8445-12703,-4.08003799e-1,-3.26777877e-1,-8.43905445e-1,-9.45313459e-1,-3.77260180e-1,-7.51953160e-1,-7.30951465e-2,-8.19838582e-2
8445-1901,2.46264806e0,7.20939933e-1,6.61167142e0,2.53515216e0,5.02135331e0,2.69458881e0,4.84444808e-1,1.44460368e-1
8445-3701,1.35311473e0,6.22381864e-1,3.47675594e0,2.17085284e0,2.41037322e0,2.27654608e0,2.71051184e-1,1.26584179e-1
8445-3702,3.72181861e-1,3.70705980e-1,7.63767528e-1,1.23882392e0,2.50936987e-1,1.21178026e0,7.87753180e-2,8.08499821e-2
8445-3703,-5.18892940e-1,-2.57920130e-1,-1.29131262e0,-8.75667643e-1,-8.39979791e-1,-8.80171639e-1,-1.04333135e-1,-5.48531476e-2
8445-3704,8.34790401e-1,2.47940998e-1,2.25859810e0,8.82679788e-1,1.73800596e0,9.56215931e-1,1.63943506e-1,4.85650804e-2
8445-6101,3.13795085e0,4.79714113e-1,8.62374522e0,1.68521669e0,6.84654960e0,1.78919552e0,6.10742884e-1,9.62692717e-2
8445-6103,-1.86152154e-1,-2.61681279e-1,-2.30540063e-1,-7.35357023e-1,1.28770274e-1,-5.27618902e-1,-3.38663887e-2,-6.90814393e-2
8445-6104,-1.51242551e-1,3.59833327e-1,-9.24151293e-1,1.01567710e0,-1.36725186e0,6.92752076e-1,-2.36522779e-2,9.67444005e-2
8445-9101,-2.58212180e-1,7.03585138e-2,-9.19513880e-1,8.80878222e-2,-9.53770092e-1,-1.36812576e-1,-5.22940235e-2,2.91173113e-2
8446-12701,-3.41772669e-1,-3.31240645e-1,-6.15082951e-1,-9.16511707e-1,-1.53473374e-1,-6.56559587e-1,-5.92351371e-2,-8.72878290e-2
8446-1901,8.56523949e-1,2.72869162e-1,2.27172847e0,9.53609359e-1,1.68443002e0,1.00322628e0,1.69347870e-1,5.53045519e-2
8446-1902,-1.84741359e-1,-5.45665045e-2,-4.93296594e-1,-1.91660513e-1,-3.70375163e-1,-2.03224792e-1,-3.64537775e-2,-1.09606558e-2
8446-3702,-1.76295510e-1,-5.85902978e-2,-4.61349789e-1,-1.79135265e-1,-3.50234750e-1,-1.61368036e-1,-3.25468745e-2,-1.37264896e-2
8446-3703,-1.61537954e-1,-9.77299792e-3,-4.57431134e-1,-3.64785868e-2,-3.82554756e-1,-4.25226705e-2,-3.10208803e-2,-1.73231183e-3
8446-3704,1.20208951e0,7.11063544e-1,2.88126702e0,2.38844352e0,1.71389310e0,2.35999960e0,2.43668064e-1,1.53733760e-1
8446-6101,-1.73645723e-1,-8.97256087e-2,-4.07703393e-1,-2.49307740e-1,-2.61781851e-1,-1.85791575e-1,-3.07166523e-2,-2.32764751e-2
8446-6102,1.39263090e0,5.33940236e-1,3.54948654e0,1.74252769e0,2.48283694e0,1.65923835e0,2.72377808e-1,1.19555336e-1
8446-6104,-4.20009345e-1,-3.53601969e-1,-8.44968110e-1,-1.07468197e0,-3.05052143e-1,-9.03284442e-1,-8.21019553e-2,-8.63904881e-2
8446-9101,4.81237151e-1,4.01438232e-1,1.04164842e0,1.33198512e0,4.46865507e-1,1.28801635e0,1.00002808e-1,8.84703276e-2
8446-9102,-9.23400458e-2,3.66542642e-2,-3.26259621e-1,6.00901764e-2,-3.26423538e-1,-1.90328430e-2,-2.10404249e-2,1.27673283e-2
8447-12702,-2.73050659e-1,-2.03944466e-1,-6.01917813e-1,-6.21535297e-1,-2.97033716e-1,-5.44980359e-1,-5.04659264e-2,-4.60780061e-2
8447-12703,-2.26910258e-1,-1.89487652e-1,-4.56400011e-1,-5.35135937e-1,-1.90366759e-1,-4.08708302e-1,-3.94584988e-2,-4.83622541e-2
8447-12704,-2.59821854e-1,-2.27438504e-1,-5.78009890e-1,-7.79588764e-1,-2.64930704e-1,-7.94130032e-1,-5.46370794e-2,-4.76860835e-2
8447-1901,-7.92445739e-1,-3.80058159e-1,-2.00770060e0,-1.31220351e0,-1.35261100e0,-1.35411390e0,-1.59197877e-1,-7.86646059e-2
8447-1902,-3.52953633e-1,-2.02812797e-1,-8.45748059e-1,-6.83923388e-1,-4.99180614e-1,-6.78417976e-1,-7.19451070e-2,-4.36503840e-2
8447-3701,8.52719186e-1,6.73408851e-1,1.79709597e0,2.12236210e0,7.45153759e-1,1.88982991e0,1.71578548e-1,1.58503391e-1
8447-3702,1.06253916e-1,-7.95474828e-2,3.35960399e-1,-2.80691471e-1,3.31118970e-1,-2.99780946e-1,1.92107763e-2,-1.58453101e-2
8447-3703,4.38001454e-1,2.68384660e-1,1.03518632e0,8.86406735e-1,6.01687602e-1,8.55042327e-1,8.81035752e-2,5.93574831e-2
8447-3704,-5.97145591e-1,-4.44108378e-1,-1.29073834e0,-1.40582991e0,-5.87019709e-1,-1.26265979e0,-1.19850931e-1,-1.03908198e-1
8447-6101,6.71582350e-1,3.16978851e-1,1.72090768e0,1.10507392e0,1.18612913e0,1.15805494e0,1.34648087e-1,6.45220946e-2
8447-9101,-1.94809522e-1,-1.23070608e-1,-4.63324947e-1,-4.12887793e-1,-2.70971905e-1,-4.07538305e-1,-3.94722798e-2,-2.66454961e-2
8447-9102,-5.60708594e-1,-1.77830299e-1,-1.49724490e0,-6.26253599e-1,-1.12417568e0,-6.66947000e-1,-1.10642007e-1,-3.55454801e-2
8448-12701,-3.19608318e-1,-2.51507011e-1,-6.81184252e-1,-8.11449780e-1,-2.83578541e-1,-7.48543402e-1,-6.56303404e-2,-5.76312700e-2
8448-12702,7.98873273e-1,2.91576919e-1,2.10153588e0,1.05453721e0,1.50666432e0,1.14338914e0,1.62345946e-1,5.67305889e-2
8448-12703,-7.25474502e-1,-4.74497203e-1,-1.68444943e0,-1.57974597e0,-9.19630333e-1,-1.53699371e0,-1.48093649e-1,-1.04022174e-1
8448-12705,-2.63268591e-1,-1.86218569e-1,-5.67814649e-1,-5.58635059e-1,-2.75192822e-1,-4.62626869e-1,-5.02122294e-2,-4.59208212e-2
8448-1901,-8.78298431e-1,-3.54040494e-1,-2.28663662e0,-1.23426385e0,-1.63243459e0,-1.29365280e0,-1.74901011e-1,-7.20596822e-2
8448-1902,4.84701899e-1,1.96028139e-1,1.22246583e0,6.52511687e-1,8.24990634e-1,6.34475175e-1,9.65690035e-2,4.29982411e-2
8448-3701,-1.00275513e0,-3.79786047e-1,-2.64101073e0,-1.33388868e0,-1.92877068e0,-1.41453420e0,-1.98998089e-1,-7.62852351e-2
8448-3702,-1.56854958e-1,-6.15201336e-2,-4.03358880e-1,-2.10404378e-1,-2.81768351e-1,-2.13896255e-1,-3.12561738e-2,-1.29342193e-2
8448-3703,-6.37704179e-1,-1.89700229e-1,-1.71531341e0,-6.70711409e-1,-1.30616670e0,-7.18859278e-1,-1.25466322e-1,-3.76389383e-2
8448-3704,-1.30160798e-1,-9.73494047e-2,-2.89076367e-1,-3.23493294e-1,-1.35832525e-1,-3.13167758e-1,-2.69722556e-2,-2.14235537e-2
8448-6103,-5.43769514e-1,-1.71062076e-1,-1.45350381e0,-6.02421804e-1,-1.09373384e0,-6.41653337e-1,-1.07234525e-1,-3.41895272e-2
8448-6104,7.11416613e-1,5.84962347e-1,1.43822785e0,1.83304769e0,4.85662213e-1,1.60354477e0,1.45455644e-1,1.39214615e-1
8449-12701,-3.15199849e-1,-2.13128975e-1,-7.02460897e-1,-6.33107074e-1,-3.81431515e-1,-5.31026039e-1,-5.77075819e-2,-5.18668565e-2
8449-1901,9.07017636e0,9.77383847e-1,2.52724610e1,3.50447808e0,2.05486977e1,3.84040386e0,1.75581833e0,1.88771735e-1
8449-3701,-4.65644338e-1,-2.27936206e-1,-1.18138900e0,-7.91207296e-1,-7.96694929e-1,-8.23257873e-1,-9.36669834e-2,-4.67557472e-2
8449-3703,-4.30246825e-1,-4.39153768e-1,-7.64257915e-1,-1.21842821e0,-1.76768770e-1,-8.90231160e-1,-7.28336716e-2,-1.14479968e-1
8449-3704,6.70397687e0,1.51403506e0,1.83577062e1,5.38939701e0,1.44629504e1,5.84007937e0,1.30833994e0,2.96532509e-1
8449-6101,-6.01766952e-1,-3.90272792e-1,-1.37411669e0,-1.25412174e0,-7.38779627e-1,-1.15818058e0,-1.20249951e-1,-8.94705248e-2
8449-6102,-1.61970583e-1,-2.10421592e-2,-4.71888651e-1,-1.01988146e-1,-3.98501707e-1,-1.46408619e-1,-3.24550694e-2,-1.71678483e-3
8449-6103,2.08684449e0,8.80708535e-1,5.44514231e0,3.09163462e0,3.89884256e0,3.27562073e0,4.15822996e-1,1.77076186e-1
8449-6104,1.10465833e-1,1.14410218e-1,2.22102598e-1,3.83928287e-1,6.27876963e-2,3.76897259e-1,2.37203196e-2,2.48503105e-2
8449-9101,-2.41333880e-1,-2.12823654e-1,-4.61426060e-1,-5.92327483e-1,-1.60654982e-1,-4.27953911e-1,-4.24577481e-2,-5.60162724e-2
8449-9102,-6.40310311e-1,-5.16148204e-1,-1.33144807e0,-1.61740405e0,-5.25899974e-1,-1.42637399e0,-1.28601447e-1,-1.22298487e-1
8450-12701,-6.43380164e-1,-4.96858066e-1,-1.36576274e0,-1.56713949e0,-5.81523936e-1,-1.39684845e0,-1.29469495e-1,-1.16861862e-1
8450-12703,-6.56686147e-1,-4.00828894e-1,-1.54243321e0,-1.32333719e0,-8.77708067e-1,-1.27213505e0,-1.32823039e-1,-8.88522602e-2
8450-1901,-8.21024441e-2,5.33178274e-2,-2.87042620e-1,1.71538599e-1,-3.12547614e-1,1.55890791e-1,-1.44219818e-2,1.23246342e-2
8450-1902,8.24484556e-1,3.79288575e-1,2.11100862e0,1.31725246e0,1.45417598e0,1.37214136e0,1.65187522e-1,7.77190686e-2
8450-3701,-1.28829916e-2,-8.26161818e-2,8.62311364e-3,-2.89831293e-1,7.14589220e-2,-3.06586054e-1,-3.99114654e-3,-1.66359387e-2
8450-3702,1.26369773e0,5.92700613e-1,3.19558626e0,2.02491473e0,2.15610713e0,2.05968521e0,2.52652577e-1,1.24632016e-1
8450-3704,8.09587111e-1,1.49616741e-1,2.24525568e0,5.44155151e-1,1.80572927e0,6.07435684e-1,1.57538956e-1,2.81565146e-2
8450-6101,1.28856895e-1,2.93681215e-3,3.72581499e-1,1.55480413e-2,3.21166349e-1,2.52290487e-2,2.46180372e-2,4.95469016e-5
8450-6102,-4.54426706e-1,-4.30680912e-1,-8.41289191e-1,-1.23456377e0,-2.25335823e-1,-9.43056535e-1,-8.27588702e-2,-1.10540491e-1
8450-6103,6.83815972e-1,3.66883679e-1,1.70674898e0,1.26641808e0,1.10971980e0,1.30616568e0,1.38177410e-1,7.59752305e-2
8450-9101,-4.29461193e-2,-1.98484559e-2,-9.40787439e-2,-4.52653336e-2,-5.40919184e-2,-1.55161427e-2,-7.45754418e-3,-6.14970163e-3
8451-12701,-7.49497018e-1,-3.17565649e-1,-1.92412300e0,-1.09639944e0,-1.33536354e0,-1.13133832e0,-1.49814803e-1,-6.57346268e-2
8451-12703,-8.47699607e-2,-1.48670257e-2,-2.53072346e-1,-3.98538811e-2,-2.23181058e-1,-4.99655853e-2,-1.24897055e-2,-2.23308899e-4
8451-12704,-2.90823602e-1,-9.71440086e-2,-7.87645695e-1,-5.66133194e-1,-4.67680599e-1,-7.80006998e-1,-8.40153274e-2,-8.18212561e-3
8451-3701,-6.92462417e-1,-3.17654443e-1,-1.76664727e0,-1.09910277e0,-1.20840253e0,-1.13807701e0,-1.38819459e-1,-6.55096187e-2
8451-3703,2.00978918e0,4.72672648e-1,5.46322811e0,1.66719650e0,4.24867583e0,1.78085029e0,3.93241574e-1,9.41777053e-2
8451-3704,-3.51728293e-1,-1.72884860e-1,-8.73293431e-1,-5.87407634e-1,-5.63615426e-1,-5.90398045e-1,-7.09241413e-2,-3.67520900e-2
8451-6102,1.69814917e-1,-7.58479129e-2,5.22054399e-1,-2.65128035e-1,4.95226124e-1,-2.78792596e-1,3.12319335e-2,-1.53740236e-2
8451-6103,-2.48065319e-1,2.43806871e-2,-7.43168790e-1,7.21260521e-2,-6.76542765e-1,5.34147890e-2,-4.65405730e-2,6.30955851e-3
8451-6104,-1.12744137e-1,5.67582572e-2,-4.33130601e-1,1.23360741e-1,-4.87691458e-1,1.55617531e-2,-2.15766036e-2,1.88047470e-2
8451-9101,2.85842883e-1,-1.47079141e-1,9.16252523e-1,-4.98822349e-1,9.13391490e-1,-4.98901877e-1,5.17660841e-2,-3.13907515e-2
8451-9102,-6.84807846e-1,-3.80006554e-1,-1.68161528e0,-1.29772261e0,-1.05486221e0,-1.31563744e0,-1.38735546e-1,-8.01034099e-2
8452-12703,-2.55072721e-1,-1.44094823e-1,-5.97619594e-1,-4.66450711e-1,-3.40907924e-1,-4.33499970e-1,-5.12894783e-2,-3.28405708e-2
8452-12704,-6.41823446e-1,-5.74194445e-1,-1.24909850e0,-1.73644361e0,-3.84119930e-1,-1.44491022e0,-1.25440251e-1,-1.41136506e-1
8452-3702,1.60034229e0,8.63159900e-2,4.50977129e0,3.18643257e-1,3.73938541e0,3.64721218e-1,3.08168514e-1,1.57067528e-2
8452-3703,2.06779677e-1,2.39233216e-2,5.79934495e-1,8.70302905e-2,4.76859006e-1,9.75148799e-2,3.99145632e-2,4.48807409e-3
8452-3704,2.92283170e-1,1.71315561e-1,7.13487523e-1,5.85704926e-1,4.40930918e-1,5.95073602e-1,5.93231375e-2,3.60383565e-2
8452-6101,-1.82833357e-1,-1.02233853e-1,-4.26147067e-1,-3.25120065e-1,-2.42869563e-1,-2.93559606e-1,-3.64430940e-2,-2.38246200e-2
8452-6102,-6.80559976e-1,-3.99229193e-1,-1.62514323e0,-1.33827599e0,-9.56248697e-1,-1.31644768e0,-1.38236742e-1,-8.66436244e-2
8452-6103,4.18668149e-1,1.09483834e-2,1.19288188e0,4.70502575e-2,1.00627696e0,6.45113112e-2,8.03211221e-2,1.30230187e-3
8452-6104,-1.05555238e-1,-1.26687482e-1,-1.57372689e-1,-3.72110223e-1,3.26626910e-2,-2.87526266e-1,-2.10366902e-2,-3.23750660e-2
8452-9102,2.88555525e-1,1.03178009e-1,7.53851115e-1,3.69601564e-1,5.33093220e-1,3.95451738e-1,5.86444929e-2,2.03712485e-2
8453-12701,1.07170891e-1,1.78767411e-1,1.21087460e-1,5.47310840e-1,-1.18688758e-1,4.61121949e-1,2.24287852e-2,4.35892672e-2
8453-12702,-7.37257825e-2,-2.35453476e-2,-2.10281067e-1,-7.82947481e-2,-1.65007705e-1,-9.11064863e-2,-1.23467420e-2,-1.77284091e-3
8453-12703,-4.53087266e-1,-3.65659647e-1,-9.54265117e-1,-1.16837747e0,-3.85320286e-1,-1.06221008e0,-9.23705790e-2,-8.47546100e-2
8453-12705,-4.07911647e-1,-3.50407663e-1,-8.24292497e-1,-1.09751895e0,-2.84441083e-1,-9.65426383e-1,-8.24342448e-2,-8.31545277e-2
8453-1901,-8.19244365e-1,-2.80012581e-1,-2.17701175e0,-9.85104061e-1,-1.61905165e0,-1.04751337e0,-1.61968506e-1,-5.60711745e-2
8453-1902,-8.98537177e-1,-3.44575631e-1,-2.36107834e0,-1.20860783e0,-1.71646070e0,-1.27895883e0,-1.78456530e-1,-6.93803168e-2
8453-3701,3.13434913e0,7.48074265e-1,8.46345822e0,2.62352495e0,6.49910793e0,2.77584516e0,6.15082229e-1,1.50655576e-1
8453-3702,7.38048007e-1,3.98533213e-1,1.85308430e0,1.38421879e0,1.21932389e0,1.44179719e0,1.49070555e-1,8.16599165e-2
8453-3703,-1.40345227e-2,7.47494937e-2,-1.23198680e-1,2.30987844e-1,-2.09079981e-1,1.94381715e-1,-1.12554195e-3,1.81954495e-2
8453-3704,-8.22167450e-1,-4.92802403e-1,-1.95754342e0,-1.65417277e0,-1.14177563e0,-1.63076888e0,-1.67238467e-1,-1.06732795e-1
8453-6101,-6.57083724e-1,-2.42251450e-1,-1.73341539e0,-8.50477067e-1,-1.27038821e0,-9.01340270e-1,-1.30290637e-1,-4.86950676e-2
8453-6102,-4.49496812e-1,-4.77019084e-1,-7.99328943e-1,-1.26604806e0,-2.23257436e-1,-8.87229981e-1,-6.56314183e-2,-1.24656216e-1
8453-6104,9.81696569e-2,1.24926607e-1,1.54708577e-1,3.86876268e-1,-2.05864507e-2,3.32701184e-1,2.02971865e-2,3.00844009e-2
8453-9101,-5.47318359e-1,-2.81599514e-1,-1.35518850e0,-9.57732647e-1,-8.69565289e-1,-9.64814973e-1,-1.10382078e-1,-5.97432877e-2
8454-12702,1.61796610e-2,-2.55435271e-2,4.86041626e-2,5.07181252e-2,-1.71989441e-2,1.34031670e-1,2.28589937e-2,-7.29529768e-3
8454-12704,3.18001524e-1,-1.51682976e-1,1.07761609e0,-4.61349229e-1,1.12419334e0,-3.76639116e-1,5.80469644e-2,-3.75816430e-2
8454-1902,-7.89413254e-1,-1.70076484e-1,-2.17154682e0,-6.08832017e-1,-1.72444340e0,-6.65425036e-1,-1.53814723e-1,-3.29555470e-2
8454-3702,2.12256094e-1,2.04175879e-1,4.23418557e-1,6.65553875e-1,1.23413597e-1,6.24216365e-1,4.45451359e-2,4.61661302e-2
8454-3704,-1.17031143e-1,-4.59143593e-2,-2.93276996e-1,-1.43561833e-1,-2.01313869e-1,-1.27641687e-1,-2.26034890e-2,-1.08428305e-2
8454-6102,-3.42506552e-1,-1.77136956e-1,-8.28471706e-1,-5.86825645e-1,-5.06975724e-1,-5.65950813e-1,-6.90352380e-2,-3.91315277e-2
8454-6103,5.67950924e-1,-6.26560973e-2,1.66531711e0,-2.06662792e-1,1.47153108e0,-1.96042410e-1,1.07376780e-1,-1.39939958e-2
8454-6104,-3.78677865e-1,-2.48769014e-1,-8.55599629e-1,-7.98341621e-1,-4.43964405e-1,-7.32825426e-1,-7.61535054e-2,-5.72673370e-2
8454-9101,7.02302285e-2,-5.43710062e-2,2.71711853e-1,-1.60907209e-1,3.19399385e-1,-1.22090752e-1,1.21486977e-2,-1.39651089e-2
8454-9102,-9.04855729e-2,-7.79935684e-2,-1.78813533e-1,-2.49199825e-1,-4.92276465e-2,-2.24422001e-1,-1.90260394e-2,-1.81667299e-2
8455-12702,-2.79222031e-1,-9.71601620e-2,-7.52505986e-1,-3.52633830e-1,-5.70232934e-1,-3.91333988e-1,-5.53931413e-2,-1.84016985e-2
8455-12703,-7.49704681e-1,-3.26200940e-1,-1.92259363e0,-1.12847478e0,-1.33041128e0,-1.16820547e0,-1.49986366e-1,-6.72908142e-2
8455-1901,4.05773467e0,1.89102247e0,1.00752665e1,6.31731367e0,6.56112256e0,6.18733507e0,8.12177182e-1,4.12228979e-1
8455-1902,2.54647148e-1,1.67869788e-1,6.09361936e-1,5.75969619e-1,3.55697242e-1,5.88094975e-1,5.21786396e-2,3.51238497e-2
8455-3701,6.15647024e-1,3.51761213e-1,1.50443283e0,1.19849987e0,9.34031154e-1,1.21120843e0,1.24729246e-1,7.44006706e-2
8455-3703,7.78932613e-1,1.69805934e-1,2.12870003e0,6.01988755e-1,1.67087785e0,6.47505252e-1,1.52181235e-1,3.35425660e-2
8455-3704,-5.60834400e-1,-4.22593477e-1,-1.26606905e0,-1.41896232e0,-6.26250927e-1,-1.39852256e0,-1.16055764e-1,-9.15232399e-2
8455-6101,-8.11800859e-3,1.10119057e-1,-1.26817270e-1,3.56965306e-1,-2.42709953e-1,3.30141007e-1,8.56326891e-4,2.51455208e-2
8455-6102,-3.27098884e-1,-1.58858193e-1,-8.08913272e-1,-5.30469231e-1,-5.22615026e-1,-5.19725011e-1,-6.54552960e-2,-3.46308543e-2
8455-6103,-2.63116953e-1,-2.32768981e-1,-5.77293544e-1,-7.88020562e-1,-2.55499069e-1,-7.87358099e-1,-5.50713960e-2,-4.97670241e-2
8455-6104,8.86379748e-1,1.38384692e-1,2.38521780e0,4.30575591e-1,1.84927979e0,3.76744239e-1,1.71018805e-1,3.30197084e-2
8455-9101,-4.47811443e-2,2.27992755e-1,-4.56083811e-1,4.64377737e-1,-6.52003756e-1,8.25291952e-2,-2.42935726e-2,7.29478611e-2
8456-1901,5.62463426e0,1.61326355e0,1.52283833e1,5.73241408e0,1.17387554e1,6.19250605e0,1.10381912e0,3.17104166e-1
8456-1902,-1.93806844e-1,-8.90944537e-2,-5.07698553e-1,-3.15533921e-1,-3.65899412e-1,-3.39016365e-1,-3.86150275e-2,-1.76243070e-2
8456-3701,1.85479394e0,2.22142655e-1,5.17628655e0,8.00893863e-1,4.21996650e0,8.85134642e-1,3.58839528e-1,4.24415553e-2
8456-3703,-2.21203963e-1,1.39584866e-1,-8.34896439e-1,3.90454012e-1,-9.53489567e-1,2.56470297e-1,-3.95937806e-2,3.80004400e-2
8456-6101,-3.19173413e-1,-1.00718845e-1,-8.58869535e-1,-3.57386145e-1,-6.54197214e-1,-3.85192930e-1,-6.28147238e-2,-1.98506922e-2
8456-6102,3.57107355e-1,2.60185574e-1,8.02899312e-1,8.58909177e-1,3.99633276e-1,8.24933595e-1,7.31030353e-2,5.77078543e-2
8456-6104,7.25239439e-2,-5.38736193e-2,2.39934888e-1,-1.85548559e-1,2.48953357e-1,-1.90453881e-1,1.28516388e-2,-1.12062952e-2
8456-9101,5.86882181e-2,1.22494759e-1,3.41188687e-2,3.17976265e-1,-9.65701357e-2,2.06840319e-1,6.20820687e-3,3.29681412e-2
8456-9102,-4.30450279e-1,-3.85025775e-1,-8.46708122e-1,-1.19826220e0,-2.54360246e-1,-1.04089427e0,-8.70955387e-2,-9.21227246e-2
8458-12701,-2.19703227e-1,-2.43604421e-1,-3.58524161e-1,-7.32392877e-1,1.47711329e-2,-5.92222077e-1,-4.46703334e-2,-6.07982908e-2
8458-12702,-5.84874479e-2,-4.55069265e-2,-1.12728657e-1,-1.26033768e-1,-3.77064324e-2,-8.66071414e-2,-1.08751048e-2,-1.22254615e-2
8458-12703,-1.26107643e-2,5.82430993e-3,-3.89478558e-2,3.96147791e-2,-5.07455299e-2,5.71853976e-2,1.46420765e-5,1.04152240e-4
8458-12704,8.17401931e-2,1.34385852e-2,2.55602820e-1,8.50477463e-2,2.27028740e-1,1.42505514e-1,1.72896376e-2,-7.47661022e-4
8458-1901,-5.73909699e-1,-3.15118851e-1,-1.40211152e0,-1.06775259e0,-8.71657413e-1,-1.06921882e0,-1.16124321e-1,-6.72495068e-2
8458-3701,-8.08854092e-1,-2.75536824e-1,-2.14873844e0,-9.68970282e-1,-1.59706578e0,-1.02967265e0,-1.59932975e-1,-5.52162961e-2
8458-3703,-4.01588843e-1,-1.32649704e-1,-1.07152807e0,-4.67980022e-1,-8.03079122e-1,-4.99804157e-1,-7.92902252e-2,-2.64274296e-2
8458-3704,-5.55223795e-1,-1.85345480e-1,-1.47592833e0,-6.51570664e-1,-1.09846055e0,-6.91991602e-1,-1.09750708e-1,-3.71664502e-2
8458-6101,9.00545056e-2,9.62236911e-2,1.71319426e-1,3.05009618e-1,4.13360673e-2,2.76299934e-1,1.81731137e-2,2.23904013e-2
8458-6102,-1.96945002e-1,1.81794019e-1,-7.66020284e-1,5.69672861e-1,-9.13567891e-1,4.90735636e-1,-3.30506847e-2,4.35678643e-2
8458-6103,-1.45181203e-1,-7.01984542e-2,-3.68775012e-1,-2.43739118e-1,-2.49247611e-1,-2.53655275e-1,-2.92031487e-2,-1.43950408e-2
8458-6104,1.53564799e-2,3.08295496e-3,5.31219566e-2,1.76475368e-2,5.57421013e-2,2.98189154e-2,2.85499584e-3,-7.45532555e-5
8458-9101,3.49723516e-1,5.32335694e-2,9.86821290e-1,1.94650734e-1,8.21378360e-1,2.21616504e-1,6.71117104e-2,9.80901276e-3
8458-9102,2.47309455e-2,6.30420234e-2,1.06008153e-2,2.01159209e-1,-6.68120418e-2,1.82075245e-1,5.81835531e-3,1.46473815e-2
8459-12701,2.05477290e-1,-2.02816082e-2,6.50047458e-1,-3.37866390e-2,6.26925504e-1,2.55513310e-2,3.84286036e-2,-7.92133144e-3
8459-12702,-4.31061820e-1,-3.73277624e-1,-8.47888823e-1,-1.09823759e0,-2.96529195e-1,-8.78201278e-1,-8.09903076e-2,-9.37487898e-2
8459-12703,-7.27131401e-1,-4.05198422e-1,-1.76520632e0,-1.36809604e0,-1.08126084e0,-1.36195395e0,-1.47279488e-1,-8.69616996e-2
8459-12704,-6.38268714e-1,-3.50835300e-1,-1.53641852e0,-1.16229740e0,-9.32190593e-1,-1.12400014e0,-1.28374029e-1,-7.73769711e-2
8459-1901,1.89328525e0,5.85319532e-1,5.09372414e0,2.07457013e0,3.87903190e0,2.23204728e0,3.72584620e-1,1.15605167e-1
8459-1902,-7.48526694e-1,-2.82987651e-1,-1.96785148e0,-9.91941696e-1,-1.43224571e0,-1.04860920e0,-1.48613783e-1,-5.70459674e-2
8459-3704,-5.01172784e-1,-1.37135629e-1,-1.35541879e0,-4.85592198e-1,-1.04303633e0,-5.21716076e-1,-9.83660332e-2,-2.71322416e-2
8459-6101,1.71203467e-1,1.59864757e-1,3.48787695e-1,5.22066178e-1,1.15556959e-1,4.91338359e-1,3.57476322e-2,3.60598457e-2
8459-6103,5.33449727e-1,-5.12826148e-2,1.54208186e0,-1.74683959e-1,1.33383550e0,-1.75750538e-1,1.01452463e-1,-1.08759081e-2
8459-9101,-6.95566914e-1,-4.63254258e-1,-1.57798307e0,-1.49991627e0,-8.23727032e-1,-1.39794765e0,-1.40329656e-1,-1.05388867e-1
8459-9102,-5.52730797e-1,-4.23716942e-1,-1.16288518e0,-1.31220560e0,-4.90694258e-1,-1.13518725e0,-1.09751311e-1,-1.01707360e-1
8461-12702,-4.27947080e-1,-4.33637089e-1,-7.93162775e-1,-1.36155518e0,-1.43760682e-1,-1.19781629e0,-8.83566170e-2,-1.02839279e-1
8461-12703,-2.95547977e-1,-1.24519802e-1,-7.47313447e-1,-4.14477447e-1,-5.09552319e-1,-4.05604173e-1,-5.84923221e-2,-2.71999474e-2
8461-12704,-7.22154070e-1,-3.75077585e-1,-1.77830230e0,-1.26860543e0,-1.12895972e0,-1.26708467e0,-1.45586756e-1,-8.02558832e-2
8461-1901,-9.04900570e-1,-2.35438341e-1,-2.46524595e0,-8.39127716e-1,-1.92263311e0,-9.10803942e-1,-1.77111300e-1,-4.60107988e-2
8461-1902,-6.18668946e-1,-2.61369099e-1,-1.60034646e0,-9.09309048e-1,-1.12717219e0,-9.49880856e-1,-1.23483726e-1,-5.33926292e-2
8461-3701,1.88980789e0,1.06260114e-1,5.28964293e0,3.79913350e-1,4.33677634e0,4.14600725e-1,3.64930919e-1,2.06341089e-2
8461-6101,-1.05403420e0,-1.20925317e-1,-2.94140772e0,-4.35413109e-1,-2.39795886e0,-4.80284155e-1,-2.03907676e-1,-2.31619055e-2
8461-6102,2.34920270e-1,3.23011182e-1,3.42209611e-1,1.01585554e0,-1.21372027e-1,8.91092707e-1,5.07841780e-2,7.66832245e-2
8461-6103,-2.24517563e-1,-9.55443609e-2,-5.65486695e-1,-3.18048859e-1,-3.81758293e-1,-3.10493376e-1,-4.45816287e-2,-2.09066230e-2
8461-9101,1.51448359e-2,-1.57600293e-1,1.96022598e-1,-4.98691683e-1,3.57904982e-1,-4.43180211e-1,1.77514249e-4,-3.70913536e-2
8461-9102,5.35733927e-1,1.24931430e0,2.76097554e-2,3.61773991e0,-1.71645896e0,2.69225366e0,1.12348007e-1,3.24666443e-1
8462-12701,-6.90329867e-1,-4.33130588e-1,-1.61222418e0,-1.43525706e0,-8.98846514e-1,-1.38640068e0,-1.40306792e-1,-9.55772380e-2
8462-12703,-2.24974518e-1,-1.98544100e-1,-4.34024869e-1,-5.79519634e-1,-1.38818134e-1,-4.55567801e-1,-4.21483282e-2,-5.02741702e-2
8462-12704,-4.04987077e-1,-3.09488281e-1,-8.53970639e-1,-9.34951554e-1,-3.80196850e-1,-7.86352481e-1,-7.74508877e-2,-7.55349248e-2
8462-12705,5.68609798e-2,7.10323284e-2,1.00351233e-1,2.35444983e-1,2.63022482e-3,2.26617492e-1,1.24779680e-2,1.57033826e-2
8462-1901,6.87931816e0,1.28775630e0,1.88822203e1,4.57222460e0,1.49417464e1,4.93349337e0,1.34108317e0,2.53485055e-1
8462-1902,-8.50697401e-1,-3.04117314e-1,-2.25440897e0,-1.07056848e0,-1.66691699e0,-1.13942496e0,-1.68424047e-1,-6.08319745e-2
8462-3701,1.66858853e-1,1.40263464e-1,3.52484895e-1,4.55778025e-1,1.40848932e-1,4.26168023e-1,3.43700014e-2,3.18102526e-2
8462-3702,-1.96197082e-1,-4.60636576e-2,-5.39280679e-1,-1.65028497e-1,-4.27607953e-1,-1.80600630e-1,-3.82439649e-2,-8.91155618e-3
8462-6103,3.29514419e0,7.14233692e-1,8.92194077e0,2.49614431e0,6.89078406e0,2.62720065e0,6.45503702e-1,1.44715998e-1
8462-9101,-5.46439053e-1,-2.83633545e-1,-1.35678663e0,-9.70274816e-1,-8.73976015e-1,-9.86219256e-1,-1.10356862e-1,-5.96291084e-2
8464-12701,-4.16656533e-2,1.43622142e-1,-3.01438883e-1,3.97347500e-1,-4.58483207e-1,2.67360367e-1,-7.96687662e-3,3.88377110e-2
8464-12702,-6.24251579e-1,-2.67486952e-1,-1.65024573e0,-1.01501091e0,-1.16154303e0,-1.16527640e0,-1.30246362e-1,-4.75530633e-2
8464-12704,-3.13758743e-1,-3.20690382e-1,-5.53998822e-1,-8.48414986e-1,-1.47000148e-1,-5.73524752e-1,-4.82112771e-2,-8.56268766e-2
8464-12705,-1.27787123e-1,-4.43789817e-2,-3.41244653e-1,-1.57934157e-1,-2.52641456e-1,-1.72248080e-1,-2.51546766e-2,-8.31785008e-3
8464-1902,-5.56878659e-1,-1.97393412e-1,-1.46776389e0,-6.90681699e-1,-1.07419022e0,-7.28013431e-1,-1.10423064e-1,-3.99209086e-2
8464-3702,-1.20254070e-1,2.74742012e-2,-3.83595622e-1,8.10775396e-2,-3.77700098e-1,6.01100960e-2,-2.20560673e-2,7.11503990e-3
8464-3703,2.87605866e0,6.97122060e-1,7.75842494e0,2.42566769e0,5.95792829e0,2.53750104e0,5.63536187e-1,1.42267596e-1
8464-6104,-7.17713325e-1,-4.17083126e-1,-1.72789537e0,-1.40686023e0,-1.03600611e0,-1.39817139e0,-1.45725600e-1,-8.96537914e-2
8464-9101,-4.56852206e-1,-2.83634771e-1,-1.15524647e0,-9.98408125e-1,-7.70227193e-1,-1.06247738e0,-9.22782445e-2,-5.67424300e-2
8464-9102,-1.67066367e-1,-1.24485363e-1,-3.64369369e-1,-4.04428617e-1,-1.64534376e-1,-3.77625382e-1,-3.42728935e-2,-2.82540630e-2
8465-3701,-6.86688513e-1,-3.65635398e-1,-1.70440024e0,-1.25295979e0,-1.09692472e0,-1.27770623e0,-1.38679826e-1,-7.66265511e-2
8465-3702,-5.85157921e-1,-4.79980319e-1,-1.20252036e0,-1.45425942e0,-4.84674531e-1,-1.22701919e0,-1.12445589e-1,-1.16979987e-1
8465-3703,-6.82809540e-1,-3.30680801e-1,-1.71710540e0,-1.13506039e0,-1.13897683e0,-1.16028795e0,-1.37366500e-1,-6.91219127e-2
8465-3704,1.97817433e1,2.68643159e0,5.47340920e1,9.54434989e0,4.39604119e1,1.03106973e1,3.84111850e0,5.28105593e-1
8465-6101,-5.73100258e-1,-2.55497154e-1,-1.48004780e0,-8.93136847e-1,-1.03708331e0,-9.39914658e-1,-1.14618971e-1,-5.17619157e-2
8465-6102,1.56773363e-1,2.94730328e-1,1.31002337e-1,8.81603907e-1,-2.57785826e-1,7.12969676e-1,3.19112189e-2,7.35677405e-2
8465-6103,-4.39331177e-1,-1.42402611e-1,-1.18076525e0,-5.09198762e-1,-8.94459978e-1,-5.54099019e-1,-8.67970653e-2,-2.77062162e-2
8465-6104,8.30694932e-2,-1.53463306e-1,4.39086534e-1,-4.12374549e-1,5.91584803e-1,-2.54333634e-1,1.63246171e-2,-4.27153922e-2
8465-9102,7.49006921e-1,5.83529886e-1,1.61409823e0,1.88584915e0,7.04623608e-1,1.74751326e0,1.53124689e-1,1.33293646e-1
8466-12702,-5.01442312e-1,-4.87193916e-1,-9.05633175e-1,-1.41078407e0,-1.90024672e-1,-1.08621711e0,-9.39535823e-2,-1.24685796e-1
8466-12704,-7.72543553e-2,-7.02971882e-2,-1.50440598e-1,-1.76634646e-1,-6.22270658e-2,-1.13689965e-1,-1.03543433e-2,-1.78610888e-2
8466-12705,-8.44529387e-2,-7.49938878e-3,-2.38756252e-1,-4.42939460e-2,-1.95680751e-1,-5.84786496e-2,-1.86152404e-2,-1.54882493e-3
8466-1901,-9.18780852e-1,-3.53248308e-1,-2.40673954e0,-1.23470876e0,-1.73959859e0,-1.29943674e0,-1.82592010e-1,-7.15699749e-2
8466-1902,-1.36972446e-1,-1.94882842e-1,-2.54159053e-1,-6.69081101e-1,-2.66913980e-2,-6.83237682e-1,-3.03861909e-2,-4.07544311e-2
8466-3701,1.61677254e0,9.34147991e-1,3.93735858e0,3.18108236e0,2.42262929e0,3.21147042e0,3.27992899e-1,1.97769386e-1
8466-3703,-5.44797512e-1,-2.01510298e-1,-1.45483657e0,-7.15397549e-1,-1.09120929e0,-7.71687582e-1,-1.07610214e-1,-3.96769501e-2
8466-3704,-5.56799536e-1,-1.49420567e-1,-1.51633324e0,-5.32824548e-1,-1.18168500e0,-5.78807423e-1,-1.09002906e-1,-2.91717540e-2
8466-6101,-7.84623804e-2,-2.20501005e-1,-6.40425126e-2,-7.50482962e-1,1.63674065e-1,-7.55703810e-1,-1.96451299e-2,-4.67695555e-2
8466-6102,7.38285397e-1,2.81684818e-1,1.92426576e0,9.64887286e-1,1.38839997e0,9.89704813e-1,1.45596227e-1,5.87948596e-2
8466-6103,2.48961567e-1,2.19489075e-1,4.26997622e-1,5.50115147e-1,9.01866726e-2,2.92065423e-1,4.16216589e-2,6.34164345e-2
8466-6104,-7.80610526e-1,-2.27607657e-1,-2.10795672e0,-8.07903756e-1,-1.61665525e0,-8.71226425e-1,-1.53383346e-1,-4.48306298e-2
8466-9101,4.21092280e-2,1.71889080e-1,-8.42543675e-2,4.80486781e-1,-2.94517093e-1,3.38017257e-1,7.26253855e-3,4.57121732e-2
8466-9102,-6.66933670e-1,-3.70157874e-1,-1.62142452e0,-1.25011407e0,-9.97067313e-1,-1.24523908e0,-1.35002264e-1,-7.94010816e-2
8479-3703,3.31236721e0,4.79819343e-1,9.13100718e0,1.68248240e0,7.29400752e0,1.78268772e0,6.43379935e-1,9.65561619e-2
8480-3701,3.53732508e0,1.66377038e0,8.89270934e0,5.67662707e0,5.91023703e0,5.75051620e0,7.10049916e-1,3.51075926e-1
8481-12701,-5.70222397e-1,-4.36478462e-1,-1.23479544e0,-1.41020912e0,-5.49098878e-1,-1.30632367e0,-1.16440639e-1,-9.97292976e-2
8481-1902,-2.93698738e-1,-9.70540388e-2,-7.83912518e-1,-3.42019179e-1,-5.88175208e-1,-3.64708516e-1,-5.79546489e-2,-1.93730318e-2
8481-3703,6.44938233e-1,4.78370691e-1,1.44106201e0,1.55818887e0,7.18276232e-1,1.47158797e0,1.30219797e-1,1.07739508e-1
8481-3704,-2.40143107e-1,-1.10621182e-1,-6.16569632e-1,-3.85092597e-1,-4.27115453e-1,-4.02656618e-1,-4.80834012e-2,-2.25737705e-2
8481-6102,-1.51065016e-1,-6.20258292e-2,-3.93525010e-1,-2.26550438e-1,-2.73560762e-1,-2.47161625e-1,-3.12043250e-2,-1.19258509e-2
8481-6103,3.99435244e0,2.03680792e0,9.82711937e0,6.86737807e0,6.23033962e0,6.82327984e0,8.04958091e-1,4.37990668e-1
8481-6104,1.46335069e0,6.07815091e-2,4.11653000e0,2.21702013e-1,3.40412891e0,2.49470303e-1,2.81930967e-1,1.13385180e-2
8481-9101,-2.64057212e-1,-5.00714485e-2,-7.69878047e-1,-2.46142384e-1,-6.33864868e-1,-3.52736616e-1,-5.49614800e-2,-3.92173337e-3
8482-12702,1.79832664e-1,1.56465160e-2,5.14865166e-1,6.73661055e-2,4.33323633e-1,9.08641575e-2,3.48698994e-2,1.90887377e-3
8482-1902,-1.44530016e-1,-1.41072697e-1,-2.85648466e-1,-4.62771010e-1,-7.57308916e-2,-4.37737489e-1,-3.06812770e-2,-3.16552852e-2
8482-3703,-8.01168639e-1,-2.56263232e-1,-2.14972889e0,-9.07844478e-1,-1.62841302e0,-9.75969842e-1,-1.57862555e-1,-5.06613263e-2
8482-3704,1.00534078e0,3.12363695e-1,2.70205731e0,1.10634441e0,2.05376444e0,1.18900169e0,1.97921854e-1,6.17758451e-2
8482-6101,2.36529191e-1,1.47692758e-2,6.46170290e-1,3.62883850e-2,5.15069275e-1,1.47178838e-2,4.54012242e-2,4.49404642e-3
8482-6102,8.29904597e-1,6.31117072e-2,2.31532648e0,2.23644994e-1,1.88790663e0,2.40781075e-1,1.60457332e-1,1.24620907e-2
8482-6103,2.60859114e0,4.18371670e-2,7.38253917e0,1.65398826e-1,6.16772760e0,2.07665406e-1,5.01153020e-1,6.44937834e-3
8482-9102,-1.74991163e-1,-1.01629277e-1,-4.03331125e-1,-3.21208051e-1,-2.23995048e-1,-2.86863092e-1,-3.48452879e-2,-2.38712402e-2
8483-12702,-6.73765608e-1,-3.28803382e-1,-1.69245709e0,-1.12697415e0,-1.12073876e0,-1.14963266e0,-1.35493805e-1,-6.88837888e-2
8483-12703,-2.09827223e-1,-9.63075213e-2,-5.15878132e-1,-3.09518452e-1,-3.35058653e-1,-2.87278366e-1,-4.11937542e-2,-2.19813277e-2
8483-12704,-2.24126384e-1,-1.85959526e-1,-4.53797840e-1,-6.33666059e-1,-1.31566196e-1,-5.95392142e-1,-5.26663845e-2,-4.30607209e-2
8483-12705,-5.65160048e-1,-5.56277291e-1,-1.02622452e0,-1.61310034e0,-2.29760444e-1,-1.25332861e0,-1.04821212e-1,-1.41708401e-1
8483-1902,3.57247843e-1,2.18806728e-1,8.74288654e-1,7.57830550e-1,5.39341084e-1,7.85405208e-1,7.28850142e-2,4.50664296e-2
8483-3701,1.23254539e0,6.38674930e-1,3.07800916e0,2.19451716e0,2.00801713e0,2.24728379e0,2.48609456e-1,1.33262857e-1
8483-3702,9.52781252e-1,2.56519143e-1,2.57155601e0,9.02521403e-1,1.97340284e0,9.60249478e-1,1.86966679e-1,5.13452447e-2
8483-3704,1.18745370e-1,3.69508883e-1,-8.34498148e-2,1.11937270e0,-5.87803431e-1,9.09006056e-1,2.89442242e-2,9.18864335e-2
8483-6101,1.05934239e0,4.10994488e-1,2.77580418e0,1.43696553e0,2.00796100e0,1.51319689e0,2.10468611e-1,8.32196534e-2
8483-6102,6.13094632e-1,1.73640560e-2,1.73519513e0,6.60011720e-2,1.44987484e0,7.87804186e-2,1.17774581e-1,2.95617799e-3
8483-6103,-3.33905889e-1,-1.82116195e-1,-7.93144319e-1,-5.79642429e-1,-4.78855112e-1,-5.28439700e-1,-6.56876400e-2,-4.21941402e-2
8483-6104,5.18479456e-1,-1.53996308e-1,1.53991194e0,-5.39077501e-1,1.38951146e0,-5.68393401e-1,9.72087009e-2,-3.11265689e-2
8483-9101,-2.35882453e-1,-2.04332558e-1,-4.82688052e-1,-6.59268754e-1,-1.66073169e-1,-6.05712085e-1,-4.91139317e-2,-4.69935809e-2
8483-9102,-2.72406506e-1,-2.12676937e-1,-5.68638094e-1,-6.53258514e-1,-2.36257123e-1,-5.59143386e-1,-5.35635429e-2,-5.13970174e-2
8484-12701,-4.91749146e-1,-2.25733914e-1,-1.26573371e0,-7.88428752e-1,-8.80619613e-1,-8.28605156e-1,-9.84642215e-2,-4.58008950e-2
8484-12702,3.84959832e-2,2.11402206e-2,1.00952096e-1,8.09210789e-2,6.87118093e-2,9.39053831e-2,8.20089334e-3,3.69557572e-3
8484-12703,-7.82013349e-1,-3.30334101e-1,-2.02341884e0,-1.15001235e0,-1.42559320e0,-1.20253236e0,-1.56107083e-1,-6.74043160e-2
8484-12704,-2.72761292e-1,-1.58429779e-1,-6.45685269e-1,-5.21370363e-1,-3.76073484e-1,-4.98445043e-1,-5.49908781e-2,-3.52867420e-2
8484-12705,-2.87254858e-1,-1.12960076e-1,-7.42950316e-1,-3.86603276e-1,-5.26614797e-1,-3.95196235e-1,-5.69155310e-2,-2.36390341e-2
8484-3701,-5.58045883e-1,-3.50374668e-1,-1.29155878e0,-1.14103319e0,-7.12608292e-1,-1.07351657e0,-1.12406189e-1,-7.91104328e-2
8484-3702,8.48122475e-1,4.84473237e-1,2.08872645e0,1.66795416e0,1.31448712e0,1.71271197e0,1.72170577e-1,1.00782791e-1
8484-3703,2.36015728e-1,1.39730141e-1,5.80433455e-1,4.82261421e-1,3.63722790e-1,4.97260990e-1,4.79587548e-2,2.89430698e-2
8484-6101,-1.04641604e-1,3.57190788e-2,-3.45496942e-1,1.04561064e-1,-3.50933615e-1,7.73651067e-2,-1.92279424e-2,9.28043499e-3
8484-6103,-2.78903580e-2,5.03510611e-2,-1.30840508e-1,1.58692092e-1,-1.75862577e-1,1.39457142e-1,-4.34545640e-3,1.19312646e-2
8485-12701,-1.00068752e-1,-2.34006975e-2,-2.78305938e-1,-1.17452109e-1,-2.02669118e-1,-1.57554880e-1,-2.31523372e-2,-2.47773793e-3
8485-12702,-2.10182151e-1,-4.05660745e-2,-6.11808391e-1,-2.16521388e-1,-4.89264904e-1,-3.17489758e-1,-4.59392009e-2,-2.20936827e-3
8485-12704,-4.98542714e-1,-4.99160904e-1,-9.05978565e-1,-1.43940909e0,-2.12099579e-1,-1.11980705e0,-9.01883739e-2,-1.26822163e-1
8485-12705,-6.98481959e-1,-4.54201114e-1,-1.60933062e0,-1.49496085e0,-8.66601419e-1,-1.42825583e0,-1.42003944e-1,-1.01192127e-1
8485-3701,-5.70003867e-1,-4.02732152e-1,-1.28263935e0,-1.32128692e0,-6.43153733e-1,-1.25569426e0,-1.16366426e-1,-9.01278705e-2
8485-3702,-3.45843141e-1,-1.59567899e-1,-8.73676948e-1,-5.46703804e-1,-5.86053324e-1,-5.57177268e-1,-6.94253490e-2,-3.34575438e-2
8485-6101,1.85063339e-1,2.14693782e-1,3.06305173e-1,6.41283617e-1,5.94788726e-3,5.23091009e-1,3.58290176e-2,5.33324065e-2
8485-6102,-4.86973620e-1,-3.82554979e-1,-1.04524868e0,-1.23456842e0,-4.50125876e-1,-1.14169587e0,-9.95101394e-2,-8.75262836e-2
8485-6103,7.64230822e-1,5.22057987e-1,1.74219178e0,1.72286475e0,9.05510040e-1,1.65262489e0,1.56078964e-1,1.15896155e-1
8485-9101,9.56360803e-1,8.19448011e-4,2.71009616e0,8.47677024e-3,2.26924669e0,1.87922816e-2,1.83606358e-1,-4.28643046e-4
8485-9102,1.03449046e0,5.87923075e-1,2.49998626e0,1.97737556e0,1.51818686e0,1.95747945e0,2.09325880e-1,1.26880860e-1
8486-12702,-2.10356066e-1,-1.13096416e-1,-4.98580625e-1,-3.88468636e-1,-2.89790586e-1,-3.74351844e-1,-4.55345919e-2,-2.62068454e-2
8486-12704,-1.86577886e-1,-6.00652160e-2,-4.96469780e-1,-2.26087457e-1,-3.59492903e-1,-2.51803969e-1,-3.86954269e-2,-1.12164789e-2
8486-12705,1.58230006e-1,6.27663167e-2,4.00090884e-1,3.49240199e-1,1.92099562e-1,4.49258875e-1,4.96970673e-2,8.51700462e-3
8486-1901,-6.86587711e-1,-2.19362532e-1,-1.83862754e0,-7.75387576e-1,-1.38768174e0,-8.30640136e-1,-1.35371070e-1,-4.35474763e-2
8486-3702,-2.58479144e-1,1.08213773e-3,-7.81393094e-1,-2.64766079e-2,-7.13749801e-1,-7.78259102e-2,-4.89349185e-2,3.31543568e-3
8486-3703,2.13013903e0,4.21637965e-1,5.81979719e0,1.48672435e0,4.56883257e0,1.58714505e0,4.15873843e-1,8.40623725e-2
8486-3704,-8.03270653e-1,-3.03911411e-1,-2.11265299e0,-1.06574571e0,-1.53887370e0,-1.12741496e0,-1.59463283e-1,-6.12157819e-2
8486-6101,3.16434636e-1,2.79929942e-1,6.27444844e-1,8.43005051e-1,2.19534051e-1,7.02295383e-1,6.06560734e-2,6.87877180e-2
8486-6102,-5.07761263e-1,-2.54139878e-1,-1.25819597e0,-8.59988529e-1,-8.10903863e-1,-8.59689575e-1,-1.02161223e-1,-5.43354098e-2
8486-6103,1.23065989e0,3.65948632e-1,3.23769657e0,1.24755614e0,2.37357416e0,1.26210612e0,2.42970771e-1,7.73272882e-2
8486-6104,-3.10385480e-2,1.11039940e-1,-1.75731925e-1,3.74384400e-1,-2.67534621e-1,3.70518550e-1,-3.41872983e-3,2.39314575e-2
8486-9101,-6.82119344e-1,-2.68212359e-1,-1.78005212e0,-9.36589007e-1,-1.27609811e0,-9.83743850e-1,-1.35814972e-1,-5.44508728e-2
8486-9102,-5.57740229e-1,-2.37739855e-1,-1.45750873e0,-8.55580028e-1,-1.03167684e0,-9.32612895e-1,-1.12811428e-1,-4.59922738e-2
8487-12701,-9.05327533e-2,-1.74172103e-2,-2.44870141e-1,-5.51920605e-2,-1.92908734e-1,-5.02175847e-2,-1.73438482e-2,-4.07685556e-3
8487-12703,3.39837625e-2,1.25044584e-1,-4.70080338e-2,3.14538729e-1,-1.75293507e-1,1.88776440e-1,8.27386214e-4,3.42928377e-2
8487-12704,-2.65627546e-2,5.04145744e-2,-1.35980764e-1,1.04028737e-1,-1.63242919e-1,3.55363344e-2,-1.01827527e-2,1.44342819e-2
8487-1902,-9.74042297e-2,-2.10844968e-2,-2.65415620e-1,-7.41504910e-2,-2.07449392e-1,-7.88517048e-2,-1.90288728e-2,-4.22325378e-3
8487-3701,1.13142473e1,1.70061557e0,3.13906475e1,6.09240555e0,2.53272392e1,6.66764885e0,2.19485842e0,3.29005392e-1
8487-3702,4.08678909e0,7.48284566e-1,1.12434570e1,2.66473909e0,8.93389405e0,2.88876757e0,7.95958492e-1,1.46462346e-1
8487-3704,-4.27118080e-1,1.96345150e-2,-1.30963237e0,1.47261461e-2,-1.22013334e0,-7.38897439e-2,-8.03240435e-2,9.50734614e-3
8487-6101,-2.50052109e-1,-4.16032358e-2,-6.88646993e-1,-1.46941777e-1,-5.48818286e-1,-1.57369300e-1,-4.86233235e-2,-8.26603462e-3
8487-6103,-8.31018641e-3,-8.86656852e-2,6.07067301e-2,-2.86550988e-1,1.61191207e-1,-2.63576834e-1,-3.51323972e-3,-2.03323260e-2
8487-9102,-8.50940245e-2,3.50045259e-2,-3.52460747e-1,-2.42666664e-2,-3.64070275e-1,-2.13519021e-1,-2.35946493e-2,1.96409012e-2
8488-12701,-2.30752966e-1,1.75000486e-2,-7.64646906e-1,-8.98196522e-2,-7.09769813e-1,-2.87093425e-1,-5.18666153e-2,1.62327432e-2
8488-12702,-7.05254494e-1,-4.37378009e-1,-1.66400855e0,-1.46254864e0,-9.49212729e-1,-1.43340650e0,-1.43543504e-1,-9.52553645e-2
8488-12705,5.08353381e-1,4.45214033e-1,1.03313816e0,1.40884746e0,3.61812840e-1,1.26253257e0,1.03197921e-1,1.04309526e-1
8488-3701,-7.90949204e-1,-5.32135590e-1,-1.81473866e0,-1.76123273e0,-9.60016011e-1,-1.69729370e0,-1.61513801e-1,-1.17653770e-1
8488-3703,1.20943013e0,5.52541669e-1,2.96046923e0,1.73842351e0,1.92824886e0,1.55765210e0,2.35281729e-1,1.29680879e-1
8488-3704,-1.77384851e-1,-8.05366874e-2,-4.16744514e-1,-2.28874020e-1,-2.57588055e-1,-1.66431833e-1,-3.35713334e-2,-2.11884106e-2
8488-6104,-2.47154060e-1,-1.63446254e-1,-5.51038297e-1,-5.00706575e-1,-2.89589752e-1,-4.30387115e-1,-4.76826613e-2,-3.94160150e-2
8488-9101,-5.50534670e-3,-1.06158660e-2,1.71501514e-2,5.73738221e-2,-1.09155927e-5,1.56135007e-1,7.36791175e-3,-8.53054707e-3
8488-9102,-2.77597787e-1,-1.14147755e-1,-7.30799754e-1,-4.96171479e-1,-4.65400116e-1,-6.09818097e-1,-6.59495429e-2,-1.70450572e-2
8546-12702,-2.86695028e-1,-1.42888542e-1,-6.99050726e-1,-4.61062737e-1,-4.46464391e-1,-4.31403085e-1,-5.63149667e-2,-3.24532624e-2
8546-12704,-3.84562730e-1,-2.87529488e-1,-8.18779820e-1,-8.90737650e-1,-3.62211237e-1,-7.72538175e-1,-7.60686088e-2,-6.89106858e-2
8546-1902,6.64777548e-1,3.10101270e-1,1.71000574e0,1.08384837e0,1.18787854e0,1.14037507e0,1.33157571e-1,6.28402030e-2
8546-3702,6.39063182e0,9.01165806e-1,1.77599343e1,3.22968429e0,1.43736373e1,3.53718881e0,1.23861571e0,1.74194331e-1
8546-3704,-5.42479540e-1,-2.19750547e-1,-1.41992835e0,-7.79016195e-1,-1.01751434e0,-8.34199369e-1,-1.08652742e-1,-4.35556395e-2
8546-6101,2.51930366e-1,1.59786507e-1,5.63523606e-1,4.81447288e-1,3.02742434e-1,4.02350826e-1,4.80963774e-2,3.92008531e-2
8546-6102,-2.65549586e-1,-2.26155255e-1,-5.08790989e-1,-6.38500766e-1,-1.67439931e-1,-4.67616309e-1,-4.86190684e-2,-5.92159732e-2
8546-6104,1.66759279e-1,1.41333757e-1,3.67534306e-1,4.78352811e-1,1.65023437e-1,4.77743272e-1,3.48969590e-2,3.02267443e-2
8546-9101,1.03977248e-1,1.16025549e-1,1.86667962e-1,3.78782515e-1,1.40214332e-2,3.50301152e-1,2.29420618e-2,2.65560999e-2
8547-12701,1.76619393e-1,7.40243858e-2,4.62514427e-1,2.67567713e-1,3.27959777e-1,2.91857203e-1,3.58804748e-2,1.42857306e-2
8547-12703,-7.59380044e-1,-1.33472977e-1,-2.09913509e0,-4.78060803e-1,-1.68213393e0,-5.22958641e-1,-1.47600047e-1,-2.58349304e-2
8547-12705,-5.25144723e-1,-3.30524130e-1,-1.23684393e0,-1.10510929e0,-7.02631595e-1,-1.08326669e0,-1.06868430e-1,-7.19817962e-2
8547-1901,-1.59147808e-1,2.10077980e-1,-7.59957067e-1,5.81553862e-1,-1.00744029e0,3.71932824e-1,-2.69625488e-2,5.77299785e-2
8547-3701,1.88598595e0,7.89563361e-1,4.74263348e0,2.61810442e0,3.19167419e0,2.54166281e0,3.74277174e-1,1.73598010e-1
8547-6101,2.89129417e0,7.19418267e-1,7.82604862e0,2.53124232e0,6.03807287e0,2.69304392e0,5.66717907e-1,1.43999187e-1
8547-6102,-5.32728344e-1,-2.94218047e-1,-1.29243091e0,-9.87019427e-1,-7.94359134e-1,-9.73665242e-1,-1.07483950e-1,-6.37179783e-2
8547-6103,1.64295734e-1,2.10661631e-1,2.42902300e-1,6.09399232e-1,-4.26052922e-2,4.70414184e-1,3.03185997e-2,5.37773657e-2
8547-6104,-5.93291193e-2,-6.80742715e-2,-8.95953900e-2,-2.03974453e-1,2.05358446e-2,-1.62023940e-1,-1.23993319e-2,-1.71330474e-2
8547-9102,-7.60624476e-1,-4.29342666e-1,-1.84362438e0,-1.44839714e0,-1.12599833e0,-1.44050491e0,-1.53999681e-1,-9.22410341e-2
8548-12703,-3.06287217e-1,-2.66653009e-1,-5.99100169e-1,-7.77568441e-1,-2.07664525e-1,-6.14214939e-1,-5.68050428e-2,-6.73423802e-2
8548-12704,-2.05605224e-2,7.08658979e-2,-1.40157018e-1,2.11831076e-1,-2.16865006e-1,1.67796516e-1,-2.94151069e-3,1.78625707e-2
8548-12705,2.99383815e-1,4.59138635e-1,4.01038804e-1,1.41717475e0,-2.01709314e-1,1.22080595e0,6.14005830e-2,1.10467203e-1
8548-1902,-9.92254842e-1,-4.40638958e-1,-2.54297923e0,-1.52638791e0,-1.75661949e0,-1.58344340e0,-1.98618304e-1,-9.06931294e-2
8548-3702,-2.44040767e-1,-1.02568891e-1,-6.21900484e-1,-3.46949154e-1,-4.28510301e-1,-3.47523983e-1,-4.85008930e-2,-2.19062168e-2
8548-3704,2.43562725e-1,1.97101168e-1,5.45640815e-1,6.66898897e-1,2.60962404e-1,6.65568181e-1,5.06961154e-2,4.21840927e-2
8548-6101,1.15443811e0,2.59107981e-1,3.09141256e0,8.82179808e-1,2.34612886e0,8.89089731e-1,2.26514840e-1,5.49539414e-2
8548-6102,1.10115203e-1,8.10586667e-2,2.47541766e-1,2.63887270e-1,1.26251590e-1,2.49730705e-1,2.21104778e-2,1.82282272e-2
8548-6103,-3.55954186e-1,-1.94998199e-1,-8.54528625e-1,-6.44672927e-1,-5.14890325e-1,-6.20932919e-1,-7.16531623e-2,-4.31509901e-2
8548-6104,-5.89671533e-1,-3.44886363e-1,-1.40160616e0,-1.14228373e0,-8.22583099e-1,-1.10400052e0,-1.19025000e-1,-7.60978090e-2
8548-9101,1.49343049e0,6.71881221e-2,4.21983833e0,2.58386979e-1,3.51064016e0,3.10863105e-1,2.87658238e-1,1.12049413e-2
8549-12702,5.19852309e-1,3.16791338e-1,1.23375814e0,1.04838316e0,7.24870345e-1,1.01568740e0,1.04418804e-1,6.98052907e-2
8549-12703,-2.44468496e-1,-2.83479019e-1,-3.96511464e-1,-7.17037736e-1,-6.88718928e-2,-4.51489611e-1,-3.18553880e-2,-7.66672519e-2
8549-12704,3.87548266e-1,2.59113642e-2,1.10447619e0,1.02222737e-1,9.31336147e-1,1.27410592e-1,7.44102333e-2,4.03680257e-3
8549-12705,-5.38735356e-1,-2.90059549e-1,-1.32455882e0,-9.86211325e-1,-8.35510513e-1,-9.93170115e-1,-1.08885310e-1,-6.15615876e-2
8549-1901,-3.09306765e-1,-6.74096744e-2,-8.48962368e-1,-2.40601414e-1,-6.71548502e-1,-2.61777412e-1,-6.03173022e-2,-1.31360438e-2
8549-1902,-5.84872846e-1,-2.85497147e-1,-1.46548154e0,-9.75616602e-1,-9.65807734e-1,-9.90441165e-1,-1.17621860e-1,-6.01060029e-2
8549-3701,1.10391810e0,3.36963733e-1,3.03508318e0,1.26469609e0,2.37068854e0,1.46002778e0,2.19233788e-1,5.99857707e-2
8549-3702,3.29868811e-1,2.75462548e-1,7.10455527e-1,9.11945602e-1,2.99009504e-1,8.78161981e-1,6.86074771e-2,6.09233714e-2
8549-3703,-2.95025786e-1,-3.14640198e-1,-5.24157575e-1,-9.81387586e-1,-5.38046740e-2,-8.52477230e-1,-6.10529316e-2,-7.52433488e-2
8549-3704,-2.09655653e-1,-7.00570565e-2,-5.67242640e-1,-2.54138547e-1,-4.33837146e-1,-2.82367307e-1,-4.14344944e-2,-1.32598213e-2
8549-6101,2.81536785e0,1.52007553e-1,7.93085102e0,5.60548962e-1,6.57195282e0,6.40607098e-1,5.42234836e-1,2.77241233e-2
8549-6102,-3.18526189e-2,9.46386604e-2,-2.15495807e-1,2.41045372e-1,-3.08394166e-1,1.33525965e-1,-8.07965386e-3,2.70131898e-2
8549-6103,-4.45271664e-1,-4.68998405e-1,-7.76753012e-1,-1.27886936e0,-1.69582667e-1,-9.12787800e-1,-7.20174533e-2,-1.23023758e-1
8549-6104,-5.68681893e-1,-3.78088987e-1,-1.30623076e0,-1.25340406e0,-6.91080042e-1,-1.21007236e0,-1.16357038e-1,-8.34413245e-2
8549-9102,-3.40829742e-1,-4.74432425e-1,-4.49747855e-1,-1.19407482e0,9.02461836e-2,-7.28680354e-1,-4.16969151e-2,-1.29755590e-1
8550-12702,4.18223014e-2,7.09048698e-2,5.68277748e-2,2.32338296e-1,-3.36218035e-2,2.19280282e-1,9.47729664e-3,1.59384927e-2
8550-1902,3.24178967e0,6.09254565e-1,8.98043741e0,2.19669965e0,7.22025093e0,2.42701736e0,6.29843170e-1,1.16417983e-1
8550-3701,-5.04592324e-3,3.95359709e-2,-3.98117713e-2,1.37082806e-1,-6.94450288e-2,1.42062716e-1,-1.22225003e-4,8.13712560e-3
8550-3702,1.71244311e0,6.88974198e-1,4.35781202e0,2.33223967e0,2.98324580e0,2.33172760e0,3.41734933e-1,1.47264449e-1
8550-3703,-4.43387327e-1,-1.71315266e-1,-1.16072892e0,-5.98923258e-1,-8.37741508e-1,-6.30473852e-1,-8.81526865e-2,-3.46984341e-2
8550-6102,2.40546881e-2,8.31516085e-2,-1.17641555e-2,2.59929151e-1,-1.07957697e-1,2.28585548e-1,5.56856933e-3,1.97322930e-2
8550-6103,1.66593986e-1,6.04395698e-2,4.38482342e-1,2.11597344e-1,3.19927536e-1,2.23211605e-1,3.30593234e-2,1.22118946e-2
8550-6104,-4.25170181e-1,-2.87082039e-1,-9.92526614e-1,-9.69239391e-1,-5.44628802e-1,-9.64183197e-1,-8.72729841e-2,-6.16401473e-2
8551-12701,-9.89833998e-2,-1.36597150e-1,-1.31726428e-1,-3.85629382e-1,4.89553833e-2,-2.83179136e-1,-1.75950057e-2,-3.56922525e-2
8551-12702,7.26214021e-2,8.59326695e-2,1.29835625e-1,2.75879337e-1,1.29966882e-2,2.53225532e-1,1.52066004e-2,1.97791672e-2
8551-12703,6.98243009e-2,1.51419431e-1,2.93603119e-2,4.28895670e-1,-1.59016311e-1,3.15289213e-1,1.22895249e-2,3.95465477e-2
8551-12704,-8.37174090e-1,-4.19672329e-1,-2.09133951e0,-1.43761721e0,-1.36639541e0,-1.46471374e0,-1.68750899e-1,-8.80199274e-2
8551-1902,-9.13283745e-1,-3.93666480e-1,-2.35722832e0,-1.36911515e0,-1.65241695e0,-1.42943815e0,-1.82437858e-1,-8.04654730e-2
8551-3701,-9.49227028e-2,2.01488178e-2,-3.07316757e-1,5.30095656e-2,-3.05542962e-1,2.67630988e-2,-1.74970797e-2,5.88538471e-3
8551-3702,7.15755963e-1,8.65623709e-2,1.99383289e0,3.10710403e-1,1.62041336e0,3.41077660e-1,1.38576056e-1,1.66828615e-2
8551-3703,9.22777230e-1,4.44275109e-1,2.35094959e0,1.54619061e0,1.59915412e0,1.61541445e0,1.85458125e-1,9.07237813e-2
8551-6101,-7.73579137e-2,2.59201726e-2,-2.55928466e-1,7.00205888e-2,-2.56449198e-1,4.38028933e-2,-1.47654390e-2,7.16960382e-3
8551-6104,-2.25170939e-1,-6.10876784e-2,-6.07263137e-1,-2.15033789e-1,-4.65203581e-1,-2.28937576e-1,-4.42111564e-2,-1.22172866e-2
8551-9101,8.58406817e-1,-1.23802709e-1,2.64894574e0,-3.27434703e-1,2.48417330e0,-1.76766699e-1,1.61690798e-1,-3.56131601e-2
8551-9102,-2.92535190e-1,-1.56367655e-1,-7.01885669e-1,-4.91498460e-1,-4.39935794e-1,-4.45717557e-1,-5.62927229e-2,-3.63658494e-2
8552-12701,6.59765559e-2,1.29579638e-1,6.30243822e-2,4.11599360e-1,-1.04160614e-1,3.68955334e-1,1.48605243e-2,3.03185702e-2
8552-12704,4.53726409e-1,4.81557613e-1,9.62652949e-1,1.01153862e0,5.87962741e-1,5.83314599e-1,1.10005477e-2,1.06409207e-1
8552-12705,-1.17490039e-1,-2.91799586e-2,-3.20951749e-1,-1.03083444e-1,-2.52404033e-1,-1.11354924e-1,-2.28359083e-2,-5.74894163e-3
8552-1901,3.66494014e0,1.85807197e0,9.32488112e0,6.48464272e0,6.32053897e0,6.80624068e0,7.37249613e-1,3.77534854e-1
8552-3701,-7.20704332e-1,-3.88342805e-1,-1.76159321e0,-1.31037745e0,-1.09934724e0,-1.30413825e0,-1.45488960e-1,-8.33858587e-2
8552-3704,-3.29178558e-1,-1.27826427e-1,-8.51105004e-1,-4.40677595e-1,-6.00080542e-1,-4.53646216e-1,-6.56001238e-2,-2.65253940e-2
8552-6102,-1.24670132e-1,-7.59038041e-2,-2.83762760e-1,-2.37159465e-1,-1.54149483e-1,-2.08572529e-1,-2.46018895e-2,-1.80297168e-2
8552-6103,1.76149530e-1,-7.17872891e-2,6.03940579e-1,-2.08741000e-1,6.38940356e-1,-1.50913553e-1,3.18169719e-2,-1.88259045e-2
8552-6104,1.57165207e0,-4.66221809e-2,4.49667052e0,-1.42929890e-1,3.82239175e0,-1.16099464e-1,3.00653934e-1,-1.15383126e-2
8552-9101,-2.28175664e-1,-2.79405721e-1,-3.32012113e-1,-7.42781691e-1,3.37614145e-2,-4.88587007e-1,-3.62430440e-2,-7.57306980e-2
8553-12703,-7.96517378e-1,-4.73356207e-1,-1.89515657e0,-1.58251176e0,-1.10664040e0,-1.55043347e0,-1.61703886e-1,-1.03125643e-1
8553-12705,-2.53998526e-1,-1.82240808e-1,-5.33728902e-1,-5.33200601e-1,-2.42155968e-1,-4.17800585e-1,-4.81318470e-2,-4.63044681e-2
8553-1902,1.95377387e-1,1.03609851e-1,5.04905681e-1,3.70582322e-1,3.50563685e-1,4.03231884e-1,3.94271651e-2,2.01535879e-2
8553-3701,3.76772006e0,1.02343642e0,1.01523929e1,3.60949928e0,7.75923734e0,3.85315467e0,7.40543493e-1,2.04010433e-1
8553-3703,6.55212482e-1,4.65968324e-1,1.51045012e0,1.57026079e0,7.99103175e-1,1.55763975e0,1.34839624e-1,1.00327473e-1
8553-3704,-2.66348853e-1,-2.43492173e-1,-5.15471157e-1,-7.56537480e-1,-1.39424045e-1,-6.54396867e-1,-5.40818419e-2,-5.84093270e-2
8553-6101,1.16597037e0,7.32677213e-1,2.79488934e0,2.50346727e0,1.64174826e0,2.53852746e0,2.38540309e-1,1.54369272e-1
8553-6103,1.00590997e0,8.12916718e-1,2.09140233e0,2.56566601e0,8.12437438e-1,2.28500236e0,2.03836356e-1,1.91270837e-1
8553-6104,1.64893376e-1,-3.99742753e-2,5.46207047e-1,-1.05192811e-1,5.57683416e-1,-5.37797593e-2,3.01397322e-2,-1.16277025e-2
8553-9101,-4.46016692e-1,-2.53406043e-1,-1.05491070e0,-8.20851548e-1,-6.21081090e-1,-7.67129519e-1,-8.89617664e-2,-5.75527068e-2
8554-12701,-6.66002967e-1,-5.64906712e-1,-1.34734296e0,-1.74906818e0,-4.80753861e-1,-1.51258035e0,-1.32785027e-1,-1.35617417e-1
8554-12702,-6.11478381e-1,-4.70824733e-1,-1.29046454e0,-1.46116131e0,-5.51423083e-1,-1.27129541e0,-1.21193522e-1,-1.12607692e-1
8554-12705,-2.24964510e-1,-1.96212366e-1,-4.40633280e-1,-5.93924248e-1,-1.38993653e-1,-4.93298291e-1,-4.42306439e-2,-4.82876391e-2
8554-1902,1.85429477e-2,7.54251845e-2,-3.69931285e-3,2.57456244e-1,-8.12919974e-2,2.60179470e-1,5.28416745e-3,1.59333151e-2
8554-3701,-3.62335369e-1,-1.83048949e-1,-8.97870209e-1,-6.22918904e-1,-5.76504520e-1,-6.27741891e-1,-7.31343735e-2,-3.88130273e-2
8554-3702,2.26809199e0,1.01614788e-1,6.38093364e0,3.71147350e-1,5.27729995e0,4.18455700e-1,4.36972250e-1,1.89032146e-2
8554-3703,-4.81779530e-1,-3.03696529e-1,-1.15094972e0,-1.03437783e0,-6.71155124e-1,-1.04350759e0,-9.85421714e-2,-6.43170884e-2
8554-6101,-2.94854159e-1,-1.84441537e-1,-6.69608660e-1,-5.65709133e-1,-3.70455389e-1,-4.89125430e-1,-5.66562286e-2,-4.43080731e-2
8554-6102,6.75605480e-1,2.03956385e-2,1.90135450e0,7.48778315e-2,1.57343885e0,8.50655072e-2,1.30139415e-1,3.75363287e-3
8554-6103,-6.39284338e-1,-2.46735533e-1,-1.69866974e0,-8.74493446e-1,-1.26146438e0,-9.40793292e-1,-1.26542386e-1,-4.87358224e-2
8554-6104,4.65539212e-1,3.25036208e-1,1.08575302e0,1.10193810e0,5.92775627e-1,1.10372188e0,9.57206866e-2,6.93329412e-2
8554-9101,-3.19407674e-1,-1.21120267e-1,-8.22410123e-1,-4.03906302e-1,-5.83523439e-1,-3.98231714e-1,-6.26922042e-2,-2.62992263e-2
8554-9102,-6.98032127e-1,-3.53820264e-1,-1.73467850e0,-1.20539384e0,-1.12227803e0,-1.21777759e0,-1.40658053e-1,-7.48559785e-2
8555-12701,-1.22707954e-1,-1.45061053e-1,-3.04437593e-1,-5.19273148e-1,-1.92468630e-1,-5.67517139e-1,-2.50853309e-2,-2.81095951e-2
8555-12702,4.35034812e-1,4.91966062e-1,7.11974779e-1,1.36006570e0,6.43577018e-2,9.78367668e-1,7.32942256e-2,1.29219052e-1
8555-12704,2.12597451e-1,-1.53642993e-1,6.63875143e-1,-5.43338009e-1,6.43659995e-1,-5.82397356e-1,3.87204519e-2,-3.04773372e-2
8555-12705,8.24390572e-2,9.87411531e-2,1.39977136e-1,3.03410435e-1,7.04347272e-3,2.59833210e-1,1.63997383e-2,2.38659559e-2
8555-1901,-1.22483688e-1,7.46563211e-2,-4.50426134e-1,2.17421161e-1,-5.06516709e-1,1.58790201e-1,-2.17581484e-2,1.95092943e-2
8555-1902,6.73604469e-1,3.03086440e-1,1.73013962e0,1.05407584e0,1.19957525e0,1.10034393e0,1.34851105e-1,6.19576287e-2
8555-3701,7.75370013e-1,3.20520614e-1,2.01396179e0,1.11620204e0,1.43131333e0,1.16808000e0,1.54483676e-1,6.53547679e-2
8555-3702,8.54059132e-1,1.75925077e-2,2.42288809e0,7.12723869e-2,2.03166824e0,9.19921580e-2,1.63957853e-1,2.53507210e-3
8555-3703,5.52610454e-1,3.94381525e-1,1.23514660e0,1.28830087e0,6.07975762e-1,1.21549707e0,1.12747560e-1,8.87920693e-2
8555-6102,-5.56279475e-1,-2.20865601e-1,-1.45727631e0,-7.75069969e-1,-1.05222770e0,-8.20635615e-1,-1.10667535e-1,-4.44386622e-2
8555-6103,-3.62101514e-1,-1.90456178e-1,-9.39213487e-1,-6.74255763e-1,-6.62628343e-1,-7.24037605e-1,-7.24487636e-2,-3.77009630e-2
8555-6104,5.71666087e-1,7.83022559e-2,1.60229056e0,2.85360536e-1,1.31577139e0,3.20634651e-1,1.10404468e-1,1.46343425e-2
8555-9101,1.10268050e1,6.50860004e-1,3.08260048e1,2.32964112e0,2.52139958e1,2.54605752e0,2.13094824e0,1.26135095e-1
8555-9102,2.61181955e-2,2.73768857e-2,4.79281584e-2,1.16115631e-1,-8.59392791e-3,1.27150671e-1,9.40092081e-3,5.45650924e-3
8561-12701,-1.33459280e-1,-1.03307786e-1,-2.79656049e-1,-2.67602199e-1,-1.48947826e-1,-1.81800410e-1,-1.99942094e-2,-2.72151144e-2
8561-12702,-1.84877585e-1,-1.20901504e-1,-4.17627702e-1,-3.53215239e-1,-2.39674847e-1,-2.90600393e-1,-3.30633338e-2,-2.97163100e-2
8561-12703,-2.11965388e-1,-1.29317101e-1,-5.54164371e-1,-4.19714813e-1,-3.59806477e-1,-4.47425813e-1,-3.50173752e-2,-1.74149361e-2
8561-1901,5.57488107e-2,5.56178597e-2,1.21963861e-1,1.91838412e-1,5.20488050e-2,1.97471296e-1,1.18065173e-2,1.15374714e-2
8561-1902,7.18791533e-1,2.02568604e-1,1.94765830e0,7.20759025e-1,1.50327428e0,7.80202142e-1,1.41044841e-1,3.97168617e-2
8561-3701,4.79743048e-1,4.13510392e-1,1.01567919e0,1.36841995e0,3.95116250e-1,1.31603721e0,1.00377383e-1,9.15352887e-2
8561-3703,-6.66591621e-1,-3.80997719e-1,-1.60670050e0,-1.28109346e0,-9.68566438e-1,-1.26736590e0,-1.35046145e-1,-8.22667453e-2
8561-3704,-2.68161270e-1,-2.43145672e-1,-5.51878003e-1,-7.82281272e-1,-2.01697900e-1,-7.23703298e-1,-5.46053617e-2,-5.56535538e-2
8561-6101,-1.14070230e-1,-8.99963533e-2,-2.76898111e-1,-3.16131858e-1,-1.66263697e-1,-3.35235581e-1,-2.34237988e-2,-1.80750855e-2
8561-6102,-2.49990822e-1,-1.47605615e-1,-5.97191483e-1,-5.01695164e-1,-3.46647411e-1,-5.01571807e-1,-5.14275721e-2,-3.14973308e-2
8561-6103,3.70441137e-1,4.34359213e-1,6.02768105e-1,1.22918110e0,3.71611685e-2,9.26565387e-1,6.41328355e-2,1.12030184e-1
8561-6104,6.70395562e-2,1.02786803e-2,2.03275337e-1,4.78254626e-2,1.85075732e-1,6.98901839e-2,1.28068451e-2,8.68222546e-4
8562-12701,8.26990926e-1,3.17734870e-1,2.18831196e0,1.12236286e0,1.61200267e0,1.20103517e0,1.63936205e-1,6.31553564e-2
8562-12703,3.43832493e-2,1.52356681e-1,-8.82834949e-2,4.00832743e-1,-2.64044508e-1,2.50333348e-1,3.30607777e-3,4.20228206e-2
8562-1901,-7.12664471e-1,-2.42536539e-1,-1.89938619e0,-8.55346056e-1,-1.42064022e0,-9.13140810e-1,-1.40745644e-1,-4.83468469e-2
8562-1902,6.93819247e0,1.11398843e0,1.92445367e1,3.99752242e0,1.55178140e1,4.38607388e0,1.34630455e0,2.14818295e-1
8562-3701,-1.95890324e-1,7.25889346e-2,-6.77248548e-1,1.93807093e-1,-7.15868225e-1,1.08770113e-1,-3.59781274e-2,2.06905059e-2
8562-3703,2.15784694e-1,1.99811672e-1,4.27690102e-1,6.30108193e-1,1.32309690e-1,5.62324450e-1,4.37421796e-2,4.69541710e-2
8562-3704,5.12614264e-2,-1.31315956e-1,2.20232266e-1,-4.57900996e-1,2.90268565e-1,-4.79717149e-1,7.39734353e-3,-2.67296256e-2
8562-6102,-4.75002576e-1,-2.64286156e-1,-1.14915348e0,-8.89033582e-1,-6.98786566e-1,-8.79706948e-1,-9.62014109e-2,-5.70456516e-2
8562-6103,2.02848184e0,9.19061706e-1,5.04365946e0,3.05153168e0,3.30564312e0,2.96276732e0,4.04600169e-1,2.02004089e-1
8562-6104,1.27194599e0,5.53632436e-1,3.14972580e0,1.82820541e0,2.04139211e0,1.75330478e0,2.54540173e-1,1.22890656e-1
8562-9102,6.62533440e-1,8.94647616e-2,1.86115261e0,3.35385743e-1,1.52909000e0,3.90399080e-1,1.28327524e-1,1.58072504e-2
8563-12701,3.50006059e-1,3.24190660e-1,6.97694603e-1,1.03426173e0,2.15429525e-1,9.38137453e-1,7.19192445e-2,7.52682070e-2
8563-12702,-1.35012832e-1,-1.81066948e-2,-3.90279395e-1,-1.16967779e-1,-3.07380250e-1,-1.74536217e-1,-3.12455469e-2,-4.96875059e-4
8563-12704,-2.92238225e-1,-3.53166574e-1,-4.45566610e-1,-9.26272863e-1,-6.79955094e-3,-6.08961140e-1,-4.31315235e-2,-9.51077403e-2
8563-3701,-4.84334256e-1,-4.84534641e-1,-8.76480941e-1,-1.38748124e0,-2.04307498e-1,-1.06502427e0,-8.69398594e-2,-1.23922439e-1
8563-3702,4.91770235e-1,3.16324308e-1,1.15067021e0,1.05377198e0,6.43735472e-1,1.02757619e0,1.00005096e-1,6.92293244e-2
8563-3703,-9.21573849e-1,-3.43804234e-1,-2.43107919e0,-1.20868763e0,-1.78091201e0,-1.28369957e0,-1.82801075e-1,-6.89372725e-2
8563-3704,-7.03094305e-1,-4.11070248e-1,-1.68099501e0,-1.37559567e0,-9.94533072e-1,-1.35040211e0,-1.42509189e-1,-8.94029614e-2
8563-6101,-3.79914053e-1,-1.76414964e-1,-9.59963605e-1,-6.04250830e-1,-6.44639796e-1,-6.15752477e-1,-7.62171241e-2,-3.69993643e-2
8563-6102,-5.24837711e-1,-4.70756454e-1,-1.03164603e0,-1.45979016e0,-3.13024116e-1,-1.26186970e0,-1.05622810e-1,-1.13017767e-1
8563-6103,3.52969700e-2,7.76518286e-2,2.54805437e-2,2.45878485e-1,-7.25462137e-2,2.19433674e-1,8.02794974e-3,1.82287046e-2
8563-6104,-9.63781611e-2,-6.80554927e-2,-2.20790871e-1,-2.27734245e-1,-1.15198240e-1,-2.23447612e-1,-1.97956044e-2,-1.48054078e-2
8564-12702,-9.19812166e-1,-3.50043008e-1,-2.42079469e0,-1.22887678e0,-1.76544034e0,-1.30226931e0,-1.82578999e-1,-7.03671778e-2
8564-12705,-2.98993970e-2,7.06801132e-2,-1.53039521e-1,2.27844563e-1,-2.17711761e-1,2.08494751e-1,-4.17762548e-3,1.62685451e-2
8564-1901,1.25506839e-1,1.09303529e-1,2.86113576e-1,3.78025124e-1,1.42565275e-1,3.90847096e-1,2.62540528e-2,2.25692260e-2
8564-1902,3.37004904e-1,3.02289034e-1,7.34856630e-1,1.02933551e0,3.12691932e-1,1.03699173e0,7.11239573e-2,6.40798124e-2
8564-3701,-1.06655828e-1,3.22921955e-2,-3.41757075e-1,9.90150287e-2,-3.37377427e-1,8.14771701e-2,-1.96282749e-2,7.95392460e-3
8564-3702,1.83069314e-1,2.16827726e-1,3.11801068e-1,6.84489614e-1,2.71234043e-3,6.07980913e-1,3.83897135e-2,5.10836926e-2
8564-3704,7.64809730e-1,9.32636943e-2,2.13369475e0,3.35922787e-1,1.73857856e0,3.70731806e-1,1.47978972e-1,1.78518662e-2
8564-6101,2.50201709e0,8.37255471e-1,6.49449984e0,2.84179525e0,4.63490675e0,2.85409251e0,4.96143634e-1,1.78181972e-1
8564-6102,-5.44467432e-1,-1.58727275e-1,-1.50758156e0,-5.97129532e-1,-1.19575927e0,-6.95179872e-1,-1.07338330e-1,-2.79455780e-2
8564-6104,-1.08208212e-1,-7.59129081e-2,-2.43996494e-1,-2.44265294e-1,-1.26758427e-1,-2.27136070e-1,-2.15538556e-2,-1.73117399e-2
8564-9101,-3.42473989e-1,-1.73659145e-1,-8.41368116e-1,-5.79231430e-1,-5.35780167e-1,-5.67703142e-1,-6.85170102e-2,-3.78558088e-2
8564-9102,2.40886784e-1,4.03556771e-1,2.37637744e-1,1.08336903e0,-2.47209741e-1,7.36408460e-1,3.52831102e-2,1.07859440e-1
8565-12702,-4.83726434e-1,-3.86216537e-1,-9.95796855e-1,-1.19396743e0,-3.82910167e-1,-1.02745671e0,-9.65346949e-2,-9.29948253e-2
8565-12705,9.55419629e-2,1.81652117e-1,7.58297890e-2,4.49925105e-1,-1.09512251e-1,2.72370520e-1,7.70295468e-3,4.94427335e-2
8565-1901,2.19061824e0,4.31412084e-1,5.98478217e0,1.52082559e0,4.69780101e0,1.62273621e0,4.27711251e-1,8.60558767e-2
8565-3701,3.78779985e-2,2.87252725e-3,1.22944975e-1,2.13197806e-2,1.20936796e-1,4.07062339e-2,7.15412731e-3,-5.58654402e-4
8565-3704,-8.18462396e-1,-4.07224128e-1,-2.03659823e0,-1.38392152e0,-1.32343013e0,-1.39288444e0,-1.64679054e-1,-8.64843550e-2
8565-6102,-6.60532503e-1,-4.42881664e-1,-1.51056443e0,-1.45950771e0,-7.93666119e-1,-1.39653326e0,-1.34722827e-1,-9.85269286e-2
8565-6103,-3.81497602e-1,-1.48161062e-1,-1.00374182e0,-5.33556101e-1,-7.22500831e-1,-5.78147443e-1,-7.71804718e-2,-2.89304893e-2
8565-6104,-5.12061339e-1,-9.41311610e-2,-1.42055683e0,-3.40501361e-1,-1.14468946e0,-3.77945437e-1,-9.94575930e-2,-1.78744710e-2
8565-9101,-6.12144054e-1,-3.55116533e-1,-1.46297083e0,-1.18576594e0,-8.65665746e-1,-1.15991031e0,-1.23984089e-1,-7.74863462e-2
8565-9102,3.18645261e-1,-9.76107656e-2,1.11542157e0,-1.63435380e-1,1.14054325e0,7.64088530e-2,6.51388310e-2,-3.59105361e-2
8566-12701,-4.83648042e-1,-2.55470408e-1,-1.21162148e0,-8.80842386e-1,-7.95990582e-1,-9.07302302e-1,-9.74770038e-2,-5.29883703e-2
8566-12702,6.35594939e-2,1.69087829e-1,2.21449192e-3,4.11877700e-1,-1.66159245e-1,2.47355658e-1,6.41317453e-4,4.39419278e-2
8566-12703,-6.05370816e-1,-2.87851547e-1,-1.52505229e0,-9.82850433e-1,-1.01940190e0,-9.97689826e-1,-1.21310108e-1,-6.06331176e-2
8566-1902,1.71256821e-1,-2.03326159e-2,5.13249334e-1,-6.29146461e-2,4.67891852e-1,-5.18489607e-2,3.20721422e-2,-4.98720638e-3
8566-3701,-2.58418702e-1,-9.58580108e-2,-6.73980829e-1,-3.31979791e-1,-4.83699805e-1,-3.44318688e-1,-5.13552362e-2,-1.97355623e-2
8566-3702,6.84503043e-3,1.14767975e-1,-6.97050624e-2,3.89807944e-1,-1.81867111e-1,3.90497201e-1,4.01434570e-3,2.44484665e-2
8566-3703,-1.23253905e-1,-3.81612494e-2,-3.24298658e-1,-1.25603632e-1,-2.41604797e-1,-1.22264250e-1,-2.38508184e-2,-8.40068293e-3
8566-3704,5.49197374e-1,-1.14879147e-1,1.85887566e0,-1.36629336e-1,1.84523676e0,2.27883563e-1,1.11627793e-1,-4.74276690e-2
8566-6101,-5.78226072e-1,-1.17091538e-1,-1.60262484e0,-4.24084099e-1,-1.28893035e0,-4.71637765e-1,-1.12384544e-1,-2.21775371e-2
8566-6102,-3.28629662e-1,-2.26144574e-1,-7.50297890e-1,-7.53927401e-1,-3.86953255e-1,-7.34089241e-1,-6.76258664e-2,-4.95189646e-2
8566-6103,-7.33753235e-1,-3.06233239e-1,-1.89615751e0,-1.06334109e0,-1.33311711e0,-1.10728868e0,-1.46470092e-1,-6.27708006e-2
8566-9101,-1.09734956e-1,-1.67513293e-1,-1.92205944e-1,-5.72469581e-1,3.06944741e-3,-5.80239744e-1,-2.46003306e-2,-3.52977766e-2
8566-9102,3.63333939e-1,1.35253856e-1,9.82731495e-1,4.90490826e-1,7.51583242e-1,5.45430652e-1,7.17614401e-2,2.55897859e-2
8567-12702,-1.36811391e-1,-4.04672771e-2,-4.12467960e-1,-2.49332744e-1,-3.11671939e-1,-3.88417375e-1,-3.47055504e-2,3.02386070e-4
8567-12704,-4.47690030e-1,-2.94019724e-1,-1.03522905e0,-9.76082470e-1,-5.59337895e-1,-9.45201517e-1,-9.13833531e-2,-6.47280169e-2
8567-12705,-4.23052320e-1,-2.09261505e-1,-1.06447895e0,-7.21715438e-1,-7.05566204e-1,-7.43255394e-1,-8.52318702e-2,-4.34004584e-2
8567-1901,3.98929144e-1,1.77533730e-1,1.03940296e0,6.25595806e-1,7.41064879e-1,6.66773981e-1,7.96170119e-2,3.54499642e-2
8567-1902,1.06558454e-1,1.32621332e-1,1.87097555e-1,4.34476990e-1,6.06935648e-3,4.10538910e-1,2.30712673e-2,2.97949853e-2
8567-3701,9.05405341e-2,6.57353926e-2,2.14683440e-1,2.26504968e-1,1.21880577e-1,2.32902921e-1,1.86302739e-2,1.36551561e-2
8567-3702,2.78664649e-1,2.88063764e-1,5.12622663e-1,9.17982555e-1,7.55214476e-2,8.25002502e-1,5.88462820e-2,6.72435902e-2
8567-3703,8.83472041e-1,2.22039485e-1,2.44222937e0,8.15292211e-1,1.94724051e0,9.22794475e-1,1.72654030e-1,4.09717001e-2
8567-3704,-5.99281482e-1,-4.01901253e-1,-1.38032507e0,-1.33643147e0,-7.35635907e-1,-1.29714159e0,-1.22614570e-1,-8.82867647e-2
8567-6101,-3.27288030e-1,-3.02018847e-1,-6.16429507e-1,-8.50205948e-1,-1.93368457e-1,-6.34598342e-1,-5.75417881e-2,-7.81746551e-2
8567-6102,-8.43697907e-1,-3.98531909e-1,-2.14477669e0,-1.37896344e0,-1.45495618e0,-1.42779496e0,-1.69392607e-1,-8.21903492e-2
8567-6103,-1.82880712e-1,2.41756399e-1,-8.29052130e-1,7.23020391e-1,-1.08738338e0,5.63376335e-1,-2.93777028e-2,6.13186114e-2
8567-6104,1.58952999e0,3.63462773e-1,4.21584752e0,1.16561644e0,3.18556550e0,1.08082724e0,3.07599812e-1,8.32238803e-2
8567-9101,-6.47722072e-1,-5.88151059e-1,-1.25055626e0,-1.78665667e0,-3.60990175e-1,-1.49438565e0,-1.27704027e-1,-1.44127380e-1
8567-9102,1.22634056e-1,1.32851004e-1,2.17363005e-1,4.03762415e-1,3.00114921e-2,3.39463892e-1,2.41136324e-2,3.24538398e-2
8568-12701,8.65483822e-2,2.22282014e-1,4.50952371e-2,7.25064614e-1,-2.24957558e-1,6.79748626e-1,2.11770832e-2,5.02492553e-2
8568-1901,9.14615975e-1,2.66256748e-1,2.48931321e0,9.51598635e-1,1.93729310e0,1.03738998e0,1.79141755e-1,5.17557472e-2
8568-3701,-2.60044672e-1,-6.37074800e-3,-8.21201086e-1,-1.24581143e-1,-7.51666731e-1,-2.75715618e-1,-5.33386924e-2,8.14819681e-3
8568-3702,1.58675941e0,4.67807524e-1,4.33390858e0,1.70030563e0,3.37902833e0,1.89366366e0,3.11998889e-1,8.82566876e-2
8568-3703,-7.97719677e-1,-4.47624387e-1,-1.93772316e0,-1.51345934e0,-1.18823635e0,-1.51025981e0,-1.61594461e-1,-9.58510237e-2
8568-6101,2.42060326e-3,-1.41473874e-1,1.60643410e-1,-4.34718795e-1,3.25779890e-1,-3.64478363e-1,-1.91286940e-3,-3.45514943e-2
8568-6102,4.37396965e-1,1.07183703e-1,1.16699849e0,3.73943689e-1,8.73745253e-1,3.84813021e-1,8.69769575e-2,2.22199245e-2
8568-6104,-3.26781894e-1,-1.54554575e-1,-8.13234898e-1,-5.21162842e-1,-5.29925302e-1,-5.17787017e-1,-6.56220232e-2,-3.32349141e-2
8568-9101,2.13570006e0,7.37759966e-1,5.65524317e0,2.58483980e0,4.17931358e0,2.73113188e0,4.22550624e-1,1.48823209e-1
8569-12701,-1.98479130e-1,-2.57367718e-1,-2.76104695e-1,-6.66468916e-1,4.00793113e-2,-4.21555319e-1,-2.84799996e-2,-7.03161668e-2
8569-12703,7.52833806e-2,1.95038121e-1,8.59230210e-4,5.87379069e-1,-2.54289712e-1,4.76908452e-1,1.65647783e-2,4.85562843e-2
8569-12704,-2.02054244e-1,-2.12291805e-1,-3.35025866e-1,-7.15831883e-1,4.24073663e-2,-6.38362105e-1,-5.24787256e-2,-5.14753603e-2
8569-1901,1.69345548e0,8.84635943e-2,4.75168762e0,3.18629925e-1,3.91234287e0,3.51739692e-1,3.26637466e-1,1.69303638e-2
8569-1902,4.89042642e-1,1.96267440e-1,1.29333372e0,6.96897735e-1,9.49774954e-1,7.51277135e-1,9.71468351e-2,3.86553340e-2
8569-3701,-2.77216427e-1,-9.79028949e-2,-7.27823890e-1,-3.40202790e-1,-5.29307420e-1,-3.54780736e-1,-5.49717764e-2,-2.00386495e-2
8569-3702,3.82358998e-1,-1.58403311e-1,1.23194727e0,-5.15683387e-1,1.22931413e0,-4.79744869e-1,6.96903133e-2,-3.59869670e-2
8569-3703,-7.34285009e-1,-3.34584677e-1,-1.87094013e0,-1.15603493e0,-1.27629635e0,-1.19417623e0,-1.47253573e-1,-6.91733820e-2
8569-6101,-3.06039160e-1,-3.01677368e-1,-5.50509712e-1,-8.55141852e-1,-1.25695192e-1,-6.39512768e-1,-5.48916642e-2,-7.81577059e-2
8569-6103,3.78546770e-1,4.98320120e-1,5.68647867e-1,1.52340949e0,-1.27137485e-1,1.28294759e0,7.71918813e-2,1.21563036e-1
8569-6104,-7.54727578e-1,-2.45071684e-1,-2.01833163e0,-8.66499237e-1,-1.51874965e0,-9.28431606e-1,-1.48939228e-1,-4.86339818e-2
8569-9101,-1.71983264e-1,-1.26319868e-1,-3.63703808e-1,-3.95514002e-1,-1.51551064e-1,-3.46006874e-1,-3.48134828e-2,-3.00697458e-2
8570-12701,-1.53387657e-1,-1.48755347e-1,-2.88987782e-1,-4.42022549e-1,-7.97051006e-2,-3.60861983e-1,-2.89074771e-2,-3.69984464e-2
8570-12702,-3.44672450e-1,-3.17906018e-1,-6.57294915e-1,-9.29434032e-1,-2.00182291e-1,-7.36693585e-1,-6.40373013e-2,-8.01703051e-2
8570-12703,-1.77861146e-1,-8.50912233e-2,-4.37505346e-1,-2.91726654e-1,-2.74388973e-1,-2.88787820e-1,-3.69374667e-2,-1.84753407e-2
8570-12704,-3.64390516e-1,-4.53397520e-1,-6.05116883e-1,-1.11959980e0,-1.34247602e-1,-7.28479235e-1,-3.56048562e-2,-1.16158536e-1
8570-12705,-6.59102229e-1,-5.07909602e-1,-1.41362341e0,-1.62574354e0,-6.13348310e-1,-1.48335289e0,-1.33966507e-1,-1.17419301e-1
8570-1901,-1.00388728e0,-3.29401254e-1,-2.68103217e0,-1.16243528e0,-2.01305295e0,-1.24207717e0,-1.98125352e-1,-6.55902533e-2
8570-1902,4.17658521e-3,1.12661774e-1,-5.85200171e-2,3.91364973e-1,-1.48276266e-1,4.07356206e-1,3.09042781e-3,2.30912703e-2
8570-3701,-2.33677736e-1,-7.22551749e-2,-6.19747188e-1,-2.51752397e-1,-4.59740043e-1,-2.63594574e-1,-4.61789045e-2,-1.47224632e-2
8570-3703,-2.13242657e-1,-2.26926003e-1,-3.80827176e-1,-6.96720887e-1,-5.20615326e-2,-5.89914936e-1,-4.30638767e-2,-5.51974318e-2
8570-3704,7.41151271e-1,3.15163621e-1,1.89951037e0,1.09148347e0,1.31065302e0,1.13108795e0,1.48511552e-1,6.49201299e-2
8570-6101,-8.11884005e-1,-2.41855010e-1,-2.18264065e0,-8.54808143e-1,-1.66027467e0,-9.15641134e-1,-1.59773123e-1,-4.80193705e-2
8570-6102,-3.09646118e-1,-1.92186828e-1,-7.09277695e-1,-6.16956300e-1,-3.83053295e-1,-5.66432784e-1,-6.21485085e-2,-4.42348257e-2
8570-6103,-6.01628104e-1,-2.70420644e-1,-1.53004884e0,-9.28542260e-1,-1.04215732e0,-9.50318956e-1,-1.20447766e-1,-5.64701372e-2
8570-6104,1.38530158e0,7.45523258e-1,3.40416373e0,2.52753699e0,2.14910074e0,2.53490510e0,2.79548987e-1,1.58900575e-1
8570-9102,4.17423093e-1,1.75949051e-1,1.07807010e0,6.09146866e-1,7.58226137e-1,6.31652149e-1,8.32239894e-2,3.62388628e-2
8587-3702,2.92590644e0,1.19887516e0,7.50323909e0,4.10673672e0,5.20987707e0,4.18783344e0,5.83557705e-1,2.51310683e-1
8588-12704,2.58929592e-2,4.61593919e-2,4.01975949e-2,1.59313313e-1,-1.36564597e-2,1.62822469e-1,6.15742793e-3,9.62298005e-3
8588-12705,-7.12570007e-1,-3.57026741e-1,-1.77102726e0,-1.21271103e0,-1.14804720e0,-1.21978053e0,-1.43381052e-1,-7.58758664e-2
8588-1901,-4.53917847e-2,8.14504705e-2,-2.23145585e-1,2.50786304e-1,-3.07604197e-1,2.09057762e-1,-6.86024791e-3,1.99297061e-2
8588-1902,-6.77035476e-1,-1.74697912e-1,-1.83985382e0,-6.20730406e-1,-1.42842230e0,-6.70498620e-1,-1.32635823e-1,-3.43416454e-2
8588-3701,-6.52472266e-1,-2.93952188e-1,-1.67114163e0,-1.01983652e0,-1.15207743e0,-1.06046533e0,-1.30704433e-1,-6.03445588e-2
8588-3702,2.53977572e0,7.93526999e-1,6.82554179e0,2.81041506e0,5.18718382e0,3.02021009e0,5.00009613e-1,1.56947521e-1
8588-3703,-6.58742770e-1,-4.23626419e-1,-1.53381256e0,-1.41020530e0,-8.43957484e-1,-1.37131944e0,-1.34422897e-1,-9.29055114e-2
8588-6102,2.34341010e0,4.43930266e-1,6.46315187e0,1.58780497e0,5.15803147e0,1.73316388e0,4.55959627e-1,8.61605906e-2
8588-6103,1.33395422e-1,4.10706978e-1,-1.28545066e-1,1.13339489e0,-6.65362813e-1,7.66635312e-1,2.39006557e-2,1.10818225e-1
8588-6104,-6.60914533e-1,-2.34518764e-1,-1.75376756e0,-8.27895219e-1,-1.29887696e0,-8.84561798e-1,-1.30909797e-1,-4.66864981e-2
8588-9101,3.84039212e-2,7.72567104e-3,1.03774453e-1,2.09454833e-2,8.43153965e-2,1.47031298e-2,7.00463970e-3,2.07365343e-3
8589-12701,-4.59073913e-1,-4.22192618e-1,-8.79356614e-1,-1.18303772e0,-3.07406020e-1,-8.89083320e-1,-7.84890138e-2,-1.08638040e-1
8589-12702,5.46662422e-1,1.52329548e-1,1.48771252e0,5.57407417e-1,1.14745245e0,6.22619684e-1,1.08259986e-1,2.85315425e-2
8589-12704,-4.03466766e-1,-4.22952172e-1,-7.23755466e-1,-1.14858565e0,-1.94392377e-1,-8.34808967e-1,-6.22455363e-2,-1.09089723e-1
8589-1901,1.31545357e0,5.76264914e-1,3.40843230e0,2.01587229e0,2.40572922e0,2.12401972e0,2.62720239e-1,1.16593783e-1
8589-3701,6.42031126e-1,1.94981791e-1,1.73414735e0,6.96180762e-1,1.32841736e0,7.56921184e-1,1.26350694e-1,3.80028226e-2
8589-3702,1.48566846e0,3.20894494e-1,4.08777769e0,1.14838314e0,3.24779358e0,1.25460829e0,2.89422127e-1,6.22134252e-2
8589-3704,-2.63655496e-1,5.36568856e-2,-7.93371842e-1,1.80438695e-1,-7.28998615e-1,1.77343686e-1,-4.91625072e-2,1.16261995e-2
8589-6103,1.05922714e-1,3.08482124e-1,1.03721458e-2,1.00852057e0,-3.78153672e-1,9.45162685e-1,2.77005274e-2,6.96734699e-2
8589-9101,4.88388892e-1,3.03355568e-1,1.15072713e0,1.02691394e0,6.44244628e-1,1.01645153e0,1.01064691e-1,6.53939663e-2
8589-9102,-7.33097289e-1,-4.10879594e-1,-1.78610544e0,-1.39447631e0,-1.10128693e0,-1.39963150e0,-1.48612847e-1,-8.74782340e-2
8591-12701,-4.64122650e-1,-4.89397779e-1,-8.08712196e-1,-1.35443648e0,-1.62471649e-1,-9.88468430e-1,-7.75702426e-2,-1.27469076e-1
8591-12702,-5.36683519e-1,-4.29898745e-1,-1.11744304e0,-1.33209502e0,-4.54499515e-1,-1.15782581e0,-1.06171284e-1,-1.02872553e-1
8591-12704,-1.46632143e-1,-1.21425323e-1,-2.86355662e-1,-3.40210837e-1,-1.05637192e-1,-2.47098306e-1,-2.64180972e-2,-3.18965664e-2
8591-1901,1.13877214e0,3.92447744e-1,2.99526479e0,1.35891375e0,2.19017986e0,1.41091951e0,2.25253445e-1,8.07511666e-2
8591-1902,1.87267897e0,6.11499611e-1,4.95695997e0,2.11578988e0,3.67467056e0,2.19529808e0,3.69160598e-1,1.25948269e-1
8591-3701,8.84058304e-1,3.25725295e-1,2.35342750e0,1.15480600e0,1.75398594e0,1.24288060e0,1.74877147e-1,6.43035368e-2
8591-3703,-3.15657932e-1,-1.34266655e-1,-8.09641851e-1,-4.63220103e-1,-5.60939051e-1,-4.77450716e-1,-6.31035456e-2,-2.78258649e-2
8591-3704,3.06002852e-1,-6.00075736e-2,8.82424065e-1,-2.13734309e-1,7.61163732e-1,-2.31722200e-1,5.81881034e-2,-1.17426775e-2
8591-6101,1.01139230e0,3.04575169e-1,2.73806171e0,1.09291333e0,2.10359523e0,1.19514563e0,1.99213175e-1,5.88876096e-2
8591-6104,1.10639752e0,6.48718918e-1,2.66554173e0,2.18896217e0,1.60254180e0,2.17785203e0,2.24430893e-1,1.39323028e-1
8591-9102,-4.88602273e-1,-4.15933757e-1,-9.85528934e-1,-1.27684541e0,-3.54226414e-1,-1.09159444e0,-9.63089167e-2,-1.00595904e-1
8592-12701,-4.54466211e-1,-2.99265415e-1,-1.03134050e0,-9.57831917e-1,-5.46327444e-1,-8.78680259e-1,-9.07103591e-2,-6.89587280e-2
8592-12704,-1.58150401e-1,-1.17340526e-1,-3.48480610e-1,-3.10632099e-1,-2.08529694e-1,-2.30260463e-1,-2.33145124e-2,-2.98083034e-2
8592-1901,1.05687377e0,4.28850162e-1,2.77395425e0,1.51053265e0,2.00952412e0,1.60891592e0,2.10212037e-1,8.56991027e-2
8592-1902,-6.07242411e-1,-3.04346152e-1,-1.54833736e0,-1.06204157e0,-1.05499075e0,-1.11465257e0,-1.22015731e-1,-6.18466107e-2
8592-3701,1.55582450e0,3.90073606e-1,4.21667835e0,1.37690944e0,3.26000056e0,1.47239024e0,3.04898008e-1,7.76156064e-2
8592-3702,-4.16995242e-1,-2.40878331e-1,-9.89385783e-1,-7.92208085e-1,-5.80563509e-1,-7.56928861e-1,-8.39344025e-2,-5.36842917e-2
8592-3703,-1.69148740e-1,-2.90875212e-2,-4.69766483e-1,-1.06551509e-1,-3.78283670e-1,-1.19868915e-1,-3.29467139e-2,-5.40700354e-3
8592-3704,5.45798233e-2,6.20797051e-2,1.01038012e-1,2.02136648e-1,1.53557825e-2,1.89620059e-1,1.15633198e-2,1.40390689e-2
8592-6101,3.06748588e-1,1.37859658e-1,7.83657655e-1,4.74633130e-1,5.39184349e-1,4.88025519e-1,6.13083706e-2,2.86543575e-2
8592-6102,5.79511704e-2,2.53386199e-2,1.63637013e-1,9.70588303e-2,1.33369553e-1,1.16028109e-1,1.14131517e-2,4.26981656e-3
8592-9101,-7.44912259e-1,-4.83511287e-1,-1.70876732e0,-1.58301397e0,-9.11521863e-1,-1.49928530e0,-1.51227999e-1,-1.08517398e-1
8592-9102,2.99185464e-1,-3.76691979e-2,8.69173105e-1,-1.29992346e-1,7.58062411e-1,-1.33752519e-1,5.67314922e-2,-7.81289572e-3
8593-12703,2.74927400e-1,2.76108324e-1,5.00173927e-1,8.30796583e-1,9.65584415e-2,6.82507036e-1,5.39409823e-2,6.84576732e-2
8593-12705,-4.93673538e-1,-2.39295710e-1,-1.23039681e0,-8.09803668e-1,-8.04565657e-1,-8.10296018e-1,-9.90512617e-2,-5.11278107e-2
8593-1901,1.35320857e-1,2.07119391e-1,1.85461480e-1,6.62768822e-1,-9.90700383e-2,6.00344827e-1,2.99394676e-2,4.80736685e-2
8593-1902,-3.45202538e-1,-2.58649867e-1,-8.13984386e-1,-8.93599763e-1,-4.53264774e-1,-9.22536394e-1,-7.12966993e-2,-5.34960642e-2
8593-3703,-5.38370548e-1,-2.14990246e-1,-1.40267010e0,-7.49624909e-1,-1.00284787e0,-7.85868484e-1,-1.07185620e-1,-4.37466033e-2
8593-3704,-4.59003274e-3,-7.13186046e-2,1.44355176e-2,-2.53803662e-1,5.15934785e-2,-2.74790741e-1,-1.84250084e-3,-1.39790981e-2
8593-6103,-6.50584468e-1,-1.82188078e-1,-1.76200241e0,-6.47026430e-1,-1.35914667e0,-6.98359895e-1,-1.27652027e-1,-3.58474947e-2
8593-6104,1.66354246e0,6.70702523e-1,4.32786412e0,2.33517572e0,3.08625983e0,2.44275146e0,3.31236541e-1,1.36813933e-1
8593-9101,2.31306105e0,2.25764677e-1,6.42214042e0,7.99094747e-1,5.19103079e0,8.58298077e-1,4.48327092e-1,4.46916828e-2
8593-9102,-1.87968767e-1,-6.90441278e-2,-4.80596873e-1,-2.11127277e-1,-3.48627842e-1,-1.86454141e-1,-3.51849764e-2,-1.63955777e-2
8595-12701,8.45145671e-3,-2.09926704e-1,2.46600930e-1,-6.37399898e-1,4.74976236e-1,-5.26114889e-1,-7.60892062e-4,-5.17940939e-2
8595-12702,-2.56607411e-1,-3.57536814e-1,-4.09808820e-1,-8.17462614e-1,-9.26960291e-2,-4.81440649e-1,-1.08734692e-2,-8.98047998e-2
8595-12704,-7.00639707e-1,-2.66035905e-1,-1.83339637e0,-9.28847658e-1,-1.32223352e0,-9.75682410e-1,-1.39306059e-1,-5.40110035e-2
8595-12705,-1.86434843e-1,-2.13709321e-1,-2.82256012e-1,-5.78861105e-1,1.76289392e-2,-3.88579190e-1,-3.19599867e-2,-5.76848488e-2
8595-1902,-6.17437888e-1,-3.68526880e-1,-1.46898785e0,-1.22774093e0,-8.61460572e-1,-1.19815054e0,-1.24877460e-1,-8.06124482e-2
8595-3701,2.20607341e0,2.20204354e-1,6.15035614e0,7.90074060e-1,5.00566590e0,8.66633853e-1,4.26954746e-1,4.24774252e-2
8595-3702,-5.16177099e-1,-3.57616145e-1,-1.14964700e0,-1.14995245e0,-5.68341971e-1,-1.05801075e0,-1.04346116e-1,-8.21650594e-2
8595-3704,2.58914976e-3,8.61265629e-2,-8.91086124e-2,2.60221025e-1,-1.92338596e-1,2.11307123e-1,1.72601805e-3,2.14285269e-2
8595-6101,2.32212672e-1,-8.55281180e-2,6.93052092e-1,-3.01484711e-1,6.30278303e-1,-3.21476434e-1,4.33936329e-2,-1.70685563e-2
8595-6102,-5.90094246e-1,-5.78932132e-1,-1.08388738e0,-1.73419171e0,-2.29483250e-1,-1.41649279e0,-1.14939243e-1,-1.43792476e-1
8595-6103,-2.88800504e-1,-2.66585916e-1,-5.44096465e-1,-8.04574883e-1,-1.33243389e-1,-6.62197294e-1,-5.71863183e-2,-6.59203131e-2
8595-9101,6.69584997e-1,-1.50532847e-1,2.00472288e0,-5.09481253e-1,1.82660012e0,-5.07516524e-1,1.25373516e-1,-3.22441337e-2
8595-9102,-4.29110554e-1,-2.99958534e-1,-9.49208410e-1,-9.52438876e-1,-4.66459235e-1,-8.60438372e-1,-8.58716600e-2,-6.98988419e-2
8596-12701,-2.92430387e-1,-1.98049094e-1,-6.49151856e-1,-6.11672672e-1,-3.33504528e-1,-5.33312875e-1,-5.67541207e-2,-4.72861811e-2
8596-12703,-5.35330859e-1,-3.98831771e-1,-1.15255312e0,-1.25550251e0,-5.20396792e-1,-1.11751450e0,-1.07060406e-1,-9.39186806e-2
8596-12705,-1.64208699e-1,-7.40735160e-2,-3.92221207e-1,-2.38541019e-1,-2.58921597e-1,-2.07193845e-1,-3.41857244e-2,-2.09584629e-2
8596-1901,1.34902850e0,8.16013620e-1,3.22248356e0,2.75765208e0,1.88795721e0,2.74813435e0,2.74977304e-1,1.74923071e-1
8596-3701,-3.56642990e-1,-7.97676628e-2,-9.70579400e-1,-2.81823005e-1,-7.56063070e-1,-3.01717093e-1,-6.97815971e-2,-1.58481118e-2
8596-3702,3.69380173e-1,3.00878693e-1,7.86244089e-1,9.73483976e-1,3.26741658e-1,9.04581840e-1,7.56651115e-2,6.85854195e-2
8596-3703,2.79963030e0,2.37497442e-1,7.83418095e0,8.58381282e-1,6.41666755e0,9.51479607e-1,5.41003645e-1,4.51789159e-2
8596-3704,2.07276664e-1,8.14029383e-2,5.58603924e-1,2.91686457e-1,4.26139130e-1,3.19230525e-1,4.08178614e-2,1.57450914e-2
8596-6101,8.46305222e-1,4.42624247e-1,2.11292227e0,1.52175396e0,1.37755920e0,1.55998354e0,1.70715848e-1,9.22599206e-2
8596-6102,-7.68426824e-2,-1.28508220e-1,-3.93443795e-2,-2.86475779e-1,1.23603527e-1,-9.39658380e-2,-8.42595585e-3,-3.97488367e-2
8596-6103,-4.04924273e-1,-1.67058472e-1,-1.04857662e0,-5.80643397e-1,-7.40386835e-1,-6.05455400e-1,-8.07864552e-2,-3.41922291e-2
8596-6104,-8.62253837e-1,-4.31103853e-1,-2.15367269e0,-1.47506969e0,-1.40754594e0,-1.50026372e0,-1.73723420e-1,-9.05825467e-2
8596-9102,5.11569484e-1,-9.45578741e-3,1.49436465e0,-3.17449171e-3,1.30373619e0,4.45686626e-2,9.78140192e-2,-4.91598249e-3
8597-12701,1.47959303e-1,2.07244614e-1,2.21722490e-1,5.36233603e-1,-2.61538144e-3,3.74304786e-1,1.61030808e-2,5.21509573e-2
8597-12702,5.63689246e-1,4.20686294e-1,1.25146427e0,1.37874845e0,6.01447160e-1,1.30897951e0,1.15225476e-1,9.42405239e-2
8597-12705,2.07455823e-2,9.53098853e-2,-5.18876367e-2,2.56212105e-1,-1.57032467e-1,1.69835384e-1,2.08108383e-3,2.58252618e-2
8597-1901,-8.43551933e-1,-2.69020148e-1,-2.25673718e0,-9.49251501e-1,-1.70047018e0,-1.01414723e0,-1.66341059e-1,-5.35768198e-2
8597-1902,3.49793152e-1,1.26979004e-1,9.29358579e-1,4.47612701e-1,6.90942650e-1,4.77575217e-1,6.91580385e-2,2.53308803e-2
8597-3701,-6.05376793e-1,-2.53509015e-1,-1.57595915e0,-8.87264884e-1,-1.12369140e0,-9.35682465e-1,-1.20667326e-1,-5.12431024e-2
8597-3702,-4.82193034e-1,-1.28767505e-1,-1.33495494e0,-4.75226126e-1,-1.06607958e0,-5.41643250e-1,-9.42852513e-2,-2.35162877e-2
8597-3703,-5.42222870e-1,-1.49263120e-1,-1.46749775e0,-5.29627193e-1,-1.13046603e0,-5.70824771e-1,-1.06423453e-1,-2.94191425e-2
8597-6101,2.03759899e0,3.61809946e-1,5.58853965e0,1.27578238e0,4.41945882e0,1.36222967e0,3.97049236e-1,7.21245858e-2
8597-6103,-8.78717384e-1,-4.64278288e-1,-2.16610338e0,-1.57793768e0,-1.37545491e0,-1.58807902e0,-1.77417974e-1,-9.85984822e-2
8597-6104,-1.91259984e-1,-1.49326022e-1,-3.91726423e-1,-3.94261517e-1,-1.92415310e-1,-2.66874618e-1,-3.06511280e-2,-4.00144459e-2
8597-9101,-3.04907404e-1,-1.43074380e-1,-7.80228690e-1,-4.99831987e-1,-5.35241153e-1,-5.25328090e-1,-6.12459075e-2,-2.90232742e-2
8597-9102,-3.46771654e-1,-2.14940855e-1,-8.05565690e-1,-7.06415700e-1,-4.44342442e-1,-6.72711821e-1,-7.03805114e-2,-4.80112323e-2
8598-12701,-2.84805927e-1,-9.78953920e-2,-7.51261794e-1,-3.34087579e-1,-5.56645043e-1,-3.42882057e-1,-5.56480824e-2,-2.04329232e-2
8598-12702,-3.50022073e-1,-3.60754410e-1,-6.08967045e-1,-9.62569830e-1,-1.40510387e-1,-6.54350102e-1,-5.54181550e-2,-9.64256070e-2
8598-12703,-1.47917864e-1,-1.28727846e-1,-2.82776123e-1,-3.31211488e-1,-1.14445081e-1,-2.09349069e-1,-2.28043315e-2,-3.51979998e-2
8598-1902,-1.74866045e-2,-9.41176191e-2,1.33465739e-3,-3.29550599e-1,7.31738671e-2,-3.47595994e-1,-5.03443920e-3,-1.90154581e-2
8598-3701,2.50466301e-3,5.99265317e-4,1.10857356e-2,3.51354475e-3,1.47533695e-2,6.16944909e-3,3.64869149e-4,-2.81776690e-5
8598-3702,-1.85907957e-1,-1.48576725e-1,-3.65772729e-1,-3.91716858e-1,-1.54778772e-1,-2.53948052e-1,-3.09593858e-2,-4.05756090e-2
8598-3703,-1.67604425e-1,-1.37744294e-1,-3.48713494e-1,-4.40264861e-1,-1.32568274e-1,-3.99796657e-1,-3.43651830e-2,-3.19428198e-2
8598-3704,1.37971054e0,3.46743609e-1,3.71902018e0,1.20950668e0,2.85053091e0,1.26999132e0,2.70547125e-1,7.04647689e-2
8598-6102,1.33326649e0,6.55988958e-1,3.20765692e0,2.13291970e0,1.95205084e0,1.99454244e0,2.67369820e-1,1.48725527e-1
8598-6104,-5.91582419e-1,-3.79683154e-1,-1.37505983e0,-1.26200880e0,-7.53293029e-1,-1.22410476e0,-1.20718964e-1,-8.34555164e-2
8598-9101,1.74169434e-1,5.52949653e-2,4.93463789e-1,2.10196291e-1,4.08505221e-1,2.49547969e-1,3.38609780e-2,9.45727272e-3
8598-9102,-4.17362769e-1,-2.90998899e-1,-9.60824183e-1,-9.79074326e-1,-5.05616757e-1,-9.68035726e-1,-8.59897626e-2,-6.28331125e-2
8600-12702,-8.86080397e-3,-1.63439736e-2,4.38786300e-3,1.42196800e-3,1.00538055e-2,6.14211866e-2,3.12974951e-3,-7.16392750e-3
8600-12705,-5.79463703e-1,-5.35412039e-1,-1.09370192e0,-1.57902961e0,-3.00171271e-1,-1.25850591e0,-1.10400433e-1,-1.34747529e-1
8600-1901,-8.02200101e-1,-3.71382627e-1,-2.05538506e0,-1.29220141e0,-1.41709070e0,-1.34992453e0,-1.60771690e-1,-7.58569769e-2
8600-1902,-4.72111497e-1,-1.55309942e-1,-1.26691258e0,-5.51527282e-1,-9.59346201e-1,-5.95050335e-1,-9.30693030e-2,-3.05687860e-2
8600-3701,-5.35113949e-1,-2.90096434e-1,-1.29820055e0,-9.71640721e-1,-7.97634399e-1,-9.55463217e-1,-1.08001294e-1,-6.29978995e-2
8600-3702,6.40966819e-1,5.39545559e-2,1.80943432e0,1.99339388e-1,1.50470398e0,2.28557246e-1,1.23334419e-1,9.79673722e-3
8600-3704,-3.84876338e-1,-1.84349376e-1,-9.72402518e-1,-6.35954417e-1,-6.50668051e-1,-6.55168862e-1,-7.74288746e-2,-3.82186678e-2
8600-6101,-5.60503894e-2,-3.30447847e-3,-1.42077840e-1,5.57008559e-3,-1.04503795e-1,3.12944342e-2,-1.03619349e-2,-2.31298024e-3
8600-6102,-7.35602832e-1,-3.21831994e-1,-1.88565677e0,-1.11252089e0,-1.30422573e0,-1.15041836e0,-1.47134641e-1,-6.64710286e-2
8600-6103,3.09258365e-1,3.69742931e-1,5.02243125e-1,1.12285659e0,-2.16744194e-2,9.36996195e-1,6.19021225e-2,9.06947404e-2
8600-6104,-9.06416047e-1,-5.00720078e-1,-2.22024255e0,-1.70460128e0,-1.38585167e0,-1.71938441e0,-1.83605909e-1,-1.06086240e-1
8600-9101,-4.93217293e-1,-2.31725686e-1,-1.27209438e0,-8.12478672e-1,-8.88116667e-1,-8.59108164e-1,-9.87599521e-2,-4.66945554e-2
8600-9102,3.10369526e-1,-1.24095659e-1,9.05200700e-1,-4.44599353e-1,7.95407236e-1,-4.86554076e-1,5.86452442e-2,-2.40070651e-2
8601-12701,-3.81928444e-1,-3.39626052e-1,-7.42312088e-1,-1.04233718e0,-2.13586790e-1,-8.83079957e-1,-7.66166248e-2,-8.25584739e-2
8601-12705,-8.42478428e-1,-4.30780169e-1,-2.09076662e0,-1.46653550e0,-1.34882477e0,-1.48000831e0,-1.69782728e-1,-9.12389407e-2
8601-1901,7.75009538e0,1.27519396e0,2.14592171e1,4.57041095e0,1.72488887e1,5.00490793e0,1.50514459e0,2.46502086e-1
8601-1902,1.62263791e-1,-5.41292682e-2,5.02852561e-1,-1.82881300e-1,4.80822496e-1,-1.81452791e-1,2.98384936e-2,-1.16332545e-2
8601-3701,4.56106891e0,9.04299353e-1,1.25007516e1,3.18890771e0,9.87864537e0,3.40923757e0,8.88410080e-1,1.80097926e-1
8601-3702,9.69142678e-1,1.77935471e-1,2.69264221e0,6.42096077e-1,2.17709580e0,7.10612158e-1,1.87962235e-1,3.39341567e-2
8601-3703,-3.34632562e-1,-1.72280497e-1,-8.16084683e-1,-5.61002952e-1,-5.19366837e-1,-5.32778184e-1,-6.59404878e-2,-3.86484413e-2
8601-3704,1.02724191e-1,5.04335859e-1,-3.33306537e-1,1.44718145e0,-1.00937722e0,1.04880628e0,2.40892265e-2,1.32551674e-1
8601-6101,1.87513567e0,5.65763802e-1,5.04185467e0,1.99967118e0,3.83698073e0,2.14233110e0,3.68930363e-1,1.12316137e-1
8601-6102,1.23203494e-1,6.74985780e-1,-5.04057668e-1,1.87127460e0,-1.37849688e0,1.26395050e0,2.38017749e-2,1.82323050e-1
8601-6103,-5.95807494e-1,-2.26964706e-1,-1.55825662e0,-7.91560756e-1,-1.12300587e0,-8.30098521e-1,-1.18446401e-1,-4.61657537e-2
8601-6104,1.67205154e-1,-2.77436441e-2,4.89075507e-1,-9.62660908e-2,4.31182783e-1,-9.99880228e-2,3.15925246e-2,-5.69853702e-3
8601-9101,1.47238566e-1,2.18929034e-1,2.02696479e-1,6.87709149e-1,-9.80075551e-2,6.04674309e-1,3.16232594e-2,5.19245227e-2
8601-9102,9.24367612e-1,-9.76278888e-2,2.64202987e0,-3.45199518e-1,2.24509402e0,-3.69900570e-1,1.76645162e-1,-1.93719977e-2
8602-1901,2.74861009e-1,1.46153388e-1,7.01898841e-1,5.13636021e-1,4.78734885e-1,5.45091933e-1,5.53035257e-2,2.93284532e-2
8602-3701,9.76309487e-2,1.54681992e-1,1.53821239e-1,5.18207100e-1,-3.69514451e-2,5.08204771e-1,2.20201553e-2,3.36393247e-2
8602-3702,1.60837561e0,8.29251634e-1,3.86036299e0,2.68922568e0,2.34848842e0,2.50794823e0,3.21331368e-1,1.88520291e-1
8602-3703,1.70324431e0,8.55723240e-1,4.11694597e0,2.81958025e0,2.51934987e0,2.69522388e0,3.42845594e-1,1.90498960e-1
8602-3704,1.83636162e0,6.61590015e-1,4.80044356e0,2.28608112e0,3.46490953e0,2.36311211e0,3.64304813e-1,1.36715954e-1
8602-6101,-4.01618274e-1,-1.60728246e-1,-1.04098770e0,-5.57293796e-1,-7.36983442e-1,-5.79004979e-1,-8.00436672e-2,-3.30275882e-2
8602-6102,-6.87691778e-1,-3.97936477e-1,-1.66394069e0,-1.34794302e0,-1.00885049e0,-1.34882655e0,-1.39610824e-1,-8.49764766e-2
8602-6104,8.15755678e-2,1.14533222e-1,1.50235927e-1,3.93863303e-1,1.21990598e-2,4.02468249e-1,1.82663929e-2,2.39166310e-2
8602-9101,-7.96284298e-1,-4.91885965e-1,-1.86820932e0,-1.63297505e0,-1.05378362e0,-1.58200417e0,-1.61799600e-1,-1.08259700e-1
8602-9102,3.67592592e-1,1.94748789e-1,9.24451147e-1,6.82228618e-1,6.06011392e-1,7.17713292e-1,7.47223187e-2,3.94109684e-2
8603-12701,-6.44195952e-1,-3.31431770e-1,-1.60799508e0,-1.13952860e0,-1.04679934e0,-1.16763930e0,-1.30068657e-1,-6.90996132e-2
8603-12703,-1.11142100e-1,1.13088384e-2,-3.54033182e-1,1.70250548e-2,-3.43094158e-1,-2.02973333e-2,-2.07139387e-2,4.69193424e-3
8603-12705,3.44980764e-1,3.48138934e-2,1.01298637e0,1.69040931e-1,8.77705585e-1,2.51130001e-1,6.71698754e-2,2.40509476e-3
8603-1901,6.17955303e0,2.08383629e0,1.63995217e1,7.32108069e0,1.21642744e1,7.76733036e0,1.22239385e0,4.18340882e-1
8603-3701,7.46465515e-1,2.73893996e-1,1.98868541e0,9.71448888e-1,1.48432017e0,1.04615149e0,1.47624156e-1,5.40315027e-2
8603-3702,1.41870985e0,3.86564627e-1,3.82511336e0,1.36012867e0,2.92920298e0,1.44720664e0,2.78548359e-1,7.73690058e-2
8603-3703,2.91977856e0,1.03059918e0,7.69690711e0,3.61078583e0,5.63220413e0,3.81341149e0,5.79169742e-1,2.07956302e-1
8603-3704,2.00015143e0,3.39682463e-1,5.53276438e0,1.21865350e0,4.43808624e0,1.33612075e0,3.88746018e-1,6.55501948e-2
8603-6101,1.78740168e0,9.69451017e-2,5.00862092e0,3.49538126e-1,4.11371121e0,3.86377510e-1,3.45034084e-1,1.85184859e-2
8603-6102,9.37801187e-1,3.30040860e-1,2.39053169e0,1.09578514e0,1.64955292e0,1.06049830e0,1.86347261e-1,7.26824922e-2
8603-6103,2.49205087e-1,2.76827605e-1,4.50841854e-1,8.84597864e-1,5.43398480e-2,8.02714380e-1,5.23360764e-2,6.42240245e-2
8603-6104,-4.99939319e-1,-2.19579683e-1,-1.27840039e0,-7.56756564e-1,-8.80450108e-1,-7.79071633e-1,-9.99804287e-2,-4.55724496e-2
8603-9102,-3.15781405e-1,-2.65228283e-1,-6.30704448e-1,-8.14074525e-1,-2.11796368e-1,-6.90305024e-1,-6.30947267e-2,-6.44445715e-2
8604-12702,-7.65786532e-1,-5.42729381e-1,-1.70463801e0,-1.76110133e0,-8.32935402e-1,-1.64374266e0,-1.55778676e-1,-1.23276008e-1
8604-12704,-3.71743255e-1,-4.37376423e-1,-6.24107755e-1,-1.36147506e0,3.61743957e-3,-1.18098509e0,-7.69012484e-2,-1.04720377e-1
8604-1902,5.07232141e0,1.17149779e0,1.38013479e1,4.12841568e0,1.07557470e1,4.40501068e0,9.91718432e-1,2.33749397e-1
8604-3701,3.08035114e0,9.43396425e-1,8.19059079e0,3.28391020e0,6.11247767e0,3.43523553e0,6.07570068e-1,1.92470823e-1
8604-3702,5.45124252e-2,4.42616872e-1,-3.39094394e-1,1.36702173e0,-9.08792889e-1,1.15115056e0,1.94804055e-2,1.07724169e-1
8604-3704,2.49498362e0,8.21082749e-1,6.63482400e0,2.87556907e0,4.94856015e0,3.03812314e0,4.92419048e-1,1.65688944e-1
8604-6101,-6.60143448e-1,-2.70713102e-1,-1.71704572e0,-9.45140203e-1,-1.22255952e0,-9.92734645e-1,-1.31581454e-1,-5.49636504e-2
8604-6103,1.03050456e0,6.01699569e-1,2.50966912e0,2.06078326e0,1.53707711e0,2.09782930e0,2.09799228e-1,1.26277421e-1
8604-9101,5.13558105e0,8.87068559e-1,1.41106308e1,3.12869951e0,1.11981898e1,3.34382325e0,9.99624871e-1,1.76685048e-1
8604-9102,2.89234924e-1,4.27984264e-1,3.64466536e-1,1.28970956e0,-2.36021177e-1,1.05235564e0,5.93692867e-2,1.06300299e-1
8606-12703,-8.04063597e-1,-2.02747301e-1,-2.19202863e0,-7.22328697e-1,-1.71185545e0,-7.83544513e-1,-1.57317026e-1,-3.96520413e-2
8606-12704,-4.02110363e-1,-3.14989469e-1,-8.81676012e-1,-1.03583628e0,-4.03238627e-1,-9.88686992e-1,-8.26494757e-2,-7.02347733e-2
8606-12705,1.04253426e-1,1.46342419e-1,1.41615094e-1,4.31479525e-1,-5.61024223e-2,3.41757881e-1,2.01220195e-2,3.69513803e-2
8606-1901,-2.47459687e-2,-2.74814173e-1,2.46748855e-1,-8.19232199e-1,5.88974921e-1,-6.46750650e-1,-8.30056835e-3,-6.94081803e-2
8606-1902,-5.75831653e-1,-2.23245382e-1,-1.50288698e0,-7.77346047e-1,-1.07894764e0,-8.13230430e-1,-1.14517370e-1,-4.55331249e-2
8606-3701,-4.02375139e-1,-1.86203328e-1,-1.03161092e0,-6.48094210e-1,-7.12258911e-1,-6.77437333e-1,-8.06198510e-2,-3.80099553e-2
8606-3702,3.63825478e-1,1.10781446e-1,9.78220552e-1,3.91970268e-1,7.44214778e-1,4.20595161e-1,7.16009969e-2,2.19504295e-2
8606-3703,-8.92905332e-2,-3.61090636e-2,-2.50454617e-1,-1.44498130e-1,-1.97267026e-1,-1.80084913e-1,-1.81068496e-2,-5.52516742e-3
8606-3704,-1.11388464e-1,1.39068690e-1,-5.54448573e-1,3.25228911e-1,-7.21037927e-1,1.03102738e-1,-2.20905201e-2,4.35739074e-2
8606-6101,2.64284737e-1,2.75973821e-1,4.90080156e-1,8.60246538e-1,9.67876322e-2,7.56466207e-1,5.30845186e-2,6.54608373e-2
8606-6102,6.14876491e-1,-1.23123995e-1,1.79765805e0,-4.30553051e-1,1.58370380e0,-4.53118107e-1,1.16204720e-1,-2.49362040e-2
8606-6104,2.05888722e0,1.75789115e-1,5.78662796e0,6.40221459e-1,4.77742635e0,7.19311528e-1,3.96845813e-1,3.28746861e-2
8606-9102,-1.96889279e-1,-1.01655909e-1,-4.58386333e-1,-2.84669816e-1,-2.85213263e-1,-2.11652856e-1,-3.55182872e-2,-2.63864312e-2
8609-12702,-6.32256007e-1,-5.05700416e-1,-1.31338219e0,-1.56988163e0,-5.25582829e-1,-1.36519541e0,-1.25769371e-1,-1.20971339e-1
8609-12703,-4.29311583e-1,-3.26974702e-1,-9.57225998e-1,-1.08616684e0,-4.59229117e-1,-1.05273631e0,-8.85234624e-2,-7.19222534e-2
8609-12704,-1.07009347e-1,-8.68695285e-2,-2.10389813e-1,-2.24325389e-1,-9.17796563e-2,-1.42764228e-1,-1.69063980e-2,-2.37152019e-2
8609-12705,-1.07322474e-1,-5.46715300e-2,-2.70336555e-1,-1.99271281e-1,-1.72026813e-1,-2.15546170e-1,-2.27752695e-2,-1.06330585e-2
8609-1901,-3.38143525e-1,-1.50009680e-1,-8.84673228e-1,-5.29923982e-1,-6.36134830e-1,-5.67068441e-1,-6.73856342e-2,-2.98154838e-2
8609-3701,4.26553906e-1,1.83411030e-2,1.22550760e0,7.70608509e-2,1.04784306e0,1.03400604e-1,8.15226506e-2,2.35906135e-3
8609-3703,5.33067196e-2,-1.46562346e-2,1.78050146e-1,-3.29076599e-2,1.78162732e-1,-7.58748353e-3,1.03252988e-2,-4.71284670e-3
8609-3704,-5.96591867e-1,-4.23017587e-1,-1.30854268e0,-1.33852580e0,-6.26260885e-1,-1.20125819e0,-1.19449724e-1,-9.90287899e-2
8609-6103,-5.13313447e-1,-3.16947257e-1,-1.21453468e0,-1.06948651e0,-6.91556563e-1,-1.05894403e0,-1.05327994e-1,-6.83170580e-2
8609-6104,6.56403574e-1,1.66992424e-1,1.80740494e0,6.09633715e-1,1.43160681e0,6.84221272e-1,1.28440788e-1,3.11867396e-2
8609-9101,-5.21820710e-1,-3.33595038e-1,-1.19671095e0,-1.08784549e0,-6.39358760e-1,-1.02291606e0,-1.05811977e-1,-7.53092975e-2
8609-9102,1.45082281e0,2.99299700e-2,4.07707026e0,1.08603978e-1,3.36563523e0,1.21250207e-1,2.79643548e-1,5.64337520e-3
8610-12701,-2.57958357e-1,-2.49355449e-1,-4.79448814e-1,-7.49085919e-1,-1.10898128e-1,-6.15146504e-1,-5.03226382e-2,-6.17533017e-2
8610-12703,-6.04725801e-1,-2.86667508e-1,-1.51838776e0,-9.76827888e-1,-1.00704029e0,-9.87622196e-1,-1.21364719e-1,-6.06120551e-2
8610-12704,-4.31724254e-1,-1.77494599e-1,-1.14871993e0,-8.23494151e-1,-7.19756621e-1,-1.05233288e0,-1.07685582e-1,-2.33782229e-2
8610-12705,-3.63283097e-1,-3.27702499e-1,-7.39311010e-1,-1.05489656e0,-2.51012194e-1,-9.70829159e-1,-7.49287230e-2,-7.52500800e-2
8610-1901,-6.59119718e-1,-2.89760650e-1,-1.68939582e0,-1.00207669e0,-1.16806705e0,-1.03695313e0,-1.31850676e-1,-5.98024002e-2
8610-1902,-7.89894384e-2,-4.61311947e-2,-1.88093278e-1,-1.53617001e-1,-1.10309624e-1,-1.49417919e-1,-1.60147292e-2,-1.01145920e-2
8610-3701,-7.72472138e-1,-2.37492042e-1,-2.07192187e0,-8.38673900e-1,-1.56908453e0,-8.97151803e-1,-1.52161163e-1,-4.72276146e-2
8610-3702,1.49836581e-1,1.51222518e-1,3.10194820e-1,5.10285257e-1,1.04542824e-1,5.06675771e-1,3.18990571e-2,3.25149116e-2
8610-3703,4.17602861e-1,1.66696687e-1,1.06720246e0,5.66772676e-1,7.36626540e-1,5.70841723e-1,8.32828144e-2,3.53773896e-2
8610-3704,-7.59479821e-1,-2.30906515e-1,-2.04436247e0,-8.18695906e-1,-1.55818906e0,-8.81254631e-1,-1.49446117e-1,-4.55783256e-2
8610-6103,-6.85471640e-1,-4.39436875e-1,-1.58976204e0,-1.45388510e0,-8.68939596e-1,-1.40023954e0,-1.39557278e-1,-9.72114562e-2
8610-6104,3.63200409e0,9.36811998e-1,9.73920572e0,3.21691155e0,7.41888575e0,3.30565793e0,7.10669755e-1,1.95104044e-1
8610-9102,2.96631449e-1,-9.55285510e-2,8.80713969e-1,-3.36045339e-1,7.94557025e-1,-3.57169009e-1,5.56018287e-2,-1.91359967e-2
8611-12701,7.64213897e-2,8.95604469e-2,1.47404247e-1,3.02765899e-1,2.86588947e-2,3.00891521e-1,1.66786239e-2,1.92266350e-2
8611-12703,-1.41510343e-2,8.50552310e-2,-1.19952488e-1,2.75143240e-1,-2.04992156e-1,2.53637540e-1,-9.08380478e-4,1.94735224e-2
8611-12704,8.35869176e-1,4.55398080e-1,2.03163540e0,1.52809359e0,1.25379048e0,1.50725963e0,1.68659089e-1,9.86204023e-2
8611-1901,1.23475414e0,3.49802978e-1,3.31698466e0,1.23456977e0,2.51907079e0,1.31917659e0,2.43107383e-1,6.96450639e-2
8611-1902,-5.76063009e-1,-2.65098604e-1,-1.47539951e0,-9.21895295e-1,-1.01634786e0,-9.62190593e-1,-1.15467268e-1,-5.42009198e-2
8611-3701,-5.21144677e-1,-2.14459760e-1,-1.36096053e0,-7.51231284e-1,-9.76956375e-1,-7.93356504e-1,-1.03739150e-1,-4.32820655e-2
8611-3702,-4.72996148e-1,-2.40031684e-1,-1.17731388e0,-8.23040666e-1,-7.61401518e-1,-8.39386949e-1,-9.55845675e-2,-5.02797807e-2
8611-3703,7.97549939e0,1.15179400e0,2.20619906e1,4.08488987e0,1.77186232e1,4.40336591e0,1.54813555e0,2.27085833e-1
8611-6102,-6.62593736e-1,-3.82935560e-1,-1.58698534e0,-1.28031791e0,-9.44050155e-1,-1.25530281e0,-1.34152343e-1,-8.33840771e-2
8611-6103,-5.11416402e-1,-3.17120051e-1,-1.18163933e0,-1.03467510e0,-6.45163637e-1,-9.73994748e-1,-1.03530199e-1,-7.15284534e-2
8611-6104,-7.42393715e-1,-2.84752051e-1,-1.94738974e0,-9.96628031e-1,-1.41127741e0,-1.05109749e0,-1.47488707e-1,-5.75550122e-2
8611-9101,4.30081541e-1,3.44097189e-1,9.44126685e-1,1.14074441e0,4.29245257e-1,1.10233846e0,8.88941150e-2,7.58947830e-2
8611-9102,-9.15228272e-1,-3.66140622e-1,-2.38692393e0,-1.27866916e0,-1.70943570e0,-1.34377243e0,-1.82210537e-1,-7.42985478e-2
8612-12705,1.70081765e-1,1.60069112e-1,3.92468046e-1,5.76920365e-1,1.89185908e-1,6.28139811e-1,3.70753290e-2,3.09636180e-2
8612-1901,6.17569363e0,6.62366683e-1,1.72367327e1,2.38391617e0,1.40562760e1,2.62776773e0,1.19460460e0,1.26981253e-1
8612-1902,5.74159669e-1,2.16667427e-1,1.51770317e0,7.63104081e-1,1.11635639e0,8.12871681e-1,1.13800012e-1,4.32984632e-2
8612-3701,-1.88697942e-1,-1.06951251e-1,-4.52395621e-1,-3.60950703e-1,-2.66942320e-1,-3.58335893e-1,-3.85042142e-2,-2.29963080e-2
8612-3702,1.44144415e0,4.78596593e-1,3.73161142e0,1.60594078e0,2.65749040e0,1.58378890e0,2.85205654e-1,1.03661982e-1
8612-3703,1.97690039e-1,-3.37512715e-2,5.94947195e-1,-1.06050071e-1,5.42987981e-1,-9.23920709e-2,3.72382142e-2,-8.03955889e-3
8612-6101,2.74738703e-1,9.69320237e-2,7.39601893e-1,3.49094366e-1,5.61190413e-1,3.84144932e-1,5.43120671e-2,1.85945251e-2
8612-6102,5.71002853e-1,1.61470331e-1,1.58304895e0,6.15952241e-1,1.25229625e0,7.24298782e-1,1.13371549e-1,2.78222461e-2
8612-6103,9.30965112e-1,-1.17525985e-1,2.69616444e0,-4.06192765e-1,2.33921538e0,-4.19241257e-1,1.76867307e-1,-2.43037668e-2
8612-6104,-4.33345042e-1,-2.72850655e-1,-1.00615337e0,-9.06131995e-1,-5.48202698e-1,-8.76670081e-1,-8.85999766e-2,-6.00881985e-2
8612-9101,-1.38281045e-1,-5.35406656e-2,-3.55944620e-1,-1.55531122e-1,-2.63831818e-1,-1.35560825e-1,-2.41318384e-2,-1.22635250e-2
8612-9102,-4.33459756e-1,5.87299843e-2,-1.45414000e0,-3.65888799e-1,-1.19121019e0,-9.61030559e-1,-1.32983941e-1,4.91992769e-2
8613-12701,6.62439518e-2,1.00575160e-1,9.59017277e-2,3.29555591e-1,-4.18270713e-2,3.08723149e-1,1.51474751e-2,2.27354185e-2
8613-12703,-3.45951623e-1,-3.61075422e-1,-5.96735976e-1,-9.86273451e-1,-1.13957517e-1,-6.97226076e-1,-5.74205229e-2,-9.53043277e-2
8613-12704,-2.54926231e-1,-3.86724492e-1,-3.45859382e-1,-1.21273090e0,1.77744013e-1,-1.06412142e0,-5.45245607e-2,-9.18658430e-2
8613-12705,4.13859842e-1,-7.95650542e-2,1.18801778e0,-2.84412626e-1,1.01715495e0,-3.10125434e-1,7.88814131e-2,-1.54613319e-2
8613-1901,-1.41463977e-1,-8.40822521e-2,-3.39844283e-1,-2.87061699e-1,-2.00379679e-1,-2.90428188e-1,-2.89672050e-2,-1.77485539e-2
8613-1902,3.56882250e-1,3.60453228e-1,6.84676910e-1,1.16152441e0,1.54893574e-1,1.06832460e0,7.48556328e-2,8.27645016e-2
8613-3702,-7.81523867e-1,-3.72835963e-1,-1.98250775e0,-1.28958863e0,-1.33823897e0,-1.33437306e0,-1.57049858e-1,-7.69422112e-2
8613-3703,9.67489289e-1,1.31568151e-1,2.75276008e0,5.14590564e-1,2.30366704e0,6.30800416e-1,1.87036996e-1,2.11047114e-2
8613-6101,-1.11827530e-1,-7.21395435e-2,-2.38982242e-1,-2.05380534e-1,-1.16168894e-1,-1.52206598e-1,-2.09356078e-2,-1.87981325e-2
8613-6103,8.53839358e-1,1.30876295e-1,2.40190229e0,4.90246108e-1,1.97798754e0,5.70627701e-1,1.65275024e-1,2.31426704e-2
8613-9101,5.20908584e-1,5.22279411e-1,9.52832875e-1,1.52776243e0,2.23539092e-1,1.21486541e0,9.62964439e-2,1.31437298e-1
8613-9102,-5.52489662e-1,-2.27323532e-1,-1.43452186e0,-7.93527194e-1,-1.01732575e0,-8.33173604e-1,-1.10226709e-1,-4.61711995e-2
8614-12701,-6.93894875e-2,-6.80139020e-2,-1.54334383e-1,-2.35869503e-1,-6.99076934e-2,-2.44878056e-1,-1.46651356e-2,-1.39799515e-2
8614-12704,-9.02673514e-2,-2.14707260e-1,-3.29774726e-2,-6.63365582e-1,2.47242515e-1,-5.65136093e-1,-2.04426856e-2,-5.19678191e-2
8614-1902,1.73688576e-1,-8.35225852e-3,5.04254105e-1,-2.50270558e-2,4.38611416e-1,-1.91344077e-2,3.30104039e-2,-2.12972917e-3
8614-3702,1.84086208e0,3.32547068e-1,5.09800861e0,1.19845890e0,4.09623520e0,1.32288093e0,3.57742141e-1,6.36127737e-2
8614-3703,-1.82009162e-1,-1.84235840e-2,-5.07436784e-1,-6.57955271e-2,-4.13149547e-1,-7.16748341e-2,-3.52123942e-2,-3.58547596e-3
8614-3704,2.11069872e0,2.55438032e-1,5.88350186e0,9.21140482e-1,4.78553929e0,1.01806657e0,4.08668478e-1,4.87911950e-2
8614-6101,-1.63454579e-1,-1.00994597e-1,-3.69585850e-1,-3.12453926e-1,-1.98966079e-1,-2.70692615e-1,-3.20291625e-2,-2.42342800e-2
8614-6103,8.82905303e0,7.14215224e-1,2.47086579e1,2.57451858e0,2.02468825e1,2.84480828e0,1.70549218e0,1.36494210e-1
8614-6104,-2.79872575e-2,3.50588064e-1,-5.41027521e-1,1.00329198e0,-1.00590634e0,7.11650743e-1,-3.66980272e-4,9.28751302e-2
8614-9101,1.30089847e0,5.79973041e-1,3.22036855e0,1.89689156e0,2.10375870e0,1.79917916e0,2.58187898e-1,1.30118016e-1
8614-9102,-6.18924971e-2,-8.31027777e-2,-1.03346821e-1,-2.75652642e-1,1.04151270e-2,-2.65396738e-1,-1.37849214e-2,-1.83615295e-2
8615-12701,-3.54498566e-2,-6.10153376e-3,-9.71628444e-2,-1.97997423e-2,-7.79815176e-2,-1.94386138e-2,-6.73339620e-3,-1.33848653e-3
8615-12704,-3.87406063e-1,-1.47323868e-1,-1.04140461e0,-5.25781661e-1,-7.91071329e-1,-5.71888049e-1,-7.63273301e-2,-2.87169680e-2
8615-12705,-6.50653954e-2,-2.67126609e-2,-1.77129746e-1,-2.31671328e-2,-1.75119623e-1,1.70347830e-2,-2.85559851e-3,-7.16454251e-3
8615-1901,5.02470332e-1,3.66407807e-1,1.16135949e0,1.24528677e0,6.14637343e-1,1.25179393e0,1.03814280e-1,7.78698835e-2
8615-1902,7.93486080e-1,2.46790350e-1,2.14074535e0,8.77430056e-1,1.63856572e0,9.48669700e-1,1.56004057e-1,4.84574030e-2
8615-3701,2.07638665e-1,-1.01654854e-1,7.54618026e-1,-2.66774720e-1,8.28347146e-1,-1.43345230e-1,3.83481806e-2,-2.93032160e-2
8615-3702,6.25064339e0,5.52001972e-1,1.74902202e1,1.99095213e0,1.43278644e1,2.20196811e0,1.20753927e0,1.05370128e-1
8615-3703,1.33095167e0,4.82478029e-1,3.47817397e0,1.67547813e0,2.50401689e0,1.74482690e0,2.64538291e-1,9.88862820e-2
8615-3704,1.59549948e0,3.80590304e-1,4.38001132e0,1.36357499e0,3.46447956e0,1.49223094e0,3.11232234e-1,7.36267009e-2
8615-6101,1.16110116e0,6.89356344e-1,2.77994936e0,2.32762043e0,1.63915030e0,2.31564261e0,2.36503354e-1,1.47999410e-1
8615-6102,3.41866052e-1,4.03758799e-1,5.70831098e-1,1.23616568e0,5.30813032e-3,1.04837111e0,6.85872986e-2,9.81039827e-2
8615-6103,-3.80616865e-1,-7.81624424e-2,-1.05827309e0,-2.86560921e-1,-8.54285369e-1,-3.23882099e-1,-7.40321517e-2,-1.44610339e-2
8615-6104,6.61051552e-1,2.85462301e-1,1.73147007e0,1.00633365e0,1.24904033e0,1.07349746e0,1.31581711e-1,5.69504861e-2
8615-9101,1.45276609e-1,1.81772140e-1,2.38875255e-1,5.72144886e-1,-1.41316747e-2,5.06673023e-1,3.03674483e-2,4.29231828e-2
8615-9102,1.22865925e-1,1.92963062e-1,1.60437772e-1,6.04951133e-1,-9.84123501e-2,5.31338748e-1,2.62914916e-2,4.58108585e-2
8616-12701,-5.48056092e-1,-2.73286598e-1,-1.38404019e0,-9.46605275e-1,-9.23922474e-1,-9.81586543e-1,-1.10388670e-1,-5.62652872e-2
8616-12704,2.91469326e-1,1.85564989e-1,6.91803470e-1,6.27114074e-1,3.98769585e-1,6.25234251e-1,5.94702988e-2,3.97676198e-2
8616-1901,4.10140332e-1,1.45838072e-1,1.09473852e0,5.16683699e-1,8.20579935e-1,5.55522277e-1,8.10089041e-2,2.88272497e-2
8616-1902,-2.96990365e-1,-4.14515149e-2,-8.25489371e-1,-1.48594359e-1,-6.68267075e-1,-1.62793537e-1,-5.75596064e-2,-8.00904767e-3
8616-3701,-1.52438824e-1,-6.44427733e-2,-4.02136596e-1,-2.28463411e-1,-2.94115806e-1,-2.45875771e-1,-3.02805007e-2,-1.27228450e-2
8616-3702,2.10574413e-1,5.52672793e-3,5.95157288e-1,2.11779370e-2,4.96046283e-1,2.55453331e-2,4.04859310e-2,9.23101278e-4
8616-3704,-6.57888508e-1,-2.81586492e-1,-1.69484660e0,-9.75396736e-1,-1.18492364e0,-1.01221410e0,-1.31349214e-1,-5.79448616e-2
8616-6101,4.65148740e-1,3.47441134e-1,1.07350088e0,1.18148209e0,5.66487430e-1,1.18989876e0,9.60110555e-2,7.37269317e-2
8616-6102,-2.17271732e-1,-4.27335907e-1,-1.20441697e-1,-1.19041665e0,4.34830216e-1,-8.37880569e-1,-3.82313845e-2,-1.13601464e-1
8616-6103,4.82682685e-2,-4.67081285e-2,1.60726612e-1,-1.64032994e-1,1.68712141e-1,-1.73828055e-1,8.45769307e-3,-9.38668340e-3
8616-6104,-2.76165011e-1,-1.70902196e-1,-6.26918246e-1,-5.40633888e-1,-3.33315896e-1,-4.84094875e-1,-5.51177494e-2,-4.00691857e-2
8616-9101,1.90407018e-1,5.72964920e-2,5.33340750e-1,2.22808221e-1,4.27689010e-1,2.68276464e-1,3.78442920e-2,9.44577506e-3
8617-12701,-4.68564439e-1,-4.15432713e-1,-9.13857791e-1,-1.23872828e0,-2.96063102e-1,-1.01086361e0,-8.96658133e-2,-1.03216491e-1
8617-1902,-4.41557250e-1,-1.28666218e-1,-1.18902116e0,-4.54708307e-1,-9.07466441e-1,-4.86997274e-1,-8.68229128e-2,-2.55508546e-2
8617-3701,1.12055873e0,2.54726548e-1,3.08185366e0,9.21368347e-1,2.44007542e0,1.01982901e0,2.19025815e-1,4.84808791e-2
8617-3702,2.21966449e0,4.02686896e-1,6.13731299e0,1.44363417e0,4.91985650e0,1.58113953e0,4.31440285e-1,7.78163409e-2
8617-3704,1.82495887e0,1.55163131e0,3.91213899e0,5.17387218e0,1.58811528e0,5.03444895e0,3.82844608e-1,3.39847925e-1
8617-6103,6.69392429e-1,-3.58397585e-2,1.93623717e0,-1.13345908e-1,1.67523608e0,-9.85861793e-2,1.27372556e-1,-8.51613821e-3
8617-6104,9.81897871e-1,3.08133841e-1,2.61589277e0,1.08102176e0,1.95623137e0,1.14438631e0,1.93842302e-1,6.20172948e-2
8617-9101,-6.03938710e-1,-3.61783713e-1,-1.43410227e0,-1.20538580e0,-8.35915283e-1,-1.17586353e0,-1.22310525e-1,-7.91544485e-2
8617-9102,2.40196648e0,1.43832409e-1,6.72899090e0,5.17463382e-1,5.52458584e0,5.70169719e-1,4.63689706e-1,2.75914893e-2
8618-12703,-2.39471749e-1,4.35663940e-2,-8.36391126e-1,-2.27397319e-2,-8.24345651e-1,-2.61290153e-1,-5.24462179e-2,2.44474259e-2
8618-12704,1.58109401e0,1.26307737e0,3.26201733e0,3.75764818e0,1.35966111e0,3.09706311e0,2.96510755e-1,3.10418616e-1
8618-12705,7.06420089e-2,-2.61637141e-2,2.37290888e-1,-8.15458370e-2,2.49268505e-1,-6.86987929e-2,1.25143451e-2,-6.34088634e-3
8618-1901,-8.02047093e-1,-2.88934891e-1,-2.12038197e0,-1.01495894e0,-1.56071556e0,-1.07661934e0,-1.58903645e-1,-5.80190839e-2
8618-1902,-4.93350969e-1,-1.81991340e-1,-1.30133547e0,-6.38796166e-1,-9.53558224e-1,-6.76788165e-1,-9.78250238e-2,-3.65952586e-2
8618-3701,4.09622307e-1,-6.21051361e-2,1.25322708e0,-1.76373922e-1,1.16559301e0,-1.19559172e-1,7.70163314e-2,-1.67026461e-2
8618-3703,-2.30291920e-1,-4.94482301e-2,-6.41983028e-1,-1.84216129e-1,-5.18896687e-1,-2.12221766e-1,-4.49214733e-2,-8.87181280e-3
8618-6101,-8.10153672e-1,-4.03414616e-1,-2.02569191e0,-1.38031025e0,-1.32759443e0,-1.40411351e0,-1.63124442e-1,-8.47565227e-2
8618-6102,-5.79619702e-1,-3.09317143e-1,-1.46304072e0,-1.07776498e0,-9.73833700e-1,-1.12829856e0,-1.16926330e-1,-6.30287341e-2
8618-6103,3.60850955e0,1.17043383e0,9.45223697e0,4.01807361e0,6.85735202e0,4.11023254e0,7.14694271e-1,2.44529758e-1
8618-6104,-2.50436453e-1,-6.05148176e-2,-6.88673863e-1,-2.17325435e-1,-5.46719002e-1,-2.39640148e-1,-4.87363119e-2,-1.16103900e-2
8618-9101,-3.15748700e-1,-5.66922976e-2,-8.91594041e-1,-2.23522083e-1,-7.30874159e-1,-2.73497461e-1,-6.19126049e-2,-9.03760782e-3
8618-9102,-7.17367034e-1,-3.79725580e-1,-1.76443964e0,-1.28634916e0,-1.11633705e0,-1.28812984e0,-1.44736156e-1,-8.10482204e-2
8619-12702,-2.43736633e-1,-2.54888565e-1,-4.41032218e-1,-8.05766122e-1,-5.73668774e-2,-7.08777748e-1,-5.16710494e-2,-6.06669326e-2
8619-12703,-4.78029809e-1,-4.44772937e-1,-9.18794860e-1,-1.34952430e0,-2.62043762e-1,-1.13205416e0,-9.34265483e-2,-1.08793553e-1
8619-12705,-3.36686292e-2,-7.98070172e-2,-1.83853339e-2,-2.54964717e-1,8.37155910e-2,-2.29899434e-1,-8.03409315e-3,-1.85790908e-2
8619-3702,4.71663677e-1,1.49042823e-1,1.30231528e0,5.83541584e-1,1.00793962e0,7.00148521e-1,9.56259495e-2,2.45440113e-2
8619-3703,1.40474139e0,5.58779402e-1,3.67626624e0,1.95676959e0,2.65088507e0,2.06545196e0,2.79379631e-1,1.12834565e-1
8619-6101,2.60191793e-1,2.60424034e-2,7.31336348e-1,9.51495170e-2,6.03670775e-1,1.07313216e-1,5.01694169e-2,4.84191513e-3
8619-6103,3.32194057e-1,-5.23927766e-2,9.73173527e-1,-1.80050104e-1,8.59627221e-1,-1.83989572e-1,6.27534089e-2,-1.09440781e-2
8619-6104,-2.31461472e-1,-2.57055862e-1,-4.21760757e-1,-8.24312583e-1,-5.58844249e-2,-7.53029439e-1,-4.86386930e-2,-5.93448961e-2
8619-9101,-2.70860822e-1,-1.52755305e-1,-6.87151752e-1,-5.36759922e-1,-4.61593207e-1,-5.69520158e-1,-5.46442043e-2,-3.06606786e-2
8620-12704,-4.92106103e-1,-3.84381599e-1,-1.03662501e0,-1.19818796e0,-4.37333407e-1,-1.04979253e0,-9.79076212e-2,-9.15080358e-2
8620-1902,1.02134456e0,3.49739859e-1,2.74151763e0,1.24292511e0,2.07744007e0,1.34292511e0,2.01279045e-1,6.87275735e-2
8620-3703,2.29044362e-1,2.13717911e-1,5.13856975e-1,7.38780309e-1,2.42007524e-1,7.63341240e-1,4.81373125e-2,4.41622561e-2
8620-6104,-4.46071181e-1,-1.38180442e-1,-1.22022998e0,-5.07469414e-1,-9.51090762e-1,-5.73130134e-1,-8.79292794e-2,-2.55420954e-2
8621-1902,3.17370102e0,7.32807848e-1,8.61156065e0,2.56369051e0,6.68409438e0,2.70589452e0,6.20521171e-1,1.48096036e-1
8621-3703,-4.07974316e-1,-4.23084517e-1,-7.16747161e-1,-1.27199280e0,-8.55163157e-2,-1.03881369e0,-8.09309102e-2,-1.05076484e-1
8621-3704,-6.53435554e-2,1.73200890e-2,-2.12673633e-1,4.71384631e-2,-2.11528054e-1,2.85922840e-2,-1.21989481e-2,4.83432964e-3
8621-9102,-7.48698998e-1,-2.85613655e-1,-1.96186030e0,-9.98288238e-1,-1.41897646e0,-1.05058905e0,-1.48774477e-1,-5.78686959e-2
8622-12703,-1.46596859e-1,4.52562428e-1,-1.12133767e0,1.02602895e0,-1.63161428e0,3.20982943e-1,-4.13382419e-2,1.41261208e-1
8622-12704,7.42569259e-2,1.32121853e-1,7.50139041e-2,4.02070143e-1,-9.85218123e-2,3.35007313e-1,1.54560199e-2,3.24515978e-2
8622-12705,-1.35785114e-1,-9.97595097e-2,-2.90905592e-1,-2.64117192e-1,-1.58960738e-1,-1.87627502e-1,-2.11470358e-2,-2.58597943e-2
8622-1901,3.31634826e0,1.83764654e0,7.99826435e0,6.15958636e0,4.83038483e0,6.05667508e0,6.71802608e-1,3.98935402e-1
8622-1902,1.94516929e0,6.22426862e-1,5.21855352e0,2.20180662e0,3.95351275e0,2.36196570e0,3.83148145e-1,1.23373045e-1
8622-3701,3.07035457e0,7.07761473e-1,8.33721116e0,2.47581301e0,6.48161974e0,2.61444054e0,5.99901546e-1,1.42987894e-1
8622-3702,4.15734720e-1,5.77937819e-1,6.29906297e-1,1.86236104e0,-1.85336232e-1,1.70522758e0,9.17666545e-2,1.33018053e-1
8622-3703,8.85759939e-2,4.32041565e-2,2.36566192e-1,1.58101662e-1,1.75021480e-1,1.77634713e-1,1.77390975e-2,8.04505701e-3
8622-3704,-8.53366797e-2,1.04552125e-2,-2.55501229e-1,3.74269074e-2,-2.36329492e-1,3.85564812e-2,-1.55845336e-2,2.11285128e-3
8622-6101,9.69572929e-1,7.36006207e-1,2.13928064e0,2.44585060e0,9.79105946e-1,2.35725342e0,2.02259455e-1,1.62568084e-1
8622-6102,-2.64142628e-1,1.43931538e-1,-1.00048381e0,3.75836340e-1,-1.14299681e0,1.91390530e-1,-4.73734962e-2,4.19703575e-2
8622-6103,-7.95021899e-1,-4.19519012e-1,-1.96586682e0,-1.43130396e0,-1.25536341e0,-1.44900646e0,-1.60604946e-1,-8.85625235e-2
8623-12701,-3.27224378e-1,-1.84958911e-1,-7.97837270e-1,-6.29639538e-1,-4.91975539e-1,-6.34848765e-1,-6.64167857e-2,-3.91985711e-2
8623-12703,-3.66356905e-1,-4.45502038e-1,-5.79925523e-1,-1.24351891e0,-9.87693155e-3,-9.25365812e-1,-6.05030166e-2,-1.14722601e-1
8623-12705,-3.57417644e-1,-2.28090358e-1,-8.19437961e-1,-7.28813148e-1,-4.48717200e-1,-6.69315318e-1,-7.08586680e-2,-5.25217839e-2
8623-1901,1.28918830e0,3.19723137e-1,3.45928383e0,1.10817861e0,2.62944005e0,1.15147523e0,2.53190174e-1,6.57123471e-2
8623-3701,-2.29082362e-1,-1.66427764e-2,-6.50579131e-1,-6.34046828e-2,-5.46097730e-1,-7.57655061e-2,-4.39922010e-2,-2.82284583e-3
8623-3702,-8.14602058e-1,-3.08325336e-1,-2.15406352e0,-1.08749399e0,-1.58492740e0,-1.16094836e0,-1.61495171e-1,-6.14557465e-2
8623-3704,-3.55835514e-1,-2.60582920e-1,-7.69100462e-1,-8.23716902e-1,-3.48941643e-1,-7.36360008e-1,-7.15897089e-2,-6.11595775e-2
8623-6101,-4.25473849e-1,-3.51061880e-1,-8.85797750e-1,-1.12381229e0,-3.37226196e-1,-1.02341474e0,-8.72824003e-2,-8.12436896e-2
8623-6102,2.30096979e-1,2.15950907e-1,5.11087052e-1,7.46662107e-1,2.30708802e-1,7.71377094e-1,4.86103616e-2,4.46198114e-2
8623-6103,8.96520847e-1,4.91784360e-1,2.13716376e0,1.60206003e0,1.27759344e0,1.50939439e0,1.79261194e-1,1.10935092e-1
8623-6104,8.48112430e-2,5.38993013e-2,1.88193228e-1,1.70132939e-1,9.21818255e-2,1.50459007e-1,1.71650764e-2,1.27295542e-2
8623-9101,3.63766383e-1,3.47511532e-1,7.07484916e-1,1.10094655e0,1.89466115e-1,9.85642669e-1,7.47939176e-2,8.14415422e-2
8623-9102,-9.16281620e-2,1.59578318e-1,-4.22124722e-1,5.15725746e-1,-5.70371849e-1,4.72224335e-1,-1.34511713e-2,3.66735340e-2
8624-12701,-1.03002046e-1,-4.23959535e-2,-2.78180254e-1,-1.51906192e-1,-2.13210023e-1,-1.66269368e-1,-2.02539460e-2,-8.20015583e-3
8624-12703,-3.39569611e-1,-2.77595317e-1,-7.03748520e-1,-8.68490270e-1,-2.75625993e-1,-7.65705950e-1,-6.79249611e-2,-6.57904214e-2
8624-12704,-5.34336864e-2,-8.37837554e-3,-1.43639366e-1,-5.38926698e-2,-9.07906272e-2,-7.52992507e-2,-1.36175047e-2,-3.45925784e-4
8624-12705,-4.93296833e-1,-4.57710804e-1,-9.39124858e-1,-1.33606938e0,-2.84120590e-1,-1.05972443e0,-9.10905480e-2,-1.15268627e-1
8624-3701,-3.12003461e-1,-1.03639762e-1,-8.38928542e-1,-3.68622667e-1,-6.37779699e-1,-3.98781038e-1,-6.14479258e-2,-2.03350078e-2
8624-3702,1.18102415e0,4.32424689e-1,3.14826302e0,1.53319987e0,2.35316537e0,1.65040397e0,2.33449728e-1,8.53536515e-2
8624-3703,-5.13103059e-1,-2.87720428e-1,-1.24579215e0,-9.74214670e-1,-7.61730653e-1,-9.73863304e-1,-1.04098284e-1,-6.14930985e-2
8624-3704,1.02900570e0,4.81395891e-1,2.63330001e0,1.67573794e0,1.80998361e0,1.75165131e0,2.06385732e-1,9.82573570e-2
8624-6102,-5.29729619e-1,-2.04911892e-1,-1.39492876e0,-7.21825163e-1,-1.01734517e0,-7.68820086e-1,-1.05230102e-1,-4.09462566e-2
8624-6103,-5.76533029e-1,-2.07013567e-1,-1.52549754e0,-7.27376726e-1,-1.12489093e0,-7.71938692e-1,-1.14174953e-1,-4.15475576e-2
8624-9102,-7.58535850e-1,-5.30213503e-1,-1.69964062e0,-1.73089744e0,-8.42535428e-1,-1.63038211e0,-1.54802211e-1,-1.19518520e-1
8625-12702,-3.22957740e-1,-1.49824943e-1,-8.27082506e-1,-5.31315668e-1,-5.61783703e-1,-5.65939963e-1,-6.57330528e-2,-2.98317909e-2
8625-12705,8.72851530e-2,4.11015980e-1,-2.20041583e-1,1.23998447e0,-7.56231896e-1,1.00158303e0,2.29885731e-2,1.02558731e-1
8625-1902,3.86353941e0,1.41143532e0,1.01837375e1,4.93748853e0,7.45870486e0,5.20444813e0,7.65615188e-1,2.85499249e-1
8625-3701,2.34313575e0,9.10670144e-1,6.17657466e0,3.20536332e0,4.51789072e0,3.41123126e0,4.64910472e-1,1.82188854e-1
8625-3703,-5.89506046e-1,-1.79963357e-1,-1.60263593e0,-6.54935080e-1,-1.23638657e0,-7.29885530e-1,-1.16367501e-1,-3.38934467e-2
8625-3704,1.54961895e1,4.83153145e0,4.14803667e1,1.69861828e1,3.13260781e1,1.80527546e1,3.05159915e0,9.68345738e-1
8625-6101,-3.87615351e-1,-1.50392316e-1,-1.01240417e0,-5.22713280e-1,-7.29008307e-1,-5.46331157e-1,-7.69119511e-2,-3.07235300e-2
8625-6102,-3.82940986e-1,-2.33351853e-1,-8.95972637e-1,-7.45988849e-1,-5.20935416e-1,-6.91340019e-1,-7.49799207e-2,-5.33573215e-2
8625-6104,-8.85006081e-2,4.47643128e-2,-3.34963563e-1,9.70724521e-2,-3.69603488e-1,1.45938121e-2,-1.74368175e-2,1.47155237e-2
8625-9101,5.23429876e-1,4.86710926e-1,1.05573811e0,1.58243420e0,3.30940810e-1,1.47794200e0,1.09377762e-1,1.10420518e-1
8625-9102,3.57457594e-1,3.92123645e-1,6.07663721e-1,1.16524058e0,4.52840336e-2,9.36864956e-1,6.93456538e-2,9.82362059e-2
8626-12702,9.58787948e-2,9.19143105e-4,3.03001444e-1,3.97154412e-2,2.78379377e-1,9.29209782e-2,1.96182643e-2,-3.15235218e-3
8626-12703,-1.04467614e-1,-1.09253951e-1,-1.84036670e-1,-2.37154745e-1,-7.93339900e-2,-1.05058168e-1,-9.07426487e-3,-3.10967867e-2
8626-12705,-2.98327676e-1,-1.27093592e-1,-7.54005055e-1,-4.33401700e-1,-5.06176674e-1,-4.37980275e-1,-5.98953906e-2,-2.68670989e-2
8626-1901,9.41743577e0,1.79624193e0,2.57669861e1,6.32938735e0,2.02869937e1,6.75095055e0,1.83701181e0,3.58521429e-1
8626-3702,9.50124167e-1,4.39747823e-1,2.44157269e0,1.53411311e0,1.69329649e0,1.60939739e0,1.90299630e-1,8.94056102e-2
8626-3703,-6.09968788e-1,-3.18775072e-1,-1.50883599e0,-1.08717992e0,-9.64266773e-1,-1.09981006e0,-1.23220231e-1,-6.73415175e-2
8626-3704,3.44091471e-1,1.77454114e-1,8.78968187e-1,6.21979880e-1,6.00516366e-1,6.57324517e-1,6.91716094e-2,3.57801722e-2
8626-6101,3.24863323e-1,8.73156935e-2,8.64466288e-1,3.00725996e-1,6.46904199e-1,3.09138418e-1,6.39857159e-2,1.81474194e-2
8626-6102,-2.05679275e-1,-1.09859806e-1,-5.16394756e-1,-3.81943945e-1,-3.39384796e-1,-3.98338450e-1,-4.15789252e-2,-2.24762047e-2
8626-6103,-2.79639586e-1,-1.10661535e-1,-7.32648209e-1,-3.88463350e-1,-5.29081097e-1,-4.11537369e-1,-5.56327540e-2,-2.22512706e-2
8626-6104,6.89767825e-1,3.37486398e-1,1.73964332e0,1.16162409e0,1.16132550e0,1.19304949e0,1.38653662e-1,7.02088113e-2
8626-9101,4.33518476e-1,2.98145539e-1,9.84363072e-1,9.75959891e-1,5.10588514e-1,9.25570272e-1,8.79919542e-2,6.68639860e-2
8651-12702,-2.47014660e-1,-1.22448921e-1,-6.09043762e-1,-4.12156284e-1,-3.89740835e-1,-4.05409915e-1,-4.99684319e-2,-2.66880355e-2
8651-12704,-1.20008380e-1,-3.40472857e-3,-3.54738243e-1,-9.11566581e-2,-2.76208419e-1,-1.62509095e-1,-3.17224923e-2,2.91093655e-3
8651-1901,-3.75873717e-1,-2.00679478e-1,-9.17795017e-1,-6.77473052e-1,-5.70229915e-1,-6.73983289e-1,-7.60327021e-2,-4.30899293e-2
8651-1902,-3.87638591e-1,-1.77850273e-1,-1.02885964e0,-6.33993283e-1,-7.61630786e-1,-6.88318891e-1,-7.68282170e-2,-3.47452037e-2
8651-3701,1.08541367e0,5.02137568e-1,2.77906782e0,1.74385941e0,1.91470567e0,1.81648540e0,2.17440073e-1,1.02898097e-1
8651-3702,-4.23273308e-1,-2.10873473e-1,-1.07461097e0,-7.32992634e-1,-7.25730391e-1,-7.64471689e-1,-8.51277794e-2,-4.31485340e-2
8651-3704,3.51983386e-1,2.03195840e-1,8.39639079e-1,6.59804271e-1,5.08186903e-1,6.21735745e-1,6.96950319e-2,4.58938444e-2
8651-6101,-3.82088613e-1,-1.80001081e-1,-9.84846275e-1,-6.33274653e-1,-6.84947276e-1,-6.72485901e-1,-7.66997326e-2,-3.60761029e-2
8651-6102,-5.85040285e-1,-3.58793269e-1,-1.37056372e0,-1.18654942e0,-7.71876856e-1,-1.14241912e0,-1.18705310e-1,-7.94017704e-2
8651-6103,-9.22511533e-1,-4.44792939e-1,-2.32438189e0,-1.52926533e0,-1.54781082e0,-1.56733517e0,-1.85548985e-1,-9.27227228e-2
8651-6104,1.56635184e-1,1.96432070e-1,2.76783177e-1,6.59335121e-1,1.56533183e-3,6.42715465e-1,3.52941592e-2,4.28753027e-2
8651-9101,-2.76549208e-1,-9.03858107e-2,-7.40213128e-1,-3.24062879e-1,-5.54637203e-1,-3.52078012e-1,-5.49812959e-2,-1.75880185e-2
8652-12701,8.10557217e-2,1.51970418e-1,7.15703009e-2,3.62400397e-1,-7.35547148e-2,2.07605122e-1,4.23595686e-3,4.10826697e-2
8652-12702,1.73531938e-2,-6.70943883e-2,1.52998256e-1,-1.60473898e-1,2.35542944e-1,-6.41829789e-2,4.40168427e-3,-2.03972189e-2
8652-12704,-3.14550278e-1,-2.17538285e-1,-7.28828012e-1,-7.32910260e-1,-3.91550476e-1,-7.25520271e-1,-6.47415305e-2,-4.69247564e-2
8652-12705,3.36332492e-1,3.52260807e-1,6.22782686e-1,1.11471034e0,1.09771327e-1,9.95962706e-1,6.96216749e-2,8.26679434e-2
8652-3701,7.87881378e-2,-1.58176285e-2,2.35575333e-1,-5.38688056e-2,2.14604546e-1,-5.41618540e-2,1.47273021e-2,-3.35622839e-3
8652-3702,2.67634265e-1,1.64490339e-1,6.48722327e-1,5.63720504e-1,3.92774004e-1,5.74721200e-1,5.45360714e-2,3.44752286e-2
8652-3703,5.60607641e-1,1.55332351e-1,1.52752705e0,5.54756588e-1,1.19148538e0,6.04095988e-1,1.09733032e-1,3.02358755e-2
8652-3704,2.89142093e0,9.71396850e-1,7.76483285e0,3.45058577e0,5.89000870e0,3.72561514e0,5.69639189e-1,1.91053993e-1
8652-6101,-1.09831007e-1,-5.04740730e-2,-2.53389593e-1,-1.56157536e-1,-1.38330329e-1,-1.31462512e-1,-2.22236343e-2,-1.22789411e-2
8652-6102,-6.74751818e-1,-4.10858594e-1,-1.59080478e0,-1.36582835e0,-9.09233957e-1,-1.32628601e0,-1.36965214e-1,-9.02423273e-2
8652-6103,-3.86984796e-1,-2.08473485e-1,-9.25634994e-1,-6.85125359e-1,-5.53373993e-1,-6.52846338e-1,-7.78979702e-2,-4.65499271e-2
8652-6104,-1.62344461e-1,1.69699983e-2,-5.00031791e-1,3.73177052e-2,-4.66714889e-1,4.56884885e-3,-3.07249262e-2,5.62146269e-3
8652-9101,-4.64923979e-1,-5.01451373e-1,-7.85795240e-1,-1.43465330e0,-8.30441410e-2,-1.08636976e0,-8.47857505e-2,-1.29276905e-1
8652-9102,-1.59747302e-1,-4.16925316e-2,-4.10987577e-1,-1.32735277e-1,-2.90705498e-1,-1.18815952e-1,-3.15048595e-2,-9.75572629e-3
8654-12701,-3.67413161e-1,-3.18277885e-1,-7.51271721e-1,-1.01736473e0,-2.63647791e-1,-9.24454649e-1,-7.54784323e-2,-7.37824860e-2
8654-12704,-4.91063367e-1,-5.37826897e-1,-8.30861453e-1,-1.46953746e0,-1.32778810e-1,-1.05176146e0,-7.94352424e-2,-1.40740744e-1
8654-12705,8.79928371e-2,2.09850426e-1,2.77083291e-2,4.58165429e-1,-1.55724986e-1,2.15954464e-1,-4.43080310e-3,5.66714246e-2
8654-3701,-5.45706064e-2,4.63712215e-2,-2.16495645e-1,1.28947625e-1,-2.52853428e-1,8.70623937e-2,-1.02192573e-2,1.25154215e-2
8654-3702,1.46121990e-1,4.62621090e-2,4.07594176e-1,1.70416309e-1,3.30582906e-1,1.94270593e-1,2.84031897e-2,8.46259149e-3
8654-3704,-3.08662870e-1,-1.54324792e-1,-7.64741751e-1,-5.22248191e-1,-4.92639604e-1,-5.22085894e-1,-6.21127065e-2,-3.29929360e-2
8654-6101,4.26632533e-1,1.28338197e-1,1.14508630e0,4.51892244e-1,8.69058055e-1,4.81359220e-1,8.39447616e-2,2.56524820e-2
8654-6102,-4.12999883e-1,-3.70347608e-1,-8.19028371e-1,-1.16931506e0,-2.48245713e-1,-1.03939705e0,-8.46848277e-2,-8.72152516e-2
8654-6103,3.98466472e-1,7.53010667e-2,1.10376565e0,2.71476233e-1,8.87370510e-1,2.99929796e-1,7.74148953e-2,1.43902965e-2
8654-6104,1.78816978e0,5.51591566e-3,5.05989194e0,2.97761555e-2,4.22591608e0,4.96850362e-2,3.43585720e-1,9.02386827e-6
8654-9101,8.41630132e-1,2.09876843e-1,2.29941244e0,7.49617685e-1,1.80219170e0,8.15340337e-1,1.64632294e-1,4.08936928e-2
8655-12705,1.02463450e-2,2.91441223e-2,-1.69973188e-2,4.84203293e-2,-4.61166174e-2,-1.59651566e-2,-6.91368911e-4,1.03867011e-2
8655-1901,1.09945126e0,2.92382695e-1,2.99727954e0,1.04329700e0,2.34039710e0,1.13450888e0,2.15134727e-1,5.70105693e-2
8655-1902,-4.28236392e-1,-1.82569689e-1,-1.11465896e0,-6.39974403e-1,-7.94184407e-1,-6.76518433e-1,-8.53966437e-2,-3.68027023e-2
8655-3701,-7.73926374e-1,-3.77758483e-1,-1.94399968e0,-1.29618469e0,-1.28622989e0,-1.32424453e0,-1.55740939e-1,-7.90092248e-2
8655-3702,2.75313553e-1,-1.29452658e-2,7.93357308e-1,-4.25666795e-2,6.83112869e-1,-3.99962420e-2,5.24084434e-2,-2.90962955e-3
8655-3703,2.08897785e0,1.30458865e0,4.83994103e0,4.25504960e0,2.67250593e0,4.00925005e0,4.21507360e-1,2.94140327e-1
8655-3704,-1.98083800e-1,4.34302852e-2,-6.23801340e-1,1.29848127e-1,-6.04264507e-1,1.00013148e-1,-3.65826930e-2,1.10586091e-2
8655-6102,-5.12684586e-1,-4.34950369e-1,-1.04145815e0,-1.36242916e0,-3.68733855e-1,-1.19900042e0,-1.03508460e-1,-1.03183762e-1
8655-6103,-9.96636541e-2,4.19981267e-2,-3.50158891e-1,1.17907486e-1,-3.78890918e-1,7.58601108e-2,-1.78021743e-2,1.15045720e-2
8655-6104,5.72190645e0,6.48132506e-1,1.59416743e1,2.32961840e0,1.29571356e1,2.56163973e0,1.10797064e0,1.24613337e-1
8655-9101,3.02872242e-1,1.59951869e-1,7.77726656e-1,5.65384298e-1,5.35598682e-1,6.04867444e-1,6.09637956e-2,3.17828304e-2
8655-9102,-8.27382456e-3,8.77982484e-2,-1.52082824e-1,2.33977147e-1,-2.59408001e-1,1.26024504e-1,-1.48262538e-4,2.68435573e-2
8656-12704,-2.47703150e-1,-2.71850032e-1,-4.43429696e-1,-6.78725744e-1,-1.47581489e-1,-4.45083059e-1,-2.84494884e-2,-7.04541565e-2
8656-12705,-5.57588971e-1,-4.07782606e-1,-1.25638235e0,-1.35860894e0,-6.21775404e-1,-1.32218858e0,-1.15001018e-1,-8.93486344e-2
8656-1901,-1.50979122e-1,-4.51954377e-3,-4.30900595e-1,-1.84472205e-2,-3.64940117e-1,-2.40421863e-2,-2.89023621e-2,-6.35945003e-4
8656-3701,3.06042659e0,1.51261538e0,7.52705198e0,5.01912136e0,4.81647360e0,4.86926700e0,6.11657165e-1,3.32736601e-1
8656-3703,-3.84958083e-1,-1.74491970e-1,-9.76674189e-1,-5.99348786e-1,-6.61114522e-1,-6.13384381e-1,-7.71986776e-2,-3.64313145e-2
8656-6101,-1.77157967e-1,-1.73070397e-1,-3.70915082e-1,-5.85537467e-1,-1.31655355e-1,-5.83643062e-1,-3.77103305e-2,-3.70693631e-2
8656-6102,-2.50618561e-1,-1.18645876e-1,-6.25357150e-1,-3.94702244e-1,-4.14677557e-1,-3.87045015e-1,-4.96344701e-2,-2.58659182e-2
8656-9102,-1.41449048e-1,-6.21205664e-2,-3.51072011e-1,-1.97983016e-1,-2.34579009e-1,-1.83291066e-1,-2.74067064e-2,-1.42286297e-2
8657-12701,-5.18660772e-1,-4.11353366e-1,-1.08031355e0,-1.27899741e0,-4.35388660e-1,-1.11396414e0,-1.03423475e-1,-9.82976943e-2
8657-12702,1.32630615e-1,2.20605849e-1,1.34534739e-1,5.88467298e-1,-1.26136986e-1,3.97340652e-1,1.87830528e-2,5.90139966e-2
8657-12703,-4.39804425e-1,-2.36832126e-1,-1.07602955e0,-8.02661476e-1,-6.70562155e-1,-8.02370390e-1,-8.91286714e-2,-5.06097779e-2
8657-12704,-4.38713387e-1,-3.46529561e-1,-9.11230916e-1,-1.05215076e0,-3.79953288e-1,-8.87102236e-1,-8.49344521e-2,-8.45217589e-2
8657-1901,-4.48584229e-1,-1.40114041e-1,-1.20888896e0,-4.98436463e-1,-9.22953650e-1,-5.39259402e-1,-8.82715614e-2,-2.74860933e-2
8657-1902,-7.76679912e-1,-3.52822006e-1,-1.99175142e0,-1.22688217e0,-1.37600066e0,-1.28039105e0,-1.55596483e-1,-7.21439171e-2
8657-3701,-4.67788515e-1,-2.23787022e-1,-1.19313308e0,-7.96877601e-1,-7.99566076e-1,-8.50999803e-1,-9.58546034e-2,-4.43736779e-2
8657-3702,-5.62418882e-1,-4.67065906e-1,-1.12741602e0,-1.39996048e0,-4.10733437e-1,-1.14634747e0,-1.08854827e-1,-1.15900952e-1
8657-3703,2.97038129e0,1.26595234e0,7.57561212e0,4.33607325e0,5.19502288e0,4.41946543e0,5.93855269e-1,2.65475021e-1
8657-3704,-3.49203790e-1,-7.66330806e-2,-1.00006939e0,-3.30696345e-1,-8.18747329e-1,-4.36137015e-1,-7.05071346e-2,-9.76848192e-3
8657-6101,-1.72040516e-1,-1.19146897e-1,-4.10296250e-1,-4.12086133e-1,-2.35665057e-1,-4.26020779e-1,-3.54425562e-2,-2.46023249e-2
8657-6102,1.47222980e-2,7.92693475e-2,-2.44425154e-2,2.62729912e-1,-1.08786283e-1,2.52947844e-1,4.49811412e-3,1.75229788e-2
8657-6103,-1.09481430e-1,-7.94216956e-2,-2.64769131e-1,-2.78042207e-1,-1.57302357e-1,-2.93168077e-1,-2.25181486e-2,-1.60520026e-2
8657-6104,-3.97456382e-1,-3.03873497e-1,-8.58367051e-1,-9.79252891e-1,-3.78738544e-1,-9.03194513e-1,-8.10967247e-2,-6.96633875e-2
8710-12702,1.25430420e0,8.90305922e-1,2.78605190e0,2.87564578e0,1.35965346e0,2.66444682e0,2.54379565e-1,2.03428924e-1
8710-12703,-4.94215948e-1,-3.81620760e-1,-1.04639588e0,-1.19589377e0,-4.45867450e-1,-1.05639262e0,-9.87990013e-2,-9.03343705e-2
8710-12704,-4.88212161e-1,-4.98325811e-1,-8.52165057e-1,-1.41944541e0,-1.41288348e-1,-1.06562864e0,-8.88394612e-2,-1.28893201e-1
8710-1902,6.86718937e0,1.87635883e0,1.86082927e1,6.65543783e0,1.43715438e1,7.16989515e0,1.34678781e0,3.70047713e-1
8710-3701,5.92284885e0,1.40913372e0,1.61368025e1,4.99850845e0,1.25938099e1,5.38573054e0,1.15856224e0,2.77860290e-1
8710-3702,4.97769156e-1,1.67943169e-1,1.32636109e0,5.91982178e-1,9.91625332e-1,6.31437179e-1,9.83151413e-2,3.35100452e-2
8710-6101,-3.53543330e-1,-1.61106347e-1,-9.05154023e-1,-5.71148755e-1,-6.14092335e-1,-6.06584543e-1,-7.20879259e-2,-3.21736076e-2
8710-6102,-3.81138848e-1,-2.17688566e-1,-9.44351858e-1,-7.51598290e-1,-6.03175188e-1,-7.75503182e-1,-7.72182880e-2,-4.50608999e-2
8710-6103,-5.61312437e-1,-2.83990366e-1,-1.40312477e0,-9.72518665e-1,-9.19096735e-1,-9.90871748e-1,-1.13016500e-1,-5.95739921e-2
8710-6104,-3.29005160e-2,6.24865523e-2,-1.38238596e-1,2.17337178e-1,-1.81268017e-1,2.24856687e-1,-4.60132279e-3,1.28516383e-2
8710-9101,-1.50736202e-1,-2.23329007e-1,-1.50159684e-1,-5.93470213e-1,1.61914275e-1,-3.67825693e-1,-2.58286116e-2,-6.20465334e-2
8710-9102,4.22698817e-2,1.40594538e-1,-3.98885329e-2,4.07893374e-1,-2.16204594e-1,3.08770860e-1,8.55477972e-3,3.62726038e-2
8711-12701,5.80745422e-1,5.40031150e-2,1.67215612e0,2.34416277e-1,1.41912428e0,3.17813524e-1,1.12517178e-1,6.44132182e-3
8711-12702,-6.95597379e-1,-5.25778806e-1,-1.50028609e0,-1.67958378e0,-6.67230750e-1,-1.52844701e0,-1.40928661e-1,-1.21802933e-1
8711-12703,-6.97388858e-2,-3.44674345e-2,-1.42807972e-1,-5.93555918e-2,-7.98566880e-2,1.53877929e-2,-1.05367963e-2,-1.21869251e-2
8711-12705,-2.21554411e-1,-5.90620863e-2,-6.09121310e-1,-2.10697447e-1,-4.84686175e-1,-2.30428111e-1,-4.29977958e-2,-1.14680463e-2
8711-1902,-2.69089326e-2,1.70239935e-2,-9.05077640e-2,5.62772819e-2,-9.48715897e-2,5.38503603e-2,-4.79840487e-3,3.78112231e-3
8711-3701,-5.43453801e-1,-2.99110333e-1,-1.31320898e0,-9.98834434e-1,-8.00358508e-1,-9.77681770e-1,-1.09643440e-1,-6.52381315e-2
8711-3702,-2.82296916e-2,-8.07637584e-2,-4.68130292e-2,-2.86701344e-1,8.40004865e-3,-3.09178863e-1,-6.56713697e-3,-1.59060204e-2
8711-3703,4.37231191e-1,4.36010719e-1,9.46482031e-1,1.50169469e0,3.85121716e-1,1.54164403e0,9.29663489e-2,9.06865849e-2
8711-3704,-7.31500969e-1,-5.44193475e-1,-1.59153492e0,-1.74753233e0,-7.26007270e-1,-1.60353841e0,-1.48537841e-1,-1.25272010e-1
8711-6101,2.35990014e0,3.39785895e-2,6.74145274e0,1.73702709e-1,5.70764196e0,2.74623709e-1,4.52584137e-1,1.22716039e-3
8711-6102,1.45957905e-1,5.04465700e-2,3.91149660e-1,1.79183746e-1,2.95405825e-1,1.93395642e-1,2.87904629e-2,9.92480397e-3
8711-6104,2.22512627e0,5.94954893e-1,5.99285548e0,2.08023367e0,4.58587620e0,2.19301273e0,4.36483643e-1,1.20381069e-1
8711-9101,4.21372125e0,8.67699214e-1,1.15121769e1,3.05133272e0,9.04531883e0,3.24681900e0,8.21868870e-1,1.73735973e-1
8711-9102,-4.84196999e-2,1.45778806e-2,-1.81826931e-1,-4.42421887e-2,-1.52983326e-1,-1.53375547e-1,-1.64459169e-2,1.02229261e-2
8712-12701,-5.28421563e-1,-4.05442728e-1,-1.12017135e0,-1.26667467e0,-4.81560125e-1,-1.11395467e0,-1.05287944e-1,-9.62433913e-2
8712-12702,1.37719693e-1,3.36121700e-1,1.07146746e-1,7.87819232e-1,-2.04877552e-1,4.81072436e-1,-7.45876823e-3,7.16457313e-2
8712-12705,-3.19998911e-1,-2.50933141e-1,-6.93250644e-1,-8.24072370e-1,-3.00692265e-1,-7.82387807e-1,-6.62719258e-2,-5.61632169e-2
8712-1901,1.82296945e0,6.09137319e-1,4.87186931e0,2.15300192e0,3.66237198e0,2.30629451e0,3.59730736e-1,1.20935634e-1
8712-1902,-1.36452630e-1,-3.83919970e-2,-3.65933901e-1,-1.34284150e-1,-2.77517132e-1,-1.41522163e-1,-2.68366457e-2,-7.76749538e-3
8712-3701,4.15462674e0,1.57324427e0,1.08069676e1,5.44095568e0,7.71576956e0,5.63122200e0,8.26204002e-1,3.24655699e-1
8712-3702,-1.89058630e-1,1.44920541e-1,-7.56114518e-1,3.98457076e-1,-8.99389238e-1,2.48477314e-1,-3.35556001e-2,4.01315816e-2
8712-3703,1.76367692e-1,7.34458670e-2,4.67860993e-1,2.62449881e-1,3.45099424e-1,2.85569464e-1,3.50511165e-2,1.42975499e-2
8712-6102,1.76682989e-1,1.95676235e-1,2.95072152e-1,5.68831957e-1,1.87060840e-2,4.42930845e-1,3.29937711e-2,4.97523470e-2
8712-6103,-8.43315200e-2,5.92864839e-3,-2.82217555e-1,-2.23708746e-2,-2.75061698e-1,-8.46855099e-2,-1.73222909e-2,5.16915682e-3
8712-6104,1.67277393e-1,3.42694075e-2,4.73396825e-1,1.33451360e-1,3.90248273e-1,1.61820184e-1,3.26757677e-2,5.59351208e-3
8712-9101,-5.50356635e-1,-4.48684044e-1,-1.13003690e0,-1.38746240e0,-4.32282027e-1,-1.19665881e0,-1.09502959e-1,-1.07907776e-1
8712-9102,9.10199367e-1,3.05270409e-1,2.37428337e0,1.03747086e0,1.71397677e0,1.04554329e0,1.79928139e-1,6.47816854e-2
8713-12701,1.95642781e-1,2.20657705e-1,3.40891065e-1,6.02963046e-1,7.41979844e-2,4.48453017e-1,2.93410401e-2,5.61214043e-2
8713-12702,-2.52512337e-1,-1.60364522e-1,-5.68960927e-1,-5.55740102e-1,-2.69127665e-1,-5.36048466e-1,-5.70000110e-2,-3.59902007e-2
8713-12704,-5.86558133e-1,-4.28184774e-1,-1.28239303e0,-1.36888223e0,-5.99530264e-1,-1.24820964e0,-1.18458675e-1,-9.90592117e-2
8713-12705,-4.56020928e-1,-4.36321267e-1,-8.45941183e-1,-1.31781492e0,-1.84439566e-1,-1.08743467e0,-9.02501363e-2,-1.07741075e-1
8713-1901,1.67356062e0,4.53843599e-1,4.53126986e0,1.60783627e0,3.49456594e0,1.72881304e0,3.28304198e-1,8.97091611e-2
8713-1902,-8.41856229e-1,-3.47777011e-1,-2.17986923e0,-1.20820093e0,-1.53936351e0,-1.25931972e0,-1.67899700e-1,-7.12180454e-2
8713-3701,-7.77578319e-1,-2.75284181e-1,-2.04739072e0,-9.60599925e-1,-1.49650674e0,-1.00837903e0,-1.54133671e-1,-5.59357630e-2
8713-3703,-7.35359458e-2,7.81225428e-2,-3.73748385e-1,1.56938053e-1,-4.89746150e-1,-1.08254673e-2,-1.45152982e-2,2.71196106e-2
8713-3704,5.62480913e-2,2.01119017e-1,-8.12261181e-2,6.01168984e-1,-3.64066164e-1,4.72795716e-1,1.42811438e-2,5.08469805e-2
8713-6102,4.37477798e-1,3.73729099e-1,9.08736465e-1,1.19315214e0,3.48853167e-1,1.08733347e0,8.88125650e-2,8.65047036e-2
8713-9101,8.92668820e-1,2.67524460e-1,2.38317683e0,9.32939706e-1,1.79359068e0,9.80768027e-1,1.75597928e-1,5.43158448e-2
8713-9102,1.83299803e0,9.40132602e-1,4.46537731e0,3.12444602e0,2.78390788e0,3.03564670e0,3.68237537e-1,2.06450653e-1
8714-12701,-2.34102193e-1,-1.34762986e-1,-5.95923757e-1,-4.75374438e-1,-4.02851860e-1,-5.07328096e-1,-4.72264918e-2,-2.68642688e-2
8714-12705,-1.31826264e-1,-4.03475800e-2,-3.52279618e-1,-1.41174019e-1,-2.65496373e-1,-1.49397731e-1,-2.59167047e-2,-8.13143639e-3
8714-3701,9.11264576e-2,-1.41927846e-2,2.64230052e-1,-5.01347244e-2,2.29984575e-1,-5.36154952e-2,1.72759210e-2,-2.82209427e-3
8714-3702,1.79546522e0,4.39462271e-1,4.87490681e0,1.55382834e0,3.78074305e0,1.66563302e0,3.51678053e-1,8.71841507e-2
8714-3703,-2.92455955e-1,-2.35563812e-2,-8.50889026e-1,-1.03450865e-1,-7.37633342e-1,-1.43912150e-1,-5.60002970e-2,-2.60651724e-3
8714-6102,-8.88401231e-1,-4.15613324e-1,-2.26853744e0,-1.44334884e0,-1.55282371e0,-1.50318077e0,-1.78225107e-1,-8.51756532e-2
8714-6104,-3.77286070e-1,-2.67541721e-1,-8.52218679e-1,-8.88368996e-1,-4.26105554e-1,-8.59653040e-1,-7.76729629e-2,-5.89154081e-2
8714-9101,1.34654231e-1,1.81335414e-1,1.94927405e-1,5.45757912e-1,-5.57482715e-2,4.49569876e-1,2.67113763e-2,4.47764621e-2
8714-9102,1.05863780e0,5.60626308e-1,2.44035932e0,1.70117919e0,1.38938662e0,1.41944854e0,2.06322498e-1,1.37613745e-1
8715-12702,-5.40927912e-1,-1.57767958e-1,-1.46767375e0,-5.62383268e-1,-1.13563425e0,-6.10554319e-1,-1.06085180e-1,-3.08235733e-2
8715-12703,-2.85698551e-1,-2.67138840e-1,-6.38855260e-1,-9.21379632e-1,-2.97981272e-1,-9.48572962e-1,-6.00350322e-2,-5.54122507e-2
8715-12704,-2.83373858e-1,-2.37511644e-1,-5.81535355e-1,-6.50221042e-1,-2.71556041e-1,-4.89339275e-1,-4.49428254e-2,-5.99885654e-2
8715-12705,-2.06765188e-1,-7.71937838e-2,-5.36722632e-1,-2.65703793e-1,-3.81965421e-1,-2.72919776e-1,-4.11098355e-2,-1.60581576e-2
8715-1901,-2.08828356e-2,3.54292427e-2,-8.48810866e-2,1.21051442e-1,-1.06823345e-1,1.22550628e-1,-3.22033100e-3,7.47159285e-3
8715-3703,7.87125637e-2,5.02148635e-2,2.17596188e-1,2.10667438e-1,1.53568372e-1,2.70667735e-1,1.75649553e-2,6.93798827e-3
8715-3704,4.51612528e-2,-1.32400177e-1,2.51877443e-1,-4.35630630e-1,3.78218949e-1,-4.12710105e-1,5.33798078e-3,-2.96351900e-2
8715-6101,7.11531803e-1,5.06351592e-1,1.57218191e0,1.60108308e0,7.77555316e-1,1.44285083e0,1.41170885e-1,1.18249089e-1
8715-6104,1.75071960e1,8.14295026e-1,4.90648541e1,2.93231077e0,4.03085765e1,3.23509266e0,3.37923285e0,1.55935042e-1
8715-9101,-4.27902514e-1,-4.09792289e-1,-8.00583259e-1,-1.20997221e0,-2.09640651e-1,-9.73488740e-1,-8.07131401e-2,-1.02541804e-1
8715-9102,4.82274737e-1,3.66021968e-1,1.06525311e0,1.20089990e0,5.01724607e-1,1.14156390e0,9.88462518e-2,8.18977200e-2
8716-12701,-3.86252106e-1,4.83069043e-2,-1.22730289e0,9.83304131e-2,-1.19046769e0,-1.15934639e-2,-7.21806045e-2,1.69524983e-2
8716-12702,-3.86558422e-1,-3.44214358e-2,-1.16815761e0,-2.02664459e-1,-1.04319234e0,-3.39082633e-1,-7.57154371e-2,1.05273742e-3
8716-12703,-3.97211195e-1,-4.56128818e-1,-6.40956297e-1,-1.25573891e0,-4.23985008e-2,-8.99422101e-1,-6.60595735e-2,-1.19824348e-1
8716-12704,-5.66731643e-1,-2.80555493e-1,-1.41092828e0,-9.54402457e-1,-9.17082239e-1,-9.61693991e-1,-1.14108885e-1,-5.95050039e-2
8716-12705,-4.62602031e-1,-5.23075785e-1,-7.81101637e-1,-1.37429590e0,-1.54767796e-1,-9.42828882e-1,-6.52048905e-2,-1.37253628e-1
8716-1901,3.64279441e-1,5.22259123e-1,5.78118517e-1,1.72970945e0,-1.26203986e-1,1.66061922e0,8.18548958e-2,1.15668951e-1
8716-1902,-3.59866499e-2,-9.04699406e-2,-1.99109232e-2,-2.99184272e-1,9.42832452e-2,-2.86152557e-1,-9.12972335e-3,-2.00933948e-2
8716-6101,2.42334808e-3,1.26418905e-1,-1.18662190e-1,1.43197020e-1,-9.44746468e-2,-1.06310217e-1,-2.95267538e-2,4.18982406e-2
8716-6103,2.54318262e-1,9.41399270e-2,6.71536772e-1,3.30864863e-1,4.93032477e-1,3.51262215e-1,5.04154965e-2,1.88854584e-2
8716-6104,1.35616434e0,3.77907375e-1,3.63766261e0,1.32009505e0,2.76118640e0,1.38913579e0,2.66552553e-1,7.66078073e-2
8716-9101,2.10016823e0,1.04957385e0,5.21074115e0,3.56598040e0,3.36010264e0,3.58600707e0,4.23256320e-1,2.23053432e-1
8716-9102,-7.47197498e-1,-4.82218307e-1,-1.72271557e0,-1.58669476e0,-9.29251326e-1,-1.51493467e0,-1.51909131e-1,-1.07487650e-1
8717-12702,-6.50200877e-1,-1.86213646e-1,-1.75630638e0,-6.60521587e-1,-1.34787010e0,-7.11538677e-1,-1.27728651e-1,-3.67244509e-2
8717-12703,-2.99526399e-1,-7.36907405e-2,-8.47363573e-1,-3.01082588e-1,-6.84802382e-1,-3.80481414e-1,-5.99275114e-2,-1.07736524e-2
8717-1901,4.76269173e-1,1.37873646e-2,1.34216412e0,5.07250671e-2,1.11337725e0,5.78256675e-2,9.16720872e-2,2.52543508e-3
8717-1902,-4.45865252e-1,-9.44697964e-2,-1.22434032e0,-3.36870774e-1,-9.69423423e-1,-3.65988535e-1,-8.69185007e-2,-1.84422651e-2
8717-3704,-6.79718589e-1,-3.15456967e-1,-1.74315718e0,-1.09900869e0,-1.20378492e0,-1.15038011e0,-1.36222418e-1,-6.42922244e-2
8717-6101,-4.05046378e-1,-2.62416169e-1,-9.27934543e-1,-8.56573218e-1,-4.94398388e-1,-8.07252142e-1,-8.21191979e-2,-5.91409361e-2
8717-6102,-6.05704421e-1,-2.46354851e-1,-1.58251464e0,-8.63574350e-1,-1.13659304e0,-9.12885957e-1,-1.20597248e-1,-4.96602255e-2
8717-6103,-2.28889057e-1,-1.76255381e-1,-5.25111874e-1,-5.99052528e-1,-2.71932904e-1,-6.02455939e-1,-4.73430213e-2,-3.74476489e-2
8717-6104,-2.92294353e-1,-1.50489702e-1,-7.57445597e-1,-5.32168017e-1,-5.33381978e-1,-5.70434044e-1,-5.84976955e-2,-2.98524705e-2
8717-9101,-5.47651407e-1,-3.41359195e-1,-1.27266975e0,-1.12206559e0,-7.03518211e-1,-1.06989735e0,-1.11010308e-1,-7.61836113e-2
8718-12701,-2.54109503e-1,-2.12922666e-1,-5.15826042e-1,-6.16076566e-1,-2.16120326e-1,-4.90082151e-1,-4.54392902e-2,-5.34406254e-2
8718-12702,1.25822734e-1,1.50233889e-1,2.07569467e-1,4.61073450e-1,-4.41535683e-3,3.92050025e-1,2.54393392e-2,3.64400888e-2
8718-12704,-3.96920678e-1,-4.59578889e-1,-6.38627980e-1,-1.22385913e0,-6.30030002e-2,-8.36111641e-1,-6.02654785e-2,-1.22098080e-1
8718-12705,-3.46538708e-1,-6.63809821e-2,-9.77411611e-1,-2.50312344e-1,-8.07346649e-1,-2.94136961e-1,-6.71021900e-2,-1.15596549e-2
8718-1901,4.36177210e-1,2.30870693e-1,1.10165389e0,8.07049921e-1,7.32772908e-1,8.48970567e-1,8.81165473e-2,4.67842898e-2
8718-1902,-1.07604167e0,-3.50842726e-1,-2.87901101e0,-1.24008278e0,-2.16915941e0,-1.32838952e0,-2.12234744e-1,-6.96531850e-2
8718-3701,-1.78252072e-1,-1.04934978e-1,-4.49442626e-1,-3.68553735e-1,-2.97504896e-1,-3.90720793e-1,-3.60553600e-2,-2.10814024e-2
8718-3703,-5.51884361e-1,-4.25899683e-1,-1.17245497e0,-1.34013762e0,-5.03499174e-1,-1.19104903e0,-1.10667965e-1,-1.00392116e-1
8718-6101,-2.97269526e-1,-2.37484842e-1,-6.13117524e-1,-7.42417025e-1,-2.31877469e-1,-6.48615414e-1,-6.01449513e-2,-5.65993365e-2
8718-6102,-1.65614079e-1,-2.11168865e-1,-2.42230060e-1,-6.49274878e-1,7.85417721e-2,-5.44877059e-1,-3.52406215e-2,-5.15502900e-2
8718-6103,3.20390392e-1,1.39020889e-1,8.34860057e-1,4.88739738e-1,5.95789733e-1,5.19027238e-1,6.39010440e-2,2.78772105e-2
8718-6104,6.53041978e-2,2.25645360e-1,-7.70375232e-2,6.46795450e-1,-3.61220340e-1,4.75540331e-1,1.29921496e-2,5.90029467e-2
8718-9102,-8.46872694e-1,-3.42135089e-1,-2.21213367e0,-1.19804226e0,-1.58856627e0,-1.26437168e0,-1.68583349e-1,-6.90978218e-2
8719-12701,-2.78052752e-1,-1.57455575e-1,-6.49927775e-1,-4.94099958e-1,-3.79911470e-1,-4.40200086e-1,-5.44462777e-2,-3.70892233e-2
8719-12703,1.65389171e-1,2.10886036e-1,2.66960563e-1,6.55842210e-1,-2.24806597e-2,5.74363044e-1,3.36188835e-2,5.00766170e-2
8719-1901,1.67880861e0,4.76815532e-1,4.53855798e0,1.68784830e0,3.49089482e0,1.81281400e0,3.29471293e-1,9.43837262e-2
8719-1902,1.74710879e0,5.58378242e-1,4.68728521e0,1.97621345e0,3.55053219e0,2.12141489e0,3.44192906e-1,1.10582532e-1
8719-3701,5.56927527e0,9.16535500e-1,1.52580014e1,3.22059246e0,1.20408757e1,3.41882080e0,1.08585741e0,1.83909302e-1
8719-3702,-2.67396580e-1,-1.26655569e-1,-6.71708989e-1,-4.32211678e-1,-4.45536328e-1,-4.37816126e-1,-5.37053347e-2,-2.67245412e-2
8719-3703,1.81196981e-2,7.59531422e-2,-2.80432943e-2,2.33511418e-1,-1.20837536e-1,1.97454064e-1,4.49444765e-3,1.84678420e-2
8719-3704,1.51802810e0,6.41959458e-1,3.81739375e0,2.16418535e0,2.54431877e0,2.14738946e0,3.04212817e-1,1.38168309e-1
8719-6102,1.07807018e-1,1.96772723e-1,9.33756901e-2,5.90354670e-1,-1.73479431e-1,4.77074608e-1,2.24372762e-2,4.91307427e-2
8719-9101,5.80350992e-1,2.39951731e-1,1.51478282e0,8.44395542e-1,1.08382288e0,8.97707707e-1,1.15770289e-1,4.80443675e-2
8720-12701,-6.78752702e-1,-2.10817596e-1,-1.81911006e0,-7.44283021e-1,-1.37549519e0,-7.95840414e-1,-1.33746255e-1,-4.19437105e-2
8720-12703,-2.26804864e-1,-3.01056941e-1,-3.45969894e-1,-9.29177961e-1,6.83764194e-2,-7.95515092e-1,-4.66565054e-2,-7.27161577e-2
8720-12705,2.63583571e-3,-7.89586637e-2,3.63218944e-2,-2.81134164e-1,7.19073072e-2,-3.04650117e-1,-5.00591173e-4,-1.54608241e-2
8720-1901,9.47930186e-2,1.98579694e-2,2.68786460e-1,7.44109213e-2,2.24461135e-1,8.68993091e-2,1.82679064e-2,3.50013322e-3
8720-1902,-6.24335510e-1,-2.12675490e-1,-1.66741387e0,-7.52569771e-1,-1.25139773e0,-8.07560692e-1,-1.23273195e-1,-4.21351329e-2
8720-3701,1.66447107e-1,1.02012565e-1,3.98382540e-1,3.44579546e-1,2.35258470e-1,3.43399858e-1,3.38435199e-2,2.18739834e-2
8720-3703,-4.66098818e-1,-4.58889055e-2,-1.31411997e0,-1.69387039e-1,-1.09009692e0,-1.93872297e-1,-8.97724464e-2,-8.35134442e-3
8720-3704,1.67625596e0,6.63780045e-1,4.30767132e0,2.24794084e0,3.02291388e0,2.25976569e0,3.31918695e-1,1.41327042e-1
8720-6101,-2.35100509e-2,1.39271218e-2,-8.84438174e-2,1.86366763e-2,-8.53614399e-2,-1.73646228e-2,-6.22495099e-3,5.32921612e-3
8720-6102,-3.59993047e-1,-3.13936091e-1,-7.18111099e-1,-9.60748513e-1,-2.46567561e-1,-8.17441783e-1,-7.07574865e-2,-7.61496408e-2
8720-6103,-7.01139401e-2,-4.31909346e-2,-2.11610395e-1,-1.90241673e-1,-1.75379336e-1,-2.58693745e-1,-1.51200075e-2,-4.97854688e-3
8720-6104,-3.47805330e-1,-2.70359267e-1,-7.36823519e-1,-8.08011423e-1,-3.40832493e-1,-6.78083569e-1,-6.45030454e-2,-6.58505934e-2
8720-9102,1.33841995e-1,-4.21708871e-3,4.09683832e-1,-5.03202589e-3,3.85591224e-1,1.81469256e-2,2.42280685e-2,-2.27061170e-3
8721-12702,-1.73355135e-1,-1.37782413e-1,-3.44990389e-1,-4.73397612e-1,-1.05294700e-1,-4.36208516e-1,-4.25824998e-2,-3.51470434e-2
8721-12703,-2.70790024e-1,-1.85345513e-2,-7.63293407e-1,-6.84082631e-2,-6.33139392e-1,-7.82963839e-2,-5.21422080e-2,-3.37351304e-3
8721-12704,-1.91726781e-1,-2.15159012e-1,-4.12961700e-1,-7.44707483e-1,-1.64559973e-1,-7.71227848e-1,-4.07970542e-2,-4.43571700e-2
8721-12705,-1.34708473e-1,-1.31356294e-2,-3.95387970e-1,-1.05823722e-1,-3.16674472e-1,-1.69271421e-1,-3.15872496e-2,9.20746521e-4
8721-1902,2.38306936e0,7.65904401e-1,6.34463069e0,2.67198505e0,4.74967309e0,2.80781684e0,4.69458286e-1,1.55547947e-1
8721-3702,-1.21034646e-1,-2.95549545e-1,-5.00600038e-2,-9.33729375e-1,3.29264697e-1,-8.27480731e-1,-2.84744364e-2,-6.96850813e-2
8721-3703,1.69300600e-1,4.56627686e-2,4.57491198e-1,1.61119178e-1,3.51680748e-1,1.72151908e-1,3.32242992e-2,9.09364153e-3
8721-6101,2.16088090e-1,3.96952428e-1,1.55462512e-1,1.11043631e0,-3.65238951e-1,7.88417608e-1,3.85473487e-2,1.05199043e-1
8721-6103,4.92856367e-1,2.81827270e-1,1.20767607e0,9.64888038e-1,7.52564750e-1,9.82173342e-1,1.00011284e-1,5.91633655e-2
8721-9101,-5.21379698e-1,-3.46511244e-1,-1.19422558e0,-1.13227716e0,-6.37874661e-1,-1.07162002e0,-1.05393389e-1,-7.78579663e-2
8722-12701,-3.75571561e-1,-1.30720198e-1,-9.88968867e-1,-4.56343100e-1,-7.22676320e-1,-4.79266320e-1,-7.44742331e-2,-2.65446638e-2
8722-12703,-3.12152815e-1,-3.15812821e-1,-5.66314092e-1,-8.70540830e-1,-1.52421623e-1,-6.41939364e-1,-5.07962575e-2,-8.12897266e-2
8722-1902,-7.51084690e-1,-5.42965160e-1,-1.66167442e0,-1.76050885e0,-7.95765194e-1,-1.64084943e0,-1.52939485e-1,-1.23467289e-1
8722-3701,1.55403196e-1,-3.82052522e-3,4.36793906e-1,-1.37783252e-2,3.60703009e-1,-1.52362385e-2,2.99501569e-2,-7.29443374e-4
8722-3703,-5.21614046e-1,-1.53780370e-1,-1.42676179e0,-5.65335601e-1,-1.11144388e0,-6.38797057e-1,-1.02880167e-1,-2.83888622e-2
8722-6101,1.65324112e-1,1.59804026e-1,3.40676303e-1,5.31391494e-1,1.15682107e-1,5.15549361e-1,3.48423009e-2,3.51117559e-2
8722-6102,4.58795457e0,2.26366584e-1,1.28764165e1,8.19992988e-1,1.06045745e1,9.12907553e-1,8.84980635e-1,4.28365287e-2
8722-6103,-1.80541794e-1,-4.76934617e-2,-4.87600584e-1,-1.68340239e-1,-3.74329249e-1,-1.79940331e-1,-3.54482115e-2,-9.49291842e-3
8722-6104,1.17053694e0,4.40290868e-2,3.29621484e0,1.61561761e-1,2.73058630e0,1.83423168e-1,2.25408045e-1,8.11123998e-3
8722-9101,-3.07091493e-1,-7.32986821e-2,-8.45676691e-1,-2.65412869e-1,-6.71518560e-1,-2.95557393e-1,-5.98773729e-2,-1.38557057e-2
8722-9102,-2.53684580e-1,-4.39823509e-2,-7.14406477e-1,-1.65912476e-1,-5.88484382e-1,-1.94714061e-1,-4.91741762e-2,-7.66609989e-3
8723-12702,-4.23479693e-2,-1.01563674e-2,-1.18172379e-1,-1.80672745e-2,-1.10297655e-1,-5.16387875e-3,-6.00517904e-3,-3.07631644e-3
8723-1901,1.22704112e0,4.39857384e-1,3.24920502e0,1.54643389e0,2.39946210e0,1.64271120e0,2.42939956e-1,8.81842519e-2
8723-1902,-1.78539806e-1,-8.84295106e-2,-4.43118050e-1,-3.02450488e-1,-2.84442162e-1,-3.07008437e-1,-3.61322353e-2,-1.86073136e-2
8723-3701,1.61939897e0,3.45329076e-1,4.40801549e0,1.21236966e0,3.43918780e0,1.28641215e0,3.16420106e-1,6.93588541e-2
8723-3704,-2.01200916e-1,9.32998311e-2,-7.10053583e-1,2.65642457e-1,-7.69784834e-1,1.81656139e-1,-3.62192287e-2,2.50177810e-2
8723-6101,-4.16067636e-1,-2.42138908e-1,-9.87525459e-1,-8.05689987e-1,-5.73531437e-1,-7.81711558e-1,-8.45448134e-2,-5.32053519e-2
8723-6102,-3.19600543e-1,-1.13276255e-1,-8.44874203e-1,-3.98084490e-1,-6.21543240e-1,-4.22486431e-1,-6.33445490e-2,-2.27307181e-2
8723-6103,-4.99946371e-2,-2.25985265e-1,-1.86200243e-2,-7.88788376e-1,1.57397329e-1,-8.27972037e-1,-1.35387846e-2,-4.59099899e-2
8723-9101,-2.24710516e-1,-1.13499022e-1,-5.78978799e-1,-3.99300817e-1,-4.03084554e-1,-4.24552849e-1,-4.50333571e-2,-2.27289401e-2
8723-9102,8.15959179e-1,1.43879912e-1,2.26862982e0,5.19320511e-1,1.83653451e0,5.74862877e-1,1.58204867e-1,2.74294945e-2
8724-12703,1.37260125e0,2.94958273e-1,3.76050340e0,1.04848778e0,2.96565980e0,1.13359383e0,2.67796065e-1,5.79257691e-2
8724-12704,-1.15498768e-1,2.60712195e-1,-6.92503713e-1,4.02444070e-1,-8.01161904e-1,-1.14027118e-1,-5.86453102e-2,8.71058203e-2
8724-1901,9.53521218e0,1.88991996e0,2.62861675e1,6.76164984e0,2.09600878e1,7.38403694e0,1.85571731e0,3.66598093e-1
8724-3701,6.92758453e-1,7.78874373e-1,1.21090199e0,2.42449295e0,9.85533355e-2,2.11471619e0,1.41320053e-1,1.85891920e-1
8724-3703,2.42202276e0,6.11098951e-1,6.58714890e0,2.16819367e0,5.12373246e0,2.33714932e0,4.74147513e-1,1.20442849e-1
8724-3704,1.75397469e-2,2.80451862e-1,-2.97567909e-1,8.15902131e-1,-6.64279232e-1,6.06748940e-1,6.93428142e-3,7.28582273e-2
8724-6101,3.66272399e-1,-1.43403761e-1,1.10468063e0,-5.03734432e-1,1.02007929e0,-5.34069925e-1,6.80679257e-2,-2.88050014e-2
8724-6104,3.40182449e-1,2.14426868e-1,8.00904762e-1,7.03130823e-1,4.65352011e-1,6.73135826e-1,6.78797965e-2,4.77770514e-2
8724-9101,-1.93503678e-1,-1.69902840e-1,-3.75719115e-1,-4.47650399e-1,-1.55698065e-1,-3.03911724e-1,-3.00467584e-2,-4.52444693e-2
8724-9102,-7.35678214e-1,-5.10610946e-1,-1.65512936e0,-1.66572570e0,-8.33698375e-1,-1.56854423e0,-1.49715785e-1,-1.15151107e-1
8725-12701,-7.52646894e-1,-4.83700900e-1,-1.75230510e0,-1.60529681e0,-9.67694842e-1,-1.55503707e0,-1.53136072e-1,-1.06477655e-1
8725-12702,-2.73938807e-2,-2.75595923e-2,-1.77289541e-2,-7.58210235e-2,5.07663204e-2,-2.18336138e-2,-8.69274363e-3,-1.03676251e-2
8725-12703,4.23671354e-1,5.32589272e-1,6.47030783e-1,1.63829194e0,-1.35983208e-1,1.38236512e0,8.86907730e-2,1.29677722e-1
8725-12704,-2.68834426e-1,-9.21394236e-2,-7.39978075e-1,-3.31689349e-1,-5.88153808e-1,-3.65740293e-1,-5.23781876e-2,-1.76563227e-2
8725-12705,-1.44283097e-1,-1.28918173e-1,-2.75985482e-1,-3.90964667e-1,-7.34230202e-2,-3.23852413e-1,-2.87691245e-2,-3.17587466e-2
8725-1901,-3.42084571e-1,-1.23150275e-1,-8.93114038e-1,-4.24905868e-1,-6.43167998e-1,-4.38240002e-1,-6.78746039e-2,-2.55106793e-2
8725-1902,1.97810988e-1,5.29180270e-2,5.44610493e-1,1.90620997e-1,4.32926988e-1,2.10372804e-1,3.85474993e-2,1.01282692e-2
8725-3701,-4.20003029e-1,-3.08092567e-1,-9.05995241e-1,-9.71335170e-1,-4.09491406e-1,-8.64539137e-1,-8.43634912e-2,-7.25351537e-2
8725-3702,6.81684383e-1,-2.94239286e-2,1.96310683e0,-9.49825878e-2,1.68798594e0,-8.60485147e-2,1.29856834e-1,-6.79733460e-3
8725-3703,-7.46202007e-1,-4.87429535e-1,-1.71334622e0,-1.59841019e0,-9.16150760e-1,-1.51836798e0,-1.51489068e-1,-1.09133786e-1
8725-3704,-6.77709553e-1,-3.69559387e-1,-1.65389898e0,-1.24824533e0,-1.02725506e0,-1.24390599e0,-1.36975809e-1,-7.92468600e-2
8725-6101,-4.11594493e-1,-2.51161368e-1,-9.91776280e-1,-8.57755785e-1,-5.91262012e-1,-8.69119682e-1,-8.40273045e-2,-5.29590639e-2
8725-6103,1.12856817e0,-7.08802562e-2,3.24308811e0,-2.37480282e-1,2.77796852e0,-2.32001776e-1,2.15301072e-1,-1.54444491e-2
8725-9102,2.35134406e-1,3.80944352e-1,2.55837750e-1,1.02467691e0,-1.93954491e-1,7.07058035e-1,3.39403483e-2,1.01149283e-1
8726-12702,-5.46421711e-1,-4.36974733e-1,-1.13727128e0,-1.37154130e0,-4.48160951e-1,-1.21077310e0,-1.10157036e-1,-1.03447764e-1
8726-12703,-1.00435285e0,-4.11741180e-1,-2.60846828e0,-1.43469572e0,-1.85247668e0,-1.50240310e0,-2.00208072e-1,-8.38823228e-2
8726-12704,8.72679013e-2,6.30019042e-2,1.73684807e-1,1.44327296e-1,8.64830199e-2,6.49607149e-2,1.25381197e-2,1.84364041e-2
8726-12705,-6.45798731e-2,7.62522566e-2,-2.93450312e-1,2.10884361e-1,-3.77360973e-1,1.35083968e-1,-1.12349382e-2,2.09496714e-2
8726-1901,3.67631695e-1,5.64584600e-2,1.02613040e0,2.04095187e-1,8.36682373e-1,2.26504616e-1,7.11272785e-2,1.07285649e-2
8726-3701,7.48692914e-1,2.02766473e-1,2.05070958e0,7.28305921e-1,1.61439961e0,8.00007118e-1,1.46279676e-1,3.90368281e-2
8726-6102,-6.63382798e-1,-5.02972618e-1,-1.42911530e0,-1.61114833e0,-6.29136361e-1,-1.47086225e0,-1.34935154e-1,-1.16216169e-1
8726-6103,6.97179548e-2,-6.76485030e-2,3.06875970e-1,-1.81283754e-1,3.88373767e-1,-1.03700230e-1,1.20997682e-2,-1.91963188e-2
8726-6104,8.60295503e-1,4.08931105e-1,2.12482207e0,1.36920098e0,1.36252917e0,1.34403329e0,1.72926377e-1,8.89176092e-2
8726-9101,2.28308053e0,2.11649552e-1,6.41084154e0,7.77616037e-1,5.27920721e0,8.82929014e-1,4.40756238e-1,3.89385994e-2
8727-12704,-4.25115389e-1,-3.07631015e-1,-9.19504717e-1,-9.55473794e-1,-4.30054497e-1,-8.34186748e-1,-8.38406985e-2,-7.34205950e-2
8727-1901,-4.88844059e-1,-2.94755567e-1,-1.17738271e0,-1.00264755e0,-7.03051094e-1,-1.00972544e0,-9.96137612e-2,-6.25398348e-2
8727-1902,1.65135031e0,5.47791646e-1,4.37998910e0,1.91483755e0,3.24978676e0,2.01613953e0,3.26305033e-1,1.10947719e-1
8727-3703,3.11756640e0,1.16957895e0,8.10269670e0,4.02832451e0,5.78388863e0,4.14466117e0,6.19244593e-1,2.42934024e-1
8727-3704,-5.31827035e-1,-2.31328647e-1,-1.38410101e0,-8.24260932e-1,-9.76068938e-1,-8.87943503e-1,-1.07176126e-1,-4.54820701e-2
8727-6101,7.63120312e-1,8.74570493e-1,1.42461575e0,2.89983341e0,2.06630975e-1,2.79333565e0,1.65281090e-1,1.93227680e-1
8727-6102,-6.55106077e-2,5.93990777e-2,-2.81211305e-1,1.27106935e-1,-3.25400405e-1,2.60219383e-2,-1.49170715e-2,1.91144691e-2
8727-6104,-1.93636314e-1,-1.33473227e-1,-4.23677613e-1,-4.01619065e-1,-2.14923125e-1,-3.35149296e-1,-3.68548799e-2,-3.27831926e-2
8727-9101,-6.18649940e-1,-1.92388202e-1,-1.67292640e0,-6.90530571e-1,-1.28268150e0,-7.56378406e-1,-1.21849970e-1,-3.71361872e-2
8727-9102,-7.34966397e-1,-4.80535703e-1,-1.67297276e0,-1.53149969e0,-8.99904593e-1,-1.40087997e0,-1.45603067e-1,-1.10998631e-1
8728-12701,-4.87142986e-1,-3.65116935e-1,-1.03084343e0,-1.13024757e0,-4.44039014e-1,-9.76220791e-1,-9.67736024e-2,-8.77255864e-2
8728-12702,-3.45588184e-1,-1.70549417e-1,-8.67001700e-1,-5.86070252e-1,-5.71376625e-1,-5.99999564e-1,-6.96374335e-2,-3.55897196e-2
8728-12704,-3.50657761e-1,-4.60230491e-1,-5.66589682e-1,-1.13463393e0,-8.57815444e-2,-7.41427828e-1,-3.13165012e-2,-1.14612219e-1
8728-1901,2.03008044e-1,2.67314563e-3,5.90803551e-1,1.70792502e-2,5.15537869e-1,3.14058154e-2,3.85631836e-2,-2.72673046e-4
8728-3701,1.61718245e0,4.89118520e-1,4.34988981e0,1.72996238e0,3.31236820e0,1.85529266e0,3.18165780e-1,9.69796920e-2
8728-3702,-6.92369245e-2,-1.11595089e-1,-1.27398272e-1,-3.86817406e-1,-1.04150785e-2,-4.01401846e-1,-1.54538824e-2,-2.29530148e-2
8728-3703,-1.81817774e-1,-9.94861780e-2,-4.64662124e-1,-3.50902669e-1,-3.17082135e-1,-3.74530894e-1,-3.66077487e-2,-1.98317855e-2
8728-3704,1.29779570e-1,-6.07080536e-3,3.72747687e-1,-2.04333866e-2,3.19319527e-1,-2.00696441e-2,2.47379913e-2,-1.31493288e-3
8728-6101,4.77314950e-1,3.69277031e-1,1.06533792e0,1.23194166e0,5.10999584e-1,1.20312343e0,9.85480061e-2,8.06811057e-2
8728-6102,3.05909306e-1,1.24403634e-1,7.84210614e-1,4.26960502e-1,5.43210294e-1,4.36253016e-1,6.11199800e-2,2.60137356e-2
8728-6103,4.73580960e-2,9.60201304e-2,4.67204090e-2,3.11126275e-1,-7.45346823e-2,2.88401383e-1,1.09667852e-2,2.19046144e-2
8728-9102,2.03886174e-1,3.51062914e-1,2.18689963e-1,8.65823965e-1,-1.36765966e-1,5.37358514e-1,1.57781013e-2,9.28580992e-2
8931-12701,-4.95622361e-1,-5.58102085e-1,-8.26248921e-1,-1.49306638e0,-1.31115765e-1,-1.03856085e0,-7.52119850e-2,-1.47039852e-1
8931-12703,2.66031104e0,1.00006788e0,6.75028249e0,3.25684475e0,4.66753230e0,3.08003267e0,5.22505427e-1,2.25071031e-1
8931-12704,9.98697222e-1,3.22841859e-1,2.60856152e0,1.07739828e0,1.90264566e0,1.06365447e0,1.95434826e-1,7.00269000e-2
8931-12705,4.31655717e-1,2.54073104e-1,1.04699941e0,8.57476056e-1,6.41720237e-1,8.62315650e-1,8.65007800e-2,5.39383704e-2
8931-1901,1.71342417e0,6.02583638e-1,4.52025207e0,2.11133994e0,3.31314993e0,2.23014372e0,3.39742794e-1,1.21573146e-1
8931-1902,6.94444668e0,8.77636055e-1,1.92772659e1,3.13220247e0,1.55714982e1,3.40770613e0,1.34656942e0,1.71044899e-1
8931-3701,9.84018337e-1,5.78252377e-1,2.36954544e0,1.95632156e0,1.41911346e0,1.95374484e0,2.00016084e-1,1.23717420e-1
8931-3702,2.52583279e0,6.53590261e-1,6.79937031e0,2.28252179e0,5.19774320e0,2.40201989e0,4.95578150e-1,1.32510058e-1
8931-3703,9.20003478e-2,5.68465663e-2,2.43307120e-1,2.12937281e-1,1.72313466e-1,2.45627710e-1,1.89285968e-2,1.01355280e-2
8931-3704,4.75006437e0,1.35932028e0,1.27594491e1,4.76765053e0,9.70745550e0,5.04984560e0,9.33450528e-1,2.73542182e-1
8931-6101,1.67047029e0,4.12101396e-1,4.52167958e0,1.45321713e0,3.48669992e0,1.55106952e0,3.27619873e-1,8.21656193e-2
8931-6103,-8.18740293e-2,-1.45593869e-1,-1.25925204e-1,-4.94023832e-1,3.95051037e-2,-4.94979012e-1,-1.87257422e-2,-3.10332944e-2
8931-6104,7.51419874e-2,1.40529075e-1,9.00393685e-2,4.72516266e-1,-9.57234020e-2,4.61714104e-1,1.83951078e-2,3.05822912e-2
8931-9101,-5.67636063e-1,-2.75934922e-1,-1.42601968e0,-9.46197840e-1,-9.44169865e-1,-9.65849712e-1,-1.14182821e-1,-5.77672139e-2
8932-12703,1.20412458e-1,2.19194074e-1,1.56860016e-1,7.27913115e-1,-1.15694979e-1,7.03365124e-1,2.78459853e-2,4.83015505e-2
8932-12704,-4.48626751e-1,-2.92616469e-1,-1.01405824e0,-9.15781797e-1,-5.43949644e-1,-8.15639537e-1,-8.76872795e-2,-6.89270783e-2
8932-12705,1.29139155e0,6.15658571e-1,3.20430742e0,2.06745176e0,2.07836368e0,2.04217801e0,2.59010163e-1,1.33151020e-1
8932-1902,5.00470211e0,6.84863274e-1,1.38997982e1,2.45408980e0,1.12358313e1,2.68664438e0,9.70402947e-1,1.32438638e-1
8932-3701,8.00067519e-2,1.42517066e-1,1.01676018e-1,4.66582918e-1,-7.92262684e-2,4.40112300e-1,1.82497224e-2,3.20578809e-2
8932-3702,1.89561628e0,8.12133385e-1,4.78936739e0,2.73263792e0,3.23963510e0,2.71128423e0,3.77730892e-1,1.74981515e-1
8932-3703,2.98688181e0,1.49846726e0,7.41132566e0,5.08162001e0,4.78803792e0,5.09779553e0,6.01076455e-1,3.19278433e-1
8932-3704,3.68365017e0,8.80674123e-1,9.98072918e0,3.09457759e0,7.71691846e0,3.28616952e0,7.21532232e-1,1.76674935e-1
8932-6101,1.80382060e0,4.45996192e-1,4.89730172e0,1.56659287e0,3.80456640e0,1.66439432e0,3.52645261e-1,8.94691791e-2
8932-6102,9.10863918e-1,5.57180890e-1,2.11797476e0,1.80607378e0,1.18993607e0,1.68818068e0,1.82583674e-1,1.26510232e-1
8932-6104,8.46319007e-1,1.95940166e-1,2.31660511e0,6.99137251e-1,1.82288990e0,7.60150750e-1,1.65282330e-1,3.82106719e-2
8932-9102,-7.19407462e-1,-4.77038747e-1,-1.66028123e0,-1.58302237e0,-8.92417443e-1,-1.53225515e0,-1.46846433e-1,-1.05067299e-1
8933-12701,8.39792492e-2,1.87861003e-1,5.78888170e-2,4.96938034e-1,-1.32830780e-1,3.61784570e-1,6.15134055e-3,4.64422127e-2
8933-12703,2.85972378e0,7.11178321e-1,7.75322555e0,2.51596790e0,5.99483268e0,2.69903238e0,5.60646811e-1,1.40953377e-1
8933-1901,4.27592435e0,6.91730095e-1,1.18444362e1,2.47625152e0,9.52906513e0,2.70681765e0,8.30133807e-1,1.34022136e-1
8933-1902,2.68832465e0,4.75149851e-1,7.39967072e0,1.68910504e0,5.88617838e0,1.82622172e0,5.23360789e-1,9.33082577e-2
8933-3701,1.92129194e0,5.91543115e-1,5.13479597e0,2.07526106e0,3.86615920e0,2.19771218e0,3.78582543e-1,1.19032527e-1
8933-3702,1.64631086e0,8.90502739e-1,4.09117301e0,3.05470772e0,2.64302978e0,3.12326829e0,3.32012745e-1,1.86184518e-1
8933-3703,3.89022982e-1,1.62420791e-1,1.01200559e0,5.68333530e-1,7.20477197e-1,5.99157957e-1,7.75638905e-2,3.28433033e-2
8933-6101,3.33896485e0,1.27850635e0,8.47227302e0,4.26596828e0,5.78890064e0,4.16964644e0,6.64196901e-1,2.79210044e-1
8933-6102,1.55400333e0,5.94792409e-1,4.03401354e0,2.03911842e0,2.87951334e0,2.08522842e0,3.08041618e-1,1.24397648e-1
8933-6103,4.90287798e0,9.61023618e-1,1.33648764e1,3.37190330e0,1.04524671e1,3.57200956e0,9.57746139e-1,1.93323080e-1
8933-9101,2.66242111e0,8.80112971e-1,6.94505309e0,2.98952556e0,5.01377604e0,3.01194033e0,5.26194464e-1,1.86848540e-1
8934-12703,1.86481540e-1,2.47687225e-1,3.07947665e-1,6.35918123e-1,4.46192723e-2,4.56157024e-1,1.82319782e-2,5.97198826e-2
8934-12704,7.75723829e-1,2.43179578e-1,1.97936285e0,7.57095050e-1,1.40030331e0,6.65488230e-1,1.50274741e-1,5.78331520e-2
8934-1901,1.83415206e0,4.94150203e-1,4.89604298e0,1.71163432e0,3.68432554e0,1.77656513e0,3.60972090e-1,1.01679524e-1
8934-1902,4.25364030e0,1.33220082e0,1.14072747e1,4.70448841e0,8.63736610e0,5.03299135e0,8.37820195e-1,2.64906252e-1
8934-3701,3.00512908e-1,-8.05275860e-2,9.16901189e-1,-2.69099838e-1,8.57034654e-1,-2.62180383e-1,5.58379416e-2,-1.76015489e-2
8934-3703,8.78212079e0,1.15321480e0,2.43403591e1,4.10598502e0,1.96080146e1,4.45091391e0,1.70398975e0,2.25766575e-1
8934-3704,1.35963845e0,1.57165807e-1,3.82497333e0,5.83293439e-1,3.15686269e0,6.71283047e-1,2.62543540e-1,2.83225847e-2
8934-6101,8.15048731e-1,2.20598860e-1,2.18809833e0,7.71568605e-1,1.66241002e0,8.12338905e-1,1.60310875e-1,4.46710641e-2
8934-6102,4.13065910e-1,6.53254332e-1,5.70233580e-1,2.13406670e0,-3.17914121e-1,2.00005638e0,9.39356396e-2,1.47602574e-1
8934-6104,3.66546339e0,6.44395933e-1,9.98982836e0,2.22440259e0,7.82647902e0,2.29911420e0,7.14497233e-1,1.33270204e-1
8934-9101,2.09885626e0,1.43158367e0,4.68220127e0,4.44046812e0,2.44668529e0,3.89852532e0,4.07512787e-1,3.40656329e-1
8934-9102,2.20605136e0,8.68366845e-1,5.74871300e0,3.02102909e0,4.11482238e0,3.15631460e0,4.38878842e-1,1.77375603e-1
8935-12702,1.14201202e0,5.51516115e-1,2.67214944e0,1.57307280e0,1.64042801e0,1.20316173e0,2.11266340e-1,1.41162279e-1
8935-1901,5.50824328e0,2.03711087e0,1.45167688e1,7.14914164e0,1.06173221e1,7.57197380e0,1.09269596e0,4.09761909e-1
8935-1902,9.38255273e0,1.89455063e0,2.57744028e1,6.75227272e0,2.04226236e1,7.32969630e0,1.82873847e0,3.70229124e-1
8935-3701,1.87859146e0,8.32161045e-1,4.62854468e0,2.73680261e0,2.96968334e0,2.60779867e0,3.75922876e-1,1.85757000e-1
8935-3702,1.45981625e0,4.66542573e-1,3.87506393e0,1.62689776e0,2.88117698e0,1.70659267e0,2.88228835e-1,9.48902271e-2
8935-3703,-2.69433498e-1,4.87826714e-2,-8.86783062e-1,1.01042235e-1,-8.89956265e-1,-5.57330958e-3,-5.02741397e-2,1.68922315e-2
8935-3704,4.61140783e0,1.76300870e0,1.19890456e1,6.07363056e0,8.56857222e0,6.25411514e0,9.15339634e-1,3.65953343e-1
8935-6101,1.83511052e0,7.96561217e-1,4.60326700e0,2.64698900e0,3.08055159e0,2.57781800e0,3.64611453e-1,1.74668965e-1
8935-6103,7.89567044e-1,2.30869561e-1,2.08317632e0,7.81675681e-1,1.54106703e0,7.84538284e-1,1.55144083e-1,4.92240638e-2
8935-6104,1.69096484e-2,1.07587159e-1,-3.84030676e-2,3.59079639e-1,-1.48065506e-1,3.50033673e-1,5.48822854e-3,2.35274435e-2
8935-9101,7.11234632e-1,1.43474806e-1,1.95158827e0,5.11773147e-1,1.54211021e0,5.55387465e-1,1.38821142e-1,2.80267172e-2
8935-9102,1.89983341e0,8.36098502e-1,4.70456320e0,2.72008747e0,3.08467216e0,2.56219123e0,3.75817600e-1,1.88719898e-1
8936-12703,-5.71770757e-1,-3.58409675e-1,-1.32079940e0,-1.16657302e0,-7.24165959e-1,-1.09606432e0,-1.15294139e-1,-8.10042263e-2
8936-12705,3.82480766e-1,2.00433283e-1,9.45648876e-1,6.82776571e-1,6.04165283e-1,6.89588190e-1,7.72200794e-2,4.24146754e-2
8936-1902,4.61667125e-2,6.08159801e-2,9.52914433e-2,2.11886106e-1,2.98040501e-2,2.21710758e-1,1.00045464e-2,1.23967761e-2
8936-3701,1.20437089e0,8.42821646e-3,3.43102277e0,4.50233603e-2,2.89698344e0,7.44328356e-2,2.30764142e-1,6.88468193e-5
8936-3702,6.39893390e-1,3.20315561e-1,1.61811854e0,1.11381722e0,1.08075262e0,1.16042060e0,1.29154123e-1,6.55789482e-2
8936-6101,4.44896808e0,4.19542018e-1,1.24125902e1,1.50662475e0,1.01157721e1,1.65497255e0,8.60721190e-1,8.07856507e-2
8936-6103,1.07283309e0,4.96268980e-1,2.71797143e0,1.70177239e0,1.83635672e0,1.73782319e0,2.15000063e-1,1.03868827e-1
8936-6104,-4.58542056e-1,-3.20815425e-1,-1.03777680e0,-1.06308275e0,-5.23203910e-1,-1.02499020e0,-9.42691410e-2,-7.08701051e-2
8936-9101,1.93878652e-1,1.79779875e-1,3.82171944e-1,5.66944072e-1,1.13678900e-1,5.04668936e-1,3.94965299e-2,4.23144900e-2
8936-9102,2.94953489e-1,4.00902411e-1,4.22437875e-1,1.07483013e0,-4.78284907e-2,7.54431843e-1,4.21855833e-2,1.05282365e-1
8937-12702,7.69286378e-2,7.11671393e-2,1.71871267e-1,2.44015882e-1,8.09712271e-2,2.49644765e-1,1.60309480e-2,1.48730341e-2
8937-12704,-6.02326895e-1,-3.90984336e-1,-1.38687068e0,-1.28343870e0,-7.47582115e-1,-1.22155697e0,-1.22210768e-1,-8.74030766e-2
8937-1901,-5.19992406e-1,-2.27464484e-1,-1.32477475e0,-7.79181521e-1,-9.06732953e-1,-7.94396356e-1,-1.03963506e-1,-4.76890505e-2
8937-1902,7.71169558e-1,2.88185953e-2,2.18765992e0,1.10867419e-1,1.83455776e0,1.34389757e-1,1.48024168e-1,4.76849555e-3
8937-3701,2.60286615e0,5.58295726e-1,7.13519949e0,1.98639602e0,5.63280286e0,2.15077093e0,5.07713532e-1,1.09448758e-1
8937-3702,6.66874109e0,1.74779149e0,1.78824276e1,6.06087842e0,1.35840161e1,6.30974342e0,1.30901016e0,3.58638622e-1
8937-3703,-7.71513682e-1,-1.28335246e-1,-2.13603636e0,-4.60058128e-1,-1.71661211e0,-5.03951012e-1,-1.49845185e-1,-2.47981679e-2
8937-3704,2.73722518e0,7.48137528e-1,7.33401452e0,2.60852702e0,5.55476860e0,2.73594778e0,5.38294193e-1,1.52191603e-1
8937-6101,4.72612630e-1,3.03691453e-1,1.09290614e0,9.95943581e-1,5.98082358e-1,9.49121373e-1,9.54588895e-2,6.78280337e-2
8937-6103,-4.85195198e-1,-2.62484302e-1,-1.18466535e0,-8.85900454e-1,-7.36970091e-1,-8.81750492e-1,-9.80238191e-2,-5.63521434e-2
8937-6104,-4.17348961e-1,-1.96099610e-1,-1.04657658e0,-6.68125661e-1,-6.91351482e-1,-6.74818383e-1,-8.38811959e-2,-4.14925557e-2
8938-12701,1.59051054e-1,2.46795309e-1,1.94379879e-1,6.30187836e-1,-7.47090362e-2,4.08996644e-1,1.76273693e-2,6.54339078e-2
8938-12703,-5.15620937e-2,-5.52361860e-2,-8.85560867e-2,-1.68100138e-1,-5.10373547e-3,-1.39395906e-1,-1.04951536e-2,-1.35975137e-2
8938-12704,4.44592744e-1,4.47133462e-1,8.32538717e-1,1.39349447e0,1.77521011e-1,1.21670790e0,9.01546954e-2,1.06639385e-1
8938-1901,6.49832111e0,1.01869469e0,1.79739968e1,3.63824209e0,1.44221481e1,3.96227739e0,1.26245402e0,1.98274574e-1
8938-1902,-2.79879933e-1,-1.01750032e-1,-7.39247702e-1,-3.57935612e-1,-5.42665623e-1,-3.80290699e-1,-5.55208640e-2,-2.03882214e-2
8938-3704,8.44332816e-1,5.00022389e-2,2.37066572e0,1.81572752e-1,1.95374434e0,2.02912995e-1,1.62838074e-1,9.41474328e-3
8938-6102,-5.87468085e-1,-4.35183306e-1,-1.30762047e0,-1.43663119e0,-6.26202712e-1,-1.37736753e0,-1.20933011e-1,-9.66241953e-2
8938-6103,1.20879497e0,6.50307786e-1,2.95325205e0,2.19041350e0,1.84270700e0,2.17321623e0,2.43910797e-1,1.40045040e-1
8938-6104,1.23039547e0,4.21642022e-1,3.19942428e0,1.42740731e0,2.29819855e0,1.43108575e0,2.43100771e-1,8.99643990e-2
8938-9101,2.56765331e-1,3.44533482e-1,3.64294885e-1,9.22898312e-1,-5.21310647e-2,6.39270177e-1,3.77560803e-2,9.09588092e-2
8938-9102,9.90006645e-2,-5.35812320e-2,3.63414162e-1,-1.42929277e-1,4.01605628e-1,-8.31107870e-2,1.84108092e-2,-1.51381732e-2
8939-12701,-7.30918108e-1,-1.73206741e-1,-1.99883017e0,-6.17900521e-1,-1.57009870e0,-6.71668038e-1,-1.42803138e-1,-3.37884323e-2
8939-12702,-1.54823293e-1,-1.55778600e-1,-2.69479478e-1,-4.66437200e-1,-2.50596404e-2,-3.74487456e-1,-3.11549355e-2,-3.90314730e-2
8939-12705,1.60657097e-2,8.97041613e-2,-2.68334457e-2,3.00085242e-1,-1.20201002e-1,2.93508793e-1,5.02202897e-3,1.95537757e-2
8939-1901,1.68889196e1,2.71980621e0,4.67914466e1,9.74733516e0,3.76529673e1,1.06729947e1,3.27891987e0,5.25821337e-1
8939-1902,1.61555501e-1,1.64212138e-1,3.34162468e-1,5.55221598e-1,1.11455876e-1,5.52978017e-1,3.44651096e-2,3.52024105e-2
8939-3701,1.88198061e-1,2.88395665e-2,5.29263576e-1,1.06309202e-1,4.36729792e-1,1.21372868e-1,3.63274946e-2,5.26587748e-3
8939-3702,-1.93657480e-1,-8.59760887e-2,-5.00098227e-1,-3.00799345e-1,-3.50196177e-1,-3.16935976e-1,-3.87493489e-2,-1.73933536e-2
8939-3703,1.26545600e1,5.05501732e0,3.26515118e1,1.74129146e1,2.29347736e1,1.79091413e1,2.52222472e0,1.05014362e0
8939-3704,-2.30654256e-1,-1.06278044e-1,-5.75561934e-1,-3.59015082e-1,-3.76839337e-1,-3.57549891e-1,-4.63388991e-2,-2.27967720e-2
8939-6101,-8.74153672e-2,2.41357144e-2,-2.89766024e-1,6.12765835e-2,-2.92310603e-1,2.81164219e-2,-1.63739983e-2,7.18575182e-3
8939-6102,-6.18495125e-1,-3.08954781e-1,-1.54224723e0,-1.05530460e0,-1.00450741e0,-1.07036361e0,-1.24628288e-1,-6.50989455e-2
8939-6103,-1.50748307e-2,-1.19362598e-1,2.78601050e-2,-4.13849666e-1,1.21892100e-1,-4.29692227e-1,-5.09466664e-3,-2.45376467e-2
8939-9102,1.13580812e-1,-1.03654815e-1,4.79660064e-1,-2.85108087e-1,5.92462992e-1,-1.78334721e-1,1.98565683e-2,-2.86739891e-2
8940-12703,-2.06235912e-1,-8.45525659e-2,-5.25348292e-1,-2.83757641e-1,-3.62814577e-1,-2.80984497e-1,-4.08626198e-2,-1.82637583e-2
8940-12704,7.22769422e-1,1.63484663e-2,2.08821420e0,1.24149082e-1,1.76990744e0,2.13043766e-1,1.42475558e-1,-2.07272182e-3
8940-1901,1.49219653e0,1.01143780e0,3.44407986e0,3.37170837e0,1.84578798e0,3.28682645e0,3.05275050e-1,2.21341742e-1
8940-3702,4.60504756e-1,2.20317935e-1,1.15150155e0,7.57392150e-1,7.49981043e-1,7.71038958e-1,9.34522467e-2,4.61766017e-2
8940-3703,1.73386041e-1,1.50621562e-1,3.59630492e-1,4.83735640e-1,1.35727691e-1,4.44824909e-1,3.53982325e-2,3.46257151e-2
8940-3704,-3.91049349e-1,-1.39671057e-1,-1.02183048e0,-4.81466989e-1,-7.37561597e-1,-4.96010053e-1,-7.75238023e-2,-2.89717729e-2
8940-6101,-1.85314761e-1,-3.57253564e-2,-5.13805496e-1,-1.30353026e-1,-4.12818503e-1,-1.46244502e-1,-3.60811274e-2,-6.67723166e-3
8940-6103,3.73042048e0,1.07294695e0,9.91115444e0,3.61913873e0,7.45941457e0,3.64167410e0,7.26792384e-1,2.28580183e-1
8940-6104,8.45020177e-1,3.47434436e-1,2.17190247e0,1.19585892e0,1.51293944e0,1.22833898e0,1.68658215e-1,7.22738599e-2
8940-9101,-8.38497719e-2,-7.91826280e-2,-1.55458482e-1,-2.39282596e-1,-3.31344229e-2,-1.97075328e-1,-1.66961045e-2,-1.95727883e-2
8940-9102,2.35572198e0,2.83832181e-1,6.59591931e0,1.06656144e0,5.38126276e0,1.23200345e0,4.58319625e-1,5.05134865e-2
8941-12701,-4.03755577e-1,-3.92191574e-1,-7.40798856e-1,-1.16158384e0,-1.62441300e-1,-9.31950718e-1,-7.74998189e-2,-9.83254270e-2
8941-12702,-5.80206690e-2,6.61462264e-2,-2.20806416e-1,1.88410100e-3,-1.41905347e-1,-1.65756937e-1,-3.82310596e-2,2.21672115e-2
8941-12703,-6.33812513e-1,-5.59569178e-1,-1.27460853e0,-1.71950543e0,-4.32873849e-1,-1.48963882e0,-1.22981496e-1,-1.31225790e-1
8941-1902,7.73916316e-1,-2.04954335e-2,2.20244855e0,-6.85487368e-2,1.85780608e0,-6.65832364e-2,1.48237778e-1,-4.48382763e-3
8941-3701,-3.54647232e-1,-4.24453296e-2,-1.00730533e0,-1.62207106e-1,-8.43814483e-1,-1.94192200e-1,-6.82772193e-2,-7.16107136e-3
8941-3703,-2.52731991e-1,2.54342476e-2,-8.46203314e-1,-3.20060965e-2,-8.30539899e-1,-2.11375958e-1,-5.08649272e-2,1.66368896e-2
8941-3704,-5.56309704e-1,-2.72097850e-1,-1.39550180e0,-9.32632293e-1,-9.20777200e-1,-9.51243276e-1,-1.11965345e-1,-5.70083984e-2
8941-6101,1.98391572e-1,1.52080272e-1,4.33101182e-1,5.04628192e-1,1.90254839e-1,4.82732075e-1,4.17174216e-2,3.38313238e-2
8941-6103,-3.22563423e-1,1.03840538e-1,-1.10286714e0,2.72069976e-1,-1.15647989e0,1.39080522e-1,-5.90015661e-2,3.02341452e-2
8941-6104,-5.78644784e-1,-3.28308978e-1,-1.39241504e0,-1.10159413e0,-8.36069413e-1,-1.08517054e0,-1.17299059e-1,-7.11597172e-2
8941-9101,2.24138337e-1,6.30045207e-1,-1.07492348e-1,1.86815317e0,-9.86235923e-1,1.45284735e0,5.15863530e-2,1.60298355e-1
8941-9102,6.88943466e-1,4.05802641e-1,1.67426006e0,1.38233280e0,1.02465465e0,1.39628221e0,1.39857940e-1,8.58689564e-2
8942-12701,1.61789728e-1,6.84628866e-2,4.27079582e-1,2.00388116e-1,3.43845511e-1,1.81346285e-1,2.71033046e-2,1.60375199e-2
8942-12703,-5.53058369e-1,-1.70944907e-1,-1.49549038e0,-6.15193511e-1,-1.14508066e0,-6.75559262e-1,-1.09100403e-1,-3.28661350e-2
8942-12705,-3.60800802e-1,-4.66670734e-1,-5.30246320e-1,-1.27785948e0,5.79033349e-2,-9.16164834e-1,-5.71094954e-2,-1.21848661e-1
8942-1901,-2.21081731e-2,4.22223434e-2,-1.16661241e-1,1.24605626e-1,-1.64698688e-1,9.43339695e-2,-3.38018722e-3,1.08638601e-2
8942-3701,1.42670304e0,3.87806903e-1,3.86386463e0,1.37500766e0,2.98069710e0,1.48001891e0,2.79912273e-1,7.65519083e-2
8942-3702,-8.75374295e-2,-2.06222339e-1,-1.25252091e-1,-7.16034174e-1,6.71031861e-2,-7.45124292e-1,-2.06789775e-2,-4.22894118e-2
8942-3703,-8.33101351e-1,-5.26715969e-1,-1.94616793e0,-1.75092424e0,-1.08288027e0,-1.69943536e0,-1.69646680e-1,-1.15723114e-1
8942-3704,1.24979896e-1,2.03095122e-1,1.30846145e-1,5.79410731e-1,-1.34962337e-1,4.31231000e-1,2.28165156e-2,5.27893774e-2
8942-6101,-1.02501402e-1,4.93337384e-2,-3.70873459e-1,1.31529557e-1,-4.07029175e-1,7.43808701e-2,-1.87848683e-2,1.40406369e-2
8942-6102,-4.98364201e-1,-2.97484671e-1,-1.17837181e0,-9.83744225e-1,-6.82516077e-1,-9.48368220e-1,-1.00663906e-1,-6.57850766e-2
8942-6103,-6.86488259e-1,-4.19491699e-1,-1.62982353e0,-1.40683364e0,-9.44636176e-1,-1.38573954e0,-1.39585799e-1,-9.09443756e-2
8942-6104,-7.92006007e-1,-3.88183338e-1,-1.99412196e0,-1.33530814e0,-1.32584661e0,-1.36990024e0,-1.59319773e-1,-8.08446532e-2
8942-9101,-7.70484351e-2,2.65232414e-2,-2.70623891e-1,4.12186821e-2,-2.71623825e-1,-2.33517256e-2,-1.67740204e-2,9.74832636e-3
8942-9102,-2.78745267e-1,-2.66778769e-1,-5.32233525e-1,-7.06302960e-1,-2.08875895e-1,-4.99352068e-1,-4.08766197e-2,-6.93678339e-2
8943-12701,-4.16020085e-1,-4.24191190e-1,-7.39680909e-1,-1.27333108e0,-1.07112255e-1,-1.03818891e0,-8.21518933e-2,-1.05458168e-1
8943-12702,-1.82175927e-2,7.52664591e-2,-1.22017967e-1,1.36259973e-1,-1.60366876e-1,3.54455276e-2,-1.59158243e-2,1.74949257e-2
8943-12703,7.61424462e-3,4.55753401e-2,-5.97142438e-2,1.06947868e-1,-1.24162451e-1,2.66422556e-2,2.11725566e-3,1.64182988e-2
8943-12705,-2.56521836e-1,-3.64812861e-1,-4.25439765e-1,-1.20621876e0,4.26087116e-2,-1.15797619e0,-5.64772819e-2,-8.08750780e-2
8943-1901,7.49332505e-1,2.57342350e-1,2.00018386e0,9.10030799e-1,1.49984480e0,9.75579591e-1,1.47961367e-1,5.10448220e-2
8943-1902,4.08354509e0,7.12793395e-1,1.13098172e1,2.55813837e0,9.09459125e0,2.80722737e0,7.93005811e-1,1.37423674e-1
8943-3702,2.52761916e0,4.00743397e-1,6.98957367e0,1.43175414e0,5.60568814e0,1.56012752e0,4.91126024e-1,7.79457262e-2
8943-3703,-4.52991597e-1,-1.57912225e-1,-1.19620355e0,-5.52396916e-1,-8.79125349e-1,-5.82134020e-1,-8.97245886e-2,-3.19467636e-2
8943-6102,-5.06930462e-1,-3.40570975e-1,-1.16505870e0,-1.13144996e0,-6.16807979e-1,-1.09628830e0,-1.03779517e-1,-7.49248794e-2
8943-6103,-4.85323796e-1,-3.65254144e-1,-1.03870683e0,-1.15247089e0,-4.55715753e-1,-1.02744151e0,-9.76290963e-2,-8.58935840e-2
8943-6104,2.95012590e-1,2.49351510e-2,8.32872789e-1,9.25797298e-2,6.92507622e-1,1.06867829e-1,5.67807644e-2,4.48065649e-3
8943-9101,-1.63886663e-1,3.06866924e-2,-5.86005134e-1,-5.89480271e-3,-6.03433046e-1,-1.69662788e-1,-3.39571978e-2,1.68188301e-2
8943-9102,-1.19202335e-1,-2.30651492e-1,-7.40228626e-2,-6.76077741e-1,2.46059147e-1,-5.19748006e-1,-2.44869378e-2,-5.90655973e-2
8944-12701,1.40185008e-1,1.39205220e-1,2.82536318e-1,4.64637624e-1,8.19617772e-2,4.52274847e-1,2.99831854e-2,3.04704347e-2
8944-12702,2.65124309e-1,2.62531011e-1,4.99395947e-1,7.30959544e-1,1.69663057e-1,5.54074142e-1,4.30749925e-2,6.71232042e-2
8944-12705,-8.39888638e-2,-1.19461892e-1,-9.64139774e-2,-3.00051420e-1,5.28255138e-2,-1.72417656e-1,-1.14122355e-2,-3.34948932e-2
8944-1901,-9.44320785e-1,-4.76135238e-1,-2.35903230e0,-1.63139151e0,-1.54151480e0,-1.66285303e0,-1.90329896e-1,-9.98217619e-2
8944-1902,8.99699438e-1,8.27052936e-1,1.79466773e0,2.68137056e0,5.20700283e-1,2.48493716e0,1.89214123e-1,1.88664096e-1
8944-3701,-4.27326592e-1,-3.07350412e-1,-9.32721010e-1,-9.78488813e-1,-4.34245768e-1,-8.84412775e-1,-8.63185150e-2,-7.15550261e-2
8944-6101,-7.28099668e-2,1.10356703e-2,-2.36693689e-1,-7.77962269e-3,-2.14758298e-1,-6.02296448e-2,-1.70811072e-2,5.57416068e-3
8944-6103,2.21985259e-1,3.94773208e-1,1.39423741e-1,9.41165102e-1,-3.14386733e-1,4.48598714e-1,2.41729532e-2,1.15880759e-1
8944-6104,-3.19531202e-1,-1.95933461e-1,-7.41910703e-1,-6.41423798e-1,-4.09853578e-1,-6.07283233e-1,-6.47049571e-2,-4.39843922e-2
8944-9101,-3.20421618e-1,-1.82236005e-1,-7.58506876e-1,-5.87965063e-1,-4.49632472e-1,-5.48257135e-1,-6.35157631e-2,-4.14732501e-2
8944-9102,-8.31338339e-2,7.98538143e-2,-3.58406268e-1,1.84708468e-1,-4.22548803e-1,6.61898040e-2,-1.81326319e-2,2.45392765e-2
8945-12703,7.54583352e-2,2.43210666e-1,-9.17720019e-2,5.40037566e-1,-3.26350881e-1,2.06736722e-1,-1.84051859e-3,7.29425803e-2
8945-1901,7.00121439e-1,5.55679630e-1,1.57491936e0,1.88472501e0,7.60725509e-1,1.88733799e0,1.45921268e-1,1.18512580e-1
8945-1902,1.26229623e1,1.17280656e0,3.53093932e1,4.22891949e0,2.89082972e1,4.67512611e0,2.43899914e0,2.23996585e-1
8945-3701,2.57763916e0,5.10261072e-1,7.09213156e0,1.82090004e0,5.63587696e0,1.98068010e0,5.02033339e-1,9.94668119e-2
8945-3703,-2.26997763e-1,-1.57289682e-1,-5.07181716e-1,-5.13927516e-1,-2.47690823e-1,-4.84014792e-1,-4.65154471e-2,-3.54439523e-2
8945-3704,1.59446110e0,1.38435333e-1,4.46256019e0,4.99149028e-1,3.65725995e0,5.51786155e-1,3.07986327e-1,2.64421567e-2
8945-6101,-4.42790819e-1,-3.09175437e-1,-9.87918092e-1,-1.00400340e0,-4.85119894e-1,-9.37381081e-1,-9.02026302e-2,-7.01950136e-2
8945-6102,1.68307010e0,4.26054844e-1,4.59610507e0,1.52131657e0,3.59994287e0,1.65594197e0,3.29111188e-1,8.29701144e-2
8945-6103,9.79587362e-1,4.45256585e-1,2.50278548e0,1.53949665e0,1.71855569e0,1.59265111e0,1.96162098e-1,9.19239073e-2
8945-6104,5.95822034e-1,8.14417865e-2,1.68170408e0,3.05132168e-1,1.39460551e0,3.55869679e-1,1.14978801e-1,1.43732560e-2
8945-9101,-7.60537525e-1,-4.21068161e-1,-1.85864522e0,-1.42897348e0,-1.15568846e0,-1.43460775e0,-1.53938609e-1,-8.96368470e-2
8946-12703,2.81018610e-1,-4.70046993e-2,8.39987254e-1,-1.47086633e-1,7.57625368e-1,-1.28423859e-1,5.33051020e-2,-1.11990861e-2
8946-12704,-2.15395353e-1,-1.45232651e-1,-4.68860281e-1,-4.40381542e-1,-2.39956227e-1,-3.64196723e-1,-4.22817992e-2,-3.70567136e-2
8946-12705,-5.59067163e-1,-2.46682851e-1,-1.43741272e0,-8.57802672e-1,-9.98707762e-1,-8.95188227e-1,-1.11891660e-1,-5.04417595e-2
8946-1901,3.73149399e-1,1.60505670e-1,9.75290181e-1,5.64635828e-1,7.00662930e-1,6.00312385e-1,7.43159028e-2,3.21452524e-2
8946-1902,1.56873540e0,3.11584933e-1,4.32953618e0,1.11688469e0,3.45909613e0,1.22328370e0,3.05172832e-1,6.02171180e-2
8946-3701,-7.74505790e-1,-5.57296840e-1,-1.71530175e0,-1.80551267e0,-8.25476676e-1,-1.68113817e0,-1.57529409e-1,-1.26833924e-1
8946-3704,-7.43833757e-1,-3.01809731e-1,-1.93795552e0,-1.05414735e0,-1.38486783e0,-1.10805982e0,-1.48153113e-1,-6.12296300e-2
8946-6101,-1.70450712e-1,-1.35295158e-1,-3.57558943e-1,-4.35132774e-1,-1.38267439e-1,-3.97661904e-1,-3.52684430e-2,-3.12058545e-2
8946-6102,8.35854999e-1,4.15532067e-1,2.07869264e0,1.40702995e0,1.35228108e0,1.40882045e0,1.67859414e-1,8.87208598e-2
8946-6103,-1.37356774e-1,7.18551742e-3,-4.07852112e-1,1.65510927e-2,-3.65472652e-1,3.07698581e-3,-2.59797134e-2,2.33931999e-3
8946-6104,1.47655795e0,-2.91023430e-2,4.19946764e0,-9.34474130e-2,3.53796225e0,-8.37071062e-2,2.82971947e-1,-6.77579513e-3
8946-9101,-1.26755880e-2,9.62961611e-3,-4.64795322e-2,3.01327360e-2,-5.25847611e-2,2.58158875e-2,-2.19796361e-3,2.31714248e-3
8947-12702,-3.38048853e-1,8.45898570e-2,-1.20731925e0,1.37842396e-2,-1.20403668e0,-3.53748878e-1,-7.67707002e-2,4.12930620e-2
8947-1901,-7.24472269e-1,-2.83321013e-1,-1.90371285e0,-9.95382835e-1,-1.38350518e0,-1.05603580e0,-1.43930341e-1,-5.68788425e-2
8947-3701,-3.68849815e-1,5.75806580e-3,-1.12480283e0,-2.85510449e-2,-1.03816674e0,-1.09967488e-1,-6.97425880e-2,6.12988533e-3
8947-3702,8.53701795e-1,3.76769367e-1,2.21522644e0,1.31859969e0,1.56899956e0,1.39062594e0,1.70347762e-1,7.61593201e-2
8947-3704,7.79691498e-1,2.05830645e-1,2.11705639e0,7.30641662e-1,1.64140777e0,7.88135266e-1,1.52769206e-1,4.05320698e-2
8947-6101,1.02039692e-1,-1.05283110e-1,3.74719569e-1,-3.54799880e-1,4.31668759e-1,-3.50699755e-1,1.70651348e-2,-2.27126302e-2
8947-6102,2.02688365e0,7.86296743e-1,5.21169327e0,2.68187352e0,3.64352481e0,2.71459894e0,4.03581858e-1,1.66054775e-1
8947-6103,-4.92588699e-1,-3.86796552e-1,-1.06344260e0,-1.27114088e0,-4.53192374e-1,-1.20351849e0,-1.02615692e-1,-8.67590103e-2
8947-9101,-1.93601811e-1,-1.53569051e-1,-3.82202427e-1,-4.56140534e-1,-1.26043424e-1,-3.61703242e-1,-3.81552752e-2,-3.87436665e-2
8947-9102,2.08733877e-1,1.40645431e-1,4.76108268e-1,4.62612812e-1,2.48642079e-1,4.41533401e-1,4.25346389e-2,3.13608421e-2
8948-12701,1.25280502e-1,9.56053509e-2,2.79149737e-1,3.14579382e-1,1.35937216e-1,3.01319792e-1,2.55461156e-2,2.12658945e-2
8948-12704,-5.76440398e-1,-4.21406262e-1,-1.25314502e0,-1.33810349e0,-5.78419227e-1,-1.20730092e0,-1.15964275e-1,-9.82537942e-2
8948-1901,3.01466594e0,8.13896266e-1,8.16928069e0,2.88900271e0,6.30834635e0,3.11560781e0,5.91352361e-1,1.60301263e-1
8948-3701,-2.91520796e-1,-1.07579351e-1,-7.59941928e-1,-3.70839600e-1,-5.45938895e-1,-3.82166935e-1,-5.78291344e-2,-2.23099747e-2
8948-3703,1.04358851e-1,1.71965899e-1,1.62609506e-1,5.78288052e-1,-4.39671648e-2,5.70922097e-1,2.36307158e-2,3.71733302e-2
8948-3704,-7.88823536e-1,-4.27043337e-1,-1.93765990e0,-1.45230647e0,-1.21908537e0,-1.46290488e0,-1.59522673e-1,-9.06082395e-2
8948-6101,3.68449665e-2,2.54055596e-2,9.77686618e-2,9.57820696e-2,6.92637783e-2,1.11558923e-1,7.61112978e-3,4.46107427e-3
8948-6102,4.06645439e-1,4.20367467e-1,7.15917176e-1,1.25340407e0,9.58728738e-2,1.01268940e0,7.93993472e-2,1.05003437e-1
8948-6103,1.18255829e0,8.49267185e-1,2.61979455e0,2.76616968e0,1.25030280e0,2.59366134e0,2.41958976e-1,1.92121955e-1
8948-6104,-3.58343809e-1,-1.51125259e-1,-9.38848105e-1,-5.32649345e-1,-6.77489499e-1,-5.67935340e-1,-7.13349332e-2,-3.01638847e-2
8948-9101,-5.61734094e-1,-4.50576529e-1,-1.17283989e0,-1.40841198e0,-4.74970235e-1,-1.23951491e0,-1.12176670e-1,-1.06925486e-1
8949-12701,-1.89492686e-1,6.42359193e-2,-6.44740275e-1,1.76810608e-1,-6.75329481e-1,1.07474194e-1,-3.44121248e-2,1.79008028e-2
8949-12703,7.32336330e-2,1.18944863e-1,9.40619706e-2,3.65931602e-1,-5.60779729e-2,3.16282488e-1,1.46435787e-2,2.85346905e-2
8949-12704,2.19212224e0,1.15677147e0,5.24378640e0,3.72448403e0,3.18735177e0,3.44690051e0,4.35008782e-1,2.64771722e-1
8949-12705,1.73067899e0,6.95263010e-1,4.41054043e0,2.34856374e0,3.03447294e0,2.34286772e0,3.44570274e-1,1.48988447e-1
8949-1902,3.82237995e0,1.15343147e0,1.02926979e1,4.08515919e0,7.85294144e0,4.39042572e0,7.51792304e-1,2.28117078e-1
8949-3701,2.80669049e0,1.28999829e0,6.93867143e0,4.24655375e0,4.50677935e0,4.06917203e0,5.58614698e-1,2.86888128e-1
8949-3702,2.81634635e0,6.37154523e-1,7.63670690e0,2.23608603e0,5.91309301e0,2.36946619e0,5.51483150e-1,1.28124197e-1
8949-3703,2.52781706e0,1.43767153e0,5.98113107e0,4.69338459e0,3.49828204e0,4.43049888e0,5.07590587e-1,3.23691914e-1
8949-3704,4.02900085e0,1.12838519e0,1.04633136e1,3.69554388e0,7.53086969e0,3.50054434e0,7.93060785e-1,2.53224962e-1
8949-6102,9.77227573e-1,3.35811568e-1,2.51210259e0,1.12527238e0,1.76179051e0,1.10658421e0,1.93929188e-1,7.29107957e-2
8949-6103,2.49368432e0,6.97144269e-1,6.53968413e0,2.30005039e0,4.80711186e0,2.21707223e0,4.88166050e-1,1.54362753e-1
8949-6104,1.63306800e0,5.68940768e-1,4.32126008e0,1.99747317e0,3.18625556e0,2.11673091e0,3.23454113e-1,1.14366411e-1
8949-9102,2.26387699e0,7.39806697e-1,5.93118075e0,2.52439170e0,4.31655486e0,2.56209874e0,4.47043174e-1,1.55911689e-1
8950-12702,1.61570955e0,1.03917153e0,3.63193664e0,3.24239298e0,1.91095981e0,2.85369149e0,3.18016818e-1,2.46749055e-1
8950-1901,-6.89270745e-2,1.63629928e-1,-3.68144615e-1,5.27807385e-1,-5.40076933e-1,4.80885398e-1,-8.71732165e-3,3.77288916e-2
8950-1902,8.40962115e0,9.27770267e-1,2.34543766e1,3.33514453e0,1.91018063e1,3.66947531e0,1.62728958e0,1.78283877e-1
8950-3701,1.85317148e0,7.09048188e-1,4.81367790e0,2.44410911e0,3.43184596e0,2.51799222e0,3.68192182e-1,1.47077441e-1
8950-3702,9.04791028e-1,8.80823506e-1,1.77634932e0,2.87343496e0,4.55186169e-1,2.69161658e0,1.91691607e-1,1.99222076e-1
8950-3703,1.99178613e0,6.44966076e-1,5.25451249e0,2.23234568e0,3.86315166e0,2.31403251e0,3.93805628e-1,1.32890912e-1
8950-3704,1.61778695e0,7.40400694e-1,4.07538491e0,2.49576079e0,2.74256288e0,2.48745815e0,3.22153424e-1,1.58921481e-1
8950-6101,1.03749443e0,4.12792670e-1,2.65645300e0,1.39337701e0,1.85054629e0,1.39330175e0,2.05582971e-1,8.83347976e-2
8950-6102,2.49807821e0,1.05787395e-1,7.00953921e0,3.81928929e-1,5.77104754e0,4.23070013e-1,4.81877017e-1,2.01529692e-2
8950-6103,2.02774174e0,5.17235988e-1,5.46321265e0,1.81657787e0,4.17647728e0,1.92641690e0,3.98384649e-1,1.03896858e-1
8950-6104,9.04352635e-1,5.88134914e-2,2.54956692e0,2.17748057e-1,2.11529639e0,2.50400215e-1,1.74130904e-1,1.06308043e-2
8950-9102,3.33040715e0,1.03026413e0,8.76549924e0,3.48991276e0,6.45774764e0,3.51049882e0,6.54271901e-1,2.19257594e-1
8951-12702,1.34021620e0,2.98826735e-1,3.71803858e0,1.09248433e0,2.98971937e0,1.23000862e0,2.60924216e-1,5.56014278e-2
8951-12703,1.18400352e0,3.87119223e-1,3.10297480e0,1.32242326e0,2.25899755e0,1.34419894e0,2.33867767e-1,8.14549245e-2
8951-12704,1.28628375e0,5.87486745e-1,3.22125992e0,1.95282103e0,2.15375964e0,1.91023503e0,2.54699077e-1,1.28403102e-1
8951-1902,5.13069134e0,1.84790023e0,1.35284974e1,6.45985279e0,9.91669927e0,6.80158369e0,1.01646803e0,3.74249369e-1
8951-3702,5.37388182e0,2.08785188e0,1.39771471e1,7.21979538e0,9.98434999e0,7.47427787e0,1.06796888e0,4.30816980e-1
8951-3703,3.14359868e0,7.81058384e-1,8.49724004e0,2.74249281e0,6.54030842e0,2.90870300e0,6.16384615e-1,1.56907698e-1
8951-3704,1.33725273e0,3.51442525e-1,3.62223453e0,1.24476004e0,2.79563288e0,1.33784615e0,2.62293873e-1,6.95013720e-2
8951-6101,1.06584267e0,1.87565269e-1,2.92737108e0,6.56075090e-1,2.32488116e0,6.93015214e-1,2.07171551e-1,3.78920431e-2
8951-6102,1.51006902e0,6.46583117e-1,3.85136279e0,2.21273424e0,2.64286405e0,2.25257983e0,3.01736842e-1,1.35767413e-1
8951-6104,1.66134192e0,7.59081880e-1,4.17247453e0,2.55369268e0,2.78754619e0,2.53352093e0,3.31425202e-1,1.63581371e-1
8951-9102,1.45447659e0,2.50626451e-1,3.98750918e0,8.81589733e-1,3.15178695e0,9.38299302e-1,2.83370514e-1,5.01607600e-2
8952-12701,1.04332139e-1,-3.25152395e-4,3.07394824e-1,5.45361079e-3,2.72127768e-1,1.60330907e-2,1.98721851e-2,-7.05625139e-4
8952-12702,-3.16003799e-1,-2.48537538e-1,-6.72663867e-1,-8.04575921e-1,-2.76087684e-1,-7.45336329e-1,-6.52121104e-2,-5.67446814e-2
8952-12705,2.64999903e-1,4.31862106e-1,2.85137598e-1,1.03181345e0,-1.48003783e-1,5.70594604e-1,2.16361972e-2,1.20034959e-1
8952-1901,1.78041109e0,3.50796836e-1,4.87660091e0,1.24333272e0,3.84446558e0,1.33788922e0,3.47372729e-1,6.92800115e-2
8952-1902,2.13495720e0,6.28356667e-1,5.72925400e0,2.21257654e0,4.34528482e0,2.35627430e0,4.20251145e-1,1.25613787e-1
8952-3701,1.43074602e0,5.18182761e-1,3.78986630e0,1.82397009e0,2.80003001e0,1.94119809e0,2.83281956e-1,1.03661421e-1
8952-3702,-6.90855279e-2,1.64189658e-1,-4.15132216e-1,4.72466778e-1,-6.14135025e-1,3.37575960e-1,-1.04021123e-2,4.33463012e-2
8952-3703,3.97920234e-1,2.55789631e-1,9.60522872e-1,8.79146295e-1,5.74204262e-1,9.00413024e-1,8.12910725e-2,5.33568297e-2
8952-3704,7.97928997e-1,4.43199696e-1,1.98227181e0,1.53105905e0,1.27347831e0,1.58096571e0,1.61589288e-1,9.16607997e-2
8952-6101,1.29607671e0,-3.17919113e-2,3.68872404e0,-1.03955948e-1,3.11123350e0,-9.67203369e-2,2.48304210e-1,-7.20318806e-3
8952-6103,-1.37725059e-1,-1.01867856e-2,-4.00689922e-1,-4.69160437e-2,-3.46198160e-1,-6.75949747e-2,-2.64939390e-2,-9.24061605e-4
8952-9101,-1.70635112e-1,-1.85398472e-1,-3.25645416e-1,-6.10884445e-1,-6.41692276e-2,-5.83045554e-1,-3.64954825e-2,-4.13046524e-2
8952-9102,-5.97880758e-1,-3.74724297e-1,-1.40999703e0,-1.25724008e0,-8.00818433e-1,-1.23830068e0,-1.21969567e-1,-8.12245483e-2
8953-3702,6.63581981e0,1.96233716e0,1.74972268e1,6.68902752e0,1.28965577e1,6.77496258e0,1.30762627e0,4.14372611e-1
8977-12703,1.81472402e-1,1.69773271e-1,3.71737950e-1,5.94012003e-1,9.90001254e-2,5.98452547e-1,4.23296578e-2,3.58525936e-2
8977-12705,-4.26792741e-1,-4.09563625e-1,-7.80112579e-1,-1.15462132e0,-2.03753897e-1,-8.56303379e-1,-7.59021682e-2,-1.06474894e-1
8977-1902,4.32000891e0,1.46403177e0,1.15209400e1,5.16024047e0,8.63072248e0,5.50495175e0,8.52668990e-1,2.92108867e-1
8977-3702,1.87583773e0,5.38320444e-1,5.03457592e0,1.89346571e0,3.81975680e0,2.01284113e0,3.69196273e-1,1.07834166e-1
8977-3704,-8.83612561e-1,-4.02408946e-1,-2.25407665e0,-1.39165544e0,-1.54149164e0,-1.43977569e0,-1.77142301e-1,-8.30623064e-2
8977-6101,6.10955375e-1,4.91040945e-1,1.29950228e0,1.59843536e0,5.28997503e-1,1.49036156e0,1.26838890e-1,1.11596564e-1
8977-6102,5.60206237e-1,5.12857644e-1,1.11601437e0,1.63342025e0,3.42858314e-1,1.47561526e0,1.15245302e-1,1.19405814e-1
8977-9101,5.39400925e-1,2.98038680e-1,1.34430262e0,1.02981629e0,8.70967955e-1,1.06405269e0,1.09047769e-1,6.16059967e-2
8977-9102,2.18053593e-1,4.28717798e-1,1.11705747e-1,1.11076615e0,-4.02813992e-1,6.80342498e-1,2.91094390e-2,1.18715454e-1
8978-12702,2.32450000e-2,-2.16911567e-1,3.48761491e-1,-5.20983346e-1,5.56698582e-1,-2.49188790e-1,1.31050236e-2,-6.35464195e-2
8978-12703,-5.47776657e-1,-3.73220395e-1,-1.24583587e0,-1.22770640e0,-6.44447765e-1,-1.17138065e0,-1.11762409e-1,-8.32350257e-2
8978-12704,4.20683369e-1,3.31014129e-1,9.22908365e-1,1.09647678e0,4.17461069e-1,1.05695137e0,8.71167123e-2,7.31445251e-2
8978-12705,2.04898160e-1,-5.08627432e-2,7.05454621e-1,-1.12002221e-1,7.42719278e-1,-1.15679293e-2,3.76152348e-2,-1.69476392e-2
8978-1902,-2.24493917e-1,-4.19550028e-2,-6.23488142e-1,-1.51489609e-1,-5.03698590e-1,-1.67793455e-1,-4.35538650e-2,-7.99213578e-3
8978-3701,1.64306972e-1,1.55334103e-1,3.49733962e-1,5.23609586e-1,1.36534369e-1,5.19348563e-1,3.46274466e-2,3.34414260e-2
8978-3702,-8.14415335e-2,2.35473179e-2,-3.04581797e-1,3.36406401e-2,-3.38322756e-1,-4.07174161e-2,-1.53238263e-2,9.58730992e-3
8978-3703,9.65583837e-2,4.01785715e-2,2.69353481e-1,1.49372421e-1,2.17496351e-1,1.72354888e-1,1.88588111e-2,7.21194009e-3
8978-6102,1.21449970e-1,9.33720074e-2,2.85170218e-1,3.22225267e-1,1.57081514e-1,3.32172174e-1,2.50896144e-2,1.93446906e-2
8978-6103,-6.19657952e-1,-3.79558899e-1,-1.45473942e0,-1.26158908e0,-8.20213313e-1,-1.22362387e0,-1.26106238e-1,-8.34317319e-2
8978-9101,3.07882871e-1,2.88396325e-1,6.29692075e-1,9.47857819e-1,2.09544777e-1,9.01930056e-1,6.45387365e-2,6.44405430e-2
8978-9102,-5.78433740e-1,-4.40800928e-1,-1.23349760e0,-1.39195279e0,-5.33273297e-1,-1.24252336e0,-1.16495264e-1,-1.03565955e-1
8979-12701,-4.32176772e-1,-5.02941020e-1,-6.85017617e-1,-1.44525806e0,1.84029920e-2,-1.09739934e0,-7.98671712e-2,-1.29486646e-1
8979-12702,1.08582166e-1,-1.78132368e-1,4.41398692e-1,-6.02072285e-1,5.52385194e-1,-5.98974647e-1,1.70459746e-2,-3.82184891e-2
8979-12703,-5.33877425e-1,-5.51649752e-1,-9.38917192e-1,-1.56318541e0,-1.80156888e-1,-1.17504886e0,-9.46017070e-2,-1.42433492e-1
8979-12704,1.33240262e0,1.23345640e-1,3.74669450e0,4.53133643e-1,3.09372155e0,5.14727415e-1,2.56975827e-1,2.26873900e-2
8979-12705,3.67036249e-1,3.40992562e-1,7.11996940e-1,9.91349382e-1,2.46244623e-1,7.92321531e-1,6.58335855e-2,8.54492998e-2
8979-3701,1.28880162e-2,-7.01927650e-2,1.30069767e-1,-2.04144149e-1,2.23981776e-1,-1.49602679e-1,1.10864957e-3,-1.83303045e-2
8979-3702,9.55464556e-1,2.49310440e-1,2.59078825e0,8.83202439e-1,2.00373894e0,9.49611514e-1,1.87304491e-1,4.92830790e-2
8979-3703,-4.38297913e-1,-2.06763884e-1,-1.11467290e0,-7.15008565e-1,-7.57214346e-1,-7.39716785e-1,-8.79533699e-2,-4.26813297e-2
8979-3704,-6.12788666e-1,-2.95692566e-1,-1.55914916e0,-1.03791181e0,-1.04974021e0,-1.09336932e0,-1.24177479e-1,-5.97197634e-2
8979-6101,-1.81759379e-1,-3.79109267e-2,-5.08152008e-1,-1.47530234e-1,-4.08388424e-1,-1.77094874e-1,-3.59267273e-2,-6.26690544e-3
8979-6102,-5.72030905e-1,-3.95282452e-1,-1.27770431e0,-1.28403822e0,-6.28596468e-1,-1.19877213e0,-1.16644399e-1,-8.97350907e-2
8979-6103,-4.29800975e-1,-1.63643848e-1,-1.13262255e0,-5.76256810e-1,-8.27465428e-1,-6.13538512e-1,-8.53351174e-2,-3.27169336e-2
8979-6104,-6.96032457e-1,-3.92395837e-1,-1.68508235e0,-1.32480440e0,-1.02452558e0,-1.31845810e0,-1.41147812e-1,-8.42320522e-2
8979-9101,-1.20657780e-2,-3.04947761e-3,-3.61248131e-2,-2.03827299e-2,-2.65412796e-2,-3.32388353e-2,-3.06105184e-3,1.82071399e-4
8980-12702,-5.73089593e-1,-3.30905269e-1,-1.42405920e0,-1.14708646e0,-9.14463412e-1,-1.19110411e0,-1.16137109e-1,-6.80313872e-2
8980-12704,-2.39971562e-1,-1.63118327e-1,-5.23582766e-1,-5.03206412e-1,-2.52165173e-1,-4.32404007e-1,-4.73597344e-2,-3.93276336e-2
8980-12705,-2.03791125e-1,3.18779176e-1,-7.20394803e-1,-1.32983715e-1,-1.74557314e-1,-9.10079829e-1,-2.05387211e-1,9.78997644e-2
8980-1901,9.91089405e-1,2.85055475e-1,2.68791784e0,1.01533602e0,2.07819240e0,1.10095587e0,1.94400115e-1,5.57748084e-2
8980-1902,6.41749347e-1,2.15424411e-1,1.71177109e0,7.60674688e-1,1.28186454e0,8.13523648e-1,1.26745822e-1,4.28489010e-2
8980-3701,6.10725287e-1,7.19721206e-2,1.70435759e0,2.57395725e-1,1.39087331e0,2.81630959e-1,1.18009886e-1,1.39462795e-2
8980-3704,-3.69427426e-1,-1.03873759e-1,-9.92109682e-1,-3.63908123e-1,-7.54477644e-1,-3.84671403e-1,-7.26060507e-2,-2.09491728e-2
8980-6102,3.37275506e-1,-1.16310902e-1,1.07959260e0,-3.70947463e-1,1.06807661e0,-3.31346854e-1,6.17377723e-2,-2.72144630e-2
8980-6103,3.90954229e0,6.54634554e-1,1.07819264e1,2.33253696e0,8.60554571e0,2.53087347e0,7.60551140e-1,1.27994802e-1
8980-6104,-1.52305519e-1,-1.12389520e-1,-3.41061071e-1,-3.75609810e-1,-1.63932239e-1,-3.66881217e-1,-3.16076459e-2,-2.45321189e-2
8980-9101,-4.98780533e-2,-2.69385845e-2,-1.00136207e-1,-7.11225379e-2,-3.65059448e-2,-3.96675993e-2,-9.80593410e-3,-7.70219834e-3
8981-12701,-7.75332931e-1,-2.14256308e-1,-2.10162724e0,-7.61653488e-1,-1.62349786e0,-8.23314421e-1,-1.52092033e-1,-4.20804237e-2
8981-12702,-6.97820972e-1,-4.90370108e-1,-1.56207038e0,-1.59625694e0,-7.75582753e-1,-1.49783820e0,-1.41998322e-1,-1.10907266e-1
8981-12705,-7.33262168e-2,3.54472254e-2,-2.49895707e-1,1.12238852e-1,-2.65810622e-1,9.82746311e-2,-1.29672207e-2,8.39584215e-3
8981-1902,-7.24522346e-1,-2.73157969e-1,-1.90038151e0,-9.54254376e-1,-1.37766613e0,-1.00348046e0,-1.43881311e-1,-5.53942127e-2
8981-3701,-2.50773276e-1,-1.42562655e-1,-6.15802565e-1,-4.90725919e-1,-3.84255363e-1,-5.03526477e-1,-5.10046869e-2,-2.96734999e-2
8981-3702,-1.60276255e-1,-2.91009801e-1,-1.76240640e-1,-9.30261127e-1,2.08786512e-1,-8.41385092e-1,-3.62436981e-2,-6.76229374e-2
8981-3703,-5.69799268e-1,-1.92891767e-1,-1.50422945e0,-6.71577541e-1,-1.10623285e0,-7.02651736e-1,-1.12744084e-1,-3.93431767e-2
8981-6101,-3.35266194e-1,-1.78530084e-1,-8.10851967e-1,-5.98213698e-1,-4.92488998e-1,-5.87472151e-1,-6.79410935e-2,-3.87925553e-2
8981-6103,-6.26342987e-1,-3.66394940e-1,-1.50282698e0,-1.23145360e0,-8.95349030e-1,-1.21739826e0,-1.27046151e-1,-7.91663938e-2
8981-6104,-6.77593663e-1,-4.90264626e-1,-1.48176944e0,-1.55874931e0,-6.98487998e-1,-1.40998149e0,-1.36161355e-1,-1.14115977e-1
8981-9101,-7.96898072e-1,-5.20381921e-1,-1.83334041e0,-1.71110260e0,-9.83874678e-1,-1.63262372e0,-1.61937014e-1,-1.16073495e-1
8982-12702,-5.79184132e-1,-4.02641103e-1,-1.29560244e0,-1.30514653e0,-6.44266455e-1,-1.21645825e0,-1.17577815e-1,-9.15624429e-2
8982-12704,-1.78468203e-1,-1.04597034e-1,-4.19352779e-1,-3.33841598e-1,-2.46669612e-1,-3.06453162e-1,-3.51162253e-2,-2.41182074e-2
8982-1902,-3.59570903e-2,-4.85636050e-2,-5.70958238e-2,-1.60142199e-1,1.25992058e-2,-1.52377699e-1,-8.10086840e-3,-1.08325554e-2
8982-3701,-7.49883290e-1,-2.31477801e-1,-2.01528560e0,-8.19520273e-1,-1.53157445e0,-8.80170960e-1,-1.47629245e-1,-4.58146722e-2
8982-3702,2.75754873e0,5.60974057e-1,7.55756732e0,1.98806295e0,5.96663359e0,2.13978206e0,5.37680686e-1,1.10780684e-1
8982-6101,-1.93903516e-1,5.26539045e-3,-5.91076614e-1,-5.79681922e-3,-5.46037930e-1,-4.61793054e-2,-3.65846951e-2,3.54769917e-3
8982-6104,-5.59653142e-1,-4.25498475e-1,-1.22355251e0,-1.39054173e0,-5.54997397e-1,-1.31135869e0,-1.15044136e-1,-9.58040959e-2
8982-9101,-1.95417899e-1,-2.63504207e-1,-3.02545986e-1,-8.24273516e-1,5.43622738e-2,-7.23314270e-1,-4.06541140e-2,-6.26287774e-2
8982-9102,6.10073413e-3,1.35097616e-1,-1.54438343e-1,3.43173043e-1,-3.00113453e-1,1.92971226e-1,-2.40490638e-3,3.83524115e-2
8983-12703,-1.51421916e-1,-4.98228272e-2,-3.91787543e-1,-1.69356928e-1,-2.77015784e-1,-1.70139017e-1,-3.01377391e-2,-1.05911844e-2
8983-1902,4.86153122e-1,2.00691561e-2,1.37102099e0,7.39564834e-2,1.13867611e0,8.45084929e-2,9.35470574e-2,3.66336981e-3
8983-3702,2.76258792e0,1.64931696e0,6.41925316e0,5.34583151e0,3.58412537e0,4.98453490e0,5.55868874e-1,3.75025078e-1
8983-3703,5.01047094e-1,2.25279762e-1,1.29860703e0,7.89590582e-1,9.16821949e-1,8.34565653e-1,1.00084032e-1,4.54206396e-2
8983-3704,-7.39034567e-2,-1.38978727e-2,-1.82404321e-1,-2.76445103e-2,-1.25653545e-1,1.85150284e-3,-1.39121271e-2,-4.81550344e-3
8983-6101,-1.23562193e-1,2.06996305e-2,-4.15550184e-1,-2.31522863e-3,-3.98171093e-1,-9.91981962e-2,-2.69404965e-2,1.05572280e-2
8983-6103,-6.32891109e-1,-3.56041161e-1,-1.52562828e0,-1.19208054e0,-9.22443731e-1,-1.17145778e0,-1.27956854e-1,-7.73662751e-2
8983-6104,-1.42856796e-1,6.09045761e-2,-5.70327768e-1,-4.17764190e-2,-5.52145709e-1,-3.50425071e-1,-4.29302656e-2,3.29569932e-2
8983-9101,1.53283433e-1,1.16922367e-1,3.21639975e-1,3.57815727e-1,1.36942143e-1,3.03567171e-1,3.01173689e-2,2.84185960e-2
8983-9102,9.73877668e-2,-9.58110473e-2,4.33047079e-1,-2.37149225e-1,5.37107683e-1,-1.05470757e-1,1.87538647e-2,-2.86669147e-2
8984-12704,-1.05279598e-1,-4.08570463e-3,-2.97335853e-1,4.08667024e-4,-2.59507921e-1,1.55451946e-2,-1.86910924e-2,-1.91667465e-3
8984-1901,4.93850974e0,1.10813129e0,1.35275711e1,3.95159199e0,1.06601311e1,4.29292775e0,9.64005323e-1,2.16330041e-1
8984-3701,6.47021823e0,1.78556938e0,1.73378689e1,6.21673434e0,1.31435430e1,6.50973904e0,1.27139456e0,3.64000292e-1
8984-3702,1.51742456e0,7.60615055e-1,3.62321659e0,2.41728512e0,2.19939415e0,2.18001189e0,3.00847424e-1,1.77430913e-1
8984-3703,2.50012781e0,2.87369945e-1,7.00628752e0,1.04544399e0,5.75217804e0,1.17108500e0,4.82863586e-1,5.39200861e-2
8984-3704,7.63414447e-1,5.55007145e-1,1.74421294e0,1.86943710e0,8.95269449e-1,1.85170236e0,1.57704057e-1,1.19634236e-1
8984-6102,-1.41655757e-1,-1.44035300e-1,-3.28577094e-1,-5.06804529e-1,-1.71711408e-1,-5.38856008e-1,-2.96205736e-2,-2.88403622e-2
8984-6103,-1.33800488e-1,-8.36025583e-2,-2.97683594e-1,-2.53986458e-1,-1.54680982e-1,-2.12672755e-1,-2.60646491e-2,-2.04853858e-2
8984-9101,3.39584040e0,3.12506757e-1,9.47410518e0,1.12205069e0,7.72057069e0,1.23214707e0,6.56993179e-1,6.01977728e-2
8984-9102,-6.35768581e-1,-4.00670835e-1,-1.47850798e0,-1.32091335e0,-8.17723902e-1,-1.26586586e0,-1.28977114e-1,-8.90392324e-2
8985-12705,-4.80582044e-1,-3.23405412e-1,-1.10003847e0,-1.06992331e0,-5.76586227e-1,-1.03015989e0,-9.82417841e-2,-7.15143085e-2
8985-1901,-6.09311639e-1,-3.01471754e-1,-1.53442564e0,-1.03967653e0,-1.01931053e0,-1.07067490e0,-1.22695194e-1,-6.25284993e-2
8985-1902,-7.69500174e-1,-1.92761256e-1,-2.09682565e0,-6.86116503e-1,-1.63620480e0,-7.43184984e-1,-1.50574903e-1,-3.77657512e-2
8985-3702,6.41377249e-1,8.07714089e-1,1.11676785e0,2.66066326e0,5.20552218e-3,2.53464882e0,1.40270073e-1,1.80164269e-1
8985-3703,2.88220296e-1,1.95954081e-2,8.30395181e-1,8.42539573e-2,7.09762164e-1,1.14415003e-1,5.53603343e-2,2.36991962e-3
8985-3704,-2.16435822e-1,-3.55442328e-2,-6.29956404e-1,-1.73074226e-1,-5.23920156e-1,-2.46043458e-1,-4.44147979e-2,-3.00109174e-3
8985-6101,-2.67149386e-1,-2.68021752e-1,-4.75902341e-1,-8.11553437e-1,-6.34729173e-2,-6.67916458e-1,-5.38306976e-2,-6.62616950e-2
8985-6102,9.71242793e-2,8.27380630e-2,2.05664421e-1,2.68820187e-1,8.35676942e-2,2.51600339e-1,1.99341424e-2,1.87554158e-2
8985-6103,-3.09620597e-1,-1.94079110e-1,-7.14978477e-1,-6.35402923e-1,-3.88606399e-1,-6.01007082e-1,-6.28458138e-2,-4.36012967e-2
8985-6104,-2.85032240e-1,-1.70319392e-1,-6.83631125e-1,-5.76648281e-1,-4.04615194e-1,-5.76522458e-1,-5.80520123e-2,-3.63985273e-2
8985-9101,1.61636287e-1,5.04625697e-1,-2.29203724e-1,1.26257747e0,-8.85826846e-1,6.43372624e-1,2.07506372e-2,1.47055652e-1
8985-9102,-3.51013385e-1,-3.43348166e-1,-6.42200218e-1,-1.00677870e0,-1.45693279e-1,-7.95406898e-1,-6.62521387e-2,-8.67891168e-2
8986-12704,-3.17902365e-1,-1.19625170e-1,-8.28656518e-1,-4.15407037e-1,-5.93441078e-1,-4.32606033e-1,-6.32446603e-2,-2.45180865e-2
8986-1901,5.80266321e-1,2.62312820e-1,1.49675541e0,9.15750090e-1,1.04676088e0,9.61859226e-1,1.16038898e-1,5.32617753e-2
8986-1902,1.13319684e0,1.04247706e0,2.38718580e0,3.49689708e0,8.86065552e-1,3.43633716e0,2.39663834e-1,2.26287117e-1
8986-3701,5.37512472e-2,3.48968813e-1,-3.24093957e-1,9.67667403e-1,-8.25754545e-1,6.33764132e-1,1.36748321e-2,9.52482320e-2
8986-3702,2.58511450e-1,1.38935030e-1,6.54976824e-1,4.85633953e-1,4.39439348e-1,5.10994618e-1,5.21079902e-2,2.81515457e-2
8986-6101,8.52268330e-2,4.16043188e-2,2.24386310e-1,1.50002757e-1,1.61983159e-1,1.65069191e-1,1.70918317e-2,7.97394581e-3
8986-6102,4.59822281e0,4.17893770e-1,1.28479277e1,1.50394836e0,1.04980035e1,1.65764444e0,8.88951943e-1,8.01228650e-2
8986-6103,1.93594982e0,8.94784594e-2,5.43550748e0,3.24110246e-1,4.47978478e0,3.60854959e-1,3.73337726e-1,1.69327890e-2
8986-6104,-2.49296300e-1,-3.77601609e-1,-3.56640312e-1,-8.87784488e-1,-8.22078997e-3,-5.38248480e-1,-1.22904673e-2,-9.60856491e-2
8986-9101,2.03111742e-1,1.89963974e-1,4.05535638e-1,6.14068247e-1,1.21194849e-1,5.68002722e-1,4.23554421e-2,4.34305916e-2
8986-9102,1.69135031e-1,3.05479489e-1,1.55591915e-1,7.43977614e-1,-1.46930269e-1,4.36910767e-1,1.26570410e-2,8.34444724e-2
8987-1901,-8.53385214e-1,-4.16462459e-1,-2.14874098e0,-1.43223117e0,-1.42870534e0,-1.46861513e0,-1.71674267e-1,-8.67751172e-2
8987-1902,3.64121434e0,2.27053195e-1,1.02468617e1,8.30354190e-1,8.47765176e0,9.37816097e-1,7.01513131e-1,4.21320083e-2
8987-3701,-1.24291340e-1,-7.22102183e-2,-2.81040831e-1,-2.07015380e-1,-1.61550909e-1,-1.58837094e-1,-2.28794103e-2,-1.85301227e-2
8987-3702,-3.68130502e-1,-1.68027204e-1,-9.49019957e-1,-5.88236851e-1,-6.61743975e-1,-6.20147993e-1,-7.37496272e-2,-3.39649361e-2
8987-3703,-8.44407712e-2,-1.18608004e-1,-1.64505681e-1,-4.10804109e-1,-3.30382041e-2,-4.25672836e-1,-1.85694194e-2,-2.44312177e-2
8987-3704,1.70797773e-1,2.51502023e-1,2.45046453e-1,8.02151490e-1,-9.91308966e-2,7.23558836e-1,3.72528639e-2,5.85744371e-2
8987-6102,-6.36478414e-1,-2.38450141e-1,-1.67616144e0,-8.37980729e-1,-1.22314541e0,-8.89028680e-1,-1.26394602e-1,-4.78611960e-2
8987-6103,-4.89130842e-1,-4.80766829e-1,-9.05530488e-1,-1.45798761e0,-1.94712611e-1,-1.21703784e0,-9.64619818e-2,-1.17919710e-1
8987-9101,-2.40822352e-1,-1.20851261e-1,-5.86991912e-1,-3.97117277e-1,-3.69488268e-1,-3.78779146e-1,-4.81104553e-2,-2.69970515e-2
8987-9102,-6.15050447e-1,-3.77494059e-1,-1.44026170e0,-1.24266111e0,-8.14464618e-1,-1.18914202e0,-1.24297661e-1,-8.40147259e-2
8988-12702,-3.58940289e-1,-1.10756185e-1,-1.00168669e0,-5.72978010e-1,-6.93231651e-1,-7.90955355e-1,-8.81229168e-2,-9.60147076e-3
8988-12704,1.53555726e-1,3.65144402e-1,3.42389985e-2,9.80702965e-1,-3.78973669e-1,6.74222863e-1,1.89521336e-2,9.65605819e-2
8988-1902,6.32763344e-1,4.30175008e-1,1.44304394e0,1.42878597e0,7.43429605e-1,1.38220521e0,1.30074244e-1,9.47342027e-2
8988-3704,-6.98573050e-1,-3.69781488e-1,-1.71420967e0,-1.25005564e0,-1.07906290e0,-1.24752705e0,-1.40974689e-1,-7.91847935e-2
8988-6101,-3.29530194e-2,3.99851124e-2,-1.42162398e-1,1.13384997e-1,-1.74780495e-1,8.10651856e-2,-6.20352378e-3,1.05687833e-2
8988-6102,-4.23053524e-1,-2.77959396e-1,-1.02442842e0,-9.62160198e-1,-6.14778683e-1,-9.96392501e-1,-8.66070560e-2,-5.73010643e-2
8988-6103,6.89075888e-1,3.40705175e-1,1.75184238e0,1.18642584e0,1.18575600e0,1.24077151e0,1.38613446e-1,6.95007869e-2
8988-6104,-6.54735928e-2,-9.38827896e-2,-1.03012862e-1,-3.07256939e-1,2.21730077e-2,-2.89632349e-1,-1.44738922e-2,-2.11291633e-2
8988-9101,-4.74741621e-1,-3.34050437e-1,-1.06623197e0,-1.09729133e0,-5.29014548e-1,-1.04355707e0,-9.72411168e-2,-7.46867402e-2
8988-9102,1.52502441e-1,5.38158908e-2,4.04925568e-1,1.83362824e-1,3.05367217e-1,1.89398131e-1,2.95013748e-2,1.11895491e-2
8989-12701,-4.14721709e-1,-3.94889780e-1,-7.92799005e-1,-1.23883648e0,-1.90219990e-1,-1.08914402e0,-8.51212438e-2,-9.36933194e-2
8989-12702,-2.00960228e-1,-4.77732679e-2,-5.50500535e-1,-1.72371521e-1,-4.32552706e-1,-1.89700600e-1,-3.93881596e-2,-9.15781169e-3
8989-12704,-1.95468720e-1,-1.22519820e-1,-4.98262133e-1,-4.33296486e-1,-3.38038905e-1,-4.64525916e-1,-3.93938109e-2,-2.42999563e-2
8989-12705,-2.68806105e-1,-9.51909493e-2,-7.16322186e-1,-3.34754107e-1,-5.36744271e-1,-3.58400441e-1,-5.28088344e-2,-1.89296652e-2
8989-1901,-2.18411751e-1,-2.66162183e-2,-6.09977605e-1,-9.62617225e-2,-4.97827631e-1,-1.06880961e-1,-4.22490327e-2,-5.05385814e-3
8989-1902,-5.64214489e-1,-3.28627545e-1,-1.35596894e0,-1.10577442e0,-8.10709886e-1,-1.09493597e0,-1.14462727e-1,-7.08928782e-2
8989-3701,-2.89882325e-1,-2.21163897e-1,-6.50434306e-1,-7.40667776e-1,-3.15862851e-1,-7.26827567e-1,-6.00118357e-2,-4.80924618e-2
8989-3703,-9.74001707e-1,-3.37880396e-1,-2.57883674e0,-1.18557713e0,-1.90439303e0,-1.25541792e0,-1.92809809e-1,-6.79830061e-2
8989-3704,-3.52823984e-1,-1.86273982e-1,-8.64629528e-1,-6.28815167e-1,-5.42654970e-1,-6.25977507e-1,-7.12179365e-2,-3.99820275e-2
8989-6101,-2.54563150e-1,-1.49117265e-1,-5.98533678e-1,-4.87529130e-1,-3.43613439e-1,-4.61275336e-1,-5.12522183e-2,-3.35063911e-2
8989-6102,-2.18500961e-1,-6.80999951e-2,-5.78289295e-1,-2.22130129e-1,-4.38422348e-1,-2.16239205e-1,-4.17265760e-2,-1.50179183e-2
8989-6103,2.82278853e-1,1.38626649e-1,7.06388646e-1,4.75000406e-1,4.63136833e-1,4.83998105e-1,5.68961449e-2,2.90680267e-2
8989-6104,2.50314687e-1,2.36988082e-1,4.83196429e-1,7.25990846e-1,1.39167401e-1,6.20362359e-1,4.91498083e-2,5.73249814e-2
8989-9101,-8.75809336e-2,-1.59064068e-1,-8.83266859e-2,-5.04459250e-1,1.30934676e-1,-4.48952228e-1,-1.99610411e-2,-3.73754461e-2
8989-9102,-7.24044230e-1,-3.71329033e-1,-1.78205971e0,-1.25216676e0,-1.13142735e0,-1.24465594e0,-1.45843560e-1,-7.98235891e-2
8990-12701,-5.72583797e-1,-2.37459321e-1,-1.48377184e0,-8.26872071e-1,-1.04863806e0,-8.64885308e-1,-1.14248085e-1,-4.84360922e-2
8990-12703,-4.51849311e-1,-4.97484291e-1,-7.49456388e-1,-1.38259064e0,-7.79510402e-2,-1.00051346e0,-7.76748840e-2,-1.30432533e-1
8990-12704,1.73427474e-1,3.04566509e-1,1.61087386e-1,8.14131181e-1,-1.91555603e-1,5.55952474e-1,2.38240434e-2,8.11623901e-2
8990-1901,1.23165630e0,3.33446449e-1,3.37445328e0,1.20165428e0,2.65545350e0,1.32579399e0,2.40838614e-1,6.38079094e-2
8990-1902,-5.67903047e-1,-2.06255537e-1,-1.49437960e0,-7.19783378e-1,-1.09126367e0,-7.55908867e-1,-1.12561100e-1,-4.18955326e-2
8990-3702,1.22755005e0,-1.30943575e-3,3.53365481e0,2.41627788e-2,3.03249915e0,7.50636490e-2,2.34244446e-1,-3.28079258e-3
8990-3703,6.75390800e-2,4.51801159e-1,-2.71167933e-1,1.44511593e0,-8.33629961e-1,1.30032162e0,2.36396051e-2,1.05224372e-1
8990-6101,8.62106312e0,1.11139772e0,2.39353462e1,3.97618134e0,1.93364425e1,4.34196435e0,1.67184598e0,2.15596822e-1
8990-6102,1.75602750e0,5.36266686e-1,4.59972380e0,1.81012081e0,3.35308619e0,1.80533837e0,3.46110864e-1,1.14981043e-1
8990-6103,6.18640779e0,2.21049485e0,1.61734562e1,7.64204863e0,1.16737611e1,7.90705214e0,1.22739223e0,4.56354011e-1
8990-6104,-2.05618740e-1,-1.80679989e-1,-4.09621998e-1,-4.93629582e-1,-1.79284497e-1,-3.62796752e-1,-3.30086803e-2,-4.67814671e-2
8990-9101,9.01335815e-2,2.38459663e-2,2.40784647e-1,7.69575209e-2,1.85719294e-1,7.28511827e-2,1.72470908e-2,5.38736958e-3
8990-9102,-1.67622654e-1,-2.04605246e-1,-2.72614085e-1,-6.37356897e-1,2.08167142e-2,-5.53074173e-1,-3.49145527e-2,-4.89683238e-2
8991-12701,-6.62573173e-2,-1.60632068e-2,-1.89084985e-1,-4.22028958e-2,-1.64586055e-1,-4.46044008e-2,-9.88507281e-3,-2.61623448e-3
8991-12702,-3.07607789e-1,-3.34691493e-1,-5.78728618e-1,-1.08704115e0,-1.06792960e-1,-1.01409029e0,-6.50015835e-2,-7.60138690e-2
8991-12704,-2.70179217e-1,-1.29204906e-1,-6.79199173e-1,-4.30238128e-1,-4.59413304e-1,-4.27568453e-1,-5.28743828e-2,-2.78357550e-2
8991-12705,-3.75702023e-1,-4.70063102e-1,-5.58677266e-1,-1.21968830e0,7.12101531e-3,-7.90147379e-1,-5.27863803e-2,-1.26920460e-1
8991-1901,-6.95749244e-1,-3.68405959e-1,-1.73410379e0,-1.26847312e0,-1.12464047e0,-1.30300028e0,-1.40570156e-1,-7.66154283e-2
8991-1902,4.60757261e0,1.07863465e0,1.25042170e1,3.78847756e0,9.70052133e0,4.02154856e0,9.01566269e-1,2.16515658e-1
8991-3701,-5.33964256e-2,2.17595205e-1,-3.89477379e-1,6.78982834e-1,-6.30949221e-1,5.84124276e-1,-5.60562250e-3,5.22613202e-2
8991-3702,9.35755557e-1,5.72745697e-2,2.62699407e0,2.07477734e-1,2.16461456e0,2.31025828e-1,1.80469679e-1,1.08368575e-2
8991-3703,-7.28344508e-1,-3.90847992e-1,-1.80250650e0,-1.33862283e0,-1.15139110e0,-1.36344161e0,-1.47291756e-1,-8.19997875e-2
8991-3704,-4.22166406e-1,-1.68878998e-1,-1.08170657e0,-5.75218325e-1,-7.50997250e-1,-5.81227510e-1,-8.41045088e-2,-3.57305908e-2
8991-6101,-1.74346554e-1,-7.74190826e-2,-4.39512929e-1,-2.62676679e-1,-2.94486958e-1,-2.63671353e-1,-3.49147058e-2,-1.64849586e-2
8991-6103,8.99966138e-1,5.88418168e-1,2.08880236e0,1.95787274e0,1.13966935e0,1.90317481e0,1.83669382e-1,1.29102974e-1
8991-6104,2.10369177e-1,3.06410565e-1,2.93802755e-1,7.89604533e-1,-2.96473956e-2,5.37025415e-1,2.32445636e-2,7.99166813e-2
8991-9101,1.83005565e-1,3.14667177e-1,1.61230285e-1,8.66037535e-1,-2.42923431e-1,6.05370415e-1,3.03164378e-2,8.35468148e-2
8992-12701,-3.50176877e-1,-1.88782510e-1,-8.58561818e-1,-6.33605940e-1,-5.43483490e-1,-6.27731388e-1,-7.01493167e-2,-4.07526445e-2
8992-12702,5.82693546e-2,1.25785845e-1,2.60053012e-2,3.75790310e-1,-1.43850387e-1,3.00224871e-1,1.24151466e-2,3.15893846e-2
8992-12705,3.02662483e-1,1.94129336e-1,7.34808528e-1,6.70825436e-1,4.45043080e-1,6.94472555e-1,6.17243992e-2,4.00811375e-2
8992-1901,2.37342116e0,1.87782195e-1,6.67326946e0,6.85075472e-1,5.51240254e0,7.70964011e-1,4.57481484e-1,3.50201638e-2
8992-3702,-4.42171813e-1,-1.14945064e-1,-1.19665762e0,-4.02950258e-1,-9.24540655e-1,-4.27057219e-1,-8.65093985e-2,-2.31302128e-2
8992-3703,-4.95734640e-1,-3.23915950e-1,-1.13577591e0,-1.06446558e0,-6.00584468e-1,-1.01306718e0,-1.01040353e-1,-7.23791622e-2
8992-6101,-6.31587556e-1,-4.24227181e-1,-1.45839690e0,-1.41521667e0,-7.81248320e-1,-1.38087507e0,-1.29334168e-1,-9.27486762e-2
8992-6102,-3.84561121e-1,-2.35107325e-1,-9.40709279e-1,-8.11255609e-1,-5.81441271e-1,-8.36136434e-1,-7.82958564e-2,-4.87197103e-2
8992-6103,1.38864171e-1,5.72009755e-2,3.85804346e-1,2.50014190e-1,2.80924942e-1,3.23017760e-1,3.10435538e-2,7.56245201e-3
8992-6104,2.31380303e0,8.58300055e-1,5.99180194e0,2.92555622e0,4.25871524e0,2.96251260e0,4.58787867e-1,1.81274724e-1
8992-9101,-2.21561074e-1,-1.92720360e-1,-4.22927102e-1,-5.43147576e-1,-1.38396431e-1,-4.00120244e-1,-4.00086654e-2,-5.02804282e-2
8993-12703,-3.66089940e-2,5.71330272e-2,-1.66147624e-1,1.77782492e-1,-2.18667819e-1,1.51770734e-1,-5.81379675e-3,1.37913372e-2
8993-1901,2.73217862e0,5.86527826e-1,7.48612142e0,2.08608179e0,5.90452941e0,2.25731795e0,5.33064288e-1,1.15066623e-1
8993-1902,3.73497682e0,7.27476125e-1,1.02099685e1,2.56456181e0,8.02401856e0,2.73701876e0,7.28959577e-1,1.45090584e-1
8993-3702,-6.32507942e-1,-3.99992447e-1,-1.46962414e0,-1.31668521e0,-8.12217154e-1,-1.25934906e0,-1.28161932e-1,-8.90487502e-2
8993-3704,5.53825893e-1,1.79274137e-1,1.47221218e0,6.28025716e-1,1.09662991e0,6.63470894e-1,1.09386113e-1,3.61710256e-2
8993-6104,-3.85877038e-1,-1.48587124e-1,-1.02768502e0,-5.27697137e-1,-7.66487789e-1,-5.69509397e-1,-7.63263828e-2,-2.92377530e-2
8993-9102,-3.93059374e-1,-2.26258297e-1,-9.36925645e-1,-7.55680362e-1,-5.49057855e-1,-7.38421688e-1,-7.98503095e-2,-4.93948687e-2
8994-12702,-3.88903653e-2,8.53068625e-2,-1.72158382e-1,1.09738775e-1,-1.67896062e-1,-1.75688717e-2,-2.99015175e-2,1.92956873e-2
8994-12703,-1.26742930e-1,-6.17719180e-2,-3.05318291e-1,-1.96664051e-1,-1.89599070e-1,-1.78637366e-1,-2.50178817e-2,-1.43413566e-2
8994-1901,-4.23762617e-1,-1.80771584e-1,-1.09199344e0,-6.26352906e-1,-7.63794726e-1,-6.50256431e-1,-8.46071709e-2,-3.71824757e-2
8994-1902,2.33247368e-1,1.61336928e-1,5.47668352e-1,5.53229778e-1,3.01450751e-1,5.63736601e-1,4.82170477e-2,3.38108864e-2
8994-3702,1.28108802e0,6.72797581e-2,3.75569461e0,3.45936512e-1,3.28307556e0,5.41762620e-1,2.45727060e-1,2.51316607e-3
8994-3703,5.18249486e-1,4.39547045e-1,1.02675654e0,1.34388024e0,3.33183156e-1,1.13251436e0,1.03274973e-1,1.07221283e-1
8994-3704,-5.76954664e-1,-4.67029789e-1,-1.18867211e0,-1.43987920e0,-4.64957174e-1,-1.23792211e0,-1.14177740e-1,-1.12555465e-1
8994-6101,-6.91754074e-1,-5.60371524e-1,-1.43816225e0,-1.76461270e0,-5.61985087e-1,-1.56691361e0,-1.39719859e-1,-1.32130260e-1
8994-6102,1.97838094e0,1.89155323e-2,5.56454920e0,6.94920275e-2,4.60078286e0,7.90593900e-2,3.81151975e-1,3.47515683e-3
8994-6103,2.58262368e-2,8.95928089e-2,2.61665185e-3,3.04605911e-1,-9.63316216e-2,3.04654654e-1,7.21168017e-3,1.90982256e-2
8994-6104,-4.82512955e-1,-3.42290502e-1,-1.05807022e0,-1.08797029e0,-5.02312019e-1,-9.81534567e-1,-9.71688340e-2,-7.98154350e-2
8994-9101,-3.71997169e-1,-2.25481234e-2,-1.13441785e0,-1.59162277e-1,-1.02729733e0,-2.90910401e-1,-7.24868590e-2,3.28770472e-3
8994-9102,-5.28531170e-1,-3.31770108e-1,-1.22566562e0,-1.09029463e0,-6.73386707e-1,-1.03924781e0,-1.07186640e-1,-7.40630078e-2
8995-12701,2.00306790e0,-7.22803357e-3,5.67517373e0,-1.43685522e-2,4.75034745e0,4.03092388e-3,3.84607896e-1,-2.61857895e-3
8995-12702,-2.33300876e-1,-2.91885625e-1,-3.63810987e-1,-8.64376729e-1,3.17929555e-2,-6.96390142e-1,-4.44031786e-2,-7.29915560e-2
8995-12704,-1.79540837e-1,-1.54290260e-1,-3.80823727e-1,-5.12325257e-1,-1.48282739e-1,-4.95209505e-1,-3.76724628e-2,-3.39974908e-2
8995-1901,1.46045258e0,5.18058091e-1,3.87862420e0,1.82581288e0,2.88022977e0,1.94694273e0,2.88891074e-1,1.03401600e-1
8995-1902,8.58807938e-1,4.59623704e-1,2.13314833e0,1.57845086e0,1.37355929e0,1.61478930e0,1.73572092e-1,9.59964159e-2
8995-3701,4.55543809e0,8.06576185e-1,1.24895868e1,2.84834847e0,9.86705038e0,3.04781003e0,8.88113096e-1,1.60366420e-1
8995-3703,5.75325346e-1,5.89999000e-1,1.05973320e0,1.85025266e0,1.81412655e-1,1.62458105e0,1.18680572e-1,1.40115071e-1
8995-3704,1.39529605e0,1.66804267e-1,3.89056141e0,6.00872314e-1,3.16683868e0,6.63195126e-1,2.70060885e-1,3.19231108e-2
8995-6101,3.65485251e-1,1.89910462e-1,9.23257509e-1,6.76293552e-1,6.03724336e-1,7.22134535e-1,7.53208204e-2,3.76661913e-2
8995-6102,7.95821493e-1,8.18460361e-2,2.25875918e0,3.29601947e-1,1.87820395e0,4.11962650e-1,1.54696112e-1,1.24291894e-2
8995-6103,2.31906079e-1,-1.15687037e-1,7.35975491e-1,-3.96312983e-1,7.26129420e-1,-4.03014057e-1,4.20799542e-2,-2.42891022e-2
8995-9101,1.38777960e-1,2.46910406e-1,1.03470660e-1,6.32087402e-1,-1.91226421e-1,3.78834322e-1,1.81984156e-2,6.87132622e-2
8995-9102,-4.58410506e-1,-2.97698234e-1,-1.04988555e0,-9.61764193e-1,-5.66704122e-1,-8.96264166e-1,-9.18073547e-2,-6.77544404e-2
8996-12703,-4.19540013e-1,-2.83076588e-1,-9.53967621e-1,-8.81193302e-1,-5.24973852e-1,-7.95037885e-1,-7.96548703e-2,-6.57321349e-2
8996-12705,-5.56006505e-1,-3.19413726e-1,-1.34381275e0,-1.07938346e0,-8.13436376e-1,-1.07618171e0,-1.12799193e-1,-6.84524574e-2
8996-1901,9.84509136e-1,7.01259740e-2,2.76799952e0,2.56254893e-1,2.28616833e0,2.89027775e-1,1.89784146e-1,1.30356226e-2
8996-1902,1.64405519e0,4.24843450e-1,4.47022271e0,1.50855562e0,3.47515280e0,1.62812667e0,3.21914246e-1,8.36080108e-2
8996-3701,-2.19221313e-1,-6.53190550e-2,-5.84706779e-1,-2.28759844e-1,-4.38336711e-1,-2.41487344e-1,-4.32499182e-2,-1.31882118e-2
8996-3702,3.17031785e-1,-2.90789213e-2,9.03382733e-1,-1.03693867e-1,7.64041368e-1,-1.12588889e-1,6.06528165e-2,-5.67882825e-3
8996-3703,-6.37679767e-1,-3.05855295e-1,-1.60542198e0,-1.04956681e0,-1.06786759e0,-1.07247053e0,-1.28218042e-1,-6.39597156e-2
8996-3704,-3.61308277e-1,-1.72892876e-1,-9.12478360e-1,-5.89315467e-1,-6.15248021e-1,-5.97991499e-1,-7.21084441e-2,-3.64613129e-2
8996-6102,-3.31728580e-1,-1.72310105e-1,-7.96164051e-1,-5.48363562e-1,-4.93010764e-1,-5.00700312e-1,-6.50614175e-2,-3.98784916e-2
8996-6104,-5.96754715e-1,-5.34625765e-1,-1.17745289e0,-1.66149834e0,-3.63986694e-1,-1.44300297e0,-1.20101963e-1,-1.27961962e-1
8997-12701,-5.39082108e-1,-3.40809470e-1,-1.25547934e0,-1.12772600e0,-6.95066992e-1,-1.08685073e0,-1.09570217e-1,-7.53576951e-2
8997-1901,6.10478252e-1,3.54103165e-1,1.48560667e0,1.20641943e0,9.11842474e-1,1.21862764e0,1.23935214e-1,7.49202908e-2
8997-1902,3.21098374e0,8.00877024e-1,8.77586487e0,2.85886893e0,6.88569791e0,3.11080072e0,6.27536761e-1,1.56038666e-1
8997-3702,-4.47994811e-1,-1.89630465e-1,-1.15226082e0,-6.55026487e-1,-8.03233210e-1,-6.76621357e-1,-8.94568145e-2,-3.92130739e-2
8997-3703,-5.66825569e-1,-2.35411791e-1,-1.47235667e0,-8.24152368e-1,-1.04344803e0,-8.68133785e-1,-1.13270162e-1,-4.76172021e-2
8997-3704,-6.41296790e-1,-1.46489279e-1,-1.75951386e0,-5.24174434e-1,-1.39027709e0,-5.72432430e-1,-1.25131263e-1,-2.84113473e-2
8997-6102,5.72131324e-1,4.07360005e-1,1.28017069e0,1.31832747e0,6.42362885e-1,1.22941937e0,1.15434726e-1,9.26556476e-2
8997-6103,4.74500023e-1,2.31252227e-1,1.20348518e0,8.00891721e-1,8.12006697e-1,8.30512504e-1,9.53641320e-2,4.76153995e-2
8997-6104,6.65785468e-1,3.45877895e-1,1.64976223e0,1.18240878e0,1.05731064e0,1.20050179e0,1.34561411e-1,7.27942500e-2
8998-12701,-6.99728124e-1,-3.74310778e-1,-1.70615940e0,-1.25711899e0,-1.06072217e0,-1.24177836e0,-1.41113251e-1,-8.09495292e-2
8998-12703,-5.10187654e-1,-4.50080949e-1,-1.00506361e0,-1.36242909e0,-3.31561801e-1,-1.13851605e0,-9.92984554e-2,-1.10366220e-1
8998-1901,4.82535608e0,1.17481258e0,1.31537236e1,4.17884683e0,1.02723746e1,4.52172765e0,9.43982821e-1,2.30460984e-1
8998-3701,-1.23761856e-1,-8.80365280e-2,-2.70848054e-1,-2.79361109e-1,-1.27861440e-1,-2.51074553e-1,-2.49280614e-2,-2.05822659e-2
8998-3702,1.37215827e0,2.49041237e-1,3.77766882e0,8.87178694e-1,3.00556999e0,9.62305705e-1,2.67155478e-1,4.87120580e-2
8998-3703,-8.50637981e-1,-3.58973965e-1,-2.20053153e0,-1.24897961e0,-1.55004625e0,-1.30487244e0,-1.69785075e-1,-7.33210494e-2
8998-3704,1.90893443e-1,5.95964017e-1,-1.11750460e-1,1.83551365e0,-9.10488040e-1,1.54206400e0,4.74635507e-2,1.45329665e-1
8998-6101,3.63658980e0,8.71225181e-1,9.87532891e0,3.07099262e0,7.66591999e0,3.27738088e0,7.11788218e-1,1.73778731e-1
8998-6102,-3.04692157e-1,-4.76058235e-3,-9.74058617e-1,-1.29182913e-1,-9.16414391e-1,-3.03968977e-1,-6.07107839e-2,9.84078635e-3
8998-6103,-7.68343136e-1,-4.01351564e-1,-1.89944130e0,-1.36698917e0,-1.21301813e0,-1.38007932e0,-1.55151743e-1,-8.49612204e-2
8998-6104,-3.49019103e-1,-2.13483933e-1,-7.97043172e-1,-6.72224931e-1,-4.34596681e-1,-5.98828445e-1,-6.91441856e-2,-5.02606306e-2
8998-9101,-3.20595358e-1,-2.49208137e-1,-6.82856750e-1,-7.42116203e-1,-3.19452836e-1,-6.25177580e-1,-5.85180146e-2,-5.99800924e-2
8998-9102,-1.16863669e-1,-7.09631970e-2,-2.73125015e-1,-1.95608576e-1,-1.77247215e-1,-1.53699404e-1,-1.89947689e-2,-1.76288522e-2
8999-12702,-4.01322739e-1,-1.71931955e-1,-1.03155870e0,-5.92689689e-1,-7.19039468e-1,-6.10558157e-1,-8.00607495e-2,-3.56641474e-2
8999-12703,-3.30360177e-1,-2.54238051e-1,-6.97017182e-1,-7.95555491e-1,-2.92387894e-1,-6.99385868e-1,-6.62241428e-2,-6.03682417e-2
8999-12704,-1.55412803e-1,-1.41161149e-1,-2.82640389e-1,-3.59124922e-1,-9.35272967e-2,-2.14153066e-1,-2.42160054e-2,-3.93910296e-2
8999-12705,2.42798326e0,9.07362590e-1,6.19113841e0,3.01845140e0,4.28577933e0,2.93922630e0,4.81134456e-1,1.98915732e-1
8999-1901,-1.26184426e-1,-6.76095167e-4,-3.71128727e-1,-9.11427162e-3,-3.28595573e-1,-2.11599789e-2,-2.39008636e-2,5.68400502e-4
8999-1902,4.95051098e0,4.89750117e-1,1.37818812e1,1.74394918e0,1.11923211e1,1.89108856e0,9.58402134e-1,9.58481775e-2
8999-3701,-8.45700232e-1,-4.76262611e-1,-2.04590046e0,-1.60508347e0,-1.24302511e0,-1.59310636e0,-1.71376131e-1,-1.02504675e-1
8999-3702,-8.63918548e-1,-2.07884435e-1,-2.35891528e0,-7.40575954e-1,-1.84777299e0,-8.03255864e-1,-1.68894510e-1,-4.06621501e-2
8999-3704,-5.65583089e-1,-2.56200037e-1,-1.44075157e0,-8.83666714e-1,-9.83076138e-1,-9.10441015e-1,-1.13356631e-1,-5.31184709e-2
8999-6101,-5.65057782e-1,-1.82556350e-1,-1.52298879e0,-6.56836213e-1,-1.15815391e0,-7.20792174e-1,-1.11696001e-1,-3.51228755e-2
8999-6102,6.94210224e-1,4.47064459e-1,1.65150175e0,1.51870324e0,9.54615320e-1,1.52654086e0,1.41893069e-1,9.50428491e-2
8999-6103,-7.32049771e-1,-2.87591645e-1,-1.91386960e0,-1.00564922e0,-1.37734851e0,-1.05899940e0,-1.45633257e-1,-5.82262282e-2
8999-9101,-4.69540662e-1,-1.62226816e-1,-1.27072317e0,-6.11401458e-1,-9.54488730e-1,-7.03874991e-1,-9.49669459e-2,-2.88685458e-2
8999-9102,-2.41927217e-1,-1.86706277e-1,-5.08106622e-1,-6.02167998e-1,-1.97163359e-1,-5.44040559e-1,-5.09847291e-2,-4.35866541e-2
9000-1901,-2.51349703e-1,-1.13186849e-1,-6.57028552e-1,-3.99526670e-1,-4.71755834e-1,-4.27034133e-1,-5.00911121e-2,-2.25284959e-2
9000-3701,-1.89391225e-1,-3.43354194e-2,-5.35880187e-1,-1.34058515e-1,-4.42101566e-1,-1.63023591e-1,-3.69476154e-2,-5.57020481e-3
9000-3703,1.12057573e0,1.12415504e-2,3.18400723e0,5.34440078e-2,2.67575842e0,8.02908767e-2,2.15080059e-1,8.06557798e-4
9000-3704,3.26574530e0,1.01064660e0,8.57001100e0,3.41803987e0,6.27282094e0,3.42216205e0,6.42985663e-1,2.15949979e-1
9000-6101,-9.35396080e-2,8.85599630e-2,-3.74686204e-1,2.69576082e-1,-4.54190455e-1,2.18610827e-1,-1.57600471e-2,2.19981702e-2
9000-6102,-3.72746518e-1,-3.76874553e-1,-6.50092874e-1,-1.09809589e0,-8.77283209e-2,-8.47341372e-1,-7.13781423e-2,-9.63919118e-2
9000-6103,-5.76164558e-1,-4.55767910e-1,-1.20001280e0,-1.40922123e0,-4.88989780e-1,-1.21668727e0,-1.14217134e-1,-1.09553688e-1
9001-12701,-2.19984254e-1,-1.36172667e-1,-5.50642660e-1,-4.76885220e-1,-3.58747929e-1,-5.03339640e-1,-4.45690234e-2,-2.74972490e-2
9001-12702,-2.14818534e-1,-1.45141025e-1,-4.79891527e-1,-4.65474240e-1,-2.39916710e-1,-4.25458249e-1,-4.34322310e-2,-3.35139783e-2
9001-12703,8.29609370e-2,-8.01411592e-2,3.60912973e-1,-2.00645232e-1,4.39980273e-1,-9.47589368e-2,1.61417300e-2,-2.37726672e-2
9001-12704,-7.35758389e-1,-5.09256047e-1,-1.65108612e0,-1.65249716e0,-8.29581261e-1,-1.54364094e0,-1.49240582e-1,-1.15613970e-1
9001-12705,-3.78536185e-1,-2.55415256e-1,-8.51268298e-1,-8.23424729e-1,-4.33444260e-1,-7.61965137e-1,-7.63768187e-2,-5.84318847e-2
9001-3701,1.58202064e0,5.72769855e-1,4.10333619e0,1.96221763e0,2.91862646e0,2.00104348e0,3.14282519e-1,1.20055879e-1
9001-3702,1.04131380e0,1.70595222e-1,2.86465178e0,5.91254272e-1,2.28580146e0,6.17777442e-1,2.01811085e-1,3.49365161e-2
9001-3703,1.12535930e0,4.55263593e-1,2.92266856e0,1.58592601e0,2.07519827e0,1.65991360e0,2.24361320e-1,9.27974666e-2
9001-3704,-5.51190867e-2,1.78094457e-2,-1.66359632e-1,6.17577167e-2,-1.53613670e-1,6.41056178e-2,-1.02541800e-2,3.66120212e-3
9001-6101,-4.86036182e-1,-2.69323967e-1,-1.15951429e0,-8.77836321e-1,-6.95358887e-1,-8.28748608e-1,-9.70379983e-2,-6.06644390e-2
9001-6102,-9.82185521e-1,-4.44328074e-1,-2.51065276e0,-1.53817134e0,-1.72453154e0,-1.59398449e0,-1.96777726e-1,-9.15551661e-2
9001-6103,-4.30828482e-2,-1.59786598e-2,-1.08513700e-1,-5.43585659e-2,-7.16792568e-2,-5.38056212e-2,-8.76304820e-3,-3.43336704e-3
9001-6104,-7.11450359e-1,-4.32759427e-1,-1.69789867e0,-1.46054391e0,-9.93504317e-1,-1.45246585e0,-1.44939914e-1,-9.29572455e-2
9001-9101,-3.54917674e-2,1.17766529e-1,-2.44784573e-1,3.32234372e-1,-3.68528312e-1,2.34324287e-1,-6.54649757e-3,3.13052126e-2
9001-9102,-6.60747247e-1,-3.77776926e-1,-1.59545246e0,-1.27379319e0,-9.64534171e-1,-1.26544876e0,-1.33976833e-1,-8.12401678e-2
9002-12703,3.24233279e-1,-1.76833774e-1,1.05551658e0,-5.93585247e-1,1.06985484e0,-5.83418698e-1,5.84427783e-2,-3.83631478e-2
9002-12704,-1.47446909e-1,-2.33356960e-1,-1.40598471e-1,-6.24422162e-1,1.67150786e-1,-4.03619884e-1,-2.41179301e-2,-6.38685827e-2
9002-12705,-2.61800664e-1,-3.45219340e-1,-4.37598817e-1,-8.34991206e-1,-9.82136821e-2,-5.44006004e-1,-1.90712961e-2,-8.43103516e-2
9002-1901,-1.43491010e-1,1.60049241e-2,-4.27037276e-1,5.01012848e-2,-3.85304366e-1,4.26964988e-2,-2.69821664e-2,3.85366398e-3
9002-1902,-6.37624765e-1,-5.05062637e-1,-1.33843255e0,-1.57706772e0,-5.55654950e-1,-1.38630247e0,-1.27015182e-1,-1.19965490e-1
9002-3701,4.98906432e-1,3.91794410e-1,9.96185254e-1,1.15356501e0,3.58675242e-1,8.99308815e-1,9.71219029e-2,9.97643918e-2
9002-3702,3.77153313e-1,1.79368162e-1,9.51741727e-1,6.06952566e-1,6.43291779e-1,6.11607777e-1,7.48278861e-2,3.81058772e-2
9002-3703,2.71630795e0,3.66743614e-1,7.50201365e0,1.28885210e0,6.01139382e0,1.36985931e0,5.27332869e-1,7.35256994e-2
9002-3704,9.17882328e-1,5.49156930e-1,2.21284911e0,1.86422618e0,1.32736800e0,1.87204255e0,1.86707166e-1,1.16864938e-1
9002-6101,8.83710741e-1,4.65787397e-1,2.16460334e0,1.54876768e0,1.37484602e0,1.51287244e0,1.76260445e-1,1.01912081e-1
9002-6103,5.87603483e-1,2.80964200e-1,1.48781454e0,9.64665048e-1,1.00459706e0,9.87975244e-1,1.17688309e-1,5.86491321e-2
9002-9102,-1.45245817e-1,-3.03563736e-2,-4.02807858e-1,-1.13110144e-1,-3.22016357e-1,-1.29707076e-1,-2.84752186e-2,-5.47022722e-3
9024-12701,-3.38436180e-1,-3.29498843e-1,-6.17656458e-1,-9.76173363e-1,-1.28529289e-1,-7.81030866e-1,-6.53069140e-2,-8.27553902e-2
9024-12702,-1.38208362e-1,4.59924157e-2,-4.83668364e-1,1.15145129e-1,-5.18136303e-1,4.72495974e-2,-2.51485748e-2,1.39340948e-2
9024-12704,-7.57442830e-2,-7.29413765e-2,-1.33024045e-1,-2.08680418e-1,-2.11013876e-2,-1.54814948e-1,-1.43402790e-2,-1.90047466e-2
9024-1902,-4.09828130e-1,-1.76367217e-1,-1.05531264e0,-6.11915845e-1,-7.36382524e-1,-6.36425374e-1,-8.19072693e-2,-3.62000304e-2
9024-6102,3.45370152e-1,1.94987318e-1,8.17833457e-1,6.42576311e-1,4.74573498e-1,6.14572540e-1,6.98792527e-2,4.33903224e-2
9024-6104,4.19180462e-1,1.52316139e-1,1.11399077e0,5.38345703e-1,8.27903471e-1,5.76640052e-1,8.29341896e-2,3.02421422e-2
9024-9101,-3.83457504e-1,-3.41570113e-1,-7.57931957e-1,-1.06639422e0,-2.32641681e-1,-9.31347283e-1,-7.77383175e-2,-8.14370518e-2
9024-9102,-4.71757295e-1,-2.11445387e-1,-1.20507542e0,-7.30329987e-1,-8.27186671e-1,-7.54245651e-1,-9.44694664e-2,-4.37316928e-2
9025-12701,-1.49459922e-1,-8.72733447e-2,-4.02908130e-1,-4.34550867e-1,-2.22559913e-1,-5.87151309e-1,-4.25801939e-2,-8.95770183e-3
9025-12702,9.26751059e0,2.79064105e0,2.41504828e1,8.55090868e0,1.80252716e1,7.58858642e0,1.74322204e0,6.60255348e-1
9025-12703,5.07805563e-1,8.85497353e-2,1.39584019e0,3.13147870e-1,1.10828308e0,3.36141441e-1,9.88451651e-2,1.75472326e-2
9025-12705,-1.69206182e-2,1.21941025e-1,-1.78681002e-1,2.61515370e-1,-2.58690099e-1,1.17103650e-1,-1.61745282e-2,3.25059612e-2
9025-1901,-8.47816758e-1,-3.31400632e-1,-2.21648386e0,-1.15797723e0,-1.59539164e0,-1.21799099e0,-1.68634681e-1,-6.71840241e-2
9025-3701,1.70456891e-2,1.69249011e-2,3.68842081e-2,5.87425227e-2,1.46155538e-2,6.06357603e-2,3.68356398e-3,3.49508165e-3
9025-3702,-5.34107053e-2,1.64045917e-1,-3.53260974e-1,4.84345417e-1,-5.42029465e-1,3.71801005e-1,-7.65421159e-3,4.19807842e-2
9025-3703,1.42674718e-1,1.56111290e-1,2.98159005e-1,5.36420063e-1,1.02330428e-1,5.48661044e-1,3.06178784e-2,3.25956580e-2
9025-3704,7.02624704e-1,5.49221339e-1,1.51320002e0,1.77666257e0,6.58031815e-1,1.64937806e0,1.43727293e-1,1.25274040e-1
9025-6102,1.40833479e0,-9.63722285e-2,4.04479447e0,-3.26645297e-1,3.46220542e0,-3.25766972e-1,2.68687875e-1,-2.06087043e-2
9025-6103,-5.05385431e-1,-2.73484751e-1,-1.24443486e0,-9.36412585e-1,-7.84003152e-1,-9.52780940e-1,-1.02492078e-1,-5.74231364e-2
9025-6104,-2.14323970e-1,-1.06199996e-2,-6.13122340e-1,-4.20891498e-2,-5.21364584e-1,-5.32779808e-2,-4.09605769e-2,-1.61490882e-3
9025-9101,-1.49006457e-1,-1.79564577e-1,-3.49387991e-1,-6.37468976e-1,-1.88318762e-1,-6.87568306e-1,-3.11019074e-2,-3.53586346e-2
9025-9102,-6.11085267e-1,-4.81620985e-1,-1.27992573e0,-1.50517566e0,-5.23590356e-1,-1.32152227e0,-1.22323665e-1,-1.14471649e-1
9026-12702,-2.15085690e-1,-1.50176774e-1,-4.63618938e-1,-4.41420685e-1,-2.29031082e-1,-3.55628614e-1,-4.00711250e-2,-3.75285933e-2
9026-12704,8.79304150e-1,6.39731086e-2,2.50408947e0,2.52539988e-1,2.10752699e0,3.14488467e-1,1.69030744e-1,9.96867478e-3
9026-1901,4.39728226e0,9.77845430e-1,1.20567163e1,3.48893116e0,9.51820983e0,3.79363831e0,8.57968356e-1,1.90690508e-1
9026-3701,-6.42746589e-1,-3.19514089e-1,-1.61579734e0,-1.09888081e0,-1.07060534e0,-1.12705333e0,-1.29348900e-1,-6.65629272e-2
9026-3702,1.60413812e-1,2.43144918e-1,2.76844553e-1,8.28446358e-1,-1.33254199e-2,8.35228819e-1,3.60600239e-2,5.14985832e-2
9026-3704,-5.74283507e-2,-4.02713530e-2,-1.35144788e-1,-1.39992843e-1,-7.36839550e-2,-1.45385884e-1,-1.19887799e-2,-8.26258896e-3
9026-6102,-3.25119715e-1,-2.28043598e-1,-7.09993472e-1,-7.09239229e-1,-3.42053501e-1,-6.20177184e-1,-6.41743253e-2,-5.43710775e-2
9026-6103,-8.36910276e-1,-3.43900326e-1,-2.17364643e0,-1.19819359e0,-1.54393029e0,-1.25461770e0,-1.66811321e-1,-7.00707272e-2
9026-6104,4.18328351e-1,2.00188925e-1,1.05871727e0,6.89787395e-1,7.12099752e-1,7.09588553e-1,8.40167554e-2,4.15742223e-2
9026-9101,-8.31091168e-1,-4.11364527e-1,-2.10205529e0,-1.42482554e0,-1.40864601e0,-1.47755009e0,-1.67263590e-1,-8.46931158e-2
9026-9102,-9.34341056e-2,3.23164278e-2,-3.54646391e-1,6.25944711e-2,-4.04385614e-1,-1.46421523e-2,-1.69211791e-2,1.15986527e-2
9027-12702,1.09301065e-1,1.52489505e-1,1.57397001e-1,4.67506635e-1,-5.06831691e-2,3.96042426e-1,2.23634105e-2,3.70691356e-2
9027-1902,1.81259589e-1,9.73102036e-2,4.60858832e-1,3.40947072e-1,3.11502693e-1,3.60098646e-1,3.65062713e-2,1.96341910e-2
9027-3702,2.51889353e-1,1.87514748e-1,5.58135940e-1,6.10952515e-1,2.68649265e-1,5.75689695e-1,5.11984787e-2,4.22794774e-2
9027-3703,-5.92467720e-1,-2.53936307e-1,-1.51918567e0,-8.75095880e-1,-1.05272584e0,-9.00719959e-1,-1.18361357e-1,-5.27131273e-2
9027-3704,1.20157701e0,2.50053278e-1,3.29302475e0,8.89465322e-1,2.59804948e0,9.62535349e-1,2.34441464e-1,4.90488422e-2
9027-6101,-5.50576104e-1,-2.72242288e-1,-1.39250229e0,-9.42001138e-1,-9.33656384e-1,-9.75432774e-1,-1.10751650e-1,-5.61419657e-2
9027-6103,-1.76122595e-1,-1.30857207e-1,-3.74682602e-1,-4.04154130e-1,-1.65643999e-1,-3.48777416e-1,-3.47748276e-2,-3.14583160e-2
9027-6104,-5.26743143e-1,-3.99302508e-1,-1.11758637e0,-1.23758832e0,-4.88209031e-1,-1.07487998e0,-1.04176400e-1,-9.56075127e-2
9027-9101,-6.32887427e-2,-1.48992689e-2,-1.55156325e-1,-3.54156612e-2,-1.04525971e-1,-1.27276170e-2,-1.20145676e-2,-4.60519217e-3
9027-9102,-1.33633050e-1,-5.38147411e-2,-3.29867338e-1,-1.66810916e-1,-2.19043523e-1,-1.44779162e-1,-2.59863200e-2,-1.29070725e-2
9028-12703,-5.15366991e-1,-3.54502759e-1,-1.17014253e0,-1.16948474e0,-5.99785381e-1,-1.12041152e0,-1.05454590e-1,-7.87699457e-2
9028-12705,-1.54762208e-1,-8.71824845e-2,-3.50674161e-1,-2.62644988e-1,-1.91853714e-1,-2.15437009e-1,-3.01466597e-2,-2.16142751e-2
9028-1901,3.61171159e0,3.44996642e-1,1.00910566e1,1.23934115e0,8.24573236e0,1.36232781e0,6.98159908e-1,6.63795759e-2
9028-1902,9.70929550e-2,6.53798825e-2,2.40336327e-1,2.29704688e-1,1.51885337e-1,2.43632031e-1,1.97944015e-2,1.31274136e-2
9028-3701,1.22101639e0,1.85344333e-2,3.45041281e0,7.13956795e-2,2.87574186e0,8.67799944e-2,2.34709745e-1,3.05425232e-3
9028-3702,1.11781670e-1,3.01953256e-2,3.28791225e-1,1.33903776e-1,2.78548897e-1,1.83555896e-1,2.24965335e-2,3.38064286e-3
9028-6102,7.86004176e0,5.44014343e-1,2.20159403e1,1.96166956e0,1.80685644e1,2.16878818e0,1.51761532e0,1.03895126e-1
9028-6103,9.94263026e-1,3.05788957e-1,2.60981692e0,1.03653659e0,1.90964565e0,1.04126407e0,1.95906288e-1,6.51209044e-2
9028-9102,1.93390109e-1,5.64733543e-2,5.04915637e-1,1.90276713e-1,3.64833803e-1,1.88592370e-1,3.82589575e-2,1.21668151e-2
9029-12701,-1.37449378e-1,-8.37125415e-2,-3.28126609e-1,-2.81865383e-1,-1.92711295e-1,-2.79450860e-1,-2.79391943e-2,-1.80388485e-2
9029-1901,1.45617250e0,5.28569655e-1,3.80224644e0,1.83286830e0,2.73365958e0,1.90445433e0,2.89417119e-1,1.08600580e-1
9029-3701,2.53850929e0,6.52258599e-1,6.80632048e0,2.26057653e0,5.16792262e0,2.34981921e0,4.98484701e-1,1.34032357e-1
9029-3702,2.33675314e0,8.48037646e-1,6.17103557e0,2.97593237e0,4.53336555e0,3.15186347e0,4.63064366e-1,1.70594624e-1
9029-3704,3.10482235e0,4.70461430e-1,8.58500130e0,1.67748625e0,6.88527322e0,1.82237700e0,6.03205448e-1,9.18528992e-2
9029-6101,1.15423028e0,1.96861823e-1,3.21383912e0,7.16818855e-1,2.60544234e0,8.03059755e-1,2.23926670e-1,3.69032930e-2
9029-6103,4.28114867e-1,4.42066323e-1,7.82268779e-1,1.38229542e0,1.23524809e-1,1.20699273e0,8.82440045e-2,1.05373692e-1
9029-6104,-8.37717154e-1,-2.96401532e-1,-2.22202999e0,-1.04346496e0,-1.64608936e0,-1.11070666e0,-1.65782145e-1,-5.92815405e-2
9029-9101,-2.00795650e-1,-9.27811035e-2,-5.01178790e-1,-3.09116829e-1,-3.31669924e-1,-3.02102672e-1,-3.99753982e-2,-2.02808379e-2
9029-9102,2.39650496e-1,-2.68944336e-2,6.82569898e-1,-9.60572212e-2,5.76751657e-1,-1.04601411e-1,4.58674265e-2,-5.23472958e-3
9030-12702,-5.19434503e-1,-4.38773316e-1,-1.04755458e0,-1.33255874e0,-3.85073741e-1,-1.12206598e0,-1.00998820e-1,-1.07094094e-1
9030-12704,-2.14332901e-1,-2.03994865e-1,-3.99254419e-1,-5.42041289e-1,-1.36968736e-1,-3.74931737e-1,-3.30829103e-2,-5.38036856e-2
9030-12705,1.33808613e0,1.76215261e-1,3.71004190e0,6.28411120e-1,2.99058673e0,6.82946771e-1,2.59597146e-1,3.43910704e-2
9030-1901,3.60837899e0,4.03014806e-1,1.00781487e1,1.45191334e0,8.22884806e0,1.60304818e0,6.97733184e-1,7.71039157e-2
9030-1902,-7.49037453e-1,-2.68185843e-1,-1.98333340e0,-9.43811248e-1,-1.46388987e0,-1.00400990e0,-1.48358477e-1,-5.36743641e-2
9030-3701,7.55373299e0,6.68281549e-1,2.10989128e1,2.40232454e0,1.72298382e1,2.64303991e0,1.46055383e0,1.28423533e-1
9030-3702,5.31525993e-1,4.55403827e-1,1.08693811e0,1.43785019e0,3.93648639e-1,1.28359428e0,1.07641530e-1,1.06989164e-1
9030-3703,7.67566073e-1,2.61886493e-1,2.06344612e0,9.31462623e-1,1.56825647e0,1.00771330e0,1.51166373e-1,5.13833332e-2
9030-3704,2.06313619e0,6.82101326e-1,5.52735544e0,2.41571408e0,4.17450787e0,2.59586330e0,4.06772800e-1,1.34918445e-1
9030-6101,3.11568444e-1,-1.55332529e-1,9.46014322e-1,-5.48387708e-1,8.82209581e-1,-5.86220765e-1,5.76724938e-2,-3.09098718e-2
9030-6102,2.78450879e0,2.00924104e-1,7.80261737e0,7.14920415e-1,6.41525259e0,7.77673383e-1,5.36805513e-1,3.92569371e-2
9030-9101,-8.80366920e-2,-1.80827633e-1,-1.38289790e-1,-6.24430038e-1,3.85214867e-2,-6.44169111e-1,-2.02793817e-2,-3.74305284e-2
9030-9102,2.54604142e-1,3.27911784e-1,3.63962907e-1,9.50401484e-1,-9.03325102e-2,7.22812181e-1,4.87491427e-2,8.49610856e-2
9031-12701,-4.37750267e-2,1.00916836e-1,-2.42102342e-1,1.97061917e-1,-2.92287251e-1,5.47877389e-2,-2.04648454e-2,2.87912961e-2
9031-12703,1.28809150e-1,4.13606132e-1,-7.70132227e-2,9.40135267e-1,-4.36718080e-1,4.82222257e-1,-1.14959736e-2,1.11804759e-1
9031-12705,-3.72706202e-1,-2.90780346e-1,-7.93631056e-1,-9.17784561e-1,-3.43722674e-1,-8.21226348e-1,-7.46710458e-2,-6.82254896e-2
9031-1901,1.20428612e0,2.69345625e-1,3.31045676e0,9.64666582e-1,2.62514452e0,1.05508260e0,2.34756175e-1,5.21427110e-2
9031-1902,-4.59517062e-2,1.40197173e-1,-2.83837115e-1,4.38666332e-1,-4.35476480e-1,3.78458588e-1,-5.66110149e-3,3.35987963e-2
9031-3701,2.44032984e0,6.21747120e-1,6.63995643e0,2.21078681e0,5.16729430e0,2.39082188e0,4.77813076e-1,1.22050614e-1
9031-3702,-5.67640424e-1,-4.25740278e-1,-1.21235439e0,-1.33037832e0,-5.36011463e-1,-1.16899205e0,-1.13147296e-1,-1.01149184e-1
9031-3703,-4.49497775e-1,-2.50579278e-1,-1.06397101e0,-8.02712178e-1,-6.33373873e-1,-7.37904843e-1,-8.89657625e-2,-5.76777676e-2
9031-3704,9.75759667e-1,2.79827071e-1,2.62205548e0,9.84401404e-1,1.99452486e0,1.04686818e0,1.91905464e-1,5.60332434e-2
9031-6102,-2.14445000e-1,-1.64957170e-1,-4.52963729e-1,-5.07378116e-1,-1.97790002e-1,-4.36079574e-1,-4.20095411e-2,-3.97793626e-2
9031-6103,-1.50272355e-1,3.83084807e-3,-4.73062068e-1,-3.67439683e-2,-4.36493345e-1,-1.09892376e-1,-3.02696567e-2,5.40998353e-3
9031-6104,8.89827748e-2,1.73264356e-1,5.44045620e-2,4.58234134e-1,-1.51271066e-1,2.98223345e-1,1.22657326e-2,4.70574557e-2
9031-9101,-2.49324282e-1,-2.41546158e-1,-4.80166134e-1,-7.71067997e-1,-1.14643683e-1,-6.97295329e-1,-5.19855526e-2,-5.61617186e-2
9032-12702,9.05423052e-2,7.81978381e-2,1.99006329e-1,2.88465218e-1,7.20457556e-2,3.07950363e-1,2.18789617e-2,1.54518785e-2
9032-12703,2.62779590e-1,1.59352510e-1,6.52437052e-1,5.78919211e-1,3.98980751e-1,6.30309825e-1,5.58212733e-2,3.07512465e-2
9032-12704,-5.54115584e-1,-3.60473978e-1,-1.28876880e0,-1.20216800e0,-7.05868678e-1,-1.17262402e0,-1.13196524e-1,-7.88372142e-2
9032-12705,-1.42244424e-1,-9.49211580e-2,-3.12185138e-1,-2.89025126e-1,-1.56237612e-1,-2.43324404e-1,-2.76906514e-2,-2.31910772e-2
9032-3701,4.95038390e-1,-3.56943151e-3,1.42198738e0,-4.48722368e-3,1.21735213e0,9.31260135e-3,9.44479180e-2,-1.56920599e-3
9032-3702,-1.74229601e-1,-7.63052055e-3,-4.98849773e-1,-3.11136040e-2,-4.24427231e-1,-4.04668144e-2,-3.33271443e-2,-1.07815960e-3
9032-6102,1.12198997e0,9.06885613e-1,2.42017393e0,2.97505661e0,1.03898830e0,2.82484749e0,2.31671640e-1,2.03056866e-1
9032-6104,-6.56457310e-1,-3.11180322e-1,-1.65589817e0,-1.06930325e0,-1.10555526e0,-1.09482860e0,-1.31985464e-1,-6.49333129e-2
9032-9101,3.44913263e-1,1.29416660e-1,9.13768772e-1,4.64696116e-1,6.68942642e-1,5.04669266e-1,6.91394807e-2,2.51880387e-2
9033-12701,3.76361425e-1,2.39551329e-1,8.70168842e-1,7.77305215e-1,4.81372812e-1,7.29454551e-1,7.53767862e-2,5.42054026e-2
9033-12702,1.69832186e-1,9.18352088e-2,4.23354134e-1,3.02411359e-1,2.85874489e-1,2.97433073e-1,3.27565513e-2,2.00493520e-2
9033-12703,-2.96610699e-1,-4.09581330e-2,-8.95520774e-1,-2.33343091e-1,-7.79589672e-1,-3.71038854e-1,-6.07181821e-2,-1.12446032e-4
9033-12704,4.46357984e-1,-9.16650121e-2,1.40015500e0,-2.49139129e-1,1.33272147e0,-1.52214117e-1,8.44597762e-2,-2.55496895e-2
9033-1901,-7.61494248e-1,-2.98671017e-1,-1.98722286e0,-1.04148335e0,-1.42568483e0,-1.09197799e0,-1.51506997e-1,-6.07656311e-2
9033-1902,-3.43581115e-1,-8.45190541e-2,-9.37181191e-1,-3.01070629e-1,-7.32656042e-1,-3.26504427e-1,-6.72046234e-2,-1.65346292e-2
9033-3701,-2.55011592e-1,-2.19209358e-1,-5.43884903e-1,-7.29402972e-1,-2.16807923e-1,-7.07535222e-1,-5.34654264e-2,-4.81529007e-2
9033-3702,-5.92874413e-1,-2.57234582e-1,-1.51844911e0,-8.88005084e-1,-1.04842690e0,-9.16180688e-1,-1.18605737e-1,-5.32549056e-2
9033-3704,1.18584479e0,2.42408341e-1,3.26073839e0,8.65403272e-1,2.58805677e0,9.41868877e-1,2.31048034e-1,4.72187638e-2
9033-6101,2.62727555e-1,2.88012597e-1,4.54066780e-1,8.73409917e-1,3.83045714e-2,7.28653353e-1,5.21208316e-2,7.06537749e-2
9033-6102,2.55022742e-1,1.37084835e-1,6.34002607e-1,4.73682255e-1,4.07141555e-1,4.87929701e-1,5.17874612e-2,2.84041916e-2
9033-6103,2.95084618e-1,-7.96569391e-2,9.04901603e-1,-2.63563449e-1,8.51102902e-1,-2.52027448e-1,5.47408554e-2,-1.76880225e-2
9033-6104,1.01383197e0,-5.76191350e-2,2.89671078e0,-1.98647491e-1,2.45959993e0,-2.04005404e-1,1.93816632e-1,-1.19723634e-2
9033-9101,7.41298321e-1,2.07379540e-1,1.99255496e0,7.29483462e-1,1.51651548e0,7.75910052e-1,1.45762888e-1,4.15228640e-2
9033-9102,-3.66124611e-1,-3.14900313e-1,-7.22698448e-1,-9.33389948e-1,-2.52453360e-1,-7.53408167e-1,-6.96373707e-2,-7.87389516e-2
9034-12703,1.53778707e-1,2.04800979e-1,2.37438699e-1,6.37690158e-1,-4.32388647e-2,5.55419768e-1,3.18462757e-2,4.89124776e-2
9034-12705,5.28957570e-1,3.56786907e-1,1.24093944e0,1.20468985e0,6.92737060e-1,1.20002652e0,1.08194683e-1,7.65362525e-2
9034-3701,9.22582525e-1,4.17417247e-1,2.37184830e0,1.43825516e0,1.65912427e0,1.48661714e0,1.83257908e-1,8.63808773e-2
9034-3702,-2.16797267e-1,-1.02361937e-1,-5.41933556e-1,-3.44436323e-1,-3.58200202e-1,-3.42088786e-1,-4.32962974e-2,-2.20384748e-2
9034-3703,2.35071599e0,6.98202750e-1,6.15182977e0,2.33023350e0,4.49023625e0,2.28570580e0,4.61918916e-1,1.52131247e-1
9034-6101,-4.88165261e-1,-2.09632170e-1,-1.25992550e0,-7.28318040e-1,-8.83484213e-1,-7.59566301e-1,-9.74540882e-2,-4.29018395e-2
9034-6102,-8.80340157e-1,-4.38063570e-1,-2.20406293e0,-1.50047285e0,-1.44844034e0,-1.52892146e0,-1.77228083e-1,-9.18770321e-2
9034-6103,-4.51001523e-1,-2.33254506e-1,-1.13069118e0,-8.05846892e-1,-7.42525464e-1,-8.32108444e-1,-9.10369420e-2,-4.82387312e-2
9034-6104,-1.49348868e-1,-8.66625913e-2,-3.79148760e-1,-3.05617792e-1,-2.54743741e-1,-3.26111897e-1,-3.01540494e-2,-1.72809310e-2
9034-9102,8.13149365e-1,1.44143513e-1,2.27792513e0,5.56183743e-1,1.84622318e0,6.61934545e-1,1.59645997e-1,2.42684489e-2
9035-12701,-2.24866141e-1,-5.53634492e-2,-6.02631605e-1,-3.11544778e-1,-3.90884446e-1,-4.03760947e-1,-6.01602733e-2,-7.34027778e-3
9035-12702,-2.83143451e-1,-1.99962473e-3,-8.95972004e-1,-1.04400258e-1,-8.33281424e-1,-2.52992420e-1,-5.65794567e-2,8.84012098e-3
9035-12703,3.37990321e-1,2.01962729e-1,8.17934039e-1,6.88215121e-1,4.94489896e-1,6.95128305e-1,6.87835053e-2,4.27288844e-2
9035-1901,-2.68418658e-1,-4.97788333e-2,-7.58639080e-1,-1.89220860e-1,-6.28242103e-1,-2.24488275e-1,-5.19869969e-2,-8.51996878e-3
9035-1902,3.05381127e-1,4.27817026e-1,4.37516914e-1,1.34033952e0,-1.68561207e-1,1.17060571e0,6.55071115e-2,1.01899343e-1
9035-3701,-9.77506599e-1,-4.67584728e-1,-2.47385577e0,-1.61209448e0,-1.66322687e0,-1.65978810e0,-1.96384999e-1,-9.70147169e-2
9035-3702,-6.38866079e-1,-2.74875579e-1,-1.64602049e0,-9.54019338e-1,-1.14996156e0,-9.92780969e-1,-1.27657459e-1,-5.63858613e-2
9035-3703,-3.42311029e-1,-1.44172787e-1,-8.73264854e-1,-4.89757892e-1,-6.01836700e-1,-4.93391213e-1,-6.81532941e-2,-3.06084093e-2
9035-3704,-8.30759013e-2,1.11080679e-2,-2.42499927e-1,3.85121718e-2,-2.13293326e-1,3.98694804e-2,-1.56957736e-2,2.28745665e-3
9035-6102,-5.54478918e-1,-3.62179203e-1,-1.27265047e0,-1.19356751e0,-6.74951679e-1,-1.14113769e0,-1.13142077e-1,-8.06116780e-2
9035-6103,2.69184891e0,1.41684402e-1,7.55810436e0,5.15468776e-1,6.22850043e0,5.77498796e-1,5.19195578e-1,2.65807353e-2
9035-6104,1.06926824e-1,1.66848797e-1,1.29851534e-1,5.02310439e-1,-9.48366690e-2,4.12334261e-1,2.15320684e-2,4.13052683e-2
9035-9101,3.71584671e-1,1.15536693e-1,9.97998059e-1,4.09956906e-1,7.56895396e-1,4.41602469e-1,7.32365067e-2,2.27803409e-2
9035-9102,-2.01333357e-1,-2.88362976e-2,-5.88151008e-1,-1.29781554e-1,-5.04342318e-1,-1.81386037e-1,-3.93710994e-2,-2.97700469e-3
9036-12701,-3.19285247e-2,-2.32795707e-1,2.02531245e-1,-5.02529053e-1,4.03879933e-1,-1.75407273e-1,1.15580166e-2,-6.99759890e-2
9036-12702,1.41957173e-2,-6.13029589e-2,1.16728186e-1,-1.73268434e-1,1.85551710e-1,-1.21633940e-1,2.40507341e-3,-1.63242953e-2
9036-12703,-4.01085360e-2,9.92597605e-2,-2.32331538e-1,1.95691041e-1,-2.86146174e-1,5.42436508e-2,-1.89622508e-2,2.85798211e-2
9036-12704,3.72140523e-2,4.67738434e-2,6.91411191e-2,1.38929518e-1,1.86252566e-2,1.24757586e-1,5.61505252e-3,1.06820113e-2
9036-12705,-1.90818440e-1,-1.24437210e-1,-4.31672469e-1,-3.53765105e-1,-2.53664175e-1,-2.83610809e-1,-3.27191197e-2,-3.08262820e-2
9036-1901,3.12881515e0,6.48671456e-1,8.59440225e0,2.31528570e0,6.80781039e0,2.51889859e0,6.09954835e-1,1.26410290e-1
9036-1902,8.73714347e-2,3.69856067e-1,-9.53780992e-2,1.21214908e0,-5.38379390e-1,1.14142922e0,2.55454394e-2,8.32232829e-2
9036-3702,6.02050444e0,3.48678113e-1,1.68675601e1,1.25671167e0,1.38494640e1,1.38837375e0,1.16228008e0,6.66532834e-2
9036-3703,9.39125004e-1,1.32339942e-1,2.62685466e0,4.81590682e-1,2.14896153e0,5.39679953e-1,1.81596210e-1,2.48170459e-2
9036-3704,3.38554104e-1,5.47344495e-1,3.15917193e-1,1.61996433e0,-5.08748731e-1,1.25391537e0,7.21830396e-2,1.39595846e-1
9036-6101,-3.38752129e-1,-2.91184312e-1,-7.05451177e-1,-9.45915999e-1,-2.62923049e-1,-8.80362361e-1,-7.03778569e-2,-6.62713704e-2
9036-6103,-2.14760982e-1,-2.00842453e-1,-4.01944868e-1,-5.57817943e-1,-1.27052344e-1,-4.08741639e-1,-3.67242079e-2,-5.23250946e-2
9036-6104,-2.60263051e-1,-1.94398863e-1,-5.55150497e-1,-5.99416531e-1,-2.49789023e-1,-5.16820636e-1,-5.11224747e-2,-4.67808450e-2
9036-9101,1.09821893e0,5.62060951e-1,2.72508766e0,1.90851142e0,1.76126187e0,1.91961161e0,2.20912743e-1,1.19473410e-1
9037-12701,-2.12512960e-1,-1.05693897e-1,-5.19527019e-1,-3.49734712e-1,-3.27697497e-1,-3.37123766e-1,-4.25886205e-2,-2.33840899e-2
9037-12705,1.53475790e0,3.22305889e-1,4.29056428e0,1.22214811e0,3.47244219e0,1.43384004e0,3.00500883e-1,5.59483757e-2
9037-1901,2.44148587e-1,2.66524167e-1,5.04867293e-1,9.14474608e-1,1.62819653e-1,9.32739375e-1,5.25968069e-2,5.57987228e-2
9037-1902,-8.58921210e-1,-2.78389537e-1,-2.29490227e0,-9.82183044e-1,-1.72473070e0,-1.04907950e0,-1.69475531e-1,-5.54572886e-2
9037-3701,-3.75088911e-1,-2.87660055e-3,-1.13459787e0,-5.59010152e-2,-1.03666196e0,-1.34505881e-1,-7.10497687e-2,4.10725669e-3
9037-3702,-7.05260358e-1,-2.93365351e-1,-1.82724693e0,-1.02124208e0,-1.29110356e0,-1.06775903e0,-1.40708670e-1,-5.98682201e-2
9037-6101,-8.66236387e-1,-4.24268963e-1,-2.17328907e0,-1.45405611e0,-1.43471368e0,-1.48283327e0,-1.74314616e-1,-8.89059004e-2
9037-6102,3.18705403e0,1.57070278e0,7.73689639e0,5.16971522e0,4.79269927e0,4.93504760e0,6.40021811e-1,3.50120436e-1
9037-6103,-1.78100334e-1,-6.16880168e-2,-4.66615279e-1,-2.09387737e-1,-3.40870345e-1,-2.10937249e-1,-3.50510528e-2,-1.31055581e-2
9037-6104,-8.28645722e-1,-2.37967786e-1,-2.24515032e0,-8.46702260e-1,-1.73275907e0,-9.16548844e-1,-1.62595522e-1,-4.66574689e-2
9037-9101,-4.44070816e-1,-2.35706685e-1,-1.07989695e0,-7.87195649e-1,-6.68795000e-1,-7.70597492e-1,-8.94350835e-2,-5.14051403e-2
9038-12701,4.72329162e-2,-9.86145736e-2,2.22973320e-1,-3.19167009e-1,3.02403477e-1,-2.94917345e-1,7.14648995e-3,-2.25499853e-2
9038-12703,-1.00045922e-1,-1.34006041e-2,-3.00755547e-1,-4.36352760e-2,-2.69858965e-1,-6.65237576e-2,-1.59699054e-2,-1.14328514e-4
9038-12704,-6.45779874e-1,-4.25739101e-1,-1.48153596e0,-1.40072727e0,-7.87374026e-1,-1.33698631e0,-1.31460418e-1,-9.49195227e-2
9038-12705,-5.05357125e-1,-1.88934988e-1,-1.37344217e0,-8.09251012e-1,-9.68819730e-1,-1.01310303e0,-1.12868430e-1,-2.72319787e-2
9038-1901,-2.73177010e-1,-7.59473040e-2,-7.52183388e-1,-2.78939294e-1,-5.94669878e-1,-3.15570101e-1,-5.35606890e-2,-1.40170543e-2
9038-3701,-5.69473370e-1,-3.09343378e-1,-1.38558506e0,-1.03937999e0,-8.56614869e-1,-1.02738054e0,-1.14940737e-1,-6.68568429e-2
9038-3702,-7.79197755e-1,-3.43852326e-1,-1.99710438e0,-1.19122630e0,-1.37945102e0,-1.23578413e0,-1.55999736e-1,-7.07664019e-2
9038-3703,7.88764282e-1,-1.69293960e-2,2.26823748e0,-4.92123188e-2,1.94702930e0,-3.30485695e-2,1.50214218e-1,-4.53154795e-3
9038-3704,7.09575010e-1,2.05562793e-2,2.04693236e0,9.37844675e-2,1.76197533e0,1.36587784e-1,1.35321977e-1,1.86312924e-3
9038-6101,5.38002014e0,2.35125020e-1,1.50935934e1,8.48935214e-1,1.24229024e1,9.40469585e-1,1.03789887e0,4.47868264e-2
9038-6102,3.01569485e0,4.11918222e-1,8.35852245e0,1.47032558e0,6.73239942e0,1.59977166e0,5.85258594e-1,8.02651490e-2
9038-6103,-7.77473779e-2,5.96944191e-2,-3.21285430e-1,1.31403480e-1,-3.70885918e-1,3.20667142e-2,-1.65313948e-2,1.89935043e-2
9038-9101,-5.17363128e-1,-3.73283900e-1,-1.13046478e0,-1.15156039e0,-5.56057008e-1,-1.00574775e0,-9.99562359e-2,-8.90287136e-2
9039-12701,2.36666623e-1,-1.54757906e-1,7.75447234e-1,-5.28429825e-1,7.94023126e-1,-5.34750023e-1,4.23187131e-2,-3.26592117e-2
9039-12702,-3.11304588e-1,-2.25670419e-1,-7.01471213e-1,-7.44507881e-1,-3.52394514e-1,-7.14673590e-1,-6.36157269e-2,-5.00844750e-2
9039-12703,-2.80862567e-1,-1.56570075e-1,-7.07004107e-1,-5.46700735e-1,-4.67128666e-1,-5.74211415e-1,-5.67601186e-2,-3.17867380e-2
9039-12704,-6.43357956e-1,-4.08380354e-1,-1.49826841e0,-1.36786537e0,-8.17300290e-1,-1.33478055e0,-1.32606170e-1,-8.92220122e-2
9039-12705,1.02904383e-1,-1.14119992e-1,4.15668264e-1,-3.54952613e-1,5.06023713e-1,-3.03581012e-1,1.74252790e-2,-2.75126602e-2
9039-1901,-2.65096189e-1,-1.39427168e-1,-6.92435255e-1,-4.95021411e-1,-4.95909846e-1,-5.34047062e-1,-5.28884439e-2,-2.74489554e-2
9039-1902,1.26433283e-1,1.60023311e-1,2.43770944e-1,5.44919126e-1,4.70444634e-2,5.49222828e-1,2.75773240e-2,3.39123310e-2
9039-3703,-4.19557197e-1,-1.62500285e-1,-1.10163367e0,-5.71133039e-1,-7.98841939e-1,-6.06062936e-1,-8.34296763e-2,-3.26087637e-2
9039-6102,1.30886534e0,5.06325097e-1,3.41811030e0,1.76313750e0,2.45729825e0,1.84487417e0,2.60205035e-1,1.03253414e-1
9039-6103,2.64310051e-2,-7.95670203e-3,7.28262112e-2,-3.00973394e-2,5.84357165e-2,-3.56216337e-2,5.10832696e-3,-1.37219117e-3
9039-9101,-2.77280647e-1,-1.26939705e-1,-6.89267180e-1,-4.24067231e-1,-4.49761966e-1,-4.15203302e-1,-5.55110968e-2,-2.76770942e-2
9039-9102,4.00305965e0,5.85532747e-1,1.11005298e1,2.10234645e0,8.94422841e0,2.30748350e0,7.77111320e-1,1.12829088e-1
9040-12701,-4.14416339e-1,-2.85424597e-1,-9.11136794e-1,-8.93996958e-1,-4.44256225e-1,-7.88472550e-1,-8.24203817e-2,-6.76481619e-2
9040-1901,-6.19872370e-1,-2.28571150e-1,-1.62948606e0,-7.98288065e-1,-1.18704244e0,-8.39255118e-1,-1.22954058e-1,-4.63690481e-2
9040-1902,1.12236387e0,5.94165654e-1,2.78419575e0,2.03376631e0,1.79000490e0,2.07002586e0,2.26654911e-1,1.24757305e-1
9040-3703,-5.65558859e-1,-2.58070912e-1,-1.46909846e0,-9.63589686e-1,-9.98029825e-1,-1.08088037e0,-1.18735327e-1,-4.75942566e-2
9040-3704,1.71739160e-1,2.05879810e-1,2.94649347e-1,6.56359477e-1,3.96024603e-3,5.92691702e-1,3.63446906e-2,4.79313254e-2
9040-6101,-2.89861874e-1,-1.81081365e-1,-6.95630154e-1,-6.19332959e-1,-4.09562479e-1,-6.28908272e-1,-5.93157540e-2,-3.80949281e-2
9040-6103,5.50024374e-1,1.74984162e-1,1.44438185e0,6.03978209e-1,1.05141857e0,6.22819875e-1,1.09013346e-1,3.62419399e-2
9040-6104,1.10205363e0,4.93440539e-1,2.80562869e0,1.69577544e0,1.91477945e0,1.73764777e0,2.20626416e-1,1.02907365e-1
9040-9102,-6.54728302e-1,-4.61011143e-1,-1.47549101e0,-1.51695918e0,-7.40279854e-1,-1.44752305e0,-1.33990442e-1,-1.02793688e-1
9041-12703,-5.62460565e-1,-4.66529952e-1,-1.17058465e0,-1.48679066e0,-4.50873139e-1,-1.34653593e0,-1.14624424e-1,-1.08446474e-1
9041-12704,-2.68711995e-1,-1.72119241e-1,-6.14820856e-1,-5.61010864e-1,-3.25984518e-1,-5.26741208e-1,-5.45560225e-2,-3.88981651e-2
9041-12705,-1.85979374e-1,-2.52250165e-1,-3.03187012e-1,-8.16414003e-1,3.40903572e-2,-7.56431113e-1,-4.01978299e-2,-5.75908280e-2
9041-1901,8.38828463e-1,3.25282326e-1,2.21436655e0,1.14593964e0,1.62433583e0,1.22121540e0,1.66352695e-1,6.49718376e-2
9041-3702,-7.45894860e-1,-4.14899705e-1,-1.82488088e0,-1.41133759e0,-1.13647411e0,-1.42212596e0,-1.51060504e-1,-8.80005895e-2
9041-3703,4.70989560e0,3.25372761e-1,1.32176129e1,1.18203038e0,1.08823265e1,1.32139412e0,9.08695823e-1,6.12234480e-2
9041-3704,-8.05839531e-2,9.86993040e-3,-2.40413512e-1,3.09724609e-2,-2.17573718e-1,2.65878749e-2,-1.51475265e-2,2.36689642e-3
9041-6102,3.52670439e-1,4.64233439e-1,5.13999963e-1,1.35200577e0,-1.09226456e-1,1.05765601e0,6.55333322e-2,1.17784818e-1
9041-6103,1.13279658e0,6.89486732e-2,3.20733340e0,2.58870066e-1,2.68046822e0,3.03565642e-1,2.17678846e-1,1.20855685e-2
9041-9101,-5.74249560e-2,-3.71778625e-2,-1.39244749e-1,-1.26825878e-1,-8.50855995e-2,-1.28619251e-1,-1.16272301e-2,-7.84056276e-3
9041-9102,-4.15380333e-1,-2.73326567e-1,-9.42579808e-1,-8.88021876e-1,-4.88906756e-1,-8.30047330e-1,-8.42768235e-2,-6.20046144e-2
9042-12702,-1.65077129e-1,-1.89168146e-1,-2.52667942e-1,-4.92442232e-1,-5.22570009e-3,-3.08476287e-1,-2.56372605e-2,-5.20876104e-2
9042-12704,6.56313229e-1,3.36555612e-2,1.84743026e0,1.03630563e-1,1.54400531e0,9.88909664e-2,1.24386953e-1,7.64366975e-3
9042-12705,-6.60722836e-1,-2.15416904e-1,-1.76518216e0,-7.60486476e-1,-1.32617096e0,-8.13059069e-1,-1.30392389e-1,-4.28639561e-2
9042-3701,2.55261490e0,2.35248552e-1,7.12667916e0,8.43760792e-1,5.81574208e0,9.25150513e-1,4.93617093e-1,4.54062893e-2
9042-3703,6.08224604e0,7.85320584e-1,1.69110643e1,2.81685084e0,1.36965925e1,3.08849658e0,1.17874230e0,1.51571777e-1
9042-3704,7.95326723e0,9.25191577e-1,2.21433489e1,3.31784097e0,1.79793339e1,3.63674497e0,1.54021733e0,1.78637897e-1
9042-6101,-5.45356532e-2,-5.48951363e-2,-1.31734752e-1,-2.02042623e-1,-7.27972028e-2,-2.27944331e-1,-1.17429378e-2,-1.01352596e-2
9042-6102,4.39537751e-1,3.65971195e-1,9.03967461e-1,1.11621092e0,3.62929543e-1,9.53227742e-1,8.47706466e-2,8.85458337e-2
9042-6103,3.74427696e-1,1.26893207e-1,1.00529828e0,4.55688594e-1,7.58582957e-1,4.98145473e-1,7.41821647e-2,2.45274692e-2
9042-6104,6.02663447e-1,1.14418900e-2,1.72634123e0,5.33587246e-2,1.46983564e0,7.92485603e-2,1.15263977e-1,9.15365643e-4
9042-9101,7.82567680e-2,4.08486040e-2,1.97080992e-1,1.41664169e-1,1.30698692e-1,1.47203379e-1,1.57800670e-2,8.39179684e-3
9042-9102,-5.31354385e-1,-3.64086056e-1,-1.19973522e0,-1.19193610e0,-6.08222449e-1,-1.12797883e0,-1.08407849e-1,-8.17535154e-2
9043-12702,-4.07571913e-1,-1.60050234e-1,-1.07062989e0,-5.62834286e-1,-7.77045203e-1,-5.97744132e-1,-8.10362662e-2,-3.20864239e-2
9043-12703,3.61166950e-1,-5.09339441e-2,1.14579857e0,-1.07850359e-1,1.10420686e0,-2.50242638e-3,6.81429048e-2,-1.73088325e-2
9043-12704,-1.13451735e-1,-8.29267597e-2,-2.58332386e-1,-2.78490560e-1,-1.31540553e-1,-2.73589517e-1,-2.34951053e-2,-1.80126647e-2
9043-12705,4.13591767e-3,-4.93899811e-2,5.54832370e-2,-1.65602515e-1,1.08681301e-1,-1.63102447e-1,-4.41370523e-4,-1.05692142e-2
9043-1901,-2.04531860e-2,1.40918594e-2,-6.40760607e-2,5.03798824e-2,-6.27546628e-2,5.48303057e-2,-3.68443633e-3,2.74145599e-3
9043-1902,-1.57294353e-1,4.02126691e-2,-5.00224403e-1,1.24007277e-1,-4.91829896e-1,1.02361704e-1,-2.87831786e-2,9.86935766e-3
9043-3703,1.04688525e0,1.28084541e-1,2.90492770e0,4.56548039e-1,2.34489407e0,4.95724138e-1,2.03030283e-1,2.50233101e-2
9043-6101,1.07907623e0,2.04442580e-1,2.97588120e0,7.33115142e-1,2.37317125e0,8.02733939e-1,2.10111236e-1,3.95054589e-2
9043-6102,-1.59745109e-1,-2.17326964e-1,-2.20205721e-1,-6.48835968e-1,8.79768100e-2,-5.21081151e-1,-3.21060264e-2,-5.44585269e-2
9043-6104,1.56887176e-1,1.19718517e-1,3.30247421e-1,3.46818333e-1,1.57727034e-1,2.72419791e-1,2.85737852e-2,3.03952859e-2
9043-9101,-1.77837111e-1,-1.55965124e-1,-4.36339861e-1,-5.52412591e-1,-2.68933587e-1,-5.93644364e-1,-3.64314080e-2,-3.08459376e-2
9043-9102,-2.08513521e-1,-1.34744125e-1,-5.18824534e-1,-4.71469376e-1,-3.33326864e-1,-4.97033788e-1,-4.23187958e-2,-2.72477930e-2
9044-12701,1.81960138e-1,2.03788680e-1,3.12567152e-1,6.33185283e-1,1.23793243e-2,5.46307619e-1,3.76495717e-2,4.89532525e-2
9044-12702,-3.30070897e-1,-1.53273944e-1,-8.38239728e-1,-5.30535637e-1,-5.66723865e-1,-5.49396072e-1,-6.63558711e-2,-3.15989732e-2
9044-12703,-3.31175827e-1,-1.45621499e-1,-8.90790640e-1,-5.21393695e-1,-6.77275926e-1,-5.70036215e-1,-6.52476508e-2,-2.82059266e-2
9044-12704,5.14284599e-1,1.86303397e-1,1.38945807e0,7.43522554e-1,1.00862546e0,8.86693668e-1,1.09129635e-1,3.06763705e-2
9044-1901,-5.03262019e-1,-1.79255369e-1,-1.34109167e0,-6.34786099e-1,-1.00180773e0,-6.81957054e-1,-9.94851132e-2,-3.54648161e-2
9044-1902,3.39267067e0,5.53338033e-1,9.38938419e0,1.98065066e0,7.54099911e0,2.16456448e0,6.59001954e-1,1.07234441e-1
9044-3701,-5.92529642e-2,-2.66561063e-2,-1.37995266e-1,-8.43901290e-2,-7.62860546e-2,-7.42934806e-2,-1.20713273e-2,-6.29986991e-3
9044-3702,8.08981966e-1,-7.37028044e-2,2.39268215e0,-2.24211008e-1,2.13772438e0,-1.79001388e-1,1.52708369e-1,-1.84130934e-2
9044-6101,9.67693454e-1,5.57488189e-1,2.33849699e0,1.88384432e0,1.41522954e0,1.87809387e0,1.96317661e-1,1.19483587e-1
9044-6102,3.49804807e-1,-2.34079801e-2,1.08927707e0,-1.98878820e-2,1.02640122e0,7.73798731e-2,6.63622897e-2,-1.09235883e-2
9044-6104,4.67909082e-1,-7.77314026e-2,1.35735880e0,-2.73223381e-1,1.18164289e0,-2.89939856e-1,8.87430723e-2,-1.55963993e-2
9044-9101,1.60877159e-1,1.50153116e-1,3.23584343e-1,4.82707671e-1,1.03959672e-1,4.44359018e-1,3.30947226e-2,3.44831675e-2
9044-9102,-2.70127574e-1,-2.17368833e-1,-5.92730477e-1,-7.20123641e-1,-2.69602433e-1,-6.95178355e-1,-5.57859610e-2,-4.79893684e-2
9045-12701,-4.17266426e-1,-1.69243369e-1,-1.09756675e0,-5.96537053e-1,-7.98849177e-1,-6.36164063e-1,-8.29053986e-2,-3.37751838e-2
9045-12703,-6.18568892e-2,-7.98022995e-2,-6.53683233e-2,-1.87275344e-1,4.75463695e-2,-7.58877347e-2,-9.02827989e-3,-2.41598454e-2
9045-12704,-2.89716292e-1,-2.82797227e-1,-5.48407043e-1,-7.38648979e-1,-2.08921087e-1,-5.14098377e-1,-4.06578109e-2,-7.31412102e-2
9045-12705,-6.91872759e-1,-2.48884184e-1,-1.82832745e0,-8.73887015e-1,-1.34465198e0,-9.26337175e-1,-1.37092559e-1,-5.00163538e-2
9045-1902,-5.93308119e-1,-1.09724260e-1,-1.63881639e0,-3.93069211e-1,-1.31139114e0,-4.30102409e-1,-1.15366598e-1,-2.12308502e-2
9045-3701,3.38552238e-1,7.69871926e-2,9.32608453e-1,2.76141348e-1,7.42475089e-1,3.02756496e-1,6.59247394e-2,1.48595967e-2
9045-3702,3.90073340e-1,3.22213556e-1,8.12499557e-1,1.02378720e0,3.16255967e-1,9.23284782e-1,7.92054251e-2,7.51412909e-2
9045-3703,1.56391843e0,2.18530426e-1,4.32907533e0,7.79416837e-1,3.47867751e0,8.47013175e-1,3.03700854e-1,4.26460003e-2
9045-3704,5.11422190e-1,1.09944814e-1,1.40085939e0,3.91702288e-1,1.10389676e0,4.24905110e-1,9.98298715e-2,2.15020245e-2
9045-6101,-3.82114534e-1,-3.76802594e-1,-7.47554486e-1,-1.22259922e0,-1.92408934e-1,-1.13704664e0,-8.03431103e-2,-8.57611554e-2
9045-6102,2.23258813e-1,-3.66763961e-2,6.41453773e-1,-1.30577856e-1,5.49952213e-1,-1.41473178e-1,4.25380039e-2,-7.18291787e-3
9045-6103,8.09404589e-2,1.32478705e-1,1.46046484e-1,4.63897393e-1,1.71075908e-3,4.86919325e-1,1.86117265e-2,2.68593318e-2
9045-6104,4.50436583e-3,-4.19149467e-2,5.41167720e-2,-1.38111541e-1,1.01853495e-1,-1.30889334e-1,-3.18291201e-4,-9.37216916e-3
9045-9101,-6.27759236e-1,-3.80767425e-1,-1.48284349e0,-1.26711100e0,-8.51616857e-1,-1.23259836e0,-1.27400106e-1,-8.35026361e-2
9045-9102,-4.10485983e-1,-1.51548514e-1,-1.08039864e0,-5.30642427e-1,-7.88531998e-1,-5.60086864e-1,-8.14288317e-2,-3.06059594e-2
9046-12701,-3.37034289e-1,-2.42816661e-1,-7.77279414e-1,-8.20084570e-1,-4.11024229e-1,-8.16241551e-1,-6.94326473e-2,-5.21089924e-2
9046-12703,1.39688179e-1,1.37795128e-1,2.10085785e-1,3.61082908e-1,-2.19736221e-2,2.08706635e-1,2.56560609e-2,3.90629999e-2
9046-12704,-1.24302989e-1,-2.82050584e-1,-9.36528818e-2,-9.09516095e-1,2.55126741e-1,-8.36128678e-1,-2.91581881e-2,-6.47605058e-2
9046-12705,-1.64942098e-1,-1.33269147e-1,-3.53056996e-1,-3.68998835e-1,-1.74564568e-1,-2.90635605e-1,-2.56498576e-2,-3.11823318e-2
9046-1901,7.37114947e-1,4.10956380e-1,1.84828466e0,1.43235801e0,1.21013941e0,1.49997395e0,1.49162020e-1,8.37033285e-2
9046-3702,2.42046533e0,4.33788829e-1,6.67481471e0,1.54955043e0,5.32587051e0,1.68794915e0,4.70967291e-1,8.44039010e-2
9046-3704,2.97993680e-1,3.25104640e-1,5.29625438e-1,1.01266990e0,5.91127763e-2,8.81464923e-1,6.10099433e-2,7.76786496e-2
9046-6102,4.05493496e-1,-2.76826257e-2,1.20643175e0,-7.16944856e-2,1.08430834e0,-3.35054706e-2,7.66202436e-2,-8.19270239e-3
9046-6104,-1.97769969e-1,-1.68041770e-1,-4.83594039e-1,-5.93793753e-1,-2.95602025e-1,-6.35730386e-1,-4.05472566e-2,-3.33808785e-2
9046-9101,2.27716250e-1,1.96786162e-2,6.46497609e-1,7.54804739e-2,5.41660505e-1,9.07397279e-2,4.38070423e-2,3.29336547e-3
9046-9102,8.66699542e-1,-1.65710685e-1,2.64258728e0,-4.99565123e-1,2.44418870e0,-4.00017240e-1,1.63526276e-1,-4.14925854e-2
9047-12702,-2.59348900e-1,-1.31872523e-1,-6.38053737e-1,-4.46618500e-1,-4.02772173e-1,-4.45378705e-1,-5.25225711e-2,-2.82377346e-2
9047-12704,-3.95289983e-1,-1.17238924e-1,-1.06424191e0,-4.15239371e-1,-8.11594772e-1,-4.46245066e-1,-7.77633273e-2,-2.31869356e-2
9047-12705,-3.02330725e-1,-1.76017660e-1,-7.19065965e-1,-5.86516615e-1,-4.19905894e-1,-5.71376321e-1,-6.13382388e-2,-3.85416882e-2
9047-3701,1.64415697e-1,7.54037415e-2,4.23764501e-1,2.81287507e-1,2.81849399e-1,3.16219053e-1,3.45759824e-2,1.38475252e-2
9047-3703,-4.78035525e-1,-1.38960472e-1,-1.29610499e0,-4.96144018e-1,-1.00089160e0,-5.39814240e-1,-9.38391126e-2,-2.70710330e-2
9047-3704,2.66657807e-1,2.23326954e-1,5.49509092e-1,7.07683981e-1,2.03956656e-1,6.34278646e-1,5.42712430e-2,5.23051338e-2
9047-6103,-1.54347125e-1,-1.02178023e-1,-3.81976898e-1,-3.56492344e-1,-2.42656143e-1,-3.74295012e-1,-3.13346513e-2,-2.07613044e-2
9047-6104,6.43530300e-1,2.33979717e-1,1.70968447e0,8.26118983e-1,1.27015922e0,8.83452512e-1,1.27309004e-1,4.65453410e-2
9047-9101,1.02583459e-1,2.09512965e-1,5.45546017e-2,5.41785951e-1,-1.80463746e-1,3.43210143e-1,1.18106617e-2,5.72684589e-2
9047-9102,-6.96178391e-1,-3.58428275e-1,-1.72548557e0,-1.21956216e0,-1.11005767e0,-1.22978758e0,-1.40324538e-1,-7.59765947e-2
9048-12701,-3.13816733e-1,-4.66397135e-1,-4.84129606e-1,-1.12218485e0,-1.79020198e-2,-7.22107786e-1,-1.71462474e-2,-1.08131413e-1
9048-12705,-5.34201536e-2,-3.21659535e-2,-1.25458952e-1,-1.05376182e-1,-7.19149889e-2,-1.00176655e-1,-1.07443094e-2,-7.20241960e-3
9048-1901,-3.04252134e-1,-1.39434612e-1,-7.72077096e-1,-4.79757666e-1,-5.22528170e-1,-4.92273966e-1,-6.10443319e-2,-2.90313393e-2
9048-3703,-4.79947413e-1,-1.16199042e-1,-1.31273219e0,-4.14780134e-1,-1.03147651e0,-4.51306629e-1,-9.37639516e-2,-2.26410474e-2
9048-3704,7.36404273e-1,1.17316569e-1,2.03805201e0,4.18771395e-1,1.63734071e0,4.55761499e-1,1.42998476e-1,2.28551345e-2
9048-6101,-6.69743729e-1,-2.89727984e-1,-1.72183175e0,-1.00388781e0,-1.19770426e0,-1.04190625e0,-1.33893636e-1,-5.96035422e-2
9048-6102,-6.57647580e-1,-1.93137243e-1,-1.77202994e0,-6.84214423e-1,-1.35350974e0,-7.35576341e-1,-1.29327648e-1,-3.81811360e-2
9048-6104,3.32294124e-1,2.36946506e-1,7.47687363e-1,7.75692206e-1,3.76818990e-1,7.36058081e-1,6.75591490e-2,5.31145030e-2
9048-9101,-1.75665216e-1,5.54134324e-2,-6.19705443e-1,8.80224265e-2,-6.34549789e-1,-5.35805656e-2,-3.63828688e-2,2.07628640e-2
9049-12702,1.97797026e-1,2.92404972e-1,2.56968863e-1,8.09814868e-1,-9.58407425e-2,5.93478555e-1,3.10577334e-2,7.59008032e-2
9049-12704,-1.66157392e-1,-2.24160069e-2,-4.85464021e-1,-1.68660522e-1,-3.72668090e-1,-2.64964692e-1,-4.07670767e-2,1.10687776e-3
9049-1901,-8.39031180e-1,-2.24156060e-1,-2.27767124e0,-7.96653468e-1,-1.76469526e0,-8.60849061e-1,-1.64458444e-1,-4.40440592e-2
9049-1902,1.87094474e0,1.07590066e0,4.53715458e0,3.65324418e0,2.76248962e0,3.66928228e0,3.80012956e-1,2.28899375e-1
9049-3701,8.27628707e-1,6.45710060e-1,1.75028264e0,2.01756246e0,7.48679466e-1,1.77697493e0,1.64577631e-1,1.53182313e-1
9049-3702,4.64033896e-3,2.53092930e-1,-3.07502189e-1,6.76254701e-1,-5.99007956e-1,4.26540940e-1,-2.06879020e-3,6.98288987e-2
9049-3703,1.61693359e-1,-3.85504337e-2,4.86206342e-1,-1.31861225e-1,4.46564315e-1,-1.33617397e-1,3.01376887e-2,-8.11889100e-3
9049-3704,-7.57876521e-1,-3.95496820e-1,-1.88622493e0,-1.35774500e0,-1.22016176e0,-1.38796521e0,-1.53097827e-1,-8.26602878e-2
9049-6101,-6.89189504e-1,-4.01270663e-1,-1.63237601e0,-1.32500104e0,-9.49252340e-1,-1.27271922e0,-1.39273094e-1,-8.89922713e-2
9049-6102,-1.94455749e-1,-1.49448227e-1,-4.09478502e-1,-4.66766441e-1,-1.70667280e-1,-4.08663673e-1,-3.89830381e-2,-3.55820647e-2
9049-6103,-2.18187287e-1,-1.10179473e-1,-5.24325665e-1,-3.30068825e-1,-3.39575705e-1,-2.79478990e-1,-4.05679175e-2,-2.68113019e-2
9049-6104,-2.69574730e-1,-3.42206680e-1,-4.23323954e-1,-1.06462100e0,6.46137809e-2,-9.21076598e-1,-5.63707568e-2,-8.20558704e-2
9049-9101,-4.09198723e-1,-2.48835479e-1,-9.68331579e-1,-8.33330614e-1,-5.55669870e-1,-8.18187310e-1,-8.33565302e-2,-5.40923653e-2
9050-12703,-7.04435669e-2,-1.11095997e-1,-7.85423557e-2,-3.50248879e-1,9.16073754e-2,-3.03867907e-1,-1.63734212e-2,-2.65283232e-2
9050-12705,-3.35347912e-1,-1.88789030e-1,-7.97185709e-1,-6.17015616e-1,-4.72272427e-1,-5.84234644e-1,-6.72038051e-2,-4.24077459e-2
9050-1901,5.79129809e0,4.04532893e-1,1.62236932e1,1.45850010e0,1.33183832e1,1.61216357e0,1.11808519e0,7.72785595e-2
9050-1902,3.34397609e0,8.05967929e-1,9.01196871e0,2.79204750e0,6.91400282e0,2.90213697e0,6.54859246e-1,1.65675719e-1
9050-3701,3.28771285e-1,4.87116027e-2,9.34762758e-1,1.85828577e-1,7.83783320e-1,2.21986974e-1,6.33189449e-2,8.25134912e-3
9050-3702,7.23092515e-2,1.07558449e-1,1.16406185e-1,3.64679060e-1,-2.63725845e-2,3.61170768e-1,1.68507746e-2,2.31263686e-2
9050-6101,2.00376883e-1,-7.78179792e-2,6.14069174e-1,-2.70491369e-1,5.79804245e-1,-2.81760501e-1,3.69322028e-2,-1.59344643e-2
9050-9101,-6.92784469e-1,-4.74863938e-1,-1.56036239e0,-1.54381827e0,-7.91686122e-1,-1.44639511e0,-1.40594658e-1,-1.07545059e-1
9050-9102,3.06175934e-1,1.65963457e-1,7.52862072e-1,5.62777725e-1,4.76414653e-1,5.65004602e-1,6.17208116e-2,3.53451693e-2
9051-6103,1.75278090e0,7.11277800e-1,4.44626992e0,2.36071741e0,3.05545683e0,2.29792108e0,3.46424379e-1,1.56122212e-1
9085-12701,3.99291492e-2,1.03232590e-1,5.74672572e-3,3.10411303e-1,-1.21515622e-1,2.54508558e-1,8.25264475e-3,2.55634340e-2
9085-12703,-2.73386235e-1,-1.34408843e-1,-6.62596123e-1,-4.23084017e-1,-4.23371473e-1,-3.80362025e-1,-5.31069476e-2,-3.14894403e-2
9085-12704,1.61750850e-2,-4.55722836e-2,1.07186933e-1,-1.36450111e-1,1.68410565e-1,-1.06240208e-1,1.86669984e-3,-1.15564959e-2
9085-12705,-2.83646060e-1,-1.95516173e-1,-6.29835989e-1,-6.34973444e-1,-3.03887568e-1,-5.86840377e-1,-5.84711697e-2,-4.48363904e-2
9085-1901,-3.39844208e-1,-1.70296271e-1,-8.75366036e-1,-5.99203348e-1,-6.08824360e-1,-6.37167649e-1,-6.81341858e-2,-3.40965773e-2
9085-3701,3.09697569e-1,1.82468352e-1,7.49704876e-1,6.16418247e-1,4.57166587e-1,6.15147589e-1,6.26339981e-2,3.90899702e-2
9085-3702,-2.91964107e-1,-2.23237729e-1,-6.37182960e-1,-7.36021595e-1,-2.82078087e-1,-7.02651544e-1,-6.06164990e-2,-4.97158251e-2
9085-3703,2.37774640e-1,-9.20871775e-3,6.80144605e-1,-2.96365223e-2,5.77909760e-1,-2.69055560e-2,4.54956583e-2,-2.12920944e-3
9085-3704,1.18018007e-1,6.87632472e-2,2.85844690e-1,2.31193057e-1,1.75316683e-1,2.29525359e-1,2.37565282e-2,1.48118438e-2
9085-6101,-3.95540749e-1,-2.52318289e-1,-9.30492377e-1,-8.44597796e-1,-5.26651313e-1,-8.29888695e-1,-8.05147276e-2,-5.48341957e-2
9085-6102,-2.52960775e-1,-1.16930245e-1,-6.65588045e-1,-4.15107236e-1,-4.84095909e-1,-4.47725143e-1,-5.03116943e-2,-2.30255290e-2
9085-6103,-3.52416341e-1,-4.29879807e-1,-5.37288542e-1,-1.13117833e0,-9.68440122e-3,-7.50223487e-1,-5.19527169e-2,-1.15552057e-1
9085-6104,-1.10408981e-1,-1.17551902e-1,-2.10522726e-1,-3.88377347e-1,-3.94314334e-2,-3.71099506e-1,-2.38391400e-2,-2.61427203e-2
9085-9101,3.04617345e-1,3.02497675e-1,5.84144771e-1,9.50507698e-1,1.48396075e-1,8.44330828e-1,6.16646724e-2,7.13195346e-2
9086-12702,-9.96032747e-2,9.16295386e-3,-3.01311629e-1,-4.63688242e-2,-2.42498623e-1,-1.10803052e-1,-2.79400116e-2,4.65654117e-3
9086-12703,2.62091367e-1,2.09900375e-1,5.54050608e-1,6.54551339e-1,2.39250989e-1,5.79100160e-1,5.14821314e-2,4.96261518e-2
9086-12704,-3.23554697e-1,-3.46617145e-1,-5.84645467e-1,-9.69374135e-1,-1.25410697e-1,-7.52895771e-1,-5.10014590e-2,-8.39889280e-2
9086-12705,-4.69738194e-1,-2.79974292e-1,-1.11167981e0,-9.28730235e-1,-6.43447052e-1,-8.99217067e-1,-9.50899306e-2,-6.16640044e-2
9086-1901,1.06993185e0,6.98596170e-1,2.47923669e0,2.34112433e0,1.33192819e0,2.29744675e0,2.20007856e-1,1.51846736e-1
9086-1902,1.36188383e0,2.11364903e-1,3.80199136e0,7.66034226e-1,3.10055252e0,8.53641765e-1,2.63500604e-1,3.99499207e-2
9086-3701,1.62673304e0,8.40091969e-1,4.07812353e0,2.89112003e0,2.68555270e0,2.96950991e0,3.27569190e-1,1.74777504e-1
9086-3702,2.54601609e0,7.86639460e-1,6.80206646e0,2.74324363e0,5.12942198e0,2.88241876e0,5.00573227e-1,1.59811585e-1
9086-3703,-7.01932072e-1,-3.51953805e-1,-1.74434487e0,-1.19711802e0,-1.12904543e0,-1.20612285e0,-1.41397551e-1,-7.46598477e-2
9086-3704,6.91113116e-1,3.51506159e-1,1.71164158e0,1.15797585e0,1.12765930e0,1.12229005e0,1.35852015e-1,7.75824917e-2
9086-6101,2.26222065e-2,-3.16785627e-3,6.59636774e-2,-1.25672301e-2,5.90039707e-2,-1.52441812e-2,4.16421572e-3,-5.05554145e-4
9086-6102,3.85228545e-2,7.47096292e-2,3.53181263e-2,2.54050650e-1,-7.66579245e-2,2.42497643e-1,1.09003205e-2,1.66132986e-2
9086-6104,3.47716738e-1,9.81618231e-2,9.18643470e-1,3.26622051e-1,6.85468997e-1,3.20220462e-1,6.78375382e-2,2.14319233e-2
9086-9102,-6.54023229e-1,-2.41013899e-1,-1.72904744e0,-8.48577270e-1,-1.27196708e0,-9.03342892e-1,-1.29641427e-1,-4.81962021e-2
9087-12702,-2.49470585e-1,-9.52511785e-2,-5.89373693e-1,-4.66190861e-1,-2.68641389e-1,-5.16616262e-1,-7.53372906e-2,-2.08659282e-2
9087-12703,-5.01566641e-1,-4.93928390e-1,-9.15967727e-1,-1.45495795e0,-2.00525448e-1,-1.15999410e0,-9.51084169e-2,-1.24239357e-1
9087-1901,4.58516372e0,1.20205312e0,1.25196646e1,4.29659256e0,9.80340132e0,4.68465014e0,8.96687444e-1,2.33612349e-1
9087-1902,1.90516128e0,6.48314582e-1,5.00823457e0,2.24235129e0,3.65751958e0,2.32302914e0,3.76997519e-1,1.33694439e-1
9087-3702,-3.94967377e-1,-2.35641514e-1,-9.33058885e-1,-7.83676556e-1,-5.35199162e-1,-7.60610257e-1,-8.02688895e-2,-5.17626462e-2
9087-3704,-3.72143851e-1,-3.67100256e-2,-1.08539540e0,-1.61002442e-1,-9.41971120e-1,-2.23222635e-1,-7.14252041e-2,-4.09994245e-3
9087-6101,4.45615725e-1,3.17023179e-1,9.73668819e-1,9.79949144e-1,4.76914169e-1,8.50200933e-1,8.71095455e-2,7.60232989e-2
9087-9101,-5.87323196e-1,-4.16477397e-1,-1.31857664e0,-1.37112836e0,-6.51871920e-1,-1.30873349e0,-1.20474491e-1,-9.28261797e-2
9088-12701,-8.94391765e-1,-4.69923813e-1,-2.21384090e0,-1.60411402e0,-1.41690183e0,-1.62529364e0,-1.80650041e-1,-9.91202573e-2
9088-1901,-5.60879340e-1,-2.24874803e-1,-1.45471308e0,-7.79166236e-1,-1.03201889e0,-8.08992565e-1,-1.11679549e-1,-4.62508328e-2
9088-1902,1.57486327e0,5.30206404e-1,4.10717194e0,1.80748462e0,2.95956978e0,1.82906864e0,3.11779936e-1,1.12020008e-1
9088-3702,2.21782306e0,3.45652980e-1,6.19748776e0,1.25924560e0,5.05881201e0,1.41222232e0,4.29311944e-1,6.47159903e-2
9088-3703,8.28283320e-2,2.51079175e-1,-5.64130128e-2,7.28507829e-1,-3.83602587e-1,5.48807113e-1,1.71879614e-2,6.49142278e-2
9088-6102,-7.10537284e-1,-2.88421167e-1,-1.85201322e0,-1.00803931e0,-1.32445658e0,-1.06068028e0,-1.41516482e-1,-5.84461818e-2
9088-6104,8.63221716e-1,3.17416563e-1,2.28213888e0,1.11590751e0,1.67984035e0,1.18534233e0,1.71018692e-1,6.36406068e-2
9088-9101,-7.30150862e-1,-5.22138959e-1,-1.62317175e0,-1.69825488e0,-7.87356450e-1,-1.59101013e0,-1.48818601e-1,-1.18236301e-1
9088-9102,-3.27309625e-1,-2.06964405e-1,-7.69398419e-1,-6.98123517e-1,-4.29904790e-1,-6.92716657e-1,-6.71574796e-2,-4.45279667e-2
9089-1901,1.93835766e0,4.88982634e-1,5.23347783e0,1.71575785e0,4.01963157e0,1.81764703e0,3.80240282e-1,9.83589791e-2
9089-1902,-6.44984021e-1,-1.30808498e-1,-1.77581973e0,-4.68124204e-1,-1.41254803e0,-5.11398321e-1,-1.25616229e-1,-2.53613340e-2
9089-3701,2.78541993e0,6.82831550e-1,7.50906779e0,2.37847139e0,5.75759050e0,2.49177065e0,5.46099704e-1,1.39112045e-1
9089-3702,-3.88342410e-1,-2.32757678e-1,-9.12311155e-1,-7.65579252e-1,-5.20383818e-1,-7.31248635e-1,-7.84470476e-2,-5.18785871e-2
9089-3703,-7.85970417e-1,-4.13736721e-1,-1.93400178e0,-1.40503018e0,-1.22207301e0,-1.41151624e0,-1.58861629e-1,-8.80049276e-2
9089-3704,-6.35680922e-2,-3.12379621e-2,-1.45066225e-1,-9.45211202e-2,-7.85935001e-2,-7.65662202e-2,-1.26871273e-2,-7.78026042e-3
9089-6101,-2.10587945e-1,-7.79786715e-2,-5.53949417e-1,-2.77058454e-1,-4.00626959e-1,-2.96996209e-1,-4.21673227e-2,-1.54232190e-2
9089-6102,2.79943327e-1,-1.40990167e-1,9.21875108e-1,-4.63685579e-1,9.45391521e-1,-4.38767343e-1,5.02898997e-2,-3.15878443e-2
9089-6103,-2.57277511e-1,-1.67356378e-1,-6.11665917e-1,-5.69804448e-1,-3.52194279e-1,-5.74633800e-1,-5.26745057e-2,-3.54584261e-2
9089-6104,5.72544982e-1,1.28642229e-1,1.55999060e0,4.54371942e-1,1.21832766e0,4.86384865e-1,1.11926571e-1,2.55665913e-2
9089-9101,-1.44871425e-1,-1.06999364e-1,-2.93441742e-1,-3.10728616e-1,-1.14082732e-1,-2.36538600e-1,-2.78798061e-2,-2.75525441e-2
9089-9102,1.98695830e-2,1.00525041e-1,-5.58091254e-2,2.42984907e-1,-1.48015756e-1,1.37294012e-1,-2.43780400e-3,2.74738511e-2
9090-12702,-1.23112233e-1,1.56612266e-2,-3.65627240e-1,-6.57561966e-2,-2.90451830e-1,-1.53324174e-1,-3.88089680e-2,4.20508707e-3
9090-1902,4.42443393e-1,2.69441713e-1,1.08638959e0,9.32819150e-1,6.76775288e-1,9.66399815e-1,9.00799151e-2,5.55253093e-2
9090-3702,1.01693984e-1,6.14942299e-2,2.19664233e-1,1.95178208e-1,9.36625505e-2,1.72542828e-1,2.11550977e-2,1.44899660e-2
9090-3704,-7.07859474e-1,-2.33693673e-1,-1.87600161e0,-8.16471027e-1,-1.38954575e0,-8.58845608e-1,-1.39933769e-1,-4.73788340e-2
9090-6101,-6.75118141e-1,-5.36047752e-1,-1.41906363e0,-1.69109034e0,-5.80532247e-1,-1.50800597e0,-1.36075500e-1,-1.26033123e-1
9090-6102,-1.14073746e-1,-1.30665011e-2,-3.32204233e-1,-5.61749656e-2,-2.87257420e-1,-7.75226748e-2,-2.18406770e-2,-1.50109313e-3
9090-6104,5.12435351e-1,1.73427231e-1,1.33165484e0,5.84262513e-1,9.56384807e-1,5.80812785e-1,1.01184003e-1,3.73022932e-2
9090-9101,3.28053138e-1,1.71412151e-1,8.40180995e-1,6.02199257e-1,5.77119615e-1,6.38763403e-1,6.59062866e-2,3.44176596e-2
9090-9102,1.99285596e-1,1.00186959e-1,5.04694305e-1,3.48691801e-1,3.38446528e-1,3.64267877e-1,4.01614646e-2,2.04592392e-2
9091-12701,6.00119405e-2,-3.95439553e-2,2.19971530e-1,-1.22245934e-1,2.49932188e-1,-1.01912308e-1,1.03324580e-2,-9.65951291e-3
9091-12702,3.08202647e-3,-1.40900546e-1,1.66886012e-1,-4.23681786e-1,3.31659495e-1,-3.40269872e-1,-1.33083650e-3,-3.52664648e-2
9091-12704,-4.46152423e-1,-2.70486531e-1,-1.05804333e0,-9.06995874e-1,-6.10426936e-1,-8.92393597e-1,-9.08639975e-2,-5.86852948e-2
9091-12705,1.36955650e0,1.63735620e0,2.15174249e0,4.65107146e0,-4.76526419e-2,3.49746530e0,2.42996838e-1,4.22720036e-1
9091-1901,-7.02403137e-1,-4.17996007e-1,-1.67072834e0,-1.39645988e0,-9.75517167e-1,-1.36691759e0,-1.42524610e-1,-9.11461562e-2
9091-1902,8.38650424e-1,2.84127209e-1,2.24824136e0,1.00755993e0,1.69994557e0,1.08496014e0,1.65315723e-1,5.60618591e-2
9091-3701,-4.83907217e-1,-2.21264179e-1,-1.23534645e0,-7.66861480e-1,-8.45425751e-1,-7.95978058e-1,-9.70611921e-2,-4.55078898e-2
9091-3702,5.46994729e-2,5.32566811e-2,6.48351168e-2,8.63781596e-2,-1.21806577e-2,-3.69994052e-2,5.97554245e-3,1.93273447e-2
9091-3703,2.71564083e0,7.85401309e-1,6.99075364e0,2.40183246e0,5.05944613e0,2.05295883e0,5.21646749e-1,1.90319692e-1
9091-6101,-1.09888711e-1,-1.36760242e-1,-2.22870879e-1,-4.73556464e-1,-6.20751111e-2,-4.89960284e-1,-2.39592997e-2,-2.82027469e-2
9091-6104,-2.29813949e-1,-1.14134084e-1,-5.71632452e-1,-3.87684756e-1,-3.71213044e-1,-3.89983997e-1,-4.62315001e-2,-2.42538251e-2
9091-9102,2.62039238e-1,1.74387150e-1,6.11598454e-1,5.86545565e-1,3.36814890e-1,5.78567084e-1,5.38011763e-2,3.77679020e-2
9092-12703,-7.69997111e-1,-5.63984122e-1,-1.69060458e0,-1.81919426e0,-7.93239972e-1,-1.68191509e0,-1.56456635e-1,-1.29078514e-1
9092-12704,-1.58693608e-2,-2.46796506e-1,6.45257360e-2,-8.71164893e-1,2.09792448e-1,-9.31117523e-1,-6.71825434e-3,-4.91216480e-2
9092-3701,1.28073246e0,6.43746677e-1,3.20463418e0,2.20885815e0,2.10115988e0,2.25675789e0,2.58081020e-1,1.34638804e-1
9092-3702,-1.06428495e-1,-3.79320591e-2,-2.62707260e-1,-1.11573464e-1,-1.76758272e-1,-8.73266831e-2,-2.04297921e-2,-9.64600058e-3
9092-6102,-4.23488481e-1,-3.02867430e-1,-9.27483156e-1,-9.63127954e-1,-4.38488506e-1,-8.70491783e-1,-8.52322251e-2,-7.05286180e-2
9092-6104,1.06203167e0,-5.92846954e-2,3.03703515e0,-2.02030252e-1,2.58174009e0,-2.03391401e-1,2.03004769e-1,-1.25645889e-2
9092-9102,-2.07919182e-1,-1.73812140e-1,-4.31269873e-1,-5.62620519e-1,-1.56784092e-1,-5.20763886e-1,-4.32192697e-2,-3.96997981e-2
9093-12701,-1.89563463e-1,-2.36865258e-1,-2.78032795e-1,-6.61943832e-1,4.21580719e-2,-4.79807131e-1,-3.30832553e-2,-6.20667738e-2
9093-12702,-1.26340681e-1,-1.10286556e-1,-2.40700768e-1,-3.13333619e-1,-7.56724773e-2,-2.35222252e-1,-2.29884634e-2,-2.84989606e-2
9093-12703,-4.51294270e-1,-1.06561849e-1,-1.23914045e0,-3.85112653e-1,-9.78399727e-1,-4.26329610e-1,-8.82248100e-2,-2.02906168e-2
9093-12704,1.64083705e-1,2.33924710e-1,2.25949237e-1,6.08449954e-1,-3.32675798e-2,4.09549045e-1,2.03600040e-2,6.17667847e-2
9093-1901,-6.41615078e-1,-2.27024771e-1,-1.69901731e0,-7.96884602e-1,-1.25530225e0,-8.44496066e-1,-1.26974924e-1,-4.56422496e-2
9093-1902,-6.21333175e-1,-2.79399924e-1,-1.58569875e0,-9.63310896e-1,-1.08715197e0,-9.92190388e-1,-1.24373587e-1,-5.79553861e-2
9093-3701,5.27591888e-1,-8.75276810e-2,1.60349195e0,-2.73061112e-1,1.48775767e0,-2.31706152e-1,9.84935046e-2,-2.11452300e-2
9093-3702,-5.94622944e-1,-2.92156620e-1,-1.48236180e0,-9.94301912e-1,-9.66497330e-1,-1.00270185e0,-1.19675999e-1,-6.19183385e-2
9093-6101,2.79437908e-1,5.25301267e-2,7.93946582e-1,2.02115985e-1,6.62685181e-1,2.43833761e-1,5.40339107e-2,8.72583107e-3
9093-6102,6.37186314e-1,4.81799629e-1,1.40214756e0,1.57658581e0,6.52240390e-1,1.49116323e0,1.30671179e-1,1.08241672e-1
9093-6103,-3.88999315e-2,-6.52338213e-2,-1.91899613e-2,-1.23278010e-1,4.88193280e-2,-6.65204118e-3,-1.59383576e-3,-2.13905109e-2
9093-9101,6.74030232e-3,1.33599792e-1,-1.67066802e-1,2.50952981e-1,-2.71114018e-1,1.20285466e-2,-1.10155711e-2,4.38521093e-2
9093-9102,-1.98840354e-1,-8.86556217e-2,-5.06706452e-1,-3.23756268e-1,-3.32370241e-1,-3.49158297e-1,-4.19761785e-2,-1.72770531e-2
9094-12701,-8.05246808e-1,-4.75346524e-1,-1.93163808e0,-1.60354301e0,-1.14644276e0,-1.59350512e0,-1.63754170e-1,-1.02177044e-1
9094-12702,8.62593198e-1,-9.01144672e-2,2.47314653e0,-3.16049034e-1,2.11206800e0,-3.34196520e-1,1.64612782e-1,-1.81540661e-2
9094-12703,-1.28665157e-1,-9.15561567e-2,-2.83435365e-1,-2.29141835e-1,-1.77762858e-1,-1.53105358e-1,-1.79327763e-2,-2.43246051e-2
9094-12704,-3.32448491e-1,-1.38058451e-1,-8.82831946e-1,-4.90648875e-1,-6.54506774e-1,-5.30120939e-1,-6.58499995e-2,-2.71295861e-2
9094-12705,-5.13806630e-1,-3.71950833e-1,-1.12398338e0,-1.18852082e0,-5.26039076e-1,-1.08201772e0,-1.03844745e-1,-8.61430282e-2
9094-1901,3.89000584e0,8.49908175e-1,1.06740123e1,3.03601320e0,8.43746283e0,3.30706276e0,7.58823454e-1,1.65371729e-1
9094-1902,9.73229965e-1,8.77135106e-1,2.00334638e0,2.87581645e0,6.89106116e-1,2.72193755e0,2.03914362e-1,1.96805059e-1
9094-3702,3.64292406e-1,-3.63372263e-2,1.04891705e0,-1.26638861e-1,9.02169481e-1,-1.32460815e-1,6.93582337e-2,-7.40671811e-3
9094-6101,4.72573225e-1,8.96593989e-2,1.35593955e0,3.62078088e-1,1.14079615e0,4.58841267e-1,9.19741164e-2,1.32827487e-2
9094-6103,6.77036838e-1,-5.01571413e-2,1.95444105e0,-1.68010119e-1,1.68650608e0,-1.64023639e-1,1.28871495e-1,-1.09343961e-2
9094-9101,-5.89657413e-1,-1.39235402e-1,-1.61912067e0,-4.98652180e-1,-1.28134626e0,-5.45386393e-1,-1.15001207e-1,-2.69558474e-2
9095-12701,-3.95112177e-1,-1.91801468e-1,-9.83237450e-1,-6.52424107e-1,-6.37636892e-1,-6.56888002e-1,-7.96499720e-2,-4.07016078e-2
9095-12702,1.17578519e-1,2.91134530e-2,3.64547148e-1,1.73610601e-1,3.06994447e-1,2.77910603e-1,2.65892698e-2,-4.22309971e-4
9095-12703,5.34220585e-2,-1.23109677e-2,1.89414355e-1,-1.12269939e-2,1.96166544e-1,3.40988601e-2,1.08109200e-2,-5.46506122e-3
9095-12705,1.44314627e-1,2.50451725e-1,1.70178910e-1,6.07947892e-1,-7.18783844e-2,3.83626359e-1,7.45082643e-3,6.32311910e-2
9095-1901,-5.83575431e-1,-2.08152269e-1,-1.54760525e0,-7.33268725e-1,-1.14579428e0,-7.81300809e-1,-1.15516821e-1,-4.15823873e-2
9095-1902,9.90035293e-1,4.61071162e-1,2.54009641e0,1.60803968e0,1.75518266e0,1.68601968e0,1.98442120e-1,9.37939331e-2
9095-3701,1.08089604e0,5.15428326e-1,2.73742816e0,1.77628989e0,1.84418522e0,1.82793227e0,2.17017196e-1,1.07005670e-1
9095-3702,1.50453061e0,2.91744821e-1,4.15010131e0,1.04641218e0,3.31139183e0,1.14669554e0,2.92862915e-1,5.63316262e-2
9095-3703,-3.37568471e-1,-2.49140190e-1,-7.85373300e-1,-8.52269105e-1,-4.22283657e-1,-8.65751658e-1,-6.97937777e-2,-5.23950757e-2
9095-3704,-1.20682551e-1,-4.28422211e-2,-3.23311180e-1,-1.52548241e-1,-2.43897898e-1,-1.65292221e-1,-2.38182134e-2,-8.38906378e-3
9095-6102,8.56753076e-1,2.32130021e-1,2.31998170e0,8.22643675e-1,1.78950356e0,8.85005714e-1,1.68069213e-1,4.58553424e-2
9095-6103,1.52890647e-1,2.16329805e-2,4.44164043e-1,8.82827690e-2,3.84038995e-1,1.14210509e-1,2.92990902e-2,3.07321379e-3
9095-6104,-5.84270672e-1,-2.55680166e-1,-1.49740945e0,-8.83477095e-1,-1.03540518e0,-9.13033678e-1,-1.16853768e-1,-5.28428607e-2
9095-9101,-3.82386941e-1,-3.77236842e-1,-6.98365806e-1,-1.03418849e0,-2.01787456e-1,-7.47801950e-1,-6.27511699e-2,-9.84215772e-2
9095-9102,4.06201094e-1,3.04951037e-1,9.03961107e-1,1.00618209e0,4.34128383e-1,9.64918762e-1,8.34304297e-2,6.77141018e-2
9181-12701,6.37715664e-2,1.00467414e-1,7.90808545e-2,3.02256455e-1,-5.15831591e-2,2.50332941e-1,1.25005865e-2,2.47605153e-2
9181-12702,-2.78849537e-1,-5.90869422e-2,-7.70684093e-1,-2.12298689e-1,-6.17291858e-1,-2.33387591e-1,-5.42127278e-2,-1.13660019e-2
9181-12703,1.44859489e-2,6.51849035e-2,-1.69387448e-2,2.17009365e-1,-9.33386404e-2,2.09867681e-1,4.42473749e-3,1.43372812e-2
9181-12705,-3.58915398e-2,-1.40585594e-2,-8.38645783e-2,-4.91970713e-2,-4.53588696e-2,-4.31340896e-2,-8.31118485e-3,-3.56417239e-3
9181-1901,1.67749119e0,4.79280135e-1,4.46327333e0,1.65923668e0,3.33787623e0,1.72092709e0,3.30506249e-1,9.87006948e-2
9181-3701,-7.24154278e-1,-3.90558334e-1,-1.78167495e0,-1.32928155e0,-1.12518468e0,-1.34075578e0,-1.46390224e-1,-8.27596315e-2
9181-3703,-4.36195082e-1,-2.21928468e-1,-1.07726963e0,-7.51286387e-1,-6.88192958e-1,-7.51164690e-1,-8.79225968e-2,-4.74323989e-2
9181-3704,-6.85421842e-1,-1.90248045e-1,-1.85881544e0,-6.76660015e-1,-1.43722288e0,-7.32045526e-1,-1.34428564e-1,-3.73279270e-2
9181-6102,-2.91403792e-1,-1.72021288e-1,-6.74366857e-1,-5.52226536e-1,-3.74320216e-1,-5.06265914e-1,-5.84657292e-2,-3.96257115e-2
9181-6103,8.40124384e-2,-9.11641887e-2,2.93375908e-1,-3.13751544e-1,3.22026995e-1,-3.21963462e-1,1.44866421e-2,-1.89765133e-2
9181-9101,-7.55173080e-1,-4.76394295e-1,-1.77678023e0,-1.59464236e0,-1.00466711e0,-1.56528608e0,-1.53920903e-1,-1.03601215e-1
9181-9102,1.36641523e-1,1.13825205e-1,3.00984361e-1,4.30135856e-1,1.02065398e-1,4.68214996e-1,3.40579189e-2,2.17884114e-2
9182-12701,3.67502985e-1,-2.13540975e-1,1.13498835e0,-7.52015694e-1,1.08355389e0,-8.00687932e-1,6.74100289e-2,-4.26895334e-2
9182-12703,-5.31412874e-1,-4.03734421e-1,-1.12768051e0,-1.25454888e0,-4.91030702e-1,-1.09381473e0,-1.05367822e-1,-9.64250209e-2
9182-12704,-3.37541912e-1,-1.40360152e-1,-9.07304593e-1,-5.14329478e-1,-6.80721536e-1,-5.78536119e-1,-6.73490895e-2,-2.60814369e-2
9182-12705,-6.10436927e-1,-3.75105949e-1,-1.44068549e0,-1.25274368e0,-8.22885723e-1,-1.22516179e0,-1.24192193e-1,-8.18507519e-2
9182-1902,-3.30097811e-1,-1.56575731e-1,-8.42229106e-1,-5.44183118e-1,-5.75293727e-1,-5.67425395e-1,-6.62589880e-2,-3.20458868e-2
9182-3701,-2.26645405e-1,-1.31398765e-1,-5.32824215e-1,-4.32516143e-1,-3.03014734e-1,-4.12516587e-1,-4.59672178e-2,-2.93030660e-2
9182-3702,1.95970531e0,6.53591347e-3,5.53097609e0,2.90919350e-2,4.60000126e0,4.16431289e-2,3.76934272e-1,6.61103362e-4
9182-3703,3.17333820e-1,1.01484538e-1,8.58461505e-1,3.61621865e-1,6.60523693e-1,3.92390792e-1,6.23146184e-2,1.98406302e-2
9182-6103,1.81075951e-1,4.27706896e-2,4.95067312e-1,1.52175463e-1,3.88893871e-1,1.64766212e-1,3.53646334e-2,8.38493861e-3
9182-6104,-4.12894617e-1,-2.77910106e-1,-9.85348880e-1,-9.54612071e-1,-5.70326023e-1,-9.76484716e-1,-8.47261821e-2,-5.80384131e-2
9182-9102,-6.81974742e-1,-4.13077413e-1,-1.61658582e0,-1.38288352e0,-9.33002744e-1,-1.35754885e0,-1.38744911e-1,-8.98204698e-2
9183-12701,4.18899104e0,1.10383322e0,1.11118499e1,3.76288865e0,8.27995122e0,3.80736964e0,8.24468709e-1,2.33232214e-1
9183-12703,2.65856313e-1,2.47633967e-1,4.91899185e-1,6.43453439e-1,1.71498655e-1,4.19454280e-1,4.06000755e-2,6.69090557e-2
9183-12704,-4.92368561e-2,-1.13167006e-1,4.24416319e-3,-2.92877183e-1,1.50050680e-1,-1.71781279e-1,-7.09256167e-3,-3.18304957e-2
9183-1901,5.55440210e0,1.91507542e0,1.47396064e1,6.72341096e0,1.09376947e1,7.12718183e0,1.09819266e0,3.84889977e-1
9183-3702,9.63545118e-1,5.96422204e-1,2.32860093e0,2.04502549e0,1.39667401e0,2.08544689e0,1.96769872e-1,1.24943022e-1
9183-3704,-8.42303436e-1,-3.11737002e-1,-2.22346980e0,-1.09562979e0,-1.63131943e0,-1.16312597e0,-1.67008552e-1,-6.25393717e-2
9183-6102,8.89222458e0,1.81337620e0,2.42788155e1,6.40769846e0,1.90312106e1,6.86268976e0,1.73709552e0,3.60143692e-1
9183-6103,5.62547406e0,6.32745393e-1,1.56574845e1,2.26682133e0,1.27062949e1,2.48079507e0,1.08956536e0,1.22413040e-1
9183-9101,2.94797725e-1,1.52737388e-1,7.61433232e-1,5.57105964e-1,5.18986143e-1,6.16122922e-1,6.07058773e-2,2.89400464e-2
9184-12705,2.24572396e-1,5.62809872e-2,6.19208912e-1,2.09255972e-1,4.88885228e-1,2.38562236e-1,4.42911930e-2,1.02270045e-2
9184-1901,-8.99688508e-1,-3.05277189e-1,-2.39287310e0,-1.07471514e0,-1.78248718e0,-1.14399771e0,-1.77827949e-1,-6.10556529e-2
9184-1902,9.08688113e0,2.50221249e0,2.45489008e1,8.85292581e0,1.88527540e1,9.49885455e0,1.78428930e0,4.95835748e-1
9184-3701,6.90592719e-1,5.98548568e-1,1.41840018e0,1.90847440e0,5.15530760e-1,1.73172443e0,1.40822062e-1,1.38966035e-1
9184-3702,5.09659790e0,6.66260854e-1,1.41770888e1,2.39285444e0,1.14912196e1,2.62881462e0,9.87550307e-1,1.28269821e-1
9184-3703,-2.21960712e-1,1.06990709e-1,-7.79075557e-1,3.19263451e-1,-8.46944757e-1,2.45311471e-1,-3.93485361e-2,2.72864167e-2
9184-3704,-2.58899561e-2,1.17325301e-1,-2.15761712e-1,3.30235140e-1,-3.40968972e-1,2.34026004e-1,-5.01656640e-3,3.11140170e-2
9184-6102,-4.58700171e-1,-2.02391854e-1,-1.17348555e0,-6.96068839e-1,-8.10443521e-1,-7.15270136e-1,-9.15341976e-2,-4.21053972e-2
9184-6103,-2.59100763e-1,-8.28467297e-2,-6.96276146e-1,-2.95974372e-1,-5.27496619e-1,-3.21860226e-1,-5.11629228e-2,-1.61363998e-2
9184-6104,-4.31092656e-1,-3.72648862e-1,-8.51566651e-1,-1.14544292e0,-2.69123856e-1,-9.73124140e-1,-8.63749171e-2,-9.04422868e-2
9184-9102,1.62375858e-1,2.45511936e-1,2.14736369e-1,7.64247327e-1,-1.23127916e-1,6.61324533e-1,3.46229838e-2,5.88539039e-2
9185-12702,-2.82132486e-1,-4.50242504e-1,-2.99443952e-1,-1.34790750e0,3.47555203e-1,-1.07860343e0,-5.90782335e-2,-1.12967037e-1
9185-12703,-2.18859231e-1,-1.98024043e-1,-4.91605590e-1,-6.83570373e-1,-2.32572262e-1,-7.04568016e-1,-4.59805001e-2,-4.10218033e-2
9185-12704,2.88109504e-1,-2.42379121e-1,1.09924318e0,-7.32901280e-1,1.27218248e0,-5.92126453e-1,5.09089500e-2,-6.04199603e-2
9185-1902,4.05943536e-2,6.95090911e-2,5.67618240e-2,2.30381007e-1,-3.02203727e-2,2.21844178e-1,9.26076361e-3,1.53636986e-2
9185-3701,1.09177319e0,-2.36910372e-3,3.08818178e0,-4.22806475e-3,2.57817426e0,2.74915273e-3,2.09759840e-1,-9.11647360e-4
9185-3702,7.25064454e-1,3.15142814e-1,1.86685222e0,1.09322245e0,1.30281935e0,1.13689505e0,1.44870223e-1,6.46964465e-2
9185-3703,-8.85913338e-2,-1.32376368e-1,-1.47710363e-1,-4.47053420e-1,1.76329931e-2,-4.44084099e-1,-1.99506063e-2,-2.84405810e-2
9185-6101,4.46069461e-1,9.92602717e-2,1.21411870e0,3.50444673e-1,9.46132243e-1,3.74769197e-1,8.72643628e-2,1.97465612e-2
9185-6102,-1.28523103e-1,-1.27996832e-2,-3.83080524e-1,-7.55753064e-2,-3.31018187e-1,-1.21760459e-1,-2.60206695e-2,1.62109736e-4
9185-6103,7.99763096e-1,-8.80422528e-2,2.38846837e0,-2.58724659e-1,2.15697641e0,-1.91747881e-1,1.51044988e-1,-2.28342038e-2
9185-6104,-2.93490947e-1,-2.73233162e-1,-5.48350133e-1,-8.26879289e-1,-1.23497501e-1,-6.81010582e-1,-5.86522097e-2,-6.75373472e-2
9185-9101,6.40765622e-1,-8.65602189e-2,2.06269816e0,-1.24467587e-1,1.99345234e0,1.35661529e-1,1.23840867e-1,-3.45942102e-2
9185-9102,4.75302983e-1,1.70335658e-2,1.43639825e0,1.38105451e-1,1.29625983e0,2.67331181e-1,9.17051783e-2,-4.27508246e-3
9186-12701,-6.98117208e-1,-3.85457528e-1,-1.70417009e0,-1.30652688e0,-1.05698801e0,-1.30897152e0,-1.41321343e-1,-8.22191945e-2
9186-12704,-3.06989134e-1,-2.41022901e-1,-6.58342032e-1,-7.74349389e-1,-2.85025176e-1,-7.13971270e-1,-6.22474577e-2,-5.52870250e-2
9186-1901,-7.29034891e-1,-4.61948357e-1,-1.70543336e0,-1.53934873e0,-9.50948285e-1,-1.49972350e0,-1.48593276e-1,-1.01144284e-1
9186-1902,1.42016971e0,7.14899743e-1,3.55967536e0,2.45814218e0,2.34183886e0,2.52015121e0,2.86147643e-1,1.48990458e-1
9186-3703,-1.17247873e-2,-6.47917071e-2,5.90622441e-2,-1.72572866e-1,1.53263454e-1,-1.01547650e-1,-2.42713619e-3,-1.82724783e-2
9186-3704,8.60561338e-1,5.66422739e-1,1.94438957e0,1.82891828e0,1.00037332e0,1.69177636e0,1.74196747e-1,1.29562243e-1
9186-6101,-3.43118068e-1,-9.62754246e-2,-9.24262052e-1,-3.39770488e-1,-7.06005990e-1,-3.63131201e-1,-6.74439409e-2,-1.91666146e-2
9186-6102,-3.62125548e-1,-2.21359194e-1,-8.44142527e-1,-7.29207304e-1,-4.69183393e-1,-6.97072365e-1,-7.35368612e-2,-4.92815599e-2
9186-6104,9.70878173e-2,-4.62099486e-2,3.60189093e-1,-1.16412637e-1,4.03391621e-1,-5.07856577e-2,1.76646392e-2,-1.38740561e-2
9186-9101,-1.73160851e-1,-1.11781731e-2,-4.79642180e-1,-3.63385784e-2,-3.87394628e-1,-3.38517530e-2,-3.34757157e-2,-2.54049639e-3
9186-9102,-5.06394539e-1,-2.26699167e-1,-1.29880356e0,-7.87705422e-1,-8.97569882e-1,-8.20936897e-1,-1.01445133e-1,-4.64209757e-2
9187-12701,4.58214374e-2,2.69855932e-3,1.51126389e-1,2.53650734e-2,1.50382418e-1,5.17765742e-2,8.73722578e-3,-1.03170869e-3
9187-12705,-4.17153665e-1,-3.92624188e-1,-7.77195423e-1,-1.15194824e0,-1.99962436e-1,-9.09479039e-1,-7.90627561e-2,-9.93679923e-2
9187-1901,2.93002839e0,8.92449044e-1,7.92524505e0,3.17730743e0,6.09602115e0,3.44272991e0,5.75420875e-1,1.74775460e-1
9187-1902,5.84257342e0,1.07757135e0,1.61524976e1,3.86432537e0,1.29457370e1,4.23538723e0,1.13563173e0,2.08069559e-1
9187-3701,-6.45924576e-1,-4.61132461e-1,-1.45445141e0,-1.52461406e0,-7.23663379e-1,-1.46550211e0,-1.32666729e-1,-1.02158867e-1
9187-3702,-8.22572218e-1,-4.95911384e-1,-1.96380661e0,-1.67062408e0,-1.15172783e0,-1.65667781e0,-1.67405471e-1,-1.06815543e-1
9187-3704,-5.19855108e-1,-2.81295665e-1,-1.25699119e0,-9.34282070e-1,-7.70206346e-1,-9.07112502e-1,-1.04550058e-1,-6.18169431e-2
9187-6101,1.82209172e0,3.71991068e-1,5.02908300e0,1.33691935e0,4.01690880e0,1.46989710e0,3.54589826e-1,7.15326692e-2
9187-6103,-5.14736393e-1,-3.07627154e-1,-1.25497123e0,-1.05588857e0,-7.70773625e-1,-1.07898950e0,-1.04756378e-1,-6.43177080e-2
9187-6104,-6.60980309e-1,-3.74214912e-1,-1.59297922e0,-1.25654650e0,-9.60289171e-1,-1.23988756e0,-1.33899225e-1,-8.09901683e-2
9187-9101,1.50872708e-1,9.48072429e-2,3.50834198e-1,3.17034632e-1,1.90600985e-1,3.09975433e-1,3.09806646e-2,2.06757587e-2
9187-9102,-6.50673270e-1,-4.58429428e-1,-1.44549987e0,-1.47471621e0,-7.09478687e-1,-1.35950977e0,-1.31409001e-1,-1.05180902e-1
9188-12702,-2.41997153e-1,-1.84140239e-1,-5.03816507e-1,-5.25024353e-1,-2.34460458e-1,-4.02849365e-1,-4.33931753e-2,-4.72166395e-2
9188-12704,-4.97632404e-1,-3.56883841e-1,-1.12369268e0,-1.19308469e0,-5.55874138e-1,-1.16451361e0,-1.03148238e-1,-7.79440804e-2
9188-1902,2.69314950e0,8.79183109e-1,7.11831439e0,3.05468381e0,5.24994470e0,3.18586970e0,5.32404143e-1,1.79956151e-1
9188-3701,-7.93565466e-1,-2.95767763e-1,-2.07849104e0,-1.03046170e0,-1.50307702e0,-1.07898142e0,-1.57612109e-1,-6.02653907e-2
9188-3702,4.15601573e0,5.56544933e-1,1.15416686e1,1.99050687e0,9.32957363e0,2.17295281e0,8.05751094e-1,1.08014869e-1
9188-3703,-8.43863374e-1,-3.77696187e-1,-2.15414341e0,-1.30258953e0,-1.47728782e0,-1.34208262e0,-1.68944402e-1,-7.83133732e-2
9188-3704,1.83071535e0,6.59333579e-1,4.85788458e0,2.32362796e0,3.60140810e0,2.47769886e0,3.62252766e-1,1.31606440e-1
9188-6101,1.03738482e0,8.57688984e-2,2.89674813e0,3.07920502e-1,2.36435220e0,3.38087521e-1,2.00609508e-1,1.65246351e-2
9188-6102,3.66404681e-1,2.19690305e-1,8.76914964e-1,7.37675324e-1,5.19980329e-1,7.28638990e-1,7.42589970e-2,4.75169564e-2
9188-6103,1.08075592e0,6.52068839e-1,2.58897268e0,2.20292924e0,1.53064172e0,2.19502194e0,2.19886212e-1,1.39819162e-1
9188-6104,3.52789305e-1,5.64032301e-2,9.92053932e-1,2.09123007e-1,8.17680725e-1,2.40498898e-1,6.81768872e-2,1.01798990e-2
9188-9101,-5.53667044e-2,-8.80620677e-3,-1.64086894e-1,-6.86181769e-3,-1.58171796e-1,-9.01677380e-4,-6.24931495e-3,-1.50234682e-3
9188-9102,-3.45886897e-1,-1.97320074e-1,-8.36572998e-1,-6.66487283e-1,-5.07446558e-1,-6.64013828e-1,-7.01445179e-2,-4.23173562e-2
9189-12701,-1.29951235e-1,1.99631218e-1,-6.58737260e-1,5.43480299e-1,-8.91484758e-1,3.35290920e-1,-2.27078773e-2,5.55123593e-2
9189-1901,8.41956151e-1,5.77469341e-1,1.90879125e0,1.91880867e0,9.61755958e-1,1.85605395e0,1.73674255e-1,1.27149565e-1
9189-1902,9.43784071e-3,-5.89226152e-2,7.82004656e-2,-1.92892062e-1,1.33140557e-1,-1.81936938e-1,6.21521873e-4,-1.32550488e-2
9189-3701,1.81315673e0,2.97065268e-1,4.99829719e0,1.05560302e0,3.98708138e0,1.14045815e0,3.52729350e-1,5.83856972e-2
9189-3703,-4.17663049e-1,-1.89855493e-1,-1.11133860e0,-6.77070443e-1,-8.26989397e-1,-7.35583362e-1,-8.26797854e-2,-3.70604227e-2
9189-3704,-5.36312429e-1,-3.93458448e-1,-1.17656255e0,-1.27028931e0,-5.49374721e-1,-1.17546007e0,-1.09145467e-1,-8.99797792e-2
9189-6103,5.98796839e0,1.89840160e0,1.59553284e1,6.66352555e0,1.19357843e1,7.06034369e0,1.18202053e0,3.81715366e-1
9189-6104,3.07187219e-3,1.52328356e-1,-1.75202989e-1,4.29667281e-1,-3.53945524e-1,3.05757255e-1,5.72529715e-4,4.03270022e-2
9189-9101,-6.09448865e-1,-4.51185685e-1,-1.33658103e0,-1.46136464e0,-6.21047514e-1,-1.35948794e0,-1.24291690e-1,-1.02745388e-1
9190-12701,-7.75277134e-1,-4.11100810e-1,-1.90830721e0,-1.39665148e0,-1.20721645e0,-1.40445422e0,-1.56632865e-1,-8.73710456e-2
9190-12704,2.76484480e-2,5.54776045e-2,1.92070058e-2,1.68286215e-1,-5.47196914e-2,1.38618071e-1,5.93875766e-3,1.37476521e-2
9190-1901,-6.50739584e-1,-1.95429161e-1,-1.74976650e0,-6.91318356e-1,-1.33131623e0,-7.41506279e-1,-1.28067199e-1,-3.87400340e-2
9190-1902,4.77903403e0,1.91206453e0,1.24618835e1,6.68154005e0,8.91906940e0,7.02775520e0,9.51778395e-1,3.87610612e-1
9190-3701,5.92751746e-1,7.45195956e-2,1.65739781e0,2.71292995e-1,1.35487390e0,3.04103366e-1,1.14652277e-1,1.39657913e-2
9190-3702,7.39135704e-2,1.83472613e-2,2.15556772e-1,7.57949151e-2,1.84715317e-1,9.84723627e-2,1.44192796e-2,2.54446132e-3
9190-3703,-4.14136252e-1,-2.45356848e-1,-9.69873107e-1,-7.97196219e-1,-5.54073553e-1,-7.47740186e-1,-8.30533341e-2,-5.55435079e-2
9190-3704,-1.06881505e-1,-5.17786973e-2,-2.48053860e-1,-1.31422974e-1,-1.61648219e-1,-7.71754890e-2,-1.83338154e-2,-1.45995736e-2
9190-6101,-3.27084577e-1,3.17697130e-2,-1.02196543e0,6.41430206e-2,-9.75479633e-1,-1.03225583e-2,-6.10539646e-2,1.12496537e-2
9190-6103,3.48614295e-1,1.68123778e0,-1.24924957e0,4.54337319e0,-3.52336319e0,2.83108450e0,6.61230130e-2,4.66642230e-1
9190-6104,2.76547977e0,9.72358119e-1,7.25106631e0,3.36835688e0,5.26323857e0,3.49617445e0,5.48251695e-1,2.00060409e-1
9190-9101,-1.01734748e-1,1.14386127e-2,-3.06936932e-1,4.86273901e-2,-2.92568029e-1,5.28769467e-2,-1.72745538e-2,2.10962715e-3
9190-9102,-3.75130024e-1,-1.22201754e-1,-1.01964007e0,-4.58356042e-1,-7.75928810e-1,-5.26380644e-1,-7.52823786e-2,-2.18759018e-2
9191-12702,-3.28418532e-1,-1.67313392e-1,-8.26400945e-1,-5.78087718e-1,-5.47767117e-1,-5.97186848e-1,-6.61688926e-2,-3.45901467e-2
9191-12703,1.06906552e-1,7.38172387e-2,2.53302892e-1,2.51636760e-1,1.44814016e-1,2.54588170e-1,2.18689722e-2,1.55970656e-2
9191-12704,-3.15046053e-1,-1.73287963e-1,-7.62287749e-1,-5.80837051e-1,-4.64666600e-1,-5.71291519e-1,-6.37151148e-2,-3.76139006e-2
9191-3701,-1.12430070e-1,-1.77594729e-2,-3.09441011e-1,-6.22111486e-2,-2.46541655e-1,-6.58056704e-2,-2.18485982e-2,-3.58058921e-3
9191-3702,-3.35549965e-1,-2.71599622e-1,-6.96773854e-1,-8.59337934e-1,-2.67202667e-1,-7.67422936e-1,-6.82801749e-2,-6.37624826e-2
9191-3703,-1.58560628e-1,-5.49417244e-2,-4.23400934e-1,-1.92246118e-1,-3.19259688e-1,-2.03343685e-1,-3.11471216e-2,-1.10858587e-2
9191-3704,2.80713277e-1,3.13064737e-1,5.41430390e-1,1.04668560e0,1.10681816e-1,1.02240983e0,6.06757987e-2,6.83176999e-2
9191-6101,5.12024360e-2,9.79747471e-2,4.72112556e-2,2.87973118e-1,-6.85504409e-2,2.30990218e-1,9.25292017e-3,2.45670667e-2
9191-6102,-4.10811697e-1,-2.01630629e-1,-1.02998030e0,-6.96944203e-1,-6.74019077e-1,-7.17170615e-1,-8.32964923e-2,-4.17982650e-2
9191-6104,2.61705888e0,3.28810968e-1,7.26864029e0,1.17289295e0,5.87777004e0,1.27528438e0,5.07260491e-1,6.41381395e-2
9191-9101,-4.35163333e-1,-2.89247757e-1,-9.87156096e-1,-9.41136650e-1,-5.11273456e-1,-8.82034020e-1,-8.83235791e-2,-6.54794982e-2
9192-12701,-4.35630263e-1,-3.79700878e-1,-8.90409462e-1,-1.21946758e0,-3.08138752e-1,-1.11622369e0,-8.99327213e-2,-8.75238985e-2
9192-12703,3.17317499e-1,2.90432248e-1,6.34253116e-1,9.19370248e-1,2.03883390e-1,8.25115701e-1,6.45034699e-2,6.79755268e-2
9192-12705,-5.48377186e-1,-1.90282213e-1,-1.45462731e0,-6.70084667e-1,-1.07734265e0,-7.13503209e-1,-1.08553251e-1,-3.80393796e-2
9192-1901,-2.53851414e-1,-6.78489703e-2,-6.82967076e-1,-2.37048879e-1,-5.21525702e-1,-2.49551285e-1,-4.98226171e-2,-1.37486955e-2
9192-1902,2.42662345e-1,9.08325744e-2,6.41433063e-1,3.19635129e-1,4.71912526e-1,3.40034423e-1,4.80859146e-2,1.81799812e-2
9192-3701,2.44931808e0,6.65738206e-1,6.58384273e0,2.33060992e0,5.01594936e0,2.46049589e0,4.81190390e-1,1.34450593e-1
9192-3702,3.04542161e0,1.15929106e0,7.93964113e0,4.02341239e0,5.69162060e0,4.18803259e0,6.05440211e-1,2.37773273e-1
9192-3703,2.62977802e-1,3.08796712e-1,4.30839484e-1,9.44474802e-1,-1.67637453e-2,7.94343318e-1,5.35517037e-2,7.53825024e-2
9192-3704,-3.37869991e-1,-4.00240565e-3,-1.02184809e0,-6.27805059e-2,-9.27761169e-1,-1.43627931e-1,-6.46362366e-2,4.06316834e-3
9192-6101,-1.07341522e-1,3.11745253e-2,-3.64798424e-1,7.13002419e-2,-3.73942616e-1,1.74725698e-2,-2.04037077e-2,9.98434320e-3
9192-6102,-6.71979853e-1,-3.25567689e-1,-1.70326513e0,-1.12513101e0,-1.14864193e0,-1.16297434e0,-1.34976977e-1,-6.72726985e-2
9192-6103,6.16647803e0,3.49471763e-1,1.72746098e1,1.25885384e0,1.41809782e1,1.38950641e0,1.19051991e0,6.68813688e-2
9192-6104,-3.04321311e-1,-1.33630102e-1,-7.62100674e-1,-4.41608250e-1,-5.09988495e-1,-4.26993290e-1,-6.02708050e-2,-2.95037313e-2
9192-9101,-4.49540113e-1,-3.45308039e-1,-9.51087021e-1,-1.06943106e0,-4.12797941e-1,-9.28028024e-1,-8.87717128e-2,-8.27507392e-2
9192-9102,1.33721859e0,6.12181920e-1,3.41485224e0,2.11952423e0,2.34056279e0,2.19702267e0,2.67997671e-1,1.26108768e-1
9193-12702,-4.24049959e-1,-4.52640158e-1,-7.20158944e-1,-1.23953855e0,-1.17002986e-1,-8.79111166e-1,-7.06072878e-2,-1.19399759e-1
9193-12703,7.61241930e-2,1.11138846e-1,1.23188539e-1,3.66607421e-1,-1.86948043e-2,3.50908388e-1,1.67607630e-2,2.47071186e-2
9193-12705,-2.93424624e-1,-1.50886938e-1,-7.04249750e-1,-4.92600118e-1,-4.25667153e-1,-4.63436385e-1,-5.89495716e-2,-3.40394569e-2
9193-1901,4.45484832e-1,4.36669390e-1,9.36749948e-1,1.48367478e0,3.36963664e-1,1.48900988e0,9.50039648e-2,9.29045327e-2
9193-3701,-2.64239613e-1,-1.45301538e-1,-6.35361387e-1,-4.84180113e-1,-3.81979085e-1,-4.71688874e-1,-5.34400508e-2,-3.18158965e-2
9193-3702,3.86271093e0,1.26091005e0,1.02329729e1,4.40195436e0,7.57342139e0,4.62468015e0,7.63714476e-1,2.55984799e-1
9193-3703,4.00714562e0,6.36048400e-1,1.11112597e1,2.28593317e0,8.95193830e0,2.51311680e0,7.77923095e-1,1.22316960e-1
9193-6101,-1.40794422e-1,1.19406873e-1,-5.49702615e-1,3.58169388e-1,-6.50618381e-1,2.81688580e-1,-2.43099579e-2,3.01536625e-2
9193-6102,-4.66325815e-1,-3.60412877e-1,-9.90266612e-1,-1.13364151e0,-4.24831465e-1,-1.00797274e0,-9.33915198e-2,-8.49238999e-2
9193-6103,6.60141990e-1,1.12449929e-1,1.84668601e0,4.17866314e-1,1.50530355e0,4.80287413e-1,1.28215065e-1,2.02635631e-2
9193-6104,-5.71583559e-1,-4.23830757e-1,-1.24132591e0,-1.35306271e0,-5.67211161e-1,-1.23029422e0,-1.15547006e-1,-9.82541761e-2
9193-9101,5.21308056e-1,3.09058860e-1,1.23805472e0,1.02787018e0,7.22528390e-1,9.99623434e-1,1.05515407e-1,6.78048508e-2
9193-9102,-6.23618491e-1,-4.56523474e-1,-1.36169246e0,-1.45792404e0,-6.34718330e-1,-1.32762862e0,-1.25824572e-1,-1.05722638e-1
9194-12702,-2.64280307e-1,-2.36049495e-1,-5.33268762e-1,-7.25648069e-1,-1.95800709e-1,-6.29157441e-1,-5.11636952e-2,-5.65669248e-2
9194-12704,-5.75166485e-2,2.01145933e-2,-2.00368476e-1,2.18269716e-2,-1.93431476e-1,-3.16108384e-2,-1.40843899e-2,7.55790859e-3
9194-12705,-2.13778890e-1,-1.43548521e-1,-4.82048209e-1,-4.43198204e-1,-2.62216086e-1,-3.91165420e-1,-4.07885729e-2,-3.40643633e-2
9194-1902,2.37232109e0,1.01323772e0,6.03891061e0,3.45840185e0,4.12929328e0,3.50573631e0,4.74077533e-1,2.13673146e-1
9194-3701,8.53632578e0,4.39638790e-1,2.39339461e1,1.58606266e0,1.96775999e1,1.75485088e0,1.64733040e0,8.38800069e-2
9194-6102,4.86165118e-1,6.82201452e-1,6.72738876e-1,2.07072792e0,-2.75275966e-1,1.71822372e0,9.92620280e-2,1.67930958e-1
9194-6103,7.79187701e-1,4.70346134e-1,1.87575906e0,1.58908589e0,1.12670604e0,1.58589227e0,1.57917011e-1,1.00751139e-1
9194-6104,1.82021201e-3,1.00708065e-1,-1.16123779e-1,2.59915195e-1,-2.17613510e-1,1.57961643e-1,-2.65224909e-3,2.78984148e-2
9194-9101,-6.97284438e-1,-1.91505874e-1,-1.89031765e0,-6.80624743e-1,-1.46067976e0,-7.35464095e-1,-1.36769366e-1,-3.76283549e-2
9194-9102,-5.65807923e-1,-2.95993810e-1,-1.37593608e0,-9.86920326e-1,-8.52232284e-1,-9.63161501e-1,-1.13951265e-1,-6.47250589e-2
9195-12701,-1.02519342e-1,-1.47272666e-1,-1.65627095e-1,-4.86823364e-1,2.74533430e-2,-4.66612882e-1,-2.27793003e-2,-3.26813787e-2
9195-12702,4.08749960e-2,-5.98823840e-2,2.29277771e-1,-1.14359514e-1,3.01230080e-1,9.73188624e-3,1.02563351e-2,-2.05965989e-2
9195-12703,-1.58517248e-1,-1.11160730e-1,-3.45949979e-1,-3.53995611e-1,-1.59878549e-1,-3.19031988e-1,-3.21935845e-2,-2.59257738e-2
9195-12705,-2.12339975e-1,-2.64246968e-2,-6.35307655e-1,-1.33939842e-1,-5.60805955e-1,-2.04590678e-1,-4.15906336e-2,-1.29930810e-3
9195-3701,3.60240125e0,8.16262829e-1,9.78684350e0,2.87731742e0,7.60120956e0,3.06985846e0,7.05190280e-1,1.62840701e-1
9195-3702,6.93211260e-1,1.14546147e-1,1.92776856e0,4.13347786e-1,1.56125872e0,4.57410981e-1,1.34385620e-1,2.18467134e-2
9195-3703,-6.42018968e-1,-3.01260494e-1,-1.63030315e0,-1.04027409e0,-1.10395275e0,-1.07366473e0,-1.28881800e-1,-6.23435154e-2
9195-3704,8.43383937e-1,4.71855045e-1,2.08220930e0,1.62165860e0,1.32027791e0,1.66088273e0,1.70886148e-1,9.84322661e-2
9195-6101,1.06554729e-1,-5.14454896e-2,3.36207272e-1,-1.75648794e-1,3.28470870e-1,-1.78162300e-1,1.94865361e-2,-1.08413643e-2
9195-6104,2.65367135e-1,1.43086730e-1,6.53748615e-1,4.85123285e-1,4.15806688e-1,4.86897266e-1,5.34473317e-2,3.04827869e-2
9196-12702,-5.13567077e-1,-3.42304918e-1,-1.15361532e0,-1.10639427e0,-5.80600333e-1,-1.02398385e0,-1.04342996e-1,-7.82428747e-2
9196-12703,-4.51904017e-1,-3.38766244e-1,-9.68478903e-1,-1.07904358e0,-4.19111153e-1,-9.74617070e-1,-9.18901582e-2,-7.88791573e-2
9196-12704,-5.28228194e-1,-2.73411423e-1,-1.30533630e0,-9.27053732e-1,-8.35273296e-1,-9.29839951e-1,-1.06420399e-1,-5.82677577e-2
9196-12705,-4.65972076e-1,-2.86054893e-1,-1.09535233e0,-9.52944785e-1,-6.18873651e-1,-9.27591143e-1,-9.48994312e-2,-6.26744807e-2
9196-1901,-1.22191099e-2,2.39103163e-2,-5.92283558e-2,7.90593993e-2,-8.35994728e-2,7.53412960e-2,-1.60867776e-3,5.32029452e-3
9196-1902,-5.04805093e-2,5.18534116e-2,-1.75624634e-1,1.79687852e-1,-1.92968376e-1,1.86265024e-1,-8.63666819e-3,1.06741304e-2
9196-3701,-2.89567897e-1,-8.02708954e-2,-7.91917948e-1,-2.87281322e-1,-6.22012939e-1,-3.13873217e-1,-5.65821409e-2,-1.55611026e-2
9196-3702,8.86148995e-1,4.15327449e-1,2.25138756e0,1.43288373e0,1.52741988e0,1.47721220e0,1.77739544e-1,8.60620967e-2
9196-3703,2.43629886e-1,1.52894107e-1,5.88821334e-1,5.24101806e-1,3.53737488e-1,5.34535349e-1,4.96958006e-2,3.20323042e-2
9196-6101,-3.77505486e-1,-2.02559404e-1,-9.44887092e-1,-7.02150083e-1,-6.17114054e-1,-7.28729790e-1,-7.63460709e-2,-4.16590357e-2
9196-6102,-4.26407944e-1,-2.70457518e-1,-9.72650174e-1,-8.82028424e-1,-5.08475657e-1,-8.27635394e-1,-8.69076203e-2,-6.11234692e-2
9196-6103,1.24506910e-1,1.27589240e-1,2.51360370e-1,4.25022184e-1,7.53958404e-2,4.13346874e-1,2.64219014e-2,2.79693332e-2
9196-9101,-3.80490672e-1,-3.81396526e-1,-6.78231717e-1,-1.10771717e0,-1.25843964e-1,-8.59700805e-1,-7.12189981e-2,-9.72091395e-2
9196-9102,3.34584287e-1,4.04880007e-1,5.34143036e-1,1.14515039e0,1.06958120e-2,8.71549300e-1,5.68029610e-2,1.03505259e-1
9484-12701,-8.39761613e-1,-4.42492888e-1,-2.07556029e0,-1.50954374e0,-1.32370367e0,-1.52782181e0,-1.69695944e-1,-9.34325400e-2
9484-12702,-2.91068971e-1,-1.68371892e-1,-7.47090396e-1,-5.95629969e-1,-5.14843988e-1,-6.38835291e-1,-5.85001954e-2,-3.33763417e-2
9484-12704,1.61247670e-1,2.57948837e-1,1.76551775e-1,7.08615914e-1,-1.40355688e-1,5.01483080e-1,2.56543068e-2,6.81500244e-2
9484-1901,4.90517381e-1,2.43240123e-1,1.25807627e0,8.52333161e-1,8.67610902e-1,9.00415912e-1,9.84284011e-2,4.90672280e-2
9484-1902,-6.23030702e-1,-1.61830869e-1,-1.69210768e0,-5.74488624e-1,-1.31243688e0,-6.19686715e-1,-1.22072283e-1,-3.18663263e-2
9484-3701,-2.77391926e-1,-7.31615998e-2,-7.48111611e-1,-2.53369470e-1,-5.76021930e-1,-2.64342630e-1,-5.41432601e-2,-1.50015548e-2
9484-3702,-5.06176961e-1,-3.88275957e-1,-1.10801186e0,-1.27450026e0,-5.02132674e-1,-1.21029683e0,-1.04335561e-1,-8.69110924e-2
9484-3704,1.38563244e0,4.24396088e-1,3.68327061e0,1.47334303e0,2.74975959e0,1.53559472e0,2.73070134e-1,8.69568920e-2
9484-6101,-2.30922224e-1,-1.38413234e-1,-5.54039237e-1,-4.70201970e-1,-3.27147628e-1,-4.72244788e-1,-4.71447488e-2,-2.94398089e-2
9484-6103,7.33274894e-2,1.43879542e-1,8.72016969e-2,4.74980903e-1,-8.64971262e-2,4.54764641e-1,1.69622836e-2,3.19689939e-2
9484-6104,6.73602872e-1,2.29825251e-1,1.75690666e0,7.92253273e-1,1.26057949e0,8.14052248e-1,1.33963541e-1,4.77567156e-2
9484-9101,-2.13519673e-1,-1.56347635e-1,-4.86903565e-1,-5.25394503e-1,-2.49186689e-1,-5.18617202e-1,-4.40465651e-2,-3.38156550e-2
9484-9102,-7.22761421e-1,-4.36321843e-1,-1.71312570e0,-1.45478267e0,-9.92618954e-1,-1.42023913e0,-1.46574378e-1,-9.53867685e-2
9485-1902,4.84992228e0,3.71504338e-1,1.35588036e1,1.33564634e0,1.10902939e1,1.46981859e0,9.37316441e-1,7.13723083e-2
9485-3701,1.82740636e-1,1.43275736e-1,4.03843048e-1,4.72989573e-1,1.89885577e-1,4.55028697e-1,3.74785063e-2,3.17405502e-2
9485-3702,-8.13467243e-1,-4.19547559e-1,-2.03040577e0,-1.44138377e0,-1.32248133e0,-1.47538563e0,-1.64161941e-1,-8.75730531e-2
9485-3703,-2.77344094e-1,-3.63515366e-1,-4.15330083e-1,-1.11635191e0,1.00993918e-1,-9.43848343e-1,-5.74000386e-2,-8.84478156e-2
9485-6101,-6.31991202e-1,-2.10886359e-1,-1.68849861e0,-7.45672904e-1,-1.26834159e0,-7.99208003e-1,-1.24749421e-1,-4.18396148e-2
9485-6103,-2.55247511e-1,-1.51167948e-1,-6.50407034e-1,-5.33403109e-1,-4.41051568e-1,-5.69760287e-1,-5.14348793e-2,-3.01094838e-2
9485-6104,2.95110352e-1,2.74800239e-1,5.92874980e-1,8.84089061e-1,1.88044775e-1,8.12945067e-1,6.09637912e-2,6.31451813e-2
9485-9101,1.04222692e0,8.30904862e-2,2.93627803e0,3.07933955e-1,2.43213963e0,3.54177415e-1,2.00856288e-1,1.50020398e-2
9485-9102,-3.58104479e-1,-3.02958545e-1,-6.99418688e-1,-8.54147690e-1,-2.57718149e-1,-6.33094611e-1,-6.42160750e-2,-7.88471992e-2
9486-12705,4.42632909e-1,-3.69739488e-2,1.39806492e0,3.19294287e-2,1.28583837e0,2.45617469e-1,9.14521793e-2,-2.13232741e-2
9486-1901,5.79786683e-1,5.02896473e-1,1.24686641e0,1.68685275e0,5.09603264e-1,1.65767407e0,1.21890976e-1,1.09164176e-1
9486-1902,2.73007649e0,1.98072880e-1,7.68056651e0,7.24186782e-1,6.35078423e0,8.17563389e-1,5.26089760e-1,3.67750258e-2
9486-3701,-5.98553389e-1,-2.29592207e-1,-1.57523492e0,-8.05748519e-1,-1.14900578e0,-8.53528095e-1,-1.18782751e-1,-4.61777454e-2
9486-3702,5.16016754e-2,8.86532831e-2,6.96494464e-2,2.91311440e-1,-4.27303582e-2,2.76517776e-1,1.17180705e-2,1.98380807e-2
9486-3703,-6.60996433e-1,-3.97335128e-1,-1.57599760e0,-1.33570282e0,-9.22132534e-1,-1.31985539e0,-1.34472399e-1,-8.58695987e-2
9486-3704,3.62054913e-1,1.95802623e-1,9.28238897e-1,6.91178471e-1,6.38008573e-1,7.38667413e-1,7.28050573e-2,3.89736465e-2
9486-6101,2.01069373e0,6.11460732e-2,5.66528925e0,2.26990842e-1,4.69715906e0,2.61978099e-1,3.87138079e-1,1.09908262e-2
9486-6102,2.36837558e-1,2.18396452e-1,4.70892931e-1,6.87952184e-1,1.49131409e-1,6.13043941e-1,4.78909966e-2,5.13800184e-2
9486-9101,1.14042706e0,3.26740405e-1,3.07012733e0,1.15286979e0,2.34260514e0,1.23176557e0,2.24204922e-1,6.50719656e-2
9486-9102,-7.53599165e-2,-9.35714766e-3,-2.20019236e-1,-4.72868263e-2,-1.85381500e-1,-6.97151152e-2,-1.51918461e-2,-5.85294220e-4
9487-12703,9.65704239e-2,1.19574946e-1,1.33308550e-1,4.18239761e-1,-8.32890997e-2,3.78089164e-1,2.91684951e-2,2.94976779e-2
9487-12704,-3.26622011e-1,-4.50696202e-1,-5.12128555e-1,-1.10592678e0,-4.27511796e-2,-7.21655415e-1,-2.60841713e-2,-1.09948543e-1
9487-1901,4.19544631e0,7.51387214e-1,1.15856740e1,2.68588192e0,9.26849197e0,2.92914083e0,8.15733219e-1,1.45999421e-1
9487-1902,4.71653647e0,1.25342738e0,1.26208662e1,4.33464493e0,9.55175582e0,4.49176755e0,9.26344837e-1,2.58468541e-1
9487-3701,2.11381316e-1,3.48922488e-2,5.66054230e-1,1.07853174e-1,4.35171376e-1,9.22251625e-2,4.08824459e-2,8.43844608e-3
9487-3702,-5.01654635e-1,-1.58076023e-1,-1.37886897e0,-5.97512830e-1,-1.07310730e0,-6.96143773e-1,-9.99259407e-2,-2.76995388e-2
9487-3703,1.30813768e-1,1.92550655e-1,1.81113572e-1,6.05134996e-1,-8.54923553e-2,5.32333790e-1,2.81409944e-2,4.56485760e-2
9487-3704,-1.38944074e-1,4.93506638e-2,-4.74055140e-1,1.32782636e-1,-4.94307163e-1,7.71105755e-2,-2.56698048e-2,1.39446114e-2
9487-6102,-1.35146509e-1,-1.27391851e-2,-4.06466968e-1,-8.27113952e-2,-3.51222077e-1,-1.39286027e-1,-2.76297354e-2,9.91622837e-4
9487-6103,-2.01405158e-1,-5.28705406e-2,-5.45510877e-1,-1.86805196e-1,-4.21224398e-1,-2.00088538e-1,-3.94804599e-2,-1.05001450e-2
9487-6104,-4.45651185e-1,-2.18119574e-1,-1.10873436e0,-7.40035393e-1,-7.20281798e-1,-7.42597464e-1,-8.96693546e-2,-4.64546227e-2
9487-9102,-1.25327638e-1,-1.09352051e-1,-2.64589922e-1,-3.66336629e-1,-9.81148201e-2,-3.57615433e-1,-2.66719134e-2,-2.38542218e-2
9488-12702,-3.50376472e-1,-3.03919463e-1,-6.92995707e-1,-8.48384572e-1,-2.78156409e-1,-6.37773814e-1,-5.94593676e-2,-7.80476228e-2
9488-1901,-6.33261956e-1,-1.91058799e-1,-1.70041788e0,-6.74472630e-1,-1.29073053e0,-7.21155791e-1,-1.24661881e-1,-3.80163759e-2
9488-3702,6.06591430e-1,2.97495649e-1,1.53733606e0,1.02844207e0,1.03669019e0,1.06375508e0,1.21822336e-1,6.14324183e-2
9488-3703,-1.80098198e-1,-1.28533372e-1,-3.82033489e-1,-3.85770842e-1,-1.72753304e-1,-3.16472080e-1,-3.48717055e-2,-3.18587301e-2
9488-3704,2.25219529e0,4.57335302e-1,6.12226510e0,1.60207906e0,4.76323023e0,1.69271206e0,4.40493365e-1,9.22679648e-2
9488-6101,-6.52131654e-1,-2.60756104e-1,-1.69342813e0,-9.06596723e-1,-1.20267737e0,-9.45920205e-1,-1.29967696e-1,-5.33330293e-2
9488-6102,-3.81622097e-2,6.44211218e-2,-1.62446133e-1,2.18245476e-1,-2.12256914e-1,2.16778894e-1,-5.56156090e-3,1.38159654e-2
9488-6103,2.75952025e-1,3.50771466e-1,5.40044525e-1,1.20474297e0,1.15782117e-1,1.23092049e0,6.03952090e-2,7.33102215e-2
9488-6104,5.35214885e-1,-6.65228968e-2,1.63419635e0,-1.73774566e-1,1.51235031e0,-8.90276877e-2,1.01104905e-1,-1.93626600e-2
9488-9101,-1.00237131e0,-3.91785942e-1,-2.62559886e0,-1.37214496e0,-1.89655929e0,-1.44852837e0,-1.99307483e-1,-7.91000351e-2
9489-12701,-5.74755821e-1,-2.42709397e-1,-1.50982821e0,-8.56096355e-1,-1.09580641e0,-9.14023868e-1,-1.14267383e-1,-4.83719714e-2
9489-12702,-2.57107152e-1,-3.15951025e-2,-7.82882781e-1,-2.02045351e-1,-6.81652423e-1,-3.37552117e-1,-5.35531976e-2,1.79142110e-3
9489-12703,-8.60335328e-2,2.26614740e-3,-2.67347547e-1,-2.55493746e-2,-2.42100454e-1,-6.77742760e-2,-1.83862926e-2,2.63224871e-3
9489-12704,-5.92785558e-1,-2.59813633e-1,-1.51426778e0,-8.88107374e-1,-1.04555381e0,-9.04525501e-1,-1.18039751e-1,-5.45735444e-2
9489-1901,1.75495681e0,2.09005357e-1,4.90365181e0,7.56141988e-1,4.00581700e0,8.40070293e-1,3.39370243e-1,3.96567413e-2
9489-3701,1.03316409e0,6.78006497e-1,2.41184783e0,2.26819515e0,1.33465768e0,2.22535050e0,2.10871456e-1,1.47529054e-1
9489-3702,1.15001433e0,7.14381401e-1,2.81440407e0,2.46991487e0,1.74030084e0,2.55396168e0,2.34217962e-1,1.47532098e-1
9489-3703,-4.55187468e-1,-1.79460862e-1,-1.18965190e0,-6.30297138e-1,-8.53358000e-1,-6.67031163e-1,-9.08173526e-2,-3.61015348e-2
9489-6102,1.94282322e-1,2.97983228e-1,2.38488217e-1,8.88019374e-1,-1.62094215e-1,7.17707796e-1,3.82699149e-2,7.43773818e-2
9489-6103,2.90409749e0,4.68930345e-1,7.97441631e0,1.64640410e0,6.32249050e0,1.74656954e0,5.65342795e-1,9.41975988e-2
9489-6104,1.05355232e0,5.49173602e-1,2.63034175e0,1.88569303e0,1.71623820e0,1.92946217e0,2.12387252e-1,1.14698216e-1
9489-9101,5.81487914e-1,1.39841277e-1,1.58476750e0,4.97010251e-1,1.23720733e0,5.37095119e-1,1.13759413e-1,2.74754389e-2
9489-9102,3.21736752e-1,3.47880442e-1,6.46566616e-1,1.18304236e0,1.73900196e-1,1.18551037e0,6.99441491e-2,7.40601491e-2
9490-12702,-2.87135528e-1,-3.33255960e-1,-5.06082288e-1,-8.45690556e-1,-1.37469590e-1,-5.79623486e-1,-3.21068719e-2,-8.28310411e-2
9490-12703,-4.42213521e-1,-2.69787450e-1,-1.03657579e0,-8.91320567e-1,-5.85189420e-1,-8.56218898e-1,-8.97124938e-2,-5.98228993e-2
9490-12704,-6.63679341e-2,-4.40808900e-2,-1.59814274e-1,-1.12269394e-1,-1.07201863e-1,-8.75300429e-2,-8.31195298e-3,-9.26385969e-3
9490-1901,3.04054908e-1,2.92082956e-1,6.21464832e-1,9.69309130e-1,2.00911764e-1,9.36091904e-1,6.43187060e-2,6.44129702e-2
9490-1902,1.31109593e0,5.47533259e-1,3.40745125e0,1.90963947e0,2.42386092e0,2.00320396e0,2.61233877e-1,1.11346945e-1
9490-3701,3.30772106e-2,1.86164337e-1,-1.37768786e-1,5.34714770e-1,-3.87140456e-1,3.87069103e-1,8.15795388e-3,4.89489309e-2
9490-3702,-6.70712045e-1,-5.70452229e-1,-1.35455981e0,-1.76848399e0,-4.77307289e-1,-1.53145984e0,-1.34060273e-1,-1.36818102e-1
9490-3704,-5.35569001e-1,-4.13800043e-1,-1.13465460e0,-1.30224536e0,-4.80620077e-1,-1.15679274e0,-1.07610649e-1,-9.75530000e-2
9490-6101,1.05581301e0,6.25001727e-1,2.51873890e0,2.09086191e0,1.48191041e0,2.05166526e0,2.14086258e-1,1.35988092e-1
9490-6102,5.07643594e-2,9.61404907e-3,1.60475771e-1,4.99657632e-2,1.51330656e-1,7.86263415e-2,9.84304227e-3,3.10620979e-4
9490-6104,-1.14449145e-1,7.19206794e-3,-3.53356655e-1,7.22370402e-3,-3.30064190e-1,-2.09835128e-2,-2.17001345e-2,3.25123512e-3
9490-9101,1.82236774e-1,-1.44594573e-1,6.61688961e-1,-4.59154999e-1,7.41512261e-1,-4.09166269e-1,3.19990214e-2,-3.39355175e-2
9490-9102,-6.12390850e-1,-2.99762579e-1,-1.58163580e0,-1.05406922e0,-1.10710459e0,-1.11979646e0,-1.22595479e-1,-6.00856616e-2
9491-12701,-2.93179176e-1,-1.29650102e-1,-7.64881009e-1,-4.56376588e-1,-5.47243662e-1,-4.85675537e-1,-5.84460912e-2,-2.59365662e-2
9491-12704,-2.28474720e-1,-2.20331857e-1,-4.14857663e-1,-6.10102989e-1,-1.10033051e-1,-4.40182793e-1,-3.93533785e-2,-5.78418485e-2
9491-12705,-4.71388696e-1,-1.23371698e-1,-1.28668926e0,-4.40557811e-1,-1.00703654e0,-4.79648387e-1,-9.21884807e-2,-2.40203394e-2
9491-1901,2.90945980e0,4.71242505e-1,8.09202799e0,1.70527178e0,6.55178149e0,1.89363880e0,5.64316185e-1,8.94257600e-2
9491-1902,1.17777964e0,2.51897125e-1,3.24086341e0,9.01647479e-1,2.57512049e0,9.85328097e-1,2.29446596e-1,4.88182371e-2
9491-3702,-6.51495358e-1,-4.78189469e-1,-1.42375271e0,-1.53566796e0,-6.59951261e-1,-1.40921355e0,-1.32179997e-1,-1.10074666e-1
9491-3703,1.88184326e0,5.42561210e-1,5.07618760e0,1.91932076e0,3.88732937e0,2.05911339e0,3.69722847e-1,1.07535009e-1
9491-3704,1.65900497e0,4.95886047e-1,4.45731457e0,1.74978241e0,3.38788014e0,1.86975218e0,3.26443955e-1,9.87457560e-2
9491-6101,4.06388982e-1,2.23828386e-1,9.98662446e-1,7.59473553e-1,6.31269183e-1,7.63659801e-1,8.18969216e-2,4.76041002e-2
9491-6102,3.27845398e-1,4.73836147e-1,4.65406687e-1,1.50777952e0,-2.03657207e-1,1.35116400e0,7.19919679e-2,1.10822139e-1
9491-6103,-1.54570291e-1,-4.15710950e-2,-4.32403798e-1,-1.85709136e-1,-3.29742944e-1,-2.39862146e-1,-3.35234025e-2,-5.48394598e-3
9491-6104,-3.27254468e-1,-1.87861487e-1,-7.99829120e-1,-6.43987426e-1,-4.94206936e-1,-6.56513428e-1,-6.65616991e-2,-3.93679996e-2
9491-9101,-4.32015090e-1,-3.00051537e-1,-9.62174456e-1,-9.66548932e-1,-4.74512441e-1,-8.91338553e-1,-8.74841515e-2,-6.88089014e-2
9492-12701,-4.32674596e-1,-3.85157587e-1,-8.43892059e-1,-1.15707320e0,-2.68120728e-1,-9.54924559e-1,-8.36268860e-2,-9.51083340e-2
9492-12702,1.01541991e-1,4.29577851e-2,2.67023319e-1,1.51812100e-1,1.94120609e-1,1.62555651e-1,2.01886161e-2,8.53193306e-3
9492-12703,-1.14944778e-1,-4.88548214e-2,-2.93705940e-1,-1.67264796e-1,-2.01419180e-1,-1.70895326e-1,-2.29073714e-2,-1.01242993e-2
9492-1901,2.91616712e0,1.04727227e0,7.63477488e0,3.62235729e0,5.52850524e0,3.75156681e0,5.78101867e-1,2.16006443e-1
9492-3701,1.40424365e0,7.92867642e-1,3.29274338e0,2.52631760e0,1.91384644e0,2.29993002e0,2.78232078e-1,1.83746232e-1
9492-3702,-3.13138660e-1,-1.72094450e-1,-7.53641822e-1,-5.69033115e-1,-4.57854228e-1,-5.48843863e-1,-6.28905192e-2,-3.80491688e-2
9492-3703,3.50571162e-1,3.48629936e-1,6.62279510e-1,1.10515412e0,1.38251669e-1,9.87272074e-1,7.28966235e-2,8.17871941e-2
9492-3704,1.25567698e0,1.09320723e0,2.35527868e0,3.13637932e0,6.45655342e-1,2.34065516e0,2.37836922e-1,2.84090753e-1
9492-6101,-1.49019343e-2,1.77704981e-2,-6.35877826e-2,5.26077193e-2,-7.92324675e-2,4.06322503e-2,-2.59044547e-3,4.53457497e-3
9492-6102,-1.59049119e-2,-4.40807371e-2,1.57422453e-2,-1.04740219e-1,7.09579205e-2,-4.53403167e-2,-1.56305042e-3,-1.32003727e-2
9492-6104,-1.66965514e-1,-8.75177581e-3,-4.83678897e-1,-3.71693483e-2,-4.19418507e-1,-5.13529972e-2,-3.17088996e-2,-1.04516903e-3
9492-9101,2.14811163e0,5.41555281e-2,6.03268400e0,1.95849714e-1,4.97433634e0,2.17519402e-1,4.14182438e-1,1.02815916e-2
9492-9102,-6.96314619e-1,-3.10629183e-1,-1.78699406e0,-1.08408741e0,-1.23290737e0,-1.13538310e0,-1.39895282e-1,-6.32162936e-2
9493-12701,6.50722012e-2,6.00231684e-2,1.37832418e-1,1.99385093e-1,5.42800315e-2,1.93544292e-1,1.35439432e-2,1.31902602e-2
9493-12702,-7.28044780e-1,-2.41373282e-1,-1.93987564e0,-8.49455300e-1,-1.45065392e0,-9.03823045e-1,-1.43757223e-1,-4.83017680e-2
9493-12703,5.18460148e-1,-7.42815832e-2,1.54673489e0,-2.35307689e-1,1.39789697e0,-2.06784955e-1,9.76336382e-2,-1.75632186e-2
9493-12704,-3.16303803e-2,4.59109734e-2,-1.51263006e-1,9.56846526e-2,-1.78628774e-1,2.76958531e-2,-9.75509846e-3,1.38490294e-2
9493-12705,-3.95387748e-1,-2.20515249e-1,-9.70931270e-1,-7.53680316e-1,-6.08850227e-1,-7.65051779e-1,-8.01269562e-2,-4.64236321e-2
9493-1901,2.25576782e0,1.12518969e0,5.60666077e0,3.81175063e0,3.64020671e0,3.81743624e0,4.53393125e-1,2.40149367e-1
9493-3701,-1.72569857e-1,-1.03527193e-1,-4.10210508e-1,-3.44316403e-1,-2.40251439e-1,-3.34625179e-1,-3.49145579e-2,-2.27253120e-2
9493-3702,-2.37947328e-1,-4.25668102e-2,-6.60012679e-1,-1.54196014e-1,-5.31485888e-1,-1.71399491e-1,-4.62415519e-2,-8.06419116e-3
9493-6101,-2.18422261e-1,-1.26054323e-1,-5.20018870e-1,-4.21635129e-1,-3.03224160e-1,-4.12933742e-1,-4.44393294e-2,-2.74602909e-2
9493-6102,1.04667795e-1,-1.96249269e-2,3.48936301e-1,-3.84468576e-2,3.54274352e-1,7.65263424e-3,1.95476724e-2,-6.99719145e-3
9493-6103,3.33725976e-1,1.95995060e-1,8.26859184e-1,6.79607626e-1,5.26961675e-1,7.05965388e-1,6.77208304e-2,4.02767674e-2
9493-6104,-4.32010628e-1,-2.78097269e-1,-9.95038861e-1,-9.15217223e-1,-5.34477626e-1,-8.72204840e-1,-8.80525920e-2,-6.20796643e-2
9493-9101,-3.21839173e-1,-1.25362586e-1,-8.54226629e-1,-4.71651800e-1,-6.11995213e-1,-5.35117813e-1,-6.65419481e-2,-2.27480373e-2
9493-9102,1.70662898e-1,2.16258281e-1,2.53732066e-1,6.65671655e-1,-6.72374699e-2,5.53021048e-1,3.67649964e-2,5.34683713e-2
9494-12705,-5.52690598e-1,-3.74202833e-1,-1.24707984e0,-1.21391790e0,-6.37659888e-1,-1.13292245e0,-1.12005165e-1,-8.50125173e-2
9494-1901,6.47874693e-1,7.60339755e-2,1.81062388e0,2.74445518e-1,1.47990103e0,3.03883401e-1,1.25247605e-1,1.44920484e-2
9494-1902,-3.59564062e-1,-9.76352409e-2,-9.86608454e-1,-3.52768948e-1,-7.78327706e-1,-3.90766647e-1,-7.02801129e-2,-1.85862705e-2
9494-3701,1.00586011e-2,5.98827095e-2,-1.77957087e-3,2.10453772e-1,-4.44953069e-2,2.23324689e-1,2.94013748e-3,1.20169433e-2
9494-3704,-6.36978410e-1,-4.67628157e-1,-1.39008918e0,-1.49354352e0,-6.46824759e-1,-1.36011116e0,-1.28545323e-1,-1.08296048e-1
9494-6101,2.02796071e0,6.71279770e-1,5.18946582e0,2.15009465e0,3.66561018e0,1.97731335e0,3.95985346e-1,1.54489689e-1
9494-6102,7.99579541e-2,4.07735798e-1,-2.20843316e-1,1.25272331e0,-7.42975096e-1,1.04849529e0,2.24948449e-2,9.96630157e-2
9494-9101,-4.06078170e-1,-2.91187068e-1,-9.16966897e-1,-9.69456307e-1,-4.56739957e-1,-9.41909623e-1,-8.37508679e-2,-6.38865554e-2
9494-9102,-3.85380520e-1,-2.59498250e-1,-8.65395252e-1,-8.42815277e-1,-4.32809988e-1,-7.86115140e-1,-7.85576621e-2,-5.89455062e-2
9495-12703,-3.47010106e-1,-2.72188614e-1,-7.23749699e-1,-8.50506920e-1,-2.89061766e-1,-7.44948956e-1,-6.97620723e-2,-6.47743211e-2
9495-1902,-3.59574478e-1,-1.14884986e-1,-9.55071256e-1,-4.01015213e-1,-7.10848338e-1,-4.21312439e-1,-7.09892946e-2,-2.33259931e-2
9495-3701,7.15872091e-2,1.92359052e-1,5.46481964e-2,6.51103018e-1,-1.57841223e-1,6.48935657e-1,1.80582573e-2,4.11896499e-2
9495-3703,4.16472017e-2,1.04188020e-1,1.42244972e-2,3.22818471e-1,-1.14883714e-1,2.77870988e-1,9.26231612e-3,2.50701751e-2
9495-3704,-3.58851009e-1,-1.86046652e-1,-8.89443831e-1,-6.44064296e-1,-5.63920381e-1,-6.60682160e-1,-7.35043696e-2,-3.86608256e-2
9495-6101,-1.20864746e-1,-2.12827243e-2,-3.36693763e-1,-7.90790895e-2,-2.72127833e-1,-9.07518719e-2,-2.35501647e-2,-3.84027301e-3
9495-6102,2.56061402e-1,1.56132913e-1,6.16820842e-1,5.30649838e-1,3.69212361e-1,5.34062839e-1,5.20935680e-2,3.31572729e-2
9495-6103,-6.29605237e-1,-5.63260877e-1,-1.22192105e0,-1.69515554e0,-3.74496973e-1,-1.39887340e0,-1.22475011e-1,-1.39115763e-1
9495-6104,8.08247302e-1,9.39189539e-2,2.27012772e0,3.43163024e-1,1.87100772e0,3.86938197e-1,1.55940880e-1,1.74639653e-2
9495-9102,-5.30593961e-1,-3.05472797e-1,-1.27048950e0,-1.01950888e0,-7.56148259e-1,-9.97137957e-1,-1.07312541e-1,-6.66691280e-2
9496-12701,-1.46361928e-1,-7.14419376e-2,-3.60196841e-1,-2.38531681e-1,-2.29574985e-1,-2.33451770e-1,-2.93760382e-2,-1.55826199e-2
9496-12705,-4.54079053e-1,-3.66449028e-1,-9.50102716e-1,-1.17437045e0,-3.68347498e-1,-1.06706112e0,-9.35910032e-2,-8.49655840e-2
9496-1902,1.75478611e0,1.07219982e0,4.18589018e0,3.62401155e0,2.44286522e0,3.61202055e0,3.57884285e-1,2.29801611e-1
9496-3701,3.92342851e-1,2.04994946e-1,9.88897237e-1,7.10879265e-1,6.57406879e-1,7.38776080e-1,7.90561503e-2,4.21119806e-2
9496-3702,-6.46525497e-1,-2.67358764e-1,-1.68658451e0,-9.36979466e-1,-1.20745417e0,-9.90109974e-1,-1.28802543e-1,-5.39171794e-2
9496-3703,-3.37765555e-1,-3.03269679e-1,-6.64835614e-1,-9.48159222e-1,-1.97676899e-1,-8.30323189e-1,-6.86190329e-2,-7.21556836e-2
9496-6102,-5.74430603e-3,-7.47966140e-2,7.86560743e-2,-2.19521349e-1,1.81917325e-1,-1.65461665e-1,-2.38594736e-3,-1.92997803e-2
9496-6104,-7.12139673e-1,-4.56953857e-1,-1.64355439e0,-1.50139509e0,-8.90648770e-1,-1.43034627e0,-1.44591895e-1,-1.02053019e-1
9496-9101,-6.03063724e-1,-4.17481281e-1,-1.37595870e0,-1.38764018e0,-7.11539015e-1,-1.34556939e0,-1.23750395e-1,-9.17784833e-2
9496-9102,1.35197317e-1,2.22923686e-1,1.46527264e-1,6.72511095e-1,-1.58858255e-1,5.50049299e-1,2.79811873e-2,5.53005208e-2
9497-12701,-4.81550060e-1,-2.72711297e-1,-1.16683214e0,-9.21079054e-1,-7.11336632e-1,-9.17541178e-1,-9.75876001e-2,-5.84936685e-2
9497-12703,4.28125775e-1,4.19699514e-1,8.22269949e-1,1.32205271e0,2.07097389e-1,1.17505168e0,8.73782762e-2,9.88926362e-2
9497-1902,7.64862633e0,2.12541489e0,2.03813093e1,7.33009886e0,1.53056875e1,7.56159216e0,1.50424484e0,4.40362798e-1
9497-3702,-4.72919924e-1,-1.63200588e-1,-1.24392875e0,-5.65469871e-1,-9.09245628e-1,-5.87377585e-1,-9.35923729e-2,-3.35569617e-2
9497-3703,-7.07050939e-1,-4.45795667e-1,-1.66041457e0,-1.49273587e0,-9.32307644e-1,-1.46515620e0,-1.44367016e-1,-9.69330015e-2
9497-3704,5.84918562e-1,9.55102073e-2,1.68729388e0,3.93709026e-1,1.43244302e0,5.09723367e-1,1.13547288e-1,1.33604889e-2
9497-6102,4.95832469e-1,8.22296889e-2,1.36633870e0,2.86448190e-1,1.09296095e0,3.01248751e-1,9.61003562e-2,1.67108594e-2
9497-6103,-2.56093124e-1,-1.02522684e-1,-6.56270335e-1,-3.51179857e-1,-4.54427665e-1,-3.57726087e-1,-5.11529512e-2,-2.15061518e-2
9497-9101,1.85422248e-1,-6.93494265e-3,5.47080875e-1,-1.40911621e-2,4.86110507e-1,2.28397213e-3,3.51270193e-2,-2.45588785e-3
9497-9102,-5.66503949e-2,-1.14138386e-1,-1.74197521e-5,-2.79267923e-1,1.60498038e-1,-1.30246450e-1,-8.30286330e-3,-3.38326596e-2
9498-12703,1.13518437e-2,6.11771382e-1,-6.00709587e-1,7.85972709e-1,-6.54398719e-1,-3.39657156e-1,-1.31201659e-1,1.90096555e-1
9498-12704,8.17308222e-3,2.13749474e-1,-1.61335791e-1,3.90472870e-1,-2.64167067e-1,1.24495157e-1,-3.53391082e-2,5.10835016e-2
9498-12705,4.49562749e-2,1.75605699e-1,-6.08060170e-2,3.94182012e-1,-2.00957371e-1,1.94055210e-1,-7.16979764e-3,4.84707334e-2
9498-1901,4.83718637e0,2.18392859e0,1.20055786e1,7.29827742e0,7.78912124e0,7.13888196e0,9.70776810e-1,4.76353897e-1
9498-1902,-2.90383596e-1,-7.40707677e-2,-7.86361701e-1,-2.61504183e-1,-6.06913318e-1,-2.79669779e-1,-5.69361630e-2,-1.47352511e-2
9498-3701,3.05654073e-1,1.14848392e-1,8.17330475e-1,4.08308168e-1,6.14632169e-1,4.41427134e-1,6.03438828e-2,2.25525702e-2
9498-3702,1.44915977e-1,1.17344677e-2,4.12101100e-1,4.56552292e-2,3.46078926e-1,5.58751118e-2,2.78696274e-2,1.89698937e-3
9498-3704,2.48757816e0,5.31806294e-1,6.79544390e0,1.86855080e0,5.34187276e0,1.98946912e0,4.84702473e-1,1.06482383e-1
9498-6102,2.67917028e-1,5.15419391e-1,1.46559734e-1,1.20594137e0,-3.85793131e-1,5.69545930e-1,2.12710996e-2,1.50701149e-1
9498-6104,2.71958647e-1,1.21031230e-1,7.12397131e-1,4.54087531e-1,4.94032625e-1,5.12125377e-1,5.69403300e-2,2.21879179e-2
9498-9101,5.30864877e-1,2.62796586e-4,1.50209599e0,3.49502940e-3,1.25461764e0,8.22933074e-3,1.01987301e-1,-2.20375511e-4
9498-9102,7.11920421e-1,2.40408357e-1,1.89629627e0,8.46062310e-1,1.41741475e0,9.00378221e-1,1.40564629e-1,4.81026145e-2
9499-12701,-3.45659947e-1,-1.70134187e-1,-8.46120430e-1,-5.58531117e-1,-5.38536346e-1,-5.33605346e-1,-6.87843280e-2,-3.79476831e-2
9499-12702,-3.97776635e-1,-3.60789199e-1,-7.56844572e-1,-1.08604104e0,-2.09078454e-1,-8.83081928e-1,-7.89883888e-2,-9.05355068e-2
9499-12705,2.33212438e-1,1.74626845e-1,5.24464320e-1,5.80953755e-1,2.59222963e-1,5.64788936e-1,4.79635677e-2,3.83138015e-2
9499-1901,1.60206775e0,1.03169876e0,3.77928354e0,3.48101587e0,2.14087119e0,3.46026829e0,3.27536100e-1,2.21700559e-1
9499-3701,-6.38983827e-1,-2.92390498e-1,-1.63136600e0,-1.01368137e0,-1.11638574e0,-1.05246774e0,-1.28195273e-1,-6.01136520e-2
9499-3704,1.31949979e0,5.50915516e-1,3.41201376e0,1.91484454e0,2.40151905e0,1.99712592e0,2.63388856e-1,1.12731533e-1
9499-6102,-3.25505155e-1,-1.44149830e-1,-8.23028302e-1,-4.90542808e-1,-5.54766353e-1,-4.94798991e-1,-6.51614790e-2,-3.05480684e-2
9499-6103,-8.26668566e-2,6.62174722e-2,-3.22040569e-1,1.91964436e-1,-3.77120143e-1,1.39968058e-1,-1.46636103e-2,1.73329249e-2
9499-6104,2.48051521e-1,-5.04680863e-2,7.73402692e-1,-1.53913098e-1,7.41515123e-1,-1.23937030e-1,4.58411025e-2,-1.25578329e-2
9499-9101,6.82916485e-1,4.14370671e-1,1.62521536e0,1.38818626e0,9.49739959e-1,1.36567518e0,1.38585230e-1,8.99523545e-2
9500-12701,-2.26817593e-2,-3.82557228e-2,-1.40108254e-2,-9.77835616e-2,3.95063123e-2,-5.50821423e-2,-3.54097933e-3,-1.08766285e-2
9500-12705,-8.41477031e-2,-2.71422719e-1,-3.33376809e-2,-9.09972709e-1,2.46908910e-1,-8.94564445e-1,-2.14203053e-2,-5.89222121e-2
9500-3701,-3.98197101e-2,7.89349416e-2,-2.13905896e-1,2.30629106e-1,-3.02329643e-1,1.72222539e-1,-6.33062309e-3,2.04552608e-2
9500-3704,-3.36134546e-1,-1.79252037e-1,-8.18751336e-1,-6.00866975e-1,-5.08217803e-1,-5.92168286e-1,-6.77247330e-2,-3.88533996e-2
9500-6101,4.47713111e-1,3.86225062e-1,8.96486000e-1,1.20209125e0,2.98040335e-1,1.04409992e0,9.03564733e-2,9.24301966e-2
9500-6102,3.71493108e-1,3.08259523e-1,8.07322807e-1,1.05048816e0,3.33051572e-1,1.04498340e0,8.00579085e-2,6.61236822e-2
9500-6104,-5.04998446e-1,-2.16829203e-1,-1.29757061e0,-7.50305343e-1,-9.01767678e-1,-7.77049023e-1,-1.00954527e-1,-4.47089825e-2
9500-9101,-2.14797457e-1,-1.10706140e-1,-5.31307228e-1,-3.77010860e-1,-3.39838107e-1,-3.79331249e-1,-4.34733228e-2,-2.35279050e-2
9500-9102,1.52148056e-3,3.63891481e-2,-3.04742752e-2,8.48410101e-2,-4.97250716e-2,4.90597235e-2,-3.01065678e-3,9.95069678e-3
9501-12702,1.01195687e0,1.52227329e0,1.89469349e0,3.10194817e0,9.95277245e-1,1.78006714e0,-6.92824614e-2,3.33373020e-1
9501-12704,-3.34963024e-1,-3.66849681e-1,-5.51758530e-1,-1.03657137e0,-3.66996949e-2,-7.63865840e-1,-6.03955214e-2,-9.56729191e-2
9501-1901,-6.05767985e-1,-2.39285776e-1,-1.58670620e0,-8.38459658e-1,-1.14606059e0,-8.85883500e-1,-1.20450001e-1,-4.82661467e-2
9501-1902,-6.54319764e-1,-2.57778298e-1,-1.70986498e0,-9.00932982e-1,-1.22950084e0,-9.47942676e-1,-1.30180247e-1,-5.22384734e-2
9501-3701,1.04671049e0,6.31841086e-1,2.54087085e0,2.16744740e0,1.54185468e0,2.21204599e0,2.13447191e-1,1.32257390e-1
9501-3702,5.48321880e0,1.46870634e0,1.46928561e1,5.11921225e0,1.11284247e1,5.36530302e0,1.07846471e0,2.98989994e-1
9501-3703,-4.82487247e-1,-1.74020365e-1,-1.26916405e0,-6.06922828e-1,-9.26119518e-1,-6.36708525e-1,-9.56469679e-2,-3.53878275e-2
9501-6101,-5.49814061e-1,-3.79710587e-1,-1.23795538e0,-1.24476418e0,-6.20351510e-1,-1.17763090e0,-1.12627011e-1,-8.52725993e-2
9501-6102,-5.83884464e-1,-3.88424952e-1,-1.33567858e0,-1.27643150e0,-7.04466463e-1,-1.21615507e0,-1.18848321e-1,-8.67362344e-2
9501-9101,1.75564119e-1,1.81281347e-1,3.29624956e-1,5.79492126e-1,6.33549730e-2,5.24550703e-1,3.68214885e-2,4.21453768e-2
9501-9102,-4.86097148e-1,-3.44967307e-1,-1.08155884e0,-1.12125936e0,-5.26169830e-1,-1.04877099e0,-9.90826814e-2,-7.82114826e-2
9502-12701,-2.10611733e-1,-2.00772522e-1,-4.53654840e-1,-6.80727976e-1,-1.85782956e-1,-6.81881133e-1,-4.43340587e-2,-4.28220427e-2
9502-12702,-3.54306030e-1,-4.35114558e-1,-5.78027921e-1,-1.09809186e0,-1.22375692e-1,-7.42336865e-1,-3.86883621e-2,-1.16864228e-1
9502-12704,2.81564688e-1,2.29892090e-1,5.90363030e-1,7.30999134e-1,2.36569669e-1,6.61438578e-1,5.69997573e-2,5.34842521e-2
9502-1901,1.50914357e-1,1.39648796e-1,3.08361094e-1,4.59878908e-1,1.00653993e-1,4.38132475e-1,3.18163716e-2,3.11540050e-2
9502-1902,1.38456809e0,5.16135943e-1,3.57583521e0,1.76243699e0,2.52246186e0,1.78740611e0,2.75323733e-1,1.08784630e-1
9502-3701,-9.45787375e-2,-9.44493501e-2,-2.17217502e-1,-3.30669323e-1,-1.10259453e-1,-3.48793560e-1,-1.98039965e-2,-1.90839971e-2
9502-3703,8.51099849e-1,3.59430017e-1,2.20018336e0,1.25167158e0,1.54648434e0,1.30923349e0,1.70018594e-1,7.33109384e-2
9502-3704,-1.14733327e-1,4.47924030e-3,-3.37523618e-1,1.12293746e-2,-2.99573480e-1,4.03696674e-3,-2.16675432e-2,1.37715515e-3
9502-6101,1.08996826e-1,1.72405828e-1,1.31330607e-1,5.27121194e-1,-1.04178905e-1,4.42472725e-1,2.27669838e-2,4.21261357e-2
9502-6102,-4.87309206e-1,-3.45618965e-1,-1.06911641e0,-1.09970526e0,-5.07620720e-1,-9.94498916e-1,-9.81510104e-2,-8.04435293e-2
9502-9101,-1.02098349e-1,-1.21463444e-1,-2.04879372e-1,-4.16725973e-1,-5.43115453e-2,-4.25048769e-1,-2.21731727e-2,-2.54305865e-2
9502-9102,2.16454761e-1,2.73040839e-1,3.24312765e-1,8.15843196e-1,-6.61328311e-2,6.57475266e-1,4.31767066e-2,6.82968830e-2
9503-12702,1.53921139e-2,1.15374688e-1,-9.56325735e-2,2.78848587e-1,-2.08235938e-1,1.46539769e-1,-2.83452067e-3,3.26567282e-2
9503-12704,-6.37984518e-1,-4.57969729e-1,-1.40913509e0,-1.47874872e0,-6.73759934e-1,-1.36873125e0,-1.29648535e-1,-1.04712445e-1
9503-12705,-4.62118256e-1,-4.00073057e-1,-9.22726909e-1,-1.21761871e0,-3.22475248e-1,-1.02790539e0,-9.01914185e-2,-9.75121157e-2
9503-1901,-5.73379529e-1,-2.27708898e-1,-1.49309153e0,-7.93233208e-1,-1.06645159e0,-8.30318483e-1,-1.14166415e-1,-4.64117880e-2
9503-1902,-3.24000739e-1,-1.35597761e-1,-8.27423302e-1,-4.57907024e-1,-5.73822102e-1,-4.58259196e-1,-6.42069028e-2,-2.90004950e-2
9503-3701,2.04107320e0,9.74723298e-1,5.20755817e0,3.38656753e0,3.55832188e0,3.52992148e0,4.09554292e-1,1.99587997e-1
9503-3702,-3.52812368e-1,-1.69638789e-1,-8.93799663e-1,-5.95380707e-1,-5.94504034e-1,-6.24950633e-1,-7.18458391e-2,-3.43698240e-2
9503-3704,1.09605946e0,8.86977552e-1,2.33499041e0,2.86334950e0,9.77417011e-1,2.65202193e0,2.24004983e-1,2.02718898e-1
9503-6101,3.13321165e0,1.37404340e0,7.80112811e0,4.43426933e0,5.21775672e0,4.14530765e0,6.13570968e-1,3.12353571e-1
9503-6103,2.81395693e-1,6.12146504e-3,8.54591142e-1,5.75740759e-2,7.85221029e-1,1.20463773e-1,5.32058820e-2,-2.46561413e-3
9503-6104,5.06787096e-2,1.19966024e-2,1.58169953e-1,1.18321455e-1,1.04647185e-1,2.00769866e-1,1.70176074e-2,-2.61170133e-3
9503-9101,-2.21694259e-1,-7.94208420e-2,-5.98131976e-1,-2.45978031e-1,-4.86187117e-1,-2.39151230e-1,-3.90098186e-2,-1.76677846e-2
9503-9102,-3.02779607e-1,-3.41841996e-1,-4.97155498e-1,-9.87354426e-1,-2.05047677e-2,-7.58399740e-1,-5.60976873e-2,-8.75801571e-2
9504-12701,7.19497411e-2,1.07603064e-1,9.11218489e-2,2.97197452e-1,-3.84739160e-2,2.15361328e-1,1.13436971e-2,2.81348320e-2
9504-12704,2.57449564e-2,-2.56488210e-2,1.14448831e-1,-6.36686309e-2,1.41665005e-1,-2.86929797e-2,4.97288951e-3,-7.66241400e-3
9504-12705,-5.14061264e-1,-4.13716052e-1,-1.06980563e0,-1.29940809e0,-4.22592107e-1,-1.14778571e0,-1.03672549e-1,-9.79665139e-2
9504-1901,-6.07418005e-1,-3.83490529e-1,-1.43022517e0,-1.28763638e0,-8.07915100e-1,-1.26962628e0,-1.24051514e-1,-8.30354414e-2
9504-1902,2.18347584e-1,1.37194290e-1,5.29792998e-1,4.71674110e-1,3.21212285e-1,4.83373736e-1,4.45175076e-2,2.86020606e-2
9504-3701,6.83412952e-1,5.64393930e-1,1.43812419e0,1.81221380e0,5.76261880e-1,1.66296370e0,1.39543235e-1,1.29923473e-1
9504-3702,9.08707039e-2,-6.09102748e-2,2.91233224e-1,-2.12505452e-1,2.91610455e-1,-2.22785782e-1,1.63343830e-2,-1.23880366e-2
9504-3704,-5.92612757e-1,-4.40618434e-1,-1.27998619e0,-1.40099493e0,-5.75211178e-1,-1.26435821e0,-1.19737346e-1,-1.02702309e-1
9504-6101,7.35299419e-2,1.81589100e-2,2.06582657e-1,7.88882890e-2,1.60964798e-1,1.03286785e-1,1.52824959e-2,2.32277852e-3
9504-6102,-5.58868142e-1,-4.21487695e-1,-1.20055325e0,-1.33666444e0,-5.31092765e-1,-1.20238254e0,-1.12673970e-1,-9.84855876e-2
9504-6103,-6.42511945e-2,-1.82560804e-2,-1.69998966e-1,-6.24001279e-2,-1.26070457e-1,-6.34738643e-2,-1.26532372e-2,-3.83826156e-3
9504-6104,-2.83689944e-1,-1.48950703e-1,-6.84583620e-1,-4.84489365e-1,-4.23636354e-1,-4.56513059e-1,-5.63450514e-2,-3.36198139e-2
9504-9101,-3.92036291e-1,-1.92014263e-1,-9.70813708e-1,-6.52143909e-1,-6.21750024e-1,-6.50730864e-1,-7.95143397e-2,-4.10874722e-2
9505-12701,4.32152511e-1,3.60547801e-1,9.13834489e-1,1.17152902e0,3.66198891e-1,1.09512862e0,8.90501298e-2,8.17785047e-2
9505-12703,-7.53449607e-3,8.42742134e-2,-1.41222102e-1,2.79716524e-1,-2.81086578e-1,2.26232934e-1,6.17530982e-3,2.21429186e-2
9505-12705,-9.68413975e-2,-3.82441340e-2,-2.37357292e-1,-1.22607255e-1,-1.56224215e-1,-1.05515101e-1,-1.98450844e-2,-9.69860428e-3
9505-1902,3.80799697e0,1.00486878e0,1.03174459e1,3.55548071e0,7.96968412e0,3.81606326e0,7.46569106e-1,1.99074361e-1
9505-3701,-2.26818108e-1,1.04165898e-1,-7.87793450e-1,3.07289562e-1,-8.44653186e-1,2.30709905e-1,-4.07192331e-2,2.68733877e-2
9505-3702,-7.41231786e-2,5.89450204e-2,-2.86992424e-1,1.72966150e-1,-3.35585768e-1,1.29595716e-1,-1.30488293e-2,1.52418483e-2
9505-3703,-5.28089156e-1,-3.20924558e-1,-1.28414537e0,-1.10135434e0,-7.83450965e-1,-1.12524458e0,-1.07554662e-1,-6.71125718e-2
9505-3704,2.62271255e0,1.19305238e0,6.71855567e0,4.13831416e0,4.63579958e0,4.30283804e0,5.25117287e-1,2.44967527e-1
9505-6101,8.82628217e-1,3.23151228e-1,2.29080264e0,1.11086348e0,1.62959963e0,1.13828736e0,1.75521077e-1,6.73818243e-2
9505-6103,8.57817864e-3,2.88211168e-2,1.57325758e-2,1.07423671e-1,-2.04296073e-3,1.23366321e-1,2.23463590e-3,5.18186466e-3
9505-6104,-1.36012917e-1,-3.27472962e-2,-3.44925083e-1,-8.53408208e-2,-2.48473460e-1,-4.85625627e-2,-2.56063046e-2,-9.33831548e-3
9506-12702,-4.04368191e-1,-2.38239171e-1,-9.63000753e-1,-7.95738648e-1,-5.64073203e-1,-7.78501906e-1,-8.20325681e-2,-5.19717140e-2
9506-12704,8.26271967e-3,1.52422350e-1,-1.26054457e-1,3.12565587e-1,-2.26820931e-1,1.32013878e-1,-1.80391567e-2,3.84995290e-2
9506-12705,-4.60458945e-1,-3.23917295e-1,-1.02795348e0,-1.05277498e0,-5.06127007e-1,-9.84684835e-1,-9.37529346e-2,-7.34443858e-2
9506-1902,-4.63201273e-1,-2.02908356e-1,-1.19342056e0,-7.05402232e-1,-8.33440479e-1,-7.36015155e-1,-9.25852443e-2,-4.15033878e-2
9506-3703,-6.73569508e-2,-8.81109692e-2,-1.30791498e-1,-3.02269122e-1,-2.63088714e-2,-3.08333381e-1,-1.47411878e-2,-1.84480257e-2
9506-3704,-1.40039423e-1,-1.18545792e-1,-3.32469787e-1,-4.14981463e-1,-1.87574546e-1,-4.37594223e-1,-2.89773081e-2,-2.39596315e-2
9506-6101,-1.83076225e-1,-7.20982219e-2,-4.75799400e-1,-2.63573552e-1,-3.28838738e-1,-2.85976522e-1,-3.80034882e-2,-1.39629694e-2
9506-6102,6.27292528e-2,2.07756067e-1,-4.30161799e-2,6.28441742e-1,-3.00353771e-1,5.15901584e-1,1.41492978e-2,5.14258478e-2
9506-6103,-4.16013610e-1,-1.39619519e-1,-1.11015210e0,-4.93109384e-1,-8.32067358e-1,-5.27538227e-1,-8.21487339e-2,-2.77602549e-2
9506-9101,1.74168294e-1,1.56033000e-1,3.64215012e-1,5.10077764e-1,1.38496042e-1,4.82170466e-1,3.60081277e-2,3.50795900e-2
9506-9102,-4.10436567e-1,-3.88106604e-1,-7.89148552e-1,-1.21314427e0,-2.02065531e-1,-1.06113194e0,-8.36674800e-2,-9.24312927e-2
9507-1901,-1.49411310e-1,-7.52208060e-2,-3.93188761e-1,-2.68006056e-1,-2.85860611e-1,-2.90723150e-1,-2.97325017e-2,-1.47102164e-2
9507-1902,4.53675377e0,1.13614357e0,1.22492955e1,3.98035874e0,9.41184037e0,4.20749526e0,8.89620121e-1,2.29132954e-1
9507-3701,-4.45753138e-1,-1.25253229e-1,-1.21247700e0,-4.48059733e-1,-9.41974788e-1,-4.88921347e-1,-8.73843454e-2,-2.43117620e-2
9507-3704,-3.98890875e-1,-3.41498287e-1,-8.09455815e-1,-1.08199273e0,-2.76517456e-1,-9.67495615e-1,-8.17028810e-2,-8.00845277e-2
9507-6103,1.72927469e-1,8.37627122e-3,5.26390309e-1,5.72923398e-2,4.81945280e-1,1.05538275e-1,3.29987250e-2,-1.13101983e-3
9507-9102,-3.17850031e-1,-2.00148306e-1,-7.60701716e-1,-6.86771194e-1,-4.42164065e-1,-6.99018113e-1,-6.54177501e-2,-4.19708606e-2
9508-12701,-6.18494776e-1,-3.84851868e-1,-1.43374219e0,-1.25834698e0,-7.90510106e-1,-1.19013334e0,-1.25033981e-1,-8.64909852e-2
9508-12702,-5.61419881e-1,-1.68279041e-1,-1.52092288e0,-6.02021360e-1,-1.17179655e0,-6.56693456e-1,-1.10332413e-1,-3.26689798e-2
9508-12704,-4.65964510e-2,-5.16309438e-2,-5.60666826e-2,-1.00784424e-1,1.34609605e-2,-9.47211307e-3,-5.00433385e-3,-1.68171655e-2
9508-12705,1.21527658e-1,-7.09592986e-3,3.97780343e-1,2.76559467e-2,3.81576246e-1,1.04763115e-1,2.45701736e-2,-6.33853207e-3
9508-1902,-3.30956616e-1,-2.83603484e-1,-6.76019689e-1,-9.13199529e-1,-2.29206788e-1,-8.37087838e-1,-6.88372055e-2,-6.52594550e-2
9508-3703,-2.60721198e-1,-1.63803246e-1,-6.11287758e-1,-5.46453941e-1,-3.42706828e-1,-5.33271430e-1,-5.31473936e-2,-3.58091440e-2
9508-3704,4.98252735e-1,2.22132583e-1,1.29897146e0,7.82185241e-1,9.27803225e-1,8.32836499e-1,9.93703683e-2,4.44105258e-2
9508-6102,2.18771957e0,9.48604337e-1,5.57218723e0,3.23039574e0,3.82370099e0,3.26655200e0,4.36148269e-1,2.00628900e-1
9508-6103,4.87476698e-1,3.45705317e-1,1.07410749e0,1.09263052e0,5.25108546e-1,9.81422101e-1,9.70553485e-2,8.09109751e-2
9508-6104,1.14642258e-1,1.00750267e-1,2.37585895e-1,3.24421512e-1,8.90033046e-2,2.99279761e-1,2.34757126e-2,2.31050105e-2
9508-9101,-7.90328541e-1,-4.29321970e-1,-1.93986150e0,-1.46118768e0,-1.21709858e0,-1.47323334e0,-1.59980800e-1,-9.09964108e-2
9508-9102,-8.59653949e-1,-3.24136655e-1,-2.25203779e0,-1.13134826e0,-1.62849255e0,-1.18797328e0,-1.70795383e-1,-6.58373640e-2
9509-12704,-2.27538435e-1,-3.57904625e-1,-2.91272440e-1,-8.83743008e-1,8.25942595e-2,-5.57137260e-1,-1.86956745e-2,-9.12768114e-2
9509-1901,4.59856228e-1,2.15057663e-1,1.18341572e0,7.51748304e-1,8.22994860e-1,7.91168206e-1,9.20839033e-2,4.35686976e-2
9509-1902,3.45161187e-1,2.59065252e-1,7.60713181e-1,8.53600488e-1,3.50948806e-1,8.14523849e-1,7.13380851e-2,5.77301728e-2
9509-3702,-5.24393758e-1,-3.31348445e-1,-1.21268508e0,-1.08586824e0,-6.62595676e-1,-1.03049462e0,-1.06235145e-1,-7.42497285e-2
9509-3703,2.44907005e0,1.42617459e0,5.51611779e0,4.10343282e0,3.12381949e0,3.14935447e0,4.54605024e-1,3.66143695e-1
9509-3704,-1.00450560e-1,-2.02821998e-2,-2.80906170e-1,-7.40844403e-2,-2.29567922e-1,-8.34945405e-2,-1.94378273e-2,-3.77386755e-3
9509-6101,-4.64141283e-1,-2.72713709e-1,-1.11468759e0,-9.18068249e-1,-6.65224476e-1,-9.09897438e-1,-9.41770515e-2,-5.87830330e-2
9509-6104,5.29232937e-1,3.37828000e-1,1.24677677e0,1.13273477e0,7.07653657e-1,1.11562525e0,1.07799075e-1,7.32526319e-2
9509-9101,-2.23592209e-1,-2.48324419e-1,-3.72959807e-1,-7.57740632e-1,3.10992500e-3,-6.30434820e-1,-4.59409634e-2,-6.09860636e-2
9509-9102,3.55280261e-2,6.82430502e-2,2.97790713e-2,1.93485585e-1,-5.11340937e-2,1.47353369e-1,5.71295379e-3,1.74175281e-2
9510-12702,-3.70727740e-2,1.00390171e-1,-2.39397939e-1,1.75368561e-1,-2.90253894e-1,-1.69191312e-3,-1.93363382e-2,3.21038760e-2
9510-12703,1.62621112e-1,5.01736940e-2,4.52386759e-1,2.18345093e-1,3.40415226e-1,2.78872366e-1,3.52352013e-2,6.88128622e-3
9510-12704,-3.89540778e-1,-1.52232171e-1,-1.02806323e0,-5.36700563e-1,-7.53518467e-1,-5.72575476e-1,-7.72809849e-2,-3.03670156e-2
9510-12705,1.08715164e-1,-1.65247237e-1,3.74061801e-1,-5.85206530e-1,4.07531072e-1,-6.28732646e-1,1.86196686e-2,-3.26907443e-2
9510-1902,1.50806908e-1,1.15845760e-2,4.21586100e-1,4.21514781e-2,3.44546907e-1,4.71802981e-2,2.91693534e-2,2.17445983e-3
9510-3701,-5.67336149e-1,-1.85683472e-1,-1.51973724e0,-6.58690504e-1,-1.14647280e0,-7.09160961e-1,-1.11964391e-1,-3.66320432e-2
9510-3702,-4.29390690e-1,-3.62230014e-1,-8.54051544e-1,-1.04578820e0,-3.27773874e-1,-8.14532799e-1,-7.83651785e-2,-9.21266129e-2
9510-3703,8.99252552e-1,3.91665929e-1,2.25538613e0,1.30241494e0,1.50787647e0,1.26761414e0,1.78906402e-1,8.59056368e-2
9510-6102,-1.16160980e-1,-1.09787136e-1,-2.23744859e-1,-3.49033747e-1,-5.36677788e-2,-3.13399466e-1,-2.41837443e-2,-2.56561074e-2
9510-9101,1.17049180e-1,7.26674456e-2,2.84249018e-1,2.48186596e-1,1.73839510e-1,2.52134546e-1,2.37328739e-2,1.52950722e-2
9511-12701,-6.55965671e-1,-3.78021273e-1,-1.56957996e0,-1.26286245e0,-9.31262735e-1,-1.23617086e0,-1.32863696e-1,-8.24300743e-2
9511-12702,-2.33407201e-1,-1.87950247e-1,-4.77762687e-1,-5.25966663e-1,-2.15318346e-1,-3.97870941e-1,-3.99726590e-2,-4.81406942e-2
9511-1901,7.32716657e-1,1.55456049e-1,2.01737801e0,5.56801909e-1,1.60464164e0,6.09089857e-1,1.42707770e-1,3.00898863e-2
9511-1902,4.33600737e0,1.10399869e0,1.17753053e1,3.91689515e0,9.13173213e0,4.22110192e0,8.49601824e-1,2.17628912e-1
9511-3701,2.25527162e-1,8.37472890e-2,5.99150310e-1,2.95926355e-1,4.45061568e-1,3.16867654e-1,4.46198132e-2,1.66349371e-2
9511-3703,-5.83719339e-2,-1.22253958e-1,-9.04405100e-2,-4.23971089e-1,2.93170133e-2,-4.40255404e-1,-1.35767476e-2,-2.51256741e-2
9511-3704,-4.97524089e-1,-2.98381550e-1,-1.18813601e0,-1.00383626e0,-6.98116822e-1,-9.93439142e-1,-1.01165674e-1,-6.43959733e-2
9511-6101,-3.05490617e-1,9.81242468e-4,-9.89575603e-1,-1.56611732e-1,-9.13819973e-1,-3.83262727e-1,-6.50805503e-2,1.45569522e-2
9511-6102,-3.98969145e-1,-3.22644060e-1,-8.41562162e-1,-1.03448513e0,-3.40011339e-1,-9.45568138e-1,-8.15538907e-2,-7.44767129e-2
9511-6103,-5.35641319e-1,-3.83157783e-1,-1.18101436e0,-1.24553440e0,-5.53484484e-1,-1.16263039e0,-1.09830539e-1,-8.69655808e-2
9511-9101,3.88282411e-1,3.44531215e-1,7.82554041e-1,1.06999738e0,2.77047545e-1,9.36263419e-1,7.67936966e-2,8.21016135e-2
9512-12701,3.29149986e-2,1.58236241e-1,-8.44053669e-2,3.52351949e-1,-2.14448644e-1,1.61990231e-1,-7.26980529e-3,4.45145875e-2
9512-12705,-3.69240743e-1,-4.47430748e-1,-5.75636228e-1,-1.30119000e0,3.99761755e-2,-1.01007758e0,-6.91562066e-2,-1.14065090e-1
9512-1901,7.83222407e-1,3.50786969e-1,2.04395095e0,1.23825425e0,1.46150633e0,1.32307367e0,1.56289649e-1,6.98332098e-2
9512-1902,4.86202398e-1,2.42460568e-1,1.23712107e0,8.44796645e-1,8.39080627e-1,8.84397864e-1,9.77615423e-2,4.94067307e-2
9512-3701,1.34932038e-1,7.78754720e-2,3.10224323e-1,2.31764287e-1,1.81749988e-1,1.88450095e-1,2.55534126e-2,1.94362345e-2
9512-3702,-3.40542177e-1,-2.25488999e-1,-7.94447931e-1,-7.56549756e-1,-4.37364758e-1,-7.45173364e-1,-6.96860211e-2,-4.88757897e-2
9512-3703,1.01125875e-1,-4.51522447e-3,2.97457249e-1,-1.21105204e-2,2.63976403e-1,-6.35958692e-3,1.91012448e-2,-1.30156564e-3
9512-3704,3.43113794e-2,1.43377182e-1,-4.16006875e-2,4.56100726e-1,-2.11838156e-1,4.09593654e-1,9.17135802e-3,3.34952474e-2
9512-6101,3.75403001e-1,4.16936291e-2,1.08071981e0,1.69322697e-1,9.22300460e-1,2.17709768e-1,7.21132747e-2,6.00976705e-3
9512-6102,-1.89198037e-1,1.06154179e-1,-7.16316093e-1,2.73657361e-1,-8.12272499e-1,1.36396570e-1,-3.47041633e-2,3.11067941e-2
9512-6103,3.28875906e-2,2.35949906e-1,-1.24826638e-1,7.75456990e-1,-3.97533418e-1,7.33361316e-1,1.20508519e-2,5.28952903e-2
9512-9101,3.32618363e-1,3.42247661e-1,6.07179267e-1,1.05662220e0,1.04442273e-1,9.06026188e-1,6.72447991e-2,8.25846511e-2
9513-12703,-4.22386576e-1,-2.96957949e-1,-1.00921612e0,-1.02392526e0,-5.85567839e-1,-1.05406606e0,-8.66906451e-2,-6.16138115e-2
9513-12704,-2.90728140e-1,-2.85884593e-1,-5.30628803e-1,-7.73550626e-1,-1.57923176e-1,-5.47871990e-1,-4.65486850e-2,-7.50378485e-2
9513-12705,-5.92329503e-1,-4.34651576e-1,-1.28374495e0,-1.37500399e0,-5.89193339e-1,-1.23278923e0,-1.18900612e-1,-1.01818663e-1
9513-1901,-1.85499087e-1,-2.25242395e-2,-5.18450569e-1,-8.15101358e-2,-4.23716442e-1,-9.05931078e-2,-3.58671702e-2,-4.27149734e-3
9513-1902,-2.09571777e-1,-8.83885238e-2,-5.31978319e-1,-2.99876003e-1,-3.62114214e-1,-3.00999274e-1,-4.18614912e-2,-1.88221200e-2
9513-3701,7.44633106e-2,2.61849322e-1,-8.40859543e-2,8.00333813e-1,-4.38838214e-1,6.60525288e-1,1.91450061e-2,6.45056814e-2
9513-3703,-4.08670539e-1,-1.76985420e-1,-1.03723509e0,-6.02546704e-1,-7.05219478e-1,-6.08249371e-1,-8.16948157e-2,-3.74789192e-2
9513-3704,2.00591729e0,5.32205554e-1,5.23825959e0,1.71695256e0,3.83209167e0,1.59200249e0,3.91851076e-1,1.21641526e-1
9513-6101,-3.17843091e-1,-1.79416068e-1,-7.76301772e-1,-6.09640027e-1,-4.82058595e-1,-6.13614150e-1,-6.43260816e-2,-3.81046553e-2
9513-6103,4.78783080e-1,6.10247932e-2,1.33961781e0,2.20062894e-1,1.09772973e0,2.43625034e-1,9.24502863e-2,1.16426172e-2
9513-6104,5.78441553e-1,2.88856817e-1,1.44222681e0,9.81908294e-1,9.42406412e-1,9.89067465e-1,1.16228103e-1,6.13073443e-2
9513-9101,6.58546067e-2,8.43722608e-2,1.05545489e-1,2.60830585e-1,-9.02303965e-3,2.25919201e-1,1.32956126e-2,2.02184462e-2
9513-9102,-7.51367560e-2,1.00087696e-1,-3.75589928e-1,1.92901563e-1,-4.49084727e-1,-1.60872182e-3,-2.03857344e-2,3.41206517e-2
9514-12701,1.40047861e-1,2.92661767e-1,8.25141165e-2,7.08653531e-1,-2.08795854e-1,4.10363763e-1,7.58836746e-3,7.92634623e-2
9514-12702,-5.93769569e-1,-2.94332804e-1,-1.48636013e0,-1.00798006e0,-9.76225449e-1,-1.02647773e0,-1.19576069e-1,-6.17633835e-2
9514-12703,-3.49588068e-1,-4.02162987e-1,-5.91733478e-1,-1.04538034e0,-1.23299421e-1,-7.15119531e-1,-4.62760552e-2,-1.04525465e-1
9514-1901,3.52120682e-1,3.51680272e-2,1.00291408e0,1.36017600e-1,8.44369621e-1,1.65485822e-1,6.76691903e-2,5.76016818e-3
9514-1902,-9.43374406e-1,-4.48623168e-1,-2.39328935e0,-1.55022375e0,-1.61668910e0,-1.60174543e0,-1.89486638e-1,-9.27294124e-2
9514-3701,4.29289763e-1,3.37406215e-1,9.36156235e-1,1.10167791e0,4.23965309e-1,1.03921789e0,8.79135895e-2,7.59917814e-2
9514-3702,9.13107546e-2,6.57403053e-2,2.14377270e-1,2.25195417e-1,1.18528560e-1,2.29339457e-1,1.88195485e-2,1.37916846e-2
9514-3703,-4.72907659e-1,-1.83222695e-1,-1.24853362e0,-6.48901797e-1,-9.13702056e-1,-6.96335840e-1,-9.40188802e-2,-3.62753672e-2
9514-3704,-1.93645356e-1,-7.29036297e-2,-5.12464367e-1,-2.57521706e-1,-3.77517128e-1,-2.75545207e-1,-3.83914619e-2,-1.44918654e-2
9514-6101,3.33436257e0,2.15902552e-1,9.33769776e0,7.78125854e-1,7.66081234e0,8.59587351e-1,6.43862168e-1,4.12755863e-2
9514-6102,2.25143646e0,7.37780859e-1,5.90718728e0,2.45108783e0,4.36583089e0,2.42039051e0,4.37037002e-1,1.60196789e-1
9514-6103,-2.01351811e-1,1.00529527e-1,-6.95374933e-1,3.09107371e-1,-7.44741416e-1,2.55638653e-1,-3.58948905e-2,2.46864295e-2
9514-9101,2.03206380e-2,-4.12107523e-2,1.29114448e-1,-7.14515889e-2,1.67412023e-1,1.61316684e-2,7.06231184e-3,-1.43576177e-2
9514-9102,7.82663148e-2,1.88653369e-2,2.29808691e-1,7.92276117e-2,1.98798205e-1,1.04855147e-1,1.52384460e-2,2.47908072e-3
9862-12701,3.08463942e0,1.16832448e0,7.90460674e0,3.91289621e0,5.52660219e0,3.86191822e0,6.10108320e-1,2.53087713e-1
9862-12702,2.14393836e0,6.83119083e-1,5.58384809e0,2.28821403e0,4.03517485e0,2.25981530e0,4.22018346e-1,1.47940111e-1
9862-12703,-6.84888599e-1,-2.87545286e-1,-1.76646125e0,-9.96016681e-1,-1.23782692e0,-1.03336880e0,-1.36711780e-1,-5.91809806e-2
9862-3701,7.98081684e-1,1.50993259e-1,2.20853360e0,5.44361853e-1,1.77204649e0,6.01321243e-1,1.55154209e-1,2.88578273e-2
9862-3702,1.28237630e0,4.10505344e-1,3.40264010e0,1.42730209e0,2.53042684e0,1.49106792e0,2.52978656e-1,8.38934092e-2
9862-3703,2.39958000e0,7.84110368e-1,6.33821121e0,2.73396153e0,4.66183788e0,2.86574066e0,4.75129499e-1,1.59568202e-1
9862-6101,3.15971523e0,6.22141506e-1,8.66004407e0,2.20498337e0,6.83634498e0,2.37317077e0,6.16187828e-1,1.22855425e-1
9862-6103,3.60367562e0,7.05494941e-1,9.83922350e0,2.48884177e0,7.71247198e0,2.65794970e0,7.04003641e-1,1.40565378e-1
9862-6104,1.77924192e0,9.19689909e-1,4.41473404e0,3.13013769e0,2.84914719e0,3.15876499e0,3.58338824e-1,1.94826048e-1
9862-9101,-4.60627585e-1,-3.28779166e-1,-1.01048141e0,-1.03388637e0,-4.89595301e-1,-9.22641241e-1,-9.12952754e-2,-7.72955609e-2
9862-9102,1.81689006e0,7.17447225e-1,4.59580697e0,2.37920763e0,3.13013960e0,2.30540281e0,3.60542951e-1,1.57976674e-1
9863-12701,-9.47674016e-2,2.31484759e-1,-5.77356903e-1,6.57706960e-1,-8.51622557e-1,4.58205936e-1,-1.50362495e-2,6.17612844e-2
9863-12702,4.75216361e-1,2.26415774e-1,1.15158736e0,7.19437917e-1,7.26923597e-1,6.52099263e-1,9.34784234e-2,5.26604956e-2
9863-12705,1.65501930e0,5.99113951e-1,4.24997577e0,1.98869845e0,2.99439164e0,1.93925388e0,3.25887923e-1,1.31292159e-1
9863-1901,3.44325899e0,4.88358729e-1,9.56952950e0,1.75490712e0,7.74349624e0,1.92950483e0,6.67540549e-1,9.39200726e-2
9863-3701,3.57026139e0,7.39048954e-1,9.70166851e0,2.57700471e0,7.55067912e0,2.70502041e0,6.97639529e-1,1.50259389e-1
9863-3702,4.22714849e0,1.57453299e0,1.09934696e1,5.43040211e0,7.85265263e0,5.59740759e0,8.39979283e-1,3.26377817e-1
9863-3703,4.01957159e0,1.35490380e0,1.05903338e1,4.71375487e0,7.75421057e0,4.92433293e0,7.96255027e-1,2.76772069e-1
9863-6101,1.19519475e-1,3.41255802e-2,3.15846431e-1,1.15124455e-1,2.34504811e-1,1.14661660e-1,2.34707658e-2,7.32656079e-3
9863-6103,1.61260104e0,4.86528330e-1,4.31417705e0,1.70183776e0,3.25850763e0,1.79572209e0,3.17220282e-1,9.83488462e-2
9863-6104,3.43013868e0,8.49508431e-1,9.31796469e0,3.01005921e0,7.23108174e0,3.23698516e0,6.71937008e-1,1.67880565e-1
9863-9101,-5.14744768e-1,-2.96325095e-1,-1.23446929e0,-9.93643070e-1,-7.34876847e-1,-9.78143172e-1,-1.04404486e-1,-6.42716435e-2
9863-9102,-5.90248420e-1,-2.80356644e-1,-1.48818851e0,-9.59697323e-1,-9.95172539e-1,-9.77957644e-1,-1.18381691e-1,-5.88131706e-2
9864-12702,1.67331126e0,7.89590181e-2,4.72263902e0,2.97324441e-1,3.92446159e0,3.49523774e-1,3.22141401e-1,1.37666347e-2
9864-12703,-3.94552156e-1,-3.23725657e-1,-8.04129972e-1,-9.72333379e-1,-3.16424252e-1,-8.07023607e-1,-7.54742280e-2,-7.96481102e-2
9864-12704,4.19875830e-1,3.43019623e-1,8.77116403e-1,1.02938043e0,3.86466823e-1,8.69846670e-1,7.79723887e-2,8.32690422e-2
9864-12705,1.17487012e-2,-7.29561735e-2,1.56672301e-1,-1.69320717e-1,2.61484189e-1,-5.38670675e-2,3.05731119e-3,-2.28218903e-2
9864-1901,2.45670772e-1,2.51967170e-1,4.64324804e-1,8.25485526e-1,8.03183712e-2,7.77623746e-1,5.29344137e-2,5.66960001e-2
9864-3701,3.41258629e0,3.03667083e-1,9.52759095e0,1.08511553e0,7.77676073e0,1.18333497e0,6.59751385e-1,5.90246821e-2
9864-3702,-6.31704077e-1,-1.74691271e-1,-1.71552872e0,-6.22070080e-1,-1.32988374e0,-6.74260806e-1,-1.23822238e-1,-3.41973031e-2
9864-3703,-4.57862720e-1,-2.22214608e-1,-1.15850873e0,-7.83092518e-1,-7.66009657e-1,-8.23863093e-1,-9.37346339e-2,-4.48836643e-2
9864-6102,5.03877262e-1,5.16549380e-1,9.34386430e-1,1.66889025e0,1.38308577e-1,1.52102984e0,1.08968849e-1,1.19393985e-1
9864-6103,-4.40287141e-2,1.46312763e-1,-3.38361410e-1,3.43437965e-1,-4.92272997e-1,1.36749943e-1,-1.28720490e-2,4.43320563e-2
9864-9101,1.04908443e0,4.63450398e-1,2.63445332e0,1.53809347e0,1.77226650e0,1.49985870e0,2.07617346e-1,1.01574053e-1
9864-9102,-2.49768826e-1,-1.30459537e-2,-7.74794030e-1,-1.22755011e-1,-7.04377642e-1,-2.41890964e-1,-4.99986770e-2,4.64277056e-3
9865-12703,-1.07824486e-3,-2.91607172e-1,2.55203196e-1,-9.44526900e-1,5.47189900e-1,-8.75853396e-1,-5.51710386e-3,-6.65216998e-2
9865-12704,-5.13106824e-1,-1.29148336e-1,-1.40751148e0,-4.66166845e-1,-1.10957011e0,-5.15156846e-1,-1.00338858e-1,-2.46506840e-2
9865-1902,-3.41819723e-1,-1.24007257e-1,-8.86824632e-1,-4.23300053e-1,-6.32142900e-1,-4.29273068e-1,-6.78054560e-2,-2.61439055e-2
9865-3701,-2.29616359e-1,-1.34119892e-1,-5.41630332e-1,-4.40311168e-1,-3.12768912e-1,-4.19215966e-1,-4.63012946e-2,-2.99750662e-2
9865-3702,-2.27392576e-1,-1.18982843e-1,-5.46575108e-1,-3.83920535e-1,-3.36289764e-1,-3.57008064e-1,-4.50539244e-2,-2.71393977e-2
9865-3703,-2.07467630e-1,-1.76875300e-1,-4.39704596e-1,-5.88930150e-1,-1.68783600e-1,-5.71086368e-1,-4.37378210e-2,-3.88457693e-2
9865-3704,-3.83694969e-1,-9.96765940e-2,-1.04200180e0,-3.53333311e-1,-8.08348535e-1,-3.80333759e-1,-7.51556912e-2,-1.96787659e-2
9865-6101,-1.47561781e-2,8.92786253e-2,-1.29890810e-1,2.86773322e-1,-2.24085945e-1,2.60445955e-1,-8.24067703e-4,2.06606903e-2
9865-6103,4.26920477e-1,5.19752179e-1,7.47203258e-1,1.69892031e0,1.76290188e-2,1.59724240e0,9.26793713e-2,1.17211677e-1
9865-6104,8.48449868e-1,2.21637502e-1,2.28576020e0,7.83803117e-1,1.74295636e0,8.36677923e-1,1.67244817e-1,4.41149279e-2
9865-9102,-2.99401447e-1,-1.49117802e-1,-7.17759546e-1,-4.62035493e-1,-4.50044656e-1,-4.04810309e-1,-5.78559328e-2,-3.55451520e-2
9866-12701,5.74510499e-1,2.98767157e-1,1.43467739e0,1.06729153e0,9.04989803e-1,1.13413128e0,1.20220883e-1,5.94767146e-2
9866-12705,5.57971622e-2,8.59899904e-2,6.32061002e-2,1.64989716e-1,-4.07282576e-3,4.13426796e-2,-1.40796781e-4,2.55843752e-2
9866-1901,3.35108863e0,8.08932073e-1,9.07353603e0,2.83899854e0,7.00766935e0,3.00877561e0,6.56488782e-1,1.62649611e-1
9866-1902,-8.42516905e-1,-3.40679257e-1,-2.19968785e0,-1.19259514e0,-1.57803978e0,-1.25800792e0,-1.67747331e-1,-6.88409103e-2
9866-3701,6.22958984e-2,1.26882761e-1,5.16593486e-2,3.98915182e-1,-1.13117250e-1,3.50987837e-1,1.39830725e-2,3.00759422e-2
9866-3703,6.73488238e-2,7.99326816e-2,9.11068577e-2,2.25028084e-1,-3.73991806e-2,1.55591608e-1,1.33331770e-2,2.14158323e-2
9866-6102,1.00984039e0,6.37153062e-1,2.39524791e0,2.14933429e0,1.37928458e0,2.13650328e0,2.05964635e-1,1.36934753e-1
9866-6103,-9.32579509e-1,-3.55951014e-1,-2.44862744e0,-1.24680835e0,-1.77777582e0,-1.31657932e0,-1.85227207e-1,-7.18449897e-2
9867-12701,-1.26195320e-1,-8.89570645e-2,-2.80648726e-1,-2.92030791e-1,-1.34979147e-1,-2.74816946e-1,-2.61541824e-2,-2.02452649e-2
9867-12702,-3.91452021e-3,1.82437846e-1,-2.26703346e-1,3.88307707e-1,-3.57300439e-1,1.45664142e-1,-1.74383424e-2,5.31262246e-2
9867-12703,-7.47667839e-1,-5.09140044e-1,-1.69488155e0,-1.66654426e0,-8.71872380e-1,-1.57776849e0,-1.52196470e-1,-1.14305544e-1
9867-1901,1.28077097e0,8.65830395e-1,3.03604598e0,2.96720217e0,1.72404900e0,3.02272482e0,2.63411502e-1,1.81555546e-1
9867-1902,7.88260163e0,1.25542975e0,2.18863467e1,4.50989624e0,1.76803591e1,4.95657694e0,1.52881835e0,2.41580893e-1
9867-3703,-3.43990970e-1,-1.60812671e-1,-8.61488024e-1,-5.41446889e-1,-5.71737167e-1,-5.38173225e-1,-6.86789052e-2,-3.45973168e-2
9867-3704,-7.86530924e-1,-4.73228180e-1,-1.87991065e0,-1.59442060e0,-1.10632467e0,-1.58183242e0,-1.59966373e-1,-1.01893753e-1
9867-6101,2.20535351e-2,-3.06886311e-2,1.03845291e-1,-9.04283559e-2,1.38904767e-1,-6.81349700e-2,3.51601633e-3,-7.91071646e-3
9867-6102,3.55562061e-1,1.70211367e-1,9.20917254e-1,6.00318012e-1,6.47657743e-1,6.40486443e-1,7.11915230e-2,3.39414945e-2
9867-6103,-8.92484875e-2,-5.06565779e-2,-2.26709428e-1,-1.78120170e-1,-1.52716270e-1,-1.89180155e-1,-1.79994769e-2,-1.01556463e-2
9867-6104,5.28636140e-1,2.76796493e-1,1.31406703e0,9.48305550e-1,8.48593020e-1,9.66459977e-1,1.06728524e-1,5.80388839e-2
9867-9101,4.41347661e-1,3.63040753e-1,9.14704136e-1,1.12642079e0,3.66085831e-1,9.83656191e-1,8.70977155e-2,8.66105571e-2
9867-9102,-3.04522521e-1,-1.13453087e-2,-1.00545255e0,-2.72533891e-1,-9.04773305e-1,-5.85580267e-1,-7.10220819e-2,1.75687013e-2
9868-12701,-1.85628667e-1,-1.82992397e-2,-5.49492621e-1,-1.27320821e-1,-4.59127856e-1,-2.02837389e-1,-4.06172523e-2,6.21474740e-4
9868-12703,-1.66726109e-1,-3.71156828e-3,-5.35517204e-1,-1.17917213e-1,-4.74398038e-1,-2.58446678e-1,-3.77522587e-2,8.20738512e-3
9868-12705,-3.77528363e-1,-3.72691354e-1,-6.90225198e-1,-1.13176462e0,-1.28507540e-1,-9.41331526e-1,-7.53695824e-2,-9.16081782e-2
9868-1901,1.96143059e1,1.52658181e0,5.48964723e1,5.50152649e0,4.49905291e1,6.07684067e0,3.78867380e0,2.91886426e-1
9868-1902,-4.32331352e-1,-1.79211151e-1,-1.11297932e0,-6.18382097e-1,-7.77516053e-1,-6.37647652e-1,-8.62872815e-2,-3.71264502e-2
9868-3701,-3.62996701e-1,-8.57648335e-2,-1.04476846e0,-3.79904994e-1,-8.53582466e-1,-5.11364661e-1,-7.41548175e-2,-1.00595002e-2
9868-3702,-6.39240927e-1,-2.43134830e-1,-1.68709318e0,-8.60344106e-1,-1.23363066e0,-9.21537759e-1,-1.27137021e-1,-4.82324610e-2
9868-3703,2.53717972e-1,2.68906255e-1,4.83340449e-1,8.75578302e-1,9.90181948e-2,8.19480675e-1,5.37141252e-2,6.08994365e-2
9868-6101,-1.10913903e-1,-3.25019863e-2,-2.96207285e-1,-1.13529372e-1,-2.22844029e-1,-1.19431147e-1,-2.18474916e-2,-6.59004869e-3
9868-6102,-3.27114790e-1,-1.51641242e-1,-8.22022584e-1,-5.15441475e-1,-5.46592694e-1,-5.18901272e-1,-6.56024771e-2,-3.21968031e-2
9868-6103,-4.30232025e-1,-2.08521156e-1,-1.08591543e0,-7.18066936e-1,-7.25836825e-1,-7.37872565e-1,-8.64989193e-2,-4.33517577e-2
9868-6104,-9.29237889e-1,-3.33424221e-1,-2.45508609e0,-1.17050176e0,-1.80482994e0,-1.24034304e0,-1.84144413e-1,-6.70301023e-2
9868-9101,-7.54807592e-2,9.36148859e-2,-3.48266179e-1,2.17946496e-1,-4.23712507e-1,9.15130308e-2,-1.82181009e-2,2.77936238e-2
9868-9102,-2.61662161e-1,-1.84113595e-1,-5.83228380e-1,-5.97652246e-1,-2.85835628e-1,-5.57633639e-1,-5.32840971e-2,-4.18247376e-2
9869-12702,1.74736165e-2,-7.30574216e-2,1.38269481e-1,-2.06795469e-1,2.16447171e-1,-1.47254902e-1,3.19078402e-3,-1.93508676e-2
9869-12704,7.59830915e-1,6.23187368e-1,1.81636788e0,1.52863338e0,1.26899325e0,1.23009870e0,6.51355877e-2,1.29905839e-1
9869-1902,2.83014330e-1,5.81714165e-1,2.14058229e-1,1.84935890e0,-5.79985397e-1,1.64932894e0,6.66394897e-2,1.36423624e-1
9869-3701,2.60218339e-1,3.27395223e-1,4.39629210e-1,1.06485329e0,-2.13385706e-2,9.92824088e-1,5.66324294e-2,7.43314510e-2
9869-3702,1.76732946e0,6.90459351e-1,4.67827561e0,2.43981018e0,3.44936906e0,2.61258438e0,3.50230738e-1,1.37142010e-1
9869-3704,-3.03061348e-1,-1.52909085e-1,-7.44833735e-1,-5.17927505e-1,-4.68412526e-1,-5.14780150e-1,-6.15758994e-2,-3.28358642e-2
9869-6101,-1.10685636e-2,-5.72094592e-2,4.87109695e-2,-1.55955537e-1,1.32853358e-1,-9.76887055e-2,-2.53807702e-3,-1.58423317e-2
9869-6103,-5.18369622e-1,-2.76888102e-1,-1.27649910e0,-9.43304183e-1,-8.07012633e-1,-9.52481616e-1,-1.04859536e-1,-5.85995698e-2
9869-6104,2.14326584e0,6.85691637e-1,5.54683692e0,2.25615630e0,3.97503980e0,2.16161890e0,4.21105719e-1,1.52562354e-1
9869-9102,-7.36306273e-1,-3.89273413e-1,-1.81614719e0,-1.32546787e0,-1.15348351e0,-1.33751875e0,-1.48790631e-1,-8.24431509e-2
9870-12702,-1.94459231e-1,-9.72351009e-2,-4.71348784e-1,-3.15487254e-1,-3.08999341e-1,-2.93177704e-1,-3.89157276e-2,-2.40307651e-2
9870-12703,1.74863181e-1,2.70203595e-1,2.16682971e-1,7.19136604e-1,-9.01994006e-2,5.01232334e-1,2.29819295e-2,7.06796679e-2
9870-1901,4.46999485e-1,1.12533254e-1,1.22748872e0,4.04060544e-1,9.71220313e-1,4.43661089e-1,8.72042902e-2,2.16779546e-2
9870-1902,-5.01027735e-1,-2.46241321e-1,-1.25888891e0,-8.44608224e-1,-8.34086298e-1,-8.62640263e-1,-1.00753949e-1,-5.15239747e-2
9870-3701,1.17564322e-1,7.98061512e-3,3.06950459e-1,1.26119733e-2,2.26246507e-1,-1.13265076e-2,2.28306364e-2,3.15834717e-3
9870-3703,-4.36788590e-1,2.59822550e-2,-1.32956156e0,4.53547130e-2,-1.22974413e0,-2.81527858e-2,-8.20903838e-2,9.94503282e-3
9870-3704,-6.94980342e-2,-7.61691505e-2,-1.53668236e-1,-2.66283447e-1,-6.75226319e-2,-2.80149587e-1,-1.47576577e-2,-1.54329854e-2
9870-6101,6.71825809e-1,6.76420376e-1,1.35345483e0,2.25600495e0,3.94991613e-1,2.19636318e0,1.43219813e-1,1.48086762e-1
9870-6103,5.34278893e-1,3.84319853e-1,1.22396929e0,1.29070332e0,6.36638715e-1,1.27330767e0,1.09968238e-1,8.31790479e-2
9870-6104,-4.00334782e-2,-2.13062074e-2,-9.76266377e-2,-6.85724620e-2,-6.29237513e-2,-6.36182080e-2,-7.83733299e-3,-4.87534970e-3
9870-9101,-7.01117316e-1,-4.31017172e-1,-1.66207608e0,-1.44865773e0,-9.56732870e-1,-1.43087898e0,-1.42923609e-1,-9.31785291e-2
9871-12701,-3.27914597e-1,-8.08481238e-2,-9.36141952e-1,-4.05285240e-1,-7.17418203e-1,-5.63913124e-1,-7.37074008e-2,-7.19395335e-3
9871-12703,-6.41653680e-1,-5.95690760e-1,-1.22328110e0,-1.79524165e0,-3.35686596e-1,-1.48432351e0,-1.25181042e-1,-1.46959621e-1
9871-1901,-8.06805209e-1,-2.97196953e-1,-2.12544702e0,-1.04166572e0,-1.55373444e0,-1.10108131e0,-1.60030417e-1,-5.99173766e-2
9871-3701,-6.87636028e-1,-3.31690852e-1,-1.72827223e0,-1.13740450e0,-1.14517351e0,-1.16076898e0,-1.38339653e-1,-6.94490947e-2
9871-3702,-5.53023463e-1,-1.94230614e-1,-1.46986869e0,-6.86732785e-1,-1.09185554e0,-7.35480853e-1,-1.09494999e-1,-3.85569810e-2
9871-3703,-4.50407301e-2,6.15498212e-2,-1.81523724e-1,2.03777846e-1,-2.24694138e-1,1.95458489e-1,-7.20852943e-3,1.36407851e-2
9871-6101,-7.55332590e-3,-2.95785551e-3,-1.60888049e-2,-8.37641141e-3,-6.58175529e-3,-5.58099661e-3,-1.56424580e-3,-7.99573111e-4
9871-6102,-3.78874123e-1,-5.57042944e-2,-1.08606609e0,-2.22569793e-1,-9.18239567e-1,-2.80116408e-1,-7.31556845e-2,-8.43935869e-3
9871-6103,1.79203444e-1,1.24549978e-1,4.21480864e-1,4.22965100e-1,2.36396520e-1,4.25381255e-1,3.66881531e-2,2.64738127e-2
9871-6104,4.18053290e-1,1.80615770e-2,1.18813483e0,7.03103828e-2,9.99143810e-1,8.65665406e-2,8.01975051e-2,2.89986811e-3
9871-9101,-3.94133322e-1,-1.68502921e-1,-9.99896115e-1,-5.71176898e-1,-6.80505374e-1,-5.72941821e-1,-7.86565459e-2,-3.59151133e-2
9871-9102,4.35820061e-1,-2.09911851e-2,1.28324162e0,-5.32581976e-2,1.13800034e0,-2.19741718e-2,8.25234885e-2,-6.34081033e-3
9872-12704,-5.07493131e-1,-4.40665874e-1,-9.96239646e-1,-1.27882446e0,-3.56273974e-1,-1.00505870e0,-9.31503506e-2,-1.11515197e-1
9872-12705,-3.53993224e-1,-2.27855062e-1,-8.34976795e-1,-7.67670192e-1,-4.73609526e-1,-7.61510095e-1,-7.22923293e-2,-4.90655934e-2
9872-1901,-5.80591240e-1,-2.06540499e-1,-1.53367783e0,-7.24317499e-1,-1.12728679e0,-7.66267534e-1,-1.15042577e-1,-4.16001478e-2
9872-1902,-1.55199178e-2,-6.60423977e-2,1.95610075e-2,-2.17277183e-1,1.02540624e-1,-2.05616716e-1,-4.72632848e-3,-1.47912596e-2
9872-3701,-3.85318076e-1,-2.64268147e-2,-1.10593531e0,-1.07147872e-1,-9.43017432e-1,-1.37995254e-1,-7.37749728e-2,-3.81327271e-3
9872-3702,-9.26548155e-1,-4.73991883e-1,-2.31103221e0,-1.62524261e0,-1.50394891e0,-1.65845572e0,-1.86909921e-1,-9.92551866e-2
9872-3703,4.19927203e0,1.03906275e0,1.14422621e1,3.68361830e0,8.93618728e0,3.96728912e0,8.20952977e-1,2.05046294e-1
9872-6101,-8.29477241e-1,-4.55120849e-1,-2.02333872e0,-1.54081340e0,-1.25295290e0,-1.54056090e0,-1.67920034e-1,-9.72668827e-2
9872-6102,-6.29751107e-1,-4.02704449e-1,-1.45537788e0,-1.32618141e0,-7.89774440e-1,-1.26748151e0,-1.28062809e-1,-8.96793028e-2
9872-6104,-9.11886845e-1,-4.34633002e-1,-2.30538480e0,-1.49699385e0,-1.54649332e0,-1.53871717e0,-1.83250768e-1,-9.03329330e-2
9872-9101,1.33376978e0,6.12594801e-1,3.36786060e0,2.08723005e0,2.26445150e0,2.11101080e0,2.66965482e-1,1.29505798e-1
9872-9102,1.15515713e0,6.13391804e-1,2.82038113e0,2.06190340e0,1.75795652e0,2.03907610e0,2.33019030e-1,1.32500269e-1
9873-12701,3.39438555e0,8.82478631e-1,9.18838597e0,3.11487908e0,7.08712325e0,3.33044616e0,6.65575093e-1,1.75615123e-1
9873-12702,-5.40895640e-1,-2.40369151e-1,-1.38445997e0,-8.29062546e-1,-9.55934848e-1,-8.55196981e-1,-1.08069455e-1,-4.97953843e-2
9873-12703,4.96566475e0,8.78886518e-1,1.35452336e1,3.00299510e0,1.06565182e1,3.07021253e0,9.64297943e-1,1.84178581e-1
9873-12705,2.44580918e0,5.99229613e-1,6.57484754e0,2.04062184e0,5.04376890e0,2.07573530e0,4.76709669e-1,1.26223252e-1
9873-1902,1.00790136e1,1.64698141e0,2.78698097e1,5.88315325e0,2.23509205e1,6.40906264e0,1.95832526e0,3.20448897e-1
9873-3702,1.85056128e0,9.10509704e-1,4.50690321e0,2.96624874e0,2.84177572e0,2.79421784e0,3.68102535e-1,2.05433323e-1
9873-3703,9.91850876e0,1.61672323e0,2.73467675e1,5.73918308e0,2.18252279e1,6.19255863e0,1.92895664e0,3.18294897e-1
9873-3704,2.29471744e0,8.17121759e-1,5.93022087e0,2.76120288e0,4.20464315e0,2.75769806e0,4.54535493e-1,1.74944426e-1
9873-6102,1.74707581e0,6.50122258e-1,4.43319551e0,2.12501039e0,3.05671490e0,2.01252273e0,3.44594741e-1,1.46041240e-1
9873-6103,3.08588067e0,1.12427225e0,8.08806049e0,3.90089160e0,5.86689640e0,4.06085232e0,6.11763782e-1,2.30621520e-1
9874-12701,3.35577016e0,1.33127846e0,8.73584399e0,4.64003323e0,6.23309007e0,4.85966227e0,6.68536320e-1,2.71143883e-1
9874-12702,4.29468823e0,8.62034436e-1,1.17858709e1,3.06491235e0,9.32327308e0,3.31458271e0,8.37286982e-1,1.69231187e-1
9874-12703,1.47995624e0,7.77876116e-1,3.51985565e0,2.52714015e0,2.08175245e0,2.35841475e0,2.97555909e-1,1.76633619e-1
9874-1901,3.87522845e0,1.11127206e0,1.05104590e1,3.95686141e0,8.12764177e0,4.28830085e0,7.60046686e-1,2.17575475e-1
9874-1902,1.43490280e0,1.86971331e-1,3.99409136e0,6.71088516e-1,3.24169820e0,7.36663665e-1,2.77907280e-1,3.60364650e-2
9874-3701,1.18708244e0,5.87054425e-1,2.98946882e0,2.02519477e0,1.98556109e0,2.08654948e0,2.39076760e-1,1.21699572e-1
9874-3702,3.39149946e0,9.28699128e-1,9.15714453e0,3.27617464e0,7.02882520e0,3.49979261e0,6.65732880e-1,1.85005423e-1
9874-3703,1.63425339e0,5.45700067e-1,4.37058247e0,1.92978275e0,3.29012987e0,2.06904225e0,3.22385524e-1,1.08230792e-1
9874-3704,2.11814981e0,5.80265059e-1,5.62475076e0,1.99079098e0,4.19613351e0,2.03464365e0,4.17132194e-1,1.21351243e-1
9874-6101,3.64562113e0,1.10652453e0,9.67540491e0,3.82582629e0,7.20660083e0,3.96291997e0,7.18303701e-1,2.28265762e-1
9874-6102,1.41538792e0,1.51591571e0,2.36960045e0,4.40664742e0,1.45219541e-1,3.37909295e0,2.70897516e-1,3.89043218e-1
9874-6103,1.94020557e0,5.94263895e-1,5.21856156e0,2.10576588e0,3.97174985e0,2.26459484e0,3.81890029e-1,1.17429918e-1
9874-6104,1.19760372e0,4.39950492e-1,3.12328715e0,1.52967017e0,2.23689327e0,1.59535332e0,2.38428207e-1,9.00046743e-2
9874-9101,2.26254432e0,7.66399673e-1,5.98144378e0,2.66599243e0,4.41518564e0,2.78728415e0,4.47037635e-1,1.56491725e-1
9874-9102,5.45479128e0,1.12306789e0,1.48049161e1,3.89010797e0,1.15112579e1,4.04680253e0,1.06484389e0,2.30736684e-1
9875-12701,2.16007548e0,1.34919196e0,4.90509678e0,4.30548474e0,2.58758241e0,3.90984128e0,4.33695853e-1,3.13035371e-1
9875-12702,4.08979677e0,7.10306464e-1,1.12982134e1,2.53580198e0,9.04648030e0,2.76043058e0,7.94890268e-1,1.38342411e-1
9875-12703,3.94960145e0,2.80552731e0,8.43570947e0,8.45496062e0,3.90247501e0,7.01091883e0,7.63674714e-1,6.91310752e-1
9875-12704,-5.11983283e-1,-4.18656479e-1,-1.05193115e0,-1.30790222e0,-3.94879304e-1,-1.14389310e0,-1.03189226e-1,-9.97847931e-2
9875-1901,5.75920638e0,1.19210838e0,1.57801140e1,4.23799060e0,1.24452725e1,4.58199671e0,1.12375124e0,2.34093662e-1
9875-1902,1.00868898e0,8.86889840e-1,2.22350213e0,3.02624420e0,9.87867995e-1,3.05988803e0,2.12273352e-1,1.87344621e-1
9875-3702,2.84687299e0,7.09556989e-1,7.70239470e0,2.49059666e0,5.94050202e0,2.64027363e0,5.57856726e-1,1.42627202e-1
9875-3703,3.15905067e0,9.84966577e-1,8.36557469e0,3.42502877e0,6.19005795e0,3.57585477e0,6.24348950e-1,2.01353286e-1
9875-3704,1.13569401e0,3.80364863e-1,3.02665697e0,1.34167940e0,2.26272676e0,1.43232398e0,2.24378010e-1,7.58103195e-2
9875-6101,4.68789494e-1,3.08832893e-1,1.08652189e0,1.01530425e0,6.00121043e-1,9.72762187e-1,9.44761123e-2,6.87080828e-2
9875-6104,3.47470766e0,1.09320781e0,9.29822279e0,3.85085848e0,7.01320196e0,4.10378213e0,6.84793057e-1,2.18378065e-1
9875-9101,3.34296540e0,7.76705200e-1,9.11811774e0,2.75643823e0,7.13099623e0,2.97211470e0,6.53597545e-1,1.53021524e-1
9876-12701,2.43500897e0,9.98096837e-1,6.14127527e0,3.26367586e0,4.19596900e0,3.11721424e0,4.78084884e-1,2.22874364e-1
9876-12702,3.77071853e-1,3.26788145e-1,7.55831452e-1,1.03310843e0,2.41262275e-1,9.18305283e-1,7.75381058e-2,7.69392826e-2
9876-12704,1.56515967e0,1.08369002e0,3.40986203e0,3.39643506e0,1.59952022e0,2.98518923e0,3.13805417e-1,2.57305724e-1
9876-12705,-2.34942508e-1,-3.83495038e-2,-6.82287027e-1,-2.25297670e-1,-5.38293283e-1,-3.36670952e-1,-5.29550534e-2,-1.12925302e-3
9876-3701,-2.78141113e-1,-3.39461048e-2,-7.96371266e-1,-1.28342890e-1,-6.79096996e-1,-1.54741860e-1,-5.29254341e-2,-5.73475995e-3
9876-3702,-5.50433326e-1,-3.66430309e-1,-1.25996142e0,-1.20954972e0,-6.62073070e-1,-1.15985015e0,-1.12446133e-1,-8.13542838e-2
9876-3703,-4.10837870e-1,-2.39771636e-1,-9.82546736e-1,-8.05581312e-1,-5.79277052e-1,-7.95000933e-1,-8.35458190e-2,-5.18725428e-2
9876-3704,1.88824260e0,7.11509522e-1,4.96278032e0,2.49163404e0,3.61117600e0,2.63042940e0,3.74815051e-1,1.43659157e-1
9876-6101,-6.54203661e-1,-4.78402523e-1,-1.42957664e0,-1.53424021e0,-6.63512314e-1,-1.40493333e0,-1.32600252e-1,-1.10303985e-1
9876-6102,3.09994186e0,1.03754571e0,8.17032305e0,3.60793369e0,5.98738063e0,3.76627913e0,6.13925852e-1,2.12119332e-1
9876-6103,8.06782862e-1,4.21514813e-1,2.01627244e0,1.44993998e0,1.31722896e0,1.48717282e0,1.62747148e-1,8.78003788e-2
9876-9102,2.88831612e0,7.32036290e-1,7.76186817e0,2.51946577e0,5.93492353e0,2.59857275e0,5.64851007e-1,1.51859913e-1
9877-12701,2.84701037e0,6.41415565e-1,7.67934363e0,2.20470940e0,5.91070253e0,2.26857397e0,5.56229277e-1,1.33381415e-1
9877-12702,1.55265156e0,7.82727221e-1,3.82061888e0,2.60690255e0,2.44556765e0,2.54633488e0,3.10407730e-1,1.71160574e-1
9877-12703,7.64042018e-1,2.23861057e-1,2.05433123e0,7.86164844e-1,1.56653205e0,8.34293765e-1,1.50072440e-1,4.49735127e-2
9877-12704,3.85963123e0,1.80079230e-1,1.08222593e1,6.49620311e-1,8.89871470e0,7.18678576e-1,7.44801071e-1,3.43624080e-2
9877-1901,4.12476671e0,7.03868851e-1,1.13722991e1,2.50637232e0,9.07292201e0,2.71695325e0,8.02452399e-1,1.37783061e-1
9877-1902,6.12979838e0,2.41553638e0,1.59128561e1,8.38335189e0,1.12984381e1,8.72210107e0,1.22138227e0,4.95585642e-1
9877-3701,1.61322188e0,6.40372935e-1,4.14976701e0,2.19263388e0,2.90092060e0,2.23394464e0,3.21389054e-1,1.34350489e-1
9877-3702,-5.03001594e-1,-2.25258142e-1,-1.29759485e0,-7.85863056e-1,-9.07853622e-1,-8.24570964e-1,-1.00567848e-1,-4.57915174e-2
9877-3703,1.62686595e0,4.67970381e-1,4.35858938e0,1.63505715e0,3.30075546e0,1.72093336e0,3.19932644e-1,9.48380536e-2
9877-3704,2.56688543e0,8.24801827e-1,6.89061365e0,2.92117476e0,5.22515843e0,3.13931977e0,5.05588736e-1,1.63130786e-1
9877-6101,1.07261630e0,4.49231404e-1,2.79495759e0,1.57350703e0,1.99659633e0,1.66140744e0,2.13745777e-1,9.06796019e-2
9877-6102,5.78067940e0,1.54997138e0,1.54667297e1,5.38289233e0,1.16888019e1,5.61072491e0,1.13687094e0,3.17484901e-1
9877-6103,3.35674442e0,8.33678630e-1,9.03083326e0,2.90142405e0,6.89691489e0,3.03520968e0,6.58721900e-1,1.70107517e-1
9877-6104,2.08493670e0,7.35447142e-1,5.53476847e0,2.58671067e0,4.10909896e0,2.75007379e0,4.12254649e-1,1.47317384e-1
9877-9101,3.31399923e0,1.43451134e0,8.53189201e0,4.95825831e0,5.96482507e0,5.13061736e0,6.60954947e-1,2.96182221e-1
9877-9102,2.69219104e0,1.04518986e0,6.96308315e0,3.56703616e0,4.93890724e0,3.62147101e0,5.33744019e-1,2.20217698e-1
9878-12702,-1.22115904e-1,-1.81913500e-1,-1.25771347e-1,-4.76248848e-1,1.16297284e-1,-2.92813454e-1,-1.92790170e-2,-5.04908711e-2
9878-12704,-3.36108600e-1,-1.99590626e-1,-7.95338910e-1,-6.72666178e-1,-4.51813593e-1,-6.62420823e-1,-6.91999133e-2,-4.32158356e-2
9878-12705,9.26377186e-2,8.47625452e-2,1.83596755e-1,3.21978850e-1,2.53019623e-2,3.33899548e-1,2.59455854e-2,1.78834592e-2
9878-1901,1.05514128e0,2.90425741e-1,2.87313615e0,1.03726213e0,2.23799711e0,1.12947297e0,2.06622654e-1,5.65319917e-2
9878-1902,4.53724422e0,1.15031515e0,1.22934397e1,4.06479936e0,9.49622924e0,4.35307965e0,8.89552364e-1,2.28465231e-1
9878-3701,1.28148921e0,2.05870683e-1,3.53476628e0,7.31699912e-1,2.82288031e0,7.90918952e-1,2.49210795e-1,4.04412640e-2
9878-3702,-8.04141681e-1,-2.75726372e-1,-2.13698102e0,-9.70578706e-1,-1.58921518e0,-1.03297782e0,-1.58999238e-1,-5.51560769e-2
9878-3703,5.01278395e-1,1.81319368e-1,1.32938271e0,6.38880398e-1,9.84364603e-1,6.81016338e-1,9.92159786e-2,3.62058832e-2
9878-3704,7.38827072e-2,-3.32850356e-3,2.65563597e-1,5.43278018e-2,2.65532878e-1,1.49890161e-1,1.64139685e-2,-6.73628085e-3
9878-6101,9.56809394e-1,2.65946864e-1,2.58769698e0,9.41576979e-1,1.99162208e0,1.01150131e0,1.87766775e-1,5.26278789e-2
9878-6102,6.85146064e-1,2.21820867e-1,1.81747241e0,7.69629923e-1,1.35268922e0,8.02974198e-1,1.34933643e-1,4.54293292e-2
9878-6104,1.49256730e0,3.06062751e-1,4.01956081e0,1.00581431e0,3.11262191e0,9.73845307e-1,2.88496823e-1,6.76772988e-2
9878-9101,-6.56982200e-1,-3.89560711e-1,-1.56706364e0,-1.30413065e0,-9.21015924e-1,-1.28092268e0,-1.33289724e-1,-8.46808006e-2
9878-9102,-7.22281130e-1,-5.24780407e-1,-1.58506785e0,-1.68669890e0,-7.45285668e-1,-1.55032123e0,-1.46448139e-1,-1.20654025e-1
9879-12701,-2.20487425e-1,-1.09963080e-1,-5.30746509e-1,-2.90367799e-1,-3.72714481e-1,-2.04404759e-1,-3.64603548e-2,-2.90924208e-2
9879-12703,-4.34490776e-2,-3.99898683e-3,-1.03625691e-1,9.92376574e-3,-7.32088456e-2,4.35261409e-2,-7.41685251e-3,-2.99009772e-3
9879-12704,1.46956198e-1,4.23279241e-1,-5.95101194e-2,9.94745398e-1,-4.51577502e-1,5.19294479e-1,-8.07017035e-4,1.18865206e-1
9879-1901,5.29466303e0,1.37899816e0,1.43337605e1,4.87622566e0,1.10532758e1,5.22743952e0,1.03857295e0,2.73544101e-1
9879-3701,-3.73289550e-1,-2.57945965e-1,-8.65600828e-1,-8.68991489e-1,-4.66350983e-1,-8.61520595e-1,-7.66877597e-2,-5.55664722e-2
9879-3702,-4.33049251e-1,-2.19994914e-1,-1.06519533e0,-7.37573507e-1,-6.77830659e-1,-7.26927202e-1,-8.69748737e-2,-4.76876833e-2
9879-3703,7.80559094e-2,5.00013267e-2,1.92589601e-1,1.74059665e-1,1.21345086e-1,1.81987378e-1,1.58738722e-2,1.02040084e-2
9879-3704,-3.11623040e-1,-8.70915553e-2,-8.38484777e-1,-3.06708006e-1,-6.39267743e-1,-3.26698045e-1,-6.12679110e-2,-1.74060868e-2
9879-6101,-4.16877341e-1,-3.03965929e-1,-9.09498712e-1,-9.60857560e-1,-4.29515442e-1,-8.62690401e-1,-8.32208009e-2,-7.11536368e-2
9879-6102,3.25492055e-1,3.02964482e-1,6.84232416e-1,1.01154922e0,2.55304448e-1,9.87850936e-1,6.84491524e-2,6.61723586e-2
9879-6103,1.34286481e0,3.53178352e-1,3.60431563e0,1.22624725e0,2.74237097e0,1.27849460e0,2.63572357e-1,7.23429915e-2
9880-12702,2.10046356e0,5.83339057e-1,5.52335313e0,1.96289253e0,4.05639377e0,1.94603318e0,4.13617724e-1,1.25754278e-1
9880-12703,2.29321042e0,1.47662377e0,5.09055163e0,4.30637859e0,2.75704098e0,3.46976481e0,4.20001170e-1,3.68226514e-1
9880-12704,1.06449633e0,3.05336763e-1,2.84691892e0,1.05026254e0,2.16105148e0,1.08959098e0,2.07732876e-1,6.30389949e-2
9880-3701,2.21632132e0,6.38675080e-1,5.97896038e0,2.26009907e0,4.57909188e0,2.42591754e0,4.35455414e-1,1.26507503e-1
9880-3702,2.99244122e0,4.06102419e-1,8.34145126e0,1.46983553e0,6.78240361e0,1.63291245e0,5.79626955e-1,7.70254340e-2
9880-3703,3.61497424e0,9.05053537e-1,9.78922588e0,3.19551650e0,7.55436922e0,3.41797822e0,7.08856423e-1,1.80016873e-1
9880-3704,3.44289240e0,1.21585742e0,9.01991843e0,4.20856084e0,6.53703496e0,4.36216301e0,6.82720740e-1,2.50523081e-1
9880-6101,1.27961447e0,4.72904261e-1,3.33835159e0,1.63671549e0,2.39848959e0,1.69685061e0,2.54112744e-1,9.74267053e-2
9880-6102,9.98672285e-1,2.02940203e-1,2.79746146e0,7.64539164e-1,2.27776824e0,8.93087479e-1,1.94648786e-1,3.55749670e-2
9880-6103,-3.06821060e-1,-9.80486989e-2,-8.16327358e-1,-3.43852971e-1,-6.08720591e-1,-3.63559268e-1,-6.06271188e-2,-1.97564175e-2
9880-6104,3.57734700e0,1.08744757e0,9.45067571e0,3.74910832e0,6.97230283e0,3.86243498e0,7.06466560e-1,2.25542843e-1
9880-9101,3.16439806e0,1.61336434e0,7.78689249e0,5.43282433e0,4.94314157e0,5.38552214e0,6.37383431e-1,3.47674719e-1
9880-9102,1.05494895e0,5.16560565e-1,2.57004598e0,1.72864540e0,1.58706152e0,1.69176398e0,2.13652601e-1,1.12545233e-1
9881-12702,-1.27805249e-1,-6.20147913e-2,-2.96977013e-1,-1.68010217e-1,-1.85716810e-1,-1.15322633e-1,-2.29277511e-2,-1.66329316e-2
9881-1901,2.86339776e-2,1.68938650e-1,-7.17778174e-2,5.55464039e-1,-2.64784622e-1,5.26197518e-1,9.43374877e-3,3.78314969e-2
9881-1902,-1.00356993e-1,1.39428578e-1,-3.99761923e-1,4.68860866e-1,-4.93486744e-1,4.61650328e-1,-1.58821516e-2,3.01842280e-2
9881-3702,3.64700893e-1,1.97336773e-1,9.10858033e-1,6.82642807e-1,5.92562996e-1,7.06436250e-1,7.37348230e-2,4.07176884e-2
9881-3703,1.15477968e-1,2.35591525e-2,3.24448255e-1,8.68322160e-2,2.67113607e-1,9.91208361e-2,2.23154453e-2,4.30280091e-3
9881-3704,4.85154362e-1,2.78832275e-1,1.22480900e0,9.77488136e-1,8.14047717e-1,1.03335355e0,9.80043156e-2,5.62020344e-2
9881-6101,2.84637562e-1,3.74504680e-1,4.27053347e-1,1.13413198e0,-8.86998339e-2,9.41888890e-1,5.69533096e-2,9.21402651e-2
9881-6103,-7.78767009e-2,-4.45492880e-2,-1.90022138e-1,-1.53316499e-1,-1.16449594e-1,-1.57192191e-1,-1.58935768e-2,-9.27819005e-3
9881-9102,-1.95240977e-1,-1.60549773e-1,-4.37911191e-1,-4.04254176e-1,-2.69763843e-1,-3.02679015e-1,-2.20640181e-2,-3.68626335e-2
9882-12701,-3.30515848e-2,5.77340152e-2,-1.71056904e-1,1.42870391e-1,-2.19955469e-1,7.27537221e-2,-7.92414359e-3,1.67719165e-2
9882-12703,9.57143641e-2,1.18793575e-1,1.60717338e-1,3.78985514e-1,-5.18104054e-3,3.42532785e-1,2.03368466e-2,2.76421188e-2
9882-12704,1.60898352e-1,3.14166212e-1,9.67317701e-2,7.97369888e-1,-2.55802898e-1,4.79443154e-1,1.80501308e-2,8.69316736e-2
9882-1902,1.95959758e0,4.01347744e-1,5.35907297e0,1.41991925e0,4.21372560e0,1.52377976e0,3.82505939e-1,7.95254343e-2
9882-3701,-3.59223940e-1,-1.15216430e-1,-9.66701049e-1,-4.08897448e-1,-7.36508379e-1,-4.40882837e-1,-7.06859791e-2,-2.26989956e-2
9882-3702,-6.24737394e-1,-2.20354553e-1,-1.64971610e0,-7.69570962e-1,-1.21354758e0,-8.09346428e-1,-1.23628755e-1,-4.46932105e-2
9882-3703,-1.66640343e-1,-1.08104292e-1,-3.81256517e-1,-3.57101313e-1,-1.98916034e-1,-3.42104285e-1,-3.41806457e-2,-2.40057597e-2
9882-3704,4.99522746e-1,2.28664999e-1,1.29939506e0,8.05491722e-1,9.23440409e-1,8.58098008e-1,9.97397940e-2,4.56871532e-2
9882-6101,-7.48308294e-1,-3.99356456e-1,-1.85224135e0,-1.36732085e0,-1.18366975e0,-1.39183221e0,-1.51323033e-1,-8.38337288e-2
9882-6104,9.99356648e-2,1.68361837e-1,1.22609573e-1,5.40180613e-1,-1.04749981e-1,4.91101903e-1,2.25327390e-2,3.89627430e-2
9882-9101,2.31547422e-1,-1.15875690e-2,6.70987238e-1,-3.68838388e-2,5.82701118e-1,-3.24242391e-2,4.39770854e-2,-2.73205060e-3
9882-9102,-3.83712454e-1,-2.13376718e-1,-9.20691502e-1,-7.09270316e-1,-5.51896135e-1,-6.87594624e-1,-7.75862232e-2,-4.69424144e-2
9883-12701,-4.67994252e-1,-4.19149744e-1,-9.14715766e-1,-1.21439452e0,-3.22690290e-1,-9.62968227e-1,-8.42677536e-2,-1.05202422e-1
9883-12703,-3.73210058e-1,-2.32882434e-1,-8.62115582e-1,-7.58251777e-1,-4.72072900e-1,-7.12347907e-1,-7.53362310e-2,-5.26304814e-2
9883-12705,-3.53482672e-1,-4.68741135e-1,-5.95367557e-1,-1.18638266e0,-9.36313339e-2,-8.35401536e-1,-3.15595878e-2,-1.08996289e-1
9883-1901,-4.42867880e-1,-1.19110250e-1,-1.22050158e0,-4.36571300e-1,-9.67363007e-1,-4.92685195e-1,-8.67114782e-2,-2.20684909e-2
9883-1902,4.73118200e-2,6.66813401e-2,8.28233683e-2,2.24446112e-1,1.81052044e-6,2.21978837e-1,1.04668655e-2,1.43916286e-2
9883-3701,5.30023347e-2,1.30191180e-1,3.41068711e-2,4.30534319e-1,-1.27822286e-1,4.12060899e-1,1.32573054e-2,2.89057069e-2
9883-3702,3.03808272e0,3.47643964e-1,8.50116436e0,1.26516937e0,6.95883786e0,1.41662570e0,5.87434581e-1,6.52297415e-2
9883-3703,4.79426497e-1,3.40002628e-1,1.12678935e0,1.16356366e0,6.25219830e-1,1.18305706e0,9.87554845e-2,7.14450950e-2
9883-3704,-6.56348087e-1,-3.59421715e-1,-1.60658997e0,-1.21947485e0,-1.00315038e0,-1.22384240e0,-1.32764689e-1,-7.65413068e-2
9883-6101,-1.35139994e-1,-1.43444297e-1,-3.03706019e-1,-5.01076684e-1,-1.42804851e-1,-5.26608860e-1,-2.84917440e-2,-2.91015178e-2
9883-6102,2.96099817e-1,6.12534759e-2,8.35282511e-1,2.37541251e-1,6.84933707e-1,2.86999836e-1,5.78790099e-2,1.00764738e-2
9883-6103,1.01528244e0,3.11827223e-1,2.66311539e0,1.04486322e0,1.95520725e0,1.03834248e0,1.98729039e-1,6.72086951e-2
9883-6104,-9.85970320e-2,-4.32633592e-2,-2.58688755e-1,-1.53132532e-1,-1.87054633e-1,-1.64371938e-1,-1.96317644e-2,-8.56761385e-3
9883-9101,2.31328211e-1,-9.58576682e-2,6.80823809e-1,-3.42304911e-1,6.06753577e-1,-3.72657443e-1,4.35024469e-2,-1.86640524e-2
9883-9102,1.71745915e-1,1.12283799e-1,3.78095494e-1,3.47970296e-1,1.85751670e-1,3.01067723e-1,3.40506436e-2,2.69453914e-2
9884-12701,-1.80241873e-1,-2.80183865e-1,-2.16909517e-1,-8.58631775e-1,1.76787548e-1,-7.20997762e-1,-3.82225469e-2,-6.84235119e-2
9884-12705,1.02466969e-1,2.26074745e-1,7.87392590e-2,5.69090526e-1,-1.32349469e-1,3.88400565e-1,3.34641742e-3,5.61963873e-2
9884-1901,5.29287243e-2,1.97714049e-1,-9.21212342e-2,5.12972644e-1,-3.20249338e-1,3.10248269e-1,5.16238390e-3,5.50248991e-2
9884-1902,-2.89024264e-1,-2.82023313e-2,-8.09267102e-1,-1.01887415e-1,-6.63711166e-1,-1.12976194e-1,-5.58180215e-2,-5.36557098e-3
9884-3701,8.13252270e-1,3.37950872e-1,2.13484260e0,1.19175484e0,1.54686185e0,1.27183225e0,1.61757826e-1,6.73856442e-2
9884-3702,-1.79847174e-1,-1.11531582e-1,-4.49744145e-1,-3.90489762e-1,-2.92360517e-1,-4.12003455e-1,-3.64470624e-2,-2.25311486e-2
9884-3703,8.60364521e-1,3.33163405e-1,2.18915432e0,1.11921398e0,1.50167514e0,1.10548653e0,1.71340898e-1,7.20453538e-2
9884-3704,-4.95438359e-1,-1.83958162e-1,-1.30344929e0,-6.44984467e-1,-9.49806386e-1,-6.81890987e-1,-9.83705438e-2,-3.70740172e-2
9884-6101,1.48915199e-2,-3.90113783e-2,7.55888239e-2,-1.30256365e-1,1.08827084e-1,-1.26729100e-1,1.91871022e-3,-8.53794718e-3
9884-6102,1.21067176e-1,-1.04860233e-1,3.86012267e-1,-3.71030875e-1,3.84665728e-1,-3.98050060e-1,2.17709046e-2,-2.07790648e-2
9884-6103,-8.25659316e-1,-5.10420863e-1,-1.94406545e0,-1.70270919e0,-1.10386426e0,-1.66213698e0,-1.68011995e-1,-1.11565567e-1
9884-6104,-9.28279458e-1,-3.57883399e-1,-2.43119808e0,-1.25149171e0,-1.75631208e0,-1.31801090e0,-1.84523467e-1,-7.24511378e-2
9884-9101,-9.76549753e-2,-8.55878085e-2,-1.80014467e-1,-2.46353912e-1,-4.20021461e-2,-1.83431904e-1,-1.88152367e-2,-2.22584663e-2
9884-9102,6.24161474e-1,-1.23137513e-1,1.81070030e0,-4.34825141e-1,1.57635502e0,-4.64982532e-1,1.18379103e-1,-2.44932503e-2
9885-12701,-5.38771129e-1,-3.21746466e-1,-1.28461397e0,-1.08011718e0,-7.52432555e-1,-1.06528655e0,-1.09513024e-1,-6.96626598e-2
9885-12702,-8.20735606e-1,-9.56606775e-2,-2.43970299e0,-5.10273512e-1,-2.11463334e0,-7.89998812e-1,-1.63797160e-1,-2.98368927e-3
9885-12704,-1.14836959e-1,1.83924363e-3,-3.44143222e-1,-8.06007297e-2,-2.68301400e-1,-1.57924934e-1,-3.15038240e-2,4.39116971e-3
9885-1901,-5.78575031e-1,-1.64774901e-1,-1.56365033e0,-5.84100476e-1,-1.20148961e0,-6.28638682e-1,-1.13607547e-1,-3.25337133e-2
9885-3702,-5.55908601e-1,-3.06822740e-1,-1.38094331e0,-1.06576047e0,-8.82079709e-1,-1.10728114e0,-1.13148811e-1,-6.29776269e-2
9885-3703,-1.80664742e-1,1.55132189e-1,-7.23904444e-1,4.59398619e-1,-8.76156614e-1,3.47890004e-1,-3.05537875e-2,3.98638060e-2
9885-3704,2.08962656e-1,1.58751351e-1,4.98009460e-1,5.56036307e-1,2.82252183e-1,5.85438306e-1,4.33974698e-2,3.21071402e-2
9885-6101,-4.90996071e-1,-4.18973611e-1,-9.81682342e-1,-1.25608306e0,-3.56726314e-1,-1.03694080e0,-9.40425691e-2,-1.03437374e-1
9885-6102,1.67879234e0,2.16979149e-1,4.62670639e0,7.64482203e-1,3.69001278e0,8.14851446e-1,3.26530393e-1,4.33304447e-2
9885-6104,-1.49175174e-1,-1.14842595e-2,-4.55441079e-1,-6.95005622e-2,-4.15933455e-1,-1.19910498e-1,-2.87107182e-2,6.13353826e-4
9885-9101,-3.03510132e-1,-1.82796160e-1,-7.04656227e-1,-5.86836616e-1,-3.97088156e-1,-5.40588873e-1,-6.04885247e-2,-4.19877436e-2
9885-9102,6.77400384e-2,1.50165605e-1,2.54153926e-2,3.73413311e-1,-1.30637947e-1,2.22431957e-1,5.07308041e-3,4.11354759e-2
9886-12702,3.11587007e-1,2.28563887e-1,7.04775769e-1,7.54647400e-1,3.59797322e-1,7.27762882e-1,6.33443355e-2,5.05500489e-2
9886-12704,-1.35986891e-1,-3.54563909e-2,-3.71245748e-1,-1.41560927e-1,-2.80632508e-1,-1.66134681e-1,-2.83573917e-2,-6.07812414e-3
9886-1901,3.15402151e-1,7.80436415e-2,8.61009328e-1,2.78096131e-1,6.74171294e-1,3.01761017e-1,6.16658446e-2,1.52576706e-2
9886-1902,-7.12113652e-1,-4.29638130e-1,-1.71458505e0,-1.46119413e0,-1.02308248e0,-1.47108734e0,-1.45113108e-1,-9.11850676e-2
9886-3701,-4.95044551e-1,-2.75307479e-1,-1.20101528e0,-9.20702133e-1,-7.40950677e-1,-9.05335223e-1,-9.95336535e-2,-5.98302445e-2
9886-3704,4.80220724e-1,3.36279325e-1,1.13073777e0,1.14941483e0,6.31612985e-1,1.16648859e0,9.87844103e-2,7.07998799e-2
9886-6101,1.95470758e0,1.33486358e-1,5.47371822e0,4.81199691e-1,4.49022985e0,5.31760220e-1,3.77465608e-1,2.55081398e-2
9886-6102,-5.80620091e-1,-3.55246236e-1,-1.36487683e0,-1.17700746e0,-7.75869284e-1,-1.13678218e0,-1.17746913e-1,-7.84113513e-2
9886-6104,-1.57606735e-1,-2.29679557e-2,-4.41214484e-1,-8.46402468e-2,-3.60811772e-1,-9.63158366e-2,-3.05310183e-2,-4.20646390e-3
9886-9101,-5.44913864e-1,-4.86530195e-1,-1.06140528e0,-1.47081495e0,-3.28392601e-1,-1.22277692e0,-1.06480491e-1,-1.19658206e-1
9887-12702,-5.11453427e-1,-2.46662613e-1,-1.30800763e0,-8.59361458e-1,-8.97926107e-1,-8.99686642e-1,-1.02589112e-1,-5.02651220e-2
9887-12703,-3.85829792e-1,-2.59033710e-1,-9.05336006e-1,-8.75850551e-1,-5.04562629e-1,-8.73809287e-1,-7.90501446e-2,-5.54730990e-2
9887-12704,-3.33199867e-1,-1.93225344e-1,-8.21764235e-1,-6.67348022e-1,-5.18251751e-1,-6.88648067e-1,-6.76814162e-2,-3.99854270e-2
9887-12705,-4.26609793e-1,-3.41045307e-1,-8.92287109e-1,-1.07271989e0,-3.59170730e-1,-9.51667377e-1,-8.58808928e-2,-8.04774457e-2
9887-1902,3.80311400e-1,-6.41603326e-2,1.09572832e0,-2.28030784e-1,9.43749774e-1,-2.46355406e-1,7.23543293e-2,-1.26081146e-2
9887-3701,2.15955317e-1,2.14154633e-1,4.46043532e-1,7.17912523e-1,1.50748246e-1,7.05508801e-1,4.57637113e-2,4.65015733e-2
9887-3702,1.21390820e0,5.61300915e-1,3.12738671e0,1.96139972e0,2.18062927e0,2.06319242e0,2.42934574e-1,1.13781193e-1
9887-3703,3.48877824e-1,1.34289213e-1,9.18174830e-1,4.71731277e-1,6.69530866e-1,5.00399384e-1,6.92562118e-2,2.69651236e-2
9887-3704,-8.85731817e-1,-4.40115361e-1,-2.21944935e0,-1.50940504e0,-1.46057118e0,-1.54103402e0,-1.78347738e-1,-9.21193753e-2
9887-6101,1.25349445e0,-1.00550438e-1,3.59733548e0,-3.47316759e-1,3.07642943e0,-3.57954152e-1,2.39141343e-1,-2.08200172e-2
9887-6102,5.62266608e0,6.36816783e-1,1.56165205e1,2.26178760e0,1.26315526e1,2.44345100e0,1.08953105e0,1.25218018e-1
9887-6103,-3.87000007e-1,-5.51361130e-2,-1.18557902e0,-3.78724466e-1,-1.00788578e0,-6.40107118e-1,-8.48686907e-2,4.89098529e-3
9888-12702,-2.73798996e-1,-2.79270720e-1,-4.75489177e-1,-7.88180077e-1,-7.88553230e-2,-5.81028467e-1,-4.92704393e-2,-7.28316553e-2
9888-1901,6.06365936e-1,2.17089472e-1,1.59620079e0,7.58918501e-1,1.16535374e0,7.98764763e-1,1.20284123e-1,4.39757133e-2
9888-3701,2.10207925e-1,2.55974903e-2,6.00137726e-1,9.87947935e-2,5.06978057e-1,1.19859065e-1,4.03777594e-2,4.21508500e-3
9888-3704,8.01400134e-1,4.42335634e-2,2.26194248e0,1.65022591e-1,1.88030006e0,1.91737117e-1,1.54233824e-1,7.86673392e-3
9888-6101,-4.26376155e-3,-9.70869827e-2,3.96066346e-2,-3.39361799e-1,1.06008520e-1,-3.57008048e-1,-2.49078346e-3,-1.96744819e-2
9888-6103,-2.34055174e-1,-8.03080334e-2,-6.15698316e-1,-2.77041820e-1,-4.51144246e-1,-2.86377477e-1,-4.62023057e-2,-1.66127672e-2
9888-6104,-6.69260055e-1,-1.97695317e-1,-1.80768737e0,-7.02296280e-1,-1.38687687e0,-7.58309671e-1,-1.31500468e-1,-3.88792966e-2
9888-9101,-4.05221016e-1,-3.68679699e-1,-8.03218461e-1,-1.17135440e0,-2.39111844e-1,-1.05234465e0,-8.35131415e-2,-8.61624814e-2
9889-12701,2.51049125e-1,1.21992653e-1,6.53662951e-1,4.50588531e-1,4.50325448e-1,5.04638316e-1,5.19327641e-2,2.26486773e-2
9889-12702,-6.56139944e-1,-3.07371035e-1,-1.65661106e0,-1.05402453e0,-1.10976540e0,-1.07604518e0,-1.31732364e-1,-6.43423928e-2
9889-12703,6.24082913e-1,-1.18205019e-1,1.99347669e0,-2.74706176e-1,1.92410655e0,-8.23842596e-2,1.19356906e-1,-3.71560910e-2
9889-1901,1.11168117e-1,1.47176685e-1,1.86821181e-1,4.81695035e-1,-1.15446669e-2,4.54428896e-1,2.42450046e-2,3.31085095e-2
9889-1902,4.30637214e-1,1.91021421e-1,1.12117792e0,6.71782793e-1,7.98637442e-1,7.13812469e-1,8.59215910e-2,3.82803618e-2
9889-3704,4.33413037e-1,2.03349545e-1,1.11523227e0,7.11126649e-1,7.75204846e-1,7.48883841e-1,8.68090454e-2,4.11667613e-2
9889-6102,-7.67911998e-1,-3.48630443e-1,-1.95384912e0,-1.20153918e0,-1.32981237e0,-1.23632613e0,-1.53961772e-1,-7.23798544e-2
9889-6104,2.24055436e-1,2.97928571e-1,3.68726152e-1,9.72677509e-1,-4.06412619e-2,9.12582400e-1,4.91325208e-2,6.73006961e-2
9889-9101,5.45584399e0,2.02523797e-1,1.53312280e1,7.37348823e-1,1.26537238e1,8.27226163e-1,1.05174003e0,3.79298513e-2
9889-9102,8.34343972e-1,2.02134078e-1,2.33826864e0,7.71716678e-1,1.89577038e0,9.13795258e-1,1.63642215e-1,3.45282893e-2
9890-12701,-4.90612669e-1,-3.41315575e-1,-1.08267651e0,-1.05604396e0,-5.47322650e-1,-9.22942024e-1,-9.53615801e-2,-8.14485218e-2
9890-12703,-2.57456631e-1,-2.89253813e-1,-4.87698683e-1,-9.55803434e-1,-8.81906178e-2,-9.16407968e-1,-5.52519487e-2,-6.41904704e-2
9890-12704,-1.16076843e-1,-1.06550167e-1,-2.15604160e-1,-3.21733013e-1,-4.54244167e-2,-2.63069657e-1,-2.33215646e-2,-2.64349599e-2
9890-12705,-4.77490977e-1,-4.50695970e-1,-8.92989309e-1,-1.27253408e0,-2.68977022e-1,-9.57809540e-1,-8.37446769e-2,-1.16155617e-1
9890-1901,2.59015310e0,6.07835178e-1,7.06690817e0,2.16083734e0,5.52858251e0,2.33603262e0,5.06462106e-1,1.19368773e-1
9890-3702,7.70547759e0,4.40979197e-1,2.15945259e1,1.58996884e0,1.77397433e1,1.75756556e0,1.48734635e0,8.42349400e-2
9890-3703,1.22206197e0,1.31699375e-1,3.39141498e0,4.56296253e-1,2.74595479e0,4.76336061e-1,2.36215295e-1,2.69960165e-2
9890-3704,5.94715451e-1,1.39986267e-1,1.62829699e0,4.98122945e-1,1.28318390e0,5.40497832e-1,1.15957858e-1,2.73899008e-2
9890-6102,8.45527154e-1,5.90260408e-1,1.89404424e0,1.90241567e0,9.56582018e-1,1.76289652e0,1.70158037e-1,1.34923751e-1
9890-6103,7.15800068e-1,3.51135926e-2,2.09721162e0,1.95964516e-1,1.82263122e0,3.19931973e-1,1.38308346e-1,-9.23391621e-5
9890-6104,5.70845654e-1,8.33807936e-2,1.59814129e0,3.14383639e-1,1.30150857e0,3.65544124e-1,1.11225804e-1,1.46804914e-2
9890-9101,1.55914411e-1,3.55878636e-1,2.21021947e-2,9.54700709e-1,-4.13979475e-1,6.24766941e-1,2.33331754e-2,9.69087406e-2
9890-9102,1.67566133e-1,-1.09238518e-1,5.19242945e-1,-3.86095243e-1,4.98227351e-1,-4.13483393e-1,3.06558573e-2,-2.16914824e-2
9891-12701,1.51286753e-1,2.45650680e-2,4.30466635e-1,9.23316012e-2,3.62043173e-1,1.08337075e-1,2.90655334e-2,4.29842177e-3
9891-12702,5.74873697e-1,-5.36912891e-2,1.68929538e0,-1.69094724e-1,1.49536608e0,-1.46459264e-1,1.08792529e-1,-1.28070693e-2
9891-12704,-5.43452565e-1,-3.13525414e-1,-1.29920885e0,-1.04145826e0,-7.73304652e-1,-1.01151285e0,-1.09620760e-1,-6.88818439e-2
9891-12705,-1.30176389e-1,-2.42569833e-1,-2.06785525e-1,-8.30472809e-1,4.97710066e-2,-8.44834490e-1,-2.97187150e-2,-5.09407037e-2
9891-1902,9.10696435e-2,5.39601704e-2,2.27880858e-1,1.88472780e-1,1.48451698e-1,1.98091474e-1,1.84431736e-2,1.09476764e-2
9891-3701,-3.67315945e-2,-1.13278408e-1,-5.43027168e-2,-4.00588125e-1,2.55603640e-2,-4.29380825e-1,-8.73979360e-3,-2.24708768e-2
9891-3702,-8.14838361e-1,-1.73144510e-1,-2.24095904e0,-6.19265391e-1,-1.77891792e0,-6.75895340e-1,-1.58775327e-1,-3.36079077e-2
9891-3704,2.95434669e-1,2.84850673e-1,6.10867451e-1,9.56682068e-1,2.04724395e-1,9.41735099e-1,6.29051992e-2,6.17257954e-2
9891-6101,1.32077028e0,5.13253069e-1,3.46412846e0,1.79811805e0,2.50931242e0,1.89929048e0,2.62453775e-1,1.03561230e-1
9891-6102,-2.66112179e-1,-2.92726133e-1,-4.31265761e-1,-8.48801360e-1,2.06708047e-3,-6.45023378e-1,-5.12319500e-2,-7.54582400e-2
9891-6104,4.56185651e-1,5.60807319e-2,1.33848054e0,2.81948381e-1,1.14082069e0,4.19096392e-1,9.10922239e-2,3.40428923e-3
9891-9101,-3.69195238e-1,-2.23653849e-1,-9.15609301e-1,-7.77699005e-1,-5.84453087e-1,-8.11567214e-1,-7.49338285e-2,-4.57346880e-2
9891-9102,2.05692527e-1,-1.18046149e-1,7.38686561e-1,-3.38899363e-1,8.06159013e-1,-2.43353804e-1,3.77696935e-2,-3.11164096e-2
9892-12701,2.26235395e-1,2.94293990e-1,3.46298786e-1,8.86953648e-1,-5.24166386e-2,7.35348786e-1,4.43215749e-2,7.24442097e-2
9892-12702,-1.58668615e-1,-2.58463394e-1,-1.50480598e-1,-5.88747477e-1,1.12039607e-1,-2.68482238e-1,-1.20123018e-2,-7.51573043e-2
9892-12703,-2.41366837e-1,-1.88189095e-1,-5.12641903e-1,-5.33180801e-1,-2.55264676e-1,-4.22793757e-1,-4.07046061e-2,-4.66845654e-2
9892-12704,-1.37596527e-1,-1.30331814e-1,-2.51959962e-1,-3.43062839e-1,-8.05581470e-2,-2.28945990e-1,-2.14707220e-2,-3.49495662e-2
9892-12705,-5.41754260e-1,-4.31230094e-1,-1.12102433e0,-1.33034302e0,-4.44921121e-1,-1.14314461e0,-1.07470031e-1,-1.03959186e-1
9892-1901,2.74254308e0,1.18131713e0,6.98569515e0,4.03838173e0,4.78100705e0,4.10299641e0,5.48206044e-1,2.48526190e-1
9892-3703,-2.92830874e-1,-1.45849878e-1,-6.95715419e-1,-4.39135684e-1,-4.34331206e-1,-3.65384413e-1,-5.58763433e-2,-3.59195057e-2
9892-6101,8.94203541e-1,5.52087284e-2,2.52321990e0,2.06640195e-1,2.09568025e0,2.40931437e-1,1.72197435e-1,9.75622503e-3
9892-6102,8.84020337e-1,4.30519225e-1,2.21826558e0,1.47714100e0,1.46366631e0,1.50887736e0,1.78005801e-1,9.00551426e-2
9892-6104,2.14235182e-1,2.79080065e-2,6.24864592e-1,1.15540834e-1,5.43937793e-1,1.53015092e-1,4.08766611e-2,3.73370542e-3
9892-9102,-3.40666423e-1,-2.56470846e-1,-7.07243065e-1,-8.11411628e-1,-2.73380797e-1,-7.00037572e-1,-7.18476038e-2,-6.23752764e-2
9893-12701,-1.31693961e-1,-1.30880904e-1,-2.36331441e-1,-3.57814100e-1,-6.12654150e-2,-2.55068624e-1,-2.18163185e-2,-3.44124316e-2
9893-12702,2.00693099e-1,3.30573488e-1,2.53053278e-1,8.18571627e-1,-7.74045638e-2,5.32840467e-1,1.40799405e-2,8.33424063e-2
9893-12703,-9.10264342e-2,-2.35740185e-1,-1.94353744e-2,-7.37036492e-1,2.82052825e-1,-6.41199191e-1,-2.13006048e-2,-5.62888658e-2
9893-12704,-6.70559963e-1,-4.20767054e-1,-1.56575314e0,-1.39281085e0,-8.73458421e-1,-1.34327135e0,-1.36189256e-1,-9.29835429e-2
9893-1902,7.50883498e-1,2.51345724e-1,2.01442942e0,8.98484147e-1,1.52026606e0,9.77145411e-1,1.48496419e-1,4.89350428e-2
9893-3701,-4.99483525e-1,-1.52357666e-1,-1.35274411e0,-5.47811704e-1,-1.03981155e0,-6.01430881e-1,-9.83567143e-2,-2.93169495e-2
9893-3703,-1.72347604e-1,-6.72416462e-2,-4.64789811e-1,-2.41000289e-1,-3.55058709e-1,-2.63864684e-1,-3.39277005e-2,-1.29996495e-2
9893-3704,1.91585621e-1,1.22165942e-1,4.59807511e-1,4.16867120e-1,2.71807828e-1,4.22076651e-1,3.90992471e-2,2.57853536e-2
9893-6102,1.07755704e-1,-2.18596934e-2,3.96184602e-1,3.40375782e-2,3.96690938e-1,1.81725581e-1,2.54456603e-2,-1.40463777e-2
9893-6103,-3.89237090e-1,-9.19870930e-2,-1.07638090e0,-3.37773786e-1,-8.58924387e-1,-3.82173784e-1,-7.60484148e-2,-1.69793193e-2
9893-6104,-4.67714539e-1,1.56304158e-2,-1.51079000e0,-1.02171616e-1,-1.45496979e0,-3.47932895e-1,-9.10921006e-2,1.84905669e-2
9893-9101,6.39849470e0,7.68534060e-1,1.77475518e1,2.73219768e0,1.43180927e1,2.95496773e0,1.24091929e0,1.50882482e-1
9893-9102,-7.14987632e-1,-3.48339942e-1,-1.80103501e0,-1.19830700e0,-1.19853993e0,-1.22928897e0,-1.43827072e-1,-7.25467964e-2
9894-12702,5.03898230e-1,5.47613201e-1,8.88067607e-1,1.56833806e0,1.72973496e-1,1.22471489e0,8.73295482e-2,1.38403036e-1
9894-12703,-4.77576407e-1,-3.38462160e-1,-1.04308650e0,-1.07095376e0,-4.90210919e-1,-9.58723223e-1,-9.60168035e-2,-7.93555990e-2
9894-12704,1.58616229e-1,2.07010127e-1,2.28827877e-1,6.10728538e-1,-5.87052725e-2,4.81200629e-1,3.10373254e-2,5.26263988e-2
9894-1901,2.53252354e0,5.51472346e-1,6.94810090e0,1.96803050e0,5.49143251e0,2.14055891e0,4.93991382e-1,1.07502540e-1
9894-1902,-7.59738413e-1,-3.21212451e-1,-1.96067432e0,-1.11532258e0,-1.37442425e0,-1.16135564e0,-1.51741033e-1,-6.58447397e-2
9894-3701,1.16628572e-1,5.58653804e-2,2.94063440e-1,1.91531746e-1,1.96411036e-1,1.95395028e-1,2.34275591e-2,1.17013976e-2
9894-3702,2.25296539e-1,1.89051238e-1,5.08434701e-1,6.46199960e-1,2.47329309e-1,6.55691702e-1,4.70079090e-2,3.98056664e-2
9894-3703,1.38638225e-1,5.28556120e-2,3.64933281e-1,1.85795111e-1,2.66094603e-1,1.97254102e-1,2.75301697e-2,1.06018774e-2
9894-3704,-3.15541401e-1,-2.41139328e-1,-7.05700802e-1,-8.01937488e-1,-3.42439793e-1,-7.79081413e-1,-6.49791061e-2,-5.29395521e-2
9894-6101,-5.39207507e-2,-3.96755851e-2,-1.04251401e-1,-1.12690053e-1,-3.18258414e-2,-7.99584984e-2,-1.05518120e-2,-1.05248339e-2
9894-6103,-2.26266645e-1,-1.13743093e-1,-5.45001269e-1,-3.65221358e-1,-3.37194307e-1,-3.36624330e-1,-4.47880150e-2,-2.61171616e-2
9894-6104,3.94423740e-1,1.77056885e-1,1.00126650e0,6.05709596e-1,6.80262513e-1,6.16394990e-1,7.89124753e-2,3.71944330e-2
9894-9101,9.42559850e-2,-1.93472255e-3,2.89092861e-1,4.81063495e-3,2.70009840e-1,2.45501713e-2,1.76643321e-2,-1.58969618e-3
9894-9102,-4.16791116e-1,-3.08975080e-1,-9.01045169e-1,-9.44772409e-1,-4.33525425e-1,-8.14710984e-1,-7.98007069e-2,-7.42838463e-2
