order,charge,z,q2,u,ub,d,db,s,sb,c,b,g
0,positive,5.00000000000000028e-2,1.00000000000000000e0,3.37052496981184058e-1,3.34047497229640278e-1,3.14789997422109114e-1,3.67109996872938105e-1,2.68649997794696671e-1,4.27349994781976661e-1,3.96250009078182052e-17,-1.64850003485760957e-17,1.23499995995810987e-2
0,negative,5.00000000000000028e-2,1.00000000000000000e0,3.34047497229640278e-1,3.37052496981184058e-1,3.67109996872938105e-1,3.14789997422109114e-1,4.27349994781976661e-1,2.68649997794696671e-1,3.96250009078182052e-17,-1.64850003485760957e-17,1.23499995995810987e-2
0,average,5.00000000000000028e-2,1.00000000000000000e0,3.35549997105412168e-1,3.35549997105412168e-1,3.40949997147523609e-1,3.40949997147523609e-1,3.47999996288336666e-1,3.47999996288336666e-1,3.96250009078182052e-17,-1.64850003485760957e-17,1.23499995995810987e-2
0,sum,5.00000000000000028e-2,1.00000000000000000e0,6.71099994210824335e-1,6.71099994210824335e-1,6.81899994295047218e-1,6.81899994295047218e-1,6.95999992576673332e-1,6.95999992576673332e-1,7.92500018156364105e-17,-3.29700006971521914e-17,2.46999991991621974e-2
0,positive,5.00000000000000028e-2,1.25000000000000000e0,3.99815497179245027e-1,3.92684497508280272e-1,3.73144997696503833e-1,4.29054997096167068e-1,3.26499998056664298e-1,4.96099994970702340e-1,-1.37749998924262353e-18,-1.59450006352404740e-17,1.56299999775717430e-1
0,negative,5.00000000000000028e-2,1.25000000000000000e0,3.92684497508280272e-1,3.99815497179245027e-1,4.29054997096167068e-1,3.73144997696503833e-1,4.96099994970702340e-1,3.26499998056664298e-1,-1.37749998924262353e-18,-1.59450006352404740e-17,1.56299999775717430e-1
0,average,5.00000000000000028e-2,1.25000000000000000e0,3.96249997343762650e-1,3.96249997343762650e-1,4.01099997396335450e-1,4.01099997396335450e-1,4.11299996513683319e-1,4.11299996513683319e-1,-1.37749998924262353e-18,-1.59450006352404740e-17,1.56299999775717430e-1
0,sum,5.00000000000000028e-2,1.25000000000000000e0,7.92499994687525300e-1,7.92499994687525300e-1,8.02199994792670901e-1,8.02199994792670901e-1,8.22599993027366638e-1,8.22599993027366638e-1,-2.75499997848524706e-18,-3.18900012704809480e-17,3.12599999551434860e-1
0,positive,5.00000000000000028e-2,1.00000000000000000e1,8.69530000884997545e-1,8.32470001694631145e-1,8.11885001835643827e-1,8.92115000959790461e-1,7.62950002136651206e-1,1.00204999875650880e0,9.90499999894057237e-1,-4.51350012621239374e-18,1.14900000568742855e0
0,negative,5.00000000000000028e-2,1.00000000000000000e1,8.32470001694631145e-1,8.69530000884997545e-1,8.92115000959790461e-1,8.11885001835643827e-1,1.00204999875650880e0,7.62950002136651206e-1,9.90499999894057237e-1,-4.51350012621239374e-18,1.14900000568742855e0
0,average,5.00000000000000028e-2,1.00000000000000000e1,8.51000001289814345e-1,8.51000001289814345e-1,8.52000001397717144e-1,8.52000001397717144e-1,8.82500000446579946e-1,8.82500000446579946e-1,9.90499999894057237e-1,-4.51350012621239374e-18,1.14900000568742855e0
0,sum,5.00000000000000028e-2,1.00000000000000000e1,1.70200000257962869e0,1.70200000257962869e0,1.70400000279543429e0,1.70400000279543429e0,1.76500000089315989e0,1.76500000089315989e0,1.98099999978811447e0,-9.02700025242478747e-18,2.29800001137485710e0
0,positive,5.00000000000000028e-2,1.00000000000000000e2,1.18207500542172617e0,1.12292500648437765e0,1.10271500658978105e0,1.19928500560119611e0,1.05280000678683394e0,1.33420000344241640e0,1.30400000442731456e0,1.93950001081151124e0,1.68600001334493133e0
0,negative,5.00000000000000028e-2,1.00000000000000000e2,1.12292500648437765e0,1.18207500542172617e0,1.19928500560119611e0,1.10271500658978105e0,1.33420000344241640e0,1.05280000678683394e0,1.30400000442731456e0,1.93950001081151124e0,1.68600001334493133e0
0,average,5.00000000000000028e-2,1.00000000000000000e2,1.15250000595305191e0,1.15250000595305191e0,1.15100000609548858e0,1.15100000609548858e0,1.19350000511462517e0,1.19350000511462517e0,1.30400000442731456e0,1.93950001081151124e0,1.68600001334493133e0
0,sum,5.00000000000000028e-2,1.00000000000000000e2,2.30500001190610382e0,2.30500001190610382e0,2.30200001219097716e0,2.30200001219097716e0,2.38700001022925035e0,2.38700001022925035e0,2.60800000885462913e0,3.87900002162302249e0,3.37200002668986265e0
0,positive,5.00000000000000028e-2,1.00000000000000000e5,1.54038001443428363e0,1.44462001571539811e0,1.42570001574985628e0,1.54630001475123602e0,1.37705001584695430e0,1.71395001299600813e0,1.65400001332861102e0,2.10600002000148967e0,1.99200002591751124e0
0,negative,5.00000000000000028e-2,1.00000000000000000e5,1.44462001571539811e0,1.54038001443428363e0,1.54630001475123602e0,1.42570001574985628e0,1.71395001299600813e0,1.37705001584695430e0,1.65400001332861102e0,2.10600002000148967e0,1.99200002591751124e0
0,average,5.00000000000000028e-2,1.00000000000000000e5,1.49250001507484087e0,1.49250001507484087e0,1.48600001525054615e0,1.48600001525054615e0,1.54550001442148122e0,1.54550001442148122e0,1.65400001332861102e0,2.10600002000148967e0,1.99200002591751124e0
0,sum,5.00000000000000028e-2,1.00000000000000000e5,2.98500003014968174e0,2.98500003014968174e0,2.97200003050109229e0,2.97200003050109229e0,3.09100002884296243e0,3.09100002884296243e0,3.30800002665722204e0,4.21200004000297934e0,3.98400005183502248e0
0,positive,5.00000000000000028e-2,1.10000000000000009e0,3.63860140754464600e-1,3.59092823463934785e-1,3.39714874416660262e-1,3.93568252441979682e-1,2.93359176680554390e-1,4.56714835670020525e-1,2.21118094671072586e-17,-1.62543529941301247e-17,7.38346372636159709e-2
0,negative,5.00000000000000028e-2,1.10000000000000009e0,3.59092823463934785e-1,3.63860140754464600e-1,3.93568252441979682e-1,3.39714874416660262e-1,4.56714835670020525e-1,2.93359176680554390e-1,2.21118094671072586e-17,-1.62543529941301247e-17,7.38346372636159709e-2
0,average,5.00000000000000028e-2,1.10000000000000009e0,3.61476482109199693e-1,3.61476482109199693e-1,3.66641563429319972e-1,3.66641563429319972e-1,3.75037006175287457e-1,3.75037006175287457e-1,2.21118094671072586e-17,-1.62543529941301247e-17,7.38346372636159709e-2
0,sum,5.00000000000000028e-2,1.10000000000000009e0,7.22952964218399385e-1,7.22952964218399385e-1,7.33283126858639944e-1,7.33283126858639944e-1,7.50074012350574915e-1,7.50074012350574915e-1,4.42236189342145173e-17,-3.25087059882602494e-17,1.47669274527231942e-1
0,positive,5.00000000000000028e-2,3.70000000000000000e1,1.06716676906318120e0,1.01659656959089406e0,9.95870407573623773e-1,1.08622468004459849e0,9.46237824604921673e-1,1.21202788933872885e0,1.18904991916988134e0,1.86619916082794313e0,1.50291970730632185e0
0,negative,5.00000000000000028e-2,3.70000000000000000e1,1.01659656959089406e0,1.06716676906318120e0,1.08622468004459849e0,9.95870407573623773e-1,1.21202788933872885e0,9.46237824604921673e-1,1.18904991916988134e0,1.86619916082794313e0,1.50291970730632185e0
0,average,5.00000000000000028e-2,3.70000000000000000e1,1.04188166932703763e0,1.04188166932703763e0,1.04104754380911113e0,1.04104754380911113e0,1.07913285697182526e0,1.07913285697182526e0,1.18904991916988134e0,1.86619916082794313e0,1.50291970730632185e0
0,sum,5.00000000000000028e-2,3.70000000000000000e1,2.08376333865407526e0,2.08376333865407526e0,2.08209508761822226e0,2.08209508761822226e0,2.15826571394365052e0,2.15826571394365052e0,2.37809983833976268e0,3.73239832165588625e0,3.00583941461264370e0
0,positive,5.00000000000000028e-2,1.77700000000000000e3,1.39838450625216648e0,1.32023714535482917e0,1.30053489322824523e0,1.41008675866265976e0,1.25098379941480609e0,1.56357221394624890e0,1.51777800580842515e0,2.06012807453137059e0,1.94134365390289720e0
0,negative,5.00000000000000028e-2,1.77700000000000000e3,1.32023714535482917e0,1.39838450625216648e0,1.41008675866265976e0,1.30053489322824523e0,1.56357221394624890e0,1.25098379941480609e0,1.51777800580842515e0,2.06012807453137059e0,1.94134365390289720e0
0,average,5.00000000000000028e-2,1.77700000000000000e3,1.35931082580349782e0,1.35931082580349782e0,1.35531082594545249e0,1.35531082594545249e0,1.40727800668052749e0,1.40727800668052749e0,1.51777800580842515e0,2.06012807453137059e0,1.94134365390289720e0
0,sum,5.00000000000000028e-2,1.77700000000000000e3,2.71862165160699565e0,2.71862165160699565e0,2.71062165189090498e0,2.71062165189090498e0,2.81455601336105499e0,2.81455601336105499e0,3.03555601161685029e0,4.12025614906274118e0,3.88268730780579441e0
0,positive,5.00000000000000028e-2,9.99990000000000000e4,1.54037978541940346e0,1.44461982249843324e0,1.42569982482763025e0,1.54629980179952331e0,1.37704981849946106e0,1.71394976975375046e0,1.65399979303373668e0,2.10599999246462222e0,1.99200008099121861e0
0,negative,5.00000000000000028e-2,9.99990000000000000e4,1.44461982249843324e0,1.54037978541940346e0,1.54629980179952331e0,1.42569982482763025e0,1.71394976975375046e0,1.37704981849946106e0,1.65399979303373668e0,2.10599999246462222e0,1.99200008099121861e0
0,average,5.00000000000000028e-2,9.99990000000000000e4,1.49249980395891835e0,1.49249980395891835e0,1.48599981331357678e0,1.48599981331357678e0,1.54549979412660576e0,1.54549979412660576e0,1.65399979303373668e0,2.10599999246462222e0,1.99200008099121861e0
0,sum,5.00000000000000028e-2,9.99990000000000000e4,2.98499960791783669e0,2.98499960791783669e0,2.97199962662715356e0,2.97199962662715356e0,3.09099958825321153e0,3.09099958825321153e0,3.30799958606747335e0,4.21199998492924443e0,3.98400016198243723e0
0,positive,9.50000000000000011e-2,1.00000000000000000e0,4.90680003293535227e-1,4.31220001090292571e-1,4.04750001000891979e-1,5.15950002895175786e-1,3.45150000821065506e-1,7.02850005922536658e-1,1.49999996719430008e-17,-8.66499990773329213e-18,7.29700025804599084e-2
0,negative,9.50000000000000011e-2,1.00000000000000000e0,4.31220001090292571e-1,4.90680003293535227e-1,5.15950002895175786e-1,4.04750001000891979e-1,7.02850005922536658e-1,3.45150000821065506e-1,1.49999996719430008e-17,-8.66499990773329213e-18,7.29700025804599084e-2
0,average,9.50000000000000011e-2,1.00000000000000000e0,4.60950002191913899e-1,4.60950002191913899e-1,4.60350001948033882e-1,4.60350001948033882e-1,5.24000003371801082e-1,5.24000003371801082e-1,1.49999996719430008e-17,-8.66499990773329213e-18,7.29700025804599084e-2
0,sum,9.50000000000000011e-2,1.00000000000000000e0,9.21900004383827798e-1,9.21900004383827798e-1,9.20700003896067765e-1,9.20700003896067765e-1,1.04800000674360216e0,1.04800000674360216e0,2.99999993438860016e-17,-1.73299998154665843e-17,1.45940005160919817e-1
0,positive,9.50000000000000011e-2,1.25000000000000000e0,5.42015003025957842e-1,4.74985000787419454e-1,4.48850000715135755e-1,5.65150002610204760e-1,3.89800000523204404e-1,7.58200005504429009e-1,-3.22200002574430951e-18,-4.83299991734604673e-18,2.12000002471898569e-1
0,negative,9.50000000000000011e-2,1.25000000000000000e0,4.74985000787419454e-1,5.42015003025957842e-1,5.65150002610204760e-1,4.48850000715135755e-1,7.58200005504429009e-1,3.89800000523204404e-1,-3.22200002574430951e-18,-4.83299991734604673e-18,2.12000002471898569e-1
0,average,9.50000000000000011e-2,1.25000000000000000e0,5.08500001906688648e-1,5.08500001906688648e-1,5.07000001662670230e-1,5.07000001662670230e-1,5.74000003013816706e-1,5.74000003013816706e-1,-3.22200002574430951e-18,-4.83299991734604673e-18,2.12000002471898569e-1
0,sum,9.50000000000000011e-2,1.25000000000000000e0,1.01700000381337730e0,1.01700000381337730e0,1.01400000332534046e0,1.01400000332534046e0,1.14800000602763341e0,1.14800000602763341e0,-6.44400005148861901e-18,-9.66599983469209345e-18,4.24000004943797137e-1
0,positive,9.50000000000000011e-2,1.00000000000000000e1,8.57399999680985569e-1,7.44599997396395041e-1,7.20999997331814968e-1,8.65999999011893284e-1,6.64499997298738210e-1,1.08750000126446000e0,1.00549999983524985e0,1.50250008790208764e-18,9.78299997814789601e-1
0,negative,9.50000000000000011e-2,1.00000000000000000e1,7.44599997396395041e-1,8.57399999680985569e-1,8.65999999011893284e-1,7.20999997331814968e-1,1.08750000126446000e0,6.64499997298738210e-1,1.00549999983524985e0,1.50250008790208764e-18,9.78299997814789601e-1
0,average,9.50000000000000011e-2,1.00000000000000000e1,8.00999998538690305e-1,8.00999998538690305e-1,7.93499998171854126e-1,7.93499998171854126e-1,8.75999999281599107e-1,8.75999999281599107e-1,1.00549999983524985e0,1.50250008790208764e-18,9.78299997814789601e-1
0,sum,9.50000000000000011e-2,1.00000000000000000e1,1.60199999707738061e0,1.60199999707738061e0,1.58699999634370825e0,1.58699999634370825e0,1.75199999856319821e0,1.75199999856319821e0,2.01099999967049969e0,3.00500017580417527e-18,1.95659999562957920e0
0,positive,9.50000000000000011e-2,1.00000000000000000e2,1.00924999680328842e0,8.70749994709771769e-1,8.49699994657773794e-1,1.00829999612053678e0,7.95799994710423286e-1,1.23919999780164969e0,1.14199999637486616e0,1.43749998883554775e0,1.23699999256020421e0
0,negative,9.50000000000000011e-2,1.00000000000000000e2,8.70749994709771769e-1,1.00924999680328842e0,1.00829999612053678e0,8.49699994657773794e-1,1.23919999780164969e0,7.95799994710423286e-1,1.14199999637486616e0,1.43749998883554775e0,1.23699999256020421e0
0,average,9.50000000000000011e-2,1.00000000000000000e2,9.39999995756530149e-1,9.39999995756530149e-1,9.28999995389155231e-1,9.28999995389155231e-1,1.01749999625603649e0,1.01749999625603649e0,1.14199999637486616e0,1.43749998883554775e0,1.23699999256020421e0
0,sum,9.50000000000000011e-2,1.00000000000000000e2,1.87999999151306030e0,1.87999999151306030e0,1.85799999077831046e0,1.85799999077831046e0,2.03499999251207297e0,2.03499999251207297e0,2.28399999274973231e0,2.87499997767109550e0,2.47399998512040842e0
0,positive,9.50000000000000011e-2,1.00000000000000000e5,1.08924999237866849e0,9.21749990865777802e-1,9.05549990826715945e-1,1.07444999168159527e0,8.58299991038850907e-1,1.30269999247247514e0,1.18849999163225206e0,1.32849998529310120e0,1.15799998663647963e0
0,negative,9.50000000000000011e-2,1.00000000000000000e5,9.21749990865777802e-1,1.08924999237866849e0,1.07444999168159527e0,9.05549990826715945e-1,1.30269999247247514e0,8.58299991038850907e-1,1.18849999163225206e0,1.32849998529310120e0,1.15799998663647963e0
0,average,9.50000000000000011e-2,1.00000000000000000e5,1.00549999162222314e0,1.00549999162222314e0,9.89999991254155609e-1,9.89999991254155609e-1,1.08049999175566303e0,1.08049999175566303e0,1.18849999163225206e0,1.32849998529310120e0,1.15799998663647963e0
0,sum,9.50000000000000011e-2,1.00000000000000000e5,2.01099998324444629e0,2.01099998324444629e0,1.97999998250831122e0,1.97999998250831122e0,2.16099998351132605e0,2.16099998351132605e0,2.37699998326450412e0,2.65699997058620241e0,2.31599997327295926e0
0,positive,9.50000000000000011e-2,1.10000000000000009e0,5.12606462857059353e-1,4.49913124712744250e-1,4.23586211491316311e-1,5.36964550667650697e-1,3.64221130032778895e-1,7.26491372124919543e-1,7.21692883098728156e-18,-7.02825707585239571e-18,1.32353185333473955e-1
0,negative,9.50000000000000011e-2,1.10000000000000009e0,4.49913124712744250e-1,5.12606462857059353e-1,5.36964550667650697e-1,4.23586211491316311e-1,7.26491372124919543e-1,3.64221130032778895e-1,7.21692883098728156e-18,-7.02825707585239571e-18,1.32353185333473955e-1
0,average,9.50000000000000011e-2,1.10000000000000009e0,4.81259793784901801e-1,4.81259793784901801e-1,4.80275381079483532e-1,4.80275381079483532e-1,5.45356251078849219e-1,5.45356251078849219e-1,7.21692883098728156e-18,-7.02825707585239571e-18,1.32353185333473955e-1
0,sum,9.50000000000000011e-2,1.10000000000000009e0,9.62519587569803603e-1,9.62519587569803603e-1,9.60550762158967064e-1,9.60550762158967064e-1,1.09071250215769844e0,1.09071250215769844e0,1.44338576619745631e-17,-1.40565141517047914e-17,2.64706370666947910e-1
0,positive,9.50000000000000011e-2,3.70000000000000000e1,9.59065474016457697e-1,8.29811430973570241e-1,8.07545318871685347e-1,9.61497459723225645e-1,7.52654325735835239e-1,1.18989083181818756e0,1.09802139057583359e0,1.43417061824350212e0,1.16570627796407011e0
0,negative,9.50000000000000011e-2,3.70000000000000000e1,8.29811430973570241e-1,9.59065474016457697e-1,9.61497459723225645e-1,8.07545318871685347e-1,1.18989083181818756e0,7.52654325735835239e-1,1.09802139057583359e0,1.43417061824350212e0,1.16570627796407011e0
0,average,9.50000000000000011e-2,3.70000000000000000e1,8.94438452495013969e-1,8.94438452495013969e-1,8.84521389297455496e-1,8.84521389297455496e-1,9.71272578777011342e-1,9.71272578777011342e-1,1.09802139057583359e0,1.43417061824350212e0,1.16570627796407011e0
0,sum,9.50000000000000011e-2,3.70000000000000000e1,1.78887690499002794e0,1.78887690499002794e0,1.76904277859491099e0,1.76904277859491099e0,1.94254515755402268e0,1.94254515755402268e0,2.19604278115166718e0,2.86834123648700423e0,2.33141255592814023e0
0,positive,9.50000000000000011e-2,1.77700000000000000e3,1.07871730557933199e0,9.22976376734632953e-1,9.03879658658739982e-1,1.06985778092421424e0,8.53209967731151764e-1,1.30250559422098799e0,1.19489059935849218e0,1.40669689665272779e0,1.26513126193859837e0
0,negative,9.50000000000000011e-2,1.77700000000000000e3,9.22976376734632953e-1,1.07871730557933199e0,1.06985778092421424e0,9.03879658658739982e-1,1.30250559422098799e0,8.53209967731151764e-1,1.19489059935849218e0,1.40669689665272779e0,1.26513126193859837e0
0,average,9.50000000000000011e-2,1.77700000000000000e3,1.00084684115698241e0,1.00084684115698241e0,9.86868719791477167e-1,9.86868719791477167e-1,1.07785778097606988e0,1.07785778097606988e0,1.19489059935849218e0,1.40669689665272779e0,1.26513126193859837e0
0,sum,9.50000000000000011e-2,1.77700000000000000e3,2.00169368231396483e0,2.00169368231396483e0,1.97373743958295433e0,1.97373743958295433e0,2.15571556195213976e0,2.15571556195213976e0,2.38978119871698436e0,2.81339379330545558e0,2.53026252387719675e0
0,positive,9.50000000000000011e-2,9.99990000000000000e4,1.08925002817658467e0,9.21750046857389149e-1,9.05550029378321519e-1,1.07445002656162081e0,8.58300026836769980e-1,1.30270004846409204e0,1.18850006506387640e0,1.32850018723006413e0,1.15800029872087729e0
0,negative,9.50000000000000011e-2,9.99990000000000000e4,9.21750046857389149e-1,1.08925002817658467e0,1.07445002656162081e0,9.05550029378321519e-1,1.30270004846409204e0,8.58300026836769980e-1,1.18850006506387640e0,1.32850018723006413e0,1.15800029872087729e0
0,average,9.50000000000000011e-2,9.99990000000000000e4,1.00550003751698691e0,1.00550003751698691e0,9.90000027969971219e-1,9.90000027969971219e-1,1.08050003765043101e0,1.08050003765043101e0,1.18850006506387640e0,1.32850018723006413e0,1.15800029872087729e0
0,sum,9.50000000000000011e-2,9.99990000000000000e4,2.01100007503397382e0,2.01100007503397382e0,1.98000005593994244e0,1.98000005593994244e0,2.16100007530086202e0,2.16100007530086202e0,2.37700013012775280e0,2.65700037446012827e0,2.31600059744175457e0
0,positive,1.00000000000000006e-1,1.00000000000000000e0,5.03879996245926165e-1,4.35419998856859503e-1,4.08599998953887544e-1,5.27499996731347398e-1,3.48299999146700734e-1,7.26699993182785664e-1,1.36700003829432701e-17,-8.28500011117442027e-18,8.33999970064164264e-2
0,negative,1.00000000000000006e-1,1.00000000000000000e0,4.35419998856859503e-1,5.03879996245926165e-1,5.27499996731347398e-1,4.08599998953887544e-1,7.26699993182785664e-1,3.48299999146700734e-1,1.36700003829432701e-17,-8.28500011117442027e-18,8.33999970064164264e-2
0,average,1.00000000000000006e-1,1.00000000000000000e0,4.69649997551392806e-1,4.69649997551392806e-1,4.68049997842617471e-1,4.68049997842617471e-1,5.37499996164743199e-1,5.37499996164743199e-1,1.36700003829432701e-17,-8.28500011117442027e-18,8.33999970064164264e-2
0,sum,1.00000000000000006e-1,1.00000000000000000e0,9.39299995102785612e-1,9.39299995102785612e-1,9.36099995685234942e-1,9.36099995685234942e-1,1.07499999232948640e0,1.07499999232948640e0,2.73400007658865402e-17,-1.65700002223488405e-17,1.66799994012832853e-1
0,positive,1.00000000000000006e-1,1.25000000000000000e0,5.54084996584716438e-1,4.77914999235024285e-1,4.51499999311721245e-1,5.75499997090132887e-1,3.91699999519203979e-1,7.80299993702954109e-1,-3.32049997338256172e-18,-4.49650009730513207e-18,2.21899997185869335e-1
0,negative,1.00000000000000006e-1,1.25000000000000000e0,4.77914999235024285e-1,5.54084996584716438e-1,5.75499997090132887e-1,4.51499999311721245e-1,7.80299993702954109e-1,3.91699999519203979e-1,-3.32049997338256172e-18,-4.49650009730513207e-18,2.21899997185869335e-1
0,average,1.00000000000000006e-1,1.25000000000000000e0,5.15999997909870389e-1,5.15999997909870389e-1,5.13499998200927066e-1,5.13499998200927066e-1,5.85999996611079044e-1,5.85999996611079044e-1,-3.32049997338256172e-18,-4.49650009730513207e-18,2.21899997185869335e-1
0,sum,1.00000000000000006e-1,1.25000000000000000e0,1.03199999581974078e0,1.03199999581974078e0,1.02699999640185413e0,1.02699999640185413e0,1.17199999322215809e0,1.17199999322215809e0,-6.64099994676512345e-18,-8.99300019461026414e-18,4.43799994371738671e-1
0,positive,1.00000000000000006e-1,1.00000000000000000e1,8.55550000698978907e-1,7.33450003387358995e-1,7.09600003455788997e-1,8.61400001501759549e-1,6.53000003474378699e-1,1.09199999889193200e0,1.00350000097135394e0,1.85149990170166782e-18,9.68800002926728965e-1
0,negative,1.00000000000000006e-1,1.00000000000000000e1,7.33450003387358995e-1,8.55550000698978907e-1,8.61400001501759549e-1,7.09600003455788997e-1,1.09199999889193200e0,6.53000003474378699e-1,1.00350000097135394e0,1.85149990170166782e-18,9.68800002926728965e-1
0,average,1.00000000000000006e-1,1.00000000000000000e1,7.94500002043168951e-1,7.94500002043168951e-1,7.85500002478774273e-1,7.85500002478774273e-1,8.72500001183155405e-1,8.72500001183155405e-1,1.00350000097135394e0,1.85149990170166782e-18,9.68800002926728965e-1
0,sum,1.00000000000000006e-1,1.00000000000000000e1,1.58900000408633790e0,1.58900000408633790e0,1.57100000495754855e0,1.57100000495754855e0,1.74500000236631081e0,1.74500000236631081e0,2.00700000194270789e0,3.70299980340333565e-18,1.93760000585345793e0
0,positive,1.00000000000000006e-1,1.00000000000000000e2,9.95500004194222576e-1,8.48500006644737459e-1,8.27250006699076668e-1,9.91750005009788049e-1,7.73600006616183666e-1,1.22940000308635566e0,1.12600000499372754e0,1.39100001375600058e0,1.20600000917593198e0
0,negative,1.00000000000000006e-1,1.00000000000000000e2,8.48500006644737459e-1,9.95500004194222576e-1,9.91750005009788049e-1,8.27250006699076668e-1,1.22940000308635566e0,7.73600006616183666e-1,1.12600000499372754e0,1.39100001375600058e0,1.20600000917593198e0
0,average,1.00000000000000006e-1,1.00000000000000000e2,9.22000005419480018e-1,9.22000005419480018e-1,9.09500005854432358e-1,9.09500005854432358e-1,1.00150000485126967e0,1.00150000485126967e0,1.12600000499372754e0,1.39100001375600058e0,1.20600000917593198e0
0,sum,1.00000000000000006e-1,1.00000000000000000e2,1.84400001083896004e0,1.84400001083896004e0,1.81900001170886472e0,1.81900001170886472e0,2.00300000970253933e0,2.00300000970253933e0,2.25200000998745509e0,2.78200002751200115e0,2.41200001835186395e0
0,positive,1.00000000000000006e-1,1.00000000000000000e5,1.05730000951147884e0,8.83700011257373852e-1,8.67350011298051005e-1,1.03965001033902626e0,8.21000011027030352e-1,1.27100000947847813e0,1.15350001039683470e0,1.26800001767959380e0,1.10300001608135712e0
0,negative,1.00000000000000006e-1,1.00000000000000000e5,8.83700011257373852e-1,1.05730000951147884e0,1.03965001033902626e0,8.67350011298051005e-1,1.27100000947847813e0,8.21000011027030352e-1,1.15350001039683470e0,1.26800001767959380e0,1.10300001608135712e0
0,average,1.00000000000000006e-1,1.00000000000000000e5,9.70500010384426348e-1,9.70500010384426348e-1,9.53500010818538635e-1,9.53500010818538635e-1,1.04600001025275424e0,1.04600001025275424e0,1.15350001039683470e0,1.26800001767959380e0,1.10300001608135712e0
0,sum,1.00000000000000006e-1,1.00000000000000000e5,1.94100002076885270e0,1.94100002076885270e0,1.90700002163707727e0,1.90700002163707727e0,2.09200002050550848e0,2.09200002050550848e0,2.30700002079366939e0,2.53600003535918761e0,2.20600003216271423e0
0,positive,1.00000000000000006e-1,1.10000000000000009e0,5.25323804866810073e-1,4.53570674074556590e-1,4.26923659770566399e-1,5.48001994830147887e-1,3.66837222448244571e-1,7.49593891110831301e-1,6.41293364545722395e-18,-6.66683720490191651e-18,1.42556803655133096e-1
0,negative,1.00000000000000006e-1,1.10000000000000009e0,4.53570674074556590e-1,5.25323804866810073e-1,5.48001994830147887e-1,4.26923659770566399e-1,7.49593891110831301e-1,3.66837222448244571e-1,6.41293364545722395e-18,-6.66683720490191651e-18,1.42556803655133096e-1
0,average,1.00000000000000006e-1,1.10000000000000009e0,4.89447239470683360e-1,4.89447239470683360e-1,4.87462827300357171e-1,4.87462827300357171e-1,5.58215556779537936e-1,5.58215556779537936e-1,6.41293364545722395e-18,-6.66683720490191651e-18,1.42556803655133096e-1
0,sum,1.00000000000000006e-1,1.10000000000000009e0,9.78894478941366719e-1,9.78894478941366719e-1,9.74925654600714342e-1,9.74925654600714342e-1,1.11643111355907587e0,1.11643111355907587e0,1.28258672909144479e-17,-1.33336744098038330e-17,2.85113607310266193e-1
0,positive,1.00000000000000006e-1,3.70000000000000000e1,9.49896752236381037e-1,8.11809539048257145e-1,7.89293427079426180e-1,9.49578739414820627e-1,7.34652671506083932e-1,1.18572186967194826e0,1.08751901927486561e0,1.39208532665533635e0,1.14436978676795054e0
0,negative,1.00000000000000006e-1,3.70000000000000000e1,8.11809539048257145e-1,9.49896752236381037e-1,9.49578739414820627e-1,7.89293427079426180e-1,1.18572186967194826e0,7.34652671506083932e-1,1.08751901927486561e0,1.39208532665533635e0,1.14436978676795054e0
0,average,1.00000000000000006e-1,3.70000000000000000e1,8.80853145642319091e-1,8.80853145642319091e-1,8.69436083247123404e-1,8.69436083247123404e-1,9.60187270589016095e-1,9.60187270589016095e-1,1.08751901927486561e0,1.39208532665533635e0,1.14436978676795054e0
0,sum,1.00000000000000006e-1,3.70000000000000000e1,1.76170629128463818e0,1.76170629128463818e0,1.73887216649424681e0,1.73887216649424681e0,1.92037454117803219e0,1.92037454117803219e0,2.17503803854973121e0,2.78417065331067271e0,2.28873957353590107e0
0,positive,1.00000000000000006e-1,1.77700000000000000e3,1.05446326424802228e0,8.91317963583876161e-1,8.72609211914043281e-1,1.04319389538478635e0,8.22247178429250214e-1,1.28055592744048297e0,1.16843437132889405e0,1.35172974441567417e0,1.21819692372400223e0
0,negative,1.00000000000000006e-1,1.77700000000000000e3,8.91317963583876161e-1,1.05446326424802228e0,1.04319389538478635e0,8.72609211914043281e-1,1.28055592744048297e0,8.22247178429250214e-1,1.16843437132889405e0,1.35172974441567417e0,1.21819692372400223e0
0,average,1.00000000000000006e-1,1.77700000000000000e3,9.72890613915949221e-1,9.72890613915949221e-1,9.57901553649414872e-1,9.57901553649414872e-1,1.05140155293486659e0,1.05140155293486659e0,1.16843437132889405e0,1.35172974441567417e0,1.21819692372400223e0
0,sum,1.00000000000000006e-1,1.77700000000000000e3,1.94578122783189844e0,1.94578122783189844e0,1.91580310729882974e0,1.91580310729882974e0,2.10280310586973318e0,2.10280310586973318e0,2.33686874265778810e0,2.70345948883134835e0,2.43639384744800447e0
0,positive,1.00000000000000006e-1,9.99990000000000000e4,1.05730004714518433e0,8.83700065413195346e-1,8.67350066371763040e-1,1.03965006541273719e0,8.21000061511266366e-1,1.27100008749957016e0,1.15350009300740708e0,1.26800022879550456e0,1.10300034652365087e0
0,negative,1.00000000000000006e-1,9.99990000000000000e4,8.83700065413195346e-1,1.05730004714518433e0,1.03965006541273719e0,8.67350066371763040e-1,1.27100008749957016e0,8.21000061511266366e-1,1.15350009300740708e0,1.26800022879550456e0,1.10300034652365087e0
0,average,1.00000000000000006e-1,9.99990000000000000e4,9.70500056279189893e-1,9.70500056279189893e-1,9.53500065892250115e-1,9.53500065892250115e-1,1.04600007450541832e0,1.04600007450541832e0,1.15350009300740708e0,1.26800022879550456e0,1.10300034652365087e0
0,sum,1.00000000000000006e-1,9.99990000000000000e4,1.94100011255837979e0,1.94100011255837979e0,1.90700013178450023e0,1.90700013178450023e0,2.09200014901083664e0,2.09200014901083664e0,2.30700018601481416e0,2.53600045759100912e0,2.20600069304730173e0
0,positive,2.00000000000000011e-1,1.00000000000000000e0,6.37899999493610648e-1,3.85100003353210041e-1,3.62900003065048049e-1,6.09900000938127351e-1,3.04150002770128325e-1,9.50849999543550872e-1,2.05750014457879328e-18,-4.49500007029408213e-18,4.13699990520867922e-1
0,negative,2.00000000000000011e-1,1.00000000000000000e0,3.85100003353210041e-1,6.37899999493610648e-1,6.09900000938127351e-1,3.62900003065048049e-1,9.50849999543550872e-1,3.04150002770128325e-1,2.05750014457879328e-18,-4.49500007029408213e-18,4.13699990520867922e-1
0,average,2.00000000000000011e-1,1.00000000000000000e0,5.11500001423410344e-1,5.11500001423410344e-1,4.86400002001587728e-1,4.86400002001587728e-1,6.27500001156839571e-1,6.27500001156839571e-1,2.05750014457879328e-18,-4.49500007029408213e-18,4.13699990520867922e-1
0,sum,2.00000000000000011e-1,1.00000000000000000e0,1.02300000284682069e0,1.02300000284682069e0,9.72800004003175456e-1,9.72800004003175456e-1,1.25500000231367914e0,1.25500000231367914e0,4.11500028915758656e-18,-8.99000014058816426e-18,8.27399981041735844e-1
0,positive,2.00000000000000011e-1,1.25000000000000000e0,6.62800000165122194e-1,4.07200003799460308e-1,3.86200003439068518e-1,6.32800001512027199e-1,3.28650003151029879e-1,9.69350000380535870e-1,-3.44650002352102276e-18,-2.39550003063174636e-18,5.25499991771383623e-1
0,negative,2.00000000000000011e-1,1.25000000000000000e0,4.07200003799460308e-1,6.62800000165122194e-1,6.32800001512027199e-1,3.86200003439068518e-1,9.69350000380535870e-1,3.28650003151029879e-1,-3.44650002352102276e-18,-2.39550003063174636e-18,5.25499991771383623e-1
0,average,2.00000000000000011e-1,1.25000000000000000e0,5.35000001982291251e-1,5.35000001982291251e-1,5.09500002475547831e-1,5.09500002475547831e-1,6.49000001765782875e-1,6.49000001765782875e-1,-3.44650002352102276e-18,-2.39550003063174636e-18,5.25499991771383623e-1
0,sum,2.00000000000000011e-1,1.25000000000000000e0,1.07000000396458250e0,1.07000000396458250e0,1.01900000495109566e0,1.01900000495109566e0,1.29800000353156575e0,1.29800000353156575e0,-6.89300004704204552e-18,-4.79100006126349273e-18,1.05099998354276725e0
0,positive,2.00000000000000011e-1,1.00000000000000000e1,7.56950004689798006e-1,4.96050006798102738e-1,4.81050006456294754e-1,7.15950005694977909e-1,4.32400006069420029e-1,1.01560000599608413e0,8.54500007949499985e-1,3.81600001227777985e-18,8.90800002604048347e-1
0,negative,2.00000000000000011e-1,1.00000000000000000e1,4.96050006798102738e-1,7.56950004689798006e-1,7.15950005694977909e-1,4.81050006456294754e-1,1.01560000599608413e0,4.32400006069420029e-1,8.54500007949499985e-1,3.81600001227777985e-18,8.90800002604048347e-1
0,average,2.00000000000000011e-1,1.00000000000000000e1,6.26500005743950372e-1,6.26500005743950372e-1,5.98500006075636359e-1,5.98500006075636359e-1,7.24000006032752053e-1,7.24000006032752053e-1,8.54500007949499985e-1,3.81600001227777985e-18,8.90800002604048347e-1
0,sum,2.00000000000000011e-1,1.00000000000000000e1,1.25300001148790074e0,1.25300001148790074e0,1.19700001215127272e0,1.19700001215127272e0,1.44800001206550411e0,1.44800001206550411e0,1.70900001589899997e0,7.63200002455555971e-18,1.78160000520809669e0
0,positive,2.00000000000000011e-1,1.00000000000000000e2,7.49300007232207688e-1,4.96700008360101308e-1,4.85900008055562493e-1,7.05100007990493993e-1,4.42700007639068416e-1,9.72300009023430611e-1,8.17500010202068528e-1,6.96000015423026031e-1,8.31200008551148173e-1
0,negative,2.00000000000000011e-1,1.00000000000000000e2,4.96700008360101308e-1,7.49300007232207688e-1,7.05100007990493993e-1,4.85900008055562493e-1,9.72300009023430611e-1,4.42700007639068416e-1,8.17500010202068528e-1,6.96000015423026031e-1,8.31200008551148173e-1
0,average,2.00000000000000011e-1,1.00000000000000000e2,6.23000007796154498e-1,6.23000007796154498e-1,5.95500008023028271e-1,5.95500008023028271e-1,7.07500008331249486e-1,7.07500008331249486e-1,8.17500010202068528e-1,6.96000015423026031e-1,8.31200008551148173e-1
0,sum,2.00000000000000011e-1,1.00000000000000000e2,1.24600001559230900e0,1.24600001559230900e0,1.19100001604605654e0,1.19100001604605654e0,1.41500001666249897e0,1.41500001666249897e0,1.63500002040413706e0,1.39200003084605206e0,1.66240001710229635e0
0,positive,2.00000000000000011e-1,1.00000000000000000e5,6.33900009472087800e-1,4.13100009229116771e-1,4.07300008973467131e-1,5.89600009776669376e-1,3.74500008607820067e-1,7.96500011630715488e-1,6.58500011633636362e-1,5.21500013941692098e-1,5.03000010839286915e-1
0,negative,2.00000000000000011e-1,1.00000000000000000e5,4.13100009229116771e-1,6.33900009472087800e-1,5.89600009776669376e-1,4.07300008973467131e-1,7.96500011630715488e-1,3.74500008607820067e-1,6.58500011633636362e-1,5.21500013941692098e-1,5.03000010839286915e-1
0,average,2.00000000000000011e-1,1.00000000000000000e5,5.23500009350602258e-1,5.23500009350602258e-1,4.98450009375068226e-1,4.98450009375068226e-1,5.85500010119267777e-1,5.85500010119267777e-1,6.58500011633636362e-1,5.21500013941692098e-1,5.03000010839286915e-1
0,sum,2.00000000000000011e-1,1.00000000000000000e5,1.04700001870120452e0,1.04700001870120452e0,9.96900018750136452e-1,9.96900018750136452e-1,1.17100002023853555e0,1.17100002023853555e0,1.31700002326727272e0,1.04300002788338420e0,1.00600002167857383e0
0,positive,2.00000000000000011e-1,1.10000000000000009e0,6.48535411214686164e-1,3.94539465097913489e-1,3.72852014727539260e-1,6.19681162703112354e-1,3.14614564384197437e-1,9.58751811609230287e-1,-2.93395691644381685e-19,-3.59825120571391179e-18,4.61452561269847628e-1
0,negative,2.00000000000000011e-1,1.10000000000000009e0,3.94539465097913489e-1,6.48535411214686164e-1,6.19681162703112354e-1,3.72852014727539260e-1,9.58751811609230287e-1,3.14614564384197437e-1,-2.93395691644381685e-19,-3.59825120571391179e-18,4.61452561269847628e-1
0,average,2.00000000000000011e-1,1.10000000000000009e0,5.21537438156299826e-1,5.21537438156299826e-1,4.96266588715325807e-1,4.96266588715325807e-1,6.36683187996713862e-1,6.36683187996713862e-1,-2.93395691644381685e-19,-3.59825120571391179e-18,4.61452561269847628e-1
0,sum,2.00000000000000011e-1,1.10000000000000009e0,1.04307487631259965e0,1.04307487631259965e0,9.92533177430651614e-1,9.92533177430651614e-1,1.27336637599342772e0,1.27336637599342772e0,-5.86791383288763371e-19,-7.19650241142782358e-18,9.22905122539695255e-1
0,positive,2.00000000000000011e-1,3.70000000000000000e1,7.58698104755947789e-1,5.01799532450427188e-1,4.89325126387396558e-1,7.15172511394365662e-1,4.43959489354182391e-1,9.95367520509068737e-1,8.37827004164017897e-1,7.26405193337187449e-1,8.75721296559919926e-1
0,negative,2.00000000000000011e-1,3.70000000000000000e1,5.01799532450427188e-1,7.58698104755947789e-1,7.15172511394365662e-1,4.89325126387396558e-1,9.95367520509068737e-1,4.43959489354182391e-1,8.37827004164017897e-1,7.26405193337187449e-1,8.75721296559919926e-1
0,average,2.00000000000000011e-1,3.70000000000000000e1,6.30248818603187488e-1,6.30248818603187488e-1,6.02248818890881110e-1,6.02248818890881110e-1,7.19663504931625564e-1,7.19663504931625564e-1,8.37827004164017897e-1,7.26405193337187449e-1,8.75721296559919926e-1
0,sum,2.00000000000000011e-1,3.70000000000000000e1,1.26049763720637498e0,1.26049763720637498e0,1.20449763778176222e0,1.20449763778176222e0,1.43932700986325113e0,1.43932700986325113e0,1.67565400832803579e0,1.45281038667437490e0,1.75144259311983985e0
0,positive,2.00000000000000011e-1,1.77700000000000000e3,7.03666609598657344e-1,4.64705349115205668e-1,4.56260818652092948e-1,6.58133019393064123e-1,4.18724718040562993e-1,8.95734757662518644e-1,7.48306315666048660e-1,6.13350077109740655e-1,6.76771692575993233e-1
0,negative,2.00000000000000011e-1,1.77700000000000000e3,4.64705349115205668e-1,7.03666609598657344e-1,6.58133019393064123e-1,4.56260818652092948e-1,8.95734757662518644e-1,4.18724718040562993e-1,7.48306315666048660e-1,6.13350077109740655e-1,6.76771692575993233e-1
0,average,2.00000000000000011e-1,1.77700000000000000e3,5.84185979356931506e-1,5.84185979356931506e-1,5.57196919022578507e-1,5.57196919022578507e-1,6.57229737851540818e-1,6.57229737851540818e-1,7.48306315666048660e-1,6.13350077109740655e-1,6.76771692575993233e-1
0,sum,2.00000000000000011e-1,1.77700000000000000e3,1.16837195871386301e0,1.16837195871386301e0,1.11439383804515701e0,1.11439383804515701e0,1.31445947570308164e0,1.31445947570308164e0,1.49661263133209732e0,1.22670015421948131e0,1.35354338515198647e0
0,positive,2.00000000000000011e-1,9.99990000000000000e4,6.33900177446921398e-1,4.13100134980769140e-1,4.07300125546167402e-1,5.89600170408342117e-1,3.74500115083671647e-1,7.96500235597160988e-1,6.58500213570596626e-1,5.21500215878654805e-1,5.03000372490026826e-1
0,negative,2.00000000000000011e-1,9.99990000000000000e4,4.13100134980769140e-1,6.33900177446921398e-1,5.89600170408342117e-1,4.07300125546167402e-1,7.96500235597160988e-1,3.74500115083671647e-1,6.58500213570596626e-1,5.21500215878654805e-1,5.03000372490026826e-1
0,average,2.00000000000000011e-1,9.99990000000000000e4,5.23500156213845269e-1,5.23500156213845269e-1,4.98450147977254732e-1,4.98450147977254732e-1,5.85500175340416318e-1,5.85500175340416318e-1,6.58500213570596626e-1,5.21500215878654805e-1,5.03000372490026826e-1
0,sum,2.00000000000000011e-1,9.99990000000000000e4,1.04700031242769054e0,1.04700031242769054e0,9.96900295954509463e-1,9.96900295954509463e-1,1.17100035068083264e0,1.17100035068083264e0,1.31700042714119325e0,1.04300043175730961e0,1.00600074498005365e0
0,positive,2.25000000000000006e-1,1.00000000000000000e0,6.39599999871159675e-1,3.54999992705410494e-1,3.35749993517757694e-1,5.98949996838894938e-1,2.79149994013756231e-1,9.46849997436934432e-1,1.00099977102937470e-18,-4.03949992353260782e-18,5.15700029942152138e-1
0,negative,2.25000000000000006e-1,1.00000000000000000e0,3.54999992705410494e-1,6.39599999871159675e-1,5.98949996838894938e-1,3.35749993517757694e-1,9.46849997436934432e-1,2.79149994013756231e-1,1.00099977102937470e-18,-4.03949992353260782e-18,5.15700029942152138e-1
0,average,2.25000000000000006e-1,1.00000000000000000e0,4.97299996288285084e-1,4.97299996288285084e-1,4.67349995178326316e-1,4.67349995178326316e-1,6.12999995725345359e-1,6.12999995725345359e-1,1.00099977102937470e-18,-4.03949992353260782e-18,5.15700029942152138e-1
0,sum,2.25000000000000006e-1,1.00000000000000000e0,9.94599992576570169e-1,9.94599992576570169e-1,9.34699990356652632e-1,9.34699990356652632e-1,1.22599999145069072e0,1.22599999145069072e0,2.00199954205874939e-18,-8.07899984706521564e-18,1.03140005988430428e0
0,positive,2.25000000000000006e-1,1.25000000000000000e0,6.59049998719465902e-1,3.73949992123325248e-1,3.55949992885041921e-1,6.16949995791622019e-1,3.00699993439494107e-1,9.58299995934820181e-1,-3.31349998952786391e-18,-2.19699996353969593e-18,6.14500026038592440e-1
0,negative,2.25000000000000006e-1,1.25000000000000000e0,3.73949992123325248e-1,6.59049998719465902e-1,6.16949995791622019e-1,3.55949992885041921e-1,9.58299995934820181e-1,3.00699993439494107e-1,-3.31349998952786391e-18,-2.19699996353969593e-18,6.14500026038592440e-1
0,average,2.25000000000000006e-1,1.25000000000000000e0,5.16499995421395575e-1,5.16499995421395575e-1,4.86449994338331970e-1,4.86449994338331970e-1,6.29499994687157116e-1,6.29499994687157116e-1,-3.31349998952786391e-18,-2.19699996353969593e-18,6.14500026038592440e-1
0,sum,2.25000000000000006e-1,1.25000000000000000e0,1.03299999084279115e0,1.03299999084279115e0,9.72899988676663940e-1,9.72899988676663940e-1,1.25899998937431423e0,1.25899998937431423e0,-6.62699997905572781e-18,-4.39399992707939185e-18,1.22900005207718488e0
0,positive,2.25000000000000006e-1,1.00000000000000000e1,7.18599990739887229e-1,4.42399987733181232e-1,4.30549988499804082e-1,6.69449988973850330e-1,3.84149989176070017e-1,9.61849986590129769e-1,7.97999989059716919e-1,3.72949999041895080e-18,8.76799998154537019e-1
0,negative,2.25000000000000006e-1,1.00000000000000000e1,4.42399987733181232e-1,7.18599990739887229e-1,6.69449988973850330e-1,4.30549988499804082e-1,9.61849986590129769e-1,3.84149989176070017e-1,7.97999989059716919e-1,3.72949999041895080e-18,8.76799998154537019e-1
0,average,2.25000000000000006e-1,1.00000000000000000e1,5.80499989236534231e-1,5.80499989236534231e-1,5.49999988736827206e-1,5.49999988736827206e-1,6.72999987883099893e-1,6.72999987883099893e-1,7.97999989059716919e-1,3.72949999041895080e-18,8.76799998154537019e-1
0,sum,2.25000000000000006e-1,1.00000000000000000e1,1.16099997847306846e0,1.16099997847306846e0,1.09999997747365441e0,1.09999997747365441e0,1.34599997576619979e0,1.34599997576619979e0,1.59599997811943384e0,7.45899998083790161e-18,1.75359999630907404e0
0,positive,2.25000000000000006e-1,1.00000000000000000e2,6.91749986946867068e-1,4.32249985975705409e-1,4.24199986508999094e-1,6.41799985749535895e-1,3.83999987258311415e-1,8.96999982329227952e-1,7.41999984257390222e-1,5.78499974810244288e-1,7.66799985909371040e-1
0,negative,2.25000000000000006e-1,1.00000000000000000e2,4.32249985975705409e-1,6.91749986946867068e-1,6.41799985749535895e-1,4.24199986508999094e-1,8.96999982329227952e-1,3.83999987258311415e-1,7.41999984257390222e-1,5.78499974810244288e-1,7.66799985909371040e-1
0,average,2.25000000000000006e-1,1.00000000000000000e2,5.61999986461286238e-1,5.61999986461286238e-1,5.32999986129267467e-1,5.32999986129267467e-1,6.40499984793769683e-1,6.40499984793769683e-1,7.41999984257390222e-1,5.78499974810244288e-1,7.66799985909371040e-1
0,sum,2.25000000000000006e-1,1.00000000000000000e2,1.12399997292257248e0,1.12399997292257248e0,1.06599997225853493e0,1.06599997225853493e0,1.28099996958753937e0,1.28099996958753937e0,1.48399996851478044e0,1.15699994962048858e0,1.53359997181874208e0
0,positive,2.25000000000000006e-1,1.00000000000000000e5,5.62049984367356203e-1,3.45449985782528612e-1,3.41649986233424574e-1,5.15849984092369263e-1,3.11949986946340019e-1,7.06049979973364383e-1,5.70999981253989652e-1,4.18399978357482827e-1,4.22899983066245766e-1
0,negative,2.25000000000000006e-1,1.00000000000000000e5,3.45449985782528612e-1,5.62049984367356203e-1,5.15849984092369263e-1,3.41649986233424574e-1,7.06049979973364383e-1,3.11949986946340019e-1,5.70999981253989652e-1,4.18399978357482827e-1,4.22899983066245766e-1
0,average,2.25000000000000006e-1,1.00000000000000000e5,4.53749985074942408e-1,4.53749985074942408e-1,4.28749985162896918e-1,4.28749985162896918e-1,5.08999983459852201e-1,5.08999983459852201e-1,5.70999981253989652e-1,4.18399978357482827e-1,4.22899983066245766e-1
0,sum,2.25000000000000006e-1,1.00000000000000000e5,9.07499970149884816e-1,9.07499970149884816e-1,8.57499970325793837e-1,8.57499970325793837e-1,1.01799996691970440e0,1.01799996691970440e0,1.14199996250797930e0,8.36799956714965654e-1,8.45799966132491532e-1
0,positive,2.25000000000000006e-1,1.10000000000000009e0,6.47907579796763944e-1,3.63094010395709266e-1,3.44377917382929666e-1,6.06638245621161309e-1,2.88354536596113986e-1,9.51740577555272971e-1,-8.41830754533929261e-19,-3.25252220698139198e-18,5.57899974046110136e-1
0,negative,2.25000000000000006e-1,1.10000000000000009e0,3.63094010395709266e-1,6.47907579796763944e-1,6.06638245621161309e-1,3.44377917382929666e-1,9.51740577555272971e-1,2.88354536596113986e-1,-8.41830754533929261e-19,-3.25252220698139198e-18,5.57899974046110136e-1
0,average,2.25000000000000006e-1,1.10000000000000009e0,5.05500795096236577e-1,5.05500795096236577e-1,4.75508081502045488e-1,4.75508081502045488e-1,6.20047557075693478e-1,6.20047557075693478e-1,-8.41830754533929261e-19,-3.25252220698139198e-18,5.57899974046110136e-1
0,sum,2.25000000000000006e-1,1.10000000000000009e0,1.01100159019247315e0,1.01100159019247315e0,9.51016163004090975e-1,9.51016163004090975e-1,1.24009511415138696e0,1.24009511415138696e0,-1.68366150906785852e-18,-6.50504441396278397e-18,1.11579994809222027e0
0,positive,2.25000000000000006e-1,3.70000000000000000e1,7.07628409142027182e-1,4.40864434675022898e-1,4.31415623774231538e-1,6.57745470523589448e-1,3.88866337577142673e-1,9.27455874724179896e-1,7.68907540655822563e-1,6.08405152477594413e-1,8.27129785298382103e-1
0,negative,2.25000000000000006e-1,3.70000000000000000e1,4.40864434675022898e-1,7.07628409142027182e-1,6.57745470523589448e-1,4.31415623774231538e-1,9.27455874724179896e-1,3.88866337577142673e-1,7.68907540655822563e-1,6.08405152477594413e-1,8.27129785298382103e-1
0,average,2.25000000000000006e-1,3.70000000000000000e1,5.74246421908525040e-1,5.74246421908525040e-1,5.44580547148910465e-1,5.44580547148910465e-1,6.58161106150661257e-1,6.58161106150661257e-1,7.68907540655822563e-1,6.08405152477594413e-1,8.27129785298382103e-1
0,sum,2.25000000000000006e-1,3.70000000000000000e1,1.14849284381705008e0,1.14849284381705008e0,1.08916109429782093e0,1.08916109429782093e0,1.31632221230132251e0,1.31632221230132251e0,1.53781508131164513e0,1.21681030495518883e0,1.65425957059676421e0
0,positive,2.25000000000000006e-1,1.77700000000000000e3,6.36000498133665215e-1,3.96415170852369936e-1,3.90311889639750942e-1,5.86799403588873392e-1,3.55545481226810844e-1,8.08979579029027063e-1,6.62839104842803839e-1,5.01317219922634894e-1,5.94802294319002889e-1
0,negative,2.25000000000000006e-1,1.77700000000000000e3,3.96415170852369936e-1,6.36000498133665215e-1,5.86799403588873392e-1,3.90311889639750942e-1,8.08979579029027063e-1,3.55545481226810844e-1,6.62839104842803839e-1,5.01317219922634894e-1,5.94802294319002889e-1
0,average,2.25000000000000006e-1,1.77700000000000000e3,5.16207834493017548e-1,5.16207834493017548e-1,4.88555646614312167e-1,4.88555646614312167e-1,5.82262530127918954e-1,5.82262530127918954e-1,6.62839104842803839e-1,5.01317219922634894e-1,5.94802294319002889e-1
0,sum,2.25000000000000006e-1,1.77700000000000000e3,1.03241566898603510e0,1.03241566898603510e0,9.77111293228624334e-1,9.77111293228624334e-1,1.16452506025583791e0,1.16452506025583791e0,1.32567820968560768e0,1.00263443984526979e0,1.18960458863800578e0
0,positive,2.25000000000000006e-1,9.99990000000000000e4,5.62050151424296596e-1,3.45450101437331958e-1,3.41650099134541585e-1,5.15850144724041670e-1,3.11950089750608894e-1,7.06050207611391922e-1,5.71000183190950028e-1,4.18400155511265304e-1,4.22900330030653970e-1
0,negative,2.25000000000000006e-1,9.99990000000000000e4,3.45450101437331958e-1,5.62050151424296596e-1,5.15850144724041670e-1,3.41650099134541585e-1,7.06050207611391922e-1,3.11950089750608894e-1,5.71000183190950028e-1,4.18400155511265304e-1,4.22900330030653970e-1
0,average,2.25000000000000006e-1,9.99990000000000000e4,4.53750126430814249e-1,4.53750126430814249e-1,4.28750121929291628e-1,4.28750121929291628e-1,5.09000148681000408e-1,5.09000148681000408e-1,5.71000183190950028e-1,4.18400155511265304e-1,4.22900330030653970e-1
0,sum,2.25000000000000006e-1,9.99990000000000000e4,9.07500252861628498e-1,9.07500252861628498e-1,8.57500243858583255e-1,8.57500243858583255e-1,1.01800029736200082e0,1.01800029736200082e0,1.14200036638190006e0,8.36800311022530607e-1,8.45800660061307941e-1
0,positive,3.49999999999999978e-1,1.00000000000000000e0,5.45899994384405618e-1,2.16199994888519320e-1,2.11849995498931382e-1,4.72649993800618673e-1,1.67899996007890795e-1,7.58099989033864219e-1,-1.29800005885094941e-18,-2.63699996389415945e-18,9.48000019200967214e-1
0,negative,3.49999999999999978e-1,1.00000000000000000e0,2.16199994888519320e-1,5.45899994384405618e-1,4.72649993800618673e-1,2.11849995498931382e-1,7.58099989033864219e-1,1.67899996007890795e-1,-1.29800005885094941e-18,-2.63699996389415945e-18,9.48000019200967214e-1
0,average,3.49999999999999978e-1,1.00000000000000000e0,3.81049994636462497e-1,3.81049994636462497e-1,3.42249994649775013e-1,3.42249994649775013e-1,4.62999992520877535e-1,4.62999992520877535e-1,-1.29800005885094941e-18,-2.63699996389415945e-18,9.48000019200967214e-1
0,sum,3.49999999999999978e-1,1.00000000000000000e0,7.62099989272924994e-1,7.62099989272924994e-1,6.84499989299550027e-1,6.84499989299550027e-1,9.25999985041755069e-1,9.25999985041755069e-1,-2.59600011770189882e-18,-5.27399992778831890e-18,1.89600003840193443e0
0,positive,3.49999999999999978e-1,1.25000000000000000e0,5.47699993805713437e-1,2.25799994536079962e-1,2.22099995135124489e-1,4.75599993324133052e-1,1.79649995636091686e-1,7.50249988584235972e-1,-2.70099999856262351e-18,-1.26749995380114494e-18,9.58400013986192789e-1
0,negative,3.49999999999999978e-1,1.25000000000000000e0,2.25799994536079962e-1,5.47699993805713437e-1,4.75599993324133052e-1,2.22099995135124489e-1,7.50249988584235972e-1,1.79649995636091686e-1,-2.70099999856262351e-18,-1.26749995380114494e-18,9.58400013986192789e-1
0,average,3.49999999999999978e-1,1.25000000000000000e0,3.86749994170896727e-1,3.86749994170896727e-1,3.48849994229628757e-1,3.48849994229628757e-1,4.64949992110163857e-1,4.64949992110163857e-1,-2.70099999856262351e-18,-1.26749995380114494e-18,9.58400013986192789e-1
0,sum,3.49999999999999978e-1,1.25000000000000000e0,7.73499988341793454e-1,7.73499988341793454e-1,6.97699988459257514e-1,6.97699988459257514e-1,9.29899984220327713e-1,9.29899984220327713e-1,-5.40199999712524702e-18,-2.53499990760228987e-18,1.91680002797238558e0
0,positive,3.49999999999999978e-1,1.00000000000000000e1,5.06499991117423165e-1,2.38699992955322432e-1,2.38149993371595259e-1,4.43749991119324450e-1,2.05399993883182946e-1,6.52099986813586163e-1,4.97249988337026660e-1,2.87549998049654062e-18,7.41399991950370096e-1
0,negative,3.49999999999999978e-1,1.00000000000000000e1,2.38699992955322432e-1,5.06499991117423165e-1,4.43749991119324450e-1,2.38149993371595259e-1,6.52099986813586163e-1,2.05399993883182946e-1,4.97249988337026660e-1,2.87549998049654062e-18,7.41399991950370096e-1
0,average,3.49999999999999978e-1,1.00000000000000000e1,3.72599992036372785e-1,3.72599992036372785e-1,3.40949992245459854e-1,3.40949992245459854e-1,4.28749990348384569e-1,4.28749990348384569e-1,4.97249988337026660e-1,2.87549998049654062e-18,7.41399991950370096e-1
0,sum,3.49999999999999978e-1,1.00000000000000000e1,7.45199984072745569e-1,7.45199984072745569e-1,6.81899984490919708e-1,6.81899984490919708e-1,8.57499980696769137e-1,8.57499980696769137e-1,9.94499976674053321e-1,5.75099996099308125e-18,1.48279998390074019e0
0,positive,3.49999999999999978e-1,1.00000000000000000e2,4.41399990565998990e-1,2.12299992836542578e-1,2.13099993090793444e-1,3.86299990793557479e-1,1.86399993626404747e-1,5.54799986915419208e-1,4.11049988028883595e-1,2.17249989902602469e-1,4.90299988544174226e-1
0,negative,3.49999999999999978e-1,1.00000000000000000e2,2.12299992836542578e-1,4.41399990565998990e-1,3.86299990793557479e-1,2.13099993090793444e-1,5.54799986915419208e-1,1.86399993626404747e-1,4.11049988028883595e-1,2.17249989902602469e-1,4.90299988544174226e-1
0,average,3.49999999999999978e-1,1.00000000000000000e2,3.26849991701270770e-1,3.26849991701270770e-1,2.99699991942175448e-1,2.99699991942175448e-1,3.70599990270911950e-1,3.70599990270911950e-1,4.11049988028883595e-1,2.17249989902602469e-1,4.90299988544174226e-1
0,sum,3.49999999999999978e-1,1.00000000000000000e2,6.53699983402541540e-1,6.53699983402541540e-1,5.99399983884350895e-1,5.99399983884350895e-1,7.41199980541823900e-1,7.41199980541823900e-1,8.22099976057767190e-1,4.34499979805204939e-1,9.80599977088348451e-1
0,positive,3.49999999999999978e-1,1.00000000000000000e5,3.08249991557669578e-1,1.43749994112629231e-1,1.45449994258865400e-1,2.67249992036497352e-1,1.27899994719221810e-1,3.78099989073220011e-1,2.60699989925741005e-1,1.36449992810433351e-1,1.79099992564523025e-1
0,negative,3.49999999999999978e-1,1.00000000000000000e5,1.43749994112629231e-1,3.08249991557669578e-1,2.67249992036497352e-1,1.45449994258865400e-1,3.78099989073220011e-1,1.27899994719221810e-1,2.60699989925741005e-1,1.36449992810433351e-1,1.79099992564523025e-1
0,average,3.49999999999999978e-1,1.00000000000000000e5,2.25999992835149405e-1,2.25999992835149405e-1,2.06349993147681376e-1,2.06349993147681376e-1,2.52999991896220910e-1,2.52999991896220910e-1,2.60699989925741005e-1,1.36449992810433351e-1,1.79099992564523025e-1
0,sum,3.49999999999999978e-1,1.00000000000000000e5,4.51999985670298809e-1,4.51999985670298809e-1,4.12699986295362753e-1,4.12699986295362753e-1,5.05999983792441821e-1,5.05999983792441821e-1,5.21399979851482009e-1,2.72899985620866703e-1,3.58199985129046050e-1
0,positive,3.49999999999999978e-1,1.10000000000000009e0,5.46668819060190048e-1,2.20300394327094529e-1,2.16228026154830583e-1,4.73910012220836840e-1,1.72918714096174819e-1,7.54747057927804166e-1,-1.89725634805056188e-18,-2.05205233069908726e-18,9.52442116528476879e-1
0,negative,3.49999999999999978e-1,1.10000000000000009e0,2.20300394327094529e-1,5.46668819060190048e-1,4.73910012220836840e-1,2.16228026154830583e-1,7.54747057927804166e-1,1.72918714096174819e-1,-1.89725634805056188e-18,-2.05205233069908726e-18,9.52442116528476879e-1
0,average,3.49999999999999978e-1,1.10000000000000009e0,3.83484606693642260e-1,3.83484606693642260e-1,3.45069019187833725e-1,3.45069019187833725e-1,4.63832886011989465e-1,4.63832886011989465e-1,-1.89725634805056188e-18,-2.05205233069908726e-18,9.52442116528476879e-1
0,sum,3.49999999999999978e-1,1.10000000000000009e0,7.66969213387284521e-1,7.66969213387284521e-1,6.90138038375667451e-1,6.90138038375667451e-1,9.27665772023978930e-1,9.27665772023978930e-1,-3.79451269610112376e-18,-4.10410466139817452e-18,1.90488423305695376e0
0,positive,3.49999999999999978e-1,3.70000000000000000e1,4.68781000508032730e-1,2.24687182802821628e-1,2.24987420839303148e-1,4.10565601740874864e-1,1.96038372137867872e-1,5.93942592396837887e-1,4.45561082637130901e-1,2.34684802382528646e-1,5.86642042082262782e-1
0,negative,3.49999999999999978e-1,3.70000000000000000e1,2.24687182802821628e-1,4.68781000508032730e-1,4.10565601740874864e-1,2.24987420839303148e-1,5.93942592396837887e-1,1.96038372137867872e-1,4.45561082637130901e-1,2.34684802382528646e-1,5.86642042082262782e-1
0,average,3.49999999999999978e-1,3.70000000000000000e1,3.46734091655427179e-1,3.46734091655427179e-1,3.17776511290088992e-1,3.17776511290088992e-1,3.94990482267352894e-1,3.94990482267352894e-1,4.45561082637130901e-1,2.34684802382528646e-1,5.86642042082262782e-1
0,sum,3.49999999999999978e-1,3.70000000000000000e1,6.93468183310854358e-1,6.93468183310854358e-1,6.35553022580177984e-1,6.35553022580177984e-1,7.89980964534705787e-1,7.89980964534705787e-1,8.91122165274261802e-1,4.69369604765057291e-1,1.17328408416452556e0
0,positive,3.49999999999999978e-1,1.77700000000000000e3,3.74864725272768207e-1,1.78837830291531830e-1,1.80285642590302192e-1,3.26786283133001287e-1,1.58467046011580237e-1,4.64401143851899234e-1,3.32949729386076088e-1,1.75811895047229078e-1,3.06930101728681681e-1
0,negative,3.49999999999999978e-1,1.77700000000000000e3,1.78837830291531830e-1,3.74864725272768207e-1,3.26786283133001287e-1,1.80285642590302192e-1,4.64401143851899234e-1,1.58467046011580237e-1,3.32949729386076088e-1,1.75811895047229078e-1,3.06930101728681681e-1
0,average,3.49999999999999978e-1,1.77700000000000000e3,2.76851277782150018e-1,2.76851277782150018e-1,2.53535962861651754e-1,2.53535962861651754e-1,3.11434094931739736e-1,3.11434094931739736e-1,3.32949729386076088e-1,1.75811895047229078e-1,3.06930101728681681e-1
0,sum,3.49999999999999978e-1,1.77700000000000000e3,5.53702555564300036e-1,5.53702555564300036e-1,5.07071925723303507e-1,5.07071925723303507e-1,6.22868189863479471e-1,6.22868189863479471e-1,6.65899458772152175e-1,3.51623790094458155e-1,6.13860203457363363e-1
0,positive,3.49999999999999978e-1,9.99990000000000000e4,3.08250131077749234e-1,1.43750067544249405e-1,1.45450068608380528e-1,2.67250117788147556e-1,1.27900059889784312e-1,3.78100168062794839e-1,2.60700134953191442e-1,1.36450072667319122e-1,1.79100218366754216e-1
0,negative,3.49999999999999978e-1,9.99990000000000000e4,1.43750067544249405e-1,3.08250131077749234e-1,2.67250117788147556e-1,1.45450068608380528e-1,3.78100168062794839e-1,1.27900059889784312e-1,2.60700134953191442e-1,1.36450072667319122e-1,1.79100218366754216e-1
0,average,3.49999999999999978e-1,9.99990000000000000e4,2.26000099310999319e-1,2.26000099310999319e-1,2.06350093198264029e-1,2.06350093198264029e-1,2.53000113976289576e-1,2.53000113976289576e-1,2.60700134953191442e-1,1.36450072667319122e-1,1.79100218366754216e-1
0,sum,3.49999999999999978e-1,9.99990000000000000e4,4.52000198621998639e-1,4.52000198621998639e-1,4.12700186396528057e-1,4.12700186396528057e-1,5.06000227952579151e-1,5.06000227952579151e-1,5.21400269906382885e-1,2.72900145334638244e-1,3.58200436733508432e-1
0,positive,5.00000000000000000e-1,1.00000000000000000e0,3.89400000000000024e-1,1.16300000000000014e-1,1.21049999999999991e-1,3.20149999999999990e-1,9.09999999999999976e-2,4.92600000000000038e-1,-1.33799999999999993e-18,-1.30200000000000008e-18,1.05099999999999993e0
0,negative,5.00000000000000000e-1,1.00000000000000000e0,1.16300000000000014e-1,3.89400000000000024e-1,3.20149999999999990e-1,1.21049999999999991e-1,4.92600000000000038e-1,9.09999999999999976e-2,-1.33799999999999993e-18,-1.30200000000000008e-18,1.05099999999999993e0
0,average,5.00000000000000000e-1,1.00000000000000000e0,2.52850000000000019e-1,2.52850000000000019e-1,2.20599999999999991e-1,2.20599999999999991e-1,2.91800000000000004e-1,2.91800000000000004e-1,-1.33799999999999993e-18,-1.30200000000000008e-18,1.05099999999999993e0
0,sum,5.00000000000000000e-1,1.00000000000000000e0,5.05700000000000038e-1,5.05700000000000038e-1,4.41199999999999981e-1,4.41199999999999981e-1,5.83600000000000008e-1,5.83600000000000008e-1,-2.67599999999999986e-18,-2.60400000000000016e-18,2.10199999999999987e0
0,positive,5.00000000000000000e-1,1.25000000000000000e0,3.82750000000000035e-1,1.19150000000000006e-1,1.23800000000000021e-1,3.15699999999999981e-1,9.52500000000000013e-2,4.80549999999999977e-1,-2.08249999999999990e-18,-1.59800000000000009e-19,9.72400000000000153e-1
0,negative,5.00000000000000000e-1,1.25000000000000000e0,1.19150000000000006e-1,3.82750000000000035e-1,3.15699999999999981e-1,1.23800000000000021e-1,4.80549999999999977e-1,9.52500000000000013e-2,-2.08249999999999990e-18,-1.59800000000000009e-19,9.72400000000000153e-1
0,average,5.00000000000000000e-1,1.25000000000000000e0,2.50950000000000006e-1,2.50950000000000006e-1,2.19750000000000001e-1,2.19750000000000001e-1,2.87899999999999989e-1,2.87899999999999989e-1,-2.08249999999999990e-18,-1.59800000000000009e-19,9.72400000000000153e-1
0,sum,5.00000000000000000e-1,1.25000000000000000e0,5.01900000000000013e-1,5.01900000000000013e-1,4.39500000000000002e-1,4.39500000000000002e-1,5.75799999999999979e-1,5.75799999999999979e-1,-4.16499999999999979e-18,-3.19600000000000017e-19,1.94480000000000031e0
0,positive,5.00000000000000000e-1,1.00000000000000000e1,3.10450000000000004e-1,1.08250000000000013e-1,1.12499999999999989e-1,2.58099999999999996e-1,9.26500000000000101e-2,3.77450000000000008e-1,2.14899999999999980e-1,1.96449999999999983e-18,4.73700000000000065e-1
0,negative,5.00000000000000000e-1,1.00000000000000000e1,1.08250000000000013e-1,3.10450000000000004e-1,2.58099999999999996e-1,1.12499999999999989e-1,3.77450000000000008e-1,9.26500000000000101e-2,2.14899999999999980e-1,1.96449999999999983e-18,4.73700000000000065e-1
0,average,5.00000000000000000e-1,1.00000000000000000e1,2.09350000000000008e-1,2.09350000000000008e-1,1.85299999999999992e-1,1.85299999999999992e-1,2.35050000000000009e-1,2.35050000000000009e-1,2.14899999999999980e-1,1.96449999999999983e-18,4.73700000000000065e-1
0,sum,5.00000000000000000e-1,1.00000000000000000e1,4.18700000000000017e-1,4.18700000000000017e-1,3.70599999999999985e-1,3.70599999999999985e-1,4.70100000000000018e-1,4.70100000000000018e-1,4.29799999999999960e-1,3.92899999999999966e-18,9.47400000000000131e-1
0,positive,5.00000000000000000e-1,1.00000000000000000e2,2.48799999999999993e-1,8.64999999999999936e-2,9.00999999999999995e-2,2.06299999999999983e-1,7.51500000000000085e-2,2.99150000000000027e-1,1.58200000000000007e-1,6.23000000000000012e-2,2.40699999999999997e-1
0,negative,5.00000000000000000e-1,1.00000000000000000e2,8.64999999999999936e-2,2.48799999999999993e-1,2.06299999999999983e-1,9.00999999999999995e-2,2.99150000000000027e-1,7.51500000000000085e-2,1.58200000000000007e-1,6.23000000000000012e-2,2.40699999999999997e-1
0,average,5.00000000000000000e-1,1.00000000000000000e2,1.67649999999999993e-1,1.67649999999999993e-1,1.48199999999999998e-1,1.48199999999999998e-1,1.87150000000000011e-1,1.87150000000000011e-1,1.58200000000000007e-1,6.23000000000000012e-2,2.40699999999999997e-1
0,sum,5.00000000000000000e-1,1.00000000000000000e2,3.35299999999999987e-1,3.35299999999999987e-1,2.96399999999999997e-1,2.96399999999999997e-1,3.74300000000000022e-1,3.74300000000000022e-1,3.16400000000000015e-1,1.24600000000000002e-1,4.81399999999999995e-1
0,positive,5.00000000000000000e-1,1.00000000000000000e5,1.51349999999999985e-1,4.88499999999999976e-2,5.13249999999999956e-2,1.24174999999999994e-1,4.28500000000000131e-2,1.80350000000000010e-1,8.19499999999999951e-2,3.40649999999999981e-2,5.77000000000000013e-2
0,negative,5.00000000000000000e-1,1.00000000000000000e5,4.88499999999999976e-2,1.51349999999999985e-1,1.24174999999999994e-1,5.13249999999999956e-2,1.80350000000000010e-1,4.28500000000000131e-2,8.19499999999999951e-2,3.40649999999999981e-2,5.77000000000000013e-2
0,average,5.00000000000000000e-1,1.00000000000000000e5,1.00099999999999995e-1,1.00099999999999995e-1,8.77499999999999947e-2,8.77499999999999947e-2,1.11600000000000005e-1,1.11600000000000005e-1,8.19499999999999951e-2,3.40649999999999981e-2,5.77000000000000013e-2
0,sum,5.00000000000000000e-1,1.00000000000000000e5,2.00199999999999989e-1,2.00199999999999989e-1,1.75499999999999989e-1,1.75499999999999989e-1,2.23200000000000010e-1,2.23200000000000010e-1,1.63899999999999990e-1,6.81299999999999961e-2,1.15400000000000003e-1
0,positive,5.00000000000000000e-1,1.10000000000000009e0,3.86559619034626378e-1,1.17517306128017307e-1,1.22224593632297346e-1,3.18249293940464195e-1,9.28152810680959173e-2,4.87453144265751481e-1,-1.65599453063468956e-18,-8.14137873887249933e-19,1.01742797836415488e0
0,negative,5.00000000000000000e-1,1.10000000000000009e0,1.17517306128017307e-1,3.86559619034626378e-1,3.18249293940464195e-1,1.22224593632297346e-1,4.87453144265751481e-1,9.28152810680959173e-2,-1.65599453063468956e-18,-8.14137873887249933e-19,1.01742797836415488e0
0,average,5.00000000000000000e-1,1.10000000000000009e0,2.52038462581321843e-1,2.52038462581321843e-1,2.20236943786380757e-1,2.20236943786380757e-1,2.90134212666923685e-1,2.90134212666923685e-1,-1.65599453063468956e-18,-8.14137873887249933e-19,1.01742797836415488e0
0,sum,5.00000000000000000e-1,1.10000000000000009e0,5.04076925162643685e-1,5.04076925162643685e-1,4.40473887572761513e-1,4.40473887572761513e-1,5.80268425333847371e-1,5.80268425333847371e-1,-3.31198906126937913e-18,-1.62827574777449987e-18,2.03485595672830977e0
0,positive,5.00000000000000000e-1,3.70000000000000000e1,2.72773429241249254e-1,9.53464345268497104e-2,9.92630219607797404e-2,2.26541680562649395e-1,8.24971476214798188e-2,3.29220814560939157e-1,1.79365848618914331e-1,6.89473853196898162e-2,3.18313156777447315e-1
0,negative,5.00000000000000000e-1,3.70000000000000000e1,9.53464345268497104e-2,2.72773429241249254e-1,2.26541680562649395e-1,9.92630219607797404e-2,3.29220814560939157e-1,8.24971476214798188e-2,1.79365848618914331e-1,6.89473853196898162e-2,3.18313156777447315e-1
0,average,5.00000000000000000e-1,3.70000000000000000e1,1.84059931884049482e-1,1.84059931884049482e-1,1.62902351261714567e-1,1.62902351261714567e-1,2.05858981091209481e-1,2.05858981091209481e-1,1.79365848618914331e-1,6.89473853196898162e-2,3.18313156777447315e-1
0,sum,5.00000000000000000e-1,3.70000000000000000e1,3.68119863768098965e-1,3.68119863768098965e-1,3.25804702523429135e-1,3.25804702523429135e-1,4.11717962182418962e-1,4.11717962182418962e-1,3.58731697237828662e-1,1.37894770639379632e-1,6.36626313554894629e-1
0,positive,5.00000000000000000e-1,1.77700000000000000e3,1.96945816003752217e-1,6.64254821466978146e-2,6.94190921624093793e-2,1.62523763440009517e-1,5.80667305934574468e-2,2.35537385881643746e-1,1.15802058237550590e-1,4.72168850960620959e-2,1.21461001571163296e-1
0,negative,5.00000000000000000e-1,1.77700000000000000e3,6.64254821466978146e-2,1.96945816003752217e-1,1.62523763440009517e-1,6.94190921624093793e-2,2.35537385881643746e-1,5.80667305934574468e-2,1.15802058237550590e-1,4.72168850960620959e-2,1.21461001571163296e-1
0,average,5.00000000000000000e-1,1.77700000000000000e3,1.31685649075225009e-1,1.31685649075225009e-1,1.15971427801209448e-1,1.15971427801209448e-1,1.46802058237550603e-1,1.46802058237550603e-1,1.15802058237550590e-1,4.72168850960620959e-2,1.21461001571163296e-1
0,sum,5.00000000000000000e-1,1.77700000000000000e3,2.63371298150450017e-1,2.63371298150450017e-1,2.31942855602418896e-1,2.31942855602418896e-1,2.93604116475101207e-1,2.93604116475101207e-1,2.31604116475101179e-1,9.44337701921241918e-2,2.42922003142326592e-1
0,positive,5.00000000000000000e-1,9.99990000000000000e4,1.51350090871632120e-1,4.88500339621251445e-2,5.13250347882309027e-2,1.24175075359202011e-1,4.28500293726487708e-2,1.80350110147432907e-1,8.19500642526691803e-2,3.40650257928571953e-2,5.77000991326896140e-2
0,negative,5.00000000000000000e-1,9.99990000000000000e4,4.88500339621251445e-2,1.51350090871632120e-1,1.24175075359202011e-1,5.13250347882309027e-2,1.80350110147432907e-1,4.28500293726487708e-2,8.19500642526691803e-2,3.40650257928571953e-2,5.77000991326896140e-2
0,average,5.00000000000000000e-1,9.99990000000000000e4,1.00100062416878632e-1,1.00100062416878632e-1,8.77500550737164570e-2,8.77500550737164570e-2,1.11600069760040832e-1,1.11600069760040832e-1,8.19500642526691803e-2,3.40650257928571953e-2,5.77000991326896140e-2
0,sum,5.00000000000000000e-1,9.99990000000000000e4,2.00200124833757265e-1,2.00200124833757265e-1,1.75500110147432914e-1,1.75500110147432914e-1,2.23200139520081664e-1,2.23200139520081664e-1,1.63900128505338361e-1,6.81300515857143907e-2,1.15400198265379228e-1
0,positive,6.99999999999999956e-1,1.00000000000000000e0,2.51150007999078828e-1,4.34499979441232143e-2,4.89499981821239216e-2,1.94950005007929361e-1,3.46499983742737105e-2,3.01650009397680940e-1,-1.15349761652624246e-19,4.83700442903428778e-19,6.41200004845427829e-1
0,negative,6.99999999999999956e-1,1.00000000000000000e0,4.34499979441232143e-2,2.51150007999078828e-1,1.94950005007929361e-1,4.89499981821239216e-2,3.01650009397680940e-1,3.46499983742737105e-2,-1.15349761652624246e-19,4.83700442903428778e-19,6.41200004845427829e-1
0,average,6.99999999999999956e-1,1.00000000000000000e0,1.47300002971601007e-1,1.47300002971601007e-1,1.21950001595026641e-1,1.21950001595026641e-1,1.68150003885977339e-1,1.68150003885977339e-1,-1.15349761652624246e-19,4.83700442903428778e-19,6.41200004845427829e-1
0,sum,6.99999999999999956e-1,1.00000000000000000e0,2.94600005943202015e-1,2.94600005943202015e-1,2.43900003190053283e-1,2.43900003190053283e-1,3.36300007771954679e-1,3.36300007771954679e-1,-2.30699523305248492e-19,9.67400885806857555e-19,1.28240000969085566e0
0,positive,6.99999999999999956e-1,1.25000000000000000e0,2.38250006349400745e-1,4.24499977480102403e-2,4.75999980014334967e-2,1.85200003763379584e-1,3.43999981769006757e-2,2.85600007466495276e-1,-1.51200048225838041e-18,4.09550052225355894e-19,5.51200000496867126e-1
0,negative,6.99999999999999956e-1,1.25000000000000000e0,4.24499977480102403e-2,2.38250006349400745e-1,1.85200003763379584e-1,4.75999980014334967e-2,2.85600007466495276e-1,3.43999981769006757e-2,-1.51200048225838041e-18,4.09550052225355894e-19,5.51200000496867126e-1
0,average,6.99999999999999956e-1,1.25000000000000000e0,1.40350002048705486e-1,1.40350002048705486e-1,1.16400000882406540e-1,1.16400000882406540e-1,1.60000002821697962e-1,1.60000002821697962e-1,-1.51200048225838041e-18,4.09550052225355894e-19,5.51200000496867126e-1
0,sum,6.99999999999999956e-1,1.25000000000000000e0,2.80700004097410971e-1,2.80700004097410971e-1,2.32800001764813080e-1,2.32800001764813080e-1,3.20000005643395924e-1,3.20000005643395924e-1,-3.02400096451676083e-18,8.19100104450711788e-19,1.10240000099373425e0
0,positive,6.99999999999999956e-1,1.00000000000000000e1,1.55149999284405538e-1,2.91499976665144517e-2,3.24749977029590992e-2,1.20724998746391990e-1,2.47499979557620903e-2,1.84649999210117932e-1,3.84649982131883839e-2,1.26250036722825718e-18,1.69199992268361243e-1
0,negative,6.99999999999999956e-1,1.00000000000000000e1,2.91499976665144517e-2,1.55149999284405538e-1,1.20724998746391990e-1,3.24749977029590992e-2,1.84649999210117932e-1,2.47499979557620903e-2,3.84649982131883839e-2,1.26250036722825718e-18,1.69199992268361243e-1
0,average,6.99999999999999956e-1,1.00000000000000000e1,9.21499984754599877e-2,9.21499984754599877e-2,7.65999982246755445e-2,7.65999982246755445e-2,1.04699998582940018e-1,1.04699998582940018e-1,3.84649982131883839e-2,1.26250036722825718e-18,1.69199992268361243e-1
0,sum,6.99999999999999956e-1,1.00000000000000000e1,1.84299996950919975e-1,1.84299996950919975e-1,1.53199996449351089e-1,1.53199996449351089e-1,2.09399997165880036e-1,2.09399997165880036e-1,7.69299964263767677e-2,2.52500073445651436e-18,3.38399984536722487e-1
0,positive,6.99999999999999956e-1,1.00000000000000000e2,1.07589997412588734e-1,1.95099980965928108e-2,2.18349980803244810e-2,8.34649975297664243e-2,1.66999983525111598e-2,1.27899996964089047e-1,2.42399983615831649e-2,9.81999965962411341e-3,6.24099950632109532e-2
0,negative,6.99999999999999956e-1,1.00000000000000000e2,1.95099980965928108e-2,1.07589997412588734e-1,8.34649975297664243e-2,2.18349980803244810e-2,1.27899996964089047e-1,1.66999983525111598e-2,2.42399983615831649e-2,9.81999965962411341e-3,6.24099950632109532e-2
0,average,6.99999999999999956e-1,1.00000000000000000e2,6.35499977545907757e-2,6.35499977545907757e-2,5.26499978050454509e-2,5.26499978050454509e-2,7.22999976583000997e-2,7.22999976583000997e-2,2.42399983615831649e-2,9.81999965962411341e-3,6.24099950632109532e-2
0,sum,6.99999999999999956e-1,1.00000000000000000e2,1.27099995509181551e-1,1.27099995509181551e-1,1.05299995610090902e-1,1.05299995610090902e-1,1.44599995316600199e-1,1.44599995316600199e-1,4.84799967231663298e-2,1.96399993192482268e-2,1.24819990126421906e-1
0,positive,6.99999999999999956e-1,1.00000000000000000e5,5.07899971173781245e-2,8.23999896900489553e-3,9.35999892212524380e-3,3.90799976033495006e-2,7.08999910691977125e-3,6.03499966053500439e-2,9.42999900037133632e-3,4.14149967228549104e-3,8.35999887137437239e-3
0,negative,6.99999999999999956e-1,1.00000000000000000e5,8.23999896900489553e-3,5.07899971173781245e-2,3.90799976033495006e-2,9.35999892212524380e-3,6.03499966053500439e-2,7.08999910691977125e-3,9.42999900037133632e-3,4.14149967228549104e-3,8.35999887137437239e-3
0,average,6.99999999999999956e-1,1.00000000000000000e5,2.95149980431915100e-2,2.95149980431915100e-2,2.42199982627373731e-2,2.42199982627373731e-2,3.37199978561349076e-2,3.37199978561349076e-2,9.42999900037133632e-3,4.14149967228549104e-3,8.35999887137437239e-3
0,sum,6.99999999999999956e-1,1.00000000000000000e5,5.90299960863830200e-2,5.90299960863830200e-2,4.84399965254747461e-2,4.84399965254747461e-2,6.74399957122698152e-2,6.74399957122698152e-2,1.88599980007426726e-2,8.28299934457098208e-3,1.67199977427487448e-2
0,positive,6.99999999999999956e-1,1.10000000000000009e0,2.45640095346592424e-1,4.30228729031594120e-2,4.83733794127278460e-2,1.90785536143660395e-1,3.45432170506710101e-2,2.94794653009778695e-1,-7.11894140913374438e-19,4.52028960458764360e-19,6.02758756840134913e-1
0,negative,6.99999999999999956e-1,1.10000000000000009e0,4.30228729031594120e-2,2.45640095346592424e-1,1.90785536143660395e-1,4.83733794127278460e-2,2.94794653009778695e-1,3.45432170506710101e-2,-7.11894140913374438e-19,4.52028960458764360e-19,6.02758756840134913e-1
0,average,6.99999999999999956e-1,1.10000000000000009e0,1.44331484124875925e-1,1.44331484124875925e-1,1.19579457778194120e-1,1.19579457778194120e-1,1.64668935030224839e-1,1.64668935030224839e-1,-7.11894140913374438e-19,4.52028960458764360e-19,6.02758756840134913e-1
0,sum,6.99999999999999956e-1,1.10000000000000009e0,2.88662968249751850e-1,2.88662968249751850e-1,2.39158915556388241e-1,2.39158915556388241e-1,3.29337870060449678e-1,3.29337870060449678e-1,-1.42378828182674888e-18,9.04057920917528719e-19,1.20551751368026983e0
0,positive,6.99999999999999956e-1,3.70000000000000000e1,1.24767510432664985e-1,2.30234528688694970e-2,2.57457983507170807e-2,9.69465910323549090e-2,1.97071034044412063e-2,1.48332671347181144e-1,2.92344226493151775e-2,1.14693103952962523e-2,9.36921716130122706e-2
0,negative,6.99999999999999956e-1,3.70000000000000000e1,2.30234528688694970e-2,1.24767510432664985e-1,9.69465910323549090e-2,2.57457983507170807e-2,1.48332671347181144e-1,1.97071034044412063e-2,2.92344226493151775e-2,1.14693103952962523e-2,9.36921716130122706e-2
0,average,6.99999999999999956e-1,3.70000000000000000e1,7.38954816507672446e-2,7.38954816507672446e-2,6.13461946915359949e-2,6.13461946915359949e-2,8.40198873758111753e-2,8.40198873758111753e-2,2.92344226493151775e-2,1.14693103952962523e-2,9.36921716130122706e-2
0,sum,6.99999999999999956e-1,3.70000000000000000e1,1.47790963301534489e-1,1.47790963301534489e-1,1.22692389383071990e-1,1.22692389383071990e-1,1.68039774751622351e-1,1.68039774751622351e-1,5.84688452986303550e-2,2.29386207905925045e-2,1.87384343226024541e-1
0,positive,6.99999999999999956e-1,1.77700000000000000e3,7.51280013774008326e-2,1.29474244076921048e-2,1.45899404359198688e-2,5.80533880327045032e-2,1.11101273221579158e-2,8.92452079150869992e-2,1.53945351562607986e-2,6.55637664052185869e-3,2.36010778997843285e-2
0,negative,6.99999999999999956e-1,1.77700000000000000e3,1.29474244076921048e-2,7.51280013774008326e-2,5.80533880327045032e-2,1.45899404359198688e-2,8.92452079150869992e-2,1.11101273221579158e-2,1.53945351562607986e-2,6.55637664052185869e-3,2.36010778997843285e-2
0,average,6.99999999999999956e-1,1.77700000000000000e3,4.40377128925464670e-2,4.40377128925464670e-2,3.63216642343121843e-2,3.63216642343121843e-2,5.01776676186224541e-2,5.01776676186224541e-2,1.53945351562607986e-2,6.55637664052185869e-3,2.36010778997843285e-2
0,sum,6.99999999999999956e-1,1.77700000000000000e3,8.80754257850929340e-2,8.80754257850929340e-2,7.26433284686243685e-2,7.26433284686243685e-2,1.00355335237244908e-1,1.00355335237244908e-1,3.07890703125215971e-2,1.31127532810437174e-2,4.72021557995686569e-2
0,positive,6.99999999999999956e-1,9.99990000000000000e4,5.07900422778248678e-2,8.24000741364065356e-3,9.36000837644576124e-3,3.90800327587377400e-2,7.09000645008122862e-3,6.03500503940121585e-2,9.43000946437676756e-3,4.14150404146684716e-3,8.36001908342610608e-3
0,negative,6.99999999999999956e-1,9.99990000000000000e4,8.24000741364065356e-3,5.07900422778248678e-2,3.90800327587377400e-2,9.36000837644576124e-3,6.03500503940121585e-2,7.09000645008122862e-3,9.43000946437676756e-3,4.14150404146684716e-3,8.36001908342610608e-3
0,average,6.99999999999999956e-1,9.99990000000000000e4,2.95150248457327624e-2,2.95150248457327624e-2,2.42200205675917497e-2,2.42200205675917497e-2,3.37200284220466953e-2,3.37200284220466953e-2,9.43000946437676756e-3,4.14150404146684716e-3,8.36001908342610608e-3
0,sum,6.99999999999999956e-1,9.99990000000000000e4,5.90300496914655248e-2,5.90300496914655248e-2,4.84400411351834995e-2,4.84400411351834995e-2,6.74400568440933906e-2,6.74400568440933906e-2,1.88600189287535351e-2,8.28300808293369432e-3,1.67200381668522122e-2
0,positive,9.30000000000000049e-1,1.00000000000000000e0,6.33850160962258768e-2,2.36500068560636240e-3,3.91500108041156758e-3,4.63550117939852818e-2,1.88000054632674052e-3,7.57000192275961159e-2,1.07750053444329221e-18,1.20400059967148419e-18,1.69400042113885735e-1
0,negative,9.30000000000000049e-1,1.00000000000000000e0,2.36500068560636240e-3,6.33850160962258768e-2,4.63550117939852818e-2,3.91500108041156758e-3,7.57000192275961159e-2,1.88000054632674052e-3,1.07750053444329221e-18,1.20400059967148419e-18,1.69400042113885735e-1
0,average,9.30000000000000049e-1,1.00000000000000000e0,3.28750083909161162e-2,3.28750083909161162e-2,2.51350064371984247e-2,2.51350064371984247e-2,3.87900098869614282e-2,3.87900098869614282e-2,1.07750053444329221e-18,1.20400059967148419e-18,1.69400042113885735e-1
0,sum,9.30000000000000049e-1,1.00000000000000000e0,6.57500167818322323e-2,6.57500167818322323e-2,5.02700128743968494e-2,5.02700128743968494e-2,7.75800197739228564e-2,7.75800197739228564e-2,2.15500106888658443e-18,2.40800119934296839e-18,3.38800084227771470e-1
0,positive,9.30000000000000049e-1,1.25000000000000000e0,5.53500141394922818e-2,2.13000062182368971e-3,3.48000096796693276e-3,4.05000103668371053e-2,1.71500049990494507e-3,6.60750168795489062e-2,-1.62350080738152798e-18,-5.97000293753957827e-19,1.25600031617738722e-1
0,negative,9.30000000000000049e-1,1.25000000000000000e0,2.13000062182368971e-3,5.53500141394922818e-2,4.05000103668371053e-2,3.48000096796693276e-3,6.60750168795489062e-2,1.71500049990494507e-3,-1.62350080738152798e-18,-5.97000293753957827e-19,1.25600031617738722e-1
0,average,9.30000000000000049e-1,1.25000000000000000e0,2.87400073806579857e-2,2.87400073806579857e-2,2.19900056674020190e-2,2.19900056674020190e-2,3.38950086897269257e-2,3.38950086897269257e-2,-1.62350080738152798e-18,-5.97000293753957827e-19,1.25600031617738722e-1
0,sum,9.30000000000000049e-1,1.25000000000000000e0,5.74800147613159715e-2,5.74800147613159715e-2,4.39800113348040381e-2,4.39800113348040381e-2,6.77900173794538513e-2,6.77900173794538513e-2,-3.24700161476305595e-18,-1.19400058750791565e-18,2.51200063235477444e-1
0,positive,9.30000000000000049e-1,1.00000000000000000e1,2.09350055795951874e-2,8.25000255007712208e-4,1.32500038882757583e-3,1.53350040956968612e-2,6.90000213123046630e-4,2.49800066566735791e-2,3.95500212009906285e-4,1.15550057502570481e-18,1.31600036533284972e-2
0,negative,9.30000000000000049e-1,1.00000000000000000e1,8.25000255007712208e-4,2.09350055795951874e-2,1.53350040956968612e-2,1.32500038882757583e-3,2.49800066566735791e-2,6.90000213123046630e-4,3.95500212009906285e-4,1.15550057502570481e-18,1.31600036533284972e-2
0,average,9.30000000000000049e-1,1.00000000000000000e1,1.08800029173014498e-2,1.08800029173014498e-2,8.33000224226221851e-3,8.33000224226221851e-3,1.28350034348983129e-2,1.28350034348983129e-2,3.95500212009906285e-4,1.15550057502570481e-18,1.31600036533284972e-2
0,sum,9.30000000000000049e-1,1.00000000000000000e1,2.17600058346028996e-2,2.17600058346028996e-2,1.66600044845244370e-2,1.66600044845244370e-2,2.56700068697966258e-2,2.56700068697966258e-2,7.91000424019812571e-4,2.31100115005140963e-18,2.63200073066569944e-2
0,positive,9.30000000000000049e-1,1.00000000000000000e2,9.92350273378129685e-3,3.66500118524189233e-4,6.02000183536947030e-4,7.26800200585276095e-3,3.10000100027847496e-4,1.18500032625531264e-2,1.76550095531319002e-4,1.06650057321859773e-4,2.12500064239602151e-3
0,negative,9.30000000000000049e-1,1.00000000000000000e2,3.66500118524189233e-4,9.92350273378129685e-3,7.26800200585276095e-3,6.02000183536947030e-4,1.18500032625531264e-2,3.10000100027847496e-4,1.76550095531319002e-4,1.06650057321859773e-4,2.12500064239602151e-3
0,average,9.30000000000000049e-1,1.00000000000000000e2,5.14500142615274304e-3,5.14500142615274304e-3,3.93500109469485399e-3,3.93500109469485399e-3,6.08000168129048738e-3,6.08000168129048738e-3,1.76550095531319002e-4,1.06650057321859773e-4,2.12500064239602151e-3
0,sum,9.30000000000000049e-1,1.00000000000000000e2,1.02900028523054861e-2,1.02900028523054861e-2,7.87000218938970798e-3,7.87000218938970798e-3,1.21600033625809748e-2,1.21600033625809748e-2,3.53100191062638005e-4,2.13300114643719547e-4,4.25000128479204303e-3
0,positive,9.30000000000000049e-1,1.00000000000000000e5,2.34650069041272141e-3,7.65000268259663236e-5,1.30500042921493590e-4,1.71650050597096514e-3,6.40000224929634758e-5,2.80300082423710949e-3,3.53700195143840613e-5,2.19700120407215876e-5,6.12200221231751316e-5
0,negative,9.30000000000000049e-1,1.00000000000000000e5,7.65000268259663236e-5,2.34650069041272141e-3,1.71650050597096514e-3,1.30500042921493590e-4,2.80300082423710949e-3,6.40000224929634758e-5,3.53700195143840613e-5,2.19700120407215876e-5,6.12200221231751316e-5
0,average,9.30000000000000049e-1,1.00000000000000000e5,1.21150035861934376e-3,1.21150035861934376e-3,9.23500274446229365e-4,9.23500274446229365e-4,1.43350042336503648e-3,1.43350042336503648e-3,3.53700195143840613e-5,2.19700120407215876e-5,6.12200221231751316e-5
0,sum,9.30000000000000049e-1,1.00000000000000000e5,2.42300071723868752e-3,2.42300071723868752e-3,1.84700054889245873e-3,1.84700054889245873e-3,2.86700084673007297e-3,2.86700084673007297e-3,7.07400390287681225e-5,4.39400240814431751e-5,1.22440044246350263e-4
0,positive,9.30000000000000049e-1,1.10000000000000009e0,5.99530662293618066e-2,2.26462629342141439e-3,3.72920167600207172e-3,4.38541945600142563e-2,1.80952490856099713e-3,7.15889405116457295e-2,-7.61645480781995998e-20,4.34748170151698724e-19,1.50691964505401149e-1
0,negative,9.30000000000000049e-1,1.10000000000000009e0,2.26462629342141439e-3,5.99530662293618066e-2,4.38541945600142563e-2,3.72920167600207172e-3,7.15889405116457295e-2,1.80952490856099713e-3,-7.61645480781995998e-20,4.34748170151698724e-19,1.50691964505401149e-1
0,average,9.30000000000000049e-1,1.10000000000000009e0,3.11088462613916122e-2,3.11088462613916122e-2,2.37916981180081658e-2,2.37916981180081658e-2,3.66992327101033633e-2,3.66992327101033633e-2,-7.61645480781995998e-20,4.34748170151698724e-19,1.50691964505401149e-1
0,sum,9.30000000000000049e-1,1.10000000000000009e0,6.22176925227832245e-2,6.22176925227832245e-2,4.75833962360163315e-2,4.75833962360163315e-2,7.33984654202067266e-2,7.33984654202067266e-2,-1.52329096156399200e-19,8.69496340303397448e-19,3.01383929010802298e-1
0,positive,9.30000000000000049e-1,3.70000000000000000e1,1.33666572327647663e-2,5.09928852229461251e-4,8.24056780936579386e-4,9.78793250986171107e-3,4.26611339232347425e-4,1.59546664132070998e-2,2.44891497703353855e-4,1.45906181103765809e-4,4.45652281718726673e-3
0,negative,9.30000000000000049e-1,3.70000000000000000e1,5.09928852229461251e-4,1.33666572327647663e-2,9.78793250986171107e-3,8.24056780936579386e-4,1.59546664132070998e-2,4.26611339232347425e-4,2.44891497703353855e-4,1.45906181103765809e-4,4.45652281718726673e-3
0,average,9.30000000000000049e-1,3.70000000000000000e1,6.93829304249711336e-3,6.93829304249711336e-3,5.30599464539914523e-3,5.30599464539914523e-3,8.19063887621972360e-3,8.19063887621972360e-3,2.44891497703353855e-4,1.45906181103765809e-4,4.45652281718726673e-3
0,sum,9.30000000000000049e-1,3.70000000000000000e1,1.38765860849942267e-2,1.38765860849942267e-2,1.06119892907982905e-2,1.06119892907982905e-2,1.63812777524394472e-2,1.63812777524394472e-2,4.89782995406707711e-4,2.91812362207531618e-4,8.91304563437453345e-3
0,positive,9.30000000000000049e-1,1.77700000000000000e3,4.92668213122129418e-3,1.71568908684815741e-4,2.86408064252381125e-4,3.60527637686959730e-3,1.43959504890617089e-4,5.88204853562165897e-3,8.08724362641966645e-5,4.97336810299909659e-5,3.74941288300869289e-4
0,negative,9.30000000000000049e-1,1.77700000000000000e3,1.71568908684815741e-4,4.92668213122129418e-3,3.60527637686959730e-3,2.86408064252381125e-4,5.88204853562165897e-3,1.43959504890617089e-4,8.08724362641966645e-5,4.97336810299909659e-5,3.74941288300869289e-4
0,average,9.30000000000000049e-1,1.77700000000000000e3,2.54912551995305475e-3,2.54912551995305475e-3,1.94584222056098932e-3,1.94584222056098932e-3,3.01300402025613803e-3,3.01300402025613803e-3,8.08724362641966645e-5,4.97336810299909659e-5,3.74941288300869289e-4
0,sum,9.30000000000000049e-1,1.77700000000000000e3,5.09825103990610949e-3,5.09825103990610949e-3,3.89168444112197864e-3,3.89168444112197864e-3,6.02600804051227606e-3,6.02600804051227606e-3,1.61744872528393329e-4,9.94673620599819319e-5,7.49882576601738579e-4
0,positive,9.30000000000000049e-1,9.99990000000000000e4,2.34650469243723441e-3,7.65001736892578169e-5,1.30500281574338580e-4,1.71650344323666382e-3,6.40001418193885188e-5,2.80300558811491518e-3,3.53700869797234202e-5,2.19700534378208269e-5,6.12202892307910101e-5
0,negative,9.30000000000000049e-1,9.99990000000000000e4,7.65001736892578169e-5,2.34650469243723441e-3,1.71650344323666382e-3,1.30500281574338580e-4,2.80300558811491518e-3,6.40001418193885188e-5,3.53700869797234202e-5,2.19700534378208269e-5,6.12202892307910101e-5
0,average,9.30000000000000049e-1,9.99990000000000000e4,1.21150243306324601e-3,1.21150243306324601e-3,9.23501862405501145e-4,9.23501862405501145e-4,1.43350286496715185e-3,1.43350286496715185e-3,3.53700869797234202e-5,2.19700534378208269e-5,6.12202892307910101e-5
0,sum,9.30000000000000049e-1,9.99990000000000000e4,2.42300486612649201e-3,2.42300486612649201e-3,1.84700372481100229e-3,1.84700372481100229e-3,2.86700572993430370e-3,2.86700572993430370e-3,7.07401739594468404e-5,4.39401068756416538e-5,1.22440578461582020e-4
0,positive,9.98999999999999999e-1,1.00000000000000000e0,3.77217467240669914e-11,1.40746124481215711e-12,2.32989884712033523e-12,2.75868355193519848e-11,1.11882754344476024e-12,4.50506622546638978e-11,1.84294377183629390e-33,2.05930793623285178e-33,9.93807338121351925e-11
0,negative,9.98999999999999999e-1,1.00000000000000000e0,1.40746124481215711e-12,3.77217467240669914e-11,2.75868355193519848e-11,2.32989884712033523e-12,4.50506622546638978e-11,1.11882754344476024e-12,1.84294377183629390e-33,2.05930793623285178e-33,9.93807338121351925e-11
0,average,9.98999999999999999e-1,1.00000000000000000e0,1.95646039844395726e-11,1.95646039844395726e-11,1.49583671832361608e-11,1.49583671832361608e-11,2.30847448990543274e-11,2.30847448990543274e-11,1.84294377183629390e-33,2.05930793623285178e-33,9.93807338121351925e-11
0,sum,9.98999999999999999e-1,1.00000000000000000e0,3.91292079688791453e-11,3.91292079688791453e-11,2.99167343664723216e-11,2.99167343664723216e-11,4.61694897981086548e-11,4.61694897981086548e-11,3.68588754367258780e-33,4.11861587246570357e-33,1.98761467624270385e-10
0,positive,9.98999999999999999e-1,1.25000000000000000e0,3.29399492179081512e-11,1.26760780188155925e-12,2.07102119744029654e-12,2.41024018667620605e-11,1.02063257287646999e-12,3.93226223048469985e-11,-2.77681597547677293e-33,-1.02110202485964500e-33,7.36848888241096806e-11
0,negative,9.98999999999999999e-1,1.25000000000000000e0,1.26760780188155925e-12,3.29399492179081512e-11,2.41024018667620605e-11,2.07102119744029654e-12,3.93226223048469985e-11,1.02063257287646999e-12,-2.77681597547677293e-33,-1.02110202485964500e-33,7.36848888241096806e-11
0,average,9.98999999999999999e-1,1.25000000000000000e0,1.71037785098948552e-11,1.71037785098948552e-11,1.30867115321011785e-11,1.30867115321011785e-11,2.01716274388617359e-11,2.01716274388617359e-11,-2.77681597547677293e-33,-1.02110202485964500e-33,7.36848888241096806e-11
0,sum,9.98999999999999999e-1,1.25000000000000000e0,3.42075570197897105e-11,3.42075570197897105e-11,2.61734230642023570e-11,2.61734230642023570e-11,4.03432548777234717e-11,4.03432548777234717e-11,-5.55363195095354586e-33,-2.04220404971929000e-33,1.47369777648219361e-10
0,positive,9.98999999999999999e-1,1.00000000000000000e1,1.24588588414978728e-11,4.90974852841450475e-13,7.88535369715054155e-13,9.12618105251348764e-12,4.10633513285576261e-13,1.48661234230053412e-11,6.76458711611372913e-19,1.97635408664207652e-33,7.72048675895926278e-12
0,negative,9.98999999999999999e-1,1.00000000000000000e1,4.90974852841450475e-13,1.24588588414978728e-11,9.12618105251348764e-12,7.88535369715054155e-13,1.48661234230053412e-11,4.10633513285576261e-13,6.76458711611372913e-19,1.97635408664207652e-33,7.72048675895926278e-12
0,average,9.98999999999999999e-1,1.00000000000000000e1,6.47491684716966203e-12,6.47491684716966203e-12,4.95735821111427090e-12,4.95735821111427090e-12,7.63837846814545874e-12,7.63837846814545874e-12,6.76458711611372913e-19,1.97635408664207652e-33,7.72048675895926278e-12
0,sum,9.98999999999999999e-1,1.00000000000000000e1,1.29498336943393241e-11,1.29498336943393241e-11,9.91471642222854180e-12,9.91471642222854180e-12,1.52767569362909175e-11,1.52767569362909175e-11,1.35291742322274583e-18,3.95270817328415304e-33,1.54409735179185256e-11
0,positive,9.98999999999999999e-1,1.00000000000000000e2,5.90568357839045256e-12,2.18111858868352813e-13,3.58262862315821216e-13,4.32533967327473231e-12,1.84487520461635946e-13,7.05218424990445496e-12,3.01969116396935230e-19,1.82412949667137587e-19,1.24665914610854393e-12
0,negative,9.98999999999999999e-1,1.00000000000000000e2,2.18111858868352813e-13,5.90568357839045256e-12,4.32533967327473231e-12,3.58262862315821216e-13,7.05218424990445496e-12,1.84487520461635946e-13,3.01969116396935230e-19,1.82412949667137587e-19,1.24665914610854393e-12
0,average,9.98999999999999999e-1,1.00000000000000000e2,3.06189771862940269e-12,3.06189771862940269e-12,2.34180126779527656e-12,2.34180126779527656e-12,3.61833588518304545e-12,3.61833588518304545e-12,3.01969116396935230e-19,1.82412949667137587e-19,1.24665914610854393e-12
0,sum,9.98999999999999999e-1,1.00000000000000000e2,6.12379543725880537e-12,6.12379543725880537e-12,4.68360253559055312e-12,4.68360253559055312e-12,7.23667177036609091e-12,7.23667177036609091e-12,6.03938232793870459e-19,3.64825899334275174e-19,2.49331829221708786e-12
0,positive,9.98999999999999999e-1,1.00000000000000000e5,1.39645150568783145e-12,4.55267590816617379e-14,7.76632949040110395e-14,1.02152525442708849e-12,3.80877461598214843e-14,1.66812425759343360e-12,6.04964465984684131e-20,3.75772386702954785e-20,3.59155166704776656e-14
0,negative,9.98999999999999999e-1,1.00000000000000000e5,4.55267590816617379e-14,1.39645150568783145e-12,1.02152525442708849e-12,7.76632949040110395e-14,1.66812425759343360e-12,3.80877461598214843e-14,6.04964465984684131e-20,3.75772386702954785e-20,3.59155166704776656e-14
0,average,9.98999999999999999e-1,1.00000000000000000e5,7.20989132384746644e-13,7.20989132384746644e-13,5.49594274665549762e-13,5.49594274665549762e-13,8.53106001876627544e-13,8.53106001876627544e-13,6.04964465984684131e-20,3.75772386702954785e-20,3.59155166704776656e-14
0,sum,9.98999999999999999e-1,1.00000000000000000e5,1.44197826476949329e-12,1.44197826476949329e-12,1.09918854933109952e-12,1.09918854933109952e-12,1.70621200375325509e-12,1.70621200375325509e-12,1.20992893196936826e-19,7.51544773405909569e-20,7.18310333409553313e-14
0,positive,9.98999999999999999e-1,1.10000000000000009e0,3.56793216689143903e-11,1.34772634898628518e-12,2.21932574208095891e-12,2.60985469446265979e-11,1.07688602084361371e-12,4.26040734362639270e-11,-1.30270912504674982e-34,7.43587963445704439e-34,8.84053971214314779e-11
0,negative,9.98999999999999999e-1,1.10000000000000009e0,1.34772634898628518e-12,3.56793216689143903e-11,2.60985469446265979e-11,2.21932574208095891e-12,4.26040734362639270e-11,1.07688602084361371e-12,-1.30270912504674982e-34,7.43587963445704439e-34,8.84053971214314779e-11
0,average,9.98999999999999999e-1,1.10000000000000009e0,1.85135240089503377e-11,1.85135240089503377e-11,1.41589363433537792e-11,1.41589363433537792e-11,2.18404797285537720e-11,2.18404797285537720e-11,-1.30270912504674982e-34,7.43587963445704439e-34,8.84053971214314779e-11
0,sum,9.98999999999999999e-1,1.10000000000000009e0,3.70270480179006754e-11,3.70270480179006754e-11,2.83178726867075585e-11,2.83178726867075585e-11,4.36809594571075439e-11,4.36809594571075439e-11,-2.60541825009349964e-34,1.48717592689140888e-33,1.76810794242862956e-10
0,positive,9.98999999999999999e-1,3.70000000000000000e1,7.95477670776574958e-12,3.03469289449737921e-13,4.90413375881924840e-13,5.82500292679651027e-12,2.53885300584434965e-13,9.49495498920201186e-12,4.18859412714012848e-19,2.49556142721643474e-19,2.61447685137140788e-12
0,negative,9.98999999999999999e-1,3.70000000000000000e1,3.03469289449737921e-13,7.95477670776574958e-12,5.82500292679651027e-12,4.90413375881924840e-13,9.49495498920201186e-12,2.53885300584434965e-13,4.18859412714012848e-19,2.49556142721643474e-19,2.61447685137140788e-12
0,average,9.98999999999999999e-1,3.70000000000000000e1,4.12912299860774415e-12,4.12912299860774415e-12,3.15770815133921755e-12,3.15770815133921755e-12,4.87442014489322341e-12,4.87442014489322341e-12,4.18859412714012848e-19,2.49556142721643474e-19,2.61447685137140788e-12
0,sum,9.98999999999999999e-1,3.70000000000000000e1,8.25824599721548831e-12,8.25824599721548831e-12,6.31541630267843511e-12,6.31541630267843511e-12,9.74884028978644682e-12,9.74884028978644682e-12,8.37718825428025696e-19,4.99112285443286949e-19,5.22895370274281576e-12
0,positive,9.98999999999999999e-1,1.77700000000000000e3,2.93197132931371502e-12,1.02104231942505631e-13,1.70447409351248612e-13,2.14557519319198275e-12,8.56733005968165312e-14,3.50052981040012621e-12,1.38323221646640426e-19,8.50638774700588369e-20,2.19964156371500791e-13
0,negative,9.98999999999999999e-1,1.77700000000000000e3,1.02104231942505631e-13,2.93197132931371502e-12,2.14557519319198275e-12,1.70447409351248612e-13,3.50052981040012621e-12,8.56733005968165312e-14,1.38323221646640426e-19,8.50638774700588369e-20,2.19964156371500791e-13
0,average,9.98999999999999999e-1,1.77700000000000000e3,1.51703778062811033e-12,1.51703778062811033e-12,1.15801130127161568e-12,1.15801130127161568e-12,1.79310155549847127e-12,1.79310155549847127e-12,1.38323221646640426e-19,8.50638774700588369e-20,2.19964156371500791e-13
0,sum,9.98999999999999999e-1,1.77700000000000000e3,3.03407556125622065e-12,3.03407556125622065e-12,2.31602260254323136e-12,2.31602260254323136e-12,3.58620311099694253e-12,3.58620311099694253e-12,2.76646443293280852e-19,1.70127754940117674e-19,4.39928312743001581e-13
0,positive,9.98999999999999999e-1,9.99990000000000000e4,1.39645388737613131e-12,4.55268464830673524e-14,7.76634369312950116e-14,1.02152700245519835e-12,3.80878171734635713e-14,1.66812709267652456e-12,6.04965619903564130e-20,3.75773094753859418e-20,3.59156733726135477e-14
0,negative,9.98999999999999999e-1,9.99990000000000000e4,4.55268464830673524e-14,1.39645388737613131e-12,1.02152700245519835e-12,7.76634369312950116e-14,1.66812709267652456e-12,3.80878171734635713e-14,6.04965619903564130e-20,3.75773094753859418e-20,3.59156733726135477e-14
0,average,9.98999999999999999e-1,9.99990000000000000e4,7.20990366929599383e-13,7.20990366929599383e-13,5.49595219693246682e-13,5.49595219693246682e-13,8.53107454924994118e-13,8.53107454924994118e-13,6.04965619903564130e-20,3.75773094753859418e-20,3.59156733726135477e-14
0,sum,9.98999999999999999e-1,9.99990000000000000e4,1.44198073385919877e-12,1.44198073385919877e-12,1.09919043938649336e-12,1.09919043938649336e-12,1.70621490984998824e-12,1.70621490984998824e-12,1.20993123980712826e-19,7.51546189507718837e-20,7.18313467452270955e-14
0,positive,1.00000000000000000e0,1.00000000000000000e0,0.00000000000000000e0,0.00000000000000000e0,0.00000000000000000e0,0.00000000000000000e0,0.00000000000000000e0,0.00000000000000000e0,0.00000000000000000e0,0.00000000000000000e0,0.00000000000000000e0
0,negative,1.00000000000000000e0,1.00000000000000000e0,0.00000000000000000e0,0.00000000000000000e0,0.00000000000000000e0,0.00000000000000000e0,0.00000000000000000e0,0.00000000000000000e0,0.00000000000000000e0,0.00000000000000000e0,0.00000000000000000e0
0,average,1.00000000000000000e0,1.00000000000000000e0,0.00000000000000000e0,0.00000000000000000e0,0.00000000000000000e0,0.00000000000000000e0,0.00000000000000000e0,0.00000000000000000e0,0.00000000000000000e0,0.00000000000000000e0,0.00000000000000000e0
0,sum,1.00000000000000000e0,1.00000000000000000e0,0.00000000000000000e0,0.00000000000000000e0,0.00000000000000000e0,0.00000000000000000e0,0.00000000000000000e0,0.00000000000000000e0,0.00000000000000000e0,0.00000000000000000e0,0.00000000000000000e0
0,positive,1.00000000000000000e0,1.25000000000000000e0,0.00000000000000000e0,0.00000000000000000e0,0.00000000000000000e0,0.00000000000000000e0,0.00000000000000000e0,0.00000000000000000e0,0.00000000000000000e0,0.00000000000000000e0,0.00000000000000000e0
0,negative,1.00000000000000000e0,1.25000000000000000e0,0.00000000000000000e0,0.00000000000000000e0,0.00000000000000000e0,0.00000000000000000e0,0.00000000000000000e0,0.00000000000000000e0,0.00000000000000000e0,0.00000000000000000e0,0.00000000000000000e0
0,average,1.00000000000000000e0,1.25000000000000000e0,0.00000000000000000e0,0.00000000000000000e0,0.00000000000000000e0,0.00000000000000000e0,0.00000000000000000e0,0.00000000000000000e0,0.00000000000000000e0,0.00000000000000000e0,0.00000000000000000e0
0,sum,1.00000000000000000e0,1.25000000000000000e0,0.00000000000000000e0,0.00000000000000000e0,0.00000000000000000e0,0.00000000000000000e0,0.00000000000000000e0,0.00000000000000000e0,0.00000000000000000e0,0.00000000000000000e0,0.00000000000000000e0
0,positive,1.00000000000000000e0,1.00000000000000000e1,0.00000000000000000e0,0.00000000000000000e0,0.00000000000000000e0,0.00000000000000000e0,0.00000000000000000e0,0.00000000000000000e0,0.00000000000000000e0,0.00000000000000000e0,0.00000000000000000e0
0,negative,1.00000000000000000e0,1.00000000000000000e1,0.00000000000000000e0,0.00000000000000000e0,0.00000000000000000e0,0.00000000000000000e0,0.00000000000000000e0,0.00000000000000000e0,0.00000000000000000e0,0.00000000000000000e0,0.00000000000000000e0
0,average,1.00000000000000000e0,1.00000000000000000e1,0.00000000000000000e0,0.00000000000000000e0,0.00000000000000000e0,0.00000000000000000e0,0.00000000000000000e0,0.00000000000000000e0,0.00000000000000000e0,0.00000000000000000e0,0.00000000000000000e0
0,sum,1.00000000000000000e0,1.00000000000000000e1,0.00000000000000000e0,0.00000000000000000e0,0.00000000000000000e0,0.00000000000000000e0,0.00000000000000000e0,0.00000000000000000e0,0.00000000000000000e0,0.00000000000000000e0,0.00000000000000000e0
0,positive,1.00000000000000000e0,1.00000000000000000e2,0.00000000000000000e0,0.00000000000000000e0,0.00000000000000000e0,0.00000000000000000e0,0.00000000000000000e0,0.00000000000000000e0,0.00000000000000000e0,0.00000000000000000e0,0.00000000000000000e0
0,negative,1.00000000000000000e0,1.00000000000000000e2,0.00000000000000000e0,0.00000000000000000e0,0.00000000000000000e0,0.00000000000000000e0,0.00000000000000000e0,0.00000000000000000e0,0.00000000000000000e0,0.00000000000000000e0,0.00000000000000000e0
0,average,1.00000000000000000e0,1.00000000000000000e2,0.00000000000000000e0,0.00000000000000000e0,0.00000000000000000e0,0.00000000000000000e0,0.00000000000000000e0,0.00000000000000000e0,0.00000000000000000e0,0.00000000000000000e0,0.00000000000000000e0
0,sum,1.00000000000000000e0,1.00000000000000000e2,0.00000000000000000e0,0.00000000000000000e0,0.00000000000000000e0,0.00000000000000000e0,0.00000000000000000e0,0.00000000000000000e0,0.00000000000000000e0,0.00000000000000000e0,0.00000000000000000e0
0,positive,1.00000000000000000e0,1.00000000000000000e5,0.00000000000000000e0,0.00000000000000000e0,0.00000000000000000e0,0.00000000000000000e0,0.00000000000000000e0,0.00000000000000000e0,0.00000000000000000e0,0.00000000000000000e0,0.00000000000000000e0
0,negative,1.00000000000000000e0,1.00000000000000000e5,0.00000000000000000e0,0.00000000000000000e0,0.00000000000000000e0,0.00000000000000000e0,0.00000000000000000e0,0.00000000000000000e0,0.00000000000000000e0,0.00000000000000000e0,0.00000000000000000e0
0,average,1.00000000000000000e0,1.00000000000000000e5,0.00000000000000000e0,0.00000000000000000e0,0.00000000000000000e0,0.00000000000000000e0,0.00000000000000000e0,0.00000000000000000e0,0.00000000000000000e0,0.00000000000000000e0,0.00000000000000000e0
0,sum,1.00000000000000000e0,1.00000000000000000e5,0.00000000000000000e0,0.00000000000000000e0,0.00000000000000000e0,0.00000000000000000e0,0.00000000000000000e0,0.00000000000000000e0,0.00000000000000000e0,0.00000000000000000e0,0.00000000000000000e0
0,positive,1.00000000000000000e0,1.10000000000000009e0,0.00000000000000000e0,0.00000000000000000e0,0.00000000000000000e0,0.00000000000000000e0,0.00000000000000000e0,0.00000000000000000e0,0.00000000000000000e0,0.00000000000000000e0,0.00000000000000000e0
0,negative,1.00000000000000000e0,1.10000000000000009e0,0.00000000000000000e0,0.00000000000000000e0,0.00000000000000000e0,0.00000000000000000e0,0.00000000000000000e0,0.00000000000000000e0,0.00000000000000000e0,0.00000000000000000e0,0.00000000000000000e0
0,average,1.00000000000000000e0,1.10000000000000009e0,0.00000000000000000e0,0.00000000000000000e0,0.00000000000000000e0,0.00000000000000000e0,0.00000000000000000e0,0.00000000000000000e0,0.00000000000000000e0,0.00000000000000000e0,0.00000000000000000e0
0,sum,1.00000000000000000e0,1.10000000000000009e0,0.00000000000000000e0,0.00000000000000000e0,0.00000000000000000e0,0.00000000000000000e0,0.00000000000000000e0,0.00000000000000000e0,0.00000000000000000e0,0.00000000000000000e0,0.00000000000000000e0
0,positive,1.00000000000000000e0,3.70000000000000000e1,0.00000000000000000e0,0.00000000000000000e0,0.00000000000000000e0,0.00000000000000000e0,0.00000000000000000e0,0.00000000000000000e0,0.00000000000000000e0,0.00000000000000000e0,0.00000000000000000e0
0,negative,1.00000000000000000e0,3.70000000000000000e1,0.00000000000000000e0,0.00000000000000000e0,0.00000000000000000e0,0.00000000000000000e0,0.00000000000000000e0,0.00000000000000000e0,0.00000000000000000e0,0.00000000000000000e0,0.00000000000000000e0
0,average,1.00000000000000000e0,3.70000000000000000e1,0.00000000000000000e0,0.00000000000000000e0,0.00000000000000000e0,0.00000000000000000e0,0.00000000000000000e0,0.00000000000000000e0,0.00000000000000000e0,0.00000000000000000e0,0.00000000000000000e0
0,sum,1.00000000000000000e0,3.70000000000000000e1,0.00000000000000000e0,0.00000000000000000e0,0.00000000000000000e0,0.00000000000000000e0,0.00000000000000000e0,0.00000000000000000e0,0.00000000000000000e0,0.00000000000000000e0,0.00000000000000000e0
0,positive,1.00000000000000000e0,1.77700000000000000e3,0.00000000000000000e0,0.00000000000000000e0,0.00000000000000000e0,0.00000000000000000e0,0.00000000000000000e0,0.00000000000000000e0,0.00000000000000000e0,0.00000000000000000e0,0.00000000000000000e0
0,negative,1.00000000000000000e0,1.77700000000000000e3,0.00000000000000000e0,0.00000000000000000e0,0.00000000000000000e0,0.00000000000000000e0,0.00000000000000000e0,0.00000000000000000e0,0.00000000000000000e0,0.00000000000000000e0,0.00000000000000000e0
0,average,1.00000000000000000e0,1.77700000000000000e3,0.00000000000000000e0,0.00000000000000000e0,0.00000000000000000e0,0.00000000000000000e0,0.00000000000000000e0,0.00000000000000000e0,0.00000000000000000e0,0.00000000000000000e0,0.00000000000000000e0
0,sum,1.00000000000000000e0,1.77700000000000000e3,0.00000000000000000e0,0.00000000000000000e0,0.00000000000000000e0,0.00000000000000000e0,0.00000000000000000e0,0.00000000000000000e0,0.00000000000000000e0,0.00000000000000000e0,0.00000000000000000e0
0,positive,1.00000000000000000e0,9.99990000000000000e4,0.00000000000000000e0,0.00000000000000000e0,0.00000000000000000e0,0.00000000000000000e0,0.00000000000000000e0,0.00000000000000000e0,0.00000000000000000e0,0.00000000000000000e0,0.00000000000000000e0
0,negative,1.00000000000000000e0,9.99990000000000000e4,0.00000000000000000e0,0.00000000000000000e0,0.00000000000000000e0,0.00000000000000000e0,0.00000000000000000e0,0.00000000000000000e0,0.00000000000000000e0,0.00000000000000000e0,0.00000000000000000e0
0,average,1.00000000000000000e0,9.99990000000000000e4,0.00000000000000000e0,0.00000000000000000e0,0.00000000000000000e0,0.00000000000000000e0,0.00000000000000000e0,0.00000000000000000e0,0.00000000000000000e0,0.00000000000000000e0,0.00000000000000000e0
0,sum,1.00000000000000000e0,9.99990000000000000e4,0.00000000000000000e0,0.00000000000000000e0,0.00000000000000000e0,0.00000000000000000e0,0.00000000000000000e0,0.00000000000000000e0,0.00000000000000000e0,0.00000000000000000e0,0.00000000000000000e0
0,positive,5.29999999999999985e-2,1.00000000000000000e0,3.49862080997263569e-1,3.44556220916969802e-1,3.24572162724738489e-1,3.80163320838020347e-1,2.77015260047216549e-1,4.49726456279727294e-1,3.68495270798337576e-17,-1.55379779416856116e-17,1.50381489045720764e-2
0,negative,5.29999999999999985e-2,1.00000000000000000e0,3.44556220916969802e-1,3.49862080997263569e-1,3.80163320838020347e-1,3.24572162724738489e-1,4.49726456279727294e-1,2.77015260047216549e-1,3.68495270798337576e-17,-1.55379779416856116e-17,1.50381489045720764e-2
0,average,5.29999999999999985e-2,1.00000000000000000e0,3.47209150957116686e-1,3.47209150957116686e-1,3.52367741781379418e-1,3.52367741781379418e-1,3.63370858163471921e-1,3.63370858163471921e-1,3.68495270798337576e-17,-1.55379779416856116e-17,1.50381489045720764e-2
0,sum,5.29999999999999985e-2,1.00000000000000000e0,6.94418301914233371e-1,6.94418301914233371e-1,7.04735483562758835e-1,7.04735483562758835e-1,7.26741716326943843e-1,7.26741716326943843e-1,7.36990541596675152e-17,-3.10759558833712231e-17,3.00762978091441528e-2
0,positive,5.29999999999999985e-2,1.25000000000000000e0,4.11963591420309749e-1,4.02197825597707170e-1,3.81955272820944880e-1,4.41329251370202180e-1,3.33940757344396544e-1,5.17780916778146749e-1,-1.54718862571267796e-18,-1.43517044066743520e-17,1.58628269856084941e-1
0,negative,5.29999999999999985e-2,1.25000000000000000e0,4.02197825597707170e-1,4.11963591420309749e-1,4.41329251370202180e-1,3.81955272820944880e-1,5.17780916778146749e-1,3.33940757344396544e-1,-1.54718862571267796e-18,-1.43517044066743520e-17,1.58628269856084941e-1
0,average,5.29999999999999985e-2,1.25000000000000000e0,4.07080708509008460e-1,4.07080708509008460e-1,4.11642262095573530e-1,4.11642262095573530e-1,4.25860837061271646e-1,4.25860837061271646e-1,-1.54718862571267796e-18,-1.43517044066743520e-17,1.58628269856084941e-1
0,sum,5.29999999999999985e-2,1.25000000000000000e0,8.14161417018016920e-1,8.14161417018016920e-1,8.23284524191147060e-1,8.23284524191147060e-1,8.51721674122543293e-1,8.51721674122543293e-1,-3.09437725142535592e-18,-2.87034088133487039e-17,3.17256539712169883e-1
0,positive,5.29999999999999985e-2,1.00000000000000000e1,8.69487858173115025e-1,8.27945615065885376e-1,8.06938103661077211e-1,8.91569376327464136e-1,7.56931127927504610e-1,1.01069051416299494e0,9.94817647415044637e-1,-3.92059632112394001e-18,1.13194642475767382e0
0,negative,5.29999999999999985e-2,1.00000000000000000e1,8.27945615065885376e-1,8.69487858173115025e-1,8.91569376327464136e-1,8.06938103661077211e-1,1.01069051416299494e0,7.56931127927504610e-1,9.94817647415044637e-1,-3.92059632112394001e-18,1.13194642475767382e0
0,average,5.29999999999999985e-2,1.00000000000000000e1,8.48716736619500201e-1,8.48716736619500201e-1,8.49253739994270673e-1,8.49253739994270673e-1,8.83810821045249773e-1,8.83810821045249773e-1,9.94817647415044637e-1,-3.92059632112394001e-18,1.13194642475767382e0
0,sum,5.29999999999999985e-2,1.00000000000000000e1,1.69743347323900040e0,1.69743347323900040e0,1.69850747998854135e0,1.69850747998854135e0,1.76762164209049955e0,1.76762164209049955e0,1.98963529483008927e0,-7.84119264224788003e-18,2.26389284951534764e0
0,positive,5.29999999999999985e-2,1.00000000000000000e2,1.16762813555609091e0,1.10316633188936741e0,1.08250330391828054e0,1.18374065481317170e0,1.03201028959497609e0,1.32737506478334755e0,1.29194634225553107e0,1.90087945255393720e0,1.64278187876297577e0
0,negative,5.29999999999999985e-2,1.00000000000000000e2,1.10316633188936741e0,1.16762813555609091e0,1.18374065481317170e0,1.08250330391828054e0,1.32737506478334755e0,1.03201028959497609e0,1.29194634225553107e0,1.90087945255393720e0,1.64278187876297577e0
0,average,5.29999999999999985e-2,1.00000000000000000e2,1.13539723372272916e0,1.13539723372272916e0,1.13312197936572612e0,1.13312197936572612e0,1.17969267718916182e0,1.17969267718916182e0,1.29194634225553107e0,1.90087945255393720e0,1.64278187876297577e0
0,sum,5.29999999999999985e-2,1.00000000000000000e2,2.27079446744545832e0,2.27079446744545832e0,2.26624395873145223e0,2.26624395873145223e0,2.35938535437832364e0,2.35938535437832364e0,2.58389268451106213e0,3.80175890510787440e0,3.28556375752595153e0
0,positive,5.29999999999999985e-2,1.00000000000000000e5,1.49883064987469772e0,1.39734909282869890e0,1.37835192795470718e0,1.50326595872430291e0,1.32935277343073710e0,1.67727914342118933e0,1.61119973616978607e0,2.03634368952626721e0,1.90877163168721542e0
0,negative,5.29999999999999985e-2,1.00000000000000000e5,1.39734909282869890e0,1.49883064987469772e0,1.50326595872430291e0,1.37835192795470718e0,1.67727914342118933e0,1.32935277343073710e0,1.61119973616978607e0,2.03634368952626721e0,1.90877163168721542e0
0,average,5.29999999999999985e-2,1.00000000000000000e5,1.44808987135169831e0,1.44808987135169831e0,1.44080894333950504e0,1.44080894333950504e0,1.50331595842596322e0,1.50331595842596322e0,1.61119973616978607e0,2.03634368952626721e0,1.90877163168721542e0
0,sum,5.29999999999999985e-2,1.00000000000000000e5,2.89617974270339662e0,2.89617974270339662e0,2.88161788667901009e0,2.88161788667901009e0,3.00663191685192643e0,3.00663191685192643e0,3.22239947233957214e0,4.07268737905253442e0,3.81754326337443084e0
0,positive,5.29999999999999985e-2,1.10000000000000009e0,3.76387185978703243e-1,3.69176388849114079e-1,3.49081921168528764e-1,4.06288816298618349e-1,3.01329560643809002e-1,4.78794214807318874e-1,2.04493315275183036e-17,-1.50312909088175656e-17,7.63690731701928277e-2
0,negative,5.29999999999999985e-2,1.10000000000000009e0,3.69176388849114079e-1,3.76387185978703243e-1,4.06288816298618349e-1,3.49081921168528764e-1,4.78794214807318874e-1,3.01329560643809002e-1,2.04493315275183036e-17,-1.50312909088175656e-17,7.63690731701928277e-2
0,average,5.29999999999999985e-2,1.10000000000000009e0,3.72781787413908661e-1,3.72781787413908661e-1,3.77685368733573557e-1,3.77685368733573557e-1,3.90061887725563938e-1,3.90061887725563938e-1,2.04493315275183036e-17,-1.50312909088175656e-17,7.63690731701928277e-2
0,sum,5.29999999999999985e-2,1.10000000000000009e0,7.45563574827817321e-1,7.45563574827817321e-1,7.55370737467147113e-1,7.55370737467147113e-1,7.80123775451127877e-1,7.80123775451127877e-1,4.08986630550366073e-17,-3.00625818176351312e-17,1.52738146340385655e-1
0,positive,5.29999999999999985e-2,3.70000000000000000e1,1.05854012237758366e0,1.00293228386911193e0,9.81955215510257773e-1,1.07691878368594907e0,9.31536424232868421e-1,1.21163957995159888e0,1.18370449935636679e0,1.83473060693630852e0,1.47058266460020537e0
0,negative,5.29999999999999985e-2,3.70000000000000000e1,1.00293228386911193e0,1.05854012237758366e0,1.07691878368594907e0,9.81955215510257773e-1,1.21163957995159888e0,9.31536424232868421e-1,1.18370449935636679e0,1.83473060693630852e0,1.47058266460020537e0
0,average,5.29999999999999985e-2,3.70000000000000000e1,1.03073620312334779e0,1.03073620312334779e0,1.02943699959810342e0,1.02943699959810342e0,1.07158800209223370e0,1.07158800209223370e0,1.18370449935636679e0,1.83473060693630852e0,1.47058266460020537e0
0,sum,5.29999999999999985e-2,3.70000000000000000e1,2.06147240624669559e0,2.06147240624669559e0,2.05887399919620684e0,2.05887399919620684e0,2.14317600418446741e0,2.14317600418446741e0,2.36740899871273358e0,3.66946121387261703e0,2.94116532920041074e0
0,positive,5.29999999999999985e-2,1.77700000000000000e3,1.36986581692932941e0,1.28604238173065433e0,1.26626446041804752e0,1.38039697677691797e0,1.21608911099635941e0,1.54144542655682359e0,1.48990842363046205e0,2.00490324168689638e0,1.87559200943075211e0
0,negative,5.29999999999999985e-2,1.77700000000000000e3,1.28604238173065433e0,1.36986581692932941e0,1.38039697677691797e0,1.26626446041804752e0,1.54144542655682359e0,1.21608911099635941e0,1.48990842363046205e0,2.00490324168689638e0,1.87559200943075211e0
0,average,5.29999999999999985e-2,1.77700000000000000e3,1.32795409932999187e0,1.32795409932999187e0,1.32333071859748275e0,1.32333071859748275e0,1.37876726877659150e0,1.37876726877659150e0,1.48990842363046205e0,2.00490324168689638e0,1.87559200943075211e0
0,sum,5.29999999999999985e-2,1.77700000000000000e3,2.65590819865998373e0,2.65590819865998373e0,2.64666143719496549e0,2.64666143719496549e0,2.75753453755318301e0,2.75753453755318301e0,2.97981684726092411e0,4.00980648337379275e0,3.75118401886150421e0
0,positive,5.29999999999999985e-2,9.99990000000000000e4,1.49883044346324312e0,1.39734892197176541e0,1.37835175953712352e0,1.50326576825223523e0,1.32935260198878735e0,1.67727893057665334e0,1.61119954827518952e0,2.03634369171638685e0,1.90877171592520423e0
0,negative,5.29999999999999985e-2,9.99990000000000000e4,1.39734892197176541e0,1.49883044346324312e0,1.50326576825223523e0,1.37835175953712352e0,1.67727893057665334e0,1.32935260198878735e0,1.61119954827518952e0,2.03634369171638685e0,1.90877171592520423e0
0,average,5.29999999999999985e-2,9.99990000000000000e4,1.44808968271750427e0,1.44808968271750427e0,1.44080876389467938e0,1.44080876389467938e0,1.50331576628272034e0,1.50331576628272034e0,1.61119954827518952e0,2.03634369171638685e0,1.90877171592520423e0
0,sum,5.29999999999999985e-2,9.99990000000000000e4,2.89617936543500853e0,2.89617936543500853e0,2.88161752778935876e0,2.88161752778935876e0,3.00663153256544069e0,3.00663153256544069e0,3.22239909655037904e0,4.07268738343277370e0,3.81754343185040845e0
0,positive,1.37000000000000011e-1,1.00000000000000000e0,5.81554177983925946e-1,4.38911384873863275e-1,4.11934964628648481e-1,5.88408988671622613e-1,3.49793913254165700e-1,8.63544991889516389e-1,7.10600048462533469e-18,-6.32859754654246604e-18,1.87429831059097829e-1
0,negative,1.37000000000000011e-1,1.00000000000000000e0,4.38911384873863275e-1,5.81554177983925946e-1,5.88408988671622613e-1,4.11934964628648481e-1,8.63544991889516389e-1,3.49793913254165700e-1,7.10600048462533469e-18,-6.32859754654246604e-18,1.87429831059097829e-1
0,average,1.37000000000000011e-1,1.00000000000000000e0,5.10232781428894611e-1,5.10232781428894611e-1,5.00171976650135575e-1,5.00171976650135575e-1,6.06669452571841017e-1,6.06669452571841017e-1,7.10600048462533469e-18,-6.32859754654246604e-18,1.87429831059097829e-1
0,sum,1.37000000000000011e-1,1.00000000000000000e0,1.02046556285778922e0,1.02046556285778922e0,1.00034395330027115e0,1.00034395330027115e0,1.21333890514368203e0,1.21333890514368203e0,1.42120009692506694e-17,-1.26571950930849321e-17,3.74859662118195658e-1
0,positive,1.37000000000000011e-1,1.25000000000000000e0,6.22223233253509589e-1,4.72366819189609766e-1,4.45592827773915845e-1,6.25816931956989508e-1,3.84127546997864278e-1,9.02807270502188342e-1,-3.64274058680493759e-18,-3.20790362767492646e-18,3.20452629558085622e-1
0,negative,1.37000000000000011e-1,1.25000000000000000e0,4.72366819189609766e-1,6.22223233253509589e-1,6.25816931956989508e-1,4.45592827773915845e-1,9.02807270502188342e-1,3.84127546997864278e-1,-3.64274058680493759e-18,-3.20790362767492646e-18,3.20452629558085622e-1
0,average,1.37000000000000011e-1,1.25000000000000000e0,5.47295026221559677e-1,5.47295026221559677e-1,5.35704879865452677e-1,5.35704879865452677e-1,6.43467408750026282e-1,6.43467408750026282e-1,-3.64274058680493759e-18,-3.20790362767492646e-18,3.20452629558085622e-1
0,sum,1.37000000000000011e-1,1.25000000000000000e0,1.09459005244311935e0,1.09459005244311935e0,1.07140975973090535e0,1.07140975973090535e0,1.28693481750005256e0,1.28693481750005256e0,-7.28548117360987517e-18,-6.41580725534985292e-18,6.40905259116171244e-1
0,positive,1.37000000000000011e-1,1.00000000000000000e1,8.33322615779477194e-1,6.46084364410192902e-1,6.24529412457934585e-1,8.20662712078562562e-1,5.69072759045398557e-1,1.09903295797086464e0,9.73268431582754223e-1,3.35919346150351377e-18,9.28572352395803713e-1
0,negative,1.37000000000000011e-1,1.00000000000000000e1,6.46084364410192902e-1,8.33322615779477194e-1,8.20662712078562562e-1,6.24529412457934585e-1,1.09903295797086464e0,5.69072759045398557e-1,9.73268431582754223e-1,3.35919346150351377e-18,9.28572352395803713e-1
0,average,1.37000000000000011e-1,1.00000000000000000e1,7.39703490094835048e-1,7.39703490094835048e-1,7.22596062268248573e-1,7.22596062268248573e-1,8.34052858508131600e-1,8.34052858508131600e-1,9.73268431582754223e-1,3.35919346150351377e-18,9.28572352395803713e-1
0,sum,1.37000000000000011e-1,1.00000000000000000e1,1.47940698018967010e0,1.47940698018967010e0,1.44519212453649715e0,1.44519212453649715e0,1.66810571701626320e0,1.66810571701626320e0,1.94653686316550845e0,6.71838692300702755e-18,1.85714470479160743e0
0,positive,1.37000000000000011e-1,1.00000000000000000e2,9.01320364983182132e-1,6.99311228069209423e-1,6.81251647029374685e-1,8.79674815085553674e-1,6.30788776214130653e-1,1.14843811631293402e0,1.01563109387379891e0,1.08668129652258205e0,1.03312660435817572e0
0,negative,1.37000000000000011e-1,1.00000000000000000e2,6.99311228069209423e-1,9.01320364983182132e-1,8.79674815085553674e-1,6.81251647029374685e-1,1.14843811631293402e0,6.30788776214130653e-1,1.01563109387379891e0,1.08668129652258205e0,1.03312660435817572e0
0,average,1.37000000000000011e-1,1.00000000000000000e2,8.00315796526195777e-1,8.00315796526195777e-1,7.80463231057464180e-1,7.80463231057464180e-1,8.89613446263532337e-1,8.89613446263532337e-1,1.01563109387379891e0,1.08668129652258205e0,1.03312660435817572e0
0,sum,1.37000000000000011e-1,1.00000000000000000e2,1.60063159305239155e0,1.60063159305239155e0,1.56092646211492836e0,1.56092646211492836e0,1.77922689252706467e0,1.77922689252706467e0,2.03126218774759781e0,2.17336259304516410e0,2.06625320871635143e0
0,positive,1.37000000000000011e-1,1.00000000000000000e5,8.66317418270361905e-1,6.59836060343491848e-1,6.48149132165465769e-1,8.35325797502551648e-1,6.06529215208495343e-1,1.07055213696906826e0,9.36153314772007361e-1,9.09577141115949672e-1,8.03938989174721397e-1
0,negative,1.37000000000000011e-1,1.00000000000000000e5,6.59836060343491848e-1,8.66317418270361905e-1,8.35325797502551648e-1,6.48149132165465769e-1,1.07055213696906826e0,6.06529215208495343e-1,9.36153314772007361e-1,9.09577141115949672e-1,8.03938989174721397e-1
0,average,1.37000000000000011e-1,1.00000000000000000e5,7.63076739306926877e-1,7.63076739306926877e-1,7.41737464834008708e-1,7.41737464834008708e-1,8.38540676088781800e-1,8.38540676088781800e-1,9.36153314772007361e-1,9.09577141115949672e-1,8.03938989174721397e-1
0,sum,1.37000000000000011e-1,1.00000000000000000e5,1.52615347861385375e0,1.52615347861385375e0,1.48347492966801742e0,1.48347492966801742e0,1.67708135217756360e0,1.67708135217756360e0,1.87230662954401472e0,1.81915428223189934e0,1.60787797834944279e0
0,positive,1.37000000000000011e-1,1.10000000000000009e0,5.98924946475272502e-1,4.53201035824052023e-1,4.26311077983982156e-1,6.04386854846289290e-1,3.64458665097430745e-1,8.80314890961490959e-1,2.51494491454705381e-18,-4.99567129001484548e-18,2.44247188174475299e-1
0,negative,1.37000000000000011e-1,1.10000000000000009e0,4.53201035824052023e-1,5.98924946475272502e-1,6.04386854846289290e-1,4.26311077983982156e-1,8.80314890961490959e-1,3.64458665097430745e-1,2.51494491454705381e-18,-4.99567129001484548e-18,2.44247188174475299e-1
0,average,1.37000000000000011e-1,1.10000000000000009e0,5.26062991149662262e-1,5.26062991149662262e-1,5.15348966415135723e-1,5.15348966415135723e-1,6.22386778029460852e-1,6.22386778029460852e-1,2.51494491454705381e-18,-4.99567129001484548e-18,2.44247188174475299e-1
0,sum,1.37000000000000011e-1,1.10000000000000009e0,1.05212598229932452e0,1.05212598229932452e0,1.03069793283027145e0,1.03069793283027145e0,1.24477355605892170e0,1.24477355605892170e0,5.02988982909410761e-18,-9.99134258002969096e-18,4.88494376348950599e-1
0,positive,1.37000000000000011e-1,3.70000000000000000e1,8.83341662382894022e-1,6.85955987088115782e-1,6.66543936608080423e-1,8.64877084053042311e-1,6.13887693548656355e-1,1.13804543189679475e0,1.00780701379897408e0,1.10826343555240125e0,1.02069304912387659e0
0,negative,1.37000000000000011e-1,3.70000000000000000e1,6.85955987088115782e-1,8.83341662382894022e-1,8.64877084053042311e-1,6.66543936608080423e-1,1.13804543189679475e0,6.13887693548656355e-1,1.00780701379897408e0,1.10826343555240125e0,1.02069304912387659e0
0,average,1.37000000000000011e-1,3.70000000000000000e1,7.84648824735504902e-1,7.84648824735504902e-1,7.65710510330561367e-1,7.65710510330561367e-1,8.75966562722725550e-1,8.75966562722725550e-1,1.00780701379897408e0,1.10826343555240125e0,1.02069304912387659e0
0,sum,1.37000000000000011e-1,3.70000000000000000e1,1.56929764947100980e0,1.56929764947100980e0,1.53142102066112273e0,1.53142102066112273e0,1.75193312544545110e0,1.75193312544545110e0,2.01561402759794817e0,2.21652687110480251e0,2.04138609824775319e0
0,positive,1.37000000000000011e-1,1.77700000000000000e3,9.05410008212070405e-1,6.97914169404846296e-1,6.83056842931899166e-1,8.78080960809761613e-1,6.36843217585783217e-1,1.13203646604750796e0,9.96628243440432771e-1,1.01189635229815322e0,9.58909616310919644e-1
0,negative,1.37000000000000011e-1,1.77700000000000000e3,6.97914169404846296e-1,9.05410008212070405e-1,8.78080960809761613e-1,6.83056842931899166e-1,1.13203646604750796e0,6.36843217585783217e-1,9.96628243440432771e-1,1.01189635229815322e0,9.58909616310919644e-1
0,average,1.37000000000000011e-1,1.77700000000000000e3,8.01662088808458351e-1,8.01662088808458351e-1,7.80568901870830389e-1,7.80568901870830389e-1,8.84439841816645589e-1,8.84439841816645589e-1,9.96628243440432771e-1,1.01189635229815322e0,9.58909616310919644e-1
0,sum,1.37000000000000011e-1,1.77700000000000000e3,1.60332417761691670e0,1.60332417761691670e0,1.56113780374166078e0,1.56113780374166078e0,1.76887968363329118e0,1.76887968363329118e0,1.99325648688086554e0,2.02379270459630645e0,1.91781923262183929e0
0,positive,1.37000000000000011e-1,9.99990000000000000e4,8.66317536912767139e-1,6.59836172391708331e-1,6.48149227656179217e-1,8.35325914286872195e-1,6.06529307336011070e-1,1.07055230299029702e0,9.36153473554236837e-1,9.09577377450258240e-1,8.03939360627519251e-1
0,negative,1.37000000000000011e-1,9.99990000000000000e4,6.59836172391708331e-1,8.66317536912767139e-1,8.35325914286872195e-1,6.48149227656179217e-1,1.07055230299029702e0,6.06529307336011070e-1,9.36153473554236837e-1,9.09577377450258240e-1,8.03939360627519251e-1
0,average,1.37000000000000011e-1,9.99990000000000000e4,7.63076854652237735e-1,7.63076854652237735e-1,7.41737570971525706e-1,7.41737570971525706e-1,8.38540805163153991e-1,8.38540805163153991e-1,9.36153473554236837e-1,9.09577377450258240e-1,8.03939360627519251e-1
0,sum,1.37000000000000011e-1,9.99990000000000000e4,1.52615370930447547e0,1.52615370930447547e0,1.48347514194305141e0,1.48347514194305141e0,1.67708161032630798e0,1.67708161032630798e0,1.87230694710847367e0,1.81915475490051648e0,1.60787872125503850e0
0,positive,3.33000000000000018e-1,1.00000000000000000e0,5.65013371976413881e-1,2.32280554521489491e-1,2.26230332663314881e-1,4.93142773809956136e-1,1.80546744338905885e-1,7.92599898577602824e-1,-1.17885753578338768e-18,-2.80162831682207639e-18,9.08666137491530024e-1
0,negative,3.33000000000000018e-1,1.00000000000000000e0,2.32280554521489491e-1,5.65013371976413881e-1,4.93142773809956136e-1,2.26230332663314881e-1,7.92599898577602824e-1,1.80546744338905885e-1,-1.17885753578338768e-18,-2.80162831682207639e-18,9.08666137491530024e-1
0,average,3.33000000000000018e-1,1.00000000000000000e0,3.98646963248951658e-1,3.98646963248951658e-1,3.59686553236635509e-1,3.59686553236635509e-1,4.86573321458254382e-1,4.86573321458254382e-1,-1.17885753578338768e-18,-2.80162831682207639e-18,9.08666137491530024e-1
0,sum,3.33000000000000018e-1,1.00000000000000000e0,7.97293926497903316e-1,7.97293926497903316e-1,7.19373106473271018e-1,7.19373106473271018e-1,9.73146642916508764e-1,9.73146642916508764e-1,-2.35771507156677536e-18,-5.60325663364415277e-18,1.81733227498306005e0
0,positive,3.33000000000000018e-1,1.25000000000000000e0,5.68440340909724506e-1,2.42884840767418897e-1,2.37551604312595033e-1,4.97529012489367983e-1,1.93470225908366988e-1,7.86247773222136903e-1,-2.79684248737717210e-18,-1.39958387695312468e-18,9.31300203426439044e-1
0,negative,3.33000000000000018e-1,1.25000000000000000e0,2.42884840767418897e-1,5.68440340909724506e-1,4.97529012489367983e-1,2.37551604312595033e-1,7.86247773222136903e-1,1.93470225908366988e-1,-2.79684248737717210e-18,-1.39958387695312468e-18,9.31300203426439044e-1
0,average,3.33000000000000018e-1,1.25000000000000000e0,4.05662590838571702e-1,4.05662590838571702e-1,3.67540308400981508e-1,3.67540308400981508e-1,4.89858999565251918e-1,4.89858999565251918e-1,-2.79684248737717210e-18,-1.39958387695312468e-18,9.31300203426439044e-1
0,sum,3.33000000000000018e-1,1.25000000000000000e0,8.11325181677143403e-1,8.11325181677143403e-1,7.35080616801963016e-1,7.35080616801963016e-1,9.79717999130503836e-1,9.79717999130503836e-1,-5.59368497475434420e-18,-2.79916775390624935e-18,1.86260040685287809e0
0,positive,3.33000000000000018e-1,1.00000000000000000e1,5.34885384804240194e-1,2.60366281527580123e-1,2.58744586599345183e-1,4.71766288531395461e-1,2.24233102413654378e-1,6.93220671360890495e-1,5.38437914970328446e-1,3.01540612219973489e-18,7.67569676406736900e-1
0,negative,3.33000000000000018e-1,1.00000000000000000e1,2.60366281527580123e-1,5.34885384804240194e-1,4.71766288531395461e-1,2.58744586599345183e-1,6.93220671360890495e-1,2.24233102413654378e-1,5.38437914970328446e-1,3.01540612219973489e-18,7.67569676406736900e-1
0,average,3.33000000000000018e-1,1.00000000000000000e1,3.97625833165910159e-1,3.97625833165910159e-1,3.65255437565370322e-1,3.65255437565370322e-1,4.58726886887272423e-1,4.58726886887272423e-1,5.38437914970328446e-1,3.01540612219973489e-18,7.67569676406736900e-1
0,sum,3.33000000000000018e-1,1.00000000000000000e1,7.95251666331820317e-1,7.95251666331820317e-1,7.30510875130740645e-1,7.30510875130740645e-1,9.17453773774544845e-1,9.17453773774544845e-1,1.07687582994065689e0,6.03081224439946977e-18,1.53513935281347380e0
0,positive,3.33000000000000018e-1,1.00000000000000000e2,4.71224091632005460e-1,2.34300664098654299e-1,2.34325208040032429e-1,4.15229079744330543e-1,2.06013363464825544e-1,5.95470025782999901e-1,4.51260188904524684e-1,2.49720697759967053e-1,5.24831322343625395e-1
0,negative,3.33000000000000018e-1,1.00000000000000000e2,2.34300664098654299e-1,4.71224091632005460e-1,4.15229079744330543e-1,2.34325208040032429e-1,5.95470025782999901e-1,2.06013363464825544e-1,4.51260188904524684e-1,2.49720697759967053e-1,5.24831322343625395e-1
0,average,3.33000000000000018e-1,1.00000000000000000e2,3.52762377865329879e-1,3.52762377865329879e-1,3.24777143892181486e-1,3.24777143892181486e-1,4.00741694623912736e-1,4.00741694623912736e-1,4.51260188904524684e-1,2.49720697759967053e-1,5.24831322343625395e-1
0,sum,3.33000000000000018e-1,1.00000000000000000e2,7.05524755730659758e-1,7.05524755730659758e-1,6.49554287784362971e-1,6.49554287784362971e-1,8.01483389247825473e-1,8.01483389247825473e-1,9.02520377809049368e-1,4.99441395519934106e-1,1.04966264468725079e0
0,positive,3.33000000000000018e-1,1.00000000000000000e5,3.34684593389698359e-1,1.61990690326506925e-1,1.63339671227016203e-1,2.92220101222128437e-1,1.44402533469700306e-1,4.12286592418162123e-1,2.92884781805088645e-1,1.59373485257437025e-1,2.01831590334004468e-1
0,negative,3.33000000000000018e-1,1.00000000000000000e5,1.61990690326506925e-1,3.34684593389698359e-1,2.92220101222128437e-1,1.63339671227016203e-1,4.12286592418162123e-1,1.44402533469700306e-1,2.92884781805088645e-1,1.59373485257437025e-1,2.01831590334004468e-1
0,average,3.33000000000000018e-1,1.00000000000000000e5,2.48337641858102642e-1,2.48337641858102642e-1,2.27779886224572320e-1,2.27779886224572320e-1,2.78344562943931229e-1,2.78344562943931229e-1,2.92884781805088645e-1,1.59373485257437025e-1,2.01831590334004468e-1
0,sum,3.33000000000000018e-1,1.00000000000000000e5,4.96675283716205285e-1,4.96675283716205285e-1,4.55559772449144640e-1,4.55559772449144640e-1,5.56689125887862457e-1,5.56689125887862457e-1,5.85769563610177291e-1,3.18746970514874051e-1,4.03663180668008936e-1
0,positive,3.33000000000000018e-1,1.10000000000000009e0,5.66477115935376641e-1,2.36809909830408533e-1,2.31065930331952524e-1,4.95016245818164724e-1,1.86066685851124625e-1,7.89886747307026460e-1,-1.86993928898158326e-18,-2.20278014545189017e-18,9.18333711935218511e-1
0,negative,3.33000000000000018e-1,1.10000000000000009e0,2.36809909830408533e-1,5.66477115935376641e-1,4.95016245818164724e-1,2.31065930331952524e-1,7.89886747307026460e-1,1.86066685851124625e-1,-1.86993928898158326e-18,-2.20278014545189017e-18,9.18333711935218511e-1
0,average,3.33000000000000018e-1,1.10000000000000009e0,4.01643512882892573e-1,4.01643512882892573e-1,3.63041088075058638e-1,3.63041088075058638e-1,4.87976716579075542e-1,4.87976716579075542e-1,-1.86993928898158326e-18,-2.20278014545189017e-18,9.18333711935218511e-1
0,sum,3.33000000000000018e-1,1.10000000000000009e0,8.03287025765785145e-1,8.03287025765785145e-1,7.26082176150117276e-1,7.26082176150117276e-1,9.75953433158151085e-1,9.75953433158151085e-1,-3.73987857796316653e-18,-4.40556029090378034e-18,1.83666742387043702e0
0,positive,3.33000000000000018e-1,3.70000000000000000e1,4.98376902857094461e-1,2.46842264937018802e-1,2.46289801261969060e-1,4.39483005526857928e-1,2.15624226674147518e-1,6.35179352339188985e-1,4.86605786269337759e-1,2.68951398181121293e-1,6.20101209237597040e-1
0,negative,3.33000000000000018e-1,3.70000000000000000e1,2.46842264937018802e-1,4.98376902857094461e-1,4.39483005526857928e-1,2.46289801261969060e-1,6.35179352339188985e-1,2.15624226674147518e-1,4.86605786269337759e-1,2.68951398181121293e-1,6.20101209237597040e-1
0,average,3.33000000000000018e-1,3.70000000000000000e1,3.72609583897056618e-1,3.72609583897056618e-1,3.42886403394413508e-1,3.42886403394413508e-1,4.25401789506668238e-1,4.25401789506668238e-1,4.86605786269337759e-1,2.68951398181121293e-1,6.20101209237597040e-1
0,sum,3.33000000000000018e-1,3.70000000000000000e1,7.45219167794113235e-1,7.45219167794113235e-1,6.85772806788827016e-1,6.85772806788827016e-1,8.50803579013336475e-1,8.50803579013336475e-1,9.73211572538675518e-1,5.37902796362242586e-1,1.24020241847519408e0
0,positive,3.33000000000000018e-1,1.77700000000000000e3,4.03696216808869468e-1,1.99502519744325674e-1,2.00402538457545770e-1,3.54327293528527987e-1,1.77021329046513243e-1,5.02514889033458978e-1,3.69816747619034103e-1,2.03656512141451307e-1,3.37383408465770362e-1
0,negative,3.33000000000000018e-1,1.77700000000000000e3,1.99502519744325674e-1,4.03696216808869468e-1,3.54327293528527987e-1,2.00402538457545770e-1,5.02514889033458978e-1,1.77021329046513243e-1,3.69816747619034103e-1,2.03656512141451307e-1,3.37383408465770362e-1
0,average,3.33000000000000018e-1,1.77700000000000000e3,3.01599368276597557e-1,3.01599368276597557e-1,2.77364915993036865e-1,2.77364915993036865e-1,3.39768109039986110e-1,3.39768109039986110e-1,3.69816747619034103e-1,2.03656512141451307e-1,3.37383408465770362e-1
0,sum,3.33000000000000018e-1,1.77700000000000000e3,6.03198736553195114e-1,6.03198736553195114e-1,5.54729831986073729e-1,5.54729831986073729e-1,6.79536218079972221e-1,6.79536218079972221e-1,7.39633495238068206e-1,4.07313024282902614e-1,6.74766816931540725e-1
0,positive,3.33000000000000018e-1,9.99990000000000000e4,3.34684739321762126e-1,1.61990769952105235e-1,1.63339749988013289e-1,2.92220232745170505e-1,1.44402603616640979e-1,4.12286779140270176e-1,2.92884937983126314e-1,1.59373576191328942e-1,2.01831833556762041e-1
0,negative,3.33000000000000018e-1,9.99990000000000000e4,1.61990769952105235e-1,3.34684739321762126e-1,2.92220232745170505e-1,1.63339749988013289e-1,4.12286779140270176e-1,1.44402603616640979e-1,2.92884937983126314e-1,1.59373576191328942e-1,2.01831833556762041e-1
0,average,3.33000000000000018e-1,9.99990000000000000e4,2.48337754636933694e-1,2.48337754636933694e-1,2.27779991366591883e-1,2.27779991366591883e-1,2.78344691378455578e-1,2.78344691378455578e-1,2.92884937983126314e-1,1.59373576191328942e-1,2.01831833556762041e-1
0,sum,3.33000000000000018e-1,9.99990000000000000e4,4.96675509273867388e-1,4.96675509273867388e-1,4.55559982733183766e-1,4.55559982733183766e-1,5.56689382756911155e-1,5.56689382756911155e-1,5.85769875966252629e-1,3.18747152382657883e-1,4.03663667113524083e-1
0,positive,7.77000000000000024e-1,1.00000000000000000e0,2.14523978348116762e-1,2.55255610492939461e-2,3.05420620596536518e-2,1.62466106579918834e-1,2.04225805547018496e-2,2.57006153912917701e-1,6.25361432014648772e-19,1.36620991318107860e-18,4.99601592511176418e-1
0,negative,7.77000000000000024e-1,1.00000000000000000e0,2.55255610492939461e-2,2.14523978348116762e-1,1.62466106579918834e-1,3.05420620596536518e-2,2.57006153912917701e-1,2.04225805547018496e-2,6.25361432014648772e-19,1.36620991318107860e-18,4.99601592511176418e-1
0,average,7.77000000000000024e-1,1.00000000000000000e0,1.20024769698705347e-1,1.20024769698705347e-1,9.65040843197862430e-2,9.65040843197862430e-2,1.38714367233809782e-1,1.38714367233809782e-1,6.25361432014648772e-19,1.36620991318107860e-18,4.99601592511176418e-1
0,sum,7.77000000000000024e-1,1.00000000000000000e0,2.40049539397410694e-1,2.40049539397410694e-1,1.93008168639572486e-1,1.93008168639572486e-1,2.77428734467619564e-1,2.77428734467619564e-1,1.25072286402929754e-18,2.73241982636215720e-18,9.99203185022352836e-1
0,positive,7.77000000000000024e-1,1.25000000000000000e0,1.99056212561555756e-1,2.43830584741149270e-2,2.90345896106606119e-2,1.50937345028758607e-1,1.97887245254211169e-2,2.38214772731535129e-1,-2.00323928955693548e-18,2.02018031651206979e-19,4.16679085267250227e-1
0,negative,7.77000000000000024e-1,1.25000000000000000e0,2.43830584741149270e-2,1.99056212561555756e-1,1.50937345028758607e-1,2.90345896106606119e-2,2.38214772731535129e-1,1.97887245254211169e-2,-2.00323928955693548e-18,2.02018031651206979e-19,4.16679085267250227e-1
0,average,7.77000000000000024e-1,1.25000000000000000e0,1.11719635517835342e-1,1.11719635517835342e-1,8.99859673197096060e-2,8.99859673197096060e-2,1.29001748628478130e-1,1.29001748628478130e-1,-2.00323928955693548e-18,2.02018031651206979e-19,4.16679085267250227e-1
0,sum,7.77000000000000024e-1,1.25000000000000000e0,2.23439271035670683e-1,2.23439271035670683e-1,1.79971934639419212e-1,1.79971934639419212e-1,2.58003497256956260e-1,2.58003497256956260e-1,-4.00647857911387095e-18,4.04036063302413958e-19,8.33358170534500453e-1
0,positive,7.77000000000000024e-1,1.00000000000000000e1,1.12874253855344442e-1,1.45158583079328940e-2,1.71058561705206488e-2,8.56747200446757173e-2,1.22250864793861311e-2,1.34520611508622351e-1,1.61627174307305208e-2,1.56641426843250482e-18,1.02017367564781594e-1
0,negative,7.77000000000000024e-1,1.00000000000000000e1,1.45158583079328940e-2,1.12874253855344442e-1,8.56747200446757173e-2,1.71058561705206488e-2,1.34520611508622351e-1,1.22250864793861311e-2,1.61627174307305208e-2,1.56641426843250482e-18,1.02017367564781594e-1
0,average,7.77000000000000024e-1,1.00000000000000000e1,6.36950560816386679e-2,6.36950560816386679e-2,5.13902881075981866e-2,5.13902881075981866e-2,7.33728489940042444e-2,7.33728489940042444e-2,1.61627174307305208e-2,1.56641426843250482e-18,1.02017367564781594e-1
0,sum,7.77000000000000024e-1,1.00000000000000000e1,1.27390112163277336e-1,1.27390112163277336e-1,1.02780576215196373e-1,1.02780576215196373e-1,1.46745697988008489e-1,1.46745697988008489e-1,3.23254348614610415e-2,3.13282853686500964e-18,2.04034735129563188e-1
0,positive,7.77000000000000024e-1,1.00000000000000000e2,7.13730852634022889e-2,8.81978220197487950e-3,1.04727780419222941e-2,5.40439607072303804e-2,7.51165319671334014e-3,8.49766160455823483e-2,9.35962331736373866e-3,4.32257766305147936e-3,3.15093057082548797e-2
0,negative,7.77000000000000024e-1,1.00000000000000000e2,8.81978220197487950e-3,7.13730852634022889e-2,5.40439607072303804e-2,1.04727780419222941e-2,8.49766160455823483e-2,7.51165319671334014e-3,9.35962331736373866e-3,4.32257766305147936e-3,3.15093057082548797e-2
0,average,7.77000000000000024e-1,1.00000000000000000e2,4.00964337326885842e-2,4.00964337326885842e-2,3.22583693745763372e-2,3.22583693745763372e-2,4.62441346211478477e-2,4.62441346211478477e-2,9.35962331736373866e-3,4.32257766305147936e-3,3.15093057082548797e-2
0,sum,7.77000000000000024e-1,1.00000000000000000e2,8.01928674653771684e-2,8.01928674653771684e-2,6.45167387491526745e-2,6.45167387491526745e-2,9.24882692422956953e-2,9.24882692422956953e-2,1.87192466347274773e-2,8.64515532610295873e-3,6.30186114165097594e-2
0,positive,7.77000000000000024e-1,1.00000000000000000e5,2.86008776772025131e-2,3.16560649951784685e-3,3.83412845044437192e-3,2.15393229845056572e-2,2.70645810104500409e-3,3.40546712468439150e-2,3.09297663047732388e-3,1.52302457028756022e-3,3.02337635350532867e-3
0,negative,7.77000000000000024e-1,1.00000000000000000e5,3.16560649951784685e-3,2.86008776772025131e-2,2.15393229845056572e-2,3.83412845044437192e-3,3.40546712468439150e-2,2.70645810104500409e-3,3.09297663047732388e-3,1.52302457028756022e-3,3.02337635350532867e-3
0,average,7.77000000000000024e-1,1.00000000000000000e5,1.58832420883601791e-2,1.58832420883601791e-2,1.26867257174750146e-2,1.26867257174750146e-2,1.83805646739444578e-2,1.83805646739444578e-2,3.09297663047732388e-3,1.52302457028756022e-3,3.02337635350532867e-3
0,sum,7.77000000000000024e-1,1.00000000000000000e5,3.17664841767203582e-2,3.17664841767203582e-2,2.53734514349500291e-2,2.53734514349500291e-2,3.67611293478889156e-2,3.67611293478889156e-2,6.18595326095464776e-3,3.04604914057512045e-3,6.04675270701065734e-3
0,positive,7.77000000000000024e-1,1.10000000000000009e0,2.07917309548567047e-1,2.50375696857708385e-2,2.98981829543987637e-2,1.57541884795821485e-1,2.01518448253249632e-2,2.48979886030108732e-1,-4.97379538679995226e-19,8.68954505611155317e-19,4.64183320153776890e-1
0,negative,7.77000000000000024e-1,1.10000000000000009e0,2.50375696857708385e-2,2.07917309548567047e-1,1.57541884795821485e-1,2.98981829543987637e-2,2.48979886030108732e-1,2.01518448253249632e-2,-4.97379538679995226e-19,8.68954505611155317e-19,4.64183320153776890e-1
0,average,7.77000000000000024e-1,1.10000000000000009e0,1.16477439617168943e-1,1.16477439617168943e-1,9.37200338751101314e-2,9.37200338751101314e-2,1.34565865427716841e-1,1.34565865427716841e-1,-4.97379538679995226e-19,8.68954505611155317e-19,4.64183320153776890e-1
0,sum,7.77000000000000024e-1,1.10000000000000009e0,2.32954879234337886e-1,2.32954879234337886e-1,1.87440067750220263e-1,1.87440067750220263e-1,2.69131730855433682e-1,2.69131730855433682e-1,-9.94759077359990453e-19,1.73790901122231063e-18,9.28366640307553781e-1
0,positive,7.77000000000000024e-1,3.70000000000000000e1,8.57865966614871078e-2,1.08125004709019729e-2,1.27862859293922590e-2,6.50295162126370563e-2,9.18357058945637461e-3,1.02161382953780244e-1,1.16794701223089954e-2,5.25348759632991626e-3,5.08307095794233027e-2
0,negative,7.77000000000000024e-1,3.70000000000000000e1,1.08125004709019729e-2,8.57865966614871078e-2,6.50295162126370563e-2,1.27862859293922590e-2,1.02161382953780244e-1,9.18357058945637461e-3,1.16794701223089954e-2,5.25348759632991626e-3,5.08307095794233027e-2
0,average,7.77000000000000024e-1,3.70000000000000000e1,4.82995485661945403e-2,4.82995485661945403e-2,3.89079010710146611e-2,3.89079010710146611e-2,5.56724767716183094e-2,5.56724767716183094e-2,1.16794701223089954e-2,5.25348759632991626e-3,5.08307095794233027e-2
0,sum,7.77000000000000024e-1,3.70000000000000000e1,9.65990971323890807e-2,9.65990971323890807e-2,7.78158021420293222e-2,7.78158021420293222e-2,1.11344953543236619e-1,1.11344953543236619e-1,2.33589402446179907e-2,1.05069751926598325e-2,1.01661419158846605e-1
0,positive,7.77000000000000024e-1,1.77700000000000000e3,4.59310703807574439e-2,5.38944558762062195e-3,6.46314716037053177e-3,3.46897653961553420e-2,4.60286503266696054e-3,5.46812117373966927e-2,5.48540884208800240e-3,2.63546591053599299e-3,1.01057486975873138e-2
0,negative,7.77000000000000024e-1,1.77700000000000000e3,5.38944558762062195e-3,4.59310703807574439e-2,3.46897653961553420e-2,6.46314716037053177e-3,5.46812117373966927e-2,4.60286503266696054e-3,5.48540884208800240e-3,2.63546591053599299e-3,1.01057486975873138e-2
0,average,7.77000000000000024e-1,1.77700000000000000e3,2.56602579841890346e-2,2.56602579841890346e-2,2.05764562782629369e-2,2.05764562782629369e-2,2.96420383850318284e-2,2.96420383850318284e-2,5.48540884208800240e-3,2.63546591053599299e-3,1.01057486975873138e-2
0,sum,7.77000000000000024e-1,1.77700000000000000e3,5.13205159683780693e-2,5.13205159683780693e-2,4.11529125565258738e-2,4.11529125565258738e-2,5.92840767700636567e-2,5.92840767700636567e-2,1.09708176841760048e-2,5.27093182107198598e-3,2.02114973951746275e-2
0,positive,7.77000000000000024e-1,9.99990000000000000e4,2.86009084201761868e-2,3.16561039858208847e-3,3.83413302310060128e-3,2.15393463179674588e-2,2.70646129978285854e-3,3.40547078721721713e-2,3.09298067174506881e-3,1.52302649418289276e-3,3.02338490482632590e-3
0,negative,7.77000000000000024e-1,9.99990000000000000e4,3.16561039858208847e-3,2.86009084201761868e-2,2.15393463179674588e-2,3.83413302310060128e-3,3.40547078721721713e-2,2.70646129978285854e-3,3.09298067174506881e-3,1.52302649418289276e-3,3.02338490482632590e-3
0,average,7.77000000000000024e-1,9.99990000000000000e4,1.58832594093791385e-2,1.58832594093791385e-2,1.26867396705340300e-2,1.26867396705340300e-2,1.83805845859775149e-2,1.83805845859775149e-2,3.09298067174506881e-3,1.52302649418289276e-3,3.02338490482632590e-3
0,sum,7.77000000000000024e-1,9.99990000000000000e4,3.17665188187582770e-2,3.17665188187582770e-2,2.53734793410680601e-2,2.53734793410680601e-2,3.67611691719550299e-2,3.67611691719550299e-2,6.18596134349013761e-3,3.04605298836578553e-3,6.04676980965265180e-3
0,positive,9.74999999999999978e-1,1.00000000000000000e0,3.68366609811546166e-4,1.37443722048482913e-5,2.27523117048545427e-5,2.69395506788896782e-4,1.09257588774269981e-5,4.39936142032563537e-4,2.82574356921999790e-22,3.15748979799617391e-22,9.75220531466808337e-4
0,negative,9.74999999999999978e-1,1.00000000000000000e0,1.37443722048482913e-5,3.68366609811546166e-4,2.69395506788896782e-4,2.27523117048545427e-5,4.39936142032563537e-4,1.09257588774269981e-5,2.82574356921999790e-22,3.15748979799617391e-22,9.75220531466808337e-4
0,average,9.74999999999999978e-1,1.00000000000000000e0,1.91055491008197242e-4,1.91055491008197242e-4,1.46073909246875663e-4,1.46073909246875663e-4,2.25430950454995268e-4,2.25430950454995268e-4,2.82574356921999790e-22,3.15748979799617391e-22,9.75220531466808337e-4
0,sum,9.74999999999999978e-1,1.00000000000000000e0,3.82110982016394484e-4,3.82110982016394484e-4,2.92147818493751325e-4,2.92147818493751325e-4,4.50861900909990535e-4,4.50861900909990535e-4,5.65148713843999580e-22,6.31497959599234782e-22,1.95044106293361667e-3
0,positive,9.74999999999999978e-1,1.25000000000000000e0,3.21670613758287928e-4,1.23786523451698894e-5,2.02242770709817871e-5,2.35368741774356959e-4,9.96684918871663830e-6,3.83999743524460202e-4,-4.25762847761361178e-22,-1.56563239983697334e-22,7.23067879292981831e-4
0,negative,9.74999999999999978e-1,1.25000000000000000e0,1.23786523451698894e-5,3.21670613758287928e-4,2.35368741774356959e-4,2.02242770709817871e-5,3.83999743524460202e-4,9.96684918871663830e-6,-4.25762847761361178e-22,-1.56563239983697334e-22,7.23067879292981831e-4
0,average,9.74999999999999978e-1,1.25000000000000000e0,1.67024633051728922e-4,1.67024633051728922e-4,1.27796509422669366e-4,1.27796509422669366e-4,1.96983296356588434e-4,1.96983296356588434e-4,-4.25762847761361178e-22,-1.56563239983697334e-22,7.23067879292981831e-4
0,sum,9.74999999999999978e-1,1.25000000000000000e0,3.34049266103457845e-4,3.34049266103457845e-4,2.55593018845338732e-4,2.55593018845338732e-4,3.93966592713176867e-4,3.93966592713176867e-4,-8.51525695522722357e-22,-3.13126479967394669e-22,1.44613575858596366e-3
0,positive,9.74999999999999978e-1,1.00000000000000000e1,1.21665298988794167e-4,4.79454844355172431e-6,7.70033537903761536e-6,8.91204853113522087e-5,4.00998597097052640e-6,1.45173115296875008e-4,1.03719868364409194e-7,3.03029855613337138e-22,7.57609338494875863e-5
0,negative,9.74999999999999978e-1,1.00000000000000000e1,4.79454844355172431e-6,1.21665298988794167e-4,8.91204853113522087e-5,7.70033537903761536e-6,1.45173115296875008e-4,4.00998597097052640e-6,1.03719868364409194e-7,3.03029855613337138e-22,7.57609338494875863e-5
0,average,9.74999999999999978e-1,1.00000000000000000e1,6.32299237161729422e-5,6.32299237161729422e-5,4.84104103451949086e-5,4.84104103451949086e-5,7.45915506339227670e-5,7.45915506339227670e-5,1.03719868364409194e-7,3.03029855613337138e-22,7.57609338494875863e-5
0,sum,9.74999999999999978e-1,1.00000000000000000e1,1.26459847432345884e-4,1.26459847432345884e-4,9.68208206903898173e-5,9.68208206903898173e-5,1.49183101267845534e-4,1.49183101267845534e-4,2.07439736728818387e-7,6.06059711226674275e-22,1.51521867698975173e-4
0,positive,9.74999999999999978e-1,1.00000000000000000e2,5.76711533085884370e-5,2.12994182371115226e-6,3.49856747032501565e-6,4.22385188942228822e-5,1.80158790000124893e-6,6.88671503710155692e-5,4.63002345378924040e-8,2.79689607106554821e-8,1.22334334673374749e-5
0,negative,9.74999999999999978e-1,1.00000000000000000e2,2.12994182371115226e-6,5.76711533085884370e-5,4.22385188942228822e-5,3.49856747032501565e-6,6.88671503710155692e-5,1.80158790000124893e-6,4.63002345378924040e-8,2.79689607106554821e-8,1.22334334673374749e-5
0,average,9.74999999999999978e-1,1.00000000000000000e2,2.99005475661497929e-5,2.99005475661497929e-5,2.28685431822739489e-5,2.28685431822739489e-5,3.53343691355084125e-5,3.53343691355084125e-5,4.63002345378924040e-8,2.79689607106554821e-8,1.22334334673374749e-5
0,sum,9.74999999999999978e-1,1.00000000000000000e2,5.98010951322995859e-5,5.98010951322995859e-5,4.57370863645478978e-5,4.57370863645478978e-5,7.06687382710168249e-5,7.06687382710168249e-5,9.26004690757848080e-8,5.59379214213109643e-8,2.44668669346749498e-5
0,positive,9.74999999999999978e-1,1.00000000000000000e5,1.36368580882352747e-5,4.44585401129340057e-7,7.58410390161815492e-7,9.97556654952305675e-6,3.71940727742195492e-7,1.62898415603338939e-5,9.27578190657181739e-9,5.76163213139335127e-9,3.52438022056658851e-7
0,negative,9.74999999999999978e-1,1.00000000000000000e5,4.44585401129340057e-7,1.36368580882352747e-5,9.97556654952305675e-6,7.58410390161815492e-7,1.62898415603338939e-5,3.71940727742195492e-7,9.27578190657181739e-9,5.76163213139335127e-9,3.52438022056658851e-7
0,average,9.74999999999999978e-1,1.00000000000000000e5,7.04072174468230736e-6,7.04072174468230736e-6,5.36698846984243612e-6,5.36698846984243612e-6,8.33089114403804469e-6,8.33089114403804469e-6,9.27578190657181739e-9,5.76163213139335127e-9,3.52438022056658851e-7
0,sum,9.74999999999999978e-1,1.00000000000000000e5,1.40814434893646147e-5,1.40814434893646147e-5,1.07339769396848722e-5,1.07339769396848722e-5,1.66617822880760894e-5,1.66617822880760894e-5,1.85515638131436348e-8,1.15232642627867025e-8,7.04876044113317701e-7
0,positive,9.74999999999999978e-1,1.10000000000000009e0,3.48421584495931381e-4,1.31610391682372620e-5,2.16725250200639283e-5,2.54861826238439481e-4,1.05161846176788027e-5,4.16044310213921137e-4,-1.99741413108725475e-23,1.14012643140082750e-22,8.67519840699436905e-4
0,negative,9.74999999999999978e-1,1.10000000000000009e0,1.31610391682372620e-5,3.48421584495931381e-4,2.54861826238439481e-4,2.16725250200639283e-5,4.16044310213921137e-4,1.05161846176788027e-5,-1.99741413108725475e-23,1.14012643140082750e-22,8.67519840699436905e-4
0,average,9.74999999999999978e-1,1.10000000000000009e0,1.80791311832084322e-4,1.80791311832084322e-4,1.38267175629251698e-4,1.38267175629251698e-4,2.13280247415799970e-4,2.13280247415799970e-4,-1.99741413108725475e-23,1.14012643140082750e-22,8.67519840699436905e-4
0,sum,9.74999999999999978e-1,1.10000000000000009e0,3.61582623664168643e-4,3.61582623664168643e-4,2.76534351258503396e-4,2.76534351258503396e-4,4.26560494831599939e-4,4.26560494831599939e-4,-3.99482826217450950e-23,2.28025286280165500e-22,1.73503968139887381e-3
0,positive,9.74999999999999978e-1,3.70000000000000000e1,7.76812948001150280e-5,2.96348825398365612e-6,4.78906541633189836e-6,5.68832773302450087e-5,2.47928252478311060e-6,9.27216972551814033e-5,6.42227565469655373e-8,3.82638730617589592e-8,2.56557926944060676e-5
0,negative,9.74999999999999978e-1,3.70000000000000000e1,2.96348825398365612e-6,7.76812948001150280e-5,5.68832773302450087e-5,4.78906541633189836e-6,9.27216972551814033e-5,2.47928252478311060e-6,6.42227565469655373e-8,3.82638730617589592e-8,2.56557926944060676e-5
0,average,9.74999999999999978e-1,3.70000000000000000e1,4.03223915270493454e-5,4.03223915270493454e-5,3.08361713732884519e-5,3.08361713732884519e-5,4.76004898899822570e-5,4.76004898899822570e-5,6.42227565469655373e-8,3.82638730617589592e-8,2.56557926944060676e-5
0,sum,9.74999999999999978e-1,3.70000000000000000e1,8.06447830540986909e-5,8.06447830540986909e-5,6.16723427465769037e-5,6.16723427465769037e-5,9.52009797799645139e-5,9.52009797799645139e-5,1.28445513093931075e-7,7.65277461235179183e-8,5.13115853888121353e-5
0,positive,9.74999999999999978e-1,1.77700000000000000e3,2.86317690043463643e-5,9.97085051315393814e-7,1.66448109609466180e-6,2.09523240212952400e-5,8.36631016136898763e-7,3.41839498640884474e-5,2.12087834699552983e-8,1.30426499390393918e-8,2.15850249089295112e-6
0,negative,9.74999999999999978e-1,1.77700000000000000e3,9.97085051315393814e-7,2.86317690043463643e-5,2.09523240212952400e-5,1.66448109609466180e-6,3.41839498640884474e-5,8.36631016136898763e-7,2.12087834699552983e-8,1.30426499390393918e-8,2.15850249089295112e-6
0,average,9.74999999999999978e-1,1.77700000000000000e3,1.48144270278308791e-5,1.48144270278308791e-5,1.13084025586949501e-5,1.13084025586949501e-5,1.75102904401126748e-5,1.75102904401126748e-5,2.12087834699552983e-8,1.30426499390393918e-8,2.15850249089295112e-6
0,sum,9.74999999999999978e-1,1.77700000000000000e3,2.96288540556617581e-5,2.96288540556617581e-5,2.26168051173899001e-5,2.26168051173899001e-5,3.50205808802253496e-5,3.50205808802253496e-5,4.24175669399105966e-8,2.60852998780787836e-8,4.31700498178590225e-6
0,positive,9.74999999999999978e-1,9.99990000000000000e4,1.36368813462898705e-5,4.44586254635930582e-7,7.58411777110026258e-7,9.97558361965486893e-6,3.71941421216297487e-7,1.62898692459539292e-5,9.27579959934630443e-9,5.76164298777606397e-9,3.52439559770603722e-7
0,negative,9.74999999999999978e-1,9.99990000000000000e4,4.44586254635930582e-7,1.36368813462898705e-5,9.97558361965486893e-6,7.58411777110026258e-7,1.62898692459539292e-5,3.71941421216297487e-7,9.27579959934630443e-9,5.76164298777606397e-9,3.52439559770603722e-7
0,average,9.74999999999999978e-1,9.99990000000000000e4,7.04073380046290011e-6,7.04073380046290011e-6,5.36699769838244759e-6,5.36699769838244759e-6,8.33090533358511417e-6,8.33090533358511417e-6,9.27579959934630443e-9,5.76164298777606397e-9,3.52439559770603722e-7
0,sum,9.74999999999999978e-1,9.99990000000000000e4,1.40814676009258002e-5,1.40814676009258002e-5,1.07339953967648952e-5,1.07339953967648952e-5,1.66618106671702283e-5,1.66618106671702283e-5,1.85515991986926089e-8,1.15232859755521279e-8,7.04879119541207443e-7
1,positive,5.00000000000000028e-2,1.00000000000000000e0,3.15792997443165357e-1,3.10906996129449165e-1,2.86224996275691534e-1,3.27174997254393585e-1,2.44799996869754705e-1,5.52699993925375943e-1,2.58750004825742093e-17,-3.73200010195790744e-17,1.12899997708595684e-1
1,negative,5.00000000000000028e-2,1.00000000000000000e0,3.10906996129449165e-1,3.15792997443165357e-1,3.27174997254393585e-1,2.86224996275691534e-1,5.52699993925375943e-1,2.44799996869754705e-1,2.58750004825742093e-17,-3.73200010195790744e-17,1.12899997708595684e-1
1,average,5.00000000000000028e-2,1.00000000000000000e0,3.13349996786307261e-1,3.13349996786307261e-1,3.06699996765042560e-1,3.06699996765042560e-1,3.98749995397565338e-1,3.98749995397565338e-1,2.58750004825742093e-17,-3.73200010195790744e-17,1.12899997708595684e-1
1,sum,5.00000000000000028e-2,1.00000000000000000e0,6.26699993572614522e-1,6.26699993572614522e-1,6.13399993530085119e-1,6.13399993530085119e-1,7.97499990795130675e-1,7.97499990795130675e-1,5.17500009651484187e-17,-7.46400020391581487e-17,2.25799995417191368e-1
1,positive,5.00000000000000028e-2,1.25000000000000000e0,3.63449996849248724e-1,3.58049995632931939e-1,3.33269995771463767e-1,3.74529996682304689e-1,2.90499996348736689e-1,6.06999993423029460e-1,-2.25150005552197778e-17,-1.57700004125142246e-17,2.12699996618950615e-1
1,negative,5.00000000000000028e-2,1.25000000000000000e0,3.58049995632931939e-1,3.63449996849248724e-1,3.74529996682304689e-1,3.33269995771463767e-1,6.06999993423029460e-1,2.90499996348736689e-1,-2.25150005552197778e-17,-1.57700004125142246e-17,2.12699996618950615e-1
1,average,5.00000000000000028e-2,1.25000000000000000e0,3.60749996241090332e-1,3.60749996241090332e-1,3.53899996226884228e-1,3.53899996226884228e-1,4.48749994885883075e-1,4.48749994885883075e-1,-2.25150005552197778e-17,-1.57700004125142246e-17,2.12699996618950615e-1
1,sum,5.00000000000000028e-2,1.25000000000000000e0,7.21499992482180663e-1,7.21499992482180663e-1,7.07799992453768456e-1,7.07799992453768456e-1,8.97499989771766149e-1,8.97499989771766149e-1,-4.50300011104395556e-17,-3.15400008250284491e-17,4.25399993237901231e-1
1,positive,5.00000000000000028e-2,1.00000000000000000e1,8.02074998232169989e-1,7.84924997702258764e-1,7.61009997749583222e-1,8.09989998176749104e-1,7.10849998269060035e-1,1.07314999561712199e0,1.05950000119596255e0,-7.79999994460083633e-18,1.07900000045821032e0
1,negative,5.00000000000000028e-2,1.00000000000000000e1,7.84924997702258764e-1,8.02074998232169989e-1,8.09989998176749104e-1,7.61009997749583222e-1,1.07314999561712199e0,7.10849998269060035e-1,1.05950000119596255e0,-7.79999994460083633e-18,1.07900000045821032e0
1,average,5.00000000000000028e-2,1.00000000000000000e1,7.93499997967214377e-1,7.93499997967214377e-1,7.85499997963166163e-1,7.85499997963166163e-1,8.91999996943090956e-1,8.91999996943090956e-1,1.05950000119596255e0,-7.79999994460083633e-18,1.07900000045821032e0
1,sum,5.00000000000000028e-2,1.00000000000000000e1,1.58699999593442875e0,1.58699999593442875e0,1.57099999592633233e0,1.57099999592633233e0,1.78399999388618191e0,1.78399999388618191e0,2.11900000239192510e0,-1.55999998892016727e-17,2.15800000091642064e0
1,positive,5.00000000000000028e-2,1.00000000000000000e2,1.10702500266446013e0,1.07597500259290135e0,1.05246500267837750e0,1.11053500278365713e0,1.00005000302273039e0,1.38395000068959373e0,1.32650000530335310e0,1.90300001404114782e0,1.56900000946819285e0
1,negative,5.00000000000000028e-2,1.00000000000000000e2,1.07597500259290135e0,1.10702500266446013e0,1.11053500278365713e0,1.05246500267837750e0,1.38395000068959373e0,1.00005000302273039e0,1.32650000530335310e0,1.90300001404114782e0,1.56900000946819285e0
1,average,5.00000000000000028e-2,1.00000000000000000e2,1.09150000262868074e0,1.09150000262868074e0,1.08150000273101732e0,1.08150000273101732e0,1.19200000185616206e0,1.19200000185616206e0,1.32650000530335310e0,1.90300001404114782e0,1.56900000946819285e0
1,sum,5.00000000000000028e-2,1.00000000000000000e2,2.18300000525736149e0,2.18300000525736149e0,2.16300000546203464e0,2.16300000546203464e0,2.38400000371232412e0,2.38400000371232412e0,2.65300001060670620e0,3.80600002808229565e0,3.13800001893638569e0
1,positive,5.00000000000000028e-2,1.00000000000000000e5,1.44533001220817714e0,1.38467001277961876e0,1.36461001276159211e0,1.44139001242885278e0,1.31075001296022808e0,1.71325001140976108e0,1.60100001409326231e0,2.01100002167006364e0,1.82800002428339892e0
1,negative,5.00000000000000028e-2,1.00000000000000000e5,1.38467001277961876e0,1.44533001220817714e0,1.44139001242885278e0,1.36461001276159211e0,1.71325001140976108e0,1.31075001296022808e0,1.60100001409326231e0,2.01100002167006364e0,1.82800002428339892e0
1,average,5.00000000000000028e-2,1.00000000000000000e5,1.41500001249389795e0,1.41500001249389795e0,1.40300001259522245e0,1.40300001259522245e0,1.51200001218499458e0,1.51200001218499458e0,1.60100001409326231e0,2.01100002167006364e0,1.82800002428339892e0
1,sum,5.00000000000000028e-2,1.00000000000000000e5,2.83000002498779590e0,2.83000002498779590e0,2.80600002519044489e0,2.80600002519044489e0,3.02400002436998916e0,3.02400002436998916e0,3.20200002818652463e0,4.02200004334012728e0,3.65600004856679783e0
1,positive,5.00000000000000028e-2,1.10000000000000009e0,3.36148491274723682e-1,3.31042947774608964e-1,3.06319089671752420e-1,3.47401499358200916e-1,2.64319607191211281e-1,5.75892878886719473e-1,5.20642336044466835e-18,-2.81154579326470899e-17,1.55527067971645894e-1
1,negative,5.00000000000000028e-2,1.10000000000000009e0,3.31042947774608964e-1,3.36148491274723682e-1,3.47401499358200916e-1,3.06319089671752420e-1,5.75892878886719473e-1,2.64319607191211281e-1,5.20642336044466835e-18,-2.81154579326470899e-17,1.55527067971645894e-1
1,average,5.00000000000000028e-2,1.10000000000000009e0,3.33595719524666323e-1,3.33595719524666323e-1,3.26860294514976668e-1,3.26860294514976668e-1,4.20106243038965377e-1,4.20106243038965377e-1,5.20642336044466835e-18,-2.81154579326470899e-17,1.55527067971645894e-1
1,sum,5.00000000000000028e-2,1.10000000000000009e0,6.67191439049332646e-1,6.67191439049332646e-1,6.53720589029953336e-1,6.53720589029953336e-1,8.40212486077930754e-1,8.40212486077930754e-1,1.04128467208893367e-17,-5.62309158652941797e-17,3.11054135943291787e-1
1,positive,5.00000000000000028e-2,3.70000000000000000e1,9.94186169489351346e-1,9.68908911111781346e-1,9.45391803354361682e-1,9.99703277309260119e-1,8.93638296145408906e-1,1.27012503401712618e0,1.22845985206160191e0,1.84552615926776142e0,1.40357844608744409e0
1,negative,5.00000000000000028e-2,3.70000000000000000e1,9.68908911111781346e-1,9.94186169489351346e-1,9.99703277309260119e-1,9.45391803354361682e-1,1.27012503401712618e0,8.93638296145408906e-1,1.22845985206160191e0,1.84552615926776142e0,1.40357844608744409e0
1,average,5.00000000000000028e-2,3.70000000000000000e1,9.81547540300566346e-1,9.81547540300566346e-1,9.72547540331810900e-1,9.72547540331810900e-1,1.08188166508126749e0,1.08188166508126749e0,1.22845985206160191e0,1.84552615926776142e0,1.40357844608744409e0
1,sum,5.00000000000000028e-2,3.70000000000000000e1,1.96309508060113269e0,1.96309508060113269e0,1.94509508066362180e0,1.94509508066362180e0,2.16376333016253497e0,2.16376333016253497e0,2.45691970412320382e0,3.69105231853552285e0,2.80715689217488817e0
1,positive,5.00000000000000028e-2,1.77700000000000000e3,1.31403871205584810e0,1.26862669137752349e0,1.24719629890233086e0,1.31446910466204359e0,1.19320129922950957e0,1.58946410315793707e0,1.50094209828280634e0,1.99127028968705111e0,1.79643116684347093e0
1,negative,5.00000000000000028e-2,1.77700000000000000e3,1.26862669137752349e0,1.31403871205584810e0,1.31446910466204359e0,1.24719629890233086e0,1.58946410315793707e0,1.19320129922950957e0,1.50094209828280634e0,1.99127028968705111e0,1.79643116684347093e0
1,average,5.00000000000000028e-2,1.77700000000000000e3,1.29133270171668579e0,1.29133270171668579e0,1.28083270178218722e0,1.28083270178218722e0,1.39133270119372332e0,1.39133270119372332e0,1.50094209828280634e0,1.99127028968705111e0,1.79643116684347093e0
1,sum,5.00000000000000028e-2,1.77700000000000000e3,2.58266540343337159e0,2.58266540343337159e0,2.56166540356437444e0,2.56166540356437444e0,2.78266540238744664e0,2.78266540238744664e0,3.00188419656561267e0,3.98254057937410222e0,3.59286233368694186e0
1,positive,5.00000000000000028e-2,9.99990000000000000e4,1.44532980301983516e0,1.38466983645192743e0,1.36460983927937440e0,1.44138981875293948e0,1.31074983305274539e0,1.71324982415911498e0,1.60099987640896169e0,2.01100004920691378e0,1.82800011607291513e0
1,negative,5.00000000000000028e-2,9.99990000000000000e4,1.38466983645192743e0,1.44532980301983516e0,1.44138981875293948e0,1.36460983927937440e0,1.71324982415911498e0,1.31074983305274539e0,1.60099987640896169e0,2.01100004920691378e0,1.82800011607291513e0
1,average,5.00000000000000028e-2,9.99990000000000000e4,1.41499981973588129e0,1.41499981973588129e0,1.40299982901615694e0,1.40299982901615694e0,1.51199982860593019e0,1.51199982860593019e0,1.60099987640896169e0,2.01100004920691378e0,1.82800011607291513e0
1,sum,5.00000000000000028e-2,9.99990000000000000e4,2.82999963947176258e0,2.82999963947176258e0,2.80599965803231388e0,2.80599965803231388e0,3.02399965721186037e0,3.02399965721186037e0,3.20199975281792337e0,4.02200009841382755e0,3.65600023214583025e0
1,positive,9.50000000000000011e-2,1.00000000000000000e0,4.52610003302301722e-1,4.69690002154253272e-1,4.41755002186520918e-1,4.66845003121652391e-1,3.74700001764197044e-1,8.19300004514305513e-1,1.27249998239444449e-17,-1.19999997097567407e-17,2.83400004626008728e-1
1,negative,9.50000000000000011e-2,1.00000000000000000e0,4.69690002154253272e-1,4.52610003302301722e-1,4.66845003121652391e-1,4.41755002186520918e-1,8.19300004514305513e-1,3.74700001764197044e-1,1.27249998239444449e-17,-1.19999997097567407e-17,2.83400004626008728e-1
1,average,9.50000000000000011e-2,1.00000000000000000e0,4.61150002728277497e-1,4.61150002728277497e-1,4.54300002654086654e-1,4.54300002654086654e-1,5.97000003139251278e-1,5.97000003139251278e-1,1.27249998239444449e-17,-1.19999997097567407e-17,2.83400004626008728e-1
1,sum,9.50000000000000011e-2,1.00000000000000000e0,9.22300005456554994e-1,9.22300005456554994e-1,9.08600005308173309e-1,9.08600005308173309e-1,1.19400000627850256e0,1.19400000627850256e0,2.54499996478888898e-17,-2.39999994195134814e-17,5.66800009252017456e-1
1,positive,9.50000000000000011e-2,1.25000000000000000e0,5.08127503188223195e-1,5.15872501845170306e-1,4.88535001977970451e-1,5.20465003053113828e-1,4.21400001466651686e-1,8.71600004095728353e-1,-8.54499982630363736e-18,-6.76499989958529816e-18,3.97100004323790945e-1
1,negative,9.50000000000000011e-2,1.25000000000000000e0,5.15872501845170306e-1,5.08127503188223195e-1,5.20465003053113828e-1,4.88535001977970451e-1,8.71600004095728353e-1,4.21400001466651686e-1,-8.54499982630363736e-18,-6.76499989958529816e-18,3.97100004323790945e-1
1,average,9.50000000000000011e-2,1.25000000000000000e0,5.12000002516696751e-1,5.12000002516696751e-1,5.04500002515542167e-1,5.04500002515542167e-1,6.46500002781190020e-1,6.46500002781190020e-1,-8.54499982630363736e-18,-6.76499989958529816e-18,3.97100004323790945e-1
1,sum,9.50000000000000011e-2,1.25000000000000000e0,1.02400000503339350e0,1.02400000503339350e0,1.00900000503108433e0,1.00900000503108433e0,1.29300000556238004e0,1.29300000556238004e0,-1.70899996526072747e-17,-1.35299997991705963e-17,7.94200008647581890e-1
1,positive,9.50000000000000011e-2,1.00000000000000000e1,8.32019999852605552e-1,7.81979997714197794e-1,7.58549997977538304e-1,8.31449999585570199e-1,6.92549997802821338e-1,1.16144999955714123e0,9.71499997444805530e-1,-6.90499995973514256e-18,9.89599997102301621e-1
1,negative,9.50000000000000011e-2,1.00000000000000000e1,7.81979997714197794e-1,8.32019999852605552e-1,8.31449999585570199e-1,7.58549997977538304e-1,1.16144999955714123e0,6.92549997802821338e-1,9.71499997444805530e-1,-6.90499995973514256e-18,9.89599997102301621e-1
1,average,9.50000000000000011e-2,1.00000000000000000e1,8.06999998783401673e-1,8.06999998783401673e-1,7.94999998781554251e-1,7.94999998781554251e-1,9.26999998679981285e-1,9.26999998679981285e-1,9.71499997444805530e-1,-6.90499995973514256e-18,9.89599997102301621e-1
1,sum,9.50000000000000011e-2,1.00000000000000000e1,1.61399999756680335e0,1.61399999756680335e0,1.58999999756310850e0,1.58999999756310850e0,1.85399999735996257e0,1.85399999735996257e0,1.94299999488961106e0,-1.38099999194702851e-17,1.97919999420460324e0
1,positive,9.50000000000000011e-2,1.00000000000000000e2,9.71104996773037521e-1,8.86894994492848476e-1,8.66584994920007068e-1,9.62414996585202243e-1,8.03949994711677940e-1,1.27104999585625156e0,1.07249999447341460e0,1.31949998829524495e0,1.14499999156045451e0
1,negative,9.50000000000000011e-2,1.00000000000000000e2,8.86894994492848476e-1,9.71104996773037521e-1,9.62414996585202243e-1,8.66584994920007068e-1,1.27104999585625156e0,8.03949994711677940e-1,1.07249999447341460e0,1.31949998829524495e0,1.14499999156045451e0
1,average,9.50000000000000011e-2,1.00000000000000000e2,9.28999995632942999e-1,9.28999995632942999e-1,9.14499995752604655e-1,9.14499995752604655e-1,1.03749999528396475e0,1.03749999528396475e0,1.07249999447341460e0,1.31949998829524495e0,1.14499999156045451e0
1,sum,9.50000000000000011e-2,1.00000000000000000e2,1.85799999126588600e0,1.85799999126588600e0,1.82899999150520931e0,1.82899999150520931e0,2.07499999056792950e0,2.07499999056792950e0,2.14499998894682919e0,2.63899997659048990e0,2.28999998312090902e0
1,positive,9.50000000000000011e-2,1.00000000000000000e5,1.02674999273472856e0,8.98249990740266346e-1,8.84099990945307335e-1,1.00689999228066540e0,8.29249990985621244e-1,1.26974999105343422e0,1.07349999034166421e0,1.20399998550191412e0,1.00099998648850974e0
1,negative,9.50000000000000011e-2,1.00000000000000000e5,8.98249990740266346e-1,1.02674999273472856e0,1.00689999228066540e0,8.84099990945307335e-1,1.26974999105343422e0,8.29249990985621244e-1,1.07349999034166421e0,1.20399998550191412e0,1.00099998648850974e0
1,average,9.50000000000000011e-2,1.00000000000000000e5,9.62499991737497451e-1,9.62499991737497451e-1,9.45499991612986368e-1,9.45499991612986368e-1,1.04949999101952773e0,1.04949999101952773e0,1.07349999034166421e0,1.20399998550191412e0,1.00099998648850974e0
1,sum,9.50000000000000011e-2,1.00000000000000000e5,1.92499998347499490e0,1.92499998347499490e0,1.89099998322597274e0,1.89099998322597274e0,2.09899998203905547e0,2.09899998203905547e0,2.14699998068332842e0,2.40799997100382823e0,2.00199997297701948e0
1,positive,9.50000000000000011e-2,1.10000000000000009e0,4.76322913064874010e-1,4.89415700358081185e-1,4.61735907595215211e-1,4.89747443297390728e-1,3.94646737138303338e-1,8.41638639597030780e-1,3.64005213370851215e-18,-9.76400063990025100e-18,3.31964112130455458e-1
1,negative,9.50000000000000011e-2,1.10000000000000009e0,4.89415700358081185e-1,4.76322913064874010e-1,4.89747443297390728e-1,4.61735907595215211e-1,8.41638639597030780e-1,3.94646737138303338e-1,3.64005213370851215e-18,-9.76400063990025100e-18,3.31964112130455458e-1
1,average,9.50000000000000011e-2,1.10000000000000009e0,4.82869306711477597e-1,4.82869306711477597e-1,4.75741675446302970e-1,4.75741675446302970e-1,6.18142688367667059e-1,6.18142688367667059e-1,3.64005213370851215e-18,-9.76400063990025100e-18,3.31964112130455458e-1
1,sum,9.50000000000000011e-2,1.10000000000000009e0,9.65738613422955194e-1,9.65738613422955194e-1,9.51483350892605939e-1,9.51483350892605939e-1,1.23628537673533412e0,1.23628537673533412e0,7.28010426741702431e-18,-1.95280012798005020e-17,6.63928224260910915e-1
1,positive,9.50000000000000011e-2,3.70000000000000000e1,9.25757957149770383e-1,8.54114194118458347e-1,8.33258864087560891e-1,9.20779161272202940e-1,7.68817585470333409e-1,1.23788393659460150e0,1.04218250876207841e0,1.31991942892143332e0,1.10902376330415464e0
1,negative,9.50000000000000011e-2,3.70000000000000000e1,8.54114194118458347e-1,9.25757957149770383e-1,9.20779161272202940e-1,8.33258864087560891e-1,1.23788393659460150e0,7.68817585470333409e-1,1.04218250876207841e0,1.31991942892143332e0,1.10902376330415464e0
1,average,9.50000000000000011e-2,3.70000000000000000e1,8.89936075634114365e-1,8.89936075634114365e-1,8.77019012679881915e-1,8.77019012679881915e-1,1.00335076103246745e0,1.00335076103246745e0,1.04218250876207841e0,1.31991942892143332e0,1.10902376330415464e0
1,sum,9.50000000000000011e-2,3.70000000000000000e1,1.77987215126822873e0,1.77987215126822873e0,1.75403802535976383e0,1.75403802535976383e0,2.00670152206493491e0,2.00670152206493491e0,2.08436501752415682e0,2.63983885784286665e0,2.21804752660830928e0
1,positive,9.50000000000000011e-2,1.77700000000000000e3,1.02647856674337334e0,9.17368267976512497e-1,9.00711704372898492e-1,1.01215700874307757e0,8.40842013526553078e-1,1.29809233554216430e0,1.09849999223098105e0,1.28272971493046128e0,1.12228441335342932e0
1,negative,9.50000000000000011e-2,1.77700000000000000e3,9.17368267976512497e-1,1.02647856674337334e0,1.01215700874307757e0,9.00711704372898492e-1,1.29809233554216430e0,8.40842013526553078e-1,1.09849999223098105e0,1.28272971493046128e0,1.12228441335342932e0
1,average,9.50000000000000011e-2,1.77700000000000000e3,9.71923417359942921e-1,9.71923417359942921e-1,9.56434356557988030e-1,9.56434356557988030e-1,1.06946717453435869e0,1.06946717453435869e0,1.09849999223098105e0,1.28272971493046128e0,1.12228441335342932e0
1,sum,9.50000000000000011e-2,1.77700000000000000e3,1.94384683471988584e0,1.94384683471988584e0,1.91286871311597606e0,1.91286871311597606e0,2.13893434906871738e0,2.13893434906871738e0,2.19699998446196210e0,2.56545942986092257e0,2.24456882670685864e0
1,positive,9.50000000000000011e-2,9.99990000000000000e4,1.02675003954738742e0,8.98250072432945634e-1,8.84100074473776809e-1,1.00690005561543972e0,8.29250052484608591e-1,1.26975009477560485e0,1.07350008213119641e0,1.20400018743887682e0,1.00100029857290607e0
1,negative,9.50000000000000011e-2,9.99990000000000000e4,8.98250072432945634e-1,1.02675003954738742e0,1.00690005561543972e0,8.84100074473776809e-1,1.26975009477560485e0,8.29250052484608591e-1,1.07350008213119641e0,1.20400018743887682e0,1.00100029857290607e0
1,average,9.50000000000000011e-2,9.99990000000000000e4,9.62500055990166525e-1,9.62500055990166525e-1,9.45500065044608262e-1,9.45500065044608262e-1,1.04950007363010678e0,1.04950007363010678e0,1.07350008213119641e0,1.20400018743887682e0,1.00100029857290607e0
1,sum,9.50000000000000011e-2,9.99990000000000000e4,1.92500011198033305e0,1.92500011198033305e0,1.89100013008921652e0,1.89100013008921652e0,2.09900014726021356e0,2.09900014726021356e0,2.14700016426239282e0,2.40800037487775365e0,2.00200059714581213e0
1,positive,1.00000000000000006e-1,1.00000000000000000e0,4.65869996221341398e-1,4.78229997599637691e-1,4.50444997550724036e-1,4.79354996442500403e-1,3.81699998030569310e-1,8.37299994908836664e-1,1.20050002091603928e-17,-1.08250003378108307e-17,3.01999994690841655e-1
1,negative,1.00000000000000006e-1,1.00000000000000000e0,4.78229997599637691e-1,4.65869996221341398e-1,4.79354996442500403e-1,4.50444997550724036e-1,8.37299994908836664e-1,3.81699998030569310e-1,1.20050002091603928e-17,-1.08250003378108307e-17,3.01999994690841655e-1
1,average,1.00000000000000006e-1,1.00000000000000000e0,4.72049996910489544e-1,4.72049996910489544e-1,4.64899996996612219e-1,4.64899996996612219e-1,6.09499996469702987e-1,6.09499996469702987e-1,1.20050002091603928e-17,-1.08250003378108307e-17,3.01999994690841655e-1
1,sum,1.00000000000000006e-1,1.00000000000000000e0,9.44099993820979089e-1,9.44099993820979089e-1,9.29799993993224438e-1,9.29799993993224438e-1,1.21899999293940597e0,1.21899999293940597e0,2.40100004183207855e-17,-2.16500006756216614e-17,6.03999989381683311e-1
1,positive,1.00000000000000006e-1,1.25000000000000000e0,5.20884496378244299e-1,5.23115497986119782e-1,4.96339997817286882e-1,5.32659996544277758e-1,4.27149998403455133e-1,8.87849995428435901e-1,-7.84000020322767595e-18,-6.35500011891161296e-18,4.14399995087478379e-1
1,negative,1.00000000000000006e-1,1.25000000000000000e0,5.23115497986119782e-1,5.20884496378244299e-1,5.32659996544277758e-1,4.96339997817286882e-1,8.87849995428435901e-1,4.27149998403455133e-1,-7.84000020322767595e-18,-6.35500011891161296e-18,4.14399995087478379e-1
1,average,1.00000000000000006e-1,1.25000000000000000e0,5.21999997182182041e-1,5.21999997182182041e-1,5.14499997180782320e-1,5.14499997180782320e-1,6.57499996915945517e-1,6.57499996915945517e-1,-7.84000020322767595e-18,-6.35500011891161296e-18,4.14399995087478379e-1
1,sum,1.00000000000000006e-1,1.25000000000000000e0,1.04399999436436408e0,1.04399999436436408e0,1.02899999436156464e0,1.02899999436156464e0,1.31499999383189103e0,1.31499999383189103e0,-1.56800004064553519e-17,-1.27100002378232259e-17,8.28799990174956758e-1
1,positive,1.00000000000000006e-1,1.00000000000000000e1,8.30890000484480140e-1,7.72110003021423852e-1,7.49775002698037873e-1,8.29225000803387458e-1,6.83100002882373492e-1,1.15890000095965573e0,9.60000003649872480e-1,-6.73500005095450186e-18,9.77200003765126279e-1
1,negative,1.00000000000000006e-1,1.00000000000000000e1,7.72110003021423852e-1,8.30890000484480140e-1,8.29225000803387458e-1,7.49775002698037873e-1,1.15890000095965573e0,6.83100002882373492e-1,9.60000003649872480e-1,-6.73500005095450186e-18,9.77200003765126279e-1
1,average,1.00000000000000006e-1,1.00000000000000000e1,8.01500001752951996e-1,8.01500001752951996e-1,7.89500001750712666e-1,7.89500001750712666e-1,9.21000001921014610e-1,9.21000001921014610e-1,9.60000003649872480e-1,-6.73500005095450186e-18,9.77200003765126279e-1
1,sum,1.00000000000000006e-1,1.00000000000000000e1,1.60300000350590399e0,1.60300000350590399e0,1.57900000350142533e0,1.57900000350142533e0,1.84200000384202922e0,1.84200000384202922e0,1.92000000729974496e0,-1.34700001019090037e-17,1.95440000753025256e0
1,positive,1.00000000000000006e-1,1.00000000000000000e2,9.57255004216237992e-1,8.63745006909953483e-1,8.45200006391954139e-1,9.47800004437488686e-1,7.81750006617704329e-1,1.25325000542299225e0,1.04900000709118335e0,1.27100001427530063e0,1.11000001031173978e0
1,negative,1.00000000000000006e-1,1.00000000000000000e2,8.63745006909953483e-1,9.57255004216237992e-1,9.47800004437488686e-1,8.45200006391954139e-1,1.25325000542299225e0,7.81750006617704329e-1,1.04900000709118335e0,1.27100001427530063e0,1.11000001031173978e0
1,average,1.00000000000000006e-1,1.00000000000000000e2,9.10500005563095738e-1,9.10500005563095738e-1,8.96500005414721413e-1,8.96500005414721413e-1,1.01750000602034829e0,1.01750000602034829e0,1.04900000709118335e0,1.27100001427530063e0,1.11000001031173978e0
1,sum,1.00000000000000006e-1,1.00000000000000000e2,1.82100001112619148e0,1.82100001112619148e0,1.79300001082944283e0,1.79300001082944283e0,2.03500001204069658e0,2.03500001204069658e0,2.09800001418236670e0,2.54200002855060125e0,2.22000002062347956e0
1,positive,1.00000000000000006e-1,1.00000000000000000e5,9.96300009062810243e-1,8.59700011398656594e-1,8.46400011148379816e-1,9.74600009598078687e-1,7.91750011079876415e-1,1.23225001116208155e0,1.03350001176750994e0,1.14450001734611040e0,9.45500016195470194e-1
1,negative,1.00000000000000006e-1,1.00000000000000000e5,8.59700011398656594e-1,9.96300009062810243e-1,9.74600009598078687e-1,8.46400011148379816e-1,1.23225001116208155e0,7.91750011079876415e-1,1.03350001176750994e0,1.14450001734611040e0,9.45500016195470194e-1
1,average,1.00000000000000006e-1,1.00000000000000000e5,9.28000010230733419e-1,9.28000010230733419e-1,9.10500010373229252e-1,9.10500010373229252e-1,1.01200001112097904e0,1.01200001112097904e0,1.03350001176750994e0,1.14450001734611040e0,9.45500016195470194e-1
1,sum,1.00000000000000006e-1,1.00000000000000000e5,1.85600002046146684e0,1.85600002046146684e0,1.82100002074645850e0,1.82100002074645850e0,2.02400002224195807e0,2.02400002224195807e0,2.06700002353501988e0,2.28900003469222080e0,1.89100003239094039e0
1,positive,1.00000000000000006e-1,1.10000000000000009e0,4.89368062246185453e-1,4.97401715031071667e-1,4.70047897575229967e-1,5.02122892329467274e-1,4.01112827494534807e-1,8.58891161717182161e-1,3.52870525740409023e-18,-8.91575168563377731e-18,3.50008840049427949e-1
1,negative,1.00000000000000006e-1,1.10000000000000009e0,4.97401715031071667e-1,4.89368062246185453e-1,5.02122892329467274e-1,4.70047897575229967e-1,8.58891161717182161e-1,4.01112827494534807e-1,3.52870525740409023e-18,-8.91575168563377731e-18,3.50008840049427949e-1
1,average,1.00000000000000006e-1,1.10000000000000009e0,4.93384888638628560e-1,4.93384888638628560e-1,4.86085394952348593e-1,4.86085394952348593e-1,6.30001994605858484e-1,6.30001994605858484e-1,3.52870525740409023e-18,-8.91575168563377731e-18,3.50008840049427949e-1
1,sum,1.00000000000000006e-1,1.10000000000000009e0,9.86769777277257121e-1,9.86769777277257121e-1,9.72170789904697186e-1,9.72170789904697186e-1,1.26000398921171697e0,1.26000398921171697e0,7.05741051480818046e-18,-1.78315033712675546e-17,7.00017680098855899e-1
1,positive,1.00000000000000006e-1,3.70000000000000000e1,9.17276012593592149e-1,8.36425524433828560e-1,8.16299388410164584e-1,9.10568023243071734e-1,7.51115455684407629e-1,1.22558132853816426e0,1.02301426774401416e0,1.27466826467619043e0,1.08185314956470235e0
1,negative,1.00000000000000006e-1,3.70000000000000000e1,8.36425524433828560e-1,9.17276012593592149e-1,9.10568023243071734e-1,8.16299388410164584e-1,1.22558132853816426e0,7.51115455684407629e-1,1.02301426774401416e0,1.27466826467619043e0,1.08185314956470235e0
1,average,1.00000000000000006e-1,3.70000000000000000e1,8.76850768513710355e-1,8.76850768513710355e-1,8.63433705826618159e-1,8.63433705826618159e-1,9.88348392111285889e-1,9.88348392111285889e-1,1.02301426774401416e0,1.27466826467619043e0,1.08185314956470235e0
1,sum,1.00000000000000006e-1,3.70000000000000000e1,1.75370153702742071e0,1.75370153702742071e0,1.72686741165323632e0,1.72686741165323632e0,1.97669678422257178e0,1.97669678422257178e0,2.04602853548802832e0,2.54933652935238086e0,2.16370629912940471e0
1,positive,1.00000000000000006e-1,1.77700000000000000e3,1.00345264587005834e0,8.85437976087960266e-1,8.69043445729287489e-1,9.86890934565451516e-1,8.09820472702446281e-1,1.26917954515779297e0,1.06601094909059957e0,1.22774068381354540e0,1.07232819786663014e0
1,negative,1.00000000000000006e-1,1.77700000000000000e3,8.85437976087960266e-1,1.00345264587005834e0,9.86890934565451516e-1,8.69043445729287489e-1,1.26917954515779297e0,8.09820472702446281e-1,1.06601094909059957e0,1.22774068381354540e0,1.07232819786663014e0
1,average,1.00000000000000006e-1,1.77700000000000000e3,9.44445310979009300e-1,9.44445310979009300e-1,9.27967190147369503e-1,9.27967190147369503e-1,1.03950000893011962e0,1.03950000893011962e0,1.06601094909059957e0,1.22774068381354540e0,1.07232819786663014e0
1,sum,1.00000000000000006e-1,1.77700000000000000e3,1.88889062195801860e0,1.88889062195801860e0,1.85593438029473901e0,1.85593438029473901e0,2.07900001786023925e0,2.07900001786023925e0,2.13202189818119914e0,2.45548136762709079e0,2.14465639573326028e0
1,positive,1.00000000000000006e-1,9.99990000000000000e4,9.96300055875469326e-1,8.59700093091336104e-1,8.46400092841059770e-1,9.74600074768642521e-1,7.91750089100969889e-1,1.23225013507793757e0,1.03350012191493756e0,1.14450022846202093e0,9.45500341130393496e-1
1,negative,1.00000000000000006e-1,9.99990000000000000e4,8.59700093091336104e-1,9.96300055875469326e-1,9.74600074768642521e-1,8.46400092841059770e-1,1.23225013507793757e0,7.91750089100969889e-1,1.03350012191493756e0,1.14450022846202093e0,9.45500341130393496e-1
1,average,1.00000000000000006e-1,9.99990000000000000e4,9.28000074483402715e-1,9.28000074483402715e-1,9.10500083804851146e-1,9.10500083804851146e-1,1.01200011208945373e0,1.01200011208945373e0,1.03350012191493756e0,1.14450022846202093e0,9.45500341130393496e-1
1,sum,1.00000000000000006e-1,9.99990000000000000e4,1.85600014896680543e0,1.85600014896680543e0,1.82100016760970229e0,1.82100016760970229e0,2.02400022417890746e0,2.02400022417890746e0,2.06700024382987513e0,2.28900045692404186e0,1.89100068226078699e0
1,positive,2.00000000000000011e-1,1.00000000000000000e0,6.42449998202280437e-1,4.27550004496522806e-1,4.11000004094624005e-1,6.13999999493246351e-1,3.40350003657188926e-1,9.11650002977218543e-1,5.28500010877007986e-18,-1.73050010377023858e-18,5.56899996841853984e-1
1,negative,2.00000000000000011e-1,1.00000000000000000e0,4.27550004496522806e-1,6.42449998202280437e-1,6.13999999493246351e-1,4.11000004094624005e-1,9.11650002977218543e-1,3.40350003657188926e-1,5.28500010877007986e-18,-1.73050010377023858e-18,5.56899996841853984e-1
1,average,2.00000000000000011e-1,1.00000000000000000e0,5.35000001349401622e-1,5.35000001349401622e-1,5.12500001793935178e-1,5.12500001793935178e-1,6.26000003317203735e-1,6.26000003317203735e-1,5.28500010877007986e-18,-1.73050010377023858e-18,5.56899996841853984e-1
1,sum,2.00000000000000011e-1,1.00000000000000000e0,1.07000000269880324e0,1.07000000269880324e0,1.02500000358787036e0,1.02500000358787036e0,1.25200000663440747e0,1.25200000663440747e0,1.05700002175401597e-17,-3.46100020754047716e-18,1.11379999368370797e0
1,positive,2.00000000000000011e-1,1.25000000000000000e0,6.69549999092975745e-1,4.46450005038694919e-1,4.30750004659030961e-1,6.38250000359028569e-1,3.61850004223939703e-1,9.27150003831282099e-1,-1.60550008669078300e-18,-2.45750006405591055e-18,6.12399998591081518e-1
1,negative,2.00000000000000011e-1,1.25000000000000000e0,4.46450005038694919e-1,6.69549999092975745e-1,6.38250000359028569e-1,4.30750004659030961e-1,9.27150003831282099e-1,3.61850004223939703e-1,-1.60550008669078300e-18,-2.45750006405591055e-18,6.12399998591081518e-1
1,average,2.00000000000000011e-1,1.25000000000000000e0,5.58000002065835332e-1,5.58000002065835332e-1,5.34500002509029737e-1,5.34500002509029737e-1,6.44500004027610873e-1,6.44500004027610873e-1,-1.60550008669078300e-18,-2.45750006405591055e-18,6.12399998591081518e-1
1,sum,2.00000000000000011e-1,1.25000000000000000e0,1.11600000413167066e0,1.11600000413167066e0,1.06900000501805947e0,1.06900000501805947e0,1.28900000805522175e0,1.28900000805522175e0,-3.21100017338156600e-18,-4.91500012811182109e-18,1.22479999718216304e0
1,positive,2.00000000000000011e-1,1.00000000000000000e1,7.42050004580183664e-1,4.92950008254871508e-1,4.84150007894996237e-1,6.99850005504644823e-1,4.27400007317954966e-1,9.38600008540548369e-1,7.15500008377329300e-1,-4.24700005908561229e-18,7.09400008034958285e-1
1,negative,2.00000000000000011e-1,1.00000000000000000e1,4.92950008254871508e-1,7.42050004580183664e-1,6.99850005504644823e-1,4.84150007894996237e-1,9.38600008540548369e-1,4.27400007317954966e-1,7.15500008377329300e-1,-4.24700005908561229e-18,7.09400008034958285e-1
1,average,2.00000000000000011e-1,1.00000000000000000e1,6.17500006417527558e-1,6.17500006417527558e-1,5.92000006699820558e-1,5.92000006699820558e-1,6.83000007929251640e-1,6.83000007929251640e-1,7.15500008377329300e-1,-4.24700005908561229e-18,7.09400008034958285e-1
1,sum,2.00000000000000011e-1,1.00000000000000000e1,1.23500001283505512e0,1.23500001283505512e0,1.18400001339964112e0,1.18400001339964112e0,1.36600001585850328e0,1.36600001585850328e0,1.43100001675465860e0,-8.49400011817122457e-18,1.41880001606991657e0
1,positive,2.00000000000000011e-1,1.00000000000000000e2,7.16600007104027936e-1,4.69400009357258619e-1,4.63550009138460783e-1,6.70450007886073340e-1,4.14850008535281867e-1,8.79150010602205101e-1,6.73000010001077231e-1,6.11000013754138149e-1,6.09900010798484549e-1
1,negative,2.00000000000000011e-1,1.00000000000000000e2,4.69400009357258619e-1,7.16600007104027936e-1,6.70450007886073340e-1,4.63550009138460783e-1,8.79150010602205101e-1,4.14850008535281867e-1,6.73000010001077231e-1,6.11000013754138149e-1,6.09900010798484549e-1
1,average,2.00000000000000011e-1,1.00000000000000000e2,5.93000008230643250e-1,5.93000008230643250e-1,5.67000008512267062e-1,5.67000008512267062e-1,6.47000009568743484e-1,6.47000009568743484e-1,6.73000010001077231e-1,6.11000013754138149e-1,6.09900010798484549e-1
1,sum,2.00000000000000011e-1,1.00000000000000000e2,1.18600001646128650e0,1.18600001646128650e0,1.13400001702453412e0,1.13400001702453412e0,1.29400001913748697e0,1.29400001913748697e0,1.34600002000215446e0,1.22200002750827630e0,1.21980002159696910e0
1,positive,2.00000000000000011e-1,1.00000000000000000e5,5.90550009039570556e-1,3.70250009356321685e-1,3.69100009138544238e-1,5.45300009342879921e-1,3.33100008578744389e-1,7.05900011588488363e-1,5.32000010515233490e-1,4.54850012260351377e-1,3.58700009713321943e-1
1,negative,2.00000000000000011e-1,1.00000000000000000e5,3.70250009356321685e-1,5.90550009039570556e-1,5.45300009342879921e-1,3.69100009138544238e-1,7.05900011588488363e-1,3.33100008578744389e-1,5.32000010515233490e-1,4.54850012260351377e-1,3.58700009713321943e-1
1,average,2.00000000000000011e-1,1.00000000000000000e5,4.80400009197946121e-1,4.80400009197946121e-1,4.57200009240712080e-1,4.57200009240712080e-1,5.19500010083616348e-1,5.19500010083616348e-1,5.32000010515233490e-1,4.54850012260351377e-1,3.58700009713321943e-1
1,sum,2.00000000000000011e-1,1.00000000000000000e5,9.60800018395892241e-1,9.60800018395892241e-1,9.14400018481424159e-1,9.14400018481424159e-1,1.03900002016723270e0,1.03900002016723270e0,1.06400002103046698e0,9.09700024520702755e-1,7.17400019426643887e-1
1,positive,2.00000000000000011e-1,1.10000000000000009e0,6.54025084922812860e-1,4.35622666419160032e-1,4.19435722240377340e-1,6.24357780075120328e-1,3.49533190479041744e-1,9.18270440178595493e-1,2.34189550770384161e-18,-2.04101993069096400e-18,5.80605432713539593e-1
1,negative,2.00000000000000011e-1,1.10000000000000009e0,4.35622666419160032e-1,6.54025084922812860e-1,6.24357780075120328e-1,4.19435722240377340e-1,9.18270440178595493e-1,3.49533190479041744e-1,2.34189550770384161e-18,-2.04101993069096400e-18,5.80605432713539593e-1
1,average,2.00000000000000011e-1,1.10000000000000009e0,5.44823875670986446e-1,5.44823875670986446e-1,5.21896751157748806e-1,5.21896751157748806e-1,6.33901815328818619e-1,6.33901815328818619e-1,2.34189550770384161e-18,-2.04101993069096400e-18,5.80605432713539593e-1
1,sum,2.00000000000000011e-1,1.10000000000000009e0,1.08964775134197289e0,1.08964775134197289e0,1.04379350231549761e0,1.04379350231549761e0,1.26780363065763724e0,1.26780363065763724e0,4.68379101540768322e-18,-4.08203986138192800e-18,1.16121086542707919e0
1,positive,2.00000000000000011e-1,3.70000000000000000e1,7.31653783715014994e-1,4.82170849338542873e-1,4.75671799756992753e-1,6.86986959328163338e-1,4.23706162567265177e-1,9.06781970548792504e-1,6.93992878554409831e-1,6.39739317338437252e-1,6.56999958657004446e-1
1,negative,2.00000000000000011e-1,3.70000000000000000e1,4.82170849338542873e-1,7.31653783715014994e-1,6.86986959328163338e-1,4.75671799756992753e-1,9.06781970548792504e-1,4.23706162567265177e-1,6.93992878554409831e-1,6.39739317338437252e-1,6.56999958657004446e-1
1,average,2.00000000000000011e-1,3.70000000000000000e1,6.06912316526778906e-1,6.06912316526778906e-1,5.81329379542578017e-1,5.81329379542578017e-1,6.65244066558028813e-1,6.65244066558028813e-1,6.93992878554409831e-1,6.39739317338437252e-1,6.56999958657004446e-1
1,sum,2.00000000000000011e-1,3.70000000000000000e1,1.21382463305355781e0,1.21382463305355781e0,1.16265875908515603e0,1.16265875908515603e0,1.33048813311605763e0,1.33048813311605763e0,1.38798575710881966e0,1.27947863467687450e0,1.31399991731400889e0
1,positive,2.00000000000000011e-1,1.77700000000000000e3,6.62093958003878935e-1,4.25343637778301087e-1,4.21989261748844990e-1,6.15448334282815868e-1,3.80013006494604122e-1,7.99490228064330122e-1,6.08784436086147296e-1,5.35806317610338145e-1,4.83709788890108017e-1
1,negative,2.00000000000000011e-1,1.77700000000000000e3,4.25343637778301087e-1,6.62093958003878935e-1,6.15448334282815868e-1,4.21989261748844990e-1,7.99490228064330122e-1,3.80013006494604122e-1,6.08784436086147296e-1,5.35806317610338145e-1,4.83709788890108017e-1
1,average,2.00000000000000011e-1,1.77700000000000000e3,5.43718797891090011e-1,5.43718797891090011e-1,5.18718798015830429e-1,5.18718798015830429e-1,5.89751617279467122e-1,5.89751617279467122e-1,6.08784436086147296e-1,5.35806317610338145e-1,4.83709788890108017e-1
1,sum,2.00000000000000011e-1,1.77700000000000000e3,1.08743759578218002e0,1.08743759578218002e0,1.03743759603166086e0,1.03743759603166086e0,1.17950323455893424e0,1.17950323455893424e0,1.21756887217229459e0,1.07161263522067629e0,9.67419577780216033e-1
1,positive,2.00000000000000011e-1,9.99990000000000000e4,5.90550171507033927e-1,3.70250131436394625e-1,3.69100129382826714e-1,5.45300168138762587e-1,3.33100113218807226e-1,7.05900219032820964e-1,5.32000184915335295e-1,4.54850186660455846e-1,3.58700263052420754e-1
1,negative,2.00000000000000011e-1,9.99990000000000000e4,3.70250131436394625e-1,5.90550171507033927e-1,5.45300168138762587e-1,3.69100129382826714e-1,7.05900219032820964e-1,3.33100113218807226e-1,5.32000184915335295e-1,4.54850186660455846e-1,3.58700263052420754e-1
1,average,2.00000000000000011e-1,9.99990000000000000e4,4.80400151471714276e-1,4.80400151471714276e-1,4.57200148760794622e-1,4.57200148760794622e-1,5.19500166125814067e-1,5.19500166125814067e-1,5.32000184915335295e-1,4.54850186660455846e-1,3.58700263052420754e-1
1,sum,2.00000000000000011e-1,9.99990000000000000e4,9.60800302943428552e-1,9.60800302943428552e-1,9.14400297521589245e-1,9.14400297521589245e-1,1.03900033225162813e0,1.03900033225162813e0,1.06400036983067059e0,9.09700373320911693e-1,7.17400526104841507e-1
1,positive,2.25000000000000006e-1,1.00000000000000000e0,6.54000001614227111e-1,3.85999989793542886e-1,3.72799990664887226e-1,6.13499998650403500e-1,3.06499991580431785e-1,8.83499992962978986e-1,4.54749986213362677e-18,-9.65999826194246193e-19,5.79500004251514045e-1
1,negative,2.25000000000000006e-1,1.00000000000000000e0,3.85999989793542886e-1,6.54000001614227111e-1,6.13499998650403500e-1,3.72799990664887226e-1,8.83499992962978986e-1,3.06499991580431785e-1,4.54749986213362677e-18,-9.65999826194246193e-19,5.79500004251514045e-1
1,average,2.25000000000000006e-1,1.00000000000000000e0,5.19999995703884998e-1,5.19999995703884998e-1,4.93149994657645363e-1,4.93149994657645363e-1,5.94999992271705413e-1,5.94999992271705413e-1,4.54749986213362677e-18,-9.65999826194246193e-19,5.79500004251514045e-1
1,sum,2.25000000000000006e-1,1.00000000000000000e0,1.03999999140777000e0,1.03999999140777000e0,9.86299989315290726e-1,9.86299989315290726e-1,1.18999998454341083e0,1.18999998454341083e0,9.09499972426725353e-18,-1.93199965238849239e-18,1.15900000850302809e0
1,positive,2.25000000000000006e-1,1.25000000000000000e0,6.73149999754538930e-1,4.00849989063142287e-1,3.88599989950942915e-1,6.30399996987914157e-1,3.24399990859208065e-1,8.92599991589773323e-1,-9.31999843535629706e-19,-2.00999991770000884e-18,6.20000000643727289e-1
1,negative,2.25000000000000006e-1,1.25000000000000000e0,4.00849989063142287e-1,6.73149999754538930e-1,6.30399996987914157e-1,3.88599989950942915e-1,8.92599991589773323e-1,3.24399990859208065e-1,-9.31999843535629706e-19,-2.00999991770000884e-18,6.20000000643727289e-1
1,average,2.25000000000000006e-1,1.25000000000000000e0,5.36999994408840609e-1,5.36999994408840609e-1,5.09499993469428536e-1,5.09499993469428536e-1,6.08499991224490722e-1,6.08499991224490722e-1,-9.31999843535629706e-19,-2.00999991770000884e-18,6.20000000643727289e-1
1,sum,2.25000000000000006e-1,1.25000000000000000e0,1.07399998881768122e0,1.07399998881768122e0,1.01899998693885707e0,1.01899998693885707e0,1.21699998244898144e0,1.21699998244898144e0,-1.86399968707125941e-18,-4.01999983540001769e-18,1.24000000128745458e0
1,positive,2.25000000000000006e-1,1.00000000000000000e1,7.02649990202371066e-1,4.27349985457838810e-1,4.21449986119982967e-1,6.52549988474269815e-1,3.69499987078704129e-1,8.69499984286173921e-1,6.54499987901279057e-1,-3.85499993395139187e-18,6.43799984923102753e-1
1,negative,2.25000000000000006e-1,1.00000000000000000e1,4.27349985457838810e-1,7.02649990202371066e-1,6.52549988474269815e-1,4.21449986119982967e-1,8.69499984286173921e-1,3.69499987078704129e-1,6.54499987901279057e-1,-3.85499993395139187e-18,6.43799984923102753e-1
1,average,2.25000000000000006e-1,1.00000000000000000e1,5.64999987830104966e-1,5.64999987830104966e-1,5.36999987297126391e-1,5.36999987297126391e-1,6.19499985682439025e-1,6.19499985682439025e-1,6.54499987901279057e-1,-3.85499993395139187e-18,6.43799984923102753e-1
1,sum,2.25000000000000006e-1,1.00000000000000000e1,1.12999997566020993e0,1.12999997566020993e0,1.07399997459425278e0,1.07399997459425278e0,1.23899997136487805e0,1.23899997136487805e0,1.30899997580255811e0,-7.70999986790278374e-18,1.28759996984620551e0
1,positive,2.25000000000000006e-1,1.00000000000000000e2,6.58349986438434343e-1,3.97649984566199155e-1,3.94649985223470834e-1,6.07349985428314865e-1,3.50399986273349728e-1,7.96599981823172820e-1,5.98999984635828597e-1,5.07999978027246279e-1,5.27299982126448352e-1
1,negative,2.25000000000000006e-1,1.00000000000000000e2,3.97649984566199155e-1,6.58349986438434343e-1,6.07349985428314865e-1,3.94649985223470834e-1,7.96599981823172820e-1,3.50399986273349728e-1,5.98999984635828597e-1,5.07999978027246279e-1,5.27299982126448352e-1
1,average,2.25000000000000006e-1,1.00000000000000000e2,5.27999985502316749e-1,5.27999985502316749e-1,5.00999985325892849e-1,5.00999985325892849e-1,5.73499984048261302e-1,5.73499984048261302e-1,5.98999984635828597e-1,5.07999978027246279e-1,5.27299982126448352e-1
1,sum,2.25000000000000006e-1,1.00000000000000000e2,1.05599997100463350e0,1.05599997100463350e0,1.00199997065178570e0,1.00199997065178570e0,1.14699996809652260e0,1.14699996809652260e0,1.19799996927165719e0,1.01599995605449256e0,1.05459996425289670e0
1,positive,2.25000000000000006e-1,1.00000000000000000e5,5.20999984760564971e-1,3.02599986170321467e-1,3.03499986540173405e-1,4.74199984524566354e-1,2.71549987463885700e-1,6.19049981492924339e-1,4.53949983585807459e-1,3.64899981300828513e-1,2.89699985988305653e-1
1,negative,2.25000000000000006e-1,1.00000000000000000e5,3.02599986170321467e-1,5.20999984760564971e-1,4.74199984524566354e-1,3.03499986540173405e-1,6.19049981492924339e-1,2.71549987463885700e-1,4.53949983585807459e-1,3.64899981300828513e-1,2.89699985988305653e-1
1,average,2.25000000000000006e-1,1.00000000000000000e5,4.11799985465443219e-1,4.11799985465443219e-1,3.88849985532369880e-1,3.88849985532369880e-1,4.45299984478405020e-1,4.45299984478405020e-1,4.53949983585807459e-1,3.64899981300828513e-1,2.89699985988305653e-1
1,sum,2.25000000000000006e-1,1.00000000000000000e5,8.23599970930886438e-1,8.23599970930886438e-1,7.77699971064739759e-1,7.77699971064739759e-1,8.90599968956810040e-1,8.90599968956810040e-1,9.07899967171614919e-1,7.29799962601657026e-1,5.79399971976611305e-1
1,positive,2.25000000000000006e-1,1.10000000000000009e0,6.62179443750269714e-1,3.92342795095976415e-1,3.79548564683688749e-1,6.20718409716976671e-1,3.14145528006242014e-1,8.87386829486960016e-1,2.20706878487746176e-18,-1.41191832059444512e-18,5.96798563477099586e-1
1,negative,2.25000000000000006e-1,1.10000000000000009e0,3.92342795095976415e-1,6.62179443750269714e-1,6.20718409716976671e-1,3.79548564683688749e-1,8.87386829486960016e-1,3.14145528006242014e-1,2.20706878487746176e-18,-1.41191832059444512e-18,5.96798563477099586e-1
1,average,2.25000000000000006e-1,1.10000000000000009e0,5.27261119423123037e-1,5.27261119423123037e-1,5.00133487200332683e-1,5.00133487200332683e-1,6.00766178746600987e-1,6.00766178746600987e-1,2.20706878487746176e-18,-1.41191832059444512e-18,5.96798563477099586e-1
1,sum,2.25000000000000006e-1,1.10000000000000009e0,1.05452223884624607e0,1.05452223884624607e0,1.00026697440066537e0,1.00026697440066537e0,1.20153235749320197e0,1.20153235749320197e0,4.41413756975492353e-18,-2.82383664118889023e-18,1.19359712695419917e0
1,positive,2.25000000000000006e-1,3.70000000000000000e1,6.79492856713246440e-1,4.11995230810462520e-1,4.07937175493420956e-1,6.28550911479678898e-1,3.60871777578350761e-1,8.28279803997794994e-1,6.23907540607850364e-1,5.35822218646356374e-1,5.78230729017945255e-1
1,negative,2.25000000000000006e-1,3.70000000000000000e1,4.11995230810462520e-1,6.79492856713246440e-1,6.28550911479678898e-1,4.07937175493420956e-1,8.28279803997794994e-1,3.60871777578350761e-1,6.23907540607850364e-1,5.35822218646356374e-1,5.78230729017945255e-1
1,average,2.25000000000000006e-1,3.70000000000000000e1,5.45744043761854480e-1,5.45744043761854480e-1,5.18244043486549955e-1,5.18244043486549955e-1,5.94575790788072878e-1,5.94575790788072878e-1,6.23907540607850364e-1,5.35822218646356374e-1,5.78230729017945255e-1
1,sum,2.25000000000000006e-1,3.70000000000000000e1,1.09148808752370896e0,1.09148808752370896e0,1.03648808697309991e0,1.03648808697309991e0,1.18915158157614576e0,1.18915158157614576e0,1.24781508121570073e0,1.07164443729271275e0,1.15646145803589051e0
1,positive,2.25000000000000006e-1,1.77700000000000000e3,5.95121283150011116e-1,3.53638143423180618e-1,3.52831580272842227e-1,5.45612530984585731e-1,3.15304232577087062e-1,7.12198949251261815e-1,5.30284408967057308e-1,4.37433310886341853e-1,4.03481318638932884e-1
1,negative,2.25000000000000006e-1,1.77700000000000000e3,3.53638143423180618e-1,5.95121283150011116e-1,5.45612530984585731e-1,3.52831580272842227e-1,7.12198949251261815e-1,3.15304232577087062e-1,5.30284408967057308e-1,4.37433310886341853e-1,4.03481318638932884e-1
1,average,2.25000000000000006e-1,1.77700000000000000e3,4.74379713286595894e-1,4.74379713286595894e-1,4.49222055628713979e-1,4.49222055628713979e-1,5.13751590914174439e-1,5.13751590914174439e-1,5.30284408967057308e-1,4.37433310886341853e-1,4.03481318638932884e-1
1,sum,2.25000000000000006e-1,1.77700000000000000e3,9.48759426573191789e-1,9.48759426573191789e-1,8.98444111257427958e-1,8.98444111257427958e-1,1.02750318182834888e0,1.02750318182834888e0,1.06056881793411462e0,8.74866621772683706e-1,8.06962637277865769e-1
1,positive,2.25000000000000006e-1,9.99990000000000000e4,5.21000149063818196e-1,3.02600099071436812e-1,3.03500095769708322e-1,4.74200141484656668e-1,2.71550083842887258e-1,6.19050182511987956e-1,4.53950148806955778e-1,3.64900134589334735e-1,2.89700209954745602e-1
1,negative,2.25000000000000006e-1,9.99990000000000000e4,3.02600099071436812e-1,5.21000149063818196e-1,4.74200141484656668e-1,3.03500095769708322e-1,6.19050182511987956e-1,2.71550083842887258e-1,4.53950148806955778e-1,3.64900134589334735e-1,2.89700209954745602e-1
1,average,2.25000000000000006e-1,9.99990000000000000e4,4.11800124067627504e-1,4.11800124067627504e-1,3.88850118627182495e-1,3.88850118627182495e-1,4.45300133177437607e-1,4.45300133177437607e-1,4.53950148806955778e-1,3.64900134589334735e-1,2.89700209954745602e-1
1,sum,2.25000000000000006e-1,9.99990000000000000e4,8.23600248135255009e-1,8.23600248135255009e-1,7.77700237254364990e-1,7.77700237254364990e-1,8.90600266354875214e-1,8.90600266354875214e-1,9.07900297613911555e-1,7.29800269178669470e-1,5.79400419909491204e-1
1,positive,3.49999999999999978e-1,1.00000000000000000e0,5.55449992190557351e-1,2.08849994134008010e-1,2.09949994626575709e-1,4.83749991612925312e-1,1.63399995348387894e-1,6.84399991503025995e-1,2.55549996862286452e-18,1.19500010229149786e-18,5.18499993675808235e-1
1,negative,3.49999999999999978e-1,1.00000000000000000e0,2.08849994134008010e-1,5.55449992190557351e-1,4.83749991612925312e-1,2.09949994626575709e-1,6.84399991503025995e-1,1.63399995348387894e-1,2.55549996862286452e-18,1.19500010229149786e-18,5.18499993675808235e-1
1,average,3.49999999999999978e-1,1.00000000000000000e0,3.82149993162282708e-1,3.82149993162282708e-1,3.46849993119750510e-1,3.46849993119750510e-1,4.23899993425706945e-1,4.23899993425706945e-1,2.55549996862286452e-18,1.19500010229149786e-18,5.18499993675808235e-1
1,sum,3.49999999999999978e-1,1.00000000000000000e0,7.64299986324565417e-1,7.64299986324565417e-1,6.93699986239501021e-1,6.93699986239501021e-1,8.47799986851413889e-1,8.47799986851413889e-1,5.11099993724572903e-18,2.39000020458299572e-18,1.03699998735161647e0
1,positive,3.49999999999999978e-1,1.25000000000000000e0,5.49849991638274971e-1,2.14149993848185421e-1,2.15899994315436938e-1,4.79199991148503757e-1,1.71299995044992270e-1,6.74899990935257210e-1,8.69500059647549979e-19,-1.28600003850050086e-18,5.12099992600850706e-1
1,negative,3.49999999999999978e-1,1.25000000000000000e0,2.14149993848185421e-1,5.49849991638274971e-1,4.79199991148503757e-1,2.15899994315436938e-1,6.74899990935257210e-1,1.71299995044992270e-1,8.69500059647549979e-19,-1.28600003850050086e-18,5.12099992600850706e-1
1,average,3.49999999999999978e-1,1.25000000000000000e0,3.81999992743230210e-1,3.81999992743230210e-1,3.47549992731970347e-1,3.47549992731970347e-1,4.23099992990124740e-1,4.23099992990124740e-1,8.69500059647549979e-19,-1.28600003850050086e-18,5.12099992600850706e-1
1,sum,3.49999999999999978e-1,1.25000000000000000e0,7.63999985486460420e-1,7.63999985486460420e-1,6.95099985463940695e-1,6.95099985463940695e-1,8.46199985980249481e-1,8.46199985980249481e-1,1.73900011929509996e-18,-2.57200007700100172e-18,1.02419998520170141e0
1,positive,3.49999999999999978e-1,1.00000000000000000e1,4.72099989976528134e-1,2.04799993211269266e-1,2.09049993493168274e-1,4.10549989997143261e-1,1.75899994198447318e-1,5.71599988990723062e-1,3.81699990007898060e-1,-2.65899999104855598e-18,3.75999990525625938e-1
1,negative,3.49999999999999978e-1,1.00000000000000000e1,2.04799993211269266e-1,4.72099989976528134e-1,4.10549989997143261e-1,2.09049993493168274e-1,5.71599988990723062e-1,1.75899994198447318e-1,3.81699990007898060e-1,-2.65899999104855598e-18,3.75999990525625938e-1
1,average,3.49999999999999978e-1,1.00000000000000000e1,3.38449991593898714e-1,3.38449991593898714e-1,3.09799991745155767e-1,3.09799991745155767e-1,3.73749991594585218e-1,3.73749991594585218e-1,3.81699990007898060e-1,-2.65899999104855598e-18,3.75999990525625938e-1
1,sum,3.49999999999999978e-1,1.00000000000000000e1,6.76899983187797427e-1,6.76899983187797427e-1,6.19599983490311534e-1,6.19599983490311534e-1,7.47499983189170436e-1,7.47499983189170436e-1,7.63399980015796120e-1,-5.31799998209711196e-18,7.51999981051251876e-1
1,positive,3.49999999999999978e-1,1.00000000000000000e2,4.00099990164875963e-1,1.75899993570762025e-1,1.80899993785896329e-1,3.45699990423111225e-1,1.54449994406191782e-1,4.82449989013330360e-1,3.11549990119060483e-1,1.95499991306560345e-1,2.59099991788412698e-1
1,negative,3.49999999999999978e-1,1.00000000000000000e2,1.75899993570762025e-1,4.00099990164875963e-1,3.45699990423111225e-1,1.80899993785896329e-1,4.82449989013330360e-1,1.54449994406191782e-1,3.11549990119060483e-1,1.95499991306560345e-1,2.59099991788412698e-1
1,average,3.49999999999999978e-1,1.00000000000000000e2,2.87999991867818994e-1,2.87999991867818994e-1,2.63299992104503777e-1,2.63299992104503777e-1,3.18449991709761071e-1,3.18449991709761071e-1,3.11549990119060483e-1,1.95499991306560345e-1,2.59099991788412698e-1
1,sum,3.49999999999999978e-1,1.00000000000000000e2,5.75999983735637988e-1,5.75999983735637988e-1,5.26599984209007554e-1,5.26599984209007554e-1,6.36899983419522142e-1,6.36899983419522142e-1,6.23099980238120965e-1,3.90999982613120689e-1,5.18199983576825396e-1
1,positive,3.49999999999999978e-1,1.00000000000000000e5,2.74449991869807786e-1,1.16849995010109106e-1,1.22049995115843926e-1,2.33449992319343658e-1,1.04999995632585219e-1,3.29699990582754121e-1,1.96999992008987629e-1,1.21949993794130046e-1,1.08099995289821893e-1
1,negative,3.49999999999999978e-1,1.00000000000000000e5,1.16849995010109106e-1,2.74449991869807786e-1,2.33449992319343658e-1,1.22049995115843926e-1,3.29699990582754121e-1,1.04999995632585219e-1,1.96999992008987629e-1,1.21949993794130046e-1,1.08099995289821893e-1
1,average,3.49999999999999978e-1,1.00000000000000000e5,1.95649993439958453e-1,1.95649993439958453e-1,1.77749993717593785e-1,1.77749993717593785e-1,2.17349993107669670e-1,2.17349993107669670e-1,1.96999992008987629e-1,1.21949993794130046e-1,1.08099995289821893e-1
1,sum,3.49999999999999978e-1,1.00000000000000000e5,3.91299986879916906e-1,3.91299986879916906e-1,3.55499987435187570e-1,3.55499987435187570e-1,4.34699986215339340e-1,4.34699986215339340e-1,3.93999984017975258e-1,2.43899987588260092e-1,2.16199990579643786e-1
1,positive,3.49999999999999978e-1,1.10000000000000009e0,5.53058092194349094e-1,2.11113756285080917e-1,2.12491387989014874e-1,4.81806572859303506e-1,1.66774282380672434e-1,6.80342304167126821e-1,1.83536732966418786e-18,1.35303023344888740e-19,5.15766393490593167e-1
1,negative,3.49999999999999978e-1,1.10000000000000009e0,2.11113756285080917e-1,5.53058092194349094e-1,4.81806572859303506e-1,2.12491387989014874e-1,6.80342304167126821e-1,1.66774282380672434e-1,1.83536732966418786e-18,1.35303023344888740e-19,5.15766393490593167e-1
1,average,3.49999999999999978e-1,1.10000000000000009e0,3.82085924239714991e-1,3.82085924239714991e-1,3.47148980424159204e-1,3.47148980424159204e-1,4.23558293273899600e-1,4.23558293273899600e-1,1.83536732966418786e-18,1.35303023344888740e-19,5.15766393490593167e-1
1,sum,3.49999999999999978e-1,1.10000000000000009e0,7.64171848479429983e-1,7.64171848479429983e-1,6.94297960848318407e-1,6.94297960848318407e-1,8.47116586547799200e-1,8.47116586547799200e-1,3.67073465932837573e-18,2.70606046689777480e-19,1.03153278698118633e0
1,positive,3.49999999999999978e-1,3.70000000000000000e1,4.28571755348180705e-1,1.88045239422423460e-1,1.92845477360491679e-1,3.71372944009668415e-1,1.63896428819498063e-1,5.17452314454276308e-1,3.38797111900698389e-1,2.12809684962312340e-1,3.03147800429995395e-1
1,negative,3.49999999999999978e-1,3.70000000000000000e1,1.88045239422423460e-1,4.28571755348180705e-1,3.71372944009668415e-1,1.92845477360491679e-1,5.17452314454276308e-1,1.63896428819498063e-1,3.38797111900698389e-1,2.12809684962312340e-1,3.03147800429995395e-1
1,average,3.49999999999999978e-1,3.70000000000000000e1,3.08308497385302083e-1,3.08308497385302083e-1,2.82109210685080047e-1,2.82109210685080047e-1,3.40674371636887185e-1,3.40674371636887185e-1,3.38797111900698389e-1,2.12809684962312340e-1,3.03147800429995395e-1
1,sum,3.49999999999999978e-1,3.70000000000000000e1,6.16616994770604165e-1,6.16616994770604165e-1,5.64218421370160095e-1,5.64218421370160095e-1,6.81348743273774371e-1,6.81348743273774371e-1,6.77594223801396778e-1,4.25619369924624680e-1,6.06295600859990791e-1
1,positive,3.49999999999999978e-1,1.77700000000000000e3,3.35499410147220567e-1,1.46068140198505059e-1,1.51319234302691979e-1,2.87822061912271110e-1,1.29948449894148055e-1,4.03654106119161915e-1,2.51427531287122086e-1,1.56947674990498998e-1,1.72404110019474643e-1
1,negative,3.49999999999999978e-1,1.77700000000000000e3,1.46068140198505059e-1,3.35499410147220567e-1,2.87822061912271110e-1,1.51319234302691979e-1,4.03654106119161915e-1,1.29948449894148055e-1,2.51427531287122086e-1,1.56947674990498998e-1,1.72404110019474643e-1
1,average,3.49999999999999978e-1,1.77700000000000000e3,2.40783775172862813e-1,2.40783775172862813e-1,2.19570648107481559e-1,2.19570648107481559e-1,2.66801278006654985e-1,2.66801278006654985e-1,2.51427531287122086e-1,1.56947674990498998e-1,1.72404110019474643e-1
1,sum,3.49999999999999978e-1,1.77700000000000000e3,4.81567550345725626e-1,4.81567550345725626e-1,4.39141296214963117e-1,4.39141296214963117e-1,5.33602556013309970e-1,5.33602556013309970e-1,5.02855062574244172e-1,3.13895349980997995e-1,3.44808220038949287e-1
1,positive,3.49999999999999978e-1,9.99990000000000000e4,2.74450118539353083e-1,1.16850055591195393e-1,1.22050056614825431e-1,2.33450103384669705e-1,1.05000047952613765e-1,3.29700142035472155e-1,1.97000102156417750e-1,1.21950064472063496e-1,1.08100112780413135e-1
1,negative,3.49999999999999978e-1,9.99990000000000000e4,1.16850055591195393e-1,2.74450118539353083e-1,2.33450103384669705e-1,1.22050056614825431e-1,3.29700142035472155e-1,1.05000047952613765e-1,1.97000102156417750e-1,1.21950064472063496e-1,1.08100112780413135e-1
1,average,3.49999999999999978e-1,9.99990000000000000e4,1.95650087065274231e-1,1.95650087065274231e-1,1.77750079999747568e-1,1.77750079999747568e-1,2.17350094994042953e-1,2.17350094994042953e-1,1.97000102156417750e-1,1.21950064472063496e-1,1.08100112780413135e-1
1,sum,3.49999999999999978e-1,9.99990000000000000e4,3.91300174130548462e-1,3.91300174130548462e-1,3.55500159999495136e-1,3.55500159999495136e-1,4.34700189988085905e-1,4.34700189988085905e-1,3.94000204312835500e-1,2.43900128944126993e-1,2.16200225560826270e-1
1,positive,5.00000000000000000e-1,1.00000000000000000e0,3.52650000000000019e-1,1.02250000000000008e-1,1.09599999999999961e-1,2.85299999999999943e-1,8.03999999999999992e-2,4.65099999999999958e-1,1.90450000000000015e-18,2.40950000000000016e-18,3.42399999999999982e-1
1,negative,5.00000000000000000e-1,1.00000000000000000e0,1.02250000000000008e-1,3.52650000000000019e-1,2.85299999999999943e-1,1.09599999999999961e-1,4.65099999999999958e-1,8.03999999999999992e-2,1.90450000000000015e-18,2.40950000000000016e-18,3.42399999999999982e-1
1,average,5.00000000000000000e-1,1.00000000000000000e0,2.27450000000000013e-1,2.27450000000000013e-1,1.97449999999999959e-1,1.97449999999999959e-1,2.72749999999999992e-1,2.72749999999999992e-1,1.90450000000000015e-18,2.40950000000000016e-18,3.42399999999999982e-1
1,sum,5.00000000000000000e-1,1.00000000000000000e0,4.54900000000000027e-1,4.54900000000000027e-1,3.94899999999999918e-1,3.94899999999999918e-1,5.45499999999999985e-1,5.45499999999999985e-1,3.80900000000000030e-18,4.81900000000000032e-18,6.84799999999999964e-1
1,positive,5.00000000000000000e-1,1.25000000000000000e0,3.43049999999999966e-1,1.03249999999999981e-1,1.10600000000000004e-1,2.78000000000000025e-1,8.31999999999999962e-2,4.48900000000000021e-1,1.17800000000000001e-18,-2.19600000000000010e-18,3.28500000000000014e-1
1,negative,5.00000000000000000e-1,1.25000000000000000e0,1.03249999999999981e-1,3.43049999999999966e-1,2.78000000000000025e-1,1.10600000000000004e-1,4.48900000000000021e-1,8.31999999999999962e-2,1.17800000000000001e-18,-2.19600000000000010e-18,3.28500000000000014e-1
1,average,5.00000000000000000e-1,1.25000000000000000e0,2.23149999999999959e-1,2.23149999999999959e-1,1.94300000000000028e-1,1.94300000000000028e-1,2.66050000000000009e-1,2.66050000000000009e-1,1.17800000000000001e-18,-2.19600000000000010e-18,3.28500000000000014e-1
1,sum,5.00000000000000000e-1,1.25000000000000000e0,4.46299999999999919e-1,4.46299999999999919e-1,3.88600000000000056e-1,3.88600000000000056e-1,5.32100000000000017e-1,5.32100000000000017e-1,2.35600000000000002e-18,-4.39200000000000020e-18,6.57000000000000028e-1
1,positive,5.00000000000000000e-1,1.00000000000000000e1,2.65600000000000003e-1,8.70000000000000079e-2,9.43500000000000033e-2,2.14749999999999996e-1,7.63500000000000012e-2,3.34250000000000047e-1,1.55799999999999994e-1,-2.14399999999999992e-18,1.99300000000000005e-1
1,negative,5.00000000000000000e-1,1.00000000000000000e1,8.70000000000000079e-2,2.65600000000000003e-1,2.14749999999999996e-1,9.43500000000000033e-2,3.34250000000000047e-1,7.63500000000000012e-2,1.55799999999999994e-1,-2.14399999999999992e-18,1.99300000000000005e-1
1,average,5.00000000000000000e-1,1.00000000000000000e1,1.76300000000000012e-1,1.76300000000000012e-1,1.54549999999999993e-1,1.54549999999999993e-1,2.05300000000000038e-1,2.05300000000000038e-1,1.55799999999999994e-1,-2.14399999999999992e-18,1.99300000000000005e-1
1,sum,5.00000000000000000e-1,1.00000000000000000e1,3.52600000000000025e-1,3.52600000000000025e-1,3.09099999999999986e-1,3.09099999999999986e-1,4.10600000000000076e-1,4.10600000000000076e-1,3.11599999999999988e-1,-4.28799999999999983e-18,3.98600000000000010e-1
1,positive,5.00000000000000000e-1,1.00000000000000000e2,2.10749999999999993e-1,6.79499999999999965e-2,7.48799999999999744e-2,1.69020000000000004e-1,6.16500000000000103e-2,2.59750000000000036e-1,1.13549999999999998e-1,5.77500000000000027e-2,1.17300000000000001e-1
1,negative,5.00000000000000000e-1,1.00000000000000000e2,6.79499999999999965e-2,2.10749999999999993e-1,1.69020000000000004e-1,7.48799999999999744e-2,2.59750000000000036e-1,6.16500000000000103e-2,1.13549999999999998e-1,5.77500000000000027e-2,1.17300000000000001e-1
1,average,5.00000000000000000e-1,1.00000000000000000e2,1.39350000000000002e-1,1.39350000000000002e-1,1.21949999999999989e-1,1.21949999999999989e-1,1.60700000000000010e-1,1.60700000000000010e-1,1.13549999999999998e-1,5.77500000000000027e-2,1.17300000000000001e-1
1,sum,5.00000000000000000e-1,1.00000000000000000e2,2.78700000000000003e-1,2.78700000000000003e-1,2.43899999999999978e-1,2.43899999999999978e-1,3.21400000000000019e-1,3.21400000000000019e-1,2.27099999999999996e-1,1.15500000000000005e-1,2.34600000000000003e-1
1,positive,5.00000000000000000e-1,1.00000000000000000e5,1.29154999999999992e-1,3.80449999999999885e-2,4.36100000000000029e-2,1.01489999999999997e-1,3.62499999999999975e-2,1.54049999999999992e-1,5.89999999999999969e-2,3.10999999999999992e-2,3.54599999999999985e-2
1,negative,5.00000000000000000e-1,1.00000000000000000e5,3.80449999999999885e-2,1.29154999999999992e-1,1.01489999999999997e-1,4.36100000000000029e-2,1.54049999999999992e-1,3.62499999999999975e-2,5.89999999999999969e-2,3.10999999999999992e-2,3.54599999999999985e-2
1,average,5.00000000000000000e-1,1.00000000000000000e5,8.35999999999999938e-2,8.35999999999999938e-2,7.25500000000000034e-2,7.25500000000000034e-2,9.51499999999999985e-2,9.51499999999999985e-2,5.89999999999999969e-2,3.10999999999999992e-2,3.54599999999999985e-2
1,sum,5.00000000000000000e-1,1.00000000000000000e5,1.67199999999999988e-1,1.67199999999999988e-1,1.45100000000000007e-1,1.45100000000000007e-1,1.90299999999999997e-1,1.90299999999999997e-1,1.17999999999999994e-1,6.21999999999999983e-2,7.09199999999999969e-2
1,positive,5.00000000000000000e-1,1.10000000000000009e0,3.48549600410889171e-1,1.02677124957199051e-1,1.10027124957199032e-1,2.82181987812446966e-1,8.15959498801573091e-2,4.58180575693375447e-1,1.59419371859489340e-18,4.42376009619794179e-19,3.36462963094933232e-1
1,negative,5.00000000000000000e-1,1.10000000000000009e0,1.02677124957199051e-1,3.48549600410889171e-1,2.82181987812446966e-1,1.10027124957199032e-1,4.58180575693375447e-1,8.15959498801573091e-2,1.59419371859489340e-18,4.42376009619794179e-19,3.36462963094933232e-1
1,average,5.00000000000000000e-1,1.10000000000000009e0,2.25613362684044111e-1,2.25613362684044111e-1,1.96104556384822992e-1,1.96104556384822992e-1,2.69888262786766364e-1,2.69888262786766364e-1,1.59419371859489340e-18,4.42376009619794179e-19,3.36462963094933232e-1
1,sum,5.00000000000000000e-1,1.10000000000000009e0,4.51226725368088222e-1,4.51226725368088222e-1,3.92209112769645984e-1,3.92209112769645984e-1,5.39776525573532728e-1,5.39776525573532728e-1,3.18838743718978679e-18,8.84752019239588357e-19,6.72925926189866463e-1
1,positive,5.00000000000000000e-1,3.70000000000000000e1,2.31482911449264361e-1,7.53886162063047705e-2,8.25634973571997416e-2,1.86326043921559437e-1,6.75476230178998632e-2,2.87621527655569142e-1,1.29001638167084487e-1,6.46971476214797947e-2,1.46436926598449063e-1
1,negative,5.00000000000000000e-1,3.70000000000000000e1,7.53886162063047705e-2,2.31482911449264361e-1,1.86326043921559437e-1,8.25634973571997416e-2,2.87621527655569142e-1,6.75476230178998632e-2,1.29001638167084487e-1,6.46971476214797947e-2,1.46436926598449063e-1
1,average,5.00000000000000000e-1,3.70000000000000000e1,1.53435763827784566e-1,1.53435763827784566e-1,1.34444770639379596e-1,1.34444770639379596e-1,1.77584575336734496e-1,1.77584575336734496e-1,1.29001638167084487e-1,6.46971476214797947e-2,1.46436926598449063e-1
1,sum,5.00000000000000000e-1,3.70000000000000000e1,3.06871527655569132e-1,3.06871527655569132e-1,2.68889541278759192e-1,2.68889541278759192e-1,3.55169150673468992e-1,3.55169150673468992e-1,2.58003276334168974e-1,1.29394295242959589e-1,2.92873853196898126e-1
1,positive,5.00000000000000000e-1,1.77700000000000000e3,1.67012997679100994e-1,5.18101669285272182e-2,5.81815890559287743e-2,1.32713133003668410e-1,4.82003214311318567e-2,2.02460037277767735e-1,8.30583004713489753e-2,4.32183844747659682e-2,6.68440916232560384e-2
1,negative,5.00000000000000000e-1,1.77700000000000000e3,5.18101669285272182e-2,1.67012997679100994e-1,1.32713133003668410e-1,5.81815890559287743e-2,2.02460037277767735e-1,4.82003214311318567e-2,8.30583004713489753e-2,4.32183844747659682e-2,6.68440916232560384e-2
1,average,5.00000000000000000e-1,1.77700000000000000e3,1.09411582303814106e-1,1.09411582303814106e-1,9.54473610297985886e-2,9.54473610297985886e-2,1.25330179354449789e-1,1.25330179354449789e-1,8.30583004713489753e-2,4.32183844747659682e-2,6.68440916232560384e-2
1,sum,5.00000000000000000e-1,1.77700000000000000e3,2.18823164607628212e-1,2.18823164607628212e-1,1.90894722059597177e-1,1.90894722059597177e-1,2.50660358708899578e-1,2.50660358708899578e-1,1.66116600942697951e-1,8.64367689495319363e-2,1.33688183246512077e-1
1,positive,5.00000000000000000e-1,9.99990000000000000e4,1.29155074716675311e-1,3.80450262518048296e-2,4.36100284547535078e-2,1.01490061498983375e-1,3.62500247831723937e-2,1.54050094543213223e-1,5.90000458947636877e-2,3.11000233145399610e-2,3.54600521364515711e-2
1,negative,5.00000000000000000e-1,9.99990000000000000e4,3.80450262518048296e-2,1.29155074716675311e-1,1.01490061498983375e-1,4.36100284547535078e-2,1.54050094543213223e-1,3.62500247831723937e-2,5.90000458947636877e-2,3.11000233145399610e-2,3.54600521364515711e-2
1,average,5.00000000000000000e-1,9.99990000000000000e4,8.36000504842400738e-2,8.36000504842400738e-2,7.25500449768684413e-2,7.25500449768684413e-2,9.51500596631928153e-2,9.51500596631928153e-2,5.90000458947636877e-2,3.11000233145399610e-2,3.54600521364515711e-2
1,sum,5.00000000000000000e-1,9.99990000000000000e4,1.67200100968480148e-1,1.67200100968480148e-1,1.45100089953736883e-1,1.45100089953736883e-1,1.90300119326385631e-1,1.90300119326385631e-1,1.18000091789527375e-1,6.22000466290799220e-2,7.09201042729031422e-2
1,positive,6.99999999999999956e-1,1.00000000000000000e0,2.11450008367413927e-1,2.88499973901081841e-2,3.86999994602760383e-2,1.56500004335750675e-1,2.70999998160136452e-2,2.49000001707926188e-1,2.19950089977941784e-18,2.70550083727668743e-18,2.40700017415488049e-1
1,negative,6.99999999999999956e-1,1.00000000000000000e0,2.88499973901081841e-2,2.11450008367413927e-1,1.56500004335750675e-1,3.86999994602760383e-2,2.49000001707926188e-1,2.70999998160136452e-2,2.19950089977941784e-18,2.70550083727668743e-18,2.40700017415488049e-1
1,average,6.99999999999999956e-1,1.00000000000000000e0,1.20150002878761056e-1,1.20150002878761056e-1,9.76000018980133499e-2,9.76000018980133499e-2,1.38050000761969910e-1,1.38050000761969910e-1,2.19950089977941784e-18,2.70550083727668743e-18,2.40700017415488049e-1
1,sum,6.99999999999999956e-1,1.00000000000000000e0,2.40300005757522112e-1,2.40300005757522112e-1,1.95200003796026700e-1,1.95200003796026700e-1,2.76100001523939820e-1,2.76100001523939820e-1,4.39900179955883568e-18,5.41100167455337485e-18,4.81400034830976098e-1
1,positive,6.99999999999999956e-1,1.25000000000000000e0,2.00050006764664001e-1,2.86499973706649119e-2,3.85499993888280337e-2,1.48050003175551254e-1,2.79499997750269208e-2,2.32350000460134765e-1,3.57899907325677023e-19,-3.42850127056229318e-18,2.19900012714289050e-1
1,negative,6.99999999999999956e-1,1.25000000000000000e0,2.86499973706649119e-2,2.00050006764664001e-1,1.48050003175551254e-1,3.85499993888280337e-2,2.32350000460134765e-1,2.79499997750269208e-2,3.57899907325677023e-19,-3.42850127056229318e-18,2.19900012714289050e-1
1,average,6.99999999999999956e-1,1.25000000000000000e0,1.14350002067664464e-1,1.14350002067664464e-1,9.33000012821896402e-2,9.33000012821896402e-2,1.30150000117580850e-1,1.30150000117580850e-1,3.57899907325677023e-19,-3.42850127056229318e-18,2.19900012714289050e-1
1,sum,6.99999999999999956e-1,1.25000000000000000e0,2.28700004135328927e-1,2.28700004135328927e-1,1.86600002564379280e-1,1.86600002564379280e-1,2.60300000235161699e-1,2.60300000235161699e-1,7.15799814651354047e-19,-6.85700254112458637e-18,4.39800025428578101e-1
1,positive,6.99999999999999956e-1,1.00000000000000000e1,1.29000000094788847e-1,1.94999978755758391e-2,2.84449990913146489e-2,9.41549987643306580e-2,2.27499993906497763e-2,1.40049996211841193e-1,2.41399980886944678e-2,-1.67650043788894153e-18,8.69499980854085142e-2
1,negative,6.99999999999999956e-1,1.00000000000000000e1,1.94999978755758391e-2,1.29000000094788847e-1,9.41549987643306580e-2,2.84449990913146489e-2,1.40049996211841193e-1,2.27499993906497763e-2,2.41399980886944678e-2,-1.67650043788894153e-18,8.69499980854085142e-2
1,average,6.99999999999999956e-1,1.00000000000000000e1,7.42499989851823361e-2,7.42499989851823361e-2,6.12999989278226534e-2,6.12999989278226534e-2,8.13999978012454883e-2,8.13999978012454883e-2,2.41399980886944678e-2,-1.67650043788894153e-18,8.69499980854085142e-2
1,sum,6.99999999999999956e-1,1.00000000000000000e1,1.48499997970364672e-1,1.48499997970364672e-1,1.22599997855645307e-1,1.22599997855645307e-1,1.62799995602490977e-1,1.62799995602490977e-1,4.82799961773889355e-2,-3.35300087577788306e-18,1.73899996170817028e-1
1,positive,6.99999999999999956e-1,1.00000000000000000e2,9.01799983012505635e-2,1.28199983906769135e-2,2.02399991392193251e-2,6.48599978646374059e-2,1.65399993951495239e-2,9.45599957700519050e-2,1.50899985095793356e-2,7.84499938601634743e-3,3.63299975763230823e-2
1,negative,6.99999999999999956e-1,1.00000000000000000e2,1.28199983906769135e-2,9.01799983012505635e-2,6.48599978646374059e-2,2.02399991392193251e-2,9.45599957700519050e-2,1.65399993951495239e-2,1.50899985095793356e-2,7.84499938601634743e-3,3.63299975763230823e-2
1,average,6.99999999999999956e-1,1.00000000000000000e2,5.14999983459637350e-2,5.14999983459637350e-2,4.25499985019283655e-2,4.25499985019283655e-2,5.55499975826007145e-2,5.55499975826007145e-2,1.50899985095793356e-2,7.84499938601634743e-3,3.63299975763230823e-2
1,sum,6.99999999999999956e-1,1.00000000000000000e2,1.02999996691927470e-1,1.02999996691927470e-1,8.50999970038567310e-2,8.50999970038567310e-2,1.11099995165201429e-1,1.11099995165201429e-1,3.01799970191586713e-2,1.56899987720326949e-2,7.26599951526461646e-2
1,positive,6.99999999999999956e-1,1.00000000000000000e5,4.39999977726026198e-2,5.28999920142329480e-3,9.88499940336381999e-3,3.07449980193677322e-2,8.25499955395273682e-3,4.37749967765979908e-2,5.85499920684063192e-3,3.23049961873070465e-3,5.84099923342087414e-3
1,negative,6.99999999999999956e-1,1.00000000000000000e5,5.28999920142329480e-3,4.39999977726026198e-2,3.07449980193677322e-2,9.88499940336381999e-3,4.37749967765979908e-2,8.25499955395273682e-3,5.85499920684063192e-3,3.23049961873070465e-3,5.84099923342087414e-3
1,average,6.99999999999999956e-1,1.00000000000000000e5,2.46449984870129590e-2,2.46449984870129590e-2,2.03149987113657761e-2,2.03149987113657761e-2,2.60149981652753638e-2,2.60149981652753638e-2,5.85499920684063192e-3,3.23049961873070465e-3,5.84099923342087414e-3
1,sum,6.99999999999999956e-1,1.00000000000000000e5,4.92899969740259181e-2,4.92899969740259181e-2,4.06299974227315522e-2,4.06299974227315522e-2,5.20299963305507276e-2,5.20299963305507276e-2,1.17099984136812638e-2,6.46099923746140930e-3,1.16819984668417483e-2
1,positive,6.99999999999999956e-1,1.10000000000000009e0,2.06580783170770305e-1,2.87645723903636741e-2,3.86359306861789598e-2,1.52890797951868607e-1,2.74630560121263551e-2,2.41888370637599215e-1,1.41290715469989355e-18,8.55154495071058734e-20,2.31815816297748473e-1
1,negative,6.99999999999999956e-1,1.10000000000000009e0,2.87645723903636741e-2,2.06580783170770305e-1,1.52890797951868607e-1,3.86359306861789598e-2,2.41888370637599215e-1,2.74630560121263551e-2,1.41290715469989355e-18,8.55154495071058734e-20,2.31815816297748473e-1
1,average,6.99999999999999956e-1,1.10000000000000009e0,1.17672677780566989e-1,1.17672677780566989e-1,9.57633643190237832e-2,9.57633643190237832e-2,1.34675713324862778e-1,1.34675713324862778e-1,1.41290715469989355e-18,8.55154495071058734e-20,2.31815816297748473e-1
1,sum,6.99999999999999956e-1,1.10000000000000009e0,2.35345355561133979e-1,2.35345355561133979e-1,1.91526728638047566e-1,1.91526728638047566e-1,2.69351426649725556e-1,2.69351426649725556e-1,2.82581430939978710e-18,1.71030899014211747e-19,4.63631632595496945e-1
1,positive,6.99999999999999956e-1,3.70000000000000000e1,1.04088036827533842e-1,1.52214166549164490e-2,2.32753742761924384e-2,7.53103867395126803e-2,1.88523423187547182e-2,1.10556158576328389e-1,1.82327427847079754e-2,9.25106385447030909e-3,5.19988834168461436e-2
1,negative,6.99999999999999956e-1,3.70000000000000000e1,1.52214166549164490e-2,1.04088036827533842e-1,7.53103867395126803e-2,2.32753742761924384e-2,1.10556158576328389e-1,1.88523423187547182e-2,1.82327427847079754e-2,9.25106385447030909e-3,5.19988834168461436e-2
1,average,6.99999999999999956e-1,3.70000000000000000e1,5.96547267412251420e-2,5.96547267412251420e-2,4.92928805078525628e-2,4.92928805078525628e-2,6.47042504475415503e-2,6.47042504475415503e-2,1.82327427847079754e-2,9.25106385447030909e-3,5.19988834168461436e-2
1,sum,6.99999999999999956e-1,3.70000000000000000e1,1.19309453482450284e-1,1.19309453482450284e-1,9.85857610157051256e-2,9.85857610157051256e-2,1.29408500895083101e-1,1.29408500895083101e-1,3.64654855694159508e-2,1.85021277089406182e-2,1.03997766833692287e-1
1,positive,6.99999999999999956e-1,1.77700000000000000e3,6.38768890800243683e-2,8.38987648018129153e-3,1.43657841992466135e-2,4.52928223152438830e-2,1.18815180212140242e-2,6.51659671798878737e-2,9.55837714162283483e-3,5.15429801891182249e-3,1.51284150872841600e-2
1,negative,6.99999999999999956e-1,1.77700000000000000e3,8.38987648018129153e-3,6.38768890800243683e-2,4.52928223152438830e-2,1.43657841992466135e-2,6.51659671798878737e-2,1.18815180212140242e-2,9.55837714162283483e-3,5.15429801891182249e-3,1.51284150872841600e-2
1,average,6.99999999999999956e-1,1.77700000000000000e3,3.61333827801028282e-2,3.61333827801028282e-2,2.98293032572452474e-2,2.98293032572452474e-2,3.85237426005509490e-2,3.85237426005509490e-2,9.55837714162283483e-3,5.15429801891182249e-3,1.51284150872841600e-2
1,sum,6.99999999999999956e-1,1.77700000000000000e3,7.22667655602056563e-2,7.22667655602056563e-2,5.96586065144904948e-2,5.96586065144904948e-2,7.70474852011018979e-2,7.70474852011018979e-2,1.91167542832456697e-2,1.03085960378236450e-2,3.02568301745683201e-2
1,positive,6.99999999999999956e-1,9.99990000000000000e4,4.40000349473608846e-2,5.29000480058369055e-3,9.88500784799998047e-3,3.07450250054880532e-2,8.25500634637756775e-3,4.37750360625142262e-2,5.85500581568591284e-3,3.23050306083771162e-3,5.84101219410083482e-3
1,negative,6.99999999999999956e-1,9.99990000000000000e4,5.29000480058369055e-3,4.40000349473608846e-2,3.07450250054880532e-2,9.88500784799998047e-3,4.37750360625142262e-2,8.25500634637756775e-3,5.85500581568591284e-3,3.23050306083771162e-3,5.84101219410083482e-3
1,average,6.99999999999999956e-1,9.99990000000000000e4,2.46450198739722875e-2,2.46450198739722875e-2,2.03150164267440168e-2,2.03150164267440168e-2,2.60150212044458970e-2,2.60150212044458970e-2,5.85500581568591284e-3,3.23050306083771162e-3,5.84101219410083482e-3
1,sum,6.99999999999999956e-1,9.99990000000000000e4,4.92900397479445751e-2,4.92900397479445751e-2,4.06300328534880337e-2,4.06300328534880337e-2,5.20300424088917940e-2,5.20300424088917940e-2,1.17100116313718257e-2,6.46100612167542325e-3,1.16820243882016696e-2
1,positive,9.30000000000000049e-1,1.00000000000000000e0,6.87450170930089255e-2,5.85000185221243307e-4,1.88650044464728113e-2,3.80550096876415000e-2,1.73600040550384964e-2,4.95900126890242710e-2,2.84250141408265870e-18,1.62100081129644186e-18,1.00200024926446848e-1
1,negative,9.30000000000000049e-1,1.00000000000000000e0,5.85000185221243307e-4,6.87450170930089255e-2,3.80550096876415000e-2,1.88650044464728113e-2,4.95900126890242710e-2,1.73600040550384964e-2,2.84250141408265870e-18,1.62100081129644186e-18,1.00200024926446848e-1
1,average,9.30000000000000049e-1,1.00000000000000000e0,3.46650086391150844e-2,3.46650086391150844e-2,2.84600070670571539e-2,2.84600070670571539e-2,3.34750083720313854e-2,3.34750083720313854e-2,2.84250141408265870e-18,1.62100081129644186e-18,1.00200024926446848e-1
1,sum,9.30000000000000049e-1,1.00000000000000000e0,6.93300172782301688e-2,6.93300172782301688e-2,5.69200141341143079e-2,5.69200141341143079e-2,6.69500167440627708e-2,6.69500167440627708e-2,5.68500282816531740e-18,3.24200162259288372e-18,2.00400049852893697e-1
1,positive,9.30000000000000049e-1,1.25000000000000000e0,5.86200146847039305e-2,5.70000182380198811e-4,1.63650038944430955e-2,3.23050082889675960e-2,1.51000035624908428e-2,4.20400108386534133e-2,-5.72000283206366308e-19,-3.04900152124020212e-18,7.18600181848716157e-2
1,negative,9.30000000000000049e-1,1.25000000000000000e0,5.70000182380198811e-4,5.86200146847039305e-2,3.23050082889675960e-2,1.63650038944430955e-2,4.20400108386534133e-2,1.51000035624908428e-2,-5.72000283206366308e-19,-3.04900152124020212e-18,7.18600181848716157e-2
1,average,9.30000000000000049e-1,1.25000000000000000e0,2.95950074335420629e-2,2.95950074335420629e-2,2.43350060917053440e-2,2.43350060917053440e-2,2.85700072005721298e-2,2.85700072005721298e-2,-5.72000283206366308e-19,-3.04900152124020212e-18,7.18600181848716157e-2
1,sum,9.30000000000000049e-1,1.25000000000000000e0,5.91900148670841258e-2,5.91900148670841258e-2,4.86700121834106880e-2,4.86700121834106880e-2,5.71400144011442596e-2,5.71400144011442596e-2,-1.14400056641273262e-18,-6.09800304248040425e-18,1.43720036369743231e-1
1,positive,9.30000000000000049e-1,1.00000000000000000e1,2.04950053852947997e-2,2.25000078108546914e-4,6.15700154527735934e-3,1.09930029625949083e-2,5.74400143142756500e-3,1.42460038532575863e-2,1.15500063530782159e-4,-8.47000423753441289e-19,6.71100191259060581e-3
1,negative,9.30000000000000049e-1,1.00000000000000000e1,2.25000078108546914e-4,2.04950053852947997e-2,1.09930029625949083e-2,6.15700154527735934e-3,1.42460038532575863e-2,5.74400143142756500e-3,1.15500063530782159e-4,-8.47000423753441289e-19,6.71100191259060581e-3
1,average,9.30000000000000049e-1,1.00000000000000000e1,1.03600027317016733e-2,1.03600027317016733e-2,8.57500225393613424e-3,8.57500225393613424e-3,9.99500264234257606e-3,9.99500264234257606e-3,1.15500063530782159e-4,-8.47000423753441289e-19,6.71100191259060581e-3
1,sum,9.30000000000000049e-1,1.00000000000000000e1,2.07200054634033466e-2,2.07200054634033466e-2,1.71500045078722685e-2,1.71500045078722685e-2,1.99900052846851521e-2,1.99900052846851521e-2,2.31000127061564318e-4,-1.69400084750688258e-18,1.34220038251812116e-2
1,positive,9.30000000000000049e-1,1.00000000000000000e2,9.68700263339146786e-3,9.80000355828127348e-5,3.00100078041979409e-3,5.11700142716569727e-3,2.81050072616277451e-3,6.61950185200703943e-3,5.10000283777165987e-5,3.60650199102684221e-5,1.10600034562187465e-3
1,negative,9.30000000000000049e-1,1.00000000000000000e2,9.80000355828127348e-5,9.68700263339146786e-3,5.11700142716569727e-3,3.00100078041979409e-3,6.61950185200703943e-3,2.81050072616277451e-3,5.10000283777165987e-5,3.60650199102684221e-5,1.10600034562187465e-3
1,average,9.30000000000000049e-1,1.00000000000000000e2,4.89250133448713986e-3,4.89250133448713986e-3,4.05900110379274568e-3,4.05900110379274568e-3,4.71500128908490697e-3,4.71500128908490697e-3,5.10000283777165987e-5,3.60650199102684221e-5,1.10600034562187465e-3
1,sum,9.30000000000000049e-1,1.00000000000000000e2,9.78500266897427973e-3,9.78500266897427973e-3,8.11800220758549136e-3,8.11800220758549136e-3,9.43000257816981394e-3,9.43000257816981394e-3,1.02000056755433197e-4,7.21300398205368442e-5,2.21200069124374930e-3
1,positive,9.30000000000000049e-1,1.00000000000000000e5,2.37350068931531637e-3,1.95000078151150776e-5,7.64700212765088744e-4,1.22730036563253354e-3,7.20300199191960667e-4,1.58470047344732743e-3,1.00250057133542025e-5,7.32000413536270848e-6,3.83700141980690987e-5
1,negative,9.30000000000000049e-1,1.00000000000000000e5,1.95000078151150776e-5,2.37350068931531637e-3,1.22730036563253354e-3,7.64700212765088744e-4,1.58470047344732743e-3,7.20300199191960667e-4,1.00250057133542025e-5,7.32000413536270848e-6,3.83700141980690987e-5
1,average,9.30000000000000049e-1,1.00000000000000000e5,1.19650034856521583e-3,1.19650034856521583e-3,9.96000289198811090e-4,9.96000289198811090e-4,1.15250033631964410e-3,1.15250033631964410e-3,1.00250057133542025e-5,7.32000413536270848e-6,3.83700141980690987e-5
1,sum,9.30000000000000049e-1,1.00000000000000000e5,2.39300069713043167e-3,2.39300069713043167e-3,1.99200057839762218e-3,1.99200057839762218e-3,2.30500067263928821e-3,2.30500067263928821e-3,2.00500114267084050e-5,1.46400082707254170e-5,7.67400283961381974e-5
1,positive,9.30000000000000049e-1,1.10000000000000009e0,6.44203758727214248e-2,5.78593309649773346e-4,1.77971918176895241e-2,3.55990405863384485e-2,1.63947014413892561e-2,4.63652184718318927e-2,1.38408252277201432e-18,-3.73673735107716652e-19,8.80953007599308557e-2
1,negative,9.30000000000000049e-1,1.10000000000000009e0,5.78593309649773346e-4,6.44203758727214248e-2,3.55990405863384485e-2,1.77971918176895241e-2,4.63652184718318927e-2,1.63947014413892561e-2,1.38408252277201432e-18,-3.73673735107716652e-19,8.80953007599308557e-2
1,average,9.30000000000000049e-1,1.10000000000000009e0,3.24994845911855956e-2,3.24994845911855956e-2,2.66981162020139863e-2,2.66981162020139863e-2,3.13799599566105744e-2,3.13799599566105744e-2,1.38408252277201432e-18,-3.73673735107716652e-19,8.80953007599308557e-2
1,sum,9.30000000000000049e-1,1.10000000000000009e0,6.49989691823711913e-2,6.49989691823711913e-2,5.33962324040279726e-2,5.33962324040279726e-2,6.27599199132211488e-2,6.27599199132211488e-2,2.76816504554402865e-18,-7.47347470215433303e-19,1.76190601519861711e-1
1,positive,9.30000000000000049e-1,3.70000000000000000e1,1.30133633727722298e-2,1.34976278735225198e-4,3.98935737518666018e-3,6.91594941381573972e-3,3.72663701384349242e-3,8.94843257127503518e-3,7.11234686267239367e-5,4.95393912003510314e-5,2.27925906757417678e-3
1,negative,9.30000000000000049e-1,3.70000000000000000e1,1.34976278735225198e-4,1.30133633727722298e-2,6.91594941381573972e-3,3.98935737518666018e-3,8.94843257127503518e-3,3.72663701384349242e-3,7.11234686267239367e-5,4.95393912003510314e-5,2.27925906757417678e-3
1,average,9.30000000000000049e-1,3.70000000000000000e1,6.57416982575372705e-3,6.57416982575372705e-3,5.45265339450119995e-3,5.45265339450119995e-3,6.33753479255926358e-3,6.33753479255926358e-3,7.11234686267239367e-5,4.95393912003510314e-5,2.27925906757417678e-3
1,sum,9.30000000000000049e-1,3.70000000000000000e1,1.31483396515074541e-2,1.31483396515074541e-2,1.09053067890023999e-2,1.09053067890023999e-2,1.26750695851185272e-2,1.26750695851185272e-2,1.42246937253447873e-4,9.90787824007020629e-5,4.55851813514835356e-3
1,positive,9.30000000000000049e-1,1.77700000000000000e3,4.87515700556149026e-3,4.51312903721476713e-5,1.54310978203725307e-3,2.54577159906834100e-3,1.44955891983472975e-3,3.29022611370812174e-3,2.31135581995591398e-5,1.66705816696410434e-5,2.09299417573309565e-4
1,negative,9.30000000000000049e-1,1.77700000000000000e3,4.51312903721476713e-5,4.87515700556149026e-3,2.54577159906834100e-3,1.54310978203725307e-3,3.29022611370812174e-3,1.44955891983472975e-3,2.31135581995591398e-5,1.66705816696410434e-5,2.09299417573309565e-4
1,average,9.30000000000000049e-1,1.77700000000000000e3,2.46014414796681897e-3,2.46014414796681897e-3,2.04444069055279704e-3,2.04444069055279704e-3,2.36989251677142574e-3,2.36989251677142574e-3,2.31135581995591398e-5,1.66705816696410434e-5,2.09299417573309565e-4
1,sum,9.30000000000000049e-1,1.77700000000000000e3,4.92028829593363793e-3,4.92028829593363793e-3,4.08888138110559407e-3,4.08888138110559407e-3,4.73978503354285149e-3,4.73978503354285149e-3,4.62271163991182795e-5,3.33411633392820868e-5,4.18598835146619130e-4
1,positive,9.30000000000000049e-1,9.99990000000000000e4,2.37350459037130763e-3,1.95000537098932898e-5,7.64701444580869957e-4,1.22730240152482857e-3,7.20301347479249381e-4,1.58470312524752700e-3,1.00250249891657623e-5,7.32001799558905674e-6,3.83701676702127633e-5
1,negative,9.30000000000000049e-1,9.99990000000000000e4,1.95000537098932898e-5,2.37350459037130763e-3,1.22730240152482857e-3,7.64701444580869957e-4,1.58470312524752700e-3,7.20301347479249381e-4,1.00250249891657623e-5,7.32001799558905674e-6,3.83701676702127633e-5
1,average,9.30000000000000049e-1,9.99990000000000000e4,1.19650232204060046e-3,1.19650232204060046e-3,9.96001923052849264e-4,9.96001923052849264e-4,1.15250223636338819e-3,1.15250223636338819e-3,1.00250249891657623e-5,7.32001799558905674e-6,3.83701676702127633e-5
1,sum,9.30000000000000049e-1,9.99990000000000000e4,2.39300464408120092e-3,2.39300464408120092e-3,1.99200384610569853e-3,1.99200384610569853e-3,2.30500447272677638e-3,2.30500447272677638e-3,2.00500499783315246e-5,1.46400359911781135e-5,7.67403353404255267e-5
1,positive,9.98999999999999999e-1,1.00000000000000000e0,4.09115954649520449e-11,3.48145804742119707e-13,1.12269583016411408e-11,2.26473309392501283e-11,1.03313011458515871e-11,2.95120520635242128e-11,4.86177974147996722e-33,2.77254000384838325e-33,5.87836453835652206e-11
1,negative,9.98999999999999999e-1,1.00000000000000000e0,3.48145804742119707e-13,4.09115954649520449e-11,2.26473309392501283e-11,1.12269583016411408e-11,2.95120520635242128e-11,1.03313011458515871e-11,4.86177974147996722e-33,2.77254000384838325e-33,5.87836453835652206e-11
1,average,9.98999999999999999e-1,1.00000000000000000e0,2.06298706348470839e-11,2.06298706348470839e-11,1.69371446204456345e-11,1.69371446204456345e-11,1.99216766046879000e-11,1.99216766046879000e-11,4.86177974147996722e-33,2.77254000384838325e-33,5.87836453835652206e-11
1,sum,9.98999999999999999e-1,1.00000000000000000e0,4.12597412696941679e-11,4.12597412696941679e-11,3.38742892408912691e-11,3.38742892408912691e-11,3.98433532093757999e-11,3.98433532093757999e-11,9.72355948295993444e-33,5.54508000769676650e-33,1.17567290767130441e-10
1,positive,9.98999999999999999e-1,1.25000000000000000e0,3.48859949982615282e-11,3.39218989235915320e-13,9.73915571727311347e-12,1.92253849952036638e-11,8.98632760958289302e-12,2.50188882587327695e-11,-9.78342308575740189e-34,-5.21497499798502077e-33,4.21576123479340965e-11
1,negative,9.98999999999999999e-1,1.25000000000000000e0,3.39218989235915320e-13,3.48859949982615282e-11,1.92253849952036638e-11,9.73915571727311347e-12,2.50188882587327695e-11,8.98632760958289302e-12,-9.78342308575740189e-34,-5.21497499798502077e-33,4.21576123479340965e-11
1,average,9.98999999999999999e-1,1.25000000000000000e0,1.76126069937487218e-11,1.76126069937487218e-11,1.44822703562383878e-11,1.44822703562383878e-11,1.70026079341578313e-11,1.70026079341578313e-11,-9.78342308575740189e-34,-5.21497499798502077e-33,4.21576123479340965e-11
1,sum,9.98999999999999999e-1,1.25000000000000000e0,3.52252139874974435e-11,3.52252139874974435e-11,2.89645407124767756e-11,2.89645407124767756e-11,3.40052158683156625e-11,3.40052158683156625e-11,-1.95668461715148038e-33,-1.04299499959700415e-32,8.43152246958681930e-11
1,positive,9.98999999999999999e-1,1.00000000000000000e1,1.21970055866490955e-11,1.33902232593121535e-13,3.66416020478157986e-12,6.54216552398309415e-12,3.41837521784398246e-12,8.47809424676277324e-12,1.97549889231639847e-19,-1.44869918769869240e-33,3.93709624919267628e-12
1,negative,9.98999999999999999e-1,1.00000000000000000e1,1.33902232593121535e-13,1.21970055866490955e-11,6.54216552398309415e-12,3.66416020478157986e-12,8.47809424676277324e-12,3.41837521784398246e-12,1.97549889231639847e-19,-1.44869918769869240e-33,3.93709624919267628e-12
1,average,9.98999999999999999e-1,1.00000000000000000e1,6.16545390962110813e-12,6.16545390962110813e-12,5.10316286438233700e-12,5.10316286438233700e-12,5.94823473230337785e-12,5.94823473230337785e-12,1.97549889231639847e-19,-1.44869918769869240e-33,3.93709624919267628e-12
1,sum,9.98999999999999999e-1,1.00000000000000000e1,1.23309078192422163e-11,1.23309078192422163e-11,1.02063257287646740e-11,1.02063257287646740e-11,1.18964694646067557e-11,1.18964694646067557e-11,3.95099778463279694e-19,-2.89739837539738481e-33,7.87419249838535256e-12
1,positive,9.98999999999999999e-1,1.00000000000000000e2,5.76493745390923782e-12,5.83218613072265216e-14,1.78595822227538175e-12,3.04523432968448094e-12,1.67258766534653741e-12,3.93940368288966530e-12,8.72298212191656592e-20,6.16851667111609619e-20,6.48849419104023078e-13
1,negative,9.98999999999999999e-1,1.00000000000000000e2,5.83218613072265216e-14,5.76493745390923782e-12,3.04523432968448094e-12,1.78595822227538175e-12,3.93940368288966530e-12,1.67258766534653741e-12,8.72298212191656592e-20,6.16851667111609619e-20,6.48849419104023078e-13
1,average,9.98999999999999999e-1,1.00000000000000000e2,2.91162965760823197e-12,2.91162965760823197e-12,2.41559627597993134e-12,2.41559627597993134e-12,2.80599567411810136e-12,2.80599567411810136e-12,8.72298212191656592e-20,6.16851667111609619e-20,6.48849419104023078e-13
1,sum,9.98999999999999999e-1,1.00000000000000000e2,5.82325931521646393e-12,5.82325931521646393e-12,4.83119255195986269e-12,4.83119255195986269e-12,5.61199134823620271e-12,5.61199134823620271e-12,1.74459642438331318e-19,1.23370333422321924e-19,1.29769883820804616e-12
1,positive,9.98999999999999999e-1,1.00000000000000000e5,1.41251977359900645e-12,1.16048601580707915e-14,4.55089054506492487e-13,7.30392044717952525e-13,4.28665680608116439e-13,9.43088302179205911e-13,1.71466462298457965e-20,1.25200449279273042e-20,2.25102642052634439e-14
1,negative,9.98999999999999999e-1,1.00000000000000000e5,1.16048601580707915e-14,1.41251977359900645e-12,7.30392044717952525e-13,4.55089054506492487e-13,9.43088302179205911e-13,4.28665680608116439e-13,1.71466462298457965e-20,1.25200449279273042e-20,2.25102642052634439e-14
1,average,9.98999999999999999e-1,1.00000000000000000e5,7.12062316878538622e-13,7.12062316878538622e-13,5.92740549612222506e-13,5.92740549612222506e-13,6.85876991393661200e-13,6.85876991393661200e-13,1.71466462298457965e-20,1.25200449279273042e-20,2.25102642052634439e-14
1,sum,9.98999999999999999e-1,1.00000000000000000e5,1.42412463375707724e-12,1.42412463375707724e-12,1.18548109922444501e-12,1.18548109922444501e-12,1.37175398278732240e-12,1.37175398278732240e-12,3.42932924596915929e-20,2.50400898558546083e-20,4.50205284105268879e-14
1,positive,9.98999999999999999e-1,1.10000000000000009e0,3.83379111235183018e-11,3.44332939051108736e-13,1.05914806864723182e-11,2.11857324243618312e-11,9.75682938173897237e-12,2.75929096657143665e-11,2.36731786081271910e-33,-6.39126999436446756e-34,5.16822517348313482e-11
1,negative,9.98999999999999999e-1,1.10000000000000009e0,3.44332939051108736e-13,3.83379111235183018e-11,2.11857324243618312e-11,1.05914806864723182e-11,2.75929096657143665e-11,9.75682938173897237e-12,2.36731786081271910e-33,-6.39126999436446756e-34,5.16822517348313482e-11
1,average,9.98999999999999999e-1,1.10000000000000009e0,1.93411220312847037e-11,1.93411220312847037e-11,1.58886065554170747e-11,1.58886065554170747e-11,1.86748695237266694e-11,1.86748695237266694e-11,2.36731786081271910e-33,-6.39126999436446756e-34,5.16822517348313482e-11
1,sum,9.98999999999999999e-1,1.10000000000000009e0,3.86822440625694073e-11,3.86822440625694073e-11,3.17772131108341494e-11,3.17772131108341494e-11,3.73497390474533389e-11,3.73497390474533389e-11,4.73463572162543820e-33,-1.27825399887289351e-33,1.03364503469662696e-10
1,positive,9.98999999999999999e-1,3.70000000000000000e1,7.74452418570914771e-12,8.03271936354271222e-14,2.37414987634212181e-12,4.11582583228852936e-12,2.21779950712560018e-12,5.32539897203315045e-12,1.21648706219767729e-19,8.47315659474524270e-20,1.33715685070455606e-12
1,negative,9.98999999999999999e-1,3.70000000000000000e1,8.03271936354271222e-14,7.74452418570914771e-12,4.11582583228852936e-12,2.37414987634212181e-12,5.32539897203315045e-12,2.21779950712560018e-12,1.21648706219767729e-19,8.47315659474524270e-20,1.33715685070455606e-12
1,average,9.98999999999999999e-1,3.70000000000000000e1,3.91242568967228701e-12,3.91242568967228701e-12,3.24498785431532559e-12,3.24498785431532559e-12,3.77159923957937511e-12,3.77159923957937511e-12,1.21648706219767729e-19,8.47315659474524270e-20,1.33715685070455606e-12
1,sum,9.98999999999999999e-1,3.70000000000000000e1,7.82485137934457402e-12,7.82485137934457402e-12,6.48997570863065117e-12,6.48997570863065117e-12,7.54319847915875023e-12,7.54319847915875023e-12,2.43297412439535458e-19,1.69463131894904854e-19,2.67431370140911213e-12
1,positive,9.98999999999999999e-1,1.77700000000000000e3,2.90130766258793050e-12,2.68585700197936597e-14,9.18336841946512508e-13,1.51504178949667304e-12,8.62662772526072392e-13,1.95808220058600549e-12,3.95331453861520865e-20,2.85131577814173872e-20,1.22788209132982474e-13
1,negative,9.98999999999999999e-1,1.77700000000000000e3,2.68585700197936597e-14,2.90130766258793050e-12,1.51504178949667304e-12,9.18336841946512508e-13,1.95808220058600549e-12,8.62662772526072392e-13,3.95331453861520865e-20,2.85131577814173872e-20,1.22788209132982474e-13
1,average,9.98999999999999999e-1,1.77700000000000000e3,1.46408311630386208e-12,1.46408311630386208e-12,1.21668931572159277e-12,1.21668931572159277e-12,1.41037248655603889e-12,1.41037248655603889e-12,3.95331453861520865e-20,2.85131577814173872e-20,1.22788209132982474e-13
1,sum,9.98999999999999999e-1,1.77700000000000000e3,2.92816623260772416e-12,2.92816623260772416e-12,2.43337863144318554e-12,2.43337863144318554e-12,2.82074497311207778e-12,2.82074497311207778e-12,7.90662907723041730e-20,5.70263155628347744e-20,2.45576418265964947e-13
1,positive,9.98999999999999999e-1,9.99990000000000000e4,1.41252209519884029e-12,1.16048874710098693e-14,4.55089787585781125e-13,7.30393256319936285e-13,4.28666363977855756e-13,9.43089880320834142e-13,1.71466791989566540e-20,1.25200686342879706e-20,2.25103542416796610e-14
1,negative,9.98999999999999999e-1,9.99990000000000000e4,1.16048874710098693e-14,1.41252209519884029e-12,7.30393256319936285e-13,4.55089787585781125e-13,9.43089880320834142e-13,4.28666363977855756e-13,1.71466791989566540e-20,1.25200686342879706e-20,2.25103542416796610e-14
1,average,9.98999999999999999e-1,9.99990000000000000e4,7.12063491334925128e-13,7.12063491334925128e-13,5.92741521952858705e-13,5.92741521952858705e-13,6.85878122149345000e-13,6.85878122149345000e-13,1.71466791989566540e-20,1.25200686342879706e-20,2.25103542416796610e-14
1,sum,9.98999999999999999e-1,9.99990000000000000e4,1.42412698266985026e-12,1.42412698266985026e-12,1.18548304390571741e-12,1.18548304390571741e-12,1.37175624429869000e-12,1.37175624429869000e-12,3.42933583979133081e-20,2.50401372685759412e-20,4.50207084833593221e-14
1,positive,1.00000000000000000e0,1.00000000000000000e0,0.00000000000000000e0,0.00000000000000000e0,0.00000000000000000e0,0.00000000000000000e0,0.00000000000000000e0,0.00000000000000000e0,0.00000000000000000e0,0.00000000000000000e0,0.00000000000000000e0
1,negative,1.00000000000000000e0,1.00000000000000000e0,0.00000000000000000e0,0.00000000000000000e0,0.00000000000000000e0,0.00000000000000000e0,0.00000000000000000e0,0.00000000000000000e0,0.00000000000000000e0,0.00000000000000000e0,0.00000000000000000e0
1,average,1.00000000000000000e0,1.00000000000000000e0,0.00000000000000000e0,0.00000000000000000e0,0.00000000000000000e0,0.00000000000000000e0,0.00000000000000000e0,0.00000000000000000e0,0.00000000000000000e0,0.00000000000000000e0,0.00000000000000000e0
1,sum,1.00000000000000000e0,1.00000000000000000e0,0.00000000000000000e0,0.00000000000000000e0,0.00000000000000000e0,0.00000000000000000e0,0.00000000000000000e0,0.00000000000000000e0,0.00000000000000000e0,0.00000000000000000e0,0.00000000000000000e0
1,positive,1.00000000000000000e0,1.25000000000000000e0,0.00000000000000000e0,0.00000000000000000e0,0.00000000000000000e0,0.00000000000000000e0,0.00000000000000000e0,0.00000000000000000e0,0.00000000000000000e0,0.00000000000000000e0,0.00000000000000000e0
1,negative,1.00000000000000000e0,1.25000000000000000e0,0.00000000000000000e0,0.00000000000000000e0,0.00000000000000000e0,0.00000000000000000e0,0.00000000000000000e0,0.00000000000000000e0,0.00000000000000000e0,0.00000000000000000e0,0.00000000000000000e0
1,average,1.00000000000000000e0,1.25000000000000000e0,0.00000000000000000e0,0.00000000000000000e0,0.00000000000000000e0,0.00000000000000000e0,0.00000000000000000e0,0.00000000000000000e0,0.00000000000000000e0,0.00000000000000000e0,0.00000000000000000e0
1,sum,1.00000000000000000e0,1.25000000000000000e0,0.00000000000000000e0,0.00000000000000000e0,0.00000000000000000e0,0.00000000000000000e0,0.00000000000000000e0,0.00000000000000000e0,0.00000000000000000e0,0.00000000000000000e0,0.00000000000000000e0
1,positive,1.00000000000000000e0,1.00000000000000000e1,0.00000000000000000e0,0.00000000000000000e0,0.00000000000000000e0,0.00000000000000000e0,0.00000000000000000e0,0.00000000000000000e0,0.00000000000000000e0,0.00000000000000000e0,0.00000000000000000e0
1,negative,1.00000000000000000e0,1.00000000000000000e1,0.00000000000000000e0,0.00000000000000000e0,0.00000000000000000e0,0.00000000000000000e0,0.00000000000000000e0,0.00000000000000000e0,0.00000000000000000e0,0.00000000000000000e0,0.00000000000000000e0
1,average,1.00000000000000000e0,1.00000000000000000e1,0.00000000000000000e0,0.00000000000000000e0,0.00000000000000000e0,0.00000000000000000e0,0.00000000000000000e0,0.00000000000000000e0,0.00000000000000000e0,0.00000000000000000e0,0.00000000000000000e0
1,sum,1.00000000000000000e0,1.00000000000000000e1,0.00000000000000000e0,0.00000000000000000e0,0.00000000000000000e0,0.00000000000000000e0,0.00000000000000000e0,0.00000000000000000e0,0.00000000000000000e0,0.00000000000000000e0,0.00000000000000000e0
1,positive,1.00000000000000000e0,1.00000000000000000e2,0.00000000000000000e0,0.00000000000000000e0,0.00000000000000000e0,0.00000000000000000e0,0.00000000000000000e0,0.00000000000000000e0,0.00000000000000000e0,0.00000000000000000e0,0.00000000000000000e0
1,negative,1.00000000000000000e0,1.00000000000000000e2,0.00000000000000000e0,0.00000000000000000e0,0.00000000000000000e0,0.00000000000000000e0,0.00000000000000000e0,0.00000000000000000e0,0.00000000000000000e0,0.00000000000000000e0,0.00000000000000000e0
1,average,1.00000000000000000e0,1.00000000000000000e2,0.00000000000000000e0,0.00000000000000000e0,0.00000000000000000e0,0.00000000000000000e0,0.00000000000000000e0,0.00000000000000000e0,0.00000000000000000e0,0.00000000000000000e0,0.00000000000000000e0
1,sum,1.00000000000000000e0,1.00000000000000000e2,0.00000000000000000e0,0.00000000000000000e0,0.00000000000000000e0,0.00000000000000000e0,0.00000000000000000e0,0.00000000000000000e0,0.00000000000000000e0,0.00000000000000000e0,0.00000000000000000e0
1,positive,1.00000000000000000e0,1.00000000000000000e5,0.00000000000000000e0,0.00000000000000000e0,0.00000000000000000e0,0.00000000000000000e0,0.00000000000000000e0,0.00000000000000000e0,0.00000000000000000e0,0.00000000000000000e0,0.00000000000000000e0
1,negative,1.00000000000000000e0,1.00000000000000000e5,0.00000000000000000e0,0.00000000000000000e0,0.00000000000000000e0,0.00000000000000000e0,0.00000000000000000e0,0.00000000000000000e0,0.00000000000000000e0,0.00000000000000000e0,0.00000000000000000e0
1,average,1.00000000000000000e0,1.00000000000000000e5,0.00000000000000000e0,0.00000000000000000e0,0.00000000000000000e0,0.00000000000000000e0,0.00000000000000000e0,0.00000000000000000e0,0.00000000000000000e0,0.00000000000000000e0,0.00000000000000000e0
1,sum,1.00000000000000000e0,1.00000000000000000e5,0.00000000000000000e0,0.00000000000000000e0,0.00000000000000000e0,0.00000000000000000e0,0.00000000000000000e0,0.00000000000000000e0,0.00000000000000000e0,0.00000000000000000e0,0.00000000000000000e0
1,positive,1.00000000000000000e0,1.10000000000000009e0,0.00000000000000000e0,0.00000000000000000e0,0.00000000000000000e0,0.00000000000000000e0,0.00000000000000000e0,0.00000000000000000e0,0.00000000000000000e0,0.00000000000000000e0,0.00000000000000000e0
1,negative,1.00000000000000000e0,1.10000000000000009e0,0.00000000000000000e0,0.00000000000000000e0,0.00000000000000000e0,0.00000000000000000e0,0.00000000000000000e0,0.00000000000000000e0,0.00000000000000000e0,0.00000000000000000e0,0.00000000000000000e0
1,average,1.00000000000000000e0,1.10000000000000009e0,0.00000000000000000e0,0.00000000000000000e0,0.00000000000000000e0,0.00000000000000000e0,0.00000000000000000e0,0.00000000000000000e0,0.00000000000000000e0,0.00000000000000000e0,0.00000000000000000e0
1,sum,1.00000000000000000e0,1.10000000000000009e0,0.00000000000000000e0,0.00000000000000000e0,0.00000000000000000e0,0.00000000000000000e0,0.00000000000000000e0,0.00000000000000000e0,0.00000000000000000e0,0.00000000000000000e0,0.00000000000000000e0
1,positive,1.00000000000000000e0,3.70000000000000000e1,0.00000000000000000e0,0.00000000000000000e0,0.00000000000000000e0,0.00000000000000000e0,0.00000000000000000e0,0.00000000000000000e0,0.00000000000000000e0,0.00000000000000000e0,0.00000000000000000e0
1,negative,1.00000000000000000e0,3.70000000000000000e1,0.00000000000000000e0,0.00000000000000000e0,0.00000000000000000e0,0.00000000000000000e0,0.00000000000000000e0,0.00000000000000000e0,0.00000000000000000e0,0.00000000000000000e0,0.00000000000000000e0
1,average,1.00000000000000000e0,3.70000000000000000e1,0.00000000000000000e0,0.00000000000000000e0,0.00000000000000000e0,0.00000000000000000e0,0.00000000000000000e0,0.00000000000000000e0,0.00000000000000000e0,0.00000000000000000e0,0.00000000000000000e0
1,sum,1.00000000000000000e0,3.70000000000000000e1,0.00000000000000000e0,0.00000000000000000e0,0.00000000000000000e0,0.00000000000000000e0,0.00000000000000000e0,0.00000000000000000e0,0.00000000000000000e0,0.00000000000000000e0,0.00000000000000000e0
1,positive,1.00000000000000000e0,1.77700000000000000e3,0.00000000000000000e0,0.00000000000000000e0,0.00000000000000000e0,0.00000000000000000e0,0.00000000000000000e0,0.00000000000000000e0,0.00000000000000000e0,0.00000000000000000e0,0.00000000000000000e0
1,negative,1.00000000000000000e0,1.77700000000000000e3,0.00000000000000000e0,0.00000000000000000e0,0.00000000000000000e0,0.00000000000000000e0,0.00000000000000000e0,0.00000000000000000e0,0.00000000000000000e0,0.00000000000000000e0,0.00000000000000000e0
1,average,1.00000000000000000e0,1.77700000000000000e3,0.00000000000000000e0,0.00000000000000000e0,0.00000000000000000e0,0.00000000000000000e0,0.00000000000000000e0,0.00000000000000000e0,0.00000000000000000e0,0.00000000000000000e0,0.00000000000000000e0
1,sum,1.00000000000000000e0,1.77700000000000000e3,0.00000000000000000e0,0.00000000000000000e0,0.00000000000000000e0,0.00000000000000000e0,0.00000000000000000e0,0.00000000000000000e0,0.00000000000000000e0,0.00000000000000000e0,0.00000000000000000e0
1,positive,1.00000000000000000e0,9.99990000000000000e4,0.00000000000000000e0,0.00000000000000000e0,0.00000000000000000e0,0.00000000000000000e0,0.00000000000000000e0,0.00000000000000000e0,0.00000000000000000e0,0.00000000000000000e0,0.00000000000000000e0
1,negative,1.00000000000000000e0,9.99990000000000000e4,0.00000000000000000e0,0.00000000000000000e0,0.00000000000000000e0,0.00000000000000000e0,0.00000000000000000e0,0.00000000000000000e0,0.00000000000000000e0,0.00000000000000000e0,0.00000000000000000e0
1,average,1.00000000000000000e0,9.99990000000000000e4,0.00000000000000000e0,0.00000000000000000e0,0.00000000000000000e0,0.00000000000000000e0,0.00000000000000000e0,0.00000000000000000e0,0.00000000000000000e0,0.00000000000000000e0,0.00000000000000000e0
1,sum,1.00000000000000000e0,9.99990000000000000e4,0.00000000000000000e0,0.00000000000000000e0,0.00000000000000000e0,0.00000000000000000e0,0.00000000000000000e0,0.00000000000000000e0,0.00000000000000000e0,0.00000000000000000e0,0.00000000000000000e0
1,positive,5.29999999999999985e-2,1.00000000000000000e0,3.26695321559930751e-1,3.26366807337997389e-1,3.01154455068582794e-1,3.38716350268210620e-1,2.57361792053994176e-1,5.77245401737714214e-1,2.44043818531105146e-17,-3.42814285145947487e-17,1.24610154561385883e-1
1,negative,5.29999999999999985e-2,1.00000000000000000e0,3.26366807337997389e-1,3.26695321559930751e-1,3.38716350268210620e-1,3.01154455068582794e-1,5.77245401737714214e-1,2.57361792053994176e-1,2.44043818531105146e-17,-3.42814285145947487e-17,1.24610154561385883e-1
1,average,5.29999999999999985e-2,1.00000000000000000e0,3.26531064448964070e-1,3.26531064448964070e-1,3.19935402668396707e-1,3.19935402668396707e-1,4.17303596895854167e-1,4.17303596895854167e-1,2.44043818531105146e-17,-3.42814285145947487e-17,1.24610154561385883e-1
1,sum,5.29999999999999985e-2,1.00000000000000000e0,6.53062128897928140e-1,6.53062128897928140e-1,6.39870805336793413e-1,6.39870805336793413e-1,8.34607193791708335e-1,8.34607193791708335e-1,4.88087637062210291e-17,-6.85628570291894974e-17,2.49220309122771766e-1
1,positive,5.29999999999999985e-2,1.25000000000000000e0,3.75911422714934274e-1,3.74502703828409333e-1,3.49249173801721879e-1,3.87542233197654074e-1,3.04181151381847870e-1,6.32550751390823729e-1,-2.08752990585270148e-17,-1.46386031259229590e-17,2.27449214651995607e-1
1,negative,5.29999999999999985e-2,1.25000000000000000e0,3.74502703828409333e-1,3.75911422714934274e-1,3.87542233197654074e-1,3.49249173801721879e-1,6.32550751390823729e-1,3.04181151381847870e-1,-2.08752990585270148e-17,-1.46386031259229590e-17,2.27449214651995607e-1
1,average,5.29999999999999985e-2,1.25000000000000000e0,3.75207063271671803e-1,3.75207063271671803e-1,3.68395703499687976e-1,3.68395703499687976e-1,4.68365951386335799e-1,4.68365951386335799e-1,-2.08752990585270148e-17,-1.46386031259229590e-17,2.27449214651995607e-1
1,sum,5.29999999999999985e-2,1.25000000000000000e0,7.50414126543343607e-1,7.50414126543343607e-1,7.36791406999375953e-1,7.36791406999375953e-1,9.36731902772671599e-1,9.36731902772671599e-1,-4.17505981170540297e-17,-2.92772062518459181e-17,4.54898429303991214e-1
1,positive,5.29999999999999985e-2,1.00000000000000000e1,8.07988475417901419e-1,7.91332653481535031e-1,7.67215693577899538e-1,8.15777858720749816e-1,7.15323261272905464e-1,1.08802866953294952e0,1.05614238545257177e0,-7.85283276099381452e-18,1.07584041773851502e0
1,negative,5.29999999999999985e-2,1.00000000000000000e1,7.91332653481535031e-1,8.07988475417901419e-1,8.15777858720749816e-1,7.67215693577899538e-1,1.08802866953294952e0,7.15323261272905464e-1,1.05614238545257177e0,-7.85283276099381452e-18,1.07584041773851502e0
1,average,5.29999999999999985e-2,1.00000000000000000e1,7.99660564449718225e-1,7.99660564449718225e-1,7.91496776149324677e-1,7.91496776149324677e-1,9.01675965402927493e-1,9.01675965402927493e-1,1.05614238545257177e0,-7.85283276099381452e-18,1.07584041773851502e0
1,sum,5.29999999999999985e-2,1.00000000000000000e1,1.59932112889943645e0,1.59932112889943645e0,1.58299355229864935e0,1.58299355229864935e0,1.80335193080585499e0,1.80335193080585499e0,2.11228477090514355e0,-1.57056655219876290e-17,2.15168083547703004e0
1,positive,5.29999999999999985e-2,1.00000000000000000e2,1.09818477152404714e0,1.06563288303951031e0,1.04220914414283139e0,1.10127639489578733e0,9.88297407115563464e-1,1.38108022104513739e0,1.30783297158499345e0,1.85361894831877660e0,1.53424158870574345e0
1,negative,5.29999999999999985e-2,1.00000000000000000e2,1.06563288303951031e0,1.09818477152404714e0,1.10127639489578733e0,1.04220914414283139e0,1.38108022104513739e0,9.88297407115563464e-1,1.30783297158499345e0,1.85361894831877660e0,1.53424158870574345e0
1,average,5.29999999999999985e-2,1.00000000000000000e2,1.08190882728177873e0,1.08190882728177873e0,1.07174276951930936e0,1.07174276951930936e0,1.18468881408035043e0,1.18468881408035043e0,1.30783297158499345e0,1.85361894831877660e0,1.53424158870574345e0
1,sum,5.29999999999999985e-2,1.00000000000000000e2,2.16381765456355746e0,2.16381765456355746e0,2.14348553903861871e0,2.14348553903861871e0,2.36937762816070085e0,2.36937762816070085e0,2.61566594316998691e0,3.70723789663755321e0,3.06848317741148691e0
1,positive,5.29999999999999985e-2,1.00000000000000000e5,1.40817022653176438e0,1.34366336450697887e0,1.32391477637886856e0,1.40327273930660512e0,1.26925878511773571e0,1.67741378555074427e0,1.55276472544876265e0,1.93600466222987855e0,1.74716267094134747e0
1,negative,5.29999999999999985e-2,1.00000000000000000e5,1.34366336450697887e0,1.40817022653176438e0,1.40327273930660512e0,1.32391477637886856e0,1.67741378555074427e0,1.26925878511773571e0,1.55276472544876265e0,1.93600466222987855e0,1.74716267094134747e0
1,average,5.29999999999999985e-2,1.00000000000000000e5,1.37591679551937163e0,1.37591679551937163e0,1.36359375784273684e0,1.36359375784273684e0,1.47333628533423999e0,1.47333628533423999e0,1.55276472544876265e0,1.93600466222987855e0,1.74716267094134747e0
1,sum,5.29999999999999985e-2,1.00000000000000000e5,2.75183359103874325e0,2.75183359103874325e0,2.72718751568547368e0,2.72718751568547368e0,2.94667257066847998e0,2.94667257066847998e0,3.10552945089752530e0,3.87200932445975710e0,3.49432534188269495e0
1,positive,5.29999999999999985e-2,1.10000000000000009e0,3.47716746659265552e-1,3.46926850066202275e-1,3.21696909748974968e-1,3.59571103424654759e-1,2.77359508902990437e-1,6.00867696841176802e-1,5.06430008174088116e-18,-2.58914875611899810e-17,1.68535283700977673e-1
1,negative,5.29999999999999985e-2,1.10000000000000009e0,3.46926850066202275e-1,3.47716746659265552e-1,3.59571103424654759e-1,3.21696909748974968e-1,6.00867696841176802e-1,2.77359508902990437e-1,5.06430008174088116e-18,-2.58914875611899810e-17,1.68535283700977673e-1
1,average,5.29999999999999985e-2,1.10000000000000009e0,3.47321798362733913e-1,3.47321798362733913e-1,3.40634006586814864e-1,3.40634006586814864e-1,4.39113602872083619e-1,4.39113602872083619e-1,5.06430008174088116e-18,-2.58914875611899810e-17,1.68535283700977673e-1
1,sum,5.29999999999999985e-2,1.10000000000000009e0,6.94643596725467827e-1,6.94643596725467827e-1,6.81268013173629727e-1,6.81268013173629727e-1,8.78227205744167239e-1,8.78227205744167239e-1,1.01286001634817623e-17,-5.17829751223799620e-17,3.37070567401955345e-1
1,positive,5.29999999999999985e-2,3.70000000000000000e1,9.91742199476790320e-1,9.65685083252103338e-1,9.42123150394924447e-1,9.96922961283059350e-1,8.88711224277432210e-1,1.27471672369697786e0,1.21620337405341572e0,1.80189020921842880e0,1.38151331997534399e0
1,negative,5.29999999999999985e-2,3.70000000000000000e1,9.65685083252103338e-1,9.91742199476790320e-1,9.96922961283059350e-1,9.42123150394924447e-1,1.27471672369697786e0,8.88711224277432210e-1,1.21620337405341572e0,1.80189020921842880e0,1.38151331997534399e0
1,average,5.29999999999999985e-2,3.70000000000000000e1,9.78713641364446829e-1,9.78713641364446829e-1,9.69523055838991898e-1,9.69523055838991898e-1,1.08171397398720504e0,1.08171397398720504e0,1.21620337405341572e0,1.80189020921842880e0,1.38151331997534399e0
1,sum,5.29999999999999985e-2,3.70000000000000000e1,1.95742728272889366e0,1.95742728272889366e0,1.93904611167798380e0,1.93904611167798380e0,2.16342794797441007e0,2.16342794797441007e0,2.43240674810683144e0,3.60378041843685759e0,2.76302663995068798e0
1,positive,5.29999999999999985e-2,1.77700000000000000e3,1.29054845700771281e0,1.24225844319366852e0,1.22082181040467175e0,1.29003976751616722e0,1.16593692576278385e0,1.56958582744721586e0,1.46688011099741855e0,1.92829383629047602e0,1.73469440494229876e0
1,negative,5.29999999999999985e-2,1.77700000000000000e3,1.24225844319366852e0,1.29054845700771281e0,1.29003976751616722e0,1.22082181040467175e0,1.56958582744721586e0,1.16593692576278385e0,1.46688011099741855e0,1.92829383629047602e0,1.73469440494229876e0
1,average,5.29999999999999985e-2,1.77700000000000000e3,1.26640345010069066e0,1.26640345010069066e0,1.25543078896041949e0,1.25543078896041949e0,1.36776137660499986e0,1.36776137660499986e0,1.46688011099741855e0,1.92829383629047602e0,1.73469440494229876e0
1,sum,5.29999999999999985e-2,1.77700000000000000e3,2.53280690020138133e0,2.53280690020138133e0,2.51086157792083897e0,2.51086157792083897e0,2.73552275320999971e0,2.73552275320999971e0,2.93376022199483710e0,3.85658767258095203e0,3.46938880988459752e0
1,positive,5.29999999999999985e-2,9.99990000000000000e4,1.40817004187225314e0,1.34366321433589575e0,1.32391462877247368e0,1.40327257046114240e0,1.26925863454377796e0,1.67741363103348351e0,1.55276461731788018e0,1.93600471064938828e0,1.74716279192794777e0
1,negative,5.29999999999999985e-2,9.99990000000000000e4,1.34366321433589575e0,1.40817004187225314e0,1.40327257046114240e0,1.32391462877247368e0,1.67741363103348351e0,1.26925863454377796e0,1.55276461731788018e0,1.93600471064938828e0,1.74716279192794777e0
1,average,5.29999999999999985e-2,9.99990000000000000e4,1.37591662810407445e0,1.37591662810407445e0,1.36359359961680804e0,1.36359359961680804e0,1.47333613278863074e0,1.47333613278863074e0,1.55276461731788018e0,1.93600471064938828e0,1.74716279192794777e0
1,sum,5.29999999999999985e-2,9.99990000000000000e4,2.75183325620814889e0,2.75183325620814889e0,2.72718719923361608e0,2.72718719923361608e0,2.94667226557726147e0,2.94667226557726147e0,3.10552923463576036e0,3.87200942129877657e0,3.49432558385589553e0
1,positive,1.37000000000000011e-1,1.00000000000000000e0,5.54932884003224824e-1,4.96756112375237813e-1,4.71708508729683507e-1,5.56325630079983036e-1,3.96862882015022178e-1,9.16940722305145783e-1,8.39929586209972753e-18,-5.43615039091017561e-18,4.27976008851924050e-1
1,negative,1.37000000000000011e-1,1.00000000000000000e0,4.96756112375237813e-1,5.54932884003224824e-1,5.56325630079983036e-1,4.71708508729683507e-1,9.16940722305145783e-1,3.96862882015022178e-1,8.39929586209972753e-18,-5.43615039091017561e-18,4.27976008851924050e-1
1,average,1.37000000000000011e-1,1.00000000000000000e0,5.25844498189231291e-1,5.25844498189231291e-1,5.14017069404833271e-1,5.14017069404833271e-1,6.56901802160083981e-1,6.56901802160083981e-1,8.39929586209972753e-18,-5.43615039091017561e-18,4.27976008851924050e-1
1,sum,1.37000000000000011e-1,1.00000000000000000e0,1.05168899637846258e0,1.05168899637846258e0,1.02803413880966654e0,1.02803413880966654e0,1.31380360432016796e0,1.31380360432016796e0,1.67985917241994551e-17,-1.08723007818203512e-17,8.55952017703848100e-1
1,positive,1.37000000000000011e-1,1.25000000000000000e0,6.01763431304895180e-1,5.30543472028729868e-1,5.06678218890986187e-1,6.00478115807592916e-1,4.32390383993101424e-1,9.53495417493061437e-1,-4.41352256646076575e-18,-4.31630239673329984e-18,5.22797861889631732e-1
1,negative,1.37000000000000011e-1,1.25000000000000000e0,5.30543472028729868e-1,6.01763431304895180e-1,6.00478115807592916e-1,5.06678218890986187e-1,9.53495417493061437e-1,4.32390383993101424e-1,-4.41352256646076575e-18,-4.31630239673329984e-18,5.22797861889631732e-1
1,average,1.37000000000000011e-1,1.25000000000000000e0,5.66153451666812524e-1,5.66153451666812524e-1,5.53578167349289552e-1,5.53578167349289552e-1,6.92942900743081402e-1,6.92942900743081402e-1,-4.41352256646076575e-18,-4.31630239673329984e-18,5.22797861889631732e-1
1,sum,1.37000000000000011e-1,1.25000000000000000e0,1.13230690333362505e0,1.13230690333362505e0,1.10715633469857910e0,1.10715633469857910e0,1.38588580148616280e0,1.38588580148616280e0,-8.82704513292153150e-18,-8.63260479346659968e-18,1.04559572377926346e0
1,positive,1.37000000000000011e-1,1.00000000000000000e1,8.14232563586446134e-1,6.77122101009094535e-1,6.59550265037470718e-1,7.97132983172441190e-1,5.93309834205361653e-1,1.10241575397879688e0,8.74357728934649581e-1,-5.62140780852290703e-18,8.80787831254164488e-1
1,negative,1.37000000000000011e-1,1.00000000000000000e1,6.77122101009094535e-1,8.14232563586446134e-1,7.97132983172441190e-1,6.59550265037470718e-1,1.10241575397879688e0,5.93309834205361653e-1,8.74357728934649581e-1,-5.62140780852290703e-18,8.80787831254164488e-1
1,average,1.37000000000000011e-1,1.00000000000000000e1,7.45677332297770334e-1,7.45677332297770334e-1,7.28341624104955954e-1,7.28341624104955954e-1,8.47862794092079319e-1,8.47862794092079319e-1,8.74357728934649581e-1,-5.62140780852290703e-18,8.80787831254164488e-1
1,sum,1.37000000000000011e-1,1.00000000000000000e1,1.49135466459554067e0,1.49135466459554067e0,1.45668324820991191e0,1.45668324820991191e0,1.69572558818415864e0,1.69572558818415864e0,1.74871545786929916e0,-1.12428156170458141e-17,1.76157566250832898e0
1,positive,1.37000000000000011e-1,1.00000000000000000e2,8.66345236915081585e-1,7.01074642569678885e-1,6.87445090417940774e-1,8.41308808463149926e-1,6.27164030051276189e-1,1.11354737249443492e0,8.94085937649084506e-1,9.69826650049501637e-1,8.85027370946171899e-1
1,negative,1.37000000000000011e-1,1.00000000000000000e2,7.01074642569678885e-1,8.66345236915081585e-1,8.41308808463149926e-1,6.87445090417940774e-1,1.11354737249443492e0,6.27164030051276189e-1,8.94085937649084506e-1,9.69826650049501637e-1,8.85027370946171899e-1
1,average,1.37000000000000011e-1,1.00000000000000000e2,7.83709939742380235e-1,7.83709939742380235e-1,7.64376949440545350e-1,7.64376949440545350e-1,8.70355701272855553e-1,8.70355701272855553e-1,8.94085937649084506e-1,9.69826650049501637e-1,8.85027370946171899e-1
1,sum,1.37000000000000011e-1,1.00000000000000000e2,1.56741987948476047e0,1.56741987948476047e0,1.52875389888109070e0,1.52875389888109070e0,1.74071140254571111e0,1.74071140254571111e0,1.78817187529816901e0,1.93965330009900327e0,1.77005474189234380e0
1,positive,1.37000000000000011e-1,1.00000000000000000e5,8.13021698491306455e-1,6.26350987661127845e-1,6.18935515202510445e-1,7.79782910299296583e-1,5.70572618441994583e-1,9.96968201046140479e-1,7.99895325102499610e-1,8.04092432413669678e-1,6.43755404529006703e-1
1,negative,1.37000000000000011e-1,1.00000000000000000e5,6.26350987661127845e-1,8.13021698491306455e-1,7.79782910299296583e-1,6.18935515202510445e-1,9.96968201046140479e-1,5.70572618441994583e-1,7.99895325102499610e-1,8.04092432413669678e-1,6.43755404529006703e-1
1,average,1.37000000000000011e-1,1.00000000000000000e5,7.19686343076217150e-1,7.19686343076217150e-1,6.99359212750903514e-1,6.99359212750903514e-1,7.83770409744067531e-1,7.83770409744067531e-1,7.99895325102499610e-1,8.04092432413669678e-1,6.43755404529006703e-1
1,sum,1.37000000000000011e-1,1.00000000000000000e5,1.43937268615243430e0,1.43937268615243430e0,1.39871842550180703e0,1.39871842550180703e0,1.56754081948813506e0,1.56754081948813506e0,1.59979065020499922e0,1.60818486482733936e0,1.28751080905801341e0
1,positive,1.37000000000000011e-1,1.10000000000000009e0,5.74935379515058687e-1,5.11187536921104524e-1,4.86644944685592939e-1,5.75184258656619818e-1,4.12037564776798371e-1,9.32554144922708383e-1,2.92662133920168053e-18,-4.95783536432794010e-18,4.68476788772189068e-1
1,negative,1.37000000000000011e-1,1.10000000000000009e0,5.11187536921104524e-1,5.74935379515058687e-1,5.75184258656619818e-1,4.86644944685592939e-1,9.32554144922708383e-1,4.12037564776798371e-1,2.92662133920168053e-18,-4.95783536432794010e-18,4.68476788772189068e-1
1,average,1.37000000000000011e-1,1.10000000000000009e0,5.43061458218081605e-1,5.43061458218081605e-1,5.30914601671106379e-1,5.30914601671106379e-1,6.72295854849753405e-1,6.72295854849753405e-1,2.92662133920168053e-18,-4.95783536432794010e-18,4.68476788772189068e-1
1,sum,1.37000000000000011e-1,1.10000000000000009e0,1.08612291643616321e0,1.08612291643616321e0,1.06182920334221276e0,1.06182920334221276e0,1.34459170969950681e0,1.34459170969950681e0,5.85324267840336106e-18,-9.91567072865588020e-18,9.36953577544378136e-1
1,positive,1.37000000000000011e-1,3.70000000000000000e1,8.54247809687653237e-1,6.98385803697013752e-1,6.83169669264795720e-1,8.31864806031851645e-1,6.20598709030889650e-1,1.11693049498906705e0,8.93523966733435038e-1,9.90631067059194237e-1,9.01156725755041688e-1
1,negative,1.37000000000000011e-1,3.70000000000000000e1,6.98385803697013752e-1,8.54247809687653237e-1,8.31864806031851645e-1,6.83169669264795720e-1,1.11693049498906705e0,6.20598709030889650e-1,8.93523966733435038e-1,9.90631067059194237e-1,9.01156725755041688e-1
1,average,1.37000000000000011e-1,3.70000000000000000e1,7.76316806692333494e-1,7.76316806692333494e-1,7.57517237648323682e-1,7.57517237648323682e-1,8.68764602009978404e-1,8.68764602009978404e-1,8.93523966733435038e-1,9.90631067059194237e-1,9.01156725755041688e-1
1,sum,1.37000000000000011e-1,3.70000000000000000e1,1.55263361338466699e0,1.55263361338466699e0,1.51503447529664736e0,1.51503447529664736e0,1.73752920401995681e0,1.73752920401995681e0,1.78704793346687008e0,1.98126213411838847e0,1.80231345151008338e0
1,positive,1.37000000000000011e-1,1.77700000000000000e3,8.58375746680138829e-1,6.78285812045802960e-1,6.67794729246408592e-1,8.28194564704779923e-1,6.13441511420732888e-1,1.07252395082685181e0,8.63100337475355861e-1,8.98180358902627596e-1,7.85743717924802798e-1
1,negative,1.37000000000000011e-1,1.77700000000000000e3,6.78285812045802960e-1,8.58375746680138829e-1,8.28194564704779923e-1,6.67794729246408592e-1,1.07252395082685181e0,6.13441511420732888e-1,8.63100337475355861e-1,8.98180358902627596e-1,7.85743717924802798e-1
1,average,1.37000000000000011e-1,1.77700000000000000e3,7.68330779362970895e-1,7.68330779362970895e-1,7.47994646975594257e-1,7.47994646975594257e-1,8.42982731123792295e-1,8.42982731123792295e-1,8.63100337475355861e-1,8.98180358902627596e-1,7.85743717924802798e-1
1,sum,1.37000000000000011e-1,1.77700000000000000e3,1.53666155872594179e0,1.53666155872594179e0,1.49598929395118851e0,1.49598929395118851e0,1.68596546224758459e0,1.68596546224758459e0,1.72620067495071172e0,1.79636071780525519e0,1.57148743584960560e0
1,positive,1.37000000000000011e-1,9.99990000000000000e4,8.13021833172984487e-1,6.26351129543781915e-1,6.18935637666167771e-1,7.79783036611330416e-1,5.70572738242469235e-1,9.96968394641172706e-1,7.99895488143715916e-1,8.04092649505187218e-1,6.43755723864915530e-1
1,negative,1.37000000000000011e-1,9.99990000000000000e4,6.26351129543781915e-1,8.13021833172984487e-1,7.79783036611330416e-1,6.18935637666167771e-1,9.96968394641172706e-1,5.70572738242469235e-1,7.99895488143715916e-1,8.04092649505187218e-1,6.43755723864915530e-1
1,average,1.37000000000000011e-1,9.99990000000000000e4,7.19686481358383201e-1,7.19686481358383201e-1,6.99359337138749093e-1,6.99359337138749093e-1,7.83770566441820971e-1,7.83770566441820971e-1,7.99895488143715916e-1,8.04092649505187218e-1,6.43755723864915530e-1
1,sum,1.37000000000000011e-1,9.99990000000000000e4,1.43937296271676640e0,1.43937296271676640e0,1.39871867427749819e0,1.39871867427749819e0,1.56754113288364194e0,1.56754113288364194e0,1.59979097628743183e0,1.60818529901037444e0,1.28751144772983106e0
1,positive,3.33000000000000018e-1,1.00000000000000000e0,5.79036500229657580e-1,2.27532379785108818e-1,2.27274342073860464e-1,5.08656173790022481e-1,1.78268923377270738e-1,7.13372222739600437e-1,2.73488649597519587e-18,1.01257857945995198e-18,5.38165602603580151e-1
1,negative,3.33000000000000018e-1,1.00000000000000000e0,2.27532379785108818e-1,5.79036500229657580e-1,5.08656173790022481e-1,2.27274342073860464e-1,7.13372222739600437e-1,1.78268923377270738e-1,2.73488649597519587e-18,1.01257857945995198e-18,5.38165602603580151e-1
1,average,3.33000000000000018e-1,1.00000000000000000e0,4.03284440007383171e-1,4.03284440007383171e-1,3.67965257931941458e-1,3.67965257931941458e-1,4.45820573058435587e-1,4.45820573058435587e-1,2.73488649597519587e-18,1.01257857945995198e-18,5.38165602603580151e-1
1,sum,3.33000000000000018e-1,1.00000000000000000e0,8.06568880014766343e-1,8.06568880014766343e-1,7.35930515863882917e-1,7.35930515863882917e-1,8.91641146116871175e-1,8.91641146116871175e-1,5.46977299195039173e-18,2.02515715891990396e-18,1.07633120520716030e0
1,positive,3.33000000000000018e-1,1.25000000000000000e0,5.75201161944157602e-1,2.33595537260856273e-1,2.34022064327331664e-1,5.05582513504189257e-1,1.87037919338285674e-1,7.05397075162131681e-1,7.47361434327220136e-19,-1.28907860439289913e-18,5.35097280466284242e-1
1,negative,3.33000000000000018e-1,1.25000000000000000e0,2.33595537260856273e-1,5.75201161944157602e-1,5.05582513504189257e-1,2.34022064327331664e-1,7.05397075162131681e-1,1.87037919338285674e-1,7.47361434327220136e-19,-1.28907860439289913e-18,5.35097280466284242e-1
1,average,3.33000000000000018e-1,1.25000000000000000e0,4.04398349602506924e-1,4.04398349602506924e-1,3.69802288915760446e-1,3.69802288915760446e-1,4.46217497250208650e-1,4.46217497250208650e-1,7.47361434327220136e-19,-1.28907860439289913e-18,5.35097280466284242e-1
1,sum,3.33000000000000018e-1,1.25000000000000000e0,8.08796699205013847e-1,8.08796699205013847e-1,7.39604577831520893e-1,7.39604577831520893e-1,8.92434994500417300e-1,8.92434994500417300e-1,1.49472286865444027e-18,-2.57815720878579826e-18,1.07019456093256848e0
1,positive,3.33000000000000018e-1,1.00000000000000000e1,5.03062821604939980e-1,2.26127511369614786e-1,2.29548594559328467e-1,4.41050421889854050e-1,1.94279164013526989e-1,6.06911199388245892e-1,4.16140850028303422e-1,-2.78493390840905353e-18,4.05849141092509746e-1
1,negative,3.33000000000000018e-1,1.00000000000000000e1,2.26127511369614786e-1,5.03062821604939980e-1,4.41050421889854050e-1,2.29548594559328467e-1,6.06911199388245892e-1,1.94279164013526989e-1,4.16140850028303422e-1,-2.78493390840905353e-18,4.05849141092509746e-1
1,average,3.33000000000000018e-1,1.00000000000000000e1,3.64595166487277411e-1,3.64595166487277411e-1,3.35299508224591258e-1,3.35299508224591258e-1,4.00595181700886427e-1,4.00595181700886427e-1,4.16140850028303422e-1,-2.78493390840905353e-18,4.05849141092509746e-1
1,sum,3.33000000000000018e-1,1.00000000000000000e1,7.29190332974554822e-1,7.29190332974554822e-1,6.70599016449182517e-1,6.70599016449182517e-1,8.01190363401772854e-1,8.01190363401772854e-1,8.32281700056606843e-1,-5.56986781681810705e-18,8.11698282185019493e-1
1,positive,3.33000000000000018e-1,1.00000000000000000e2,4.30598371147158876e-1,1.96062298423012982e-1,2.00495220639392846e-1,3.75240827095103202e-1,1.72077573856171978e-1,5.17110493799561977e-1,3.44175835370892413e-1,2.23615162094963960e-1,2.84967121505381893e-1
1,negative,3.33000000000000018e-1,1.00000000000000000e2,1.96062298423012982e-1,4.30598371147158876e-1,3.75240827095103202e-1,2.00495220639392846e-1,5.17110493799561977e-1,1.72077573856171978e-1,3.44175835370892413e-1,2.23615162094963960e-1,2.84967121505381893e-1
1,average,3.33000000000000018e-1,1.00000000000000000e2,3.13330334785085929e-1,3.13330334785085929e-1,2.87868023867248024e-1,2.87868023867248024e-1,3.44594033827866963e-1,3.44594033827866963e-1,3.44175835370892413e-1,2.23615162094963960e-1,2.84967121505381893e-1
1,sum,3.33000000000000018e-1,1.00000000000000000e2,6.26660669570171858e-1,6.26660669570171858e-1,5.75736047734496048e-1,5.75736047734496048e-1,6.89188067655733927e-1,6.89188067655733927e-1,6.88351670741784827e-1,4.47230324189927919e-1,5.69934243010763786e-1
1,positive,3.33000000000000018e-1,1.00000000000000000e5,2.99930161214372881e-1,1.32537987869009805e-1,1.37528196706393435e-1,2.57335986544294959e-1,1.18930605168709125e-1,3.58961103587182528e-1,2.22546241377730075e-1,1.41834899311210128e-1,1.23018953001134385e-1
1,negative,3.33000000000000018e-1,1.00000000000000000e5,1.32537987869009805e-1,2.99930161214372881e-1,2.57335986544294959e-1,1.37528196706393435e-1,3.58961103587182528e-1,1.18930605168709125e-1,2.22546241377730075e-1,1.41834899311210128e-1,1.23018953001134385e-1
1,average,3.33000000000000018e-1,1.00000000000000000e5,2.16234074541691357e-1,2.16234074541691357e-1,1.97432091625344197e-1,1.97432091625344197e-1,2.38945854377945827e-1,2.38945854377945827e-1,2.22546241377730075e-1,1.41834899311210128e-1,1.23018953001134385e-1
1,sum,3.33000000000000018e-1,1.00000000000000000e5,4.32468149083382714e-1,4.32468149083382714e-1,3.94864183250688394e-1,3.94864183250688394e-1,4.77891708755891653e-1,4.77891708755891653e-1,4.45092482755460150e-1,2.83669798622420255e-1,2.46037906002268769e-1
1,positive,3.33000000000000018e-1,1.10000000000000009e0,5.77398331528619635e-1,2.30122105662428550e-1,2.30156462652565424e-1,5.07343336771991615e-1,1.82014380401797848e-1,7.09965838171918051e-1,1.88596493908677281e-18,2.94833533199265067e-20,5.36855045642014694e-1
1,negative,3.33000000000000018e-1,1.10000000000000009e0,2.30122105662428550e-1,5.77398331528619635e-1,5.07343336771991615e-1,2.30156462652565424e-1,7.09965838171918051e-1,1.82014380401797848e-1,1.88596493908677281e-18,2.94833533199265067e-20,5.36855045642014694e-1
1,average,3.33000000000000018e-1,1.10000000000000009e0,4.03760218595524079e-1,4.03760218595524079e-1,3.68749899712278506e-1,3.68749899712278506e-1,4.45990109286857950e-1,4.45990109286857950e-1,1.88596493908677281e-18,2.94833533199265067e-20,5.36855045642014694e-1
1,sum,3.33000000000000018e-1,1.10000000000000009e0,8.07520437191048157e-1,8.07520437191048157e-1,7.37499799424557012e-1,7.37499799424557012e-1,8.91980218573715899e-1,8.91980218573715899e-1,3.77192987817354562e-18,5.89667066398530133e-20,1.07371009128402939e0
1,positive,3.33000000000000018e-1,3.70000000000000000e1,4.59558481443513356e-1,2.08858067938225089e-1,2.12977019644860877e-1,4.01484623456016709e-1,1.82019813552889764e-1,5.52617328863330703e-1,3.72418812219859785e-1,2.42527563229058774e-1,3.30973534521886437e-1
1,negative,3.33000000000000018e-1,3.70000000000000000e1,2.08858067938225089e-1,4.59558481443513356e-1,4.01484623456016709e-1,2.12977019644860877e-1,5.52617328863330703e-1,1.82019813552889764e-1,3.72418812219859785e-1,2.42527563229058774e-1,3.30973534521886437e-1
1,average,3.33000000000000018e-1,3.70000000000000000e1,3.34208274690869223e-1,3.34208274690869223e-1,3.07230821550438793e-1,3.07230821550438793e-1,3.67318571208110234e-1,3.67318571208110234e-1,3.72418812219859785e-1,2.42527563229058774e-1,3.30973534521886437e-1
1,sum,3.33000000000000018e-1,3.70000000000000000e1,6.68416549381738445e-1,6.68416549381738445e-1,6.14461643100877586e-1,6.14461643100877586e-1,7.34637142416220468e-1,7.34637142416220468e-1,7.44837624439719570e-1,4.85055126458117547e-1,6.61947069043772873e-1
1,positive,3.33000000000000018e-1,1.77700000000000000e3,3.63912808405972454e-1,1.64260153826687405e-1,1.69137394042221889e-1,3.14913172203882707e-1,1.45946108933675711e-1,4.36117961032959911e-1,2.80886094685268595e-1,1.81022248371946609e-1,1.92872233654582226e-1
1,negative,3.33000000000000018e-1,1.77700000000000000e3,1.64260153826687405e-1,3.63912808405972454e-1,3.14913172203882707e-1,1.69137394042221889e-1,4.36117961032959911e-1,1.45946108933675711e-1,2.80886094685268595e-1,1.81022248371946609e-1,1.92872233654582226e-1
1,average,3.33000000000000018e-1,1.77700000000000000e3,2.64086481116329930e-1,2.64086481116329930e-1,2.42025283123052298e-1,2.42025283123052298e-1,2.91032034983317811e-1,2.91032034983317811e-1,2.80886094685268595e-1,1.81022248371946609e-1,1.92872233654582226e-1
1,sum,3.33000000000000018e-1,1.77700000000000000e3,5.28172962232659859e-1,5.28172962232659859e-1,4.84050566246104597e-1,4.84050566246104597e-1,5.82064069966635622e-1,5.82064069966635622e-1,5.61772189370537189e-1,3.62044496743893218e-1,3.85744467309164452e-1
1,positive,3.33000000000000018e-1,9.99990000000000000e4,2.99930293658338010e-1,1.32538054006509476e-1,1.37528263169641479e-1,2.57336105118091241e-1,1.18930661827551062e-1,3.58961263276771247e-1,2.22546359473121652e-1,1.41834978689389379e-1,1.23019081588139914e-1
1,negative,3.33000000000000018e-1,9.99990000000000000e4,1.32538054006509476e-1,2.99930293658338010e-1,2.57336105118091241e-1,1.37528263169641479e-1,3.58961263276771247e-1,1.18930661827551062e-1,2.22546359473121652e-1,1.41834978689389379e-1,1.23019081588139914e-1
1,average,3.33000000000000018e-1,9.99990000000000000e4,2.16234173832423743e-1,2.16234173832423743e-1,1.97432184143866374e-1,1.97432184143866374e-1,2.38945962552161162e-1,2.38945962552161162e-1,2.22546359473121652e-1,1.41834978689389379e-1,1.23019081588139914e-1
1,sum,3.33000000000000018e-1,9.99990000000000000e4,4.32468347664847486e-1,4.32468347664847486e-1,3.94864368287732748e-1,3.94864368287732748e-1,4.77891925104322324e-1,4.77891925104322324e-1,4.45092718946243304e-1,2.83669957378778759e-1,2.46038163176279828e-1
1,positive,7.77000000000000024e-1,1.00000000000000000e0,1.88339339810690842e-1,1.33521283611741093e-2,2.97520544716092378e-2,1.31850039922712214e-1,2.21762546015853712e-2,1.92410349176821704e-1,3.41297945867119686e-18,3.33130711079568843e-18,2.40821909862700828e-1
1,negative,7.77000000000000024e-1,1.00000000000000000e0,1.33521283611741093e-2,1.88339339810690842e-1,1.31850039922712214e-1,2.97520544716092378e-2,1.92410349176821704e-1,2.21762546015853712e-2,3.41297945867119686e-18,3.33130711079568843e-18,2.40821909862700828e-1
1,average,7.77000000000000024e-1,1.00000000000000000e0,1.00845734085932476e-1,1.00845734085932476e-1,8.08010471971607191e-2,8.08010471971607191e-2,1.07293301889203538e-1,1.07293301889203538e-1,3.41297945867119686e-18,3.33130711079568843e-18,2.40821909862700828e-1
1,sum,7.77000000000000024e-1,1.00000000000000000e0,2.01691468171864952e-1,2.01691468171864952e-1,1.61602094394321438e-1,1.61602094394321438e-1,2.14586603778407076e-1,2.14586603778407076e-1,6.82595891734239371e-18,6.66261422159137686e-18,4.81643819725401656e-1
1,positive,7.77000000000000024e-1,1.25000000000000000e0,1.73751046903118267e-1,1.32521403366427648e-2,2.91615123123974834e-2,1.21355461276442020e-1,2.23927456862576951e-2,1.75550559659190086e-1,-1.20272677789985886e-19,-4.81607748795968258e-18,2.07274547635040246e-1
1,negative,7.77000000000000024e-1,1.25000000000000000e0,1.32521403366427648e-2,1.73751046903118267e-1,1.21355461276442020e-1,2.91615123123974834e-2,1.75550559659190086e-1,2.23927456862576951e-2,-1.20272677789985886e-19,-4.81607748795968258e-18,2.07274547635040246e-1
1,average,7.77000000000000024e-1,1.25000000000000000e0,9.35015936198805159e-2,9.35015936198805159e-2,7.52584867944197516e-2,7.52584867944197516e-2,9.89716526727238977e-2,9.89716526727238977e-2,-1.20272677789985886e-19,-4.81607748795968258e-18,2.07274547635040246e-1
1,sum,7.77000000000000024e-1,1.25000000000000000e0,1.87003187239761032e-1,1.87003187239761032e-1,1.50516973588839503e-1,1.50516973588839503e-1,1.97943305345447795e-1,1.97943305345447795e-1,-2.40545355579971772e-19,-9.63215497591936516e-18,4.14549095270080492e-1
1,positive,7.77000000000000024e-1,1.00000000000000000e1,9.66106553277320257e-2,8.15303284196570305e-3,1.94388949046126712e-2,6.58994851664439912e-2,1.61289989185337684e-2,9.22054914936064479e-2,8.78218753204914812e-3,-1.85644853896083767e-18,5.74883842638703388e-2
1,negative,7.77000000000000024e-1,1.00000000000000000e1,8.15303284196570305e-3,9.66106553277320257e-2,6.58994851664439912e-2,1.94388949046126712e-2,9.22054914936064479e-2,1.61289989185337684e-2,8.78218753204914812e-3,-1.85644853896083767e-18,5.74883842638703388e-2
1,average,7.77000000000000024e-1,1.00000000000000000e1,5.23818440848488609e-2,5.23818440848488609e-2,4.26691900355283329e-2,4.26691900355283329e-2,5.41672452060701082e-2,5.41672452060701082e-2,8.78218753204914812e-3,-1.85644853896083767e-18,5.74883842638703388e-2
1,sum,7.77000000000000024e-1,1.00000000000000000e1,1.04763688169697722e-1,1.04763688169697722e-1,8.53383800710566659e-2,8.53383800710566659e-2,1.08334490412140216e-1,1.08334490412140216e-1,1.75643750640982962e-2,-3.71289707792167534e-18,1.14976768527740678e-1
1,positive,7.77000000000000024e-1,1.00000000000000000e2,6.15997431814936519e-2,4.86912352284025671e-3,1.30229404660178530e-2,4.12607806316440326e-2,1.10391135027928487e-2,5.70101652881984389e-2,5.04838694453285143e-3,2.87098332017966199e-3,1.92067444799602534e-2
1,negative,7.77000000000000024e-1,1.00000000000000000e2,4.86912352284025671e-3,6.15997431814936519e-2,4.12607806316440326e-2,1.30229404660178530e-2,5.70101652881984389e-2,1.10391135027928487e-2,5.04838694453285143e-3,2.87098332017966199e-3,1.92067444799602534e-2
1,average,7.77000000000000024e-1,1.00000000000000000e2,3.32344333521669560e-2,3.32344333521669560e-2,2.71418605488309428e-2,2.71418605488309428e-2,3.40246393954956455e-2,3.40246393954956455e-2,5.04838694453285143e-3,2.87098332017966199e-3,1.92067444799602534e-2
1,sum,7.77000000000000024e-1,1.00000000000000000e2,6.64688667043339121e-2,6.64688667043339121e-2,5.42837210976618856e-2,5.42837210976618856e-2,6.80492787909912911e-2,6.80492787909912911e-2,1.00967738890657029e-2,5.74196664035932398e-3,3.84134889599205068e-2
1,positive,7.77000000000000024e-1,1.00000000000000000e5,2.56492244633373667e-2,1.70653503404780832e-3,5.72416525076905550e-3,1.66474280896064288e-2,4.95356845058814513e-3,2.26726702310064525e-2,1.66046811808960105e-3,9.93098389680506380e-4,2.13868801846264214e-3
1,negative,7.77000000000000024e-1,1.00000000000000000e5,1.70653503404780832e-3,2.56492244633373667e-2,1.66474280896064288e-2,5.72416525076905550e-3,2.26726702310064525e-2,4.95356845058814513e-3,1.66046811808960105e-3,9.93098389680506380e-4,2.13868801846264214e-3
1,average,7.77000000000000024e-1,1.00000000000000000e5,1.36778797486925875e-2,1.36778797486925875e-2,1.11857966701877417e-2,1.11857966701877417e-2,1.38131193407972988e-2,1.38131193407972988e-2,1.66046811808960105e-3,9.93098389680506380e-4,2.13868801846264214e-3
1,sum,7.77000000000000024e-1,1.00000000000000000e5,2.73557594973851750e-2,2.73557594973851750e-2,2.23715933403754834e-2,2.23715933403754834e-2,2.76262386815945976e-2,2.76262386815945976e-2,3.32093623617920209e-3,1.98619677936101276e-3,4.27737603692528428e-3
1,positive,7.77000000000000024e-1,1.10000000000000009e0,1.82108315826936762e-1,1.33094209804757307e-2,2.94998191771316809e-2,1.27367543467602040e-1,2.22687233468600171e-2,1.85209112300718404e-1,1.90383929111177683e-18,-1.48644187231864759e-19,2.26492994207070392e-1
1,negative,7.77000000000000024e-1,1.10000000000000009e0,1.33094209804757307e-2,1.82108315826936762e-1,1.27367543467602040e-1,2.94998191771316809e-2,1.85209112300718404e-1,2.22687233468600171e-2,1.90383929111177683e-18,-1.48644187231864759e-19,2.26492994207070392e-1
1,average,7.77000000000000024e-1,1.10000000000000009e0,9.77088684037062394e-2,9.77088684037062394e-2,7.84336813223668605e-2,7.84336813223668605e-2,1.03738917823789217e-1,1.03738917823789217e-1,1.90383929111177683e-18,-1.48644187231864759e-19,2.26492994207070392e-1
1,sum,7.77000000000000024e-1,1.10000000000000009e0,1.95417736807412479e-1,1.95417736807412479e-1,1.56867362644733721e-1,1.56867362644733721e-1,2.07477835647578435e-1,2.07477835647578435e-1,3.80767858222355365e-18,-2.97288374463729518e-19,4.52985988414140783e-1
1,positive,7.77000000000000024e-1,3.70000000000000000e1,7.36632082511330111e-2,5.99354277095922455e-3,1.53264382816422351e-2,4.96943082229461403e-2,1.28940099154112656e-2,6.89674527801774628e-2,6.31481338886382814e-3,3.51117429073360141e-3,2.99825559564261476e-2
1,negative,7.77000000000000024e-1,3.70000000000000000e1,5.99354277095922455e-3,7.36632082511330111e-2,4.96943082229461403e-2,1.53264382816422351e-2,6.89674527801774628e-2,1.28940099154112656e-2,6.31481338886382814e-3,3.51117429073360141e-3,2.99825559564261476e-2
1,average,7.77000000000000024e-1,3.70000000000000000e1,3.98283755110461213e-2,3.98283755110461213e-2,3.25103732522941877e-2,3.25103732522941877e-2,4.09307313477943607e-2,4.09307313477943607e-2,6.31481338886382814e-3,3.51117429073360141e-3,2.99825559564261476e-2
1,sum,7.77000000000000024e-1,3.70000000000000000e1,7.96567510220922426e-2,7.96567510220922426e-2,6.50207465045883753e-2,6.50207465045883753e-2,8.18614626955887215e-2,8.18614626955887215e-2,1.26296267777276563e-2,7.02234858146720282e-3,5.99651119128522953e-2
1,positive,7.77000000000000024e-1,1.77700000000000000e3,4.03152824141721905e-2,2.93208105311486278e-3,8.78298350251961214e-3,2.65720687857943574e-2,7.53165536010800413e-3,3.64312985260509606e-2,2.94823433394402834e-3,1.73036874452001197e-3,6.62503143670632039e-3
1,negative,7.77000000000000024e-1,1.77700000000000000e3,2.93208105311486278e-3,4.03152824141721905e-2,2.65720687857943574e-2,8.78298350251961214e-3,3.64312985260509606e-2,7.53165536010800413e-3,2.94823433394402834e-3,1.73036874452001197e-3,6.62503143670632039e-3
1,average,7.77000000000000024e-1,1.77700000000000000e3,2.16236817336435266e-2,2.16236817336435266e-2,1.76775261441569839e-2,1.76775261441569839e-2,2.19814769430794824e-2,2.19814769430794824e-2,2.94823433394402834e-3,1.73036874452001197e-3,6.62503143670632039e-3
1,sum,7.77000000000000024e-1,1.77700000000000000e3,4.32473634672870533e-2,4.32473634672870533e-2,3.53550522883139678e-2,3.53550522883139678e-2,4.39629538861589647e-2,4.39629538861589647e-2,5.89646866788805669e-3,3.46073748904002394e-3,1.32500628734126408e-2
1,positive,7.77000000000000024e-1,9.99990000000000000e4,2.56492507405924261e-2,1.70653711546006788e-3,5.72417077725517840e-3,1.66474456862906323e-2,4.95357321561712589e-3,2.26726945588730661e-2,1.66047028508901993e-3,9.93099646915583277e-4,2.13869364992479074e-3
1,negative,7.77000000000000024e-1,9.99990000000000000e4,1.70653711546006788e-3,2.56492507405924261e-2,1.66474456862906323e-2,5.72417077725517840e-3,2.26726945588730661e-2,4.95357321561712589e-3,1.66047028508901993e-3,9.93099646915583277e-4,2.13869364992479074e-3
1,average,7.77000000000000024e-1,9.99990000000000000e4,1.36778939280262461e-2,1.36778939280262461e-2,1.11858082317729049e-2,1.11858082317729049e-2,1.38131338872450951e-2,1.38131338872450951e-2,1.66047028508901993e-3,9.93099646915583277e-4,2.13869364992479074e-3
1,sum,7.77000000000000024e-1,9.99990000000000000e4,2.73557878560524922e-2,2.73557878560524922e-2,2.23716164635458098e-2,2.23716164635458098e-2,2.76262677744901902e-2,2.76262677744901902e-2,3.32094057017803986e-3,1.98619929383116655e-3,4.27738729984958148e-3
1,positive,9.74999999999999978e-1,1.00000000000000000e0,3.99516645759954883e-4,3.39977071451844971e-6,1.09635341075882574e-4,2.21159443659831002e-4,1.00888922400070062e-4,2.88195948261490476e-4,7.45445577309312677e-22,4.25107222803305533e-22,5.76842368671630595e-4
1,negative,9.74999999999999978e-1,1.00000000000000000e0,3.39977071451844971e-6,3.99516645759954883e-4,2.21159443659831002e-4,1.09635341075882574e-4,2.88195948261490476e-4,1.00888922400070062e-4,7.45445577309312677e-22,4.25107222803305533e-22,5.76842368671630595e-4
1,average,9.74999999999999978e-1,1.00000000000000000e0,2.01458208237236653e-4,2.01458208237236653e-4,1.65397392367856781e-4,1.65397392367856781e-4,1.94542435330780262e-4,1.94542435330780262e-4,7.45445577309312677e-22,4.25107222803305533e-22,5.76842368671630595e-4
1,sum,9.74999999999999978e-1,1.00000000000000000e0,4.02916416474473306e-4,4.02916416474473306e-4,3.30794784735713562e-4,3.30794784735713562e-4,3.89084870661560525e-4,3.89084870661560525e-4,1.49089115461862535e-21,8.50214445606611066e-22,1.15368473734326119e-3
1,positive,9.74999999999999978e-1,1.25000000000000000e0,3.40674460316365548e-4,3.31259710645393315e-6,9.51064063984531324e-5,1.87742893901743255e-4,8.77547654516738746e-5,2.44318565535653559e-4,-1.50006990403140505e-22,-7.99600198844712198e-22,4.13691543041350921e-4
1,negative,9.74999999999999978e-1,1.25000000000000000e0,3.31259710645393315e-6,3.40674460316365548e-4,1.87742893901743255e-4,9.51064063984531324e-5,2.44318565535653559e-4,8.77547654516738746e-5,-1.50006990403140505e-22,-7.99600198844712198e-22,4.13691543041350921e-4
1,average,9.74999999999999978e-1,1.25000000000000000e0,1.71993528711409727e-4,1.71993528711409727e-4,1.41424650150098193e-4,1.41424650150098193e-4,1.66036665493663724e-4,1.66036665493663724e-4,-1.50006990403140505e-22,-7.99600198844712198e-22,4.13691543041350921e-4
1,sum,9.74999999999999978e-1,1.25000000000000000e0,3.43987057422819455e-4,3.43987057422819455e-4,2.82849300300196387e-4,2.82849300300196387e-4,3.32073330987327448e-4,3.32073330987327448e-4,-3.00013980806281009e-22,-1.59920039768942440e-21,8.27383086082701842e-4
1,positive,9.74999999999999978e-1,1.00000000000000000e1,1.19108206485566586e-4,1.30760412096864962e-6,3.57818603235732344e-5,6.38866315635927421e-5,3.33816803148618971e-5,8.27916813658639454e-5,3.02898730621726000e-8,-2.22125735789265725e-22,3.86346221173184860e-5
1,negative,9.74999999999999978e-1,1.00000000000000000e1,1.30760412096864962e-6,1.19108206485566586e-4,6.38866315635927421e-5,3.57818603235732344e-5,8.27916813658639454e-5,3.33816803148618971e-5,3.02898730621726000e-8,-2.22125735789265725e-22,3.86346221173184860e-5
1,average,9.74999999999999978e-1,1.00000000000000000e1,6.02079053032676144e-5,6.02079053032676144e-5,4.98342459435829882e-5,4.98342459435829882e-5,5.80866808403629213e-5,5.80866808403629213e-5,3.02898730621726000e-8,-2.22125735789265725e-22,3.86346221173184860e-5
1,sum,9.74999999999999978e-1,1.00000000000000000e1,1.20415810606535229e-4,1.20415810606535229e-4,9.96684918871659764e-5,9.96684918871659764e-5,1.16173361680725843e-4,1.16173361680725843e-4,6.05797461243451999e-8,-4.44251471578531449e-22,7.72692442346369719e-5
1,positive,9.74999999999999978e-1,1.00000000000000000e2,5.62967160881035997e-5,5.69534239355232505e-7,1.74405331867863033e-5,2.97378234977625856e-5,1.63334283643661759e-5,3.84697132388976782e-5,1.33747491443359545e-8,9.45804564491129890e-9,6.36714231288246831e-6
1,negative,9.74999999999999978e-1,1.00000000000000000e2,5.69534239355232505e-7,5.62967160881035997e-5,2.97378234977625856e-5,1.74405331867863033e-5,3.84697132388976782e-5,1.63334283643661759e-5,1.33747491443359545e-8,9.45804564491129890e-9,6.36714231288246831e-6
1,average,9.74999999999999978e-1,1.00000000000000000e2,2.84331251637294144e-5,2.84331251637294144e-5,2.35891783422744444e-5,2.35891783422744444e-5,2.74015708016319270e-5,2.74015708016319270e-5,1.33747491443359545e-8,9.45804564491129890e-9,6.36714231288246831e-6
1,sum,9.74999999999999978e-1,1.00000000000000000e2,5.68662503274588288e-5,5.68662503274588288e-5,4.71783566845488888e-5,4.71783566845488888e-5,5.48031416032638541e-5,5.48031416032638541e-5,2.67494982886719089e-8,1.89160912898225978e-8,1.27342846257649366e-5
1,positive,9.74999999999999978e-1,1.00000000000000000e5,1.37937705827515166e-5,1.13325690483948098e-7,4.44411053913211824e-6,7.13254461184366350e-6,4.18607665926097230e-6,9.20960111332897659e-6,2.62905608180329254e-9,1.91966987718704301e-9,2.20892631596112383e-7
1,negative,9.74999999999999978e-1,1.00000000000000000e5,1.13325690483948098e-7,1.37937705827515166e-5,7.13254461184366350e-6,4.44411053913211824e-6,9.20960111332897659e-6,4.18607665926097230e-6,2.62905608180329254e-9,1.91966987718704301e-9,2.20892631596112383e-7
1,average,9.74999999999999978e-1,1.00000000000000000e5,6.95354813661773236e-6,6.95354813661773236e-6,5.78832757548789087e-6,5.78832757548789087e-6,6.69783888629497444e-6,6.69783888629497444e-6,2.62905608180329254e-9,1.91966987718704301e-9,2.20892631596112383e-7
1,sum,9.74999999999999978e-1,1.00000000000000000e5,1.39070962732354647e-5,1.39070962732354647e-5,1.15766551509757817e-5,1.15766551509757817e-5,1.33956777725899489e-5,1.33956777725899489e-5,5.25811216360658508e-9,3.83933975437408602e-9,4.41785263192224767e-7
1,positive,9.74999999999999978e-1,1.10000000000000009e0,3.74383679820863445e-4,3.36253669090506857e-6,1.03429670473637779e-4,2.06886401274667965e-4,9.52789961756407615e-5,2.69454823042711213e-4,3.62975437651355434e-22,-9.79958822494578951e-23,5.07156579257308387e-4
1,negative,9.74999999999999978e-1,1.10000000000000009e0,3.36253669090506857e-6,3.74383679820863445e-4,2.06886401274667965e-4,1.03429670473637779e-4,2.69454823042711213e-4,9.52789961756407615e-5,3.62975437651355434e-22,-9.79958822494578951e-23,5.07156579257308387e-4
1,average,9.74999999999999978e-1,1.10000000000000009e0,1.88873108255884257e-4,1.88873108255884257e-4,1.55158035874152872e-4,1.55158035874152872e-4,1.82366909609175980e-4,1.82366909609175980e-4,3.62975437651355434e-22,-9.79958822494578951e-23,5.07156579257308387e-4
1,sum,9.74999999999999978e-1,1.10000000000000009e0,3.77746216511768514e-4,3.77746216511768514e-4,3.10316071748305744e-4,3.10316071748305744e-4,3.64733819218351961e-4,3.64733819218351961e-4,7.25950875302710868e-22,-1.95991764498915790e-22,1.01431315851461677e-3
1,positive,9.74999999999999978e-1,3.70000000000000000e1,7.56281022658227648e-5,7.84424332510540027e-7,2.31844391387811658e-5,4.01925398499003623e-5,2.16576207792716452e-5,5.20044625603234171e-5,1.86521181252281882e-8,1.29916973726978179e-8,1.31214850663474270e-5
1,negative,9.74999999999999978e-1,3.70000000000000000e1,7.84424332510540027e-7,7.56281022658227648e-5,4.01925398499003623e-5,2.31844391387811658e-5,5.20044625603234171e-5,2.16576207792716452e-5,1.86521181252281882e-8,1.29916973726978179e-8,1.31214850663474270e-5
1,average,9.74999999999999978e-1,3.70000000000000000e1,3.82062632991666558e-5,3.82062632991666558e-5,3.16884894943407640e-5,3.16884894943407640e-5,3.68310416697975295e-5,3.68310416697975295e-5,1.86521181252281882e-8,1.29916973726978179e-8,1.31214850663474270e-5
1,sum,9.74999999999999978e-1,3.70000000000000000e1,7.64125265983333116e-5,7.64125265983333116e-5,6.33769789886815281e-5,6.33769789886815281e-5,7.36620833395950589e-5,7.36620833395950589e-5,3.73042362504563765e-8,2.59833947453956358e-8,2.62429701326948540e-5
1,positive,9.74999999999999978e-1,1.77700000000000000e3,2.83323271190382905e-5,2.62283728665853725e-7,8.96789407996974383e-6,1.47949354467097878e-5,8.42421649375299806e-6,1.91213865900330761e-5,6.06152683837179985e-9,4.37185732252239038e-9,1.20491747218214740e-6
1,negative,9.74999999999999978e-1,1.77700000000000000e3,2.62283728665853725e-7,2.83323271190382905e-5,1.47949354467097878e-5,8.96789407996974383e-6,1.91213865900330761e-5,8.42421649375299806e-6,6.06152683837179985e-9,4.37185732252239038e-9,1.20491747218214740e-6
1,average,9.74999999999999978e-1,1.77700000000000000e3,1.42973054238520713e-5,1.42973054238520713e-5,1.18814147633397658e-5,1.18814147633397658e-5,1.37728015418930371e-5,1.37728015418930371e-5,6.06152683837179985e-9,4.37185732252239038e-9,1.20491747218214740e-6
1,sum,9.74999999999999978e-1,1.77700000000000000e3,2.85946108477041426e-5,2.85946108477041426e-5,2.37628295266795317e-5,2.37628295266795317e-5,2.75456030837860741e-5,2.75456030837860741e-5,1.21230536767435997e-8,8.74371464504478077e-9,2.40983494436429480e-6
1,positive,9.74999999999999978e-1,9.99990000000000000e4,1.37937932540203316e-5,1.13325957204758642e-7,4.44411769791864839e-6,7.13255644357877569e-6,4.18608333261562580e-6,9.20961652445735216e-6,2.62906113688171741e-9,1.91967351202914887e-9,2.20893515121100678e-7
1,negative,9.74999999999999978e-1,9.99990000000000000e4,1.13325957204758642e-7,1.37937932540203316e-5,7.13255644357877569e-6,4.44411769791864839e-6,9.20961652445735216e-6,4.18608333261562580e-6,2.62906113688171741e-9,1.91967351202914887e-9,2.20893515121100678e-7
1,average,9.74999999999999978e-1,9.99990000000000000e4,6.95355960561254512e-6,6.95355960561254512e-6,5.78833707074871204e-6,5.78833707074871204e-6,6.69784992853648898e-6,6.69784992853648898e-6,2.62906113688171741e-9,1.91967351202914887e-9,2.20893515121100678e-7
1,sum,9.74999999999999978e-1,9.99990000000000000e4,1.39071192112250902e-5,1.39071192112250902e-5,1.15766741414974241e-5,1.15766741414974241e-5,1.33956998570729780e-5,1.33956998570729780e-5,5.25812227376343482e-9,3.83934702405829775e-9,4.41787030242201356e-7
