order,charge,z,q2,u,ub,d,db,s,sb,c,b,g
0,positive,5.00000000000000028e-2,1.00000000000000000e0,3.37052500000000033e-1,3.34047499999999997e-1,3.14789999999999959e-1,3.67109999999999992e-1,2.68650000000000000e-1,4.27350000000000063e-1,3.96250000000000029e-17,-1.64850000000000043e-17,1.23499999999999999e-2
0,negative,5.00000000000000028e-2,1.00000000000000000e0,3.34047499999999997e-1,3.37052500000000033e-1,3.67109999999999992e-1,3.14789999999999959e-1,4.27350000000000063e-1,2.68650000000000000e-1,3.96250000000000029e-17,-1.64850000000000043e-17,1.23499999999999999e-2
0,average,5.00000000000000028e-2,1.00000000000000000e0,3.35550000000000015e-1,3.35550000000000015e-1,3.40949999999999975e-1,3.40949999999999975e-1,3.48000000000000032e-1,3.48000000000000032e-1,3.96250000000000029e-17,-1.64850000000000043e-17,1.23499999999999999e-2
0,sum,5.00000000000000028e-2,1.00000000000000000e0,6.71100000000000030e-1,6.71100000000000030e-1,6.81899999999999951e-1,6.81899999999999951e-1,6.96000000000000063e-1,6.96000000000000063e-1,7.92500000000000059e-17,-3.29700000000000087e-17,2.46999999999999997e-2
0,positive,5.00000000000000028e-2,1.25000000000000000e0,3.99815500000000046e-1,3.92684500000000047e-1,3.73145000000000004e-1,4.29055000000000020e-1,3.26499999999999901e-1,4.96099999999999985e-1,-1.37750000000000018e-18,-1.59449999999999995e-17,1.56299999999999994e-1
0,negative,5.00000000000000028e-2,1.25000000000000000e0,3.92684500000000047e-1,3.99815500000000046e-1,4.29055000000000020e-1,3.73145000000000004e-1,4.96099999999999985e-1,3.26499999999999901e-1,-1.37750000000000018e-18,-1.59449999999999995e-17,1.56299999999999994e-1
0,average,5.00000000000000028e-2,1.25000000000000000e0,3.96250000000000047e-1,3.96250000000000047e-1,4.01100000000000012e-1,4.01100000000000012e-1,4.11299999999999943e-1,4.11299999999999943e-1,-1.37750000000000018e-18,-1.59449999999999995e-17,1.56299999999999994e-1
0,sum,5.00000000000000028e-2,1.25000000000000000e0,7.92500000000000093e-1,7.92500000000000093e-1,8.02200000000000024e-1,8.02200000000000024e-1,8.22599999999999887e-1,8.22599999999999887e-1,-2.75500000000000036e-18,-3.18899999999999990e-17,3.12599999999999989e-1
0,positive,5.00000000000000028e-2,1.00000000000000000e1,8.69530000000000136e-1,8.32470000000000043e-1,8.11885000000000079e-1,8.92115000000000102e-1,7.62950000000000017e-1,1.00205000000000011e0,9.90500000000000158e-1,-4.51350000000000067e-18,1.14900000000000002e0
0,negative,5.00000000000000028e-2,1.00000000000000000e1,8.32470000000000043e-1,8.69530000000000136e-1,8.92115000000000102e-1,8.11885000000000079e-1,1.00205000000000011e0,7.62950000000000017e-1,9.90500000000000158e-1,-4.51350000000000067e-18,1.14900000000000002e0
0,average,5.00000000000000028e-2,1.00000000000000000e1,8.51000000000000090e-1,8.51000000000000090e-1,8.52000000000000091e-1,8.52000000000000091e-1,8.82500000000000062e-1,8.82500000000000062e-1,9.90500000000000158e-1,-4.51350000000000067e-18,1.14900000000000002e0
0,sum,5.00000000000000028e-2,1.00000000000000000e1,1.70200000000000018e0,1.70200000000000018e0,1.70400000000000018e0,1.70400000000000018e0,1.76500000000000012e0,1.76500000000000012e0,1.98100000000000032e0,-9.02700000000000135e-18,2.29800000000000004e0
0,positive,5.00000000000000028e-2,1.00000000000000000e2,1.18207499999999999e0,1.12292500000000017e0,1.10271500000000033e0,1.19928500000000016e0,1.05279999999999996e0,1.33420000000000005e0,1.30400000000000027e0,1.93950000000000045e0,1.68599999999999994e0
0,negative,5.00000000000000028e-2,1.00000000000000000e2,1.12292500000000017e0,1.18207499999999999e0,1.19928500000000016e0,1.10271500000000033e0,1.33420000000000005e0,1.05279999999999996e0,1.30400000000000027e0,1.93950000000000045e0,1.68599999999999994e0
0,average,5.00000000000000028e-2,1.00000000000000000e2,1.15250000000000008e0,1.15250000000000008e0,1.15100000000000025e0,1.15100000000000025e0,1.19350000000000001e0,1.19350000000000001e0,1.30400000000000027e0,1.93950000000000045e0,1.68599999999999994e0
0,sum,5.00000000000000028e-2,1.00000000000000000e2,2.30500000000000016e0,2.30500000000000016e0,2.30200000000000049e0,2.30200000000000049e0,2.38700000000000001e0,2.38700000000000001e0,2.60800000000000054e0,3.87900000000000089e0,3.37199999999999989e0
0,positive,5.00000000000000028e-2,1.00000000000000000e5,1.54037999999999986e0,1.44462000000000002e0,1.42570000000000019e0,1.54630000000000023e0,1.37705000000000033e0,1.71395000000000031e0,1.65400000000000014e0,2.10599999999999987e0,1.99199999999999999e0
0,negative,5.00000000000000028e-2,1.00000000000000000e5,1.44462000000000002e0,1.54037999999999986e0,1.54630000000000023e0,1.42570000000000019e0,1.71395000000000031e0,1.37705000000000033e0,1.65400000000000014e0,2.10599999999999987e0,1.99199999999999999e0
0,average,5.00000000000000028e-2,1.00000000000000000e5,1.49249999999999994e0,1.49249999999999994e0,1.48600000000000021e0,1.48600000000000021e0,1.54550000000000032e0,1.54550000000000032e0,1.65400000000000014e0,2.10599999999999987e0,1.99199999999999999e0
0,sum,5.00000000000000028e-2,1.00000000000000000e5,2.98499999999999988e0,2.98499999999999988e0,2.97200000000000042e0,2.97200000000000042e0,3.09100000000000064e0,3.09100000000000064e0,3.30800000000000027e0,4.21199999999999974e0,3.98399999999999999e0
0,positive,5.00000000000000028e-2,1.10000000000000009e0,3.63860143688683746e-1,3.59092826115280428e-1,3.39714876877350358e-1,3.93568255473694895e-1,2.93359178773964835e-1,4.56714840807434463e-1,2.21118089424461258e-17,-1.62543525231125164e-17,7.38346375888026540e-2
0,negative,5.00000000000000028e-2,1.10000000000000009e0,3.59092826115280428e-1,3.63860143688683746e-1,3.93568255473694895e-1,3.39714876877350358e-1,4.56714840807434463e-1,2.93359178773964835e-1,2.21118089424461258e-17,-1.62543525231125164e-17,7.38346375888026540e-2
0,average,5.00000000000000028e-2,1.10000000000000009e0,3.61476484901982087e-1,3.61476484901982087e-1,3.66641566175522626e-1,3.66641566175522626e-1,3.75037009790699649e-1,3.75037009790699649e-1,2.21118089424461258e-17,-1.62543525231125164e-17,7.38346375888026540e-2
0,sum,5.00000000000000028e-2,1.10000000000000009e0,7.22952969803964174e-1,7.22952969803964174e-1,7.33283132351045253e-1,7.33283132351045253e-1,7.50074019581399298e-1,7.50074019581399298e-1,4.42236178848922515e-17,-3.25087050462250328e-17,1.47669275177605308e-1
0,positive,5.00000000000000028e-2,3.70000000000000000e1,1.06716676552606460e0,1.01659656507934226e0,9.95870402930151721e-1,1.08622467635385500e0,9.46237819735778141e-1,1.21202788785172877e0,1.18904991662410353e0,1.86619915208870246e0,1.50291969701630590e0
0,negative,5.00000000000000028e-2,3.70000000000000000e1,1.01659656507934226e0,1.06716676552606460e0,1.08622467635385500e0,9.95870402930151721e-1,1.21202788785172877e0,9.46237819735778141e-1,1.18904991662410353e0,1.86619915208870246e0,1.50291969701630590e0
0,average,5.00000000000000028e-2,3.70000000000000000e1,1.04188166530270343e0,1.04188166530270343e0,1.04104753964200336e0,1.04104753964200336e0,1.07913285379375345e0,1.07913285379375345e0,1.18904991662410353e0,1.86619915208870246e0,1.50291969701630590e0
0,sum,5.00000000000000028e-2,3.70000000000000000e1,2.08376333060540686e0,2.08376333060540686e0,2.08209507928400672e0,2.08209507928400672e0,2.15826570758750691e0,2.15826570758750691e0,2.37809983324820706e0,3.73239830417740492e0,3.00583939403261180e0
0,positive,5.00000000000000028e-2,1.77700000000000000e3,1.39838449623637739e0,1.32023713412827215e0,1.30053488195373568e0,1.41008674841091386e0,1.25098378800958043e0,1.56357220570576638e0,1.51777799685767345e0,2.06012805898728679e0,1.94134363350697581e0
0,negative,5.00000000000000028e-2,1.77700000000000000e3,1.32023713412827215e0,1.39838449623637739e0,1.41008674841091386e0,1.30053488195373568e0,1.56357220570576638e0,1.25098378800958043e0,1.51777799685767345e0,2.06012805898728679e0,1.94134363350697581e0
0,average,5.00000000000000028e-2,1.77700000000000000e3,1.35931081518232477e0,1.35931081518232477e0,1.35531081518232477e0,1.35531081518232477e0,1.40727799685767341e0,1.40727799685767341e0,1.51777799685767345e0,2.06012805898728679e0,1.94134363350697581e0
0,sum,5.00000000000000028e-2,1.77700000000000000e3,2.71862163036464954e0,2.71862163036464954e0,2.71062163036464954e0,2.71062163036464954e0,2.81455599371534682e0,2.81455599371534682e0,3.03555599371534690e0,4.12025611797457358e0,3.88268726701395162e0
0,positive,5.00000000000000028e-2,9.99990000000000000e4,1.54037977098512902e0,1.44461980678304491e0,1.42569980907778304e0,1.54629978704829640e0,1.37704980265251642e0,1.71394975675775285e0,1.65399977970513401e0,2.10599997246314175e0,1.99200005507371625e0
0,negative,5.00000000000000028e-2,9.99990000000000000e4,1.44461980678304491e0,1.54037977098512902e0,1.54629978704829640e0,1.42569980907778304e0,1.71394975675775285e0,1.37704980265251642e0,1.65399977970513401e0,2.10599997246314175e0,1.99200005507371625e0
0,average,5.00000000000000028e-2,9.99990000000000000e4,1.49249978888408696e0,1.49249978888408696e0,1.48599979806303972e0,1.48599979806303972e0,1.54549977970513464e0,1.54549977970513464e0,1.65399977970513401e0,2.10599997246314175e0,1.99200005507371625e0
0,sum,5.00000000000000028e-2,9.99990000000000000e4,2.98499957776817393e0,2.98499957776817393e0,2.97199959612607945e0,2.97199959612607945e0,3.09099955941026927e0,3.09099955941026927e0,3.30799955941026802e0,4.21199994492628349e0,3.98400011014743249e0
0,positive,9.50000000000000011e-2,1.00000000000000000e0,4.90680000000000005e-1,4.31220000000000048e-1,4.04750000000000054e-1,5.15950000000000020e-1,3.45150000000000123e-1,7.02850000000000197e-1,1.50000000000000034e-17,-8.66499999999999973e-18,7.29699999999999932e-2
0,negative,9.50000000000000011e-2,1.00000000000000000e0,4.31220000000000048e-1,4.90680000000000005e-1,5.15950000000000020e-1,4.04750000000000054e-1,7.02850000000000197e-1,3.45150000000000123e-1,1.50000000000000034e-17,-8.66499999999999973e-18,7.29699999999999932e-2
0,average,9.50000000000000011e-2,1.00000000000000000e0,4.60950000000000026e-1,4.60950000000000026e-1,4.60350000000000037e-1,4.60350000000000037e-1,5.24000000000000132e-1,5.24000000000000132e-1,1.50000000000000034e-17,-8.66499999999999973e-18,7.29699999999999932e-2
0,sum,9.50000000000000011e-2,1.00000000000000000e0,9.21900000000000053e-1,9.21900000000000053e-1,9.20700000000000074e-1,9.20700000000000074e-1,1.04800000000000026e0,1.04800000000000026e0,3.00000000000000068e-17,-1.73299999999999995e-17,1.45939999999999986e-1
0,positive,9.50000000000000011e-2,1.25000000000000000e0,5.42014999999999914e-1,4.74984999999999935e-1,4.48849999999999971e-1,5.65150000000000041e-1,3.89799999999999924e-1,7.58199999999999985e-1,-3.22199999999999988e-18,-4.83299999999999963e-18,2.11999999999999994e-1
0,negative,9.50000000000000011e-2,1.25000000000000000e0,4.74984999999999935e-1,5.42014999999999914e-1,5.65150000000000041e-1,4.48849999999999971e-1,7.58199999999999985e-1,3.89799999999999924e-1,-3.22199999999999988e-18,-4.83299999999999963e-18,2.11999999999999994e-1
0,average,9.50000000000000011e-2,1.25000000000000000e0,5.08499999999999952e-1,5.08499999999999952e-1,5.07000000000000006e-1,5.07000000000000006e-1,5.73999999999999955e-1,5.73999999999999955e-1,-3.22199999999999988e-18,-4.83299999999999963e-18,2.11999999999999994e-1
0,sum,9.50000000000000011e-2,1.25000000000000000e0,1.01699999999999990e0,1.01699999999999990e0,1.01400000000000001e0,1.01400000000000001e0,1.14799999999999991e0,1.14799999999999991e0,-6.44399999999999976e-18,-9.66599999999999926e-18,4.23999999999999988e-1
0,positive,9.50000000000000011e-2,1.00000000000000000e1,8.57400000000000051e-1,7.44600000000000040e-1,7.20999999999999974e-1,8.65999999999999992e-1,6.64499999999999980e-1,1.08749999999999991e0,1.00550000000000006e0,1.50249999999999990e-18,9.78299999999999947e-1
0,negative,9.50000000000000011e-2,1.00000000000000000e1,7.44600000000000040e-1,8.57400000000000051e-1,8.65999999999999992e-1,7.20999999999999974e-1,1.08749999999999991e0,6.64499999999999980e-1,1.00550000000000006e0,1.50249999999999990e-18,9.78299999999999947e-1
0,average,9.50000000000000011e-2,1.00000000000000000e1,8.01000000000000045e-1,8.01000000000000045e-1,7.93499999999999983e-1,7.93499999999999983e-1,8.75999999999999890e-1,8.75999999999999890e-1,1.00550000000000006e0,1.50249999999999990e-18,9.78299999999999947e-1
0,sum,9.50000000000000011e-2,1.00000000000000000e1,1.60200000000000009e0,1.60200000000000009e0,1.58699999999999997e0,1.58699999999999997e0,1.75199999999999978e0,1.75199999999999978e0,2.01100000000000012e0,3.00499999999999980e-18,1.95659999999999989e0
0,positive,9.50000000000000011e-2,1.00000000000000000e2,1.00924999999999998e0,8.70749999999999913e-1,8.49700000000000122e-1,1.00830000000000020e0,7.95800000000000063e-1,1.23920000000000008e0,1.14199999999999968e0,1.43750000000000000e0,1.23700000000000032e0
0,negative,9.50000000000000011e-2,1.00000000000000000e2,8.70749999999999913e-1,1.00924999999999998e0,1.00830000000000020e0,8.49700000000000122e-1,1.23920000000000008e0,7.95800000000000063e-1,1.14199999999999968e0,1.43750000000000000e0,1.23700000000000032e0
0,average,9.50000000000000011e-2,1.00000000000000000e2,9.39999999999999947e-1,9.39999999999999947e-1,9.29000000000000159e-1,9.29000000000000159e-1,1.01750000000000007e0,1.01750000000000007e0,1.14199999999999968e0,1.43750000000000000e0,1.23700000000000032e0
0,sum,9.50000000000000011e-2,1.00000000000000000e2,1.87999999999999989e0,1.87999999999999989e0,1.85800000000000032e0,1.85800000000000032e0,2.03500000000000014e0,2.03500000000000014e0,2.28399999999999936e0,2.87500000000000000e0,2.47400000000000064e0
0,positive,9.50000000000000011e-2,1.00000000000000000e5,1.08925000000000005e0,9.21750000000000069e-1,9.05549999999999966e-1,1.07444999999999991e0,8.58300000000000063e-1,1.30269999999999997e0,1.18849999999999967e0,1.32849999999999979e0,1.15800000000000014e0
0,negative,9.50000000000000011e-2,1.00000000000000000e5,9.21750000000000069e-1,1.08925000000000005e0,1.07444999999999991e0,9.05549999999999966e-1,1.30269999999999997e0,8.58300000000000063e-1,1.18849999999999967e0,1.32849999999999979e0,1.15800000000000014e0
0,average,9.50000000000000011e-2,1.00000000000000000e5,1.00550000000000006e0,1.00550000000000006e0,9.89999999999999991e-1,9.89999999999999991e-1,1.08050000000000002e0,1.08050000000000002e0,1.18849999999999967e0,1.32849999999999979e0,1.15800000000000014e0
0,sum,9.50000000000000011e-2,1.00000000000000000e5,2.01100000000000012e0,2.01100000000000012e0,1.97999999999999998e0,1.97999999999999998e0,2.16100000000000003e0,2.16100000000000003e0,2.37699999999999934e0,2.65699999999999958e0,2.31600000000000028e0
0,positive,9.50000000000000011e-2,1.10000000000000009e0,5.12606459677812931e-1,4.49913123751816191e-1,4.23586210612477920e-1,5.36964547894193012e-1,3.64221129338937355e-1,7.26491366380967230e-1,7.21692902991898599e-18,-7.02825716401325640e-18,1.32353182799383351e-1
0,negative,9.50000000000000011e-2,1.10000000000000009e0,4.49913123751816191e-1,5.12606459677812931e-1,5.36964547894193012e-1,4.23586210612477920e-1,7.26491366380967230e-1,3.64221129338937355e-1,7.21692902991898599e-18,-7.02825716401325640e-18,1.32353182799383351e-1
0,average,9.50000000000000011e-2,1.10000000000000009e0,4.81259791714814589e-1,4.81259791714814589e-1,4.80275379253335466e-1,4.80275379253335466e-1,5.45356247859952292e-1,5.45356247859952292e-1,7.21692902991898599e-18,-7.02825716401325640e-18,1.32353182799383351e-1
0,sum,9.50000000000000011e-2,1.10000000000000009e0,9.62519583429629177e-1,9.62519583429629177e-1,9.60550758506670932e-1,9.60550758506670932e-1,1.09071249571990458e0,1.09071249571990458e0,1.44338580598379720e-17,-1.40565143280265128e-17,2.64706365598766702e-1
0,positive,9.50000000000000011e-2,3.70000000000000000e1,9.59065476104036474e-1,8.29811435234466321e-1,8.07545323196956488e-1,9.61497462480846554e-1,7.52654330008551420e-1,1.18989083265135154e0,1.09802139283890132e0,1.43417062830350028e0,1.16570628303500290e0
0,negative,9.50000000000000011e-2,3.70000000000000000e1,8.29811435234466321e-1,9.59065476104036474e-1,9.61497462480846554e-1,8.07545323196956488e-1,1.18989083265135154e0,7.52654330008551420e-1,1.09802139283890132e0,1.43417062830350028e0,1.16570628303500290e0
0,average,9.50000000000000011e-2,3.70000000000000000e1,8.94438455669251398e-1,8.94438455669251398e-1,8.84521392838901521e-1,8.84521392838901521e-1,9.71272581329951423e-1,9.71272581329951423e-1,1.09802139283890132e0,1.43417062830350028e0,1.16570628303500290e0
0,sum,9.50000000000000011e-2,3.70000000000000000e1,1.78887691133850280e0,1.78887691133850280e0,1.76904278567780304e0,1.76904278567780304e0,1.94254516265990285e0,1.94254516265990285e0,2.19604278567780264e0,2.86834125660700057e0,2.33141256607000580e0
0,positive,9.50000000000000011e-2,1.77700000000000000e3,1.07871731132610815e0,9.22976384310480458e-1,9.03879666142945792e-1,1.06985778725984493e0,8.53209975148154998e-1,1.30250559937153487e0,1.19489060558449589e0,1.40669690994790741e0,1.26513127329860464e0
0,negative,9.50000000000000011e-2,1.77700000000000000e3,9.22976384310480458e-1,1.07871731132610815e0,1.06985778725984493e0,9.03879666142945792e-1,1.30250559937153487e0,8.53209975148154998e-1,1.19489060558449589e0,1.40669690994790741e0,1.26513127329860464e0
0,average,9.50000000000000011e-2,1.77700000000000000e3,1.00084684781829436e0,1.00084684781829436e0,9.86868726701395360e-1,9.86868726701395360e-1,1.07785778725984493e0,1.07785778725984493e0,1.19489060558449589e0,1.40669690994790741e0,1.26513127329860464e0
0,sum,9.50000000000000011e-2,1.77700000000000000e3,2.00169369563658872e0,2.00169369563658872e0,1.97373745340279072e0,1.97373745340279072e0,2.15571557451968987e0,2.15571557451968987e0,2.38978121116899178e0,2.81339381989581483e0,2.53026254659720928e0
0,positive,9.50000000000000011e-2,9.99990000000000000e4,1.08925003579791579e0,9.21750055991611861e-1,9.05550038551601766e-1,1.07445003488002055e0,8.58300035797915806e-1,1.30270005599161176e0,1.18850007343162178e0,1.32850020193696050e0,1.15800031208439336e0
0,negative,9.50000000000000011e-2,9.99990000000000000e4,9.21750055991611861e-1,1.08925003579791579e0,1.07445003488002055e0,9.05550038551601766e-1,1.30270005599161176e0,8.58300035797915806e-1,1.18850007343162178e0,1.32850020193696050e0,1.15800031208439336e0
0,average,9.50000000000000011e-2,9.99990000000000000e4,1.00550004589476383e0,1.00550004589476383e0,9.90000036715811160e-1,9.90000036715811160e-1,1.08050004589476378e0,1.08050004589476378e0,1.18850007343162178e0,1.32850020193696050e0,1.15800031208439336e0
0,sum,9.50000000000000011e-2,9.99990000000000000e4,2.01100009178952766e0,2.01100009178952766e0,1.98000007343162232e0,1.98000007343162232e0,2.16100009178952757e0,2.16100009178952757e0,2.37700014686324357e0,2.65700040387392100e0,2.31600062416878671e0
0,positive,1.00000000000000006e-1,1.00000000000000000e0,5.03879999999999995e-1,4.35420000000000029e-1,4.08600000000000019e-1,5.27500000000000080e-1,3.48299999999999998e-1,7.26699999999999902e-1,1.36699999999999989e-17,-8.28500000000000021e-18,8.34000000000000158e-2
0,negative,1.00000000000000006e-1,1.00000000000000000e0,4.35420000000000029e-1,5.03879999999999995e-1,5.27500000000000080e-1,4.08600000000000019e-1,7.26699999999999902e-1,3.48299999999999998e-1,1.36699999999999989e-17,-8.28500000000000021e-18,8.34000000000000158e-2
0,average,1.00000000000000006e-1,1.00000000000000000e0,4.69650000000000012e-1,4.69650000000000012e-1,4.68050000000000077e-1,4.68050000000000077e-1,5.37499999999999978e-1,5.37499999999999978e-1,1.36699999999999989e-17,-8.28500000000000021e-18,8.34000000000000158e-2
0,sum,1.00000000000000006e-1,1.00000000000000000e0,9.39300000000000024e-1,9.39300000000000024e-1,9.36100000000000154e-1,9.36100000000000154e-1,1.07499999999999996e0,1.07499999999999996e0,2.73399999999999978e-17,-1.65700000000000004e-17,1.66800000000000032e-1
0,positive,1.00000000000000006e-1,1.25000000000000000e0,5.54085000000000050e-1,4.77915000000000034e-1,4.51499999999999957e-1,5.75499999999999901e-1,3.91699999999999937e-1,7.80299999999999994e-1,-3.32050000000000055e-18,-4.49649999999999992e-18,2.21900000000000014e-1
0,negative,1.00000000000000006e-1,1.25000000000000000e0,4.77915000000000034e-1,5.54085000000000050e-1,5.75499999999999901e-1,4.51499999999999957e-1,7.80299999999999994e-1,3.91699999999999937e-1,-3.32050000000000055e-18,-4.49649999999999992e-18,2.21900000000000014e-1
0,average,1.00000000000000006e-1,1.25000000000000000e0,5.16000000000000014e-1,5.16000000000000014e-1,5.13499999999999956e-1,5.13499999999999956e-1,5.85999999999999965e-1,5.85999999999999965e-1,-3.32050000000000055e-18,-4.49649999999999992e-18,2.21900000000000014e-1
0,sum,1.00000000000000006e-1,1.25000000000000000e0,1.03200000000000003e0,1.03200000000000003e0,1.02699999999999991e0,1.02699999999999991e0,1.17199999999999993e0,1.17199999999999993e0,-6.64100000000000110e-18,-8.99299999999999983e-18,4.43800000000000028e-1
0,positive,1.00000000000000006e-1,1.00000000000000000e1,8.55549999999999811e-1,7.33449999999999935e-1,7.09600000000000009e-1,8.61399999999999944e-1,6.53000000000000025e-1,1.09200000000000008e0,1.00350000000000006e0,1.85150000000000051e-18,9.68799999999999994e-1
0,negative,1.00000000000000006e-1,1.00000000000000000e1,7.33449999999999935e-1,8.55549999999999811e-1,8.61399999999999944e-1,7.09600000000000009e-1,1.09200000000000008e0,6.53000000000000025e-1,1.00350000000000006e0,1.85150000000000051e-18,9.68799999999999994e-1
0,average,1.00000000000000006e-1,1.00000000000000000e1,7.94499999999999873e-1,7.94499999999999873e-1,7.85499999999999976e-1,7.85499999999999976e-1,8.72500000000000053e-1,8.72500000000000053e-1,1.00350000000000006e0,1.85150000000000051e-18,9.68799999999999994e-1
0,sum,1.00000000000000006e-1,1.00000000000000000e1,1.58899999999999975e0,1.58899999999999975e0,1.57099999999999995e0,1.57099999999999995e0,1.74500000000000011e0,1.74500000000000011e0,2.00700000000000012e0,3.70300000000000102e-18,1.93759999999999999e0
0,positive,1.00000000000000006e-1,1.00000000000000000e2,9.95500000000000052e-1,8.48500000000000032e-1,8.27249999999999930e-1,9.91750000000000020e-1,7.73600000000000065e-1,1.22940000000000005e0,1.12599999999999989e0,1.39100000000000001e0,1.20599999999999996e0
0,negative,1.00000000000000006e-1,1.00000000000000000e2,8.48500000000000032e-1,9.95500000000000052e-1,9.91750000000000020e-1,8.27249999999999930e-1,1.22940000000000005e0,7.73600000000000065e-1,1.12599999999999989e0,1.39100000000000001e0,1.20599999999999996e0
0,average,1.00000000000000006e-1,1.00000000000000000e2,9.22000000000000042e-1,9.22000000000000042e-1,9.09499999999999975e-1,9.09499999999999975e-1,1.00150000000000006e0,1.00150000000000006e0,1.12599999999999989e0,1.39100000000000001e0,1.20599999999999996e0
0,sum,1.00000000000000006e-1,1.00000000000000000e2,1.84400000000000008e0,1.84400000000000008e0,1.81899999999999995e0,1.81899999999999995e0,2.00300000000000011e0,2.00300000000000011e0,2.25199999999999978e0,2.78200000000000003e0,2.41199999999999992e0
0,positive,1.00000000000000006e-1,1.00000000000000000e5,1.05730000000000013e0,8.83700000000000041e-1,8.67350000000000065e-1,1.03965000000000019e0,8.20999999999999841e-1,1.27099999999999991e0,1.15349999999999997e0,1.26800000000000002e0,1.10299999999999998e0
0,negative,1.00000000000000006e-1,1.00000000000000000e5,8.83700000000000041e-1,1.05730000000000013e0,1.03965000000000019e0,8.67350000000000065e-1,1.27099999999999991e0,8.20999999999999841e-1,1.15349999999999997e0,1.26800000000000002e0,1.10299999999999998e0
0,average,1.00000000000000006e-1,1.00000000000000000e5,9.70500000000000140e-1,9.70500000000000140e-1,9.53500000000000125e-1,9.53500000000000125e-1,1.04599999999999982e0,1.04599999999999982e0,1.15349999999999997e0,1.26800000000000002e0,1.10299999999999998e0
0,sum,1.00000000000000006e-1,1.00000000000000000e5,1.94100000000000028e0,1.94100000000000028e0,1.90700000000000025e0,1.90700000000000025e0,2.09199999999999964e0,2.09199999999999964e0,2.30699999999999994e0,2.53600000000000003e0,2.20599999999999996e0
0,positive,1.00000000000000006e-1,1.10000000000000009e0,5.25323808476178100e-1,4.53570675056173434e-1,4.26923660663839133e-1,5.48001997945554264e-1,3.66837223142438495e-1,7.49593897705868817e-1,6.41293341470961059e-18,-6.66683709965141506e-18,1.42556806572067873e-1
0,negative,1.00000000000000006e-1,1.10000000000000009e0,4.53570675056173434e-1,5.25323808476178100e-1,5.48001997945554264e-1,4.26923660663839133e-1,7.49593897705868817e-1,3.66837223142438495e-1,6.41293341470961059e-18,-6.66683709965141506e-18,1.42556806572067873e-1
0,average,1.00000000000000006e-1,1.10000000000000009e0,4.89447241766175767e-1,4.89447241766175767e-1,4.87462829304696699e-1,4.87462829304696699e-1,5.58215560424153656e-1,5.58215560424153656e-1,6.41293341470961059e-18,-6.66683709965141506e-18,1.42556806572067873e-1
0,sum,1.00000000000000006e-1,1.10000000000000009e0,9.78894483532351534e-1,9.78894483532351534e-1,9.74925658609393397e-1,9.74925658609393397e-1,1.11643112084830731e0,1.11643112084830731e0,1.28258668294192212e-17,-1.33336741993028301e-17,2.85113613144135747e-1
0,positive,1.00000000000000006e-1,3.70000000000000000e1,9.49896749386216377e-1,8.11809533648786164e-1,7.89293421611276358e-1,9.49578735763026538e-1,7.34652666121081377e-1,1.18572186823532144e0,1.08751901585680111e0,1.39208531415175019e0,1.14436978039220238e0
0,negative,1.00000000000000006e-1,3.70000000000000000e1,8.11809533648786164e-1,9.49896749386216377e-1,9.49578735763026538e-1,7.89293421611276358e-1,1.18572186823532144e0,7.34652666121081377e-1,1.08751901585680111e0,1.39208531415175019e0,1.14436978039220238e0
0,average,1.00000000000000006e-1,3.70000000000000000e1,8.80853141517501270e-1,8.80853141517501270e-1,8.69436078687151448e-1,8.69436078687151448e-1,9.60187267178201465e-1,9.60187267178201465e-1,1.08751901585680111e0,1.39208531415175019e0,1.14436978039220238e0
0,sum,1.00000000000000006e-1,3.70000000000000000e1,1.76170628303500254e0,1.76170628303500254e0,1.73887215737430290e0,1.73887215737430290e0,1.92037453435640293e0,1.92037453435640293e0,2.17503803171360222e0,2.78417062830350037e0,2.28873956078440477e0
0,positive,1.00000000000000006e-1,1.77700000000000000e3,1.05446325698062005e0,8.91317954188372119e-1,8.72609202635131753e-1,1.04319388741696106e0,8.22247169249426424e-1,1.28055592080266667e0,1.16843436335069750e0,1.35172972827255866e0,1.21819690994790730e0
0,negative,1.00000000000000006e-1,1.77700000000000000e3,8.91317954188372119e-1,1.05446325698062005e0,1.04319388741696106e0,8.72609202635131753e-1,1.28055592080266667e0,8.22247169249426424e-1,1.16843436335069750e0,1.35172972827255866e0,1.21819690994790730e0
0,average,1.00000000000000006e-1,1.77700000000000000e3,9.72890605584496138e-1,9.72890605584496138e-1,9.57901545026046408e-1,9.57901545026046408e-1,1.05140154502604655e0,1.05140154502604655e0,1.16843436335069750e0,1.35172972827255866e0,1.21819690994790730e0
0,sum,1.00000000000000006e-1,1.77700000000000000e3,1.94578121116899228e0,1.94578121116899228e0,1.91580309005209282e0,1.91580309005209282e0,2.10280309005209309e0,2.10280309005209309e0,2.33686872670139500e0,2.70345945654511732e0,2.43639381989581461e0
0,positive,1.00000000000000006e-1,9.99990000000000000e4,1.05730003763370606e0,8.83700054155821091e-1,8.67350055073716542e-1,1.03965005507371644e0,8.21000050484240074e-1,1.27100007802109838e0,1.15350008261057480e0,1.26800021111591299e0,1.10300033044229862e0
0,negative,1.00000000000000006e-1,9.99990000000000000e4,8.83700054155821091e-1,1.05730003763370606e0,1.03965005507371644e0,8.67350055073716542e-1,1.27100007802109838e0,8.21000050484240074e-1,1.15350008261057480e0,1.26800021111591299e0,1.10300033044229862e0
0,average,1.00000000000000006e-1,9.99990000000000000e4,9.70500045894763574e-1,9.70500045894763574e-1,9.53500055073716490e-1,9.53500055073716490e-1,1.04600006425266923e0,1.04600006425266923e0,1.15350008261057480e0,1.26800021111591299e0,1.10300033044229862e0
0,sum,1.00000000000000006e-1,9.99990000000000000e4,1.94100009178952715e0,1.94100009178952715e0,1.90700011014743298e0,1.90700011014743298e0,2.09200012850533845e0,2.09200012850533845e0,2.30700016522114959e0,2.53600042223182598e0,2.20600066088459723e0
0,positive,2.00000000000000011e-1,1.00000000000000000e0,6.37899999999999912e-1,3.85099999999999942e-1,3.62899999999999889e-1,6.09899999999999887e-1,3.04149999999999976e-1,9.50849999999999973e-1,2.05750000000000041e-18,-4.49500000000000112e-18,4.13699999999999957e-1
0,negative,2.00000000000000011e-1,1.00000000000000000e0,3.85099999999999942e-1,6.37899999999999912e-1,6.09899999999999887e-1,3.62899999999999889e-1,9.50849999999999973e-1,3.04149999999999976e-1,2.05750000000000041e-18,-4.49500000000000112e-18,4.13699999999999957e-1
0,average,2.00000000000000011e-1,1.00000000000000000e0,5.11499999999999955e-1,5.11499999999999955e-1,4.86399999999999888e-1,4.86399999999999888e-1,6.27499999999999947e-1,6.27499999999999947e-1,2.05750000000000041e-18,-4.49500000000000112e-18,4.13699999999999957e-1
0,sum,2.00000000000000011e-1,1.00000000000000000e0,1.02299999999999991e0,1.02299999999999991e0,9.72799999999999776e-1,9.72799999999999776e-1,1.25499999999999989e0,1.25499999999999989e0,4.11500000000000083e-18,-8.99000000000000224e-18,8.27399999999999913e-1
0,positive,2.00000000000000011e-1,1.25000000000000000e0,6.62800000000000056e-1,4.07200000000000006e-1,3.86199999999999988e-1,6.32799999999999918e-1,3.28649999999999998e-1,9.69350000000000045e-1,-3.44650000000000050e-18,-2.39550000000000047e-18,5.25499999999999856e-1
0,negative,2.00000000000000011e-1,1.25000000000000000e0,4.07200000000000006e-1,6.62800000000000056e-1,6.32799999999999918e-1,3.86199999999999988e-1,9.69350000000000045e-1,3.28649999999999998e-1,-3.44650000000000050e-18,-2.39550000000000047e-18,5.25499999999999856e-1
0,average,2.00000000000000011e-1,1.25000000000000000e0,5.35000000000000031e-1,5.35000000000000031e-1,5.09499999999999953e-1,5.09499999999999953e-1,6.49000000000000021e-1,6.49000000000000021e-1,-3.44650000000000050e-18,-2.39550000000000047e-18,5.25499999999999856e-1
0,sum,2.00000000000000011e-1,1.25000000000000000e0,1.07000000000000006e0,1.07000000000000006e0,1.01899999999999991e0,1.01899999999999991e0,1.29800000000000004e0,1.29800000000000004e0,-6.89300000000000099e-18,-4.79100000000000093e-18,1.05099999999999971e0
0,positive,2.00000000000000011e-1,1.00000000000000000e1,7.56949999999999790e-1,4.96049999999999824e-1,4.81049999999999922e-1,7.15949999999999864e-1,4.32399999999999896e-1,1.01559999999999984e0,8.54500000000000148e-1,3.81600000000000034e-18,8.90799999999999925e-1
0,negative,2.00000000000000011e-1,1.00000000000000000e1,4.96049999999999824e-1,7.56949999999999790e-1,7.15949999999999864e-1,4.81049999999999922e-1,1.01559999999999984e0,4.32399999999999896e-1,8.54500000000000148e-1,3.81600000000000034e-18,8.90799999999999925e-1
0,average,2.00000000000000011e-1,1.00000000000000000e1,6.26499999999999835e-1,6.26499999999999835e-1,5.98499999999999921e-1,5.98499999999999921e-1,7.23999999999999866e-1,7.23999999999999866e-1,8.54500000000000148e-1,3.81600000000000034e-18,8.90799999999999925e-1
0,sum,2.00000000000000011e-1,1.00000000000000000e1,1.25299999999999967e0,1.25299999999999967e0,1.19699999999999984e0,1.19699999999999984e0,1.44799999999999973e0,1.44799999999999973e0,1.70900000000000030e0,7.63200000000000068e-18,1.78159999999999985e0
0,positive,2.00000000000000011e-1,1.00000000000000000e2,7.49299999999999966e-1,4.96700000000000030e-1,4.85899999999999943e-1,7.05099999999999949e-1,4.42699999999999982e-1,9.72299999999999831e-1,8.17500000000000004e-1,6.95999999999999952e-1,8.31199999999999939e-1
0,negative,2.00000000000000011e-1,1.00000000000000000e2,4.96700000000000030e-1,7.49299999999999966e-1,7.05099999999999949e-1,4.85899999999999943e-1,9.72299999999999831e-1,4.42699999999999982e-1,8.17500000000000004e-1,6.95999999999999952e-1,8.31199999999999939e-1
0,average,2.00000000000000011e-1,1.00000000000000000e2,6.22999999999999998e-1,6.22999999999999998e-1,5.95499999999999918e-1,5.95499999999999918e-1,7.07499999999999907e-1,7.07499999999999907e-1,8.17500000000000004e-1,6.95999999999999952e-1,8.31199999999999939e-1
0,sum,2.00000000000000011e-1,1.00000000000000000e2,1.24600000000000000e0,1.24600000000000000e0,1.19099999999999984e0,1.19099999999999984e0,1.41499999999999981e0,1.41499999999999981e0,1.63500000000000001e0,1.39199999999999990e0,1.66239999999999988e0
0,positive,2.00000000000000011e-1,1.00000000000000000e5,6.33899999999999908e-1,4.13099999999999967e-1,4.07299999999999995e-1,5.89600000000000013e-1,3.74499999999999944e-1,7.96499999999999875e-1,6.58500000000000085e-1,5.21499999999999964e-1,5.03000000000000003e-1
0,negative,2.00000000000000011e-1,1.00000000000000000e5,4.13099999999999967e-1,6.33899999999999908e-1,5.89600000000000013e-1,4.07299999999999995e-1,7.96499999999999875e-1,3.74499999999999944e-1,6.58500000000000085e-1,5.21499999999999964e-1,5.03000000000000003e-1
0,average,2.00000000000000011e-1,1.00000000000000000e5,5.23499999999999965e-1,5.23499999999999965e-1,4.98450000000000004e-1,4.98450000000000004e-1,5.85499999999999909e-1,5.85499999999999909e-1,6.58500000000000085e-1,5.21499999999999964e-1,5.03000000000000003e-1
0,sum,2.00000000000000011e-1,1.00000000000000000e5,1.04699999999999993e0,1.04699999999999993e0,9.96900000000000008e-1,9.96900000000000008e-1,1.17099999999999982e0,1.17099999999999982e0,1.31700000000000017e0,1.04299999999999993e0,1.00600000000000001e0
0,positive,2.00000000000000011e-1,1.10000000000000009e0,6.48535411434256304e-1,3.94539461554098914e-1,3.72852011502737779e-1,6.19681161519858081e-1,3.14614561451376618e-1,9.58751811708182355e-1,-2.93395764423548410e-19,-3.59825115236060408e-18,4.61452570214853308e-1
0,negative,2.00000000000000011e-1,1.10000000000000009e0,3.94539461554098914e-1,6.48535411434256304e-1,6.19681161519858081e-1,3.72852011502737779e-1,9.58751811708182355e-1,3.14614561451376618e-1,-2.93395764423548410e-19,-3.59825115236060408e-18,4.61452570214853308e-1
0,average,2.00000000000000011e-1,1.10000000000000009e0,5.21537436494177609e-1,5.21537436494177609e-1,4.96266586511297958e-1,4.96266586511297958e-1,6.36683186579779514e-1,6.36683186579779514e-1,-2.93395764423548410e-19,-3.59825115236060408e-18,4.61452570214853308e-1
0,sum,2.00000000000000011e-1,1.10000000000000009e0,1.04307487298835522e0,1.04307487298835522e0,9.92533173022595916e-1,9.92533173022595916e-1,1.27336637315955903e0,1.27336637315955903e0,-5.86791528847096819e-19,-7.19650230472120817e-18,9.22905140429706616e-1
0,positive,2.00000000000000011e-1,3.70000000000000000e1,7.58698098414319788e-1,5.01799524603579905e-1,4.89325118849104956e-1,7.15172504168794743e-1,4.43959482208014899e-1,9.95367512506384333e-1,8.37826994714399587e-1,7.26405177919849265e-1,8.75721289957359095e-1
0,negative,2.00000000000000011e-1,3.70000000000000000e1,5.01799524603579905e-1,7.58698098414319788e-1,7.15172504168794743e-1,4.89325118849104956e-1,9.95367512506384333e-1,4.43959482208014899e-1,8.37826994714399587e-1,7.26405177919849265e-1,8.75721289957359095e-1
0,average,2.00000000000000011e-1,3.70000000000000000e1,6.30248811508949847e-1,6.30248811508949847e-1,6.02248811508949822e-1,6.02248811508949822e-1,7.19663497357199589e-1,7.19663497357199589e-1,8.37826994714399587e-1,7.26405177919849265e-1,8.75721289957359095e-1
0,sum,2.00000000000000011e-1,3.70000000000000000e1,1.26049762301789969e0,1.26049762301789969e0,1.20449762301789964e0,1.20449762301789964e0,1.43932699471439918e0,1.43932699471439918e0,1.67565398942879917e0,1.45281035583969853e0,1.75144257991471819e0
0,positive,2.00000000000000011e-1,1.77700000000000000e3,7.03666600942697951e-1,4.64705340070015627e-1,4.56260809790791033e-1,6.58133010105023675e-1,4.18724709633674586e-1,8.95734746911442281e-1,7.48306304363411390e-1,6.13350062129613072e-1,6.76771681711194617e-1
0,negative,2.00000000000000011e-1,1.77700000000000000e3,4.64705340070015627e-1,7.03666600942697951e-1,6.58133010105023675e-1,4.56260809790791033e-1,8.95734746911442281e-1,4.18724709633674586e-1,7.48306304363411390e-1,6.13350062129613072e-1,6.76771681711194617e-1
0,average,2.00000000000000011e-1,1.77700000000000000e3,5.84185970506356789e-1,5.84185970506356789e-1,5.57196909947907382e-1,5.57196909947907382e-1,6.57229728272558433e-1,6.57229728272558433e-1,7.48306304363411390e-1,6.13350062129613072e-1,6.76771681711194617e-1
0,sum,2.00000000000000011e-1,1.77700000000000000e3,1.16837194101271358e0,1.16837194101271358e0,1.11439381989581476e0,1.11439381989581476e0,1.31445945654511687e0,1.31445945654511687e0,1.49661260872682278e0,1.22670012425922614e0,1.35354336342238923e0
0,positive,2.00000000000000011e-1,9.99990000000000000e4,6.33900167974835060e-1,4.13100125751652447e-1,4.07300116572699766e-1,5.89600160631672865e-1,3.74500106475851857e-1,7.96500223966446819e-1,6.58500201936960350e-1,5.21500201936960339e-1,5.03000361650738026e-1
0,negative,2.00000000000000011e-1,9.99990000000000000e4,4.13100125751652447e-1,6.33900167974835060e-1,5.89600160631672865e-1,4.07300116572699766e-1,7.96500223966446819e-1,3.74500106475851857e-1,6.58500201936960350e-1,5.21500201936960339e-1,5.03000361650738026e-1
0,average,2.00000000000000011e-1,9.99990000000000000e4,5.23500146863243754e-1,5.23500146863243754e-1,4.98450138602186343e-1,4.98450138602186343e-1,5.85500165221149338e-1,5.85500165221149338e-1,6.58500201936960350e-1,5.21500201936960339e-1,5.03000361650738026e-1
0,sum,2.00000000000000011e-1,9.99990000000000000e4,1.04700029372648751e0,1.04700029372648751e0,9.96900277204372687e-1,9.96900277204372687e-1,1.17100033044229868e0,1.17100033044229868e0,1.31700040387392070e0,1.04300040387392068e0,1.00600072330147605e0
0,positive,2.25000000000000006e-1,1.00000000000000000e0,6.39599999999999946e-1,3.54999999999999982e-1,3.35749999999999993e-1,5.98949999999999982e-1,2.79150000000000009e-1,9.46849999999999969e-1,1.00099999999999991e-18,-4.03949999999999996e-18,5.15700000000000047e-1
0,negative,2.25000000000000006e-1,1.00000000000000000e0,3.54999999999999982e-1,6.39599999999999946e-1,5.98949999999999982e-1,3.35749999999999993e-1,9.46849999999999969e-1,2.79150000000000009e-1,1.00099999999999991e-18,-4.03949999999999996e-18,5.15700000000000047e-1
0,average,2.25000000000000006e-1,1.00000000000000000e0,4.97299999999999964e-1,4.97299999999999964e-1,4.67349999999999988e-1,4.67349999999999988e-1,6.12999999999999989e-1,6.12999999999999989e-1,1.00099999999999991e-18,-4.03949999999999996e-18,5.15700000000000047e-1
0,sum,2.25000000000000006e-1,1.00000000000000000e0,9.94599999999999929e-1,9.94599999999999929e-1,9.34699999999999975e-1,9.34699999999999975e-1,1.22599999999999998e0,1.22599999999999998e0,2.00199999999999982e-18,-8.07899999999999992e-18,1.03140000000000009e0
0,positive,2.25000000000000006e-1,1.25000000000000000e0,6.59049999999999914e-1,3.73949999999999949e-1,3.55949999999999933e-1,6.16949999999999887e-1,3.00699999999999967e-1,9.58299999999999930e-1,-3.31350000000000013e-18,-2.19699999999999994e-18,6.14499999999999935e-1
0,negative,2.25000000000000006e-1,1.25000000000000000e0,3.73949999999999949e-1,6.59049999999999914e-1,6.16949999999999887e-1,3.55949999999999933e-1,9.58299999999999930e-1,3.00699999999999967e-1,-3.31350000000000013e-18,-2.19699999999999994e-18,6.14499999999999935e-1
0,average,2.25000000000000006e-1,1.25000000000000000e0,5.16499999999999959e-1,5.16499999999999959e-1,4.86449999999999938e-1,4.86449999999999938e-1,6.29499999999999948e-1,6.29499999999999948e-1,-3.31350000000000013e-18,-2.19699999999999994e-18,6.14499999999999935e-1
0,sum,2.25000000000000006e-1,1.25000000000000000e0,1.03299999999999992e0,1.03299999999999992e0,9.72899999999999876e-1,9.72899999999999876e-1,1.25899999999999990e0,1.25899999999999990e0,-6.62700000000000025e-18,-4.39399999999999988e-18,1.22899999999999987e0
0,positive,2.25000000000000006e-1,1.00000000000000000e1,7.18599999999999905e-1,4.42399999999999904e-1,4.30549999999999933e-1,6.69449999999999878e-1,3.84150000000000047e-1,9.61850000000000094e-1,7.98000000000000154e-1,3.72950000000000007e-18,8.76800000000000024e-1
0,negative,2.25000000000000006e-1,1.00000000000000000e1,4.42399999999999904e-1,7.18599999999999905e-1,6.69449999999999878e-1,4.30549999999999933e-1,9.61850000000000094e-1,3.84150000000000047e-1,7.98000000000000154e-1,3.72950000000000007e-18,8.76800000000000024e-1
0,average,2.25000000000000006e-1,1.00000000000000000e1,5.80499999999999905e-1,5.80499999999999905e-1,5.49999999999999933e-1,5.49999999999999933e-1,6.73000000000000043e-1,6.73000000000000043e-1,7.98000000000000154e-1,3.72950000000000007e-18,8.76800000000000024e-1
0,sum,2.25000000000000006e-1,1.00000000000000000e1,1.16099999999999981e0,1.16099999999999981e0,1.09999999999999987e0,1.09999999999999987e0,1.34600000000000009e0,1.34600000000000009e0,1.59600000000000031e0,7.45900000000000014e-18,1.75360000000000005e0
0,positive,2.25000000000000006e-1,1.00000000000000000e2,6.91749999999999976e-1,4.32249999999999912e-1,4.24200000000000021e-1,6.41800000000000037e-1,3.83999999999999952e-1,8.97000000000000020e-1,7.42000000000000104e-1,5.78500000000000125e-1,7.66800000000000037e-1
0,negative,2.25000000000000006e-1,1.00000000000000000e2,4.32249999999999912e-1,6.91749999999999976e-1,6.41800000000000037e-1,4.24200000000000021e-1,8.97000000000000020e-1,3.83999999999999952e-1,7.42000000000000104e-1,5.78500000000000125e-1,7.66800000000000037e-1
0,average,2.25000000000000006e-1,1.00000000000000000e2,5.61999999999999944e-1,5.61999999999999944e-1,5.33000000000000029e-1,5.33000000000000029e-1,6.40499999999999958e-1,6.40499999999999958e-1,7.42000000000000104e-1,5.78500000000000125e-1,7.66800000000000037e-1
0,sum,2.25000000000000006e-1,1.00000000000000000e2,1.12399999999999989e0,1.12399999999999989e0,1.06600000000000006e0,1.06600000000000006e0,1.28099999999999992e0,1.28099999999999992e0,1.48400000000000021e0,1.15700000000000025e0,1.53360000000000007e0
0,positive,2.25000000000000006e-1,1.00000000000000000e5,5.62049999999999939e-1,3.45450000000000035e-1,3.41650000000000009e-1,5.15850000000000031e-1,3.11949999999999950e-1,7.06050000000000066e-1,5.70999999999999952e-1,4.18399999999999994e-1,4.22899999999999998e-1
0,negative,2.25000000000000006e-1,1.00000000000000000e5,3.45450000000000035e-1,5.62049999999999939e-1,5.15850000000000031e-1,3.41650000000000009e-1,7.06050000000000066e-1,3.11949999999999950e-1,5.70999999999999952e-1,4.18399999999999994e-1,4.22899999999999998e-1
0,average,2.25000000000000006e-1,1.00000000000000000e5,4.53749999999999987e-1,4.53749999999999987e-1,4.28750000000000020e-1,4.28750000000000020e-1,5.09000000000000008e-1,5.09000000000000008e-1,5.70999999999999952e-1,4.18399999999999994e-1,4.22899999999999998e-1
0,sum,2.25000000000000006e-1,1.00000000000000000e5,9.07499999999999973e-1,9.07499999999999973e-1,8.57500000000000040e-1,8.57500000000000040e-1,1.01800000000000002e0,1.01800000000000002e0,1.14199999999999990e0,8.36799999999999988e-1,8.45799999999999996e-1
0,positive,2.25000000000000006e-1,1.10000000000000009e0,6.47907580417521389e-1,3.63094017938921931e-1,3.44377924135420677e-1,6.06638249229582760e-1,2.88354542827639393e-1,9.51740580759928956e-1,-8.41830627835283281e-19,-3.25252226636075807e-18,5.57899945771265671e-1
0,negative,2.25000000000000006e-1,1.10000000000000009e0,3.63094017938921931e-1,6.47907580417521389e-1,6.06638249229582760e-1,3.44377924135420677e-1,9.51740580759928956e-1,2.88354542827639393e-1,-8.41830627835283281e-19,-3.25252226636075807e-18,5.57899945771265671e-1
0,average,2.25000000000000006e-1,1.10000000000000009e0,5.05500799178221660e-1,5.05500799178221660e-1,4.75508086682501718e-1,4.75508086682501718e-1,6.20047561793784174e-1,6.20047561793784174e-1,-8.41830627835283281e-19,-3.25252226636075807e-18,5.57899945771265671e-1
0,sum,2.25000000000000006e-1,1.10000000000000009e0,1.01100159835644332e0,1.01100159835644332e0,9.51016173365003437e-1,9.51016173365003437e-1,1.24009512358756835e0,1.24009512358756835e0,-1.68366125567056656e-18,-6.50504453272151614e-18,1.11579989154253134e0
0,positive,2.25000000000000006e-1,3.70000000000000000e1,7.07628420903659627e-1,4.40864448150039889e-1,4.31415636641089895e-1,6.57745483734009539e-1,3.88866349735719929e-1,9.27455891014479228e-1,7.68907554901949397e-1,6.08405177919849272e-1,8.27129795652148503e-1
0,negative,2.25000000000000006e-1,3.70000000000000000e1,4.40864448150039889e-1,7.07628420903659627e-1,6.57745483734009539e-1,4.31415636641089895e-1,9.27455891014479228e-1,3.88866349735719929e-1,7.68907554901949397e-1,6.08405177919849272e-1,8.27129795652148503e-1
0,average,2.25000000000000006e-1,3.70000000000000000e1,5.74246434526849758e-1,5.74246434526849758e-1,5.44580560187549745e-1,5.44580560187549745e-1,6.58161120375099551e-1,6.58161120375099551e-1,7.68907554901949397e-1,6.08405177919849272e-1,8.27129795652148503e-1
0,sum,2.25000000000000006e-1,3.70000000000000000e1,1.14849286905369952e0,1.14849286905369952e0,1.08916112037509949e0,1.08916112037509949e0,1.31632224075019910e0,1.31632224075019910e0,1.53781510980389879e0,1.21681035583969854e0,1.65425959130429701e0
0,positive,2.25000000000000006e-1,1.77700000000000000e3,6.36000513211504304e-1,3.96415185567411177e-1,3.90311903734945953e-1,5.86799419267349243e-1,3.55545494572620302e-1,8.08979598621799023e-1,6.62839122688062443e-1,5.01317243804961787e-1,5.94802312147535872e-1
0,negative,2.25000000000000006e-1,1.77700000000000000e3,3.96415185567411177e-1,6.36000513211504304e-1,5.86799419267349243e-1,3.90311903734945953e-1,8.08979598621799023e-1,3.55545494572620302e-1,6.62839122688062443e-1,5.01317243804961787e-1,5.94802312147535872e-1
0,average,2.25000000000000006e-1,1.77700000000000000e3,5.16207849389457740e-1,5.16207849389457740e-1,4.88555661501147598e-1,4.88555661501147598e-1,5.82262546597209663e-1,5.82262546597209663e-1,6.62839122688062443e-1,5.01317243804961787e-1,5.94802312147535872e-1
0,sum,2.25000000000000006e-1,1.77700000000000000e3,1.03241569877891548e0,1.03241569877891548e0,9.77111323002295196e-1,9.77111323002295196e-1,1.16452509319441933e0,1.16452509319441933e0,1.32567824537612489e0,1.00263448760992357e0,1.18960462429507174e0
0,positive,2.25000000000000006e-1,9.99990000000000000e4,5.62050167056939887e-1,3.45450115654804546e-1,3.41650112901118685e-1,5.15850160631672994e-1,3.11950102804270657e-1,7.06050227638028050e-1,5.71000201936960106e-1,4.18400177153787856e-1,4.22900346964413643e-1
0,negative,2.25000000000000006e-1,9.99990000000000000e4,3.45450115654804546e-1,5.62050167056939887e-1,5.15850160631672994e-1,3.41650112901118685e-1,7.06050227638028050e-1,3.11950102804270657e-1,5.71000201936960106e-1,4.18400177153787856e-1,4.22900346964413643e-1
0,average,2.25000000000000006e-1,9.99990000000000000e4,4.53750141355872216e-1,4.53750141355872216e-1,4.28750136766395840e-1,4.28750136766395840e-1,5.09000165221149325e-1,5.09000165221149325e-1,5.71000201936960106e-1,4.18400177153787856e-1,4.22900346964413643e-1
0,sum,2.25000000000000006e-1,9.99990000000000000e4,9.07500282711744433e-1,9.07500282711744433e-1,8.57500273532791679e-1,8.57500273532791679e-1,1.01800033044229865e0,1.01800033044229865e0,1.14200040387392021e0,8.36800354307575711e-1,8.45800693928827285e-1
0,positive,3.49999999999999978e-1,1.00000000000000000e0,5.45900000000000052e-1,2.16200000000000059e-1,2.11850000000000011e-1,4.72650000000000015e-1,1.67899999999999994e-1,7.58099999999999996e-1,-1.29800000000000014e-18,-2.63699999999999991e-18,9.47999999999999954e-1
0,negative,3.49999999999999978e-1,1.00000000000000000e0,2.16200000000000059e-1,5.45900000000000052e-1,4.72650000000000015e-1,2.11850000000000011e-1,7.58099999999999996e-1,1.67899999999999994e-1,-1.29800000000000014e-18,-2.63699999999999991e-18,9.47999999999999954e-1
0,average,3.49999999999999978e-1,1.00000000000000000e0,3.81050000000000055e-1,3.81050000000000055e-1,3.42249999999999999e-1,3.42249999999999999e-1,4.62999999999999967e-1,4.62999999999999967e-1,-1.29800000000000014e-18,-2.63699999999999991e-18,9.47999999999999954e-1
0,sum,3.49999999999999978e-1,1.00000000000000000e0,7.62100000000000111e-1,7.62100000000000111e-1,6.84499999999999997e-1,6.84499999999999997e-1,9.25999999999999934e-1,9.25999999999999934e-1,-2.59600000000000028e-18,-5.27399999999999982e-18,1.89599999999999991e0
0,positive,3.49999999999999978e-1,1.25000000000000000e0,5.47699999999999965e-1,2.25799999999999973e-1,2.22099999999999992e-1,4.75600000000000023e-1,1.79650000000000032e-1,7.50250000000000083e-1,-2.70100000000000011e-18,-1.26750000000000000e-18,9.58400000000000030e-1
0,negative,3.49999999999999978e-1,1.25000000000000000e0,2.25799999999999973e-1,5.47699999999999965e-1,4.75600000000000023e-1,2.22099999999999992e-1,7.50250000000000083e-1,1.79650000000000032e-1,-2.70100000000000011e-18,-1.26750000000000000e-18,9.58400000000000030e-1
0,average,3.49999999999999978e-1,1.25000000000000000e0,3.86749999999999983e-1,3.86749999999999983e-1,3.48849999999999993e-1,3.48849999999999993e-1,4.64950000000000085e-1,4.64950000000000085e-1,-2.70100000000000011e-18,-1.26750000000000000e-18,9.58400000000000030e-1
0,sum,3.49999999999999978e-1,1.25000000000000000e0,7.73499999999999965e-1,7.73499999999999965e-1,6.97699999999999987e-1,6.97699999999999987e-1,9.29900000000000171e-1,9.29900000000000171e-1,-5.40200000000000022e-18,-2.53499999999999999e-18,1.91680000000000006e0
0,positive,3.49999999999999978e-1,1.00000000000000000e1,5.06499999999999950e-1,2.38699999999999996e-1,2.38149999999999973e-1,4.43749999999999978e-1,2.05400000000000055e-1,6.52100000000000124e-1,4.97250000000000025e-1,2.87550000000000022e-18,7.41399999999999948e-1
0,negative,3.49999999999999978e-1,1.00000000000000000e1,2.38699999999999996e-1,5.06499999999999950e-1,4.43749999999999978e-1,2.38149999999999973e-1,6.52100000000000124e-1,2.05400000000000055e-1,4.97250000000000025e-1,2.87550000000000022e-18,7.41399999999999948e-1
0,average,3.49999999999999978e-1,1.00000000000000000e1,3.72599999999999987e-1,3.72599999999999987e-1,3.40949999999999975e-1,3.40949999999999975e-1,4.28750000000000075e-1,4.28750000000000075e-1,4.97250000000000025e-1,2.87550000000000022e-18,7.41399999999999948e-1
0,sum,3.49999999999999978e-1,1.00000000000000000e1,7.45199999999999974e-1,7.45199999999999974e-1,6.81899999999999951e-1,6.81899999999999951e-1,8.57500000000000151e-1,8.57500000000000151e-1,9.94500000000000051e-1,5.75100000000000044e-18,1.48279999999999990e0
0,positive,3.49999999999999978e-1,1.00000000000000000e2,4.41399999999999959e-1,2.12299999999999989e-1,2.13100000000000012e-1,3.86300000000000032e-1,1.86399999999999982e-1,5.54799999999999960e-1,4.11050000000000082e-1,2.17249999999999999e-1,4.90299999999999958e-1
0,negative,3.49999999999999978e-1,1.00000000000000000e2,2.12299999999999989e-1,4.41399999999999959e-1,3.86300000000000032e-1,2.13100000000000012e-1,5.54799999999999960e-1,1.86399999999999982e-1,4.11050000000000082e-1,2.17249999999999999e-1,4.90299999999999958e-1
0,average,3.49999999999999978e-1,1.00000000000000000e2,3.26849999999999974e-1,3.26849999999999974e-1,2.99700000000000022e-1,2.99700000000000022e-1,3.70599999999999985e-1,3.70599999999999985e-1,4.11050000000000082e-1,2.17249999999999999e-1,4.90299999999999958e-1
0,sum,3.49999999999999978e-1,1.00000000000000000e2,6.53699999999999948e-1,6.53699999999999948e-1,5.99400000000000044e-1,5.99400000000000044e-1,7.41199999999999970e-1,7.41199999999999970e-1,8.22100000000000164e-1,4.34499999999999997e-1,9.80599999999999916e-1
0,positive,3.49999999999999978e-1,1.00000000000000000e5,3.08250000000000024e-1,1.43750000000000044e-1,1.45449999999999996e-1,2.67249999999999988e-1,1.27899999999999986e-1,3.78099999999999992e-1,2.60699999999999987e-1,1.36449999999999988e-1,1.79100000000000009e-1
0,negative,3.49999999999999978e-1,1.00000000000000000e5,1.43750000000000044e-1,3.08250000000000024e-1,2.67249999999999988e-1,1.45449999999999996e-1,3.78099999999999992e-1,1.27899999999999986e-1,2.60699999999999987e-1,1.36449999999999988e-1,1.79100000000000009e-1
0,average,3.49999999999999978e-1,1.00000000000000000e5,2.26000000000000034e-1,2.26000000000000034e-1,2.06349999999999978e-1,2.06349999999999978e-1,2.53000000000000003e-1,2.53000000000000003e-1,2.60699999999999987e-1,1.36449999999999988e-1,1.79100000000000009e-1
0,sum,3.49999999999999978e-1,1.00000000000000000e5,4.52000000000000068e-1,4.52000000000000068e-1,4.12699999999999956e-1,4.12699999999999956e-1,5.06000000000000005e-1,5.06000000000000005e-1,5.21399999999999975e-1,2.72899999999999976e-1,3.58200000000000018e-1
0,positive,3.49999999999999978e-1,1.10000000000000009e0,5.46668824922958319e-1,2.20300399589110879e-1,2.16228030811290162e-1,4.73910018623737161e-1,1.72918718247088765e-1,7.54747069085987432e-1,-1.89725631495026144e-18,-2.05205237111590658e-18,9.52442099554870025e-1
0,negative,3.49999999999999978e-1,1.10000000000000009e0,2.20300399589110879e-1,5.46668824922958319e-1,4.73910018623737161e-1,2.16228030811290162e-1,7.54747069085987432e-1,1.72918718247088765e-1,-1.89725631495026144e-18,-2.05205237111590658e-18,9.52442099554870025e-1
0,average,3.49999999999999978e-1,1.10000000000000009e0,3.83484612256034585e-1,3.83484612256034585e-1,3.45069024717513662e-1,3.45069024717513662e-1,4.63832893666538126e-1,4.63832893666538126e-1,-1.89725631495026144e-18,-2.05205237111590658e-18,9.52442099554870025e-1
0,sum,3.49999999999999978e-1,1.10000000000000009e0,7.66969224512069170e-1,7.66969224512069170e-1,6.90138049435027323e-1,6.90138049435027323e-1,9.27665787333076253e-1,9.27665787333076253e-1,-3.79451262990052288e-18,-4.10410474223181316e-18,1.90488419910974005e0
0,positive,3.49999999999999978e-1,3.70000000000000000e1,4.68781009863584230e-1,2.24687190017044680e-1,2.24987427715254762e-1,4.10565610920704371e-1,1.96038378508094774e-1,5.93942605635103815e-1,4.45561094654713996e-1,2.34684813034944484e-1,5.86642053077526926e-1
0,negative,3.49999999999999978e-1,3.70000000000000000e1,2.24687190017044680e-1,4.68781009863584230e-1,4.10565610920704371e-1,2.24987427715254762e-1,5.93942605635103815e-1,1.96038378508094774e-1,4.45561094654713996e-1,2.34684813034944484e-1,5.86642053077526926e-1
0,average,3.49999999999999978e-1,3.70000000000000000e1,3.46734099940314455e-1,3.46734099940314455e-1,3.17776519317979567e-1,3.17776519317979567e-1,3.94990492071599308e-1,3.94990492071599308e-1,4.45561094654713996e-1,2.34684813034944484e-1,5.86642053077526926e-1
0,sum,3.49999999999999978e-1,3.70000000000000000e1,6.93468199880628910e-1,6.93468199880628910e-1,6.35553038635959133e-1,6.35553038635959133e-1,7.89980984143198617e-1,7.89980984143198617e-1,8.91122189309427992e-1,4.69369626069888968e-1,1.17328410615505385e0
0,positive,3.49999999999999978e-1,1.77700000000000000e3,3.74864734485519713e-1,1.78837836963535057e-1,1.80285649075224985e-1,3.26786291937488704e-1,1.58467052024589217e-1,4.64401156073767862e-1,3.32949740698481100e-1,1.75811903734945957e-1,3.06930111833303099e-1
0,negative,3.49999999999999978e-1,1.77700000000000000e3,1.78837836963535057e-1,3.74864734485519713e-1,3.26786291937488704e-1,1.80285649075224985e-1,4.64401156073767862e-1,1.58467052024589217e-1,3.32949740698481100e-1,1.75811903734945957e-1,3.06930111833303099e-1
0,average,3.49999999999999978e-1,1.77700000000000000e3,2.76851285724527385e-1,2.76851285724527385e-1,2.53535970506356845e-1,2.53535970506356845e-1,3.11434104049178540e-1,3.11434104049178540e-1,3.32949740698481100e-1,1.75811903734945957e-1,3.06930111833303099e-1
0,sum,3.49999999999999978e-1,1.77700000000000000e3,5.53702571449054770e-1,5.53702571449054770e-1,5.07071941012713689e-1,5.07071941012713689e-1,6.22868208098357079e-1,6.22868208098357079e-1,6.65899481396962201e-1,3.51623807469891914e-1,6.13860223666606197e-1
0,positive,3.49999999999999978e-1,9.99990000000000000e4,3.08250139520081679e-1,1.43750073431621939e-1,1.45450074349517150e-1,2.67250125751652523e-1,1.27900065170564431e-1,3.78100178989578484e-1,2.60700145027453312e-1,1.36450079856888812e-1,1.79100225802237445e-1
0,negative,3.49999999999999978e-1,9.99990000000000000e4,1.43750073431621939e-1,3.08250139520081679e-1,2.67250125751652523e-1,1.45450074349517150e-1,3.78100178989578484e-1,1.27900065170564431e-1,2.60700145027453312e-1,1.36450079856888812e-1,1.79100225802237445e-1
0,average,3.49999999999999978e-1,9.99990000000000000e4,2.26000106475851809e-1,2.26000106475851809e-1,2.06350100050584850e-1,2.06350100050584850e-1,2.53000122080071443e-1,2.53000122080071443e-1,2.60700145027453312e-1,1.36450079856888812e-1,1.79100225802237445e-1
0,sum,3.49999999999999978e-1,9.99990000000000000e4,4.52000212951703617e-1,4.52000212951703617e-1,4.12700200101169701e-1,4.12700200101169701e-1,5.06000244160142887e-1,5.06000244160142887e-1,5.21400290054906623e-1,2.72900159713777624e-1,3.58200451604474890e-1
0,positive,5.00000000000000000e-1,1.00000000000000000e0,3.89400000000000024e-1,1.16300000000000014e-1,1.21049999999999991e-1,3.20149999999999990e-1,9.09999999999999976e-2,4.92600000000000038e-1,-1.33799999999999993e-18,-1.30200000000000008e-18,1.05099999999999993e0
0,negative,5.00000000000000000e-1,1.00000000000000000e0,1.16300000000000014e-1,3.89400000000000024e-1,3.20149999999999990e-1,1.21049999999999991e-1,4.92600000000000038e-1,9.09999999999999976e-2,-1.33799999999999993e-18,-1.30200000000000008e-18,1.05099999999999993e0
0,average,5.00000000000000000e-1,1.00000000000000000e0,2.52850000000000019e-1,2.52850000000000019e-1,2.20599999999999991e-1,2.20599999999999991e-1,2.91800000000000004e-1,2.91800000000000004e-1,-1.33799999999999993e-18,-1.30200000000000008e-18,1.05099999999999993e0
0,sum,5.00000000000000000e-1,1.00000000000000000e0,5.05700000000000038e-1,5.05700000000000038e-1,4.41199999999999981e-1,4.41199999999999981e-1,5.83600000000000008e-1,5.83600000000000008e-1,-2.67599999999999986e-18,-2.60400000000000016e-18,2.10199999999999987e0
0,positive,5.00000000000000000e-1,1.25000000000000000e0,3.82750000000000035e-1,1.19150000000000006e-1,1.23800000000000021e-1,3.15699999999999981e-1,9.52500000000000013e-2,4.80549999999999977e-1,-2.08249999999999990e-18,-1.59800000000000009e-19,9.72399999999999931e-1
0,negative,5.00000000000000000e-1,1.25000000000000000e0,1.19150000000000006e-1,3.82750000000000035e-1,3.15699999999999981e-1,1.23800000000000021e-1,4.80549999999999977e-1,9.52500000000000013e-2,-2.08249999999999990e-18,-1.59800000000000009e-19,9.72399999999999931e-1
0,average,5.00000000000000000e-1,1.25000000000000000e0,2.50950000000000006e-1,2.50950000000000006e-1,2.19750000000000001e-1,2.19750000000000001e-1,2.87899999999999989e-1,2.87899999999999989e-1,-2.08249999999999990e-18,-1.59800000000000009e-19,9.72399999999999931e-1
0,sum,5.00000000000000000e-1,1.25000000000000000e0,5.01900000000000013e-1,5.01900000000000013e-1,4.39500000000000002e-1,4.39500000000000002e-1,5.75799999999999979e-1,5.75799999999999979e-1,-4.16499999999999979e-18,-3.19600000000000017e-19,1.94479999999999986e0
0,positive,5.00000000000000000e-1,1.00000000000000000e1,3.10450000000000004e-1,1.08250000000000013e-1,1.12499999999999989e-1,2.58099999999999996e-1,9.26500000000000101e-2,3.77450000000000008e-1,2.14899999999999980e-1,1.96449999999999983e-18,4.73699999999999954e-1
0,negative,5.00000000000000000e-1,1.00000000000000000e1,1.08250000000000013e-1,3.10450000000000004e-1,2.58099999999999996e-1,1.12499999999999989e-1,3.77450000000000008e-1,9.26500000000000101e-2,2.14899999999999980e-1,1.96449999999999983e-18,4.73699999999999954e-1
0,average,5.00000000000000000e-1,1.00000000000000000e1,2.09350000000000008e-1,2.09350000000000008e-1,1.85299999999999992e-1,1.85299999999999992e-1,2.35050000000000009e-1,2.35050000000000009e-1,2.14899999999999980e-1,1.96449999999999983e-18,4.73699999999999954e-1
0,sum,5.00000000000000000e-1,1.00000000000000000e1,4.18700000000000017e-1,4.18700000000000017e-1,3.70599999999999985e-1,3.70599999999999985e-1,4.70100000000000018e-1,4.70100000000000018e-1,4.29799999999999960e-1,3.92899999999999966e-18,9.47399999999999909e-1
0,positive,5.00000000000000000e-1,1.00000000000000000e2,2.48799999999999993e-1,8.64999999999999936e-2,9.00999999999999995e-2,2.06299999999999983e-1,7.51500000000000085e-2,2.99150000000000027e-1,1.58200000000000007e-1,6.22999999999999943e-2,2.40700000000000025e-1
0,negative,5.00000000000000000e-1,1.00000000000000000e2,8.64999999999999936e-2,2.48799999999999993e-1,2.06299999999999983e-1,9.00999999999999995e-2,2.99150000000000027e-1,7.51500000000000085e-2,1.58200000000000007e-1,6.22999999999999943e-2,2.40700000000000025e-1
0,average,5.00000000000000000e-1,1.00000000000000000e2,1.67649999999999993e-1,1.67649999999999993e-1,1.48199999999999998e-1,1.48199999999999998e-1,1.87150000000000011e-1,1.87150000000000011e-1,1.58200000000000007e-1,6.22999999999999943e-2,2.40700000000000025e-1
0,sum,5.00000000000000000e-1,1.00000000000000000e2,3.35299999999999987e-1,3.35299999999999987e-1,2.96399999999999997e-1,2.96399999999999997e-1,3.74300000000000022e-1,3.74300000000000022e-1,3.16400000000000015e-1,1.24599999999999989e-1,4.81400000000000050e-1
0,positive,5.00000000000000000e-1,1.00000000000000000e5,1.51349999999999985e-1,4.88499999999999976e-2,5.13249999999999956e-2,1.24174999999999994e-1,4.28500000000000131e-2,1.80350000000000010e-1,8.19499999999999951e-2,3.40649999999999981e-2,5.77000000000000013e-2
0,negative,5.00000000000000000e-1,1.00000000000000000e5,4.88499999999999976e-2,1.51349999999999985e-1,1.24174999999999994e-1,5.13249999999999956e-2,1.80350000000000010e-1,4.28500000000000131e-2,8.19499999999999951e-2,3.40649999999999981e-2,5.77000000000000013e-2
0,average,5.00000000000000000e-1,1.00000000000000000e5,1.00099999999999995e-1,1.00099999999999995e-1,8.77499999999999947e-2,8.77499999999999947e-2,1.11600000000000005e-1,1.11600000000000005e-1,8.19499999999999951e-2,3.40649999999999981e-2,5.77000000000000013e-2
0,sum,5.00000000000000000e-1,1.00000000000000000e5,2.00199999999999989e-1,2.00199999999999989e-1,1.75499999999999989e-1,1.75499999999999989e-1,2.23200000000000010e-1,2.23200000000000010e-1,1.63899999999999990e-1,6.81299999999999961e-2,1.15400000000000003e-1
0,positive,5.00000000000000000e-1,1.10000000000000009e0,3.86559619034626378e-1,1.17517306128017307e-1,1.22224593632297346e-1,3.18249293940464195e-1,9.28152810680959173e-2,4.87453144265751481e-1,-1.65599453063468956e-18,-8.14137873887250029e-19,1.01742797836415488e0
0,negative,5.00000000000000000e-1,1.10000000000000009e0,1.17517306128017307e-1,3.86559619034626378e-1,3.18249293940464195e-1,1.22224593632297346e-1,4.87453144265751481e-1,9.28152810680959173e-2,-1.65599453063468956e-18,-8.14137873887250029e-19,1.01742797836415488e0
0,average,5.00000000000000000e-1,1.10000000000000009e0,2.52038462581321843e-1,2.52038462581321843e-1,2.20236943786380757e-1,2.20236943786380757e-1,2.90134212666923685e-1,2.90134212666923685e-1,-1.65599453063468956e-18,-8.14137873887250029e-19,1.01742797836415488e0
0,sum,5.00000000000000000e-1,1.10000000000000009e0,5.04076925162643685e-1,5.04076925162643685e-1,4.40473887572761513e-1,4.40473887572761513e-1,5.80268425333847371e-1,5.80268425333847371e-1,-3.31198906126937913e-18,-1.62827574777450006e-18,2.03485595672830977e0
0,positive,5.00000000000000000e-1,3.70000000000000000e1,2.72773429241249254e-1,9.53464345268497104e-2,9.92630219607797404e-2,2.26541680562649395e-1,8.24971476214798188e-2,3.29220814560939157e-1,1.79365848618914331e-1,6.89473853196898023e-2,3.18313156777447370e-1
0,negative,5.00000000000000000e-1,3.70000000000000000e1,9.53464345268497104e-2,2.72773429241249254e-1,2.26541680562649395e-1,9.92630219607797404e-2,3.29220814560939157e-1,8.24971476214798188e-2,1.79365848618914331e-1,6.89473853196898023e-2,3.18313156777447370e-1
0,average,5.00000000000000000e-1,3.70000000000000000e1,1.84059931884049482e-1,1.84059931884049482e-1,1.62902351261714567e-1,1.62902351261714567e-1,2.05858981091209481e-1,2.05858981091209481e-1,1.79365848618914331e-1,6.89473853196898023e-2,3.18313156777447370e-1
0,sum,5.00000000000000000e-1,3.70000000000000000e1,3.68119863768098965e-1,3.68119863768098965e-1,3.25804702523429135e-1,3.25804702523429135e-1,4.11717962182418962e-1,4.11717962182418962e-1,3.58731697237828662e-1,1.37894770639379605e-1,6.36626313554894740e-1
0,positive,5.00000000000000000e-1,1.77700000000000000e3,1.96945816003752217e-1,6.64254821466978146e-2,6.94190921624093793e-2,1.62523763440009517e-1,5.80667305934574468e-2,2.35537385881643746e-1,1.15802058237550590e-1,4.72168850960620959e-2,1.21461001571163268e-1
0,negative,5.00000000000000000e-1,1.77700000000000000e3,6.64254821466978146e-2,1.96945816003752217e-1,1.62523763440009517e-1,6.94190921624093793e-2,2.35537385881643746e-1,5.80667305934574468e-2,1.15802058237550590e-1,4.72168850960620959e-2,1.21461001571163268e-1
0,average,5.00000000000000000e-1,1.77700000000000000e3,1.31685649075225009e-1,1.31685649075225009e-1,1.15971427801209448e-1,1.15971427801209448e-1,1.46802058237550603e-1,1.46802058237550603e-1,1.15802058237550590e-1,4.72168850960620959e-2,1.21461001571163268e-1
0,sum,5.00000000000000000e-1,1.77700000000000000e3,2.63371298150450017e-1,2.63371298150450017e-1,2.31942855602418896e-1,2.31942855602418896e-1,2.93604116475101207e-1,2.93604116475101207e-1,2.31604116475101179e-1,9.44337701921241918e-2,2.42922003142326537e-1
0,positive,5.00000000000000000e-1,9.99990000000000000e4,1.51350090871632120e-1,4.88500339621251445e-2,5.13250347882309027e-2,1.24175075359202011e-1,4.28500293726487708e-2,1.80350110147432907e-1,8.19500642526691803e-2,3.40650257928571953e-2,5.77000991326896071e-2
0,negative,5.00000000000000000e-1,9.99990000000000000e4,4.88500339621251445e-2,1.51350090871632120e-1,1.24175075359202011e-1,5.13250347882309027e-2,1.80350110147432907e-1,4.28500293726487708e-2,8.19500642526691803e-2,3.40650257928571953e-2,5.77000991326896071e-2
0,average,5.00000000000000000e-1,9.99990000000000000e4,1.00100062416878632e-1,1.00100062416878632e-1,8.77500550737164570e-2,8.77500550737164570e-2,1.11600069760040832e-1,1.11600069760040832e-1,8.19500642526691803e-2,3.40650257928571953e-2,5.77000991326896071e-2
0,sum,5.00000000000000000e-1,9.99990000000000000e4,2.00200124833757265e-1,2.00200124833757265e-1,1.75500110147432914e-1,1.75500110147432914e-1,2.23200139520081664e-1,2.23200139520081664e-1,1.63900128505338361e-1,6.81300515857143907e-2,1.15400198265379214e-1
0,positive,6.99999999999999956e-1,1.00000000000000000e0,2.51149999999999984e-1,4.34499999999999886e-2,4.89499999999999935e-2,1.94949999999999984e-1,3.46499999999999864e-2,3.01649999999999974e-1,-1.15350000000000002e-19,4.83699999999999976e-19,6.41199999999999992e-1
0,negative,6.99999999999999956e-1,1.00000000000000000e0,4.34499999999999886e-2,2.51149999999999984e-1,1.94949999999999984e-1,4.89499999999999935e-2,3.01649999999999974e-1,3.46499999999999864e-2,-1.15350000000000002e-19,4.83699999999999976e-19,6.41199999999999992e-1
0,average,6.99999999999999956e-1,1.00000000000000000e0,1.47299999999999986e-1,1.47299999999999986e-1,1.21949999999999989e-1,1.21949999999999989e-1,1.68149999999999966e-1,1.68149999999999966e-1,-1.15350000000000002e-19,4.83699999999999976e-19,6.41199999999999992e-1
0,sum,6.99999999999999956e-1,1.00000000000000000e0,2.94599999999999973e-1,2.94599999999999973e-1,2.43899999999999978e-1,2.43899999999999978e-1,3.36299999999999932e-1,3.36299999999999932e-1,-2.30700000000000003e-19,9.67399999999999952e-19,1.28239999999999998e0
0,positive,6.99999999999999956e-1,1.25000000000000000e0,2.38249999999999990e-1,4.24500000000000155e-2,4.76000000000000173e-2,1.85200000000000031e-1,3.44000000000000417e-2,2.85600000000000021e-1,-1.51199999999999993e-18,4.09550000000000018e-19,5.51200000000000023e-1
0,negative,6.99999999999999956e-1,1.25000000000000000e0,4.24500000000000155e-2,2.38249999999999990e-1,1.85200000000000031e-1,4.76000000000000173e-2,2.85600000000000021e-1,3.44000000000000417e-2,-1.51199999999999993e-18,4.09550000000000018e-19,5.51200000000000023e-1
0,average,6.99999999999999956e-1,1.25000000000000000e0,1.40350000000000003e-1,1.40350000000000003e-1,1.16400000000000031e-1,1.16400000000000031e-1,1.60000000000000031e-1,1.60000000000000031e-1,-1.51199999999999993e-18,4.09550000000000018e-19,5.51200000000000023e-1
0,sum,6.99999999999999956e-1,1.25000000000000000e0,2.80700000000000005e-1,2.80700000000000005e-1,2.32800000000000062e-1,2.32800000000000062e-1,3.20000000000000062e-1,3.20000000000000062e-1,-3.02399999999999986e-18,8.19100000000000036e-19,1.10240000000000005e0
0,positive,6.99999999999999956e-1,1.00000000000000000e1,1.55150000000000010e-1,2.91499999999999954e-2,3.24750000000000039e-2,1.20724999999999999e-1,2.47500000000000220e-2,1.84649999999999981e-1,3.84650000000000061e-2,1.26250000000000002e-18,1.69199999999999962e-1
0,negative,6.99999999999999956e-1,1.00000000000000000e1,2.91499999999999954e-2,1.55150000000000010e-1,1.20724999999999999e-1,3.24750000000000039e-2,1.84649999999999981e-1,2.47500000000000220e-2,3.84650000000000061e-2,1.26250000000000002e-18,1.69199999999999962e-1
0,average,6.99999999999999956e-1,1.00000000000000000e1,9.21500000000000097e-2,9.21500000000000097e-2,7.66000000000000014e-2,7.66000000000000014e-2,1.04700000000000001e-1,1.04700000000000001e-1,3.84650000000000061e-2,1.26250000000000002e-18,1.69199999999999962e-1
0,sum,6.99999999999999956e-1,1.00000000000000000e1,1.84300000000000019e-1,1.84300000000000019e-1,1.53200000000000003e-1,1.53200000000000003e-1,2.09400000000000003e-1,2.09400000000000003e-1,7.69300000000000123e-2,2.52500000000000005e-18,3.38399999999999923e-1
0,positive,6.99999999999999956e-1,1.00000000000000000e2,1.07589999999999991e-1,1.95099999999999926e-2,2.18349999999999933e-2,8.34649999999999975e-2,1.67000000000000065e-2,1.27900000000000014e-1,2.42400000000000011e-2,9.82000000000000060e-3,6.24100000000000071e-2
0,negative,6.99999999999999956e-1,1.00000000000000000e2,1.95099999999999926e-2,1.07589999999999991e-1,8.34649999999999975e-2,2.18349999999999933e-2,1.27900000000000014e-1,1.67000000000000065e-2,2.42400000000000011e-2,9.82000000000000060e-3,6.24100000000000071e-2
0,average,6.99999999999999956e-1,1.00000000000000000e2,6.35499999999999954e-2,6.35499999999999954e-2,5.26499999999999954e-2,5.26499999999999954e-2,7.23000000000000032e-2,7.23000000000000032e-2,2.42400000000000011e-2,9.82000000000000060e-3,6.24100000000000071e-2
0,sum,6.99999999999999956e-1,1.00000000000000000e2,1.27099999999999991e-1,1.27099999999999991e-1,1.05299999999999991e-1,1.05299999999999991e-1,1.44600000000000006e-1,1.44600000000000006e-1,4.84800000000000023e-2,1.96400000000000012e-2,1.24820000000000014e-1
0,positive,6.99999999999999956e-1,1.00000000000000000e5,5.07900000000000018e-2,8.24000000000000080e-3,9.35999999999999679e-3,3.90800000000000036e-2,7.08999999999999214e-3,6.03499999999999939e-2,9.42999999999999915e-3,4.14150000000000022e-3,8.35999999999999938e-3
0,negative,6.99999999999999956e-1,1.00000000000000000e5,8.24000000000000080e-3,5.07900000000000018e-2,3.90800000000000036e-2,9.35999999999999679e-3,6.03499999999999939e-2,7.08999999999999214e-3,9.42999999999999915e-3,4.14150000000000022e-3,8.35999999999999938e-3
0,average,6.99999999999999956e-1,1.00000000000000000e5,2.95149999999999996e-2,2.95149999999999996e-2,2.42199999999999985e-2,2.42199999999999985e-2,3.37199999999999930e-2,3.37199999999999930e-2,9.42999999999999915e-3,4.14150000000000022e-3,8.35999999999999938e-3
0,sum,6.99999999999999956e-1,1.00000000000000000e5,5.90299999999999991e-2,5.90299999999999991e-2,4.84399999999999969e-2,4.84399999999999969e-2,6.74399999999999861e-2,6.74399999999999861e-2,1.88599999999999983e-2,8.28300000000000043e-3,1.67199999999999988e-2
0,positive,6.99999999999999956e-1,1.10000000000000009e0,2.45640088052132333e-1,4.30228750428009593e-2,4.83733813077812796e-2,1.90785531667309327e-1,3.45432187607002672e-2,2.94794644436955300e-1,-7.11894071472047445e-19,4.52028684423690663e-19,6.02758753852085771e-1
0,negative,6.99999999999999956e-1,1.10000000000000009e0,4.30228750428009593e-2,2.45640088052132333e-1,1.90785531667309327e-1,4.83733813077812796e-2,2.94794644436955300e-1,3.45432187607002672e-2,-7.11894071472047445e-19,4.52028684423690663e-19,6.02758753852085771e-1
0,average,6.99999999999999956e-1,1.10000000000000009e0,1.44331481547466639e-1,1.44331481547466639e-1,1.19579456487545310e-1,1.19579456487545310e-1,1.64668931598827784e-1,1.64668931598827784e-1,-7.11894071472047445e-19,4.52028684423690663e-19,6.02758753852085771e-1
0,sum,6.99999999999999956e-1,1.10000000000000009e0,2.88662963094933278e-1,2.88662963094933278e-1,2.39158912975090621e-1,2.39158912975090621e-1,3.29337863197655567e-1,3.29337863197655567e-1,-1.42378814294409489e-18,9.04057368847381326e-19,1.20551750770417154e0
0,positive,6.99999999999999956e-1,3.70000000000000000e1,1.24767512506384459e-1,2.30234549616349024e-2,2.57458004577983887e-2,9.69465931994810681e-2,1.97071052259149143e-2,1.48332673751054356e-1,2.92344243802188340e-2,1.14693106751909499e-2,9.36921777783258358e-2
0,negative,6.99999999999999956e-1,3.70000000000000000e1,2.30234549616349024e-2,1.24767512506384459e-1,9.69465931994810681e-2,2.57458004577983887e-2,1.48332673751054356e-1,1.97071052259149143e-2,2.92344243802188340e-2,1.14693106751909499e-2,9.36921777783258358e-2
0,average,6.99999999999999956e-1,3.70000000000000000e1,7.38954837340096843e-2,7.38954837340096843e-2,6.13461968286397319e-2,6.13461968286397319e-2,8.40198894884846281e-2,8.40198894884846281e-2,2.92344243802188340e-2,1.14693106751909499e-2,9.36921777783258358e-2
0,sum,6.99999999999999956e-1,3.70000000000000000e1,1.47790967468019369e-1,1.47790967468019369e-1,1.22692393657279464e-1,1.22692393657279464e-1,1.68039778976969256e-1,1.68039778976969256e-1,5.84688487604376680e-2,2.29386213503818999e-2,1.87384355556651672e-1
0,positive,6.99999999999999956e-1,1.77700000000000000e3,7.51280044312156586e-2,1.29474258551783294e-2,1.45899419267349131e-2,5.80533906877272535e-2,1.11101285724527349e-2,8.92452114975629818e-2,1.53945364921860874e-2,6.55637701921241850e-3,2.36010804399257139e-2
0,negative,6.99999999999999956e-1,1.77700000000000000e3,1.29474258551783294e-2,7.51280044312156586e-2,5.80533906877272535e-2,1.45899419267349131e-2,8.92452114975629818e-2,1.11101285724527349e-2,1.53945364921860874e-2,6.55637701921241850e-3,2.36010804399257139e-2
0,average,6.99999999999999956e-1,1.77700000000000000e3,4.40377151431969940e-2,4.40377151431969940e-2,3.63216663072310833e-2,3.63216663072310833e-2,5.01776700350078583e-2,5.01776700350078583e-2,1.53945364921860874e-2,6.55637701921241850e-3,2.36010804399257139e-2
0,sum,6.99999999999999956e-1,1.77700000000000000e3,8.80754302863939881e-2,8.80754302863939881e-2,7.26433326144621666e-2,7.26433326144621666e-2,1.00355340070015717e-1,1.00355340070015717e-1,3.07890729843721747e-2,1.31127540384248370e-2,4.72021608798514278e-2
0,positive,6.99999999999999956e-1,9.99990000000000000e4,5.07900451604474806e-2,8.24000844463653251e-3,9.36000945432132088e-3,3.90800351553889994e-2,7.09000734316219197e-3,6.03500537886630661e-2,9.43001046400612428e-3,4.14150436918150552e-3,8.36002021205393443e-3
0,negative,6.99999999999999956e-1,9.99990000000000000e4,8.24000844463653251e-3,5.07900451604474806e-2,3.90800351553889994e-2,9.36000945432132088e-3,6.03500537886630661e-2,7.09000734316219197e-3,9.43001046400612428e-3,4.14150436918150552e-3,8.36002021205393443e-3
0,average,6.99999999999999956e-1,9.99990000000000000e4,2.95150268025420048e-2,2.95150268025420048e-2,2.42200223048551593e-2,2.42200223048551593e-2,3.37200305659126273e-2,3.37200305659126273e-2,9.43001046400612428e-3,4.14150436918150552e-3,8.36002021205393443e-3
0,sum,6.99999999999999956e-1,9.99990000000000000e4,5.90300536050840097e-2,5.90300536050840097e-2,4.84400446097103185e-2,4.84400446097103185e-2,6.74400611318252546e-2,6.74400611318252546e-2,1.88600209280122486e-2,8.28300873836301105e-3,1.67200404241078689e-2
0,positive,9.30000000000000049e-1,1.00000000000000000e0,6.33849999999999969e-2,2.36500000000000252e-3,3.91500000000000528e-3,4.63549999999999934e-2,1.87999999999999973e-3,7.56999999999999895e-2,1.07750000000000024e-18,1.20400000000000010e-18,1.69399999999999967e-1
0,negative,9.30000000000000049e-1,1.00000000000000000e0,2.36500000000000252e-3,6.33849999999999969e-2,4.63549999999999934e-2,3.91500000000000528e-3,7.56999999999999895e-2,1.87999999999999973e-3,1.07750000000000024e-18,1.20400000000000010e-18,1.69399999999999967e-1
0,average,9.30000000000000049e-1,1.00000000000000000e0,3.28750000000000014e-2,3.28750000000000014e-2,2.51349999999999976e-2,2.51349999999999976e-2,3.87899999999999912e-2,3.87899999999999912e-2,1.07750000000000024e-18,1.20400000000000010e-18,1.69399999999999967e-1
0,sum,9.30000000000000049e-1,1.00000000000000000e0,6.57500000000000029e-2,6.57500000000000029e-2,5.02699999999999952e-2,5.02699999999999952e-2,7.75799999999999823e-2,7.75799999999999823e-2,2.15500000000000047e-18,2.40800000000000021e-18,3.38799999999999935e-1
0,positive,9.30000000000000049e-1,1.25000000000000000e0,5.53499999999999964e-2,2.13000000000000342e-3,3.48000000000000045e-3,4.04999999999999943e-2,1.71499999999999431e-3,6.60750000000000087e-2,-1.62350000000000007e-18,-5.96999999999999982e-19,1.25599999999999962e-1
0,negative,9.30000000000000049e-1,1.25000000000000000e0,2.13000000000000342e-3,5.53499999999999964e-2,4.04999999999999943e-2,3.48000000000000045e-3,6.60750000000000087e-2,1.71499999999999431e-3,-1.62350000000000007e-18,-5.96999999999999982e-19,1.25599999999999962e-1
0,average,9.30000000000000049e-1,1.25000000000000000e0,2.87400000000000017e-2,2.87400000000000017e-2,2.19899999999999957e-2,2.19899999999999957e-2,3.38950000000000015e-2,3.38950000000000015e-2,-1.62350000000000007e-18,-5.96999999999999982e-19,1.25599999999999962e-1
0,sum,9.30000000000000049e-1,1.25000000000000000e0,5.74800000000000033e-2,5.74800000000000033e-2,4.39799999999999913e-2,4.39799999999999913e-2,6.77900000000000030e-2,6.77900000000000030e-2,-3.24700000000000013e-18,-1.19399999999999996e-18,2.51199999999999923e-1
0,positive,9.30000000000000049e-1,1.00000000000000000e1,2.09349999999999987e-2,8.24999999999999345e-4,1.32500000000000152e-3,1.53349999999999997e-2,6.89999999999997907e-4,2.49799999999999953e-2,3.95500000000000018e-4,1.15549999999999994e-18,1.31599999999999998e-2
0,negative,9.30000000000000049e-1,1.00000000000000000e1,8.24999999999999345e-4,2.09349999999999987e-2,1.53349999999999997e-2,1.32500000000000152e-3,2.49799999999999953e-2,6.89999999999997907e-4,3.95500000000000018e-4,1.15549999999999994e-18,1.31599999999999998e-2
0,average,9.30000000000000049e-1,1.00000000000000000e1,1.08799999999999990e-2,1.08799999999999990e-2,8.33000000000000060e-3,8.33000000000000060e-3,1.28349999999999957e-2,1.28349999999999957e-2,3.95500000000000018e-4,1.15549999999999994e-18,1.31599999999999998e-2
0,sum,9.30000000000000049e-1,1.00000000000000000e1,2.17599999999999981e-2,2.17599999999999981e-2,1.66600000000000012e-2,1.66600000000000012e-2,2.56699999999999914e-2,2.56699999999999914e-2,7.91000000000000036e-4,2.31099999999999987e-18,2.63199999999999996e-2
0,positive,9.30000000000000049e-1,1.00000000000000000e2,9.92349999999999829e-3,3.66500000000001373e-4,6.02000000000000104e-4,7.26800000000000015e-3,3.10000000000000379e-4,1.18499999999999994e-2,1.76550000000000036e-4,1.06650000000000004e-4,2.12500000000000015e-3
0,negative,9.30000000000000049e-1,1.00000000000000000e2,3.66500000000001373e-4,9.92349999999999829e-3,7.26800000000000015e-3,6.02000000000000104e-4,1.18499999999999994e-2,3.10000000000000379e-4,1.76550000000000036e-4,1.06650000000000004e-4,2.12500000000000015e-3
0,average,9.30000000000000049e-1,1.00000000000000000e2,5.14500000000000027e-3,5.14500000000000027e-3,3.93500000000000013e-3,3.93500000000000013e-3,6.08000000000000033e-3,6.08000000000000033e-3,1.76550000000000036e-4,1.06650000000000004e-4,2.12500000000000015e-3
0,sum,9.30000000000000049e-1,1.00000000000000000e2,1.02900000000000005e-2,1.02900000000000005e-2,7.87000000000000026e-3,7.87000000000000026e-3,1.21600000000000007e-2,1.21600000000000007e-2,3.53100000000000072e-4,2.13300000000000008e-4,4.25000000000000031e-3
0,positive,9.30000000000000049e-1,1.00000000000000000e5,2.34649999999999963e-3,7.64999999999999621e-5,1.30500000000000082e-4,1.71650000000000014e-3,6.40000000000000378e-5,2.80299999999999994e-3,3.53700000000000019e-5,2.19700000000000014e-5,6.12200000000000000e-5
0,negative,9.30000000000000049e-1,1.00000000000000000e5,7.64999999999999621e-5,2.34649999999999963e-3,1.71650000000000014e-3,1.30500000000000082e-4,2.80299999999999994e-3,6.40000000000000378e-5,3.53700000000000019e-5,2.19700000000000014e-5,6.12200000000000000e-5
0,average,9.30000000000000049e-1,1.00000000000000000e5,1.21149999999999990e-3,1.21149999999999990e-3,9.23500000000000059e-4,9.23500000000000059e-4,1.43349999999999988e-3,1.43349999999999988e-3,3.53700000000000019e-5,2.19700000000000014e-5,6.12200000000000000e-5
0,sum,9.30000000000000049e-1,1.00000000000000000e5,2.42299999999999981e-3,2.42299999999999981e-3,1.84700000000000012e-3,1.84700000000000012e-3,2.86699999999999976e-3,2.86699999999999976e-3,7.07400000000000037e-5,4.39400000000000028e-5,1.22440000000000000e-4
0,positive,9.30000000000000049e-1,1.10000000000000009e0,5.99530509689056718e-2,2.26462563505822403e-3,3.72920064361841747e-3,4.38541833755995841e-2,1.80952438206216648e-3,7.15889222869591779e-2,-7.61645093946228086e-20,4.34747952084518466e-19,1.50691926874681803e-1
0,negative,9.30000000000000049e-1,1.10000000000000009e0,2.26462563505822403e-3,5.99530509689056718e-2,4.38541833755995841e-2,3.72920064361841747e-3,7.15889222869591779e-2,1.80952438206216648e-3,-7.61645093946228086e-20,4.34747952084518466e-19,1.50691926874681803e-1
0,average,9.30000000000000049e-1,1.10000000000000009e0,3.11088383019819462e-2,3.11088383019819462e-2,2.37916920096090008e-2,2.37916920096090008e-2,3.66992233345106722e-2,3.66992233345106722e-2,-7.61645093946228086e-20,4.34747952084518466e-19,1.50691926874681803e-1
0,sum,9.30000000000000049e-1,1.10000000000000009e0,6.22176766039638923e-2,6.22176766039638923e-2,4.75833840192180016e-2,4.75833840192180016e-2,7.33984466690213444e-2,7.33984466690213444e-2,-1.52329018789245617e-19,8.69495904169036933e-19,3.01383853749363606e-1
0,positive,9.30000000000000049e-1,3.70000000000000000e1,1.33666535993158773e-2,5.09928690536995410e-4,8.24056533162692041e-4,9.78792984364721189e-3,4.26611203750995593e-4,1.59546620784288551e-2,2.44891365703282554e-4,1.45906102992303686e-4,4.45652151713369412e-3
0,negative,9.30000000000000049e-1,3.70000000000000000e1,5.09928690536995410e-4,1.33666535993158773e-2,9.78792984364721189e-3,8.24056533162692041e-4,1.59546620784288551e-2,4.26611203750995593e-4,2.44891365703282554e-4,1.45906102992303686e-4,4.45652151713369412e-3
0,average,9.30000000000000049e-1,3.70000000000000000e1,6.93829114492643638e-3,6.93829114492643638e-3,5.30599318840495153e-3,5.30599318840495153e-3,8.19063664108992534e-3,8.19063664108992534e-3,2.44891365703282554e-4,1.45906102992303686e-4,4.45652151713369412e-3
0,sum,9.30000000000000049e-1,3.70000000000000000e1,1.38765822898528728e-2,1.38765822898528728e-2,1.06119863768099031e-2,1.06119863768099031e-2,1.63812732821798507e-2,1.63812732821798507e-2,4.89782731406565109e-4,2.91812205984607372e-4,8.91304303426738824e-3
0,positive,9.30000000000000049e-1,1.77700000000000000e3,4.92668073056063988e-3,1.71568850960620960e-4,2.86407973648683404e-4,3.60527534992714609e-3,1.43959456545116743e-4,5.88204686424684611e-3,8.08723920946050149e-5,4.97336540455940238e-5,3.74941164751011879e-4
0,negative,9.30000000000000049e-1,1.77700000000000000e3,1.71568850960620960e-4,4.92668073056063988e-3,3.60527534992714609e-3,2.86407973648683404e-4,5.88204686424684611e-3,1.43959456545116743e-4,8.08723920946050149e-5,4.97336540455940238e-5,3.74941164751011879e-4
0,average,9.30000000000000049e-1,1.77700000000000000e3,2.54912479076063042e-3,2.54912479076063042e-3,1.94584166178791464e-3,1.94584166178791464e-3,3.01300316039598143e-3,3.01300316039598143e-3,8.08723920946050149e-5,4.97336540455940238e-5,3.74941164751011879e-4
0,sum,9.30000000000000049e-1,1.77700000000000000e3,5.09824958152126084e-3,5.09824958152126084e-3,3.89168332357582927e-3,3.89168332357582927e-3,6.02600632079196286e-3,6.02600632079196286e-3,1.61744784189210030e-4,9.94673080911880476e-5,7.49882329502023757e-4
0,positive,9.30000000000000049e-1,9.99990000000000000e4,2.34650400202339460e-3,7.65001468632437506e-5,1.30500238652771347e-4,1.71650293726487700e-3,6.40001193263856159e-5,2.80300476387647293e-3,3.53700674653026538e-5,2.19700413970768622e-5,6.12202671075247513e-5
0,negative,9.30000000000000049e-1,9.99990000000000000e4,7.65001468632437506e-5,2.34650400202339460e-3,1.71650293726487700e-3,1.30500238652771347e-4,2.80300476387647293e-3,6.40001193263856159e-5,3.53700674653026538e-5,2.19700413970768622e-5,6.12202671075247513e-5
0,average,9.30000000000000049e-1,9.99990000000000000e4,1.21150207444331928e-3,1.21150207444331928e-3,9.23501587958824172e-4,9.23501587958824172e-4,1.43350244160142916e-3,1.43350244160142916e-3,3.53700674653026538e-5,2.19700413970768622e-5,6.12202671075247513e-5
0,sum,9.30000000000000049e-1,9.99990000000000000e4,2.42300414888663856e-3,2.42300414888663856e-3,1.84700317591764834e-3,1.84700317591764834e-3,2.86700488320285832e-3,2.86700488320285832e-3,7.07401349306053075e-5,4.39400827941537243e-5,1.22440534215049503e-4
0,positive,9.98999999999999999e-1,1.00000000000000000e0,3.77217274538998597e-11,1.40746052581009905e-12,2.32989765689071243e-12,2.75868214266076819e-11,1.11882697189132991e-12,4.50506392405177713e-11,1.84294226102842301e-33,2.05930624805403352e-33,9.93806828057978286e-11
0,negative,9.98999999999999999e-1,1.00000000000000000e0,1.40746052581009905e-12,3.77217274538998597e-11,2.75868214266076819e-11,2.32989765689071243e-12,4.50506392405177713e-11,1.11882697189132991e-12,1.84294226102842301e-33,2.05930624805403352e-33,9.93806828057978286e-11
0,average,9.98999999999999999e-1,1.00000000000000000e0,1.95645939898549794e-11,1.95645939898549794e-11,1.49583595417491971e-11,1.49583595417491971e-11,2.30847331062045506e-11,2.30847331062045506e-11,1.84294226102842301e-33,2.05930624805403352e-33,9.93806828057978286e-11
0,sum,9.98999999999999999e-1,1.00000000000000000e0,3.91291879797099588e-11,3.91291879797099588e-11,2.99167190834983943e-11,2.99167190834983943e-11,4.61694662124091012e-11,4.61694662124091012e-11,3.68588452205684601e-33,4.11861249610806704e-33,1.98761365611595657e-10
0,positive,9.98999999999999999e-1,1.25000000000000000e0,3.29399323905239008e-11,1.26760715432368524e-12,2.07102013945841177e-12,2.41023895540418767e-11,1.02063205148597003e-12,3.93226022168720249e-11,-2.77681369909943812e-33,-1.02110118778094508e-33,7.36848510059516291e-11
0,negative,9.98999999999999999e-1,1.25000000000000000e0,1.26760715432368524e-12,3.29399323905239008e-11,2.41023895540418767e-11,2.07102013945841177e-12,3.93226022168720249e-11,1.02063205148597003e-12,-2.77681369909943812e-33,-1.02110118778094508e-33,7.36848510059516291e-11
0,average,9.98999999999999999e-1,1.25000000000000000e0,1.71037697724237914e-11,1.71037697724237914e-11,1.30867048467501442e-11,1.30867048467501442e-11,2.01716171341789991e-11,2.01716171341789991e-11,-2.77681369909943812e-33,-1.02110118778094508e-33,7.36848510059516291e-11
0,sum,9.98999999999999999e-1,1.25000000000000000e0,3.42075395448475828e-11,3.42075395448475828e-11,2.61734096935002885e-11,2.61734096935002885e-11,4.03432342683579982e-11,4.03432342683579982e-11,-5.55362739819887625e-33,-2.04220237556189017e-33,1.47369702011903258e-10
0,positive,9.98999999999999999e-1,1.00000000000000000e1,1.24588524768855960e-11,4.90974602026780017e-13,7.88534966891495521e-13,9.12617639040079491e-12,4.10633303513305587e-13,1.48661158286411348e-11,6.76458157064260922e-19,1.97635246646713862e-33,7.72048279648346724e-12
0,negative,9.98999999999999999e-1,1.00000000000000000e1,4.90974602026780017e-13,1.24588524768855960e-11,9.12617639040079491e-12,7.88534966891495521e-13,1.48661158286411348e-11,4.10633303513305587e-13,6.76458157064260922e-19,1.97635246646713862e-33,7.72048279648346724e-12
0,average,9.98999999999999999e-1,1.00000000000000000e1,6.47491353945618799e-12,6.47491353945618799e-12,4.95735567864614521e-12,4.95735567864614521e-12,7.63837456607722062e-12,7.63837456607722062e-12,6.76458157064260922e-19,1.97635246646713862e-33,7.72048279648346724e-12
0,sum,9.98999999999999999e-1,1.00000000000000000e1,1.29498270789123760e-11,1.29498270789123760e-11,9.91471135729229043e-12,9.91471135729229043e-12,1.52767491321544412e-11,1.52767491321544412e-11,1.35291631412852184e-18,3.95270493293427724e-33,1.54409655929669345e-11
0,positive,9.98999999999999999e-1,1.00000000000000000e2,5.90568056146998834e-12,2.18111747445835468e-13,3.58262679297116504e-13,4.32533746367349057e-12,1.84487426216122999e-13,7.05218064729373354e-12,3.01968868848787123e-19,1.82412800128706517e-19,1.24665850627107696e-12
0,negative,9.98999999999999999e-1,1.00000000000000000e2,2.18111747445835468e-13,5.90568056146998834e-12,4.32533746367349057e-12,3.58262679297116504e-13,7.05218064729373354e-12,1.84487426216122999e-13,3.01968868848787123e-19,1.82412800128706517e-19,1.24665850627107696e-12
0,average,9.98999999999999999e-1,1.00000000000000000e2,3.06189615445791170e-12,3.06189615445791170e-12,2.34180007148530354e-12,2.34180007148530354e-12,3.61833403675492827e-12,3.61833403675492827e-12,3.01968868848787123e-19,1.82412800128706517e-19,1.24665850627107696e-12
0,sum,9.98999999999999999e-1,1.00000000000000000e2,6.12379230891582340e-12,6.12379230891582340e-12,4.68360014297060708e-12,4.68360014297060708e-12,7.23666807350985654e-12,7.23666807350985654e-12,6.03937737697574246e-19,3.64825600257413034e-19,2.49331701254215391e-12
0,positive,9.98999999999999999e-1,1.00000000000000000e5,1.39645079231010517e-12,4.55267358243013559e-14,7.76632552296905423e-14,1.02152473258056483e-12,3.80877267026834279e-14,1.66812340543158951e-12,6.04963970047102549e-20,3.75772078652384665e-20,3.59154982371366142e-14
0,negative,9.98999999999999999e-1,1.00000000000000000e5,4.55267358243013559e-14,1.39645079231010517e-12,1.02152473258056483e-12,7.76632552296905423e-14,1.66812340543158951e-12,3.80877267026834279e-14,6.04963970047102549e-20,3.75772078652384665e-20,3.59154982371366142e-14
0,average,9.98999999999999999e-1,1.00000000000000000e5,7.20988764067203261e-13,7.20988764067203261e-13,5.49593993905127634e-13,5.49593993905127634e-13,8.53105566067136471e-13,8.53105566067136471e-13,6.04963970047102549e-20,3.75772078652384665e-20,3.59154982371366142e-14
0,sum,9.98999999999999999e-1,1.00000000000000000e5,1.44197752813440652e-12,1.44197752813440652e-12,1.09918798781025527e-12,1.09918798781025527e-12,1.70621113213427294e-12,1.70621113213427294e-12,1.20992794009420510e-19,7.51544157304769331e-20,7.18309964742732285e-14
0,positive,9.98999999999999999e-1,1.10000000000000009e0,3.56793034421207913e-11,1.34772566049982788e-12,2.21932460833764868e-12,2.60985336121750185e-11,1.07688547071602886e-12,4.26040516719585285e-11,-1.30270805711226521e-34,7.43587353867395480e-34,8.84053517480946300e-11
0,negative,9.98999999999999999e-1,1.10000000000000009e0,1.34772566049982788e-12,3.56793034421207913e-11,2.60985336121750185e-11,2.21932460833764868e-12,4.26040516719585285e-11,1.07688547071602886e-12,-1.30270805711226521e-34,7.43587353867395480e-34,8.84053517480946300e-11
0,average,9.98999999999999999e-1,1.10000000000000009e0,1.85135145513103096e-11,1.85135145513103096e-11,1.41589291102563336e-11,1.41589291102563336e-11,2.18404685713372787e-11,2.18404685713372787e-11,-1.30270805711226521e-34,7.43587353867395480e-34,8.84053517480946300e-11
0,sum,9.98999999999999999e-1,1.10000000000000009e0,3.70270291026206191e-11,3.70270291026206191e-11,2.83178582205126672e-11,2.83178582205126672e-11,4.36809371426745574e-11,4.36809371426745574e-11,-2.60541611422453043e-34,1.48717470773479096e-33,1.76810703496189260e-10
0,positive,9.98999999999999999e-1,3.70000000000000000e1,7.95477264406536317e-12,3.03469134422348945e-13,4.90413125354084914e-13,5.82499995109178379e-12,2.53885170887041792e-13,9.49495013870103003e-12,4.18859069341573959e-19,2.49555938140586537e-19,2.61447550951284868e-12
0,negative,9.98999999999999999e-1,3.70000000000000000e1,3.03469134422348945e-13,7.95477264406536317e-12,5.82499995109178379e-12,4.90413125354084914e-13,9.49495013870103003e-12,2.53885170887041792e-13,4.18859069341573959e-19,2.49555938140586537e-19,2.61447550951284868e-12
0,average,9.98999999999999999e-1,3.70000000000000000e1,4.12912088924385646e-12,4.12912088924385646e-12,3.15770653822293435e-12,3.15770653822293435e-12,4.87441765479403591e-12,4.87441765479403591e-12,4.18859069341573959e-19,2.49555938140586537e-19,2.61447550951284868e-12
0,sum,9.98999999999999999e-1,3.70000000000000000e1,8.25824177848771292e-12,8.25824177848771292e-12,6.31541307644586870e-12,6.31541307644586870e-12,9.74883530958807182e-12,9.74883530958807182e-12,8.37718138683147918e-19,4.99111876281173074e-19,5.22895101902569735e-12
0,positive,9.98999999999999999e-1,1.77700000000000000e3,2.93196983151516488e-12,1.02104179782524371e-13,1.70447322278131515e-13,2.14557409712416610e-12,8.56732568305816728e-14,3.50052802215328246e-12,1.38323108252072874e-19,8.50638077364198661e-20,2.19964043476721937e-13
0,negative,9.98999999999999999e-1,1.77700000000000000e3,1.02104179782524371e-13,2.93196983151516488e-12,2.14557409712416610e-12,1.70447322278131515e-13,3.50052802215328246e-12,8.56732568305816728e-14,1.38323108252072874e-19,8.50638077364198661e-20,2.19964043476721937e-13
0,average,9.98999999999999999e-1,1.77700000000000000e3,1.51703700564884473e-12,1.51703700564884473e-12,1.15801070970114881e-12,1.15801070970114881e-12,1.79310063949193217e-12,1.79310063949193217e-12,1.38323108252072874e-19,8.50638077364198661e-20,2.19964043476721937e-13
0,sum,9.98999999999999999e-1,1.77700000000000000e3,3.03407401129768946e-12,3.03407401129768946e-12,2.31602141940229762e-12,2.31602141940229762e-12,3.58620127898386433e-12,3.58620127898386433e-12,2.76646216504145748e-19,1.70127615472839732e-19,4.39928086953443875e-13
0,positive,9.98999999999999999e-1,9.99990000000000000e4,1.39645317399718849e-12,4.55268232256622388e-14,7.76633972569019139e-14,1.02152648060778188e-12,3.80877977162892651e-14,1.66812624051323230e-12,6.04965123965036677e-20,3.75772786702708872e-20,3.59156549391920704e-14
0,negative,9.98999999999999999e-1,9.99990000000000000e4,4.55268232256622388e-14,1.39645317399718849e-12,1.02152648060778188e-12,7.76633972569019139e-14,1.66812624051323230e-12,3.80877977162892651e-14,6.04965123965036677e-20,3.75772786702708872e-20,3.59156549391920704e-14
0,average,9.98999999999999999e-1,9.99990000000000000e4,7.20989998611425417e-13,7.20989998611425417e-13,5.49594938932341896e-13,5.49594938932341896e-13,8.53107019114760783e-13,8.53107019114760783e-13,6.04965123965036677e-20,3.75772786702708872e-20,3.59156549391920704e-14
0,sum,9.98999999999999999e-1,9.99990000000000000e4,1.44197999722285083e-12,1.44197999722285083e-12,1.09918987786468379e-12,1.09918987786468379e-12,1.70621403822952157e-12,1.70621403822952157e-12,1.20993024793007335e-19,7.51545573405417744e-20,7.18313098783841408e-14
0,positive,1.00000000000000000e0,1.00000000000000000e0,0.00000000000000000e0,0.00000000000000000e0,0.00000000000000000e0,0.00000000000000000e0,0.00000000000000000e0,0.00000000000000000e0,0.00000000000000000e0,0.00000000000000000e0,0.00000000000000000e0
0,negative,1.00000000000000000e0,1.00000000000000000e0,0.00000000000000000e0,0.00000000000000000e0,0.00000000000000000e0,0.00000000000000000e0,0.00000000000000000e0,0.00000000000000000e0,0.00000000000000000e0,0.00000000000000000e0,0.00000000000000000e0
0,average,1.00000000000000000e0,1.00000000000000000e0,0.00000000000000000e0,0.00000000000000000e0,0.00000000000000000e0,0.00000000000000000e0,0.00000000000000000e0,0.00000000000000000e0,0.00000000000000000e0,0.00000000000000000e0,0.00000000000000000e0
0,sum,1.00000000000000000e0,1.00000000000000000e0,0.00000000000000000e0,0.00000000000000000e0,0.00000000000000000e0,0.00000000000000000e0,0.00000000000000000e0,0.00000000000000000e0,0.00000000000000000e0,0.00000000000000000e0,0.00000000000000000e0
0,positive,1.00000000000000000e0,1.25000000000000000e0,0.00000000000000000e0,0.00000000000000000e0,0.00000000000000000e0,0.00000000000000000e0,0.00000000000000000e0,0.00000000000000000e0,0.00000000000000000e0,0.00000000000000000e0,0.00000000000000000e0
0,negative,1.00000000000000000e0,1.25000000000000000e0,0.00000000000000000e0,0.00000000000000000e0,0.00000000000000000e0,0.00000000000000000e0,0.00000000000000000e0,0.00000000000000000e0,0.00000000000000000e0,0.00000000000000000e0,0.00000000000000000e0
0,average,1.00000000000000000e0,1.25000000000000000e0,0.00000000000000000e0,0.00000000000000000e0,0.00000000000000000e0,0.00000000000000000e0,0.00000000000000000e0,0.00000000000000000e0,0.00000000000000000e0,0.00000000000000000e0,0.00000000000000000e0
0,sum,1.00000000000000000e0,1.25000000000000000e0,0.00000000000000000e0,0.00000000000000000e0,0.00000000000000000e0,0.00000000000000000e0,0.00000000000000000e0,0.00000000000000000e0,0.00000000000000000e0,0.00000000000000000e0,0.00000000000000000e0
0,positive,1.00000000000000000e0,1.00000000000000000e1,0.00000000000000000e0,0.00000000000000000e0,0.00000000000000000e0,0.00000000000000000e0,0.00000000000000000e0,0.00000000000000000e0,0.00000000000000000e0,0.00000000000000000e0,0.00000000000000000e0
0,negative,1.00000000000000000e0,1.00000000000000000e1,0.00000000000000000e0,0.00000000000000000e0,0.00000000000000000e0,0.00000000000000000e0,0.00000000000000000e0,0.00000000000000000e0,0.00000000000000000e0,0.00000000000000000e0,0.00000000000000000e0
0,average,1.00000000000000000e0,1.00000000000000000e1,0.00000000000000000e0,0.00000000000000000e0,0.00000000000000000e0,0.00000000000000000e0,0.00000000000000000e0,0.00000000000000000e0,0.00000000000000000e0,0.00000000000000000e0,0.00000000000000000e0
0,sum,1.00000000000000000e0,1.00000000000000000e1,0.00000000000000000e0,0.00000000000000000e0,0.00000000000000000e0,0.00000000000000000e0,0.00000000000000000e0,0.00000000000000000e0,0.00000000000000000e0,0.00000000000000000e0,0.00000000000000000e0
0,positive,1.00000000000000000e0,1.00000000000000000e2,0.00000000000000000e0,0.00000000000000000e0,0.00000000000000000e0,0.00000000000000000e0,0.00000000000000000e0,0.00000000000000000e0,0.00000000000000000e0,0.00000000000000000e0,0.00000000000000000e0
0,negative,1.00000000000000000e0,1.00000000000000000e2,0.00000000000000000e0,0.00000000000000000e0,0.00000000000000000e0,0.00000000000000000e0,0.00000000000000000e0,0.00000000000000000e0,0.00000000000000000e0,0.00000000000000000e0,0.00000000000000000e0
0,average,1.00000000000000000e0,1.00000000000000000e2,0.00000000000000000e0,0.00000000000000000e0,0.00000000000000000e0,0.00000000000000000e0,0.00000000000000000e0,0.00000000000000000e0,0.00000000000000000e0,0.00000000000000000e0,0.00000000000000000e0
0,sum,1.00000000000000000e0,1.00000000000000000e2,0.00000000000000000e0,0.00000000000000000e0,0.00000000000000000e0,0.00000000000000000e0,0.00000000000000000e0,0.00000000000000000e0,0.00000000000000000e0,0.00000000000000000e0,0.00000000000000000e0
0,positive,1.00000000000000000e0,1.00000000000000000e5,0.00000000000000000e0,0.00000000000000000e0,0.00000000000000000e0,0.00000000000000000e0,0.00000000000000000e0,0.00000000000000000e0,0.00000000000000000e0,0.00000000000000000e0,0.00000000000000000e0
0,negative,1.00000000000000000e0,1.00000000000000000e5,0.00000000000000000e0,0.00000000000000000e0,0.00000000000000000e0,0.00000000000000000e0,0.00000000000000000e0,0.00000000000000000e0,0.00000000000000000e0,0.00000000000000000e0,0.00000000000000000e0
0,average,1.00000000000000000e0,1.00000000000000000e5,0.00000000000000000e0,0.00000000000000000e0,0.00000000000000000e0,0.00000000000000000e0,0.00000000000000000e0,0.00000000000000000e0,0.00000000000000000e0,0.00000000000000000e0,0.00000000000000000e0
0,sum,1.00000000000000000e0,1.00000000000000000e5,0.00000000000000000e0,0.00000000000000000e0,0.00000000000000000e0,0.00000000000000000e0,0.00000000000000000e0,0.00000000000000000e0,0.00000000000000000e0,0.00000000000000000e0,0.00000000000000000e0
0,positive,1.00000000000000000e0,1.10000000000000009e0,0.00000000000000000e0,0.00000000000000000e0,0.00000000000000000e0,0.00000000000000000e0,0.00000000000000000e0,0.00000000000000000e0,0.00000000000000000e0,0.00000000000000000e0,0.00000000000000000e0
0,negative,1.00000000000000000e0,1.10000000000000009e0,0.00000000000000000e0,0.00000000000000000e0,0.00000000000000000e0,0.00000000000000000e0,0.00000000000000000e0,0.00000000000000000e0,0.00000000000000000e0,0.00000000000000000e0,0.00000000000000000e0
0,average,1.00000000000000000e0,1.10000000000000009e0,0.00000000000000000e0,0.00000000000000000e0,0.00000000000000000e0,0.00000000000000000e0,0.00000000000000000e0,0.00000000000000000e0,0.00000000000000000e0,0.00000000000000000e0,0.00000000000000000e0
0,sum,1.00000000000000000e0,1.10000000000000009e0,0.00000000000000000e0,0.00000000000000000e0,0.00000000000000000e0,0.00000000000000000e0,0.00000000000000000e0,0.00000000000000000e0,0.00000000000000000e0,0.00000000000000000e0,0.00000000000000000e0
0,positive,1.00000000000000000e0,3.70000000000000000e1,0.00000000000000000e0,0.00000000000000000e0,0.00000000000000000e0,0.00000000000000000e0,0.00000000000000000e0,0.00000000000000000e0,0.00000000000000000e0,0.00000000000000000e0,0.00000000000000000e0
0,negative,1.00000000000000000e0,3.70000000000000000e1,0.00000000000000000e0,0.00000000000000000e0,0.00000000000000000e0,0.00000000000000000e0,0.00000000000000000e0,0.00000000000000000e0,0.00000000000000000e0,0.00000000000000000e0,0.00000000000000000e0
0,average,1.00000000000000000e0,3.70000000000000000e1,0.00000000000000000e0,0.00000000000000000e0,0.00000000000000000e0,0.00000000000000000e0,0.00000000000000000e0,0.00000000000000000e0,0.00000000000000000e0,0.00000000000000000e0,0.00000000000000000e0
0,sum,1.00000000000000000e0,3.70000000000000000e1,0.00000000000000000e0,0.00000000000000000e0,0.00000000000000000e0,0.00000000000000000e0,0.00000000000000000e0,0.00000000000000000e0,0.00000000000000000e0,0.00000000000000000e0,0.00000000000000000e0
0,positive,1.00000000000000000e0,1.77700000000000000e3,0.00000000000000000e0,0.00000000000000000e0,0.00000000000000000e0,0.00000000000000000e0,0.00000000000000000e0,0.00000000000000000e0,0.00000000000000000e0,0.00000000000000000e0,0.00000000000000000e0
0,negative,1.00000000000000000e0,1.77700000000000000e3,0.00000000000000000e0,0.00000000000000000e0,0.00000000000000000e0,0.00000000000000000e0,0.00000000000000000e0,0.00000000000000000e0,0.00000000000000000e0,0.00000000000000000e0,0.00000000000000000e0
0,average,1.00000000000000000e0,1.77700000000000000e3,0.00000000000000000e0,0.00000000000000000e0,0.00000000000000000e0,0.00000000000000000e0,0.00000000000000000e0,0.00000000000000000e0,0.00000000000000000e0,0.00000000000000000e0,0.00000000000000000e0
0,sum,1.00000000000000000e0,1.77700000000000000e3,0.00000000000000000e0,0.00000000000000000e0,0.00000000000000000e0,0.00000000000000000e0,0.00000000000000000e0,0.00000000000000000e0,0.00000000000000000e0,0.00000000000000000e0,0.00000000000000000e0
0,positive,1.00000000000000000e0,9.99990000000000000e4,0.00000000000000000e0,0.00000000000000000e0,0.00000000000000000e0,0.00000000000000000e0,0.00000000000000000e0,0.00000000000000000e0,0.00000000000000000e0,0.00000000000000000e0,0.00000000000000000e0
0,negative,1.00000000000000000e0,9.99990000000000000e4,0.00000000000000000e0,0.00000000000000000e0,0.00000000000000000e0,0.00000000000000000e0,0.00000000000000000e0,0.00000000000000000e0,0.00000000000000000e0,0.00000000000000000e0,0.00000000000000000e0
0,average,1.00000000000000000e0,9.99990000000000000e4,0.00000000000000000e0,0.00000000000000000e0,0.00000000000000000e0,0.00000000000000000e0,0.00000000000000000e0,0.00000000000000000e0,0.00000000000000000e0,0.00000000000000000e0,0.00000000000000000e0
0,sum,1.00000000000000000e0,9.99990000000000000e4,0.00000000000000000e0,0.00000000000000000e0,0.00000000000000000e0,0.00000000000000000e0,0.00000000000000000e0,0.00000000000000000e0,0.00000000000000000e0,0.00000000000000000e0,0.00000000000000000e0
0,positive,5.29999999999999985e-2,1.00000000000000000e0,3.49862081735120345e-1,3.44556221547800634e-1,3.24572163313656070e-1,3.80163321600399284e-1,2.77015260550590947e-1,4.49726457497086118e-1,3.68495269482950042e-17,-1.55379778986247146e-17,1.50381490482435591e-2
0,negative,5.29999999999999985e-2,1.00000000000000000e0,3.44556221547800634e-1,3.49862081735120345e-1,3.80163321600399284e-1,3.24572163313656070e-1,4.49726457497086118e-1,2.77015260550590947e-1,3.68495269482950042e-17,-1.55379778986247146e-17,1.50381490482435591e-2
0,average,5.29999999999999985e-2,1.00000000000000000e0,3.47209151641460489e-1,3.47209151641460489e-1,3.52367742457027677e-1,3.52367742457027677e-1,3.63370859023838533e-1,3.63370859023838533e-1,3.68495269482950042e-17,-1.55379778986247146e-17,1.50381490482435591e-2
0,sum,5.29999999999999985e-2,1.00000000000000000e0,6.94418303282920979e-1,6.94418303282920979e-1,7.04735484914055355e-1,7.04735484914055355e-1,7.26741718047677066e-1,7.26741718047677066e-1,7.36990538965900084e-17,-3.10759557972494292e-17,3.00762980964871182e-2
0,positive,5.29999999999999985e-2,1.25000000000000000e0,4.11963592155605185e-1,4.02197826208809062e-1,3.81955273391088257e-1,4.41329252124256000e-1,3.33940757830949342e-1,5.17780917994034251e-1,-1.54718863608981595e-18,-1.43517043269831180e-17,1.58628270029977925e-1
0,negative,5.29999999999999985e-2,1.25000000000000000e0,4.02197826208809062e-1,4.11963592155605185e-1,4.41329252124256000e-1,3.81955273391088257e-1,5.17780917994034251e-1,3.33940757830949342e-1,-1.54718863608981595e-18,-1.43517043269831180e-17,1.58628270029977925e-1
0,average,5.29999999999999985e-2,1.25000000000000000e0,4.07080709182207123e-1,4.07080709182207123e-1,4.11642262757672128e-1,4.11642262757672128e-1,4.25860837912491796e-1,4.25860837912491796e-1,-1.54718863608981595e-18,-1.43517043269831180e-17,1.58628270029977925e-1
0,sum,5.29999999999999985e-2,1.25000000000000000e0,8.14161418364414247e-1,8.14161418364414247e-1,8.23284525515344257e-1,8.23284525515344257e-1,8.51721675824983593e-1,8.51721675824983593e-1,-3.09437727217963190e-18,-2.87034086539662359e-17,3.17256540059955849e-1
0,positive,5.29999999999999985e-2,1.00000000000000000e1,8.69487858556674875e-1,8.27945615227116183e-1,8.06938103793773176e-1,8.91569376697908589e-1,7.56931127989262986e-1,1.01069051500415763e0,9.94817648266176136e-1,-3.92059629059636035e-18,1.13194642426310588e0
0,negative,5.29999999999999985e-2,1.00000000000000000e1,8.27945615227116183e-1,8.69487858556674875e-1,8.91569376697908589e-1,8.06938103793773176e-1,1.01069051500415763e0,7.56931127989262986e-1,9.94817648266176136e-1,-3.92059629059636035e-18,1.13194642426310588e0
0,average,5.29999999999999985e-2,1.00000000000000000e1,8.48716736891895529e-1,8.48716736891895529e-1,8.49253740245840882e-1,8.49253740245840882e-1,8.83810821496710308e-1,8.83810821496710308e-1,9.94817648266176136e-1,-3.92059629059636035e-18,1.13194642426310588e0
0,sum,5.29999999999999985e-2,1.00000000000000000e1,1.69743347378379106e0,1.69743347378379106e0,1.69850748049168176e0,1.69850748049168176e0,1.76762164299342062e0,1.76762164299342062e0,1.98963529653235227e0,-7.84119258119272070e-18,2.26389284852621175e0
0,positive,5.29999999999999985e-2,1.00000000000000000e2,1.16762813541650967e0,1.10316633147955656e0,1.08250330347869927e0,1.18374065463080602e0,1.03201028910671377e0,1.32737506506133451e0,1.29194634237978789e0,1.90087945157653304e0,1.64278187709323764e0
0,negative,5.29999999999999985e-2,1.00000000000000000e2,1.10316633147955656e0,1.16762813541650967e0,1.18374065463080602e0,1.08250330347869927e0,1.32737506506133451e0,1.03201028910671377e0,1.29194634237978789e0,1.90087945157653304e0,1.64278187709323764e0
0,average,5.29999999999999985e-2,1.00000000000000000e2,1.13539723344803312e0,1.13539723344803312e0,1.13312197905475265e0,1.13312197905475265e0,1.17969267708402414e0,1.17969267708402414e0,1.29194634237978789e0,1.90087945157653304e0,1.64278187709323764e0
0,sum,5.29999999999999985e-2,1.00000000000000000e2,2.27079446689606623e0,2.27079446689606623e0,2.26624395810950530e0,2.26624395810950530e0,2.35938535416804829e0,2.35938535416804829e0,2.58389268475957579e0,3.80175890315306608e0,3.28556375418647528e0
0,positive,5.29999999999999985e-2,1.00000000000000000e5,1.49883064864897064e0,1.39734909129768892e0,1.37835192641176452e0,1.50326595743299896e0,1.32935277185018741e0,1.67727914249651411e0,1.61119973478219514e0,2.03634368690802070e0,1.90877162804545120e0
0,negative,5.29999999999999985e-2,1.00000000000000000e5,1.39734909129768892e0,1.49883064864897064e0,1.50326595743299896e0,1.37835192641176452e0,1.67727914249651411e0,1.32935277185018741e0,1.61119973478219514e0,2.03634368690802070e0,1.90877162804545120e0
0,average,5.29999999999999985e-2,1.00000000000000000e5,1.44808986997332978e0,1.44808986997332978e0,1.44080894192238174e0,1.44080894192238174e0,1.50331595717335076e0,1.50331595717335076e0,1.61119973478219514e0,2.03634368690802070e0,1.90877162804545120e0
0,sum,5.29999999999999985e-2,1.00000000000000000e5,2.89617973994665956e0,2.89617973994665956e0,2.88161788384476347e0,2.88161788384476347e0,3.00663191434670152e0,3.00663191434670152e0,3.22239946956439027e0,4.07268737381604140e0,3.81754325609090239e0
0,positive,5.29999999999999985e-2,1.10000000000000009e0,3.76387186715466060e-1,3.69176389471518152e-1,3.49081921749427426e-1,4.06288817057441354e-1,3.01329561139998425e-1,4.78794216024049257e-1,2.04493314477306992e-17,-1.50312908501109407e-17,7.63690733267726601e-2
0,negative,5.29999999999999985e-2,1.10000000000000009e0,3.69176389471518152e-1,3.76387186715466060e-1,4.06288817057441354e-1,3.49081921749427426e-1,4.78794216024049257e-1,3.01329561139998425e-1,2.04493314477306992e-17,-1.50312908501109407e-17,7.63690733267726601e-2
0,average,5.29999999999999985e-2,1.10000000000000009e0,3.72781788093492106e-1,3.72781788093492106e-1,3.77685369403434390e-1,3.77685369403434390e-1,3.90061888582023841e-1,3.90061888582023841e-1,2.04493314477306992e-17,-1.50312908501109407e-17,7.63690733267726601e-2
0,sum,5.29999999999999985e-2,1.10000000000000009e0,7.45563576186984212e-1,7.45563576186984212e-1,7.55370738806868780e-1,7.55370738806868780e-1,7.80123777164047683e-1,7.80123777164047683e-1,4.08986628954613984e-17,-3.00625817002218814e-17,1.52738146653545320e-1
0,positive,5.29999999999999985e-2,3.70000000000000000e1,1.05854012245442064e0,1.00293228369211729e0,9.81955215312548146e-1,1.07691878374003225e0,9.31536423977039396e-1,1.21163958047109932e0,1.18370449978676562e0,1.83473060631556262e0,1.47058266343285626e0
0,negative,5.29999999999999985e-2,3.70000000000000000e1,1.00293228369211729e0,1.05854012245442064e0,1.07691878374003225e0,9.81955215312548146e-1,1.21163958047109932e0,9.31536423977039396e-1,1.18370449978676562e0,1.83473060631556262e0,1.47058266343285626e0
0,average,5.29999999999999985e-2,3.70000000000000000e1,1.03073620307326896e0,1.03073620307326896e0,1.02943699952629020e0,1.02943699952629020e0,1.07158800222406936e0,1.07158800222406936e0,1.18370449978676562e0,1.83473060631556262e0,1.47058266343285626e0
0,sum,5.29999999999999985e-2,3.70000000000000000e1,2.06147240614653793e0,2.06147240614653793e0,2.05887399905258039e0,2.05887399905258039e0,2.14317600444813872e0,2.14317600444813872e0,2.36740899957353124e0,3.66946121263112524e0,2.94116532686571253e0
0,positive,5.29999999999999985e-2,1.77700000000000000e3,1.36986581623923520e0,1.28604238074517507e0,1.26626445942035759e0,1.38039697603821598e0,1.21608910994802555e0,1.54144542623358571e0,1.48990842299776305e0,2.00490323985102048e0,1.87559200667857628e0
0,negative,5.29999999999999985e-2,1.77700000000000000e3,1.28604238074517507e0,1.36986581623923520e0,1.38039697603821598e0,1.26626445942035759e0,1.54144542623358571e0,1.21608910994802555e0,1.48990842299776305e0,2.00490323985102048e0,1.87559200667857628e0
0,average,5.29999999999999985e-2,1.77700000000000000e3,1.32795409849220514e0,1.32795409849220514e0,1.32333071772928679e0,1.32333071772928679e0,1.37876726809080563e0,1.37876726809080563e0,1.48990842299776305e0,2.00490323985102048e0,1.87559200667857628e0
0,sum,5.29999999999999985e-2,1.77700000000000000e3,2.65590819698441027e0,2.65590819698441027e0,2.64666143545857357e0,2.64666143545857357e0,2.75753453618161126e0,2.75753453618161126e0,2.97981684599552610e0,4.00980647970204096e0,3.75118401335715257e0
0,positive,5.29999999999999985e-2,9.99990000000000000e4,1.49883044223751694e0,1.39734892044075631e0,1.37835175799418175e0,1.50326576696093217e0,1.32935260040823855e0,1.67727892965197944e0,1.61119954688759992e0,2.03634368909814123e0,1.90877171228344111e0
0,negative,5.29999999999999985e-2,9.99990000000000000e4,1.39734892044075631e0,1.49883044223751694e0,1.50326576696093217e0,1.37835175799418175e0,1.67727892965197944e0,1.32935260040823855e0,1.61119954688759992e0,2.03634368909814123e0,1.90877171228344111e0
0,average,5.29999999999999985e-2,9.99990000000000000e4,1.44808968133913663e0,1.44808968133913663e0,1.44080876247755696e0,1.44080876247755696e0,1.50331576503010900e0,1.50331576503010900e0,1.61119954688759992e0,2.03634368909814123e0,1.90877171228344111e0
0,sum,5.29999999999999985e-2,9.99990000000000000e4,2.89617936267827325e0,2.89617936267827325e0,2.88161752495511392e0,2.88161752495511392e0,3.00663153006021799e0,3.00663153006021799e0,3.22239909377519984e0,4.07268737819628246e0,3.81754342456688223e0
0,positive,1.37000000000000011e-1,1.00000000000000000e0,5.81554181439340234e-1,4.38911383176153191e-1,4.11934963067052795e-1,5.88408990715191038e-1,3.49793911825678094e-1,8.63544998031656075e-1,7.10600014315243969e-18,-6.32859742113862690e-18,1.87429839103498030e-1
0,negative,1.37000000000000011e-1,1.00000000000000000e0,4.38911383176153191e-1,5.81554181439340234e-1,5.88408990715191038e-1,4.11934963067052795e-1,8.63544998031656075e-1,3.49793911825678094e-1,7.10600014315243969e-18,-6.32859742113862690e-18,1.87429839103498030e-1
0,average,1.37000000000000011e-1,1.00000000000000000e0,5.10232782307746713e-1,5.10232782307746713e-1,5.00171976891121917e-1,5.00171976891121917e-1,6.06669454928667085e-1,6.06669454928667085e-1,7.10600014315243969e-18,-6.32859742113862690e-18,1.87429839103498030e-1
0,sum,1.37000000000000011e-1,1.00000000000000000e0,1.02046556461549343e0,1.02046556461549343e0,1.00034395378224383e0,1.00034395378224383e0,1.21333890985733417e0,1.21333890985733417e0,1.42120002863048794e-17,-1.26571948422772538e-17,3.74859678206996061e-1
0,positive,1.37000000000000011e-1,1.25000000000000000e0,6.22223235949080022e-1,4.72366816850340154e-1,4.45592825592035502e-1,6.25816933234651596e-1,3.84127544931937570e-1,9.02807275557608535e-1,-3.64274057714653835e-18,-3.20790356354577763e-18,3.20452636824285209e-1
0,negative,1.37000000000000011e-1,1.25000000000000000e0,4.72366816850340154e-1,6.22223235949080022e-1,6.25816933234651596e-1,4.45592825592035502e-1,9.02807275557608535e-1,3.84127544931937570e-1,-3.64274057714653835e-18,-3.20790356354577763e-18,3.20452636824285209e-1
0,average,1.37000000000000011e-1,1.25000000000000000e0,5.47295026399710061e-1,5.47295026399710061e-1,5.35704879413343549e-1,5.35704879413343549e-1,6.43467410244773053e-1,6.43467410244773053e-1,-3.64274057714653835e-18,-3.20790356354577763e-18,3.20452636824285209e-1
0,sum,1.37000000000000011e-1,1.25000000000000000e0,1.09459005279942012e0,1.09459005279942012e0,1.07140975882668710e0,1.07140975882668710e0,1.28693482048954611e0,1.28693482048954611e0,-7.28548115429307671e-18,-6.41580712709155527e-18,6.40905273648570417e-1
0,positive,1.37000000000000011e-1,1.00000000000000000e1,8.33322612319079115e-1,6.46084356993559705e-1,6.24529405223486322e-1,8.20662707191437524e-1,5.69072752096140277e-1,1.09903295506396259e0,9.73268424525298936e-1,3.35919350498690584e-18,9.28572348845235207e-1
0,negative,1.37000000000000011e-1,1.00000000000000000e1,6.46084356993559705e-1,8.33322612319079115e-1,8.20662707191437524e-1,6.24529405223486322e-1,1.09903295506396259e0,5.69072752096140277e-1,9.73268424525298936e-1,3.35919350498690584e-18,9.28572348845235207e-1
0,average,1.37000000000000011e-1,1.00000000000000000e1,7.39703484656319410e-1,7.39703484656319410e-1,7.22596056207461923e-1,7.22596056207461923e-1,8.34052853580051434e-1,8.34052853580051434e-1,9.73268424525298936e-1,3.35919350498690584e-18,9.28572348845235207e-1
0,sum,1.37000000000000011e-1,1.00000000000000000e1,1.47940696931263882e0,1.47940696931263882e0,1.44519211241492385e0,1.44519211241492385e0,1.66810570716010287e0,1.66810570716010287e0,1.94653684905059787e0,6.71838700997381167e-18,1.85714469769047041e0
0,positive,1.37000000000000011e-1,1.00000000000000000e2,9.01320357035241049e-1,6.99311217092276172e-1,6.81251636342797506e-1,8.79674805934183568e-1,6.30788765843257160e-1,1.14843810793171142e0,1.01563108226243637e0,1.08668127378428103e0,1.03312659232393900e0
0,negative,1.37000000000000011e-1,1.00000000000000000e2,6.99311217092276172e-1,9.01320357035241049e-1,8.79674805934183568e-1,6.81251636342797506e-1,1.14843810793171142e0,6.30788765843257160e-1,1.01563108226243637e0,1.08668127378428103e0,1.03312659232393900e0
0,average,1.37000000000000011e-1,1.00000000000000000e2,8.00315787063758610e-1,8.00315787063758610e-1,7.80463221138490537e-1,7.80463221138490537e-1,8.89613436887484288e-1,8.89613436887484288e-1,1.01563108226243637e0,1.08668127378428103e0,1.03312659232393900e0
0,sum,1.37000000000000011e-1,1.00000000000000000e2,1.60063157412751722e0,1.60063157412751722e0,1.56092644227698107e0,1.56092644227698107e0,1.77922687377496858e0,1.77922687377496858e0,2.03126216452487274e0,2.17336254756856206e0,2.06625318464787799e0
0,positive,1.37000000000000011e-1,1.00000000000000000e5,8.66317405045800459e-1,6.59836045800286541e-1,6.48149117935741814e-1,8.35325783487101181e-1,6.06529201465000112e-1,1.07055212218707330e0,9.36153298157514024e-1,9.09577117328921103e-1,8.03938970864736757e-1
0,negative,1.37000000000000011e-1,1.00000000000000000e5,6.59836045800286541e-1,8.66317405045800459e-1,8.35325783487101181e-1,6.48149117935741814e-1,1.07055212218707330e0,6.06529201465000112e-1,9.36153298157514024e-1,9.09577117328921103e-1,8.03938970864736757e-1
0,average,1.37000000000000011e-1,1.00000000000000000e5,7.63076725423043500e-1,7.63076725423043500e-1,7.41737450711421498e-1,7.41737450711421498e-1,8.38540661826036704e-1,8.38540661826036704e-1,9.36153298157514024e-1,9.09577117328921103e-1,8.03938970864736757e-1
0,sum,1.37000000000000011e-1,1.00000000000000000e5,1.52615345084608700e0,1.52615345084608700e0,1.48347490142284300e0,1.48347490142284300e0,1.67708132365207341e0,1.67708132365207341e0,1.87230659631502805e0,1.81915423465784221e0,1.60787794172947351e0
0,positive,1.37000000000000011e-1,1.10000000000000009e0,5.98924949606138513e-1,4.53201033852315915e-1,4.26311076157447344e-1,6.04386856562719954e-1,3.64458663396676874e-1,8.80314896639465605e-1,2.51494472305109757e-18,-4.99567119078295678e-18,2.44247195886486579e-1
0,negative,1.37000000000000011e-1,1.10000000000000009e0,4.53201033852315915e-1,5.98924949606138513e-1,6.04386856562719954e-1,4.26311076157447344e-1,8.80314896639465605e-1,3.64458663396676874e-1,2.51494472305109757e-18,-4.99567119078295678e-18,2.44247195886486579e-1
0,average,1.37000000000000011e-1,1.10000000000000009e0,5.26062991729227214e-1,5.26062991729227214e-1,5.15348966360083649e-1,5.15348966360083649e-1,6.22386780018071240e-1,6.22386780018071240e-1,2.51494472305109757e-18,-4.99567119078295678e-18,2.44247195886486579e-1
0,sum,1.37000000000000011e-1,1.10000000000000009e0,1.05212598345845443e0,1.05212598345845443e0,1.03069793272016730e0,1.03069793272016730e0,1.24477356003614248e0,1.24477356003614248e0,5.02988944610219514e-18,-9.99134238156591355e-18,4.88494391772973158e-1
0,positive,1.37000000000000011e-1,3.70000000000000000e1,8.83341656116557017e-1,6.85955977421378593e-1,6.66543927202200126e-1,8.64877076502288289e-1,6.13887684464364147e-1,1.13804542557423760e0,1.00780700386636202e0,1.10826341357400349e0,1.02069304017243723e0
0,negative,1.37000000000000011e-1,3.70000000000000000e1,6.85955977421378593e-1,8.83341656116557017e-1,8.64877076502288289e-1,6.66543927202200126e-1,1.13804542557423760e0,6.13887684464364147e-1,1.00780700386636202e0,1.10826341357400349e0,1.02069304017243723e0
0,average,1.37000000000000011e-1,3.70000000000000000e1,7.84648816768967805e-1,7.84648816768967805e-1,7.65710501852244207e-1,7.65710501852244207e-1,8.75966555019300874e-1,8.75966555019300874e-1,1.00780700386636202e0,1.10826341357400349e0,1.02069304017243723e0
0,sum,1.37000000000000011e-1,3.70000000000000000e1,1.56929763353793561e0,1.56929763353793561e0,1.53142100370448841e0,1.53142100370448841e0,1.75193311003860175e0,1.75193311003860175e0,2.01561400773272403e0,2.21652682714800697e0,2.04138608034487445e0
0,positive,1.37000000000000011e-1,1.77700000000000000e3,9.05409997147209267e-1,6.97914156167806277e-1,6.83056830064609377e-1,8.78080948784470960e-1,6.36843205029932191e-1,1.13203645384843443e0,9.96628228731081034e-1,1.01189632853228706e0,9.58909599604318208e-1
0,negative,1.37000000000000011e-1,1.77700000000000000e3,6.97914156167806277e-1,9.05409997147209267e-1,8.78080948784470960e-1,6.83056830064609377e-1,1.13203645384843443e0,6.36843205029932191e-1,9.96628228731081034e-1,1.01189632853228706e0,9.58909599604318208e-1
0,average,1.37000000000000011e-1,1.77700000000000000e3,8.01662076657507772e-1,8.01662076657507772e-1,7.80568889424540169e-1,7.80568889424540169e-1,8.84439829439183312e-1,8.84439829439183312e-1,9.96628228731081034e-1,1.01189632853228706e0,9.58909599604318208e-1
0,sum,1.37000000000000011e-1,1.77700000000000000e3,1.60332415331501554e0,1.60332415331501554e0,1.56113777884908034e0,1.56113777884908034e0,1.76887965887836662e0,1.76887965887836662e0,1.99325645746216207e0,2.02379265706457412e0,1.91781919920863642e0
0,positive,1.37000000000000011e-1,9.99990000000000000e4,8.66317523688209468e-1,6.59836157848505023e-1,6.48149213426457593e-1,8.35325900271425392e-1,6.06529293592516061e-1,1.07055228820830517e0,9.36153456939746720e-1,9.09577353663229671e-1,8.03939342317535277e-1
0,negative,1.37000000000000011e-1,9.99990000000000000e4,6.59836157848505023e-1,8.66317523688209468e-1,8.35325900271425392e-1,6.48149213426457593e-1,1.07055228820830517e0,6.06529293592516061e-1,9.36153456939746720e-1,9.09577353663229671e-1,8.03939342317535277e-1
0,average,1.37000000000000011e-1,9.99990000000000000e4,7.63076840768357245e-1,7.63076840768357245e-1,7.41737556848941493e-1,7.41737556848941493e-1,8.38540790900410560e-1,8.38540790900410560e-1,9.36153456939746720e-1,9.09577353663229671e-1,8.03939342317535277e-1
0,sum,1.37000000000000011e-1,9.99990000000000000e4,1.52615368153671449e0,1.52615368153671449e0,1.48347511369788299e0,1.48347511369788299e0,1.67708158180082112e0,1.67708158180082112e0,1.87230691387949344e0,1.81915470732645934e0,1.60787868463507055e0
0,positive,3.33000000000000018e-1,1.00000000000000000e0,5.65013381433619344e-1,2.32280563879717711e-1,2.26230340925355600e-1,4.93142784599231609e-1,1.80546751711096298e-1,7.92599916958400819e-1,-1.17885742727746259e-18,-2.80162838899192611e-18,9.08666105140839009e-1
0,negative,3.33000000000000018e-1,1.00000000000000000e0,2.32280563879717711e-1,5.65013381433619344e-1,4.93142784599231609e-1,2.26230340925355600e-1,7.92599916958400819e-1,1.80546751711096298e-1,-1.17885742727746259e-18,-2.80162838899192611e-18,9.08666105140839009e-1
0,average,3.33000000000000018e-1,1.00000000000000000e0,3.98646972656668541e-1,3.98646972656668541e-1,3.59686562762293605e-1,3.59686562762293605e-1,4.86573334334748586e-1,4.86573334334748586e-1,-1.17885742727746259e-18,-2.80162838899192611e-18,9.08666105140839009e-1
0,sum,3.33000000000000018e-1,1.00000000000000000e0,7.97293945313337082e-1,7.97293945313337082e-1,7.19373125524587209e-1,7.19373125524587209e-1,9.73146668669497172e-1,9.73146668669497172e-1,-2.35771485455492517e-18,-5.60325677798385222e-18,1.81733221028167802e0
0,positive,3.33000000000000018e-1,1.25000000000000000e0,5.68440351429512436e-1,2.42884850732603325e-1,2.37551613222019536e-1,4.97529024208810844e-1,1.93470233986697715e-1,7.86247792636025511e-1,-2.79684250893145358e-18,-1.39958394974311460e-18,9.31300179162845576e-1
0,negative,3.33000000000000018e-1,1.25000000000000000e0,2.42884850732603325e-1,5.68440351429512436e-1,4.97529024208810844e-1,2.37551613222019536e-1,7.86247792636025511e-1,1.93470233986697715e-1,-2.79684250893145358e-18,-1.39958394974311460e-18,9.31300179162845576e-1
0,average,3.33000000000000018e-1,1.25000000000000000e0,4.05662601081057894e-1,4.05662601081057894e-1,3.67540318715415204e-1,3.67540318715415204e-1,4.89859013311361613e-1,4.89859013311361613e-1,-2.79684250893145358e-18,-1.39958394974311460e-18,9.31300179162845576e-1
0,sum,3.33000000000000018e-1,1.25000000000000000e0,8.11325202162115788e-1,8.11325202162115788e-1,7.35080637430830408e-1,7.35080637430830408e-1,9.79718026622723226e-1,9.79718026622723226e-1,-5.59368501786290716e-18,-2.79916789948622920e-18,1.86260035832569115e0
0,positive,3.33000000000000018e-1,1.00000000000000000e1,5.34885400603387406e-1,2.60366294439771440e-1,2.58744598807941317e-1,4.71766304448958951e-1,2.24233113649421528e-1,6.93220694719206665e-1,5.38437935878262275e-1,3.01540617239569808e-18,7.67569689052864046e-1
0,negative,3.33000000000000018e-1,1.00000000000000000e1,2.60366294439771440e-1,5.34885400603387406e-1,4.71766304448958951e-1,2.58744598807941317e-1,6.93220694719206665e-1,2.24233113649421528e-1,5.38437935878262275e-1,3.01540617239569808e-18,7.67569689052864046e-1
0,average,3.33000000000000018e-1,1.00000000000000000e1,3.97625847521579423e-1,3.97625847521579423e-1,3.65255451628450134e-1,3.65255451628450134e-1,4.58726904184314110e-1,4.58726904184314110e-1,5.38437935878262275e-1,3.01540617239569808e-18,7.67569689052864046e-1
0,sum,3.33000000000000018e-1,1.00000000000000000e1,7.95251695043158846e-1,7.95251695043158846e-1,7.30510903256900268e-1,7.30510903256900268e-1,9.17453808368628221e-1,9.17453808368628221e-1,1.07687587175652455e0,6.03081234479139616e-18,1.53513937810572809e0
0,positive,3.33000000000000018e-1,1.00000000000000000e2,4.71224108755338433e-1,2.34300677383593892e-1,2.34325220808957513e-1,4.15229096595135017e-1,2.06013375324721248e-1,5.95470049405174562e-1,4.51260210621880264e-1,2.49720717310069368e-1,5.24831342187637162e-1
0,negative,3.33000000000000018e-1,1.00000000000000000e2,2.34300677383593892e-1,4.71224108755338433e-1,4.15229096595135017e-1,2.34325220808957513e-1,5.95470049405174562e-1,2.06013375324721248e-1,4.51260210621880264e-1,2.49720717310069368e-1,5.24831342187637162e-1
0,average,3.33000000000000018e-1,1.00000000000000000e2,3.52762393069466162e-1,3.52762393069466162e-1,3.24777158702046265e-1,3.24777158702046265e-1,4.00741712364947933e-1,4.00741712364947933e-1,4.51260210621880264e-1,2.49720717310069368e-1,5.24831342187637162e-1
0,sum,3.33000000000000018e-1,1.00000000000000000e2,7.05524786138932325e-1,7.05524786138932325e-1,6.49554317404092529e-1,6.49554317404092529e-1,8.01483424729895866e-1,8.01483424729895866e-1,9.02520421243760529e-1,4.99441434620138736e-1,1.04966268437527432e0
0,positive,3.33000000000000018e-1,1.00000000000000000e5,3.34684609045479475e-1,1.61990701527074316e-1,1.63339682186289220e-1,2.92220116148513731e-1,1.44402543615373996e-1,4.12286612783499984e-1,2.92884800386873756e-1,1.59373499356328413e-1,2.01831604326557640e-1
0,negative,3.33000000000000018e-1,1.00000000000000000e5,1.61990701527074316e-1,3.34684609045479475e-1,2.92220116148513731e-1,1.63339682186289220e-1,4.12286612783499984e-1,1.44402543615373996e-1,2.92884800386873756e-1,1.59373499356328413e-1,2.01831604326557640e-1
0,average,3.33000000000000018e-1,1.00000000000000000e5,2.48337655286276882e-1,2.48337655286276882e-1,2.27779899167401489e-1,2.27779899167401489e-1,2.78344578199436976e-1,2.78344578199436976e-1,2.92884800386873756e-1,1.59373499356328413e-1,2.01831604326557640e-1
0,sum,3.33000000000000018e-1,1.00000000000000000e5,4.96675310572553763e-1,4.96675310572553763e-1,4.55559798334802979e-1,4.55559798334802979e-1,5.56689156398873952e-1,5.56689156398873952e-1,5.85769600773747512e-1,3.18746998712656826e-1,4.03663208653115280e-1
0,positive,3.33000000000000018e-1,1.10000000000000009e0,5.66477125846437612e-1,2.36809919447882933e-1,2.31065938870506971e-1,4.95016257004737947e-1,1.86066693524925164e-1,7.89886766129083151e-1,-1.86993923602761829e-18,-2.20278021788661728e-18,9.18333683038728754e-1
0,negative,3.33000000000000018e-1,1.10000000000000009e0,2.36809919447882933e-1,5.66477125846437612e-1,4.95016257004737947e-1,2.31065938870506971e-1,7.89886766129083151e-1,1.86066693524925164e-1,-1.86993923602761829e-18,-2.20278021788661728e-18,9.18333683038728754e-1
0,average,3.33000000000000018e-1,1.10000000000000009e0,4.01643522647160300e-1,4.01643522647160300e-1,3.63041097937622459e-1,3.63041097937622459e-1,4.87976729827004130e-1,4.87976729827004130e-1,-1.86993923602761829e-18,-2.20278021788661728e-18,9.18333683038728754e-1
0,sum,3.33000000000000018e-1,1.10000000000000009e0,8.03287045294320601e-1,8.03287045294320601e-1,7.26082195875244918e-1,7.26082195875244918e-1,9.75953459654008260e-1,9.75953459654008260e-1,-3.73987847205523657e-18,-4.40556043577323455e-18,1.83666736607745751e0
0,positive,3.33000000000000018e-1,3.70000000000000000e1,4.98376919672049112e-1,2.46842278252362823e-1,2.46289814013238240e-1,4.39483022230035658e-1,2.15624238460320444e-1,6.35179376109402893e-1,4.86605807981419725e-1,2.68951418717387036e-1,6.20101227743654615e-1
0,negative,3.33000000000000018e-1,3.70000000000000000e1,2.46842278252362823e-1,4.98376919672049112e-1,4.39483022230035658e-1,2.46289814013238240e-1,6.35179376109402893e-1,2.15624238460320444e-1,4.86605807981419725e-1,2.68951418717387036e-1,6.20101227743654615e-1
0,average,3.33000000000000018e-1,3.70000000000000000e1,3.72609598962205968e-1,3.72609598962205968e-1,3.42886418121636949e-1,3.42886418121636949e-1,4.25401807284861655e-1,4.25401807284861655e-1,4.86605807981419725e-1,2.68951418717387036e-1,6.20101227743654615e-1
0,sum,3.33000000000000018e-1,3.70000000000000000e1,7.45219197924411936e-1,7.45219197924411936e-1,6.85772836243273898e-1,6.85772836243273898e-1,8.50803614569723310e-1,8.50803614569723310e-1,9.73211615962839449e-1,5.37902837434774073e-1,1.24020245548730923e0
0,positive,3.33000000000000018e-1,1.77700000000000000e3,4.03696233661248072e-1,1.99502532341155669e-1,2.00402550684765896e-1,3.54327309807084490e-1,1.77021340369024699e-1,5.02514911491055982e-1,3.69816768301675480e-1,2.03656529090308319e-1,3.37383426778034012e-1
0,negative,3.33000000000000018e-1,1.77700000000000000e3,1.99502532341155669e-1,4.03696233661248072e-1,3.54327309807084490e-1,2.00402550684765896e-1,5.02514911491055982e-1,1.77021340369024699e-1,3.69816768301675480e-1,2.03656529090308319e-1,3.37383426778034012e-1
0,average,3.33000000000000018e-1,1.77700000000000000e3,3.01599383001201871e-1,3.01599383001201871e-1,2.77364930245925179e-1,2.77364930245925179e-1,3.39768125930040354e-1,3.39768125930040354e-1,3.69816768301675480e-1,2.03656529090308319e-1,3.37383426778034012e-1
0,sum,3.33000000000000018e-1,1.77700000000000000e3,6.03198766002403741e-1,6.03198766002403741e-1,5.54729860491850357e-1,5.54729860491850357e-1,6.79536251860080709e-1,6.79536251860080709e-1,7.39633536603350961e-1,4.07313058180616638e-1,6.74766853556068025e-1
0,positive,3.33000000000000018e-1,9.99990000000000000e4,3.34684754977546572e-1,1.61990781152676261e-1,1.63339760947288803e-1,2.92220247671558853e-1,1.44402613762317417e-1,4.12286799505611867e-1,2.92884956564916865e-1,1.59373590290226935e-1,2.01831847549325344e-1
0,negative,3.33000000000000018e-1,9.99990000000000000e4,1.61990781152676261e-1,3.34684754977546572e-1,2.92220247671558853e-1,1.63339760947288803e-1,4.12286799505611867e-1,1.44402613762317417e-1,2.92884956564916865e-1,1.59373590290226935e-1,2.01831847549325344e-1
0,average,3.33000000000000018e-1,9.99990000000000000e4,2.48337768065111431e-1,2.48337768065111431e-1,2.27780004309423828e-1,2.27780004309423828e-1,2.78344706633964656e-1,2.78344706633964656e-1,2.92884956564916865e-1,1.59373590290226935e-1,2.01831847549325344e-1
0,sum,3.33000000000000018e-1,9.99990000000000000e4,4.96675536130222861e-1,4.96675536130222861e-1,4.55560008618847656e-1,4.55560008618847656e-1,5.56689413267929312e-1,5.56689413267929312e-1,5.85769913129833730e-1,3.18747180580453870e-1,4.03663695098650688e-1
0,positive,7.77000000000000024e-1,1.00000000000000000e0,2.14523960566387062e-1,2.55255585408959290e-2,3.05420591514673628e-2,1.62466092975539989e-1,2.04225785520586456e-2,2.57006132590362368e-1,6.25361314318475643e-19,1.36620964892013062e-18,4.99601549234709064e-1
0,negative,7.77000000000000024e-1,1.00000000000000000e0,2.55255585408959290e-2,2.14523960566387062e-1,1.62466092975539989e-1,3.05420591514673628e-2,2.57006132590362368e-1,2.04225785520586456e-2,6.25361314318475643e-19,1.36620964892013062e-18,4.99601549234709064e-1
0,average,7.77000000000000024e-1,1.00000000000000000e0,1.20024759553641502e-1,1.20024759553641502e-1,9.65040760635036687e-2,9.65040760635036687e-2,1.38714355571210507e-1,1.38714355571210507e-1,6.25361314318475643e-19,1.36620964892013062e-18,4.99601549234709064e-1
0,sum,7.77000000000000024e-1,1.00000000000000000e0,2.40049519107283005e-1,2.40049519107283005e-1,1.93008152127007337e-1,1.93008152127007337e-1,2.77428711142421014e-1,2.77428711142421014e-1,1.25072262863695129e-18,2.73241929784026125e-18,9.99203098469418127e-1
0,positive,7.77000000000000024e-1,1.25000000000000000e0,1.99056195897717114e-1,2.43830560636173893e-2,2.90345868207808749e-2,1.50937332268905267e-1,1.97887225717331416e-2,2.38214752779810135e-1,-2.00323889622014722e-18,2.02017988771679948e-19,4.16679048687376596e-1
0,negative,7.77000000000000024e-1,1.25000000000000000e0,2.43830560636173893e-2,1.99056195897717114e-1,1.50937332268905267e-1,2.90345868207808749e-2,2.38214752779810135e-1,1.97887225717331416e-2,-2.00323889622014722e-18,2.02017988771679948e-19,4.16679048687376596e-1
0,average,7.77000000000000024e-1,1.25000000000000000e0,1.11719625980667259e-1,1.11719625980667259e-1,8.99859595448430638e-2,8.99859595448430638e-2,1.29001737675771638e-1,1.29001737675771638e-1,-2.00323889622014722e-18,2.02017988771679948e-19,4.16679048687376596e-1
0,sum,7.77000000000000024e-1,1.25000000000000000e0,2.23439251961334517e-1,2.23439251961334517e-1,1.79971919089686128e-1,1.79971919089686128e-1,2.58003475351543277e-1,2.58003475351543277e-1,-4.00647779244029444e-18,4.04035977543359896e-19,8.33358097374753193e-1
0,positive,7.77000000000000024e-1,1.00000000000000000e1,1.12874243804587340e-1,1.45158567825813406e-2,1.71058544212237332e-2,8.56747123390285692e-2,1.22250851946649475e-2,1.34520599536631313e-1,1.61627140704003365e-2,1.56641396012126634e-18,1.02017357668885950e-1
0,negative,7.77000000000000024e-1,1.00000000000000000e1,1.45158567825813406e-2,1.12874243804587340e-1,8.56747123390285692e-2,1.71058544212237332e-2,1.34520599536631313e-1,1.22250851946649475e-2,1.61627140704003365e-2,1.56641396012126634e-18,1.02017357668885950e-1
0,average,7.77000000000000024e-1,1.00000000000000000e1,6.36950502935843405e-2,6.36950502935843405e-2,5.13902833801261477e-2,5.13902833801261477e-2,7.33728423656481304e-2,7.33728423656481304e-2,1.61627140704003365e-2,1.56641396012126634e-18,1.02017357668885950e-1
0,sum,7.77000000000000024e-1,1.00000000000000000e1,1.27390100587168681e-1,1.27390100587168681e-1,1.02780566760252295e-1,1.02780566760252295e-1,1.46745684731296261e-1,1.46745684731296261e-1,3.23254281408006730e-2,3.13282792024253269e-18,2.04034715337771899e-1
0,positive,7.77000000000000024e-1,1.00000000000000000e2,7.13730786388743210e-2,8.81978123744314030e-3,1.04727769276920200e-2,5.40439556445503066e-2,7.51165237410930664e-3,8.49766081639352355e-2,9.35962136165070097e-3,4.32257676682734626e-3,3.15093024086334009e-2
0,negative,7.77000000000000024e-1,1.00000000000000000e2,8.81978123744314030e-3,7.13730786388743210e-2,5.40439556445503066e-2,1.04727769276920200e-2,8.49766081639352355e-2,7.51165237410930664e-3,9.35962136165070097e-3,4.32257676682734626e-3,3.15093024086334009e-2
0,average,7.77000000000000024e-1,1.00000000000000000e2,4.00964299381587341e-2,4.00964299381587341e-2,3.22583662861211651e-2,3.22583662861211651e-2,4.62441302690222711e-2,4.62441302690222711e-2,9.35962136165070097e-3,4.32257676682734626e-3,3.15093024086334009e-2
0,sum,7.77000000000000024e-1,1.00000000000000000e2,8.01928598763174683e-2,8.01928598763174683e-2,6.45167325722423302e-2,6.45167325722423302e-2,9.24882605380445422e-2,9.24882605380445422e-2,1.87192427233014019e-2,8.64515353365469252e-3,6.30186048172668017e-2
0,positive,7.77000000000000024e-1,1.00000000000000000e5,2.86008748241893193e-2,3.16560612962813771e-3,3.83412801488763888e-3,2.15393208187581869e-2,2.70645778376435789e-3,3.40546678517770207e-2,3.09297597764092956e-3,1.52302425107996237e-3,3.02337598960387803e-3
0,negative,7.77000000000000024e-1,1.00000000000000000e5,3.16560612962813771e-3,2.86008748241893193e-2,2.15393208187581869e-2,3.83412801488763888e-3,3.40546678517770207e-2,2.70645778376435789e-3,3.09297597764092956e-3,1.52302425107996237e-3,3.02337598960387803e-3
0,average,7.77000000000000024e-1,1.00000000000000000e5,1.58832404769087276e-2,1.58832404769087276e-2,1.26867244168229129e-2,1.26867244168229129e-2,1.83805628177706876e-2,1.83805628177706876e-2,3.09297597764092956e-3,1.52302425107996237e-3,3.02337598960387803e-3
0,sum,7.77000000000000024e-1,1.00000000000000000e5,3.17664809538174553e-2,3.17664809538174553e-2,2.53734488336458258e-2,2.53734488336458258e-2,3.67611256355413751e-2,3.67611256355413751e-2,6.18595195528185912e-3,3.04604850215992474e-3,6.04675197920775606e-3
0,positive,7.77000000000000024e-1,1.10000000000000009e0,2.07917292244316515e-1,2.50375672191885112e-2,2.98981800967441369e-2,1.57541871552160595e-1,2.01518428435917552e-2,2.48979865293069230e-1,-4.97379438101236590e-19,8.68954335907737541e-19,4.64183279737591881e-1
0,negative,7.77000000000000024e-1,1.10000000000000009e0,2.50375672191885112e-2,2.07917292244316515e-1,1.57541871552160595e-1,2.98981800967441369e-2,2.48979865293069230e-1,2.01518428435917552e-2,-4.97379438101236590e-19,8.68954335907737541e-19,4.64183279737591881e-1
0,average,7.77000000000000024e-1,1.10000000000000009e0,1.16477429731752513e-1,1.16477429731752513e-1,9.37200258244523660e-2,9.37200258244523660e-2,1.34565854068330493e-1,1.34565854068330493e-1,-4.97379438101236590e-19,8.68954335907737541e-19,4.64183279737591881e-1
0,sum,7.77000000000000024e-1,1.10000000000000009e0,2.32954859463505026e-1,2.32954859463505026e-1,1.87440051648904732e-1,1.87440051648904732e-1,2.69131708136660985e-1,2.69131708136660985e-1,-9.94758876202473181e-19,1.73790867181547508e-18,9.28366559475183761e-1
0,positive,7.77000000000000024e-1,3.70000000000000000e1,8.57865888262977216e-2,1.08124993073520914e-2,1.27862845897769792e-2,6.50295102163010175e-2,9.18356959848309201e-3,1.02161373628584934e-1,1.16794676868545323e-2,5.25348650962912441e-3,5.08307044167937497e-2
0,negative,7.77000000000000024e-1,3.70000000000000000e1,1.08124993073520914e-2,8.57865888262977216e-2,6.50295102163010175e-2,1.27862845897769792e-2,1.02161373628584934e-1,9.18356959848309201e-3,1.16794676868545323e-2,5.25348650962912441e-3,5.08307044167937497e-2
0,average,7.77000000000000024e-1,3.70000000000000000e1,4.82995440668249065e-2,4.82995440668249065e-2,3.89078974030390018e-2,3.89078974030390018e-2,5.56724716135340164e-2,5.56724716135340164e-2,1.16794676868545323e-2,5.25348650962912441e-3,5.08307044167937497e-2
0,sum,7.77000000000000024e-1,3.70000000000000000e1,9.65990881336498131e-2,9.65990881336498131e-2,7.78157948060780036e-2,7.78157948060780036e-2,1.11344943227068033e-1,1.11344943227068033e-1,2.33589353737090645e-2,1.05069730192582488e-2,1.01661408833587499e-1
0,positive,7.77000000000000024e-1,1.77700000000000000e3,4.59310659608516969e-2,5.38944497794876035e-3,6.46314645019804672e-3,3.46897620295106013e-2,4.60286451086583392e-3,5.46812064794958350e-2,5.48540769023403516e-3,2.63546536118994387e-3,1.01057475625270649e-2
0,negative,7.77000000000000024e-1,1.77700000000000000e3,5.38944497794876035e-3,4.59310659608516969e-2,3.46897620295106013e-2,6.46314645019804672e-3,5.46812064794958350e-2,4.60286451086583392e-3,5.48540769023403516e-3,2.63546536118994387e-3,1.01057475625270649e-2
0,average,7.77000000000000024e-1,1.77700000000000000e3,2.56602554694002269e-2,2.56602554694002269e-2,2.05764542398543249e-2,2.05764542398543249e-2,2.96420354951808344e-2,2.96420354951808344e-2,5.48540769023403516e-3,2.63546536118994387e-3,1.01057475625270649e-2
0,sum,7.77000000000000024e-1,1.77700000000000000e3,5.13205109388004538e-2,5.13205109388004538e-2,4.11529084797086497e-2,4.11529084797086497e-2,5.92840709903616689e-2,5.92840709903616689e-2,1.09708153804680703e-2,5.27093072237988774e-3,2.02114951250541297e-2
0,positive,7.77000000000000024e-1,9.99990000000000000e4,2.86009055671601620e-2,3.16561002869195605e-3,3.83413258754337904e-3,2.15393441522178028e-2,2.70646098250185499e-3,3.40547044771019047e-2,3.09298001890782968e-3,1.52302617497489614e-3,3.02338454092390815e-3
0,negative,7.77000000000000024e-1,9.99990000000000000e4,3.16561002869195605e-3,2.86009055671601620e-2,2.15393441522178028e-2,3.83413258754337904e-3,3.40547044771019047e-2,2.70646098250185499e-3,3.09298001890782968e-3,1.52302617497489614e-3,3.02338454092390815e-3
0,average,7.77000000000000024e-1,9.99990000000000000e4,1.58832577979260599e-2,1.58832577979260599e-2,1.26867383698805909e-2,1.26867383698805909e-2,1.83805827298018781e-2,1.83805827298018781e-2,3.09298001890782968e-3,1.52302617497489614e-3,3.02338454092390815e-3
0,sum,7.77000000000000024e-1,9.99990000000000000e4,3.17665155958521198e-2,3.17665155958521198e-2,2.53734767397611818e-2,2.53734767397611818e-2,3.67611654596037563e-2,3.67611654596037563e-2,6.18596003781565935e-3,3.04605234994979228e-3,6.04676908184781630e-3
0,positive,9.74999999999999978e-1,1.00000000000000000e0,3.68366421631338313e-4,1.37443651835310614e-5,2.27523000818283521e-5,2.69395369168110542e-4,1.09257532959993169e-5,4.39935917291035795e-4,2.82574125355195524e-22,3.15748721046547919e-22,9.75220031225660679e-4
0,negative,9.74999999999999978e-1,1.00000000000000000e0,1.37443651835310614e-5,3.68366421631338313e-4,2.69395369168110542e-4,2.27523000818283521e-5,4.39935917291035795e-4,1.09257532959993169e-5,2.82574125355195524e-22,3.15748721046547919e-22,9.75220031225660679e-4
0,average,9.74999999999999978e-1,1.00000000000000000e0,1.91055393407434701e-4,1.91055393407434701e-4,1.46073834624969433e-4,1.46073834624969433e-4,2.25430835293517556e-4,2.25430835293517556e-4,2.82574125355195524e-22,3.15748721046547919e-22,9.75220031225660679e-4
0,sum,9.74999999999999978e-1,1.00000000000000000e0,3.82110786814869401e-4,3.82110786814869401e-4,2.92147669249938867e-4,2.92147669249938867e-4,4.50861670587035111e-4,4.50861670587035111e-4,5.65148250710391047e-22,6.31497442093095838e-22,1.95044006245132136e-3
0,positive,9.74999999999999978e-1,1.25000000000000000e0,3.21670449432745551e-4,1.23786460215311468e-5,2.02242667394029600e-5,2.35368621536155239e-4,9.96684409714830382e-6,3.83999547358060671e-4,-4.25762498853048537e-22,-1.56563111681718495e-22,7.23067508393996153e-4
0,negative,9.74999999999999978e-1,1.25000000000000000e0,1.23786460215311468e-5,3.21670449432745551e-4,2.35368621536155239e-4,2.02242667394029600e-5,3.83999547358060671e-4,9.96684409714830382e-6,-4.25762498853048537e-22,-1.56563111681718495e-22,7.23067508393996153e-4
0,average,9.74999999999999978e-1,1.25000000000000000e0,1.67024547727138349e-4,1.67024547727138349e-4,1.27796444137779106e-4,1.27796444137779106e-4,1.96983195727604501e-4,1.96983195727604501e-4,-4.25762498853048537e-22,-1.56563111681718495e-22,7.23067508393996153e-4
0,sum,9.74999999999999978e-1,1.25000000000000000e0,3.34049095454276698e-4,3.34049095454276698e-4,2.55592888275558213e-4,2.55592888275558213e-4,3.93966391455209002e-4,3.93966391455209002e-4,-8.51524997706097074e-22,-3.13126223363436990e-22,1.44613501678799231e-3
0,positive,9.74999999999999978e-1,1.00000000000000000e1,1.21665236836034828e-4,4.79454599425501810e-6,7.70033144531866420e-6,8.91204397841220024e-5,4.00998392246782864e-6,1.45173041135139715e-4,1.03719783367034635e-7,3.03029607283460193e-22,7.57608949877785831e-5
0,negative,9.74999999999999978e-1,1.00000000000000000e1,4.79454599425501810e-6,1.21665236836034828e-4,8.91204397841220024e-5,7.70033144531866420e-6,1.45173041135139715e-4,4.00998392246782864e-6,1.03719783367034635e-7,3.03029607283460193e-22,7.57608949877785831e-5
0,average,9.74999999999999978e-1,1.00000000000000000e1,6.32298914151449196e-5,6.32298914151449196e-5,4.84103856147203367e-5,4.84103856147203367e-5,7.45915125288037719e-5,7.45915125288037719e-5,1.03719783367034635e-7,3.03029607283460193e-22,7.57608949877785831e-5
0,sum,9.74999999999999978e-1,1.00000000000000000e1,1.26459782830289839e-4,1.26459782830289839e-4,9.68207712294406734e-5,9.68207712294406734e-5,1.49183025057607544e-4,1.49183025057607544e-4,2.07439566734069269e-7,6.06059214566920386e-22,1.51521789975557166e-4
0,positive,9.74999999999999978e-1,1.00000000000000000e2,5.76711238472601626e-5,2.12994073562965697e-6,3.49856568308062820e-6,4.22384973166611437e-5,1.80158697965946356e-6,6.88671151902083949e-5,4.63001965953222911e-8,2.79689377903773489e-8,1.22334271921754968e-5
0,negative,9.74999999999999978e-1,1.00000000000000000e2,2.12994073562965697e-6,5.76711238472601626e-5,4.22384973166611437e-5,3.49856568308062820e-6,6.88671151902083949e-5,1.80158697965946356e-6,4.63001965953222911e-8,2.79689377903773489e-8,1.22334271921754968e-5
0,average,9.74999999999999978e-1,1.00000000000000000e2,2.99005322914449115e-5,2.99005322914449115e-5,2.28685314998708876e-5,2.28685314998708876e-5,3.53343510849339293e-5,3.53343510849339293e-5,4.63001965953222911e-8,2.79689377903773489e-8,1.22334271921754968e-5
0,sum,9.74999999999999978e-1,1.00000000000000000e2,5.98010645828898229e-5,5.98010645828898229e-5,4.57370629997417752e-5,4.57370629997417752e-5,7.06687021698678585e-5,7.06687021698678585e-5,9.26003931906445823e-8,5.59378755807546978e-8,2.44668543843509935e-5
0,positive,9.74999999999999978e-1,1.00000000000000000e5,1.36368511218416855e-5,4.44585174012738267e-7,7.58410002727611341e-7,9.97556145350149398e-6,3.71940537736147622e-7,1.62898332386627965e-5,9.27577430516312142e-9,5.76162740979456548e-9,3.52437841272933552e-7
0,negative,9.74999999999999978e-1,1.00000000000000000e5,4.44585174012738267e-7,1.36368511218416855e-5,9.97556145350149398e-6,7.58410002727611341e-7,1.62898332386627965e-5,3.71940537736147622e-7,9.27577430516312142e-9,5.76162740979456548e-9,3.52437841272933552e-7
0,average,9.74999999999999978e-1,1.00000000000000000e5,7.04071814792721230e-6,7.04071814792721230e-6,5.36698572811455309e-6,5.36698572811455309e-6,8.33088688819947204e-6,8.33088688819947204e-6,9.27577430516312142e-9,5.76162740979456548e-9,3.52437841272933552e-7
0,sum,9.74999999999999978e-1,1.00000000000000000e5,1.40814362958544246e-5,1.40814362958544246e-5,1.07339714562291062e-5,1.07339714562291062e-5,1.66617737763989441e-5,1.66617737763989441e-5,1.85515486103262428e-8,1.15232548195891310e-8,7.04875682545867103e-7
0,positive,9.74999999999999978e-1,1.10000000000000009e0,3.48421406504646530e-4,1.31610324449159808e-5,2.16725139486471685e-5,2.54861696042188890e-4,1.05161792454822457e-5,4.16044097677543859e-4,-1.99741249422673788e-23,1.14012549707884192e-22,8.67519395703554639e-4
0,negative,9.74999999999999978e-1,1.10000000000000009e0,1.31610324449159808e-5,3.48421406504646530e-4,2.54861696042188890e-4,2.16725139486471685e-5,4.16044097677543859e-4,1.05161792454822457e-5,-1.99741249422673788e-23,1.14012549707884192e-22,8.67519395703554639e-4
0,average,9.74999999999999978e-1,1.10000000000000009e0,1.80791219474781256e-4,1.80791219474781256e-4,1.38267104995418036e-4,1.38267104995418036e-4,2.13280138461513052e-4,2.13280138461513052e-4,-1.99741249422673788e-23,1.14012549707884192e-22,8.67519395703554639e-4
0,sum,9.74999999999999978e-1,1.10000000000000009e0,3.61582438949562511e-4,3.61582438949562511e-4,2.76534209990836072e-4,2.76534209990836072e-4,4.26560276923026104e-4,4.26560276923026104e-4,-3.99482498845347576e-23,2.28025099415768384e-22,1.73503879140710928e-3
0,positive,9.74999999999999978e-1,3.70000000000000000e1,7.76812551165991687e-5,2.96348674008466460e-6,4.78906296983619458e-6,5.68832482714034398e-5,2.47928125824078575e-6,9.27216498882708386e-5,6.42227039170713621e-8,3.82638417049051233e-8,2.56557795342204765e-5
0,negative,9.74999999999999978e-1,3.70000000000000000e1,2.96348674008466460e-6,7.76812551165991687e-5,5.68832482714034398e-5,4.78906296983619458e-6,9.27216498882708386e-5,2.47928125824078575e-6,6.42227039170713621e-8,3.82638417049051233e-8,2.56557795342204765e-5
0,average,9.74999999999999978e-1,3.70000000000000000e1,4.03223709283419133e-5,4.03223709283419133e-5,3.08361556206198189e-5,3.08361556206198189e-5,4.76004655732558155e-5,4.76004655732558155e-5,6.42227039170713621e-8,3.82638417049051233e-8,2.56557795342204765e-5
0,sum,9.74999999999999978e-1,3.70000000000000000e1,8.06447418566838266e-5,8.06447418566838266e-5,6.16723112412396378e-5,6.16723112412396378e-5,9.52009311465116311e-5,9.52009311465116311e-5,1.28445407834142724e-7,7.65276834098102467e-8,5.13115590684409530e-5
0,positive,9.74999999999999978e-1,1.77700000000000000e3,2.86317543777974333e-5,9.97084541954157085e-7,1.66448024579392581e-6,2.09523133177933870e-5,8.36630588743656980e-7,3.41839324012060432e-5,2.12087660895734924e-8,1.30426392507207486e-8,2.15850138368516686e-6
0,negative,9.74999999999999978e-1,1.77700000000000000e3,9.97084541954157085e-7,2.86317543777974333e-5,2.09523133177933870e-5,1.66448024579392581e-6,3.41839324012060432e-5,8.36630588743656980e-7,2.12087660895734924e-8,1.30426392507207486e-8,2.15850138368516686e-6
0,average,9.74999999999999978e-1,1.77700000000000000e3,1.48144194598757952e-5,1.48144194598757952e-5,1.13083967817936573e-5,1.13083967817936573e-5,1.75102814949748518e-5,1.75102814949748518e-5,2.12087660895734924e-8,1.30426392507207486e-8,2.15850138368516686e-6
0,sum,9.74999999999999978e-1,1.77700000000000000e3,2.96288389197515904e-5,2.96288389197515904e-5,2.26167935635873145e-5,2.26167935635873145e-5,3.50205629899497036e-5,3.50205629899497036e-5,4.24175321791469847e-8,2.60852785014414973e-8,4.31700276737033371e-6
0,positive,9.74999999999999978e-1,9.99990000000000000e4,1.36368743798843974e-5,4.44586027518893416e-7,7.58411389675113141e-7,9.97557852362458511e-6,3.71941231209897252e-7,1.62898609242686829e-5,9.27579199792310964e-9,5.76163826616838103e-9,3.52439378986089623e-7
0,negative,9.74999999999999978e-1,9.99990000000000000e4,4.44586027518893416e-7,1.36368743798843974e-5,9.97557852362458511e-6,7.58411389675113141e-7,1.62898609242686829e-5,3.71941231209897252e-7,9.27579199792310964e-9,5.76163826616838103e-9,3.52439378986089623e-7
0,average,9.74999999999999978e-1,9.99990000000000000e4,7.04073020370164542e-6,7.04073020370164542e-6,5.36699495664984913e-6,5.36699495664984913e-6,8.33090107773928922e-6,8.33090107773928922e-6,9.27579199792310964e-9,5.76163826616838103e-9,3.52439378986089623e-7
0,sum,9.74999999999999978e-1,9.99990000000000000e4,1.40814604074032908e-5,1.40814604074032908e-5,1.07339899132996983e-5,1.07339899132996983e-5,1.66618021554785784e-5,1.66618021554785784e-5,1.85515839958462193e-8,1.15232765323367621e-8,7.04878757972179246e-7
1,positive,5.00000000000000028e-2,1.00000000000000000e0,3.15792999999999990e-1,3.10907000000000044e-1,2.86224999999999952e-1,3.27174999999999994e-1,2.44800000000000045e-1,5.52700000000000080e-1,2.58750000000000075e-17,-3.73200000000000079e-17,1.12900000000000014e-1
1,negative,5.00000000000000028e-2,1.00000000000000000e0,3.10907000000000044e-1,3.15792999999999990e-1,3.27174999999999994e-1,2.86224999999999952e-1,5.52700000000000080e-1,2.44800000000000045e-1,2.58750000000000075e-17,-3.73200000000000079e-17,1.12900000000000014e-1
1,average,5.00000000000000028e-2,1.00000000000000000e0,3.13350000000000017e-1,3.13350000000000017e-1,3.06699999999999973e-1,3.06699999999999973e-1,3.98750000000000049e-1,3.98750000000000049e-1,2.58750000000000075e-17,-3.73200000000000079e-17,1.12900000000000014e-1
1,sum,5.00000000000000028e-2,1.00000000000000000e0,6.26700000000000035e-1,6.26700000000000035e-1,6.13399999999999945e-1,6.13399999999999945e-1,7.97500000000000098e-1,7.97500000000000098e-1,5.17500000000000151e-17,-7.46400000000000158e-17,2.25800000000000028e-1
1,positive,5.00000000000000028e-2,1.25000000000000000e0,3.63450000000000051e-1,3.58050000000000090e-1,3.33270000000000011e-1,3.74529999999999974e-1,2.90499999999999980e-1,6.06999999999999984e-1,-2.25150000000000008e-17,-1.57699999999999985e-17,2.12699999999999972e-1
1,negative,5.00000000000000028e-2,1.25000000000000000e0,3.58050000000000090e-1,3.63450000000000051e-1,3.74529999999999974e-1,3.33270000000000011e-1,6.06999999999999984e-1,2.90499999999999980e-1,-2.25150000000000008e-17,-1.57699999999999985e-17,2.12699999999999972e-1
1,average,5.00000000000000028e-2,1.25000000000000000e0,3.60750000000000071e-1,3.60750000000000071e-1,3.53899999999999992e-1,3.53899999999999992e-1,4.48749999999999982e-1,4.48749999999999982e-1,-2.25150000000000008e-17,-1.57699999999999985e-17,2.12699999999999972e-1
1,sum,5.00000000000000028e-2,1.25000000000000000e0,7.21500000000000141e-1,7.21500000000000141e-1,7.07799999999999985e-1,7.07799999999999985e-1,8.97499999999999964e-1,8.97499999999999964e-1,-4.50300000000000015e-17,-3.15399999999999970e-17,4.25399999999999945e-1
1,positive,5.00000000000000028e-2,1.00000000000000000e1,8.02074999999999982e-1,7.84924999999999984e-1,7.61009999999999964e-1,8.09989999999999988e-1,7.10849999999999982e-1,1.07315000000000005e0,1.05950000000000011e0,-7.80000000000000010e-18,1.07899999999999996e0
1,negative,5.00000000000000028e-2,1.00000000000000000e1,7.84924999999999984e-1,8.02074999999999982e-1,8.09989999999999988e-1,7.61009999999999964e-1,1.07315000000000005e0,7.10849999999999982e-1,1.05950000000000011e0,-7.80000000000000010e-18,1.07899999999999996e0
1,average,5.00000000000000028e-2,1.00000000000000000e1,7.93499999999999983e-1,7.93499999999999983e-1,7.85499999999999976e-1,7.85499999999999976e-1,8.92000000000000015e-1,8.92000000000000015e-1,1.05950000000000011e0,-7.80000000000000010e-18,1.07899999999999996e0
1,sum,5.00000000000000028e-2,1.00000000000000000e1,1.58699999999999997e0,1.58699999999999997e0,1.57099999999999995e0,1.57099999999999995e0,1.78400000000000003e0,1.78400000000000003e0,2.11900000000000022e0,-1.56000000000000002e-17,2.15799999999999992e0
1,positive,5.00000000000000028e-2,1.00000000000000000e2,1.10702499999999993e0,1.07597499999999990e0,1.05246499999999998e0,1.11053499999999983e0,1.00005000000000011e0,1.38395000000000024e0,1.32650000000000023e0,1.90300000000000025e0,1.56899999999999995e0
1,negative,5.00000000000000028e-2,1.00000000000000000e2,1.07597499999999990e0,1.10702499999999993e0,1.11053499999999983e0,1.05246499999999998e0,1.38395000000000024e0,1.00005000000000011e0,1.32650000000000023e0,1.90300000000000025e0,1.56899999999999995e0
1,average,5.00000000000000028e-2,1.00000000000000000e2,1.09149999999999991e0,1.09149999999999991e0,1.08149999999999991e0,1.08149999999999991e0,1.19200000000000017e0,1.19200000000000017e0,1.32650000000000023e0,1.90300000000000025e0,1.56899999999999995e0
1,sum,5.00000000000000028e-2,1.00000000000000000e2,2.18299999999999983e0,2.18299999999999983e0,2.16299999999999981e0,2.16299999999999981e0,2.38400000000000034e0,2.38400000000000034e0,2.65300000000000047e0,3.80600000000000049e0,3.13799999999999990e0
1,positive,5.00000000000000028e-2,1.00000000000000000e5,1.44533000000000000e0,1.38467000000000007e0,1.36461000000000010e0,1.44138999999999995e0,1.31075000000000030e0,1.71325000000000016e0,1.60100000000000020e0,2.01100000000000012e0,1.82799999999999985e0
1,negative,5.00000000000000028e-2,1.00000000000000000e5,1.38467000000000007e0,1.44533000000000000e0,1.44138999999999995e0,1.36461000000000010e0,1.71325000000000016e0,1.31075000000000030e0,1.60100000000000020e0,2.01100000000000012e0,1.82799999999999985e0
1,average,5.00000000000000028e-2,1.00000000000000000e5,1.41500000000000004e0,1.41500000000000004e0,1.40300000000000002e0,1.40300000000000002e0,1.51200000000000023e0,1.51200000000000023e0,1.60100000000000020e0,2.01100000000000012e0,1.82799999999999985e0
1,sum,5.00000000000000028e-2,1.00000000000000000e5,2.83000000000000007e0,2.83000000000000007e0,2.80600000000000005e0,2.80600000000000005e0,3.02400000000000047e0,3.02400000000000047e0,3.20200000000000040e0,4.02200000000000024e0,3.65599999999999969e0
1,positive,5.00000000000000028e-2,1.10000000000000009e0,3.36148494085234950e-1,3.31042951857234646e-1,3.06319093611429116e-1,3.47401502348160862e-1,2.64319610543996331e-1,5.75892885175908198e-1,5.20642332113817152e-18,-2.81154571723605694e-17,1.55527070728464778e-1
1,negative,5.00000000000000028e-2,1.10000000000000009e0,3.31042951857234646e-1,3.36148494085234950e-1,3.47401502348160862e-1,3.06319093611429116e-1,5.75892885175908198e-1,2.64319610543996331e-1,5.20642332113817152e-18,-2.81154571723605694e-17,1.55527070728464778e-1
1,average,5.00000000000000028e-2,1.10000000000000009e0,3.33595722971234798e-1,3.33595722971234798e-1,3.26860297979794989e-1,3.26860297979794989e-1,4.20106247859952264e-1,4.20106247859952264e-1,5.20642332113817152e-18,-2.81154571723605694e-17,1.55527070728464778e-1
1,sum,5.00000000000000028e-2,1.10000000000000009e0,6.67191445942469596e-1,6.67191445942469596e-1,6.53720595959589978e-1,6.53720595959589978e-1,8.40212495719904529e-1,8.40212495719904529e-1,1.04128466422763430e-17,-5.62309143447211387e-17,3.11054141456929556e-1
1,positive,5.00000000000000028e-2,3.70000000000000000e1,9.94186168708501072e-1,9.68908910575505877e-1,9.45391802777552415e-1,9.99703276506454519e-1,8.93638295132198390e-1,1.27012503547320854e0,1.22845984850815326e0,1.84552614680310212e0,1.40357844040930546e0
1,negative,5.00000000000000028e-2,3.70000000000000000e1,9.68908910575505877e-1,9.94186168708501072e-1,9.99703276506454519e-1,9.45391802777552415e-1,1.27012503547320854e0,8.93638295132198390e-1,1.22845984850815326e0,1.84552614680310212e0,1.40357844040930546e0
1,average,5.00000000000000028e-2,3.70000000000000000e1,9.81547539642003475e-1,9.81547539642003475e-1,9.72547539642003467e-1,9.72547539642003467e-1,1.08188166530270347e0,1.08188166530270347e0,1.22845984850815326e0,1.84552614680310212e0,1.40357844040930546e0
1,sum,5.00000000000000028e-2,3.70000000000000000e1,1.96309507928400695e0,1.96309507928400695e0,1.94509507928400693e0,1.94509507928400693e0,2.16376333060540693e0,2.16376333060540693e0,2.45691969701630653e0,3.69105229360620424e0,2.80715688081861092e0
1,positive,5.00000000000000028e-2,1.77700000000000000e3,1.31403870454531724e0,1.26862668358553421e0,1.24719629111606145e0,1.31446909701479009e0,1.19320129111606121e0,1.58946409701478997e0,1.50094208848092991e0,1.99127027172744175e0,1.79643114903937917e0
1,negative,5.00000000000000028e-2,1.77700000000000000e3,1.26862668358553421e0,1.31403870454531724e0,1.31446909701479009e0,1.24719629111606145e0,1.58946409701478997e0,1.19320129111606121e0,1.50094208848092991e0,1.99127027172744175e0,1.79643114903937917e0
1,average,5.00000000000000028e-2,1.77700000000000000e3,1.29133269406542572e0,1.29133269406542572e0,1.28083269406542577e0,1.28083269406542577e0,1.39133269406542559e0,1.39133269406542559e0,1.50094208848092991e0,1.99127027172744175e0,1.79643114903937917e0
1,sum,5.00000000000000028e-2,1.77700000000000000e3,2.58266538813085145e0,2.58266538813085145e0,2.56166538813085154e0,2.56166538813085154e0,2.78266538813085118e0,2.78266538813085118e0,3.00188417696185983e0,3.98254054345488351e0,3.59286229807875834e0
1,positive,5.00000000000000028e-2,9.99990000000000000e4,1.44532979081166713e0,1.38466982367231783e0,1.36460982651779306e0,1.44138980632409686e0,1.31074982009252672e0,1.71324981274936450e0,1.60099986231570912e0,2.01100002753685869e0,1.82800009178952738e0
1,negative,5.00000000000000028e-2,9.99990000000000000e4,1.38466982367231783e0,1.44532979081166713e0,1.44138980632409686e0,1.36460982651779306e0,1.71324981274936450e0,1.31074982009252672e0,1.60099986231570912e0,2.01100002753685869e0,1.82800009178952738e0
1,average,5.00000000000000028e-2,9.99990000000000000e4,1.41499980724199248e0,1.41499980724199248e0,1.40299981642094496e0,1.40299981642094496e0,1.51199981642094561e0,1.51199981642094561e0,1.60099986231570912e0,2.01100002753685869e0,1.82800009178952738e0
1,sum,5.00000000000000028e-2,9.99990000000000000e4,2.82999961448398496e0,2.82999961448398496e0,2.80599963284188991e0,2.80599963284188991e0,3.02399963284189122e0,3.02399963284189122e0,3.20199972463141824e0,4.02200005507371738e0,3.65600018357905476e0
1,positive,9.50000000000000011e-2,1.00000000000000000e0,4.52609999999999957e-1,4.69689999999999941e-1,4.41754999999999953e-1,4.66845000000000010e-1,3.74699999999999978e-1,8.19299999999999917e-1,1.27249999999999997e-17,-1.19999999999999993e-17,2.83399999999999985e-1
1,negative,9.50000000000000011e-2,1.00000000000000000e0,4.69689999999999941e-1,4.52609999999999957e-1,4.66845000000000010e-1,4.41754999999999953e-1,8.19299999999999917e-1,3.74699999999999978e-1,1.27249999999999997e-17,-1.19999999999999993e-17,2.83399999999999985e-1
1,average,9.50000000000000011e-2,1.00000000000000000e0,4.61149999999999949e-1,4.61149999999999949e-1,4.54299999999999982e-1,4.54299999999999982e-1,5.96999999999999975e-1,5.96999999999999975e-1,1.27249999999999997e-17,-1.19999999999999993e-17,2.83399999999999985e-1
1,sum,9.50000000000000011e-2,1.00000000000000000e0,9.22299999999999898e-1,9.22299999999999898e-1,9.08599999999999963e-1,9.08599999999999963e-1,1.19399999999999995e0,1.19399999999999995e0,2.54499999999999994e-17,-2.39999999999999986e-17,5.66799999999999971e-1
1,positive,9.50000000000000011e-2,1.25000000000000000e0,5.08127500000000065e-1,5.15872499999999956e-1,4.88534999999999942e-1,5.20464999999999955e-1,4.21400000000000108e-1,8.71600000000000041e-1,-8.54500000000000037e-18,-6.76499999999999983e-18,3.97100000000000009e-1
1,negative,9.50000000000000011e-2,1.25000000000000000e0,5.15872499999999956e-1,5.08127500000000065e-1,5.20464999999999955e-1,4.88534999999999942e-1,8.71600000000000041e-1,4.21400000000000108e-1,-8.54500000000000037e-18,-6.76499999999999983e-18,3.97100000000000009e-1
1,average,9.50000000000000011e-2,1.25000000000000000e0,5.12000000000000011e-1,5.12000000000000011e-1,5.04499999999999948e-1,5.04499999999999948e-1,6.46500000000000075e-1,6.46500000000000075e-1,-8.54500000000000037e-18,-6.76499999999999983e-18,3.97100000000000009e-1
1,sum,9.50000000000000011e-2,1.25000000000000000e0,1.02400000000000002e0,1.02400000000000002e0,1.00899999999999990e0,1.00899999999999990e0,1.29300000000000015e0,1.29300000000000015e0,-1.70900000000000007e-17,-1.35299999999999997e-17,7.94200000000000017e-1
1,positive,9.50000000000000011e-2,1.00000000000000000e1,8.32020000000000093e-1,7.81980000000000008e-1,7.58550000000000169e-1,8.31450000000000133e-1,6.92550000000000221e-1,1.16145000000000009e0,9.71500000000000030e-1,-6.90499999999999985e-18,9.89600000000000035e-1
1,negative,9.50000000000000011e-2,1.00000000000000000e1,7.81980000000000008e-1,8.32020000000000093e-1,8.31450000000000133e-1,7.58550000000000169e-1,1.16145000000000009e0,6.92550000000000221e-1,9.71500000000000030e-1,-6.90499999999999985e-18,9.89600000000000035e-1
1,average,9.50000000000000011e-2,1.00000000000000000e1,8.07000000000000051e-1,8.07000000000000051e-1,7.95000000000000151e-1,7.95000000000000151e-1,9.27000000000000157e-1,9.27000000000000157e-1,9.71500000000000030e-1,-6.90499999999999985e-18,9.89600000000000035e-1
1,sum,9.50000000000000011e-2,1.00000000000000000e1,1.61400000000000010e0,1.61400000000000010e0,1.59000000000000030e0,1.59000000000000030e0,1.85400000000000031e0,1.85400000000000031e0,1.94300000000000006e0,-1.38099999999999997e-17,1.97920000000000007e0
1,positive,9.50000000000000011e-2,1.00000000000000000e2,9.71105000000000107e-1,8.86895000000000211e-1,8.66585000000000050e-1,9.62415000000000131e-1,8.03950000000000276e-1,1.27105000000000024e0,1.07249999999999979e0,1.31949999999999990e0,1.14500000000000024e0
1,negative,9.50000000000000011e-2,1.00000000000000000e2,8.86895000000000211e-1,9.71105000000000107e-1,9.62415000000000131e-1,8.66585000000000050e-1,1.27105000000000024e0,8.03950000000000276e-1,1.07249999999999979e0,1.31949999999999990e0,1.14500000000000024e0
1,average,9.50000000000000011e-2,1.00000000000000000e2,9.29000000000000159e-1,9.29000000000000159e-1,9.14500000000000091e-1,9.14500000000000091e-1,1.03750000000000031e0,1.03750000000000031e0,1.07249999999999979e0,1.31949999999999990e0,1.14500000000000024e0
1,sum,9.50000000000000011e-2,1.00000000000000000e2,1.85800000000000032e0,1.85800000000000032e0,1.82900000000000018e0,1.82900000000000018e0,2.07500000000000062e0,2.07500000000000062e0,2.14499999999999957e0,2.63899999999999979e0,2.29000000000000048e0
1,positive,9.50000000000000011e-2,1.00000000000000000e5,1.02675000000000005e0,8.98250000000000104e-1,8.84100000000000108e-1,1.00690000000000013e0,8.29250000000000154e-1,1.26975000000000016e0,1.07349999999999990e0,1.20399999999999996e0,1.00099999999999989e0
1,negative,9.50000000000000011e-2,1.00000000000000000e5,8.98250000000000104e-1,1.02675000000000005e0,1.00690000000000013e0,8.84100000000000108e-1,1.26975000000000016e0,8.29250000000000154e-1,1.07349999999999990e0,1.20399999999999996e0,1.00099999999999989e0
1,average,9.50000000000000011e-2,1.00000000000000000e5,9.62500000000000133e-1,9.62500000000000133e-1,9.45500000000000118e-1,9.45500000000000118e-1,1.04950000000000010e0,1.04950000000000010e0,1.07349999999999990e0,1.20399999999999996e0,1.00099999999999989e0
1,sum,9.50000000000000011e-2,1.00000000000000000e5,1.92500000000000027e0,1.92500000000000027e0,1.89100000000000024e0,1.89100000000000024e0,2.09900000000000020e0,2.09900000000000020e0,2.14699999999999980e0,2.40799999999999992e0,2.00199999999999978e0
1,positive,9.50000000000000011e-2,1.10000000000000009e0,4.76322909811298156e-1,4.89415698335845029e-1,4.61735905497771271e-1,4.89747440205012763e-1,3.94646735501195334e-1,8.41638635261509949e-1,3.64005216037629402e-18,-9.76400084906299450e-18,3.31964107633531569e-1
1,negative,9.50000000000000011e-2,1.10000000000000009e0,4.89415698335845029e-1,4.76322909811298156e-1,4.89747440205012763e-1,4.61735905497771271e-1,8.41638635261509949e-1,3.94646735501195334e-1,3.64005216037629402e-18,-9.76400084906299450e-18,3.31964107633531569e-1
1,average,9.50000000000000011e-2,1.10000000000000009e0,4.82869304073571592e-1,4.82869304073571592e-1,4.75741672851392017e-1,4.75741672851392017e-1,6.18142685381352641e-1,6.18142685381352641e-1,3.64005216037629402e-18,-9.76400084906299450e-18,3.31964107633531569e-1
1,sum,9.50000000000000011e-2,1.10000000000000009e0,9.65738608147143185e-1,9.65738608147143185e-1,9.51483345702784034e-1,9.51483345702784034e-1,1.23628537076270528e0,1.23628537076270528e0,7.28010432075258804e-18,-1.95280016981259890e-17,6.63928215267063138e-1
1,positive,9.50000000000000011e-2,3.70000000000000000e1,9.25757959075049097e-1,8.54114198299253724e-1,8.33258868093798233e-1,9.20779163619804386e-1,7.68817589667541212e-1,1.23788393940326125e0,1.04218251321400102e0,1.31991943981245008e0,1.10902376982100193e0
1,negative,9.50000000000000011e-2,3.70000000000000000e1,8.54114198299253724e-1,9.25757959075049097e-1,9.20779163619804386e-1,8.33258868093798233e-1,1.23788393940326125e0,7.68817589667541212e-1,1.04218251321400102e0,1.31991943981245008e0,1.10902376982100193e0
1,average,9.50000000000000011e-2,3.70000000000000000e1,8.89936078687151411e-1,8.89936078687151411e-1,8.77019015856801309e-1,8.77019015856801309e-1,1.00335076453540117e0,1.00335076453540117e0,1.04218251321400102e0,1.31991943981245008e0,1.10902376982100193e0
1,sum,9.50000000000000011e-2,3.70000000000000000e1,1.77987215737430282e0,1.77987215737430282e0,1.75403803171360262e0,1.75403803171360262e0,2.00670152907080235e0,2.00670152907080235e0,2.08436502642800203e0,2.63983887962490016e0,2.21804753964200385e0
1,positive,9.50000000000000011e-2,1.77700000000000000e3,1.02647857219879057e0,9.17368275619503959e-1,9.00711711954573668e-1,1.01215701474682174e0,8.40842020959782888e-1,1.29809234239091453e0,1.09850000000000003e0,1.28272972827255827e0,1.12228442548031082e0
1,negative,9.50000000000000011e-2,1.77700000000000000e3,9.17368275619503959e-1,1.02647857219879057e0,1.01215701474682174e0,9.00711711954573668e-1,1.29809234239091453e0,8.40842020959782888e-1,1.09850000000000003e0,1.28272972827255827e0,1.12228442548031082e0
1,average,9.50000000000000011e-2,1.77700000000000000e3,9.71923423909147211e-1,9.71923423909147211e-1,9.56434363350697758e-1,9.56434363350697758e-1,1.06946718167534871e0,1.06946718167534871e0,1.09850000000000003e0,1.28272972827255827e0,1.12228442548031082e0
1,sum,9.50000000000000011e-2,1.77700000000000000e3,1.94384684781829442e0,1.94384684781829442e0,1.91286872670139552e0,1.91286872670139552e0,2.13893436335069742e0,2.13893436335069742e0,2.19700000000000006e0,2.56545945654511653e0,2.24456885096062164e0
1,positive,9.50000000000000011e-2,9.99990000000000000e4,1.02675004681265891e0,8.98250081692679392e-1,8.84100083528470138e-1,1.00690006333477422e0,8.29250061498983615e-1,1.26975010372216612e0,1.07350009178952743e0,1.20400020193696022e0,1.00100031208439311e0
1,negative,9.50000000000000011e-2,9.99990000000000000e4,8.98250081692679392e-1,1.02675004681265891e0,1.00690006333477422e0,8.84100083528470138e-1,1.26975010372216612e0,8.29250061498983615e-1,1.07350009178952743e0,1.20400020193696022e0,1.00100031208439311e0
1,average,9.50000000000000011e-2,9.99990000000000000e4,9.62500064252669096e-1,9.62500064252669096e-1,9.45500073431622123e-1,9.45500073431622123e-1,1.04950008261057492e0,1.04950008261057492e0,1.07350009178952743e0,1.20400020193696022e0,1.00100031208439311e0
1,sum,9.50000000000000011e-2,9.99990000000000000e4,1.92500012850533819e0,1.92500012850533819e0,1.89100014686324425e0,1.89100014686324425e0,2.09900016522114985e0,2.09900016522114985e0,2.14700018357905487e0,2.40800040387392045e0,2.00200062416878621e0
1,positive,1.00000000000000006e-1,1.00000000000000000e0,4.65870000000000062e-1,4.78230000000000099e-1,4.50445000000000040e-1,4.79355000000000031e-1,3.81700000000000039e-1,8.37300000000000044e-1,1.20050000000000004e-17,-1.08250000000000006e-17,3.01999999999999935e-1
1,negative,1.00000000000000006e-1,1.00000000000000000e0,4.78230000000000099e-1,4.65870000000000062e-1,4.79355000000000031e-1,4.50445000000000040e-1,8.37300000000000044e-1,3.81700000000000039e-1,1.20050000000000004e-17,-1.08250000000000006e-17,3.01999999999999935e-1
1,average,1.00000000000000006e-1,1.00000000000000000e0,4.72050000000000081e-1,4.72050000000000081e-1,4.64900000000000035e-1,4.64900000000000035e-1,6.09500000000000042e-1,6.09500000000000042e-1,1.20050000000000004e-17,-1.08250000000000006e-17,3.01999999999999935e-1
1,sum,1.00000000000000006e-1,1.00000000000000000e0,9.44100000000000161e-1,9.44100000000000161e-1,9.29800000000000071e-1,9.29800000000000071e-1,1.21900000000000008e0,1.21900000000000008e0,2.40100000000000009e-17,-2.16500000000000011e-17,6.03999999999999870e-1
1,positive,1.00000000000000006e-1,1.25000000000000000e0,5.20884499999999973e-1,5.23115500000000067e-1,4.96339999999999948e-1,5.32659999999999911e-1,4.27150000000000030e-1,8.87849999999999917e-1,-7.84000000000000142e-18,-6.35499999999999970e-18,4.14399999999999991e-1
1,negative,1.00000000000000006e-1,1.25000000000000000e0,5.23115500000000067e-1,5.20884499999999973e-1,5.32659999999999911e-1,4.96339999999999948e-1,8.87849999999999917e-1,4.27150000000000030e-1,-7.84000000000000142e-18,-6.35499999999999970e-18,4.14399999999999991e-1
1,average,1.00000000000000006e-1,1.25000000000000000e0,5.22000000000000020e-1,5.22000000000000020e-1,5.14499999999999957e-1,5.14499999999999957e-1,6.57499999999999973e-1,6.57499999999999973e-1,-7.84000000000000142e-18,-6.35499999999999970e-18,4.14399999999999991e-1
1,sum,1.00000000000000006e-1,1.25000000000000000e0,1.04400000000000004e0,1.04400000000000004e0,1.02899999999999991e0,1.02899999999999991e0,1.31499999999999995e0,1.31499999999999995e0,-1.56800000000000028e-17,-1.27099999999999994e-17,8.28799999999999981e-1
1,positive,1.00000000000000006e-1,1.00000000000000000e1,8.30890000000000017e-1,7.72109999999999963e-1,7.49774999999999969e-1,8.29224999999999990e-1,6.83099999999999929e-1,1.15890000000000004e0,9.60000000000000075e-1,-6.73500000000000076e-18,9.77200000000000069e-1
1,negative,1.00000000000000006e-1,1.00000000000000000e1,7.72109999999999963e-1,8.30890000000000017e-1,8.29224999999999990e-1,7.49774999999999969e-1,1.15890000000000004e0,6.83099999999999929e-1,9.60000000000000075e-1,-6.73500000000000076e-18,9.77200000000000069e-1
1,average,1.00000000000000006e-1,1.00000000000000000e1,8.01499999999999990e-1,8.01499999999999990e-1,7.89499999999999980e-1,7.89499999999999980e-1,9.21000000000000041e-1,9.21000000000000041e-1,9.60000000000000075e-1,-6.73500000000000076e-18,9.77200000000000069e-1
1,sum,1.00000000000000006e-1,1.00000000000000000e1,1.60299999999999998e0,1.60299999999999998e0,1.57899999999999996e0,1.57899999999999996e0,1.84200000000000008e0,1.84200000000000008e0,1.92000000000000015e0,-1.34700000000000015e-17,1.95440000000000014e0
1,positive,1.00000000000000006e-1,1.00000000000000000e2,9.57254999999999967e-1,8.63744999999999985e-1,8.45199999999999951e-1,9.47799999999999976e-1,7.81750000000000167e-1,1.25324999999999998e0,1.04899999999999971e0,1.27099999999999991e0,1.11000000000000010e0
1,negative,1.00000000000000006e-1,1.00000000000000000e2,8.63744999999999985e-1,9.57254999999999967e-1,9.47799999999999976e-1,8.45199999999999951e-1,1.25324999999999998e0,7.81750000000000167e-1,1.04899999999999971e0,1.27099999999999991e0,1.11000000000000010e0
1,average,1.00000000000000006e-1,1.00000000000000000e2,9.10499999999999976e-1,9.10499999999999976e-1,8.96499999999999964e-1,8.96499999999999964e-1,1.01750000000000007e0,1.01750000000000007e0,1.04899999999999971e0,1.27099999999999991e0,1.11000000000000010e0
1,sum,1.00000000000000006e-1,1.00000000000000000e2,1.82099999999999995e0,1.82099999999999995e0,1.79299999999999993e0,1.79299999999999993e0,2.03500000000000014e0,2.03500000000000014e0,2.09799999999999942e0,2.54199999999999982e0,2.22000000000000020e0
1,positive,1.00000000000000006e-1,1.00000000000000000e5,9.96300000000000074e-1,8.59700000000000020e-1,8.46399999999999930e-1,9.74600000000000022e-1,7.91749999999999954e-1,1.23225000000000007e0,1.03350000000000009e0,1.14450000000000007e0,9.45500000000000007e-1
1,negative,1.00000000000000006e-1,1.00000000000000000e5,8.59700000000000020e-1,9.96300000000000074e-1,9.74600000000000022e-1,8.46399999999999930e-1,1.23225000000000007e0,7.91749999999999954e-1,1.03350000000000009e0,1.14450000000000007e0,9.45500000000000007e-1
1,average,1.00000000000000006e-1,1.00000000000000000e5,9.28000000000000047e-1,9.28000000000000047e-1,9.10499999999999976e-1,9.10499999999999976e-1,1.01200000000000001e0,1.01200000000000001e0,1.03350000000000009e0,1.14450000000000007e0,9.45500000000000007e-1
1,sum,1.00000000000000006e-1,1.00000000000000000e5,1.85600000000000009e0,1.85600000000000009e0,1.82099999999999995e0,1.82099999999999995e0,2.02400000000000002e0,2.02400000000000002e0,2.06700000000000017e0,2.28900000000000015e0,1.89100000000000001e0
1,positive,1.00000000000000006e-1,1.10000000000000009e0,4.89368065957827059e-1,4.97401717266357901e-1,4.70047899910650213e-1,5.02122895843495121e-1,4.01112829304696661e-1,8.58891166586411847e-1,3.52870522438493576e-18,-8.91575144132026702e-18,3.50008845189172746e-1
1,negative,1.00000000000000006e-1,1.10000000000000009e0,4.97401717266357901e-1,4.89368065957827059e-1,5.02122895843495121e-1,4.70047899910650213e-1,8.58891166586411847e-1,4.01112829304696661e-1,3.52870522438493576e-18,-8.91575144132026702e-18,3.50008845189172746e-1
1,average,1.00000000000000006e-1,1.10000000000000009e0,4.93384891612092480e-1,4.93384891612092480e-1,4.86085397877072667e-1,4.86085397877072667e-1,6.30001997945554226e-1,6.30001997945554226e-1,3.52870522438493576e-18,-8.91575144132026702e-18,3.50008845189172746e-1
1,sum,1.00000000000000006e-1,1.10000000000000009e0,9.86769783224184960e-1,9.86769783224184960e-1,9.72170795754145334e-1,9.72170795754145334e-1,1.26000399589110845e0,1.26000399589110845e0,7.05741044876987153e-18,-1.78315028826405340e-17,7.00017690378345492e-1
1,positive,1.00000000000000006e-1,3.70000000000000000e1,9.17276009949726800e-1,8.36425519121075434e-1,8.16299383313744520e-1,9.10568020096357844e-1,7.51115450383651240e-1,1.22558132472295100e0,1.02301426189260103e0,1.27466825132140005e0,1.08185314151750145e0
1,negative,1.00000000000000006e-1,3.70000000000000000e1,8.36425519121075434e-1,9.17276009949726800e-1,9.10568020096357844e-1,8.16299383313744520e-1,1.22558132472295100e0,7.51115450383651240e-1,1.02301426189260103e0,1.27466825132140005e0,1.08185314151750145e0
1,average,1.00000000000000006e-1,3.70000000000000000e1,8.76850764535401117e-1,8.76850764535401117e-1,8.63433701705051182e-1,8.63433701705051182e-1,9.88348387553301122e-1,9.88348387553301122e-1,1.02301426189260103e0,1.27466825132140005e0,1.08185314151750145e0
1,sum,1.00000000000000006e-1,3.70000000000000000e1,1.75370152907080223e0,1.75370152907080223e0,1.72686740341010236e0,1.72686740341010236e0,1.97669677510660224e0,1.97669677510660224e0,2.04602852378520206e0,2.54933650264280010e0,2.16370628303500290e0
1,positive,1.00000000000000006e-1,1.77700000000000000e3,1.00345263897020143e0,8.85437966614294525e-1,8.69043436335069863e-1,9.86890927015627861e-1,8.09820463507814003e-1,1.26917953649218607e0,1.06601093944155045e0,1.22774066771410895e0,1.07232818324651213e0
1,negative,1.00000000000000006e-1,1.77700000000000000e3,8.85437966614294525e-1,1.00345263897020143e0,9.86890927015627861e-1,8.69043436335069863e-1,1.26917953649218607e0,8.09820463507814003e-1,1.06601093944155045e0,1.22774066771410895e0,1.07232818324651213e0
1,average,1.00000000000000006e-1,1.77700000000000000e3,9.44445302792247920e-1,9.44445302792247920e-1,9.27967181675348862e-1,9.27967181675348862e-1,1.03950000000000009e0,1.03950000000000009e0,1.06601093944155045e0,1.22774066771410895e0,1.07232818324651213e0
1,sum,1.00000000000000006e-1,1.77700000000000000e3,1.88889060558449584e0,1.88889060558449584e0,1.85593436335069772e0,1.85593436335069772e0,2.07900000000000018e0,2.07900000000000018e0,2.13202187888310091e0,2.45548133542821789e0,2.14465636649302427e0
1,positive,1.00000000000000006e-1,9.99990000000000000e4,9.96300046812658935e-1,8.59700081692679308e-1,8.46400081692679107e-1,9.74600065170564189e-1,7.91750078021098203e-1,1.23225012391586186e0,1.03350011014743282e0,1.14450021111591305e0,9.45500324934926972e-1
1,negative,1.00000000000000006e-1,9.99990000000000000e4,8.59700081692679308e-1,9.96300046812658935e-1,9.74600065170564189e-1,8.46400081692679107e-1,1.23225012391586186e0,7.91750078021098203e-1,1.03350011014743282e0,1.14450021111591305e0,9.45500324934926972e-1
1,average,1.00000000000000006e-1,9.99990000000000000e4,9.28000064252669121e-1,9.28000064252669121e-1,9.10500073431621648e-1,9.10500073431621648e-1,1.01200010096848003e0,1.01200010096848003e0,1.03350011014743282e0,1.14450021111591305e0,9.45500324934926972e-1
1,sum,1.00000000000000006e-1,9.99990000000000000e4,1.85600012850533824e0,1.85600012850533824e0,1.82100014686324330e0,1.82100014686324330e0,2.02400020193696006e0,2.02400020193696006e0,2.06700022029486563e0,2.28900042223182609e0,1.89100064986985394e0
1,positive,2.00000000000000011e-1,1.00000000000000000e0,6.42449999999999966e-1,4.27550000000000041e-1,4.10999999999999976e-1,6.13999999999999990e-1,3.40350000000000041e-1,9.11649999999999960e-1,5.28500000000000077e-18,-1.73049999999999996e-18,5.56899999999999951e-1
1,negative,2.00000000000000011e-1,1.00000000000000000e0,4.27550000000000041e-1,6.42449999999999966e-1,6.13999999999999990e-1,4.10999999999999976e-1,9.11649999999999960e-1,3.40350000000000041e-1,5.28500000000000077e-18,-1.73049999999999996e-18,5.56899999999999951e-1
1,average,2.00000000000000011e-1,1.00000000000000000e0,5.35000000000000031e-1,5.35000000000000031e-1,5.12499999999999956e-1,5.12499999999999956e-1,6.26000000000000001e-1,6.26000000000000001e-1,5.28500000000000077e-18,-1.73049999999999996e-18,5.56899999999999951e-1
1,sum,2.00000000000000011e-1,1.00000000000000000e0,1.07000000000000006e0,1.07000000000000006e0,1.02499999999999991e0,1.02499999999999991e0,1.25200000000000000e0,1.25200000000000000e0,1.05700000000000015e-17,-3.46099999999999992e-18,1.11379999999999990e0
1,positive,2.00000000000000011e-1,1.25000000000000000e0,6.69550000000000090e-1,4.46450000000000069e-1,4.30749999999999966e-1,6.38249999999999984e-1,3.61849999999999949e-1,9.27149999999999919e-1,-1.60550000000000005e-18,-2.45749999999999983e-18,6.12400000000000055e-1
1,negative,2.00000000000000011e-1,1.25000000000000000e0,4.46450000000000069e-1,6.69550000000000090e-1,6.38249999999999984e-1,4.30749999999999966e-1,9.27149999999999919e-1,3.61849999999999949e-1,-1.60550000000000005e-18,-2.45749999999999983e-18,6.12400000000000055e-1
1,average,2.00000000000000011e-1,1.25000000000000000e0,5.58000000000000052e-1,5.58000000000000052e-1,5.34499999999999975e-1,5.34499999999999975e-1,6.44499999999999962e-1,6.44499999999999962e-1,-1.60550000000000005e-18,-2.45749999999999983e-18,6.12400000000000055e-1
1,sum,2.00000000000000011e-1,1.25000000000000000e0,1.11600000000000010e0,1.11600000000000010e0,1.06899999999999995e0,1.06899999999999995e0,1.28899999999999992e0,1.28899999999999992e0,-3.21100000000000009e-18,-4.91499999999999965e-18,1.22480000000000011e0
1,positive,2.00000000000000011e-1,1.00000000000000000e1,7.42049999999999987e-1,4.92950000000000110e-1,4.84149999999999969e-1,6.99849999999999972e-1,4.27400000000000058e-1,9.38600000000000101e-1,7.15500000000000136e-1,-4.24700000000000059e-18,7.09400000000000031e-1
1,negative,2.00000000000000011e-1,1.00000000000000000e1,4.92950000000000110e-1,7.42049999999999987e-1,6.99849999999999972e-1,4.84149999999999969e-1,9.38600000000000101e-1,4.27400000000000058e-1,7.15500000000000136e-1,-4.24700000000000059e-18,7.09400000000000031e-1
1,average,2.00000000000000011e-1,1.00000000000000000e1,6.17500000000000049e-1,6.17500000000000049e-1,5.91999999999999971e-1,5.91999999999999971e-1,6.83000000000000052e-1,6.83000000000000052e-1,7.15500000000000136e-1,-4.24700000000000059e-18,7.09400000000000031e-1
1,sum,2.00000000000000011e-1,1.00000000000000000e1,1.23500000000000010e0,1.23500000000000010e0,1.18399999999999994e0,1.18399999999999994e0,1.36600000000000010e0,1.36600000000000010e0,1.43100000000000027e0,-8.49400000000000118e-18,1.41880000000000006e0
1,positive,2.00000000000000011e-1,1.00000000000000000e2,7.16599999999999904e-1,4.69399999999999873e-1,4.63549999999999907e-1,6.70449999999999990e-1,4.14850000000000052e-1,8.79149999999999987e-1,6.73000000000000154e-1,6.11000000000000099e-1,6.09899999999999998e-1
1,negative,2.00000000000000011e-1,1.00000000000000000e2,4.69399999999999873e-1,7.16599999999999904e-1,6.70449999999999990e-1,4.63549999999999907e-1,8.79149999999999987e-1,4.14850000000000052e-1,6.73000000000000154e-1,6.11000000000000099e-1,6.09899999999999998e-1
1,average,2.00000000000000011e-1,1.00000000000000000e2,5.92999999999999861e-1,5.92999999999999861e-1,5.66999999999999948e-1,5.66999999999999948e-1,6.47000000000000020e-1,6.47000000000000020e-1,6.73000000000000154e-1,6.11000000000000099e-1,6.09899999999999998e-1
1,sum,2.00000000000000011e-1,1.00000000000000000e2,1.18599999999999972e0,1.18599999999999972e0,1.13399999999999990e0,1.13399999999999990e0,1.29400000000000004e0,1.29400000000000004e0,1.34600000000000031e0,1.22200000000000020e0,1.21980000000000000e0
1,positive,2.00000000000000011e-1,1.00000000000000000e5,5.90550000000000019e-1,3.70250000000000024e-1,3.69099999999999873e-1,5.45299999999999896e-1,3.33099999999999952e-1,7.05899999999999972e-1,5.32000000000000139e-1,4.54850000000000032e-1,3.58700000000000019e-1
1,negative,2.00000000000000011e-1,1.00000000000000000e5,3.70250000000000024e-1,5.90550000000000019e-1,5.45299999999999896e-1,3.69099999999999873e-1,7.05899999999999972e-1,3.33099999999999952e-1,5.32000000000000139e-1,4.54850000000000032e-1,3.58700000000000019e-1
1,average,2.00000000000000011e-1,1.00000000000000000e5,4.80400000000000049e-1,4.80400000000000049e-1,4.57199999999999884e-1,4.57199999999999884e-1,5.19499999999999962e-1,5.19499999999999962e-1,5.32000000000000139e-1,4.54850000000000032e-1,3.58700000000000019e-1
1,sum,2.00000000000000011e-1,1.00000000000000000e5,9.60800000000000098e-1,9.60800000000000098e-1,9.14399999999999769e-1,9.14399999999999769e-1,1.03899999999999992e0,1.03899999999999992e0,1.06400000000000028e0,9.09700000000000064e-1,7.17400000000000038e-1
1,positive,2.00000000000000011e-1,1.10000000000000009e0,6.54025086340094153e-1,4.35622661691062008e-1,4.19435717904681149e-1,6.24357780212076885e-1,3.49533186579779498e-1,9.18270436836585269e-1,2.34189548241997484e-18,-2.04101984388370658e-18,5.80605435124546987e-1
1,negative,2.00000000000000011e-1,1.10000000000000009e0,4.35622661691062008e-1,6.54025086340094153e-1,6.24357780212076885e-1,4.19435717904681149e-1,9.18270436836585269e-1,3.49533186579779498e-1,2.34189548241997484e-18,-2.04101984388370658e-18,5.80605435124546987e-1
1,average,2.00000000000000011e-1,1.10000000000000009e0,5.44823874015578080e-1,5.44823874015578080e-1,5.21896749058379017e-1,5.21896749058379017e-1,6.33901811708182383e-1,6.33901811708182383e-1,2.34189548241997484e-18,-2.04101984388370658e-18,5.80605435124546987e-1
1,sum,2.00000000000000011e-1,1.10000000000000009e0,1.08964774803115616e0,1.08964774803115616e0,1.04379349811675803e0,1.04379349811675803e0,1.26780362341636477e0,1.26780362341636477e0,4.68379096483994968e-18,-4.08203968776741316e-18,1.16121087024909397e0
1,positive,2.00000000000000011e-1,3.70000000000000000e1,7.31653777450974596e-1,4.82170840281324564e-1,4.75671791074164740e-1,6.86986952318834554e-1,4.23706154433074689e-1,9.06781960656424024e-1,6.93992869053699502e-1,6.39739303580549312e-1,6.56999948559228608e-1
1,negative,2.00000000000000011e-1,3.70000000000000000e1,4.82170840281324564e-1,7.31653777450974596e-1,6.86986952318834554e-1,4.75671791074164740e-1,9.06781960656424024e-1,4.23706154433074689e-1,6.93992869053699502e-1,6.39739303580549312e-1,6.56999948559228608e-1
1,average,2.00000000000000011e-1,3.70000000000000000e1,6.06912308866149552e-1,6.06912308866149552e-1,5.81329371696499675e-1,5.81329371696499675e-1,6.65244057544749356e-1,6.65244057544749356e-1,6.93992869053699502e-1,6.39739303580549312e-1,6.56999948559228608e-1
1,sum,2.00000000000000011e-1,3.70000000000000000e1,1.21382461773229910e0,1.21382461773229910e0,1.16265874339299935e0,1.16265874339299935e0,1.33048811508949871e0,1.33048811508949871e0,1.38798573810739900e0,1.27947860716109862e0,1.31399989711845722e0
1,positive,2.00000000000000011e-1,1.77700000000000000e3,6.62093949546573857e-1,4.25343628115442074e-1,4.21989252338821896e-1,6.15448325323194045e-1,3.80012997679101017e-1,7.99490216632217643e-1,6.08784425480310531e-1,5.35806304363411368e-1,4.83709777976248756e-1
1,negative,2.00000000000000011e-1,1.77700000000000000e3,4.25343628115442074e-1,6.62093949546573857e-1,6.15448325323194045e-1,4.21989252338821896e-1,7.99490216632217643e-1,3.80012997679101017e-1,6.08784425480310531e-1,5.35806304363411368e-1,4.83709777976248756e-1
1,average,2.00000000000000011e-1,1.77700000000000000e3,5.43718788831007993e-1,5.43718788831007993e-1,5.18718788831007971e-1,5.18718788831007971e-1,5.89751607155659330e-1,5.89751607155659330e-1,6.08784425480310531e-1,5.35806304363411368e-1,4.83709777976248756e-1
1,sum,2.00000000000000011e-1,1.77700000000000000e3,1.08743757766201599e0,1.08743757766201599e0,1.03743757766201594e0,1.03743757766201594e0,1.17950321431131866e0,1.17950321431131866e0,1.21756885096062106e0,1.07161260872682274e0,9.67419555952497512e-1
1,positive,2.00000000000000011e-1,9.99990000000000000e4,5.90550162467463502e-1,3.70250122080071464e-1,3.69100120244280849e-1,5.45300158795882339e-1,3.33100104640061234e-1,7.05900207444331906e-1,5.32000174400102277e-1,4.54850174400102114e-1,3.58700253339095609e-1
1,negative,2.00000000000000011e-1,9.99990000000000000e4,3.70250122080071464e-1,5.90550162467463502e-1,5.45300158795882339e-1,3.69100120244280849e-1,7.05900207444331906e-1,3.33100104640061234e-1,5.32000174400102277e-1,4.54850174400102114e-1,3.58700253339095609e-1
1,average,2.00000000000000011e-1,9.99990000000000000e4,4.80400142273767483e-1,4.80400142273767483e-1,4.57200139520081594e-1,4.57200139520081594e-1,5.19500156042196570e-1,5.19500156042196570e-1,5.32000174400102277e-1,4.54850174400102114e-1,3.58700253339095609e-1
1,sum,2.00000000000000011e-1,9.99990000000000000e4,9.60800284547534966e-1,9.60800284547534966e-1,9.14400279040163189e-1,9.14400279040163189e-1,1.03900031208439314e0,1.03900031208439314e0,1.06400034880020455e0,9.09700348800204228e-1,7.17400506678191219e-1
1,positive,2.25000000000000006e-1,1.00000000000000000e0,6.54000000000000026e-1,3.86000000000000010e-1,3.72799999999999909e-1,6.13499999999999934e-1,3.06499999999999995e-1,8.83499999999999952e-1,4.54750000000000065e-18,-9.65999999999999906e-19,5.79500000000000015e-1
1,negative,2.25000000000000006e-1,1.00000000000000000e0,3.86000000000000010e-1,6.54000000000000026e-1,6.13499999999999934e-1,3.72799999999999909e-1,8.83499999999999952e-1,3.06499999999999995e-1,4.54750000000000065e-18,-9.65999999999999906e-19,5.79500000000000015e-1
1,average,2.25000000000000006e-1,1.00000000000000000e0,5.20000000000000018e-1,5.20000000000000018e-1,4.93149999999999922e-1,4.93149999999999922e-1,5.94999999999999973e-1,5.94999999999999973e-1,4.54750000000000065e-18,-9.65999999999999906e-19,5.79500000000000015e-1
1,sum,2.25000000000000006e-1,1.00000000000000000e0,1.04000000000000004e0,1.04000000000000004e0,9.86299999999999844e-1,9.86299999999999844e-1,1.18999999999999995e0,1.18999999999999995e0,9.09500000000000129e-18,-1.93199999999999981e-18,1.15900000000000003e0
1,positive,2.25000000000000006e-1,1.25000000000000000e0,6.73150000000000026e-1,4.00850000000000040e-1,3.88599999999999945e-1,6.30399999999999960e-1,3.24399999999999966e-1,8.92599999999999838e-1,-9.31999999999999933e-19,-2.01000000000000009e-18,6.19999999999999996e-1
1,negative,2.25000000000000006e-1,1.25000000000000000e0,4.00850000000000040e-1,6.73150000000000026e-1,6.30399999999999960e-1,3.88599999999999945e-1,8.92599999999999838e-1,3.24399999999999966e-1,-9.31999999999999933e-19,-2.01000000000000009e-18,6.19999999999999996e-1
1,average,2.25000000000000006e-1,1.25000000000000000e0,5.37000000000000033e-1,5.37000000000000033e-1,5.09499999999999953e-1,5.09499999999999953e-1,6.08499999999999930e-1,6.08499999999999930e-1,-9.31999999999999933e-19,-2.01000000000000009e-18,6.19999999999999996e-1
1,sum,2.25000000000000006e-1,1.25000000000000000e0,1.07400000000000007e0,1.07400000000000007e0,1.01899999999999991e0,1.01899999999999991e0,1.21699999999999986e0,1.21699999999999986e0,-1.86399999999999987e-18,-4.02000000000000018e-18,1.23999999999999999e0
1,positive,2.25000000000000006e-1,1.00000000000000000e1,7.02649999999999775e-1,4.27349999999999841e-1,4.21450000000000047e-1,6.52550000000000074e-1,3.69500000000000051e-1,8.69500000000000051e-1,6.54500000000000082e-1,-3.85499999999999990e-18,6.43800000000000039e-1
1,negative,2.25000000000000006e-1,1.00000000000000000e1,4.27349999999999841e-1,7.02649999999999775e-1,6.52550000000000074e-1,4.21450000000000047e-1,8.69500000000000051e-1,3.69500000000000051e-1,6.54500000000000082e-1,-3.85499999999999990e-18,6.43800000000000039e-1
1,average,2.25000000000000006e-1,1.00000000000000000e1,5.64999999999999836e-1,5.64999999999999836e-1,5.37000000000000033e-1,5.37000000000000033e-1,6.19500000000000051e-1,6.19500000000000051e-1,6.54500000000000082e-1,-3.85499999999999990e-18,6.43800000000000039e-1
1,sum,2.25000000000000006e-1,1.00000000000000000e1,1.12999999999999967e0,1.12999999999999967e0,1.07400000000000007e0,1.07400000000000007e0,1.23900000000000010e0,1.23900000000000010e0,1.30900000000000016e0,-7.70999999999999980e-18,1.28760000000000008e0
1,positive,2.25000000000000006e-1,1.00000000000000000e2,6.58349999999999991e-1,3.97650000000000059e-1,3.94650000000000001e-1,6.07350000000000056e-1,3.50400000000000045e-1,7.96599999999999975e-1,5.98999999999999977e-1,5.08000000000000007e-1,5.27299999999999991e-1
1,negative,2.25000000000000006e-1,1.00000000000000000e2,3.97650000000000059e-1,6.58349999999999991e-1,6.07350000000000056e-1,3.94650000000000001e-1,7.96599999999999975e-1,3.50400000000000045e-1,5.98999999999999977e-1,5.08000000000000007e-1,5.27299999999999991e-1
1,average,2.25000000000000006e-1,1.00000000000000000e2,5.28000000000000025e-1,5.28000000000000025e-1,5.01000000000000001e-1,5.01000000000000001e-1,5.73500000000000010e-1,5.73500000000000010e-1,5.98999999999999977e-1,5.08000000000000007e-1,5.27299999999999991e-1
1,sum,2.25000000000000006e-1,1.00000000000000000e2,1.05600000000000005e0,1.05600000000000005e0,1.00200000000000000e0,1.00200000000000000e0,1.14700000000000002e0,1.14700000000000002e0,1.19799999999999995e0,1.01600000000000001e0,1.05459999999999998e0
1,positive,2.25000000000000006e-1,1.00000000000000000e5,5.21000000000000019e-1,3.02599999999999980e-1,3.03499999999999992e-1,4.74199999999999955e-1,2.71549999999999958e-1,6.19049999999999989e-1,4.53950000000000076e-1,3.64900000000000058e-1,2.89700000000000013e-1
1,negative,2.25000000000000006e-1,1.00000000000000000e5,3.02599999999999980e-1,5.21000000000000019e-1,4.74199999999999955e-1,3.03499999999999992e-1,6.19049999999999989e-1,2.71549999999999958e-1,4.53950000000000076e-1,3.64900000000000058e-1,2.89700000000000013e-1
1,average,2.25000000000000006e-1,1.00000000000000000e5,4.11799999999999999e-1,4.11799999999999999e-1,3.88849999999999973e-1,3.88849999999999973e-1,4.45299999999999974e-1,4.45299999999999974e-1,4.53950000000000076e-1,3.64900000000000058e-1,2.89700000000000013e-1
1,sum,2.25000000000000006e-1,1.00000000000000000e5,8.23599999999999999e-1,8.23599999999999999e-1,7.77699999999999947e-1,7.77699999999999947e-1,8.90599999999999947e-1,8.90599999999999947e-1,9.07900000000000151e-1,7.29800000000000115e-1,5.79400000000000026e-1
1,positive,2.25000000000000006e-1,1.10000000000000009e0,6.62179442930361795e-1,3.92342805614405876e-1,3.79548574323744892e-1,6.20718411776663870e-1,3.14145536733863029e-1,8.87386837110511362e-1,2.20706879702782830e-18,-1.41191845531580371e-18,5.96798560766561237e-1
1,negative,2.25000000000000006e-1,1.10000000000000009e0,3.92342805614405876e-1,6.62179442930361795e-1,6.20718411776663870e-1,3.79548574323744892e-1,8.87386837110511362e-1,3.14145536733863029e-1,2.20706879702782830e-18,-1.41191845531580371e-18,5.96798560766561237e-1
1,average,2.25000000000000006e-1,1.10000000000000009e0,5.27261124272383808e-1,5.27261124272383808e-1,5.00133493050204381e-1,5.00133493050204381e-1,6.00766186922187195e-1,6.00766186922187195e-1,2.20706879702782830e-18,-1.41191845531580371e-18,5.96798560766561237e-1
1,sum,2.25000000000000006e-1,1.10000000000000009e0,1.05452224854476762e0,1.05452224854476762e0,1.00026698610040876e0,1.00026698610040876e0,1.20153237384437439e0,1.20153237384437439e0,4.41413759405565660e-18,-2.82383691063160742e-18,1.19359712153312247e0
1,positive,2.25000000000000006e-1,3.70000000000000000e1,6.79492869053699433e-1,4.11995246035799623e-1,4.07937190017044649e-1,6.28550925072454469e-1,3.60871791074164727e-1,8.28279821372533975e-1,6.23907554901949268e-1,5.35822240750199241e-1,5.78230746444988508e-1
1,negative,2.25000000000000006e-1,3.70000000000000000e1,4.11995246035799623e-1,6.79492869053699433e-1,6.28550925072454469e-1,4.07937190017044649e-1,8.28279821372533975e-1,3.60871791074164727e-1,6.23907554901949268e-1,5.35822240750199241e-1,5.78230746444988508e-1
1,average,2.25000000000000006e-1,3.70000000000000000e1,5.45744057544749528e-1,5.45744057544749528e-1,5.18244057544749559e-1,5.18244057544749559e-1,5.94575806223349379e-1,5.94575806223349379e-1,6.23907554901949268e-1,5.35822240750199241e-1,5.78230746444988508e-1
1,sum,2.25000000000000006e-1,3.70000000000000000e1,1.09148811508949906e0,1.09148811508949906e0,1.03648811508949912e0,1.03648811508949912e0,1.18915161244669876e0,1.18915161244669876e0,1.24781510980389854e0,1.07164448150039848e0,1.15646149288997702e0
1,positive,2.25000000000000006e-1,1.77700000000000000e3,5.95121298150449896e-1,3.53638158394666835e-1,3.52831594729736686e-1,5.45612546597209591e-1,3.15304246125860554e-1,7.12198968185457693e-1,5.30284425480310517e-1,4.37433331536155434e-1,4.03481335428217680e-1
1,negative,2.25000000000000006e-1,1.77700000000000000e3,3.53638158394666835e-1,5.95121298150449896e-1,5.45612546597209591e-1,3.52831594729736686e-1,7.12198968185457693e-1,3.15304246125860554e-1,5.30284425480310517e-1,4.37433331536155434e-1,4.03481335428217680e-1
1,average,2.25000000000000006e-1,1.77700000000000000e3,4.74379728272558365e-1,4.74379728272558365e-1,4.49222070663473139e-1,4.49222070663473139e-1,5.13751607155659151e-1,5.13751607155659151e-1,5.30284425480310517e-1,4.37433331536155434e-1,4.03481335428217680e-1
1,sum,2.25000000000000006e-1,1.77700000000000000e3,9.48759456545116731e-1,9.48759456545116731e-1,8.98444141326946277e-1,8.98444141326946277e-1,1.02750321431131830e0,1.02750321431131830e0,1.06056885096062103e0,8.74866663072310868e-1,8.06962670856435360e-1
1,positive,2.25000000000000006e-1,9.99990000000000000e4,5.21000164303254021e-1,3.02600112901118712e-1,3.03500109229537574e-1,4.74200156960091823e-1,2.71550096379003791e-1,6.19050201019065049e-1,4.53950165221149393e-1,3.64900153288510776e-1,2.89700223966446846e-1
1,negative,2.25000000000000006e-1,9.99990000000000000e4,3.02600112901118712e-1,5.21000164303254021e-1,4.74200156960091823e-1,3.03500109229537574e-1,6.19050201019065049e-1,2.71550096379003791e-1,4.53950165221149393e-1,3.64900153288510776e-1,2.89700223966446846e-1
1,average,2.25000000000000006e-1,9.99990000000000000e4,4.11800138602186339e-1,4.11800138602186339e-1,3.88850133094814698e-1,3.88850133094814698e-1,4.45300148699034448e-1,4.45300148699034448e-1,4.53950165221149393e-1,3.64900153288510776e-1,2.89700223966446846e-1
1,sum,2.25000000000000006e-1,9.99990000000000000e4,8.23600277204372677e-1,8.23600277204372677e-1,7.77700266189629397e-1,7.77700266189629397e-1,8.90600297398068896e-1,8.90600297398068896e-1,9.07900330442298786e-1,7.29800306577021551e-1,5.79400447932893692e-1
1,positive,3.49999999999999978e-1,1.00000000000000000e0,5.55449999999999999e-1,2.08850000000000036e-1,2.09950000000000053e-1,4.83750000000000013e-1,1.63399999999999990e-1,6.84400000000000008e-1,2.55550000000000000e-18,1.19500000000000000e-18,5.18499999999999850e-1
1,negative,3.49999999999999978e-1,1.00000000000000000e0,2.08850000000000036e-1,5.55449999999999999e-1,4.83750000000000013e-1,2.09950000000000053e-1,6.84400000000000008e-1,1.63399999999999990e-1,2.55550000000000000e-18,1.19500000000000000e-18,5.18499999999999850e-1
1,average,3.49999999999999978e-1,1.00000000000000000e0,3.82149999999999990e-1,3.82149999999999990e-1,3.46850000000000047e-1,3.46850000000000047e-1,4.23899999999999999e-1,4.23899999999999999e-1,2.55550000000000000e-18,1.19500000000000000e-18,5.18499999999999850e-1
1,sum,3.49999999999999978e-1,1.00000000000000000e0,7.64299999999999979e-1,7.64299999999999979e-1,6.93700000000000094e-1,6.93700000000000094e-1,8.47799999999999998e-1,8.47799999999999998e-1,5.11100000000000000e-18,2.38999999999999999e-18,1.03699999999999970e0
1,positive,3.49999999999999978e-1,1.25000000000000000e0,5.49849999999999950e-1,2.14150000000000007e-1,2.15899999999999981e-1,4.79199999999999959e-1,1.71299999999999952e-1,6.74900000000000055e-1,8.69500000000000073e-19,-1.28599999999999994e-18,5.12099999999999889e-1
1,negative,3.49999999999999978e-1,1.25000000000000000e0,2.14150000000000007e-1,5.49849999999999950e-1,4.79199999999999959e-1,2.15899999999999981e-1,6.74900000000000055e-1,1.71299999999999952e-1,8.69500000000000073e-19,-1.28599999999999994e-18,5.12099999999999889e-1
1,average,3.49999999999999978e-1,1.25000000000000000e0,3.82000000000000006e-1,3.82000000000000006e-1,3.47549999999999970e-1,3.47549999999999970e-1,4.23100000000000032e-1,4.23100000000000032e-1,8.69500000000000073e-19,-1.28599999999999994e-18,5.12099999999999889e-1
1,sum,3.49999999999999978e-1,1.25000000000000000e0,7.64000000000000012e-1,7.64000000000000012e-1,6.95099999999999940e-1,6.95099999999999940e-1,8.46200000000000063e-1,8.46200000000000063e-1,1.73900000000000015e-18,-2.57199999999999987e-18,1.02419999999999978e0
1,positive,3.49999999999999978e-1,1.00000000000000000e1,4.72099999999999909e-1,2.04799999999999927e-1,2.09050000000000014e-1,4.10550000000000026e-1,1.75900000000000001e-1,5.71600000000000108e-1,3.81699999999999984e-1,-2.65899999999999987e-18,3.75999999999999945e-1
1,negative,3.49999999999999978e-1,1.00000000000000000e1,2.04799999999999927e-1,4.72099999999999909e-1,4.10550000000000026e-1,2.09050000000000014e-1,5.71600000000000108e-1,1.75900000000000001e-1,3.81699999999999984e-1,-2.65899999999999987e-18,3.75999999999999945e-1
1,average,3.49999999999999978e-1,1.00000000000000000e1,3.38449999999999918e-1,3.38449999999999918e-1,3.09800000000000020e-1,3.09800000000000020e-1,3.73750000000000027e-1,3.73750000000000027e-1,3.81699999999999984e-1,-2.65899999999999987e-18,3.75999999999999945e-1
1,sum,3.49999999999999978e-1,1.00000000000000000e1,6.76899999999999835e-1,6.76899999999999835e-1,6.19600000000000040e-1,6.19600000000000040e-1,7.47500000000000053e-1,7.47500000000000053e-1,7.63399999999999967e-1,-5.31799999999999974e-18,7.51999999999999891e-1
1,positive,3.49999999999999978e-1,1.00000000000000000e2,4.00100000000000011e-1,1.75899999999999973e-1,1.80899999999999977e-1,3.45700000000000007e-1,1.54450000000000004e-1,4.82450000000000045e-1,3.11549999999999994e-1,1.95500000000000035e-1,2.59099999999999941e-1
1,negative,3.49999999999999978e-1,1.00000000000000000e2,1.75899999999999973e-1,4.00100000000000011e-1,3.45700000000000007e-1,1.80899999999999977e-1,4.82450000000000045e-1,1.54450000000000004e-1,3.11549999999999994e-1,1.95500000000000035e-1,2.59099999999999941e-1
1,average,3.49999999999999978e-1,1.00000000000000000e2,2.87999999999999978e-1,2.87999999999999978e-1,2.63299999999999979e-1,2.63299999999999979e-1,3.18450000000000011e-1,3.18450000000000011e-1,3.11549999999999994e-1,1.95500000000000035e-1,2.59099999999999941e-1
1,sum,3.49999999999999978e-1,1.00000000000000000e2,5.75999999999999956e-1,5.75999999999999956e-1,5.26599999999999957e-1,5.26599999999999957e-1,6.36900000000000022e-1,6.36900000000000022e-1,6.23099999999999987e-1,3.91000000000000070e-1,5.18199999999999883e-1
1,positive,3.49999999999999978e-1,1.00000000000000000e5,2.74449999999999972e-1,1.16850000000000009e-1,1.22049999999999992e-1,2.33449999999999991e-1,1.04999999999999996e-1,3.29699999999999993e-1,1.97000000000000036e-1,1.21950000000000003e-1,1.08099999999999988e-1
1,negative,3.49999999999999978e-1,1.00000000000000000e5,1.16850000000000009e-1,2.74449999999999972e-1,2.33449999999999991e-1,1.22049999999999992e-1,3.29699999999999993e-1,1.04999999999999996e-1,1.97000000000000036e-1,1.21950000000000003e-1,1.08099999999999988e-1
1,average,3.49999999999999978e-1,1.00000000000000000e5,1.95649999999999991e-1,1.95649999999999991e-1,1.77749999999999991e-1,1.77749999999999991e-1,2.17349999999999988e-1,2.17349999999999988e-1,1.97000000000000036e-1,1.21950000000000003e-1,1.08099999999999988e-1
1,sum,3.49999999999999978e-1,1.00000000000000000e5,3.91299999999999981e-1,3.91299999999999981e-1,3.55499999999999983e-1,3.55499999999999983e-1,4.34699999999999975e-1,4.34699999999999975e-1,3.94000000000000072e-1,2.43900000000000006e-1,2.16199999999999976e-1
1,positive,3.49999999999999978e-1,1.10000000000000009e0,5.53058100239685380e-1,2.11113762273154926e-1,2.12491393495334302e-1,4.81806581444744308e-1,1.66774287161872536e-1,6.80342312906609070e-1,1.83536732216240877e-18,1.35302981189167252e-19,5.15766400273926062e-1
1,negative,3.49999999999999978e-1,1.10000000000000009e0,2.11113762273154926e-1,5.53058100239685380e-1,4.81806581444744308e-1,2.12491393495334302e-1,6.80342312906609070e-1,1.66774287161872536e-1,1.83536732216240877e-18,1.35302981189167252e-19,5.15766400273926062e-1
1,average,3.49999999999999978e-1,1.10000000000000009e0,3.82085931256420153e-1,3.82085931256420153e-1,3.47148987470039305e-1,3.47148987470039305e-1,4.23558300034240776e-1,4.23558300034240776e-1,1.83536732216240877e-18,1.35302981189167252e-19,5.15766400273926062e-1
1,sum,3.49999999999999978e-1,1.10000000000000009e0,7.64171862512840305e-1,7.64171862512840305e-1,6.94297974940078610e-1,6.94297974940078610e-1,8.47116600068481551e-1,8.47116600068481551e-1,3.67073464432481755e-18,2.70605962378334504e-19,1.03153280054785212e0
1,positive,3.49999999999999978e-1,3.70000000000000000e1,4.28571765353779166e-1,1.88045246035799640e-1,1.92845483734009615e-1,3.71372953844829212e-1,1.63896434526849738e-1,5.17452325541328917e-1,3.38797121901094178e-1,2.12809694185839532e-1,3.03147809275338631e-1
1,negative,3.49999999999999978e-1,3.70000000000000000e1,1.88045246035799640e-1,4.28571765353779166e-1,3.71372953844829212e-1,1.92845483734009615e-1,5.17452325541328917e-1,1.63896434526849738e-1,3.38797121901094178e-1,2.12809694185839532e-1,3.03147809275338631e-1
1,average,3.49999999999999978e-1,3.70000000000000000e1,3.08308505694789403e-1,3.08308505694789403e-1,2.82109218789419414e-1,2.82109218789419414e-1,3.40674380034089341e-1,3.40674380034089341e-1,3.38797121901094178e-1,2.12809694185839532e-1,3.03147809275338631e-1
1,sum,3.49999999999999978e-1,3.70000000000000000e1,6.16617011389578806e-1,6.16617011389578806e-1,5.64218437578838827e-1,5.64218437578838827e-1,6.81348760068178683e-1,6.81348760068178683e-1,6.77594243802188356e-1,4.25619388371679064e-1,6.06295618550677262e-1
1,positive,3.49999999999999978e-1,1.77700000000000000e3,3.35499419267349219e-1,1.46068145968744345e-1,1.51319239912899361e-1,2.87822070663473151e-1,1.29948454973953631e-1,4.03654116475101243e-1,2.51427540384248360e-1,1.56947682460930438e-1,1.72404116475101205e-1
1,negative,3.49999999999999978e-1,1.77700000000000000e3,1.46068145968744345e-1,3.35499419267349219e-1,2.87822070663473151e-1,1.51319239912899361e-1,4.03654116475101243e-1,1.29948454973953631e-1,2.51427540384248360e-1,1.56947682460930438e-1,1.72404116475101205e-1
1,average,3.49999999999999978e-1,1.77700000000000000e3,2.40783782618046782e-1,2.40783782618046782e-1,2.19570655288186256e-1,2.19570655288186256e-1,2.66801285724527437e-1,2.66801285724527437e-1,2.51427540384248360e-1,1.56947682460930438e-1,1.72404116475101205e-1
1,sum,3.49999999999999978e-1,1.77700000000000000e3,4.81567565236093564e-1,4.81567565236093564e-1,4.39141310576372512e-1,4.39141310576372512e-1,5.33602571449054874e-1,5.33602571449054874e-1,5.02855080768496721e-1,3.13895364921860875e-1,3.44808232950202409e-1
1,positive,3.49999999999999978e-1,9.99990000000000000e4,2.74450126669547823e-1,1.16850060581088072e-1,1.22050061498983370e-1,2.33450111065328175e-1,1.05000052320030596e-1,3.29700151452720136e-1,1.97000110147432933e-1,1.21950070677936104e-1,1.08100117490595088e-1
1,negative,3.49999999999999978e-1,9.99990000000000000e4,1.16850060581088072e-1,2.74450126669547823e-1,2.33450111065328175e-1,1.22050061498983370e-1,3.29700151452720136e-1,1.05000052320030596e-1,1.97000110147432933e-1,1.21950070677936104e-1,1.08100117490595088e-1
1,average,3.49999999999999978e-1,9.99990000000000000e4,1.95650093625317933e-1,1.95650093625317933e-1,1.77750086282155773e-1,1.77750086282155773e-1,2.17350101886375380e-1,2.17350101886375380e-1,1.97000110147432933e-1,1.21950070677936104e-1,1.08100117490595088e-1
1,sum,3.49999999999999978e-1,9.99990000000000000e4,3.91300187250635867e-1,3.91300187250635867e-1,3.55500172564311545e-1,3.55500172564311545e-1,4.34700203772750760e-1,4.34700203772750760e-1,3.94000220294865866e-1,2.43900141355872208e-1,2.16200234981190176e-1
1,positive,5.00000000000000000e-1,1.00000000000000000e0,3.52650000000000019e-1,1.02250000000000008e-1,1.09599999999999961e-1,2.85299999999999943e-1,8.03999999999999992e-2,4.65099999999999958e-1,1.90450000000000015e-18,2.40950000000000016e-18,3.42399999999999982e-1
1,negative,5.00000000000000000e-1,1.00000000000000000e0,1.02250000000000008e-1,3.52650000000000019e-1,2.85299999999999943e-1,1.09599999999999961e-1,4.65099999999999958e-1,8.03999999999999992e-2,1.90450000000000015e-18,2.40950000000000016e-18,3.42399999999999982e-1
1,average,5.00000000000000000e-1,1.00000000000000000e0,2.27450000000000013e-1,2.27450000000000013e-1,1.97449999999999959e-1,1.97449999999999959e-1,2.72749999999999992e-1,2.72749999999999992e-1,1.90450000000000015e-18,2.40950000000000016e-18,3.42399999999999982e-1
1,sum,5.00000000000000000e-1,1.00000000000000000e0,4.54900000000000027e-1,4.54900000000000027e-1,3.94899999999999918e-1,3.94899999999999918e-1,5.45499999999999985e-1,5.45499999999999985e-1,3.80900000000000030e-18,4.81900000000000032e-18,6.84799999999999964e-1
1,positive,5.00000000000000000e-1,1.25000000000000000e0,3.43049999999999966e-1,1.03249999999999981e-1,1.10600000000000004e-1,2.78000000000000025e-1,8.31999999999999962e-2,4.48900000000000021e-1,1.17800000000000001e-18,-2.19600000000000010e-18,3.28500000000000014e-1
1,negative,5.00000000000000000e-1,1.25000000000000000e0,1.03249999999999981e-1,3.43049999999999966e-1,2.78000000000000025e-1,1.10600000000000004e-1,4.48900000000000021e-1,8.31999999999999962e-2,1.17800000000000001e-18,-2.19600000000000010e-18,3.28500000000000014e-1
1,average,5.00000000000000000e-1,1.25000000000000000e0,2.23149999999999959e-1,2.23149999999999959e-1,1.94300000000000028e-1,1.94300000000000028e-1,2.66050000000000009e-1,2.66050000000000009e-1,1.17800000000000001e-18,-2.19600000000000010e-18,3.28500000000000014e-1
1,sum,5.00000000000000000e-1,1.25000000000000000e0,4.46299999999999919e-1,4.46299999999999919e-1,3.88600000000000056e-1,3.88600000000000056e-1,5.32100000000000017e-1,5.32100000000000017e-1,2.35600000000000002e-18,-4.39200000000000020e-18,6.57000000000000028e-1
1,positive,5.00000000000000000e-1,1.00000000000000000e1,2.65600000000000003e-1,8.70000000000000079e-2,9.43500000000000033e-2,2.14749999999999996e-1,7.63500000000000012e-2,3.34250000000000047e-1,1.55799999999999994e-1,-2.14399999999999992e-18,1.99300000000000005e-1
1,negative,5.00000000000000000e-1,1.00000000000000000e1,8.70000000000000079e-2,2.65600000000000003e-1,2.14749999999999996e-1,9.43500000000000033e-2,3.34250000000000047e-1,7.63500000000000012e-2,1.55799999999999994e-1,-2.14399999999999992e-18,1.99300000000000005e-1
1,average,5.00000000000000000e-1,1.00000000000000000e1,1.76300000000000012e-1,1.76300000000000012e-1,1.54549999999999993e-1,1.54549999999999993e-1,2.05300000000000038e-1,2.05300000000000038e-1,1.55799999999999994e-1,-2.14399999999999992e-18,1.99300000000000005e-1
1,sum,5.00000000000000000e-1,1.00000000000000000e1,3.52600000000000025e-1,3.52600000000000025e-1,3.09099999999999986e-1,3.09099999999999986e-1,4.10600000000000076e-1,4.10600000000000076e-1,3.11599999999999988e-1,-4.28799999999999983e-18,3.98600000000000010e-1
1,positive,5.00000000000000000e-1,1.00000000000000000e2,2.10749999999999993e-1,6.79499999999999965e-2,7.48799999999999744e-2,1.69020000000000004e-1,6.16500000000000103e-2,2.59750000000000036e-1,1.13549999999999984e-1,5.77500000000000027e-2,1.17299999999999988e-1
1,negative,5.00000000000000000e-1,1.00000000000000000e2,6.79499999999999965e-2,2.10749999999999993e-1,1.69020000000000004e-1,7.48799999999999744e-2,2.59750000000000036e-1,6.16500000000000103e-2,1.13549999999999984e-1,5.77500000000000027e-2,1.17299999999999988e-1
1,average,5.00000000000000000e-1,1.00000000000000000e2,1.39350000000000002e-1,1.39350000000000002e-1,1.21949999999999989e-1,1.21949999999999989e-1,1.60700000000000010e-1,1.60700000000000010e-1,1.13549999999999984e-1,5.77500000000000027e-2,1.17299999999999988e-1
1,sum,5.00000000000000000e-1,1.00000000000000000e2,2.78700000000000003e-1,2.78700000000000003e-1,2.43899999999999978e-1,2.43899999999999978e-1,3.21400000000000019e-1,3.21400000000000019e-1,2.27099999999999969e-1,1.15500000000000005e-1,2.34599999999999975e-1
1,positive,5.00000000000000000e-1,1.00000000000000000e5,1.29154999999999992e-1,3.80449999999999885e-2,4.36100000000000029e-2,1.01489999999999997e-1,3.62499999999999975e-2,1.54049999999999992e-1,5.89999999999999969e-2,3.10999999999999992e-2,3.54599999999999985e-2
1,negative,5.00000000000000000e-1,1.00000000000000000e5,3.80449999999999885e-2,1.29154999999999992e-1,1.01489999999999997e-1,4.36100000000000029e-2,1.54049999999999992e-1,3.62499999999999975e-2,5.89999999999999969e-2,3.10999999999999992e-2,3.54599999999999985e-2
1,average,5.00000000000000000e-1,1.00000000000000000e5,8.35999999999999938e-2,8.35999999999999938e-2,7.25500000000000034e-2,7.25500000000000034e-2,9.51499999999999985e-2,9.51499999999999985e-2,5.89999999999999969e-2,3.10999999999999992e-2,3.54599999999999985e-2
1,sum,5.00000000000000000e-1,1.00000000000000000e5,1.67199999999999988e-1,1.67199999999999988e-1,1.45100000000000007e-1,1.45100000000000007e-1,1.90299999999999997e-1,1.90299999999999997e-1,1.17999999999999994e-1,6.21999999999999983e-2,7.09199999999999969e-2
1,positive,5.00000000000000000e-1,1.10000000000000009e0,3.48549600410889171e-1,1.02677124957199051e-1,1.10027124957199032e-1,2.82181987812446966e-1,8.15959498801573091e-2,4.58180575693375447e-1,1.59419371859489340e-18,4.42376009619794275e-19,3.36462963094933232e-1
1,negative,5.00000000000000000e-1,1.10000000000000009e0,1.02677124957199051e-1,3.48549600410889171e-1,2.82181987812446966e-1,1.10027124957199032e-1,4.58180575693375447e-1,8.15959498801573091e-2,1.59419371859489340e-18,4.42376009619794275e-19,3.36462963094933232e-1
1,average,5.00000000000000000e-1,1.10000000000000009e0,2.25613362684044111e-1,2.25613362684044111e-1,1.96104556384822992e-1,1.96104556384822992e-1,2.69888262786766364e-1,2.69888262786766364e-1,1.59419371859489340e-18,4.42376009619794275e-19,3.36462963094933232e-1
1,sum,5.00000000000000000e-1,1.10000000000000009e0,4.51226725368088222e-1,4.51226725368088222e-1,3.92209112769645984e-1,3.92209112769645984e-1,5.39776525573532728e-1,5.39776525573532728e-1,3.18838743718978679e-18,8.84752019239588550e-19,6.72925926189866463e-1
1,positive,5.00000000000000000e-1,3.70000000000000000e1,2.31482911449264361e-1,7.53886162063047705e-2,8.25634973571997416e-2,1.86326043921559437e-1,6.75476230178998632e-2,2.87621527655569142e-1,1.29001638167084487e-1,6.46971476214797947e-2,1.46436926598449035e-1
1,negative,5.00000000000000000e-1,3.70000000000000000e1,7.53886162063047705e-2,2.31482911449264361e-1,1.86326043921559437e-1,8.25634973571997416e-2,2.87621527655569142e-1,6.75476230178998632e-2,1.29001638167084487e-1,6.46971476214797947e-2,1.46436926598449035e-1
1,average,5.00000000000000000e-1,3.70000000000000000e1,1.53435763827784566e-1,1.53435763827784566e-1,1.34444770639379596e-1,1.34444770639379596e-1,1.77584575336734496e-1,1.77584575336734496e-1,1.29001638167084487e-1,6.46971476214797947e-2,1.46436926598449035e-1
1,sum,5.00000000000000000e-1,3.70000000000000000e1,3.06871527655569132e-1,3.06871527655569132e-1,2.68889541278759192e-1,2.68889541278759192e-1,3.55169150673468992e-1,3.55169150673468992e-1,2.58003276334168974e-1,1.29394295242959589e-1,2.92873853196898071e-1
1,positive,5.00000000000000000e-1,1.77700000000000000e3,1.67012997679100994e-1,5.18101669285272182e-2,5.81815890559287743e-2,1.32713133003668410e-1,4.82003214311318567e-2,2.02460037277767735e-1,8.30583004713489753e-2,4.32183844747659682e-2,6.68440916232560522e-2
1,negative,5.00000000000000000e-1,1.77700000000000000e3,5.18101669285272182e-2,1.67012997679100994e-1,1.32713133003668410e-1,5.81815890559287743e-2,2.02460037277767735e-1,4.82003214311318567e-2,8.30583004713489753e-2,4.32183844747659682e-2,6.68440916232560522e-2
1,average,5.00000000000000000e-1,1.77700000000000000e3,1.09411582303814106e-1,1.09411582303814106e-1,9.54473610297985886e-2,9.54473610297985886e-2,1.25330179354449789e-1,1.25330179354449789e-1,8.30583004713489753e-2,4.32183844747659682e-2,6.68440916232560522e-2
1,sum,5.00000000000000000e-1,1.77700000000000000e3,2.18823164607628212e-1,2.18823164607628212e-1,1.90894722059597177e-1,1.90894722059597177e-1,2.50660358708899578e-1,2.50660358708899578e-1,1.66116600942697951e-1,8.64367689495319363e-2,1.33688183246512104e-1
1,positive,5.00000000000000000e-1,9.99990000000000000e4,1.29155074716675311e-1,3.80450262518048296e-2,4.36100284547535078e-2,1.01490061498983375e-1,3.62500247831723937e-2,1.54050094543213223e-1,5.90000458947637016e-2,3.11000233145399645e-2,3.54600521364515711e-2
1,negative,5.00000000000000000e-1,9.99990000000000000e4,3.80450262518048296e-2,1.29155074716675311e-1,1.01490061498983375e-1,4.36100284547535078e-2,1.54050094543213223e-1,3.62500247831723937e-2,5.90000458947637016e-2,3.11000233145399645e-2,3.54600521364515711e-2
1,average,5.00000000000000000e-1,9.99990000000000000e4,8.36000504842400738e-2,8.36000504842400738e-2,7.25500449768684413e-2,7.25500449768684413e-2,9.51500596631928153e-2,9.51500596631928153e-2,5.90000458947637016e-2,3.11000233145399645e-2,3.54600521364515711e-2
1,sum,5.00000000000000000e-1,9.99990000000000000e4,1.67200100968480148e-1,1.67200100968480148e-1,1.45100089953736883e-1,1.45100089953736883e-1,1.90300119326385631e-1,1.90300119326385631e-1,1.18000091789527403e-1,6.22000466290799289e-2,7.09201042729031422e-2
1,positive,6.99999999999999956e-1,1.00000000000000000e0,2.11449999999999999e-1,2.88499999999999868e-2,3.86999999999999844e-2,1.56500000000000000e-1,2.71000000000000130e-2,2.48999999999999999e-1,2.19950000000000012e-18,2.70549999999999997e-18,2.40699999999999997e-1
1,negative,6.99999999999999956e-1,1.00000000000000000e0,2.88499999999999868e-2,2.11449999999999999e-1,1.56500000000000000e-1,3.86999999999999844e-2,2.48999999999999999e-1,2.71000000000000130e-2,2.19950000000000012e-18,2.70549999999999997e-18,2.40699999999999997e-1
1,average,6.99999999999999956e-1,1.00000000000000000e0,1.20149999999999993e-1,1.20149999999999993e-1,9.75999999999999923e-2,9.75999999999999923e-2,1.38050000000000006e-1,1.38050000000000006e-1,2.19950000000000012e-18,2.70549999999999997e-18,2.40699999999999997e-1
1,sum,6.99999999999999956e-1,1.00000000000000000e0,2.40299999999999986e-1,2.40299999999999986e-1,1.95199999999999985e-1,1.95199999999999985e-1,2.76100000000000012e-1,2.76100000000000012e-1,4.39900000000000024e-18,5.41099999999999994e-18,4.81399999999999995e-1
1,positive,6.99999999999999956e-1,1.25000000000000000e0,2.00050000000000006e-1,2.86500000000000227e-2,3.85499999999999871e-2,1.48049999999999959e-1,2.79499999999999887e-2,2.32350000000000001e-1,3.57899999999999989e-19,-3.42850000000000028e-18,2.19900000000000012e-1
1,negative,6.99999999999999956e-1,1.25000000000000000e0,2.86500000000000227e-2,2.00050000000000006e-1,1.48049999999999959e-1,3.85499999999999871e-2,2.32350000000000001e-1,2.79499999999999887e-2,3.57899999999999989e-19,-3.42850000000000028e-18,2.19900000000000012e-1
1,average,6.99999999999999956e-1,1.25000000000000000e0,1.14350000000000007e-1,1.14350000000000007e-1,9.32999999999999663e-2,9.32999999999999663e-2,1.30149999999999988e-1,1.30149999999999988e-1,3.57899999999999989e-19,-3.42850000000000028e-18,2.19900000000000012e-1
1,sum,6.99999999999999956e-1,1.25000000000000000e0,2.28700000000000014e-1,2.28700000000000014e-1,1.86599999999999933e-1,1.86599999999999933e-1,2.60299999999999976e-1,2.60299999999999976e-1,7.15799999999999978e-19,-6.85700000000000057e-18,4.39800000000000024e-1
1,positive,6.99999999999999956e-1,1.00000000000000000e1,1.29000000000000004e-1,1.95000000000000034e-2,2.84449999999999981e-2,9.41549999999999887e-2,2.27499999999999994e-2,1.40050000000000008e-1,2.41400000000000052e-2,-1.67650000000000009e-18,8.69499999999999995e-2
1,negative,6.99999999999999956e-1,1.00000000000000000e1,1.95000000000000034e-2,1.29000000000000004e-1,9.41549999999999887e-2,2.84449999999999981e-2,1.40050000000000008e-1,2.27499999999999994e-2,2.41400000000000052e-2,-1.67650000000000009e-18,8.69499999999999995e-2
1,average,6.99999999999999956e-1,1.00000000000000000e1,7.42500000000000104e-2,7.42500000000000104e-2,6.12999999999999934e-2,6.12999999999999934e-2,8.14000000000000001e-2,8.14000000000000001e-2,2.41400000000000052e-2,-1.67650000000000009e-18,8.69499999999999995e-2
1,sum,6.99999999999999956e-1,1.00000000000000000e1,1.48500000000000021e-1,1.48500000000000021e-1,1.22599999999999987e-1,1.22599999999999987e-1,1.62800000000000000e-1,1.62800000000000000e-1,4.82800000000000104e-2,-3.35300000000000019e-18,1.73899999999999999e-1
1,positive,6.99999999999999956e-1,1.00000000000000000e2,9.01799999999999963e-2,1.28199999999999981e-2,2.02399999999999976e-2,6.48600000000000010e-2,1.65399999999999991e-2,9.45600000000000052e-2,1.50899999999999975e-2,7.84499999999999954e-3,3.63300000000000012e-2
1,negative,6.99999999999999956e-1,1.00000000000000000e2,1.28199999999999981e-2,9.01799999999999963e-2,6.48600000000000010e-2,2.02399999999999976e-2,9.45600000000000052e-2,1.65399999999999991e-2,1.50899999999999975e-2,7.84499999999999954e-3,3.63300000000000012e-2
1,average,6.99999999999999956e-1,1.00000000000000000e2,5.14999999999999972e-2,5.14999999999999972e-2,4.25499999999999975e-2,4.25499999999999975e-2,5.55500000000000022e-2,5.55500000000000022e-2,1.50899999999999975e-2,7.84499999999999954e-3,3.63300000000000012e-2
1,sum,6.99999999999999956e-1,1.00000000000000000e2,1.02999999999999994e-1,1.02999999999999994e-1,8.50999999999999951e-2,8.50999999999999951e-2,1.11100000000000004e-1,1.11100000000000004e-1,3.01799999999999950e-2,1.56899999999999991e-2,7.26600000000000024e-2
1,positive,6.99999999999999956e-1,1.00000000000000000e5,4.39999999999999974e-2,5.28999999999999956e-3,9.88499999999999969e-3,3.07450000000000015e-2,8.25499999999999845e-3,4.37750000000000014e-2,5.85499999999999996e-3,3.23050000000000030e-3,5.84099999999999984e-3
1,negative,6.99999999999999956e-1,1.00000000000000000e5,5.28999999999999956e-3,4.39999999999999974e-2,3.07450000000000015e-2,9.88499999999999969e-3,4.37750000000000014e-2,8.25499999999999845e-3,5.85499999999999996e-3,3.23050000000000030e-3,5.84099999999999984e-3
1,average,6.99999999999999956e-1,1.00000000000000000e5,2.46450000000000002e-2,2.46450000000000002e-2,2.03149999999999997e-2,2.03149999999999997e-2,2.60149999999999999e-2,2.60149999999999999e-2,5.85499999999999996e-3,3.23050000000000030e-3,5.84099999999999984e-3
1,sum,6.99999999999999956e-1,1.00000000000000000e5,4.92900000000000005e-2,4.92900000000000005e-2,4.06299999999999994e-2,4.06299999999999994e-2,5.20299999999999999e-2,5.20299999999999999e-2,1.17099999999999999e-2,6.46100000000000060e-3,1.16819999999999997e-2
1,positive,6.99999999999999956e-1,1.10000000000000009e0,2.06580775487930857e-1,2.87645750085601670e-2,3.86359312564201404e-2,1.52890794111668060e-1,2.74630562136191914e-2,2.41888369462635894e-1,1.41290667882223722e-18,8.55155125410526588e-20,2.31815800890259827e-1
1,negative,6.99999999999999956e-1,1.10000000000000009e0,2.87645750085601670e-2,2.06580775487930857e-1,1.52890794111668060e-1,3.86359312564201404e-2,2.41888369462635894e-1,2.74630562136191914e-2,1.41290667882223722e-18,8.55155125410526588e-20,2.31815800890259827e-1
1,average,6.99999999999999956e-1,1.10000000000000009e0,1.17672675248245512e-1,1.17672675248245512e-1,9.57633626840441038e-2,9.57633626840441038e-2,1.34675712838127543e-1,1.34675712838127543e-1,1.41290667882223722e-18,8.55155125410526588e-20,2.31815800890259827e-1
1,sum,6.99999999999999956e-1,1.10000000000000009e0,2.35345350496491024e-1,2.35345350496491024e-1,1.91526725368088208e-1,1.91526725368088208e-1,2.69351425676255085e-1,2.69351425676255085e-1,2.82581335764447445e-18,1.71031025082105318e-19,4.63631601780519653e-1
1,positive,6.99999999999999956e-1,3.70000000000000000e1,1.04088038014485060e-1,1.52214184731444269e-2,2.32753751730589119e-2,7.53103886547256685e-2,1.88523429241249305e-2,1.10556162770664490e-1,1.82327444390434010e-2,9.25106449786795675e-3,5.19988860119254409e-2
1,negative,6.99999999999999956e-1,3.70000000000000000e1,1.52214184731444269e-2,1.04088038014485060e-1,7.53103886547256685e-2,2.32753751730589119e-2,1.10556162770664490e-1,1.88523429241249305e-2,1.82327444390434010e-2,9.25106449786795675e-3,5.19988860119254409e-2
1,average,6.99999999999999956e-1,3.70000000000000000e1,5.96547282438147433e-2,5.96547282438147433e-2,4.92928819138922919e-2,4.92928819138922919e-2,6.47042528473947137e-2,6.47042528473947137e-2,1.82327444390434010e-2,9.25106449786795675e-3,5.19988860119254409e-2
1,sum,6.99999999999999956e-1,3.70000000000000000e1,1.19309456487629487e-1,1.19309456487629487e-1,9.85857638277845838e-2,9.85857638277845838e-2,1.29408505694789427e-1,1.29408505694789427e-1,3.64654888780868019e-2,1.85021289957359135e-2,1.03997772023850882e-1
1,positive,6.99999999999999956e-1,1.77700000000000000e3,6.38768913090233814e-2,8.38987764050854248e-3,1.43657849389457627e-2,4.52928245376124985e-2,1.18815185567411052e-2,6.51659710455102098e-2,9.55837826180467622e-3,5.15429852531784204e-3,1.51284166178791511e-2
1,negative,6.99999999999999956e-1,1.77700000000000000e3,8.38987764050854248e-3,6.38768913090233814e-2,4.52928245376124985e-2,1.43657849389457627e-2,6.51659710455102098e-2,1.18815185567411052e-2,9.55837826180467622e-3,5.15429852531784204e-3,1.51284166178791511e-2
1,average,6.99999999999999956e-1,1.77700000000000000e3,3.61333844747659602e-2,3.61333844747659602e-2,2.98293047382791297e-2,2.98293047382791297e-2,3.85237448011256575e-2,3.85237448011256575e-2,9.55837826180467622e-3,5.15429852531784204e-3,1.51284166178791511e-2
1,sum,6.99999999999999956e-1,1.77700000000000000e3,7.22667689495319204e-2,7.22667689495319204e-2,5.96586094765582595e-2,5.96586094765582595e-2,7.70474896022513150e-2,7.70474896022513150e-2,1.91167565236093524e-2,1.03085970506356841e-2,3.02568332357583021e-2
1,positive,6.99999999999999956e-1,9.99990000000000000e4,4.40000371747586022e-2,5.29000559916116900e-3,9.88500844463652099e-3,3.07450269861210546e-2,8.25500679242503060e-3,4.37750392859177356e-2,5.85500660884597391e-3,3.23050344210727832e-3,5.84101296068127024e-3
1,negative,6.99999999999999956e-1,9.99990000000000000e4,5.29000559916116900e-3,4.40000371747586022e-2,3.07450269861210546e-2,9.88500844463652099e-3,4.37750392859177356e-2,8.25500679242503060e-3,5.85500660884597391e-3,3.23050344210727832e-3,5.84101296068127024e-3
1,average,6.99999999999999956e-1,9.99990000000000000e4,2.46450213869598839e-2,2.46450213869598839e-2,2.03150177153787886e-2,2.03150177153787886e-2,2.60150230391713831e-2,2.60150230391713831e-2,5.85500660884597391e-3,3.23050344210727832e-3,5.84101296068127024e-3
1,sum,6.99999999999999956e-1,9.99990000000000000e4,4.92900427739197677e-2,4.92900427739197677e-2,4.06300354307575773e-2,4.06300354307575773e-2,5.20300460783427662e-2,5.20300460783427662e-2,1.17100132176919478e-2,6.46100688421455665e-3,1.16820259213625405e-2
1,positive,9.30000000000000049e-1,1.00000000000000000e0,6.87450000000000006e-2,5.85000000000002185e-4,1.88650000000000033e-2,3.80550000000000055e-2,1.73599999999999970e-2,4.95899999999999952e-2,2.84250000000000009e-18,1.62100000000000027e-18,1.00199999999999984e-1
1,negative,9.30000000000000049e-1,1.00000000000000000e0,5.85000000000002185e-4,6.87450000000000006e-2,3.80550000000000055e-2,1.88650000000000033e-2,4.95899999999999952e-2,1.73599999999999970e-2,2.84250000000000009e-18,1.62100000000000027e-18,1.00199999999999984e-1
1,average,9.30000000000000049e-1,1.00000000000000000e0,3.46650000000000014e-2,3.46650000000000014e-2,2.84600000000000061e-2,2.84600000000000061e-2,3.34749999999999978e-2,3.34749999999999978e-2,2.84250000000000009e-18,1.62100000000000027e-18,1.00199999999999984e-1
1,sum,9.30000000000000049e-1,1.00000000000000000e0,6.93300000000000027e-2,6.93300000000000027e-2,5.69200000000000123e-2,5.69200000000000123e-2,6.69499999999999956e-2,6.69499999999999956e-2,5.68500000000000018e-18,3.24200000000000054e-18,2.00399999999999967e-1
1,positive,9.30000000000000049e-1,1.25000000000000000e0,5.86199999999999916e-2,5.70000000000001061e-4,1.63649999999999976e-2,3.23050000000000004e-2,1.51000000000000040e-2,4.20400000000000010e-2,-5.72000000000000019e-19,-3.04900000000000011e-18,7.18599999999999933e-2
1,negative,9.30000000000000049e-1,1.25000000000000000e0,5.70000000000001061e-4,5.86199999999999916e-2,3.23050000000000004e-2,1.63649999999999976e-2,4.20400000000000010e-2,1.51000000000000040e-2,-5.72000000000000019e-19,-3.04900000000000011e-18,7.18599999999999933e-2
1,average,9.30000000000000049e-1,1.25000000000000000e0,2.95949999999999963e-2,2.95949999999999963e-2,2.43349999999999990e-2,2.43349999999999990e-2,2.85700000000000016e-2,2.85700000000000016e-2,-5.72000000000000019e-19,-3.04900000000000011e-18,7.18599999999999933e-2
1,sum,9.30000000000000049e-1,1.25000000000000000e0,5.91899999999999926e-2,5.91899999999999926e-2,4.86699999999999980e-2,4.86699999999999980e-2,5.71400000000000033e-2,5.71400000000000033e-2,-1.14400000000000004e-18,-6.09800000000000022e-18,1.43719999999999987e-1
1,positive,9.30000000000000049e-1,1.00000000000000000e1,2.04949999999999993e-2,2.24999999999999506e-4,6.15699999999999928e-3,1.09929999999999993e-2,5.74400000000000084e-3,1.42460000000000000e-2,1.15500000000000002e-4,-8.47000000000000000e-19,6.71099999999999908e-3
1,negative,9.30000000000000049e-1,1.00000000000000000e1,2.24999999999999506e-4,2.04949999999999993e-2,1.09929999999999993e-2,6.15699999999999928e-3,1.42460000000000000e-2,5.74400000000000084e-3,1.15500000000000002e-4,-8.47000000000000000e-19,6.71099999999999908e-3
1,average,9.30000000000000049e-1,1.00000000000000000e1,1.03599999999999994e-2,1.03599999999999994e-2,8.57499999999999929e-3,8.57499999999999929e-3,9.99500000000000041e-3,9.99500000000000041e-3,1.15500000000000002e-4,-8.47000000000000000e-19,6.71099999999999908e-3
1,sum,9.30000000000000049e-1,1.00000000000000000e1,2.07199999999999988e-2,2.07199999999999988e-2,1.71499999999999986e-2,1.71499999999999986e-2,1.99900000000000008e-2,1.99900000000000008e-2,2.31000000000000004e-4,-1.69400000000000000e-18,1.34219999999999982e-2
1,positive,9.30000000000000049e-1,1.00000000000000000e2,9.68699999999999943e-3,9.80000000000008642e-5,3.00100000000000020e-3,5.11700000000000002e-3,2.81049999999999963e-3,6.61949999999999952e-3,5.09999999999999996e-5,3.60650000000000011e-5,1.10599999999999978e-3
1,negative,9.30000000000000049e-1,1.00000000000000000e2,9.80000000000008642e-5,9.68699999999999943e-3,5.11700000000000002e-3,3.00100000000000020e-3,6.61949999999999952e-3,2.81049999999999963e-3,5.09999999999999996e-5,3.60650000000000011e-5,1.10599999999999978e-3
1,average,9.30000000000000049e-1,1.00000000000000000e2,4.89250000000000015e-3,4.89250000000000015e-3,4.05900000000000011e-3,4.05900000000000011e-3,4.71499999999999957e-3,4.71499999999999957e-3,5.09999999999999996e-5,3.60650000000000011e-5,1.10599999999999978e-3
1,sum,9.30000000000000049e-1,1.00000000000000000e2,9.78500000000000029e-3,9.78500000000000029e-3,8.11800000000000022e-3,8.11800000000000022e-3,9.42999999999999915e-3,9.42999999999999915e-3,1.01999999999999999e-4,7.21300000000000023e-5,2.21199999999999956e-3
1,positive,9.30000000000000049e-1,1.00000000000000000e5,2.37350000000000018e-3,1.94999999999999861e-5,7.64699999999999885e-4,1.22729999999999996e-3,7.20300000000000107e-4,1.58470000000000008e-3,1.00249999999999997e-5,7.32000000000000022e-6,3.83700000000000002e-5
1,negative,9.30000000000000049e-1,1.00000000000000000e5,1.94999999999999861e-5,2.37350000000000018e-3,1.22729999999999996e-3,7.64699999999999885e-4,1.58470000000000008e-3,7.20300000000000107e-4,1.00249999999999997e-5,7.32000000000000022e-6,3.83700000000000002e-5
1,average,9.30000000000000049e-1,1.00000000000000000e5,1.19650000000000008e-3,1.19650000000000008e-3,9.95999999999999924e-4,9.95999999999999924e-4,1.15250000000000010e-3,1.15250000000000010e-3,1.00249999999999997e-5,7.32000000000000022e-6,3.83700000000000002e-5
1,sum,9.30000000000000049e-1,1.00000000000000000e5,2.39300000000000016e-3,2.39300000000000016e-3,1.99199999999999985e-3,1.99199999999999985e-3,2.30500000000000019e-3,2.30500000000000019e-3,2.00499999999999995e-5,1.46400000000000004e-5,7.67400000000000005e-5
1,positive,9.30000000000000049e-1,1.10000000000000009e0,6.44203598083596674e-2,5.78593125642005990e-4,1.77971876070023849e-2,3.55990314961054863e-2,1.63946975967301546e-2,4.63652065731472024e-2,1.38408183364385785e-18,-3.73673550119544140e-19,8.80952787129790221e-2
1,negative,9.30000000000000049e-1,1.10000000000000009e0,5.78593125642005990e-4,6.44203598083596674e-2,3.55990314961054863e-2,1.77971876070023849e-2,4.63652065731472024e-2,1.63946975967301546e-2,1.38408183364385785e-18,-3.73673550119544140e-19,8.80952787129790221e-2
1,average,9.30000000000000049e-1,1.10000000000000009e0,3.24994764670008401e-2,3.24994764670008401e-2,2.66981095515539356e-2,2.66981095515539356e-2,3.13799520849386768e-2,3.13799520849386768e-2,1.38408183364385785e-18,-3.73673550119544140e-19,8.80952787129790221e-2
1,sum,9.30000000000000049e-1,1.10000000000000009e0,6.49989529340016803e-2,6.49989529340016803e-2,5.33962191031078712e-2,5.33962191031078712e-2,6.27599041698773535e-2,6.27599041698773535e-2,2.76816366728771570e-18,-7.47347100239088280e-19,1.76190557425958044e-1
1,positive,9.30000000000000049e-1,3.70000000000000000e1,1.30133598823508837e-2,1.34976230178997583e-4,3.98935635225856552e-3,6.91594751133733573e-3,3.72663606453481821e-3,8.94843010085106735e-3,7.11234292412492780e-5,4.95393639803840284e-5,2.27925838158474659e-3
1,negative,9.30000000000000049e-1,3.70000000000000000e1,1.34976230178997583e-4,1.30133598823508837e-2,6.91594751133733573e-3,3.98935635225856552e-3,8.94843010085106735e-3,3.72663606453481821e-3,7.11234292412492780e-5,4.95393639803840284e-5,2.27925838158474659e-3
1,average,9.30000000000000049e-1,3.70000000000000000e1,6.57416805626494065e-3,6.57416805626494065e-3,5.45265193179795063e-3,5.45265193179795063e-3,6.33753308269294300e-3,6.33753308269294300e-3,7.11234292412492780e-5,4.95393639803840284e-5,2.27925838158474659e-3
1,sum,9.30000000000000049e-1,3.70000000000000000e1,1.31483361125298813e-2,1.31483361125298813e-2,1.09053038635959013e-2,1.09053038635959013e-2,1.26750661653858860e-2,1.26750661653858860e-2,1.42246858482498556e-4,9.90787279607680568e-5,4.55851676316949318e-3
1,positive,9.30000000000000049e-1,1.77700000000000000e3,4.87515563736622137e-3,4.51312732986050048e-5,1.54310936745783540e-3,2.54577086606590187e-3,1.44955853281519918e-3,3.29022516353830782e-3,2.31135451903318892e-5,1.66705723630760474e-5,2.09299346354668798e-4
1,negative,9.30000000000000049e-1,1.77700000000000000e3,4.51312732986050048e-5,4.87515563736622137e-3,2.54577086606590187e-3,1.54310936745783540e-3,3.29022516353830782e-3,1.44955853281519918e-3,2.31135451903318892e-5,1.66705723630760474e-5,2.09299346354668798e-4
1,average,9.30000000000000049e-1,1.77700000000000000e3,2.46014345533241297e-3,2.46014345533241297e-3,2.04444011676186864e-3,2.04444011676186864e-3,2.36989184817675350e-3,2.36989184817675350e-3,2.31135451903318892e-5,1.66705723630760474e-5,2.09299346354668798e-4
1,sum,9.30000000000000049e-1,1.77700000000000000e3,4.92028691066482594e-3,4.92028691066482594e-3,4.08888023352373727e-3,4.08888023352373727e-3,4.73978369635350699e-3,4.73978369635350699e-3,4.62270903806637784e-5,3.33411447261520947e-5,4.18598692709337597e-4
1,positive,9.30000000000000049e-1,9.99990000000000000e4,2.37350390105491504e-3,1.95000458947636700e-5,7.64701231815457681e-4,1.22730203589171776e-3,7.20301148286988063e-4,1.58470265179944678e-3,1.00250192758007564e-5,7.32001386021863878e-6,3.83701534720898342e-5
1,negative,9.30000000000000049e-1,9.99990000000000000e4,1.95000458947636700e-5,2.37350390105491504e-3,1.22730203589171776e-3,7.64701231815457681e-4,1.58470265179944678e-3,7.20301148286988063e-4,1.00250192758007564e-5,7.32001386021863878e-6,3.83701534720898342e-5
1,average,9.30000000000000049e-1,9.99990000000000000e4,1.19650197347483936e-3,1.19650197347483936e-3,9.96001633853587720e-4,9.96001633853587720e-4,1.15250190004321748e-3,1.15250190004321748e-3,1.00250192758007564e-5,7.32001386021863878e-6,3.83701534720898342e-5
1,sum,9.30000000000000049e-1,9.99990000000000000e4,2.39300394694967871e-3,2.39300394694967871e-3,1.99200326770717544e-3,1.99200326770717544e-3,2.30500380008643495e-3,2.30500380008643495e-3,2.00500385516015129e-5,1.46400277204372776e-5,7.67403069441796685e-5
1,positive,9.98999999999999999e-1,1.00000000000000000e0,4.09115745652496014e-11,3.48145626891719030e-13,1.12269525663456816e-11,2.26473193698534261e-11,1.03312958681028879e-11,2.95120369872823855e-11,4.86177575589168582e-33,2.77253773097640203e-33,5.87836152133467619e-11
1,negative,9.98999999999999999e-1,1.00000000000000000e0,3.48145626891719030e-13,4.09115745652496014e-11,2.26473193698534261e-11,1.12269525663456816e-11,2.95120369872823855e-11,1.03312958681028879e-11,4.86177575589168582e-33,2.77253773097640203e-33,5.87836152133467619e-11
1,average,9.98999999999999999e-1,1.00000000000000000e0,2.06298600960706602e-11,2.06298600960706602e-11,1.69371359680995531e-11,1.69371359680995531e-11,1.99216664276926367e-11,1.99216664276926367e-11,4.86177575589168582e-33,2.77253773097640203e-33,5.87836152133467619e-11
1,sum,9.98999999999999999e-1,1.00000000000000000e0,4.12597201921413204e-11,4.12597201921413204e-11,3.38742719361991061e-11,3.38742719361991061e-11,3.98433328553852734e-11,3.98433328553852734e-11,9.72355151178337163e-33,5.54507546195280406e-33,1.17567230426693524e-10
1,positive,9.98999999999999999e-1,1.25000000000000000e0,3.48859771767391250e-11,3.39218815945774286e-13,9.73915074202210571e-12,1.92253751739092051e-11,8.98632301891437786e-12,2.50188754778251957e-11,-9.78341506550587388e-34,-5.21497072285444178e-33,4.21575907108892010e-11
1,negative,9.98999999999999999e-1,1.25000000000000000e0,3.39218815945774286e-13,3.48859771767391250e-11,1.92253751739092051e-11,9.73915074202210571e-12,2.50188754778251957e-11,8.98632301891437786e-12,-9.78341506550587388e-34,-5.21497072285444178e-33,4.21575907108892010e-11
1,average,9.98999999999999999e-1,1.25000000000000000e0,1.76125979963424512e-11,1.76125979963424512e-11,1.44822629579656562e-11,1.44822629579656562e-11,1.70025992483697876e-11,1.70025992483697876e-11,-9.78341506550587388e-34,-5.21497072285444178e-33,4.21575907108892010e-11
1,sum,9.98999999999999999e-1,1.25000000000000000e0,3.52251959926849025e-11,3.52251959926849025e-11,2.89645259159313124e-11,2.89645259159313124e-11,3.40051984967395752e-11,3.40051984967395752e-11,-1.95668301310117478e-33,-1.04299414457088836e-32,8.43151814217784019e-11
1,positive,9.98999999999999999e-1,1.00000000000000000e1,1.21969993558046481e-11,1.33902164189120281e-13,3.66415833294409382e-12,6.54216218191561292e-12,3.41837347156584103e-12,8.47808991572544522e-12,1.97549727284253211e-19,-1.44869800008452358e-33,3.93709422851067988e-12
1,negative,9.98999999999999999e-1,1.00000000000000000e1,1.33902164189120281e-13,1.21969993558046481e-11,6.54216218191561292e-12,3.66415833294409382e-12,8.47808991572544522e-12,3.41837347156584103e-12,1.97549727284253211e-19,-1.44869800008452358e-33,3.93709422851067988e-12
1,average,9.98999999999999999e-1,1.00000000000000000e1,6.16545075999688380e-12,6.16545075999688380e-12,5.10316025742985337e-12,5.10316025742985337e-12,5.94823169364564353e-12,5.94823169364564353e-12,1.97549727284253211e-19,-1.44869800008452358e-33,3.93709422851067988e-12
1,sum,9.98999999999999999e-1,1.00000000000000000e1,1.23309015199937676e-11,1.23309015199937676e-11,1.02063205148597067e-11,1.02063205148597067e-11,1.18964633872912871e-11,1.18964633872912871e-11,3.95099454568506423e-19,-2.89739600016904716e-33,7.87418845702135977e-12
1,positive,9.98999999999999999e-1,1.00000000000000000e2,5.76493450888897892e-12,5.83218315134842324e-14,1.78595730991801656e-12,3.04523277402548827e-12,1.67258681090456027e-12,3.93940167044395554e-12,8.72297497099299845e-20,6.16851161429142103e-20,6.48849086087440354e-13
1,negative,9.98999999999999999e-1,1.00000000000000000e2,5.83218315134842324e-14,5.76493450888897892e-12,3.04523277402548827e-12,1.78595730991801656e-12,3.93940167044395554e-12,1.67258681090456027e-12,8.72297497099299845e-20,6.16851161429142103e-20,6.48849086087440354e-13
1,average,9.98999999999999999e-1,1.00000000000000000e2,2.91162817020123157e-12,2.91162817020123157e-12,2.41559504197175242e-12,2.41559504197175242e-12,2.80599424067425780e-12,2.80599424067425780e-12,8.72297497099299845e-20,6.16851161429142103e-20,6.48849086087440354e-13
1,sum,9.98999999999999999e-1,1.00000000000000000e2,5.82325634040246315e-12,5.82325634040246315e-12,4.83119008394350483e-12,4.83119008394350483e-12,5.61198848134851561e-12,5.61198848134851561e-12,1.74459499419859969e-19,1.23370232285828421e-19,1.29769817217488071e-12
1,positive,9.98999999999999999e-1,1.00000000000000000e5,1.41251905201279981e-12,1.16048542297238869e-14,4.55088822024094417e-13,7.30391671596928209e-13,4.28665461624107907e-13,9.43087820402226354e-13,1.71466321733734928e-20,1.25200346642487740e-20,2.25102526520570436e-14
1,negative,9.98999999999999999e-1,1.00000000000000000e5,1.16048542297238869e-14,1.41251905201279981e-12,7.30391671596928209e-13,4.55088822024094417e-13,9.43087820402226354e-13,4.28665461624107907e-13,1.71466321733734928e-20,1.25200346642487740e-20,2.25102526520570436e-14
1,average,9.98999999999999999e-1,1.00000000000000000e5,7.12061953121261848e-13,7.12061953121261848e-13,5.92740246810511313e-13,5.92740246810511313e-13,6.85876641013167105e-13,6.85876641013167105e-13,1.71466321733734928e-20,1.25200346642487740e-20,2.25102526520570436e-14
1,sum,9.98999999999999999e-1,1.00000000000000000e5,1.42412390624252370e-12,1.42412390624252370e-12,1.18548049362102263e-12,1.18548049362102263e-12,1.37175328202633421e-12,1.37175328202633421e-12,3.42932643467469856e-20,2.50400693284975480e-20,4.50205053041140871e-14
1,positive,9.98999999999999999e-1,1.10000000000000009e0,3.83378915385833820e-11,3.44332763148505145e-13,1.05914752758108100e-11,2.11857216016232245e-11,9.75682439745936416e-12,2.75928955698670797e-11,2.36731592013362128e-33,-6.39126475493114045e-34,5.16822252093442858e-11
1,negative,9.98999999999999999e-1,1.10000000000000009e0,3.44332763148505145e-13,3.83378915385833820e-11,2.11857216016232245e-11,1.05914752758108100e-11,2.75928955698670797e-11,9.75682439745936416e-12,2.36731592013362128e-33,-6.39126475493114045e-34,5.16822252093442858e-11
1,average,9.98999999999999999e-1,1.10000000000000009e0,1.93411121508659436e-11,1.93411121508659436e-11,1.58885984387170172e-11,1.58885984387170172e-11,1.86748599836632211e-11,1.86748599836632211e-11,2.36731592013362128e-33,-6.39126475493114045e-34,5.16822252093442858e-11
1,sum,9.98999999999999999e-1,1.10000000000000009e0,3.86822243017318872e-11,3.86822243017318872e-11,3.17771968774340344e-11,3.17771968774340344e-11,3.73497199673264423e-11,3.73497199673264423e-11,4.73463184026724255e-33,-1.27825295098622809e-33,1.03364450418688572e-10
1,positive,9.98999999999999999e-1,3.70000000000000000e1,7.74452022941633338e-12,8.03271526002514368e-14,2.37414866350685084e-12,4.11582372971750459e-12,2.21779837416196786e-12,5.32539625155127562e-12,1.21648606494629224e-19,8.47314964862356811e-20,1.33715616441989260e-12
1,negative,9.98999999999999999e-1,3.70000000000000000e1,8.03271526002514368e-14,7.74452022941633338e-12,4.11582372971750459e-12,2.37414866350685084e-12,5.32539625155127562e-12,2.21779837416196786e-12,1.21648606494629224e-19,8.47314964862356811e-20,1.33715616441989260e-12
1,average,9.98999999999999999e-1,3.70000000000000000e1,3.91242369100829241e-12,3.91242369100829241e-12,3.24498619661217771e-12,3.24498619661217771e-12,3.77159731285662174e-12,3.77159731285662174e-12,1.21648606494629224e-19,8.47314964862356811e-20,1.33715616441989260e-12
1,sum,9.98999999999999999e-1,3.70000000000000000e1,7.82484738201658481e-12,7.82484738201658481e-12,6.48997239322435543e-12,6.48997239322435543e-12,7.54319462571324349e-12,7.54319462571324349e-12,2.43297212989258448e-19,1.69462992972471362e-19,2.67431232883978520e-12
1,positive,9.98999999999999999e-1,1.77700000000000000e3,2.90130618045392540e-12,2.68585562990836811e-14,9.18336372813824478e-13,1.51504101553706001e-12,8.62662331834502173e-13,1.95808120029904796e-12,3.95331129776824841e-20,2.85131344069097944e-20,1.22788146112952530e-13
1,negative,9.98999999999999999e-1,1.77700000000000000e3,2.68585562990836811e-14,2.90130618045392540e-12,1.51504101553706001e-12,9.18336372813824478e-13,1.95808120029904796e-12,8.62662331834502173e-13,3.95331129776824841e-20,2.85131344069097944e-20,1.22788146112952530e-13
1,average,9.98999999999999999e-1,1.77700000000000000e3,1.46408236837650444e-12,1.46408236837650444e-12,1.21668869417544225e-12,1.21668869417544225e-12,1.41037176606677512e-12,1.41037176606677512e-12,3.95331129776824841e-20,2.85131344069097944e-20,1.22788146112952530e-13
1,sum,9.98999999999999999e-1,1.77700000000000000e3,2.92816473675300888e-12,2.92816473675300888e-12,2.43337738835088449e-12,2.43337738835088449e-12,2.82074353213355024e-12,2.82074353213355024e-12,7.90662259553649682e-20,5.70262688138195889e-20,2.45576292225905061e-13
1,positive,9.98999999999999999e-1,9.99990000000000000e4,1.41252137361144760e-12,1.16048815426493332e-14,4.55089555103008339e-13,7.30392883198292897e-13,4.28666144993498005e-13,9.43089398543048003e-13,1.71466651424573242e-20,1.25200583705900066e-20,2.25103426884270492e-14
1,negative,9.98999999999999999e-1,9.99990000000000000e4,1.16048815426493332e-14,1.41252137361144760e-12,7.30392883198292897e-13,4.55089555103008339e-13,9.43089398543048003e-13,4.28666144993498005e-13,1.71466651424573242e-20,1.25200583705900066e-20,2.25103426884270492e-14
1,average,9.98999999999999999e-1,9.99990000000000000e4,7.12063127577048466e-13,7.12063127577048466e-13,5.92741219150650618e-13,5.92741219150650618e-13,6.85877771768273029e-13,6.85877771768273029e-13,1.71466651424573242e-20,1.25200583705900066e-20,2.25103426884270492e-14
1,sum,9.98999999999999999e-1,9.99990000000000000e4,1.42412625515409693e-12,1.42412625515409693e-12,1.18548243830130124e-12,1.18548243830130124e-12,1.37175554353654606e-12,1.37175554353654606e-12,3.42933302849146483e-20,2.50401167411800132e-20,4.50206853768540984e-14
1,positive,1.00000000000000000e0,1.00000000000000000e0,0.00000000000000000e0,0.00000000000000000e0,0.00000000000000000e0,0.00000000000000000e0,0.00000000000000000e0,0.00000000000000000e0,0.00000000000000000e0,0.00000000000000000e0,0.00000000000000000e0
1,negative,1.00000000000000000e0,1.00000000000000000e0,0.00000000000000000e0,0.00000000000000000e0,0.00000000000000000e0,0.00000000000000000e0,0.00000000000000000e0,0.00000000000000000e0,0.00000000000000000e0,0.00000000000000000e0,0.00000000000000000e0
1,average,1.00000000000000000e0,1.00000000000000000e0,0.00000000000000000e0,0.00000000000000000e0,0.00000000000000000e0,0.00000000000000000e0,0.00000000000000000e0,0.00000000000000000e0,0.00000000000000000e0,0.00000000000000000e0,0.00000000000000000e0
1,sum,1.00000000000000000e0,1.00000000000000000e0,0.00000000000000000e0,0.00000000000000000e0,0.00000000000000000e0,0.00000000000000000e0,0.00000000000000000e0,0.00000000000000000e0,0.00000000000000000e0,0.00000000000000000e0,0.00000000000000000e0
1,positive,1.00000000000000000e0,1.25000000000000000e0,0.00000000000000000e0,0.00000000000000000e0,0.00000000000000000e0,0.00000000000000000e0,0.00000000000000000e0,0.00000000000000000e0,0.00000000000000000e0,0.00000000000000000e0,0.00000000000000000e0
1,negative,1.00000000000000000e0,1.25000000000000000e0,0.00000000000000000e0,0.00000000000000000e0,0.00000000000000000e0,0.00000000000000000e0,0.00000000000000000e0,0.00000000000000000e0,0.00000000000000000e0,0.00000000000000000e0,0.00000000000000000e0
1,average,1.00000000000000000e0,1.25000000000000000e0,0.00000000000000000e0,0.00000000000000000e0,0.00000000000000000e0,0.00000000000000000e0,0.00000000000000000e0,0.00000000000000000e0,0.00000000000000000e0,0.00000000000000000e0,0.00000000000000000e0
1,sum,1.00000000000000000e0,1.25000000000000000e0,0.00000000000000000e0,0.00000000000000000e0,0.00000000000000000e0,0.00000000000000000e0,0.00000000000000000e0,0.00000000000000000e0,0.00000000000000000e0,0.00000000000000000e0,0.00000000000000000e0
1,positive,1.00000000000000000e0,1.00000000000000000e1,0.00000000000000000e0,0.00000000000000000e0,0.00000000000000000e0,0.00000000000000000e0,0.00000000000000000e0,0.00000000000000000e0,0.00000000000000000e0,0.00000000000000000e0,0.00000000000000000e0
1,negative,1.00000000000000000e0,1.00000000000000000e1,0.00000000000000000e0,0.00000000000000000e0,0.00000000000000000e0,0.00000000000000000e0,0.00000000000000000e0,0.00000000000000000e0,0.00000000000000000e0,0.00000000000000000e0,0.00000000000000000e0
1,average,1.00000000000000000e0,1.00000000000000000e1,0.00000000000000000e0,0.00000000000000000e0,0.00000000000000000e0,0.00000000000000000e0,0.00000000000000000e0,0.00000000000000000e0,0.00000000000000000e0,0.00000000000000000e0,0.00000000000000000e0
1,sum,1.00000000000000000e0,1.00000000000000000e1,0.00000000000000000e0,0.00000000000000000e0,0.00000000000000000e0,0.00000000000000000e0,0.00000000000000000e0,0.00000000000000000e0,0.00000000000000000e0,0.00000000000000000e0,0.00000000000000000e0
1,positive,1.00000000000000000e0,1.00000000000000000e2,0.00000000000000000e0,0.00000000000000000e0,0.00000000000000000e0,0.00000000000000000e0,0.00000000000000000e0,0.00000000000000000e0,0.00000000000000000e0,0.00000000000000000e0,0.00000000000000000e0
1,negative,1.00000000000000000e0,1.00000000000000000e2,0.00000000000000000e0,0.00000000000000000e0,0.00000000000000000e0,0.00000000000000000e0,0.00000000000000000e0,0.00000000000000000e0,0.00000000000000000e0,0.00000000000000000e0,0.00000000000000000e0
1,average,1.00000000000000000e0,1.00000000000000000e2,0.00000000000000000e0,0.00000000000000000e0,0.00000000000000000e0,0.00000000000000000e0,0.00000000000000000e0,0.00000000000000000e0,0.00000000000000000e0,0.00000000000000000e0,0.00000000000000000e0
1,sum,1.00000000000000000e0,1.00000000000000000e2,0.00000000000000000e0,0.00000000000000000e0,0.00000000000000000e0,0.00000000000000000e0,0.00000000000000000e0,0.00000000000000000e0,0.00000000000000000e0,0.00000000000000000e0,0.00000000000000000e0
1,positive,1.00000000000000000e0,1.00000000000000000e5,0.00000000000000000e0,0.00000000000000000e0,0.00000000000000000e0,0.00000000000000000e0,0.00000000000000000e0,0.00000000000000000e0,0.00000000000000000e0,0.00000000000000000e0,0.00000000000000000e0
1,negative,1.00000000000000000e0,1.00000000000000000e5,0.00000000000000000e0,0.00000000000000000e0,0.00000000000000000e0,0.00000000000000000e0,0.00000000000000000e0,0.00000000000000000e0,0.00000000000000000e0,0.00000000000000000e0,0.00000000000000000e0
1,average,1.00000000000000000e0,1.00000000000000000e5,0.00000000000000000e0,0.00000000000000000e0,0.00000000000000000e0,0.00000000000000000e0,0.00000000000000000e0,0.00000000000000000e0,0.00000000000000000e0,0.00000000000000000e0,0.00000000000000000e0
1,sum,1.00000000000000000e0,1.00000000000000000e5,0.00000000000000000e0,0.00000000000000000e0,0.00000000000000000e0,0.00000000000000000e0,0.00000000000000000e0,0.00000000000000000e0,0.00000000000000000e0,0.00000000000000000e0,0.00000000000000000e0
1,positive,1.00000000000000000e0,1.10000000000000009e0,0.00000000000000000e0,0.00000000000000000e0,0.00000000000000000e0,0.00000000000000000e0,0.00000000000000000e0,0.00000000000000000e0,0.00000000000000000e0,0.00000000000000000e0,0.00000000000000000e0
1,negative,1.00000000000000000e0,1.10000000000000009e0,0.00000000000000000e0,0.00000000000000000e0,0.00000000000000000e0,0.00000000000000000e0,0.00000000000000000e0,0.00000000000000000e0,0.00000000000000000e0,0.00000000000000000e0,0.00000000000000000e0
1,average,1.00000000000000000e0,1.10000000000000009e0,0.00000000000000000e0,0.00000000000000000e0,0.00000000000000000e0,0.00000000000000000e0,0.00000000000000000e0,0.00000000000000000e0,0.00000000000000000e0,0.00000000000000000e0,0.00000000000000000e0
1,sum,1.00000000000000000e0,1.10000000000000009e0,0.00000000000000000e0,0.00000000000000000e0,0.00000000000000000e0,0.00000000000000000e0,0.00000000000000000e0,0.00000000000000000e0,0.00000000000000000e0,0.00000000000000000e0,0.00000000000000000e0
1,positive,1.00000000000000000e0,3.70000000000000000e1,0.00000000000000000e0,0.00000000000000000e0,0.00000000000000000e0,0.00000000000000000e0,0.00000000000000000e0,0.00000000000000000e0,0.00000000000000000e0,0.00000000000000000e0,0.00000000000000000e0
1,negative,1.00000000000000000e0,3.70000000000000000e1,0.00000000000000000e0,0.00000000000000000e0,0.00000000000000000e0,0.00000000000000000e0,0.00000000000000000e0,0.00000000000000000e0,0.00000000000000000e0,0.00000000000000000e0,0.00000000000000000e0
1,average,1.00000000000000000e0,3.70000000000000000e1,0.00000000000000000e0,0.00000000000000000e0,0.00000000000000000e0,0.00000000000000000e0,0.00000000000000000e0,0.00000000000000000e0,0.00000000000000000e0,0.00000000000000000e0,0.00000000000000000e0
1,sum,1.00000000000000000e0,3.70000000000000000e1,0.00000000000000000e0,0.00000000000000000e0,0.00000000000000000e0,0.00000000000000000e0,0.00000000000000000e0,0.00000000000000000e0,0.00000000000000000e0,0.00000000000000000e0,0.00000000000000000e0
1,positive,1.00000000000000000e0,1.77700000000000000e3,0.00000000000000000e0,0.00000000000000000e0,0.00000000000000000e0,0.00000000000000000e0,0.00000000000000000e0,0.00000000000000000e0,0.00000000000000000e0,0.00000000000000000e0,0.00000000000000000e0
1,negative,1.00000000000000000e0,1.77700000000000000e3,0.00000000000000000e0,0.00000000000000000e0,0.00000000000000000e0,0.00000000000000000e0,0.00000000000000000e0,0.00000000000000000e0,0.00000000000000000e0,0.00000000000000000e0,0.00000000000000000e0
1,average,1.00000000000000000e0,1.77700000000000000e3,0.00000000000000000e0,0.00000000000000000e0,0.00000000000000000e0,0.00000000000000000e0,0.00000000000000000e0,0.00000000000000000e0,0.00000000000000000e0,0.00000000000000000e0,0.00000000000000000e0
1,sum,1.00000000000000000e0,1.77700000000000000e3,0.00000000000000000e0,0.00000000000000000e0,0.00000000000000000e0,0.00000000000000000e0,0.00000000000000000e0,0.00000000000000000e0,0.00000000000000000e0,0.00000000000000000e0,0.00000000000000000e0
1,positive,1.00000000000000000e0,9.99990000000000000e4,0.00000000000000000e0,0.00000000000000000e0,0.00000000000000000e0,0.00000000000000000e0,0.00000000000000000e0,0.00000000000000000e0,0.00000000000000000e0,0.00000000000000000e0,0.00000000000000000e0
1,negative,1.00000000000000000e0,9.99990000000000000e4,0.00000000000000000e0,0.00000000000000000e0,0.00000000000000000e0,0.00000000000000000e0,0.00000000000000000e0,0.00000000000000000e0,0.00000000000000000e0,0.00000000000000000e0,0.00000000000000000e0
1,average,1.00000000000000000e0,9.99990000000000000e4,0.00000000000000000e0,0.00000000000000000e0,0.00000000000000000e0,0.00000000000000000e0,0.00000000000000000e0,0.00000000000000000e0,0.00000000000000000e0,0.00000000000000000e0,0.00000000000000000e0
1,sum,1.00000000000000000e0,9.99990000000000000e4,0.00000000000000000e0,0.00000000000000000e0,0.00000000000000000e0,0.00000000000000000e0,0.00000000000000000e0,0.00000000000000000e0,0.00000000000000000e0,0.00000000000000000e0,0.00000000000000000e0
1,positive,5.29999999999999985e-2,1.00000000000000000e0,3.26695322200749316e-1,3.26366808186005219e-1,3.01154455881285699e-1,3.38716350943430167e-1,2.57361792739569273e-1,5.77245403110279276e-1,2.44043817864112003e-17,-3.42814283668624805e-17,1.24610155207323950e-1
1,negative,5.29999999999999985e-2,1.00000000000000000e0,3.26366808186005219e-1,3.26695322200749316e-1,3.38716350943430167e-1,3.01154455881285699e-1,5.77245403110279276e-1,2.57361792739569273e-1,2.44043817864112003e-17,-3.42814283668624805e-17,1.24610155207323950e-1
1,average,5.29999999999999985e-2,1.00000000000000000e0,3.26531065193377268e-1,3.26531065193377268e-1,3.19935403412357933e-1,3.19935403412357933e-1,4.17303597924924274e-1,4.17303597924924274e-1,2.44043817864112003e-17,-3.42814283668624805e-17,1.24610155207323950e-1
1,sum,5.29999999999999985e-2,1.00000000000000000e0,6.53062130386754536e-1,6.53062130386754536e-1,6.39870806824715865e-1,6.39870806824715865e-1,8.34607195849848549e-1,8.34607195849848549e-1,4.88087635728224006e-17,-6.85628567337249611e-17,2.49220310414647900e-1
1,positive,5.29999999999999985e-2,1.25000000000000000e0,3.75911423448500925e-1,3.74502704742927794e-1,3.49249174683502028e-1,3.87542233961435167e-1,3.04181152139103184e-1,6.32550752833644481e-1,-2.08752989802664140e-17,-1.46386030720671477e-17,2.27449215489515744e-1
1,negative,5.29999999999999985e-2,1.25000000000000000e0,3.74502704742927794e-1,3.75911423448500925e-1,3.87542233961435167e-1,3.49249174683502028e-1,6.32550752833644481e-1,3.04181152139103184e-1,-2.08752989802664140e-17,-1.46386030720671477e-17,2.27449215489515744e-1
1,average,5.29999999999999985e-2,1.25000000000000000e0,3.75207064095714360e-1,3.75207064095714360e-1,3.68395704322468598e-1,3.68395704322468598e-1,4.68365952486373804e-1,4.68365952486373804e-1,-2.08752989802664140e-17,-1.46386030720671477e-17,2.27449215489515744e-1
1,sum,5.29999999999999985e-2,1.25000000000000000e0,7.50414128191428720e-1,7.50414128191428720e-1,7.36791408644937196e-1,7.36791408644937196e-1,9.36731904972747609e-1,9.36731904972747609e-1,-4.17505979605328280e-17,-2.92772061441342954e-17,4.54898430979031487e-1
1,positive,5.29999999999999985e-2,1.00000000000000000e1,8.07988476045136572e-1,7.91332654123867885e-1,7.67215694200352738e-1,8.15777859345723888e-1,7.15323261793538667e-1,1.08802867069219311e0,1.05614238591501319e0,-7.85283276875403646e-18,1.07584041794107121e0
1,negative,5.29999999999999985e-2,1.00000000000000000e1,7.91332654123867885e-1,8.07988476045136572e-1,8.15777859345723888e-1,7.67215694200352738e-1,1.08802867069219311e0,7.15323261793538667e-1,1.05614238591501319e0,-7.85283276875403646e-18,1.07584041794107121e0
1,average,5.29999999999999985e-2,1.00000000000000000e1,7.99660565084502228e-1,7.99660565084502228e-1,7.91496776773038313e-1,7.91496776773038313e-1,9.01675966242865945e-1,9.01675966242865945e-1,1.05614238591501319e0,-7.85283276875403646e-18,1.07584041794107121e0
1,sum,5.29999999999999985e-2,1.00000000000000000e1,1.59932113016900446e0,1.59932113016900446e0,1.58299355354607663e0,1.58299355354607663e0,1.80335193248573189e0,1.80335193248573189e0,2.11228477183002639e0,-1.57056655375080729e-17,2.15168083588214243e0
1,positive,5.29999999999999985e-2,1.00000000000000000e2,1.09818477160874339e0,1.06563288304144921e0,1.04220914413830945e0,1.10127639496282059e0,9.88297407019049556e-1,1.38108022152686716e0,1.30783297135163012e0,1.85361894671457184e0,1.53424158743520334e0
1,negative,5.29999999999999985e-2,1.00000000000000000e2,1.06563288304144921e0,1.09818477160874339e0,1.10127639496282059e0,1.04220914413830945e0,1.38108022152686716e0,9.88297407019049556e-1,1.30783297135163012e0,1.85361894671457184e0,1.53424158743520334e0
1,average,5.29999999999999985e-2,1.00000000000000000e2,1.08190882732509630e0,1.08190882732509630e0,1.07174276955056502e0,1.07174276955056502e0,1.18468881427295836e0,1.18468881427295836e0,1.30783297135163012e0,1.85361894671457184e0,1.53424158743520334e0
1,sum,5.29999999999999985e-2,1.00000000000000000e2,2.16381765465019260e0,2.16381765465019260e0,2.14348553910113004e0,2.14348553910113004e0,2.36937762854591671e0,2.36937762854591671e0,2.61566594270326025e0,3.70723789342914367e0,3.06848317487040667e0
1,positive,5.29999999999999985e-2,1.00000000000000000e5,1.40817022546554038e0,1.34366336323715019e0,1.32391477511445155e0,1.40327273819465059e0,1.26925878379287571e0,1.67741378466409907e0,1.55276472372334284e0,1.93600465925338616e0,1.74716266736793946e0
1,negative,5.29999999999999985e-2,1.00000000000000000e5,1.34366336323715019e0,1.40817022546554038e0,1.40327273819465059e0,1.32391477511445155e0,1.67741378466409907e0,1.26925878379287571e0,1.55276472372334284e0,1.93600465925338616e0,1.74716266736793946e0
1,average,5.29999999999999985e-2,1.00000000000000000e5,1.37591679435134528e0,1.37591679435134528e0,1.36359375665455107e0,1.36359375665455107e0,1.47333628422848739e0,1.47333628422848739e0,1.55276472372334284e0,1.93600465925338616e0,1.74716266736793946e0
1,sum,5.29999999999999985e-2,1.00000000000000000e5,2.75183358870269057e0,2.75183358870269057e0,2.72718751330910214e0,2.72718751330910214e0,2.94667256845697478e0,2.94667256845697478e0,3.10552944744668569e0,3.87200931850677232e0,3.49432533473587892e0
1,positive,5.29999999999999985e-2,1.10000000000000009e0,3.47716747339699095e-1,3.46926850942618492e-1,3.21696910591182494e-1,3.59571104137701159e-1,2.77359509619181988e-1,6.00867698243749970e-1,5.06430007695756451e-18,-2.58914874535546899e-17,1.68535284428745213e-1
1,negative,5.29999999999999985e-2,1.10000000000000009e0,3.46926850942618492e-1,3.47716747339699095e-1,3.59571104137701159e-1,3.21696910591182494e-1,6.00867698243749970e-1,2.77359509619181988e-1,5.06430007695756451e-18,-2.58914874535546899e-17,1.68535284428745213e-1
1,average,5.29999999999999985e-2,1.10000000000000009e0,3.47321799141158793e-1,3.47321799141158793e-1,3.40634007364441826e-1,3.40634007364441826e-1,4.39113603931465979e-1,4.39113603931465979e-1,5.06430007695756451e-18,-2.58914874535546899e-17,1.68535284428745213e-1
1,sum,5.29999999999999985e-2,1.10000000000000009e0,6.94643598282317587e-1,6.94643598282317587e-1,6.81268014728883653e-1,6.81268014728883653e-1,8.78227207862931958e-1,8.78227207862931958e-1,1.01286001539151290e-17,-5.17829749071093797e-17,3.37070568857490427e-1
1,positive,5.29999999999999985e-2,3.70000000000000000e1,9.91742199805282998e-1,9.65685083533565636e-1,9.42123150663901843e-1,9.96922961598547763e-1,8.88711224447283121e-1,1.27471672447099893e0,1.21620337411986479e0,1.80189020790158771e0,1.38151331930721799e0
1,negative,5.29999999999999985e-2,3.70000000000000000e1,9.65685083533565636e-1,9.91742199805282998e-1,9.96922961598547763e-1,9.42123150663901843e-1,1.27471672447099893e0,8.88711224447283121e-1,1.21620337411986479e0,1.80189020790158771e0,1.38151331930721799e0
1,average,5.29999999999999985e-2,3.70000000000000000e1,9.78713641669424317e-1,9.78713641669424317e-1,9.69523056131224803e-1,9.69523056131224803e-1,1.08171397445914108e0,1.08171397445914108e0,1.21620337411986479e0,1.80189020790158771e0,1.38151331930721799e0
1,sum,5.29999999999999985e-2,3.70000000000000000e1,1.95742728333884863e0,1.95742728333884863e0,1.93904611226244961e0,1.93904611226244961e0,2.16342794891828216e0,2.16342794891828216e0,2.43240674823972958e0,3.60378041580317543e0,2.76302663861443598e0
1,positive,5.29999999999999985e-2,1.77700000000000000e3,1.29054845651121419e0,1.24225844254483175e0,1.22082180974604748e0,1.29003976697672096e0,1.16593692503934299e0,1.56958582723874573e0,1.46688011000657315e0,1.92829383397691378e0,1.73469440234921679e0
1,negative,5.29999999999999985e-2,1.77700000000000000e3,1.24225844254483175e0,1.29054845651121419e0,1.29003976697672096e0,1.22082180974604748e0,1.56958582723874573e0,1.16593692503934299e0,1.46688011000657315e0,1.92829383397691378e0,1.73469440234921679e0
1,average,5.29999999999999985e-2,1.77700000000000000e3,1.26640344952802297e0,1.26640344952802297e0,1.25543078836138422e0,1.25543078836138422e0,1.36776137613904436e0,1.36776137613904436e0,1.46688011000657315e0,1.92829383397691378e0,1.73469440234921679e0
1,sum,5.29999999999999985e-2,1.77700000000000000e3,2.53280689905604595e0,2.53280689905604595e0,2.51086157672276844e0,2.51086157672276844e0,2.73552275227808872e0,2.73552275227808872e0,2.93376022001314629e0,3.85658766795382757e0,3.46938880469843358e0
1,positive,5.29999999999999985e-2,9.99990000000000000e4,1.40817004080602981e0,1.34366321306606817e0,1.32391462750805755e0,1.40327256934918876e0,1.26925863321891907e0,1.67741363014683986e0,1.55276461559246215e0,1.93600470767289679e0,1.74716278835454086e0
1,negative,5.29999999999999985e-2,9.99990000000000000e4,1.34366321306606817e0,1.40817004080602981e0,1.40327256934918876e0,1.32391462750805755e0,1.67741363014683986e0,1.26925863321891907e0,1.55276461559246215e0,1.93600470767289679e0,1.74716278835454086e0
1,average,5.29999999999999985e-2,9.99990000000000000e4,1.37591662693604899e0,1.37591662693604899e0,1.36359359842862315e0,1.36359359842862315e0,1.47333613168287947e0,1.47333613168287947e0,1.55276461559246215e0,1.93600470767289679e0,1.74716278835454086e0
1,sum,5.29999999999999985e-2,9.99990000000000000e4,2.75183325387209798e0,2.75183325387209798e0,2.72718719685724631e0,2.72718719685724631e0,2.94667226336575894e0,2.94667226336575894e0,3.10552923118492430e0,3.87200941534579357e0,3.49432557670908173e0
1,positive,1.37000000000000011e-1,1.00000000000000000e0,5.54932888754059439e-1,4.96756110846661381e-1,4.71708507457905657e-1,5.56325633637707484e-1,3.96862880777201110e-1,9.16940723905396049e-1,8.39929565009096339e-18,-5.43615012846851614e-18,4.27976015912717056e-1
1,negative,1.37000000000000011e-1,1.00000000000000000e0,4.96756110846661381e-1,5.54932888754059439e-1,5.56325633637707484e-1,4.71708507457905657e-1,9.16940723905396049e-1,3.96862880777201110e-1,8.39929565009096339e-18,-5.43615012846851614e-18,4.27976015912717056e-1
1,average,1.37000000000000011e-1,1.00000000000000000e0,5.25844499800360410e-1,5.25844499800360410e-1,5.14017070547806543e-1,5.14017070547806543e-1,6.56901802341298580e-1,6.56901802341298580e-1,8.39929565009096339e-18,-5.43615012846851614e-18,4.27976015912717056e-1
1,sum,1.37000000000000011e-1,1.00000000000000000e0,1.05168899960072082e0,1.05168899960072082e0,1.02803414109561309e0,1.02803414109561309e0,1.31380360468259716e0,1.31380360468259716e0,1.67985913001819268e-17,-1.08723002569370323e-17,8.55952031825434112e-1
1,positive,1.37000000000000011e-1,1.25000000000000000e0,6.01763435193144014e-1,5.30543469628413922e-1,5.06678216819627436e-1,6.00478118540578643e-1,4.32390381997488749e-1,9.53495418021296448e-1,-4.41352238378930188e-18,-4.31630227685404776e-18,5.22797867255638371e-1
1,negative,1.37000000000000011e-1,1.25000000000000000e0,5.30543469628413922e-1,6.01763435193144014e-1,6.00478118540578643e-1,5.06678216819627436e-1,9.53495418021296448e-1,4.32390381997488749e-1,-4.41352238378930188e-18,-4.31630227685404776e-18,5.22797867255638371e-1
1,average,1.37000000000000011e-1,1.25000000000000000e0,5.66153452410778968e-1,5.66153452410778968e-1,5.53578167680103039e-1,5.53578167680103039e-1,6.92942900009392626e-1,6.92942900009392626e-1,-4.41352238378930188e-18,-4.31630227685404776e-18,5.22797867255638371e-1
1,sum,1.37000000000000011e-1,1.25000000000000000e0,1.13230690482155794e0,1.13230690482155794e0,1.10715633536020608e0,1.10715633536020608e0,1.38588580001878525e0,1.38588580001878525e0,-8.82704476757860376e-18,-8.63260455370809551e-18,1.04559573451127674e0
1,positive,1.37000000000000011e-1,1.00000000000000000e1,8.14232560390936499e-1,6.77122092231874029e-1,6.59550256684700020e-1,7.97132978847800322e-1,5.93309826153394448e-1,1.10241574652692886e0,8.74357719422199975e-1,-5.62140772013232219e-18,8.80787822687530753e-1
1,negative,1.37000000000000011e-1,1.00000000000000000e1,6.77122092231874029e-1,8.14232560390936499e-1,7.97132978847800322e-1,6.59550256684700020e-1,1.10241574652692886e0,5.93309826153394448e-1,8.74357719422199975e-1,-5.62140772013232219e-18,8.80787822687530753e-1
1,average,1.37000000000000011e-1,1.00000000000000000e1,7.45677326311405264e-1,7.45677326311405264e-1,7.28341617766250171e-1,7.28341617766250171e-1,8.47862786340161656e-1,8.47862786340161656e-1,8.74357719422199975e-1,-5.62140772013232219e-18,8.80787822687530753e-1
1,sum,1.37000000000000011e-1,1.00000000000000000e1,1.49135465262281053e0,1.49135465262281053e0,1.45668323553250034e0,1.45668323553250034e0,1.69572557268032331e0,1.69572557268032331e0,1.74871543884439995e0,-1.12428154402646444e-17,1.76157564537506151e0
1,positive,1.37000000000000011e-1,1.00000000000000000e2,8.66345229131012196e-1,7.01074630182879521e-1,6.87445078509195340e-1,8.41308799717808919e-1,6.27164018623425967e-1,1.11354736048099068e0,8.94085924425748413e-1,9.69826628610863439e-1,8.85027355461291854e-1
1,negative,1.37000000000000011e-1,1.00000000000000000e2,7.01074630182879521e-1,8.66345229131012196e-1,8.41308799717808919e-1,6.87445078509195340e-1,1.11354736048099068e0,6.27164018623425967e-1,8.94085924425748413e-1,9.69826628610863439e-1,8.85027355461291854e-1
1,average,1.37000000000000011e-1,1.00000000000000000e2,7.83709929656945858e-1,7.83709929656945858e-1,7.64376939113502130e-1,7.64376939113502130e-1,8.70355689552208323e-1,8.70355689552208323e-1,8.94085924425748413e-1,9.69826628610863439e-1,8.85027355461291854e-1
1,sum,1.37000000000000011e-1,1.00000000000000000e2,1.56741985931389172e0,1.56741985931389172e0,1.52875387822700426e0,1.52875387822700426e0,1.74071137910441665e0,1.74071137910441665e0,1.78817184885149683e0,1.93965325722172688e0,1.77005471092258371e0
1,positive,1.37000000000000011e-1,1.00000000000000000e5,8.13021685899286806e-1,6.26350972503188275e-1,6.18935500448923648e-1,7.79782897038265421e-1,5.70572604222143065e-1,9.96968184526619616e-1,7.99895308598259303e-1,8.04092410590470985e-1,6.43755386658266038e-1
1,negative,1.37000000000000011e-1,1.00000000000000000e5,6.26350972503188275e-1,8.13021685899286806e-1,7.79782897038265421e-1,6.18935500448923648e-1,9.96968184526619616e-1,5.70572604222143065e-1,7.99895308598259303e-1,8.04092410590470985e-1,6.43755386658266038e-1
1,average,1.37000000000000011e-1,1.00000000000000000e5,7.19686329201237540e-1,7.19686329201237540e-1,6.99359198743594535e-1,6.99359198743594535e-1,7.83770394374381341e-1,7.83770394374381341e-1,7.99895308598259303e-1,8.04092410590470985e-1,6.43755386658266038e-1
1,sum,1.37000000000000011e-1,1.00000000000000000e5,1.43937265840247508e0,1.43937265840247508e0,1.39871839748718907e0,1.39871839748718907e0,1.56754078874876268e0,1.56754078874876268e0,1.59979061719651861e0,1.60818482118094197e0,1.28751077331653208e0
1,positive,1.37000000000000011e-1,1.10000000000000009e0,5.74935383897461461e-1,5.11187535020186323e-1,4.86644943072294167e-1,5.75184261862077828e-1,4.12037563215305547e-1,9.32554146065074363e-1,2.92662129577069187e-18,-4.95783516277824360e-18,4.68476795109096622e-1
1,negative,1.37000000000000011e-1,1.10000000000000009e0,5.11187535020186323e-1,5.74935383897461461e-1,5.75184261862077828e-1,4.86644943072294167e-1,9.32554146065074363e-1,4.12037563215305547e-1,2.92662129577069187e-18,-4.95783516277824360e-18,4.68476795109096622e-1
1,average,1.37000000000000011e-1,1.10000000000000009e0,5.43061459458823892e-1,5.43061459458823892e-1,5.30914602467186025e-1,5.30914602467186025e-1,6.72295854640189927e-1,6.72295854640189927e-1,2.92662129577069187e-18,-4.95783516277824360e-18,4.68476795109096622e-1
1,sum,1.37000000000000011e-1,1.10000000000000009e0,1.08612291891764778e0,1.08612291891764778e0,1.06182920493437205e0,1.06182920493437205e0,1.34459170928037985e0,1.34459170928037985e0,5.85324259154138374e-18,-9.91567032555648719e-18,9.36953590218193244e-1
1,positive,1.37000000000000011e-1,3.70000000000000000e1,8.54247803611630663e-1,6.98385792605784483e-1,6.83169658565882632e-1,8.31864798845183273e-1,6.20598698814423977e-1,1.11693048462532629e0,8.93523954841647927e-1,9.90631046223499623e-1,9.01156712484806777e-1
1,negative,1.37000000000000011e-1,3.70000000000000000e1,6.98385792605784483e-1,8.54247803611630663e-1,8.31864798845183273e-1,6.83169658565882632e-1,1.11693048462532629e0,6.20598698814423977e-1,8.93523954841647927e-1,9.90631046223499623e-1,9.01156712484806777e-1
1,average,1.37000000000000011e-1,3.70000000000000000e1,7.76316798108707573e-1,7.76316798108707573e-1,7.57517228705532952e-1,7.57517228705532952e-1,8.68764591719875190e-1,8.68764591719875190e-1,8.93523954841647927e-1,9.90631046223499623e-1,9.01156712484806777e-1
1,sum,1.37000000000000011e-1,3.70000000000000000e1,1.55263359621741515e0,1.55263359621741515e0,1.51503445741106590e0,1.51503445741106590e0,1.73752918343975038e0,1.73752918343975038e0,1.78704790968329585e0,1.98126209244699925e0,1.80231342496961355e0
1,positive,1.37000000000000011e-1,1.77700000000000000e3,8.58375735994225675e-1,6.78285797766734033e-1,6.67794715355049529e-1,8.28194553150844448e-1,6.13441498082212266e-1,1.07252393596469542e0,8.63100322054543678e-1,8.98180336726507877e-1,7.85743699851788380e-1
1,negative,1.37000000000000011e-1,1.77700000000000000e3,6.78285797766734033e-1,8.58375735994225675e-1,8.28194553150844448e-1,6.67794715355049529e-1,1.07252393596469542e0,6.13441498082212266e-1,8.63100322054543678e-1,8.98180336726507877e-1,7.85743699851788380e-1
1,average,1.37000000000000011e-1,1.77700000000000000e3,7.68330766880479854e-1,7.68330766880479854e-1,7.47994634252946988e-1,7.47994634252946988e-1,8.42982717023453842e-1,8.42982717023453842e-1,8.63100322054543678e-1,8.98180336726507877e-1,7.85743699851788380e-1
1,sum,1.37000000000000011e-1,1.77700000000000000e3,1.53666153376095971e0,1.53666153376095971e0,1.49598926850589398e0,1.49598926850589398e0,1.68596543404690768e0,1.68596543404690768e0,1.72620064410908736e0,1.79636067345301575e0,1.57148739970357676e0
1,positive,1.37000000000000011e-1,9.99990000000000000e4,8.13021820580967391e-1,6.26351114385842900e-1,6.18935622912580863e-1,7.79783023350301141e-1,5.70572724022618716e-1,9.96968378121654397e-1,7.99895471639478162e-1,8.04092627681986860e-1,6.43755705994172645e-1
1,negative,1.37000000000000011e-1,9.99990000000000000e4,6.26351114385842900e-1,8.13021820580967391e-1,7.79783023350301141e-1,6.18935622912580863e-1,9.96968378121654397e-1,5.70572724022618716e-1,7.99895471639478162e-1,8.04092627681986860e-1,6.43755705994172645e-1
1,average,1.37000000000000011e-1,9.99990000000000000e4,7.19686467483405146e-1,7.19686467483405146e-1,6.99359323131441002e-1,6.99359323131441002e-1,7.83770551072136556e-1,7.83770551072136556e-1,7.99895471639478162e-1,8.04092627681986860e-1,6.43755705994172645e-1
1,sum,1.37000000000000011e-1,9.99990000000000000e4,1.43937293496681029e0,1.43937293496681029e0,1.39871864626288200e0,1.39871864626288200e0,1.56754110214427311e0,1.56754110214427311e0,1.59979094327895632e0,1.60818525536397372e0,1.28751141198834529e0
1,positive,3.33000000000000018e-1,1.00000000000000000e0,5.79036512581756591e-1,2.27532390901583281e-1,2.27274352288386911e-1,5.08656187425863826e-1,1.78268932240902622e-1,7.13372237899949191e-1,2.73488658019416368e-18,1.01257842723176578e-18,5.38165612356678036e-1
1,negative,3.33000000000000018e-1,1.00000000000000000e0,2.27532390901583281e-1,5.79036512581756591e-1,5.08656187425863826e-1,2.27274352288386911e-1,7.13372237899949191e-1,1.78268932240902622e-1,2.73488658019416368e-18,1.01257842723176578e-18,5.38165612356678036e-1
1,average,3.33000000000000018e-1,1.00000000000000000e0,4.03284451741669936e-1,4.03284451741669936e-1,3.67965269857125354e-1,3.67965269857125354e-1,4.45820585070425879e-1,4.45820585070425879e-1,2.73488658019416368e-18,1.01257842723176578e-18,5.38165612356678036e-1
1,sum,3.33000000000000018e-1,1.00000000000000000e0,8.06568903483339872e-1,8.06568903483339872e-1,7.35930539714250709e-1,7.35930539714250709e-1,8.91641170140851758e-1,8.91641170140851758e-1,5.46977316038832736e-18,2.02515685446353155e-18,1.07633122471335607e0
1,positive,3.33000000000000018e-1,1.25000000000000000e0,5.75201175492315198e-1,2.33595548850060813e-1,2.34022075033634841e-1,5.05582528139890575e-1,1.87037928729454128e-1,7.05397091382876651e-1,7.47361331186224428e-19,-1.28907858403722882e-18,5.35097292481455988e-1
1,negative,3.33000000000000018e-1,1.25000000000000000e0,2.33595548850060813e-1,5.75201175492315198e-1,5.05582528139890575e-1,2.34022075033634841e-1,7.05397091382876651e-1,1.87037928729454128e-1,7.47361331186224428e-19,-1.28907858403722882e-18,5.35097292481455988e-1
1,average,3.33000000000000018e-1,1.25000000000000000e0,4.04398362171188019e-1,4.04398362171188019e-1,3.69802301586762694e-1,3.69802301586762694e-1,4.46217510056165390e-1,4.46217510056165390e-1,7.47361331186224428e-19,-1.28907858403722882e-18,5.35097292481455988e-1
1,sum,3.33000000000000018e-1,1.25000000000000000e0,8.08796724342376039e-1,8.08796724342376039e-1,7.39604603173525388e-1,7.39604603173525388e-1,8.92435020112330779e-1,8.92435020112330779e-1,1.49472266237244886e-18,-2.57815716807445764e-18,1.07019458496291198e0
1,positive,3.33000000000000018e-1,1.00000000000000000e1,5.03062839302225506e-1,2.26127524253866841e-1,2.29548606872416072e-1,4.41050439637104330e-1,1.94279175120032011e-1,6.06911219379483002e-1,4.16140868109670881e-1,-2.78493395235165007e-18,4.05849158555210698e-1
1,negative,3.33000000000000018e-1,1.00000000000000000e1,2.26127524253866841e-1,5.03062839302225506e-1,4.41050439637104330e-1,2.29548606872416072e-1,6.06911219379483002e-1,1.94279175120032011e-1,4.16140868109670881e-1,-2.78493395235165007e-18,4.05849158555210698e-1
1,average,3.33000000000000018e-1,1.00000000000000000e1,3.64595181778046173e-1,3.64595181778046173e-1,3.35299523254760201e-1,3.35299523254760201e-1,4.00595197249757506e-1,4.00595197249757506e-1,4.16140868109670881e-1,-2.78493395235165007e-18,4.05849158555210698e-1
1,sum,3.33000000000000018e-1,1.00000000000000000e1,7.29190363556092347e-1,7.29190363556092347e-1,6.70599046509520402e-1,6.70599046509520402e-1,8.01190394499515013e-1,8.01190394499515013e-1,8.32281736219341761e-1,-5.56986790470330014e-18,8.11698317110421397e-1
1,positive,3.33000000000000018e-1,1.00000000000000000e2,4.30598388953313593e-1,1.96062310705468285e-1,2.00495232519037808e-1,3.75240844583454081e-1,1.72077584590699911e-1,5.17110513875726374e-1,3.44175853377545693e-1,2.23615178892939276e-1,2.84967137070272936e-1
1,negative,3.33000000000000018e-1,1.00000000000000000e2,1.96062310705468285e-1,4.30598388953313593e-1,3.75240844583454081e-1,2.00495232519037808e-1,5.17110513875726374e-1,1.72077584590699911e-1,3.44175853377545693e-1,2.23615178892939276e-1,2.84967137070272936e-1
1,average,3.33000000000000018e-1,1.00000000000000000e2,3.13330349829390953e-1,3.13330349829390953e-1,2.87868038551245931e-1,2.87868038551245931e-1,3.44594049233213129e-1,3.44594049233213129e-1,3.44175853377545693e-1,2.23615178892939276e-1,2.84967137070272936e-1
1,sum,3.33000000000000018e-1,1.00000000000000000e2,6.26660699658781906e-1,6.26660699658781906e-1,5.75736077102491861e-1,5.75736077102491861e-1,6.89188098466426258e-1,6.89188098466426258e-1,6.88351706755091386e-1,4.47230357785878552e-1,5.69934274140545871e-1
1,positive,3.33000000000000018e-1,1.00000000000000000e5,2.99930176435618367e-1,1.32537997541219532e-1,1.37528206210264708e-1,2.57336000950620924e-1,1.18930613750281064e-1,3.58961120983319226e-1,2.22546256301006912e-1,1.41834911478291137e-1,1.23018962245684468e-1
1,negative,3.33000000000000018e-1,1.00000000000000000e5,1.32537997541219532e-1,2.99930176435618367e-1,2.57336000950620924e-1,1.37528206210264708e-1,3.58961120983319226e-1,1.18930613750281064e-1,2.22546256301006912e-1,1.41834911478291137e-1,1.23018962245684468e-1
1,average,3.33000000000000018e-1,1.00000000000000000e5,2.16234086988418950e-1,2.16234086988418950e-1,1.97432103580442830e-1,1.97432103580442830e-1,2.38945867366800152e-1,2.38945867366800152e-1,2.22546256301006912e-1,1.41834911478291137e-1,1.23018962245684468e-1
1,sum,3.33000000000000018e-1,1.00000000000000000e5,4.32468173976837900e-1,4.32468173976837900e-1,3.94864207160885661e-1,3.94864207160885661e-1,4.77891734733600304e-1,4.77891734733600304e-1,4.45092512602013823e-1,2.83669822956582274e-1,2.46037924491368937e-1
1,positive,3.33000000000000018e-1,1.10000000000000009e0,5.77398344391585105e-1,2.30122116980817887e-1,2.30156473077141932e-1,5.07343350834898010e-1,1.82014389490753770e-1,7.09965853785188616e-1,1.88596494327962476e-18,2.94832748066125508e-20,5.36855056361300820e-1
1,negative,3.33000000000000018e-1,1.10000000000000009e0,2.30122116980817887e-1,5.77398344391585105e-1,5.07343350834898010e-1,2.30156473077141932e-1,7.09965853785188616e-1,1.82014389490753770e-1,1.88596494327962476e-18,2.94832748066125508e-20,5.36855056361300820e-1
1,average,3.33000000000000018e-1,1.10000000000000009e0,4.03760230686201482e-1,4.03760230686201482e-1,3.68749911956019971e-1,3.68749911956019971e-1,4.45990121637971193e-1,4.45990121637971193e-1,1.88596494327962476e-18,2.94832748066125508e-20,5.36855056361300820e-1
1,sum,3.33000000000000018e-1,1.10000000000000009e0,8.07520461372402965e-1,8.07520461372402965e-1,7.37499823912039942e-1,7.37499823912039942e-1,8.91980243275942386e-1,8.91980243275942386e-1,3.77192988655924951e-18,5.89665496132251016e-20,1.07371011272260164e0
1,positive,3.33000000000000018e-1,3.70000000000000000e1,4.59558499407549892e-1,2.08858080579658684e-1,2.12977031809317541e-1,4.01484641172793866e-1,1.82019824559923549e-1,5.52617349070380737e-1,3.72418830464825601e-1,2.42527580876397642e-1,3.30973551107263231e-1
1,negative,3.33000000000000018e-1,3.70000000000000000e1,2.08858080579658684e-1,4.59558499407549892e-1,4.01484641172793866e-1,2.12977031809317541e-1,5.52617349070380737e-1,1.82019824559923549e-1,3.72418830464825601e-1,2.42527580876397642e-1,3.30973551107263231e-1
1,average,3.33000000000000018e-1,3.70000000000000000e1,3.34208289993604302e-1,3.34208289993604302e-1,3.07230836491055703e-1,3.07230836491055703e-1,3.67318586815152170e-1,3.67318586815152170e-1,3.72418830464825601e-1,2.42527580876397642e-1,3.30973551107263231e-1
1,sum,3.33000000000000018e-1,3.70000000000000000e1,6.68416579987208603e-1,6.68416579987208603e-1,6.14461672982111407e-1,6.14461672982111407e-1,7.34637173630304341e-1,7.34637173630304341e-1,7.44837660929651202e-1,4.85055161752795283e-1,6.61947102214526462e-1
1,positive,3.33000000000000018e-1,1.77700000000000000e3,3.63912825209613655e-1,1.64260164981782641e-1,1.69137404920487289e-1,3.14913188410412936e-1,1.45946118734577107e-1,4.36117980114821058e-1,2.80886111468239941e-1,1.81022262939297768e-1,1.92872246181782031e-1
1,negative,3.33000000000000018e-1,1.77700000000000000e3,1.64260164981782641e-1,3.63912825209613655e-1,3.14913188410412936e-1,1.69137404920487289e-1,4.36117980114821058e-1,1.45946118734577107e-1,2.80886111468239941e-1,1.81022262939297768e-1,1.92872246181782031e-1
1,average,3.33000000000000018e-1,1.77700000000000000e3,2.64086495095698148e-1,2.64086495095698148e-1,2.42025296665450113e-1,2.42025296665450113e-1,2.91032049424699069e-1,2.91032049424699069e-1,2.80886111468239941e-1,1.81022262939297768e-1,1.92872246181782031e-1
1,sum,3.33000000000000018e-1,1.77700000000000000e3,5.28172990191396297e-1,5.28172990191396297e-1,4.84050593330900225e-1,4.84050593330900225e-1,5.82064098849398137e-1,5.82064098849398137e-1,5.61772222936479881e-1,3.62044525878595536e-1,3.85744492363564062e-1
1,positive,3.33000000000000018e-1,9.99990000000000000e4,2.99930308879586549e-1,1.32538063678722506e-1,1.37528272673515695e-1,2.57336119524421536e-1,1.18930670409125500e-1,3.58961280672912553e-1,2.22546374396402319e-1,1.41834990856475468e-1,1.23019090832696618e-1
1,negative,3.33000000000000018e-1,9.99990000000000000e4,1.32538063678722506e-1,2.99930308879586549e-1,2.57336119524421536e-1,1.37528272673515695e-1,3.58961280672912553e-1,1.18930670409125500e-1,2.22546374396402319e-1,1.41834990856475468e-1,1.23019090832696618e-1
1,average,3.33000000000000018e-1,9.99990000000000000e4,2.16234186279154528e-1,2.16234186279154528e-1,1.97432196098968615e-1,1.97432196098968615e-1,2.38945975541019040e-1,2.38945975541019040e-1,2.22546374396402319e-1,1.41834990856475468e-1,1.23019090832696618e-1
1,sum,3.33000000000000018e-1,9.99990000000000000e4,4.32468372558309055e-1,4.32468372558309055e-1,3.94864392197937231e-1,3.94864392197937231e-1,4.77891951082038080e-1,4.77891951082038080e-1,4.45092748792804638e-1,2.83669981712950936e-1,2.46038181665393235e-1
1,positive,7.77000000000000024e-1,1.00000000000000000e0,1.88339324570014954e-1,1.33521269011217386e-2,2.97520520240029049e-2,1.31850028949400538e-1,2.21762528555497634e-2,1.92410332574646403e-1,3.41297879128515973e-18,3.33130645353963220e-18,2.40821890974787067e-1
1,negative,7.77000000000000024e-1,1.00000000000000000e0,1.33521269011217386e-2,1.88339324570014954e-1,1.31850028949400538e-1,2.97520520240029049e-2,1.92410332574646403e-1,2.21762528555497634e-2,3.41297879128515973e-18,3.33130645353963220e-18,2.40821890974787067e-1
1,average,7.77000000000000024e-1,1.00000000000000000e0,1.00845725735568353e-1,1.00845725735568353e-1,8.08010404867017251e-2,8.08010404867017251e-2,1.07293292715098076e-1,1.07293292715098076e-1,3.41297879128515973e-18,3.33130645353963220e-18,2.40821890974787067e-1
1,sum,7.77000000000000024e-1,1.00000000000000000e0,2.01691451471136707e-1,2.01691451471136707e-1,1.61602080973403450e-1,1.61602080973403450e-1,2.14586585430196153e-1,2.14586585430196153e-1,6.82595758257031946e-18,6.66261290707926441e-18,4.81643781949574135e-1
1,positive,7.77000000000000024e-1,1.25000000000000000e0,1.73751032674303307e-1,1.32521388928998757e-2,2.91615098864379460e-2,1.21355451048541507e-1,2.23927438913003318e-2,1.75550544354333649e-1,-1.20272658143902076e-19,-4.81607654223318624e-18,2.07274530925759121e-1
1,negative,7.77000000000000024e-1,1.25000000000000000e0,1.32521388928998757e-2,1.73751032674303307e-1,1.21355451048541507e-1,2.91615098864379460e-2,1.75550544354333649e-1,2.23927438913003318e-2,-1.20272658143902076e-19,-4.81607654223318624e-18,2.07274530925759121e-1
1,average,7.77000000000000024e-1,1.25000000000000000e0,9.35015857836015984e-2,9.35015857836015984e-2,7.52584804674897301e-2,7.52584804674897301e-2,9.89716441228169902e-2,9.89716441228169902e-2,-1.20272658143902076e-19,-4.81607654223318624e-18,2.07274530925759121e-1
1,sum,7.77000000000000024e-1,1.25000000000000000e0,1.87003171567203197e-1,1.87003171567203197e-1,1.50516960934979460e-1,1.50516960934979460e-1,1.97943288245633980e-1,1.97943288245633980e-1,-2.40545316287804151e-19,-9.63215308446637247e-18,4.14549061851518241e-1
1,positive,7.77000000000000024e-1,1.00000000000000000e1,9.66106468570765431e-2,8.15303191457328325e-3,1.94388931901768730e-2,6.58994791993042645e-2,1.61289975279475806e-2,9.22054829397590814e-2,8.78218568876251195e-3,-1.85644817130698659e-18,5.74883788350520133e-2
1,negative,7.77000000000000024e-1,1.00000000000000000e1,8.15303191457328325e-3,9.66106468570765431e-2,6.58994791993042645e-2,1.94388931901768730e-2,9.22054829397590814e-2,1.61289975279475806e-2,8.78218568876251195e-3,-1.85644817130698659e-18,5.74883788350520133e-2
1,average,7.77000000000000024e-1,1.00000000000000000e1,5.23818393858249132e-2,5.23818393858249132e-2,4.26691861947405687e-2,4.26691861947405687e-2,5.41672402338533310e-2,5.41672402338533310e-2,8.78218568876251195e-3,-1.85644817130698659e-18,5.74883788350520133e-2
1,sum,7.77000000000000024e-1,1.00000000000000000e1,1.04763678771649826e-1,1.04763678771649826e-1,8.53383723894811375e-2,8.53383723894811375e-2,1.08334480467706662e-1,1.08334480467706662e-1,1.75643713775250239e-2,-3.71289634261397318e-18,1.14976757670104027e-1
1,positive,7.77000000000000024e-1,1.00000000000000000e2,6.15997375513240714e-2,4.86912294823048375e-3,1.30229392814867929e-2,4.12607767330989555e-2,1.10391125185214170e-2,5.70101597888085995e-2,5.04838587933410191e-3,2.87098271790460317e-3,1.92067424847570077e-2
1,negative,7.77000000000000024e-1,1.00000000000000000e2,4.86912294823048375e-3,6.15997375513240714e-2,4.12607767330989555e-2,1.30229392814867929e-2,5.70101597888085995e-2,1.10391125185214170e-2,5.04838587933410191e-3,2.87098271790460317e-3,1.92067424847570077e-2
1,average,7.77000000000000024e-1,1.00000000000000000e2,3.32344302497772776e-2,3.32344302497772776e-2,2.71418580072928725e-2,2.71418580072928725e-2,3.40246361536650083e-2,3.40246361536650083e-2,5.04838587933410191e-3,2.87098271790460317e-3,1.92067424847570077e-2
1,sum,7.77000000000000024e-1,1.00000000000000000e2,6.64688604995545551e-2,6.64688604995545551e-2,5.42837160145857450e-2,5.42837160145857450e-2,6.80492723073300165e-2,6.80492723073300165e-2,1.00967717586682038e-2,5.74196543580920635e-3,3.84134849695140154e-2
1,positive,7.77000000000000024e-1,1.00000000000000000e5,2.56492219471862459e-2,1.70653481913907688e-3,5.72416470135801540e-3,1.66474264014767892e-2,4.95356798315379002e-3,2.26726678940026433e-2,1.66046776397295532e-3,9.93098179011342626e-4,2.13868776061991667e-3
1,negative,7.77000000000000024e-1,1.00000000000000000e5,1.70653481913907688e-3,2.56492219471862459e-2,1.66474264014767892e-2,5.72416470135801540e-3,2.26726678940026433e-2,4.95356798315379002e-3,1.66046776397295532e-3,9.93098179011342626e-4,2.13868776061991667e-3
1,average,7.77000000000000024e-1,1.00000000000000000e5,1.36778783831626623e-2,1.36778783831626623e-2,1.11857955514174032e-2,1.11857955514174032e-2,1.38131179385782166e-2,1.38131179385782166e-2,1.66046776397295532e-3,9.93098179011342626e-4,2.13868776061991667e-3
1,sum,7.77000000000000024e-1,1.00000000000000000e5,2.73557567663253245e-2,2.73557567663253245e-2,2.23715911028348063e-2,2.23715911028348063e-2,2.76262358771564333e-2,2.76262358771564333e-2,3.32093552794591063e-3,1.98619635802268525e-3,4.27737552123983334e-3
1,positive,7.77000000000000024e-1,1.10000000000000009e0,1.82108301018451935e-1,1.33094195273895932e-2,2.94998167387712437e-2,1.27367532812674072e-1,2.22687215799287214e-2,1.85209096252660355e-1,1.90383891717430543e-18,-1.48644159814067683e-19,2.26492976249705019e-1
1,negative,7.77000000000000024e-1,1.10000000000000009e0,1.33094195273895932e-2,1.82108301018451935e-1,1.27367532812674072e-1,2.94998167387712437e-2,1.85209096252660355e-1,2.22687215799287214e-2,1.90383891717430543e-18,-1.48644159814067683e-19,2.26492976249705019e-1
1,average,7.77000000000000024e-1,1.10000000000000009e0,9.77088602729207639e-2,9.77088602729207639e-2,7.84336747757226616e-2,7.84336747757226616e-2,1.03738908916294531e-1,1.03738908916294531e-1,1.90383891717430543e-18,-1.48644159814067683e-19,2.26492976249705019e-1
1,sum,7.77000000000000024e-1,1.10000000000000009e0,1.95417720545841528e-1,1.95417720545841528e-1,1.56867349551445323e-1,1.56867349551445323e-1,2.07477817832589062e-1,2.07477817832589062e-1,3.80767783434861087e-18,-2.97288319628135367e-19,4.52985952499410038e-1
1,positive,7.77000000000000024e-1,3.70000000000000000e1,7.36632016248969790e-2,5.99354207344215267e-3,1.53264369041096853e-2,4.96943036031158025e-2,1.28940087796580380e-2,6.89674462264848465e-2,6.31481205935878562e-3,3.51117355582068486e-3,2.99825529539846786e-2
1,negative,7.77000000000000024e-1,3.70000000000000000e1,5.99354207344215267e-3,7.36632016248969790e-2,4.96943036031158025e-2,1.53264369041096853e-2,6.89674462264848465e-2,1.28940087796580380e-2,6.31481205935878562e-3,3.51117355582068486e-3,2.99825529539846786e-2
1,average,7.77000000000000024e-1,3.70000000000000000e1,3.98283718491695693e-2,3.98283718491695693e-2,3.25103702536127456e-2,3.25103702536127456e-2,4.09307275030714457e-2,4.09307275030714457e-2,6.31481205935878562e-3,3.51117355582068486e-3,2.99825529539846786e-2
1,sum,7.77000000000000024e-1,3.70000000000000000e1,7.96567436983391386e-2,7.96567436983391386e-2,6.50207405072254913e-2,6.50207405072254913e-2,8.18614550061428914e-2,8.18614550061428914e-2,1.26296241187175712e-2,7.02234711164136972e-3,5.99651059079693571e-2
1,positive,7.77000000000000024e-1,1.77700000000000000e3,4.03152785955140855e-2,2.93208069474774902e-3,8.78298268303042036e-3,2.65720661840825254e-2,7.53165466974152313e-3,3.64312948930621758e-2,2.94823370864212000e-3,1.73036837952974566e-3,6.62503069308862172e-3
1,negative,7.77000000000000024e-1,1.77700000000000000e3,2.93208069474774902e-3,4.03152785955140855e-2,2.65720661840825254e-2,8.78298268303042036e-3,3.64312948930621758e-2,7.53165466974152313e-3,2.94823370864212000e-3,1.73036837952974566e-3,6.62503069308862172e-3
1,average,7.77000000000000024e-1,1.77700000000000000e3,2.16236796451309173e-2,2.16236796451309173e-2,1.76775244335564720e-2,1.76775244335564720e-2,2.19814747814018503e-2,2.19814747814018503e-2,2.94823370864212000e-3,1.73036837952974566e-3,6.62503069308862172e-3
1,sum,7.77000000000000024e-1,1.77700000000000000e3,4.32473592902618345e-2,4.32473592902618345e-2,3.53550488671129440e-2,3.53550488671129440e-2,4.39629495628037006e-2,4.39629495628037006e-2,5.89646741728424000e-3,3.46073675905949132e-3,1.32500613861772434e-2
1,positive,7.77000000000000024e-1,9.99990000000000000e4,2.56492482244389253e-2,1.70653690055109879e-3,5.72417022784364390e-3,1.66474439981593447e-2,4.95357274818235965e-3,2.26726922218669323e-2,1.66046993097191688e-3,9.93099436246156061e-4,2.13869339208142733e-3
1,negative,7.77000000000000024e-1,9.99990000000000000e4,1.70653690055109879e-3,2.56492482244389253e-2,1.66474439981593447e-2,5.72417022784364390e-3,2.26726922218669323e-2,4.95357274818235965e-3,1.66046993097191688e-3,9.93099436246156061e-4,2.13869339208142733e-3
1,average,7.77000000000000024e-1,9.99990000000000000e4,1.36778925624950129e-2,1.36778925624950129e-2,1.11858071130014943e-2,1.11858071130014943e-2,1.38131324850246460e-2,1.38131324850246460e-2,1.66046993097191688e-3,9.93099436246156061e-4,2.13869339208142733e-3
1,sum,7.77000000000000024e-1,9.99990000000000000e4,2.73557851249900258e-2,2.73557851249900258e-2,2.23716142260029886e-2,2.23716142260029886e-2,2.76262649700492920e-2,2.76262649700492920e-2,3.32093986194383376e-3,1.98619887249231212e-3,4.27738678416285465e-3
1,positive,9.74999999999999978e-1,1.00000000000000000e0,3.99516441666740657e-4,3.39976897774447637e-6,1.09635285068631342e-4,2.21159330680454036e-4,1.00888870860929770e-4,2.88195801036492333e-4,7.45444966424262708e-22,4.25106874432270828e-22,5.76842072779286874e-4
1,negative,9.74999999999999978e-1,1.00000000000000000e0,3.39976897774447637e-6,3.99516441666740657e-4,2.21159330680454036e-4,1.09635285068631342e-4,2.88195801036492333e-4,1.00888870860929770e-4,7.45444966424262708e-22,4.25106874432270828e-22,5.76842072779286874e-4
1,average,9.74999999999999978e-1,1.00000000000000000e0,2.01458105322242580e-4,2.01458105322242580e-4,1.65397307874542689e-4,1.65397307874542689e-4,1.94542335948711038e-4,1.94542335948711038e-4,7.45444966424262708e-22,4.25106874432270828e-22,5.76842072779286874e-4
1,sum,9.74999999999999978e-1,1.00000000000000000e0,4.02916210644485161e-4,4.02916210644485161e-4,3.30794615749085378e-4,3.30794615749085378e-4,3.89084671897422076e-4,3.89084671897422076e-4,1.49088993284852542e-21,8.50213748864541657e-22,1.15368414555857375e-3
1,positive,9.74999999999999978e-1,1.25000000000000000e0,3.40674286282701712e-4,3.31259541421256116e-6,9.51063578133130980e-5,1.87742797993222112e-4,8.77547206221221014e-5,2.44318440725431289e-4,-1.50006867473941338e-22,-7.99599543580502061e-22,4.13691330837520404e-4
1,negative,9.74999999999999978e-1,1.25000000000000000e0,3.31259541421256116e-6,3.40674286282701712e-4,1.87742797993222112e-4,9.51063578133130980e-5,2.44318440725431289e-4,8.77547206221221014e-5,-1.50006867473941338e-22,-7.99599543580502061e-22,4.13691330837520404e-4
1,average,9.74999999999999978e-1,1.25000000000000000e0,1.71993440848457137e-4,1.71993440848457137e-4,1.41424577903267605e-4,1.41424577903267605e-4,1.66036580673776689e-4,1.66036580673776689e-4,-1.50006867473941338e-22,-7.99599543580502061e-22,4.13691330837520404e-4
1,sum,9.74999999999999978e-1,1.25000000000000000e0,3.43986881696914273e-4,3.43986881696914273e-4,2.82849155806535210e-4,2.82849155806535210e-4,3.32073161347553377e-4,3.32073161347553377e-4,-3.00013734947882677e-22,-1.59919908716100412e-21,8.27382661675040809e-4
1,positive,9.74999999999999978e-1,1.00000000000000000e1,1.19108145639098802e-4,1.30760345297863329e-6,3.57818420443977250e-5,6.38865989270852997e-5,3.33816632618191627e-5,8.27916390717053864e-5,3.02898482399304664e-8,-2.22125553759490064e-22,3.86346022996186976e-5
1,negative,9.74999999999999978e-1,1.00000000000000000e1,1.30760345297863329e-6,1.19108145639098802e-4,6.38865989270852997e-5,3.57818420443977250e-5,8.27916390717053864e-5,3.33816632618191627e-5,3.02898482399304664e-8,-2.22125553759490064e-22,3.86346022996186976e-5
1,average,9.74999999999999978e-1,1.00000000000000000e1,6.02078745460387176e-5,6.02078745460387176e-5,4.98342204857415123e-5,4.98342204857415123e-5,5.80866511667622746e-5,5.80866511667622746e-5,3.02898482399304664e-8,-2.22125553759490064e-22,3.86346022996186976e-5
1,sum,9.74999999999999978e-1,1.00000000000000000e1,1.20415749092077435e-4,1.20415749092077435e-4,9.96684409714830246e-5,9.96684409714830246e-5,1.16173302333524549e-4,1.16173302333524549e-4,6.05796964798609328e-8,-4.44251107518980127e-22,7.72692045992373952e-5
1,positive,9.74999999999999978e-1,1.00000000000000000e2,5.62966873289070645e-5,5.69533948408468212e-7,1.74405242772840000e-5,2.97378083061853448e-5,1.63334200204287473e-5,3.84696935866315966e-5,1.33747381838653987e-8,9.45803789413932599e-9,6.36713904684522111e-6
1,negative,9.74999999999999978e-1,1.00000000000000000e2,5.69533948408468212e-7,5.62966873289070645e-5,2.97378083061853448e-5,1.74405242772840000e-5,3.84696935866315966e-5,1.63334200204287473e-5,1.33747381838653987e-8,9.45803789413932599e-9,6.36713904684522111e-6
1,average,9.74999999999999978e-1,1.00000000000000000e2,2.84331106386577647e-5,2.84331106386577647e-5,2.35891662917346724e-5,2.35891662917346724e-5,2.74015568035301736e-5,2.74015568035301736e-5,1.33747381838653987e-8,9.45803789413932599e-9,6.36713904684522111e-6
1,sum,9.74999999999999978e-1,1.00000000000000000e2,5.68662212773155294e-5,5.68662212773155294e-5,4.71783325834693447e-5,4.71783325834693447e-5,5.48031136070603473e-5,5.48031136070603473e-5,2.67494763677307974e-8,1.89160757882786520e-8,1.27342780936904422e-5
1,positive,9.74999999999999978e-1,1.00000000000000000e5,1.37937635361991237e-5,1.13325632591482320e-7,4.44410826885673853e-6,7.13254096818082318e-6,4.18607452080228794e-6,9.20959640860111766e-6,2.62905392731864035e-9,1.91966830403715148e-9,2.20892518288834705e-7
1,negative,9.74999999999999978e-1,1.00000000000000000e5,1.13325632591482320e-7,1.37937635361991237e-5,7.13254096818082318e-6,4.44410826885673853e-6,9.20959640860111766e-6,4.18607452080228794e-6,2.62905392731864035e-9,1.91966830403715148e-9,2.20892518288834705e-7
1,average,9.74999999999999978e-1,1.00000000000000000e5,6.95354458439530302e-6,6.95354458439530302e-6,5.78832461851878086e-6,5.78832461851878086e-6,6.69783546470170280e-6,6.69783546470170280e-6,2.62905392731864035e-9,1.91966830403715148e-9,2.20892518288834705e-7
1,sum,9.74999999999999978e-1,1.00000000000000000e5,1.39070891687906060e-5,1.39070891687906060e-5,1.15766492370375617e-5,1.15766492370375617e-5,1.33956709294034056e-5,1.33956709294034056e-5,5.25810785463728069e-9,3.83933660807430295e-9,4.41785036577669409e-7
1,positive,9.74999999999999978e-1,1.10000000000000009e0,3.74383488566833417e-4,3.36253497315203999e-6,1.03429617636555468e-4,2.06886295586679547e-4,9.52789475023332167e-5,2.69454685391623257e-4,3.62975140196685267e-22,-9.79958019428315387e-23,5.07156319110417270e-4
1,negative,9.74999999999999978e-1,1.10000000000000009e0,3.36253497315203999e-6,3.74383488566833417e-4,2.06886295586679547e-4,1.03429617636555468e-4,2.69454685391623257e-4,9.52789475023332167e-5,3.62975140196685267e-22,-9.79958019428315387e-23,5.07156319110417270e-4
1,average,9.74999999999999978e-1,1.10000000000000009e0,1.88873011769992742e-4,1.88873011769992742e-4,1.55157956611617508e-4,1.55157956611617508e-4,1.82366816446978243e-4,1.82366816446978243e-4,3.62975140196685267e-22,-9.79958019428315387e-23,5.07156319110417270e-4
1,sum,9.74999999999999978e-1,1.10000000000000009e0,3.77746023539985484e-4,3.77746023539985484e-4,3.10315913223235015e-4,3.10315913223235015e-4,3.64733632893956487e-4,3.64733632893956487e-4,7.25950280393370535e-22,-1.95991603885663077e-22,1.01431263822083454e-3
1,positive,9.74999999999999978e-1,3.70000000000000000e1,7.56280636311810008e-5,7.84423931787099594e-7,2.31844272950025495e-5,4.01925193175277124e-5,2.16576097154687020e-5,5.20044359938260292e-5,1.86521028400075633e-8,1.29916867261342859e-8,1.31214783356577638e-5
1,negative,9.74999999999999978e-1,3.70000000000000000e1,7.84423931787099594e-7,7.56280636311810008e-5,4.01925193175277124e-5,2.31844272950025495e-5,5.20044359938260292e-5,2.16576097154687020e-5,1.86521028400075633e-8,1.29916867261342859e-8,1.31214783356577638e-5
1,average,9.74999999999999978e-1,3.70000000000000000e1,3.82062437814840468e-5,3.82062437814840468e-5,3.16884733062651309e-5,3.16884733062651309e-5,3.68310228546473673e-5,3.68310228546473673e-5,1.86521028400075633e-8,1.29916867261342859e-8,1.31214783356577638e-5
1,sum,9.74999999999999978e-1,3.70000000000000000e1,7.64124875629680937e-5,7.64124875629680937e-5,6.33769466125302618e-5,6.33769466125302618e-5,7.36620457092947346e-5,7.36620457092947346e-5,3.73042056800151266e-8,2.59833734522685718e-8,2.62429566713155276e-5
1,positive,9.74999999999999978e-1,1.77700000000000000e3,2.83323126454593525e-5,2.62283594678126535e-7,8.96788949871800437e-6,1.47949278887119845e-5,8.42421219023913701e-6,1.91213768218662336e-5,6.06152187101236012e-9,4.37185373982989038e-9,1.20491685411753539e-6
1,negative,9.74999999999999978e-1,1.77700000000000000e3,2.62283594678126535e-7,2.83323126454593525e-5,1.47949278887119845e-5,8.96788949871800437e-6,1.91213768218662336e-5,8.42421219023913701e-6,6.06152187101236012e-9,4.37185373982989038e-9,1.20491685411753539e-6
1,average,9.74999999999999978e-1,1.77700000000000000e3,1.42972981200687404e-5,1.42972981200687404e-5,1.18814086937149944e-5,1.18814086937149944e-5,1.37727945060526853e-5,1.37727945060526853e-5,6.06152187101236012e-9,4.37185373982989038e-9,1.20491685411753539e-6
1,sum,9.74999999999999978e-1,1.77700000000000000e3,2.85945962401374808e-5,2.85945962401374808e-5,2.37628173874299889e-5,2.37628173874299889e-5,2.75455890121053706e-5,2.75455890121053706e-5,1.21230437420247202e-8,8.74370747965978075e-9,2.40983370823507078e-6
1,positive,9.74999999999999978e-1,9.99990000000000000e4,1.37937862074563581e-5,1.13325899312154798e-7,4.44411542763961120e-6,7.13255279990989094e-6,4.18608119415353298e-6,9.20961181972162091e-6,2.62905898239292228e-9,1.91967193887627825e-9,2.20893401813369757e-7
1,negative,9.74999999999999978e-1,9.99990000000000000e4,1.13325899312154798e-7,1.37937862074563581e-5,7.13255279990989094e-6,4.44411542763961120e-6,9.20961181972162091e-6,4.18608119415353298e-6,2.62905898239292228e-9,1.91967193887627825e-9,2.20893401813369757e-7
1,average,9.74999999999999978e-1,9.99990000000000000e4,6.95355605338425686e-6,6.95355605338425686e-6,5.78833411377475107e-6,5.78833411377475107e-6,6.69784650693757695e-6,6.69784650693757695e-6,2.62905898239292228e-9,1.91967193887627825e-9,2.20893401813369757e-7
1,sum,9.74999999999999978e-1,9.99990000000000000e4,1.39071121067685137e-5,1.39071121067685137e-5,1.15766682275495021e-5,1.15766682275495021e-5,1.33956930138751539e-5,1.33956930138751539e-5,5.25811796478584456e-9,3.83934387775255650e-9,4.41786803626739514e-7
