Atomic Species,Lattice Type,Lattice Spacing (m),Electric Field (V/m),Magnetic Field (T),Debye Temp (K),Debye Screening (m),e-Ph Coupling
Li,Square,5e-07,10000.0,0.1,50,1e-09,0.1
Li,Square,5e-07,10000.0,0.1,50,1e-09,0.5
Li,Square,5e-07,10000.0,0.1,50,1e-09,1.0
Li,Square,5e-07,10000.0,0.1,50,5e-09,0.1
Li,Square,5e-07,10000.0,0.1,50,5e-09,0.5
Li,Square,5e-07,10000.0,0.1,50,5e-09,1.0
Li,Square,5e-07,10000.0,0.1,50,1e-08,0.1
Li,Square,5e-07,10000.0,0.1,50,1e-08,0.5
Li,Square,5e-07,10000.0,0.1,50,1e-08,1.0
Li,Square,5e-07,10000.0,0.1,100,1e-09,0.1
Li,Square,5e-07,10000.0,0.1,100,1e-09,0.5
Li,Square,5e-07,10000.0,0.1,100,1e-09,1.0
Li,Square,5e-07,10000.0,0.1,100,5e-09,0.1
Li,Square,5e-07,10000.0,0.1,100,5e-09,0.5
Li,Square,5e-07,10000.0,0.1,100,5e-09,1.0
Li,Square,5e-07,10000.0,0.1,100,1e-08,0.1
Li,Square,5e-07,10000.0,0.1,100,1e-08,0.5
Li,Square,5e-07,10000.0,0.1,100,1e-08,1.0
Li,Square,5e-07,10000.0,0.1,200,1e-09,0.1
Li,Square,5e-07,10000.0,0.1,200,1e-09,0.5
Li,Square,5e-07,10000.0,0.1,200,1e-09,1.0
Li,Square,5e-07,10000.0,0.1,200,5e-09,0.1
Li,Square,5e-07,10000.0,0.1,200,5e-09,0.5
Li,Square,5e-07,10000.0,0.1,200,5e-09,1.0
Li,Square,5e-07,10000.0,0.1,200,1e-08,0.1
Li,Square,5e-07,10000.0,0.1,200,1e-08,0.5
Li,Square,5e-07,10000.0,0.1,200,1e-08,1.0
Li,Square,5e-07,10000.0,1.0,50,1e-09,0.1
Li,Square,5e-07,10000.0,1.0,50,1e-09,0.5
Li,Square,5e-07,10000.0,1.0,50,1e-09,1.0
Li,Square,5e-07,10000.0,1.0,50,5e-09,0.1
Li,Square,5e-07,10000.0,1.0,50,5e-09,0.5
Li,Square,5e-07,10000.0,1.0,50,5e-09,1.0
Li,Square,5e-07,10000.0,1.0,50,1e-08,0.1
Li,Square,5e-07,10000.0,1.0,50,1e-08,0.5
Li,Square,5e-07,10000.0,1.0,50,1e-08,1.0
Li,Square,5e-07,10000.0,1.0,100,1e-09,0.1
Li,Square,5e-07,10000.0,1.0,100,1e-09,0.5
Li,Square,5e-07,10000.0,1.0,100,1e-09,1.0
Li,Square,5e-07,10000.0,1.0,100,5e-09,0.1
Li,Square,5e-07,10000.0,1.0,100,5e-09,0.5
Li,Square,5e-07,10000.0,1.0,100,5e-09,1.0
Li,Square,5e-07,10000.0,1.0,100,1e-08,0.1
Li,Square,5e-07,10000.0,1.0,100,1e-08,0.5
Li,Square,5e-07,10000.0,1.0,100,1e-08,1.0
Li,Square,5e-07,10000.0,1.0,200,1e-09,0.1
Li,Square,5e-07,10000.0,1.0,200,1e-09,0.5
Li,Square,5e-07,10000.0,1.0,200,1e-09,1.0
Li,Square,5e-07,10000.0,1.0,200,5e-09,0.1
Li,Square,5e-07,10000.0,1.0,200,5e-09,0.5
Li,Square,5e-07,10000.0,1.0,200,5e-09,1.0
Li,Square,5e-07,10000.0,1.0,200,1e-08,0.1
Li,Square,5e-07,10000.0,1.0,200,1e-08,0.5
Li,Square,5e-07,10000.0,1.0,200,1e-08,1.0
Li,Square,5e-07,10000.0,10.0,50,1e-09,0.1
Li,Square,5e-07,10000.0,10.0,50,1e-09,0.5
Li,Square,5e-07,10000.0,10.0,50,1e-09,1.0
Li,Square,5e-07,10000.0,10.0,50,5e-09,0.1
Li,Square,5e-07,10000.0,10.0,50,5e-09,0.5
Li,Square,5e-07,10000.0,10.0,50,5e-09,1.0
Li,Square,5e-07,10000.0,10.0,50,1e-08,0.1
Li,Square,5e-07,10000.0,10.0,50,1e-08,0.5
Li,Square,5e-07,10000.0,10.0,50,1e-08,1.0
Li,Square,5e-07,10000.0,10.0,100,1e-09,0.1
Li,Square,5e-07,10000.0,10.0,100,1e-09,0.5
Li,Square,5e-07,10000.0,10.0,100,1e-09,1.0
Li,Square,5e-07,10000.0,10.0,100,5e-09,0.1
Li,Square,5e-07,10000.0,10.0,100,5e-09,0.5
Li,Square,5e-07,10000.0,10.0,100,5e-09,1.0
Li,Square,5e-07,10000.0,10.0,100,1e-08,0.1
Li,Square,5e-07,10000.0,10.0,100,1e-08,0.5
Li,Square,5e-07,10000.0,10.0,100,1e-08,1.0
Li,Square,5e-07,10000.0,10.0,200,1e-09,0.1
Li,Square,5e-07,10000.0,10.0,200,1e-09,0.5
Li,Square,5e-07,10000.0,10.0,200,1e-09,1.0
Li,Square,5e-07,10000.0,10.0,200,5e-09,0.1
Li,Square,5e-07,10000.0,10.0,200,5e-09,0.5
Li,Square,5e-07,10000.0,10.0,200,5e-09,1.0
Li,Square,5e-07,10000.0,10.0,200,1e-08,0.1
Li,Square,5e-07,10000.0,10.0,200,1e-08,0.5
Li,Square,5e-07,10000.0,10.0,200,1e-08,1.0
Li,Square,5e-07,50000.0,0.1,50,1e-09,0.1
Li,Square,5e-07,50000.0,0.1,50,1e-09,0.5
Li,Square,5e-07,50000.0,0.1,50,1e-09,1.0
Li,Square,5e-07,50000.0,0.1,50,5e-09,0.1
Li,Square,5e-07,50000.0,0.1,50,5e-09,0.5
Li,Square,5e-07,50000.0,0.1,50,5e-09,1.0
Li,Square,5e-07,50000.0,0.1,50,1e-08,0.1
Li,Square,5e-07,50000.0,0.1,50,1e-08,0.5
Li,Square,5e-07,50000.0,0.1,50,1e-08,1.0
Li,Square,5e-07,50000.0,0.1,100,1e-09,0.1
Li,Square,5e-07,50000.0,0.1,100,1e-09,0.5
Li,Square,5e-07,50000.0,0.1,100,1e-09,1.0
Li,Square,5e-07,50000.0,0.1,100,5e-09,0.1
Li,Square,5e-07,50000.0,0.1,100,5e-09,0.5
Li,Square,5e-07,50000.0,0.1,100,5e-09,1.0
Li,Square,5e-07,50000.0,0.1,100,1e-08,0.1
Li,Square,5e-07,50000.0,0.1,100,1e-08,0.5
Li,Square,5e-07,50000.0,0.1,100,1e-08,1.0
Li,Square,5e-07,50000.0,0.1,200,1e-09,0.1
Li,Square,5e-07,50000.0,0.1,200,1e-09,0.5
Li,Square,5e-07,50000.0,0.1,200,1e-09,1.0
Li,Square,5e-07,50000.0,0.1,200,5e-09,0.1
Li,Square,5e-07,50000.0,0.1,200,5e-09,0.5
Li,Square,5e-07,50000.0,0.1,200,5e-09,1.0
Li,Square,5e-07,50000.0,0.1,200,1e-08,0.1
Li,Square,5e-07,50000.0,0.1,200,1e-08,0.5
Li,Square,5e-07,50000.0,0.1,200,1e-08,1.0
Li,Square,5e-07,50000.0,1.0,50,1e-09,0.1
Li,Square,5e-07,50000.0,1.0,50,1e-09,0.5
Li,Square,5e-07,50000.0,1.0,50,1e-09,1.0
Li,Square,5e-07,50000.0,1.0,50,5e-09,0.1
Li,Square,5e-07,50000.0,1.0,50,5e-09,0.5
Li,Square,5e-07,50000.0,1.0,50,5e-09,1.0
Li,Square,5e-07,50000.0,1.0,50,1e-08,0.1
Li,Square,5e-07,50000.0,1.0,50,1e-08,0.5
Li,Square,5e-07,50000.0,1.0,50,1e-08,1.0
Li,Square,5e-07,50000.0,1.0,100,1e-09,0.1
Li,Square,5e-07,50000.0,1.0,100,1e-09,0.5
Li,Square,5e-07,50000.0,1.0,100,1e-09,1.0
Li,Square,5e-07,50000.0,1.0,100,5e-09,0.1
Li,Square,5e-07,50000.0,1.0,100,5e-09,0.5
Li,Square,5e-07,50000.0,1.0,100,5e-09,1.0
Li,Square,5e-07,50000.0,1.0,100,1e-08,0.1
Li,Square,5e-07,50000.0,1.0,100,1e-08,0.5
Li,Square,5e-07,50000.0,1.0,100,1e-08,1.0
Li,Square,5e-07,50000.0,1.0,200,1e-09,0.1
Li,Square,5e-07,50000.0,1.0,200,1e-09,0.5
Li,Square,5e-07,50000.0,1.0,200,1e-09,1.0
Li,Square,5e-07,50000.0,1.0,200,5e-09,0.1
Li,Square,5e-07,50000.0,1.0,200,5e-09,0.5
Li,Square,5e-07,50000.0,1.0,200,5e-09,1.0
Li,Square,5e-07,50000.0,1.0,200,1e-08,0.1
Li,Square,5e-07,50000.0,1.0,200,1e-08,0.5
Li,Square,5e-07,50000.0,1.0,200,1e-08,1.0
Li,Square,5e-07,50000.0,10.0,50,1e-09,0.1
Li,Square,5e-07,50000.0,10.0,50,1e-09,0.5
Li,Square,5e-07,50000.0,10.0,50,1e-09,1.0
Li,Square,5e-07,50000.0,10.0,50,5e-09,0.1
Li,Square,5e-07,50000.0,10.0,50,5e-09,0.5
Li,Square,5e-07,50000.0,10.0,50,5e-09,1.0
Li,Square,5e-07,50000.0,10.0,50,1e-08,0.1
Li,Square,5e-07,50000.0,10.0,50,1e-08,0.5
Li,Square,5e-07,50000.0,10.0,50,1e-08,1.0
Li,Square,5e-07,50000.0,10.0,100,1e-09,0.1
Li,Square,5e-07,50000.0,10.0,100,1e-09,0.5
Li,Square,5e-07,50000.0,10.0,100,1e-09,1.0
Li,Square,5e-07,50000.0,10.0,100,5e-09,0.1
Li,Square,5e-07,50000.0,10.0,100,5e-09,0.5
Li,Square,5e-07,50000.0,10.0,100,5e-09,1.0
Li,Square,5e-07,50000.0,10.0,100,1e-08,0.1
Li,Square,5e-07,50000.0,10.0,100,1e-08,0.5
Li,Square,5e-07,50000.0,10.0,100,1e-08,1.0
Li,Square,5e-07,50000.0,10.0,200,1e-09,0.1
Li,Square,5e-07,50000.0,10.0,200,1e-09,0.5
Li,Square,5e-07,50000.0,10.0,200,1e-09,1.0
Li,Square,5e-07,50000.0,10.0,200,5e-09,0.1
Li,Square,5e-07,50000.0,10.0,200,5e-09,0.5
Li,Square,5e-07,50000.0,10.0,200,5e-09,1.0
Li,Square,5e-07,50000.0,10.0,200,1e-08,0.1
Li,Square,5e-07,50000.0,10.0,200,1e-08,0.5
Li,Square,5e-07,50000.0,10.0,200,1e-08,1.0
Li,Square,5e-07,100000.0,0.1,50,1e-09,0.1
Li,Square,5e-07,100000.0,0.1,50,1e-09,0.5
Li,Square,5e-07,100000.0,0.1,50,1e-09,1.0
Li,Square,5e-07,100000.0,0.1,50,5e-09,0.1
Li,Square,5e-07,100000.0,0.1,50,5e-09,0.5
Li,Square,5e-07,100000.0,0.1,50,5e-09,1.0
Li,Square,5e-07,100000.0,0.1,50,1e-08,0.1
Li,Square,5e-07,100000.0,0.1,50,1e-08,0.5
Li,Square,5e-07,100000.0,0.1,50,1e-08,1.0
Li,Square,5e-07,100000.0,0.1,100,1e-09,0.1
Li,Square,5e-07,100000.0,0.1,100,1e-09,0.5
Li,Square,5e-07,100000.0,0.1,100,1e-09,1.0
Li,Square,5e-07,100000.0,0.1,100,5e-09,0.1
Li,Square,5e-07,100000.0,0.1,100,5e-09,0.5
Li,Square,5e-07,100000.0,0.1,100,5e-09,1.0
Li,Square,5e-07,100000.0,0.1,100,1e-08,0.1
Li,Square,5e-07,100000.0,0.1,100,1e-08,0.5
Li,Square,5e-07,100000.0,0.1,100,1e-08,1.0
Li,Square,5e-07,100000.0,0.1,200,1e-09,0.1
Li,Square,5e-07,100000.0,0.1,200,1e-09,0.5
Li,Square,5e-07,100000.0,0.1,200,1e-09,1.0
Li,Square,5e-07,100000.0,0.1,200,5e-09,0.1
Li,Square,5e-07,100000.0,0.1,200,5e-09,0.5
Li,Square,5e-07,100000.0,0.1,200,5e-09,1.0
Li,Square,5e-07,100000.0,0.1,200,1e-08,0.1
Li,Square,5e-07,100000.0,0.1,200,1e-08,0.5
Li,Square,5e-07,100000.0,0.1,200,1e-08,1.0
Li,Square,5e-07,100000.0,1.0,50,1e-09,0.1
Li,Square,5e-07,100000.0,1.0,50,1e-09,0.5
Li,Square,5e-07,100000.0,1.0,50,1e-09,1.0
Li,Square,5e-07,100000.0,1.0,50,5e-09,0.1
Li,Square,5e-07,100000.0,1.0,50,5e-09,0.5
Li,Square,5e-07,100000.0,1.0,50,5e-09,1.0
Li,Square,5e-07,100000.0,1.0,50,1e-08,0.1
Li,Square,5e-07,100000.0,1.0,50,1e-08,0.5
Li,Square,5e-07,100000.0,1.0,50,1e-08,1.0
Li,Square,5e-07,100000.0,1.0,100,1e-09,0.1
Li,Square,5e-07,100000.0,1.0,100,1e-09,0.5
Li,Square,5e-07,100000.0,1.0,100,1e-09,1.0
Li,Square,5e-07,100000.0,1.0,100,5e-09,0.1
Li,Square,5e-07,100000.0,1.0,100,5e-09,0.5
Li,Square,5e-07,100000.0,1.0,100,5e-09,1.0
Li,Square,5e-07,100000.0,1.0,100,1e-08,0.1
Li,Square,5e-07,100000.0,1.0,100,1e-08,0.5
Li,Square,5e-07,100000.0,1.0,100,1e-08,1.0
Li,Square,5e-07,100000.0,1.0,200,1e-09,0.1
Li,Square,5e-07,100000.0,1.0,200,1e-09,0.5
Li,Square,5e-07,100000.0,1.0,200,1e-09,1.0
Li,Square,5e-07,100000.0,1.0,200,5e-09,0.1
Li,Square,5e-07,100000.0,1.0,200,5e-09,0.5
Li,Square,5e-07,100000.0,1.0,200,5e-09,1.0
Li,Square,5e-07,100000.0,1.0,200,1e-08,0.1
Li,Square,5e-07,100000.0,1.0,200,1e-08,0.5
Li,Square,5e-07,100000.0,1.0,200,1e-08,1.0
Li,Square,5e-07,100000.0,10.0,50,1e-09,0.1
Li,Square,5e-07,100000.0,10.0,50,1e-09,0.5
Li,Square,5e-07,100000.0,10.0,50,1e-09,1.0
Li,Square,5e-07,100000.0,10.0,50,5e-09,0.1
Li,Square,5e-07,100000.0,10.0,50,5e-09,0.5
Li,Square,5e-07,100000.0,10.0,50,5e-09,1.0
Li,Square,5e-07,100000.0,10.0,50,1e-08,0.1
Li,Square,5e-07,100000.0,10.0,50,1e-08,0.5
Li,Square,5e-07,100000.0,10.0,50,1e-08,1.0
Li,Square,5e-07,100000.0,10.0,100,1e-09,0.1
Li,Square,5e-07,100000.0,10.0,100,1e-09,0.5
Li,Square,5e-07,100000.0,10.0,100,1e-09,1.0
Li,Square,5e-07,100000.0,10.0,100,5e-09,0.1
Li,Square,5e-07,100000.0,10.0,100,5e-09,0.5
Li,Square,5e-07,100000.0,10.0,100,5e-09,1.0
Li,Square,5e-07,100000.0,10.0,100,1e-08,0.1
Li,Square,5e-07,100000.0,10.0,100,1e-08,0.5
Li,Square,5e-07,100000.0,10.0,100,1e-08,1.0
Li,Square,5e-07,100000.0,10.0,200,1e-09,0.1
Li,Square,5e-07,100000.0,10.0,200,1e-09,0.5
Li,Square,5e-07,100000.0,10.0,200,1e-09,1.0
Li,Square,5e-07,100000.0,10.0,200,5e-09,0.1
Li,Square,5e-07,100000.0,10.0,200,5e-09,0.5
Li,Square,5e-07,100000.0,10.0,200,5e-09,1.0
Li,Square,5e-07,100000.0,10.0,200,1e-08,0.1
Li,Square,5e-07,100000.0,10.0,200,1e-08,0.5
Li,Square,5e-07,100000.0,10.0,200,1e-08,1.0
Li,Square,7e-07,10000.0,0.1,50,1e-09,0.1
Li,Square,7e-07,10000.0,0.1,50,1e-09,0.5
Li,Square,7e-07,10000.0,0.1,50,1e-09,1.0
Li,Square,7e-07,10000.0,0.1,50,5e-09,0.1
Li,Square,7e-07,10000.0,0.1,50,5e-09,0.5
Li,Square,7e-07,10000.0,0.1,50,5e-09,1.0
Li,Square,7e-07,10000.0,0.1,50,1e-08,0.1
Li,Square,7e-07,10000.0,0.1,50,1e-08,0.5
Li,Square,7e-07,10000.0,0.1,50,1e-08,1.0
Li,Square,7e-07,10000.0,0.1,100,1e-09,0.1
Li,Square,7e-07,10000.0,0.1,100,1e-09,0.5
Li,Square,7e-07,10000.0,0.1,100,1e-09,1.0
Li,Square,7e-07,10000.0,0.1,100,5e-09,0.1
Li,Square,7e-07,10000.0,0.1,100,5e-09,0.5
Li,Square,7e-07,10000.0,0.1,100,5e-09,1.0
Li,Square,7e-07,10000.0,0.1,100,1e-08,0.1
Li,Square,7e-07,10000.0,0.1,100,1e-08,0.5
Li,Square,7e-07,10000.0,0.1,100,1e-08,1.0
Li,Square,7e-07,10000.0,0.1,200,1e-09,0.1
Li,Square,7e-07,10000.0,0.1,200,1e-09,0.5
Li,Square,7e-07,10000.0,0.1,200,1e-09,1.0
Li,Square,7e-07,10000.0,0.1,200,5e-09,0.1
Li,Square,7e-07,10000.0,0.1,200,5e-09,0.5
Li,Square,7e-07,10000.0,0.1,200,5e-09,1.0
Li,Square,7e-07,10000.0,0.1,200,1e-08,0.1
Li,Square,7e-07,10000.0,0.1,200,1e-08,0.5
Li,Square,7e-07,10000.0,0.1,200,1e-08,1.0
Li,Square,7e-07,10000.0,1.0,50,1e-09,0.1
Li,Square,7e-07,10000.0,1.0,50,1e-09,0.5
Li,Square,7e-07,10000.0,1.0,50,1e-09,1.0
Li,Square,7e-07,10000.0,1.0,50,5e-09,0.1
Li,Square,7e-07,10000.0,1.0,50,5e-09,0.5
Li,Square,7e-07,10000.0,1.0,50,5e-09,1.0
Li,Square,7e-07,10000.0,1.0,50,1e-08,0.1
Li,Square,7e-07,10000.0,1.0,50,1e-08,0.5
Li,Square,7e-07,10000.0,1.0,50,1e-08,1.0
Li,Square,7e-07,10000.0,1.0,100,1e-09,0.1
Li,Square,7e-07,10000.0,1.0,100,1e-09,0.5
Li,Square,7e-07,10000.0,1.0,100,1e-09,1.0
Li,Square,7e-07,10000.0,1.0,100,5e-09,0.1
Li,Square,7e-07,10000.0,1.0,100,5e-09,0.5
Li,Square,7e-07,10000.0,1.0,100,5e-09,1.0
Li,Square,7e-07,10000.0,1.0,100,1e-08,0.1
Li,Square,7e-07,10000.0,1.0,100,1e-08,0.5
Li,Square,7e-07,10000.0,1.0,100,1e-08,1.0
Li,Square,7e-07,10000.0,1.0,200,1e-09,0.1
Li,Square,7e-07,10000.0,1.0,200,1e-09,0.5
Li,Square,7e-07,10000.0,1.0,200,1e-09,1.0
Li,Square,7e-07,10000.0,1.0,200,5e-09,0.1
Li,Square,7e-07,10000.0,1.0,200,5e-09,0.5
Li,Square,7e-07,10000.0,1.0,200,5e-09,1.0
Li,Square,7e-07,10000.0,1.0,200,1e-08,0.1
Li,Square,7e-07,10000.0,1.0,200,1e-08,0.5
Li,Square,7e-07,10000.0,1.0,200,1e-08,1.0
Li,Square,7e-07,10000.0,10.0,50,1e-09,0.1
Li,Square,7e-07,10000.0,10.0,50,1e-09,0.5
Li,Square,7e-07,10000.0,10.0,50,1e-09,1.0
Li,Square,7e-07,10000.0,10.0,50,5e-09,0.1
Li,Square,7e-07,10000.0,10.0,50,5e-09,0.5
Li,Square,7e-07,10000.0,10.0,50,5e-09,1.0
Li,Square,7e-07,10000.0,10.0,50,1e-08,0.1
Li,Square,7e-07,10000.0,10.0,50,1e-08,0.5
Li,Square,7e-07,10000.0,10.0,50,1e-08,1.0
Li,Square,7e-07,10000.0,10.0,100,1e-09,0.1
Li,Square,7e-07,10000.0,10.0,100,1e-09,0.5
Li,Square,7e-07,10000.0,10.0,100,1e-09,1.0
Li,Square,7e-07,10000.0,10.0,100,5e-09,0.1
Li,Square,7e-07,10000.0,10.0,100,5e-09,0.5
Li,Square,7e-07,10000.0,10.0,100,5e-09,1.0
Li,Square,7e-07,10000.0,10.0,100,1e-08,0.1
Li,Square,7e-07,10000.0,10.0,100,1e-08,0.5
Li,Square,7e-07,10000.0,10.0,100,1e-08,1.0
Li,Square,7e-07,10000.0,10.0,200,1e-09,0.1
Li,Square,7e-07,10000.0,10.0,200,1e-09,0.5
Li,Square,7e-07,10000.0,10.0,200,1e-09,1.0
Li,Square,7e-07,10000.0,10.0,200,5e-09,0.1
Li,Square,7e-07,10000.0,10.0,200,5e-09,0.5
Li,Square,7e-07,10000.0,10.0,200,5e-09,1.0
Li,Square,7e-07,10000.0,10.0,200,1e-08,0.1
Li,Square,7e-07,10000.0,10.0,200,1e-08,0.5
Li,Square,7e-07,10000.0,10.0,200,1e-08,1.0
Li,Square,7e-07,50000.0,0.1,50,1e-09,0.1
Li,Square,7e-07,50000.0,0.1,50,1e-09,0.5
Li,Square,7e-07,50000.0,0.1,50,1e-09,1.0
Li,Square,7e-07,50000.0,0.1,50,5e-09,0.1
Li,Square,7e-07,50000.0,0.1,50,5e-09,0.5
Li,Square,7e-07,50000.0,0.1,50,5e-09,1.0
Li,Square,7e-07,50000.0,0.1,50,1e-08,0.1
Li,Square,7e-07,50000.0,0.1,50,1e-08,0.5
Li,Square,7e-07,50000.0,0.1,50,1e-08,1.0
Li,Square,7e-07,50000.0,0.1,100,1e-09,0.1
Li,Square,7e-07,50000.0,0.1,100,1e-09,0.5
Li,Square,7e-07,50000.0,0.1,100,1e-09,1.0
Li,Square,7e-07,50000.0,0.1,100,5e-09,0.1
Li,Square,7e-07,50000.0,0.1,100,5e-09,0.5
Li,Square,7e-07,50000.0,0.1,100,5e-09,1.0
Li,Square,7e-07,50000.0,0.1,100,1e-08,0.1
Li,Square,7e-07,50000.0,0.1,100,1e-08,0.5
Li,Square,7e-07,50000.0,0.1,100,1e-08,1.0
Li,Square,7e-07,50000.0,0.1,200,1e-09,0.1
Li,Square,7e-07,50000.0,0.1,200,1e-09,0.5
Li,Square,7e-07,50000.0,0.1,200,1e-09,1.0
Li,Square,7e-07,50000.0,0.1,200,5e-09,0.1
Li,Square,7e-07,50000.0,0.1,200,5e-09,0.5
Li,Square,7e-07,50000.0,0.1,200,5e-09,1.0
Li,Square,7e-07,50000.0,0.1,200,1e-08,0.1
Li,Square,7e-07,50000.0,0.1,200,1e-08,0.5
Li,Square,7e-07,50000.0,0.1,200,1e-08,1.0
Li,Square,7e-07,50000.0,1.0,50,1e-09,0.1
Li,Square,7e-07,50000.0,1.0,50,1e-09,0.5
Li,Square,7e-07,50000.0,1.0,50,1e-09,1.0
Li,Square,7e-07,50000.0,1.0,50,5e-09,0.1
Li,Square,7e-07,50000.0,1.0,50,5e-09,0.5
Li,Square,7e-07,50000.0,1.0,50,5e-09,1.0
Li,Square,7e-07,50000.0,1.0,50,1e-08,0.1
Li,Square,7e-07,50000.0,1.0,50,1e-08,0.5
Li,Square,7e-07,50000.0,1.0,50,1e-08,1.0
Li,Square,7e-07,50000.0,1.0,100,1e-09,0.1
Li,Square,7e-07,50000.0,1.0,100,1e-09,0.5
Li,Square,7e-07,50000.0,1.0,100,1e-09,1.0
Li,Square,7e-07,50000.0,1.0,100,5e-09,0.1
Li,Square,7e-07,50000.0,1.0,100,5e-09,0.5
Li,Square,7e-07,50000.0,1.0,100,5e-09,1.0
Li,Square,7e-07,50000.0,1.0,100,1e-08,0.1
Li,Square,7e-07,50000.0,1.0,100,1e-08,0.5
Li,Square,7e-07,50000.0,1.0,100,1e-08,1.0
Li,Square,7e-07,50000.0,1.0,200,1e-09,0.1
Li,Square,7e-07,50000.0,1.0,200,1e-09,0.5
Li,Square,7e-07,50000.0,1.0,200,1e-09,1.0
Li,Square,7e-07,50000.0,1.0,200,5e-09,0.1
Li,Square,7e-07,50000.0,1.0,200,5e-09,0.5
Li,Square,7e-07,50000.0,1.0,200,5e-09,1.0
Li,Square,7e-07,50000.0,1.0,200,1e-08,0.1
Li,Square,7e-07,50000.0,1.0,200,1e-08,0.5
Li,Square,7e-07,50000.0,1.0,200,1e-08,1.0
Li,Square,7e-07,50000.0,10.0,50,1e-09,0.1
Li,Square,7e-07,50000.0,10.0,50,1e-09,0.5
Li,Square,7e-07,50000.0,10.0,50,1e-09,1.0
Li,Square,7e-07,50000.0,10.0,50,5e-09,0.1
Li,Square,7e-07,50000.0,10.0,50,5e-09,0.5
Li,Square,7e-07,50000.0,10.0,50,5e-09,1.0
Li,Square,7e-07,50000.0,10.0,50,1e-08,0.1
Li,Square,7e-07,50000.0,10.0,50,1e-08,0.5
Li,Square,7e-07,50000.0,10.0,50,1e-08,1.0
Li,Square,7e-07,50000.0,10.0,100,1e-09,0.1
Li,Square,7e-07,50000.0,10.0,100,1e-09,0.5
Li,Square,7e-07,50000.0,10.0,100,1e-09,1.0
Li,Square,7e-07,50000.0,10.0,100,5e-09,0.1
Li,Square,7e-07,50000.0,10.0,100,5e-09,0.5
Li,Square,7e-07,50000.0,10.0,100,5e-09,1.0
Li,Square,7e-07,50000.0,10.0,100,1e-08,0.1
Li,Square,7e-07,50000.0,10.0,100,1e-08,0.5
Li,Square,7e-07,50000.0,10.0,100,1e-08,1.0
Li,Square,7e-07,50000.0,10.0,200,1e-09,0.1
Li,Square,7e-07,50000.0,10.0,200,1e-09,0.5
Li,Square,7e-07,50000.0,10.0,200,1e-09,1.0
Li,Square,7e-07,50000.0,10.0,200,5e-09,0.1
Li,Square,7e-07,50000.0,10.0,200,5e-09,0.5
Li,Square,7e-07,50000.0,10.0,200,5e-09,1.0
Li,Square,7e-07,50000.0,10.0,200,1e-08,0.1
Li,Square,7e-07,50000.0,10.0,200,1e-08,0.5
Li,Square,7e-07,50000.0,10.0,200,1e-08,1.0
Li,Square,7e-07,100000.0,0.1,50,1e-09,0.1
Li,Square,7e-07,100000.0,0.1,50,1e-09,0.5
Li,Square,7e-07,100000.0,0.1,50,1e-09,1.0
Li,Square,7e-07,100000.0,0.1,50,5e-09,0.1
Li,Square,7e-07,100000.0,0.1,50,5e-09,0.5
Li,Square,7e-07,100000.0,0.1,50,5e-09,1.0
Li,Square,7e-07,100000.0,0.1,50,1e-08,0.1
Li,Square,7e-07,100000.0,0.1,50,1e-08,0.5
Li,Square,7e-07,100000.0,0.1,50,1e-08,1.0
Li,Square,7e-07,100000.0,0.1,100,1e-09,0.1
Li,Square,7e-07,100000.0,0.1,100,1e-09,0.5
Li,Square,7e-07,100000.0,0.1,100,1e-09,1.0
Li,Square,7e-07,100000.0,0.1,100,5e-09,0.1
Li,Square,7e-07,100000.0,0.1,100,5e-09,0.5
Li,Square,7e-07,100000.0,0.1,100,5e-09,1.0
Li,Square,7e-07,100000.0,0.1,100,1e-08,0.1
Li,Square,7e-07,100000.0,0.1,100,1e-08,0.5
Li,Square,7e-07,100000.0,0.1,100,1e-08,1.0
Li,Square,7e-07,100000.0,0.1,200,1e-09,0.1
Li,Square,7e-07,100000.0,0.1,200,1e-09,0.5
Li,Square,7e-07,100000.0,0.1,200,1e-09,1.0
Li,Square,7e-07,100000.0,0.1,200,5e-09,0.1
Li,Square,7e-07,100000.0,0.1,200,5e-09,0.5
Li,Square,7e-07,100000.0,0.1,200,5e-09,1.0
Li,Square,7e-07,100000.0,0.1,200,1e-08,0.1
Li,Square,7e-07,100000.0,0.1,200,1e-08,0.5
Li,Square,7e-07,100000.0,0.1,200,1e-08,1.0
Li,Square,7e-07,100000.0,1.0,50,1e-09,0.1
Li,Square,7e-07,100000.0,1.0,50,1e-09,0.5
Li,Square,7e-07,100000.0,1.0,50,1e-09,1.0
Li,Square,7e-07,100000.0,1.0,50,5e-09,0.1
Li,Square,7e-07,100000.0,1.0,50,5e-09,0.5
Li,Square,7e-07,100000.0,1.0,50,5e-09,1.0
Li,Square,7e-07,100000.0,1.0,50,1e-08,0.1
Li,Square,7e-07,100000.0,1.0,50,1e-08,0.5
Li,Square,7e-07,100000.0,1.0,50,1e-08,1.0
Li,Square,7e-07,100000.0,1.0,100,1e-09,0.1
Li,Square,7e-07,100000.0,1.0,100,1e-09,0.5
Li,Square,7e-07,100000.0,1.0,100,1e-09,1.0
Li,Square,7e-07,100000.0,1.0,100,5e-09,0.1
Li,Square,7e-07,100000.0,1.0,100,5e-09,0.5
Li,Square,7e-07,100000.0,1.0,100,5e-09,1.0
Li,Square,7e-07,100000.0,1.0,100,1e-08,0.1
Li,Square,7e-07,100000.0,1.0,100,1e-08,0.5
Li,Square,7e-07,100000.0,1.0,100,1e-08,1.0
Li,Square,7e-07,100000.0,1.0,200,1e-09,0.1
Li,Square,7e-07,100000.0,1.0,200,1e-09,0.5
Li,Square,7e-07,100000.0,1.0,200,1e-09,1.0
Li,Square,7e-07,100000.0,1.0,200,5e-09,0.1
Li,Square,7e-07,100000.0,1.0,200,5e-09,0.5
Li,Square,7e-07,100000.0,1.0,200,5e-09,1.0
Li,Square,7e-07,100000.0,1.0,200,1e-08,0.1
Li,Square,7e-07,100000.0,1.0,200,1e-08,0.5
Li,Square,7e-07,100000.0,1.0,200,1e-08,1.0
Li,Square,7e-07,100000.0,10.0,50,1e-09,0.1
Li,Square,7e-07,100000.0,10.0,50,1e-09,0.5
Li,Square,7e-07,100000.0,10.0,50,1e-09,1.0
Li,Square,7e-07,100000.0,10.0,50,5e-09,0.1
Li,Square,7e-07,100000.0,10.0,50,5e-09,0.5
Li,Square,7e-07,100000.0,10.0,50,5e-09,1.0
Li,Square,7e-07,100000.0,10.0,50,1e-08,0.1
Li,Square,7e-07,100000.0,10.0,50,1e-08,0.5
Li,Square,7e-07,100000.0,10.0,50,1e-08,1.0
Li,Square,7e-07,100000.0,10.0,100,1e-09,0.1
Li,Square,7e-07,100000.0,10.0,100,1e-09,0.5
Li,Square,7e-07,100000.0,10.0,100,1e-09,1.0
Li,Square,7e-07,100000.0,10.0,100,5e-09,0.1
Li,Square,7e-07,100000.0,10.0,100,5e-09,0.5
Li,Square,7e-07,100000.0,10.0,100,5e-09,1.0
Li,Square,7e-07,100000.0,10.0,100,1e-08,0.1
Li,Square,7e-07,100000.0,10.0,100,1e-08,0.5
Li,Square,7e-07,100000.0,10.0,100,1e-08,1.0
Li,Square,7e-07,100000.0,10.0,200,1e-09,0.1
Li,Square,7e-07,100000.0,10.0,200,1e-09,0.5
Li,Square,7e-07,100000.0,10.0,200,1e-09,1.0
Li,Square,7e-07,100000.0,10.0,200,5e-09,0.1
Li,Square,7e-07,100000.0,10.0,200,5e-09,0.5
Li,Square,7e-07,100000.0,10.0,200,5e-09,1.0
Li,Square,7e-07,100000.0,10.0,200,1e-08,0.1
Li,Square,7e-07,100000.0,10.0,200,1e-08,0.5
Li,Square,7e-07,100000.0,10.0,200,1e-08,1.0
Li,Square,1e-06,10000.0,0.1,50,1e-09,0.1
Li,Square,1e-06,10000.0,0.1,50,1e-09,0.5
Li,Square,1e-06,10000.0,0.1,50,1e-09,1.0
Li,Square,1e-06,10000.0,0.1,50,5e-09,0.1
Li,Square,1e-06,10000.0,0.1,50,5e-09,0.5
Li,Square,1e-06,10000.0,0.1,50,5e-09,1.0
Li,Square,1e-06,10000.0,0.1,50,1e-08,0.1
Li,Square,1e-06,10000.0,0.1,50,1e-08,0.5
Li,Square,1e-06,10000.0,0.1,50,1e-08,1.0
Li,Square,1e-06,10000.0,0.1,100,1e-09,0.1
Li,Square,1e-06,10000.0,0.1,100,1e-09,0.5
Li,Square,1e-06,10000.0,0.1,100,1e-09,1.0
Li,Square,1e-06,10000.0,0.1,100,5e-09,0.1
Li,Square,1e-06,10000.0,0.1,100,5e-09,0.5
Li,Square,1e-06,10000.0,0.1,100,5e-09,1.0
Li,Square,1e-06,10000.0,0.1,100,1e-08,0.1
Li,Square,1e-06,10000.0,0.1,100,1e-08,0.5
Li,Square,1e-06,10000.0,0.1,100,1e-08,1.0
Li,Square,1e-06,10000.0,0.1,200,1e-09,0.1
Li,Square,1e-06,10000.0,0.1,200,1e-09,0.5
Li,Square,1e-06,10000.0,0.1,200,1e-09,1.0
Li,Square,1e-06,10000.0,0.1,200,5e-09,0.1
Li,Square,1e-06,10000.0,0.1,200,5e-09,0.5
Li,Square,1e-06,10000.0,0.1,200,5e-09,1.0
Li,Square,1e-06,10000.0,0.1,200,1e-08,0.1
Li,Square,1e-06,10000.0,0.1,200,1e-08,0.5
Li,Square,1e-06,10000.0,0.1,200,1e-08,1.0
Li,Square,1e-06,10000.0,1.0,50,1e-09,0.1
Li,Square,1e-06,10000.0,1.0,50,1e-09,0.5
Li,Square,1e-06,10000.0,1.0,50,1e-09,1.0
Li,Square,1e-06,10000.0,1.0,50,5e-09,0.1
Li,Square,1e-06,10000.0,1.0,50,5e-09,0.5
Li,Square,1e-06,10000.0,1.0,50,5e-09,1.0
Li,Square,1e-06,10000.0,1.0,50,1e-08,0.1
Li,Square,1e-06,10000.0,1.0,50,1e-08,0.5
Li,Square,1e-06,10000.0,1.0,50,1e-08,1.0
Li,Square,1e-06,10000.0,1.0,100,1e-09,0.1
Li,Square,1e-06,10000.0,1.0,100,1e-09,0.5
Li,Square,1e-06,10000.0,1.0,100,1e-09,1.0
Li,Square,1e-06,10000.0,1.0,100,5e-09,0.1
Li,Square,1e-06,10000.0,1.0,100,5e-09,0.5
Li,Square,1e-06,10000.0,1.0,100,5e-09,1.0
Li,Square,1e-06,10000.0,1.0,100,1e-08,0.1
Li,Square,1e-06,10000.0,1.0,100,1e-08,0.5
Li,Square,1e-06,10000.0,1.0,100,1e-08,1.0
Li,Square,1e-06,10000.0,1.0,200,1e-09,0.1
Li,Square,1e-06,10000.0,1.0,200,1e-09,0.5
Li,Square,1e-06,10000.0,1.0,200,1e-09,1.0
Li,Square,1e-06,10000.0,1.0,200,5e-09,0.1
Li,Square,1e-06,10000.0,1.0,200,5e-09,0.5
Li,Square,1e-06,10000.0,1.0,200,5e-09,1.0
Li,Square,1e-06,10000.0,1.0,200,1e-08,0.1
Li,Square,1e-06,10000.0,1.0,200,1e-08,0.5
Li,Square,1e-06,10000.0,1.0,200,1e-08,1.0
Li,Square,1e-06,10000.0,10.0,50,1e-09,0.1
Li,Square,1e-06,10000.0,10.0,50,1e-09,0.5
Li,Square,1e-06,10000.0,10.0,50,1e-09,1.0
Li,Square,1e-06,10000.0,10.0,50,5e-09,0.1
Li,Square,1e-06,10000.0,10.0,50,5e-09,0.5
Li,Square,1e-06,10000.0,10.0,50,5e-09,1.0
Li,Square,1e-06,10000.0,10.0,50,1e-08,0.1
Li,Square,1e-06,10000.0,10.0,50,1e-08,0.5
Li,Square,1e-06,10000.0,10.0,50,1e-08,1.0
Li,Square,1e-06,10000.0,10.0,100,1e-09,0.1
Li,Square,1e-06,10000.0,10.0,100,1e-09,0.5
Li,Square,1e-06,10000.0,10.0,100,1e-09,1.0
Li,Square,1e-06,10000.0,10.0,100,5e-09,0.1
Li,Square,1e-06,10000.0,10.0,100,5e-09,0.5
Li,Square,1e-06,10000.0,10.0,100,5e-09,1.0
Li,Square,1e-06,10000.0,10.0,100,1e-08,0.1
Li,Square,1e-06,10000.0,10.0,100,1e-08,0.5
Li,Square,1e-06,10000.0,10.0,100,1e-08,1.0
Li,Square,1e-06,10000.0,10.0,200,1e-09,0.1
Li,Square,1e-06,10000.0,10.0,200,1e-09,0.5
Li,Square,1e-06,10000.0,10.0,200,1e-09,1.0
Li,Square,1e-06,10000.0,10.0,200,5e-09,0.1
Li,Square,1e-06,10000.0,10.0,200,5e-09,0.5
Li,Square,1e-06,10000.0,10.0,200,5e-09,1.0
Li,Square,1e-06,10000.0,10.0,200,1e-08,0.1
Li,Square,1e-06,10000.0,10.0,200,1e-08,0.5
Li,Square,1e-06,10000.0,10.0,200,1e-08,1.0
Li,Square,1e-06,50000.0,0.1,50,1e-09,0.1
Li,Square,1e-06,50000.0,0.1,50,1e-09,0.5
Li,Square,1e-06,50000.0,0.1,50,1e-09,1.0
Li,Square,1e-06,50000.0,0.1,50,5e-09,0.1
Li,Square,1e-06,50000.0,0.1,50,5e-09,0.5
Li,Square,1e-06,50000.0,0.1,50,5e-09,1.0
Li,Square,1e-06,50000.0,0.1,50,1e-08,0.1
Li,Square,1e-06,50000.0,0.1,50,1e-08,0.5
Li,Square,1e-06,50000.0,0.1,50,1e-08,1.0
Li,Square,1e-06,50000.0,0.1,100,1e-09,0.1
Li,Square,1e-06,50000.0,0.1,100,1e-09,0.5
Li,Square,1e-06,50000.0,0.1,100,1e-09,1.0
Li,Square,1e-06,50000.0,0.1,100,5e-09,0.1
Li,Square,1e-06,50000.0,0.1,100,5e-09,0.5
Li,Square,1e-06,50000.0,0.1,100,5e-09,1.0
Li,Square,1e-06,50000.0,0.1,100,1e-08,0.1
Li,Square,1e-06,50000.0,0.1,100,1e-08,0.5
Li,Square,1e-06,50000.0,0.1,100,1e-08,1.0
Li,Square,1e-06,50000.0,0.1,200,1e-09,0.1
Li,Square,1e-06,50000.0,0.1,200,1e-09,0.5
Li,Square,1e-06,50000.0,0.1,200,1e-09,1.0
Li,Square,1e-06,50000.0,0.1,200,5e-09,0.1
Li,Square,1e-06,50000.0,0.1,200,5e-09,0.5
Li,Square,1e-06,50000.0,0.1,200,5e-09,1.0
Li,Square,1e-06,50000.0,0.1,200,1e-08,0.1
Li,Square,1e-06,50000.0,0.1,200,1e-08,0.5
Li,Square,1e-06,50000.0,0.1,200,1e-08,1.0
Li,Square,1e-06,50000.0,1.0,50,1e-09,0.1
Li,Square,1e-06,50000.0,1.0,50,1e-09,0.5
Li,Square,1e-06,50000.0,1.0,50,1e-09,1.0
Li,Square,1e-06,50000.0,1.0,50,5e-09,0.1
Li,Square,1e-06,50000.0,1.0,50,5e-09,0.5
Li,Square,1e-06,50000.0,1.0,50,5e-09,1.0
Li,Square,1e-06,50000.0,1.0,50,1e-08,0.1
Li,Square,1e-06,50000.0,1.0,50,1e-08,0.5
Li,Square,1e-06,50000.0,1.0,50,1e-08,1.0
Li,Square,1e-06,50000.0,1.0,100,1e-09,0.1
Li,Square,1e-06,50000.0,1.0,100,1e-09,0.5
Li,Square,1e-06,50000.0,1.0,100,1e-09,1.0
Li,Square,1e-06,50000.0,1.0,100,5e-09,0.1
Li,Square,1e-06,50000.0,1.0,100,5e-09,0.5
Li,Square,1e-06,50000.0,1.0,100,5e-09,1.0
Li,Square,1e-06,50000.0,1.0,100,1e-08,0.1
Li,Square,1e-06,50000.0,1.0,100,1e-08,0.5
Li,Square,1e-06,50000.0,1.0,100,1e-08,1.0
Li,Square,1e-06,50000.0,1.0,200,1e-09,0.1
Li,Square,1e-06,50000.0,1.0,200,1e-09,0.5
Li,Square,1e-06,50000.0,1.0,200,1e-09,1.0
Li,Square,1e-06,50000.0,1.0,200,5e-09,0.1
Li,Square,1e-06,50000.0,1.0,200,5e-09,0.5
Li,Square,1e-06,50000.0,1.0,200,5e-09,1.0
Li,Square,1e-06,50000.0,1.0,200,1e-08,0.1
Li,Square,1e-06,50000.0,1.0,200,1e-08,0.5
Li,Square,1e-06,50000.0,1.0,200,1e-08,1.0
Li,Square,1e-06,50000.0,10.0,50,1e-09,0.1
Li,Square,1e-06,50000.0,10.0,50,1e-09,0.5
Li,Square,1e-06,50000.0,10.0,50,1e-09,1.0
Li,Square,1e-06,50000.0,10.0,50,5e-09,0.1
Li,Square,1e-06,50000.0,10.0,50,5e-09,0.5
Li,Square,1e-06,50000.0,10.0,50,5e-09,1.0
Li,Square,1e-06,50000.0,10.0,50,1e-08,0.1
Li,Square,1e-06,50000.0,10.0,50,1e-08,0.5
Li,Square,1e-06,50000.0,10.0,50,1e-08,1.0
Li,Square,1e-06,50000.0,10.0,100,1e-09,0.1
Li,Square,1e-06,50000.0,10.0,100,1e-09,0.5
Li,Square,1e-06,50000.0,10.0,100,1e-09,1.0
Li,Square,1e-06,50000.0,10.0,100,5e-09,0.1
Li,Square,1e-06,50000.0,10.0,100,5e-09,0.5
Li,Square,1e-06,50000.0,10.0,100,5e-09,1.0
Li,Square,1e-06,50000.0,10.0,100,1e-08,0.1
Li,Square,1e-06,50000.0,10.0,100,1e-08,0.5
Li,Square,1e-06,50000.0,10.0,100,1e-08,1.0
Li,Square,1e-06,50000.0,10.0,200,1e-09,0.1
Li,Square,1e-06,50000.0,10.0,200,1e-09,0.5
Li,Square,1e-06,50000.0,10.0,200,1e-09,1.0
Li,Square,1e-06,50000.0,10.0,200,5e-09,0.1
Li,Square,1e-06,50000.0,10.0,200,5e-09,0.5
Li,Square,1e-06,50000.0,10.0,200,5e-09,1.0
Li,Square,1e-06,50000.0,10.0,200,1e-08,0.1
Li,Square,1e-06,50000.0,10.0,200,1e-08,0.5
Li,Square,1e-06,50000.0,10.0,200,1e-08,1.0
Li,Square,1e-06,100000.0,0.1,50,1e-09,0.1
Li,Square,1e-06,100000.0,0.1,50,1e-09,0.5
Li,Square,1e-06,100000.0,0.1,50,1e-09,1.0
Li,Square,1e-06,100000.0,0.1,50,5e-09,0.1
Li,Square,1e-06,100000.0,0.1,50,5e-09,0.5
Li,Square,1e-06,100000.0,0.1,50,5e-09,1.0
Li,Square,1e-06,100000.0,0.1,50,1e-08,0.1
Li,Square,1e-06,100000.0,0.1,50,1e-08,0.5
Li,Square,1e-06,100000.0,0.1,50,1e-08,1.0
Li,Square,1e-06,100000.0,0.1,100,1e-09,0.1
Li,Square,1e-06,100000.0,0.1,100,1e-09,0.5
Li,Square,1e-06,100000.0,0.1,100,1e-09,1.0
Li,Square,1e-06,100000.0,0.1,100,5e-09,0.1
Li,Square,1e-06,100000.0,0.1,100,5e-09,0.5
Li,Square,1e-06,100000.0,0.1,100,5e-09,1.0
Li,Square,1e-06,100000.0,0.1,100,1e-08,0.1
Li,Square,1e-06,100000.0,0.1,100,1e-08,0.5
Li,Square,1e-06,100000.0,0.1,100,1e-08,1.0
Li,Square,1e-06,100000.0,0.1,200,1e-09,0.1
Li,Square,1e-06,100000.0,0.1,200,1e-09,0.5
Li,Square,1e-06,100000.0,0.1,200,1e-09,1.0
Li,Square,1e-06,100000.0,0.1,200,5e-09,0.1
Li,Square,1e-06,100000.0,0.1,200,5e-09,0.5
Li,Square,1e-06,100000.0,0.1,200,5e-09,1.0
Li,Square,1e-06,100000.0,0.1,200,1e-08,0.1
Li,Square,1e-06,100000.0,0.1,200,1e-08,0.5
Li,Square,1e-06,100000.0,0.1,200,1e-08,1.0
Li,Square,1e-06,100000.0,1.0,50,1e-09,0.1
Li,Square,1e-06,100000.0,1.0,50,1e-09,0.5
Li,Square,1e-06,100000.0,1.0,50,1e-09,1.0
Li,Square,1e-06,100000.0,1.0,50,5e-09,0.1
Li,Square,1e-06,100000.0,1.0,50,5e-09,0.5
Li,Square,1e-06,100000.0,1.0,50,5e-09,1.0
Li,Square,1e-06,100000.0,1.0,50,1e-08,0.1
Li,Square,1e-06,100000.0,1.0,50,1e-08,0.5
Li,Square,1e-06,100000.0,1.0,50,1e-08,1.0
Li,Square,1e-06,100000.0,1.0,100,1e-09,0.1
Li,Square,1e-06,100000.0,1.0,100,1e-09,0.5
Li,Square,1e-06,100000.0,1.0,100,1e-09,1.0
Li,Square,1e-06,100000.0,1.0,100,5e-09,0.1
Li,Square,1e-06,100000.0,1.0,100,5e-09,0.5
Li,Square,1e-06,100000.0,1.0,100,5e-09,1.0
Li,Square,1e-06,100000.0,1.0,100,1e-08,0.1
Li,Square,1e-06,100000.0,1.0,100,1e-08,0.5
Li,Square,1e-06,100000.0,1.0,100,1e-08,1.0
Li,Square,1e-06,100000.0,1.0,200,1e-09,0.1
Li,Square,1e-06,100000.0,1.0,200,1e-09,0.5
Li,Square,1e-06,100000.0,1.0,200,1e-09,1.0
Li,Square,1e-06,100000.0,1.0,200,5e-09,0.1
Li,Square,1e-06,100000.0,1.0,200,5e-09,0.5
Li,Square,1e-06,100000.0,1.0,200,5e-09,1.0
Li,Square,1e-06,100000.0,1.0,200,1e-08,0.1
Li,Square,1e-06,100000.0,1.0,200,1e-08,0.5
Li,Square,1e-06,100000.0,1.0,200,1e-08,1.0
Li,Square,1e-06,100000.0,10.0,50,1e-09,0.1
Li,Square,1e-06,100000.0,10.0,50,1e-09,0.5
Li,Square,1e-06,100000.0,10.0,50,1e-09,1.0
Li,Square,1e-06,100000.0,10.0,50,5e-09,0.1
Li,Square,1e-06,100000.0,10.0,50,5e-09,0.5
Li,Square,1e-06,100000.0,10.0,50,5e-09,1.0
Li,Square,1e-06,100000.0,10.0,50,1e-08,0.1
Li,Square,1e-06,100000.0,10.0,50,1e-08,0.5
Li,Square,1e-06,100000.0,10.0,50,1e-08,1.0
Li,Square,1e-06,100000.0,10.0,100,1e-09,0.1
Li,Square,1e-06,100000.0,10.0,100,1e-09,0.5
Li,Square,1e-06,100000.0,10.0,100,1e-09,1.0
Li,Square,1e-06,100000.0,10.0,100,5e-09,0.1
Li,Square,1e-06,100000.0,10.0,100,5e-09,0.5
Li,Square,1e-06,100000.0,10.0,100,5e-09,1.0
Li,Square,1e-06,100000.0,10.0,100,1e-08,0.1
Li,Square,1e-06,100000.0,10.0,100,1e-08,0.5
Li,Square,1e-06,100000.0,10.0,100,1e-08,1.0
Li,Square,1e-06,100000.0,10.0,200,1e-09,0.1
Li,Square,1e-06,100000.0,10.0,200,1e-09,0.5
Li,Square,1e-06,100000.0,10.0,200,1e-09,1.0
Li,Square,1e-06,100000.0,10.0,200,5e-09,0.1
Li,Square,1e-06,100000.0,10.0,200,5e-09,0.5
Li,Square,1e-06,100000.0,10.0,200,5e-09,1.0
Li,Square,1e-06,100000.0,10.0,200,1e-08,0.1
Li,Square,1e-06,100000.0,10.0,200,1e-08,0.5
Li,Square,1e-06,100000.0,10.0,200,1e-08,1.0
Li,Honeycomb,5e-07,10000.0,0.1,50,1e-09,0.1
Li,Honeycomb,5e-07,10000.0,0.1,50,1e-09,0.5
Li,Honeycomb,5e-07,10000.0,0.1,50,1e-09,1.0
Li,Honeycomb,5e-07,10000.0,0.1,50,5e-09,0.1
Li,Honeycomb,5e-07,10000.0,0.1,50,5e-09,0.5
Li,Honeycomb,5e-07,10000.0,0.1,50,5e-09,1.0
Li,Honeycomb,5e-07,10000.0,0.1,50,1e-08,0.1
Li,Honeycomb,5e-07,10000.0,0.1,50,1e-08,0.5
Li,Honeycomb,5e-07,10000.0,0.1,50,1e-08,1.0
Li,Honeycomb,5e-07,10000.0,0.1,100,1e-09,0.1
Li,Honeycomb,5e-07,10000.0,0.1,100,1e-09,0.5
Li,Honeycomb,5e-07,10000.0,0.1,100,1e-09,1.0
Li,Honeycomb,5e-07,10000.0,0.1,100,5e-09,0.1
Li,Honeycomb,5e-07,10000.0,0.1,100,5e-09,0.5
Li,Honeycomb,5e-07,10000.0,0.1,100,5e-09,1.0
Li,Honeycomb,5e-07,10000.0,0.1,100,1e-08,0.1
Li,Honeycomb,5e-07,10000.0,0.1,100,1e-08,0.5
Li,Honeycomb,5e-07,10000.0,0.1,100,1e-08,1.0
Li,Honeycomb,5e-07,10000.0,0.1,200,1e-09,0.1
Li,Honeycomb,5e-07,10000.0,0.1,200,1e-09,0.5
Li,Honeycomb,5e-07,10000.0,0.1,200,1e-09,1.0
Li,Honeycomb,5e-07,10000.0,0.1,200,5e-09,0.1
Li,Honeycomb,5e-07,10000.0,0.1,200,5e-09,0.5
Li,Honeycomb,5e-07,10000.0,0.1,200,5e-09,1.0
Li,Honeycomb,5e-07,10000.0,0.1,200,1e-08,0.1
Li,Honeycomb,5e-07,10000.0,0.1,200,1e-08,0.5
Li,Honeycomb,5e-07,10000.0,0.1,200,1e-08,1.0
Li,Honeycomb,5e-07,10000.0,1.0,50,1e-09,0.1
Li,Honeycomb,5e-07,10000.0,1.0,50,1e-09,0.5
Li,Honeycomb,5e-07,10000.0,1.0,50,1e-09,1.0
Li,Honeycomb,5e-07,10000.0,1.0,50,5e-09,0.1
Li,Honeycomb,5e-07,10000.0,1.0,50,5e-09,0.5
Li,Honeycomb,5e-07,10000.0,1.0,50,5e-09,1.0
Li,Honeycomb,5e-07,10000.0,1.0,50,1e-08,0.1
Li,Honeycomb,5e-07,10000.0,1.0,50,1e-08,0.5
Li,Honeycomb,5e-07,10000.0,1.0,50,1e-08,1.0
Li,Honeycomb,5e-07,10000.0,1.0,100,1e-09,0.1
Li,Honeycomb,5e-07,10000.0,1.0,100,1e-09,0.5
Li,Honeycomb,5e-07,10000.0,1.0,100,1e-09,1.0
Li,Honeycomb,5e-07,10000.0,1.0,100,5e-09,0.1
Li,Honeycomb,5e-07,10000.0,1.0,100,5e-09,0.5
Li,Honeycomb,5e-07,10000.0,1.0,100,5e-09,1.0
Li,Honeycomb,5e-07,10000.0,1.0,100,1e-08,0.1
Li,Honeycomb,5e-07,10000.0,1.0,100,1e-08,0.5
Li,Honeycomb,5e-07,10000.0,1.0,100,1e-08,1.0
Li,Honeycomb,5e-07,10000.0,1.0,200,1e-09,0.1
Li,Honeycomb,5e-07,10000.0,1.0,200,1e-09,0.5
Li,Honeycomb,5e-07,10000.0,1.0,200,1e-09,1.0
Li,Honeycomb,5e-07,10000.0,1.0,200,5e-09,0.1
Li,Honeycomb,5e-07,10000.0,1.0,200,5e-09,0.5
Li,Honeycomb,5e-07,10000.0,1.0,200,5e-09,1.0
Li,Honeycomb,5e-07,10000.0,1.0,200,1e-08,0.1
Li,Honeycomb,5e-07,10000.0,1.0,200,1e-08,0.5
Li,Honeycomb,5e-07,10000.0,1.0,200,1e-08,1.0
Li,Honeycomb,5e-07,10000.0,10.0,50,1e-09,0.1
Li,Honeycomb,5e-07,10000.0,10.0,50,1e-09,0.5
Li,Honeycomb,5e-07,10000.0,10.0,50,1e-09,1.0
Li,Honeycomb,5e-07,10000.0,10.0,50,5e-09,0.1
Li,Honeycomb,5e-07,10000.0,10.0,50,5e-09,0.5
Li,Honeycomb,5e-07,10000.0,10.0,50,5e-09,1.0
Li,Honeycomb,5e-07,10000.0,10.0,50,1e-08,0.1
Li,Honeycomb,5e-07,10000.0,10.0,50,1e-08,0.5
Li,Honeycomb,5e-07,10000.0,10.0,50,1e-08,1.0
Li,Honeycomb,5e-07,10000.0,10.0,100,1e-09,0.1
Li,Honeycomb,5e-07,10000.0,10.0,100,1e-09,0.5
Li,Honeycomb,5e-07,10000.0,10.0,100,1e-09,1.0
Li,Honeycomb,5e-07,10000.0,10.0,100,5e-09,0.1
Li,Honeycomb,5e-07,10000.0,10.0,100,5e-09,0.5
Li,Honeycomb,5e-07,10000.0,10.0,100,5e-09,1.0
Li,Honeycomb,5e-07,10000.0,10.0,100,1e-08,0.1
Li,Honeycomb,5e-07,10000.0,10.0,100,1e-08,0.5
Li,Honeycomb,5e-07,10000.0,10.0,100,1e-08,1.0
Li,Honeycomb,5e-07,10000.0,10.0,200,1e-09,0.1
Li,Honeycomb,5e-07,10000.0,10.0,200,1e-09,0.5
Li,Honeycomb,5e-07,10000.0,10.0,200,1e-09,1.0
Li,Honeycomb,5e-07,10000.0,10.0,200,5e-09,0.1
Li,Honeycomb,5e-07,10000.0,10.0,200,5e-09,0.5
Li,Honeycomb,5e-07,10000.0,10.0,200,5e-09,1.0
Li,Honeycomb,5e-07,10000.0,10.0,200,1e-08,0.1
Li,Honeycomb,5e-07,10000.0,10.0,200,1e-08,0.5
Li,Honeycomb,5e-07,10000.0,10.0,200,1e-08,1.0
Li,Honeycomb,5e-07,50000.0,0.1,50,1e-09,0.1
Li,Honeycomb,5e-07,50000.0,0.1,50,1e-09,0.5
Li,Honeycomb,5e-07,50000.0,0.1,50,1e-09,1.0
Li,Honeycomb,5e-07,50000.0,0.1,50,5e-09,0.1
Li,Honeycomb,5e-07,50000.0,0.1,50,5e-09,0.5
Li,Honeycomb,5e-07,50000.0,0.1,50,5e-09,1.0
Li,Honeycomb,5e-07,50000.0,0.1,50,1e-08,0.1
Li,Honeycomb,5e-07,50000.0,0.1,50,1e-08,0.5
Li,Honeycomb,5e-07,50000.0,0.1,50,1e-08,1.0
Li,Honeycomb,5e-07,50000.0,0.1,100,1e-09,0.1
Li,Honeycomb,5e-07,50000.0,0.1,100,1e-09,0.5
Li,Honeycomb,5e-07,50000.0,0.1,100,1e-09,1.0
Li,Honeycomb,5e-07,50000.0,0.1,100,5e-09,0.1
Li,Honeycomb,5e-07,50000.0,0.1,100,5e-09,0.5
Li,Honeycomb,5e-07,50000.0,0.1,100,5e-09,1.0
Li,Honeycomb,5e-07,50000.0,0.1,100,1e-08,0.1
Li,Honeycomb,5e-07,50000.0,0.1,100,1e-08,0.5
Li,Honeycomb,5e-07,50000.0,0.1,100,1e-08,1.0
Li,Honeycomb,5e-07,50000.0,0.1,200,1e-09,0.1
Li,Honeycomb,5e-07,50000.0,0.1,200,1e-09,0.5
Li,Honeycomb,5e-07,50000.0,0.1,200,1e-09,1.0
Li,Honeycomb,5e-07,50000.0,0.1,200,5e-09,0.1
Li,Honeycomb,5e-07,50000.0,0.1,200,5e-09,0.5
Li,Honeycomb,5e-07,50000.0,0.1,200,5e-09,1.0
Li,Honeycomb,5e-07,50000.0,0.1,200,1e-08,0.1
Li,Honeycomb,5e-07,50000.0,0.1,200,1e-08,0.5
Li,Honeycomb,5e-07,50000.0,0.1,200,1e-08,1.0
Li,Honeycomb,5e-07,50000.0,1.0,50,1e-09,0.1
Li,Honeycomb,5e-07,50000.0,1.0,50,1e-09,0.5
Li,Honeycomb,5e-07,50000.0,1.0,50,1e-09,1.0
Li,Honeycomb,5e-07,50000.0,1.0,50,5e-09,0.1
Li,Honeycomb,5e-07,50000.0,1.0,50,5e-09,0.5
Li,Honeycomb,5e-07,50000.0,1.0,50,5e-09,1.0
Li,Honeycomb,5e-07,50000.0,1.0,50,1e-08,0.1
Li,Honeycomb,5e-07,50000.0,1.0,50,1e-08,0.5
Li,Honeycomb,5e-07,50000.0,1.0,50,1e-08,1.0
Li,Honeycomb,5e-07,50000.0,1.0,100,1e-09,0.1
Li,Honeycomb,5e-07,50000.0,1.0,100,1e-09,0.5
Li,Honeycomb,5e-07,50000.0,1.0,100,1e-09,1.0
Li,Honeycomb,5e-07,50000.0,1.0,100,5e-09,0.1
Li,Honeycomb,5e-07,50000.0,1.0,100,5e-09,0.5
Li,Honeycomb,5e-07,50000.0,1.0,100,5e-09,1.0
Li,Honeycomb,5e-07,50000.0,1.0,100,1e-08,0.1
Li,Honeycomb,5e-07,50000.0,1.0,100,1e-08,0.5
Li,Honeycomb,5e-07,50000.0,1.0,100,1e-08,1.0
Li,Honeycomb,5e-07,50000.0,1.0,200,1e-09,0.1
Li,Honeycomb,5e-07,50000.0,1.0,200,1e-09,0.5
Li,Honeycomb,5e-07,50000.0,1.0,200,1e-09,1.0
Li,Honeycomb,5e-07,50000.0,1.0,200,5e-09,0.1
Li,Honeycomb,5e-07,50000.0,1.0,200,5e-09,0.5
Li,Honeycomb,5e-07,50000.0,1.0,200,5e-09,1.0
Li,Honeycomb,5e-07,50000.0,1.0,200,1e-08,0.1
Li,Honeycomb,5e-07,50000.0,1.0,200,1e-08,0.5
Li,Honeycomb,5e-07,50000.0,1.0,200,1e-08,1.0
Li,Honeycomb,5e-07,50000.0,10.0,50,1e-09,0.1
Li,Honeycomb,5e-07,50000.0,10.0,50,1e-09,0.5
Li,Honeycomb,5e-07,50000.0,10.0,50,1e-09,1.0
Li,Honeycomb,5e-07,50000.0,10.0,50,5e-09,0.1
Li,Honeycomb,5e-07,50000.0,10.0,50,5e-09,0.5
Li,Honeycomb,5e-07,50000.0,10.0,50,5e-09,1.0
Li,Honeycomb,5e-07,50000.0,10.0,50,1e-08,0.1
Li,Honeycomb,5e-07,50000.0,10.0,50,1e-08,0.5
Li,Honeycomb,5e-07,50000.0,10.0,50,1e-08,1.0
Li,Honeycomb,5e-07,50000.0,10.0,100,1e-09,0.1
Li,Honeycomb,5e-07,50000.0,10.0,100,1e-09,0.5
Li,Honeycomb,5e-07,50000.0,10.0,100,1e-09,1.0
Li,Honeycomb,5e-07,50000.0,10.0,100,5e-09,0.1
Li,Honeycomb,5e-07,50000.0,10.0,100,5e-09,0.5
Li,Honeycomb,5e-07,50000.0,10.0,100,5e-09,1.0
Li,Honeycomb,5e-07,50000.0,10.0,100,1e-08,0.1
Li,Honeycomb,5e-07,50000.0,10.0,100,1e-08,0.5
Li,Honeycomb,5e-07,50000.0,10.0,100,1e-08,1.0
Li,Honeycomb,5e-07,50000.0,10.0,200,1e-09,0.1
Li,Honeycomb,5e-07,50000.0,10.0,200,1e-09,0.5
Li,Honeycomb,5e-07,50000.0,10.0,200,1e-09,1.0
Li,Honeycomb,5e-07,50000.0,10.0,200,5e-09,0.1
Li,Honeycomb,5e-07,50000.0,10.0,200,5e-09,0.5
Li,Honeycomb,5e-07,50000.0,10.0,200,5e-09,1.0
Li,Honeycomb,5e-07,50000.0,10.0,200,1e-08,0.1
Li,Honeycomb,5e-07,50000.0,10.0,200,1e-08,0.5
Li,Honeycomb,5e-07,50000.0,10.0,200,1e-08,1.0
Li,Honeycomb,5e-07,100000.0,0.1,50,1e-09,0.1
Li,Honeycomb,5e-07,100000.0,0.1,50,1e-09,0.5
Li,Honeycomb,5e-07,100000.0,0.1,50,1e-09,1.0
Li,Honeycomb,5e-07,100000.0,0.1,50,5e-09,0.1
Li,Honeycomb,5e-07,100000.0,0.1,50,5e-09,0.5
Li,Honeycomb,5e-07,100000.0,0.1,50,5e-09,1.0
Li,Honeycomb,5e-07,100000.0,0.1,50,1e-08,0.1
Li,Honeycomb,5e-07,100000.0,0.1,50,1e-08,0.5
Li,Honeycomb,5e-07,100000.0,0.1,50,1e-08,1.0
Li,Honeycomb,5e-07,100000.0,0.1,100,1e-09,0.1
Li,Honeycomb,5e-07,100000.0,0.1,100,1e-09,0.5
Li,Honeycomb,5e-07,100000.0,0.1,100,1e-09,1.0
Li,Honeycomb,5e-07,100000.0,0.1,100,5e-09,0.1
Li,Honeycomb,5e-07,100000.0,0.1,100,5e-09,0.5
Li,Honeycomb,5e-07,100000.0,0.1,100,5e-09,1.0
Li,Honeycomb,5e-07,100000.0,0.1,100,1e-08,0.1
Li,Honeycomb,5e-07,100000.0,0.1,100,1e-08,0.5
Li,Honeycomb,5e-07,100000.0,0.1,100,1e-08,1.0
Li,Honeycomb,5e-07,100000.0,0.1,200,1e-09,0.1
Li,Honeycomb,5e-07,100000.0,0.1,200,1e-09,0.5
Li,Honeycomb,5e-07,100000.0,0.1,200,1e-09,1.0
Li,Honeycomb,5e-07,100000.0,0.1,200,5e-09,0.1
Li,Honeycomb,5e-07,100000.0,0.1,200,5e-09,0.5
Li,Honeycomb,5e-07,100000.0,0.1,200,5e-09,1.0
Li,Honeycomb,5e-07,100000.0,0.1,200,1e-08,0.1
Li,Honeycomb,5e-07,100000.0,0.1,200,1e-08,0.5
Li,Honeycomb,5e-07,100000.0,0.1,200,1e-08,1.0
Li,Honeycomb,5e-07,100000.0,1.0,50,1e-09,0.1
Li,Honeycomb,5e-07,100000.0,1.0,50,1e-09,0.5
Li,Honeycomb,5e-07,100000.0,1.0,50,1e-09,1.0
Li,Honeycomb,5e-07,100000.0,1.0,50,5e-09,0.1
Li,Honeycomb,5e-07,100000.0,1.0,50,5e-09,0.5
Li,Honeycomb,5e-07,100000.0,1.0,50,5e-09,1.0
Li,Honeycomb,5e-07,100000.0,1.0,50,1e-08,0.1
Li,Honeycomb,5e-07,100000.0,1.0,50,1e-08,0.5
Li,Honeycomb,5e-07,100000.0,1.0,50,1e-08,1.0
Li,Honeycomb,5e-07,100000.0,1.0,100,1e-09,0.1
Li,Honeycomb,5e-07,100000.0,1.0,100,1e-09,0.5
Li,Honeycomb,5e-07,100000.0,1.0,100,1e-09,1.0
Li,Honeycomb,5e-07,100000.0,1.0,100,5e-09,0.1
Li,Honeycomb,5e-07,100000.0,1.0,100,5e-09,0.5
Li,Honeycomb,5e-07,100000.0,1.0,100,5e-09,1.0
Li,Honeycomb,5e-07,100000.0,1.0,100,1e-08,0.1
Li,Honeycomb,5e-07,100000.0,1.0,100,1e-08,0.5
Li,Honeycomb,5e-07,100000.0,1.0,100,1e-08,1.0
Li,Honeycomb,5e-07,100000.0,1.0,200,1e-09,0.1
Li,Honeycomb,5e-07,100000.0,1.0,200,1e-09,0.5
Li,Honeycomb,5e-07,100000.0,1.0,200,1e-09,1.0
Li,Honeycomb,5e-07,100000.0,1.0,200,5e-09,0.1
Li,Honeycomb,5e-07,100000.0,1.0,200,5e-09,0.5
Li,Honeycomb,5e-07,100000.0,1.0,200,5e-09,1.0
Li,Honeycomb,5e-07,100000.0,1.0,200,1e-08,0.1
Li,Honeycomb,5e-07,100000.0,1.0,200,1e-08,0.5
Li,Honeycomb,5e-07,100000.0,1.0,200,1e-08,1.0
Li,Honeycomb,5e-07,100000.0,10.0,50,1e-09,0.1
Li,Honeycomb,5e-07,100000.0,10.0,50,1e-09,0.5
Li,Honeycomb,5e-07,100000.0,10.0,50,1e-09,1.0
Li,Honeycomb,5e-07,100000.0,10.0,50,5e-09,0.1
Li,Honeycomb,5e-07,100000.0,10.0,50,5e-09,0.5
Li,Honeycomb,5e-07,100000.0,10.0,50,5e-09,1.0
Li,Honeycomb,5e-07,100000.0,10.0,50,1e-08,0.1
Li,Honeycomb,5e-07,100000.0,10.0,50,1e-08,0.5
Li,Honeycomb,5e-07,100000.0,10.0,50,1e-08,1.0
Li,Honeycomb,5e-07,100000.0,10.0,100,1e-09,0.1
Li,Honeycomb,5e-07,100000.0,10.0,100,1e-09,0.5
Li,Honeycomb,5e-07,100000.0,10.0,100,1e-09,1.0
Li,Honeycomb,5e-07,100000.0,10.0,100,5e-09,0.1
Li,Honeycomb,5e-07,100000.0,10.0,100,5e-09,0.5
Li,Honeycomb,5e-07,100000.0,10.0,100,5e-09,1.0
Li,Honeycomb,5e-07,100000.0,10.0,100,1e-08,0.1
Li,Honeycomb,5e-07,100000.0,10.0,100,1e-08,0.5
Li,Honeycomb,5e-07,100000.0,10.0,100,1e-08,1.0
Li,Honeycomb,5e-07,100000.0,10.0,200,1e-09,0.1
Li,Honeycomb,5e-07,100000.0,10.0,200,1e-09,0.5
Li,Honeycomb,5e-07,100000.0,10.0,200,1e-09,1.0
Li,Honeycomb,5e-07,100000.0,10.0,200,5e-09,0.1
Li,Honeycomb,5e-07,100000.0,10.0,200,5e-09,0.5
Li,Honeycomb,5e-07,100000.0,10.0,200,5e-09,1.0
Li,Honeycomb,5e-07,100000.0,10.0,200,1e-08,0.1
Li,Honeycomb,5e-07,100000.0,10.0,200,1e-08,0.5
Li,Honeycomb,5e-07,100000.0,10.0,200,1e-08,1.0
Li,Honeycomb,7e-07,10000.0,0.1,50,1e-09,0.1
Li,Honeycomb,7e-07,10000.0,0.1,50,1e-09,0.5
Li,Honeycomb,7e-07,10000.0,0.1,50,1e-09,1.0
Li,Honeycomb,7e-07,10000.0,0.1,50,5e-09,0.1
Li,Honeycomb,7e-07,10000.0,0.1,50,5e-09,0.5
Li,Honeycomb,7e-07,10000.0,0.1,50,5e-09,1.0
Li,Honeycomb,7e-07,10000.0,0.1,50,1e-08,0.1
Li,Honeycomb,7e-07,10000.0,0.1,50,1e-08,0.5
Li,Honeycomb,7e-07,10000.0,0.1,50,1e-08,1.0
Li,Honeycomb,7e-07,10000.0,0.1,100,1e-09,0.1
Li,Honeycomb,7e-07,10000.0,0.1,100,1e-09,0.5
Li,Honeycomb,7e-07,10000.0,0.1,100,1e-09,1.0
Li,Honeycomb,7e-07,10000.0,0.1,100,5e-09,0.1
Li,Honeycomb,7e-07,10000.0,0.1,100,5e-09,0.5
Li,Honeycomb,7e-07,10000.0,0.1,100,5e-09,1.0
Li,Honeycomb,7e-07,10000.0,0.1,100,1e-08,0.1
Li,Honeycomb,7e-07,10000.0,0.1,100,1e-08,0.5
Li,Honeycomb,7e-07,10000.0,0.1,100,1e-08,1.0
Li,Honeycomb,7e-07,10000.0,0.1,200,1e-09,0.1
Li,Honeycomb,7e-07,10000.0,0.1,200,1e-09,0.5
Li,Honeycomb,7e-07,10000.0,0.1,200,1e-09,1.0
Li,Honeycomb,7e-07,10000.0,0.1,200,5e-09,0.1
Li,Honeycomb,7e-07,10000.0,0.1,200,5e-09,0.5
Li,Honeycomb,7e-07,10000.0,0.1,200,5e-09,1.0
Li,Honeycomb,7e-07,10000.0,0.1,200,1e-08,0.1
Li,Honeycomb,7e-07,10000.0,0.1,200,1e-08,0.5
Li,Honeycomb,7e-07,10000.0,0.1,200,1e-08,1.0
Li,Honeycomb,7e-07,10000.0,1.0,50,1e-09,0.1
Li,Honeycomb,7e-07,10000.0,1.0,50,1e-09,0.5
Li,Honeycomb,7e-07,10000.0,1.0,50,1e-09,1.0
Li,Honeycomb,7e-07,10000.0,1.0,50,5e-09,0.1
Li,Honeycomb,7e-07,10000.0,1.0,50,5e-09,0.5
Li,Honeycomb,7e-07,10000.0,1.0,50,5e-09,1.0
Li,Honeycomb,7e-07,10000.0,1.0,50,1e-08,0.1
Li,Honeycomb,7e-07,10000.0,1.0,50,1e-08,0.5
Li,Honeycomb,7e-07,10000.0,1.0,50,1e-08,1.0
Li,Honeycomb,7e-07,10000.0,1.0,100,1e-09,0.1
Li,Honeycomb,7e-07,10000.0,1.0,100,1e-09,0.5
Li,Honeycomb,7e-07,10000.0,1.0,100,1e-09,1.0
Li,Honeycomb,7e-07,10000.0,1.0,100,5e-09,0.1
Li,Honeycomb,7e-07,10000.0,1.0,100,5e-09,0.5
Li,Honeycomb,7e-07,10000.0,1.0,100,5e-09,1.0
Li,Honeycomb,7e-07,10000.0,1.0,100,1e-08,0.1
Li,Honeycomb,7e-07,10000.0,1.0,100,1e-08,0.5
Li,Honeycomb,7e-07,10000.0,1.0,100,1e-08,1.0
Li,Honeycomb,7e-07,10000.0,1.0,200,1e-09,0.1
Li,Honeycomb,7e-07,10000.0,1.0,200,1e-09,0.5
Li,Honeycomb,7e-07,10000.0,1.0,200,1e-09,1.0
Li,Honeycomb,7e-07,10000.0,1.0,200,5e-09,0.1
Li,Honeycomb,7e-07,10000.0,1.0,200,5e-09,0.5
Li,Honeycomb,7e-07,10000.0,1.0,200,5e-09,1.0
Li,Honeycomb,7e-07,10000.0,1.0,200,1e-08,0.1
Li,Honeycomb,7e-07,10000.0,1.0,200,1e-08,0.5
Li,Honeycomb,7e-07,10000.0,1.0,200,1e-08,1.0
Li,Honeycomb,7e-07,10000.0,10.0,50,1e-09,0.1
Li,Honeycomb,7e-07,10000.0,10.0,50,1e-09,0.5
Li,Honeycomb,7e-07,10000.0,10.0,50,1e-09,1.0
Li,Honeycomb,7e-07,10000.0,10.0,50,5e-09,0.1
Li,Honeycomb,7e-07,10000.0,10.0,50,5e-09,0.5
Li,Honeycomb,7e-07,10000.0,10.0,50,5e-09,1.0
Li,Honeycomb,7e-07,10000.0,10.0,50,1e-08,0.1
Li,Honeycomb,7e-07,10000.0,10.0,50,1e-08,0.5
Li,Honeycomb,7e-07,10000.0,10.0,50,1e-08,1.0
Li,Honeycomb,7e-07,10000.0,10.0,100,1e-09,0.1
Li,Honeycomb,7e-07,10000.0,10.0,100,1e-09,0.5
Li,Honeycomb,7e-07,10000.0,10.0,100,1e-09,1.0
Li,Honeycomb,7e-07,10000.0,10.0,100,5e-09,0.1
Li,Honeycomb,7e-07,10000.0,10.0,100,5e-09,0.5
Li,Honeycomb,7e-07,10000.0,10.0,100,5e-09,1.0
Li,Honeycomb,7e-07,10000.0,10.0,100,1e-08,0.1
Li,Honeycomb,7e-07,10000.0,10.0,100,1e-08,0.5
Li,Honeycomb,7e-07,10000.0,10.0,100,1e-08,1.0
Li,Honeycomb,7e-07,10000.0,10.0,200,1e-09,0.1
Li,Honeycomb,7e-07,10000.0,10.0,200,1e-09,0.5
Li,Honeycomb,7e-07,10000.0,10.0,200,1e-09,1.0
Li,Honeycomb,7e-07,10000.0,10.0,200,5e-09,0.1
Li,Honeycomb,7e-07,10000.0,10.0,200,5e-09,0.5
Li,Honeycomb,7e-07,10000.0,10.0,200,5e-09,1.0
Li,Honeycomb,7e-07,10000.0,10.0,200,1e-08,0.1
Li,Honeycomb,7e-07,10000.0,10.0,200,1e-08,0.5
Li,Honeycomb,7e-07,10000.0,10.0,200,1e-08,1.0
Li,Honeycomb,7e-07,50000.0,0.1,50,1e-09,0.1
Li,Honeycomb,7e-07,50000.0,0.1,50,1e-09,0.5
Li,Honeycomb,7e-07,50000.0,0.1,50,1e-09,1.0
Li,Honeycomb,7e-07,50000.0,0.1,50,5e-09,0.1
Li,Honeycomb,7e-07,50000.0,0.1,50,5e-09,0.5
Li,Honeycomb,7e-07,50000.0,0.1,50,5e-09,1.0
Li,Honeycomb,7e-07,50000.0,0.1,50,1e-08,0.1
Li,Honeycomb,7e-07,50000.0,0.1,50,1e-08,0.5
Li,Honeycomb,7e-07,50000.0,0.1,50,1e-08,1.0
Li,Honeycomb,7e-07,50000.0,0.1,100,1e-09,0.1
Li,Honeycomb,7e-07,50000.0,0.1,100,1e-09,0.5
Li,Honeycomb,7e-07,50000.0,0.1,100,1e-09,1.0
Li,Honeycomb,7e-07,50000.0,0.1,100,5e-09,0.1
Li,Honeycomb,7e-07,50000.0,0.1,100,5e-09,0.5
Li,Honeycomb,7e-07,50000.0,0.1,100,5e-09,1.0
Li,Honeycomb,7e-07,50000.0,0.1,100,1e-08,0.1
Li,Honeycomb,7e-07,50000.0,0.1,100,1e-08,0.5
Li,Honeycomb,7e-07,50000.0,0.1,100,1e-08,1.0
Li,Honeycomb,7e-07,50000.0,0.1,200,1e-09,0.1
Li,Honeycomb,7e-07,50000.0,0.1,200,1e-09,0.5
Li,Honeycomb,7e-07,50000.0,0.1,200,1e-09,1.0
Li,Honeycomb,7e-07,50000.0,0.1,200,5e-09,0.1
Li,Honeycomb,7e-07,50000.0,0.1,200,5e-09,0.5
Li,Honeycomb,7e-07,50000.0,0.1,200,5e-09,1.0
Li,Honeycomb,7e-07,50000.0,0.1,200,1e-08,0.1
Li,Honeycomb,7e-07,50000.0,0.1,200,1e-08,0.5
Li,Honeycomb,7e-07,50000.0,0.1,200,1e-08,1.0
Li,Honeycomb,7e-07,50000.0,1.0,50,1e-09,0.1
Li,Honeycomb,7e-07,50000.0,1.0,50,1e-09,0.5
Li,Honeycomb,7e-07,50000.0,1.0,50,1e-09,1.0
Li,Honeycomb,7e-07,50000.0,1.0,50,5e-09,0.1
Li,Honeycomb,7e-07,50000.0,1.0,50,5e-09,0.5
Li,Honeycomb,7e-07,50000.0,1.0,50,5e-09,1.0
Li,Honeycomb,7e-07,50000.0,1.0,50,1e-08,0.1
Li,Honeycomb,7e-07,50000.0,1.0,50,1e-08,0.5
Li,Honeycomb,7e-07,50000.0,1.0,50,1e-08,1.0
Li,Honeycomb,7e-07,50000.0,1.0,100,1e-09,0.1
Li,Honeycomb,7e-07,50000.0,1.0,100,1e-09,0.5
Li,Honeycomb,7e-07,50000.0,1.0,100,1e-09,1.0
Li,Honeycomb,7e-07,50000.0,1.0,100,5e-09,0.1
Li,Honeycomb,7e-07,50000.0,1.0,100,5e-09,0.5
Li,Honeycomb,7e-07,50000.0,1.0,100,5e-09,1.0
Li,Honeycomb,7e-07,50000.0,1.0,100,1e-08,0.1
Li,Honeycomb,7e-07,50000.0,1.0,100,1e-08,0.5
Li,Honeycomb,7e-07,50000.0,1.0,100,1e-08,1.0
Li,Honeycomb,7e-07,50000.0,1.0,200,1e-09,0.1
Li,Honeycomb,7e-07,50000.0,1.0,200,1e-09,0.5
Li,Honeycomb,7e-07,50000.0,1.0,200,1e-09,1.0
Li,Honeycomb,7e-07,50000.0,1.0,200,5e-09,0.1
Li,Honeycomb,7e-07,50000.0,1.0,200,5e-09,0.5
Li,Honeycomb,7e-07,50000.0,1.0,200,5e-09,1.0
Li,Honeycomb,7e-07,50000.0,1.0,200,1e-08,0.1
Li,Honeycomb,7e-07,50000.0,1.0,200,1e-08,0.5
Li,Honeycomb,7e-07,50000.0,1.0,200,1e-08,1.0
Li,Honeycomb,7e-07,50000.0,10.0,50,1e-09,0.1
Li,Honeycomb,7e-07,50000.0,10.0,50,1e-09,0.5
Li,Honeycomb,7e-07,50000.0,10.0,50,1e-09,1.0
Li,Honeycomb,7e-07,50000.0,10.0,50,5e-09,0.1
Li,Honeycomb,7e-07,50000.0,10.0,50,5e-09,0.5
Li,Honeycomb,7e-07,50000.0,10.0,50,5e-09,1.0
Li,Honeycomb,7e-07,50000.0,10.0,50,1e-08,0.1
Li,Honeycomb,7e-07,50000.0,10.0,50,1e-08,0.5
Li,Honeycomb,7e-07,50000.0,10.0,50,1e-08,1.0
Li,Honeycomb,7e-07,50000.0,10.0,100,1e-09,0.1
Li,Honeycomb,7e-07,50000.0,10.0,100,1e-09,0.5
Li,Honeycomb,7e-07,50000.0,10.0,100,1e-09,1.0
Li,Honeycomb,7e-07,50000.0,10.0,100,5e-09,0.1
Li,Honeycomb,7e-07,50000.0,10.0,100,5e-09,0.5
Li,Honeycomb,7e-07,50000.0,10.0,100,5e-09,1.0
Li,Honeycomb,7e-07,50000.0,10.0,100,1e-08,0.1
Li,Honeycomb,7e-07,50000.0,10.0,100,1e-08,0.5
Li,Honeycomb,7e-07,50000.0,10.0,100,1e-08,1.0
Li,Honeycomb,7e-07,50000.0,10.0,200,1e-09,0.1
Li,Honeycomb,7e-07,50000.0,10.0,200,1e-09,0.5
Li,Honeycomb,7e-07,50000.0,10.0,200,1e-09,1.0
Li,Honeycomb,7e-07,50000.0,10.0,200,5e-09,0.1
Li,Honeycomb,7e-07,50000.0,10.0,200,5e-09,0.5
Li,Honeycomb,7e-07,50000.0,10.0,200,5e-09,1.0
Li,Honeycomb,7e-07,50000.0,10.0,200,1e-08,0.1
Li,Honeycomb,7e-07,50000.0,10.0,200,1e-08,0.5
Li,Honeycomb,7e-07,50000.0,10.0,200,1e-08,1.0
Li,Honeycomb,7e-07,100000.0,0.1,50,1e-09,0.1
Li,Honeycomb,7e-07,100000.0,0.1,50,1e-09,0.5
Li,Honeycomb,7e-07,100000.0,0.1,50,1e-09,1.0
Li,Honeycomb,7e-07,100000.0,0.1,50,5e-09,0.1
Li,Honeycomb,7e-07,100000.0,0.1,50,5e-09,0.5
Li,Honeycomb,7e-07,100000.0,0.1,50,5e-09,1.0
Li,Honeycomb,7e-07,100000.0,0.1,50,1e-08,0.1
Li,Honeycomb,7e-07,100000.0,0.1,50,1e-08,0.5
Li,Honeycomb,7e-07,100000.0,0.1,50,1e-08,1.0
Li,Honeycomb,7e-07,100000.0,0.1,100,1e-09,0.1
Li,Honeycomb,7e-07,100000.0,0.1,100,1e-09,0.5
Li,Honeycomb,7e-07,100000.0,0.1,100,1e-09,1.0
Li,Honeycomb,7e-07,100000.0,0.1,100,5e-09,0.1
Li,Honeycomb,7e-07,100000.0,0.1,100,5e-09,0.5
Li,Honeycomb,7e-07,100000.0,0.1,100,5e-09,1.0
Li,Honeycomb,7e-07,100000.0,0.1,100,1e-08,0.1
Li,Honeycomb,7e-07,100000.0,0.1,100,1e-08,0.5
Li,Honeycomb,7e-07,100000.0,0.1,100,1e-08,1.0
Li,Honeycomb,7e-07,100000.0,0.1,200,1e-09,0.1
Li,Honeycomb,7e-07,100000.0,0.1,200,1e-09,0.5
Li,Honeycomb,7e-07,100000.0,0.1,200,1e-09,1.0
Li,Honeycomb,7e-07,100000.0,0.1,200,5e-09,0.1
Li,Honeycomb,7e-07,100000.0,0.1,200,5e-09,0.5
Li,Honeycomb,7e-07,100000.0,0.1,200,5e-09,1.0
Li,Honeycomb,7e-07,100000.0,0.1,200,1e-08,0.1
Li,Honeycomb,7e-07,100000.0,0.1,200,1e-08,0.5
Li,Honeycomb,7e-07,100000.0,0.1,200,1e-08,1.0
Li,Honeycomb,7e-07,100000.0,1.0,50,1e-09,0.1
Li,Honeycomb,7e-07,100000.0,1.0,50,1e-09,0.5
Li,Honeycomb,7e-07,100000.0,1.0,50,1e-09,1.0
Li,Honeycomb,7e-07,100000.0,1.0,50,5e-09,0.1
Li,Honeycomb,7e-07,100000.0,1.0,50,5e-09,0.5
Li,Honeycomb,7e-07,100000.0,1.0,50,5e-09,1.0
Li,Honeycomb,7e-07,100000.0,1.0,50,1e-08,0.1
Li,Honeycomb,7e-07,100000.0,1.0,50,1e-08,0.5
Li,Honeycomb,7e-07,100000.0,1.0,50,1e-08,1.0
Li,Honeycomb,7e-07,100000.0,1.0,100,1e-09,0.1
Li,Honeycomb,7e-07,100000.0,1.0,100,1e-09,0.5
Li,Honeycomb,7e-07,100000.0,1.0,100,1e-09,1.0
Li,Honeycomb,7e-07,100000.0,1.0,100,5e-09,0.1
Li,Honeycomb,7e-07,100000.0,1.0,100,5e-09,0.5
Li,Honeycomb,7e-07,100000.0,1.0,100,5e-09,1.0
Li,Honeycomb,7e-07,100000.0,1.0,100,1e-08,0.1
Li,Honeycomb,7e-07,100000.0,1.0,100,1e-08,0.5
Li,Honeycomb,7e-07,100000.0,1.0,100,1e-08,1.0
Li,Honeycomb,7e-07,100000.0,1.0,200,1e-09,0.1
Li,Honeycomb,7e-07,100000.0,1.0,200,1e-09,0.5
Li,Honeycomb,7e-07,100000.0,1.0,200,1e-09,1.0
Li,Honeycomb,7e-07,100000.0,1.0,200,5e-09,0.1
Li,Honeycomb,7e-07,100000.0,1.0,200,5e-09,0.5
Li,Honeycomb,7e-07,100000.0,1.0,200,5e-09,1.0
Li,Honeycomb,7e-07,100000.0,1.0,200,1e-08,0.1
Li,Honeycomb,7e-07,100000.0,1.0,200,1e-08,0.5
Li,Honeycomb,7e-07,100000.0,1.0,200,1e-08,1.0
Li,Honeycomb,7e-07,100000.0,10.0,50,1e-09,0.1
Li,Honeycomb,7e-07,100000.0,10.0,50,1e-09,0.5
Li,Honeycomb,7e-07,100000.0,10.0,50,1e-09,1.0
Li,Honeycomb,7e-07,100000.0,10.0,50,5e-09,0.1
Li,Honeycomb,7e-07,100000.0,10.0,50,5e-09,0.5
Li,Honeycomb,7e-07,100000.0,10.0,50,5e-09,1.0
Li,Honeycomb,7e-07,100000.0,10.0,50,1e-08,0.1
Li,Honeycomb,7e-07,100000.0,10.0,50,1e-08,0.5
Li,Honeycomb,7e-07,100000.0,10.0,50,1e-08,1.0
Li,Honeycomb,7e-07,100000.0,10.0,100,1e-09,0.1
Li,Honeycomb,7e-07,100000.0,10.0,100,1e-09,0.5
Li,Honeycomb,7e-07,100000.0,10.0,100,1e-09,1.0
Li,Honeycomb,7e-07,100000.0,10.0,100,5e-09,0.1
Li,Honeycomb,7e-07,100000.0,10.0,100,5e-09,0.5
Li,Honeycomb,7e-07,100000.0,10.0,100,5e-09,1.0
Li,Honeycomb,7e-07,100000.0,10.0,100,1e-08,0.1
Li,Honeycomb,7e-07,100000.0,10.0,100,1e-08,0.5
Li,Honeycomb,7e-07,100000.0,10.0,100,1e-08,1.0
Li,Honeycomb,7e-07,100000.0,10.0,200,1e-09,0.1
Li,Honeycomb,7e-07,100000.0,10.0,200,1e-09,0.5
Li,Honeycomb,7e-07,100000.0,10.0,200,1e-09,1.0
Li,Honeycomb,7e-07,100000.0,10.0,200,5e-09,0.1
Li,Honeycomb,7e-07,100000.0,10.0,200,5e-09,0.5
Li,Honeycomb,7e-07,100000.0,10.0,200,5e-09,1.0
Li,Honeycomb,7e-07,100000.0,10.0,200,1e-08,0.1
Li,Honeycomb,7e-07,100000.0,10.0,200,1e-08,0.5
Li,Honeycomb,7e-07,100000.0,10.0,200,1e-08,1.0
Li,Honeycomb,1e-06,10000.0,0.1,50,1e-09,0.1
Li,Honeycomb,1e-06,10000.0,0.1,50,1e-09,0.5
Li,Honeycomb,1e-06,10000.0,0.1,50,1e-09,1.0
Li,Honeycomb,1e-06,10000.0,0.1,50,5e-09,0.1
Li,Honeycomb,1e-06,10000.0,0.1,50,5e-09,0.5
Li,Honeycomb,1e-06,10000.0,0.1,50,5e-09,1.0
Li,Honeycomb,1e-06,10000.0,0.1,50,1e-08,0.1
Li,Honeycomb,1e-06,10000.0,0.1,50,1e-08,0.5
Li,Honeycomb,1e-06,10000.0,0.1,50,1e-08,1.0
Li,Honeycomb,1e-06,10000.0,0.1,100,1e-09,0.1
Li,Honeycomb,1e-06,10000.0,0.1,100,1e-09,0.5
Li,Honeycomb,1e-06,10000.0,0.1,100,1e-09,1.0
Li,Honeycomb,1e-06,10000.0,0.1,100,5e-09,0.1
Li,Honeycomb,1e-06,10000.0,0.1,100,5e-09,0.5
Li,Honeycomb,1e-06,10000.0,0.1,100,5e-09,1.0
Li,Honeycomb,1e-06,10000.0,0.1,100,1e-08,0.1
Li,Honeycomb,1e-06,10000.0,0.1,100,1e-08,0.5
Li,Honeycomb,1e-06,10000.0,0.1,100,1e-08,1.0
Li,Honeycomb,1e-06,10000.0,0.1,200,1e-09,0.1
Li,Honeycomb,1e-06,10000.0,0.1,200,1e-09,0.5
Li,Honeycomb,1e-06,10000.0,0.1,200,1e-09,1.0
Li,Honeycomb,1e-06,10000.0,0.1,200,5e-09,0.1
Li,Honeycomb,1e-06,10000.0,0.1,200,5e-09,0.5
Li,Honeycomb,1e-06,10000.0,0.1,200,5e-09,1.0
Li,Honeycomb,1e-06,10000.0,0.1,200,1e-08,0.1
Li,Honeycomb,1e-06,10000.0,0.1,200,1e-08,0.5
Li,Honeycomb,1e-06,10000.0,0.1,200,1e-08,1.0
Li,Honeycomb,1e-06,10000.0,1.0,50,1e-09,0.1
Li,Honeycomb,1e-06,10000.0,1.0,50,1e-09,0.5
Li,Honeycomb,1e-06,10000.0,1.0,50,1e-09,1.0
Li,Honeycomb,1e-06,10000.0,1.0,50,5e-09,0.1
Li,Honeycomb,1e-06,10000.0,1.0,50,5e-09,0.5
Li,Honeycomb,1e-06,10000.0,1.0,50,5e-09,1.0
Li,Honeycomb,1e-06,10000.0,1.0,50,1e-08,0.1
Li,Honeycomb,1e-06,10000.0,1.0,50,1e-08,0.5
Li,Honeycomb,1e-06,10000.0,1.0,50,1e-08,1.0
Li,Honeycomb,1e-06,10000.0,1.0,100,1e-09,0.1
Li,Honeycomb,1e-06,10000.0,1.0,100,1e-09,0.5
Li,Honeycomb,1e-06,10000.0,1.0,100,1e-09,1.0
Li,Honeycomb,1e-06,10000.0,1.0,100,5e-09,0.1
Li,Honeycomb,1e-06,10000.0,1.0,100,5e-09,0.5
Li,Honeycomb,1e-06,10000.0,1.0,100,5e-09,1.0
Li,Honeycomb,1e-06,10000.0,1.0,100,1e-08,0.1
Li,Honeycomb,1e-06,10000.0,1.0,100,1e-08,0.5
Li,Honeycomb,1e-06,10000.0,1.0,100,1e-08,1.0
Li,Honeycomb,1e-06,10000.0,1.0,200,1e-09,0.1
Li,Honeycomb,1e-06,10000.0,1.0,200,1e-09,0.5
Li,Honeycomb,1e-06,10000.0,1.0,200,1e-09,1.0
Li,Honeycomb,1e-06,10000.0,1.0,200,5e-09,0.1
Li,Honeycomb,1e-06,10000.0,1.0,200,5e-09,0.5
Li,Honeycomb,1e-06,10000.0,1.0,200,5e-09,1.0
Li,Honeycomb,1e-06,10000.0,1.0,200,1e-08,0.1
Li,Honeycomb,1e-06,10000.0,1.0,200,1e-08,0.5
Li,Honeycomb,1e-06,10000.0,1.0,200,1e-08,1.0
Li,Honeycomb,1e-06,10000.0,10.0,50,1e-09,0.1
Li,Honeycomb,1e-06,10000.0,10.0,50,1e-09,0.5
Li,Honeycomb,1e-06,10000.0,10.0,50,1e-09,1.0
Li,Honeycomb,1e-06,10000.0,10.0,50,5e-09,0.1
Li,Honeycomb,1e-06,10000.0,10.0,50,5e-09,0.5
Li,Honeycomb,1e-06,10000.0,10.0,50,5e-09,1.0
Li,Honeycomb,1e-06,10000.0,10.0,50,1e-08,0.1
Li,Honeycomb,1e-06,10000.0,10.0,50,1e-08,0.5
Li,Honeycomb,1e-06,10000.0,10.0,50,1e-08,1.0
Li,Honeycomb,1e-06,10000.0,10.0,100,1e-09,0.1
Li,Honeycomb,1e-06,10000.0,10.0,100,1e-09,0.5
Li,Honeycomb,1e-06,10000.0,10.0,100,1e-09,1.0
Li,Honeycomb,1e-06,10000.0,10.0,100,5e-09,0.1
Li,Honeycomb,1e-06,10000.0,10.0,100,5e-09,0.5
Li,Honeycomb,1e-06,10000.0,10.0,100,5e-09,1.0
Li,Honeycomb,1e-06,10000.0,10.0,100,1e-08,0.1
Li,Honeycomb,1e-06,10000.0,10.0,100,1e-08,0.5
Li,Honeycomb,1e-06,10000.0,10.0,100,1e-08,1.0
Li,Honeycomb,1e-06,10000.0,10.0,200,1e-09,0.1
Li,Honeycomb,1e-06,10000.0,10.0,200,1e-09,0.5
Li,Honeycomb,1e-06,10000.0,10.0,200,1e-09,1.0
Li,Honeycomb,1e-06,10000.0,10.0,200,5e-09,0.1
Li,Honeycomb,1e-06,10000.0,10.0,200,5e-09,0.5
Li,Honeycomb,1e-06,10000.0,10.0,200,5e-09,1.0
Li,Honeycomb,1e-06,10000.0,10.0,200,1e-08,0.1
Li,Honeycomb,1e-06,10000.0,10.0,200,1e-08,0.5
Li,Honeycomb,1e-06,10000.0,10.0,200,1e-08,1.0
Li,Honeycomb,1e-06,50000.0,0.1,50,1e-09,0.1
Li,Honeycomb,1e-06,50000.0,0.1,50,1e-09,0.5
Li,Honeycomb,1e-06,50000.0,0.1,50,1e-09,1.0
Li,Honeycomb,1e-06,50000.0,0.1,50,5e-09,0.1
Li,Honeycomb,1e-06,50000.0,0.1,50,5e-09,0.5
Li,Honeycomb,1e-06,50000.0,0.1,50,5e-09,1.0
Li,Honeycomb,1e-06,50000.0,0.1,50,1e-08,0.1
Li,Honeycomb,1e-06,50000.0,0.1,50,1e-08,0.5
Li,Honeycomb,1e-06,50000.0,0.1,50,1e-08,1.0
Li,Honeycomb,1e-06,50000.0,0.1,100,1e-09,0.1
Li,Honeycomb,1e-06,50000.0,0.1,100,1e-09,0.5
Li,Honeycomb,1e-06,50000.0,0.1,100,1e-09,1.0
Li,Honeycomb,1e-06,50000.0,0.1,100,5e-09,0.1
Li,Honeycomb,1e-06,50000.0,0.1,100,5e-09,0.5
Li,Honeycomb,1e-06,50000.0,0.1,100,5e-09,1.0
Li,Honeycomb,1e-06,50000.0,0.1,100,1e-08,0.1
Li,Honeycomb,1e-06,50000.0,0.1,100,1e-08,0.5
Li,Honeycomb,1e-06,50000.0,0.1,100,1e-08,1.0
Li,Honeycomb,1e-06,50000.0,0.1,200,1e-09,0.1
Li,Honeycomb,1e-06,50000.0,0.1,200,1e-09,0.5
Li,Honeycomb,1e-06,50000.0,0.1,200,1e-09,1.0
Li,Honeycomb,1e-06,50000.0,0.1,200,5e-09,0.1
Li,Honeycomb,1e-06,50000.0,0.1,200,5e-09,0.5
Li,Honeycomb,1e-06,50000.0,0.1,200,5e-09,1.0
Li,Honeycomb,1e-06,50000.0,0.1,200,1e-08,0.1
Li,Honeycomb,1e-06,50000.0,0.1,200,1e-08,0.5
Li,Honeycomb,1e-06,50000.0,0.1,200,1e-08,1.0
Li,Honeycomb,1e-06,50000.0,1.0,50,1e-09,0.1
Li,Honeycomb,1e-06,50000.0,1.0,50,1e-09,0.5
Li,Honeycomb,1e-06,50000.0,1.0,50,1e-09,1.0
Li,Honeycomb,1e-06,50000.0,1.0,50,5e-09,0.1
Li,Honeycomb,1e-06,50000.0,1.0,50,5e-09,0.5
Li,Honeycomb,1e-06,50000.0,1.0,50,5e-09,1.0
Li,Honeycomb,1e-06,50000.0,1.0,50,1e-08,0.1
Li,Honeycomb,1e-06,50000.0,1.0,50,1e-08,0.5
Li,Honeycomb,1e-06,50000.0,1.0,50,1e-08,1.0
Li,Honeycomb,1e-06,50000.0,1.0,100,1e-09,0.1
Li,Honeycomb,1e-06,50000.0,1.0,100,1e-09,0.5
Li,Honeycomb,1e-06,50000.0,1.0,100,1e-09,1.0
Li,Honeycomb,1e-06,50000.0,1.0,100,5e-09,0.1
Li,Honeycomb,1e-06,50000.0,1.0,100,5e-09,0.5
Li,Honeycomb,1e-06,50000.0,1.0,100,5e-09,1.0
Li,Honeycomb,1e-06,50000.0,1.0,100,1e-08,0.1
Li,Honeycomb,1e-06,50000.0,1.0,100,1e-08,0.5
Li,Honeycomb,1e-06,50000.0,1.0,100,1e-08,1.0
Li,Honeycomb,1e-06,50000.0,1.0,200,1e-09,0.1
Li,Honeycomb,1e-06,50000.0,1.0,200,1e-09,0.5
Li,Honeycomb,1e-06,50000.0,1.0,200,1e-09,1.0
Li,Honeycomb,1e-06,50000.0,1.0,200,5e-09,0.1
Li,Honeycomb,1e-06,50000.0,1.0,200,5e-09,0.5
Li,Honeycomb,1e-06,50000.0,1.0,200,5e-09,1.0
Li,Honeycomb,1e-06,50000.0,1.0,200,1e-08,0.1
Li,Honeycomb,1e-06,50000.0,1.0,200,1e-08,0.5
Li,Honeycomb,1e-06,50000.0,1.0,200,1e-08,1.0
Li,Honeycomb,1e-06,50000.0,10.0,50,1e-09,0.1
Li,Honeycomb,1e-06,50000.0,10.0,50,1e-09,0.5
Li,Honeycomb,1e-06,50000.0,10.0,50,1e-09,1.0
Li,Honeycomb,1e-06,50000.0,10.0,50,5e-09,0.1
Li,Honeycomb,1e-06,50000.0,10.0,50,5e-09,0.5
Li,Honeycomb,1e-06,50000.0,10.0,50,5e-09,1.0
Li,Honeycomb,1e-06,50000.0,10.0,50,1e-08,0.1
Li,Honeycomb,1e-06,50000.0,10.0,50,1e-08,0.5
Li,Honeycomb,1e-06,50000.0,10.0,50,1e-08,1.0
Li,Honeycomb,1e-06,50000.0,10.0,100,1e-09,0.1
Li,Honeycomb,1e-06,50000.0,10.0,100,1e-09,0.5
Li,Honeycomb,1e-06,50000.0,10.0,100,1e-09,1.0
Li,Honeycomb,1e-06,50000.0,10.0,100,5e-09,0.1
Li,Honeycomb,1e-06,50000.0,10.0,100,5e-09,0.5
Li,Honeycomb,1e-06,50000.0,10.0,100,5e-09,1.0
Li,Honeycomb,1e-06,50000.0,10.0,100,1e-08,0.1
Li,Honeycomb,1e-06,50000.0,10.0,100,1e-08,0.5
Li,Honeycomb,1e-06,50000.0,10.0,100,1e-08,1.0
Li,Honeycomb,1e-06,50000.0,10.0,200,1e-09,0.1
Li,Honeycomb,1e-06,50000.0,10.0,200,1e-09,0.5
Li,Honeycomb,1e-06,50000.0,10.0,200,1e-09,1.0
Li,Honeycomb,1e-06,50000.0,10.0,200,5e-09,0.1
Li,Honeycomb,1e-06,50000.0,10.0,200,5e-09,0.5
Li,Honeycomb,1e-06,50000.0,10.0,200,5e-09,1.0
Li,Honeycomb,1e-06,50000.0,10.0,200,1e-08,0.1
Li,Honeycomb,1e-06,50000.0,10.0,200,1e-08,0.5
Li,Honeycomb,1e-06,50000.0,10.0,200,1e-08,1.0
Li,Honeycomb,1e-06,100000.0,0.1,50,1e-09,0.1
Li,Honeycomb,1e-06,100000.0,0.1,50,1e-09,0.5
Li,Honeycomb,1e-06,100000.0,0.1,50,1e-09,1.0
Li,Honeycomb,1e-06,100000.0,0.1,50,5e-09,0.1
Li,Honeycomb,1e-06,100000.0,0.1,50,5e-09,0.5
Li,Honeycomb,1e-06,100000.0,0.1,50,5e-09,1.0
Li,Honeycomb,1e-06,100000.0,0.1,50,1e-08,0.1
Li,Honeycomb,1e-06,100000.0,0.1,50,1e-08,0.5
Li,Honeycomb,1e-06,100000.0,0.1,50,1e-08,1.0
Li,Honeycomb,1e-06,100000.0,0.1,100,1e-09,0.1
Li,Honeycomb,1e-06,100000.0,0.1,100,1e-09,0.5
Li,Honeycomb,1e-06,100000.0,0.1,100,1e-09,1.0
Li,Honeycomb,1e-06,100000.0,0.1,100,5e-09,0.1
Li,Honeycomb,1e-06,100000.0,0.1,100,5e-09,0.5
Li,Honeycomb,1e-06,100000.0,0.1,100,5e-09,1.0
Li,Honeycomb,1e-06,100000.0,0.1,100,1e-08,0.1
Li,Honeycomb,1e-06,100000.0,0.1,100,1e-08,0.5
Li,Honeycomb,1e-06,100000.0,0.1,100,1e-08,1.0
Li,Honeycomb,1e-06,100000.0,0.1,200,1e-09,0.1
Li,Honeycomb,1e-06,100000.0,0.1,200,1e-09,0.5
Li,Honeycomb,1e-06,100000.0,0.1,200,1e-09,1.0
Li,Honeycomb,1e-06,100000.0,0.1,200,5e-09,0.1
Li,Honeycomb,1e-06,100000.0,0.1,200,5e-09,0.5
Li,Honeycomb,1e-06,100000.0,0.1,200,5e-09,1.0
Li,Honeycomb,1e-06,100000.0,0.1,200,1e-08,0.1
Li,Honeycomb,1e-06,100000.0,0.1,200,1e-08,0.5
Li,Honeycomb,1e-06,100000.0,0.1,200,1e-08,1.0
Li,Honeycomb,1e-06,100000.0,1.0,50,1e-09,0.1
Li,Honeycomb,1e-06,100000.0,1.0,50,1e-09,0.5
Li,Honeycomb,1e-06,100000.0,1.0,50,1e-09,1.0
Li,Honeycomb,1e-06,100000.0,1.0,50,5e-09,0.1
Li,Honeycomb,1e-06,100000.0,1.0,50,5e-09,0.5
Li,Honeycomb,1e-06,100000.0,1.0,50,5e-09,1.0
Li,Honeycomb,1e-06,100000.0,1.0,50,1e-08,0.1
Li,Honeycomb,1e-06,100000.0,1.0,50,1e-08,0.5
Li,Honeycomb,1e-06,100000.0,1.0,50,1e-08,1.0
Li,Honeycomb,1e-06,100000.0,1.0,100,1e-09,0.1
Li,Honeycomb,1e-06,100000.0,1.0,100,1e-09,0.5
Li,Honeycomb,1e-06,100000.0,1.0,100,1e-09,1.0
Li,Honeycomb,1e-06,100000.0,1.0,100,5e-09,0.1
Li,Honeycomb,1e-06,100000.0,1.0,100,5e-09,0.5
Li,Honeycomb,1e-06,100000.0,1.0,100,5e-09,1.0
Li,Honeycomb,1e-06,100000.0,1.0,100,1e-08,0.1
Li,Honeycomb,1e-06,100000.0,1.0,100,1e-08,0.5
Li,Honeycomb,1e-06,100000.0,1.0,100,1e-08,1.0
Li,Honeycomb,1e-06,100000.0,1.0,200,1e-09,0.1
Li,Honeycomb,1e-06,100000.0,1.0,200,1e-09,0.5
Li,Honeycomb,1e-06,100000.0,1.0,200,1e-09,1.0
Li,Honeycomb,1e-06,100000.0,1.0,200,5e-09,0.1
Li,Honeycomb,1e-06,100000.0,1.0,200,5e-09,0.5
Li,Honeycomb,1e-06,100000.0,1.0,200,5e-09,1.0
Li,Honeycomb,1e-06,100000.0,1.0,200,1e-08,0.1
Li,Honeycomb,1e-06,100000.0,1.0,200,1e-08,0.5
Li,Honeycomb,1e-06,100000.0,1.0,200,1e-08,1.0
Li,Honeycomb,1e-06,100000.0,10.0,50,1e-09,0.1
Li,Honeycomb,1e-06,100000.0,10.0,50,1e-09,0.5
Li,Honeycomb,1e-06,100000.0,10.0,50,1e-09,1.0
Li,Honeycomb,1e-06,100000.0,10.0,50,5e-09,0.1
Li,Honeycomb,1e-06,100000.0,10.0,50,5e-09,0.5
Li,Honeycomb,1e-06,100000.0,10.0,50,5e-09,1.0
Li,Honeycomb,1e-06,100000.0,10.0,50,1e-08,0.1
Li,Honeycomb,1e-06,100000.0,10.0,50,1e-08,0.5
Li,Honeycomb,1e-06,100000.0,10.0,50,1e-08,1.0
Li,Honeycomb,1e-06,100000.0,10.0,100,1e-09,0.1
Li,Honeycomb,1e-06,100000.0,10.0,100,1e-09,0.5
Li,Honeycomb,1e-06,100000.0,10.0,100,1e-09,1.0
Li,Honeycomb,1e-06,100000.0,10.0,100,5e-09,0.1
Li,Honeycomb,1e-06,100000.0,10.0,100,5e-09,0.5
Li,Honeycomb,1e-06,100000.0,10.0,100,5e-09,1.0
Li,Honeycomb,1e-06,100000.0,10.0,100,1e-08,0.1
Li,Honeycomb,1e-06,100000.0,10.0,100,1e-08,0.5
Li,Honeycomb,1e-06,100000.0,10.0,100,1e-08,1.0
Li,Honeycomb,1e-06,100000.0,10.0,200,1e-09,0.1
Li,Honeycomb,1e-06,100000.0,10.0,200,1e-09,0.5
Li,Honeycomb,1e-06,100000.0,10.0,200,1e-09,1.0
Li,Honeycomb,1e-06,100000.0,10.0,200,5e-09,0.1
Li,Honeycomb,1e-06,100000.0,10.0,200,5e-09,0.5
Li,Honeycomb,1e-06,100000.0,10.0,200,5e-09,1.0
Li,Honeycomb,1e-06,100000.0,10.0,200,1e-08,0.1
Li,Honeycomb,1e-06,100000.0,10.0,200,1e-08,0.5
Li,Honeycomb,1e-06,100000.0,10.0,200,1e-08,1.0
Li,Triangular,5e-07,10000.0,0.1,50,1e-09,0.1
Li,Triangular,5e-07,10000.0,0.1,50,1e-09,0.5
Li,Triangular,5e-07,10000.0,0.1,50,1e-09,1.0
Li,Triangular,5e-07,10000.0,0.1,50,5e-09,0.1
Li,Triangular,5e-07,10000.0,0.1,50,5e-09,0.5
Li,Triangular,5e-07,10000.0,0.1,50,5e-09,1.0
Li,Triangular,5e-07,10000.0,0.1,50,1e-08,0.1
Li,Triangular,5e-07,10000.0,0.1,50,1e-08,0.5
Li,Triangular,5e-07,10000.0,0.1,50,1e-08,1.0
Li,Triangular,5e-07,10000.0,0.1,100,1e-09,0.1
Li,Triangular,5e-07,10000.0,0.1,100,1e-09,0.5
Li,Triangular,5e-07,10000.0,0.1,100,1e-09,1.0
Li,Triangular,5e-07,10000.0,0.1,100,5e-09,0.1
Li,Triangular,5e-07,10000.0,0.1,100,5e-09,0.5
Li,Triangular,5e-07,10000.0,0.1,100,5e-09,1.0
Li,Triangular,5e-07,10000.0,0.1,100,1e-08,0.1
Li,Triangular,5e-07,10000.0,0.1,100,1e-08,0.5
Li,Triangular,5e-07,10000.0,0.1,100,1e-08,1.0
Li,Triangular,5e-07,10000.0,0.1,200,1e-09,0.1
Li,Triangular,5e-07,10000.0,0.1,200,1e-09,0.5
Li,Triangular,5e-07,10000.0,0.1,200,1e-09,1.0
Li,Triangular,5e-07,10000.0,0.1,200,5e-09,0.1
Li,Triangular,5e-07,10000.0,0.1,200,5e-09,0.5
Li,Triangular,5e-07,10000.0,0.1,200,5e-09,1.0
Li,Triangular,5e-07,10000.0,0.1,200,1e-08,0.1
Li,Triangular,5e-07,10000.0,0.1,200,1e-08,0.5
Li,Triangular,5e-07,10000.0,0.1,200,1e-08,1.0
Li,Triangular,5e-07,10000.0,1.0,50,1e-09,0.1
Li,Triangular,5e-07,10000.0,1.0,50,1e-09,0.5
Li,Triangular,5e-07,10000.0,1.0,50,1e-09,1.0
Li,Triangular,5e-07,10000.0,1.0,50,5e-09,0.1
Li,Triangular,5e-07,10000.0,1.0,50,5e-09,0.5
Li,Triangular,5e-07,10000.0,1.0,50,5e-09,1.0
Li,Triangular,5e-07,10000.0,1.0,50,1e-08,0.1
Li,Triangular,5e-07,10000.0,1.0,50,1e-08,0.5
Li,Triangular,5e-07,10000.0,1.0,50,1e-08,1.0
Li,Triangular,5e-07,10000.0,1.0,100,1e-09,0.1
Li,Triangular,5e-07,10000.0,1.0,100,1e-09,0.5
Li,Triangular,5e-07,10000.0,1.0,100,1e-09,1.0
Li,Triangular,5e-07,10000.0,1.0,100,5e-09,0.1
Li,Triangular,5e-07,10000.0,1.0,100,5e-09,0.5
Li,Triangular,5e-07,10000.0,1.0,100,5e-09,1.0
Li,Triangular,5e-07,10000.0,1.0,100,1e-08,0.1
Li,Triangular,5e-07,10000.0,1.0,100,1e-08,0.5
Li,Triangular,5e-07,10000.0,1.0,100,1e-08,1.0
Li,Triangular,5e-07,10000.0,1.0,200,1e-09,0.1
Li,Triangular,5e-07,10000.0,1.0,200,1e-09,0.5
Li,Triangular,5e-07,10000.0,1.0,200,1e-09,1.0
Li,Triangular,5e-07,10000.0,1.0,200,5e-09,0.1
Li,Triangular,5e-07,10000.0,1.0,200,5e-09,0.5
Li,Triangular,5e-07,10000.0,1.0,200,5e-09,1.0
Li,Triangular,5e-07,10000.0,1.0,200,1e-08,0.1
Li,Triangular,5e-07,10000.0,1.0,200,1e-08,0.5
Li,Triangular,5e-07,10000.0,1.0,200,1e-08,1.0
Li,Triangular,5e-07,10000.0,10.0,50,1e-09,0.1
Li,Triangular,5e-07,10000.0,10.0,50,1e-09,0.5
Li,Triangular,5e-07,10000.0,10.0,50,1e-09,1.0
Li,Triangular,5e-07,10000.0,10.0,50,5e-09,0.1
Li,Triangular,5e-07,10000.0,10.0,50,5e-09,0.5
Li,Triangular,5e-07,10000.0,10.0,50,5e-09,1.0
Li,Triangular,5e-07,10000.0,10.0,50,1e-08,0.1
Li,Triangular,5e-07,10000.0,10.0,50,1e-08,0.5
Li,Triangular,5e-07,10000.0,10.0,50,1e-08,1.0
Li,Triangular,5e-07,10000.0,10.0,100,1e-09,0.1
Li,Triangular,5e-07,10000.0,10.0,100,1e-09,0.5
Li,Triangular,5e-07,10000.0,10.0,100,1e-09,1.0
Li,Triangular,5e-07,10000.0,10.0,100,5e-09,0.1
Li,Triangular,5e-07,10000.0,10.0,100,5e-09,0.5
Li,Triangular,5e-07,10000.0,10.0,100,5e-09,1.0
Li,Triangular,5e-07,10000.0,10.0,100,1e-08,0.1
Li,Triangular,5e-07,10000.0,10.0,100,1e-08,0.5
Li,Triangular,5e-07,10000.0,10.0,100,1e-08,1.0
Li,Triangular,5e-07,10000.0,10.0,200,1e-09,0.1
Li,Triangular,5e-07,10000.0,10.0,200,1e-09,0.5
Li,Triangular,5e-07,10000.0,10.0,200,1e-09,1.0
Li,Triangular,5e-07,10000.0,10.0,200,5e-09,0.1
Li,Triangular,5e-07,10000.0,10.0,200,5e-09,0.5
Li,Triangular,5e-07,10000.0,10.0,200,5e-09,1.0
Li,Triangular,5e-07,10000.0,10.0,200,1e-08,0.1
Li,Triangular,5e-07,10000.0,10.0,200,1e-08,0.5
Li,Triangular,5e-07,10000.0,10.0,200,1e-08,1.0
Li,Triangular,5e-07,50000.0,0.1,50,1e-09,0.1
Li,Triangular,5e-07,50000.0,0.1,50,1e-09,0.5
Li,Triangular,5e-07,50000.0,0.1,50,1e-09,1.0
Li,Triangular,5e-07,50000.0,0.1,50,5e-09,0.1
Li,Triangular,5e-07,50000.0,0.1,50,5e-09,0.5
Li,Triangular,5e-07,50000.0,0.1,50,5e-09,1.0
Li,Triangular,5e-07,50000.0,0.1,50,1e-08,0.1
Li,Triangular,5e-07,50000.0,0.1,50,1e-08,0.5
Li,Triangular,5e-07,50000.0,0.1,50,1e-08,1.0
Li,Triangular,5e-07,50000.0,0.1,100,1e-09,0.1
Li,Triangular,5e-07,50000.0,0.1,100,1e-09,0.5
Li,Triangular,5e-07,50000.0,0.1,100,1e-09,1.0
Li,Triangular,5e-07,50000.0,0.1,100,5e-09,0.1
Li,Triangular,5e-07,50000.0,0.1,100,5e-09,0.5
Li,Triangular,5e-07,50000.0,0.1,100,5e-09,1.0
Li,Triangular,5e-07,50000.0,0.1,100,1e-08,0.1
Li,Triangular,5e-07,50000.0,0.1,100,1e-08,0.5
Li,Triangular,5e-07,50000.0,0.1,100,1e-08,1.0
Li,Triangular,5e-07,50000.0,0.1,200,1e-09,0.1
Li,Triangular,5e-07,50000.0,0.1,200,1e-09,0.5
Li,Triangular,5e-07,50000.0,0.1,200,1e-09,1.0
Li,Triangular,5e-07,50000.0,0.1,200,5e-09,0.1
Li,Triangular,5e-07,50000.0,0.1,200,5e-09,0.5
Li,Triangular,5e-07,50000.0,0.1,200,5e-09,1.0
Li,Triangular,5e-07,50000.0,0.1,200,1e-08,0.1
Li,Triangular,5e-07,50000.0,0.1,200,1e-08,0.5
Li,Triangular,5e-07,50000.0,0.1,200,1e-08,1.0
Li,Triangular,5e-07,50000.0,1.0,50,1e-09,0.1
Li,Triangular,5e-07,50000.0,1.0,50,1e-09,0.5
Li,Triangular,5e-07,50000.0,1.0,50,1e-09,1.0
Li,Triangular,5e-07,50000.0,1.0,50,5e-09,0.1
Li,Triangular,5e-07,50000.0,1.0,50,5e-09,0.5
Li,Triangular,5e-07,50000.0,1.0,50,5e-09,1.0
Li,Triangular,5e-07,50000.0,1.0,50,1e-08,0.1
Li,Triangular,5e-07,50000.0,1.0,50,1e-08,0.5
Li,Triangular,5e-07,50000.0,1.0,50,1e-08,1.0
Li,Triangular,5e-07,50000.0,1.0,100,1e-09,0.1
Li,Triangular,5e-07,50000.0,1.0,100,1e-09,0.5
Li,Triangular,5e-07,50000.0,1.0,100,1e-09,1.0
Li,Triangular,5e-07,50000.0,1.0,100,5e-09,0.1
Li,Triangular,5e-07,50000.0,1.0,100,5e-09,0.5
Li,Triangular,5e-07,50000.0,1.0,100,5e-09,1.0
Li,Triangular,5e-07,50000.0,1.0,100,1e-08,0.1
Li,Triangular,5e-07,50000.0,1.0,100,1e-08,0.5
Li,Triangular,5e-07,50000.0,1.0,100,1e-08,1.0
Li,Triangular,5e-07,50000.0,1.0,200,1e-09,0.1
Li,Triangular,5e-07,50000.0,1.0,200,1e-09,0.5
Li,Triangular,5e-07,50000.0,1.0,200,1e-09,1.0
Li,Triangular,5e-07,50000.0,1.0,200,5e-09,0.1
Li,Triangular,5e-07,50000.0,1.0,200,5e-09,0.5
Li,Triangular,5e-07,50000.0,1.0,200,5e-09,1.0
Li,Triangular,5e-07,50000.0,1.0,200,1e-08,0.1
Li,Triangular,5e-07,50000.0,1.0,200,1e-08,0.5
Li,Triangular,5e-07,50000.0,1.0,200,1e-08,1.0
Li,Triangular,5e-07,50000.0,10.0,50,1e-09,0.1
Li,Triangular,5e-07,50000.0,10.0,50,1e-09,0.5
Li,Triangular,5e-07,50000.0,10.0,50,1e-09,1.0
Li,Triangular,5e-07,50000.0,10.0,50,5e-09,0.1
Li,Triangular,5e-07,50000.0,10.0,50,5e-09,0.5
Li,Triangular,5e-07,50000.0,10.0,50,5e-09,1.0
Li,Triangular,5e-07,50000.0,10.0,50,1e-08,0.1
Li,Triangular,5e-07,50000.0,10.0,50,1e-08,0.5
Li,Triangular,5e-07,50000.0,10.0,50,1e-08,1.0
Li,Triangular,5e-07,50000.0,10.0,100,1e-09,0.1
Li,Triangular,5e-07,50000.0,10.0,100,1e-09,0.5
Li,Triangular,5e-07,50000.0,10.0,100,1e-09,1.0
Li,Triangular,5e-07,50000.0,10.0,100,5e-09,0.1
Li,Triangular,5e-07,50000.0,10.0,100,5e-09,0.5
Li,Triangular,5e-07,50000.0,10.0,100,5e-09,1.0
Li,Triangular,5e-07,50000.0,10.0,100,1e-08,0.1
Li,Triangular,5e-07,50000.0,10.0,100,1e-08,0.5
Li,Triangular,5e-07,50000.0,10.0,100,1e-08,1.0
Li,Triangular,5e-07,50000.0,10.0,200,1e-09,0.1
Li,Triangular,5e-07,50000.0,10.0,200,1e-09,0.5
Li,Triangular,5e-07,50000.0,10.0,200,1e-09,1.0
Li,Triangular,5e-07,50000.0,10.0,200,5e-09,0.1
Li,Triangular,5e-07,50000.0,10.0,200,5e-09,0.5
Li,Triangular,5e-07,50000.0,10.0,200,5e-09,1.0
Li,Triangular,5e-07,50000.0,10.0,200,1e-08,0.1
Li,Triangular,5e-07,50000.0,10.0,200,1e-08,0.5
Li,Triangular,5e-07,50000.0,10.0,200,1e-08,1.0
Li,Triangular,5e-07,100000.0,0.1,50,1e-09,0.1
Li,Triangular,5e-07,100000.0,0.1,50,1e-09,0.5
Li,Triangular,5e-07,100000.0,0.1,50,1e-09,1.0
Li,Triangular,5e-07,100000.0,0.1,50,5e-09,0.1
Li,Triangular,5e-07,100000.0,0.1,50,5e-09,0.5
Li,Triangular,5e-07,100000.0,0.1,50,5e-09,1.0
Li,Triangular,5e-07,100000.0,0.1,50,1e-08,0.1
Li,Triangular,5e-07,100000.0,0.1,50,1e-08,0.5
Li,Triangular,5e-07,100000.0,0.1,50,1e-08,1.0
Li,Triangular,5e-07,100000.0,0.1,100,1e-09,0.1
Li,Triangular,5e-07,100000.0,0.1,100,1e-09,0.5
Li,Triangular,5e-07,100000.0,0.1,100,1e-09,1.0
Li,Triangular,5e-07,100000.0,0.1,100,5e-09,0.1
Li,Triangular,5e-07,100000.0,0.1,100,5e-09,0.5
Li,Triangular,5e-07,100000.0,0.1,100,5e-09,1.0
Li,Triangular,5e-07,100000.0,0.1,100,1e-08,0.1
Li,Triangular,5e-07,100000.0,0.1,100,1e-08,0.5
Li,Triangular,5e-07,100000.0,0.1,100,1e-08,1.0
Li,Triangular,5e-07,100000.0,0.1,200,1e-09,0.1
Li,Triangular,5e-07,100000.0,0.1,200,1e-09,0.5
Li,Triangular,5e-07,100000.0,0.1,200,1e-09,1.0
Li,Triangular,5e-07,100000.0,0.1,200,5e-09,0.1
Li,Triangular,5e-07,100000.0,0.1,200,5e-09,0.5
Li,Triangular,5e-07,100000.0,0.1,200,5e-09,1.0
Li,Triangular,5e-07,100000.0,0.1,200,1e-08,0.1
Li,Triangular,5e-07,100000.0,0.1,200,1e-08,0.5
Li,Triangular,5e-07,100000.0,0.1,200,1e-08,1.0
Li,Triangular,5e-07,100000.0,1.0,50,1e-09,0.1
Li,Triangular,5e-07,100000.0,1.0,50,1e-09,0.5
Li,Triangular,5e-07,100000.0,1.0,50,1e-09,1.0
Li,Triangular,5e-07,100000.0,1.0,50,5e-09,0.1
Li,Triangular,5e-07,100000.0,1.0,50,5e-09,0.5
Li,Triangular,5e-07,100000.0,1.0,50,5e-09,1.0
Li,Triangular,5e-07,100000.0,1.0,50,1e-08,0.1
Li,Triangular,5e-07,100000.0,1.0,50,1e-08,0.5
Li,Triangular,5e-07,100000.0,1.0,50,1e-08,1.0
Li,Triangular,5e-07,100000.0,1.0,100,1e-09,0.1
Li,Triangular,5e-07,100000.0,1.0,100,1e-09,0.5
Li,Triangular,5e-07,100000.0,1.0,100,1e-09,1.0
Li,Triangular,5e-07,100000.0,1.0,100,5e-09,0.1
Li,Triangular,5e-07,100000.0,1.0,100,5e-09,0.5
Li,Triangular,5e-07,100000.0,1.0,100,5e-09,1.0
Li,Triangular,5e-07,100000.0,1.0,100,1e-08,0.1
Li,Triangular,5e-07,100000.0,1.0,100,1e-08,0.5
Li,Triangular,5e-07,100000.0,1.0,100,1e-08,1.0
Li,Triangular,5e-07,100000.0,1.0,200,1e-09,0.1
Li,Triangular,5e-07,100000.0,1.0,200,1e-09,0.5
Li,Triangular,5e-07,100000.0,1.0,200,1e-09,1.0
Li,Triangular,5e-07,100000.0,1.0,200,5e-09,0.1
Li,Triangular,5e-07,100000.0,1.0,200,5e-09,0.5
Li,Triangular,5e-07,100000.0,1.0,200,5e-09,1.0
Li,Triangular,5e-07,100000.0,1.0,200,1e-08,0.1
Li,Triangular,5e-07,100000.0,1.0,200,1e-08,0.5
Li,Triangular,5e-07,100000.0,1.0,200,1e-08,1.0
Li,Triangular,5e-07,100000.0,10.0,50,1e-09,0.1
Li,Triangular,5e-07,100000.0,10.0,50,1e-09,0.5
Li,Triangular,5e-07,100000.0,10.0,50,1e-09,1.0
Li,Triangular,5e-07,100000.0,10.0,50,5e-09,0.1
Li,Triangular,5e-07,100000.0,10.0,50,5e-09,0.5
Li,Triangular,5e-07,100000.0,10.0,50,5e-09,1.0
Li,Triangular,5e-07,100000.0,10.0,50,1e-08,0.1
Li,Triangular,5e-07,100000.0,10.0,50,1e-08,0.5
Li,Triangular,5e-07,100000.0,10.0,50,1e-08,1.0
Li,Triangular,5e-07,100000.0,10.0,100,1e-09,0.1
Li,Triangular,5e-07,100000.0,10.0,100,1e-09,0.5
Li,Triangular,5e-07,100000.0,10.0,100,1e-09,1.0
Li,Triangular,5e-07,100000.0,10.0,100,5e-09,0.1
Li,Triangular,5e-07,100000.0,10.0,100,5e-09,0.5
Li,Triangular,5e-07,100000.0,10.0,100,5e-09,1.0
Li,Triangular,5e-07,100000.0,10.0,100,1e-08,0.1
Li,Triangular,5e-07,100000.0,10.0,100,1e-08,0.5
Li,Triangular,5e-07,100000.0,10.0,100,1e-08,1.0
Li,Triangular,5e-07,100000.0,10.0,200,1e-09,0.1
Li,Triangular,5e-07,100000.0,10.0,200,1e-09,0.5
Li,Triangular,5e-07,100000.0,10.0,200,1e-09,1.0
Li,Triangular,5e-07,100000.0,10.0,200,5e-09,0.1
Li,Triangular,5e-07,100000.0,10.0,200,5e-09,0.5
Li,Triangular,5e-07,100000.0,10.0,200,5e-09,1.0
Li,Triangular,5e-07,100000.0,10.0,200,1e-08,0.1
Li,Triangular,5e-07,100000.0,10.0,200,1e-08,0.5
Li,Triangular,5e-07,100000.0,10.0,200,1e-08,1.0
Li,Triangular,7e-07,10000.0,0.1,50,1e-09,0.1
Li,Triangular,7e-07,10000.0,0.1,50,1e-09,0.5
Li,Triangular,7e-07,10000.0,0.1,50,1e-09,1.0
Li,Triangular,7e-07,10000.0,0.1,50,5e-09,0.1
Li,Triangular,7e-07,10000.0,0.1,50,5e-09,0.5
Li,Triangular,7e-07,10000.0,0.1,50,5e-09,1.0
Li,Triangular,7e-07,10000.0,0.1,50,1e-08,0.1
Li,Triangular,7e-07,10000.0,0.1,50,1e-08,0.5
Li,Triangular,7e-07,10000.0,0.1,50,1e-08,1.0
Li,Triangular,7e-07,10000.0,0.1,100,1e-09,0.1
Li,Triangular,7e-07,10000.0,0.1,100,1e-09,0.5
Li,Triangular,7e-07,10000.0,0.1,100,1e-09,1.0
Li,Triangular,7e-07,10000.0,0.1,100,5e-09,0.1
Li,Triangular,7e-07,10000.0,0.1,100,5e-09,0.5
Li,Triangular,7e-07,10000.0,0.1,100,5e-09,1.0
Li,Triangular,7e-07,10000.0,0.1,100,1e-08,0.1
Li,Triangular,7e-07,10000.0,0.1,100,1e-08,0.5
Li,Triangular,7e-07,10000.0,0.1,100,1e-08,1.0
Li,Triangular,7e-07,10000.0,0.1,200,1e-09,0.1
Li,Triangular,7e-07,10000.0,0.1,200,1e-09,0.5
Li,Triangular,7e-07,10000.0,0.1,200,1e-09,1.0
Li,Triangular,7e-07,10000.0,0.1,200,5e-09,0.1
Li,Triangular,7e-07,10000.0,0.1,200,5e-09,0.5
Li,Triangular,7e-07,10000.0,0.1,200,5e-09,1.0
Li,Triangular,7e-07,10000.0,0.1,200,1e-08,0.1
Li,Triangular,7e-07,10000.0,0.1,200,1e-08,0.5
Li,Triangular,7e-07,10000.0,0.1,200,1e-08,1.0
Li,Triangular,7e-07,10000.0,1.0,50,1e-09,0.1
Li,Triangular,7e-07,10000.0,1.0,50,1e-09,0.5
Li,Triangular,7e-07,10000.0,1.0,50,1e-09,1.0
Li,Triangular,7e-07,10000.0,1.0,50,5e-09,0.1
Li,Triangular,7e-07,10000.0,1.0,50,5e-09,0.5
Li,Triangular,7e-07,10000.0,1.0,50,5e-09,1.0
Li,Triangular,7e-07,10000.0,1.0,50,1e-08,0.1
Li,Triangular,7e-07,10000.0,1.0,50,1e-08,0.5
Li,Triangular,7e-07,10000.0,1.0,50,1e-08,1.0
Li,Triangular,7e-07,10000.0,1.0,100,1e-09,0.1
Li,Triangular,7e-07,10000.0,1.0,100,1e-09,0.5
Li,Triangular,7e-07,10000.0,1.0,100,1e-09,1.0
Li,Triangular,7e-07,10000.0,1.0,100,5e-09,0.1
Li,Triangular,7e-07,10000.0,1.0,100,5e-09,0.5
Li,Triangular,7e-07,10000.0,1.0,100,5e-09,1.0
Li,Triangular,7e-07,10000.0,1.0,100,1e-08,0.1
Li,Triangular,7e-07,10000.0,1.0,100,1e-08,0.5
Li,Triangular,7e-07,10000.0,1.0,100,1e-08,1.0
Li,Triangular,7e-07,10000.0,1.0,200,1e-09,0.1
Li,Triangular,7e-07,10000.0,1.0,200,1e-09,0.5
Li,Triangular,7e-07,10000.0,1.0,200,1e-09,1.0
Li,Triangular,7e-07,10000.0,1.0,200,5e-09,0.1
Li,Triangular,7e-07,10000.0,1.0,200,5e-09,0.5
Li,Triangular,7e-07,10000.0,1.0,200,5e-09,1.0
Li,Triangular,7e-07,10000.0,1.0,200,1e-08,0.1
Li,Triangular,7e-07,10000.0,1.0,200,1e-08,0.5
Li,Triangular,7e-07,10000.0,1.0,200,1e-08,1.0
Li,Triangular,7e-07,10000.0,10.0,50,1e-09,0.1
Li,Triangular,7e-07,10000.0,10.0,50,1e-09,0.5
Li,Triangular,7e-07,10000.0,10.0,50,1e-09,1.0
Li,Triangular,7e-07,10000.0,10.0,50,5e-09,0.1
Li,Triangular,7e-07,10000.0,10.0,50,5e-09,0.5
Li,Triangular,7e-07,10000.0,10.0,50,5e-09,1.0
Li,Triangular,7e-07,10000.0,10.0,50,1e-08,0.1
Li,Triangular,7e-07,10000.0,10.0,50,1e-08,0.5
Li,Triangular,7e-07,10000.0,10.0,50,1e-08,1.0
Li,Triangular,7e-07,10000.0,10.0,100,1e-09,0.1
Li,Triangular,7e-07,10000.0,10.0,100,1e-09,0.5
Li,Triangular,7e-07,10000.0,10.0,100,1e-09,1.0
Li,Triangular,7e-07,10000.0,10.0,100,5e-09,0.1
Li,Triangular,7e-07,10000.0,10.0,100,5e-09,0.5
Li,Triangular,7e-07,10000.0,10.0,100,5e-09,1.0
Li,Triangular,7e-07,10000.0,10.0,100,1e-08,0.1
Li,Triangular,7e-07,10000.0,10.0,100,1e-08,0.5
Li,Triangular,7e-07,10000.0,10.0,100,1e-08,1.0
Li,Triangular,7e-07,10000.0,10.0,200,1e-09,0.1
Li,Triangular,7e-07,10000.0,10.0,200,1e-09,0.5
Li,Triangular,7e-07,10000.0,10.0,200,1e-09,1.0
Li,Triangular,7e-07,10000.0,10.0,200,5e-09,0.1
Li,Triangular,7e-07,10000.0,10.0,200,5e-09,0.5
Li,Triangular,7e-07,10000.0,10.0,200,5e-09,1.0
Li,Triangular,7e-07,10000.0,10.0,200,1e-08,0.1
Li,Triangular,7e-07,10000.0,10.0,200,1e-08,0.5
Li,Triangular,7e-07,10000.0,10.0,200,1e-08,1.0
Li,Triangular,7e-07,50000.0,0.1,50,1e-09,0.1
Li,Triangular,7e-07,50000.0,0.1,50,1e-09,0.5
Li,Triangular,7e-07,50000.0,0.1,50,1e-09,1.0
Li,Triangular,7e-07,50000.0,0.1,50,5e-09,0.1
Li,Triangular,7e-07,50000.0,0.1,50,5e-09,0.5
Li,Triangular,7e-07,50000.0,0.1,50,5e-09,1.0
Li,Triangular,7e-07,50000.0,0.1,50,1e-08,0.1
Li,Triangular,7e-07,50000.0,0.1,50,1e-08,0.5
Li,Triangular,7e-07,50000.0,0.1,50,1e-08,1.0
Li,Triangular,7e-07,50000.0,0.1,100,1e-09,0.1
Li,Triangular,7e-07,50000.0,0.1,100,1e-09,0.5
Li,Triangular,7e-07,50000.0,0.1,100,1e-09,1.0
Li,Triangular,7e-07,50000.0,0.1,100,5e-09,0.1
Li,Triangular,7e-07,50000.0,0.1,100,5e-09,0.5
Li,Triangular,7e-07,50000.0,0.1,100,5e-09,1.0
Li,Triangular,7e-07,50000.0,0.1,100,1e-08,0.1
Li,Triangular,7e-07,50000.0,0.1,100,1e-08,0.5
Li,Triangular,7e-07,50000.0,0.1,100,1e-08,1.0
Li,Triangular,7e-07,50000.0,0.1,200,1e-09,0.1
Li,Triangular,7e-07,50000.0,0.1,200,1e-09,0.5
Li,Triangular,7e-07,50000.0,0.1,200,1e-09,1.0
Li,Triangular,7e-07,50000.0,0.1,200,5e-09,0.1
Li,Triangular,7e-07,50000.0,0.1,200,5e-09,0.5
Li,Triangular,7e-07,50000.0,0.1,200,5e-09,1.0
Li,Triangular,7e-07,50000.0,0.1,200,1e-08,0.1
Li,Triangular,7e-07,50000.0,0.1,200,1e-08,0.5
Li,Triangular,7e-07,50000.0,0.1,200,1e-08,1.0
Li,Triangular,7e-07,50000.0,1.0,50,1e-09,0.1
Li,Triangular,7e-07,50000.0,1.0,50,1e-09,0.5
Li,Triangular,7e-07,50000.0,1.0,50,1e-09,1.0
Li,Triangular,7e-07,50000.0,1.0,50,5e-09,0.1
Li,Triangular,7e-07,50000.0,1.0,50,5e-09,0.5
Li,Triangular,7e-07,50000.0,1.0,50,5e-09,1.0
Li,Triangular,7e-07,50000.0,1.0,50,1e-08,0.1
Li,Triangular,7e-07,50000.0,1.0,50,1e-08,0.5
Li,Triangular,7e-07,50000.0,1.0,50,1e-08,1.0
Li,Triangular,7e-07,50000.0,1.0,100,1e-09,0.1
Li,Triangular,7e-07,50000.0,1.0,100,1e-09,0.5
Li,Triangular,7e-07,50000.0,1.0,100,1e-09,1.0
Li,Triangular,7e-07,50000.0,1.0,100,5e-09,0.1
Li,Triangular,7e-07,50000.0,1.0,100,5e-09,0.5
Li,Triangular,7e-07,50000.0,1.0,100,5e-09,1.0
Li,Triangular,7e-07,50000.0,1.0,100,1e-08,0.1
Li,Triangular,7e-07,50000.0,1.0,100,1e-08,0.5
Li,Triangular,7e-07,50000.0,1.0,100,1e-08,1.0
Li,Triangular,7e-07,50000.0,1.0,200,1e-09,0.1
Li,Triangular,7e-07,50000.0,1.0,200,1e-09,0.5
Li,Triangular,7e-07,50000.0,1.0,200,1e-09,1.0
Li,Triangular,7e-07,50000.0,1.0,200,5e-09,0.1
Li,Triangular,7e-07,50000.0,1.0,200,5e-09,0.5
Li,Triangular,7e-07,50000.0,1.0,200,5e-09,1.0
Li,Triangular,7e-07,50000.0,1.0,200,1e-08,0.1
Li,Triangular,7e-07,50000.0,1.0,200,1e-08,0.5
Li,Triangular,7e-07,50000.0,1.0,200,1e-08,1.0
Li,Triangular,7e-07,50000.0,10.0,50,1e-09,0.1
Li,Triangular,7e-07,50000.0,10.0,50,1e-09,0.5
Li,Triangular,7e-07,50000.0,10.0,50,1e-09,1.0
Li,Triangular,7e-07,50000.0,10.0,50,5e-09,0.1
Li,Triangular,7e-07,50000.0,10.0,50,5e-09,0.5
Li,Triangular,7e-07,50000.0,10.0,50,5e-09,1.0
Li,Triangular,7e-07,50000.0,10.0,50,1e-08,0.1
Li,Triangular,7e-07,50000.0,10.0,50,1e-08,0.5
Li,Triangular,7e-07,50000.0,10.0,50,1e-08,1.0
Li,Triangular,7e-07,50000.0,10.0,100,1e-09,0.1
Li,Triangular,7e-07,50000.0,10.0,100,1e-09,0.5
Li,Triangular,7e-07,50000.0,10.0,100,1e-09,1.0
Li,Triangular,7e-07,50000.0,10.0,100,5e-09,0.1
Li,Triangular,7e-07,50000.0,10.0,100,5e-09,0.5
Li,Triangular,7e-07,50000.0,10.0,100,5e-09,1.0
Li,Triangular,7e-07,50000.0,10.0,100,1e-08,0.1
Li,Triangular,7e-07,50000.0,10.0,100,1e-08,0.5
Li,Triangular,7e-07,50000.0,10.0,100,1e-08,1.0
Li,Triangular,7e-07,50000.0,10.0,200,1e-09,0.1
Li,Triangular,7e-07,50000.0,10.0,200,1e-09,0.5
Li,Triangular,7e-07,50000.0,10.0,200,1e-09,1.0
Li,Triangular,7e-07,50000.0,10.0,200,5e-09,0.1
Li,Triangular,7e-07,50000.0,10.0,200,5e-09,0.5
Li,Triangular,7e-07,50000.0,10.0,200,5e-09,1.0
Li,Triangular,7e-07,50000.0,10.0,200,1e-08,0.1
Li,Triangular,7e-07,50000.0,10.0,200,1e-08,0.5
Li,Triangular,7e-07,50000.0,10.0,200,1e-08,1.0
Li,Triangular,7e-07,100000.0,0.1,50,1e-09,0.1
Li,Triangular,7e-07,100000.0,0.1,50,1e-09,0.5
Li,Triangular,7e-07,100000.0,0.1,50,1e-09,1.0
Li,Triangular,7e-07,100000.0,0.1,50,5e-09,0.1
Li,Triangular,7e-07,100000.0,0.1,50,5e-09,0.5
Li,Triangular,7e-07,100000.0,0.1,50,5e-09,1.0
Li,Triangular,7e-07,100000.0,0.1,50,1e-08,0.1
Li,Triangular,7e-07,100000.0,0.1,50,1e-08,0.5
Li,Triangular,7e-07,100000.0,0.1,50,1e-08,1.0
Li,Triangular,7e-07,100000.0,0.1,100,1e-09,0.1
Li,Triangular,7e-07,100000.0,0.1,100,1e-09,0.5
Li,Triangular,7e-07,100000.0,0.1,100,1e-09,1.0
Li,Triangular,7e-07,100000.0,0.1,100,5e-09,0.1
Li,Triangular,7e-07,100000.0,0.1,100,5e-09,0.5
Li,Triangular,7e-07,100000.0,0.1,100,5e-09,1.0
Li,Triangular,7e-07,100000.0,0.1,100,1e-08,0.1
Li,Triangular,7e-07,100000.0,0.1,100,1e-08,0.5
Li,Triangular,7e-07,100000.0,0.1,100,1e-08,1.0
Li,Triangular,7e-07,100000.0,0.1,200,1e-09,0.1
Li,Triangular,7e-07,100000.0,0.1,200,1e-09,0.5
Li,Triangular,7e-07,100000.0,0.1,200,1e-09,1.0
Li,Triangular,7e-07,100000.0,0.1,200,5e-09,0.1
Li,Triangular,7e-07,100000.0,0.1,200,5e-09,0.5
Li,Triangular,7e-07,100000.0,0.1,200,5e-09,1.0
Li,Triangular,7e-07,100000.0,0.1,200,1e-08,0.1
Li,Triangular,7e-07,100000.0,0.1,200,1e-08,0.5
Li,Triangular,7e-07,100000.0,0.1,200,1e-08,1.0
Li,Triangular,7e-07,100000.0,1.0,50,1e-09,0.1
Li,Triangular,7e-07,100000.0,1.0,50,1e-09,0.5
Li,Triangular,7e-07,100000.0,1.0,50,1e-09,1.0
Li,Triangular,7e-07,100000.0,1.0,50,5e-09,0.1
Li,Triangular,7e-07,100000.0,1.0,50,5e-09,0.5
Li,Triangular,7e-07,100000.0,1.0,50,5e-09,1.0
Li,Triangular,7e-07,100000.0,1.0,50,1e-08,0.1
Li,Triangular,7e-07,100000.0,1.0,50,1e-08,0.5
Li,Triangular,7e-07,100000.0,1.0,50,1e-08,1.0
Li,Triangular,7e-07,100000.0,1.0,100,1e-09,0.1
Li,Triangular,7e-07,100000.0,1.0,100,1e-09,0.5
Li,Triangular,7e-07,100000.0,1.0,100,1e-09,1.0
Li,Triangular,7e-07,100000.0,1.0,100,5e-09,0.1
Li,Triangular,7e-07,100000.0,1.0,100,5e-09,0.5
Li,Triangular,7e-07,100000.0,1.0,100,5e-09,1.0
Li,Triangular,7e-07,100000.0,1.0,100,1e-08,0.1
Li,Triangular,7e-07,100000.0,1.0,100,1e-08,0.5
Li,Triangular,7e-07,100000.0,1.0,100,1e-08,1.0
Li,Triangular,7e-07,100000.0,1.0,200,1e-09,0.1
Li,Triangular,7e-07,100000.0,1.0,200,1e-09,0.5
Li,Triangular,7e-07,100000.0,1.0,200,1e-09,1.0
Li,Triangular,7e-07,100000.0,1.0,200,5e-09,0.1
Li,Triangular,7e-07,100000.0,1.0,200,5e-09,0.5
Li,Triangular,7e-07,100000.0,1.0,200,5e-09,1.0
Li,Triangular,7e-07,100000.0,1.0,200,1e-08,0.1
Li,Triangular,7e-07,100000.0,1.0,200,1e-08,0.5
Li,Triangular,7e-07,100000.0,1.0,200,1e-08,1.0
Li,Triangular,7e-07,100000.0,10.0,50,1e-09,0.1
Li,Triangular,7e-07,100000.0,10.0,50,1e-09,0.5
Li,Triangular,7e-07,100000.0,10.0,50,1e-09,1.0
Li,Triangular,7e-07,100000.0,10.0,50,5e-09,0.1
Li,Triangular,7e-07,100000.0,10.0,50,5e-09,0.5
Li,Triangular,7e-07,100000.0,10.0,50,5e-09,1.0
Li,Triangular,7e-07,100000.0,10.0,50,1e-08,0.1
Li,Triangular,7e-07,100000.0,10.0,50,1e-08,0.5
Li,Triangular,7e-07,100000.0,10.0,50,1e-08,1.0
Li,Triangular,7e-07,100000.0,10.0,100,1e-09,0.1
Li,Triangular,7e-07,100000.0,10.0,100,1e-09,0.5
Li,Triangular,7e-07,100000.0,10.0,100,1e-09,1.0
Li,Triangular,7e-07,100000.0,10.0,100,5e-09,0.1
Li,Triangular,7e-07,100000.0,10.0,100,5e-09,0.5
Li,Triangular,7e-07,100000.0,10.0,100,5e-09,1.0
Li,Triangular,7e-07,100000.0,10.0,100,1e-08,0.1
Li,Triangular,7e-07,100000.0,10.0,100,1e-08,0.5
Li,Triangular,7e-07,100000.0,10.0,100,1e-08,1.0
Li,Triangular,7e-07,100000.0,10.0,200,1e-09,0.1
Li,Triangular,7e-07,100000.0,10.0,200,1e-09,0.5
Li,Triangular,7e-07,100000.0,10.0,200,1e-09,1.0
Li,Triangular,7e-07,100000.0,10.0,200,5e-09,0.1
Li,Triangular,7e-07,100000.0,10.0,200,5e-09,0.5
Li,Triangular,7e-07,100000.0,10.0,200,5e-09,1.0
Li,Triangular,7e-07,100000.0,10.0,200,1e-08,0.1
Li,Triangular,7e-07,100000.0,10.0,200,1e-08,0.5
Li,Triangular,7e-07,100000.0,10.0,200,1e-08,1.0
Li,Triangular,1e-06,10000.0,0.1,50,1e-09,0.1
Li,Triangular,1e-06,10000.0,0.1,50,1e-09,0.5
Li,Triangular,1e-06,10000.0,0.1,50,1e-09,1.0
Li,Triangular,1e-06,10000.0,0.1,50,5e-09,0.1
Li,Triangular,1e-06,10000.0,0.1,50,5e-09,0.5
Li,Triangular,1e-06,10000.0,0.1,50,5e-09,1.0
Li,Triangular,1e-06,10000.0,0.1,50,1e-08,0.1
Li,Triangular,1e-06,10000.0,0.1,50,1e-08,0.5
Li,Triangular,1e-06,10000.0,0.1,50,1e-08,1.0
Li,Triangular,1e-06,10000.0,0.1,100,1e-09,0.1
Li,Triangular,1e-06,10000.0,0.1,100,1e-09,0.5
Li,Triangular,1e-06,10000.0,0.1,100,1e-09,1.0
Li,Triangular,1e-06,10000.0,0.1,100,5e-09,0.1
Li,Triangular,1e-06,10000.0,0.1,100,5e-09,0.5
Li,Triangular,1e-06,10000.0,0.1,100,5e-09,1.0
Li,Triangular,1e-06,10000.0,0.1,100,1e-08,0.1
Li,Triangular,1e-06,10000.0,0.1,100,1e-08,0.5
Li,Triangular,1e-06,10000.0,0.1,100,1e-08,1.0
Li,Triangular,1e-06,10000.0,0.1,200,1e-09,0.1
Li,Triangular,1e-06,10000.0,0.1,200,1e-09,0.5
Li,Triangular,1e-06,10000.0,0.1,200,1e-09,1.0
Li,Triangular,1e-06,10000.0,0.1,200,5e-09,0.1
Li,Triangular,1e-06,10000.0,0.1,200,5e-09,0.5
Li,Triangular,1e-06,10000.0,0.1,200,5e-09,1.0
Li,Triangular,1e-06,10000.0,0.1,200,1e-08,0.1
Li,Triangular,1e-06,10000.0,0.1,200,1e-08,0.5
Li,Triangular,1e-06,10000.0,0.1,200,1e-08,1.0
Li,Triangular,1e-06,10000.0,1.0,50,1e-09,0.1
Li,Triangular,1e-06,10000.0,1.0,50,1e-09,0.5
Li,Triangular,1e-06,10000.0,1.0,50,1e-09,1.0
Li,Triangular,1e-06,10000.0,1.0,50,5e-09,0.1
Li,Triangular,1e-06,10000.0,1.0,50,5e-09,0.5
Li,Triangular,1e-06,10000.0,1.0,50,5e-09,1.0
Li,Triangular,1e-06,10000.0,1.0,50,1e-08,0.1
Li,Triangular,1e-06,10000.0,1.0,50,1e-08,0.5
Li,Triangular,1e-06,10000.0,1.0,50,1e-08,1.0
Li,Triangular,1e-06,10000.0,1.0,100,1e-09,0.1
Li,Triangular,1e-06,10000.0,1.0,100,1e-09,0.5
Li,Triangular,1e-06,10000.0,1.0,100,1e-09,1.0
Li,Triangular,1e-06,10000.0,1.0,100,5e-09,0.1
Li,Triangular,1e-06,10000.0,1.0,100,5e-09,0.5
Li,Triangular,1e-06,10000.0,1.0,100,5e-09,1.0
Li,Triangular,1e-06,10000.0,1.0,100,1e-08,0.1
Li,Triangular,1e-06,10000.0,1.0,100,1e-08,0.5
Li,Triangular,1e-06,10000.0,1.0,100,1e-08,1.0
Li,Triangular,1e-06,10000.0,1.0,200,1e-09,0.1
Li,Triangular,1e-06,10000.0,1.0,200,1e-09,0.5
Li,Triangular,1e-06,10000.0,1.0,200,1e-09,1.0
Li,Triangular,1e-06,10000.0,1.0,200,5e-09,0.1
Li,Triangular,1e-06,10000.0,1.0,200,5e-09,0.5
Li,Triangular,1e-06,10000.0,1.0,200,5e-09,1.0
Li,Triangular,1e-06,10000.0,1.0,200,1e-08,0.1
Li,Triangular,1e-06,10000.0,1.0,200,1e-08,0.5
Li,Triangular,1e-06,10000.0,1.0,200,1e-08,1.0
Li,Triangular,1e-06,10000.0,10.0,50,1e-09,0.1
Li,Triangular,1e-06,10000.0,10.0,50,1e-09,0.5
Li,Triangular,1e-06,10000.0,10.0,50,1e-09,1.0
Li,Triangular,1e-06,10000.0,10.0,50,5e-09,0.1
Li,Triangular,1e-06,10000.0,10.0,50,5e-09,0.5
Li,Triangular,1e-06,10000.0,10.0,50,5e-09,1.0
Li,Triangular,1e-06,10000.0,10.0,50,1e-08,0.1
Li,Triangular,1e-06,10000.0,10.0,50,1e-08,0.5
Li,Triangular,1e-06,10000.0,10.0,50,1e-08,1.0
Li,Triangular,1e-06,10000.0,10.0,100,1e-09,0.1
Li,Triangular,1e-06,10000.0,10.0,100,1e-09,0.5
Li,Triangular,1e-06,10000.0,10.0,100,1e-09,1.0
Li,Triangular,1e-06,10000.0,10.0,100,5e-09,0.1
Li,Triangular,1e-06,10000.0,10.0,100,5e-09,0.5
Li,Triangular,1e-06,10000.0,10.0,100,5e-09,1.0
Li,Triangular,1e-06,10000.0,10.0,100,1e-08,0.1
Li,Triangular,1e-06,10000.0,10.0,100,1e-08,0.5
Li,Triangular,1e-06,10000.0,10.0,100,1e-08,1.0
Li,Triangular,1e-06,10000.0,10.0,200,1e-09,0.1
Li,Triangular,1e-06,10000.0,10.0,200,1e-09,0.5
Li,Triangular,1e-06,10000.0,10.0,200,1e-09,1.0
Li,Triangular,1e-06,10000.0,10.0,200,5e-09,0.1
Li,Triangular,1e-06,10000.0,10.0,200,5e-09,0.5
Li,Triangular,1e-06,10000.0,10.0,200,5e-09,1.0
Li,Triangular,1e-06,10000.0,10.0,200,1e-08,0.1
Li,Triangular,1e-06,10000.0,10.0,200,1e-08,0.5
Li,Triangular,1e-06,10000.0,10.0,200,1e-08,1.0
Li,Triangular,1e-06,50000.0,0.1,50,1e-09,0.1
Li,Triangular,1e-06,50000.0,0.1,50,1e-09,0.5
Li,Triangular,1e-06,50000.0,0.1,50,1e-09,1.0
Li,Triangular,1e-06,50000.0,0.1,50,5e-09,0.1
Li,Triangular,1e-06,50000.0,0.1,50,5e-09,0.5
Li,Triangular,1e-06,50000.0,0.1,50,5e-09,1.0
Li,Triangular,1e-06,50000.0,0.1,50,1e-08,0.1
Li,Triangular,1e-06,50000.0,0.1,50,1e-08,0.5
Li,Triangular,1e-06,50000.0,0.1,50,1e-08,1.0
Li,Triangular,1e-06,50000.0,0.1,100,1e-09,0.1
Li,Triangular,1e-06,50000.0,0.1,100,1e-09,0.5
Li,Triangular,1e-06,50000.0,0.1,100,1e-09,1.0
Li,Triangular,1e-06,50000.0,0.1,100,5e-09,0.1
Li,Triangular,1e-06,50000.0,0.1,100,5e-09,0.5
Li,Triangular,1e-06,50000.0,0.1,100,5e-09,1.0
Li,Triangular,1e-06,50000.0,0.1,100,1e-08,0.1
Li,Triangular,1e-06,50000.0,0.1,100,1e-08,0.5
Li,Triangular,1e-06,50000.0,0.1,100,1e-08,1.0
Li,Triangular,1e-06,50000.0,0.1,200,1e-09,0.1
Li,Triangular,1e-06,50000.0,0.1,200,1e-09,0.5
Li,Triangular,1e-06,50000.0,0.1,200,1e-09,1.0
Li,Triangular,1e-06,50000.0,0.1,200,5e-09,0.1
Li,Triangular,1e-06,50000.0,0.1,200,5e-09,0.5
Li,Triangular,1e-06,50000.0,0.1,200,5e-09,1.0
Li,Triangular,1e-06,50000.0,0.1,200,1e-08,0.1
Li,Triangular,1e-06,50000.0,0.1,200,1e-08,0.5
Li,Triangular,1e-06,50000.0,0.1,200,1e-08,1.0
Li,Triangular,1e-06,50000.0,1.0,50,1e-09,0.1
Li,Triangular,1e-06,50000.0,1.0,50,1e-09,0.5
Li,Triangular,1e-06,50000.0,1.0,50,1e-09,1.0
Li,Triangular,1e-06,50000.0,1.0,50,5e-09,0.1
Li,Triangular,1e-06,50000.0,1.0,50,5e-09,0.5
Li,Triangular,1e-06,50000.0,1.0,50,5e-09,1.0
Li,Triangular,1e-06,50000.0,1.0,50,1e-08,0.1
Li,Triangular,1e-06,50000.0,1.0,50,1e-08,0.5
Li,Triangular,1e-06,50000.0,1.0,50,1e-08,1.0
Li,Triangular,1e-06,50000.0,1.0,100,1e-09,0.1
Li,Triangular,1e-06,50000.0,1.0,100,1e-09,0.5
Li,Triangular,1e-06,50000.0,1.0,100,1e-09,1.0
Li,Triangular,1e-06,50000.0,1.0,100,5e-09,0.1
Li,Triangular,1e-06,50000.0,1.0,100,5e-09,0.5
Li,Triangular,1e-06,50000.0,1.0,100,5e-09,1.0
Li,Triangular,1e-06,50000.0,1.0,100,1e-08,0.1
Li,Triangular,1e-06,50000.0,1.0,100,1e-08,0.5
Li,Triangular,1e-06,50000.0,1.0,100,1e-08,1.0
Li,Triangular,1e-06,50000.0,1.0,200,1e-09,0.1
Li,Triangular,1e-06,50000.0,1.0,200,1e-09,0.5
Li,Triangular,1e-06,50000.0,1.0,200,1e-09,1.0
Li,Triangular,1e-06,50000.0,1.0,200,5e-09,0.1
Li,Triangular,1e-06,50000.0,1.0,200,5e-09,0.5
Li,Triangular,1e-06,50000.0,1.0,200,5e-09,1.0
Li,Triangular,1e-06,50000.0,1.0,200,1e-08,0.1
Li,Triangular,1e-06,50000.0,1.0,200,1e-08,0.5
Li,Triangular,1e-06,50000.0,1.0,200,1e-08,1.0
Li,Triangular,1e-06,50000.0,10.0,50,1e-09,0.1
Li,Triangular,1e-06,50000.0,10.0,50,1e-09,0.5
Li,Triangular,1e-06,50000.0,10.0,50,1e-09,1.0
Li,Triangular,1e-06,50000.0,10.0,50,5e-09,0.1
Li,Triangular,1e-06,50000.0,10.0,50,5e-09,0.5
Li,Triangular,1e-06,50000.0,10.0,50,5e-09,1.0
Li,Triangular,1e-06,50000.0,10.0,50,1e-08,0.1
Li,Triangular,1e-06,50000.0,10.0,50,1e-08,0.5
Li,Triangular,1e-06,50000.0,10.0,50,1e-08,1.0
Li,Triangular,1e-06,50000.0,10.0,100,1e-09,0.1
Li,Triangular,1e-06,50000.0,10.0,100,1e-09,0.5
Li,Triangular,1e-06,50000.0,10.0,100,1e-09,1.0
Li,Triangular,1e-06,50000.0,10.0,100,5e-09,0.1
Li,Triangular,1e-06,50000.0,10.0,100,5e-09,0.5
Li,Triangular,1e-06,50000.0,10.0,100,5e-09,1.0
Li,Triangular,1e-06,50000.0,10.0,100,1e-08,0.1
Li,Triangular,1e-06,50000.0,10.0,100,1e-08,0.5
Li,Triangular,1e-06,50000.0,10.0,100,1e-08,1.0
Li,Triangular,1e-06,50000.0,10.0,200,1e-09,0.1
Li,Triangular,1e-06,50000.0,10.0,200,1e-09,0.5
Li,Triangular,1e-06,50000.0,10.0,200,1e-09,1.0
Li,Triangular,1e-06,50000.0,10.0,200,5e-09,0.1
Li,Triangular,1e-06,50000.0,10.0,200,5e-09,0.5
Li,Triangular,1e-06,50000.0,10.0,200,5e-09,1.0
Li,Triangular,1e-06,50000.0,10.0,200,1e-08,0.1
Li,Triangular,1e-06,50000.0,10.0,200,1e-08,0.5
Li,Triangular,1e-06,50000.0,10.0,200,1e-08,1.0
Li,Triangular,1e-06,100000.0,0.1,50,1e-09,0.1
Li,Triangular,1e-06,100000.0,0.1,50,1e-09,0.5
Li,Triangular,1e-06,100000.0,0.1,50,1e-09,1.0
Li,Triangular,1e-06,100000.0,0.1,50,5e-09,0.1
Li,Triangular,1e-06,100000.0,0.1,50,5e-09,0.5
Li,Triangular,1e-06,100000.0,0.1,50,5e-09,1.0
Li,Triangular,1e-06,100000.0,0.1,50,1e-08,0.1
Li,Triangular,1e-06,100000.0,0.1,50,1e-08,0.5
Li,Triangular,1e-06,100000.0,0.1,50,1e-08,1.0
Li,Triangular,1e-06,100000.0,0.1,100,1e-09,0.1
Li,Triangular,1e-06,100000.0,0.1,100,1e-09,0.5
Li,Triangular,1e-06,100000.0,0.1,100,1e-09,1.0
Li,Triangular,1e-06,100000.0,0.1,100,5e-09,0.1
Li,Triangular,1e-06,100000.0,0.1,100,5e-09,0.5
Li,Triangular,1e-06,100000.0,0.1,100,5e-09,1.0
Li,Triangular,1e-06,100000.0,0.1,100,1e-08,0.1
Li,Triangular,1e-06,100000.0,0.1,100,1e-08,0.5
Li,Triangular,1e-06,100000.0,0.1,100,1e-08,1.0
Li,Triangular,1e-06,100000.0,0.1,200,1e-09,0.1
Li,Triangular,1e-06,100000.0,0.1,200,1e-09,0.5
Li,Triangular,1e-06,100000.0,0.1,200,1e-09,1.0
Li,Triangular,1e-06,100000.0,0.1,200,5e-09,0.1
Li,Triangular,1e-06,100000.0,0.1,200,5e-09,0.5
Li,Triangular,1e-06,100000.0,0.1,200,5e-09,1.0
Li,Triangular,1e-06,100000.0,0.1,200,1e-08,0.1
Li,Triangular,1e-06,100000.0,0.1,200,1e-08,0.5
Li,Triangular,1e-06,100000.0,0.1,200,1e-08,1.0
Li,Triangular,1e-06,100000.0,1.0,50,1e-09,0.1
Li,Triangular,1e-06,100000.0,1.0,50,1e-09,0.5
Li,Triangular,1e-06,100000.0,1.0,50,1e-09,1.0
Li,Triangular,1e-06,100000.0,1.0,50,5e-09,0.1
Li,Triangular,1e-06,100000.0,1.0,50,5e-09,0.5
Li,Triangular,1e-06,100000.0,1.0,50,5e-09,1.0
Li,Triangular,1e-06,100000.0,1.0,50,1e-08,0.1
Li,Triangular,1e-06,100000.0,1.0,50,1e-08,0.5
Li,Triangular,1e-06,100000.0,1.0,50,1e-08,1.0
Li,Triangular,1e-06,100000.0,1.0,100,1e-09,0.1
Li,Triangular,1e-06,100000.0,1.0,100,1e-09,0.5
Li,Triangular,1e-06,100000.0,1.0,100,1e-09,1.0
Li,Triangular,1e-06,100000.0,1.0,100,5e-09,0.1
Li,Triangular,1e-06,100000.0,1.0,100,5e-09,0.5
Li,Triangular,1e-06,100000.0,1.0,100,5e-09,1.0
Li,Triangular,1e-06,100000.0,1.0,100,1e-08,0.1
Li,Triangular,1e-06,100000.0,1.0,100,1e-08,0.5
Li,Triangular,1e-06,100000.0,1.0,100,1e-08,1.0
Li,Triangular,1e-06,100000.0,1.0,200,1e-09,0.1
Li,Triangular,1e-06,100000.0,1.0,200,1e-09,0.5
Li,Triangular,1e-06,100000.0,1.0,200,1e-09,1.0
Li,Triangular,1e-06,100000.0,1.0,200,5e-09,0.1
Li,Triangular,1e-06,100000.0,1.0,200,5e-09,0.5
Li,Triangular,1e-06,100000.0,1.0,200,5e-09,1.0
Li,Triangular,1e-06,100000.0,1.0,200,1e-08,0.1
Li,Triangular,1e-06,100000.0,1.0,200,1e-08,0.5
Li,Triangular,1e-06,100000.0,1.0,200,1e-08,1.0
Li,Triangular,1e-06,100000.0,10.0,50,1e-09,0.1
Li,Triangular,1e-06,100000.0,10.0,50,1e-09,0.5
Li,Triangular,1e-06,100000.0,10.0,50,1e-09,1.0
Li,Triangular,1e-06,100000.0,10.0,50,5e-09,0.1
Li,Triangular,1e-06,100000.0,10.0,50,5e-09,0.5
Li,Triangular,1e-06,100000.0,10.0,50,5e-09,1.0
Li,Triangular,1e-06,100000.0,10.0,50,1e-08,0.1
Li,Triangular,1e-06,100000.0,10.0,50,1e-08,0.5
Li,Triangular,1e-06,100000.0,10.0,50,1e-08,1.0
Li,Triangular,1e-06,100000.0,10.0,100,1e-09,0.1
Li,Triangular,1e-06,100000.0,10.0,100,1e-09,0.5
Li,Triangular,1e-06,100000.0,10.0,100,1e-09,1.0
Li,Triangular,1e-06,100000.0,10.0,100,5e-09,0.1
Li,Triangular,1e-06,100000.0,10.0,100,5e-09,0.5
Li,Triangular,1e-06,100000.0,10.0,100,5e-09,1.0
Li,Triangular,1e-06,100000.0,10.0,100,1e-08,0.1
Li,Triangular,1e-06,100000.0,10.0,100,1e-08,0.5
Li,Triangular,1e-06,100000.0,10.0,100,1e-08,1.0
Li,Triangular,1e-06,100000.0,10.0,200,1e-09,0.1
Li,Triangular,1e-06,100000.0,10.0,200,1e-09,0.5
Li,Triangular,1e-06,100000.0,10.0,200,1e-09,1.0
Li,Triangular,1e-06,100000.0,10.0,200,5e-09,0.1
Li,Triangular,1e-06,100000.0,10.0,200,5e-09,0.5
Li,Triangular,1e-06,100000.0,10.0,200,5e-09,1.0
Li,Triangular,1e-06,100000.0,10.0,200,1e-08,0.1
Li,Triangular,1e-06,100000.0,10.0,200,1e-08,0.5
Li,Triangular,1e-06,100000.0,10.0,200,1e-08,1.0
Na,Square,5e-07,10000.0,0.1,50,1e-09,0.1
Na,Square,5e-07,10000.0,0.1,50,1e-09,0.5
Na,Square,5e-07,10000.0,0.1,50,1e-09,1.0
Na,Square,5e-07,10000.0,0.1,50,5e-09,0.1
Na,Square,5e-07,10000.0,0.1,50,5e-09,0.5
Na,Square,5e-07,10000.0,0.1,50,5e-09,1.0
Na,Square,5e-07,10000.0,0.1,50,1e-08,0.1
Na,Square,5e-07,10000.0,0.1,50,1e-08,0.5
Na,Square,5e-07,10000.0,0.1,50,1e-08,1.0
Na,Square,5e-07,10000.0,0.1,100,1e-09,0.1
Na,Square,5e-07,10000.0,0.1,100,1e-09,0.5
Na,Square,5e-07,10000.0,0.1,100,1e-09,1.0
Na,Square,5e-07,10000.0,0.1,100,5e-09,0.1
Na,Square,5e-07,10000.0,0.1,100,5e-09,0.5
Na,Square,5e-07,10000.0,0.1,100,5e-09,1.0
Na,Square,5e-07,10000.0,0.1,100,1e-08,0.1
Na,Square,5e-07,10000.0,0.1,100,1e-08,0.5
Na,Square,5e-07,10000.0,0.1,100,1e-08,1.0
Na,Square,5e-07,10000.0,0.1,200,1e-09,0.1
Na,Square,5e-07,10000.0,0.1,200,1e-09,0.5
Na,Square,5e-07,10000.0,0.1,200,1e-09,1.0
Na,Square,5e-07,10000.0,0.1,200,5e-09,0.1
Na,Square,5e-07,10000.0,0.1,200,5e-09,0.5
Na,Square,5e-07,10000.0,0.1,200,5e-09,1.0
Na,Square,5e-07,10000.0,0.1,200,1e-08,0.1
Na,Square,5e-07,10000.0,0.1,200,1e-08,0.5
Na,Square,5e-07,10000.0,0.1,200,1e-08,1.0
Na,Square,5e-07,10000.0,1.0,50,1e-09,0.1
Na,Square,5e-07,10000.0,1.0,50,1e-09,0.5
Na,Square,5e-07,10000.0,1.0,50,1e-09,1.0
Na,Square,5e-07,10000.0,1.0,50,5e-09,0.1
Na,Square,5e-07,10000.0,1.0,50,5e-09,0.5
Na,Square,5e-07,10000.0,1.0,50,5e-09,1.0
Na,Square,5e-07,10000.0,1.0,50,1e-08,0.1
Na,Square,5e-07,10000.0,1.0,50,1e-08,0.5
Na,Square,5e-07,10000.0,1.0,50,1e-08,1.0
Na,Square,5e-07,10000.0,1.0,100,1e-09,0.1
Na,Square,5e-07,10000.0,1.0,100,1e-09,0.5
Na,Square,5e-07,10000.0,1.0,100,1e-09,1.0
Na,Square,5e-07,10000.0,1.0,100,5e-09,0.1
Na,Square,5e-07,10000.0,1.0,100,5e-09,0.5
Na,Square,5e-07,10000.0,1.0,100,5e-09,1.0
Na,Square,5e-07,10000.0,1.0,100,1e-08,0.1
Na,Square,5e-07,10000.0,1.0,100,1e-08,0.5
Na,Square,5e-07,10000.0,1.0,100,1e-08,1.0
Na,Square,5e-07,10000.0,1.0,200,1e-09,0.1
Na,Square,5e-07,10000.0,1.0,200,1e-09,0.5
Na,Square,5e-07,10000.0,1.0,200,1e-09,1.0
Na,Square,5e-07,10000.0,1.0,200,5e-09,0.1
Na,Square,5e-07,10000.0,1.0,200,5e-09,0.5
Na,Square,5e-07,10000.0,1.0,200,5e-09,1.0
Na,Square,5e-07,10000.0,1.0,200,1e-08,0.1
Na,Square,5e-07,10000.0,1.0,200,1e-08,0.5
Na,Square,5e-07,10000.0,1.0,200,1e-08,1.0
Na,Square,5e-07,10000.0,10.0,50,1e-09,0.1
Na,Square,5e-07,10000.0,10.0,50,1e-09,0.5
Na,Square,5e-07,10000.0,10.0,50,1e-09,1.0
Na,Square,5e-07,10000.0,10.0,50,5e-09,0.1
Na,Square,5e-07,10000.0,10.0,50,5e-09,0.5
Na,Square,5e-07,10000.0,10.0,50,5e-09,1.0
Na,Square,5e-07,10000.0,10.0,50,1e-08,0.1
Na,Square,5e-07,10000.0,10.0,50,1e-08,0.5
Na,Square,5e-07,10000.0,10.0,50,1e-08,1.0
Na,Square,5e-07,10000.0,10.0,100,1e-09,0.1
Na,Square,5e-07,10000.0,10.0,100,1e-09,0.5
Na,Square,5e-07,10000.0,10.0,100,1e-09,1.0
Na,Square,5e-07,10000.0,10.0,100,5e-09,0.1
Na,Square,5e-07,10000.0,10.0,100,5e-09,0.5
Na,Square,5e-07,10000.0,10.0,100,5e-09,1.0
Na,Square,5e-07,10000.0,10.0,100,1e-08,0.1
Na,Square,5e-07,10000.0,10.0,100,1e-08,0.5
Na,Square,5e-07,10000.0,10.0,100,1e-08,1.0
Na,Square,5e-07,10000.0,10.0,200,1e-09,0.1
Na,Square,5e-07,10000.0,10.0,200,1e-09,0.5
Na,Square,5e-07,10000.0,10.0,200,1e-09,1.0
Na,Square,5e-07,10000.0,10.0,200,5e-09,0.1
Na,Square,5e-07,10000.0,10.0,200,5e-09,0.5
Na,Square,5e-07,10000.0,10.0,200,5e-09,1.0
Na,Square,5e-07,10000.0,10.0,200,1e-08,0.1
Na,Square,5e-07,10000.0,10.0,200,1e-08,0.5
Na,Square,5e-07,10000.0,10.0,200,1e-08,1.0
Na,Square,5e-07,50000.0,0.1,50,1e-09,0.1
Na,Square,5e-07,50000.0,0.1,50,1e-09,0.5
Na,Square,5e-07,50000.0,0.1,50,1e-09,1.0
Na,Square,5e-07,50000.0,0.1,50,5e-09,0.1
Na,Square,5e-07,50000.0,0.1,50,5e-09,0.5
Na,Square,5e-07,50000.0,0.1,50,5e-09,1.0
Na,Square,5e-07,50000.0,0.1,50,1e-08,0.1
Na,Square,5e-07,50000.0,0.1,50,1e-08,0.5
Na,Square,5e-07,50000.0,0.1,50,1e-08,1.0
Na,Square,5e-07,50000.0,0.1,100,1e-09,0.1
Na,Square,5e-07,50000.0,0.1,100,1e-09,0.5
Na,Square,5e-07,50000.0,0.1,100,1e-09,1.0
Na,Square,5e-07,50000.0,0.1,100,5e-09,0.1
Na,Square,5e-07,50000.0,0.1,100,5e-09,0.5
Na,Square,5e-07,50000.0,0.1,100,5e-09,1.0
Na,Square,5e-07,50000.0,0.1,100,1e-08,0.1
Na,Square,5e-07,50000.0,0.1,100,1e-08,0.5
Na,Square,5e-07,50000.0,0.1,100,1e-08,1.0
Na,Square,5e-07,50000.0,0.1,200,1e-09,0.1
Na,Square,5e-07,50000.0,0.1,200,1e-09,0.5
Na,Square,5e-07,50000.0,0.1,200,1e-09,1.0
Na,Square,5e-07,50000.0,0.1,200,5e-09,0.1
Na,Square,5e-07,50000.0,0.1,200,5e-09,0.5
Na,Square,5e-07,50000.0,0.1,200,5e-09,1.0
Na,Square,5e-07,50000.0,0.1,200,1e-08,0.1
Na,Square,5e-07,50000.0,0.1,200,1e-08,0.5
Na,Square,5e-07,50000.0,0.1,200,1e-08,1.0
Na,Square,5e-07,50000.0,1.0,50,1e-09,0.1
Na,Square,5e-07,50000.0,1.0,50,1e-09,0.5
Na,Square,5e-07,50000.0,1.0,50,1e-09,1.0
Na,Square,5e-07,50000.0,1.0,50,5e-09,0.1
Na,Square,5e-07,50000.0,1.0,50,5e-09,0.5
Na,Square,5e-07,50000.0,1.0,50,5e-09,1.0
Na,Square,5e-07,50000.0,1.0,50,1e-08,0.1
Na,Square,5e-07,50000.0,1.0,50,1e-08,0.5
Na,Square,5e-07,50000.0,1.0,50,1e-08,1.0
Na,Square,5e-07,50000.0,1.0,100,1e-09,0.1
Na,Square,5e-07,50000.0,1.0,100,1e-09,0.5
Na,Square,5e-07,50000.0,1.0,100,1e-09,1.0
Na,Square,5e-07,50000.0,1.0,100,5e-09,0.1
Na,Square,5e-07,50000.0,1.0,100,5e-09,0.5
Na,Square,5e-07,50000.0,1.0,100,5e-09,1.0
Na,Square,5e-07,50000.0,1.0,100,1e-08,0.1
Na,Square,5e-07,50000.0,1.0,100,1e-08,0.5
Na,Square,5e-07,50000.0,1.0,100,1e-08,1.0
Na,Square,5e-07,50000.0,1.0,200,1e-09,0.1
Na,Square,5e-07,50000.0,1.0,200,1e-09,0.5
Na,Square,5e-07,50000.0,1.0,200,1e-09,1.0
Na,Square,5e-07,50000.0,1.0,200,5e-09,0.1
Na,Square,5e-07,50000.0,1.0,200,5e-09,0.5
Na,Square,5e-07,50000.0,1.0,200,5e-09,1.0
Na,Square,5e-07,50000.0,1.0,200,1e-08,0.1
Na,Square,5e-07,50000.0,1.0,200,1e-08,0.5
Na,Square,5e-07,50000.0,1.0,200,1e-08,1.0
Na,Square,5e-07,50000.0,10.0,50,1e-09,0.1
Na,Square,5e-07,50000.0,10.0,50,1e-09,0.5
Na,Square,5e-07,50000.0,10.0,50,1e-09,1.0
Na,Square,5e-07,50000.0,10.0,50,5e-09,0.1
Na,Square,5e-07,50000.0,10.0,50,5e-09,0.5
Na,Square,5e-07,50000.0,10.0,50,5e-09,1.0
Na,Square,5e-07,50000.0,10.0,50,1e-08,0.1
Na,Square,5e-07,50000.0,10.0,50,1e-08,0.5
Na,Square,5e-07,50000.0,10.0,50,1e-08,1.0
Na,Square,5e-07,50000.0,10.0,100,1e-09,0.1
Na,Square,5e-07,50000.0,10.0,100,1e-09,0.5
Na,Square,5e-07,50000.0,10.0,100,1e-09,1.0
Na,Square,5e-07,50000.0,10.0,100,5e-09,0.1
Na,Square,5e-07,50000.0,10.0,100,5e-09,0.5
Na,Square,5e-07,50000.0,10.0,100,5e-09,1.0
Na,Square,5e-07,50000.0,10.0,100,1e-08,0.1
Na,Square,5e-07,50000.0,10.0,100,1e-08,0.5
Na,Square,5e-07,50000.0,10.0,100,1e-08,1.0
Na,Square,5e-07,50000.0,10.0,200,1e-09,0.1
Na,Square,5e-07,50000.0,10.0,200,1e-09,0.5
Na,Square,5e-07,50000.0,10.0,200,1e-09,1.0
Na,Square,5e-07,50000.0,10.0,200,5e-09,0.1
Na,Square,5e-07,50000.0,10.0,200,5e-09,0.5
Na,Square,5e-07,50000.0,10.0,200,5e-09,1.0
Na,Square,5e-07,50000.0,10.0,200,1e-08,0.1
Na,Square,5e-07,50000.0,10.0,200,1e-08,0.5
Na,Square,5e-07,50000.0,10.0,200,1e-08,1.0
Na,Square,5e-07,100000.0,0.1,50,1e-09,0.1
Na,Square,5e-07,100000.0,0.1,50,1e-09,0.5
Na,Square,5e-07,100000.0,0.1,50,1e-09,1.0
Na,Square,5e-07,100000.0,0.1,50,5e-09,0.1
Na,Square,5e-07,100000.0,0.1,50,5e-09,0.5
Na,Square,5e-07,100000.0,0.1,50,5e-09,1.0
Na,Square,5e-07,100000.0,0.1,50,1e-08,0.1
Na,Square,5e-07,100000.0,0.1,50,1e-08,0.5
Na,Square,5e-07,100000.0,0.1,50,1e-08,1.0
Na,Square,5e-07,100000.0,0.1,100,1e-09,0.1
Na,Square,5e-07,100000.0,0.1,100,1e-09,0.5
Na,Square,5e-07,100000.0,0.1,100,1e-09,1.0
Na,Square,5e-07,100000.0,0.1,100,5e-09,0.1
Na,Square,5e-07,100000.0,0.1,100,5e-09,0.5
Na,Square,5e-07,100000.0,0.1,100,5e-09,1.0
Na,Square,5e-07,100000.0,0.1,100,1e-08,0.1
Na,Square,5e-07,100000.0,0.1,100,1e-08,0.5
Na,Square,5e-07,100000.0,0.1,100,1e-08,1.0
Na,Square,5e-07,100000.0,0.1,200,1e-09,0.1
Na,Square,5e-07,100000.0,0.1,200,1e-09,0.5
Na,Square,5e-07,100000.0,0.1,200,1e-09,1.0
Na,Square,5e-07,100000.0,0.1,200,5e-09,0.1
Na,Square,5e-07,100000.0,0.1,200,5e-09,0.5
Na,Square,5e-07,100000.0,0.1,200,5e-09,1.0
Na,Square,5e-07,100000.0,0.1,200,1e-08,0.1
Na,Square,5e-07,100000.0,0.1,200,1e-08,0.5
Na,Square,5e-07,100000.0,0.1,200,1e-08,1.0
Na,Square,5e-07,100000.0,1.0,50,1e-09,0.1
Na,Square,5e-07,100000.0,1.0,50,1e-09,0.5
Na,Square,5e-07,100000.0,1.0,50,1e-09,1.0
Na,Square,5e-07,100000.0,1.0,50,5e-09,0.1
Na,Square,5e-07,100000.0,1.0,50,5e-09,0.5
Na,Square,5e-07,100000.0,1.0,50,5e-09,1.0
Na,Square,5e-07,100000.0,1.0,50,1e-08,0.1
Na,Square,5e-07,100000.0,1.0,50,1e-08,0.5
Na,Square,5e-07,100000.0,1.0,50,1e-08,1.0
Na,Square,5e-07,100000.0,1.0,100,1e-09,0.1
Na,Square,5e-07,100000.0,1.0,100,1e-09,0.5
Na,Square,5e-07,100000.0,1.0,100,1e-09,1.0
Na,Square,5e-07,100000.0,1.0,100,5e-09,0.1
Na,Square,5e-07,100000.0,1.0,100,5e-09,0.5
Na,Square,5e-07,100000.0,1.0,100,5e-09,1.0
Na,Square,5e-07,100000.0,1.0,100,1e-08,0.1
Na,Square,5e-07,100000.0,1.0,100,1e-08,0.5
Na,Square,5e-07,100000.0,1.0,100,1e-08,1.0
Na,Square,5e-07,100000.0,1.0,200,1e-09,0.1
Na,Square,5e-07,100000.0,1.0,200,1e-09,0.5
Na,Square,5e-07,100000.0,1.0,200,1e-09,1.0
Na,Square,5e-07,100000.0,1.0,200,5e-09,0.1
Na,Square,5e-07,100000.0,1.0,200,5e-09,0.5
Na,Square,5e-07,100000.0,1.0,200,5e-09,1.0
Na,Square,5e-07,100000.0,1.0,200,1e-08,0.1
Na,Square,5e-07,100000.0,1.0,200,1e-08,0.5
Na,Square,5e-07,100000.0,1.0,200,1e-08,1.0
Na,Square,5e-07,100000.0,10.0,50,1e-09,0.1
Na,Square,5e-07,100000.0,10.0,50,1e-09,0.5
Na,Square,5e-07,100000.0,10.0,50,1e-09,1.0
Na,Square,5e-07,100000.0,10.0,50,5e-09,0.1
Na,Square,5e-07,100000.0,10.0,50,5e-09,0.5
Na,Square,5e-07,100000.0,10.0,50,5e-09,1.0
Na,Square,5e-07,100000.0,10.0,50,1e-08,0.1
Na,Square,5e-07,100000.0,10.0,50,1e-08,0.5
Na,Square,5e-07,100000.0,10.0,50,1e-08,1.0
Na,Square,5e-07,100000.0,10.0,100,1e-09,0.1
Na,Square,5e-07,100000.0,10.0,100,1e-09,0.5
Na,Square,5e-07,100000.0,10.0,100,1e-09,1.0
Na,Square,5e-07,100000.0,10.0,100,5e-09,0.1
Na,Square,5e-07,100000.0,10.0,100,5e-09,0.5
Na,Square,5e-07,100000.0,10.0,100,5e-09,1.0
Na,Square,5e-07,100000.0,10.0,100,1e-08,0.1
Na,Square,5e-07,100000.0,10.0,100,1e-08,0.5
Na,Square,5e-07,100000.0,10.0,100,1e-08,1.0
Na,Square,5e-07,100000.0,10.0,200,1e-09,0.1
Na,Square,5e-07,100000.0,10.0,200,1e-09,0.5
Na,Square,5e-07,100000.0,10.0,200,1e-09,1.0
Na,Square,5e-07,100000.0,10.0,200,5e-09,0.1
Na,Square,5e-07,100000.0,10.0,200,5e-09,0.5
Na,Square,5e-07,100000.0,10.0,200,5e-09,1.0
Na,Square,5e-07,100000.0,10.0,200,1e-08,0.1
Na,Square,5e-07,100000.0,10.0,200,1e-08,0.5
Na,Square,5e-07,100000.0,10.0,200,1e-08,1.0
Na,Square,7e-07,10000.0,0.1,50,1e-09,0.1
Na,Square,7e-07,10000.0,0.1,50,1e-09,0.5
Na,Square,7e-07,10000.0,0.1,50,1e-09,1.0
Na,Square,7e-07,10000.0,0.1,50,5e-09,0.1
Na,Square,7e-07,10000.0,0.1,50,5e-09,0.5
Na,Square,7e-07,10000.0,0.1,50,5e-09,1.0
Na,Square,7e-07,10000.0,0.1,50,1e-08,0.1
Na,Square,7e-07,10000.0,0.1,50,1e-08,0.5
Na,Square,7e-07,10000.0,0.1,50,1e-08,1.0
Na,Square,7e-07,10000.0,0.1,100,1e-09,0.1
Na,Square,7e-07,10000.0,0.1,100,1e-09,0.5
Na,Square,7e-07,10000.0,0.1,100,1e-09,1.0
Na,Square,7e-07,10000.0,0.1,100,5e-09,0.1
Na,Square,7e-07,10000.0,0.1,100,5e-09,0.5
Na,Square,7e-07,10000.0,0.1,100,5e-09,1.0
Na,Square,7e-07,10000.0,0.1,100,1e-08,0.1
Na,Square,7e-07,10000.0,0.1,100,1e-08,0.5
Na,Square,7e-07,10000.0,0.1,100,1e-08,1.0
Na,Square,7e-07,10000.0,0.1,200,1e-09,0.1
Na,Square,7e-07,10000.0,0.1,200,1e-09,0.5
Na,Square,7e-07,10000.0,0.1,200,1e-09,1.0
Na,Square,7e-07,10000.0,0.1,200,5e-09,0.1
Na,Square,7e-07,10000.0,0.1,200,5e-09,0.5
Na,Square,7e-07,10000.0,0.1,200,5e-09,1.0
Na,Square,7e-07,10000.0,0.1,200,1e-08,0.1
Na,Square,7e-07,10000.0,0.1,200,1e-08,0.5
Na,Square,7e-07,10000.0,0.1,200,1e-08,1.0
Na,Square,7e-07,10000.0,1.0,50,1e-09,0.1
Na,Square,7e-07,10000.0,1.0,50,1e-09,0.5
Na,Square,7e-07,10000.0,1.0,50,1e-09,1.0
Na,Square,7e-07,10000.0,1.0,50,5e-09,0.1
Na,Square,7e-07,10000.0,1.0,50,5e-09,0.5
Na,Square,7e-07,10000.0,1.0,50,5e-09,1.0
Na,Square,7e-07,10000.0,1.0,50,1e-08,0.1
Na,Square,7e-07,10000.0,1.0,50,1e-08,0.5
Na,Square,7e-07,10000.0,1.0,50,1e-08,1.0
Na,Square,7e-07,10000.0,1.0,100,1e-09,0.1
Na,Square,7e-07,10000.0,1.0,100,1e-09,0.5
Na,Square,7e-07,10000.0,1.0,100,1e-09,1.0
Na,Square,7e-07,10000.0,1.0,100,5e-09,0.1
Na,Square,7e-07,10000.0,1.0,100,5e-09,0.5
Na,Square,7e-07,10000.0,1.0,100,5e-09,1.0
Na,Square,7e-07,10000.0,1.0,100,1e-08,0.1
Na,Square,7e-07,10000.0,1.0,100,1e-08,0.5
Na,Square,7e-07,10000.0,1.0,100,1e-08,1.0
Na,Square,7e-07,10000.0,1.0,200,1e-09,0.1
Na,Square,7e-07,10000.0,1.0,200,1e-09,0.5
Na,Square,7e-07,10000.0,1.0,200,1e-09,1.0
Na,Square,7e-07,10000.0,1.0,200,5e-09,0.1
Na,Square,7e-07,10000.0,1.0,200,5e-09,0.5
Na,Square,7e-07,10000.0,1.0,200,5e-09,1.0
Na,Square,7e-07,10000.0,1.0,200,1e-08,0.1
Na,Square,7e-07,10000.0,1.0,200,1e-08,0.5
Na,Square,7e-07,10000.0,1.0,200,1e-08,1.0
Na,Square,7e-07,10000.0,10.0,50,1e-09,0.1
Na,Square,7e-07,10000.0,10.0,50,1e-09,0.5
Na,Square,7e-07,10000.0,10.0,50,1e-09,1.0
Na,Square,7e-07,10000.0,10.0,50,5e-09,0.1
Na,Square,7e-07,10000.0,10.0,50,5e-09,0.5
Na,Square,7e-07,10000.0,10.0,50,5e-09,1.0
Na,Square,7e-07,10000.0,10.0,50,1e-08,0.1
Na,Square,7e-07,10000.0,10.0,50,1e-08,0.5
Na,Square,7e-07,10000.0,10.0,50,1e-08,1.0
Na,Square,7e-07,10000.0,10.0,100,1e-09,0.1
Na,Square,7e-07,10000.0,10.0,100,1e-09,0.5
Na,Square,7e-07,10000.0,10.0,100,1e-09,1.0
Na,Square,7e-07,10000.0,10.0,100,5e-09,0.1
Na,Square,7e-07,10000.0,10.0,100,5e-09,0.5
Na,Square,7e-07,10000.0,10.0,100,5e-09,1.0
Na,Square,7e-07,10000.0,10.0,100,1e-08,0.1
Na,Square,7e-07,10000.0,10.0,100,1e-08,0.5
Na,Square,7e-07,10000.0,10.0,100,1e-08,1.0
Na,Square,7e-07,10000.0,10.0,200,1e-09,0.1
Na,Square,7e-07,10000.0,10.0,200,1e-09,0.5
Na,Square,7e-07,10000.0,10.0,200,1e-09,1.0
Na,Square,7e-07,10000.0,10.0,200,5e-09,0.1
Na,Square,7e-07,10000.0,10.0,200,5e-09,0.5
Na,Square,7e-07,10000.0,10.0,200,5e-09,1.0
Na,Square,7e-07,10000.0,10.0,200,1e-08,0.1
Na,Square,7e-07,10000.0,10.0,200,1e-08,0.5
Na,Square,7e-07,10000.0,10.0,200,1e-08,1.0
Na,Square,7e-07,50000.0,0.1,50,1e-09,0.1
Na,Square,7e-07,50000.0,0.1,50,1e-09,0.5
Na,Square,7e-07,50000.0,0.1,50,1e-09,1.0
Na,Square,7e-07,50000.0,0.1,50,5e-09,0.1
Na,Square,7e-07,50000.0,0.1,50,5e-09,0.5
Na,Square,7e-07,50000.0,0.1,50,5e-09,1.0
Na,Square,7e-07,50000.0,0.1,50,1e-08,0.1
Na,Square,7e-07,50000.0,0.1,50,1e-08,0.5
Na,Square,7e-07,50000.0,0.1,50,1e-08,1.0
Na,Square,7e-07,50000.0,0.1,100,1e-09,0.1
Na,Square,7e-07,50000.0,0.1,100,1e-09,0.5
Na,Square,7e-07,50000.0,0.1,100,1e-09,1.0
Na,Square,7e-07,50000.0,0.1,100,5e-09,0.1
Na,Square,7e-07,50000.0,0.1,100,5e-09,0.5
Na,Square,7e-07,50000.0,0.1,100,5e-09,1.0
Na,Square,7e-07,50000.0,0.1,100,1e-08,0.1
Na,Square,7e-07,50000.0,0.1,100,1e-08,0.5
Na,Square,7e-07,50000.0,0.1,100,1e-08,1.0
Na,Square,7e-07,50000.0,0.1,200,1e-09,0.1
Na,Square,7e-07,50000.0,0.1,200,1e-09,0.5
Na,Square,7e-07,50000.0,0.1,200,1e-09,1.0
Na,Square,7e-07,50000.0,0.1,200,5e-09,0.1
Na,Square,7e-07,50000.0,0.1,200,5e-09,0.5
Na,Square,7e-07,50000.0,0.1,200,5e-09,1.0
Na,Square,7e-07,50000.0,0.1,200,1e-08,0.1
Na,Square,7e-07,50000.0,0.1,200,1e-08,0.5
Na,Square,7e-07,50000.0,0.1,200,1e-08,1.0
Na,Square,7e-07,50000.0,1.0,50,1e-09,0.1
Na,Square,7e-07,50000.0,1.0,50,1e-09,0.5
Na,Square,7e-07,50000.0,1.0,50,1e-09,1.0
Na,Square,7e-07,50000.0,1.0,50,5e-09,0.1
Na,Square,7e-07,50000.0,1.0,50,5e-09,0.5
Na,Square,7e-07,50000.0,1.0,50,5e-09,1.0
Na,Square,7e-07,50000.0,1.0,50,1e-08,0.1
Na,Square,7e-07,50000.0,1.0,50,1e-08,0.5
Na,Square,7e-07,50000.0,1.0,50,1e-08,1.0
Na,Square,7e-07,50000.0,1.0,100,1e-09,0.1
Na,Square,7e-07,50000.0,1.0,100,1e-09,0.5
Na,Square,7e-07,50000.0,1.0,100,1e-09,1.0
Na,Square,7e-07,50000.0,1.0,100,5e-09,0.1
Na,Square,7e-07,50000.0,1.0,100,5e-09,0.5
Na,Square,7e-07,50000.0,1.0,100,5e-09,1.0
Na,Square,7e-07,50000.0,1.0,100,1e-08,0.1
Na,Square,7e-07,50000.0,1.0,100,1e-08,0.5
Na,Square,7e-07,50000.0,1.0,100,1e-08,1.0
Na,Square,7e-07,50000.0,1.0,200,1e-09,0.1
Na,Square,7e-07,50000.0,1.0,200,1e-09,0.5
Na,Square,7e-07,50000.0,1.0,200,1e-09,1.0
Na,Square,7e-07,50000.0,1.0,200,5e-09,0.1
Na,Square,7e-07,50000.0,1.0,200,5e-09,0.5
Na,Square,7e-07,50000.0,1.0,200,5e-09,1.0
Na,Square,7e-07,50000.0,1.0,200,1e-08,0.1
Na,Square,7e-07,50000.0,1.0,200,1e-08,0.5
Na,Square,7e-07,50000.0,1.0,200,1e-08,1.0
Na,Square,7e-07,50000.0,10.0,50,1e-09,0.1
Na,Square,7e-07,50000.0,10.0,50,1e-09,0.5
Na,Square,7e-07,50000.0,10.0,50,1e-09,1.0
Na,Square,7e-07,50000.0,10.0,50,5e-09,0.1
Na,Square,7e-07,50000.0,10.0,50,5e-09,0.5
Na,Square,7e-07,50000.0,10.0,50,5e-09,1.0
Na,Square,7e-07,50000.0,10.0,50,1e-08,0.1
Na,Square,7e-07,50000.0,10.0,50,1e-08,0.5
Na,Square,7e-07,50000.0,10.0,50,1e-08,1.0
Na,Square,7e-07,50000.0,10.0,100,1e-09,0.1
Na,Square,7e-07,50000.0,10.0,100,1e-09,0.5
Na,Square,7e-07,50000.0,10.0,100,1e-09,1.0
Na,Square,7e-07,50000.0,10.0,100,5e-09,0.1
Na,Square,7e-07,50000.0,10.0,100,5e-09,0.5
Na,Square,7e-07,50000.0,10.0,100,5e-09,1.0
Na,Square,7e-07,50000.0,10.0,100,1e-08,0.1
Na,Square,7e-07,50000.0,10.0,100,1e-08,0.5
Na,Square,7e-07,50000.0,10.0,100,1e-08,1.0
Na,Square,7e-07,50000.0,10.0,200,1e-09,0.1
Na,Square,7e-07,50000.0,10.0,200,1e-09,0.5
Na,Square,7e-07,50000.0,10.0,200,1e-09,1.0
Na,Square,7e-07,50000.0,10.0,200,5e-09,0.1
Na,Square,7e-07,50000.0,10.0,200,5e-09,0.5
Na,Square,7e-07,50000.0,10.0,200,5e-09,1.0
Na,Square,7e-07,50000.0,10.0,200,1e-08,0.1
Na,Square,7e-07,50000.0,10.0,200,1e-08,0.5
Na,Square,7e-07,50000.0,10.0,200,1e-08,1.0
Na,Square,7e-07,100000.0,0.1,50,1e-09,0.1
Na,Square,7e-07,100000.0,0.1,50,1e-09,0.5
Na,Square,7e-07,100000.0,0.1,50,1e-09,1.0
Na,Square,7e-07,100000.0,0.1,50,5e-09,0.1
Na,Square,7e-07,100000.0,0.1,50,5e-09,0.5
Na,Square,7e-07,100000.0,0.1,50,5e-09,1.0
Na,Square,7e-07,100000.0,0.1,50,1e-08,0.1
Na,Square,7e-07,100000.0,0.1,50,1e-08,0.5
Na,Square,7e-07,100000.0,0.1,50,1e-08,1.0
Na,Square,7e-07,100000.0,0.1,100,1e-09,0.1
Na,Square,7e-07,100000.0,0.1,100,1e-09,0.5
Na,Square,7e-07,100000.0,0.1,100,1e-09,1.0
Na,Square,7e-07,100000.0,0.1,100,5e-09,0.1
Na,Square,7e-07,100000.0,0.1,100,5e-09,0.5
Na,Square,7e-07,100000.0,0.1,100,5e-09,1.0
Na,Square,7e-07,100000.0,0.1,100,1e-08,0.1
Na,Square,7e-07,100000.0,0.1,100,1e-08,0.5
Na,Square,7e-07,100000.0,0.1,100,1e-08,1.0
Na,Square,7e-07,100000.0,0.1,200,1e-09,0.1
Na,Square,7e-07,100000.0,0.1,200,1e-09,0.5
Na,Square,7e-07,100000.0,0.1,200,1e-09,1.0
Na,Square,7e-07,100000.0,0.1,200,5e-09,0.1
Na,Square,7e-07,100000.0,0.1,200,5e-09,0.5
Na,Square,7e-07,100000.0,0.1,200,5e-09,1.0
Na,Square,7e-07,100000.0,0.1,200,1e-08,0.1
Na,Square,7e-07,100000.0,0.1,200,1e-08,0.5
Na,Square,7e-07,100000.0,0.1,200,1e-08,1.0
Na,Square,7e-07,100000.0,1.0,50,1e-09,0.1
Na,Square,7e-07,100000.0,1.0,50,1e-09,0.5
Na,Square,7e-07,100000.0,1.0,50,1e-09,1.0
Na,Square,7e-07,100000.0,1.0,50,5e-09,0.1
Na,Square,7e-07,100000.0,1.0,50,5e-09,0.5
Na,Square,7e-07,100000.0,1.0,50,5e-09,1.0
Na,Square,7e-07,100000.0,1.0,50,1e-08,0.1
Na,Square,7e-07,100000.0,1.0,50,1e-08,0.5
Na,Square,7e-07,100000.0,1.0,50,1e-08,1.0
Na,Square,7e-07,100000.0,1.0,100,1e-09,0.1
Na,Square,7e-07,100000.0,1.0,100,1e-09,0.5
Na,Square,7e-07,100000.0,1.0,100,1e-09,1.0
Na,Square,7e-07,100000.0,1.0,100,5e-09,0.1
Na,Square,7e-07,100000.0,1.0,100,5e-09,0.5
Na,Square,7e-07,100000.0,1.0,100,5e-09,1.0
Na,Square,7e-07,100000.0,1.0,100,1e-08,0.1
Na,Square,7e-07,100000.0,1.0,100,1e-08,0.5
Na,Square,7e-07,100000.0,1.0,100,1e-08,1.0
Na,Square,7e-07,100000.0,1.0,200,1e-09,0.1
Na,Square,7e-07,100000.0,1.0,200,1e-09,0.5
Na,Square,7e-07,100000.0,1.0,200,1e-09,1.0
Na,Square,7e-07,100000.0,1.0,200,5e-09,0.1
Na,Square,7e-07,100000.0,1.0,200,5e-09,0.5
Na,Square,7e-07,100000.0,1.0,200,5e-09,1.0
Na,Square,7e-07,100000.0,1.0,200,1e-08,0.1
Na,Square,7e-07,100000.0,1.0,200,1e-08,0.5
Na,Square,7e-07,100000.0,1.0,200,1e-08,1.0
Na,Square,7e-07,100000.0,10.0,50,1e-09,0.1
Na,Square,7e-07,100000.0,10.0,50,1e-09,0.5
Na,Square,7e-07,100000.0,10.0,50,1e-09,1.0
Na,Square,7e-07,100000.0,10.0,50,5e-09,0.1
Na,Square,7e-07,100000.0,10.0,50,5e-09,0.5
Na,Square,7e-07,100000.0,10.0,50,5e-09,1.0
Na,Square,7e-07,100000.0,10.0,50,1e-08,0.1
Na,Square,7e-07,100000.0,10.0,50,1e-08,0.5
Na,Square,7e-07,100000.0,10.0,50,1e-08,1.0
Na,Square,7e-07,100000.0,10.0,100,1e-09,0.1
Na,Square,7e-07,100000.0,10.0,100,1e-09,0.5
Na,Square,7e-07,100000.0,10.0,100,1e-09,1.0
Na,Square,7e-07,100000.0,10.0,100,5e-09,0.1
Na,Square,7e-07,100000.0,10.0,100,5e-09,0.5
Na,Square,7e-07,100000.0,10.0,100,5e-09,1.0
Na,Square,7e-07,100000.0,10.0,100,1e-08,0.1
Na,Square,7e-07,100000.0,10.0,100,1e-08,0.5
Na,Square,7e-07,100000.0,10.0,100,1e-08,1.0
Na,Square,7e-07,100000.0,10.0,200,1e-09,0.1
Na,Square,7e-07,100000.0,10.0,200,1e-09,0.5
Na,Square,7e-07,100000.0,10.0,200,1e-09,1.0
Na,Square,7e-07,100000.0,10.0,200,5e-09,0.1
Na,Square,7e-07,100000.0,10.0,200,5e-09,0.5
Na,Square,7e-07,100000.0,10.0,200,5e-09,1.0
Na,Square,7e-07,100000.0,10.0,200,1e-08,0.1
Na,Square,7e-07,100000.0,10.0,200,1e-08,0.5
Na,Square,7e-07,100000.0,10.0,200,1e-08,1.0
Na,Square,1e-06,10000.0,0.1,50,1e-09,0.1
Na,Square,1e-06,10000.0,0.1,50,1e-09,0.5
Na,Square,1e-06,10000.0,0.1,50,1e-09,1.0
Na,Square,1e-06,10000.0,0.1,50,5e-09,0.1
Na,Square,1e-06,10000.0,0.1,50,5e-09,0.5
Na,Square,1e-06,10000.0,0.1,50,5e-09,1.0
Na,Square,1e-06,10000.0,0.1,50,1e-08,0.1
Na,Square,1e-06,10000.0,0.1,50,1e-08,0.5
Na,Square,1e-06,10000.0,0.1,50,1e-08,1.0
Na,Square,1e-06,10000.0,0.1,100,1e-09,0.1
Na,Square,1e-06,10000.0,0.1,100,1e-09,0.5
Na,Square,1e-06,10000.0,0.1,100,1e-09,1.0
Na,Square,1e-06,10000.0,0.1,100,5e-09,0.1
Na,Square,1e-06,10000.0,0.1,100,5e-09,0.5
Na,Square,1e-06,10000.0,0.1,100,5e-09,1.0
Na,Square,1e-06,10000.0,0.1,100,1e-08,0.1
Na,Square,1e-06,10000.0,0.1,100,1e-08,0.5
Na,Square,1e-06,10000.0,0.1,100,1e-08,1.0
Na,Square,1e-06,10000.0,0.1,200,1e-09,0.1
Na,Square,1e-06,10000.0,0.1,200,1e-09,0.5
Na,Square,1e-06,10000.0,0.1,200,1e-09,1.0
Na,Square,1e-06,10000.0,0.1,200,5e-09,0.1
Na,Square,1e-06,10000.0,0.1,200,5e-09,0.5
Na,Square,1e-06,10000.0,0.1,200,5e-09,1.0
Na,Square,1e-06,10000.0,0.1,200,1e-08,0.1
Na,Square,1e-06,10000.0,0.1,200,1e-08,0.5
Na,Square,1e-06,10000.0,0.1,200,1e-08,1.0
Na,Square,1e-06,10000.0,1.0,50,1e-09,0.1
Na,Square,1e-06,10000.0,1.0,50,1e-09,0.5
Na,Square,1e-06,10000.0,1.0,50,1e-09,1.0
Na,Square,1e-06,10000.0,1.0,50,5e-09,0.1
Na,Square,1e-06,10000.0,1.0,50,5e-09,0.5
Na,Square,1e-06,10000.0,1.0,50,5e-09,1.0
Na,Square,1e-06,10000.0,1.0,50,1e-08,0.1
Na,Square,1e-06,10000.0,1.0,50,1e-08,0.5
Na,Square,1e-06,10000.0,1.0,50,1e-08,1.0
Na,Square,1e-06,10000.0,1.0,100,1e-09,0.1
Na,Square,1e-06,10000.0,1.0,100,1e-09,0.5
Na,Square,1e-06,10000.0,1.0,100,1e-09,1.0
Na,Square,1e-06,10000.0,1.0,100,5e-09,0.1
Na,Square,1e-06,10000.0,1.0,100,5e-09,0.5
Na,Square,1e-06,10000.0,1.0,100,5e-09,1.0
Na,Square,1e-06,10000.0,1.0,100,1e-08,0.1
Na,Square,1e-06,10000.0,1.0,100,1e-08,0.5
Na,Square,1e-06,10000.0,1.0,100,1e-08,1.0
Na,Square,1e-06,10000.0,1.0,200,1e-09,0.1
Na,Square,1e-06,10000.0,1.0,200,1e-09,0.5
Na,Square,1e-06,10000.0,1.0,200,1e-09,1.0
Na,Square,1e-06,10000.0,1.0,200,5e-09,0.1
Na,Square,1e-06,10000.0,1.0,200,5e-09,0.5
Na,Square,1e-06,10000.0,1.0,200,5e-09,1.0
Na,Square,1e-06,10000.0,1.0,200,1e-08,0.1
Na,Square,1e-06,10000.0,1.0,200,1e-08,0.5
Na,Square,1e-06,10000.0,1.0,200,1e-08,1.0
Na,Square,1e-06,10000.0,10.0,50,1e-09,0.1
Na,Square,1e-06,10000.0,10.0,50,1e-09,0.5
Na,Square,1e-06,10000.0,10.0,50,1e-09,1.0
Na,Square,1e-06,10000.0,10.0,50,5e-09,0.1
Na,Square,1e-06,10000.0,10.0,50,5e-09,0.5
Na,Square,1e-06,10000.0,10.0,50,5e-09,1.0
Na,Square,1e-06,10000.0,10.0,50,1e-08,0.1
Na,Square,1e-06,10000.0,10.0,50,1e-08,0.5
Na,Square,1e-06,10000.0,10.0,50,1e-08,1.0
Na,Square,1e-06,10000.0,10.0,100,1e-09,0.1
Na,Square,1e-06,10000.0,10.0,100,1e-09,0.5
Na,Square,1e-06,10000.0,10.0,100,1e-09,1.0
Na,Square,1e-06,10000.0,10.0,100,5e-09,0.1
Na,Square,1e-06,10000.0,10.0,100,5e-09,0.5
Na,Square,1e-06,10000.0,10.0,100,5e-09,1.0
Na,Square,1e-06,10000.0,10.0,100,1e-08,0.1
Na,Square,1e-06,10000.0,10.0,100,1e-08,0.5
Na,Square,1e-06,10000.0,10.0,100,1e-08,1.0
Na,Square,1e-06,10000.0,10.0,200,1e-09,0.1
Na,Square,1e-06,10000.0,10.0,200,1e-09,0.5
Na,Square,1e-06,10000.0,10.0,200,1e-09,1.0
Na,Square,1e-06,10000.0,10.0,200,5e-09,0.1
Na,Square,1e-06,10000.0,10.0,200,5e-09,0.5
Na,Square,1e-06,10000.0,10.0,200,5e-09,1.0
Na,Square,1e-06,10000.0,10.0,200,1e-08,0.1
Na,Square,1e-06,10000.0,10.0,200,1e-08,0.5
Na,Square,1e-06,10000.0,10.0,200,1e-08,1.0
Na,Square,1e-06,50000.0,0.1,50,1e-09,0.1
Na,Square,1e-06,50000.0,0.1,50,1e-09,0.5
Na,Square,1e-06,50000.0,0.1,50,1e-09,1.0
Na,Square,1e-06,50000.0,0.1,50,5e-09,0.1
Na,Square,1e-06,50000.0,0.1,50,5e-09,0.5
Na,Square,1e-06,50000.0,0.1,50,5e-09,1.0
Na,Square,1e-06,50000.0,0.1,50,1e-08,0.1
Na,Square,1e-06,50000.0,0.1,50,1e-08,0.5
Na,Square,1e-06,50000.0,0.1,50,1e-08,1.0
Na,Square,1e-06,50000.0,0.1,100,1e-09,0.1
Na,Square,1e-06,50000.0,0.1,100,1e-09,0.5
Na,Square,1e-06,50000.0,0.1,100,1e-09,1.0
Na,Square,1e-06,50000.0,0.1,100,5e-09,0.1
Na,Square,1e-06,50000.0,0.1,100,5e-09,0.5
Na,Square,1e-06,50000.0,0.1,100,5e-09,1.0
Na,Square,1e-06,50000.0,0.1,100,1e-08,0.1
Na,Square,1e-06,50000.0,0.1,100,1e-08,0.5
Na,Square,1e-06,50000.0,0.1,100,1e-08,1.0
Na,Square,1e-06,50000.0,0.1,200,1e-09,0.1
Na,Square,1e-06,50000.0,0.1,200,1e-09,0.5
Na,Square,1e-06,50000.0,0.1,200,1e-09,1.0
Na,Square,1e-06,50000.0,0.1,200,5e-09,0.1
Na,Square,1e-06,50000.0,0.1,200,5e-09,0.5
Na,Square,1e-06,50000.0,0.1,200,5e-09,1.0
Na,Square,1e-06,50000.0,0.1,200,1e-08,0.1
Na,Square,1e-06,50000.0,0.1,200,1e-08,0.5
Na,Square,1e-06,50000.0,0.1,200,1e-08,1.0
Na,Square,1e-06,50000.0,1.0,50,1e-09,0.1
Na,Square,1e-06,50000.0,1.0,50,1e-09,0.5
Na,Square,1e-06,50000.0,1.0,50,1e-09,1.0
Na,Square,1e-06,50000.0,1.0,50,5e-09,0.1
Na,Square,1e-06,50000.0,1.0,50,5e-09,0.5
Na,Square,1e-06,50000.0,1.0,50,5e-09,1.0
Na,Square,1e-06,50000.0,1.0,50,1e-08,0.1
Na,Square,1e-06,50000.0,1.0,50,1e-08,0.5
Na,Square,1e-06,50000.0,1.0,50,1e-08,1.0
Na,Square,1e-06,50000.0,1.0,100,1e-09,0.1
Na,Square,1e-06,50000.0,1.0,100,1e-09,0.5
Na,Square,1e-06,50000.0,1.0,100,1e-09,1.0
Na,Square,1e-06,50000.0,1.0,100,5e-09,0.1
Na,Square,1e-06,50000.0,1.0,100,5e-09,0.5
Na,Square,1e-06,50000.0,1.0,100,5e-09,1.0
Na,Square,1e-06,50000.0,1.0,100,1e-08,0.1
Na,Square,1e-06,50000.0,1.0,100,1e-08,0.5
Na,Square,1e-06,50000.0,1.0,100,1e-08,1.0
Na,Square,1e-06,50000.0,1.0,200,1e-09,0.1
Na,Square,1e-06,50000.0,1.0,200,1e-09,0.5
Na,Square,1e-06,50000.0,1.0,200,1e-09,1.0
Na,Square,1e-06,50000.0,1.0,200,5e-09,0.1
Na,Square,1e-06,50000.0,1.0,200,5e-09,0.5
Na,Square,1e-06,50000.0,1.0,200,5e-09,1.0
Na,Square,1e-06,50000.0,1.0,200,1e-08,0.1
Na,Square,1e-06,50000.0,1.0,200,1e-08,0.5
Na,Square,1e-06,50000.0,1.0,200,1e-08,1.0
Na,Square,1e-06,50000.0,10.0,50,1e-09,0.1
Na,Square,1e-06,50000.0,10.0,50,1e-09,0.5
Na,Square,1e-06,50000.0,10.0,50,1e-09,1.0
Na,Square,1e-06,50000.0,10.0,50,5e-09,0.1
Na,Square,1e-06,50000.0,10.0,50,5e-09,0.5
Na,Square,1e-06,50000.0,10.0,50,5e-09,1.0
Na,Square,1e-06,50000.0,10.0,50,1e-08,0.1
Na,Square,1e-06,50000.0,10.0,50,1e-08,0.5
Na,Square,1e-06,50000.0,10.0,50,1e-08,1.0
Na,Square,1e-06,50000.0,10.0,100,1e-09,0.1
Na,Square,1e-06,50000.0,10.0,100,1e-09,0.5
Na,Square,1e-06,50000.0,10.0,100,1e-09,1.0
Na,Square,1e-06,50000.0,10.0,100,5e-09,0.1
Na,Square,1e-06,50000.0,10.0,100,5e-09,0.5
Na,Square,1e-06,50000.0,10.0,100,5e-09,1.0
Na,Square,1e-06,50000.0,10.0,100,1e-08,0.1
Na,Square,1e-06,50000.0,10.0,100,1e-08,0.5
Na,Square,1e-06,50000.0,10.0,100,1e-08,1.0
Na,Square,1e-06,50000.0,10.0,200,1e-09,0.1
Na,Square,1e-06,50000.0,10.0,200,1e-09,0.5
Na,Square,1e-06,50000.0,10.0,200,1e-09,1.0
Na,Square,1e-06,50000.0,10.0,200,5e-09,0.1
Na,Square,1e-06,50000.0,10.0,200,5e-09,0.5
Na,Square,1e-06,50000.0,10.0,200,5e-09,1.0
Na,Square,1e-06,50000.0,10.0,200,1e-08,0.1
Na,Square,1e-06,50000.0,10.0,200,1e-08,0.5
Na,Square,1e-06,50000.0,10.0,200,1e-08,1.0
Na,Square,1e-06,100000.0,0.1,50,1e-09,0.1
Na,Square,1e-06,100000.0,0.1,50,1e-09,0.5
Na,Square,1e-06,100000.0,0.1,50,1e-09,1.0
Na,Square,1e-06,100000.0,0.1,50,5e-09,0.1
Na,Square,1e-06,100000.0,0.1,50,5e-09,0.5
Na,Square,1e-06,100000.0,0.1,50,5e-09,1.0
Na,Square,1e-06,100000.0,0.1,50,1e-08,0.1
Na,Square,1e-06,100000.0,0.1,50,1e-08,0.5
Na,Square,1e-06,100000.0,0.1,50,1e-08,1.0
Na,Square,1e-06,100000.0,0.1,100,1e-09,0.1
Na,Square,1e-06,100000.0,0.1,100,1e-09,0.5
Na,Square,1e-06,100000.0,0.1,100,1e-09,1.0
Na,Square,1e-06,100000.0,0.1,100,5e-09,0.1
Na,Square,1e-06,100000.0,0.1,100,5e-09,0.5
Na,Square,1e-06,100000.0,0.1,100,5e-09,1.0
Na,Square,1e-06,100000.0,0.1,100,1e-08,0.1
Na,Square,1e-06,100000.0,0.1,100,1e-08,0.5
Na,Square,1e-06,100000.0,0.1,100,1e-08,1.0
Na,Square,1e-06,100000.0,0.1,200,1e-09,0.1
Na,Square,1e-06,100000.0,0.1,200,1e-09,0.5
Na,Square,1e-06,100000.0,0.1,200,1e-09,1.0
Na,Square,1e-06,100000.0,0.1,200,5e-09,0.1
Na,Square,1e-06,100000.0,0.1,200,5e-09,0.5
Na,Square,1e-06,100000.0,0.1,200,5e-09,1.0
Na,Square,1e-06,100000.0,0.1,200,1e-08,0.1
Na,Square,1e-06,100000.0,0.1,200,1e-08,0.5
Na,Square,1e-06,100000.0,0.1,200,1e-08,1.0
Na,Square,1e-06,100000.0,1.0,50,1e-09,0.1
Na,Square,1e-06,100000.0,1.0,50,1e-09,0.5
Na,Square,1e-06,100000.0,1.0,50,1e-09,1.0
Na,Square,1e-06,100000.0,1.0,50,5e-09,0.1
Na,Square,1e-06,100000.0,1.0,50,5e-09,0.5
Na,Square,1e-06,100000.0,1.0,50,5e-09,1.0
Na,Square,1e-06,100000.0,1.0,50,1e-08,0.1
Na,Square,1e-06,100000.0,1.0,50,1e-08,0.5
Na,Square,1e-06,100000.0,1.0,50,1e-08,1.0
Na,Square,1e-06,100000.0,1.0,100,1e-09,0.1
Na,Square,1e-06,100000.0,1.0,100,1e-09,0.5
Na,Square,1e-06,100000.0,1.0,100,1e-09,1.0
Na,Square,1e-06,100000.0,1.0,100,5e-09,0.1
Na,Square,1e-06,100000.0,1.0,100,5e-09,0.5
Na,Square,1e-06,100000.0,1.0,100,5e-09,1.0
Na,Square,1e-06,100000.0,1.0,100,1e-08,0.1
Na,Square,1e-06,100000.0,1.0,100,1e-08,0.5
Na,Square,1e-06,100000.0,1.0,100,1e-08,1.0
Na,Square,1e-06,100000.0,1.0,200,1e-09,0.1
Na,Square,1e-06,100000.0,1.0,200,1e-09,0.5
Na,Square,1e-06,100000.0,1.0,200,1e-09,1.0
Na,Square,1e-06,100000.0,1.0,200,5e-09,0.1
Na,Square,1e-06,100000.0,1.0,200,5e-09,0.5
Na,Square,1e-06,100000.0,1.0,200,5e-09,1.0
Na,Square,1e-06,100000.0,1.0,200,1e-08,0.1
Na,Square,1e-06,100000.0,1.0,200,1e-08,0.5
Na,Square,1e-06,100000.0,1.0,200,1e-08,1.0
Na,Square,1e-06,100000.0,10.0,50,1e-09,0.1
Na,Square,1e-06,100000.0,10.0,50,1e-09,0.5
Na,Square,1e-06,100000.0,10.0,50,1e-09,1.0
Na,Square,1e-06,100000.0,10.0,50,5e-09,0.1
Na,Square,1e-06,100000.0,10.0,50,5e-09,0.5
Na,Square,1e-06,100000.0,10.0,50,5e-09,1.0
Na,Square,1e-06,100000.0,10.0,50,1e-08,0.1
Na,Square,1e-06,100000.0,10.0,50,1e-08,0.5
Na,Square,1e-06,100000.0,10.0,50,1e-08,1.0
Na,Square,1e-06,100000.0,10.0,100,1e-09,0.1
Na,Square,1e-06,100000.0,10.0,100,1e-09,0.5
Na,Square,1e-06,100000.0,10.0,100,1e-09,1.0
Na,Square,1e-06,100000.0,10.0,100,5e-09,0.1
Na,Square,1e-06,100000.0,10.0,100,5e-09,0.5
Na,Square,1e-06,100000.0,10.0,100,5e-09,1.0
Na,Square,1e-06,100000.0,10.0,100,1e-08,0.1
Na,Square,1e-06,100000.0,10.0,100,1e-08,0.5
Na,Square,1e-06,100000.0,10.0,100,1e-08,1.0
Na,Square,1e-06,100000.0,10.0,200,1e-09,0.1
Na,Square,1e-06,100000.0,10.0,200,1e-09,0.5
Na,Square,1e-06,100000.0,10.0,200,1e-09,1.0
Na,Square,1e-06,100000.0,10.0,200,5e-09,0.1
Na,Square,1e-06,100000.0,10.0,200,5e-09,0.5
Na,Square,1e-06,100000.0,10.0,200,5e-09,1.0
Na,Square,1e-06,100000.0,10.0,200,1e-08,0.1
Na,Square,1e-06,100000.0,10.0,200,1e-08,0.5
Na,Square,1e-06,100000.0,10.0,200,1e-08,1.0
Na,Honeycomb,5e-07,10000.0,0.1,50,1e-09,0.1
Na,Honeycomb,5e-07,10000.0,0.1,50,1e-09,0.5
Na,Honeycomb,5e-07,10000.0,0.1,50,1e-09,1.0
Na,Honeycomb,5e-07,10000.0,0.1,50,5e-09,0.1
Na,Honeycomb,5e-07,10000.0,0.1,50,5e-09,0.5
Na,Honeycomb,5e-07,10000.0,0.1,50,5e-09,1.0
Na,Honeycomb,5e-07,10000.0,0.1,50,1e-08,0.1
Na,Honeycomb,5e-07,10000.0,0.1,50,1e-08,0.5
Na,Honeycomb,5e-07,10000.0,0.1,50,1e-08,1.0
Na,Honeycomb,5e-07,10000.0,0.1,100,1e-09,0.1
Na,Honeycomb,5e-07,10000.0,0.1,100,1e-09,0.5
Na,Honeycomb,5e-07,10000.0,0.1,100,1e-09,1.0
Na,Honeycomb,5e-07,10000.0,0.1,100,5e-09,0.1
Na,Honeycomb,5e-07,10000.0,0.1,100,5e-09,0.5
Na,Honeycomb,5e-07,10000.0,0.1,100,5e-09,1.0
Na,Honeycomb,5e-07,10000.0,0.1,100,1e-08,0.1
Na,Honeycomb,5e-07,10000.0,0.1,100,1e-08,0.5
Na,Honeycomb,5e-07,10000.0,0.1,100,1e-08,1.0
Na,Honeycomb,5e-07,10000.0,0.1,200,1e-09,0.1
Na,Honeycomb,5e-07,10000.0,0.1,200,1e-09,0.5
Na,Honeycomb,5e-07,10000.0,0.1,200,1e-09,1.0
Na,Honeycomb,5e-07,10000.0,0.1,200,5e-09,0.1
Na,Honeycomb,5e-07,10000.0,0.1,200,5e-09,0.5
Na,Honeycomb,5e-07,10000.0,0.1,200,5e-09,1.0
Na,Honeycomb,5e-07,10000.0,0.1,200,1e-08,0.1
Na,Honeycomb,5e-07,10000.0,0.1,200,1e-08,0.5
Na,Honeycomb,5e-07,10000.0,0.1,200,1e-08,1.0
Na,Honeycomb,5e-07,10000.0,1.0,50,1e-09,0.1
Na,Honeycomb,5e-07,10000.0,1.0,50,1e-09,0.5
Na,Honeycomb,5e-07,10000.0,1.0,50,1e-09,1.0
Na,Honeycomb,5e-07,10000.0,1.0,50,5e-09,0.1
Na,Honeycomb,5e-07,10000.0,1.0,50,5e-09,0.5
Na,Honeycomb,5e-07,10000.0,1.0,50,5e-09,1.0
Na,Honeycomb,5e-07,10000.0,1.0,50,1e-08,0.1
Na,Honeycomb,5e-07,10000.0,1.0,50,1e-08,0.5
Na,Honeycomb,5e-07,10000.0,1.0,50,1e-08,1.0
Na,Honeycomb,5e-07,10000.0,1.0,100,1e-09,0.1
Na,Honeycomb,5e-07,10000.0,1.0,100,1e-09,0.5
Na,Honeycomb,5e-07,10000.0,1.0,100,1e-09,1.0
Na,Honeycomb,5e-07,10000.0,1.0,100,5e-09,0.1
Na,Honeycomb,5e-07,10000.0,1.0,100,5e-09,0.5
Na,Honeycomb,5e-07,10000.0,1.0,100,5e-09,1.0
Na,Honeycomb,5e-07,10000.0,1.0,100,1e-08,0.1
Na,Honeycomb,5e-07,10000.0,1.0,100,1e-08,0.5
Na,Honeycomb,5e-07,10000.0,1.0,100,1e-08,1.0
Na,Honeycomb,5e-07,10000.0,1.0,200,1e-09,0.1
Na,Honeycomb,5e-07,10000.0,1.0,200,1e-09,0.5
Na,Honeycomb,5e-07,10000.0,1.0,200,1e-09,1.0
Na,Honeycomb,5e-07,10000.0,1.0,200,5e-09,0.1
Na,Honeycomb,5e-07,10000.0,1.0,200,5e-09,0.5
Na,Honeycomb,5e-07,10000.0,1.0,200,5e-09,1.0
Na,Honeycomb,5e-07,10000.0,1.0,200,1e-08,0.1
Na,Honeycomb,5e-07,10000.0,1.0,200,1e-08,0.5
Na,Honeycomb,5e-07,10000.0,1.0,200,1e-08,1.0
Na,Honeycomb,5e-07,10000.0,10.0,50,1e-09,0.1
Na,Honeycomb,5e-07,10000.0,10.0,50,1e-09,0.5
Na,Honeycomb,5e-07,10000.0,10.0,50,1e-09,1.0
Na,Honeycomb,5e-07,10000.0,10.0,50,5e-09,0.1
Na,Honeycomb,5e-07,10000.0,10.0,50,5e-09,0.5
Na,Honeycomb,5e-07,10000.0,10.0,50,5e-09,1.0
Na,Honeycomb,5e-07,10000.0,10.0,50,1e-08,0.1
Na,Honeycomb,5e-07,10000.0,10.0,50,1e-08,0.5
Na,Honeycomb,5e-07,10000.0,10.0,50,1e-08,1.0
Na,Honeycomb,5e-07,10000.0,10.0,100,1e-09,0.1
Na,Honeycomb,5e-07,10000.0,10.0,100,1e-09,0.5
Na,Honeycomb,5e-07,10000.0,10.0,100,1e-09,1.0
Na,Honeycomb,5e-07,10000.0,10.0,100,5e-09,0.1
Na,Honeycomb,5e-07,10000.0,10.0,100,5e-09,0.5
Na,Honeycomb,5e-07,10000.0,10.0,100,5e-09,1.0
Na,Honeycomb,5e-07,10000.0,10.0,100,1e-08,0.1
Na,Honeycomb,5e-07,10000.0,10.0,100,1e-08,0.5
Na,Honeycomb,5e-07,10000.0,10.0,100,1e-08,1.0
Na,Honeycomb,5e-07,10000.0,10.0,200,1e-09,0.1
Na,Honeycomb,5e-07,10000.0,10.0,200,1e-09,0.5
Na,Honeycomb,5e-07,10000.0,10.0,200,1e-09,1.0
Na,Honeycomb,5e-07,10000.0,10.0,200,5e-09,0.1
Na,Honeycomb,5e-07,10000.0,10.0,200,5e-09,0.5
Na,Honeycomb,5e-07,10000.0,10.0,200,5e-09,1.0
Na,Honeycomb,5e-07,10000.0,10.0,200,1e-08,0.1
Na,Honeycomb,5e-07,10000.0,10.0,200,1e-08,0.5
Na,Honeycomb,5e-07,10000.0,10.0,200,1e-08,1.0
Na,Honeycomb,5e-07,50000.0,0.1,50,1e-09,0.1
Na,Honeycomb,5e-07,50000.0,0.1,50,1e-09,0.5
Na,Honeycomb,5e-07,50000.0,0.1,50,1e-09,1.0
Na,Honeycomb,5e-07,50000.0,0.1,50,5e-09,0.1
Na,Honeycomb,5e-07,50000.0,0.1,50,5e-09,0.5
Na,Honeycomb,5e-07,50000.0,0.1,50,5e-09,1.0
Na,Honeycomb,5e-07,50000.0,0.1,50,1e-08,0.1
Na,Honeycomb,5e-07,50000.0,0.1,50,1e-08,0.5
Na,Honeycomb,5e-07,50000.0,0.1,50,1e-08,1.0
Na,Honeycomb,5e-07,50000.0,0.1,100,1e-09,0.1
Na,Honeycomb,5e-07,50000.0,0.1,100,1e-09,0.5
Na,Honeycomb,5e-07,50000.0,0.1,100,1e-09,1.0
Na,Honeycomb,5e-07,50000.0,0.1,100,5e-09,0.1
Na,Honeycomb,5e-07,50000.0,0.1,100,5e-09,0.5
Na,Honeycomb,5e-07,50000.0,0.1,100,5e-09,1.0
Na,Honeycomb,5e-07,50000.0,0.1,100,1e-08,0.1
Na,Honeycomb,5e-07,50000.0,0.1,100,1e-08,0.5
Na,Honeycomb,5e-07,50000.0,0.1,100,1e-08,1.0
Na,Honeycomb,5e-07,50000.0,0.1,200,1e-09,0.1
Na,Honeycomb,5e-07,50000.0,0.1,200,1e-09,0.5
Na,Honeycomb,5e-07,50000.0,0.1,200,1e-09,1.0
Na,Honeycomb,5e-07,50000.0,0.1,200,5e-09,0.1
Na,Honeycomb,5e-07,50000.0,0.1,200,5e-09,0.5
Na,Honeycomb,5e-07,50000.0,0.1,200,5e-09,1.0
Na,Honeycomb,5e-07,50000.0,0.1,200,1e-08,0.1
Na,Honeycomb,5e-07,50000.0,0.1,200,1e-08,0.5
Na,Honeycomb,5e-07,50000.0,0.1,200,1e-08,1.0
Na,Honeycomb,5e-07,50000.0,1.0,50,1e-09,0.1
Na,Honeycomb,5e-07,50000.0,1.0,50,1e-09,0.5
Na,Honeycomb,5e-07,50000.0,1.0,50,1e-09,1.0
Na,Honeycomb,5e-07,50000.0,1.0,50,5e-09,0.1
Na,Honeycomb,5e-07,50000.0,1.0,50,5e-09,0.5
Na,Honeycomb,5e-07,50000.0,1.0,50,5e-09,1.0
Na,Honeycomb,5e-07,50000.0,1.0,50,1e-08,0.1
Na,Honeycomb,5e-07,50000.0,1.0,50,1e-08,0.5
Na,Honeycomb,5e-07,50000.0,1.0,50,1e-08,1.0
Na,Honeycomb,5e-07,50000.0,1.0,100,1e-09,0.1
Na,Honeycomb,5e-07,50000.0,1.0,100,1e-09,0.5
Na,Honeycomb,5e-07,50000.0,1.0,100,1e-09,1.0
Na,Honeycomb,5e-07,50000.0,1.0,100,5e-09,0.1
Na,Honeycomb,5e-07,50000.0,1.0,100,5e-09,0.5
Na,Honeycomb,5e-07,50000.0,1.0,100,5e-09,1.0
Na,Honeycomb,5e-07,50000.0,1.0,100,1e-08,0.1
Na,Honeycomb,5e-07,50000.0,1.0,100,1e-08,0.5
Na,Honeycomb,5e-07,50000.0,1.0,100,1e-08,1.0
Na,Honeycomb,5e-07,50000.0,1.0,200,1e-09,0.1
Na,Honeycomb,5e-07,50000.0,1.0,200,1e-09,0.5
Na,Honeycomb,5e-07,50000.0,1.0,200,1e-09,1.0
Na,Honeycomb,5e-07,50000.0,1.0,200,5e-09,0.1
Na,Honeycomb,5e-07,50000.0,1.0,200,5e-09,0.5
Na,Honeycomb,5e-07,50000.0,1.0,200,5e-09,1.0
Na,Honeycomb,5e-07,50000.0,1.0,200,1e-08,0.1
Na,Honeycomb,5e-07,50000.0,1.0,200,1e-08,0.5
Na,Honeycomb,5e-07,50000.0,1.0,200,1e-08,1.0
Na,Honeycomb,5e-07,50000.0,10.0,50,1e-09,0.1
Na,Honeycomb,5e-07,50000.0,10.0,50,1e-09,0.5
Na,Honeycomb,5e-07,50000.0,10.0,50,1e-09,1.0
Na,Honeycomb,5e-07,50000.0,10.0,50,5e-09,0.1
Na,Honeycomb,5e-07,50000.0,10.0,50,5e-09,0.5
Na,Honeycomb,5e-07,50000.0,10.0,50,5e-09,1.0
Na,Honeycomb,5e-07,50000.0,10.0,50,1e-08,0.1
Na,Honeycomb,5e-07,50000.0,10.0,50,1e-08,0.5
Na,Honeycomb,5e-07,50000.0,10.0,50,1e-08,1.0
Na,Honeycomb,5e-07,50000.0,10.0,100,1e-09,0.1
Na,Honeycomb,5e-07,50000.0,10.0,100,1e-09,0.5
Na,Honeycomb,5e-07,50000.0,10.0,100,1e-09,1.0
Na,Honeycomb,5e-07,50000.0,10.0,100,5e-09,0.1
Na,Honeycomb,5e-07,50000.0,10.0,100,5e-09,0.5
Na,Honeycomb,5e-07,50000.0,10.0,100,5e-09,1.0
Na,Honeycomb,5e-07,50000.0,10.0,100,1e-08,0.1
Na,Honeycomb,5e-07,50000.0,10.0,100,1e-08,0.5
Na,Honeycomb,5e-07,50000.0,10.0,100,1e-08,1.0
Na,Honeycomb,5e-07,50000.0,10.0,200,1e-09,0.1
Na,Honeycomb,5e-07,50000.0,10.0,200,1e-09,0.5
Na,Honeycomb,5e-07,50000.0,10.0,200,1e-09,1.0
Na,Honeycomb,5e-07,50000.0,10.0,200,5e-09,0.1
Na,Honeycomb,5e-07,50000.0,10.0,200,5e-09,0.5
Na,Honeycomb,5e-07,50000.0,10.0,200,5e-09,1.0
Na,Honeycomb,5e-07,50000.0,10.0,200,1e-08,0.1
Na,Honeycomb,5e-07,50000.0,10.0,200,1e-08,0.5
Na,Honeycomb,5e-07,50000.0,10.0,200,1e-08,1.0
Na,Honeycomb,5e-07,100000.0,0.1,50,1e-09,0.1
Na,Honeycomb,5e-07,100000.0,0.1,50,1e-09,0.5
Na,Honeycomb,5e-07,100000.0,0.1,50,1e-09,1.0
Na,Honeycomb,5e-07,100000.0,0.1,50,5e-09,0.1
Na,Honeycomb,5e-07,100000.0,0.1,50,5e-09,0.5
Na,Honeycomb,5e-07,100000.0,0.1,50,5e-09,1.0
Na,Honeycomb,5e-07,100000.0,0.1,50,1e-08,0.1
Na,Honeycomb,5e-07,100000.0,0.1,50,1e-08,0.5
Na,Honeycomb,5e-07,100000.0,0.1,50,1e-08,1.0
Na,Honeycomb,5e-07,100000.0,0.1,100,1e-09,0.1
Na,Honeycomb,5e-07,100000.0,0.1,100,1e-09,0.5
Na,Honeycomb,5e-07,100000.0,0.1,100,1e-09,1.0
Na,Honeycomb,5e-07,100000.0,0.1,100,5e-09,0.1
Na,Honeycomb,5e-07,100000.0,0.1,100,5e-09,0.5
Na,Honeycomb,5e-07,100000.0,0.1,100,5e-09,1.0
Na,Honeycomb,5e-07,100000.0,0.1,100,1e-08,0.1
Na,Honeycomb,5e-07,100000.0,0.1,100,1e-08,0.5
Na,Honeycomb,5e-07,100000.0,0.1,100,1e-08,1.0
Na,Honeycomb,5e-07,100000.0,0.1,200,1e-09,0.1
Na,Honeycomb,5e-07,100000.0,0.1,200,1e-09,0.5
Na,Honeycomb,5e-07,100000.0,0.1,200,1e-09,1.0
Na,Honeycomb,5e-07,100000.0,0.1,200,5e-09,0.1
Na,Honeycomb,5e-07,100000.0,0.1,200,5e-09,0.5
Na,Honeycomb,5e-07,100000.0,0.1,200,5e-09,1.0
Na,Honeycomb,5e-07,100000.0,0.1,200,1e-08,0.1
Na,Honeycomb,5e-07,100000.0,0.1,200,1e-08,0.5
Na,Honeycomb,5e-07,100000.0,0.1,200,1e-08,1.0
Na,Honeycomb,5e-07,100000.0,1.0,50,1e-09,0.1
Na,Honeycomb,5e-07,100000.0,1.0,50,1e-09,0.5
Na,Honeycomb,5e-07,100000.0,1.0,50,1e-09,1.0
Na,Honeycomb,5e-07,100000.0,1.0,50,5e-09,0.1
Na,Honeycomb,5e-07,100000.0,1.0,50,5e-09,0.5
Na,Honeycomb,5e-07,100000.0,1.0,50,5e-09,1.0
Na,Honeycomb,5e-07,100000.0,1.0,50,1e-08,0.1
Na,Honeycomb,5e-07,100000.0,1.0,50,1e-08,0.5
Na,Honeycomb,5e-07,100000.0,1.0,50,1e-08,1.0
Na,Honeycomb,5e-07,100000.0,1.0,100,1e-09,0.1
Na,Honeycomb,5e-07,100000.0,1.0,100,1e-09,0.5
Na,Honeycomb,5e-07,100000.0,1.0,100,1e-09,1.0
Na,Honeycomb,5e-07,100000.0,1.0,100,5e-09,0.1
Na,Honeycomb,5e-07,100000.0,1.0,100,5e-09,0.5
Na,Honeycomb,5e-07,100000.0,1.0,100,5e-09,1.0
Na,Honeycomb,5e-07,100000.0,1.0,100,1e-08,0.1
Na,Honeycomb,5e-07,100000.0,1.0,100,1e-08,0.5
Na,Honeycomb,5e-07,100000.0,1.0,100,1e-08,1.0
Na,Honeycomb,5e-07,100000.0,1.0,200,1e-09,0.1
Na,Honeycomb,5e-07,100000.0,1.0,200,1e-09,0.5
Na,Honeycomb,5e-07,100000.0,1.0,200,1e-09,1.0
Na,Honeycomb,5e-07,100000.0,1.0,200,5e-09,0.1
Na,Honeycomb,5e-07,100000.0,1.0,200,5e-09,0.5
Na,Honeycomb,5e-07,100000.0,1.0,200,5e-09,1.0
Na,Honeycomb,5e-07,100000.0,1.0,200,1e-08,0.1
Na,Honeycomb,5e-07,100000.0,1.0,200,1e-08,0.5
Na,Honeycomb,5e-07,100000.0,1.0,200,1e-08,1.0
Na,Honeycomb,5e-07,100000.0,10.0,50,1e-09,0.1
Na,Honeycomb,5e-07,100000.0,10.0,50,1e-09,0.5
Na,Honeycomb,5e-07,100000.0,10.0,50,1e-09,1.0
Na,Honeycomb,5e-07,100000.0,10.0,50,5e-09,0.1
Na,Honeycomb,5e-07,100000.0,10.0,50,5e-09,0.5
Na,Honeycomb,5e-07,100000.0,10.0,50,5e-09,1.0
Na,Honeycomb,5e-07,100000.0,10.0,50,1e-08,0.1
Na,Honeycomb,5e-07,100000.0,10.0,50,1e-08,0.5
Na,Honeycomb,5e-07,100000.0,10.0,50,1e-08,1.0
Na,Honeycomb,5e-07,100000.0,10.0,100,1e-09,0.1
Na,Honeycomb,5e-07,100000.0,10.0,100,1e-09,0.5
Na,Honeycomb,5e-07,100000.0,10.0,100,1e-09,1.0
Na,Honeycomb,5e-07,100000.0,10.0,100,5e-09,0.1
Na,Honeycomb,5e-07,100000.0,10.0,100,5e-09,0.5
Na,Honeycomb,5e-07,100000.0,10.0,100,5e-09,1.0
Na,Honeycomb,5e-07,100000.0,10.0,100,1e-08,0.1
Na,Honeycomb,5e-07,100000.0,10.0,100,1e-08,0.5
Na,Honeycomb,5e-07,100000.0,10.0,100,1e-08,1.0
Na,Honeycomb,5e-07,100000.0,10.0,200,1e-09,0.1
Na,Honeycomb,5e-07,100000.0,10.0,200,1e-09,0.5
Na,Honeycomb,5e-07,100000.0,10.0,200,1e-09,1.0
Na,Honeycomb,5e-07,100000.0,10.0,200,5e-09,0.1
Na,Honeycomb,5e-07,100000.0,10.0,200,5e-09,0.5
Na,Honeycomb,5e-07,100000.0,10.0,200,5e-09,1.0
Na,Honeycomb,5e-07,100000.0,10.0,200,1e-08,0.1
Na,Honeycomb,5e-07,100000.0,10.0,200,1e-08,0.5
Na,Honeycomb,5e-07,100000.0,10.0,200,1e-08,1.0
Na,Honeycomb,7e-07,10000.0,0.1,50,1e-09,0.1
Na,Honeycomb,7e-07,10000.0,0.1,50,1e-09,0.5
Na,Honeycomb,7e-07,10000.0,0.1,50,1e-09,1.0
Na,Honeycomb,7e-07,10000.0,0.1,50,5e-09,0.1
Na,Honeycomb,7e-07,10000.0,0.1,50,5e-09,0.5
Na,Honeycomb,7e-07,10000.0,0.1,50,5e-09,1.0
Na,Honeycomb,7e-07,10000.0,0.1,50,1e-08,0.1
Na,Honeycomb,7e-07,10000.0,0.1,50,1e-08,0.5
Na,Honeycomb,7e-07,10000.0,0.1,50,1e-08,1.0
Na,Honeycomb,7e-07,10000.0,0.1,100,1e-09,0.1
Na,Honeycomb,7e-07,10000.0,0.1,100,1e-09,0.5
Na,Honeycomb,7e-07,10000.0,0.1,100,1e-09,1.0
Na,Honeycomb,7e-07,10000.0,0.1,100,5e-09,0.1
Na,Honeycomb,7e-07,10000.0,0.1,100,5e-09,0.5
Na,Honeycomb,7e-07,10000.0,0.1,100,5e-09,1.0
Na,Honeycomb,7e-07,10000.0,0.1,100,1e-08,0.1
Na,Honeycomb,7e-07,10000.0,0.1,100,1e-08,0.5
Na,Honeycomb,7e-07,10000.0,0.1,100,1e-08,1.0
Na,Honeycomb,7e-07,10000.0,0.1,200,1e-09,0.1
Na,Honeycomb,7e-07,10000.0,0.1,200,1e-09,0.5
Na,Honeycomb,7e-07,10000.0,0.1,200,1e-09,1.0
Na,Honeycomb,7e-07,10000.0,0.1,200,5e-09,0.1
Na,Honeycomb,7e-07,10000.0,0.1,200,5e-09,0.5
Na,Honeycomb,7e-07,10000.0,0.1,200,5e-09,1.0
Na,Honeycomb,7e-07,10000.0,0.1,200,1e-08,0.1
Na,Honeycomb,7e-07,10000.0,0.1,200,1e-08,0.5
Na,Honeycomb,7e-07,10000.0,0.1,200,1e-08,1.0
Na,Honeycomb,7e-07,10000.0,1.0,50,1e-09,0.1
Na,Honeycomb,7e-07,10000.0,1.0,50,1e-09,0.5
Na,Honeycomb,7e-07,10000.0,1.0,50,1e-09,1.0
Na,Honeycomb,7e-07,10000.0,1.0,50,5e-09,0.1
Na,Honeycomb,7e-07,10000.0,1.0,50,5e-09,0.5
Na,Honeycomb,7e-07,10000.0,1.0,50,5e-09,1.0
Na,Honeycomb,7e-07,10000.0,1.0,50,1e-08,0.1
Na,Honeycomb,7e-07,10000.0,1.0,50,1e-08,0.5
Na,Honeycomb,7e-07,10000.0,1.0,50,1e-08,1.0
Na,Honeycomb,7e-07,10000.0,1.0,100,1e-09,0.1
Na,Honeycomb,7e-07,10000.0,1.0,100,1e-09,0.5
Na,Honeycomb,7e-07,10000.0,1.0,100,1e-09,1.0
Na,Honeycomb,7e-07,10000.0,1.0,100,5e-09,0.1
Na,Honeycomb,7e-07,10000.0,1.0,100,5e-09,0.5
Na,Honeycomb,7e-07,10000.0,1.0,100,5e-09,1.0
Na,Honeycomb,7e-07,10000.0,1.0,100,1e-08,0.1
Na,Honeycomb,7e-07,10000.0,1.0,100,1e-08,0.5
Na,Honeycomb,7e-07,10000.0,1.0,100,1e-08,1.0
Na,Honeycomb,7e-07,10000.0,1.0,200,1e-09,0.1
Na,Honeycomb,7e-07,10000.0,1.0,200,1e-09,0.5
Na,Honeycomb,7e-07,10000.0,1.0,200,1e-09,1.0
Na,Honeycomb,7e-07,10000.0,1.0,200,5e-09,0.1
Na,Honeycomb,7e-07,10000.0,1.0,200,5e-09,0.5
Na,Honeycomb,7e-07,10000.0,1.0,200,5e-09,1.0
Na,Honeycomb,7e-07,10000.0,1.0,200,1e-08,0.1
Na,Honeycomb,7e-07,10000.0,1.0,200,1e-08,0.5
Na,Honeycomb,7e-07,10000.0,1.0,200,1e-08,1.0
Na,Honeycomb,7e-07,10000.0,10.0,50,1e-09,0.1
Na,Honeycomb,7e-07,10000.0,10.0,50,1e-09,0.5
Na,Honeycomb,7e-07,10000.0,10.0,50,1e-09,1.0
Na,Honeycomb,7e-07,10000.0,10.0,50,5e-09,0.1
Na,Honeycomb,7e-07,10000.0,10.0,50,5e-09,0.5
Na,Honeycomb,7e-07,10000.0,10.0,50,5e-09,1.0
Na,Honeycomb,7e-07,10000.0,10.0,50,1e-08,0.1
Na,Honeycomb,7e-07,10000.0,10.0,50,1e-08,0.5
Na,Honeycomb,7e-07,10000.0,10.0,50,1e-08,1.0
Na,Honeycomb,7e-07,10000.0,10.0,100,1e-09,0.1
Na,Honeycomb,7e-07,10000.0,10.0,100,1e-09,0.5
Na,Honeycomb,7e-07,10000.0,10.0,100,1e-09,1.0
Na,Honeycomb,7e-07,10000.0,10.0,100,5e-09,0.1
Na,Honeycomb,7e-07,10000.0,10.0,100,5e-09,0.5
Na,Honeycomb,7e-07,10000.0,10.0,100,5e-09,1.0
Na,Honeycomb,7e-07,10000.0,10.0,100,1e-08,0.1
Na,Honeycomb,7e-07,10000.0,10.0,100,1e-08,0.5
Na,Honeycomb,7e-07,10000.0,10.0,100,1e-08,1.0
Na,Honeycomb,7e-07,10000.0,10.0,200,1e-09,0.1
Na,Honeycomb,7e-07,10000.0,10.0,200,1e-09,0.5
Na,Honeycomb,7e-07,10000.0,10.0,200,1e-09,1.0
Na,Honeycomb,7e-07,10000.0,10.0,200,5e-09,0.1
Na,Honeycomb,7e-07,10000.0,10.0,200,5e-09,0.5
Na,Honeycomb,7e-07,10000.0,10.0,200,5e-09,1.0
Na,Honeycomb,7e-07,10000.0,10.0,200,1e-08,0.1
Na,Honeycomb,7e-07,10000.0,10.0,200,1e-08,0.5
Na,Honeycomb,7e-07,10000.0,10.0,200,1e-08,1.0
Na,Honeycomb,7e-07,50000.0,0.1,50,1e-09,0.1
Na,Honeycomb,7e-07,50000.0,0.1,50,1e-09,0.5
Na,Honeycomb,7e-07,50000.0,0.1,50,1e-09,1.0
Na,Honeycomb,7e-07,50000.0,0.1,50,5e-09,0.1
Na,Honeycomb,7e-07,50000.0,0.1,50,5e-09,0.5
Na,Honeycomb,7e-07,50000.0,0.1,50,5e-09,1.0
Na,Honeycomb,7e-07,50000.0,0.1,50,1e-08,0.1
Na,Honeycomb,7e-07,50000.0,0.1,50,1e-08,0.5
Na,Honeycomb,7e-07,50000.0,0.1,50,1e-08,1.0
Na,Honeycomb,7e-07,50000.0,0.1,100,1e-09,0.1
Na,Honeycomb,7e-07,50000.0,0.1,100,1e-09,0.5
Na,Honeycomb,7e-07,50000.0,0.1,100,1e-09,1.0
Na,Honeycomb,7e-07,50000.0,0.1,100,5e-09,0.1
Na,Honeycomb,7e-07,50000.0,0.1,100,5e-09,0.5
Na,Honeycomb,7e-07,50000.0,0.1,100,5e-09,1.0
Na,Honeycomb,7e-07,50000.0,0.1,100,1e-08,0.1
Na,Honeycomb,7e-07,50000.0,0.1,100,1e-08,0.5
Na,Honeycomb,7e-07,50000.0,0.1,100,1e-08,1.0
Na,Honeycomb,7e-07,50000.0,0.1,200,1e-09,0.1
Na,Honeycomb,7e-07,50000.0,0.1,200,1e-09,0.5
Na,Honeycomb,7e-07,50000.0,0.1,200,1e-09,1.0
Na,Honeycomb,7e-07,50000.0,0.1,200,5e-09,0.1
Na,Honeycomb,7e-07,50000.0,0.1,200,5e-09,0.5
Na,Honeycomb,7e-07,50000.0,0.1,200,5e-09,1.0
Na,Honeycomb,7e-07,50000.0,0.1,200,1e-08,0.1
Na,Honeycomb,7e-07,50000.0,0.1,200,1e-08,0.5
Na,Honeycomb,7e-07,50000.0,0.1,200,1e-08,1.0
Na,Honeycomb,7e-07,50000.0,1.0,50,1e-09,0.1
Na,Honeycomb,7e-07,50000.0,1.0,50,1e-09,0.5
Na,Honeycomb,7e-07,50000.0,1.0,50,1e-09,1.0
Na,Honeycomb,7e-07,50000.0,1.0,50,5e-09,0.1
Na,Honeycomb,7e-07,50000.0,1.0,50,5e-09,0.5
Na,Honeycomb,7e-07,50000.0,1.0,50,5e-09,1.0
Na,Honeycomb,7e-07,50000.0,1.0,50,1e-08,0.1
Na,Honeycomb,7e-07,50000.0,1.0,50,1e-08,0.5
Na,Honeycomb,7e-07,50000.0,1.0,50,1e-08,1.0
Na,Honeycomb,7e-07,50000.0,1.0,100,1e-09,0.1
Na,Honeycomb,7e-07,50000.0,1.0,100,1e-09,0.5
Na,Honeycomb,7e-07,50000.0,1.0,100,1e-09,1.0
Na,Honeycomb,7e-07,50000.0,1.0,100,5e-09,0.1
Na,Honeycomb,7e-07,50000.0,1.0,100,5e-09,0.5
Na,Honeycomb,7e-07,50000.0,1.0,100,5e-09,1.0
Na,Honeycomb,7e-07,50000.0,1.0,100,1e-08,0.1
Na,Honeycomb,7e-07,50000.0,1.0,100,1e-08,0.5
Na,Honeycomb,7e-07,50000.0,1.0,100,1e-08,1.0
Na,Honeycomb,7e-07,50000.0,1.0,200,1e-09,0.1
Na,Honeycomb,7e-07,50000.0,1.0,200,1e-09,0.5
Na,Honeycomb,7e-07,50000.0,1.0,200,1e-09,1.0
Na,Honeycomb,7e-07,50000.0,1.0,200,5e-09,0.1
Na,Honeycomb,7e-07,50000.0,1.0,200,5e-09,0.5
Na,Honeycomb,7e-07,50000.0,1.0,200,5e-09,1.0
Na,Honeycomb,7e-07,50000.0,1.0,200,1e-08,0.1
Na,Honeycomb,7e-07,50000.0,1.0,200,1e-08,0.5
Na,Honeycomb,7e-07,50000.0,1.0,200,1e-08,1.0
Na,Honeycomb,7e-07,50000.0,10.0,50,1e-09,0.1
Na,Honeycomb,7e-07,50000.0,10.0,50,1e-09,0.5
Na,Honeycomb,7e-07,50000.0,10.0,50,1e-09,1.0
Na,Honeycomb,7e-07,50000.0,10.0,50,5e-09,0.1
Na,Honeycomb,7e-07,50000.0,10.0,50,5e-09,0.5
Na,Honeycomb,7e-07,50000.0,10.0,50,5e-09,1.0
Na,Honeycomb,7e-07,50000.0,10.0,50,1e-08,0.1
Na,Honeycomb,7e-07,50000.0,10.0,50,1e-08,0.5
Na,Honeycomb,7e-07,50000.0,10.0,50,1e-08,1.0
Na,Honeycomb,7e-07,50000.0,10.0,100,1e-09,0.1
Na,Honeycomb,7e-07,50000.0,10.0,100,1e-09,0.5
Na,Honeycomb,7e-07,50000.0,10.0,100,1e-09,1.0
Na,Honeycomb,7e-07,50000.0,10.0,100,5e-09,0.1
Na,Honeycomb,7e-07,50000.0,10.0,100,5e-09,0.5
Na,Honeycomb,7e-07,50000.0,10.0,100,5e-09,1.0
Na,Honeycomb,7e-07,50000.0,10.0,100,1e-08,0.1
Na,Honeycomb,7e-07,50000.0,10.0,100,1e-08,0.5
Na,Honeycomb,7e-07,50000.0,10.0,100,1e-08,1.0
Na,Honeycomb,7e-07,50000.0,10.0,200,1e-09,0.1
Na,Honeycomb,7e-07,50000.0,10.0,200,1e-09,0.5
Na,Honeycomb,7e-07,50000.0,10.0,200,1e-09,1.0
Na,Honeycomb,7e-07,50000.0,10.0,200,5e-09,0.1
Na,Honeycomb,7e-07,50000.0,10.0,200,5e-09,0.5
Na,Honeycomb,7e-07,50000.0,10.0,200,5e-09,1.0
Na,Honeycomb,7e-07,50000.0,10.0,200,1e-08,0.1
Na,Honeycomb,7e-07,50000.0,10.0,200,1e-08,0.5
Na,Honeycomb,7e-07,50000.0,10.0,200,1e-08,1.0
Na,Honeycomb,7e-07,100000.0,0.1,50,1e-09,0.1
Na,Honeycomb,7e-07,100000.0,0.1,50,1e-09,0.5
Na,Honeycomb,7e-07,100000.0,0.1,50,1e-09,1.0
Na,Honeycomb,7e-07,100000.0,0.1,50,5e-09,0.1
Na,Honeycomb,7e-07,100000.0,0.1,50,5e-09,0.5
Na,Honeycomb,7e-07,100000.0,0.1,50,5e-09,1.0
Na,Honeycomb,7e-07,100000.0,0.1,50,1e-08,0.1
Na,Honeycomb,7e-07,100000.0,0.1,50,1e-08,0.5
Na,Honeycomb,7e-07,100000.0,0.1,50,1e-08,1.0
Na,Honeycomb,7e-07,100000.0,0.1,100,1e-09,0.1
Na,Honeycomb,7e-07,100000.0,0.1,100,1e-09,0.5
Na,Honeycomb,7e-07,100000.0,0.1,100,1e-09,1.0
Na,Honeycomb,7e-07,100000.0,0.1,100,5e-09,0.1
Na,Honeycomb,7e-07,100000.0,0.1,100,5e-09,0.5
Na,Honeycomb,7e-07,100000.0,0.1,100,5e-09,1.0
Na,Honeycomb,7e-07,100000.0,0.1,100,1e-08,0.1
Na,Honeycomb,7e-07,100000.0,0.1,100,1e-08,0.5
Na,Honeycomb,7e-07,100000.0,0.1,100,1e-08,1.0
Na,Honeycomb,7e-07,100000.0,0.1,200,1e-09,0.1
Na,Honeycomb,7e-07,100000.0,0.1,200,1e-09,0.5
Na,Honeycomb,7e-07,100000.0,0.1,200,1e-09,1.0
Na,Honeycomb,7e-07,100000.0,0.1,200,5e-09,0.1
Na,Honeycomb,7e-07,100000.0,0.1,200,5e-09,0.5
Na,Honeycomb,7e-07,100000.0,0.1,200,5e-09,1.0
Na,Honeycomb,7e-07,100000.0,0.1,200,1e-08,0.1
Na,Honeycomb,7e-07,100000.0,0.1,200,1e-08,0.5
Na,Honeycomb,7e-07,100000.0,0.1,200,1e-08,1.0
Na,Honeycomb,7e-07,100000.0,1.0,50,1e-09,0.1
Na,Honeycomb,7e-07,100000.0,1.0,50,1e-09,0.5
Na,Honeycomb,7e-07,100000.0,1.0,50,1e-09,1.0
Na,Honeycomb,7e-07,100000.0,1.0,50,5e-09,0.1
Na,Honeycomb,7e-07,100000.0,1.0,50,5e-09,0.5
Na,Honeycomb,7e-07,100000.0,1.0,50,5e-09,1.0
Na,Honeycomb,7e-07,100000.0,1.0,50,1e-08,0.1
Na,Honeycomb,7e-07,100000.0,1.0,50,1e-08,0.5
Na,Honeycomb,7e-07,100000.0,1.0,50,1e-08,1.0
Na,Honeycomb,7e-07,100000.0,1.0,100,1e-09,0.1
Na,Honeycomb,7e-07,100000.0,1.0,100,1e-09,0.5
Na,Honeycomb,7e-07,100000.0,1.0,100,1e-09,1.0
Na,Honeycomb,7e-07,100000.0,1.0,100,5e-09,0.1
Na,Honeycomb,7e-07,100000.0,1.0,100,5e-09,0.5
Na,Honeycomb,7e-07,100000.0,1.0,100,5e-09,1.0
Na,Honeycomb,7e-07,100000.0,1.0,100,1e-08,0.1
Na,Honeycomb,7e-07,100000.0,1.0,100,1e-08,0.5
Na,Honeycomb,7e-07,100000.0,1.0,100,1e-08,1.0
Na,Honeycomb,7e-07,100000.0,1.0,200,1e-09,0.1
Na,Honeycomb,7e-07,100000.0,1.0,200,1e-09,0.5
Na,Honeycomb,7e-07,100000.0,1.0,200,1e-09,1.0
Na,Honeycomb,7e-07,100000.0,1.0,200,5e-09,0.1
Na,Honeycomb,7e-07,100000.0,1.0,200,5e-09,0.5
Na,Honeycomb,7e-07,100000.0,1.0,200,5e-09,1.0
Na,Honeycomb,7e-07,100000.0,1.0,200,1e-08,0.1
Na,Honeycomb,7e-07,100000.0,1.0,200,1e-08,0.5
Na,Honeycomb,7e-07,100000.0,1.0,200,1e-08,1.0
Na,Honeycomb,7e-07,100000.0,10.0,50,1e-09,0.1
Na,Honeycomb,7e-07,100000.0,10.0,50,1e-09,0.5
Na,Honeycomb,7e-07,100000.0,10.0,50,1e-09,1.0
Na,Honeycomb,7e-07,100000.0,10.0,50,5e-09,0.1
Na,Honeycomb,7e-07,100000.0,10.0,50,5e-09,0.5
Na,Honeycomb,7e-07,100000.0,10.0,50,5e-09,1.0
Na,Honeycomb,7e-07,100000.0,10.0,50,1e-08,0.1
Na,Honeycomb,7e-07,100000.0,10.0,50,1e-08,0.5
Na,Honeycomb,7e-07,100000.0,10.0,50,1e-08,1.0
Na,Honeycomb,7e-07,100000.0,10.0,100,1e-09,0.1
Na,Honeycomb,7e-07,100000.0,10.0,100,1e-09,0.5
Na,Honeycomb,7e-07,100000.0,10.0,100,1e-09,1.0
Na,Honeycomb,7e-07,100000.0,10.0,100,5e-09,0.1
Na,Honeycomb,7e-07,100000.0,10.0,100,5e-09,0.5
Na,Honeycomb,7e-07,100000.0,10.0,100,5e-09,1.0
Na,Honeycomb,7e-07,100000.0,10.0,100,1e-08,0.1
Na,Honeycomb,7e-07,100000.0,10.0,100,1e-08,0.5
Na,Honeycomb,7e-07,100000.0,10.0,100,1e-08,1.0
Na,Honeycomb,7e-07,100000.0,10.0,200,1e-09,0.1
Na,Honeycomb,7e-07,100000.0,10.0,200,1e-09,0.5
Na,Honeycomb,7e-07,100000.0,10.0,200,1e-09,1.0
Na,Honeycomb,7e-07,100000.0,10.0,200,5e-09,0.1
Na,Honeycomb,7e-07,100000.0,10.0,200,5e-09,0.5
Na,Honeycomb,7e-07,100000.0,10.0,200,5e-09,1.0
Na,Honeycomb,7e-07,100000.0,10.0,200,1e-08,0.1
Na,Honeycomb,7e-07,100000.0,10.0,200,1e-08,0.5
Na,Honeycomb,7e-07,100000.0,10.0,200,1e-08,1.0
Na,Honeycomb,1e-06,10000.0,0.1,50,1e-09,0.1
Na,Honeycomb,1e-06,10000.0,0.1,50,1e-09,0.5
Na,Honeycomb,1e-06,10000.0,0.1,50,1e-09,1.0
Na,Honeycomb,1e-06,10000.0,0.1,50,5e-09,0.1
Na,Honeycomb,1e-06,10000.0,0.1,50,5e-09,0.5
Na,Honeycomb,1e-06,10000.0,0.1,50,5e-09,1.0
Na,Honeycomb,1e-06,10000.0,0.1,50,1e-08,0.1
Na,Honeycomb,1e-06,10000.0,0.1,50,1e-08,0.5
Na,Honeycomb,1e-06,10000.0,0.1,50,1e-08,1.0
Na,Honeycomb,1e-06,10000.0,0.1,100,1e-09,0.1
Na,Honeycomb,1e-06,10000.0,0.1,100,1e-09,0.5
Na,Honeycomb,1e-06,10000.0,0.1,100,1e-09,1.0
Na,Honeycomb,1e-06,10000.0,0.1,100,5e-09,0.1
Na,Honeycomb,1e-06,10000.0,0.1,100,5e-09,0.5
Na,Honeycomb,1e-06,10000.0,0.1,100,5e-09,1.0
Na,Honeycomb,1e-06,10000.0,0.1,100,1e-08,0.1
Na,Honeycomb,1e-06,10000.0,0.1,100,1e-08,0.5
Na,Honeycomb,1e-06,10000.0,0.1,100,1e-08,1.0
Na,Honeycomb,1e-06,10000.0,0.1,200,1e-09,0.1
Na,Honeycomb,1e-06,10000.0,0.1,200,1e-09,0.5
Na,Honeycomb,1e-06,10000.0,0.1,200,1e-09,1.0
Na,Honeycomb,1e-06,10000.0,0.1,200,5e-09,0.1
Na,Honeycomb,1e-06,10000.0,0.1,200,5e-09,0.5
Na,Honeycomb,1e-06,10000.0,0.1,200,5e-09,1.0
Na,Honeycomb,1e-06,10000.0,0.1,200,1e-08,0.1
Na,Honeycomb,1e-06,10000.0,0.1,200,1e-08,0.5
Na,Honeycomb,1e-06,10000.0,0.1,200,1e-08,1.0
Na,Honeycomb,1e-06,10000.0,1.0,50,1e-09,0.1
Na,Honeycomb,1e-06,10000.0,1.0,50,1e-09,0.5
Na,Honeycomb,1e-06,10000.0,1.0,50,1e-09,1.0
Na,Honeycomb,1e-06,10000.0,1.0,50,5e-09,0.1
Na,Honeycomb,1e-06,10000.0,1.0,50,5e-09,0.5
Na,Honeycomb,1e-06,10000.0,1.0,50,5e-09,1.0
Na,Honeycomb,1e-06,10000.0,1.0,50,1e-08,0.1
Na,Honeycomb,1e-06,10000.0,1.0,50,1e-08,0.5
Na,Honeycomb,1e-06,10000.0,1.0,50,1e-08,1.0
Na,Honeycomb,1e-06,10000.0,1.0,100,1e-09,0.1
Na,Honeycomb,1e-06,10000.0,1.0,100,1e-09,0.5
Na,Honeycomb,1e-06,10000.0,1.0,100,1e-09,1.0
Na,Honeycomb,1e-06,10000.0,1.0,100,5e-09,0.1
Na,Honeycomb,1e-06,10000.0,1.0,100,5e-09,0.5
Na,Honeycomb,1e-06,10000.0,1.0,100,5e-09,1.0
Na,Honeycomb,1e-06,10000.0,1.0,100,1e-08,0.1
Na,Honeycomb,1e-06,10000.0,1.0,100,1e-08,0.5
Na,Honeycomb,1e-06,10000.0,1.0,100,1e-08,1.0
Na,Honeycomb,1e-06,10000.0,1.0,200,1e-09,0.1
Na,Honeycomb,1e-06,10000.0,1.0,200,1e-09,0.5
Na,Honeycomb,1e-06,10000.0,1.0,200,1e-09,1.0
Na,Honeycomb,1e-06,10000.0,1.0,200,5e-09,0.1
Na,Honeycomb,1e-06,10000.0,1.0,200,5e-09,0.5
Na,Honeycomb,1e-06,10000.0,1.0,200,5e-09,1.0
Na,Honeycomb,1e-06,10000.0,1.0,200,1e-08,0.1
Na,Honeycomb,1e-06,10000.0,1.0,200,1e-08,0.5
Na,Honeycomb,1e-06,10000.0,1.0,200,1e-08,1.0
Na,Honeycomb,1e-06,10000.0,10.0,50,1e-09,0.1
Na,Honeycomb,1e-06,10000.0,10.0,50,1e-09,0.5
Na,Honeycomb,1e-06,10000.0,10.0,50,1e-09,1.0
Na,Honeycomb,1e-06,10000.0,10.0,50,5e-09,0.1
Na,Honeycomb,1e-06,10000.0,10.0,50,5e-09,0.5
Na,Honeycomb,1e-06,10000.0,10.0,50,5e-09,1.0
Na,Honeycomb,1e-06,10000.0,10.0,50,1e-08,0.1
Na,Honeycomb,1e-06,10000.0,10.0,50,1e-08,0.5
Na,Honeycomb,1e-06,10000.0,10.0,50,1e-08,1.0
Na,Honeycomb,1e-06,10000.0,10.0,100,1e-09,0.1
Na,Honeycomb,1e-06,10000.0,10.0,100,1e-09,0.5
Na,Honeycomb,1e-06,10000.0,10.0,100,1e-09,1.0
Na,Honeycomb,1e-06,10000.0,10.0,100,5e-09,0.1
Na,Honeycomb,1e-06,10000.0,10.0,100,5e-09,0.5
Na,Honeycomb,1e-06,10000.0,10.0,100,5e-09,1.0
Na,Honeycomb,1e-06,10000.0,10.0,100,1e-08,0.1
Na,Honeycomb,1e-06,10000.0,10.0,100,1e-08,0.5
Na,Honeycomb,1e-06,10000.0,10.0,100,1e-08,1.0
Na,Honeycomb,1e-06,10000.0,10.0,200,1e-09,0.1
Na,Honeycomb,1e-06,10000.0,10.0,200,1e-09,0.5
Na,Honeycomb,1e-06,10000.0,10.0,200,1e-09,1.0
Na,Honeycomb,1e-06,10000.0,10.0,200,5e-09,0.1
Na,Honeycomb,1e-06,10000.0,10.0,200,5e-09,0.5
Na,Honeycomb,1e-06,10000.0,10.0,200,5e-09,1.0
Na,Honeycomb,1e-06,10000.0,10.0,200,1e-08,0.1
Na,Honeycomb,1e-06,10000.0,10.0,200,1e-08,0.5
Na,Honeycomb,1e-06,10000.0,10.0,200,1e-08,1.0
Na,Honeycomb,1e-06,50000.0,0.1,50,1e-09,0.1
Na,Honeycomb,1e-06,50000.0,0.1,50,1e-09,0.5
Na,Honeycomb,1e-06,50000.0,0.1,50,1e-09,1.0
Na,Honeycomb,1e-06,50000.0,0.1,50,5e-09,0.1
Na,Honeycomb,1e-06,50000.0,0.1,50,5e-09,0.5
Na,Honeycomb,1e-06,50000.0,0.1,50,5e-09,1.0
Na,Honeycomb,1e-06,50000.0,0.1,50,1e-08,0.1
Na,Honeycomb,1e-06,50000.0,0.1,50,1e-08,0.5
Na,Honeycomb,1e-06,50000.0,0.1,50,1e-08,1.0
Na,Honeycomb,1e-06,50000.0,0.1,100,1e-09,0.1
Na,Honeycomb,1e-06,50000.0,0.1,100,1e-09,0.5
Na,Honeycomb,1e-06,50000.0,0.1,100,1e-09,1.0
Na,Honeycomb,1e-06,50000.0,0.1,100,5e-09,0.1
Na,Honeycomb,1e-06,50000.0,0.1,100,5e-09,0.5
Na,Honeycomb,1e-06,50000.0,0.1,100,5e-09,1.0
Na,Honeycomb,1e-06,50000.0,0.1,100,1e-08,0.1
Na,Honeycomb,1e-06,50000.0,0.1,100,1e-08,0.5
Na,Honeycomb,1e-06,50000.0,0.1,100,1e-08,1.0
Na,Honeycomb,1e-06,50000.0,0.1,200,1e-09,0.1
Na,Honeycomb,1e-06,50000.0,0.1,200,1e-09,0.5
Na,Honeycomb,1e-06,50000.0,0.1,200,1e-09,1.0
Na,Honeycomb,1e-06,50000.0,0.1,200,5e-09,0.1
Na,Honeycomb,1e-06,50000.0,0.1,200,5e-09,0.5
Na,Honeycomb,1e-06,50000.0,0.1,200,5e-09,1.0
Na,Honeycomb,1e-06,50000.0,0.1,200,1e-08,0.1
Na,Honeycomb,1e-06,50000.0,0.1,200,1e-08,0.5
Na,Honeycomb,1e-06,50000.0,0.1,200,1e-08,1.0
Na,Honeycomb,1e-06,50000.0,1.0,50,1e-09,0.1
Na,Honeycomb,1e-06,50000.0,1.0,50,1e-09,0.5
Na,Honeycomb,1e-06,50000.0,1.0,50,1e-09,1.0
Na,Honeycomb,1e-06,50000.0,1.0,50,5e-09,0.1
Na,Honeycomb,1e-06,50000.0,1.0,50,5e-09,0.5
Na,Honeycomb,1e-06,50000.0,1.0,50,5e-09,1.0
Na,Honeycomb,1e-06,50000.0,1.0,50,1e-08,0.1
Na,Honeycomb,1e-06,50000.0,1.0,50,1e-08,0.5
Na,Honeycomb,1e-06,50000.0,1.0,50,1e-08,1.0
Na,Honeycomb,1e-06,50000.0,1.0,100,1e-09,0.1
Na,Honeycomb,1e-06,50000.0,1.0,100,1e-09,0.5
Na,Honeycomb,1e-06,50000.0,1.0,100,1e-09,1.0
Na,Honeycomb,1e-06,50000.0,1.0,100,5e-09,0.1
Na,Honeycomb,1e-06,50000.0,1.0,100,5e-09,0.5
Na,Honeycomb,1e-06,50000.0,1.0,100,5e-09,1.0
Na,Honeycomb,1e-06,50000.0,1.0,100,1e-08,0.1
Na,Honeycomb,1e-06,50000.0,1.0,100,1e-08,0.5
Na,Honeycomb,1e-06,50000.0,1.0,100,1e-08,1.0
Na,Honeycomb,1e-06,50000.0,1.0,200,1e-09,0.1
Na,Honeycomb,1e-06,50000.0,1.0,200,1e-09,0.5
Na,Honeycomb,1e-06,50000.0,1.0,200,1e-09,1.0
Na,Honeycomb,1e-06,50000.0,1.0,200,5e-09,0.1
Na,Honeycomb,1e-06,50000.0,1.0,200,5e-09,0.5
Na,Honeycomb,1e-06,50000.0,1.0,200,5e-09,1.0
Na,Honeycomb,1e-06,50000.0,1.0,200,1e-08,0.1
Na,Honeycomb,1e-06,50000.0,1.0,200,1e-08,0.5
Na,Honeycomb,1e-06,50000.0,1.0,200,1e-08,1.0
Na,Honeycomb,1e-06,50000.0,10.0,50,1e-09,0.1
Na,Honeycomb,1e-06,50000.0,10.0,50,1e-09,0.5
Na,Honeycomb,1e-06,50000.0,10.0,50,1e-09,1.0
Na,Honeycomb,1e-06,50000.0,10.0,50,5e-09,0.1
Na,Honeycomb,1e-06,50000.0,10.0,50,5e-09,0.5
Na,Honeycomb,1e-06,50000.0,10.0,50,5e-09,1.0
Na,Honeycomb,1e-06,50000.0,10.0,50,1e-08,0.1
Na,Honeycomb,1e-06,50000.0,10.0,50,1e-08,0.5
Na,Honeycomb,1e-06,50000.0,10.0,50,1e-08,1.0
Na,Honeycomb,1e-06,50000.0,10.0,100,1e-09,0.1
Na,Honeycomb,1e-06,50000.0,10.0,100,1e-09,0.5
Na,Honeycomb,1e-06,50000.0,10.0,100,1e-09,1.0
Na,Honeycomb,1e-06,50000.0,10.0,100,5e-09,0.1
Na,Honeycomb,1e-06,50000.0,10.0,100,5e-09,0.5
Na,Honeycomb,1e-06,50000.0,10.0,100,5e-09,1.0
Na,Honeycomb,1e-06,50000.0,10.0,100,1e-08,0.1
Na,Honeycomb,1e-06,50000.0,10.0,100,1e-08,0.5
Na,Honeycomb,1e-06,50000.0,10.0,100,1e-08,1.0
Na,Honeycomb,1e-06,50000.0,10.0,200,1e-09,0.1
Na,Honeycomb,1e-06,50000.0,10.0,200,1e-09,0.5
Na,Honeycomb,1e-06,50000.0,10.0,200,1e-09,1.0
Na,Honeycomb,1e-06,50000.0,10.0,200,5e-09,0.1
Na,Honeycomb,1e-06,50000.0,10.0,200,5e-09,0.5
Na,Honeycomb,1e-06,50000.0,10.0,200,5e-09,1.0
Na,Honeycomb,1e-06,50000.0,10.0,200,1e-08,0.1
Na,Honeycomb,1e-06,50000.0,10.0,200,1e-08,0.5
Na,Honeycomb,1e-06,50000.0,10.0,200,1e-08,1.0
Na,Honeycomb,1e-06,100000.0,0.1,50,1e-09,0.1
Na,Honeycomb,1e-06,100000.0,0.1,50,1e-09,0.5
Na,Honeycomb,1e-06,100000.0,0.1,50,1e-09,1.0
Na,Honeycomb,1e-06,100000.0,0.1,50,5e-09,0.1
Na,Honeycomb,1e-06,100000.0,0.1,50,5e-09,0.5
Na,Honeycomb,1e-06,100000.0,0.1,50,5e-09,1.0
Na,Honeycomb,1e-06,100000.0,0.1,50,1e-08,0.1
Na,Honeycomb,1e-06,100000.0,0.1,50,1e-08,0.5
Na,Honeycomb,1e-06,100000.0,0.1,50,1e-08,1.0
Na,Honeycomb,1e-06,100000.0,0.1,100,1e-09,0.1
Na,Honeycomb,1e-06,100000.0,0.1,100,1e-09,0.5
Na,Honeycomb,1e-06,100000.0,0.1,100,1e-09,1.0
Na,Honeycomb,1e-06,100000.0,0.1,100,5e-09,0.1
Na,Honeycomb,1e-06,100000.0,0.1,100,5e-09,0.5
Na,Honeycomb,1e-06,100000.0,0.1,100,5e-09,1.0
Na,Honeycomb,1e-06,100000.0,0.1,100,1e-08,0.1
Na,Honeycomb,1e-06,100000.0,0.1,100,1e-08,0.5
Na,Honeycomb,1e-06,100000.0,0.1,100,1e-08,1.0
Na,Honeycomb,1e-06,100000.0,0.1,200,1e-09,0.1
Na,Honeycomb,1e-06,100000.0,0.1,200,1e-09,0.5
Na,Honeycomb,1e-06,100000.0,0.1,200,1e-09,1.0
Na,Honeycomb,1e-06,100000.0,0.1,200,5e-09,0.1
Na,Honeycomb,1e-06,100000.0,0.1,200,5e-09,0.5
Na,Honeycomb,1e-06,100000.0,0.1,200,5e-09,1.0
Na,Honeycomb,1e-06,100000.0,0.1,200,1e-08,0.1
Na,Honeycomb,1e-06,100000.0,0.1,200,1e-08,0.5
Na,Honeycomb,1e-06,100000.0,0.1,200,1e-08,1.0
Na,Honeycomb,1e-06,100000.0,1.0,50,1e-09,0.1
Na,Honeycomb,1e-06,100000.0,1.0,50,1e-09,0.5
Na,Honeycomb,1e-06,100000.0,1.0,50,1e-09,1.0
Na,Honeycomb,1e-06,100000.0,1.0,50,5e-09,0.1
Na,Honeycomb,1e-06,100000.0,1.0,50,5e-09,0.5
Na,Honeycomb,1e-06,100000.0,1.0,50,5e-09,1.0
Na,Honeycomb,1e-06,100000.0,1.0,50,1e-08,0.1
Na,Honeycomb,1e-06,100000.0,1.0,50,1e-08,0.5
Na,Honeycomb,1e-06,100000.0,1.0,50,1e-08,1.0
Na,Honeycomb,1e-06,100000.0,1.0,100,1e-09,0.1
Na,Honeycomb,1e-06,100000.0,1.0,100,1e-09,0.5
Na,Honeycomb,1e-06,100000.0,1.0,100,1e-09,1.0
Na,Honeycomb,1e-06,100000.0,1.0,100,5e-09,0.1
Na,Honeycomb,1e-06,100000.0,1.0,100,5e-09,0.5
Na,Honeycomb,1e-06,100000.0,1.0,100,5e-09,1.0
Na,Honeycomb,1e-06,100000.0,1.0,100,1e-08,0.1
Na,Honeycomb,1e-06,100000.0,1.0,100,1e-08,0.5
Na,Honeycomb,1e-06,100000.0,1.0,100,1e-08,1.0
Na,Honeycomb,1e-06,100000.0,1.0,200,1e-09,0.1
Na,Honeycomb,1e-06,100000.0,1.0,200,1e-09,0.5
Na,Honeycomb,1e-06,100000.0,1.0,200,1e-09,1.0
Na,Honeycomb,1e-06,100000.0,1.0,200,5e-09,0.1
Na,Honeycomb,1e-06,100000.0,1.0,200,5e-09,0.5
Na,Honeycomb,1e-06,100000.0,1.0,200,5e-09,1.0
Na,Honeycomb,1e-06,100000.0,1.0,200,1e-08,0.1
Na,Honeycomb,1e-06,100000.0,1.0,200,1e-08,0.5
Na,Honeycomb,1e-06,100000.0,1.0,200,1e-08,1.0
Na,Honeycomb,1e-06,100000.0,10.0,50,1e-09,0.1
Na,Honeycomb,1e-06,100000.0,10.0,50,1e-09,0.5
Na,Honeycomb,1e-06,100000.0,10.0,50,1e-09,1.0
Na,Honeycomb,1e-06,100000.0,10.0,50,5e-09,0.1
Na,Honeycomb,1e-06,100000.0,10.0,50,5e-09,0.5
Na,Honeycomb,1e-06,100000.0,10.0,50,5e-09,1.0
Na,Honeycomb,1e-06,100000.0,10.0,50,1e-08,0.1
Na,Honeycomb,1e-06,100000.0,10.0,50,1e-08,0.5
Na,Honeycomb,1e-06,100000.0,10.0,50,1e-08,1.0
Na,Honeycomb,1e-06,100000.0,10.0,100,1e-09,0.1
Na,Honeycomb,1e-06,100000.0,10.0,100,1e-09,0.5
Na,Honeycomb,1e-06,100000.0,10.0,100,1e-09,1.0
Na,Honeycomb,1e-06,100000.0,10.0,100,5e-09,0.1
Na,Honeycomb,1e-06,100000.0,10.0,100,5e-09,0.5
Na,Honeycomb,1e-06,100000.0,10.0,100,5e-09,1.0
Na,Honeycomb,1e-06,100000.0,10.0,100,1e-08,0.1
Na,Honeycomb,1e-06,100000.0,10.0,100,1e-08,0.5
Na,Honeycomb,1e-06,100000.0,10.0,100,1e-08,1.0
Na,Honeycomb,1e-06,100000.0,10.0,200,1e-09,0.1
Na,Honeycomb,1e-06,100000.0,10.0,200,1e-09,0.5
Na,Honeycomb,1e-06,100000.0,10.0,200,1e-09,1.0
Na,Honeycomb,1e-06,100000.0,10.0,200,5e-09,0.1
Na,Honeycomb,1e-06,100000.0,10.0,200,5e-09,0.5
Na,Honeycomb,1e-06,100000.0,10.0,200,5e-09,1.0
Na,Honeycomb,1e-06,100000.0,10.0,200,1e-08,0.1
Na,Honeycomb,1e-06,100000.0,10.0,200,1e-08,0.5
Na,Honeycomb,1e-06,100000.0,10.0,200,1e-08,1.0
Na,Triangular,5e-07,10000.0,0.1,50,1e-09,0.1
Na,Triangular,5e-07,10000.0,0.1,50,1e-09,0.5
Na,Triangular,5e-07,10000.0,0.1,50,1e-09,1.0
Na,Triangular,5e-07,10000.0,0.1,50,5e-09,0.1
Na,Triangular,5e-07,10000.0,0.1,50,5e-09,0.5
Na,Triangular,5e-07,10000.0,0.1,50,5e-09,1.0
Na,Triangular,5e-07,10000.0,0.1,50,1e-08,0.1
Na,Triangular,5e-07,10000.0,0.1,50,1e-08,0.5
Na,Triangular,5e-07,10000.0,0.1,50,1e-08,1.0
Na,Triangular,5e-07,10000.0,0.1,100,1e-09,0.1
Na,Triangular,5e-07,10000.0,0.1,100,1e-09,0.5
Na,Triangular,5e-07,10000.0,0.1,100,1e-09,1.0
Na,Triangular,5e-07,10000.0,0.1,100,5e-09,0.1
Na,Triangular,5e-07,10000.0,0.1,100,5e-09,0.5
Na,Triangular,5e-07,10000.0,0.1,100,5e-09,1.0
Na,Triangular,5e-07,10000.0,0.1,100,1e-08,0.1
Na,Triangular,5e-07,10000.0,0.1,100,1e-08,0.5
Na,Triangular,5e-07,10000.0,0.1,100,1e-08,1.0
Na,Triangular,5e-07,10000.0,0.1,200,1e-09,0.1
Na,Triangular,5e-07,10000.0,0.1,200,1e-09,0.5
Na,Triangular,5e-07,10000.0,0.1,200,1e-09,1.0
Na,Triangular,5e-07,10000.0,0.1,200,5e-09,0.1
Na,Triangular,5e-07,10000.0,0.1,200,5e-09,0.5
Na,Triangular,5e-07,10000.0,0.1,200,5e-09,1.0
Na,Triangular,5e-07,10000.0,0.1,200,1e-08,0.1
Na,Triangular,5e-07,10000.0,0.1,200,1e-08,0.5
Na,Triangular,5e-07,10000.0,0.1,200,1e-08,1.0
Na,Triangular,5e-07,10000.0,1.0,50,1e-09,0.1
Na,Triangular,5e-07,10000.0,1.0,50,1e-09,0.5
Na,Triangular,5e-07,10000.0,1.0,50,1e-09,1.0
Na,Triangular,5e-07,10000.0,1.0,50,5e-09,0.1
Na,Triangular,5e-07,10000.0,1.0,50,5e-09,0.5
Na,Triangular,5e-07,10000.0,1.0,50,5e-09,1.0
Na,Triangular,5e-07,10000.0,1.0,50,1e-08,0.1
Na,Triangular,5e-07,10000.0,1.0,50,1e-08,0.5
Na,Triangular,5e-07,10000.0,1.0,50,1e-08,1.0
Na,Triangular,5e-07,10000.0,1.0,100,1e-09,0.1
Na,Triangular,5e-07,10000.0,1.0,100,1e-09,0.5
Na,Triangular,5e-07,10000.0,1.0,100,1e-09,1.0
Na,Triangular,5e-07,10000.0,1.0,100,5e-09,0.1
Na,Triangular,5e-07,10000.0,1.0,100,5e-09,0.5
Na,Triangular,5e-07,10000.0,1.0,100,5e-09,1.0
Na,Triangular,5e-07,10000.0,1.0,100,1e-08,0.1
Na,Triangular,5e-07,10000.0,1.0,100,1e-08,0.5
Na,Triangular,5e-07,10000.0,1.0,100,1e-08,1.0
Na,Triangular,5e-07,10000.0,1.0,200,1e-09,0.1
Na,Triangular,5e-07,10000.0,1.0,200,1e-09,0.5
Na,Triangular,5e-07,10000.0,1.0,200,1e-09,1.0
Na,Triangular,5e-07,10000.0,1.0,200,5e-09,0.1
Na,Triangular,5e-07,10000.0,1.0,200,5e-09,0.5
Na,Triangular,5e-07,10000.0,1.0,200,5e-09,1.0
Na,Triangular,5e-07,10000.0,1.0,200,1e-08,0.1
Na,Triangular,5e-07,10000.0,1.0,200,1e-08,0.5
Na,Triangular,5e-07,10000.0,1.0,200,1e-08,1.0
Na,Triangular,5e-07,10000.0,10.0,50,1e-09,0.1
Na,Triangular,5e-07,10000.0,10.0,50,1e-09,0.5
Na,Triangular,5e-07,10000.0,10.0,50,1e-09,1.0
Na,Triangular,5e-07,10000.0,10.0,50,5e-09,0.1
Na,Triangular,5e-07,10000.0,10.0,50,5e-09,0.5
Na,Triangular,5e-07,10000.0,10.0,50,5e-09,1.0
Na,Triangular,5e-07,10000.0,10.0,50,1e-08,0.1
Na,Triangular,5e-07,10000.0,10.0,50,1e-08,0.5
Na,Triangular,5e-07,10000.0,10.0,50,1e-08,1.0
Na,Triangular,5e-07,10000.0,10.0,100,1e-09,0.1
Na,Triangular,5e-07,10000.0,10.0,100,1e-09,0.5
Na,Triangular,5e-07,10000.0,10.0,100,1e-09,1.0
Na,Triangular,5e-07,10000.0,10.0,100,5e-09,0.1
Na,Triangular,5e-07,10000.0,10.0,100,5e-09,0.5
Na,Triangular,5e-07,10000.0,10.0,100,5e-09,1.0
Na,Triangular,5e-07,10000.0,10.0,100,1e-08,0.1
Na,Triangular,5e-07,10000.0,10.0,100,1e-08,0.5
Na,Triangular,5e-07,10000.0,10.0,100,1e-08,1.0
Na,Triangular,5e-07,10000.0,10.0,200,1e-09,0.1
Na,Triangular,5e-07,10000.0,10.0,200,1e-09,0.5
Na,Triangular,5e-07,10000.0,10.0,200,1e-09,1.0
Na,Triangular,5e-07,10000.0,10.0,200,5e-09,0.1
Na,Triangular,5e-07,10000.0,10.0,200,5e-09,0.5
Na,Triangular,5e-07,10000.0,10.0,200,5e-09,1.0
Na,Triangular,5e-07,10000.0,10.0,200,1e-08,0.1
Na,Triangular,5e-07,10000.0,10.0,200,1e-08,0.5
Na,Triangular,5e-07,10000.0,10.0,200,1e-08,1.0
Na,Triangular,5e-07,50000.0,0.1,50,1e-09,0.1
Na,Triangular,5e-07,50000.0,0.1,50,1e-09,0.5
Na,Triangular,5e-07,50000.0,0.1,50,1e-09,1.0
Na,Triangular,5e-07,50000.0,0.1,50,5e-09,0.1
Na,Triangular,5e-07,50000.0,0.1,50,5e-09,0.5
Na,Triangular,5e-07,50000.0,0.1,50,5e-09,1.0
Na,Triangular,5e-07,50000.0,0.1,50,1e-08,0.1
Na,Triangular,5e-07,50000.0,0.1,50,1e-08,0.5
Na,Triangular,5e-07,50000.0,0.1,50,1e-08,1.0
Na,Triangular,5e-07,50000.0,0.1,100,1e-09,0.1
Na,Triangular,5e-07,50000.0,0.1,100,1e-09,0.5
Na,Triangular,5e-07,50000.0,0.1,100,1e-09,1.0
Na,Triangular,5e-07,50000.0,0.1,100,5e-09,0.1
Na,Triangular,5e-07,50000.0,0.1,100,5e-09,0.5
Na,Triangular,5e-07,50000.0,0.1,100,5e-09,1.0
Na,Triangular,5e-07,50000.0,0.1,100,1e-08,0.1
Na,Triangular,5e-07,50000.0,0.1,100,1e-08,0.5
Na,Triangular,5e-07,50000.0,0.1,100,1e-08,1.0
Na,Triangular,5e-07,50000.0,0.1,200,1e-09,0.1
Na,Triangular,5e-07,50000.0,0.1,200,1e-09,0.5
Na,Triangular,5e-07,50000.0,0.1,200,1e-09,1.0
Na,Triangular,5e-07,50000.0,0.1,200,5e-09,0.1
Na,Triangular,5e-07,50000.0,0.1,200,5e-09,0.5
Na,Triangular,5e-07,50000.0,0.1,200,5e-09,1.0
Na,Triangular,5e-07,50000.0,0.1,200,1e-08,0.1
Na,Triangular,5e-07,50000.0,0.1,200,1e-08,0.5
Na,Triangular,5e-07,50000.0,0.1,200,1e-08,1.0
Na,Triangular,5e-07,50000.0,1.0,50,1e-09,0.1
Na,Triangular,5e-07,50000.0,1.0,50,1e-09,0.5
Na,Triangular,5e-07,50000.0,1.0,50,1e-09,1.0
Na,Triangular,5e-07,50000.0,1.0,50,5e-09,0.1
Na,Triangular,5e-07,50000.0,1.0,50,5e-09,0.5
Na,Triangular,5e-07,50000.0,1.0,50,5e-09,1.0
Na,Triangular,5e-07,50000.0,1.0,50,1e-08,0.1
Na,Triangular,5e-07,50000.0,1.0,50,1e-08,0.5
Na,Triangular,5e-07,50000.0,1.0,50,1e-08,1.0
Na,Triangular,5e-07,50000.0,1.0,100,1e-09,0.1
Na,Triangular,5e-07,50000.0,1.0,100,1e-09,0.5
Na,Triangular,5e-07,50000.0,1.0,100,1e-09,1.0
Na,Triangular,5e-07,50000.0,1.0,100,5e-09,0.1
Na,Triangular,5e-07,50000.0,1.0,100,5e-09,0.5
Na,Triangular,5e-07,50000.0,1.0,100,5e-09,1.0
Na,Triangular,5e-07,50000.0,1.0,100,1e-08,0.1
Na,Triangular,5e-07,50000.0,1.0,100,1e-08,0.5
Na,Triangular,5e-07,50000.0,1.0,100,1e-08,1.0
Na,Triangular,5e-07,50000.0,1.0,200,1e-09,0.1
Na,Triangular,5e-07,50000.0,1.0,200,1e-09,0.5
Na,Triangular,5e-07,50000.0,1.0,200,1e-09,1.0
Na,Triangular,5e-07,50000.0,1.0,200,5e-09,0.1
Na,Triangular,5e-07,50000.0,1.0,200,5e-09,0.5
Na,Triangular,5e-07,50000.0,1.0,200,5e-09,1.0
Na,Triangular,5e-07,50000.0,1.0,200,1e-08,0.1
Na,Triangular,5e-07,50000.0,1.0,200,1e-08,0.5
Na,Triangular,5e-07,50000.0,1.0,200,1e-08,1.0
Na,Triangular,5e-07,50000.0,10.0,50,1e-09,0.1
Na,Triangular,5e-07,50000.0,10.0,50,1e-09,0.5
Na,Triangular,5e-07,50000.0,10.0,50,1e-09,1.0
Na,Triangular,5e-07,50000.0,10.0,50,5e-09,0.1
Na,Triangular,5e-07,50000.0,10.0,50,5e-09,0.5
Na,Triangular,5e-07,50000.0,10.0,50,5e-09,1.0
Na,Triangular,5e-07,50000.0,10.0,50,1e-08,0.1
Na,Triangular,5e-07,50000.0,10.0,50,1e-08,0.5
Na,Triangular,5e-07,50000.0,10.0,50,1e-08,1.0
Na,Triangular,5e-07,50000.0,10.0,100,1e-09,0.1
Na,Triangular,5e-07,50000.0,10.0,100,1e-09,0.5
Na,Triangular,5e-07,50000.0,10.0,100,1e-09,1.0
Na,Triangular,5e-07,50000.0,10.0,100,5e-09,0.1
Na,Triangular,5e-07,50000.0,10.0,100,5e-09,0.5
Na,Triangular,5e-07,50000.0,10.0,100,5e-09,1.0
Na,Triangular,5e-07,50000.0,10.0,100,1e-08,0.1
Na,Triangular,5e-07,50000.0,10.0,100,1e-08,0.5
Na,Triangular,5e-07,50000.0,10.0,100,1e-08,1.0
Na,Triangular,5e-07,50000.0,10.0,200,1e-09,0.1
Na,Triangular,5e-07,50000.0,10.0,200,1e-09,0.5
Na,Triangular,5e-07,50000.0,10.0,200,1e-09,1.0
Na,Triangular,5e-07,50000.0,10.0,200,5e-09,0.1
Na,Triangular,5e-07,50000.0,10.0,200,5e-09,0.5
Na,Triangular,5e-07,50000.0,10.0,200,5e-09,1.0
Na,Triangular,5e-07,50000.0,10.0,200,1e-08,0.1
Na,Triangular,5e-07,50000.0,10.0,200,1e-08,0.5
Na,Triangular,5e-07,50000.0,10.0,200,1e-08,1.0
Na,Triangular,5e-07,100000.0,0.1,50,1e-09,0.1
Na,Triangular,5e-07,100000.0,0.1,50,1e-09,0.5
Na,Triangular,5e-07,100000.0,0.1,50,1e-09,1.0
Na,Triangular,5e-07,100000.0,0.1,50,5e-09,0.1
Na,Triangular,5e-07,100000.0,0.1,50,5e-09,0.5
Na,Triangular,5e-07,100000.0,0.1,50,5e-09,1.0
Na,Triangular,5e-07,100000.0,0.1,50,1e-08,0.1
Na,Triangular,5e-07,100000.0,0.1,50,1e-08,0.5
Na,Triangular,5e-07,100000.0,0.1,50,1e-08,1.0
Na,Triangular,5e-07,100000.0,0.1,100,1e-09,0.1
Na,Triangular,5e-07,100000.0,0.1,100,1e-09,0.5
Na,Triangular,5e-07,100000.0,0.1,100,1e-09,1.0
Na,Triangular,5e-07,100000.0,0.1,100,5e-09,0.1
Na,Triangular,5e-07,100000.0,0.1,100,5e-09,0.5
Na,Triangular,5e-07,100000.0,0.1,100,5e-09,1.0
Na,Triangular,5e-07,100000.0,0.1,100,1e-08,0.1
Na,Triangular,5e-07,100000.0,0.1,100,1e-08,0.5
Na,Triangular,5e-07,100000.0,0.1,100,1e-08,1.0
Na,Triangular,5e-07,100000.0,0.1,200,1e-09,0.1
Na,Triangular,5e-07,100000.0,0.1,200,1e-09,0.5
Na,Triangular,5e-07,100000.0,0.1,200,1e-09,1.0
Na,Triangular,5e-07,100000.0,0.1,200,5e-09,0.1
Na,Triangular,5e-07,100000.0,0.1,200,5e-09,0.5
Na,Triangular,5e-07,100000.0,0.1,200,5e-09,1.0
Na,Triangular,5e-07,100000.0,0.1,200,1e-08,0.1
Na,Triangular,5e-07,100000.0,0.1,200,1e-08,0.5
Na,Triangular,5e-07,100000.0,0.1,200,1e-08,1.0
Na,Triangular,5e-07,100000.0,1.0,50,1e-09,0.1
Na,Triangular,5e-07,100000.0,1.0,50,1e-09,0.5
Na,Triangular,5e-07,100000.0,1.0,50,1e-09,1.0
Na,Triangular,5e-07,100000.0,1.0,50,5e-09,0.1
Na,Triangular,5e-07,100000.0,1.0,50,5e-09,0.5
Na,Triangular,5e-07,100000.0,1.0,50,5e-09,1.0
Na,Triangular,5e-07,100000.0,1.0,50,1e-08,0.1
Na,Triangular,5e-07,100000.0,1.0,50,1e-08,0.5
Na,Triangular,5e-07,100000.0,1.0,50,1e-08,1.0
Na,Triangular,5e-07,100000.0,1.0,100,1e-09,0.1
Na,Triangular,5e-07,100000.0,1.0,100,1e-09,0.5
Na,Triangular,5e-07,100000.0,1.0,100,1e-09,1.0
Na,Triangular,5e-07,100000.0,1.0,100,5e-09,0.1
Na,Triangular,5e-07,100000.0,1.0,100,5e-09,0.5
Na,Triangular,5e-07,100000.0,1.0,100,5e-09,1.0
Na,Triangular,5e-07,100000.0,1.0,100,1e-08,0.1
Na,Triangular,5e-07,100000.0,1.0,100,1e-08,0.5
Na,Triangular,5e-07,100000.0,1.0,100,1e-08,1.0
Na,Triangular,5e-07,100000.0,1.0,200,1e-09,0.1
Na,Triangular,5e-07,100000.0,1.0,200,1e-09,0.5
Na,Triangular,5e-07,100000.0,1.0,200,1e-09,1.0
Na,Triangular,5e-07,100000.0,1.0,200,5e-09,0.1
Na,Triangular,5e-07,100000.0,1.0,200,5e-09,0.5
Na,Triangular,5e-07,100000.0,1.0,200,5e-09,1.0
Na,Triangular,5e-07,100000.0,1.0,200,1e-08,0.1
Na,Triangular,5e-07,100000.0,1.0,200,1e-08,0.5
Na,Triangular,5e-07,100000.0,1.0,200,1e-08,1.0
Na,Triangular,5e-07,100000.0,10.0,50,1e-09,0.1
Na,Triangular,5e-07,100000.0,10.0,50,1e-09,0.5
Na,Triangular,5e-07,100000.0,10.0,50,1e-09,1.0
Na,Triangular,5e-07,100000.0,10.0,50,5e-09,0.1
Na,Triangular,5e-07,100000.0,10.0,50,5e-09,0.5
Na,Triangular,5e-07,100000.0,10.0,50,5e-09,1.0
Na,Triangular,5e-07,100000.0,10.0,50,1e-08,0.1
Na,Triangular,5e-07,100000.0,10.0,50,1e-08,0.5
Na,Triangular,5e-07,100000.0,10.0,50,1e-08,1.0
Na,Triangular,5e-07,100000.0,10.0,100,1e-09,0.1
Na,Triangular,5e-07,100000.0,10.0,100,1e-09,0.5
Na,Triangular,5e-07,100000.0,10.0,100,1e-09,1.0
Na,Triangular,5e-07,100000.0,10.0,100,5e-09,0.1
Na,Triangular,5e-07,100000.0,10.0,100,5e-09,0.5
Na,Triangular,5e-07,100000.0,10.0,100,5e-09,1.0
Na,Triangular,5e-07,100000.0,10.0,100,1e-08,0.1
Na,Triangular,5e-07,100000.0,10.0,100,1e-08,0.5
Na,Triangular,5e-07,100000.0,10.0,100,1e-08,1.0
Na,Triangular,5e-07,100000.0,10.0,200,1e-09,0.1
Na,Triangular,5e-07,100000.0,10.0,200,1e-09,0.5
Na,Triangular,5e-07,100000.0,10.0,200,1e-09,1.0
Na,Triangular,5e-07,100000.0,10.0,200,5e-09,0.1
Na,Triangular,5e-07,100000.0,10.0,200,5e-09,0.5
Na,Triangular,5e-07,100000.0,10.0,200,5e-09,1.0
Na,Triangular,5e-07,100000.0,10.0,200,1e-08,0.1
Na,Triangular,5e-07,100000.0,10.0,200,1e-08,0.5
Na,Triangular,5e-07,100000.0,10.0,200,1e-08,1.0
Na,Triangular,7e-07,10000.0,0.1,50,1e-09,0.1
Na,Triangular,7e-07,10000.0,0.1,50,1e-09,0.5
Na,Triangular,7e-07,10000.0,0.1,50,1e-09,1.0
Na,Triangular,7e-07,10000.0,0.1,50,5e-09,0.1
Na,Triangular,7e-07,10000.0,0.1,50,5e-09,0.5
Na,Triangular,7e-07,10000.0,0.1,50,5e-09,1.0
Na,Triangular,7e-07,10000.0,0.1,50,1e-08,0.1
Na,Triangular,7e-07,10000.0,0.1,50,1e-08,0.5
Na,Triangular,7e-07,10000.0,0.1,50,1e-08,1.0
Na,Triangular,7e-07,10000.0,0.1,100,1e-09,0.1
Na,Triangular,7e-07,10000.0,0.1,100,1e-09,0.5
Na,Triangular,7e-07,10000.0,0.1,100,1e-09,1.0
Na,Triangular,7e-07,10000.0,0.1,100,5e-09,0.1
Na,Triangular,7e-07,10000.0,0.1,100,5e-09,0.5
Na,Triangular,7e-07,10000.0,0.1,100,5e-09,1.0
Na,Triangular,7e-07,10000.0,0.1,100,1e-08,0.1
Na,Triangular,7e-07,10000.0,0.1,100,1e-08,0.5
Na,Triangular,7e-07,10000.0,0.1,100,1e-08,1.0
Na,Triangular,7e-07,10000.0,0.1,200,1e-09,0.1
Na,Triangular,7e-07,10000.0,0.1,200,1e-09,0.5
Na,Triangular,7e-07,10000.0,0.1,200,1e-09,1.0
Na,Triangular,7e-07,10000.0,0.1,200,5e-09,0.1
Na,Triangular,7e-07,10000.0,0.1,200,5e-09,0.5
Na,Triangular,7e-07,10000.0,0.1,200,5e-09,1.0
Na,Triangular,7e-07,10000.0,0.1,200,1e-08,0.1
Na,Triangular,7e-07,10000.0,0.1,200,1e-08,0.5
Na,Triangular,7e-07,10000.0,0.1,200,1e-08,1.0
Na,Triangular,7e-07,10000.0,1.0,50,1e-09,0.1
Na,Triangular,7e-07,10000.0,1.0,50,1e-09,0.5
Na,Triangular,7e-07,10000.0,1.0,50,1e-09,1.0
Na,Triangular,7e-07,10000.0,1.0,50,5e-09,0.1
Na,Triangular,7e-07,10000.0,1.0,50,5e-09,0.5
Na,Triangular,7e-07,10000.0,1.0,50,5e-09,1.0
Na,Triangular,7e-07,10000.0,1.0,50,1e-08,0.1
Na,Triangular,7e-07,10000.0,1.0,50,1e-08,0.5
Na,Triangular,7e-07,10000.0,1.0,50,1e-08,1.0
Na,Triangular,7e-07,10000.0,1.0,100,1e-09,0.1
Na,Triangular,7e-07,10000.0,1.0,100,1e-09,0.5
Na,Triangular,7e-07,10000.0,1.0,100,1e-09,1.0
Na,Triangular,7e-07,10000.0,1.0,100,5e-09,0.1
Na,Triangular,7e-07,10000.0,1.0,100,5e-09,0.5
Na,Triangular,7e-07,10000.0,1.0,100,5e-09,1.0
Na,Triangular,7e-07,10000.0,1.0,100,1e-08,0.1
Na,Triangular,7e-07,10000.0,1.0,100,1e-08,0.5
Na,Triangular,7e-07,10000.0,1.0,100,1e-08,1.0
Na,Triangular,7e-07,10000.0,1.0,200,1e-09,0.1
Na,Triangular,7e-07,10000.0,1.0,200,1e-09,0.5
Na,Triangular,7e-07,10000.0,1.0,200,1e-09,1.0
Na,Triangular,7e-07,10000.0,1.0,200,5e-09,0.1
Na,Triangular,7e-07,10000.0,1.0,200,5e-09,0.5
Na,Triangular,7e-07,10000.0,1.0,200,5e-09,1.0
Na,Triangular,7e-07,10000.0,1.0,200,1e-08,0.1
Na,Triangular,7e-07,10000.0,1.0,200,1e-08,0.5
Na,Triangular,7e-07,10000.0,1.0,200,1e-08,1.0
Na,Triangular,7e-07,10000.0,10.0,50,1e-09,0.1
Na,Triangular,7e-07,10000.0,10.0,50,1e-09,0.5
Na,Triangular,7e-07,10000.0,10.0,50,1e-09,1.0
Na,Triangular,7e-07,10000.0,10.0,50,5e-09,0.1
Na,Triangular,7e-07,10000.0,10.0,50,5e-09,0.5
Na,Triangular,7e-07,10000.0,10.0,50,5e-09,1.0
Na,Triangular,7e-07,10000.0,10.0,50,1e-08,0.1
Na,Triangular,7e-07,10000.0,10.0,50,1e-08,0.5
Na,Triangular,7e-07,10000.0,10.0,50,1e-08,1.0
Na,Triangular,7e-07,10000.0,10.0,100,1e-09,0.1
Na,Triangular,7e-07,10000.0,10.0,100,1e-09,0.5
Na,Triangular,7e-07,10000.0,10.0,100,1e-09,1.0
Na,Triangular,7e-07,10000.0,10.0,100,5e-09,0.1
Na,Triangular,7e-07,10000.0,10.0,100,5e-09,0.5
Na,Triangular,7e-07,10000.0,10.0,100,5e-09,1.0
Na,Triangular,7e-07,10000.0,10.0,100,1e-08,0.1
Na,Triangular,7e-07,10000.0,10.0,100,1e-08,0.5
Na,Triangular,7e-07,10000.0,10.0,100,1e-08,1.0
Na,Triangular,7e-07,10000.0,10.0,200,1e-09,0.1
Na,Triangular,7e-07,10000.0,10.0,200,1e-09,0.5
Na,Triangular,7e-07,10000.0,10.0,200,1e-09,1.0
Na,Triangular,7e-07,10000.0,10.0,200,5e-09,0.1
Na,Triangular,7e-07,10000.0,10.0,200,5e-09,0.5
Na,Triangular,7e-07,10000.0,10.0,200,5e-09,1.0
Na,Triangular,7e-07,10000.0,10.0,200,1e-08,0.1
Na,Triangular,7e-07,10000.0,10.0,200,1e-08,0.5
Na,Triangular,7e-07,10000.0,10.0,200,1e-08,1.0
Na,Triangular,7e-07,50000.0,0.1,50,1e-09,0.1
Na,Triangular,7e-07,50000.0,0.1,50,1e-09,0.5
Na,Triangular,7e-07,50000.0,0.1,50,1e-09,1.0
Na,Triangular,7e-07,50000.0,0.1,50,5e-09,0.1
Na,Triangular,7e-07,50000.0,0.1,50,5e-09,0.5
Na,Triangular,7e-07,50000.0,0.1,50,5e-09,1.0
Na,Triangular,7e-07,50000.0,0.1,50,1e-08,0.1
Na,Triangular,7e-07,50000.0,0.1,50,1e-08,0.5
Na,Triangular,7e-07,50000.0,0.1,50,1e-08,1.0
Na,Triangular,7e-07,50000.0,0.1,100,1e-09,0.1
Na,Triangular,7e-07,50000.0,0.1,100,1e-09,0.5
Na,Triangular,7e-07,50000.0,0.1,100,1e-09,1.0
Na,Triangular,7e-07,50000.0,0.1,100,5e-09,0.1
Na,Triangular,7e-07,50000.0,0.1,100,5e-09,0.5
Na,Triangular,7e-07,50000.0,0.1,100,5e-09,1.0
Na,Triangular,7e-07,50000.0,0.1,100,1e-08,0.1
Na,Triangular,7e-07,50000.0,0.1,100,1e-08,0.5
Na,Triangular,7e-07,50000.0,0.1,100,1e-08,1.0
Na,Triangular,7e-07,50000.0,0.1,200,1e-09,0.1
Na,Triangular,7e-07,50000.0,0.1,200,1e-09,0.5
Na,Triangular,7e-07,50000.0,0.1,200,1e-09,1.0
Na,Triangular,7e-07,50000.0,0.1,200,5e-09,0.1
Na,Triangular,7e-07,50000.0,0.1,200,5e-09,0.5
Na,Triangular,7e-07,50000.0,0.1,200,5e-09,1.0
Na,Triangular,7e-07,50000.0,0.1,200,1e-08,0.1
Na,Triangular,7e-07,50000.0,0.1,200,1e-08,0.5
Na,Triangular,7e-07,50000.0,0.1,200,1e-08,1.0
Na,Triangular,7e-07,50000.0,1.0,50,1e-09,0.1
Na,Triangular,7e-07,50000.0,1.0,50,1e-09,0.5
Na,Triangular,7e-07,50000.0,1.0,50,1e-09,1.0
Na,Triangular,7e-07,50000.0,1.0,50,5e-09,0.1
Na,Triangular,7e-07,50000.0,1.0,50,5e-09,0.5
Na,Triangular,7e-07,50000.0,1.0,50,5e-09,1.0
Na,Triangular,7e-07,50000.0,1.0,50,1e-08,0.1
Na,Triangular,7e-07,50000.0,1.0,50,1e-08,0.5
Na,Triangular,7e-07,50000.0,1.0,50,1e-08,1.0
Na,Triangular,7e-07,50000.0,1.0,100,1e-09,0.1
Na,Triangular,7e-07,50000.0,1.0,100,1e-09,0.5
Na,Triangular,7e-07,50000.0,1.0,100,1e-09,1.0
Na,Triangular,7e-07,50000.0,1.0,100,5e-09,0.1
Na,Triangular,7e-07,50000.0,1.0,100,5e-09,0.5
Na,Triangular,7e-07,50000.0,1.0,100,5e-09,1.0
Na,Triangular,7e-07,50000.0,1.0,100,1e-08,0.1
Na,Triangular,7e-07,50000.0,1.0,100,1e-08,0.5
Na,Triangular,7e-07,50000.0,1.0,100,1e-08,1.0
Na,Triangular,7e-07,50000.0,1.0,200,1e-09,0.1
Na,Triangular,7e-07,50000.0,1.0,200,1e-09,0.5
Na,Triangular,7e-07,50000.0,1.0,200,1e-09,1.0
Na,Triangular,7e-07,50000.0,1.0,200,5e-09,0.1
Na,Triangular,7e-07,50000.0,1.0,200,5e-09,0.5
Na,Triangular,7e-07,50000.0,1.0,200,5e-09,1.0
Na,Triangular,7e-07,50000.0,1.0,200,1e-08,0.1
Na,Triangular,7e-07,50000.0,1.0,200,1e-08,0.5
Na,Triangular,7e-07,50000.0,1.0,200,1e-08,1.0
Na,Triangular,7e-07,50000.0,10.0,50,1e-09,0.1
Na,Triangular,7e-07,50000.0,10.0,50,1e-09,0.5
Na,Triangular,7e-07,50000.0,10.0,50,1e-09,1.0
Na,Triangular,7e-07,50000.0,10.0,50,5e-09,0.1
Na,Triangular,7e-07,50000.0,10.0,50,5e-09,0.5
Na,Triangular,7e-07,50000.0,10.0,50,5e-09,1.0
Na,Triangular,7e-07,50000.0,10.0,50,1e-08,0.1
Na,Triangular,7e-07,50000.0,10.0,50,1e-08,0.5
Na,Triangular,7e-07,50000.0,10.0,50,1e-08,1.0
Na,Triangular,7e-07,50000.0,10.0,100,1e-09,0.1
Na,Triangular,7e-07,50000.0,10.0,100,1e-09,0.5
Na,Triangular,7e-07,50000.0,10.0,100,1e-09,1.0
Na,Triangular,7e-07,50000.0,10.0,100,5e-09,0.1
Na,Triangular,7e-07,50000.0,10.0,100,5e-09,0.5
Na,Triangular,7e-07,50000.0,10.0,100,5e-09,1.0
Na,Triangular,7e-07,50000.0,10.0,100,1e-08,0.1
Na,Triangular,7e-07,50000.0,10.0,100,1e-08,0.5
Na,Triangular,7e-07,50000.0,10.0,100,1e-08,1.0
Na,Triangular,7e-07,50000.0,10.0,200,1e-09,0.1
Na,Triangular,7e-07,50000.0,10.0,200,1e-09,0.5
Na,Triangular,7e-07,50000.0,10.0,200,1e-09,1.0
Na,Triangular,7e-07,50000.0,10.0,200,5e-09,0.1
Na,Triangular,7e-07,50000.0,10.0,200,5e-09,0.5
Na,Triangular,7e-07,50000.0,10.0,200,5e-09,1.0
Na,Triangular,7e-07,50000.0,10.0,200,1e-08,0.1
Na,Triangular,7e-07,50000.0,10.0,200,1e-08,0.5
Na,Triangular,7e-07,50000.0,10.0,200,1e-08,1.0
Na,Triangular,7e-07,100000.0,0.1,50,1e-09,0.1
Na,Triangular,7e-07,100000.0,0.1,50,1e-09,0.5
Na,Triangular,7e-07,100000.0,0.1,50,1e-09,1.0
Na,Triangular,7e-07,100000.0,0.1,50,5e-09,0.1
Na,Triangular,7e-07,100000.0,0.1,50,5e-09,0.5
Na,Triangular,7e-07,100000.0,0.1,50,5e-09,1.0
Na,Triangular,7e-07,100000.0,0.1,50,1e-08,0.1
Na,Triangular,7e-07,100000.0,0.1,50,1e-08,0.5
Na,Triangular,7e-07,100000.0,0.1,50,1e-08,1.0
Na,Triangular,7e-07,100000.0,0.1,100,1e-09,0.1
Na,Triangular,7e-07,100000.0,0.1,100,1e-09,0.5
Na,Triangular,7e-07,100000.0,0.1,100,1e-09,1.0
Na,Triangular,7e-07,100000.0,0.1,100,5e-09,0.1
Na,Triangular,7e-07,100000.0,0.1,100,5e-09,0.5
Na,Triangular,7e-07,100000.0,0.1,100,5e-09,1.0
Na,Triangular,7e-07,100000.0,0.1,100,1e-08,0.1
Na,Triangular,7e-07,100000.0,0.1,100,1e-08,0.5
Na,Triangular,7e-07,100000.0,0.1,100,1e-08,1.0
Na,Triangular,7e-07,100000.0,0.1,200,1e-09,0.1
Na,Triangular,7e-07,100000.0,0.1,200,1e-09,0.5
Na,Triangular,7e-07,100000.0,0.1,200,1e-09,1.0
Na,Triangular,7e-07,100000.0,0.1,200,5e-09,0.1
Na,Triangular,7e-07,100000.0,0.1,200,5e-09,0.5
Na,Triangular,7e-07,100000.0,0.1,200,5e-09,1.0
Na,Triangular,7e-07,100000.0,0.1,200,1e-08,0.1
Na,Triangular,7e-07,100000.0,0.1,200,1e-08,0.5
Na,Triangular,7e-07,100000.0,0.1,200,1e-08,1.0
Na,Triangular,7e-07,100000.0,1.0,50,1e-09,0.1
Na,Triangular,7e-07,100000.0,1.0,50,1e-09,0.5
Na,Triangular,7e-07,100000.0,1.0,50,1e-09,1.0
Na,Triangular,7e-07,100000.0,1.0,50,5e-09,0.1
Na,Triangular,7e-07,100000.0,1.0,50,5e-09,0.5
Na,Triangular,7e-07,100000.0,1.0,50,5e-09,1.0
Na,Triangular,7e-07,100000.0,1.0,50,1e-08,0.1
Na,Triangular,7e-07,100000.0,1.0,50,1e-08,0.5
Na,Triangular,7e-07,100000.0,1.0,50,1e-08,1.0
Na,Triangular,7e-07,100000.0,1.0,100,1e-09,0.1
Na,Triangular,7e-07,100000.0,1.0,100,1e-09,0.5
Na,Triangular,7e-07,100000.0,1.0,100,1e-09,1.0
Na,Triangular,7e-07,100000.0,1.0,100,5e-09,0.1
Na,Triangular,7e-07,100000.0,1.0,100,5e-09,0.5
Na,Triangular,7e-07,100000.0,1.0,100,5e-09,1.0
Na,Triangular,7e-07,100000.0,1.0,100,1e-08,0.1
Na,Triangular,7e-07,100000.0,1.0,100,1e-08,0.5
Na,Triangular,7e-07,100000.0,1.0,100,1e-08,1.0
Na,Triangular,7e-07,100000.0,1.0,200,1e-09,0.1
Na,Triangular,7e-07,100000.0,1.0,200,1e-09,0.5
Na,Triangular,7e-07,100000.0,1.0,200,1e-09,1.0
Na,Triangular,7e-07,100000.0,1.0,200,5e-09,0.1
Na,Triangular,7e-07,100000.0,1.0,200,5e-09,0.5
Na,Triangular,7e-07,100000.0,1.0,200,5e-09,1.0
Na,Triangular,7e-07,100000.0,1.0,200,1e-08,0.1
Na,Triangular,7e-07,100000.0,1.0,200,1e-08,0.5
Na,Triangular,7e-07,100000.0,1.0,200,1e-08,1.0
Na,Triangular,7e-07,100000.0,10.0,50,1e-09,0.1
Na,Triangular,7e-07,100000.0,10.0,50,1e-09,0.5
Na,Triangular,7e-07,100000.0,10.0,50,1e-09,1.0
Na,Triangular,7e-07,100000.0,10.0,50,5e-09,0.1
Na,Triangular,7e-07,100000.0,10.0,50,5e-09,0.5
Na,Triangular,7e-07,100000.0,10.0,50,5e-09,1.0
Na,Triangular,7e-07,100000.0,10.0,50,1e-08,0.1
Na,Triangular,7e-07,100000.0,10.0,50,1e-08,0.5
Na,Triangular,7e-07,100000.0,10.0,50,1e-08,1.0
Na,Triangular,7e-07,100000.0,10.0,100,1e-09,0.1
Na,Triangular,7e-07,100000.0,10.0,100,1e-09,0.5
Na,Triangular,7e-07,100000.0,10.0,100,1e-09,1.0
Na,Triangular,7e-07,100000.0,10.0,100,5e-09,0.1
Na,Triangular,7e-07,100000.0,10.0,100,5e-09,0.5
Na,Triangular,7e-07,100000.0,10.0,100,5e-09,1.0
Na,Triangular,7e-07,100000.0,10.0,100,1e-08,0.1
Na,Triangular,7e-07,100000.0,10.0,100,1e-08,0.5
Na,Triangular,7e-07,100000.0,10.0,100,1e-08,1.0
Na,Triangular,7e-07,100000.0,10.0,200,1e-09,0.1
Na,Triangular,7e-07,100000.0,10.0,200,1e-09,0.5
Na,Triangular,7e-07,100000.0,10.0,200,1e-09,1.0
Na,Triangular,7e-07,100000.0,10.0,200,5e-09,0.1
Na,Triangular,7e-07,100000.0,10.0,200,5e-09,0.5
Na,Triangular,7e-07,100000.0,10.0,200,5e-09,1.0
Na,Triangular,7e-07,100000.0,10.0,200,1e-08,0.1
Na,Triangular,7e-07,100000.0,10.0,200,1e-08,0.5
Na,Triangular,7e-07,100000.0,10.0,200,1e-08,1.0
Na,Triangular,1e-06,10000.0,0.1,50,1e-09,0.1
Na,Triangular,1e-06,10000.0,0.1,50,1e-09,0.5
Na,Triangular,1e-06,10000.0,0.1,50,1e-09,1.0
Na,Triangular,1e-06,10000.0,0.1,50,5e-09,0.1
Na,Triangular,1e-06,10000.0,0.1,50,5e-09,0.5
Na,Triangular,1e-06,10000.0,0.1,50,5e-09,1.0
Na,Triangular,1e-06,10000.0,0.1,50,1e-08,0.1
Na,Triangular,1e-06,10000.0,0.1,50,1e-08,0.5
Na,Triangular,1e-06,10000.0,0.1,50,1e-08,1.0
Na,Triangular,1e-06,10000.0,0.1,100,1e-09,0.1
Na,Triangular,1e-06,10000.0,0.1,100,1e-09,0.5
Na,Triangular,1e-06,10000.0,0.1,100,1e-09,1.0
Na,Triangular,1e-06,10000.0,0.1,100,5e-09,0.1
Na,Triangular,1e-06,10000.0,0.1,100,5e-09,0.5
Na,Triangular,1e-06,10000.0,0.1,100,5e-09,1.0
Na,Triangular,1e-06,10000.0,0.1,100,1e-08,0.1
Na,Triangular,1e-06,10000.0,0.1,100,1e-08,0.5
Na,Triangular,1e-06,10000.0,0.1,100,1e-08,1.0
Na,Triangular,1e-06,10000.0,0.1,200,1e-09,0.1
Na,Triangular,1e-06,10000.0,0.1,200,1e-09,0.5
Na,Triangular,1e-06,10000.0,0.1,200,1e-09,1.0
Na,Triangular,1e-06,10000.0,0.1,200,5e-09,0.1
Na,Triangular,1e-06,10000.0,0.1,200,5e-09,0.5
Na,Triangular,1e-06,10000.0,0.1,200,5e-09,1.0
Na,Triangular,1e-06,10000.0,0.1,200,1e-08,0.1
Na,Triangular,1e-06,10000.0,0.1,200,1e-08,0.5
Na,Triangular,1e-06,10000.0,0.1,200,1e-08,1.0
Na,Triangular,1e-06,10000.0,1.0,50,1e-09,0.1
Na,Triangular,1e-06,10000.0,1.0,50,1e-09,0.5
Na,Triangular,1e-06,10000.0,1.0,50,1e-09,1.0
Na,Triangular,1e-06,10000.0,1.0,50,5e-09,0.1
Na,Triangular,1e-06,10000.0,1.0,50,5e-09,0.5
Na,Triangular,1e-06,10000.0,1.0,50,5e-09,1.0
Na,Triangular,1e-06,10000.0,1.0,50,1e-08,0.1
Na,Triangular,1e-06,10000.0,1.0,50,1e-08,0.5
Na,Triangular,1e-06,10000.0,1.0,50,1e-08,1.0
Na,Triangular,1e-06,10000.0,1.0,100,1e-09,0.1
Na,Triangular,1e-06,10000.0,1.0,100,1e-09,0.5
Na,Triangular,1e-06,10000.0,1.0,100,1e-09,1.0
Na,Triangular,1e-06,10000.0,1.0,100,5e-09,0.1
Na,Triangular,1e-06,10000.0,1.0,100,5e-09,0.5
Na,Triangular,1e-06,10000.0,1.0,100,5e-09,1.0
Na,Triangular,1e-06,10000.0,1.0,100,1e-08,0.1
Na,Triangular,1e-06,10000.0,1.0,100,1e-08,0.5
Na,Triangular,1e-06,10000.0,1.0,100,1e-08,1.0
Na,Triangular,1e-06,10000.0,1.0,200,1e-09,0.1
Na,Triangular,1e-06,10000.0,1.0,200,1e-09,0.5
Na,Triangular,1e-06,10000.0,1.0,200,1e-09,1.0
Na,Triangular,1e-06,10000.0,1.0,200,5e-09,0.1
Na,Triangular,1e-06,10000.0,1.0,200,5e-09,0.5
Na,Triangular,1e-06,10000.0,1.0,200,5e-09,1.0
Na,Triangular,1e-06,10000.0,1.0,200,1e-08,0.1
Na,Triangular,1e-06,10000.0,1.0,200,1e-08,0.5
Na,Triangular,1e-06,10000.0,1.0,200,1e-08,1.0
Na,Triangular,1e-06,10000.0,10.0,50,1e-09,0.1
Na,Triangular,1e-06,10000.0,10.0,50,1e-09,0.5
Na,Triangular,1e-06,10000.0,10.0,50,1e-09,1.0
Na,Triangular,1e-06,10000.0,10.0,50,5e-09,0.1
Na,Triangular,1e-06,10000.0,10.0,50,5e-09,0.5
Na,Triangular,1e-06,10000.0,10.0,50,5e-09,1.0
Na,Triangular,1e-06,10000.0,10.0,50,1e-08,0.1
Na,Triangular,1e-06,10000.0,10.0,50,1e-08,0.5
Na,Triangular,1e-06,10000.0,10.0,50,1e-08,1.0
Na,Triangular,1e-06,10000.0,10.0,100,1e-09,0.1
Na,Triangular,1e-06,10000.0,10.0,100,1e-09,0.5
Na,Triangular,1e-06,10000.0,10.0,100,1e-09,1.0
Na,Triangular,1e-06,10000.0,10.0,100,5e-09,0.1
Na,Triangular,1e-06,10000.0,10.0,100,5e-09,0.5
Na,Triangular,1e-06,10000.0,10.0,100,5e-09,1.0
Na,Triangular,1e-06,10000.0,10.0,100,1e-08,0.1
Na,Triangular,1e-06,10000.0,10.0,100,1e-08,0.5
Na,Triangular,1e-06,10000.0,10.0,100,1e-08,1.0
Na,Triangular,1e-06,10000.0,10.0,200,1e-09,0.1
Na,Triangular,1e-06,10000.0,10.0,200,1e-09,0.5
Na,Triangular,1e-06,10000.0,10.0,200,1e-09,1.0
Na,Triangular,1e-06,10000.0,10.0,200,5e-09,0.1
Na,Triangular,1e-06,10000.0,10.0,200,5e-09,0.5
Na,Triangular,1e-06,10000.0,10.0,200,5e-09,1.0
Na,Triangular,1e-06,10000.0,10.0,200,1e-08,0.1
Na,Triangular,1e-06,10000.0,10.0,200,1e-08,0.5
Na,Triangular,1e-06,10000.0,10.0,200,1e-08,1.0
Na,Triangular,1e-06,50000.0,0.1,50,1e-09,0.1
Na,Triangular,1e-06,50000.0,0.1,50,1e-09,0.5
Na,Triangular,1e-06,50000.0,0.1,50,1e-09,1.0
Na,Triangular,1e-06,50000.0,0.1,50,5e-09,0.1
Na,Triangular,1e-06,50000.0,0.1,50,5e-09,0.5
Na,Triangular,1e-06,50000.0,0.1,50,5e-09,1.0
Na,Triangular,1e-06,50000.0,0.1,50,1e-08,0.1
Na,Triangular,1e-06,50000.0,0.1,50,1e-08,0.5
Na,Triangular,1e-06,50000.0,0.1,50,1e-08,1.0
Na,Triangular,1e-06,50000.0,0.1,100,1e-09,0.1
Na,Triangular,1e-06,50000.0,0.1,100,1e-09,0.5
Na,Triangular,1e-06,50000.0,0.1,100,1e-09,1.0
Na,Triangular,1e-06,50000.0,0.1,100,5e-09,0.1
Na,Triangular,1e-06,50000.0,0.1,100,5e-09,0.5
Na,Triangular,1e-06,50000.0,0.1,100,5e-09,1.0
Na,Triangular,1e-06,50000.0,0.1,100,1e-08,0.1
Na,Triangular,1e-06,50000.0,0.1,100,1e-08,0.5
Na,Triangular,1e-06,50000.0,0.1,100,1e-08,1.0
Na,Triangular,1e-06,50000.0,0.1,200,1e-09,0.1
Na,Triangular,1e-06,50000.0,0.1,200,1e-09,0.5
Na,Triangular,1e-06,50000.0,0.1,200,1e-09,1.0
Na,Triangular,1e-06,50000.0,0.1,200,5e-09,0.1
Na,Triangular,1e-06,50000.0,0.1,200,5e-09,0.5
Na,Triangular,1e-06,50000.0,0.1,200,5e-09,1.0
Na,Triangular,1e-06,50000.0,0.1,200,1e-08,0.1
Na,Triangular,1e-06,50000.0,0.1,200,1e-08,0.5
Na,Triangular,1e-06,50000.0,0.1,200,1e-08,1.0
Na,Triangular,1e-06,50000.0,1.0,50,1e-09,0.1
Na,Triangular,1e-06,50000.0,1.0,50,1e-09,0.5
Na,Triangular,1e-06,50000.0,1.0,50,1e-09,1.0
Na,Triangular,1e-06,50000.0,1.0,50,5e-09,0.1
Na,Triangular,1e-06,50000.0,1.0,50,5e-09,0.5
Na,Triangular,1e-06,50000.0,1.0,50,5e-09,1.0
Na,Triangular,1e-06,50000.0,1.0,50,1e-08,0.1
Na,Triangular,1e-06,50000.0,1.0,50,1e-08,0.5
Na,Triangular,1e-06,50000.0,1.0,50,1e-08,1.0
Na,Triangular,1e-06,50000.0,1.0,100,1e-09,0.1
Na,Triangular,1e-06,50000.0,1.0,100,1e-09,0.5
Na,Triangular,1e-06,50000.0,1.0,100,1e-09,1.0
Na,Triangular,1e-06,50000.0,1.0,100,5e-09,0.1
Na,Triangular,1e-06,50000.0,1.0,100,5e-09,0.5
Na,Triangular,1e-06,50000.0,1.0,100,5e-09,1.0
Na,Triangular,1e-06,50000.0,1.0,100,1e-08,0.1
Na,Triangular,1e-06,50000.0,1.0,100,1e-08,0.5
Na,Triangular,1e-06,50000.0,1.0,100,1e-08,1.0
Na,Triangular,1e-06,50000.0,1.0,200,1e-09,0.1
Na,Triangular,1e-06,50000.0,1.0,200,1e-09,0.5
Na,Triangular,1e-06,50000.0,1.0,200,1e-09,1.0
Na,Triangular,1e-06,50000.0,1.0,200,5e-09,0.1
Na,Triangular,1e-06,50000.0,1.0,200,5e-09,0.5
Na,Triangular,1e-06,50000.0,1.0,200,5e-09,1.0
Na,Triangular,1e-06,50000.0,1.0,200,1e-08,0.1
Na,Triangular,1e-06,50000.0,1.0,200,1e-08,0.5
Na,Triangular,1e-06,50000.0,1.0,200,1e-08,1.0
Na,Triangular,1e-06,50000.0,10.0,50,1e-09,0.1
Na,Triangular,1e-06,50000.0,10.0,50,1e-09,0.5
Na,Triangular,1e-06,50000.0,10.0,50,1e-09,1.0
Na,Triangular,1e-06,50000.0,10.0,50,5e-09,0.1
Na,Triangular,1e-06,50000.0,10.0,50,5e-09,0.5
Na,Triangular,1e-06,50000.0,10.0,50,5e-09,1.0
Na,Triangular,1e-06,50000.0,10.0,50,1e-08,0.1
Na,Triangular,1e-06,50000.0,10.0,50,1e-08,0.5
Na,Triangular,1e-06,50000.0,10.0,50,1e-08,1.0
Na,Triangular,1e-06,50000.0,10.0,100,1e-09,0.1
Na,Triangular,1e-06,50000.0,10.0,100,1e-09,0.5
Na,Triangular,1e-06,50000.0,10.0,100,1e-09,1.0
Na,Triangular,1e-06,50000.0,10.0,100,5e-09,0.1
Na,Triangular,1e-06,50000.0,10.0,100,5e-09,0.5
Na,Triangular,1e-06,50000.0,10.0,100,5e-09,1.0
Na,Triangular,1e-06,50000.0,10.0,100,1e-08,0.1
Na,Triangular,1e-06,50000.0,10.0,100,1e-08,0.5
Na,Triangular,1e-06,50000.0,10.0,100,1e-08,1.0
Na,Triangular,1e-06,50000.0,10.0,200,1e-09,0.1
Na,Triangular,1e-06,50000.0,10.0,200,1e-09,0.5
Na,Triangular,1e-06,50000.0,10.0,200,1e-09,1.0
Na,Triangular,1e-06,50000.0,10.0,200,5e-09,0.1
Na,Triangular,1e-06,50000.0,10.0,200,5e-09,0.5
Na,Triangular,1e-06,50000.0,10.0,200,5e-09,1.0
Na,Triangular,1e-06,50000.0,10.0,200,1e-08,0.1
Na,Triangular,1e-06,50000.0,10.0,200,1e-08,0.5
Na,Triangular,1e-06,50000.0,10.0,200,1e-08,1.0
Na,Triangular,1e-06,100000.0,0.1,50,1e-09,0.1
Na,Triangular,1e-06,100000.0,0.1,50,1e-09,0.5
Na,Triangular,1e-06,100000.0,0.1,50,1e-09,1.0
Na,Triangular,1e-06,100000.0,0.1,50,5e-09,0.1
Na,Triangular,1e-06,100000.0,0.1,50,5e-09,0.5
Na,Triangular,1e-06,100000.0,0.1,50,5e-09,1.0
Na,Triangular,1e-06,100000.0,0.1,50,1e-08,0.1
Na,Triangular,1e-06,100000.0,0.1,50,1e-08,0.5
Na,Triangular,1e-06,100000.0,0.1,50,1e-08,1.0
Na,Triangular,1e-06,100000.0,0.1,100,1e-09,0.1
Na,Triangular,1e-06,100000.0,0.1,100,1e-09,0.5
Na,Triangular,1e-06,100000.0,0.1,100,1e-09,1.0
Na,Triangular,1e-06,100000.0,0.1,100,5e-09,0.1
Na,Triangular,1e-06,100000.0,0.1,100,5e-09,0.5
Na,Triangular,1e-06,100000.0,0.1,100,5e-09,1.0
Na,Triangular,1e-06,100000.0,0.1,100,1e-08,0.1
Na,Triangular,1e-06,100000.0,0.1,100,1e-08,0.5
Na,Triangular,1e-06,100000.0,0.1,100,1e-08,1.0
Na,Triangular,1e-06,100000.0,0.1,200,1e-09,0.1
Na,Triangular,1e-06,100000.0,0.1,200,1e-09,0.5
Na,Triangular,1e-06,100000.0,0.1,200,1e-09,1.0
Na,Triangular,1e-06,100000.0,0.1,200,5e-09,0.1
Na,Triangular,1e-06,100000.0,0.1,200,5e-09,0.5
Na,Triangular,1e-06,100000.0,0.1,200,5e-09,1.0
Na,Triangular,1e-06,100000.0,0.1,200,1e-08,0.1
Na,Triangular,1e-06,100000.0,0.1,200,1e-08,0.5
Na,Triangular,1e-06,100000.0,0.1,200,1e-08,1.0
Na,Triangular,1e-06,100000.0,1.0,50,1e-09,0.1
Na,Triangular,1e-06,100000.0,1.0,50,1e-09,0.5
Na,Triangular,1e-06,100000.0,1.0,50,1e-09,1.0
Na,Triangular,1e-06,100000.0,1.0,50,5e-09,0.1
Na,Triangular,1e-06,100000.0,1.0,50,5e-09,0.5
Na,Triangular,1e-06,100000.0,1.0,50,5e-09,1.0
Na,Triangular,1e-06,100000.0,1.0,50,1e-08,0.1
Na,Triangular,1e-06,100000.0,1.0,50,1e-08,0.5
Na,Triangular,1e-06,100000.0,1.0,50,1e-08,1.0
Na,Triangular,1e-06,100000.0,1.0,100,1e-09,0.1
Na,Triangular,1e-06,100000.0,1.0,100,1e-09,0.5
Na,Triangular,1e-06,100000.0,1.0,100,1e-09,1.0
Na,Triangular,1e-06,100000.0,1.0,100,5e-09,0.1
Na,Triangular,1e-06,100000.0,1.0,100,5e-09,0.5
Na,Triangular,1e-06,100000.0,1.0,100,5e-09,1.0
Na,Triangular,1e-06,100000.0,1.0,100,1e-08,0.1
Na,Triangular,1e-06,100000.0,1.0,100,1e-08,0.5
Na,Triangular,1e-06,100000.0,1.0,100,1e-08,1.0
Na,Triangular,1e-06,100000.0,1.0,200,1e-09,0.1
Na,Triangular,1e-06,100000.0,1.0,200,1e-09,0.5
Na,Triangular,1e-06,100000.0,1.0,200,1e-09,1.0
Na,Triangular,1e-06,100000.0,1.0,200,5e-09,0.1
Na,Triangular,1e-06,100000.0,1.0,200,5e-09,0.5
Na,Triangular,1e-06,100000.0,1.0,200,5e-09,1.0
Na,Triangular,1e-06,100000.0,1.0,200,1e-08,0.1
Na,Triangular,1e-06,100000.0,1.0,200,1e-08,0.5
Na,Triangular,1e-06,100000.0,1.0,200,1e-08,1.0
Na,Triangular,1e-06,100000.0,10.0,50,1e-09,0.1
Na,Triangular,1e-06,100000.0,10.0,50,1e-09,0.5
Na,Triangular,1e-06,100000.0,10.0,50,1e-09,1.0
Na,Triangular,1e-06,100000.0,10.0,50,5e-09,0.1
Na,Triangular,1e-06,100000.0,10.0,50,5e-09,0.5
Na,Triangular,1e-06,100000.0,10.0,50,5e-09,1.0
Na,Triangular,1e-06,100000.0,10.0,50,1e-08,0.1
Na,Triangular,1e-06,100000.0,10.0,50,1e-08,0.5
Na,Triangular,1e-06,100000.0,10.0,50,1e-08,1.0
Na,Triangular,1e-06,100000.0,10.0,100,1e-09,0.1
Na,Triangular,1e-06,100000.0,10.0,100,1e-09,0.5
Na,Triangular,1e-06,100000.0,10.0,100,1e-09,1.0
Na,Triangular,1e-06,100000.0,10.0,100,5e-09,0.1
Na,Triangular,1e-06,100000.0,10.0,100,5e-09,0.5
Na,Triangular,1e-06,100000.0,10.0,100,5e-09,1.0
Na,Triangular,1e-06,100000.0,10.0,100,1e-08,0.1
Na,Triangular,1e-06,100000.0,10.0,100,1e-08,0.5
Na,Triangular,1e-06,100000.0,10.0,100,1e-08,1.0
Na,Triangular,1e-06,100000.0,10.0,200,1e-09,0.1
Na,Triangular,1e-06,100000.0,10.0,200,1e-09,0.5
Na,Triangular,1e-06,100000.0,10.0,200,1e-09,1.0
Na,Triangular,1e-06,100000.0,10.0,200,5e-09,0.1
Na,Triangular,1e-06,100000.0,10.0,200,5e-09,0.5
Na,Triangular,1e-06,100000.0,10.0,200,5e-09,1.0
Na,Triangular,1e-06,100000.0,10.0,200,1e-08,0.1
Na,Triangular,1e-06,100000.0,10.0,200,1e-08,0.5
Na,Triangular,1e-06,100000.0,10.0,200,1e-08,1.0
K,Square,5e-07,10000.0,0.1,50,1e-09,0.1
K,Square,5e-07,10000.0,0.1,50,1e-09,0.5
K,Square,5e-07,10000.0,0.1,50,1e-09,1.0
K,Square,5e-07,10000.0,0.1,50,5e-09,0.1
K,Square,5e-07,10000.0,0.1,50,5e-09,0.5
K,Square,5e-07,10000.0,0.1,50,5e-09,1.0
K,Square,5e-07,10000.0,0.1,50,1e-08,0.1
K,Square,5e-07,10000.0,0.1,50,1e-08,0.5
K,Square,5e-07,10000.0,0.1,50,1e-08,1.0
K,Square,5e-07,10000.0,0.1,100,1e-09,0.1
K,Square,5e-07,10000.0,0.1,100,1e-09,0.5
K,Square,5e-07,10000.0,0.1,100,1e-09,1.0
K,Square,5e-07,10000.0,0.1,100,5e-09,0.1
K,Square,5e-07,10000.0,0.1,100,5e-09,0.5
K,Square,5e-07,10000.0,0.1,100,5e-09,1.0
K,Square,5e-07,10000.0,0.1,100,1e-08,0.1
K,Square,5e-07,10000.0,0.1,100,1e-08,0.5
K,Square,5e-07,10000.0,0.1,100,1e-08,1.0
K,Square,5e-07,10000.0,0.1,200,1e-09,0.1
K,Square,5e-07,10000.0,0.1,200,1e-09,0.5
K,Square,5e-07,10000.0,0.1,200,1e-09,1.0
K,Square,5e-07,10000.0,0.1,200,5e-09,0.1
K,Square,5e-07,10000.0,0.1,200,5e-09,0.5
K,Square,5e-07,10000.0,0.1,200,5e-09,1.0
K,Square,5e-07,10000.0,0.1,200,1e-08,0.1
K,Square,5e-07,10000.0,0.1,200,1e-08,0.5
K,Square,5e-07,10000.0,0.1,200,1e-08,1.0
K,Square,5e-07,10000.0,1.0,50,1e-09,0.1
K,Square,5e-07,10000.0,1.0,50,1e-09,0.5
K,Square,5e-07,10000.0,1.0,50,1e-09,1.0
K,Square,5e-07,10000.0,1.0,50,5e-09,0.1
K,Square,5e-07,10000.0,1.0,50,5e-09,0.5
K,Square,5e-07,10000.0,1.0,50,5e-09,1.0
K,Square,5e-07,10000.0,1.0,50,1e-08,0.1
K,Square,5e-07,10000.0,1.0,50,1e-08,0.5
K,Square,5e-07,10000.0,1.0,50,1e-08,1.0
K,Square,5e-07,10000.0,1.0,100,1e-09,0.1
K,Square,5e-07,10000.0,1.0,100,1e-09,0.5
K,Square,5e-07,10000.0,1.0,100,1e-09,1.0
K,Square,5e-07,10000.0,1.0,100,5e-09,0.1
K,Square,5e-07,10000.0,1.0,100,5e-09,0.5
K,Square,5e-07,10000.0,1.0,100,5e-09,1.0
K,Square,5e-07,10000.0,1.0,100,1e-08,0.1
K,Square,5e-07,10000.0,1.0,100,1e-08,0.5
K,Square,5e-07,10000.0,1.0,100,1e-08,1.0
K,Square,5e-07,10000.0,1.0,200,1e-09,0.1
K,Square,5e-07,10000.0,1.0,200,1e-09,0.5
K,Square,5e-07,10000.0,1.0,200,1e-09,1.0
K,Square,5e-07,10000.0,1.0,200,5e-09,0.1
K,Square,5e-07,10000.0,1.0,200,5e-09,0.5
K,Square,5e-07,10000.0,1.0,200,5e-09,1.0
K,Square,5e-07,10000.0,1.0,200,1e-08,0.1
K,Square,5e-07,10000.0,1.0,200,1e-08,0.5
K,Square,5e-07,10000.0,1.0,200,1e-08,1.0
K,Square,5e-07,10000.0,10.0,50,1e-09,0.1
K,Square,5e-07,10000.0,10.0,50,1e-09,0.5
K,Square,5e-07,10000.0,10.0,50,1e-09,1.0
K,Square,5e-07,10000.0,10.0,50,5e-09,0.1
K,Square,5e-07,10000.0,10.0,50,5e-09,0.5
K,Square,5e-07,10000.0,10.0,50,5e-09,1.0
K,Square,5e-07,10000.0,10.0,50,1e-08,0.1
K,Square,5e-07,10000.0,10.0,50,1e-08,0.5
K,Square,5e-07,10000.0,10.0,50,1e-08,1.0
K,Square,5e-07,10000.0,10.0,100,1e-09,0.1
K,Square,5e-07,10000.0,10.0,100,1e-09,0.5
K,Square,5e-07,10000.0,10.0,100,1e-09,1.0
K,Square,5e-07,10000.0,10.0,100,5e-09,0.1
K,Square,5e-07,10000.0,10.0,100,5e-09,0.5
K,Square,5e-07,10000.0,10.0,100,5e-09,1.0
K,Square,5e-07,10000.0,10.0,100,1e-08,0.1
K,Square,5e-07,10000.0,10.0,100,1e-08,0.5
K,Square,5e-07,10000.0,10.0,100,1e-08,1.0
K,Square,5e-07,10000.0,10.0,200,1e-09,0.1
K,Square,5e-07,10000.0,10.0,200,1e-09,0.5
K,Square,5e-07,10000.0,10.0,200,1e-09,1.0
K,Square,5e-07,10000.0,10.0,200,5e-09,0.1
K,Square,5e-07,10000.0,10.0,200,5e-09,0.5
K,Square,5e-07,10000.0,10.0,200,5e-09,1.0
K,Square,5e-07,10000.0,10.0,200,1e-08,0.1
K,Square,5e-07,10000.0,10.0,200,1e-08,0.5
K,Square,5e-07,10000.0,10.0,200,1e-08,1.0
K,Square,5e-07,50000.0,0.1,50,1e-09,0.1
K,Square,5e-07,50000.0,0.1,50,1e-09,0.5
K,Square,5e-07,50000.0,0.1,50,1e-09,1.0
K,Square,5e-07,50000.0,0.1,50,5e-09,0.1
K,Square,5e-07,50000.0,0.1,50,5e-09,0.5
K,Square,5e-07,50000.0,0.1,50,5e-09,1.0
K,Square,5e-07,50000.0,0.1,50,1e-08,0.1
K,Square,5e-07,50000.0,0.1,50,1e-08,0.5
K,Square,5e-07,50000.0,0.1,50,1e-08,1.0
K,Square,5e-07,50000.0,0.1,100,1e-09,0.1
K,Square,5e-07,50000.0,0.1,100,1e-09,0.5
K,Square,5e-07,50000.0,0.1,100,1e-09,1.0
K,Square,5e-07,50000.0,0.1,100,5e-09,0.1
K,Square,5e-07,50000.0,0.1,100,5e-09,0.5
K,Square,5e-07,50000.0,0.1,100,5e-09,1.0
K,Square,5e-07,50000.0,0.1,100,1e-08,0.1
K,Square,5e-07,50000.0,0.1,100,1e-08,0.5
K,Square,5e-07,50000.0,0.1,100,1e-08,1.0
K,Square,5e-07,50000.0,0.1,200,1e-09,0.1
K,Square,5e-07,50000.0,0.1,200,1e-09,0.5
K,Square,5e-07,50000.0,0.1,200,1e-09,1.0
K,Square,5e-07,50000.0,0.1,200,5e-09,0.1
K,Square,5e-07,50000.0,0.1,200,5e-09,0.5
K,Square,5e-07,50000.0,0.1,200,5e-09,1.0
K,Square,5e-07,50000.0,0.1,200,1e-08,0.1
K,Square,5e-07,50000.0,0.1,200,1e-08,0.5
K,Square,5e-07,50000.0,0.1,200,1e-08,1.0
K,Square,5e-07,50000.0,1.0,50,1e-09,0.1
K,Square,5e-07,50000.0,1.0,50,1e-09,0.5
K,Square,5e-07,50000.0,1.0,50,1e-09,1.0
K,Square,5e-07,50000.0,1.0,50,5e-09,0.1
K,Square,5e-07,50000.0,1.0,50,5e-09,0.5
K,Square,5e-07,50000.0,1.0,50,5e-09,1.0
K,Square,5e-07,50000.0,1.0,50,1e-08,0.1
K,Square,5e-07,50000.0,1.0,50,1e-08,0.5
K,Square,5e-07,50000.0,1.0,50,1e-08,1.0
K,Square,5e-07,50000.0,1.0,100,1e-09,0.1
K,Square,5e-07,50000.0,1.0,100,1e-09,0.5
K,Square,5e-07,50000.0,1.0,100,1e-09,1.0
K,Square,5e-07,50000.0,1.0,100,5e-09,0.1
K,Square,5e-07,50000.0,1.0,100,5e-09,0.5
K,Square,5e-07,50000.0,1.0,100,5e-09,1.0
K,Square,5e-07,50000.0,1.0,100,1e-08,0.1
K,Square,5e-07,50000.0,1.0,100,1e-08,0.5
K,Square,5e-07,50000.0,1.0,100,1e-08,1.0
K,Square,5e-07,50000.0,1.0,200,1e-09,0.1
K,Square,5e-07,50000.0,1.0,200,1e-09,0.5
K,Square,5e-07,50000.0,1.0,200,1e-09,1.0
K,Square,5e-07,50000.0,1.0,200,5e-09,0.1
K,Square,5e-07,50000.0,1.0,200,5e-09,0.5
K,Square,5e-07,50000.0,1.0,200,5e-09,1.0
K,Square,5e-07,50000.0,1.0,200,1e-08,0.1
K,Square,5e-07,50000.0,1.0,200,1e-08,0.5
K,Square,5e-07,50000.0,1.0,200,1e-08,1.0
K,Square,5e-07,50000.0,10.0,50,1e-09,0.1
K,Square,5e-07,50000.0,10.0,50,1e-09,0.5
K,Square,5e-07,50000.0,10.0,50,1e-09,1.0
K,Square,5e-07,50000.0,10.0,50,5e-09,0.1
K,Square,5e-07,50000.0,10.0,50,5e-09,0.5
K,Square,5e-07,50000.0,10.0,50,5e-09,1.0
K,Square,5e-07,50000.0,10.0,50,1e-08,0.1
K,Square,5e-07,50000.0,10.0,50,1e-08,0.5
K,Square,5e-07,50000.0,10.0,50,1e-08,1.0
K,Square,5e-07,50000.0,10.0,100,1e-09,0.1
K,Square,5e-07,50000.0,10.0,100,1e-09,0.5
K,Square,5e-07,50000.0,10.0,100,1e-09,1.0
K,Square,5e-07,50000.0,10.0,100,5e-09,0.1
K,Square,5e-07,50000.0,10.0,100,5e-09,0.5
K,Square,5e-07,50000.0,10.0,100,5e-09,1.0
K,Square,5e-07,50000.0,10.0,100,1e-08,0.1
K,Square,5e-07,50000.0,10.0,100,1e-08,0.5
K,Square,5e-07,50000.0,10.0,100,1e-08,1.0
K,Square,5e-07,50000.0,10.0,200,1e-09,0.1
K,Square,5e-07,50000.0,10.0,200,1e-09,0.5
K,Square,5e-07,50000.0,10.0,200,1e-09,1.0
K,Square,5e-07,50000.0,10.0,200,5e-09,0.1
K,Square,5e-07,50000.0,10.0,200,5e-09,0.5
K,Square,5e-07,50000.0,10.0,200,5e-09,1.0
K,Square,5e-07,50000.0,10.0,200,1e-08,0.1
K,Square,5e-07,50000.0,10.0,200,1e-08,0.5
K,Square,5e-07,50000.0,10.0,200,1e-08,1.0
K,Square,5e-07,100000.0,0.1,50,1e-09,0.1
K,Square,5e-07,100000.0,0.1,50,1e-09,0.5
K,Square,5e-07,100000.0,0.1,50,1e-09,1.0
K,Square,5e-07,100000.0,0.1,50,5e-09,0.1
K,Square,5e-07,100000.0,0.1,50,5e-09,0.5
K,Square,5e-07,100000.0,0.1,50,5e-09,1.0
K,Square,5e-07,100000.0,0.1,50,1e-08,0.1
K,Square,5e-07,100000.0,0.1,50,1e-08,0.5
K,Square,5e-07,100000.0,0.1,50,1e-08,1.0
K,Square,5e-07,100000.0,0.1,100,1e-09,0.1
K,Square,5e-07,100000.0,0.1,100,1e-09,0.5
K,Square,5e-07,100000.0,0.1,100,1e-09,1.0
K,Square,5e-07,100000.0,0.1,100,5e-09,0.1
K,Square,5e-07,100000.0,0.1,100,5e-09,0.5
K,Square,5e-07,100000.0,0.1,100,5e-09,1.0
K,Square,5e-07,100000.0,0.1,100,1e-08,0.1
K,Square,5e-07,100000.0,0.1,100,1e-08,0.5
K,Square,5e-07,100000.0,0.1,100,1e-08,1.0
K,Square,5e-07,100000.0,0.1,200,1e-09,0.1
K,Square,5e-07,100000.0,0.1,200,1e-09,0.5
K,Square,5e-07,100000.0,0.1,200,1e-09,1.0
K,Square,5e-07,100000.0,0.1,200,5e-09,0.1
K,Square,5e-07,100000.0,0.1,200,5e-09,0.5
K,Square,5e-07,100000.0,0.1,200,5e-09,1.0
K,Square,5e-07,100000.0,0.1,200,1e-08,0.1
K,Square,5e-07,100000.0,0.1,200,1e-08,0.5
K,Square,5e-07,100000.0,0.1,200,1e-08,1.0
K,Square,5e-07,100000.0,1.0,50,1e-09,0.1
K,Square,5e-07,100000.0,1.0,50,1e-09,0.5
K,Square,5e-07,100000.0,1.0,50,1e-09,1.0
K,Square,5e-07,100000.0,1.0,50,5e-09,0.1
K,Square,5e-07,100000.0,1.0,50,5e-09,0.5
K,Square,5e-07,100000.0,1.0,50,5e-09,1.0
K,Square,5e-07,100000.0,1.0,50,1e-08,0.1
K,Square,5e-07,100000.0,1.0,50,1e-08,0.5
K,Square,5e-07,100000.0,1.0,50,1e-08,1.0
K,Square,5e-07,100000.0,1.0,100,1e-09,0.1
K,Square,5e-07,100000.0,1.0,100,1e-09,0.5
K,Square,5e-07,100000.0,1.0,100,1e-09,1.0
K,Square,5e-07,100000.0,1.0,100,5e-09,0.1
K,Square,5e-07,100000.0,1.0,100,5e-09,0.5
K,Square,5e-07,100000.0,1.0,100,5e-09,1.0
K,Square,5e-07,100000.0,1.0,100,1e-08,0.1
K,Square,5e-07,100000.0,1.0,100,1e-08,0.5
K,Square,5e-07,100000.0,1.0,100,1e-08,1.0
K,Square,5e-07,100000.0,1.0,200,1e-09,0.1
K,Square,5e-07,100000.0,1.0,200,1e-09,0.5
K,Square,5e-07,100000.0,1.0,200,1e-09,1.0
K,Square,5e-07,100000.0,1.0,200,5e-09,0.1
K,Square,5e-07,100000.0,1.0,200,5e-09,0.5
K,Square,5e-07,100000.0,1.0,200,5e-09,1.0
K,Square,5e-07,100000.0,1.0,200,1e-08,0.1
K,Square,5e-07,100000.0,1.0,200,1e-08,0.5
K,Square,5e-07,100000.0,1.0,200,1e-08,1.0
K,Square,5e-07,100000.0,10.0,50,1e-09,0.1
K,Square,5e-07,100000.0,10.0,50,1e-09,0.5
K,Square,5e-07,100000.0,10.0,50,1e-09,1.0
K,Square,5e-07,100000.0,10.0,50,5e-09,0.1
K,Square,5e-07,100000.0,10.0,50,5e-09,0.5
K,Square,5e-07,100000.0,10.0,50,5e-09,1.0
K,Square,5e-07,100000.0,10.0,50,1e-08,0.1
K,Square,5e-07,100000.0,10.0,50,1e-08,0.5
K,Square,5e-07,100000.0,10.0,50,1e-08,1.0
K,Square,5e-07,100000.0,10.0,100,1e-09,0.1
K,Square,5e-07,100000.0,10.0,100,1e-09,0.5
K,Square,5e-07,100000.0,10.0,100,1e-09,1.0
K,Square,5e-07,100000.0,10.0,100,5e-09,0.1
K,Square,5e-07,100000.0,10.0,100,5e-09,0.5
K,Square,5e-07,100000.0,10.0,100,5e-09,1.0
K,Square,5e-07,100000.0,10.0,100,1e-08,0.1
K,Square,5e-07,100000.0,10.0,100,1e-08,0.5
K,Square,5e-07,100000.0,10.0,100,1e-08,1.0
K,Square,5e-07,100000.0,10.0,200,1e-09,0.1
K,Square,5e-07,100000.0,10.0,200,1e-09,0.5
K,Square,5e-07,100000.0,10.0,200,1e-09,1.0
K,Square,5e-07,100000.0,10.0,200,5e-09,0.1
K,Square,5e-07,100000.0,10.0,200,5e-09,0.5
K,Square,5e-07,100000.0,10.0,200,5e-09,1.0
K,Square,5e-07,100000.0,10.0,200,1e-08,0.1
K,Square,5e-07,100000.0,10.0,200,1e-08,0.5
K,Square,5e-07,100000.0,10.0,200,1e-08,1.0
K,Square,7e-07,10000.0,0.1,50,1e-09,0.1
K,Square,7e-07,10000.0,0.1,50,1e-09,0.5
K,Square,7e-07,10000.0,0.1,50,1e-09,1.0
K,Square,7e-07,10000.0,0.1,50,5e-09,0.1
K,Square,7e-07,10000.0,0.1,50,5e-09,0.5
K,Square,7e-07,10000.0,0.1,50,5e-09,1.0
K,Square,7e-07,10000.0,0.1,50,1e-08,0.1
K,Square,7e-07,10000.0,0.1,50,1e-08,0.5
K,Square,7e-07,10000.0,0.1,50,1e-08,1.0
K,Square,7e-07,10000.0,0.1,100,1e-09,0.1
K,Square,7e-07,10000.0,0.1,100,1e-09,0.5
K,Square,7e-07,10000.0,0.1,100,1e-09,1.0
K,Square,7e-07,10000.0,0.1,100,5e-09,0.1
K,Square,7e-07,10000.0,0.1,100,5e-09,0.5
K,Square,7e-07,10000.0,0.1,100,5e-09,1.0
K,Square,7e-07,10000.0,0.1,100,1e-08,0.1
K,Square,7e-07,10000.0,0.1,100,1e-08,0.5
K,Square,7e-07,10000.0,0.1,100,1e-08,1.0
K,Square,7e-07,10000.0,0.1,200,1e-09,0.1
K,Square,7e-07,10000.0,0.1,200,1e-09,0.5
K,Square,7e-07,10000.0,0.1,200,1e-09,1.0
K,Square,7e-07,10000.0,0.1,200,5e-09,0.1
K,Square,7e-07,10000.0,0.1,200,5e-09,0.5
K,Square,7e-07,10000.0,0.1,200,5e-09,1.0
K,Square,7e-07,10000.0,0.1,200,1e-08,0.1
K,Square,7e-07,10000.0,0.1,200,1e-08,0.5
K,Square,7e-07,10000.0,0.1,200,1e-08,1.0
K,Square,7e-07,10000.0,1.0,50,1e-09,0.1
K,Square,7e-07,10000.0,1.0,50,1e-09,0.5
K,Square,7e-07,10000.0,1.0,50,1e-09,1.0
K,Square,7e-07,10000.0,1.0,50,5e-09,0.1
K,Square,7e-07,10000.0,1.0,50,5e-09,0.5
K,Square,7e-07,10000.0,1.0,50,5e-09,1.0
K,Square,7e-07,10000.0,1.0,50,1e-08,0.1
K,Square,7e-07,10000.0,1.0,50,1e-08,0.5
K,Square,7e-07,10000.0,1.0,50,1e-08,1.0
K,Square,7e-07,10000.0,1.0,100,1e-09,0.1
K,Square,7e-07,10000.0,1.0,100,1e-09,0.5
K,Square,7e-07,10000.0,1.0,100,1e-09,1.0
K,Square,7e-07,10000.0,1.0,100,5e-09,0.1
K,Square,7e-07,10000.0,1.0,100,5e-09,0.5
K,Square,7e-07,10000.0,1.0,100,5e-09,1.0
K,Square,7e-07,10000.0,1.0,100,1e-08,0.1
K,Square,7e-07,10000.0,1.0,100,1e-08,0.5
K,Square,7e-07,10000.0,1.0,100,1e-08,1.0
K,Square,7e-07,10000.0,1.0,200,1e-09,0.1
K,Square,7e-07,10000.0,1.0,200,1e-09,0.5
K,Square,7e-07,10000.0,1.0,200,1e-09,1.0
K,Square,7e-07,10000.0,1.0,200,5e-09,0.1
K,Square,7e-07,10000.0,1.0,200,5e-09,0.5
K,Square,7e-07,10000.0,1.0,200,5e-09,1.0
K,Square,7e-07,10000.0,1.0,200,1e-08,0.1
K,Square,7e-07,10000.0,1.0,200,1e-08,0.5
K,Square,7e-07,10000.0,1.0,200,1e-08,1.0
K,Square,7e-07,10000.0,10.0,50,1e-09,0.1
K,Square,7e-07,10000.0,10.0,50,1e-09,0.5
K,Square,7e-07,10000.0,10.0,50,1e-09,1.0
K,Square,7e-07,10000.0,10.0,50,5e-09,0.1
K,Square,7e-07,10000.0,10.0,50,5e-09,0.5
K,Square,7e-07,10000.0,10.0,50,5e-09,1.0
K,Square,7e-07,10000.0,10.0,50,1e-08,0.1
K,Square,7e-07,10000.0,10.0,50,1e-08,0.5
K,Square,7e-07,10000.0,10.0,50,1e-08,1.0
K,Square,7e-07,10000.0,10.0,100,1e-09,0.1
K,Square,7e-07,10000.0,10.0,100,1e-09,0.5
K,Square,7e-07,10000.0,10.0,100,1e-09,1.0
K,Square,7e-07,10000.0,10.0,100,5e-09,0.1
K,Square,7e-07,10000.0,10.0,100,5e-09,0.5
K,Square,7e-07,10000.0,10.0,100,5e-09,1.0
K,Square,7e-07,10000.0,10.0,100,1e-08,0.1
K,Square,7e-07,10000.0,10.0,100,1e-08,0.5
K,Square,7e-07,10000.0,10.0,100,1e-08,1.0
K,Square,7e-07,10000.0,10.0,200,1e-09,0.1
K,Square,7e-07,10000.0,10.0,200,1e-09,0.5
K,Square,7e-07,10000.0,10.0,200,1e-09,1.0
K,Square,7e-07,10000.0,10.0,200,5e-09,0.1
K,Square,7e-07,10000.0,10.0,200,5e-09,0.5
K,Square,7e-07,10000.0,10.0,200,5e-09,1.0
K,Square,7e-07,10000.0,10.0,200,1e-08,0.1
K,Square,7e-07,10000.0,10.0,200,1e-08,0.5
K,Square,7e-07,10000.0,10.0,200,1e-08,1.0
K,Square,7e-07,50000.0,0.1,50,1e-09,0.1
K,Square,7e-07,50000.0,0.1,50,1e-09,0.5
K,Square,7e-07,50000.0,0.1,50,1e-09,1.0
K,Square,7e-07,50000.0,0.1,50,5e-09,0.1
K,Square,7e-07,50000.0,0.1,50,5e-09,0.5
K,Square,7e-07,50000.0,0.1,50,5e-09,1.0
K,Square,7e-07,50000.0,0.1,50,1e-08,0.1
K,Square,7e-07,50000.0,0.1,50,1e-08,0.5
K,Square,7e-07,50000.0,0.1,50,1e-08,1.0
K,Square,7e-07,50000.0,0.1,100,1e-09,0.1
K,Square,7e-07,50000.0,0.1,100,1e-09,0.5
K,Square,7e-07,50000.0,0.1,100,1e-09,1.0
K,Square,7e-07,50000.0,0.1,100,5e-09,0.1
K,Square,7e-07,50000.0,0.1,100,5e-09,0.5
K,Square,7e-07,50000.0,0.1,100,5e-09,1.0
K,Square,7e-07,50000.0,0.1,100,1e-08,0.1
K,Square,7e-07,50000.0,0.1,100,1e-08,0.5
K,Square,7e-07,50000.0,0.1,100,1e-08,1.0
K,Square,7e-07,50000.0,0.1,200,1e-09,0.1
K,Square,7e-07,50000.0,0.1,200,1e-09,0.5
K,Square,7e-07,50000.0,0.1,200,1e-09,1.0
K,Square,7e-07,50000.0,0.1,200,5e-09,0.1
K,Square,7e-07,50000.0,0.1,200,5e-09,0.5
K,Square,7e-07,50000.0,0.1,200,5e-09,1.0
K,Square,7e-07,50000.0,0.1,200,1e-08,0.1
K,Square,7e-07,50000.0,0.1,200,1e-08,0.5
K,Square,7e-07,50000.0,0.1,200,1e-08,1.0
K,Square,7e-07,50000.0,1.0,50,1e-09,0.1
K,Square,7e-07,50000.0,1.0,50,1e-09,0.5
K,Square,7e-07,50000.0,1.0,50,1e-09,1.0
K,Square,7e-07,50000.0,1.0,50,5e-09,0.1
K,Square,7e-07,50000.0,1.0,50,5e-09,0.5
K,Square,7e-07,50000.0,1.0,50,5e-09,1.0
K,Square,7e-07,50000.0,1.0,50,1e-08,0.1
K,Square,7e-07,50000.0,1.0,50,1e-08,0.5
K,Square,7e-07,50000.0,1.0,50,1e-08,1.0
K,Square,7e-07,50000.0,1.0,100,1e-09,0.1
K,Square,7e-07,50000.0,1.0,100,1e-09,0.5
K,Square,7e-07,50000.0,1.0,100,1e-09,1.0
K,Square,7e-07,50000.0,1.0,100,5e-09,0.1
K,Square,7e-07,50000.0,1.0,100,5e-09,0.5
K,Square,7e-07,50000.0,1.0,100,5e-09,1.0
K,Square,7e-07,50000.0,1.0,100,1e-08,0.1
K,Square,7e-07,50000.0,1.0,100,1e-08,0.5
K,Square,7e-07,50000.0,1.0,100,1e-08,1.0
K,Square,7e-07,50000.0,1.0,200,1e-09,0.1
K,Square,7e-07,50000.0,1.0,200,1e-09,0.5
K,Square,7e-07,50000.0,1.0,200,1e-09,1.0
K,Square,7e-07,50000.0,1.0,200,5e-09,0.1
K,Square,7e-07,50000.0,1.0,200,5e-09,0.5
K,Square,7e-07,50000.0,1.0,200,5e-09,1.0
K,Square,7e-07,50000.0,1.0,200,1e-08,0.1
K,Square,7e-07,50000.0,1.0,200,1e-08,0.5
K,Square,7e-07,50000.0,1.0,200,1e-08,1.0
K,Square,7e-07,50000.0,10.0,50,1e-09,0.1
K,Square,7e-07,50000.0,10.0,50,1e-09,0.5
K,Square,7e-07,50000.0,10.0,50,1e-09,1.0
K,Square,7e-07,50000.0,10.0,50,5e-09,0.1
K,Square,7e-07,50000.0,10.0,50,5e-09,0.5
K,Square,7e-07,50000.0,10.0,50,5e-09,1.0
K,Square,7e-07,50000.0,10.0,50,1e-08,0.1
K,Square,7e-07,50000.0,10.0,50,1e-08,0.5
K,Square,7e-07,50000.0,10.0,50,1e-08,1.0
K,Square,7e-07,50000.0,10.0,100,1e-09,0.1
K,Square,7e-07,50000.0,10.0,100,1e-09,0.5
K,Square,7e-07,50000.0,10.0,100,1e-09,1.0
K,Square,7e-07,50000.0,10.0,100,5e-09,0.1
K,Square,7e-07,50000.0,10.0,100,5e-09,0.5
K,Square,7e-07,50000.0,10.0,100,5e-09,1.0
K,Square,7e-07,50000.0,10.0,100,1e-08,0.1
K,Square,7e-07,50000.0,10.0,100,1e-08,0.5
K,Square,7e-07,50000.0,10.0,100,1e-08,1.0
K,Square,7e-07,50000.0,10.0,200,1e-09,0.1
K,Square,7e-07,50000.0,10.0,200,1e-09,0.5
K,Square,7e-07,50000.0,10.0,200,1e-09,1.0
K,Square,7e-07,50000.0,10.0,200,5e-09,0.1
K,Square,7e-07,50000.0,10.0,200,5e-09,0.5
K,Square,7e-07,50000.0,10.0,200,5e-09,1.0
K,Square,7e-07,50000.0,10.0,200,1e-08,0.1
K,Square,7e-07,50000.0,10.0,200,1e-08,0.5
K,Square,7e-07,50000.0,10.0,200,1e-08,1.0
K,Square,7e-07,100000.0,0.1,50,1e-09,0.1
K,Square,7e-07,100000.0,0.1,50,1e-09,0.5
K,Square,7e-07,100000.0,0.1,50,1e-09,1.0
K,Square,7e-07,100000.0,0.1,50,5e-09,0.1
K,Square,7e-07,100000.0,0.1,50,5e-09,0.5
K,Square,7e-07,100000.0,0.1,50,5e-09,1.0
K,Square,7e-07,100000.0,0.1,50,1e-08,0.1
K,Square,7e-07,100000.0,0.1,50,1e-08,0.5
K,Square,7e-07,100000.0,0.1,50,1e-08,1.0
K,Square,7e-07,100000.0,0.1,100,1e-09,0.1
K,Square,7e-07,100000.0,0.1,100,1e-09,0.5
K,Square,7e-07,100000.0,0.1,100,1e-09,1.0
K,Square,7e-07,100000.0,0.1,100,5e-09,0.1
K,Square,7e-07,100000.0,0.1,100,5e-09,0.5
K,Square,7e-07,100000.0,0.1,100,5e-09,1.0
K,Square,7e-07,100000.0,0.1,100,1e-08,0.1
K,Square,7e-07,100000.0,0.1,100,1e-08,0.5
K,Square,7e-07,100000.0,0.1,100,1e-08,1.0
K,Square,7e-07,100000.0,0.1,200,1e-09,0.1
K,Square,7e-07,100000.0,0.1,200,1e-09,0.5
K,Square,7e-07,100000.0,0.1,200,1e-09,1.0
K,Square,7e-07,100000.0,0.1,200,5e-09,0.1
K,Square,7e-07,100000.0,0.1,200,5e-09,0.5
K,Square,7e-07,100000.0,0.1,200,5e-09,1.0
K,Square,7e-07,100000.0,0.1,200,1e-08,0.1
K,Square,7e-07,100000.0,0.1,200,1e-08,0.5
K,Square,7e-07,100000.0,0.1,200,1e-08,1.0
K,Square,7e-07,100000.0,1.0,50,1e-09,0.1
K,Square,7e-07,100000.0,1.0,50,1e-09,0.5
K,Square,7e-07,100000.0,1.0,50,1e-09,1.0
K,Square,7e-07,100000.0,1.0,50,5e-09,0.1
K,Square,7e-07,100000.0,1.0,50,5e-09,0.5
K,Square,7e-07,100000.0,1.0,50,5e-09,1.0
K,Square,7e-07,100000.0,1.0,50,1e-08,0.1
K,Square,7e-07,100000.0,1.0,50,1e-08,0.5
K,Square,7e-07,100000.0,1.0,50,1e-08,1.0
K,Square,7e-07,100000.0,1.0,100,1e-09,0.1
K,Square,7e-07,100000.0,1.0,100,1e-09,0.5
K,Square,7e-07,100000.0,1.0,100,1e-09,1.0
K,Square,7e-07,100000.0,1.0,100,5e-09,0.1
K,Square,7e-07,100000.0,1.0,100,5e-09,0.5
K,Square,7e-07,100000.0,1.0,100,5e-09,1.0
K,Square,7e-07,100000.0,1.0,100,1e-08,0.1
K,Square,7e-07,100000.0,1.0,100,1e-08,0.5
K,Square,7e-07,100000.0,1.0,100,1e-08,1.0
K,Square,7e-07,100000.0,1.0,200,1e-09,0.1
K,Square,7e-07,100000.0,1.0,200,1e-09,0.5
K,Square,7e-07,100000.0,1.0,200,1e-09,1.0
K,Square,7e-07,100000.0,1.0,200,5e-09,0.1
K,Square,7e-07,100000.0,1.0,200,5e-09,0.5
K,Square,7e-07,100000.0,1.0,200,5e-09,1.0
K,Square,7e-07,100000.0,1.0,200,1e-08,0.1
K,Square,7e-07,100000.0,1.0,200,1e-08,0.5
K,Square,7e-07,100000.0,1.0,200,1e-08,1.0
K,Square,7e-07,100000.0,10.0,50,1e-09,0.1
K,Square,7e-07,100000.0,10.0,50,1e-09,0.5
K,Square,7e-07,100000.0,10.0,50,1e-09,1.0
K,Square,7e-07,100000.0,10.0,50,5e-09,0.1
K,Square,7e-07,100000.0,10.0,50,5e-09,0.5
K,Square,7e-07,100000.0,10.0,50,5e-09,1.0
K,Square,7e-07,100000.0,10.0,50,1e-08,0.1
K,Square,7e-07,100000.0,10.0,50,1e-08,0.5
K,Square,7e-07,100000.0,10.0,50,1e-08,1.0
K,Square,7e-07,100000.0,10.0,100,1e-09,0.1
K,Square,7e-07,100000.0,10.0,100,1e-09,0.5
K,Square,7e-07,100000.0,10.0,100,1e-09,1.0
K,Square,7e-07,100000.0,10.0,100,5e-09,0.1
K,Square,7e-07,100000.0,10.0,100,5e-09,0.5
K,Square,7e-07,100000.0,10.0,100,5e-09,1.0
K,Square,7e-07,100000.0,10.0,100,1e-08,0.1
K,Square,7e-07,100000.0,10.0,100,1e-08,0.5
K,Square,7e-07,100000.0,10.0,100,1e-08,1.0
K,Square,7e-07,100000.0,10.0,200,1e-09,0.1
K,Square,7e-07,100000.0,10.0,200,1e-09,0.5
K,Square,7e-07,100000.0,10.0,200,1e-09,1.0
K,Square,7e-07,100000.0,10.0,200,5e-09,0.1
K,Square,7e-07,100000.0,10.0,200,5e-09,0.5
K,Square,7e-07,100000.0,10.0,200,5e-09,1.0
K,Square,7e-07,100000.0,10.0,200,1e-08,0.1
K,Square,7e-07,100000.0,10.0,200,1e-08,0.5
K,Square,7e-07,100000.0,10.0,200,1e-08,1.0
K,Square,1e-06,10000.0,0.1,50,1e-09,0.1
K,Square,1e-06,10000.0,0.1,50,1e-09,0.5
K,Square,1e-06,10000.0,0.1,50,1e-09,1.0
K,Square,1e-06,10000.0,0.1,50,5e-09,0.1
K,Square,1e-06,10000.0,0.1,50,5e-09,0.5
K,Square,1e-06,10000.0,0.1,50,5e-09,1.0
K,Square,1e-06,10000.0,0.1,50,1e-08,0.1
K,Square,1e-06,10000.0,0.1,50,1e-08,0.5
K,Square,1e-06,10000.0,0.1,50,1e-08,1.0
K,Square,1e-06,10000.0,0.1,100,1e-09,0.1
K,Square,1e-06,10000.0,0.1,100,1e-09,0.5
K,Square,1e-06,10000.0,0.1,100,1e-09,1.0
K,Square,1e-06,10000.0,0.1,100,5e-09,0.1
K,Square,1e-06,10000.0,0.1,100,5e-09,0.5
K,Square,1e-06,10000.0,0.1,100,5e-09,1.0
K,Square,1e-06,10000.0,0.1,100,1e-08,0.1
K,Square,1e-06,10000.0,0.1,100,1e-08,0.5
K,Square,1e-06,10000.0,0.1,100,1e-08,1.0
K,Square,1e-06,10000.0,0.1,200,1e-09,0.1
K,Square,1e-06,10000.0,0.1,200,1e-09,0.5
K,Square,1e-06,10000.0,0.1,200,1e-09,1.0
K,Square,1e-06,10000.0,0.1,200,5e-09,0.1
K,Square,1e-06,10000.0,0.1,200,5e-09,0.5
K,Square,1e-06,10000.0,0.1,200,5e-09,1.0
K,Square,1e-06,10000.0,0.1,200,1e-08,0.1
K,Square,1e-06,10000.0,0.1,200,1e-08,0.5
K,Square,1e-06,10000.0,0.1,200,1e-08,1.0
K,Square,1e-06,10000.0,1.0,50,1e-09,0.1
K,Square,1e-06,10000.0,1.0,50,1e-09,0.5
K,Square,1e-06,10000.0,1.0,50,1e-09,1.0
K,Square,1e-06,10000.0,1.0,50,5e-09,0.1
K,Square,1e-06,10000.0,1.0,50,5e-09,0.5
K,Square,1e-06,10000.0,1.0,50,5e-09,1.0
K,Square,1e-06,10000.0,1.0,50,1e-08,0.1
K,Square,1e-06,10000.0,1.0,50,1e-08,0.5
K,Square,1e-06,10000.0,1.0,50,1e-08,1.0
K,Square,1e-06,10000.0,1.0,100,1e-09,0.1
K,Square,1e-06,10000.0,1.0,100,1e-09,0.5
K,Square,1e-06,10000.0,1.0,100,1e-09,1.0
K,Square,1e-06,10000.0,1.0,100,5e-09,0.1
K,Square,1e-06,10000.0,1.0,100,5e-09,0.5
K,Square,1e-06,10000.0,1.0,100,5e-09,1.0
K,Square,1e-06,10000.0,1.0,100,1e-08,0.1
K,Square,1e-06,10000.0,1.0,100,1e-08,0.5
K,Square,1e-06,10000.0,1.0,100,1e-08,1.0
K,Square,1e-06,10000.0,1.0,200,1e-09,0.1
K,Square,1e-06,10000.0,1.0,200,1e-09,0.5
K,Square,1e-06,10000.0,1.0,200,1e-09,1.0
K,Square,1e-06,10000.0,1.0,200,5e-09,0.1
K,Square,1e-06,10000.0,1.0,200,5e-09,0.5
K,Square,1e-06,10000.0,1.0,200,5e-09,1.0
K,Square,1e-06,10000.0,1.0,200,1e-08,0.1
K,Square,1e-06,10000.0,1.0,200,1e-08,0.5
K,Square,1e-06,10000.0,1.0,200,1e-08,1.0
K,Square,1e-06,10000.0,10.0,50,1e-09,0.1
K,Square,1e-06,10000.0,10.0,50,1e-09,0.5
K,Square,1e-06,10000.0,10.0,50,1e-09,1.0
K,Square,1e-06,10000.0,10.0,50,5e-09,0.1
K,Square,1e-06,10000.0,10.0,50,5e-09,0.5
K,Square,1e-06,10000.0,10.0,50,5e-09,1.0
K,Square,1e-06,10000.0,10.0,50,1e-08,0.1
K,Square,1e-06,10000.0,10.0,50,1e-08,0.5
K,Square,1e-06,10000.0,10.0,50,1e-08,1.0
K,Square,1e-06,10000.0,10.0,100,1e-09,0.1
K,Square,1e-06,10000.0,10.0,100,1e-09,0.5
K,Square,1e-06,10000.0,10.0,100,1e-09,1.0
K,Square,1e-06,10000.0,10.0,100,5e-09,0.1
K,Square,1e-06,10000.0,10.0,100,5e-09,0.5
K,Square,1e-06,10000.0,10.0,100,5e-09,1.0
K,Square,1e-06,10000.0,10.0,100,1e-08,0.1
K,Square,1e-06,10000.0,10.0,100,1e-08,0.5
K,Square,1e-06,10000.0,10.0,100,1e-08,1.0
K,Square,1e-06,10000.0,10.0,200,1e-09,0.1
K,Square,1e-06,10000.0,10.0,200,1e-09,0.5
K,Square,1e-06,10000.0,10.0,200,1e-09,1.0
K,Square,1e-06,10000.0,10.0,200,5e-09,0.1
K,Square,1e-06,10000.0,10.0,200,5e-09,0.5
K,Square,1e-06,10000.0,10.0,200,5e-09,1.0
K,Square,1e-06,10000.0,10.0,200,1e-08,0.1
K,Square,1e-06,10000.0,10.0,200,1e-08,0.5
K,Square,1e-06,10000.0,10.0,200,1e-08,1.0
K,Square,1e-06,50000.0,0.1,50,1e-09,0.1
K,Square,1e-06,50000.0,0.1,50,1e-09,0.5
K,Square,1e-06,50000.0,0.1,50,1e-09,1.0
K,Square,1e-06,50000.0,0.1,50,5e-09,0.1
K,Square,1e-06,50000.0,0.1,50,5e-09,0.5
K,Square,1e-06,50000.0,0.1,50,5e-09,1.0
K,Square,1e-06,50000.0,0.1,50,1e-08,0.1
K,Square,1e-06,50000.0,0.1,50,1e-08,0.5
K,Square,1e-06,50000.0,0.1,50,1e-08,1.0
K,Square,1e-06,50000.0,0.1,100,1e-09,0.1
K,Square,1e-06,50000.0,0.1,100,1e-09,0.5
K,Square,1e-06,50000.0,0.1,100,1e-09,1.0
K,Square,1e-06,50000.0,0.1,100,5e-09,0.1
K,Square,1e-06,50000.0,0.1,100,5e-09,0.5
K,Square,1e-06,50000.0,0.1,100,5e-09,1.0
K,Square,1e-06,50000.0,0.1,100,1e-08,0.1
K,Square,1e-06,50000.0,0.1,100,1e-08,0.5
K,Square,1e-06,50000.0,0.1,100,1e-08,1.0
K,Square,1e-06,50000.0,0.1,200,1e-09,0.1
K,Square,1e-06,50000.0,0.1,200,1e-09,0.5
K,Square,1e-06,50000.0,0.1,200,1e-09,1.0
K,Square,1e-06,50000.0,0.1,200,5e-09,0.1
K,Square,1e-06,50000.0,0.1,200,5e-09,0.5
K,Square,1e-06,50000.0,0.1,200,5e-09,1.0
K,Square,1e-06,50000.0,0.1,200,1e-08,0.1
K,Square,1e-06,50000.0,0.1,200,1e-08,0.5
K,Square,1e-06,50000.0,0.1,200,1e-08,1.0
K,Square,1e-06,50000.0,1.0,50,1e-09,0.1
K,Square,1e-06,50000.0,1.0,50,1e-09,0.5
K,Square,1e-06,50000.0,1.0,50,1e-09,1.0
K,Square,1e-06,50000.0,1.0,50,5e-09,0.1
K,Square,1e-06,50000.0,1.0,50,5e-09,0.5
K,Square,1e-06,50000.0,1.0,50,5e-09,1.0
K,Square,1e-06,50000.0,1.0,50,1e-08,0.1
K,Square,1e-06,50000.0,1.0,50,1e-08,0.5
K,Square,1e-06,50000.0,1.0,50,1e-08,1.0
K,Square,1e-06,50000.0,1.0,100,1e-09,0.1
K,Square,1e-06,50000.0,1.0,100,1e-09,0.5
K,Square,1e-06,50000.0,1.0,100,1e-09,1.0
K,Square,1e-06,50000.0,1.0,100,5e-09,0.1
K,Square,1e-06,50000.0,1.0,100,5e-09,0.5
K,Square,1e-06,50000.0,1.0,100,5e-09,1.0
K,Square,1e-06,50000.0,1.0,100,1e-08,0.1
K,Square,1e-06,50000.0,1.0,100,1e-08,0.5
K,Square,1e-06,50000.0,1.0,100,1e-08,1.0
K,Square,1e-06,50000.0,1.0,200,1e-09,0.1
K,Square,1e-06,50000.0,1.0,200,1e-09,0.5
K,Square,1e-06,50000.0,1.0,200,1e-09,1.0
K,Square,1e-06,50000.0,1.0,200,5e-09,0.1
K,Square,1e-06,50000.0,1.0,200,5e-09,0.5
K,Square,1e-06,50000.0,1.0,200,5e-09,1.0
K,Square,1e-06,50000.0,1.0,200,1e-08,0.1
K,Square,1e-06,50000.0,1.0,200,1e-08,0.5
K,Square,1e-06,50000.0,1.0,200,1e-08,1.0
K,Square,1e-06,50000.0,10.0,50,1e-09,0.1
K,Square,1e-06,50000.0,10.0,50,1e-09,0.5
K,Square,1e-06,50000.0,10.0,50,1e-09,1.0
K,Square,1e-06,50000.0,10.0,50,5e-09,0.1
K,Square,1e-06,50000.0,10.0,50,5e-09,0.5
K,Square,1e-06,50000.0,10.0,50,5e-09,1.0
K,Square,1e-06,50000.0,10.0,50,1e-08,0.1
K,Square,1e-06,50000.0,10.0,50,1e-08,0.5
K,Square,1e-06,50000.0,10.0,50,1e-08,1.0
K,Square,1e-06,50000.0,10.0,100,1e-09,0.1
K,Square,1e-06,50000.0,10.0,100,1e-09,0.5
K,Square,1e-06,50000.0,10.0,100,1e-09,1.0
K,Square,1e-06,50000.0,10.0,100,5e-09,0.1
K,Square,1e-06,50000.0,10.0,100,5e-09,0.5
K,Square,1e-06,50000.0,10.0,100,5e-09,1.0
K,Square,1e-06,50000.0,10.0,100,1e-08,0.1
K,Square,1e-06,50000.0,10.0,100,1e-08,0.5
K,Square,1e-06,50000.0,10.0,100,1e-08,1.0
K,Square,1e-06,50000.0,10.0,200,1e-09,0.1
K,Square,1e-06,50000.0,10.0,200,1e-09,0.5
K,Square,1e-06,50000.0,10.0,200,1e-09,1.0
K,Square,1e-06,50000.0,10.0,200,5e-09,0.1
K,Square,1e-06,50000.0,10.0,200,5e-09,0.5
K,Square,1e-06,50000.0,10.0,200,5e-09,1.0
K,Square,1e-06,50000.0,10.0,200,1e-08,0.1
K,Square,1e-06,50000.0,10.0,200,1e-08,0.5
K,Square,1e-06,50000.0,10.0,200,1e-08,1.0
K,Square,1e-06,100000.0,0.1,50,1e-09,0.1
K,Square,1e-06,100000.0,0.1,50,1e-09,0.5
K,Square,1e-06,100000.0,0.1,50,1e-09,1.0
K,Square,1e-06,100000.0,0.1,50,5e-09,0.1
K,Square,1e-06,100000.0,0.1,50,5e-09,0.5
K,Square,1e-06,100000.0,0.1,50,5e-09,1.0
K,Square,1e-06,100000.0,0.1,50,1e-08,0.1
K,Square,1e-06,100000.0,0.1,50,1e-08,0.5
K,Square,1e-06,100000.0,0.1,50,1e-08,1.0
K,Square,1e-06,100000.0,0.1,100,1e-09,0.1
K,Square,1e-06,100000.0,0.1,100,1e-09,0.5
K,Square,1e-06,100000.0,0.1,100,1e-09,1.0
K,Square,1e-06,100000.0,0.1,100,5e-09,0.1
K,Square,1e-06,100000.0,0.1,100,5e-09,0.5
K,Square,1e-06,100000.0,0.1,100,5e-09,1.0
K,Square,1e-06,100000.0,0.1,100,1e-08,0.1
K,Square,1e-06,100000.0,0.1,100,1e-08,0.5
K,Square,1e-06,100000.0,0.1,100,1e-08,1.0
K,Square,1e-06,100000.0,0.1,200,1e-09,0.1
K,Square,1e-06,100000.0,0.1,200,1e-09,0.5
K,Square,1e-06,100000.0,0.1,200,1e-09,1.0
K,Square,1e-06,100000.0,0.1,200,5e-09,0.1
K,Square,1e-06,100000.0,0.1,200,5e-09,0.5
K,Square,1e-06,100000.0,0.1,200,5e-09,1.0
K,Square,1e-06,100000.0,0.1,200,1e-08,0.1
K,Square,1e-06,100000.0,0.1,200,1e-08,0.5
K,Square,1e-06,100000.0,0.1,200,1e-08,1.0
K,Square,1e-06,100000.0,1.0,50,1e-09,0.1
K,Square,1e-06,100000.0,1.0,50,1e-09,0.5
K,Square,1e-06,100000.0,1.0,50,1e-09,1.0
K,Square,1e-06,100000.0,1.0,50,5e-09,0.1
K,Square,1e-06,100000.0,1.0,50,5e-09,0.5
K,Square,1e-06,100000.0,1.0,50,5e-09,1.0
K,Square,1e-06,100000.0,1.0,50,1e-08,0.1
K,Square,1e-06,100000.0,1.0,50,1e-08,0.5
K,Square,1e-06,100000.0,1.0,50,1e-08,1.0
K,Square,1e-06,100000.0,1.0,100,1e-09,0.1
K,Square,1e-06,100000.0,1.0,100,1e-09,0.5
K,Square,1e-06,100000.0,1.0,100,1e-09,1.0
K,Square,1e-06,100000.0,1.0,100,5e-09,0.1
K,Square,1e-06,100000.0,1.0,100,5e-09,0.5
K,Square,1e-06,100000.0,1.0,100,5e-09,1.0
K,Square,1e-06,100000.0,1.0,100,1e-08,0.1
K,Square,1e-06,100000.0,1.0,100,1e-08,0.5
K,Square,1e-06,100000.0,1.0,100,1e-08,1.0
K,Square,1e-06,100000.0,1.0,200,1e-09,0.1
K,Square,1e-06,100000.0,1.0,200,1e-09,0.5
K,Square,1e-06,100000.0,1.0,200,1e-09,1.0
K,Square,1e-06,100000.0,1.0,200,5e-09,0.1
K,Square,1e-06,100000.0,1.0,200,5e-09,0.5
K,Square,1e-06,100000.0,1.0,200,5e-09,1.0
K,Square,1e-06,100000.0,1.0,200,1e-08,0.1
K,Square,1e-06,100000.0,1.0,200,1e-08,0.5
K,Square,1e-06,100000.0,1.0,200,1e-08,1.0
K,Square,1e-06,100000.0,10.0,50,1e-09,0.1
K,Square,1e-06,100000.0,10.0,50,1e-09,0.5
K,Square,1e-06,100000.0,10.0,50,1e-09,1.0
K,Square,1e-06,100000.0,10.0,50,5e-09,0.1
K,Square,1e-06,100000.0,10.0,50,5e-09,0.5
K,Square,1e-06,100000.0,10.0,50,5e-09,1.0
K,Square,1e-06,100000.0,10.0,50,1e-08,0.1
K,Square,1e-06,100000.0,10.0,50,1e-08,0.5
K,Square,1e-06,100000.0,10.0,50,1e-08,1.0
K,Square,1e-06,100000.0,10.0,100,1e-09,0.1
K,Square,1e-06,100000.0,10.0,100,1e-09,0.5
K,Square,1e-06,100000.0,10.0,100,1e-09,1.0
K,Square,1e-06,100000.0,10.0,100,5e-09,0.1
K,Square,1e-06,100000.0,10.0,100,5e-09,0.5
K,Square,1e-06,100000.0,10.0,100,5e-09,1.0
K,Square,1e-06,100000.0,10.0,100,1e-08,0.1
K,Square,1e-06,100000.0,10.0,100,1e-08,0.5
K,Square,1e-06,100000.0,10.0,100,1e-08,1.0
K,Square,1e-06,100000.0,10.0,200,1e-09,0.1
K,Square,1e-06,100000.0,10.0,200,1e-09,0.5
K,Square,1e-06,100000.0,10.0,200,1e-09,1.0
K,Square,1e-06,100000.0,10.0,200,5e-09,0.1
K,Square,1e-06,100000.0,10.0,200,5e-09,0.5
K,Square,1e-06,100000.0,10.0,200,5e-09,1.0
K,Square,1e-06,100000.0,10.0,200,1e-08,0.1
K,Square,1e-06,100000.0,10.0,200,1e-08,0.5
K,Square,1e-06,100000.0,10.0,200,1e-08,1.0
K,Honeycomb,5e-07,10000.0,0.1,50,1e-09,0.1
K,Honeycomb,5e-07,10000.0,0.1,50,1e-09,0.5
K,Honeycomb,5e-07,10000.0,0.1,50,1e-09,1.0
K,Honeycomb,5e-07,10000.0,0.1,50,5e-09,0.1
K,Honeycomb,5e-07,10000.0,0.1,50,5e-09,0.5
K,Honeycomb,5e-07,10000.0,0.1,50,5e-09,1.0
K,Honeycomb,5e-07,10000.0,0.1,50,1e-08,0.1
K,Honeycomb,5e-07,10000.0,0.1,50,1e-08,0.5
K,Honeycomb,5e-07,10000.0,0.1,50,1e-08,1.0
K,Honeycomb,5e-07,10000.0,0.1,100,1e-09,0.1
K,Honeycomb,5e-07,10000.0,0.1,100,1e-09,0.5
K,Honeycomb,5e-07,10000.0,0.1,100,1e-09,1.0
K,Honeycomb,5e-07,10000.0,0.1,100,5e-09,0.1
K,Honeycomb,5e-07,10000.0,0.1,100,5e-09,0.5
K,Honeycomb,5e-07,10000.0,0.1,100,5e-09,1.0
K,Honeycomb,5e-07,10000.0,0.1,100,1e-08,0.1
K,Honeycomb,5e-07,10000.0,0.1,100,1e-08,0.5
K,Honeycomb,5e-07,10000.0,0.1,100,1e-08,1.0
K,Honeycomb,5e-07,10000.0,0.1,200,1e-09,0.1
K,Honeycomb,5e-07,10000.0,0.1,200,1e-09,0.5
K,Honeycomb,5e-07,10000.0,0.1,200,1e-09,1.0
K,Honeycomb,5e-07,10000.0,0.1,200,5e-09,0.1
K,Honeycomb,5e-07,10000.0,0.1,200,5e-09,0.5
K,Honeycomb,5e-07,10000.0,0.1,200,5e-09,1.0
K,Honeycomb,5e-07,10000.0,0.1,200,1e-08,0.1
K,Honeycomb,5e-07,10000.0,0.1,200,1e-08,0.5
K,Honeycomb,5e-07,10000.0,0.1,200,1e-08,1.0
K,Honeycomb,5e-07,10000.0,1.0,50,1e-09,0.1
K,Honeycomb,5e-07,10000.0,1.0,50,1e-09,0.5
K,Honeycomb,5e-07,10000.0,1.0,50,1e-09,1.0
K,Honeycomb,5e-07,10000.0,1.0,50,5e-09,0.1
K,Honeycomb,5e-07,10000.0,1.0,50,5e-09,0.5
K,Honeycomb,5e-07,10000.0,1.0,50,5e-09,1.0
K,Honeycomb,5e-07,10000.0,1.0,50,1e-08,0.1
K,Honeycomb,5e-07,10000.0,1.0,50,1e-08,0.5
K,Honeycomb,5e-07,10000.0,1.0,50,1e-08,1.0
K,Honeycomb,5e-07,10000.0,1.0,100,1e-09,0.1
K,Honeycomb,5e-07,10000.0,1.0,100,1e-09,0.5
K,Honeycomb,5e-07,10000.0,1.0,100,1e-09,1.0
K,Honeycomb,5e-07,10000.0,1.0,100,5e-09,0.1
K,Honeycomb,5e-07,10000.0,1.0,100,5e-09,0.5
K,Honeycomb,5e-07,10000.0,1.0,100,5e-09,1.0
K,Honeycomb,5e-07,10000.0,1.0,100,1e-08,0.1
K,Honeycomb,5e-07,10000.0,1.0,100,1e-08,0.5
K,Honeycomb,5e-07,10000.0,1.0,100,1e-08,1.0
K,Honeycomb,5e-07,10000.0,1.0,200,1e-09,0.1
K,Honeycomb,5e-07,10000.0,1.0,200,1e-09,0.5
K,Honeycomb,5e-07,10000.0,1.0,200,1e-09,1.0
K,Honeycomb,5e-07,10000.0,1.0,200,5e-09,0.1
K,Honeycomb,5e-07,10000.0,1.0,200,5e-09,0.5
K,Honeycomb,5e-07,10000.0,1.0,200,5e-09,1.0
K,Honeycomb,5e-07,10000.0,1.0,200,1e-08,0.1
K,Honeycomb,5e-07,10000.0,1.0,200,1e-08,0.5
K,Honeycomb,5e-07,10000.0,1.0,200,1e-08,1.0
K,Honeycomb,5e-07,10000.0,10.0,50,1e-09,0.1
K,Honeycomb,5e-07,10000.0,10.0,50,1e-09,0.5
K,Honeycomb,5e-07,10000.0,10.0,50,1e-09,1.0
K,Honeycomb,5e-07,10000.0,10.0,50,5e-09,0.1
K,Honeycomb,5e-07,10000.0,10.0,50,5e-09,0.5
K,Honeycomb,5e-07,10000.0,10.0,50,5e-09,1.0
K,Honeycomb,5e-07,10000.0,10.0,50,1e-08,0.1
K,Honeycomb,5e-07,10000.0,10.0,50,1e-08,0.5
K,Honeycomb,5e-07,10000.0,10.0,50,1e-08,1.0
K,Honeycomb,5e-07,10000.0,10.0,100,1e-09,0.1
K,Honeycomb,5e-07,10000.0,10.0,100,1e-09,0.5
K,Honeycomb,5e-07,10000.0,10.0,100,1e-09,1.0
K,Honeycomb,5e-07,10000.0,10.0,100,5e-09,0.1
K,Honeycomb,5e-07,10000.0,10.0,100,5e-09,0.5
K,Honeycomb,5e-07,10000.0,10.0,100,5e-09,1.0
K,Honeycomb,5e-07,10000.0,10.0,100,1e-08,0.1
K,Honeycomb,5e-07,10000.0,10.0,100,1e-08,0.5
K,Honeycomb,5e-07,10000.0,10.0,100,1e-08,1.0
K,Honeycomb,5e-07,10000.0,10.0,200,1e-09,0.1
K,Honeycomb,5e-07,10000.0,10.0,200,1e-09,0.5
K,Honeycomb,5e-07,10000.0,10.0,200,1e-09,1.0
K,Honeycomb,5e-07,10000.0,10.0,200,5e-09,0.1
K,Honeycomb,5e-07,10000.0,10.0,200,5e-09,0.5
K,Honeycomb,5e-07,10000.0,10.0,200,5e-09,1.0
K,Honeycomb,5e-07,10000.0,10.0,200,1e-08,0.1
K,Honeycomb,5e-07,10000.0,10.0,200,1e-08,0.5
K,Honeycomb,5e-07,10000.0,10.0,200,1e-08,1.0
K,Honeycomb,5e-07,50000.0,0.1,50,1e-09,0.1
K,Honeycomb,5e-07,50000.0,0.1,50,1e-09,0.5
K,Honeycomb,5e-07,50000.0,0.1,50,1e-09,1.0
K,Honeycomb,5e-07,50000.0,0.1,50,5e-09,0.1
K,Honeycomb,5e-07,50000.0,0.1,50,5e-09,0.5
K,Honeycomb,5e-07,50000.0,0.1,50,5e-09,1.0
K,Honeycomb,5e-07,50000.0,0.1,50,1e-08,0.1
K,Honeycomb,5e-07,50000.0,0.1,50,1e-08,0.5
K,Honeycomb,5e-07,50000.0,0.1,50,1e-08,1.0
K,Honeycomb,5e-07,50000.0,0.1,100,1e-09,0.1
K,Honeycomb,5e-07,50000.0,0.1,100,1e-09,0.5
K,Honeycomb,5e-07,50000.0,0.1,100,1e-09,1.0
K,Honeycomb,5e-07,50000.0,0.1,100,5e-09,0.1
K,Honeycomb,5e-07,50000.0,0.1,100,5e-09,0.5
K,Honeycomb,5e-07,50000.0,0.1,100,5e-09,1.0
K,Honeycomb,5e-07,50000.0,0.1,100,1e-08,0.1
K,Honeycomb,5e-07,50000.0,0.1,100,1e-08,0.5
K,Honeycomb,5e-07,50000.0,0.1,100,1e-08,1.0
K,Honeycomb,5e-07,50000.0,0.1,200,1e-09,0.1
K,Honeycomb,5e-07,50000.0,0.1,200,1e-09,0.5
K,Honeycomb,5e-07,50000.0,0.1,200,1e-09,1.0
K,Honeycomb,5e-07,50000.0,0.1,200,5e-09,0.1
K,Honeycomb,5e-07,50000.0,0.1,200,5e-09,0.5
K,Honeycomb,5e-07,50000.0,0.1,200,5e-09,1.0
K,Honeycomb,5e-07,50000.0,0.1,200,1e-08,0.1
K,Honeycomb,5e-07,50000.0,0.1,200,1e-08,0.5
K,Honeycomb,5e-07,50000.0,0.1,200,1e-08,1.0
K,Honeycomb,5e-07,50000.0,1.0,50,1e-09,0.1
K,Honeycomb,5e-07,50000.0,1.0,50,1e-09,0.5
K,Honeycomb,5e-07,50000.0,1.0,50,1e-09,1.0
K,Honeycomb,5e-07,50000.0,1.0,50,5e-09,0.1
K,Honeycomb,5e-07,50000.0,1.0,50,5e-09,0.5
K,Honeycomb,5e-07,50000.0,1.0,50,5e-09,1.0
K,Honeycomb,5e-07,50000.0,1.0,50,1e-08,0.1
K,Honeycomb,5e-07,50000.0,1.0,50,1e-08,0.5
K,Honeycomb,5e-07,50000.0,1.0,50,1e-08,1.0
K,Honeycomb,5e-07,50000.0,1.0,100,1e-09,0.1
K,Honeycomb,5e-07,50000.0,1.0,100,1e-09,0.5
K,Honeycomb,5e-07,50000.0,1.0,100,1e-09,1.0
K,Honeycomb,5e-07,50000.0,1.0,100,5e-09,0.1
K,Honeycomb,5e-07,50000.0,1.0,100,5e-09,0.5
K,Honeycomb,5e-07,50000.0,1.0,100,5e-09,1.0
K,Honeycomb,5e-07,50000.0,1.0,100,1e-08,0.1
K,Honeycomb,5e-07,50000.0,1.0,100,1e-08,0.5
K,Honeycomb,5e-07,50000.0,1.0,100,1e-08,1.0
K,Honeycomb,5e-07,50000.0,1.0,200,1e-09,0.1
K,Honeycomb,5e-07,50000.0,1.0,200,1e-09,0.5
K,Honeycomb,5e-07,50000.0,1.0,200,1e-09,1.0
K,Honeycomb,5e-07,50000.0,1.0,200,5e-09,0.1
K,Honeycomb,5e-07,50000.0,1.0,200,5e-09,0.5
K,Honeycomb,5e-07,50000.0,1.0,200,5e-09,1.0
K,Honeycomb,5e-07,50000.0,1.0,200,1e-08,0.1
K,Honeycomb,5e-07,50000.0,1.0,200,1e-08,0.5
K,Honeycomb,5e-07,50000.0,1.0,200,1e-08,1.0
K,Honeycomb,5e-07,50000.0,10.0,50,1e-09,0.1
K,Honeycomb,5e-07,50000.0,10.0,50,1e-09,0.5
K,Honeycomb,5e-07,50000.0,10.0,50,1e-09,1.0
K,Honeycomb,5e-07,50000.0,10.0,50,5e-09,0.1
K,Honeycomb,5e-07,50000.0,10.0,50,5e-09,0.5
K,Honeycomb,5e-07,50000.0,10.0,50,5e-09,1.0
K,Honeycomb,5e-07,50000.0,10.0,50,1e-08,0.1
K,Honeycomb,5e-07,50000.0,10.0,50,1e-08,0.5
K,Honeycomb,5e-07,50000.0,10.0,50,1e-08,1.0
K,Honeycomb,5e-07,50000.0,10.0,100,1e-09,0.1
K,Honeycomb,5e-07,50000.0,10.0,100,1e-09,0.5
K,Honeycomb,5e-07,50000.0,10.0,100,1e-09,1.0
K,Honeycomb,5e-07,50000.0,10.0,100,5e-09,0.1
K,Honeycomb,5e-07,50000.0,10.0,100,5e-09,0.5
K,Honeycomb,5e-07,50000.0,10.0,100,5e-09,1.0
K,Honeycomb,5e-07,50000.0,10.0,100,1e-08,0.1
K,Honeycomb,5e-07,50000.0,10.0,100,1e-08,0.5
K,Honeycomb,5e-07,50000.0,10.0,100,1e-08,1.0
K,Honeycomb,5e-07,50000.0,10.0,200,1e-09,0.1
K,Honeycomb,5e-07,50000.0,10.0,200,1e-09,0.5
K,Honeycomb,5e-07,50000.0,10.0,200,1e-09,1.0
K,Honeycomb,5e-07,50000.0,10.0,200,5e-09,0.1
K,Honeycomb,5e-07,50000.0,10.0,200,5e-09,0.5
K,Honeycomb,5e-07,50000.0,10.0,200,5e-09,1.0
K,Honeycomb,5e-07,50000.0,10.0,200,1e-08,0.1
K,Honeycomb,5e-07,50000.0,10.0,200,1e-08,0.5
K,Honeycomb,5e-07,50000.0,10.0,200,1e-08,1.0
K,Honeycomb,5e-07,100000.0,0.1,50,1e-09,0.1
K,Honeycomb,5e-07,100000.0,0.1,50,1e-09,0.5
K,Honeycomb,5e-07,100000.0,0.1,50,1e-09,1.0
K,Honeycomb,5e-07,100000.0,0.1,50,5e-09,0.1
K,Honeycomb,5e-07,100000.0,0.1,50,5e-09,0.5
K,Honeycomb,5e-07,100000.0,0.1,50,5e-09,1.0
K,Honeycomb,5e-07,100000.0,0.1,50,1e-08,0.1
K,Honeycomb,5e-07,100000.0,0.1,50,1e-08,0.5
K,Honeycomb,5e-07,100000.0,0.1,50,1e-08,1.0
K,Honeycomb,5e-07,100000.0,0.1,100,1e-09,0.1
K,Honeycomb,5e-07,100000.0,0.1,100,1e-09,0.5
K,Honeycomb,5e-07,100000.0,0.1,100,1e-09,1.0
K,Honeycomb,5e-07,100000.0,0.1,100,5e-09,0.1
K,Honeycomb,5e-07,100000.0,0.1,100,5e-09,0.5
K,Honeycomb,5e-07,100000.0,0.1,100,5e-09,1.0
K,Honeycomb,5e-07,100000.0,0.1,100,1e-08,0.1
K,Honeycomb,5e-07,100000.0,0.1,100,1e-08,0.5
K,Honeycomb,5e-07,100000.0,0.1,100,1e-08,1.0
K,Honeycomb,5e-07,100000.0,0.1,200,1e-09,0.1
K,Honeycomb,5e-07,100000.0,0.1,200,1e-09,0.5
K,Honeycomb,5e-07,100000.0,0.1,200,1e-09,1.0
K,Honeycomb,5e-07,100000.0,0.1,200,5e-09,0.1
K,Honeycomb,5e-07,100000.0,0.1,200,5e-09,0.5
K,Honeycomb,5e-07,100000.0,0.1,200,5e-09,1.0
K,Honeycomb,5e-07,100000.0,0.1,200,1e-08,0.1
K,Honeycomb,5e-07,100000.0,0.1,200,1e-08,0.5
K,Honeycomb,5e-07,100000.0,0.1,200,1e-08,1.0
K,Honeycomb,5e-07,100000.0,1.0,50,1e-09,0.1
K,Honeycomb,5e-07,100000.0,1.0,50,1e-09,0.5
K,Honeycomb,5e-07,100000.0,1.0,50,1e-09,1.0
K,Honeycomb,5e-07,100000.0,1.0,50,5e-09,0.1
K,Honeycomb,5e-07,100000.0,1.0,50,5e-09,0.5
K,Honeycomb,5e-07,100000.0,1.0,50,5e-09,1.0
K,Honeycomb,5e-07,100000.0,1.0,50,1e-08,0.1
K,Honeycomb,5e-07,100000.0,1.0,50,1e-08,0.5
K,Honeycomb,5e-07,100000.0,1.0,50,1e-08,1.0
K,Honeycomb,5e-07,100000.0,1.0,100,1e-09,0.1
K,Honeycomb,5e-07,100000.0,1.0,100,1e-09,0.5
K,Honeycomb,5e-07,100000.0,1.0,100,1e-09,1.0
K,Honeycomb,5e-07,100000.0,1.0,100,5e-09,0.1
K,Honeycomb,5e-07,100000.0,1.0,100,5e-09,0.5
K,Honeycomb,5e-07,100000.0,1.0,100,5e-09,1.0
K,Honeycomb,5e-07,100000.0,1.0,100,1e-08,0.1
K,Honeycomb,5e-07,100000.0,1.0,100,1e-08,0.5
K,Honeycomb,5e-07,100000.0,1.0,100,1e-08,1.0
K,Honeycomb,5e-07,100000.0,1.0,200,1e-09,0.1
K,Honeycomb,5e-07,100000.0,1.0,200,1e-09,0.5
K,Honeycomb,5e-07,100000.0,1.0,200,1e-09,1.0
K,Honeycomb,5e-07,100000.0,1.0,200,5e-09,0.1
K,Honeycomb,5e-07,100000.0,1.0,200,5e-09,0.5
K,Honeycomb,5e-07,100000.0,1.0,200,5e-09,1.0
K,Honeycomb,5e-07,100000.0,1.0,200,1e-08,0.1
K,Honeycomb,5e-07,100000.0,1.0,200,1e-08,0.5
K,Honeycomb,5e-07,100000.0,1.0,200,1e-08,1.0
K,Honeycomb,5e-07,100000.0,10.0,50,1e-09,0.1
K,Honeycomb,5e-07,100000.0,10.0,50,1e-09,0.5
K,Honeycomb,5e-07,100000.0,10.0,50,1e-09,1.0
K,Honeycomb,5e-07,100000.0,10.0,50,5e-09,0.1
K,Honeycomb,5e-07,100000.0,10.0,50,5e-09,0.5
K,Honeycomb,5e-07,100000.0,10.0,50,5e-09,1.0
K,Honeycomb,5e-07,100000.0,10.0,50,1e-08,0.1
K,Honeycomb,5e-07,100000.0,10.0,50,1e-08,0.5
K,Honeycomb,5e-07,100000.0,10.0,50,1e-08,1.0
K,Honeycomb,5e-07,100000.0,10.0,100,1e-09,0.1
K,Honeycomb,5e-07,100000.0,10.0,100,1e-09,0.5
K,Honeycomb,5e-07,100000.0,10.0,100,1e-09,1.0
K,Honeycomb,5e-07,100000.0,10.0,100,5e-09,0.1
K,Honeycomb,5e-07,100000.0,10.0,100,5e-09,0.5
K,Honeycomb,5e-07,100000.0,10.0,100,5e-09,1.0
K,Honeycomb,5e-07,100000.0,10.0,100,1e-08,0.1
K,Honeycomb,5e-07,100000.0,10.0,100,1e-08,0.5
K,Honeycomb,5e-07,100000.0,10.0,100,1e-08,1.0
K,Honeycomb,5e-07,100000.0,10.0,200,1e-09,0.1
K,Honeycomb,5e-07,100000.0,10.0,200,1e-09,0.5
K,Honeycomb,5e-07,100000.0,10.0,200,1e-09,1.0
K,Honeycomb,5e-07,100000.0,10.0,200,5e-09,0.1
K,Honeycomb,5e-07,100000.0,10.0,200,5e-09,0.5
K,Honeycomb,5e-07,100000.0,10.0,200,5e-09,1.0
K,Honeycomb,5e-07,100000.0,10.0,200,1e-08,0.1
K,Honeycomb,5e-07,100000.0,10.0,200,1e-08,0.5
K,Honeycomb,5e-07,100000.0,10.0,200,1e-08,1.0
K,Honeycomb,7e-07,10000.0,0.1,50,1e-09,0.1
K,Honeycomb,7e-07,10000.0,0.1,50,1e-09,0.5
K,Honeycomb,7e-07,10000.0,0.1,50,1e-09,1.0
K,Honeycomb,7e-07,10000.0,0.1,50,5e-09,0.1
K,Honeycomb,7e-07,10000.0,0.1,50,5e-09,0.5
K,Honeycomb,7e-07,10000.0,0.1,50,5e-09,1.0
K,Honeycomb,7e-07,10000.0,0.1,50,1e-08,0.1
K,Honeycomb,7e-07,10000.0,0.1,50,1e-08,0.5
K,Honeycomb,7e-07,10000.0,0.1,50,1e-08,1.0
K,Honeycomb,7e-07,10000.0,0.1,100,1e-09,0.1
K,Honeycomb,7e-07,10000.0,0.1,100,1e-09,0.5
K,Honeycomb,7e-07,10000.0,0.1,100,1e-09,1.0
K,Honeycomb,7e-07,10000.0,0.1,100,5e-09,0.1
K,Honeycomb,7e-07,10000.0,0.1,100,5e-09,0.5
K,Honeycomb,7e-07,10000.0,0.1,100,5e-09,1.0
K,Honeycomb,7e-07,10000.0,0.1,100,1e-08,0.1
K,Honeycomb,7e-07,10000.0,0.1,100,1e-08,0.5
K,Honeycomb,7e-07,10000.0,0.1,100,1e-08,1.0
K,Honeycomb,7e-07,10000.0,0.1,200,1e-09,0.1
K,Honeycomb,7e-07,10000.0,0.1,200,1e-09,0.5
K,Honeycomb,7e-07,10000.0,0.1,200,1e-09,1.0
K,Honeycomb,7e-07,10000.0,0.1,200,5e-09,0.1
K,Honeycomb,7e-07,10000.0,0.1,200,5e-09,0.5
K,Honeycomb,7e-07,10000.0,0.1,200,5e-09,1.0
K,Honeycomb,7e-07,10000.0,0.1,200,1e-08,0.1
K,Honeycomb,7e-07,10000.0,0.1,200,1e-08,0.5
K,Honeycomb,7e-07,10000.0,0.1,200,1e-08,1.0
K,Honeycomb,7e-07,10000.0,1.0,50,1e-09,0.1
K,Honeycomb,7e-07,10000.0,1.0,50,1e-09,0.5
K,Honeycomb,7e-07,10000.0,1.0,50,1e-09,1.0
K,Honeycomb,7e-07,10000.0,1.0,50,5e-09,0.1
K,Honeycomb,7e-07,10000.0,1.0,50,5e-09,0.5
K,Honeycomb,7e-07,10000.0,1.0,50,5e-09,1.0
K,Honeycomb,7e-07,10000.0,1.0,50,1e-08,0.1
K,Honeycomb,7e-07,10000.0,1.0,50,1e-08,0.5
K,Honeycomb,7e-07,10000.0,1.0,50,1e-08,1.0
K,Honeycomb,7e-07,10000.0,1.0,100,1e-09,0.1
K,Honeycomb,7e-07,10000.0,1.0,100,1e-09,0.5
K,Honeycomb,7e-07,10000.0,1.0,100,1e-09,1.0
K,Honeycomb,7e-07,10000.0,1.0,100,5e-09,0.1
K,Honeycomb,7e-07,10000.0,1.0,100,5e-09,0.5
K,Honeycomb,7e-07,10000.0,1.0,100,5e-09,1.0
K,Honeycomb,7e-07,10000.0,1.0,100,1e-08,0.1
K,Honeycomb,7e-07,10000.0,1.0,100,1e-08,0.5
K,Honeycomb,7e-07,10000.0,1.0,100,1e-08,1.0
K,Honeycomb,7e-07,10000.0,1.0,200,1e-09,0.1
K,Honeycomb,7e-07,10000.0,1.0,200,1e-09,0.5
K,Honeycomb,7e-07,10000.0,1.0,200,1e-09,1.0
K,Honeycomb,7e-07,10000.0,1.0,200,5e-09,0.1
K,Honeycomb,7e-07,10000.0,1.0,200,5e-09,0.5
K,Honeycomb,7e-07,10000.0,1.0,200,5e-09,1.0
K,Honeycomb,7e-07,10000.0,1.0,200,1e-08,0.1
K,Honeycomb,7e-07,10000.0,1.0,200,1e-08,0.5
K,Honeycomb,7e-07,10000.0,1.0,200,1e-08,1.0
K,Honeycomb,7e-07,10000.0,10.0,50,1e-09,0.1
K,Honeycomb,7e-07,10000.0,10.0,50,1e-09,0.5
K,Honeycomb,7e-07,10000.0,10.0,50,1e-09,1.0
K,Honeycomb,7e-07,10000.0,10.0,50,5e-09,0.1
K,Honeycomb,7e-07,10000.0,10.0,50,5e-09,0.5
K,Honeycomb,7e-07,10000.0,10.0,50,5e-09,1.0
K,Honeycomb,7e-07,10000.0,10.0,50,1e-08,0.1
K,Honeycomb,7e-07,10000.0,10.0,50,1e-08,0.5
K,Honeycomb,7e-07,10000.0,10.0,50,1e-08,1.0
K,Honeycomb,7e-07,10000.0,10.0,100,1e-09,0.1
K,Honeycomb,7e-07,10000.0,10.0,100,1e-09,0.5
K,Honeycomb,7e-07,10000.0,10.0,100,1e-09,1.0
K,Honeycomb,7e-07,10000.0,10.0,100,5e-09,0.1
K,Honeycomb,7e-07,10000.0,10.0,100,5e-09,0.5
K,Honeycomb,7e-07,10000.0,10.0,100,5e-09,1.0
K,Honeycomb,7e-07,10000.0,10.0,100,1e-08,0.1
K,Honeycomb,7e-07,10000.0,10.0,100,1e-08,0.5
K,Honeycomb,7e-07,10000.0,10.0,100,1e-08,1.0
K,Honeycomb,7e-07,10000.0,10.0,200,1e-09,0.1
K,Honeycomb,7e-07,10000.0,10.0,200,1e-09,0.5
K,Honeycomb,7e-07,10000.0,10.0,200,1e-09,1.0
K,Honeycomb,7e-07,10000.0,10.0,200,5e-09,0.1
K,Honeycomb,7e-07,10000.0,10.0,200,5e-09,0.5
K,Honeycomb,7e-07,10000.0,10.0,200,5e-09,1.0
K,Honeycomb,7e-07,10000.0,10.0,200,1e-08,0.1
K,Honeycomb,7e-07,10000.0,10.0,200,1e-08,0.5
K,Honeycomb,7e-07,10000.0,10.0,200,1e-08,1.0
K,Honeycomb,7e-07,50000.0,0.1,50,1e-09,0.1
K,Honeycomb,7e-07,50000.0,0.1,50,1e-09,0.5
K,Honeycomb,7e-07,50000.0,0.1,50,1e-09,1.0
K,Honeycomb,7e-07,50000.0,0.1,50,5e-09,0.1
K,Honeycomb,7e-07,50000.0,0.1,50,5e-09,0.5
K,Honeycomb,7e-07,50000.0,0.1,50,5e-09,1.0
K,Honeycomb,7e-07,50000.0,0.1,50,1e-08,0.1
K,Honeycomb,7e-07,50000.0,0.1,50,1e-08,0.5
K,Honeycomb,7e-07,50000.0,0.1,50,1e-08,1.0
K,Honeycomb,7e-07,50000.0,0.1,100,1e-09,0.1
K,Honeycomb,7e-07,50000.0,0.1,100,1e-09,0.5
K,Honeycomb,7e-07,50000.0,0.1,100,1e-09,1.0
K,Honeycomb,7e-07,50000.0,0.1,100,5e-09,0.1
K,Honeycomb,7e-07,50000.0,0.1,100,5e-09,0.5
K,Honeycomb,7e-07,50000.0,0.1,100,5e-09,1.0
K,Honeycomb,7e-07,50000.0,0.1,100,1e-08,0.1
K,Honeycomb,7e-07,50000.0,0.1,100,1e-08,0.5
K,Honeycomb,7e-07,50000.0,0.1,100,1e-08,1.0
K,Honeycomb,7e-07,50000.0,0.1,200,1e-09,0.1
K,Honeycomb,7e-07,50000.0,0.1,200,1e-09,0.5
K,Honeycomb,7e-07,50000.0,0.1,200,1e-09,1.0
K,Honeycomb,7e-07,50000.0,0.1,200,5e-09,0.1
K,Honeycomb,7e-07,50000.0,0.1,200,5e-09,0.5
K,Honeycomb,7e-07,50000.0,0.1,200,5e-09,1.0
K,Honeycomb,7e-07,50000.0,0.1,200,1e-08,0.1
K,Honeycomb,7e-07,50000.0,0.1,200,1e-08,0.5
K,Honeycomb,7e-07,50000.0,0.1,200,1e-08,1.0
K,Honeycomb,7e-07,50000.0,1.0,50,1e-09,0.1
K,Honeycomb,7e-07,50000.0,1.0,50,1e-09,0.5
K,Honeycomb,7e-07,50000.0,1.0,50,1e-09,1.0
K,Honeycomb,7e-07,50000.0,1.0,50,5e-09,0.1
K,Honeycomb,7e-07,50000.0,1.0,50,5e-09,0.5
K,Honeycomb,7e-07,50000.0,1.0,50,5e-09,1.0
K,Honeycomb,7e-07,50000.0,1.0,50,1e-08,0.1
K,Honeycomb,7e-07,50000.0,1.0,50,1e-08,0.5
K,Honeycomb,7e-07,50000.0,1.0,50,1e-08,1.0
K,Honeycomb,7e-07,50000.0,1.0,100,1e-09,0.1
K,Honeycomb,7e-07,50000.0,1.0,100,1e-09,0.5
K,Honeycomb,7e-07,50000.0,1.0,100,1e-09,1.0
K,Honeycomb,7e-07,50000.0,1.0,100,5e-09,0.1
K,Honeycomb,7e-07,50000.0,1.0,100,5e-09,0.5
K,Honeycomb,7e-07,50000.0,1.0,100,5e-09,1.0
K,Honeycomb,7e-07,50000.0,1.0,100,1e-08,0.1
K,Honeycomb,7e-07,50000.0,1.0,100,1e-08,0.5
K,Honeycomb,7e-07,50000.0,1.0,100,1e-08,1.0
K,Honeycomb,7e-07,50000.0,1.0,200,1e-09,0.1
K,Honeycomb,7e-07,50000.0,1.0,200,1e-09,0.5
K,Honeycomb,7e-07,50000.0,1.0,200,1e-09,1.0
K,Honeycomb,7e-07,50000.0,1.0,200,5e-09,0.1
K,Honeycomb,7e-07,50000.0,1.0,200,5e-09,0.5
K,Honeycomb,7e-07,50000.0,1.0,200,5e-09,1.0
K,Honeycomb,7e-07,50000.0,1.0,200,1e-08,0.1
K,Honeycomb,7e-07,50000.0,1.0,200,1e-08,0.5
K,Honeycomb,7e-07,50000.0,1.0,200,1e-08,1.0
K,Honeycomb,7e-07,50000.0,10.0,50,1e-09,0.1
K,Honeycomb,7e-07,50000.0,10.0,50,1e-09,0.5
K,Honeycomb,7e-07,50000.0,10.0,50,1e-09,1.0
K,Honeycomb,7e-07,50000.0,10.0,50,5e-09,0.1
K,Honeycomb,7e-07,50000.0,10.0,50,5e-09,0.5
K,Honeycomb,7e-07,50000.0,10.0,50,5e-09,1.0
K,Honeycomb,7e-07,50000.0,10.0,50,1e-08,0.1
K,Honeycomb,7e-07,50000.0,10.0,50,1e-08,0.5
K,Honeycomb,7e-07,50000.0,10.0,50,1e-08,1.0
K,Honeycomb,7e-07,50000.0,10.0,100,1e-09,0.1
K,Honeycomb,7e-07,50000.0,10.0,100,1e-09,0.5
K,Honeycomb,7e-07,50000.0,10.0,100,1e-09,1.0
K,Honeycomb,7e-07,50000.0,10.0,100,5e-09,0.1
K,Honeycomb,7e-07,50000.0,10.0,100,5e-09,0.5
K,Honeycomb,7e-07,50000.0,10.0,100,5e-09,1.0
K,Honeycomb,7e-07,50000.0,10.0,100,1e-08,0.1
K,Honeycomb,7e-07,50000.0,10.0,100,1e-08,0.5
K,Honeycomb,7e-07,50000.0,10.0,100,1e-08,1.0
K,Honeycomb,7e-07,50000.0,10.0,200,1e-09,0.1
K,Honeycomb,7e-07,50000.0,10.0,200,1e-09,0.5
K,Honeycomb,7e-07,50000.0,10.0,200,1e-09,1.0
K,Honeycomb,7e-07,50000.0,10.0,200,5e-09,0.1
K,Honeycomb,7e-07,50000.0,10.0,200,5e-09,0.5
K,Honeycomb,7e-07,50000.0,10.0,200,5e-09,1.0
K,Honeycomb,7e-07,50000.0,10.0,200,1e-08,0.1
K,Honeycomb,7e-07,50000.0,10.0,200,1e-08,0.5
K,Honeycomb,7e-07,50000.0,10.0,200,1e-08,1.0
K,Honeycomb,7e-07,100000.0,0.1,50,1e-09,0.1
K,Honeycomb,7e-07,100000.0,0.1,50,1e-09,0.5
K,Honeycomb,7e-07,100000.0,0.1,50,1e-09,1.0
K,Honeycomb,7e-07,100000.0,0.1,50,5e-09,0.1
K,Honeycomb,7e-07,100000.0,0.1,50,5e-09,0.5
K,Honeycomb,7e-07,100000.0,0.1,50,5e-09,1.0
K,Honeycomb,7e-07,100000.0,0.1,50,1e-08,0.1
K,Honeycomb,7e-07,100000.0,0.1,50,1e-08,0.5
K,Honeycomb,7e-07,100000.0,0.1,50,1e-08,1.0
K,Honeycomb,7e-07,100000.0,0.1,100,1e-09,0.1
K,Honeycomb,7e-07,100000.0,0.1,100,1e-09,0.5
K,Honeycomb,7e-07,100000.0,0.1,100,1e-09,1.0
K,Honeycomb,7e-07,100000.0,0.1,100,5e-09,0.1
K,Honeycomb,7e-07,100000.0,0.1,100,5e-09,0.5
K,Honeycomb,7e-07,100000.0,0.1,100,5e-09,1.0
K,Honeycomb,7e-07,100000.0,0.1,100,1e-08,0.1
K,Honeycomb,7e-07,100000.0,0.1,100,1e-08,0.5
K,Honeycomb,7e-07,100000.0,0.1,100,1e-08,1.0
K,Honeycomb,7e-07,100000.0,0.1,200,1e-09,0.1
K,Honeycomb,7e-07,100000.0,0.1,200,1e-09,0.5
K,Honeycomb,7e-07,100000.0,0.1,200,1e-09,1.0
K,Honeycomb,7e-07,100000.0,0.1,200,5e-09,0.1
K,Honeycomb,7e-07,100000.0,0.1,200,5e-09,0.5
K,Honeycomb,7e-07,100000.0,0.1,200,5e-09,1.0
K,Honeycomb,7e-07,100000.0,0.1,200,1e-08,0.1
K,Honeycomb,7e-07,100000.0,0.1,200,1e-08,0.5
K,Honeycomb,7e-07,100000.0,0.1,200,1e-08,1.0
K,Honeycomb,7e-07,100000.0,1.0,50,1e-09,0.1
K,Honeycomb,7e-07,100000.0,1.0,50,1e-09,0.5
K,Honeycomb,7e-07,100000.0,1.0,50,1e-09,1.0
K,Honeycomb,7e-07,100000.0,1.0,50,5e-09,0.1
K,Honeycomb,7e-07,100000.0,1.0,50,5e-09,0.5
K,Honeycomb,7e-07,100000.0,1.0,50,5e-09,1.0
K,Honeycomb,7e-07,100000.0,1.0,50,1e-08,0.1
K,Honeycomb,7e-07,100000.0,1.0,50,1e-08,0.5
K,Honeycomb,7e-07,100000.0,1.0,50,1e-08,1.0
K,Honeycomb,7e-07,100000.0,1.0,100,1e-09,0.1
K,Honeycomb,7e-07,100000.0,1.0,100,1e-09,0.5
K,Honeycomb,7e-07,100000.0,1.0,100,1e-09,1.0
K,Honeycomb,7e-07,100000.0,1.0,100,5e-09,0.1
K,Honeycomb,7e-07,100000.0,1.0,100,5e-09,0.5
K,Honeycomb,7e-07,100000.0,1.0,100,5e-09,1.0
K,Honeycomb,7e-07,100000.0,1.0,100,1e-08,0.1
K,Honeycomb,7e-07,100000.0,1.0,100,1e-08,0.5
K,Honeycomb,7e-07,100000.0,1.0,100,1e-08,1.0
K,Honeycomb,7e-07,100000.0,1.0,200,1e-09,0.1
K,Honeycomb,7e-07,100000.0,1.0,200,1e-09,0.5
K,Honeycomb,7e-07,100000.0,1.0,200,1e-09,1.0
K,Honeycomb,7e-07,100000.0,1.0,200,5e-09,0.1
K,Honeycomb,7e-07,100000.0,1.0,200,5e-09,0.5
K,Honeycomb,7e-07,100000.0,1.0,200,5e-09,1.0
K,Honeycomb,7e-07,100000.0,1.0,200,1e-08,0.1
K,Honeycomb,7e-07,100000.0,1.0,200,1e-08,0.5
K,Honeycomb,7e-07,100000.0,1.0,200,1e-08,1.0
K,Honeycomb,7e-07,100000.0,10.0,50,1e-09,0.1
K,Honeycomb,7e-07,100000.0,10.0,50,1e-09,0.5
K,Honeycomb,7e-07,100000.0,10.0,50,1e-09,1.0
K,Honeycomb,7e-07,100000.0,10.0,50,5e-09,0.1
K,Honeycomb,7e-07,100000.0,10.0,50,5e-09,0.5
K,Honeycomb,7e-07,100000.0,10.0,50,5e-09,1.0
K,Honeycomb,7e-07,100000.0,10.0,50,1e-08,0.1
K,Honeycomb,7e-07,100000.0,10.0,50,1e-08,0.5
K,Honeycomb,7e-07,100000.0,10.0,50,1e-08,1.0
K,Honeycomb,7e-07,100000.0,10.0,100,1e-09,0.1
K,Honeycomb,7e-07,100000.0,10.0,100,1e-09,0.5
K,Honeycomb,7e-07,100000.0,10.0,100,1e-09,1.0
K,Honeycomb,7e-07,100000.0,10.0,100,5e-09,0.1
K,Honeycomb,7e-07,100000.0,10.0,100,5e-09,0.5
K,Honeycomb,7e-07,100000.0,10.0,100,5e-09,1.0
K,Honeycomb,7e-07,100000.0,10.0,100,1e-08,0.1
K,Honeycomb,7e-07,100000.0,10.0,100,1e-08,0.5
K,Honeycomb,7e-07,100000.0,10.0,100,1e-08,1.0
K,Honeycomb,7e-07,100000.0,10.0,200,1e-09,0.1
K,Honeycomb,7e-07,100000.0,10.0,200,1e-09,0.5
K,Honeycomb,7e-07,100000.0,10.0,200,1e-09,1.0
K,Honeycomb,7e-07,100000.0,10.0,200,5e-09,0.1
K,Honeycomb,7e-07,100000.0,10.0,200,5e-09,0.5
K,Honeycomb,7e-07,100000.0,10.0,200,5e-09,1.0
K,Honeycomb,7e-07,100000.0,10.0,200,1e-08,0.1
K,Honeycomb,7e-07,100000.0,10.0,200,1e-08,0.5
K,Honeycomb,7e-07,100000.0,10.0,200,1e-08,1.0
K,Honeycomb,1e-06,10000.0,0.1,50,1e-09,0.1
K,Honeycomb,1e-06,10000.0,0.1,50,1e-09,0.5
K,Honeycomb,1e-06,10000.0,0.1,50,1e-09,1.0
K,Honeycomb,1e-06,10000.0,0.1,50,5e-09,0.1
K,Honeycomb,1e-06,10000.0,0.1,50,5e-09,0.5
K,Honeycomb,1e-06,10000.0,0.1,50,5e-09,1.0
K,Honeycomb,1e-06,10000.0,0.1,50,1e-08,0.1
K,Honeycomb,1e-06,10000.0,0.1,50,1e-08,0.5
K,Honeycomb,1e-06,10000.0,0.1,50,1e-08,1.0
K,Honeycomb,1e-06,10000.0,0.1,100,1e-09,0.1
K,Honeycomb,1e-06,10000.0,0.1,100,1e-09,0.5
K,Honeycomb,1e-06,10000.0,0.1,100,1e-09,1.0
K,Honeycomb,1e-06,10000.0,0.1,100,5e-09,0.1
K,Honeycomb,1e-06,10000.0,0.1,100,5e-09,0.5
K,Honeycomb,1e-06,10000.0,0.1,100,5e-09,1.0
K,Honeycomb,1e-06,10000.0,0.1,100,1e-08,0.1
K,Honeycomb,1e-06,10000.0,0.1,100,1e-08,0.5
K,Honeycomb,1e-06,10000.0,0.1,100,1e-08,1.0
K,Honeycomb,1e-06,10000.0,0.1,200,1e-09,0.1
K,Honeycomb,1e-06,10000.0,0.1,200,1e-09,0.5
K,Honeycomb,1e-06,10000.0,0.1,200,1e-09,1.0
K,Honeycomb,1e-06,10000.0,0.1,200,5e-09,0.1
K,Honeycomb,1e-06,10000.0,0.1,200,5e-09,0.5
K,Honeycomb,1e-06,10000.0,0.1,200,5e-09,1.0
K,Honeycomb,1e-06,10000.0,0.1,200,1e-08,0.1
K,Honeycomb,1e-06,10000.0,0.1,200,1e-08,0.5
K,Honeycomb,1e-06,10000.0,0.1,200,1e-08,1.0
K,Honeycomb,1e-06,10000.0,1.0,50,1e-09,0.1
K,Honeycomb,1e-06,10000.0,1.0,50,1e-09,0.5
K,Honeycomb,1e-06,10000.0,1.0,50,1e-09,1.0
K,Honeycomb,1e-06,10000.0,1.0,50,5e-09,0.1
K,Honeycomb,1e-06,10000.0,1.0,50,5e-09,0.5
K,Honeycomb,1e-06,10000.0,1.0,50,5e-09,1.0
K,Honeycomb,1e-06,10000.0,1.0,50,1e-08,0.1
K,Honeycomb,1e-06,10000.0,1.0,50,1e-08,0.5
K,Honeycomb,1e-06,10000.0,1.0,50,1e-08,1.0
K,Honeycomb,1e-06,10000.0,1.0,100,1e-09,0.1
K,Honeycomb,1e-06,10000.0,1.0,100,1e-09,0.5
K,Honeycomb,1e-06,10000.0,1.0,100,1e-09,1.0
K,Honeycomb,1e-06,10000.0,1.0,100,5e-09,0.1
K,Honeycomb,1e-06,10000.0,1.0,100,5e-09,0.5
K,Honeycomb,1e-06,10000.0,1.0,100,5e-09,1.0
K,Honeycomb,1e-06,10000.0,1.0,100,1e-08,0.1
K,Honeycomb,1e-06,10000.0,1.0,100,1e-08,0.5
K,Honeycomb,1e-06,10000.0,1.0,100,1e-08,1.0
K,Honeycomb,1e-06,10000.0,1.0,200,1e-09,0.1
K,Honeycomb,1e-06,10000.0,1.0,200,1e-09,0.5
K,Honeycomb,1e-06,10000.0,1.0,200,1e-09,1.0
K,Honeycomb,1e-06,10000.0,1.0,200,5e-09,0.1
K,Honeycomb,1e-06,10000.0,1.0,200,5e-09,0.5
K,Honeycomb,1e-06,10000.0,1.0,200,5e-09,1.0
K,Honeycomb,1e-06,10000.0,1.0,200,1e-08,0.1
K,Honeycomb,1e-06,10000.0,1.0,200,1e-08,0.5
K,Honeycomb,1e-06,10000.0,1.0,200,1e-08,1.0
K,Honeycomb,1e-06,10000.0,10.0,50,1e-09,0.1
K,Honeycomb,1e-06,10000.0,10.0,50,1e-09,0.5
K,Honeycomb,1e-06,10000.0,10.0,50,1e-09,1.0
K,Honeycomb,1e-06,10000.0,10.0,50,5e-09,0.1
K,Honeycomb,1e-06,10000.0,10.0,50,5e-09,0.5
K,Honeycomb,1e-06,10000.0,10.0,50,5e-09,1.0
K,Honeycomb,1e-06,10000.0,10.0,50,1e-08,0.1
K,Honeycomb,1e-06,10000.0,10.0,50,1e-08,0.5
K,Honeycomb,1e-06,10000.0,10.0,50,1e-08,1.0
K,Honeycomb,1e-06,10000.0,10.0,100,1e-09,0.1
K,Honeycomb,1e-06,10000.0,10.0,100,1e-09,0.5
K,Honeycomb,1e-06,10000.0,10.0,100,1e-09,1.0
K,Honeycomb,1e-06,10000.0,10.0,100,5e-09,0.1
K,Honeycomb,1e-06,10000.0,10.0,100,5e-09,0.5
K,Honeycomb,1e-06,10000.0,10.0,100,5e-09,1.0
K,Honeycomb,1e-06,10000.0,10.0,100,1e-08,0.1
K,Honeycomb,1e-06,10000.0,10.0,100,1e-08,0.5
K,Honeycomb,1e-06,10000.0,10.0,100,1e-08,1.0
K,Honeycomb,1e-06,10000.0,10.0,200,1e-09,0.1
K,Honeycomb,1e-06,10000.0,10.0,200,1e-09,0.5
K,Honeycomb,1e-06,10000.0,10.0,200,1e-09,1.0
K,Honeycomb,1e-06,10000.0,10.0,200,5e-09,0.1
K,Honeycomb,1e-06,10000.0,10.0,200,5e-09,0.5
K,Honeycomb,1e-06,10000.0,10.0,200,5e-09,1.0
K,Honeycomb,1e-06,10000.0,10.0,200,1e-08,0.1
K,Honeycomb,1e-06,10000.0,10.0,200,1e-08,0.5
K,Honeycomb,1e-06,10000.0,10.0,200,1e-08,1.0
K,Honeycomb,1e-06,50000.0,0.1,50,1e-09,0.1
K,Honeycomb,1e-06,50000.0,0.1,50,1e-09,0.5
K,Honeycomb,1e-06,50000.0,0.1,50,1e-09,1.0
K,Honeycomb,1e-06,50000.0,0.1,50,5e-09,0.1
K,Honeycomb,1e-06,50000.0,0.1,50,5e-09,0.5
K,Honeycomb,1e-06,50000.0,0.1,50,5e-09,1.0
K,Honeycomb,1e-06,50000.0,0.1,50,1e-08,0.1
K,Honeycomb,1e-06,50000.0,0.1,50,1e-08,0.5
K,Honeycomb,1e-06,50000.0,0.1,50,1e-08,1.0
K,Honeycomb,1e-06,50000.0,0.1,100,1e-09,0.1
K,Honeycomb,1e-06,50000.0,0.1,100,1e-09,0.5
K,Honeycomb,1e-06,50000.0,0.1,100,1e-09,1.0
K,Honeycomb,1e-06,50000.0,0.1,100,5e-09,0.1
K,Honeycomb,1e-06,50000.0,0.1,100,5e-09,0.5
K,Honeycomb,1e-06,50000.0,0.1,100,5e-09,1.0
K,Honeycomb,1e-06,50000.0,0.1,100,1e-08,0.1
K,Honeycomb,1e-06,50000.0,0.1,100,1e-08,0.5
K,Honeycomb,1e-06,50000.0,0.1,100,1e-08,1.0
K,Honeycomb,1e-06,50000.0,0.1,200,1e-09,0.1
K,Honeycomb,1e-06,50000.0,0.1,200,1e-09,0.5
K,Honeycomb,1e-06,50000.0,0.1,200,1e-09,1.0
K,Honeycomb,1e-06,50000.0,0.1,200,5e-09,0.1
K,Honeycomb,1e-06,50000.0,0.1,200,5e-09,0.5
K,Honeycomb,1e-06,50000.0,0.1,200,5e-09,1.0
K,Honeycomb,1e-06,50000.0,0.1,200,1e-08,0.1
K,Honeycomb,1e-06,50000.0,0.1,200,1e-08,0.5
K,Honeycomb,1e-06,50000.0,0.1,200,1e-08,1.0
K,Honeycomb,1e-06,50000.0,1.0,50,1e-09,0.1
K,Honeycomb,1e-06,50000.0,1.0,50,1e-09,0.5
K,Honeycomb,1e-06,50000.0,1.0,50,1e-09,1.0
K,Honeycomb,1e-06,50000.0,1.0,50,5e-09,0.1
K,Honeycomb,1e-06,50000.0,1.0,50,5e-09,0.5
K,Honeycomb,1e-06,50000.0,1.0,50,5e-09,1.0
K,Honeycomb,1e-06,50000.0,1.0,50,1e-08,0.1
K,Honeycomb,1e-06,50000.0,1.0,50,1e-08,0.5
K,Honeycomb,1e-06,50000.0,1.0,50,1e-08,1.0
K,Honeycomb,1e-06,50000.0,1.0,100,1e-09,0.1
K,Honeycomb,1e-06,50000.0,1.0,100,1e-09,0.5
K,Honeycomb,1e-06,50000.0,1.0,100,1e-09,1.0
K,Honeycomb,1e-06,50000.0,1.0,100,5e-09,0.1
K,Honeycomb,1e-06,50000.0,1.0,100,5e-09,0.5
K,Honeycomb,1e-06,50000.0,1.0,100,5e-09,1.0
K,Honeycomb,1e-06,50000.0,1.0,100,1e-08,0.1
K,Honeycomb,1e-06,50000.0,1.0,100,1e-08,0.5
K,Honeycomb,1e-06,50000.0,1.0,100,1e-08,1.0
K,Honeycomb,1e-06,50000.0,1.0,200,1e-09,0.1
K,Honeycomb,1e-06,50000.0,1.0,200,1e-09,0.5
K,Honeycomb,1e-06,50000.0,1.0,200,1e-09,1.0
K,Honeycomb,1e-06,50000.0,1.0,200,5e-09,0.1
K,Honeycomb,1e-06,50000.0,1.0,200,5e-09,0.5
K,Honeycomb,1e-06,50000.0,1.0,200,5e-09,1.0
K,Honeycomb,1e-06,50000.0,1.0,200,1e-08,0.1
K,Honeycomb,1e-06,50000.0,1.0,200,1e-08,0.5
K,Honeycomb,1e-06,50000.0,1.0,200,1e-08,1.0
K,Honeycomb,1e-06,50000.0,10.0,50,1e-09,0.1
K,Honeycomb,1e-06,50000.0,10.0,50,1e-09,0.5
K,Honeycomb,1e-06,50000.0,10.0,50,1e-09,1.0
K,Honeycomb,1e-06,50000.0,10.0,50,5e-09,0.1
K,Honeycomb,1e-06,50000.0,10.0,50,5e-09,0.5
K,Honeycomb,1e-06,50000.0,10.0,50,5e-09,1.0
K,Honeycomb,1e-06,50000.0,10.0,50,1e-08,0.1
K,Honeycomb,1e-06,50000.0,10.0,50,1e-08,0.5
K,Honeycomb,1e-06,50000.0,10.0,50,1e-08,1.0
K,Honeycomb,1e-06,50000.0,10.0,100,1e-09,0.1
K,Honeycomb,1e-06,50000.0,10.0,100,1e-09,0.5
K,Honeycomb,1e-06,50000.0,10.0,100,1e-09,1.0
K,Honeycomb,1e-06,50000.0,10.0,100,5e-09,0.1
K,Honeycomb,1e-06,50000.0,10.0,100,5e-09,0.5
K,Honeycomb,1e-06,50000.0,10.0,100,5e-09,1.0
K,Honeycomb,1e-06,50000.0,10.0,100,1e-08,0.1
K,Honeycomb,1e-06,50000.0,10.0,100,1e-08,0.5
K,Honeycomb,1e-06,50000.0,10.0,100,1e-08,1.0
K,Honeycomb,1e-06,50000.0,10.0,200,1e-09,0.1
K,Honeycomb,1e-06,50000.0,10.0,200,1e-09,0.5
K,Honeycomb,1e-06,50000.0,10.0,200,1e-09,1.0
K,Honeycomb,1e-06,50000.0,10.0,200,5e-09,0.1
K,Honeycomb,1e-06,50000.0,10.0,200,5e-09,0.5
K,Honeycomb,1e-06,50000.0,10.0,200,5e-09,1.0
K,Honeycomb,1e-06,50000.0,10.0,200,1e-08,0.1
K,Honeycomb,1e-06,50000.0,10.0,200,1e-08,0.5
K,Honeycomb,1e-06,50000.0,10.0,200,1e-08,1.0
K,Honeycomb,1e-06,100000.0,0.1,50,1e-09,0.1
K,Honeycomb,1e-06,100000.0,0.1,50,1e-09,0.5
K,Honeycomb,1e-06,100000.0,0.1,50,1e-09,1.0
K,Honeycomb,1e-06,100000.0,0.1,50,5e-09,0.1
K,Honeycomb,1e-06,100000.0,0.1,50,5e-09,0.5
K,Honeycomb,1e-06,100000.0,0.1,50,5e-09,1.0
K,Honeycomb,1e-06,100000.0,0.1,50,1e-08,0.1
K,Honeycomb,1e-06,100000.0,0.1,50,1e-08,0.5
K,Honeycomb,1e-06,100000.0,0.1,50,1e-08,1.0
K,Honeycomb,1e-06,100000.0,0.1,100,1e-09,0.1
K,Honeycomb,1e-06,100000.0,0.1,100,1e-09,0.5
K,Honeycomb,1e-06,100000.0,0.1,100,1e-09,1.0
K,Honeycomb,1e-06,100000.0,0.1,100,5e-09,0.1
K,Honeycomb,1e-06,100000.0,0.1,100,5e-09,0.5
K,Honeycomb,1e-06,100000.0,0.1,100,5e-09,1.0
K,Honeycomb,1e-06,100000.0,0.1,100,1e-08,0.1
K,Honeycomb,1e-06,100000.0,0.1,100,1e-08,0.5
K,Honeycomb,1e-06,100000.0,0.1,100,1e-08,1.0
K,Honeycomb,1e-06,100000.0,0.1,200,1e-09,0.1
K,Honeycomb,1e-06,100000.0,0.1,200,1e-09,0.5
K,Honeycomb,1e-06,100000.0,0.1,200,1e-09,1.0
K,Honeycomb,1e-06,100000.0,0.1,200,5e-09,0.1
K,Honeycomb,1e-06,100000.0,0.1,200,5e-09,0.5
K,Honeycomb,1e-06,100000.0,0.1,200,5e-09,1.0
K,Honeycomb,1e-06,100000.0,0.1,200,1e-08,0.1
K,Honeycomb,1e-06,100000.0,0.1,200,1e-08,0.5
K,Honeycomb,1e-06,100000.0,0.1,200,1e-08,1.0
K,Honeycomb,1e-06,100000.0,1.0,50,1e-09,0.1
K,Honeycomb,1e-06,100000.0,1.0,50,1e-09,0.5
K,Honeycomb,1e-06,100000.0,1.0,50,1e-09,1.0
K,Honeycomb,1e-06,100000.0,1.0,50,5e-09,0.1
K,Honeycomb,1e-06,100000.0,1.0,50,5e-09,0.5
K,Honeycomb,1e-06,100000.0,1.0,50,5e-09,1.0
K,Honeycomb,1e-06,100000.0,1.0,50,1e-08,0.1
K,Honeycomb,1e-06,100000.0,1.0,50,1e-08,0.5
K,Honeycomb,1e-06,100000.0,1.0,50,1e-08,1.0
K,Honeycomb,1e-06,100000.0,1.0,100,1e-09,0.1
K,Honeycomb,1e-06,100000.0,1.0,100,1e-09,0.5
K,Honeycomb,1e-06,100000.0,1.0,100,1e-09,1.0
K,Honeycomb,1e-06,100000.0,1.0,100,5e-09,0.1
K,Honeycomb,1e-06,100000.0,1.0,100,5e-09,0.5
K,Honeycomb,1e-06,100000.0,1.0,100,5e-09,1.0
K,Honeycomb,1e-06,100000.0,1.0,100,1e-08,0.1
K,Honeycomb,1e-06,100000.0,1.0,100,1e-08,0.5
K,Honeycomb,1e-06,100000.0,1.0,100,1e-08,1.0
K,Honeycomb,1e-06,100000.0,1.0,200,1e-09,0.1
K,Honeycomb,1e-06,100000.0,1.0,200,1e-09,0.5
K,Honeycomb,1e-06,100000.0,1.0,200,1e-09,1.0
K,Honeycomb,1e-06,100000.0,1.0,200,5e-09,0.1
K,Honeycomb,1e-06,100000.0,1.0,200,5e-09,0.5
K,Honeycomb,1e-06,100000.0,1.0,200,5e-09,1.0
K,Honeycomb,1e-06,100000.0,1.0,200,1e-08,0.1
K,Honeycomb,1e-06,100000.0,1.0,200,1e-08,0.5
K,Honeycomb,1e-06,100000.0,1.0,200,1e-08,1.0
K,Honeycomb,1e-06,100000.0,10.0,50,1e-09,0.1
K,Honeycomb,1e-06,100000.0,10.0,50,1e-09,0.5
K,Honeycomb,1e-06,100000.0,10.0,50,1e-09,1.0
K,Honeycomb,1e-06,100000.0,10.0,50,5e-09,0.1
K,Honeycomb,1e-06,100000.0,10.0,50,5e-09,0.5
K,Honeycomb,1e-06,100000.0,10.0,50,5e-09,1.0
K,Honeycomb,1e-06,100000.0,10.0,50,1e-08,0.1
K,Honeycomb,1e-06,100000.0,10.0,50,1e-08,0.5
K,Honeycomb,1e-06,100000.0,10.0,50,1e-08,1.0
K,Honeycomb,1e-06,100000.0,10.0,100,1e-09,0.1
K,Honeycomb,1e-06,100000.0,10.0,100,1e-09,0.5
K,Honeycomb,1e-06,100000.0,10.0,100,1e-09,1.0
K,Honeycomb,1e-06,100000.0,10.0,100,5e-09,0.1
K,Honeycomb,1e-06,100000.0,10.0,100,5e-09,0.5
K,Honeycomb,1e-06,100000.0,10.0,100,5e-09,1.0
K,Honeycomb,1e-06,100000.0,10.0,100,1e-08,0.1
K,Honeycomb,1e-06,100000.0,10.0,100,1e-08,0.5
K,Honeycomb,1e-06,100000.0,10.0,100,1e-08,1.0
K,Honeycomb,1e-06,100000.0,10.0,200,1e-09,0.1
K,Honeycomb,1e-06,100000.0,10.0,200,1e-09,0.5
K,Honeycomb,1e-06,100000.0,10.0,200,1e-09,1.0
K,Honeycomb,1e-06,100000.0,10.0,200,5e-09,0.1
K,Honeycomb,1e-06,100000.0,10.0,200,5e-09,0.5
K,Honeycomb,1e-06,100000.0,10.0,200,5e-09,1.0
K,Honeycomb,1e-06,100000.0,10.0,200,1e-08,0.1
K,Honeycomb,1e-06,100000.0,10.0,200,1e-08,0.5
K,Honeycomb,1e-06,100000.0,10.0,200,1e-08,1.0
K,Triangular,5e-07,10000.0,0.1,50,1e-09,0.1
K,Triangular,5e-07,10000.0,0.1,50,1e-09,0.5
K,Triangular,5e-07,10000.0,0.1,50,1e-09,1.0
K,Triangular,5e-07,10000.0,0.1,50,5e-09,0.1
K,Triangular,5e-07,10000.0,0.1,50,5e-09,0.5
K,Triangular,5e-07,10000.0,0.1,50,5e-09,1.0
K,Triangular,5e-07,10000.0,0.1,50,1e-08,0.1
K,Triangular,5e-07,10000.0,0.1,50,1e-08,0.5
K,Triangular,5e-07,10000.0,0.1,50,1e-08,1.0
K,Triangular,5e-07,10000.0,0.1,100,1e-09,0.1
K,Triangular,5e-07,10000.0,0.1,100,1e-09,0.5
K,Triangular,5e-07,10000.0,0.1,100,1e-09,1.0
K,Triangular,5e-07,10000.0,0.1,100,5e-09,0.1
K,Triangular,5e-07,10000.0,0.1,100,5e-09,0.5
K,Triangular,5e-07,10000.0,0.1,100,5e-09,1.0
K,Triangular,5e-07,10000.0,0.1,100,1e-08,0.1
K,Triangular,5e-07,10000.0,0.1,100,1e-08,0.5
K,Triangular,5e-07,10000.0,0.1,100,1e-08,1.0
K,Triangular,5e-07,10000.0,0.1,200,1e-09,0.1
K,Triangular,5e-07,10000.0,0.1,200,1e-09,0.5
K,Triangular,5e-07,10000.0,0.1,200,1e-09,1.0
K,Triangular,5e-07,10000.0,0.1,200,5e-09,0.1
K,Triangular,5e-07,10000.0,0.1,200,5e-09,0.5
K,Triangular,5e-07,10000.0,0.1,200,5e-09,1.0
K,Triangular,5e-07,10000.0,0.1,200,1e-08,0.1
K,Triangular,5e-07,10000.0,0.1,200,1e-08,0.5
K,Triangular,5e-07,10000.0,0.1,200,1e-08,1.0
K,Triangular,5e-07,10000.0,1.0,50,1e-09,0.1
K,Triangular,5e-07,10000.0,1.0,50,1e-09,0.5
K,Triangular,5e-07,10000.0,1.0,50,1e-09,1.0
K,Triangular,5e-07,10000.0,1.0,50,5e-09,0.1
K,Triangular,5e-07,10000.0,1.0,50,5e-09,0.5
K,Triangular,5e-07,10000.0,1.0,50,5e-09,1.0
K,Triangular,5e-07,10000.0,1.0,50,1e-08,0.1
K,Triangular,5e-07,10000.0,1.0,50,1e-08,0.5
K,Triangular,5e-07,10000.0,1.0,50,1e-08,1.0
K,Triangular,5e-07,10000.0,1.0,100,1e-09,0.1
K,Triangular,5e-07,10000.0,1.0,100,1e-09,0.5
K,Triangular,5e-07,10000.0,1.0,100,1e-09,1.0
K,Triangular,5e-07,10000.0,1.0,100,5e-09,0.1
K,Triangular,5e-07,10000.0,1.0,100,5e-09,0.5
K,Triangular,5e-07,10000.0,1.0,100,5e-09,1.0
K,Triangular,5e-07,10000.0,1.0,100,1e-08,0.1
K,Triangular,5e-07,10000.0,1.0,100,1e-08,0.5
K,Triangular,5e-07,10000.0,1.0,100,1e-08,1.0
K,Triangular,5e-07,10000.0,1.0,200,1e-09,0.1
K,Triangular,5e-07,10000.0,1.0,200,1e-09,0.5
K,Triangular,5e-07,10000.0,1.0,200,1e-09,1.0
K,Triangular,5e-07,10000.0,1.0,200,5e-09,0.1
K,Triangular,5e-07,10000.0,1.0,200,5e-09,0.5
K,Triangular,5e-07,10000.0,1.0,200,5e-09,1.0
K,Triangular,5e-07,10000.0,1.0,200,1e-08,0.1
K,Triangular,5e-07,10000.0,1.0,200,1e-08,0.5
K,Triangular,5e-07,10000.0,1.0,200,1e-08,1.0
K,Triangular,5e-07,10000.0,10.0,50,1e-09,0.1
K,Triangular,5e-07,10000.0,10.0,50,1e-09,0.5
K,Triangular,5e-07,10000.0,10.0,50,1e-09,1.0
K,Triangular,5e-07,10000.0,10.0,50,5e-09,0.1
K,Triangular,5e-07,10000.0,10.0,50,5e-09,0.5
K,Triangular,5e-07,10000.0,10.0,50,5e-09,1.0
K,Triangular,5e-07,10000.0,10.0,50,1e-08,0.1
K,Triangular,5e-07,10000.0,10.0,50,1e-08,0.5
K,Triangular,5e-07,10000.0,10.0,50,1e-08,1.0
K,Triangular,5e-07,10000.0,10.0,100,1e-09,0.1
K,Triangular,5e-07,10000.0,10.0,100,1e-09,0.5
K,Triangular,5e-07,10000.0,10.0,100,1e-09,1.0
K,Triangular,5e-07,10000.0,10.0,100,5e-09,0.1
K,Triangular,5e-07,10000.0,10.0,100,5e-09,0.5
K,Triangular,5e-07,10000.0,10.0,100,5e-09,1.0
K,Triangular,5e-07,10000.0,10.0,100,1e-08,0.1
K,Triangular,5e-07,10000.0,10.0,100,1e-08,0.5
K,Triangular,5e-07,10000.0,10.0,100,1e-08,1.0
K,Triangular,5e-07,10000.0,10.0,200,1e-09,0.1
K,Triangular,5e-07,10000.0,10.0,200,1e-09,0.5
K,Triangular,5e-07,10000.0,10.0,200,1e-09,1.0
K,Triangular,5e-07,10000.0,10.0,200,5e-09,0.1
K,Triangular,5e-07,10000.0,10.0,200,5e-09,0.5
K,Triangular,5e-07,10000.0,10.0,200,5e-09,1.0
K,Triangular,5e-07,10000.0,10.0,200,1e-08,0.1
K,Triangular,5e-07,10000.0,10.0,200,1e-08,0.5
K,Triangular,5e-07,10000.0,10.0,200,1e-08,1.0
K,Triangular,5e-07,50000.0,0.1,50,1e-09,0.1
K,Triangular,5e-07,50000.0,0.1,50,1e-09,0.5
K,Triangular,5e-07,50000.0,0.1,50,1e-09,1.0
K,Triangular,5e-07,50000.0,0.1,50,5e-09,0.1
K,Triangular,5e-07,50000.0,0.1,50,5e-09,0.5
K,Triangular,5e-07,50000.0,0.1,50,5e-09,1.0
K,Triangular,5e-07,50000.0,0.1,50,1e-08,0.1
K,Triangular,5e-07,50000.0,0.1,50,1e-08,0.5
K,Triangular,5e-07,50000.0,0.1,50,1e-08,1.0
K,Triangular,5e-07,50000.0,0.1,100,1e-09,0.1
K,Triangular,5e-07,50000.0,0.1,100,1e-09,0.5
K,Triangular,5e-07,50000.0,0.1,100,1e-09,1.0
K,Triangular,5e-07,50000.0,0.1,100,5e-09,0.1
K,Triangular,5e-07,50000.0,0.1,100,5e-09,0.5
K,Triangular,5e-07,50000.0,0.1,100,5e-09,1.0
K,Triangular,5e-07,50000.0,0.1,100,1e-08,0.1
K,Triangular,5e-07,50000.0,0.1,100,1e-08,0.5
K,Triangular,5e-07,50000.0,0.1,100,1e-08,1.0
K,Triangular,5e-07,50000.0,0.1,200,1e-09,0.1
K,Triangular,5e-07,50000.0,0.1,200,1e-09,0.5
K,Triangular,5e-07,50000.0,0.1,200,1e-09,1.0
K,Triangular,5e-07,50000.0,0.1,200,5e-09,0.1
K,Triangular,5e-07,50000.0,0.1,200,5e-09,0.5
K,Triangular,5e-07,50000.0,0.1,200,5e-09,1.0
K,Triangular,5e-07,50000.0,0.1,200,1e-08,0.1
K,Triangular,5e-07,50000.0,0.1,200,1e-08,0.5
K,Triangular,5e-07,50000.0,0.1,200,1e-08,1.0
K,Triangular,5e-07,50000.0,1.0,50,1e-09,0.1
K,Triangular,5e-07,50000.0,1.0,50,1e-09,0.5
K,Triangular,5e-07,50000.0,1.0,50,1e-09,1.0
K,Triangular,5e-07,50000.0,1.0,50,5e-09,0.1
K,Triangular,5e-07,50000.0,1.0,50,5e-09,0.5
K,Triangular,5e-07,50000.0,1.0,50,5e-09,1.0
K,Triangular,5e-07,50000.0,1.0,50,1e-08,0.1
K,Triangular,5e-07,50000.0,1.0,50,1e-08,0.5
K,Triangular,5e-07,50000.0,1.0,50,1e-08,1.0
K,Triangular,5e-07,50000.0,1.0,100,1e-09,0.1
K,Triangular,5e-07,50000.0,1.0,100,1e-09,0.5
K,Triangular,5e-07,50000.0,1.0,100,1e-09,1.0
K,Triangular,5e-07,50000.0,1.0,100,5e-09,0.1
K,Triangular,5e-07,50000.0,1.0,100,5e-09,0.5
K,Triangular,5e-07,50000.0,1.0,100,5e-09,1.0
K,Triangular,5e-07,50000.0,1.0,100,1e-08,0.1
K,Triangular,5e-07,50000.0,1.0,100,1e-08,0.5
K,Triangular,5e-07,50000.0,1.0,100,1e-08,1.0
K,Triangular,5e-07,50000.0,1.0,200,1e-09,0.1
K,Triangular,5e-07,50000.0,1.0,200,1e-09,0.5
K,Triangular,5e-07,50000.0,1.0,200,1e-09,1.0
K,Triangular,5e-07,50000.0,1.0,200,5e-09,0.1
K,Triangular,5e-07,50000.0,1.0,200,5e-09,0.5
K,Triangular,5e-07,50000.0,1.0,200,5e-09,1.0
K,Triangular,5e-07,50000.0,1.0,200,1e-08,0.1
K,Triangular,5e-07,50000.0,1.0,200,1e-08,0.5
K,Triangular,5e-07,50000.0,1.0,200,1e-08,1.0
K,Triangular,5e-07,50000.0,10.0,50,1e-09,0.1
K,Triangular,5e-07,50000.0,10.0,50,1e-09,0.5
K,Triangular,5e-07,50000.0,10.0,50,1e-09,1.0
K,Triangular,5e-07,50000.0,10.0,50,5e-09,0.1
K,Triangular,5e-07,50000.0,10.0,50,5e-09,0.5
K,Triangular,5e-07,50000.0,10.0,50,5e-09,1.0
K,Triangular,5e-07,50000.0,10.0,50,1e-08,0.1
K,Triangular,5e-07,50000.0,10.0,50,1e-08,0.5
K,Triangular,5e-07,50000.0,10.0,50,1e-08,1.0
K,Triangular,5e-07,50000.0,10.0,100,1e-09,0.1
K,Triangular,5e-07,50000.0,10.0,100,1e-09,0.5
K,Triangular,5e-07,50000.0,10.0,100,1e-09,1.0
K,Triangular,5e-07,50000.0,10.0,100,5e-09,0.1
K,Triangular,5e-07,50000.0,10.0,100,5e-09,0.5
K,Triangular,5e-07,50000.0,10.0,100,5e-09,1.0
K,Triangular,5e-07,50000.0,10.0,100,1e-08,0.1
K,Triangular,5e-07,50000.0,10.0,100,1e-08,0.5
K,Triangular,5e-07,50000.0,10.0,100,1e-08,1.0
K,Triangular,5e-07,50000.0,10.0,200,1e-09,0.1
K,Triangular,5e-07,50000.0,10.0,200,1e-09,0.5
K,Triangular,5e-07,50000.0,10.0,200,1e-09,1.0
K,Triangular,5e-07,50000.0,10.0,200,5e-09,0.1
K,Triangular,5e-07,50000.0,10.0,200,5e-09,0.5
K,Triangular,5e-07,50000.0,10.0,200,5e-09,1.0
K,Triangular,5e-07,50000.0,10.0,200,1e-08,0.1
K,Triangular,5e-07,50000.0,10.0,200,1e-08,0.5
K,Triangular,5e-07,50000.0,10.0,200,1e-08,1.0
K,Triangular,5e-07,100000.0,0.1,50,1e-09,0.1
K,Triangular,5e-07,100000.0,0.1,50,1e-09,0.5
K,Triangular,5e-07,100000.0,0.1,50,1e-09,1.0
K,Triangular,5e-07,100000.0,0.1,50,5e-09,0.1
K,Triangular,5e-07,100000.0,0.1,50,5e-09,0.5
K,Triangular,5e-07,100000.0,0.1,50,5e-09,1.0
K,Triangular,5e-07,100000.0,0.1,50,1e-08,0.1
K,Triangular,5e-07,100000.0,0.1,50,1e-08,0.5
K,Triangular,5e-07,100000.0,0.1,50,1e-08,1.0
K,Triangular,5e-07,100000.0,0.1,100,1e-09,0.1
K,Triangular,5e-07,100000.0,0.1,100,1e-09,0.5
K,Triangular,5e-07,100000.0,0.1,100,1e-09,1.0
K,Triangular,5e-07,100000.0,0.1,100,5e-09,0.1
K,Triangular,5e-07,100000.0,0.1,100,5e-09,0.5
K,Triangular,5e-07,100000.0,0.1,100,5e-09,1.0
K,Triangular,5e-07,100000.0,0.1,100,1e-08,0.1
K,Triangular,5e-07,100000.0,0.1,100,1e-08,0.5
K,Triangular,5e-07,100000.0,0.1,100,1e-08,1.0
K,Triangular,5e-07,100000.0,0.1,200,1e-09,0.1
K,Triangular,5e-07,100000.0,0.1,200,1e-09,0.5
K,Triangular,5e-07,100000.0,0.1,200,1e-09,1.0
K,Triangular,5e-07,100000.0,0.1,200,5e-09,0.1
K,Triangular,5e-07,100000.0,0.1,200,5e-09,0.5
K,Triangular,5e-07,100000.0,0.1,200,5e-09,1.0
K,Triangular,5e-07,100000.0,0.1,200,1e-08,0.1
K,Triangular,5e-07,100000.0,0.1,200,1e-08,0.5
K,Triangular,5e-07,100000.0,0.1,200,1e-08,1.0
K,Triangular,5e-07,100000.0,1.0,50,1e-09,0.1
K,Triangular,5e-07,100000.0,1.0,50,1e-09,0.5
K,Triangular,5e-07,100000.0,1.0,50,1e-09,1.0
K,Triangular,5e-07,100000.0,1.0,50,5e-09,0.1
K,Triangular,5e-07,100000.0,1.0,50,5e-09,0.5
K,Triangular,5e-07,100000.0,1.0,50,5e-09,1.0
K,Triangular,5e-07,100000.0,1.0,50,1e-08,0.1
K,Triangular,5e-07,100000.0,1.0,50,1e-08,0.5
K,Triangular,5e-07,100000.0,1.0,50,1e-08,1.0
K,Triangular,5e-07,100000.0,1.0,100,1e-09,0.1
K,Triangular,5e-07,100000.0,1.0,100,1e-09,0.5
K,Triangular,5e-07,100000.0,1.0,100,1e-09,1.0
K,Triangular,5e-07,100000.0,1.0,100,5e-09,0.1
K,Triangular,5e-07,100000.0,1.0,100,5e-09,0.5
K,Triangular,5e-07,100000.0,1.0,100,5e-09,1.0
K,Triangular,5e-07,100000.0,1.0,100,1e-08,0.1
K,Triangular,5e-07,100000.0,1.0,100,1e-08,0.5
K,Triangular,5e-07,100000.0,1.0,100,1e-08,1.0
K,Triangular,5e-07,100000.0,1.0,200,1e-09,0.1
K,Triangular,5e-07,100000.0,1.0,200,1e-09,0.5
K,Triangular,5e-07,100000.0,1.0,200,1e-09,1.0
K,Triangular,5e-07,100000.0,1.0,200,5e-09,0.1
K,Triangular,5e-07,100000.0,1.0,200,5e-09,0.5
K,Triangular,5e-07,100000.0,1.0,200,5e-09,1.0
K,Triangular,5e-07,100000.0,1.0,200,1e-08,0.1
K,Triangular,5e-07,100000.0,1.0,200,1e-08,0.5
K,Triangular,5e-07,100000.0,1.0,200,1e-08,1.0
K,Triangular,5e-07,100000.0,10.0,50,1e-09,0.1
K,Triangular,5e-07,100000.0,10.0,50,1e-09,0.5
K,Triangular,5e-07,100000.0,10.0,50,1e-09,1.0
K,Triangular,5e-07,100000.0,10.0,50,5e-09,0.1
K,Triangular,5e-07,100000.0,10.0,50,5e-09,0.5
K,Triangular,5e-07,100000.0,10.0,50,5e-09,1.0
K,Triangular,5e-07,100000.0,10.0,50,1e-08,0.1
K,Triangular,5e-07,100000.0,10.0,50,1e-08,0.5
K,Triangular,5e-07,100000.0,10.0,50,1e-08,1.0
K,Triangular,5e-07,100000.0,10.0,100,1e-09,0.1
K,Triangular,5e-07,100000.0,10.0,100,1e-09,0.5
K,Triangular,5e-07,100000.0,10.0,100,1e-09,1.0
K,Triangular,5e-07,100000.0,10.0,100,5e-09,0.1
K,Triangular,5e-07,100000.0,10.0,100,5e-09,0.5
K,Triangular,5e-07,100000.0,10.0,100,5e-09,1.0
K,Triangular,5e-07,100000.0,10.0,100,1e-08,0.1
K,Triangular,5e-07,100000.0,10.0,100,1e-08,0.5
K,Triangular,5e-07,100000.0,10.0,100,1e-08,1.0
K,Triangular,5e-07,100000.0,10.0,200,1e-09,0.1
K,Triangular,5e-07,100000.0,10.0,200,1e-09,0.5
K,Triangular,5e-07,100000.0,10.0,200,1e-09,1.0
K,Triangular,5e-07,100000.0,10.0,200,5e-09,0.1
K,Triangular,5e-07,100000.0,10.0,200,5e-09,0.5
K,Triangular,5e-07,100000.0,10.0,200,5e-09,1.0
K,Triangular,5e-07,100000.0,10.0,200,1e-08,0.1
K,Triangular,5e-07,100000.0,10.0,200,1e-08,0.5
K,Triangular,5e-07,100000.0,10.0,200,1e-08,1.0
K,Triangular,7e-07,10000.0,0.1,50,1e-09,0.1
K,Triangular,7e-07,10000.0,0.1,50,1e-09,0.5
K,Triangular,7e-07,10000.0,0.1,50,1e-09,1.0
K,Triangular,7e-07,10000.0,0.1,50,5e-09,0.1
K,Triangular,7e-07,10000.0,0.1,50,5e-09,0.5
K,Triangular,7e-07,10000.0,0.1,50,5e-09,1.0
K,Triangular,7e-07,10000.0,0.1,50,1e-08,0.1
K,Triangular,7e-07,10000.0,0.1,50,1e-08,0.5
K,Triangular,7e-07,10000.0,0.1,50,1e-08,1.0
K,Triangular,7e-07,10000.0,0.1,100,1e-09,0.1
K,Triangular,7e-07,10000.0,0.1,100,1e-09,0.5
K,Triangular,7e-07,10000.0,0.1,100,1e-09,1.0
K,Triangular,7e-07,10000.0,0.1,100,5e-09,0.1
K,Triangular,7e-07,10000.0,0.1,100,5e-09,0.5
K,Triangular,7e-07,10000.0,0.1,100,5e-09,1.0
K,Triangular,7e-07,10000.0,0.1,100,1e-08,0.1
K,Triangular,7e-07,10000.0,0.1,100,1e-08,0.5
K,Triangular,7e-07,10000.0,0.1,100,1e-08,1.0
K,Triangular,7e-07,10000.0,0.1,200,1e-09,0.1
K,Triangular,7e-07,10000.0,0.1,200,1e-09,0.5
K,Triangular,7e-07,10000.0,0.1,200,1e-09,1.0
K,Triangular,7e-07,10000.0,0.1,200,5e-09,0.1
K,Triangular,7e-07,10000.0,0.1,200,5e-09,0.5
K,Triangular,7e-07,10000.0,0.1,200,5e-09,1.0
K,Triangular,7e-07,10000.0,0.1,200,1e-08,0.1
K,Triangular,7e-07,10000.0,0.1,200,1e-08,0.5
K,Triangular,7e-07,10000.0,0.1,200,1e-08,1.0
K,Triangular,7e-07,10000.0,1.0,50,1e-09,0.1
K,Triangular,7e-07,10000.0,1.0,50,1e-09,0.5
K,Triangular,7e-07,10000.0,1.0,50,1e-09,1.0
K,Triangular,7e-07,10000.0,1.0,50,5e-09,0.1
K,Triangular,7e-07,10000.0,1.0,50,5e-09,0.5
K,Triangular,7e-07,10000.0,1.0,50,5e-09,1.0
K,Triangular,7e-07,10000.0,1.0,50,1e-08,0.1
K,Triangular,7e-07,10000.0,1.0,50,1e-08,0.5
K,Triangular,7e-07,10000.0,1.0,50,1e-08,1.0
K,Triangular,7e-07,10000.0,1.0,100,1e-09,0.1
K,Triangular,7e-07,10000.0,1.0,100,1e-09,0.5
K,Triangular,7e-07,10000.0,1.0,100,1e-09,1.0
K,Triangular,7e-07,10000.0,1.0,100,5e-09,0.1
K,Triangular,7e-07,10000.0,1.0,100,5e-09,0.5
K,Triangular,7e-07,10000.0,1.0,100,5e-09,1.0
K,Triangular,7e-07,10000.0,1.0,100,1e-08,0.1
K,Triangular,7e-07,10000.0,1.0,100,1e-08,0.5
K,Triangular,7e-07,10000.0,1.0,100,1e-08,1.0
K,Triangular,7e-07,10000.0,1.0,200,1e-09,0.1
K,Triangular,7e-07,10000.0,1.0,200,1e-09,0.5
K,Triangular,7e-07,10000.0,1.0,200,1e-09,1.0
K,Triangular,7e-07,10000.0,1.0,200,5e-09,0.1
K,Triangular,7e-07,10000.0,1.0,200,5e-09,0.5
K,Triangular,7e-07,10000.0,1.0,200,5e-09,1.0
K,Triangular,7e-07,10000.0,1.0,200,1e-08,0.1
K,Triangular,7e-07,10000.0,1.0,200,1e-08,0.5
K,Triangular,7e-07,10000.0,1.0,200,1e-08,1.0
K,Triangular,7e-07,10000.0,10.0,50,1e-09,0.1
K,Triangular,7e-07,10000.0,10.0,50,1e-09,0.5
K,Triangular,7e-07,10000.0,10.0,50,1e-09,1.0
K,Triangular,7e-07,10000.0,10.0,50,5e-09,0.1
K,Triangular,7e-07,10000.0,10.0,50,5e-09,0.5
K,Triangular,7e-07,10000.0,10.0,50,5e-09,1.0
K,Triangular,7e-07,10000.0,10.0,50,1e-08,0.1
K,Triangular,7e-07,10000.0,10.0,50,1e-08,0.5
K,Triangular,7e-07,10000.0,10.0,50,1e-08,1.0
K,Triangular,7e-07,10000.0,10.0,100,1e-09,0.1
K,Triangular,7e-07,10000.0,10.0,100,1e-09,0.5
K,Triangular,7e-07,10000.0,10.0,100,1e-09,1.0
K,Triangular,7e-07,10000.0,10.0,100,5e-09,0.1
K,Triangular,7e-07,10000.0,10.0,100,5e-09,0.5
K,Triangular,7e-07,10000.0,10.0,100,5e-09,1.0
K,Triangular,7e-07,10000.0,10.0,100,1e-08,0.1
K,Triangular,7e-07,10000.0,10.0,100,1e-08,0.5
K,Triangular,7e-07,10000.0,10.0,100,1e-08,1.0
K,Triangular,7e-07,10000.0,10.0,200,1e-09,0.1
K,Triangular,7e-07,10000.0,10.0,200,1e-09,0.5
K,Triangular,7e-07,10000.0,10.0,200,1e-09,1.0
K,Triangular,7e-07,10000.0,10.0,200,5e-09,0.1
K,Triangular,7e-07,10000.0,10.0,200,5e-09,0.5
K,Triangular,7e-07,10000.0,10.0,200,5e-09,1.0
K,Triangular,7e-07,10000.0,10.0,200,1e-08,0.1
K,Triangular,7e-07,10000.0,10.0,200,1e-08,0.5
K,Triangular,7e-07,10000.0,10.0,200,1e-08,1.0
K,Triangular,7e-07,50000.0,0.1,50,1e-09,0.1
K,Triangular,7e-07,50000.0,0.1,50,1e-09,0.5
K,Triangular,7e-07,50000.0,0.1,50,1e-09,1.0
K,Triangular,7e-07,50000.0,0.1,50,5e-09,0.1
K,Triangular,7e-07,50000.0,0.1,50,5e-09,0.5
K,Triangular,7e-07,50000.0,0.1,50,5e-09,1.0
K,Triangular,7e-07,50000.0,0.1,50,1e-08,0.1
K,Triangular,7e-07,50000.0,0.1,50,1e-08,0.5
K,Triangular,7e-07,50000.0,0.1,50,1e-08,1.0
K,Triangular,7e-07,50000.0,0.1,100,1e-09,0.1
K,Triangular,7e-07,50000.0,0.1,100,1e-09,0.5
K,Triangular,7e-07,50000.0,0.1,100,1e-09,1.0
K,Triangular,7e-07,50000.0,0.1,100,5e-09,0.1
K,Triangular,7e-07,50000.0,0.1,100,5e-09,0.5
K,Triangular,7e-07,50000.0,0.1,100,5e-09,1.0
K,Triangular,7e-07,50000.0,0.1,100,1e-08,0.1
K,Triangular,7e-07,50000.0,0.1,100,1e-08,0.5
K,Triangular,7e-07,50000.0,0.1,100,1e-08,1.0
K,Triangular,7e-07,50000.0,0.1,200,1e-09,0.1
K,Triangular,7e-07,50000.0,0.1,200,1e-09,0.5
K,Triangular,7e-07,50000.0,0.1,200,1e-09,1.0
K,Triangular,7e-07,50000.0,0.1,200,5e-09,0.1
K,Triangular,7e-07,50000.0,0.1,200,5e-09,0.5
K,Triangular,7e-07,50000.0,0.1,200,5e-09,1.0
K,Triangular,7e-07,50000.0,0.1,200,1e-08,0.1
K,Triangular,7e-07,50000.0,0.1,200,1e-08,0.5
K,Triangular,7e-07,50000.0,0.1,200,1e-08,1.0
K,Triangular,7e-07,50000.0,1.0,50,1e-09,0.1
K,Triangular,7e-07,50000.0,1.0,50,1e-09,0.5
K,Triangular,7e-07,50000.0,1.0,50,1e-09,1.0
K,Triangular,7e-07,50000.0,1.0,50,5e-09,0.1
K,Triangular,7e-07,50000.0,1.0,50,5e-09,0.5
K,Triangular,7e-07,50000.0,1.0,50,5e-09,1.0
K,Triangular,7e-07,50000.0,1.0,50,1e-08,0.1
K,Triangular,7e-07,50000.0,1.0,50,1e-08,0.5
K,Triangular,7e-07,50000.0,1.0,50,1e-08,1.0
K,Triangular,7e-07,50000.0,1.0,100,1e-09,0.1
K,Triangular,7e-07,50000.0,1.0,100,1e-09,0.5
K,Triangular,7e-07,50000.0,1.0,100,1e-09,1.0
K,Triangular,7e-07,50000.0,1.0,100,5e-09,0.1
K,Triangular,7e-07,50000.0,1.0,100,5e-09,0.5
K,Triangular,7e-07,50000.0,1.0,100,5e-09,1.0
K,Triangular,7e-07,50000.0,1.0,100,1e-08,0.1
K,Triangular,7e-07,50000.0,1.0,100,1e-08,0.5
K,Triangular,7e-07,50000.0,1.0,100,1e-08,1.0
K,Triangular,7e-07,50000.0,1.0,200,1e-09,0.1
K,Triangular,7e-07,50000.0,1.0,200,1e-09,0.5
K,Triangular,7e-07,50000.0,1.0,200,1e-09,1.0
K,Triangular,7e-07,50000.0,1.0,200,5e-09,0.1
K,Triangular,7e-07,50000.0,1.0,200,5e-09,0.5
K,Triangular,7e-07,50000.0,1.0,200,5e-09,1.0
K,Triangular,7e-07,50000.0,1.0,200,1e-08,0.1
K,Triangular,7e-07,50000.0,1.0,200,1e-08,0.5
K,Triangular,7e-07,50000.0,1.0,200,1e-08,1.0
K,Triangular,7e-07,50000.0,10.0,50,1e-09,0.1
K,Triangular,7e-07,50000.0,10.0,50,1e-09,0.5
K,Triangular,7e-07,50000.0,10.0,50,1e-09,1.0
K,Triangular,7e-07,50000.0,10.0,50,5e-09,0.1
K,Triangular,7e-07,50000.0,10.0,50,5e-09,0.5
K,Triangular,7e-07,50000.0,10.0,50,5e-09,1.0
K,Triangular,7e-07,50000.0,10.0,50,1e-08,0.1
K,Triangular,7e-07,50000.0,10.0,50,1e-08,0.5
K,Triangular,7e-07,50000.0,10.0,50,1e-08,1.0
K,Triangular,7e-07,50000.0,10.0,100,1e-09,0.1
K,Triangular,7e-07,50000.0,10.0,100,1e-09,0.5
K,Triangular,7e-07,50000.0,10.0,100,1e-09,1.0
K,Triangular,7e-07,50000.0,10.0,100,5e-09,0.1
K,Triangular,7e-07,50000.0,10.0,100,5e-09,0.5
K,Triangular,7e-07,50000.0,10.0,100,5e-09,1.0
K,Triangular,7e-07,50000.0,10.0,100,1e-08,0.1
K,Triangular,7e-07,50000.0,10.0,100,1e-08,0.5
K,Triangular,7e-07,50000.0,10.0,100,1e-08,1.0
K,Triangular,7e-07,50000.0,10.0,200,1e-09,0.1
K,Triangular,7e-07,50000.0,10.0,200,1e-09,0.5
K,Triangular,7e-07,50000.0,10.0,200,1e-09,1.0
K,Triangular,7e-07,50000.0,10.0,200,5e-09,0.1
K,Triangular,7e-07,50000.0,10.0,200,5e-09,0.5
K,Triangular,7e-07,50000.0,10.0,200,5e-09,1.0
K,Triangular,7e-07,50000.0,10.0,200,1e-08,0.1
K,Triangular,7e-07,50000.0,10.0,200,1e-08,0.5
K,Triangular,7e-07,50000.0,10.0,200,1e-08,1.0
K,Triangular,7e-07,100000.0,0.1,50,1e-09,0.1
K,Triangular,7e-07,100000.0,0.1,50,1e-09,0.5
K,Triangular,7e-07,100000.0,0.1,50,1e-09,1.0
K,Triangular,7e-07,100000.0,0.1,50,5e-09,0.1
K,Triangular,7e-07,100000.0,0.1,50,5e-09,0.5
K,Triangular,7e-07,100000.0,0.1,50,5e-09,1.0
K,Triangular,7e-07,100000.0,0.1,50,1e-08,0.1
K,Triangular,7e-07,100000.0,0.1,50,1e-08,0.5
K,Triangular,7e-07,100000.0,0.1,50,1e-08,1.0
K,Triangular,7e-07,100000.0,0.1,100,1e-09,0.1
K,Triangular,7e-07,100000.0,0.1,100,1e-09,0.5
K,Triangular,7e-07,100000.0,0.1,100,1e-09,1.0
K,Triangular,7e-07,100000.0,0.1,100,5e-09,0.1
K,Triangular,7e-07,100000.0,0.1,100,5e-09,0.5
K,Triangular,7e-07,100000.0,0.1,100,5e-09,1.0
K,Triangular,7e-07,100000.0,0.1,100,1e-08,0.1
K,Triangular,7e-07,100000.0,0.1,100,1e-08,0.5
K,Triangular,7e-07,100000.0,0.1,100,1e-08,1.0
K,Triangular,7e-07,100000.0,0.1,200,1e-09,0.1
K,Triangular,7e-07,100000.0,0.1,200,1e-09,0.5
K,Triangular,7e-07,100000.0,0.1,200,1e-09,1.0
K,Triangular,7e-07,100000.0,0.1,200,5e-09,0.1
K,Triangular,7e-07,100000.0,0.1,200,5e-09,0.5
K,Triangular,7e-07,100000.0,0.1,200,5e-09,1.0
K,Triangular,7e-07,100000.0,0.1,200,1e-08,0.1
K,Triangular,7e-07,100000.0,0.1,200,1e-08,0.5
K,Triangular,7e-07,100000.0,0.1,200,1e-08,1.0
K,Triangular,7e-07,100000.0,1.0,50,1e-09,0.1
K,Triangular,7e-07,100000.0,1.0,50,1e-09,0.5
K,Triangular,7e-07,100000.0,1.0,50,1e-09,1.0
K,Triangular,7e-07,100000.0,1.0,50,5e-09,0.1
K,Triangular,7e-07,100000.0,1.0,50,5e-09,0.5
K,Triangular,7e-07,100000.0,1.0,50,5e-09,1.0
K,Triangular,7e-07,100000.0,1.0,50,1e-08,0.1
K,Triangular,7e-07,100000.0,1.0,50,1e-08,0.5
K,Triangular,7e-07,100000.0,1.0,50,1e-08,1.0
K,Triangular,7e-07,100000.0,1.0,100,1e-09,0.1
K,Triangular,7e-07,100000.0,1.0,100,1e-09,0.5
K,Triangular,7e-07,100000.0,1.0,100,1e-09,1.0
K,Triangular,7e-07,100000.0,1.0,100,5e-09,0.1
K,Triangular,7e-07,100000.0,1.0,100,5e-09,0.5
K,Triangular,7e-07,100000.0,1.0,100,5e-09,1.0
K,Triangular,7e-07,100000.0,1.0,100,1e-08,0.1
K,Triangular,7e-07,100000.0,1.0,100,1e-08,0.5
K,Triangular,7e-07,100000.0,1.0,100,1e-08,1.0
K,Triangular,7e-07,100000.0,1.0,200,1e-09,0.1
K,Triangular,7e-07,100000.0,1.0,200,1e-09,0.5
K,Triangular,7e-07,100000.0,1.0,200,1e-09,1.0
K,Triangular,7e-07,100000.0,1.0,200,5e-09,0.1
K,Triangular,7e-07,100000.0,1.0,200,5e-09,0.5
K,Triangular,7e-07,100000.0,1.0,200,5e-09,1.0
K,Triangular,7e-07,100000.0,1.0,200,1e-08,0.1
K,Triangular,7e-07,100000.0,1.0,200,1e-08,0.5
K,Triangular,7e-07,100000.0,1.0,200,1e-08,1.0
K,Triangular,7e-07,100000.0,10.0,50,1e-09,0.1
K,Triangular,7e-07,100000.0,10.0,50,1e-09,0.5
K,Triangular,7e-07,100000.0,10.0,50,1e-09,1.0
K,Triangular,7e-07,100000.0,10.0,50,5e-09,0.1
K,Triangular,7e-07,100000.0,10.0,50,5e-09,0.5
K,Triangular,7e-07,100000.0,10.0,50,5e-09,1.0
K,Triangular,7e-07,100000.0,10.0,50,1e-08,0.1
K,Triangular,7e-07,100000.0,10.0,50,1e-08,0.5
K,Triangular,7e-07,100000.0,10.0,50,1e-08,1.0
K,Triangular,7e-07,100000.0,10.0,100,1e-09,0.1
K,Triangular,7e-07,100000.0,10.0,100,1e-09,0.5
K,Triangular,7e-07,100000.0,10.0,100,1e-09,1.0
K,Triangular,7e-07,100000.0,10.0,100,5e-09,0.1
K,Triangular,7e-07,100000.0,10.0,100,5e-09,0.5
K,Triangular,7e-07,100000.0,10.0,100,5e-09,1.0
K,Triangular,7e-07,100000.0,10.0,100,1e-08,0.1
K,Triangular,7e-07,100000.0,10.0,100,1e-08,0.5
K,Triangular,7e-07,100000.0,10.0,100,1e-08,1.0
K,Triangular,7e-07,100000.0,10.0,200,1e-09,0.1
K,Triangular,7e-07,100000.0,10.0,200,1e-09,0.5
K,Triangular,7e-07,100000.0,10.0,200,1e-09,1.0
K,Triangular,7e-07,100000.0,10.0,200,5e-09,0.1
K,Triangular,7e-07,100000.0,10.0,200,5e-09,0.5
K,Triangular,7e-07,100000.0,10.0,200,5e-09,1.0
K,Triangular,7e-07,100000.0,10.0,200,1e-08,0.1
K,Triangular,7e-07,100000.0,10.0,200,1e-08,0.5
K,Triangular,7e-07,100000.0,10.0,200,1e-08,1.0
K,Triangular,1e-06,10000.0,0.1,50,1e-09,0.1
K,Triangular,1e-06,10000.0,0.1,50,1e-09,0.5
K,Triangular,1e-06,10000.0,0.1,50,1e-09,1.0
K,Triangular,1e-06,10000.0,0.1,50,5e-09,0.1
K,Triangular,1e-06,10000.0,0.1,50,5e-09,0.5
K,Triangular,1e-06,10000.0,0.1,50,5e-09,1.0
K,Triangular,1e-06,10000.0,0.1,50,1e-08,0.1
K,Triangular,1e-06,10000.0,0.1,50,1e-08,0.5
K,Triangular,1e-06,10000.0,0.1,50,1e-08,1.0
K,Triangular,1e-06,10000.0,0.1,100,1e-09,0.1
K,Triangular,1e-06,10000.0,0.1,100,1e-09,0.5
K,Triangular,1e-06,10000.0,0.1,100,1e-09,1.0
K,Triangular,1e-06,10000.0,0.1,100,5e-09,0.1
K,Triangular,1e-06,10000.0,0.1,100,5e-09,0.5
K,Triangular,1e-06,10000.0,0.1,100,5e-09,1.0
K,Triangular,1e-06,10000.0,0.1,100,1e-08,0.1
K,Triangular,1e-06,10000.0,0.1,100,1e-08,0.5
K,Triangular,1e-06,10000.0,0.1,100,1e-08,1.0
K,Triangular,1e-06,10000.0,0.1,200,1e-09,0.1
K,Triangular,1e-06,10000.0,0.1,200,1e-09,0.5
K,Triangular,1e-06,10000.0,0.1,200,1e-09,1.0
K,Triangular,1e-06,10000.0,0.1,200,5e-09,0.1
K,Triangular,1e-06,10000.0,0.1,200,5e-09,0.5
K,Triangular,1e-06,10000.0,0.1,200,5e-09,1.0
K,Triangular,1e-06,10000.0,0.1,200,1e-08,0.1
K,Triangular,1e-06,10000.0,0.1,200,1e-08,0.5
K,Triangular,1e-06,10000.0,0.1,200,1e-08,1.0
K,Triangular,1e-06,10000.0,1.0,50,1e-09,0.1
K,Triangular,1e-06,10000.0,1.0,50,1e-09,0.5
K,Triangular,1e-06,10000.0,1.0,50,1e-09,1.0
K,Triangular,1e-06,10000.0,1.0,50,5e-09,0.1
K,Triangular,1e-06,10000.0,1.0,50,5e-09,0.5
K,Triangular,1e-06,10000.0,1.0,50,5e-09,1.0
K,Triangular,1e-06,10000.0,1.0,50,1e-08,0.1
K,Triangular,1e-06,10000.0,1.0,50,1e-08,0.5
K,Triangular,1e-06,10000.0,1.0,50,1e-08,1.0
K,Triangular,1e-06,10000.0,1.0,100,1e-09,0.1
K,Triangular,1e-06,10000.0,1.0,100,1e-09,0.5
K,Triangular,1e-06,10000.0,1.0,100,1e-09,1.0
K,Triangular,1e-06,10000.0,1.0,100,5e-09,0.1
K,Triangular,1e-06,10000.0,1.0,100,5e-09,0.5
K,Triangular,1e-06,10000.0,1.0,100,5e-09,1.0
K,Triangular,1e-06,10000.0,1.0,100,1e-08,0.1
K,Triangular,1e-06,10000.0,1.0,100,1e-08,0.5
K,Triangular,1e-06,10000.0,1.0,100,1e-08,1.0
K,Triangular,1e-06,10000.0,1.0,200,1e-09,0.1
K,Triangular,1e-06,10000.0,1.0,200,1e-09,0.5
K,Triangular,1e-06,10000.0,1.0,200,1e-09,1.0
K,Triangular,1e-06,10000.0,1.0,200,5e-09,0.1
K,Triangular,1e-06,10000.0,1.0,200,5e-09,0.5
K,Triangular,1e-06,10000.0,1.0,200,5e-09,1.0
K,Triangular,1e-06,10000.0,1.0,200,1e-08,0.1
K,Triangular,1e-06,10000.0,1.0,200,1e-08,0.5
K,Triangular,1e-06,10000.0,1.0,200,1e-08,1.0
K,Triangular,1e-06,10000.0,10.0,50,1e-09,0.1
K,Triangular,1e-06,10000.0,10.0,50,1e-09,0.5
K,Triangular,1e-06,10000.0,10.0,50,1e-09,1.0
K,Triangular,1e-06,10000.0,10.0,50,5e-09,0.1
K,Triangular,1e-06,10000.0,10.0,50,5e-09,0.5
K,Triangular,1e-06,10000.0,10.0,50,5e-09,1.0
K,Triangular,1e-06,10000.0,10.0,50,1e-08,0.1
K,Triangular,1e-06,10000.0,10.0,50,1e-08,0.5
K,Triangular,1e-06,10000.0,10.0,50,1e-08,1.0
K,Triangular,1e-06,10000.0,10.0,100,1e-09,0.1
K,Triangular,1e-06,10000.0,10.0,100,1e-09,0.5
K,Triangular,1e-06,10000.0,10.0,100,1e-09,1.0
K,Triangular,1e-06,10000.0,10.0,100,5e-09,0.1
K,Triangular,1e-06,10000.0,10.0,100,5e-09,0.5
K,Triangular,1e-06,10000.0,10.0,100,5e-09,1.0
K,Triangular,1e-06,10000.0,10.0,100,1e-08,0.1
K,Triangular,1e-06,10000.0,10.0,100,1e-08,0.5
K,Triangular,1e-06,10000.0,10.0,100,1e-08,1.0
K,Triangular,1e-06,10000.0,10.0,200,1e-09,0.1
K,Triangular,1e-06,10000.0,10.0,200,1e-09,0.5
K,Triangular,1e-06,10000.0,10.0,200,1e-09,1.0
K,Triangular,1e-06,10000.0,10.0,200,5e-09,0.1
K,Triangular,1e-06,10000.0,10.0,200,5e-09,0.5
K,Triangular,1e-06,10000.0,10.0,200,5e-09,1.0
K,Triangular,1e-06,10000.0,10.0,200,1e-08,0.1
K,Triangular,1e-06,10000.0,10.0,200,1e-08,0.5
K,Triangular,1e-06,10000.0,10.0,200,1e-08,1.0
K,Triangular,1e-06,50000.0,0.1,50,1e-09,0.1
K,Triangular,1e-06,50000.0,0.1,50,1e-09,0.5
K,Triangular,1e-06,50000.0,0.1,50,1e-09,1.0
K,Triangular,1e-06,50000.0,0.1,50,5e-09,0.1
K,Triangular,1e-06,50000.0,0.1,50,5e-09,0.5
K,Triangular,1e-06,50000.0,0.1,50,5e-09,1.0
K,Triangular,1e-06,50000.0,0.1,50,1e-08,0.1
K,Triangular,1e-06,50000.0,0.1,50,1e-08,0.5
K,Triangular,1e-06,50000.0,0.1,50,1e-08,1.0
K,Triangular,1e-06,50000.0,0.1,100,1e-09,0.1
K,Triangular,1e-06,50000.0,0.1,100,1e-09,0.5
K,Triangular,1e-06,50000.0,0.1,100,1e-09,1.0
K,Triangular,1e-06,50000.0,0.1,100,5e-09,0.1
K,Triangular,1e-06,50000.0,0.1,100,5e-09,0.5
K,Triangular,1e-06,50000.0,0.1,100,5e-09,1.0
K,Triangular,1e-06,50000.0,0.1,100,1e-08,0.1
K,Triangular,1e-06,50000.0,0.1,100,1e-08,0.5
K,Triangular,1e-06,50000.0,0.1,100,1e-08,1.0
K,Triangular,1e-06,50000.0,0.1,200,1e-09,0.1
K,Triangular,1e-06,50000.0,0.1,200,1e-09,0.5
K,Triangular,1e-06,50000.0,0.1,200,1e-09,1.0
K,Triangular,1e-06,50000.0,0.1,200,5e-09,0.1
K,Triangular,1e-06,50000.0,0.1,200,5e-09,0.5
K,Triangular,1e-06,50000.0,0.1,200,5e-09,1.0
K,Triangular,1e-06,50000.0,0.1,200,1e-08,0.1
K,Triangular,1e-06,50000.0,0.1,200,1e-08,0.5
K,Triangular,1e-06,50000.0,0.1,200,1e-08,1.0
K,Triangular,1e-06,50000.0,1.0,50,1e-09,0.1
K,Triangular,1e-06,50000.0,1.0,50,1e-09,0.5
K,Triangular,1e-06,50000.0,1.0,50,1e-09,1.0
K,Triangular,1e-06,50000.0,1.0,50,5e-09,0.1
K,Triangular,1e-06,50000.0,1.0,50,5e-09,0.5
K,Triangular,1e-06,50000.0,1.0,50,5e-09,1.0
K,Triangular,1e-06,50000.0,1.0,50,1e-08,0.1
K,Triangular,1e-06,50000.0,1.0,50,1e-08,0.5
K,Triangular,1e-06,50000.0,1.0,50,1e-08,1.0
K,Triangular,1e-06,50000.0,1.0,100,1e-09,0.1
K,Triangular,1e-06,50000.0,1.0,100,1e-09,0.5
K,Triangular,1e-06,50000.0,1.0,100,1e-09,1.0
K,Triangular,1e-06,50000.0,1.0,100,5e-09,0.1
K,Triangular,1e-06,50000.0,1.0,100,5e-09,0.5
K,Triangular,1e-06,50000.0,1.0,100,5e-09,1.0
K,Triangular,1e-06,50000.0,1.0,100,1e-08,0.1
K,Triangular,1e-06,50000.0,1.0,100,1e-08,0.5
K,Triangular,1e-06,50000.0,1.0,100,1e-08,1.0
K,Triangular,1e-06,50000.0,1.0,200,1e-09,0.1
K,Triangular,1e-06,50000.0,1.0,200,1e-09,0.5
K,Triangular,1e-06,50000.0,1.0,200,1e-09,1.0
K,Triangular,1e-06,50000.0,1.0,200,5e-09,0.1
K,Triangular,1e-06,50000.0,1.0,200,5e-09,0.5
K,Triangular,1e-06,50000.0,1.0,200,5e-09,1.0
K,Triangular,1e-06,50000.0,1.0,200,1e-08,0.1
K,Triangular,1e-06,50000.0,1.0,200,1e-08,0.5
K,Triangular,1e-06,50000.0,1.0,200,1e-08,1.0
K,Triangular,1e-06,50000.0,10.0,50,1e-09,0.1
K,Triangular,1e-06,50000.0,10.0,50,1e-09,0.5
K,Triangular,1e-06,50000.0,10.0,50,1e-09,1.0
K,Triangular,1e-06,50000.0,10.0,50,5e-09,0.1
K,Triangular,1e-06,50000.0,10.0,50,5e-09,0.5
K,Triangular,1e-06,50000.0,10.0,50,5e-09,1.0
K,Triangular,1e-06,50000.0,10.0,50,1e-08,0.1
K,Triangular,1e-06,50000.0,10.0,50,1e-08,0.5
K,Triangular,1e-06,50000.0,10.0,50,1e-08,1.0
K,Triangular,1e-06,50000.0,10.0,100,1e-09,0.1
K,Triangular,1e-06,50000.0,10.0,100,1e-09,0.5
K,Triangular,1e-06,50000.0,10.0,100,1e-09,1.0
K,Triangular,1e-06,50000.0,10.0,100,5e-09,0.1
K,Triangular,1e-06,50000.0,10.0,100,5e-09,0.5
K,Triangular,1e-06,50000.0,10.0,100,5e-09,1.0
K,Triangular,1e-06,50000.0,10.0,100,1e-08,0.1
K,Triangular,1e-06,50000.0,10.0,100,1e-08,0.5
K,Triangular,1e-06,50000.0,10.0,100,1e-08,1.0
K,Triangular,1e-06,50000.0,10.0,200,1e-09,0.1
K,Triangular,1e-06,50000.0,10.0,200,1e-09,0.5
K,Triangular,1e-06,50000.0,10.0,200,1e-09,1.0
K,Triangular,1e-06,50000.0,10.0,200,5e-09,0.1
K,Triangular,1e-06,50000.0,10.0,200,5e-09,0.5
K,Triangular,1e-06,50000.0,10.0,200,5e-09,1.0
K,Triangular,1e-06,50000.0,10.0,200,1e-08,0.1
K,Triangular,1e-06,50000.0,10.0,200,1e-08,0.5
K,Triangular,1e-06,50000.0,10.0,200,1e-08,1.0
K,Triangular,1e-06,100000.0,0.1,50,1e-09,0.1
K,Triangular,1e-06,100000.0,0.1,50,1e-09,0.5
K,Triangular,1e-06,100000.0,0.1,50,1e-09,1.0
K,Triangular,1e-06,100000.0,0.1,50,5e-09,0.1
K,Triangular,1e-06,100000.0,0.1,50,5e-09,0.5
K,Triangular,1e-06,100000.0,0.1,50,5e-09,1.0
K,Triangular,1e-06,100000.0,0.1,50,1e-08,0.1
K,Triangular,1e-06,100000.0,0.1,50,1e-08,0.5
K,Triangular,1e-06,100000.0,0.1,50,1e-08,1.0
K,Triangular,1e-06,100000.0,0.1,100,1e-09,0.1
K,Triangular,1e-06,100000.0,0.1,100,1e-09,0.5
K,Triangular,1e-06,100000.0,0.1,100,1e-09,1.0
K,Triangular,1e-06,100000.0,0.1,100,5e-09,0.1
K,Triangular,1e-06,100000.0,0.1,100,5e-09,0.5
K,Triangular,1e-06,100000.0,0.1,100,5e-09,1.0
K,Triangular,1e-06,100000.0,0.1,100,1e-08,0.1
K,Triangular,1e-06,100000.0,0.1,100,1e-08,0.5
K,Triangular,1e-06,100000.0,0.1,100,1e-08,1.0
K,Triangular,1e-06,100000.0,0.1,200,1e-09,0.1
K,Triangular,1e-06,100000.0,0.1,200,1e-09,0.5
K,Triangular,1e-06,100000.0,0.1,200,1e-09,1.0
K,Triangular,1e-06,100000.0,0.1,200,5e-09,0.1
K,Triangular,1e-06,100000.0,0.1,200,5e-09,0.5
K,Triangular,1e-06,100000.0,0.1,200,5e-09,1.0
K,Triangular,1e-06,100000.0,0.1,200,1e-08,0.1
K,Triangular,1e-06,100000.0,0.1,200,1e-08,0.5
K,Triangular,1e-06,100000.0,0.1,200,1e-08,1.0
K,Triangular,1e-06,100000.0,1.0,50,1e-09,0.1
K,Triangular,1e-06,100000.0,1.0,50,1e-09,0.5
K,Triangular,1e-06,100000.0,1.0,50,1e-09,1.0
K,Triangular,1e-06,100000.0,1.0,50,5e-09,0.1
K,Triangular,1e-06,100000.0,1.0,50,5e-09,0.5
K,Triangular,1e-06,100000.0,1.0,50,5e-09,1.0
K,Triangular,1e-06,100000.0,1.0,50,1e-08,0.1
K,Triangular,1e-06,100000.0,1.0,50,1e-08,0.5
K,Triangular,1e-06,100000.0,1.0,50,1e-08,1.0
K,Triangular,1e-06,100000.0,1.0,100,1e-09,0.1
K,Triangular,1e-06,100000.0,1.0,100,1e-09,0.5
K,Triangular,1e-06,100000.0,1.0,100,1e-09,1.0
K,Triangular,1e-06,100000.0,1.0,100,5e-09,0.1
K,Triangular,1e-06,100000.0,1.0,100,5e-09,0.5
K,Triangular,1e-06,100000.0,1.0,100,5e-09,1.0
K,Triangular,1e-06,100000.0,1.0,100,1e-08,0.1
K,Triangular,1e-06,100000.0,1.0,100,1e-08,0.5
K,Triangular,1e-06,100000.0,1.0,100,1e-08,1.0
K,Triangular,1e-06,100000.0,1.0,200,1e-09,0.1
K,Triangular,1e-06,100000.0,1.0,200,1e-09,0.5
K,Triangular,1e-06,100000.0,1.0,200,1e-09,1.0
K,Triangular,1e-06,100000.0,1.0,200,5e-09,0.1
K,Triangular,1e-06,100000.0,1.0,200,5e-09,0.5
K,Triangular,1e-06,100000.0,1.0,200,5e-09,1.0
K,Triangular,1e-06,100000.0,1.0,200,1e-08,0.1
K,Triangular,1e-06,100000.0,1.0,200,1e-08,0.5
K,Triangular,1e-06,100000.0,1.0,200,1e-08,1.0
K,Triangular,1e-06,100000.0,10.0,50,1e-09,0.1
K,Triangular,1e-06,100000.0,10.0,50,1e-09,0.5
K,Triangular,1e-06,100000.0,10.0,50,1e-09,1.0
K,Triangular,1e-06,100000.0,10.0,50,5e-09,0.1
K,Triangular,1e-06,100000.0,10.0,50,5e-09,0.5
K,Triangular,1e-06,100000.0,10.0,50,5e-09,1.0
K,Triangular,1e-06,100000.0,10.0,50,1e-08,0.1
K,Triangular,1e-06,100000.0,10.0,50,1e-08,0.5
K,Triangular,1e-06,100000.0,10.0,50,1e-08,1.0
K,Triangular,1e-06,100000.0,10.0,100,1e-09,0.1
K,Triangular,1e-06,100000.0,10.0,100,1e-09,0.5
K,Triangular,1e-06,100000.0,10.0,100,1e-09,1.0
K,Triangular,1e-06,100000.0,10.0,100,5e-09,0.1
K,Triangular,1e-06,100000.0,10.0,100,5e-09,0.5
K,Triangular,1e-06,100000.0,10.0,100,5e-09,1.0
K,Triangular,1e-06,100000.0,10.0,100,1e-08,0.1
K,Triangular,1e-06,100000.0,10.0,100,1e-08,0.5
K,Triangular,1e-06,100000.0,10.0,100,1e-08,1.0
K,Triangular,1e-06,100000.0,10.0,200,1e-09,0.1
K,Triangular,1e-06,100000.0,10.0,200,1e-09,0.5
K,Triangular,1e-06,100000.0,10.0,200,1e-09,1.0
K,Triangular,1e-06,100000.0,10.0,200,5e-09,0.1
K,Triangular,1e-06,100000.0,10.0,200,5e-09,0.5
K,Triangular,1e-06,100000.0,10.0,200,5e-09,1.0
K,Triangular,1e-06,100000.0,10.0,200,1e-08,0.1
K,Triangular,1e-06,100000.0,10.0,200,1e-08,0.5
K,Triangular,1e-06,100000.0,10.0,200,1e-08,1.0
Rb,Square,5e-07,10000.0,0.1,50,1e-09,0.1
Rb,Square,5e-07,10000.0,0.1,50,1e-09,0.5
Rb,Square,5e-07,10000.0,0.1,50,1e-09,1.0
Rb,Square,5e-07,10000.0,0.1,50,5e-09,0.1
Rb,Square,5e-07,10000.0,0.1,50,5e-09,0.5
Rb,Square,5e-07,10000.0,0.1,50,5e-09,1.0
Rb,Square,5e-07,10000.0,0.1,50,1e-08,0.1
Rb,Square,5e-07,10000.0,0.1,50,1e-08,0.5
Rb,Square,5e-07,10000.0,0.1,50,1e-08,1.0
Rb,Square,5e-07,10000.0,0.1,100,1e-09,0.1
Rb,Square,5e-07,10000.0,0.1,100,1e-09,0.5
Rb,Square,5e-07,10000.0,0.1,100,1e-09,1.0
Rb,Square,5e-07,10000.0,0.1,100,5e-09,0.1
Rb,Square,5e-07,10000.0,0.1,100,5e-09,0.5
Rb,Square,5e-07,10000.0,0.1,100,5e-09,1.0
Rb,Square,5e-07,10000.0,0.1,100,1e-08,0.1
Rb,Square,5e-07,10000.0,0.1,100,1e-08,0.5
Rb,Square,5e-07,10000.0,0.1,100,1e-08,1.0
Rb,Square,5e-07,10000.0,0.1,200,1e-09,0.1
Rb,Square,5e-07,10000.0,0.1,200,1e-09,0.5
Rb,Square,5e-07,10000.0,0.1,200,1e-09,1.0
Rb,Square,5e-07,10000.0,0.1,200,5e-09,0.1
Rb,Square,5e-07,10000.0,0.1,200,5e-09,0.5
Rb,Square,5e-07,10000.0,0.1,200,5e-09,1.0
Rb,Square,5e-07,10000.0,0.1,200,1e-08,0.1
Rb,Square,5e-07,10000.0,0.1,200,1e-08,0.5
Rb,Square,5e-07,10000.0,0.1,200,1e-08,1.0
Rb,Square,5e-07,10000.0,1.0,50,1e-09,0.1
Rb,Square,5e-07,10000.0,1.0,50,1e-09,0.5
Rb,Square,5e-07,10000.0,1.0,50,1e-09,1.0
Rb,Square,5e-07,10000.0,1.0,50,5e-09,0.1
Rb,Square,5e-07,10000.0,1.0,50,5e-09,0.5
Rb,Square,5e-07,10000.0,1.0,50,5e-09,1.0
Rb,Square,5e-07,10000.0,1.0,50,1e-08,0.1
Rb,Square,5e-07,10000.0,1.0,50,1e-08,0.5
Rb,Square,5e-07,10000.0,1.0,50,1e-08,1.0
Rb,Square,5e-07,10000.0,1.0,100,1e-09,0.1
Rb,Square,5e-07,10000.0,1.0,100,1e-09,0.5
Rb,Square,5e-07,10000.0,1.0,100,1e-09,1.0
Rb,Square,5e-07,10000.0,1.0,100,5e-09,0.1
Rb,Square,5e-07,10000.0,1.0,100,5e-09,0.5
Rb,Square,5e-07,10000.0,1.0,100,5e-09,1.0
Rb,Square,5e-07,10000.0,1.0,100,1e-08,0.1
Rb,Square,5e-07,10000.0,1.0,100,1e-08,0.5
Rb,Square,5e-07,10000.0,1.0,100,1e-08,1.0
Rb,Square,5e-07,10000.0,1.0,200,1e-09,0.1
Rb,Square,5e-07,10000.0,1.0,200,1e-09,0.5
Rb,Square,5e-07,10000.0,1.0,200,1e-09,1.0
Rb,Square,5e-07,10000.0,1.0,200,5e-09,0.1
Rb,Square,5e-07,10000.0,1.0,200,5e-09,0.5
Rb,Square,5e-07,10000.0,1.0,200,5e-09,1.0
Rb,Square,5e-07,10000.0,1.0,200,1e-08,0.1
Rb,Square,5e-07,10000.0,1.0,200,1e-08,0.5
Rb,Square,5e-07,10000.0,1.0,200,1e-08,1.0
Rb,Square,5e-07,10000.0,10.0,50,1e-09,0.1
Rb,Square,5e-07,10000.0,10.0,50,1e-09,0.5
Rb,Square,5e-07,10000.0,10.0,50,1e-09,1.0
Rb,Square,5e-07,10000.0,10.0,50,5e-09,0.1
Rb,Square,5e-07,10000.0,10.0,50,5e-09,0.5
Rb,Square,5e-07,10000.0,10.0,50,5e-09,1.0
Rb,Square,5e-07,10000.0,10.0,50,1e-08,0.1
Rb,Square,5e-07,10000.0,10.0,50,1e-08,0.5
Rb,Square,5e-07,10000.0,10.0,50,1e-08,1.0
Rb,Square,5e-07,10000.0,10.0,100,1e-09,0.1
Rb,Square,5e-07,10000.0,10.0,100,1e-09,0.5
Rb,Square,5e-07,10000.0,10.0,100,1e-09,1.0
Rb,Square,5e-07,10000.0,10.0,100,5e-09,0.1
Rb,Square,5e-07,10000.0,10.0,100,5e-09,0.5
Rb,Square,5e-07,10000.0,10.0,100,5e-09,1.0
Rb,Square,5e-07,10000.0,10.0,100,1e-08,0.1
Rb,Square,5e-07,10000.0,10.0,100,1e-08,0.5
Rb,Square,5e-07,10000.0,10.0,100,1e-08,1.0
Rb,Square,5e-07,10000.0,10.0,200,1e-09,0.1
Rb,Square,5e-07,10000.0,10.0,200,1e-09,0.5
Rb,Square,5e-07,10000.0,10.0,200,1e-09,1.0
Rb,Square,5e-07,10000.0,10.0,200,5e-09,0.1
Rb,Square,5e-07,10000.0,10.0,200,5e-09,0.5
Rb,Square,5e-07,10000.0,10.0,200,5e-09,1.0
Rb,Square,5e-07,10000.0,10.0,200,1e-08,0.1
Rb,Square,5e-07,10000.0,10.0,200,1e-08,0.5
Rb,Square,5e-07,10000.0,10.0,200,1e-08,1.0
Rb,Square,5e-07,50000.0,0.1,50,1e-09,0.1
Rb,Square,5e-07,50000.0,0.1,50,1e-09,0.5
Rb,Square,5e-07,50000.0,0.1,50,1e-09,1.0
Rb,Square,5e-07,50000.0,0.1,50,5e-09,0.1
Rb,Square,5e-07,50000.0,0.1,50,5e-09,0.5
Rb,Square,5e-07,50000.0,0.1,50,5e-09,1.0
Rb,Square,5e-07,50000.0,0.1,50,1e-08,0.1
Rb,Square,5e-07,50000.0,0.1,50,1e-08,0.5
Rb,Square,5e-07,50000.0,0.1,50,1e-08,1.0
Rb,Square,5e-07,50000.0,0.1,100,1e-09,0.1
Rb,Square,5e-07,50000.0,0.1,100,1e-09,0.5
Rb,Square,5e-07,50000.0,0.1,100,1e-09,1.0
Rb,Square,5e-07,50000.0,0.1,100,5e-09,0.1
Rb,Square,5e-07,50000.0,0.1,100,5e-09,0.5
Rb,Square,5e-07,50000.0,0.1,100,5e-09,1.0
Rb,Square,5e-07,50000.0,0.1,100,1e-08,0.1
Rb,Square,5e-07,50000.0,0.1,100,1e-08,0.5
Rb,Square,5e-07,50000.0,0.1,100,1e-08,1.0
Rb,Square,5e-07,50000.0,0.1,200,1e-09,0.1
Rb,Square,5e-07,50000.0,0.1,200,1e-09,0.5
Rb,Square,5e-07,50000.0,0.1,200,1e-09,1.0
Rb,Square,5e-07,50000.0,0.1,200,5e-09,0.1
Rb,Square,5e-07,50000.0,0.1,200,5e-09,0.5
Rb,Square,5e-07,50000.0,0.1,200,5e-09,1.0
Rb,Square,5e-07,50000.0,0.1,200,1e-08,0.1
Rb,Square,5e-07,50000.0,0.1,200,1e-08,0.5
Rb,Square,5e-07,50000.0,0.1,200,1e-08,1.0
Rb,Square,5e-07,50000.0,1.0,50,1e-09,0.1
Rb,Square,5e-07,50000.0,1.0,50,1e-09,0.5
Rb,Square,5e-07,50000.0,1.0,50,1e-09,1.0
Rb,Square,5e-07,50000.0,1.0,50,5e-09,0.1
Rb,Square,5e-07,50000.0,1.0,50,5e-09,0.5
Rb,Square,5e-07,50000.0,1.0,50,5e-09,1.0
Rb,Square,5e-07,50000.0,1.0,50,1e-08,0.1
Rb,Square,5e-07,50000.0,1.0,50,1e-08,0.5
Rb,Square,5e-07,50000.0,1.0,50,1e-08,1.0
Rb,Square,5e-07,50000.0,1.0,100,1e-09,0.1
Rb,Square,5e-07,50000.0,1.0,100,1e-09,0.5
Rb,Square,5e-07,50000.0,1.0,100,1e-09,1.0
Rb,Square,5e-07,50000.0,1.0,100,5e-09,0.1
Rb,Square,5e-07,50000.0,1.0,100,5e-09,0.5
Rb,Square,5e-07,50000.0,1.0,100,5e-09,1.0
Rb,Square,5e-07,50000.0,1.0,100,1e-08,0.1
Rb,Square,5e-07,50000.0,1.0,100,1e-08,0.5
Rb,Square,5e-07,50000.0,1.0,100,1e-08,1.0
Rb,Square,5e-07,50000.0,1.0,200,1e-09,0.1
Rb,Square,5e-07,50000.0,1.0,200,1e-09,0.5
Rb,Square,5e-07,50000.0,1.0,200,1e-09,1.0
Rb,Square,5e-07,50000.0,1.0,200,5e-09,0.1
Rb,Square,5e-07,50000.0,1.0,200,5e-09,0.5
Rb,Square,5e-07,50000.0,1.0,200,5e-09,1.0
Rb,Square,5e-07,50000.0,1.0,200,1e-08,0.1
Rb,Square,5e-07,50000.0,1.0,200,1e-08,0.5
Rb,Square,5e-07,50000.0,1.0,200,1e-08,1.0
Rb,Square,5e-07,50000.0,10.0,50,1e-09,0.1
Rb,Square,5e-07,50000.0,10.0,50,1e-09,0.5
Rb,Square,5e-07,50000.0,10.0,50,1e-09,1.0
Rb,Square,5e-07,50000.0,10.0,50,5e-09,0.1
Rb,Square,5e-07,50000.0,10.0,50,5e-09,0.5
Rb,Square,5e-07,50000.0,10.0,50,5e-09,1.0
Rb,Square,5e-07,50000.0,10.0,50,1e-08,0.1
Rb,Square,5e-07,50000.0,10.0,50,1e-08,0.5
Rb,Square,5e-07,50000.0,10.0,50,1e-08,1.0
Rb,Square,5e-07,50000.0,10.0,100,1e-09,0.1
Rb,Square,5e-07,50000.0,10.0,100,1e-09,0.5
Rb,Square,5e-07,50000.0,10.0,100,1e-09,1.0
Rb,Square,5e-07,50000.0,10.0,100,5e-09,0.1
Rb,Square,5e-07,50000.0,10.0,100,5e-09,0.5
Rb,Square,5e-07,50000.0,10.0,100,5e-09,1.0
Rb,Square,5e-07,50000.0,10.0,100,1e-08,0.1
Rb,Square,5e-07,50000.0,10.0,100,1e-08,0.5
Rb,Square,5e-07,50000.0,10.0,100,1e-08,1.0
Rb,Square,5e-07,50000.0,10.0,200,1e-09,0.1
Rb,Square,5e-07,50000.0,10.0,200,1e-09,0.5
Rb,Square,5e-07,50000.0,10.0,200,1e-09,1.0
Rb,Square,5e-07,50000.0,10.0,200,5e-09,0.1
Rb,Square,5e-07,50000.0,10.0,200,5e-09,0.5
Rb,Square,5e-07,50000.0,10.0,200,5e-09,1.0
Rb,Square,5e-07,50000.0,10.0,200,1e-08,0.1
Rb,Square,5e-07,50000.0,10.0,200,1e-08,0.5
Rb,Square,5e-07,50000.0,10.0,200,1e-08,1.0
Rb,Square,5e-07,100000.0,0.1,50,1e-09,0.1
Rb,Square,5e-07,100000.0,0.1,50,1e-09,0.5
Rb,Square,5e-07,100000.0,0.1,50,1e-09,1.0
Rb,Square,5e-07,100000.0,0.1,50,5e-09,0.1
Rb,Square,5e-07,100000.0,0.1,50,5e-09,0.5
Rb,Square,5e-07,100000.0,0.1,50,5e-09,1.0
Rb,Square,5e-07,100000.0,0.1,50,1e-08,0.1
Rb,Square,5e-07,100000.0,0.1,50,1e-08,0.5
Rb,Square,5e-07,100000.0,0.1,50,1e-08,1.0
Rb,Square,5e-07,100000.0,0.1,100,1e-09,0.1
Rb,Square,5e-07,100000.0,0.1,100,1e-09,0.5
Rb,Square,5e-07,100000.0,0.1,100,1e-09,1.0
Rb,Square,5e-07,100000.0,0.1,100,5e-09,0.1
Rb,Square,5e-07,100000.0,0.1,100,5e-09,0.5
Rb,Square,5e-07,100000.0,0.1,100,5e-09,1.0
Rb,Square,5e-07,100000.0,0.1,100,1e-08,0.1
Rb,Square,5e-07,100000.0,0.1,100,1e-08,0.5
Rb,Square,5e-07,100000.0,0.1,100,1e-08,1.0
Rb,Square,5e-07,100000.0,0.1,200,1e-09,0.1
Rb,Square,5e-07,100000.0,0.1,200,1e-09,0.5
Rb,Square,5e-07,100000.0,0.1,200,1e-09,1.0
Rb,Square,5e-07,100000.0,0.1,200,5e-09,0.1
Rb,Square,5e-07,100000.0,0.1,200,5e-09,0.5
Rb,Square,5e-07,100000.0,0.1,200,5e-09,1.0
Rb,Square,5e-07,100000.0,0.1,200,1e-08,0.1
Rb,Square,5e-07,100000.0,0.1,200,1e-08,0.5
Rb,Square,5e-07,100000.0,0.1,200,1e-08,1.0
Rb,Square,5e-07,100000.0,1.0,50,1e-09,0.1
Rb,Square,5e-07,100000.0,1.0,50,1e-09,0.5
Rb,Square,5e-07,100000.0,1.0,50,1e-09,1.0
Rb,Square,5e-07,100000.0,1.0,50,5e-09,0.1
Rb,Square,5e-07,100000.0,1.0,50,5e-09,0.5
Rb,Square,5e-07,100000.0,1.0,50,5e-09,1.0
Rb,Square,5e-07,100000.0,1.0,50,1e-08,0.1
Rb,Square,5e-07,100000.0,1.0,50,1e-08,0.5
Rb,Square,5e-07,100000.0,1.0,50,1e-08,1.0
Rb,Square,5e-07,100000.0,1.0,100,1e-09,0.1
Rb,Square,5e-07,100000.0,1.0,100,1e-09,0.5
Rb,Square,5e-07,100000.0,1.0,100,1e-09,1.0
Rb,Square,5e-07,100000.0,1.0,100,5e-09,0.1
Rb,Square,5e-07,100000.0,1.0,100,5e-09,0.5
Rb,Square,5e-07,100000.0,1.0,100,5e-09,1.0
Rb,Square,5e-07,100000.0,1.0,100,1e-08,0.1
Rb,Square,5e-07,100000.0,1.0,100,1e-08,0.5
Rb,Square,5e-07,100000.0,1.0,100,1e-08,1.0
Rb,Square,5e-07,100000.0,1.0,200,1e-09,0.1
Rb,Square,5e-07,100000.0,1.0,200,1e-09,0.5
Rb,Square,5e-07,100000.0,1.0,200,1e-09,1.0
Rb,Square,5e-07,100000.0,1.0,200,5e-09,0.1
Rb,Square,5e-07,100000.0,1.0,200,5e-09,0.5
Rb,Square,5e-07,100000.0,1.0,200,5e-09,1.0
Rb,Square,5e-07,100000.0,1.0,200,1e-08,0.1
Rb,Square,5e-07,100000.0,1.0,200,1e-08,0.5
Rb,Square,5e-07,100000.0,1.0,200,1e-08,1.0
Rb,Square,5e-07,100000.0,10.0,50,1e-09,0.1
Rb,Square,5e-07,100000.0,10.0,50,1e-09,0.5
Rb,Square,5e-07,100000.0,10.0,50,1e-09,1.0
Rb,Square,5e-07,100000.0,10.0,50,5e-09,0.1
Rb,Square,5e-07,100000.0,10.0,50,5e-09,0.5
Rb,Square,5e-07,100000.0,10.0,50,5e-09,1.0
Rb,Square,5e-07,100000.0,10.0,50,1e-08,0.1
Rb,Square,5e-07,100000.0,10.0,50,1e-08,0.5
Rb,Square,5e-07,100000.0,10.0,50,1e-08,1.0
Rb,Square,5e-07,100000.0,10.0,100,1e-09,0.1
Rb,Square,5e-07,100000.0,10.0,100,1e-09,0.5
Rb,Square,5e-07,100000.0,10.0,100,1e-09,1.0
Rb,Square,5e-07,100000.0,10.0,100,5e-09,0.1
Rb,Square,5e-07,100000.0,10.0,100,5e-09,0.5
Rb,Square,5e-07,100000.0,10.0,100,5e-09,1.0
Rb,Square,5e-07,100000.0,10.0,100,1e-08,0.1
Rb,Square,5e-07,100000.0,10.0,100,1e-08,0.5
Rb,Square,5e-07,100000.0,10.0,100,1e-08,1.0
Rb,Square,5e-07,100000.0,10.0,200,1e-09,0.1
Rb,Square,5e-07,100000.0,10.0,200,1e-09,0.5
Rb,Square,5e-07,100000.0,10.0,200,1e-09,1.0
Rb,Square,5e-07,100000.0,10.0,200,5e-09,0.1
Rb,Square,5e-07,100000.0,10.0,200,5e-09,0.5
Rb,Square,5e-07,100000.0,10.0,200,5e-09,1.0
Rb,Square,5e-07,100000.0,10.0,200,1e-08,0.1
Rb,Square,5e-07,100000.0,10.0,200,1e-08,0.5
Rb,Square,5e-07,100000.0,10.0,200,1e-08,1.0
Rb,Square,7e-07,10000.0,0.1,50,1e-09,0.1
Rb,Square,7e-07,10000.0,0.1,50,1e-09,0.5
Rb,Square,7e-07,10000.0,0.1,50,1e-09,1.0
Rb,Square,7e-07,10000.0,0.1,50,5e-09,0.1
Rb,Square,7e-07,10000.0,0.1,50,5e-09,0.5
Rb,Square,7e-07,10000.0,0.1,50,5e-09,1.0
Rb,Square,7e-07,10000.0,0.1,50,1e-08,0.1
Rb,Square,7e-07,10000.0,0.1,50,1e-08,0.5
Rb,Square,7e-07,10000.0,0.1,50,1e-08,1.0
Rb,Square,7e-07,10000.0,0.1,100,1e-09,0.1
Rb,Square,7e-07,10000.0,0.1,100,1e-09,0.5
Rb,Square,7e-07,10000.0,0.1,100,1e-09,1.0
Rb,Square,7e-07,10000.0,0.1,100,5e-09,0.1
Rb,Square,7e-07,10000.0,0.1,100,5e-09,0.5
Rb,Square,7e-07,10000.0,0.1,100,5e-09,1.0
Rb,Square,7e-07,10000.0,0.1,100,1e-08,0.1
Rb,Square,7e-07,10000.0,0.1,100,1e-08,0.5
Rb,Square,7e-07,10000.0,0.1,100,1e-08,1.0
Rb,Square,7e-07,10000.0,0.1,200,1e-09,0.1
Rb,Square,7e-07,10000.0,0.1,200,1e-09,0.5
Rb,Square,7e-07,10000.0,0.1,200,1e-09,1.0
Rb,Square,7e-07,10000.0,0.1,200,5e-09,0.1
Rb,Square,7e-07,10000.0,0.1,200,5e-09,0.5
Rb,Square,7e-07,10000.0,0.1,200,5e-09,1.0
Rb,Square,7e-07,10000.0,0.1,200,1e-08,0.1
Rb,Square,7e-07,10000.0,0.1,200,1e-08,0.5
Rb,Square,7e-07,10000.0,0.1,200,1e-08,1.0
Rb,Square,7e-07,10000.0,1.0,50,1e-09,0.1
Rb,Square,7e-07,10000.0,1.0,50,1e-09,0.5
Rb,Square,7e-07,10000.0,1.0,50,1e-09,1.0
Rb,Square,7e-07,10000.0,1.0,50,5e-09,0.1
Rb,Square,7e-07,10000.0,1.0,50,5e-09,0.5
Rb,Square,7e-07,10000.0,1.0,50,5e-09,1.0
Rb,Square,7e-07,10000.0,1.0,50,1e-08,0.1
Rb,Square,7e-07,10000.0,1.0,50,1e-08,0.5
Rb,Square,7e-07,10000.0,1.0,50,1e-08,1.0
Rb,Square,7e-07,10000.0,1.0,100,1e-09,0.1
Rb,Square,7e-07,10000.0,1.0,100,1e-09,0.5
Rb,Square,7e-07,10000.0,1.0,100,1e-09,1.0
Rb,Square,7e-07,10000.0,1.0,100,5e-09,0.1
Rb,Square,7e-07,10000.0,1.0,100,5e-09,0.5
Rb,Square,7e-07,10000.0,1.0,100,5e-09,1.0
Rb,Square,7e-07,10000.0,1.0,100,1e-08,0.1
Rb,Square,7e-07,10000.0,1.0,100,1e-08,0.5
Rb,Square,7e-07,10000.0,1.0,100,1e-08,1.0
Rb,Square,7e-07,10000.0,1.0,200,1e-09,0.1
Rb,Square,7e-07,10000.0,1.0,200,1e-09,0.5
Rb,Square,7e-07,10000.0,1.0,200,1e-09,1.0
Rb,Square,7e-07,10000.0,1.0,200,5e-09,0.1
Rb,Square,7e-07,10000.0,1.0,200,5e-09,0.5
Rb,Square,7e-07,10000.0,1.0,200,5e-09,1.0
Rb,Square,7e-07,10000.0,1.0,200,1e-08,0.1
Rb,Square,7e-07,10000.0,1.0,200,1e-08,0.5
Rb,Square,7e-07,10000.0,1.0,200,1e-08,1.0
Rb,Square,7e-07,10000.0,10.0,50,1e-09,0.1
Rb,Square,7e-07,10000.0,10.0,50,1e-09,0.5
Rb,Square,7e-07,10000.0,10.0,50,1e-09,1.0
Rb,Square,7e-07,10000.0,10.0,50,5e-09,0.1
Rb,Square,7e-07,10000.0,10.0,50,5e-09,0.5
Rb,Square,7e-07,10000.0,10.0,50,5e-09,1.0
Rb,Square,7e-07,10000.0,10.0,50,1e-08,0.1
Rb,Square,7e-07,10000.0,10.0,50,1e-08,0.5
Rb,Square,7e-07,10000.0,10.0,50,1e-08,1.0
Rb,Square,7e-07,10000.0,10.0,100,1e-09,0.1
Rb,Square,7e-07,10000.0,10.0,100,1e-09,0.5
Rb,Square,7e-07,10000.0,10.0,100,1e-09,1.0
Rb,Square,7e-07,10000.0,10.0,100,5e-09,0.1
Rb,Square,7e-07,10000.0,10.0,100,5e-09,0.5
Rb,Square,7e-07,10000.0,10.0,100,5e-09,1.0
Rb,Square,7e-07,10000.0,10.0,100,1e-08,0.1
Rb,Square,7e-07,10000.0,10.0,100,1e-08,0.5
Rb,Square,7e-07,10000.0,10.0,100,1e-08,1.0
Rb,Square,7e-07,10000.0,10.0,200,1e-09,0.1
Rb,Square,7e-07,10000.0,10.0,200,1e-09,0.5
Rb,Square,7e-07,10000.0,10.0,200,1e-09,1.0
Rb,Square,7e-07,10000.0,10.0,200,5e-09,0.1
Rb,Square,7e-07,10000.0,10.0,200,5e-09,0.5
Rb,Square,7e-07,10000.0,10.0,200,5e-09,1.0
Rb,Square,7e-07,10000.0,10.0,200,1e-08,0.1
Rb,Square,7e-07,10000.0,10.0,200,1e-08,0.5
Rb,Square,7e-07,10000.0,10.0,200,1e-08,1.0
Rb,Square,7e-07,50000.0,0.1,50,1e-09,0.1
Rb,Square,7e-07,50000.0,0.1,50,1e-09,0.5
Rb,Square,7e-07,50000.0,0.1,50,1e-09,1.0
Rb,Square,7e-07,50000.0,0.1,50,5e-09,0.1
Rb,Square,7e-07,50000.0,0.1,50,5e-09,0.5
Rb,Square,7e-07,50000.0,0.1,50,5e-09,1.0
Rb,Square,7e-07,50000.0,0.1,50,1e-08,0.1
Rb,Square,7e-07,50000.0,0.1,50,1e-08,0.5
Rb,Square,7e-07,50000.0,0.1,50,1e-08,1.0
Rb,Square,7e-07,50000.0,0.1,100,1e-09,0.1
Rb,Square,7e-07,50000.0,0.1,100,1e-09,0.5
Rb,Square,7e-07,50000.0,0.1,100,1e-09,1.0
Rb,Square,7e-07,50000.0,0.1,100,5e-09,0.1
Rb,Square,7e-07,50000.0,0.1,100,5e-09,0.5
Rb,Square,7e-07,50000.0,0.1,100,5e-09,1.0
Rb,Square,7e-07,50000.0,0.1,100,1e-08,0.1
Rb,Square,7e-07,50000.0,0.1,100,1e-08,0.5
Rb,Square,7e-07,50000.0,0.1,100,1e-08,1.0
Rb,Square,7e-07,50000.0,0.1,200,1e-09,0.1
Rb,Square,7e-07,50000.0,0.1,200,1e-09,0.5
Rb,Square,7e-07,50000.0,0.1,200,1e-09,1.0
Rb,Square,7e-07,50000.0,0.1,200,5e-09,0.1
Rb,Square,7e-07,50000.0,0.1,200,5e-09,0.5
Rb,Square,7e-07,50000.0,0.1,200,5e-09,1.0
Rb,Square,7e-07,50000.0,0.1,200,1e-08,0.1
Rb,Square,7e-07,50000.0,0.1,200,1e-08,0.5
Rb,Square,7e-07,50000.0,0.1,200,1e-08,1.0
Rb,Square,7e-07,50000.0,1.0,50,1e-09,0.1
Rb,Square,7e-07,50000.0,1.0,50,1e-09,0.5
Rb,Square,7e-07,50000.0,1.0,50,1e-09,1.0
Rb,Square,7e-07,50000.0,1.0,50,5e-09,0.1
Rb,Square,7e-07,50000.0,1.0,50,5e-09,0.5
Rb,Square,7e-07,50000.0,1.0,50,5e-09,1.0
Rb,Square,7e-07,50000.0,1.0,50,1e-08,0.1
Rb,Square,7e-07,50000.0,1.0,50,1e-08,0.5
Rb,Square,7e-07,50000.0,1.0,50,1e-08,1.0
Rb,Square,7e-07,50000.0,1.0,100,1e-09,0.1
Rb,Square,7e-07,50000.0,1.0,100,1e-09,0.5
Rb,Square,7e-07,50000.0,1.0,100,1e-09,1.0
Rb,Square,7e-07,50000.0,1.0,100,5e-09,0.1
Rb,Square,7e-07,50000.0,1.0,100,5e-09,0.5
Rb,Square,7e-07,50000.0,1.0,100,5e-09,1.0
Rb,Square,7e-07,50000.0,1.0,100,1e-08,0.1
Rb,Square,7e-07,50000.0,1.0,100,1e-08,0.5
Rb,Square,7e-07,50000.0,1.0,100,1e-08,1.0
Rb,Square,7e-07,50000.0,1.0,200,1e-09,0.1
Rb,Square,7e-07,50000.0,1.0,200,1e-09,0.5
Rb,Square,7e-07,50000.0,1.0,200,1e-09,1.0
Rb,Square,7e-07,50000.0,1.0,200,5e-09,0.1
Rb,Square,7e-07,50000.0,1.0,200,5e-09,0.5
Rb,Square,7e-07,50000.0,1.0,200,5e-09,1.0
Rb,Square,7e-07,50000.0,1.0,200,1e-08,0.1
Rb,Square,7e-07,50000.0,1.0,200,1e-08,0.5
Rb,Square,7e-07,50000.0,1.0,200,1e-08,1.0
Rb,Square,7e-07,50000.0,10.0,50,1e-09,0.1
Rb,Square,7e-07,50000.0,10.0,50,1e-09,0.5
Rb,Square,7e-07,50000.0,10.0,50,1e-09,1.0
Rb,Square,7e-07,50000.0,10.0,50,5e-09,0.1
Rb,Square,7e-07,50000.0,10.0,50,5e-09,0.5
Rb,Square,7e-07,50000.0,10.0,50,5e-09,1.0
Rb,Square,7e-07,50000.0,10.0,50,1e-08,0.1
Rb,Square,7e-07,50000.0,10.0,50,1e-08,0.5
Rb,Square,7e-07,50000.0,10.0,50,1e-08,1.0
Rb,Square,7e-07,50000.0,10.0,100,1e-09,0.1
Rb,Square,7e-07,50000.0,10.0,100,1e-09,0.5
Rb,Square,7e-07,50000.0,10.0,100,1e-09,1.0
Rb,Square,7e-07,50000.0,10.0,100,5e-09,0.1
Rb,Square,7e-07,50000.0,10.0,100,5e-09,0.5
Rb,Square,7e-07,50000.0,10.0,100,5e-09,1.0
Rb,Square,7e-07,50000.0,10.0,100,1e-08,0.1
Rb,Square,7e-07,50000.0,10.0,100,1e-08,0.5
Rb,Square,7e-07,50000.0,10.0,100,1e-08,1.0
Rb,Square,7e-07,50000.0,10.0,200,1e-09,0.1
Rb,Square,7e-07,50000.0,10.0,200,1e-09,0.5
Rb,Square,7e-07,50000.0,10.0,200,1e-09,1.0
Rb,Square,7e-07,50000.0,10.0,200,5e-09,0.1
Rb,Square,7e-07,50000.0,10.0,200,5e-09,0.5
Rb,Square,7e-07,50000.0,10.0,200,5e-09,1.0
Rb,Square,7e-07,50000.0,10.0,200,1e-08,0.1
Rb,Square,7e-07,50000.0,10.0,200,1e-08,0.5
Rb,Square,7e-07,50000.0,10.0,200,1e-08,1.0
Rb,Square,7e-07,100000.0,0.1,50,1e-09,0.1
Rb,Square,7e-07,100000.0,0.1,50,1e-09,0.5
Rb,Square,7e-07,100000.0,0.1,50,1e-09,1.0
Rb,Square,7e-07,100000.0,0.1,50,5e-09,0.1
Rb,Square,7e-07,100000.0,0.1,50,5e-09,0.5
Rb,Square,7e-07,100000.0,0.1,50,5e-09,1.0
Rb,Square,7e-07,100000.0,0.1,50,1e-08,0.1
Rb,Square,7e-07,100000.0,0.1,50,1e-08,0.5
Rb,Square,7e-07,100000.0,0.1,50,1e-08,1.0
Rb,Square,7e-07,100000.0,0.1,100,1e-09,0.1
Rb,Square,7e-07,100000.0,0.1,100,1e-09,0.5
Rb,Square,7e-07,100000.0,0.1,100,1e-09,1.0
Rb,Square,7e-07,100000.0,0.1,100,5e-09,0.1
Rb,Square,7e-07,100000.0,0.1,100,5e-09,0.5
Rb,Square,7e-07,100000.0,0.1,100,5e-09,1.0
Rb,Square,7e-07,100000.0,0.1,100,1e-08,0.1
Rb,Square,7e-07,100000.0,0.1,100,1e-08,0.5
Rb,Square,7e-07,100000.0,0.1,100,1e-08,1.0
Rb,Square,7e-07,100000.0,0.1,200,1e-09,0.1
Rb,Square,7e-07,100000.0,0.1,200,1e-09,0.5
Rb,Square,7e-07,100000.0,0.1,200,1e-09,1.0
Rb,Square,7e-07,100000.0,0.1,200,5e-09,0.1
Rb,Square,7e-07,100000.0,0.1,200,5e-09,0.5
Rb,Square,7e-07,100000.0,0.1,200,5e-09,1.0
Rb,Square,7e-07,100000.0,0.1,200,1e-08,0.1
Rb,Square,7e-07,100000.0,0.1,200,1e-08,0.5
Rb,Square,7e-07,100000.0,0.1,200,1e-08,1.0
Rb,Square,7e-07,100000.0,1.0,50,1e-09,0.1
Rb,Square,7e-07,100000.0,1.0,50,1e-09,0.5
Rb,Square,7e-07,100000.0,1.0,50,1e-09,1.0
Rb,Square,7e-07,100000.0,1.0,50,5e-09,0.1
Rb,Square,7e-07,100000.0,1.0,50,5e-09,0.5
Rb,Square,7e-07,100000.0,1.0,50,5e-09,1.0
Rb,Square,7e-07,100000.0,1.0,50,1e-08,0.1
Rb,Square,7e-07,100000.0,1.0,50,1e-08,0.5
Rb,Square,7e-07,100000.0,1.0,50,1e-08,1.0
Rb,Square,7e-07,100000.0,1.0,100,1e-09,0.1
Rb,Square,7e-07,100000.0,1.0,100,1e-09,0.5
Rb,Square,7e-07,100000.0,1.0,100,1e-09,1.0
Rb,Square,7e-07,100000.0,1.0,100,5e-09,0.1
Rb,Square,7e-07,100000.0,1.0,100,5e-09,0.5
Rb,Square,7e-07,100000.0,1.0,100,5e-09,1.0
Rb,Square,7e-07,100000.0,1.0,100,1e-08,0.1
Rb,Square,7e-07,100000.0,1.0,100,1e-08,0.5
Rb,Square,7e-07,100000.0,1.0,100,1e-08,1.0
Rb,Square,7e-07,100000.0,1.0,200,1e-09,0.1
Rb,Square,7e-07,100000.0,1.0,200,1e-09,0.5
Rb,Square,7e-07,100000.0,1.0,200,1e-09,1.0
Rb,Square,7e-07,100000.0,1.0,200,5e-09,0.1
Rb,Square,7e-07,100000.0,1.0,200,5e-09,0.5
Rb,Square,7e-07,100000.0,1.0,200,5e-09,1.0
Rb,Square,7e-07,100000.0,1.0,200,1e-08,0.1
Rb,Square,7e-07,100000.0,1.0,200,1e-08,0.5
Rb,Square,7e-07,100000.0,1.0,200,1e-08,1.0
Rb,Square,7e-07,100000.0,10.0,50,1e-09,0.1
Rb,Square,7e-07,100000.0,10.0,50,1e-09,0.5
Rb,Square,7e-07,100000.0,10.0,50,1e-09,1.0
Rb,Square,7e-07,100000.0,10.0,50,5e-09,0.1
Rb,Square,7e-07,100000.0,10.0,50,5e-09,0.5
Rb,Square,7e-07,100000.0,10.0,50,5e-09,1.0
Rb,Square,7e-07,100000.0,10.0,50,1e-08,0.1
Rb,Square,7e-07,100000.0,10.0,50,1e-08,0.5
Rb,Square,7e-07,100000.0,10.0,50,1e-08,1.0
Rb,Square,7e-07,100000.0,10.0,100,1e-09,0.1
Rb,Square,7e-07,100000.0,10.0,100,1e-09,0.5
Rb,Square,7e-07,100000.0,10.0,100,1e-09,1.0
Rb,Square,7e-07,100000.0,10.0,100,5e-09,0.1
Rb,Square,7e-07,100000.0,10.0,100,5e-09,0.5
Rb,Square,7e-07,100000.0,10.0,100,5e-09,1.0
Rb,Square,7e-07,100000.0,10.0,100,1e-08,0.1
Rb,Square,7e-07,100000.0,10.0,100,1e-08,0.5
Rb,Square,7e-07,100000.0,10.0,100,1e-08,1.0
Rb,Square,7e-07,100000.0,10.0,200,1e-09,0.1
Rb,Square,7e-07,100000.0,10.0,200,1e-09,0.5
Rb,Square,7e-07,100000.0,10.0,200,1e-09,1.0
Rb,Square,7e-07,100000.0,10.0,200,5e-09,0.1
Rb,Square,7e-07,100000.0,10.0,200,5e-09,0.5
Rb,Square,7e-07,100000.0,10.0,200,5e-09,1.0
Rb,Square,7e-07,100000.0,10.0,200,1e-08,0.1
Rb,Square,7e-07,100000.0,10.0,200,1e-08,0.5
Rb,Square,7e-07,100000.0,10.0,200,1e-08,1.0
Rb,Square,1e-06,10000.0,0.1,50,1e-09,0.1
Rb,Square,1e-06,10000.0,0.1,50,1e-09,0.5
Rb,Square,1e-06,10000.0,0.1,50,1e-09,1.0
Rb,Square,1e-06,10000.0,0.1,50,5e-09,0.1
Rb,Square,1e-06,10000.0,0.1,50,5e-09,0.5
Rb,Square,1e-06,10000.0,0.1,50,5e-09,1.0
Rb,Square,1e-06,10000.0,0.1,50,1e-08,0.1
Rb,Square,1e-06,10000.0,0.1,50,1e-08,0.5
Rb,Square,1e-06,10000.0,0.1,50,1e-08,1.0
Rb,Square,1e-06,10000.0,0.1,100,1e-09,0.1
Rb,Square,1e-06,10000.0,0.1,100,1e-09,0.5
Rb,Square,1e-06,10000.0,0.1,100,1e-09,1.0
Rb,Square,1e-06,10000.0,0.1,100,5e-09,0.1
Rb,Square,1e-06,10000.0,0.1,100,5e-09,0.5
Rb,Square,1e-06,10000.0,0.1,100,5e-09,1.0
Rb,Square,1e-06,10000.0,0.1,100,1e-08,0.1
Rb,Square,1e-06,10000.0,0.1,100,1e-08,0.5
Rb,Square,1e-06,10000.0,0.1,100,1e-08,1.0
Rb,Square,1e-06,10000.0,0.1,200,1e-09,0.1
Rb,Square,1e-06,10000.0,0.1,200,1e-09,0.5
Rb,Square,1e-06,10000.0,0.1,200,1e-09,1.0
Rb,Square,1e-06,10000.0,0.1,200,5e-09,0.1
Rb,Square,1e-06,10000.0,0.1,200,5e-09,0.5
Rb,Square,1e-06,10000.0,0.1,200,5e-09,1.0
Rb,Square,1e-06,10000.0,0.1,200,1e-08,0.1
Rb,Square,1e-06,10000.0,0.1,200,1e-08,0.5
Rb,Square,1e-06,10000.0,0.1,200,1e-08,1.0
Rb,Square,1e-06,10000.0,1.0,50,1e-09,0.1
Rb,Square,1e-06,10000.0,1.0,50,1e-09,0.5
Rb,Square,1e-06,10000.0,1.0,50,1e-09,1.0
Rb,Square,1e-06,10000.0,1.0,50,5e-09,0.1
Rb,Square,1e-06,10000.0,1.0,50,5e-09,0.5
Rb,Square,1e-06,10000.0,1.0,50,5e-09,1.0
Rb,Square,1e-06,10000.0,1.0,50,1e-08,0.1
Rb,Square,1e-06,10000.0,1.0,50,1e-08,0.5
Rb,Square,1e-06,10000.0,1.0,50,1e-08,1.0
Rb,Square,1e-06,10000.0,1.0,100,1e-09,0.1
Rb,Square,1e-06,10000.0,1.0,100,1e-09,0.5
Rb,Square,1e-06,10000.0,1.0,100,1e-09,1.0
Rb,Square,1e-06,10000.0,1.0,100,5e-09,0.1
Rb,Square,1e-06,10000.0,1.0,100,5e-09,0.5
Rb,Square,1e-06,10000.0,1.0,100,5e-09,1.0
Rb,Square,1e-06,10000.0,1.0,100,1e-08,0.1
Rb,Square,1e-06,10000.0,1.0,100,1e-08,0.5
Rb,Square,1e-06,10000.0,1.0,100,1e-08,1.0
Rb,Square,1e-06,10000.0,1.0,200,1e-09,0.1
Rb,Square,1e-06,10000.0,1.0,200,1e-09,0.5
Rb,Square,1e-06,10000.0,1.0,200,1e-09,1.0
Rb,Square,1e-06,10000.0,1.0,200,5e-09,0.1
Rb,Square,1e-06,10000.0,1.0,200,5e-09,0.5
Rb,Square,1e-06,10000.0,1.0,200,5e-09,1.0
Rb,Square,1e-06,10000.0,1.0,200,1e-08,0.1
Rb,Square,1e-06,10000.0,1.0,200,1e-08,0.5
Rb,Square,1e-06,10000.0,1.0,200,1e-08,1.0
Rb,Square,1e-06,10000.0,10.0,50,1e-09,0.1
Rb,Square,1e-06,10000.0,10.0,50,1e-09,0.5
Rb,Square,1e-06,10000.0,10.0,50,1e-09,1.0
Rb,Square,1e-06,10000.0,10.0,50,5e-09,0.1
Rb,Square,1e-06,10000.0,10.0,50,5e-09,0.5
Rb,Square,1e-06,10000.0,10.0,50,5e-09,1.0
Rb,Square,1e-06,10000.0,10.0,50,1e-08,0.1
Rb,Square,1e-06,10000.0,10.0,50,1e-08,0.5
Rb,Square,1e-06,10000.0,10.0,50,1e-08,1.0
Rb,Square,1e-06,10000.0,10.0,100,1e-09,0.1
Rb,Square,1e-06,10000.0,10.0,100,1e-09,0.5
Rb,Square,1e-06,10000.0,10.0,100,1e-09,1.0
Rb,Square,1e-06,10000.0,10.0,100,5e-09,0.1
Rb,Square,1e-06,10000.0,10.0,100,5e-09,0.5
Rb,Square,1e-06,10000.0,10.0,100,5e-09,1.0
Rb,Square,1e-06,10000.0,10.0,100,1e-08,0.1
Rb,Square,1e-06,10000.0,10.0,100,1e-08,0.5
Rb,Square,1e-06,10000.0,10.0,100,1e-08,1.0
Rb,Square,1e-06,10000.0,10.0,200,1e-09,0.1
Rb,Square,1e-06,10000.0,10.0,200,1e-09,0.5
Rb,Square,1e-06,10000.0,10.0,200,1e-09,1.0
Rb,Square,1e-06,10000.0,10.0,200,5e-09,0.1
Rb,Square,1e-06,10000.0,10.0,200,5e-09,0.5
Rb,Square,1e-06,10000.0,10.0,200,5e-09,1.0
Rb,Square,1e-06,10000.0,10.0,200,1e-08,0.1
Rb,Square,1e-06,10000.0,10.0,200,1e-08,0.5
Rb,Square,1e-06,10000.0,10.0,200,1e-08,1.0
Rb,Square,1e-06,50000.0,0.1,50,1e-09,0.1
Rb,Square,1e-06,50000.0,0.1,50,1e-09,0.5
Rb,Square,1e-06,50000.0,0.1,50,1e-09,1.0
Rb,Square,1e-06,50000.0,0.1,50,5e-09,0.1
Rb,Square,1e-06,50000.0,0.1,50,5e-09,0.5
Rb,Square,1e-06,50000.0,0.1,50,5e-09,1.0
Rb,Square,1e-06,50000.0,0.1,50,1e-08,0.1
Rb,Square,1e-06,50000.0,0.1,50,1e-08,0.5
Rb,Square,1e-06,50000.0,0.1,50,1e-08,1.0
Rb,Square,1e-06,50000.0,0.1,100,1e-09,0.1
Rb,Square,1e-06,50000.0,0.1,100,1e-09,0.5
Rb,Square,1e-06,50000.0,0.1,100,1e-09,1.0
Rb,Square,1e-06,50000.0,0.1,100,5e-09,0.1
Rb,Square,1e-06,50000.0,0.1,100,5e-09,0.5
Rb,Square,1e-06,50000.0,0.1,100,5e-09,1.0
Rb,Square,1e-06,50000.0,0.1,100,1e-08,0.1
Rb,Square,1e-06,50000.0,0.1,100,1e-08,0.5
Rb,Square,1e-06,50000.0,0.1,100,1e-08,1.0
Rb,Square,1e-06,50000.0,0.1,200,1e-09,0.1
Rb,Square,1e-06,50000.0,0.1,200,1e-09,0.5
Rb,Square,1e-06,50000.0,0.1,200,1e-09,1.0
Rb,Square,1e-06,50000.0,0.1,200,5e-09,0.1
Rb,Square,1e-06,50000.0,0.1,200,5e-09,0.5
Rb,Square,1e-06,50000.0,0.1,200,5e-09,1.0
Rb,Square,1e-06,50000.0,0.1,200,1e-08,0.1
Rb,Square,1e-06,50000.0,0.1,200,1e-08,0.5
Rb,Square,1e-06,50000.0,0.1,200,1e-08,1.0
Rb,Square,1e-06,50000.0,1.0,50,1e-09,0.1
Rb,Square,1e-06,50000.0,1.0,50,1e-09,0.5
Rb,Square,1e-06,50000.0,1.0,50,1e-09,1.0
Rb,Square,1e-06,50000.0,1.0,50,5e-09,0.1
Rb,Square,1e-06,50000.0,1.0,50,5e-09,0.5
Rb,Square,1e-06,50000.0,1.0,50,5e-09,1.0
Rb,Square,1e-06,50000.0,1.0,50,1e-08,0.1
Rb,Square,1e-06,50000.0,1.0,50,1e-08,0.5
Rb,Square,1e-06,50000.0,1.0,50,1e-08,1.0
Rb,Square,1e-06,50000.0,1.0,100,1e-09,0.1
Rb,Square,1e-06,50000.0,1.0,100,1e-09,0.5
Rb,Square,1e-06,50000.0,1.0,100,1e-09,1.0
Rb,Square,1e-06,50000.0,1.0,100,5e-09,0.1
Rb,Square,1e-06,50000.0,1.0,100,5e-09,0.5
Rb,Square,1e-06,50000.0,1.0,100,5e-09,1.0
Rb,Square,1e-06,50000.0,1.0,100,1e-08,0.1
Rb,Square,1e-06,50000.0,1.0,100,1e-08,0.5
Rb,Square,1e-06,50000.0,1.0,100,1e-08,1.0
Rb,Square,1e-06,50000.0,1.0,200,1e-09,0.1
Rb,Square,1e-06,50000.0,1.0,200,1e-09,0.5
Rb,Square,1e-06,50000.0,1.0,200,1e-09,1.0
Rb,Square,1e-06,50000.0,1.0,200,5e-09,0.1
Rb,Square,1e-06,50000.0,1.0,200,5e-09,0.5
Rb,Square,1e-06,50000.0,1.0,200,5e-09,1.0
Rb,Square,1e-06,50000.0,1.0,200,1e-08,0.1
Rb,Square,1e-06,50000.0,1.0,200,1e-08,0.5
Rb,Square,1e-06,50000.0,1.0,200,1e-08,1.0
Rb,Square,1e-06,50000.0,10.0,50,1e-09,0.1
Rb,Square,1e-06,50000.0,10.0,50,1e-09,0.5
Rb,Square,1e-06,50000.0,10.0,50,1e-09,1.0
Rb,Square,1e-06,50000.0,10.0,50,5e-09,0.1
Rb,Square,1e-06,50000.0,10.0,50,5e-09,0.5
Rb,Square,1e-06,50000.0,10.0,50,5e-09,1.0
Rb,Square,1e-06,50000.0,10.0,50,1e-08,0.1
Rb,Square,1e-06,50000.0,10.0,50,1e-08,0.5
Rb,Square,1e-06,50000.0,10.0,50,1e-08,1.0
Rb,Square,1e-06,50000.0,10.0,100,1e-09,0.1
Rb,Square,1e-06,50000.0,10.0,100,1e-09,0.5
Rb,Square,1e-06,50000.0,10.0,100,1e-09,1.0
Rb,Square,1e-06,50000.0,10.0,100,5e-09,0.1
Rb,Square,1e-06,50000.0,10.0,100,5e-09,0.5
Rb,Square,1e-06,50000.0,10.0,100,5e-09,1.0
Rb,Square,1e-06,50000.0,10.0,100,1e-08,0.1
Rb,Square,1e-06,50000.0,10.0,100,1e-08,0.5
Rb,Square,1e-06,50000.0,10.0,100,1e-08,1.0
Rb,Square,1e-06,50000.0,10.0,200,1e-09,0.1
Rb,Square,1e-06,50000.0,10.0,200,1e-09,0.5
Rb,Square,1e-06,50000.0,10.0,200,1e-09,1.0
Rb,Square,1e-06,50000.0,10.0,200,5e-09,0.1
Rb,Square,1e-06,50000.0,10.0,200,5e-09,0.5
Rb,Square,1e-06,50000.0,10.0,200,5e-09,1.0
Rb,Square,1e-06,50000.0,10.0,200,1e-08,0.1
Rb,Square,1e-06,50000.0,10.0,200,1e-08,0.5
Rb,Square,1e-06,50000.0,10.0,200,1e-08,1.0
Rb,Square,1e-06,100000.0,0.1,50,1e-09,0.1
Rb,Square,1e-06,100000.0,0.1,50,1e-09,0.5
Rb,Square,1e-06,100000.0,0.1,50,1e-09,1.0
Rb,Square,1e-06,100000.0,0.1,50,5e-09,0.1
Rb,Square,1e-06,100000.0,0.1,50,5e-09,0.5
Rb,Square,1e-06,100000.0,0.1,50,5e-09,1.0
Rb,Square,1e-06,100000.0,0.1,50,1e-08,0.1
Rb,Square,1e-06,100000.0,0.1,50,1e-08,0.5
Rb,Square,1e-06,100000.0,0.1,50,1e-08,1.0
Rb,Square,1e-06,100000.0,0.1,100,1e-09,0.1
Rb,Square,1e-06,100000.0,0.1,100,1e-09,0.5
Rb,Square,1e-06,100000.0,0.1,100,1e-09,1.0
Rb,Square,1e-06,100000.0,0.1,100,5e-09,0.1
Rb,Square,1e-06,100000.0,0.1,100,5e-09,0.5
Rb,Square,1e-06,100000.0,0.1,100,5e-09,1.0
Rb,Square,1e-06,100000.0,0.1,100,1e-08,0.1
Rb,Square,1e-06,100000.0,0.1,100,1e-08,0.5
Rb,Square,1e-06,100000.0,0.1,100,1e-08,1.0
Rb,Square,1e-06,100000.0,0.1,200,1e-09,0.1
Rb,Square,1e-06,100000.0,0.1,200,1e-09,0.5
Rb,Square,1e-06,100000.0,0.1,200,1e-09,1.0
Rb,Square,1e-06,100000.0,0.1,200,5e-09,0.1
Rb,Square,1e-06,100000.0,0.1,200,5e-09,0.5
Rb,Square,1e-06,100000.0,0.1,200,5e-09,1.0
Rb,Square,1e-06,100000.0,0.1,200,1e-08,0.1
Rb,Square,1e-06,100000.0,0.1,200,1e-08,0.5
Rb,Square,1e-06,100000.0,0.1,200,1e-08,1.0
Rb,Square,1e-06,100000.0,1.0,50,1e-09,0.1
Rb,Square,1e-06,100000.0,1.0,50,1e-09,0.5
Rb,Square,1e-06,100000.0,1.0,50,1e-09,1.0
Rb,Square,1e-06,100000.0,1.0,50,5e-09,0.1
Rb,Square,1e-06,100000.0,1.0,50,5e-09,0.5
Rb,Square,1e-06,100000.0,1.0,50,5e-09,1.0
Rb,Square,1e-06,100000.0,1.0,50,1e-08,0.1
Rb,Square,1e-06,100000.0,1.0,50,1e-08,0.5
Rb,Square,1e-06,100000.0,1.0,50,1e-08,1.0
Rb,Square,1e-06,100000.0,1.0,100,1e-09,0.1
Rb,Square,1e-06,100000.0,1.0,100,1e-09,0.5
Rb,Square,1e-06,100000.0,1.0,100,1e-09,1.0
Rb,Square,1e-06,100000.0,1.0,100,5e-09,0.1
Rb,Square,1e-06,100000.0,1.0,100,5e-09,0.5
Rb,Square,1e-06,100000.0,1.0,100,5e-09,1.0
Rb,Square,1e-06,100000.0,1.0,100,1e-08,0.1
Rb,Square,1e-06,100000.0,1.0,100,1e-08,0.5
Rb,Square,1e-06,100000.0,1.0,100,1e-08,1.0
Rb,Square,1e-06,100000.0,1.0,200,1e-09,0.1
Rb,Square,1e-06,100000.0,1.0,200,1e-09,0.5
Rb,Square,1e-06,100000.0,1.0,200,1e-09,1.0
Rb,Square,1e-06,100000.0,1.0,200,5e-09,0.1
Rb,Square,1e-06,100000.0,1.0,200,5e-09,0.5
Rb,Square,1e-06,100000.0,1.0,200,5e-09,1.0
Rb,Square,1e-06,100000.0,1.0,200,1e-08,0.1
Rb,Square,1e-06,100000.0,1.0,200,1e-08,0.5
Rb,Square,1e-06,100000.0,1.0,200,1e-08,1.0
Rb,Square,1e-06,100000.0,10.0,50,1e-09,0.1
Rb,Square,1e-06,100000.0,10.0,50,1e-09,0.5
Rb,Square,1e-06,100000.0,10.0,50,1e-09,1.0
Rb,Square,1e-06,100000.0,10.0,50,5e-09,0.1
Rb,Square,1e-06,100000.0,10.0,50,5e-09,0.5
Rb,Square,1e-06,100000.0,10.0,50,5e-09,1.0
Rb,Square,1e-06,100000.0,10.0,50,1e-08,0.1
Rb,Square,1e-06,100000.0,10.0,50,1e-08,0.5
Rb,Square,1e-06,100000.0,10.0,50,1e-08,1.0
Rb,Square,1e-06,100000.0,10.0,100,1e-09,0.1
Rb,Square,1e-06,100000.0,10.0,100,1e-09,0.5
Rb,Square,1e-06,100000.0,10.0,100,1e-09,1.0
Rb,Square,1e-06,100000.0,10.0,100,5e-09,0.1
Rb,Square,1e-06,100000.0,10.0,100,5e-09,0.5
Rb,Square,1e-06,100000.0,10.0,100,5e-09,1.0
Rb,Square,1e-06,100000.0,10.0,100,1e-08,0.1
Rb,Square,1e-06,100000.0,10.0,100,1e-08,0.5
Rb,Square,1e-06,100000.0,10.0,100,1e-08,1.0
Rb,Square,1e-06,100000.0,10.0,200,1e-09,0.1
Rb,Square,1e-06,100000.0,10.0,200,1e-09,0.5
Rb,Square,1e-06,100000.0,10.0,200,1e-09,1.0
Rb,Square,1e-06,100000.0,10.0,200,5e-09,0.1
Rb,Square,1e-06,100000.0,10.0,200,5e-09,0.5
Rb,Square,1e-06,100000.0,10.0,200,5e-09,1.0
Rb,Square,1e-06,100000.0,10.0,200,1e-08,0.1
Rb,Square,1e-06,100000.0,10.0,200,1e-08,0.5
Rb,Square,1e-06,100000.0,10.0,200,1e-08,1.0
Rb,Honeycomb,5e-07,10000.0,0.1,50,1e-09,0.1
Rb,Honeycomb,5e-07,10000.0,0.1,50,1e-09,0.5
Rb,Honeycomb,5e-07,10000.0,0.1,50,1e-09,1.0
Rb,Honeycomb,5e-07,10000.0,0.1,50,5e-09,0.1
Rb,Honeycomb,5e-07,10000.0,0.1,50,5e-09,0.5
Rb,Honeycomb,5e-07,10000.0,0.1,50,5e-09,1.0
Rb,Honeycomb,5e-07,10000.0,0.1,50,1e-08,0.1
Rb,Honeycomb,5e-07,10000.0,0.1,50,1e-08,0.5
Rb,Honeycomb,5e-07,10000.0,0.1,50,1e-08,1.0
Rb,Honeycomb,5e-07,10000.0,0.1,100,1e-09,0.1
Rb,Honeycomb,5e-07,10000.0,0.1,100,1e-09,0.5
Rb,Honeycomb,5e-07,10000.0,0.1,100,1e-09,1.0
Rb,Honeycomb,5e-07,10000.0,0.1,100,5e-09,0.1
Rb,Honeycomb,5e-07,10000.0,0.1,100,5e-09,0.5
Rb,Honeycomb,5e-07,10000.0,0.1,100,5e-09,1.0
Rb,Honeycomb,5e-07,10000.0,0.1,100,1e-08,0.1
Rb,Honeycomb,5e-07,10000.0,0.1,100,1e-08,0.5
Rb,Honeycomb,5e-07,10000.0,0.1,100,1e-08,1.0
Rb,Honeycomb,5e-07,10000.0,0.1,200,1e-09,0.1
Rb,Honeycomb,5e-07,10000.0,0.1,200,1e-09,0.5
Rb,Honeycomb,5e-07,10000.0,0.1,200,1e-09,1.0
Rb,Honeycomb,5e-07,10000.0,0.1,200,5e-09,0.1
Rb,Honeycomb,5e-07,10000.0,0.1,200,5e-09,0.5
Rb,Honeycomb,5e-07,10000.0,0.1,200,5e-09,1.0
Rb,Honeycomb,5e-07,10000.0,0.1,200,1e-08,0.1
Rb,Honeycomb,5e-07,10000.0,0.1,200,1e-08,0.5
Rb,Honeycomb,5e-07,10000.0,0.1,200,1e-08,1.0
Rb,Honeycomb,5e-07,10000.0,1.0,50,1e-09,0.1
Rb,Honeycomb,5e-07,10000.0,1.0,50,1e-09,0.5
Rb,Honeycomb,5e-07,10000.0,1.0,50,1e-09,1.0
Rb,Honeycomb,5e-07,10000.0,1.0,50,5e-09,0.1
Rb,Honeycomb,5e-07,10000.0,1.0,50,5e-09,0.5
Rb,Honeycomb,5e-07,10000.0,1.0,50,5e-09,1.0
Rb,Honeycomb,5e-07,10000.0,1.0,50,1e-08,0.1
Rb,Honeycomb,5e-07,10000.0,1.0,50,1e-08,0.5
Rb,Honeycomb,5e-07,10000.0,1.0,50,1e-08,1.0
Rb,Honeycomb,5e-07,10000.0,1.0,100,1e-09,0.1
Rb,Honeycomb,5e-07,10000.0,1.0,100,1e-09,0.5
Rb,Honeycomb,5e-07,10000.0,1.0,100,1e-09,1.0
Rb,Honeycomb,5e-07,10000.0,1.0,100,5e-09,0.1
Rb,Honeycomb,5e-07,10000.0,1.0,100,5e-09,0.5
Rb,Honeycomb,5e-07,10000.0,1.0,100,5e-09,1.0
Rb,Honeycomb,5e-07,10000.0,1.0,100,1e-08,0.1
Rb,Honeycomb,5e-07,10000.0,1.0,100,1e-08,0.5
Rb,Honeycomb,5e-07,10000.0,1.0,100,1e-08,1.0
Rb,Honeycomb,5e-07,10000.0,1.0,200,1e-09,0.1
Rb,Honeycomb,5e-07,10000.0,1.0,200,1e-09,0.5
Rb,Honeycomb,5e-07,10000.0,1.0,200,1e-09,1.0
Rb,Honeycomb,5e-07,10000.0,1.0,200,5e-09,0.1
Rb,Honeycomb,5e-07,10000.0,1.0,200,5e-09,0.5
Rb,Honeycomb,5e-07,10000.0,1.0,200,5e-09,1.0
Rb,Honeycomb,5e-07,10000.0,1.0,200,1e-08,0.1
Rb,Honeycomb,5e-07,10000.0,1.0,200,1e-08,0.5
Rb,Honeycomb,5e-07,10000.0,1.0,200,1e-08,1.0
Rb,Honeycomb,5e-07,10000.0,10.0,50,1e-09,0.1
Rb,Honeycomb,5e-07,10000.0,10.0,50,1e-09,0.5
Rb,Honeycomb,5e-07,10000.0,10.0,50,1e-09,1.0
Rb,Honeycomb,5e-07,10000.0,10.0,50,5e-09,0.1
Rb,Honeycomb,5e-07,10000.0,10.0,50,5e-09,0.5
Rb,Honeycomb,5e-07,10000.0,10.0,50,5e-09,1.0
Rb,Honeycomb,5e-07,10000.0,10.0,50,1e-08,0.1
Rb,Honeycomb,5e-07,10000.0,10.0,50,1e-08,0.5
Rb,Honeycomb,5e-07,10000.0,10.0,50,1e-08,1.0
Rb,Honeycomb,5e-07,10000.0,10.0,100,1e-09,0.1
Rb,Honeycomb,5e-07,10000.0,10.0,100,1e-09,0.5
Rb,Honeycomb,5e-07,10000.0,10.0,100,1e-09,1.0
Rb,Honeycomb,5e-07,10000.0,10.0,100,5e-09,0.1
Rb,Honeycomb,5e-07,10000.0,10.0,100,5e-09,0.5
Rb,Honeycomb,5e-07,10000.0,10.0,100,5e-09,1.0
Rb,Honeycomb,5e-07,10000.0,10.0,100,1e-08,0.1
Rb,Honeycomb,5e-07,10000.0,10.0,100,1e-08,0.5
Rb,Honeycomb,5e-07,10000.0,10.0,100,1e-08,1.0
Rb,Honeycomb,5e-07,10000.0,10.0,200,1e-09,0.1
Rb,Honeycomb,5e-07,10000.0,10.0,200,1e-09,0.5
Rb,Honeycomb,5e-07,10000.0,10.0,200,1e-09,1.0
Rb,Honeycomb,5e-07,10000.0,10.0,200,5e-09,0.1
Rb,Honeycomb,5e-07,10000.0,10.0,200,5e-09,0.5
Rb,Honeycomb,5e-07,10000.0,10.0,200,5e-09,1.0
Rb,Honeycomb,5e-07,10000.0,10.0,200,1e-08,0.1
Rb,Honeycomb,5e-07,10000.0,10.0,200,1e-08,0.5
Rb,Honeycomb,5e-07,10000.0,10.0,200,1e-08,1.0
Rb,Honeycomb,5e-07,50000.0,0.1,50,1e-09,0.1
Rb,Honeycomb,5e-07,50000.0,0.1,50,1e-09,0.5
Rb,Honeycomb,5e-07,50000.0,0.1,50,1e-09,1.0
Rb,Honeycomb,5e-07,50000.0,0.1,50,5e-09,0.1
Rb,Honeycomb,5e-07,50000.0,0.1,50,5e-09,0.5
Rb,Honeycomb,5e-07,50000.0,0.1,50,5e-09,1.0
Rb,Honeycomb,5e-07,50000.0,0.1,50,1e-08,0.1
Rb,Honeycomb,5e-07,50000.0,0.1,50,1e-08,0.5
Rb,Honeycomb,5e-07,50000.0,0.1,50,1e-08,1.0
Rb,Honeycomb,5e-07,50000.0,0.1,100,1e-09,0.1
Rb,Honeycomb,5e-07,50000.0,0.1,100,1e-09,0.5
Rb,Honeycomb,5e-07,50000.0,0.1,100,1e-09,1.0
Rb,Honeycomb,5e-07,50000.0,0.1,100,5e-09,0.1
Rb,Honeycomb,5e-07,50000.0,0.1,100,5e-09,0.5
Rb,Honeycomb,5e-07,50000.0,0.1,100,5e-09,1.0
Rb,Honeycomb,5e-07,50000.0,0.1,100,1e-08,0.1
Rb,Honeycomb,5e-07,50000.0,0.1,100,1e-08,0.5
Rb,Honeycomb,5e-07,50000.0,0.1,100,1e-08,1.0
Rb,Honeycomb,5e-07,50000.0,0.1,200,1e-09,0.1
Rb,Honeycomb,5e-07,50000.0,0.1,200,1e-09,0.5
Rb,Honeycomb,5e-07,50000.0,0.1,200,1e-09,1.0
Rb,Honeycomb,5e-07,50000.0,0.1,200,5e-09,0.1
Rb,Honeycomb,5e-07,50000.0,0.1,200,5e-09,0.5
Rb,Honeycomb,5e-07,50000.0,0.1,200,5e-09,1.0
Rb,Honeycomb,5e-07,50000.0,0.1,200,1e-08,0.1
Rb,Honeycomb,5e-07,50000.0,0.1,200,1e-08,0.5
Rb,Honeycomb,5e-07,50000.0,0.1,200,1e-08,1.0
Rb,Honeycomb,5e-07,50000.0,1.0,50,1e-09,0.1
Rb,Honeycomb,5e-07,50000.0,1.0,50,1e-09,0.5
Rb,Honeycomb,5e-07,50000.0,1.0,50,1e-09,1.0
Rb,Honeycomb,5e-07,50000.0,1.0,50,5e-09,0.1
Rb,Honeycomb,5e-07,50000.0,1.0,50,5e-09,0.5
Rb,Honeycomb,5e-07,50000.0,1.0,50,5e-09,1.0
Rb,Honeycomb,5e-07,50000.0,1.0,50,1e-08,0.1
Rb,Honeycomb,5e-07,50000.0,1.0,50,1e-08,0.5
Rb,Honeycomb,5e-07,50000.0,1.0,50,1e-08,1.0
Rb,Honeycomb,5e-07,50000.0,1.0,100,1e-09,0.1
Rb,Honeycomb,5e-07,50000.0,1.0,100,1e-09,0.5
Rb,Honeycomb,5e-07,50000.0,1.0,100,1e-09,1.0
Rb,Honeycomb,5e-07,50000.0,1.0,100,5e-09,0.1
Rb,Honeycomb,5e-07,50000.0,1.0,100,5e-09,0.5
Rb,Honeycomb,5e-07,50000.0,1.0,100,5e-09,1.0
Rb,Honeycomb,5e-07,50000.0,1.0,100,1e-08,0.1
Rb,Honeycomb,5e-07,50000.0,1.0,100,1e-08,0.5
Rb,Honeycomb,5e-07,50000.0,1.0,100,1e-08,1.0
Rb,Honeycomb,5e-07,50000.0,1.0,200,1e-09,0.1
Rb,Honeycomb,5e-07,50000.0,1.0,200,1e-09,0.5
Rb,Honeycomb,5e-07,50000.0,1.0,200,1e-09,1.0
Rb,Honeycomb,5e-07,50000.0,1.0,200,5e-09,0.1
Rb,Honeycomb,5e-07,50000.0,1.0,200,5e-09,0.5
Rb,Honeycomb,5e-07,50000.0,1.0,200,5e-09,1.0
Rb,Honeycomb,5e-07,50000.0,1.0,200,1e-08,0.1
Rb,Honeycomb,5e-07,50000.0,1.0,200,1e-08,0.5
Rb,Honeycomb,5e-07,50000.0,1.0,200,1e-08,1.0
Rb,Honeycomb,5e-07,50000.0,10.0,50,1e-09,0.1
Rb,Honeycomb,5e-07,50000.0,10.0,50,1e-09,0.5
Rb,Honeycomb,5e-07,50000.0,10.0,50,1e-09,1.0
Rb,Honeycomb,5e-07,50000.0,10.0,50,5e-09,0.1
Rb,Honeycomb,5e-07,50000.0,10.0,50,5e-09,0.5
Rb,Honeycomb,5e-07,50000.0,10.0,50,5e-09,1.0
Rb,Honeycomb,5e-07,50000.0,10.0,50,1e-08,0.1
Rb,Honeycomb,5e-07,50000.0,10.0,50,1e-08,0.5
Rb,Honeycomb,5e-07,50000.0,10.0,50,1e-08,1.0
Rb,Honeycomb,5e-07,50000.0,10.0,100,1e-09,0.1
Rb,Honeycomb,5e-07,50000.0,10.0,100,1e-09,0.5
Rb,Honeycomb,5e-07,50000.0,10.0,100,1e-09,1.0
Rb,Honeycomb,5e-07,50000.0,10.0,100,5e-09,0.1
Rb,Honeycomb,5e-07,50000.0,10.0,100,5e-09,0.5
Rb,Honeycomb,5e-07,50000.0,10.0,100,5e-09,1.0
Rb,Honeycomb,5e-07,50000.0,10.0,100,1e-08,0.1
Rb,Honeycomb,5e-07,50000.0,10.0,100,1e-08,0.5
Rb,Honeycomb,5e-07,50000.0,10.0,100,1e-08,1.0
Rb,Honeycomb,5e-07,50000.0,10.0,200,1e-09,0.1
Rb,Honeycomb,5e-07,50000.0,10.0,200,1e-09,0.5
Rb,Honeycomb,5e-07,50000.0,10.0,200,1e-09,1.0
Rb,Honeycomb,5e-07,50000.0,10.0,200,5e-09,0.1
Rb,Honeycomb,5e-07,50000.0,10.0,200,5e-09,0.5
Rb,Honeycomb,5e-07,50000.0,10.0,200,5e-09,1.0
Rb,Honeycomb,5e-07,50000.0,10.0,200,1e-08,0.1
Rb,Honeycomb,5e-07,50000.0,10.0,200,1e-08,0.5
Rb,Honeycomb,5e-07,50000.0,10.0,200,1e-08,1.0
Rb,Honeycomb,5e-07,100000.0,0.1,50,1e-09,0.1
Rb,Honeycomb,5e-07,100000.0,0.1,50,1e-09,0.5
Rb,Honeycomb,5e-07,100000.0,0.1,50,1e-09,1.0
Rb,Honeycomb,5e-07,100000.0,0.1,50,5e-09,0.1
Rb,Honeycomb,5e-07,100000.0,0.1,50,5e-09,0.5
Rb,Honeycomb,5e-07,100000.0,0.1,50,5e-09,1.0
Rb,Honeycomb,5e-07,100000.0,0.1,50,1e-08,0.1
Rb,Honeycomb,5e-07,100000.0,0.1,50,1e-08,0.5
Rb,Honeycomb,5e-07,100000.0,0.1,50,1e-08,1.0
Rb,Honeycomb,5e-07,100000.0,0.1,100,1e-09,0.1
Rb,Honeycomb,5e-07,100000.0,0.1,100,1e-09,0.5
Rb,Honeycomb,5e-07,100000.0,0.1,100,1e-09,1.0
Rb,Honeycomb,5e-07,100000.0,0.1,100,5e-09,0.1
Rb,Honeycomb,5e-07,100000.0,0.1,100,5e-09,0.5
Rb,Honeycomb,5e-07,100000.0,0.1,100,5e-09,1.0
Rb,Honeycomb,5e-07,100000.0,0.1,100,1e-08,0.1
Rb,Honeycomb,5e-07,100000.0,0.1,100,1e-08,0.5
Rb,Honeycomb,5e-07,100000.0,0.1,100,1e-08,1.0
Rb,Honeycomb,5e-07,100000.0,0.1,200,1e-09,0.1
Rb,Honeycomb,5e-07,100000.0,0.1,200,1e-09,0.5
Rb,Honeycomb,5e-07,100000.0,0.1,200,1e-09,1.0
Rb,Honeycomb,5e-07,100000.0,0.1,200,5e-09,0.1
Rb,Honeycomb,5e-07,100000.0,0.1,200,5e-09,0.5
Rb,Honeycomb,5e-07,100000.0,0.1,200,5e-09,1.0
Rb,Honeycomb,5e-07,100000.0,0.1,200,1e-08,0.1
Rb,Honeycomb,5e-07,100000.0,0.1,200,1e-08,0.5
Rb,Honeycomb,5e-07,100000.0,0.1,200,1e-08,1.0
Rb,Honeycomb,5e-07,100000.0,1.0,50,1e-09,0.1
Rb,Honeycomb,5e-07,100000.0,1.0,50,1e-09,0.5
Rb,Honeycomb,5e-07,100000.0,1.0,50,1e-09,1.0
Rb,Honeycomb,5e-07,100000.0,1.0,50,5e-09,0.1
Rb,Honeycomb,5e-07,100000.0,1.0,50,5e-09,0.5
Rb,Honeycomb,5e-07,100000.0,1.0,50,5e-09,1.0
Rb,Honeycomb,5e-07,100000.0,1.0,50,1e-08,0.1
Rb,Honeycomb,5e-07,100000.0,1.0,50,1e-08,0.5
Rb,Honeycomb,5e-07,100000.0,1.0,50,1e-08,1.0
Rb,Honeycomb,5e-07,100000.0,1.0,100,1e-09,0.1
Rb,Honeycomb,5e-07,100000.0,1.0,100,1e-09,0.5
Rb,Honeycomb,5e-07,100000.0,1.0,100,1e-09,1.0
Rb,Honeycomb,5e-07,100000.0,1.0,100,5e-09,0.1
Rb,Honeycomb,5e-07,100000.0,1.0,100,5e-09,0.5
Rb,Honeycomb,5e-07,100000.0,1.0,100,5e-09,1.0
Rb,Honeycomb,5e-07,100000.0,1.0,100,1e-08,0.1
Rb,Honeycomb,5e-07,100000.0,1.0,100,1e-08,0.5
Rb,Honeycomb,5e-07,100000.0,1.0,100,1e-08,1.0
Rb,Honeycomb,5e-07,100000.0,1.0,200,1e-09,0.1
Rb,Honeycomb,5e-07,100000.0,1.0,200,1e-09,0.5
Rb,Honeycomb,5e-07,100000.0,1.0,200,1e-09,1.0
Rb,Honeycomb,5e-07,100000.0,1.0,200,5e-09,0.1
Rb,Honeycomb,5e-07,100000.0,1.0,200,5e-09,0.5
Rb,Honeycomb,5e-07,100000.0,1.0,200,5e-09,1.0
Rb,Honeycomb,5e-07,100000.0,1.0,200,1e-08,0.1
Rb,Honeycomb,5e-07,100000.0,1.0,200,1e-08,0.5
Rb,Honeycomb,5e-07,100000.0,1.0,200,1e-08,1.0
Rb,Honeycomb,5e-07,100000.0,10.0,50,1e-09,0.1
Rb,Honeycomb,5e-07,100000.0,10.0,50,1e-09,0.5
Rb,Honeycomb,5e-07,100000.0,10.0,50,1e-09,1.0
Rb,Honeycomb,5e-07,100000.0,10.0,50,5e-09,0.1
Rb,Honeycomb,5e-07,100000.0,10.0,50,5e-09,0.5
Rb,Honeycomb,5e-07,100000.0,10.0,50,5e-09,1.0
Rb,Honeycomb,5e-07,100000.0,10.0,50,1e-08,0.1
Rb,Honeycomb,5e-07,100000.0,10.0,50,1e-08,0.5
Rb,Honeycomb,5e-07,100000.0,10.0,50,1e-08,1.0
Rb,Honeycomb,5e-07,100000.0,10.0,100,1e-09,0.1
Rb,Honeycomb,5e-07,100000.0,10.0,100,1e-09,0.5
Rb,Honeycomb,5e-07,100000.0,10.0,100,1e-09,1.0
Rb,Honeycomb,5e-07,100000.0,10.0,100,5e-09,0.1
Rb,Honeycomb,5e-07,100000.0,10.0,100,5e-09,0.5
Rb,Honeycomb,5e-07,100000.0,10.0,100,5e-09,1.0
Rb,Honeycomb,5e-07,100000.0,10.0,100,1e-08,0.1
Rb,Honeycomb,5e-07,100000.0,10.0,100,1e-08,0.5
Rb,Honeycomb,5e-07,100000.0,10.0,100,1e-08,1.0
Rb,Honeycomb,5e-07,100000.0,10.0,200,1e-09,0.1
Rb,Honeycomb,5e-07,100000.0,10.0,200,1e-09,0.5
Rb,Honeycomb,5e-07,100000.0,10.0,200,1e-09,1.0
Rb,Honeycomb,5e-07,100000.0,10.0,200,5e-09,0.1
Rb,Honeycomb,5e-07,100000.0,10.0,200,5e-09,0.5
Rb,Honeycomb,5e-07,100000.0,10.0,200,5e-09,1.0
Rb,Honeycomb,5e-07,100000.0,10.0,200,1e-08,0.1
Rb,Honeycomb,5e-07,100000.0,10.0,200,1e-08,0.5
Rb,Honeycomb,5e-07,100000.0,10.0,200,1e-08,1.0
Rb,Honeycomb,7e-07,10000.0,0.1,50,1e-09,0.1
Rb,Honeycomb,7e-07,10000.0,0.1,50,1e-09,0.5
Rb,Honeycomb,7e-07,10000.0,0.1,50,1e-09,1.0
Rb,Honeycomb,7e-07,10000.0,0.1,50,5e-09,0.1
Rb,Honeycomb,7e-07,10000.0,0.1,50,5e-09,0.5
Rb,Honeycomb,7e-07,10000.0,0.1,50,5e-09,1.0
Rb,Honeycomb,7e-07,10000.0,0.1,50,1e-08,0.1
Rb,Honeycomb,7e-07,10000.0,0.1,50,1e-08,0.5
Rb,Honeycomb,7e-07,10000.0,0.1,50,1e-08,1.0
Rb,Honeycomb,7e-07,10000.0,0.1,100,1e-09,0.1
Rb,Honeycomb,7e-07,10000.0,0.1,100,1e-09,0.5
Rb,Honeycomb,7e-07,10000.0,0.1,100,1e-09,1.0
Rb,Honeycomb,7e-07,10000.0,0.1,100,5e-09,0.1
Rb,Honeycomb,7e-07,10000.0,0.1,100,5e-09,0.5
Rb,Honeycomb,7e-07,10000.0,0.1,100,5e-09,1.0
Rb,Honeycomb,7e-07,10000.0,0.1,100,1e-08,0.1
Rb,Honeycomb,7e-07,10000.0,0.1,100,1e-08,0.5
Rb,Honeycomb,7e-07,10000.0,0.1,100,1e-08,1.0
Rb,Honeycomb,7e-07,10000.0,0.1,200,1e-09,0.1
Rb,Honeycomb,7e-07,10000.0,0.1,200,1e-09,0.5
Rb,Honeycomb,7e-07,10000.0,0.1,200,1e-09,1.0
Rb,Honeycomb,7e-07,10000.0,0.1,200,5e-09,0.1
Rb,Honeycomb,7e-07,10000.0,0.1,200,5e-09,0.5
Rb,Honeycomb,7e-07,10000.0,0.1,200,5e-09,1.0
Rb,Honeycomb,7e-07,10000.0,0.1,200,1e-08,0.1
Rb,Honeycomb,7e-07,10000.0,0.1,200,1e-08,0.5
Rb,Honeycomb,7e-07,10000.0,0.1,200,1e-08,1.0
Rb,Honeycomb,7e-07,10000.0,1.0,50,1e-09,0.1
Rb,Honeycomb,7e-07,10000.0,1.0,50,1e-09,0.5
Rb,Honeycomb,7e-07,10000.0,1.0,50,1e-09,1.0
Rb,Honeycomb,7e-07,10000.0,1.0,50,5e-09,0.1
Rb,Honeycomb,7e-07,10000.0,1.0,50,5e-09,0.5
Rb,Honeycomb,7e-07,10000.0,1.0,50,5e-09,1.0
Rb,Honeycomb,7e-07,10000.0,1.0,50,1e-08,0.1
Rb,Honeycomb,7e-07,10000.0,1.0,50,1e-08,0.5
Rb,Honeycomb,7e-07,10000.0,1.0,50,1e-08,1.0
Rb,Honeycomb,7e-07,10000.0,1.0,100,1e-09,0.1
Rb,Honeycomb,7e-07,10000.0,1.0,100,1e-09,0.5
Rb,Honeycomb,7e-07,10000.0,1.0,100,1e-09,1.0
Rb,Honeycomb,7e-07,10000.0,1.0,100,5e-09,0.1
Rb,Honeycomb,7e-07,10000.0,1.0,100,5e-09,0.5
Rb,Honeycomb,7e-07,10000.0,1.0,100,5e-09,1.0
Rb,Honeycomb,7e-07,10000.0,1.0,100,1e-08,0.1
Rb,Honeycomb,7e-07,10000.0,1.0,100,1e-08,0.5
Rb,Honeycomb,7e-07,10000.0,1.0,100,1e-08,1.0
Rb,Honeycomb,7e-07,10000.0,1.0,200,1e-09,0.1
Rb,Honeycomb,7e-07,10000.0,1.0,200,1e-09,0.5
Rb,Honeycomb,7e-07,10000.0,1.0,200,1e-09,1.0
Rb,Honeycomb,7e-07,10000.0,1.0,200,5e-09,0.1
Rb,Honeycomb,7e-07,10000.0,1.0,200,5e-09,0.5
Rb,Honeycomb,7e-07,10000.0,1.0,200,5e-09,1.0
Rb,Honeycomb,7e-07,10000.0,1.0,200,1e-08,0.1
Rb,Honeycomb,7e-07,10000.0,1.0,200,1e-08,0.5
Rb,Honeycomb,7e-07,10000.0,1.0,200,1e-08,1.0
Rb,Honeycomb,7e-07,10000.0,10.0,50,1e-09,0.1
Rb,Honeycomb,7e-07,10000.0,10.0,50,1e-09,0.5
Rb,Honeycomb,7e-07,10000.0,10.0,50,1e-09,1.0
Rb,Honeycomb,7e-07,10000.0,10.0,50,5e-09,0.1
Rb,Honeycomb,7e-07,10000.0,10.0,50,5e-09,0.5
Rb,Honeycomb,7e-07,10000.0,10.0,50,5e-09,1.0
Rb,Honeycomb,7e-07,10000.0,10.0,50,1e-08,0.1
Rb,Honeycomb,7e-07,10000.0,10.0,50,1e-08,0.5
Rb,Honeycomb,7e-07,10000.0,10.0,50,1e-08,1.0
Rb,Honeycomb,7e-07,10000.0,10.0,100,1e-09,0.1
Rb,Honeycomb,7e-07,10000.0,10.0,100,1e-09,0.5
Rb,Honeycomb,7e-07,10000.0,10.0,100,1e-09,1.0
Rb,Honeycomb,7e-07,10000.0,10.0,100,5e-09,0.1
Rb,Honeycomb,7e-07,10000.0,10.0,100,5e-09,0.5
Rb,Honeycomb,7e-07,10000.0,10.0,100,5e-09,1.0
Rb,Honeycomb,7e-07,10000.0,10.0,100,1e-08,0.1
Rb,Honeycomb,7e-07,10000.0,10.0,100,1e-08,0.5
Rb,Honeycomb,7e-07,10000.0,10.0,100,1e-08,1.0
Rb,Honeycomb,7e-07,10000.0,10.0,200,1e-09,0.1
Rb,Honeycomb,7e-07,10000.0,10.0,200,1e-09,0.5
Rb,Honeycomb,7e-07,10000.0,10.0,200,1e-09,1.0
Rb,Honeycomb,7e-07,10000.0,10.0,200,5e-09,0.1
Rb,Honeycomb,7e-07,10000.0,10.0,200,5e-09,0.5
Rb,Honeycomb,7e-07,10000.0,10.0,200,5e-09,1.0
Rb,Honeycomb,7e-07,10000.0,10.0,200,1e-08,0.1
Rb,Honeycomb,7e-07,10000.0,10.0,200,1e-08,0.5
Rb,Honeycomb,7e-07,10000.0,10.0,200,1e-08,1.0
Rb,Honeycomb,7e-07,50000.0,0.1,50,1e-09,0.1
Rb,Honeycomb,7e-07,50000.0,0.1,50,1e-09,0.5
Rb,Honeycomb,7e-07,50000.0,0.1,50,1e-09,1.0
Rb,Honeycomb,7e-07,50000.0,0.1,50,5e-09,0.1
Rb,Honeycomb,7e-07,50000.0,0.1,50,5e-09,0.5
Rb,Honeycomb,7e-07,50000.0,0.1,50,5e-09,1.0
Rb,Honeycomb,7e-07,50000.0,0.1,50,1e-08,0.1
Rb,Honeycomb,7e-07,50000.0,0.1,50,1e-08,0.5
Rb,Honeycomb,7e-07,50000.0,0.1,50,1e-08,1.0
Rb,Honeycomb,7e-07,50000.0,0.1,100,1e-09,0.1
Rb,Honeycomb,7e-07,50000.0,0.1,100,1e-09,0.5
Rb,Honeycomb,7e-07,50000.0,0.1,100,1e-09,1.0
Rb,Honeycomb,7e-07,50000.0,0.1,100,5e-09,0.1
Rb,Honeycomb,7e-07,50000.0,0.1,100,5e-09,0.5
Rb,Honeycomb,7e-07,50000.0,0.1,100,5e-09,1.0
Rb,Honeycomb,7e-07,50000.0,0.1,100,1e-08,0.1
Rb,Honeycomb,7e-07,50000.0,0.1,100,1e-08,0.5
Rb,Honeycomb,7e-07,50000.0,0.1,100,1e-08,1.0
Rb,Honeycomb,7e-07,50000.0,0.1,200,1e-09,0.1
Rb,Honeycomb,7e-07,50000.0,0.1,200,1e-09,0.5
Rb,Honeycomb,7e-07,50000.0,0.1,200,1e-09,1.0
Rb,Honeycomb,7e-07,50000.0,0.1,200,5e-09,0.1
Rb,Honeycomb,7e-07,50000.0,0.1,200,5e-09,0.5
Rb,Honeycomb,7e-07,50000.0,0.1,200,5e-09,1.0
Rb,Honeycomb,7e-07,50000.0,0.1,200,1e-08,0.1
Rb,Honeycomb,7e-07,50000.0,0.1,200,1e-08,0.5
Rb,Honeycomb,7e-07,50000.0,0.1,200,1e-08,1.0
Rb,Honeycomb,7e-07,50000.0,1.0,50,1e-09,0.1
Rb,Honeycomb,7e-07,50000.0,1.0,50,1e-09,0.5
Rb,Honeycomb,7e-07,50000.0,1.0,50,1e-09,1.0
Rb,Honeycomb,7e-07,50000.0,1.0,50,5e-09,0.1
Rb,Honeycomb,7e-07,50000.0,1.0,50,5e-09,0.5
Rb,Honeycomb,7e-07,50000.0,1.0,50,5e-09,1.0
Rb,Honeycomb,7e-07,50000.0,1.0,50,1e-08,0.1
Rb,Honeycomb,7e-07,50000.0,1.0,50,1e-08,0.5
Rb,Honeycomb,7e-07,50000.0,1.0,50,1e-08,1.0
Rb,Honeycomb,7e-07,50000.0,1.0,100,1e-09,0.1
Rb,Honeycomb,7e-07,50000.0,1.0,100,1e-09,0.5
Rb,Honeycomb,7e-07,50000.0,1.0,100,1e-09,1.0
Rb,Honeycomb,7e-07,50000.0,1.0,100,5e-09,0.1
Rb,Honeycomb,7e-07,50000.0,1.0,100,5e-09,0.5
Rb,Honeycomb,7e-07,50000.0,1.0,100,5e-09,1.0
Rb,Honeycomb,7e-07,50000.0,1.0,100,1e-08,0.1
Rb,Honeycomb,7e-07,50000.0,1.0,100,1e-08,0.5
Rb,Honeycomb,7e-07,50000.0,1.0,100,1e-08,1.0
Rb,Honeycomb,7e-07,50000.0,1.0,200,1e-09,0.1
Rb,Honeycomb,7e-07,50000.0,1.0,200,1e-09,0.5
Rb,Honeycomb,7e-07,50000.0,1.0,200,1e-09,1.0
Rb,Honeycomb,7e-07,50000.0,1.0,200,5e-09,0.1
Rb,Honeycomb,7e-07,50000.0,1.0,200,5e-09,0.5
Rb,Honeycomb,7e-07,50000.0,1.0,200,5e-09,1.0
Rb,Honeycomb,7e-07,50000.0,1.0,200,1e-08,0.1
Rb,Honeycomb,7e-07,50000.0,1.0,200,1e-08,0.5
Rb,Honeycomb,7e-07,50000.0,1.0,200,1e-08,1.0
Rb,Honeycomb,7e-07,50000.0,10.0,50,1e-09,0.1
Rb,Honeycomb,7e-07,50000.0,10.0,50,1e-09,0.5
Rb,Honeycomb,7e-07,50000.0,10.0,50,1e-09,1.0
Rb,Honeycomb,7e-07,50000.0,10.0,50,5e-09,0.1
Rb,Honeycomb,7e-07,50000.0,10.0,50,5e-09,0.5
Rb,Honeycomb,7e-07,50000.0,10.0,50,5e-09,1.0
Rb,Honeycomb,7e-07,50000.0,10.0,50,1e-08,0.1
Rb,Honeycomb,7e-07,50000.0,10.0,50,1e-08,0.5
Rb,Honeycomb,7e-07,50000.0,10.0,50,1e-08,1.0
Rb,Honeycomb,7e-07,50000.0,10.0,100,1e-09,0.1
Rb,Honeycomb,7e-07,50000.0,10.0,100,1e-09,0.5
Rb,Honeycomb,7e-07,50000.0,10.0,100,1e-09,1.0
Rb,Honeycomb,7e-07,50000.0,10.0,100,5e-09,0.1
Rb,Honeycomb,7e-07,50000.0,10.0,100,5e-09,0.5
Rb,Honeycomb,7e-07,50000.0,10.0,100,5e-09,1.0
Rb,Honeycomb,7e-07,50000.0,10.0,100,1e-08,0.1
Rb,Honeycomb,7e-07,50000.0,10.0,100,1e-08,0.5
Rb,Honeycomb,7e-07,50000.0,10.0,100,1e-08,1.0
Rb,Honeycomb,7e-07,50000.0,10.0,200,1e-09,0.1
Rb,Honeycomb,7e-07,50000.0,10.0,200,1e-09,0.5
Rb,Honeycomb,7e-07,50000.0,10.0,200,1e-09,1.0
Rb,Honeycomb,7e-07,50000.0,10.0,200,5e-09,0.1
Rb,Honeycomb,7e-07,50000.0,10.0,200,5e-09,0.5
Rb,Honeycomb,7e-07,50000.0,10.0,200,5e-09,1.0
Rb,Honeycomb,7e-07,50000.0,10.0,200,1e-08,0.1
Rb,Honeycomb,7e-07,50000.0,10.0,200,1e-08,0.5
Rb,Honeycomb,7e-07,50000.0,10.0,200,1e-08,1.0
Rb,Honeycomb,7e-07,100000.0,0.1,50,1e-09,0.1
Rb,Honeycomb,7e-07,100000.0,0.1,50,1e-09,0.5
Rb,Honeycomb,7e-07,100000.0,0.1,50,1e-09,1.0
Rb,Honeycomb,7e-07,100000.0,0.1,50,5e-09,0.1
Rb,Honeycomb,7e-07,100000.0,0.1,50,5e-09,0.5
Rb,Honeycomb,7e-07,100000.0,0.1,50,5e-09,1.0
Rb,Honeycomb,7e-07,100000.0,0.1,50,1e-08,0.1
Rb,Honeycomb,7e-07,100000.0,0.1,50,1e-08,0.5
Rb,Honeycomb,7e-07,100000.0,0.1,50,1e-08,1.0
Rb,Honeycomb,7e-07,100000.0,0.1,100,1e-09,0.1
Rb,Honeycomb,7e-07,100000.0,0.1,100,1e-09,0.5
Rb,Honeycomb,7e-07,100000.0,0.1,100,1e-09,1.0
Rb,Honeycomb,7e-07,100000.0,0.1,100,5e-09,0.1
Rb,Honeycomb,7e-07,100000.0,0.1,100,5e-09,0.5
Rb,Honeycomb,7e-07,100000.0,0.1,100,5e-09,1.0
Rb,Honeycomb,7e-07,100000.0,0.1,100,1e-08,0.1
Rb,Honeycomb,7e-07,100000.0,0.1,100,1e-08,0.5
Rb,Honeycomb,7e-07,100000.0,0.1,100,1e-08,1.0
Rb,Honeycomb,7e-07,100000.0,0.1,200,1e-09,0.1
Rb,Honeycomb,7e-07,100000.0,0.1,200,1e-09,0.5
Rb,Honeycomb,7e-07,100000.0,0.1,200,1e-09,1.0
Rb,Honeycomb,7e-07,100000.0,0.1,200,5e-09,0.1
Rb,Honeycomb,7e-07,100000.0,0.1,200,5e-09,0.5
Rb,Honeycomb,7e-07,100000.0,0.1,200,5e-09,1.0
Rb,Honeycomb,7e-07,100000.0,0.1,200,1e-08,0.1
Rb,Honeycomb,7e-07,100000.0,0.1,200,1e-08,0.5
Rb,Honeycomb,7e-07,100000.0,0.1,200,1e-08,1.0
Rb,Honeycomb,7e-07,100000.0,1.0,50,1e-09,0.1
Rb,Honeycomb,7e-07,100000.0,1.0,50,1e-09,0.5
Rb,Honeycomb,7e-07,100000.0,1.0,50,1e-09,1.0
Rb,Honeycomb,7e-07,100000.0,1.0,50,5e-09,0.1
Rb,Honeycomb,7e-07,100000.0,1.0,50,5e-09,0.5
Rb,Honeycomb,7e-07,100000.0,1.0,50,5e-09,1.0
Rb,Honeycomb,7e-07,100000.0,1.0,50,1e-08,0.1
Rb,Honeycomb,7e-07,100000.0,1.0,50,1e-08,0.5
Rb,Honeycomb,7e-07,100000.0,1.0,50,1e-08,1.0
Rb,Honeycomb,7e-07,100000.0,1.0,100,1e-09,0.1
Rb,Honeycomb,7e-07,100000.0,1.0,100,1e-09,0.5
Rb,Honeycomb,7e-07,100000.0,1.0,100,1e-09,1.0
Rb,Honeycomb,7e-07,100000.0,1.0,100,5e-09,0.1
Rb,Honeycomb,7e-07,100000.0,1.0,100,5e-09,0.5
Rb,Honeycomb,7e-07,100000.0,1.0,100,5e-09,1.0
Rb,Honeycomb,7e-07,100000.0,1.0,100,1e-08,0.1
Rb,Honeycomb,7e-07,100000.0,1.0,100,1e-08,0.5
Rb,Honeycomb,7e-07,100000.0,1.0,100,1e-08,1.0
Rb,Honeycomb,7e-07,100000.0,1.0,200,1e-09,0.1
Rb,Honeycomb,7e-07,100000.0,1.0,200,1e-09,0.5
Rb,Honeycomb,7e-07,100000.0,1.0,200,1e-09,1.0
Rb,Honeycomb,7e-07,100000.0,1.0,200,5e-09,0.1
Rb,Honeycomb,7e-07,100000.0,1.0,200,5e-09,0.5
Rb,Honeycomb,7e-07,100000.0,1.0,200,5e-09,1.0
Rb,Honeycomb,7e-07,100000.0,1.0,200,1e-08,0.1
Rb,Honeycomb,7e-07,100000.0,1.0,200,1e-08,0.5
Rb,Honeycomb,7e-07,100000.0,1.0,200,1e-08,1.0
Rb,Honeycomb,7e-07,100000.0,10.0,50,1e-09,0.1
Rb,Honeycomb,7e-07,100000.0,10.0,50,1e-09,0.5
Rb,Honeycomb,7e-07,100000.0,10.0,50,1e-09,1.0
Rb,Honeycomb,7e-07,100000.0,10.0,50,5e-09,0.1
Rb,Honeycomb,7e-07,100000.0,10.0,50,5e-09,0.5
Rb,Honeycomb,7e-07,100000.0,10.0,50,5e-09,1.0
Rb,Honeycomb,7e-07,100000.0,10.0,50,1e-08,0.1
Rb,Honeycomb,7e-07,100000.0,10.0,50,1e-08,0.5
Rb,Honeycomb,7e-07,100000.0,10.0,50,1e-08,1.0
Rb,Honeycomb,7e-07,100000.0,10.0,100,1e-09,0.1
Rb,Honeycomb,7e-07,100000.0,10.0,100,1e-09,0.5
Rb,Honeycomb,7e-07,100000.0,10.0,100,1e-09,1.0
Rb,Honeycomb,7e-07,100000.0,10.0,100,5e-09,0.1
Rb,Honeycomb,7e-07,100000.0,10.0,100,5e-09,0.5
Rb,Honeycomb,7e-07,100000.0,10.0,100,5e-09,1.0
Rb,Honeycomb,7e-07,100000.0,10.0,100,1e-08,0.1
Rb,Honeycomb,7e-07,100000.0,10.0,100,1e-08,0.5
Rb,Honeycomb,7e-07,100000.0,10.0,100,1e-08,1.0
Rb,Honeycomb,7e-07,100000.0,10.0,200,1e-09,0.1
Rb,Honeycomb,7e-07,100000.0,10.0,200,1e-09,0.5
Rb,Honeycomb,7e-07,100000.0,10.0,200,1e-09,1.0
Rb,Honeycomb,7e-07,100000.0,10.0,200,5e-09,0.1
Rb,Honeycomb,7e-07,100000.0,10.0,200,5e-09,0.5
Rb,Honeycomb,7e-07,100000.0,10.0,200,5e-09,1.0
Rb,Honeycomb,7e-07,100000.0,10.0,200,1e-08,0.1
Rb,Honeycomb,7e-07,100000.0,10.0,200,1e-08,0.5
Rb,Honeycomb,7e-07,100000.0,10.0,200,1e-08,1.0
Rb,Honeycomb,1e-06,10000.0,0.1,50,1e-09,0.1
Rb,Honeycomb,1e-06,10000.0,0.1,50,1e-09,0.5
Rb,Honeycomb,1e-06,10000.0,0.1,50,1e-09,1.0
Rb,Honeycomb,1e-06,10000.0,0.1,50,5e-09,0.1
Rb,Honeycomb,1e-06,10000.0,0.1,50,5e-09,0.5
Rb,Honeycomb,1e-06,10000.0,0.1,50,5e-09,1.0
Rb,Honeycomb,1e-06,10000.0,0.1,50,1e-08,0.1
Rb,Honeycomb,1e-06,10000.0,0.1,50,1e-08,0.5
Rb,Honeycomb,1e-06,10000.0,0.1,50,1e-08,1.0
Rb,Honeycomb,1e-06,10000.0,0.1,100,1e-09,0.1
Rb,Honeycomb,1e-06,10000.0,0.1,100,1e-09,0.5
Rb,Honeycomb,1e-06,10000.0,0.1,100,1e-09,1.0
Rb,Honeycomb,1e-06,10000.0,0.1,100,5e-09,0.1
Rb,Honeycomb,1e-06,10000.0,0.1,100,5e-09,0.5
Rb,Honeycomb,1e-06,10000.0,0.1,100,5e-09,1.0
Rb,Honeycomb,1e-06,10000.0,0.1,100,1e-08,0.1
Rb,Honeycomb,1e-06,10000.0,0.1,100,1e-08,0.5
Rb,Honeycomb,1e-06,10000.0,0.1,100,1e-08,1.0
Rb,Honeycomb,1e-06,10000.0,0.1,200,1e-09,0.1
Rb,Honeycomb,1e-06,10000.0,0.1,200,1e-09,0.5
Rb,Honeycomb,1e-06,10000.0,0.1,200,1e-09,1.0
Rb,Honeycomb,1e-06,10000.0,0.1,200,5e-09,0.1
Rb,Honeycomb,1e-06,10000.0,0.1,200,5e-09,0.5
Rb,Honeycomb,1e-06,10000.0,0.1,200,5e-09,1.0
Rb,Honeycomb,1e-06,10000.0,0.1,200,1e-08,0.1
Rb,Honeycomb,1e-06,10000.0,0.1,200,1e-08,0.5
Rb,Honeycomb,1e-06,10000.0,0.1,200,1e-08,1.0
Rb,Honeycomb,1e-06,10000.0,1.0,50,1e-09,0.1
Rb,Honeycomb,1e-06,10000.0,1.0,50,1e-09,0.5
Rb,Honeycomb,1e-06,10000.0,1.0,50,1e-09,1.0
Rb,Honeycomb,1e-06,10000.0,1.0,50,5e-09,0.1
Rb,Honeycomb,1e-06,10000.0,1.0,50,5e-09,0.5
Rb,Honeycomb,1e-06,10000.0,1.0,50,5e-09,1.0
Rb,Honeycomb,1e-06,10000.0,1.0,50,1e-08,0.1
Rb,Honeycomb,1e-06,10000.0,1.0,50,1e-08,0.5
Rb,Honeycomb,1e-06,10000.0,1.0,50,1e-08,1.0
Rb,Honeycomb,1e-06,10000.0,1.0,100,1e-09,0.1
Rb,Honeycomb,1e-06,10000.0,1.0,100,1e-09,0.5
Rb,Honeycomb,1e-06,10000.0,1.0,100,1e-09,1.0
Rb,Honeycomb,1e-06,10000.0,1.0,100,5e-09,0.1
Rb,Honeycomb,1e-06,10000.0,1.0,100,5e-09,0.5
Rb,Honeycomb,1e-06,10000.0,1.0,100,5e-09,1.0
Rb,Honeycomb,1e-06,10000.0,1.0,100,1e-08,0.1
Rb,Honeycomb,1e-06,10000.0,1.0,100,1e-08,0.5
Rb,Honeycomb,1e-06,10000.0,1.0,100,1e-08,1.0
Rb,Honeycomb,1e-06,10000.0,1.0,200,1e-09,0.1
Rb,Honeycomb,1e-06,10000.0,1.0,200,1e-09,0.5
Rb,Honeycomb,1e-06,10000.0,1.0,200,1e-09,1.0
Rb,Honeycomb,1e-06,10000.0,1.0,200,5e-09,0.1
Rb,Honeycomb,1e-06,10000.0,1.0,200,5e-09,0.5
Rb,Honeycomb,1e-06,10000.0,1.0,200,5e-09,1.0
Rb,Honeycomb,1e-06,10000.0,1.0,200,1e-08,0.1
Rb,Honeycomb,1e-06,10000.0,1.0,200,1e-08,0.5
Rb,Honeycomb,1e-06,10000.0,1.0,200,1e-08,1.0
Rb,Honeycomb,1e-06,10000.0,10.0,50,1e-09,0.1
Rb,Honeycomb,1e-06,10000.0,10.0,50,1e-09,0.5
Rb,Honeycomb,1e-06,10000.0,10.0,50,1e-09,1.0
Rb,Honeycomb,1e-06,10000.0,10.0,50,5e-09,0.1
Rb,Honeycomb,1e-06,10000.0,10.0,50,5e-09,0.5
Rb,Honeycomb,1e-06,10000.0,10.0,50,5e-09,1.0
Rb,Honeycomb,1e-06,10000.0,10.0,50,1e-08,0.1
Rb,Honeycomb,1e-06,10000.0,10.0,50,1e-08,0.5
Rb,Honeycomb,1e-06,10000.0,10.0,50,1e-08,1.0
Rb,Honeycomb,1e-06,10000.0,10.0,100,1e-09,0.1
Rb,Honeycomb,1e-06,10000.0,10.0,100,1e-09,0.5
Rb,Honeycomb,1e-06,10000.0,10.0,100,1e-09,1.0
Rb,Honeycomb,1e-06,10000.0,10.0,100,5e-09,0.1
Rb,Honeycomb,1e-06,10000.0,10.0,100,5e-09,0.5
Rb,Honeycomb,1e-06,10000.0,10.0,100,5e-09,1.0
Rb,Honeycomb,1e-06,10000.0,10.0,100,1e-08,0.1
Rb,Honeycomb,1e-06,10000.0,10.0,100,1e-08,0.5
Rb,Honeycomb,1e-06,10000.0,10.0,100,1e-08,1.0
Rb,Honeycomb,1e-06,10000.0,10.0,200,1e-09,0.1
Rb,Honeycomb,1e-06,10000.0,10.0,200,1e-09,0.5
Rb,Honeycomb,1e-06,10000.0,10.0,200,1e-09,1.0
Rb,Honeycomb,1e-06,10000.0,10.0,200,5e-09,0.1
Rb,Honeycomb,1e-06,10000.0,10.0,200,5e-09,0.5
Rb,Honeycomb,1e-06,10000.0,10.0,200,5e-09,1.0
Rb,Honeycomb,1e-06,10000.0,10.0,200,1e-08,0.1
Rb,Honeycomb,1e-06,10000.0,10.0,200,1e-08,0.5
Rb,Honeycomb,1e-06,10000.0,10.0,200,1e-08,1.0
Rb,Honeycomb,1e-06,50000.0,0.1,50,1e-09,0.1
Rb,Honeycomb,1e-06,50000.0,0.1,50,1e-09,0.5
Rb,Honeycomb,1e-06,50000.0,0.1,50,1e-09,1.0
Rb,Honeycomb,1e-06,50000.0,0.1,50,5e-09,0.1
Rb,Honeycomb,1e-06,50000.0,0.1,50,5e-09,0.5
Rb,Honeycomb,1e-06,50000.0,0.1,50,5e-09,1.0
Rb,Honeycomb,1e-06,50000.0,0.1,50,1e-08,0.1
Rb,Honeycomb,1e-06,50000.0,0.1,50,1e-08,0.5
Rb,Honeycomb,1e-06,50000.0,0.1,50,1e-08,1.0
Rb,Honeycomb,1e-06,50000.0,0.1,100,1e-09,0.1
Rb,Honeycomb,1e-06,50000.0,0.1,100,1e-09,0.5
Rb,Honeycomb,1e-06,50000.0,0.1,100,1e-09,1.0
Rb,Honeycomb,1e-06,50000.0,0.1,100,5e-09,0.1
Rb,Honeycomb,1e-06,50000.0,0.1,100,5e-09,0.5
Rb,Honeycomb,1e-06,50000.0,0.1,100,5e-09,1.0
Rb,Honeycomb,1e-06,50000.0,0.1,100,1e-08,0.1
Rb,Honeycomb,1e-06,50000.0,0.1,100,1e-08,0.5
Rb,Honeycomb,1e-06,50000.0,0.1,100,1e-08,1.0
Rb,Honeycomb,1e-06,50000.0,0.1,200,1e-09,0.1
Rb,Honeycomb,1e-06,50000.0,0.1,200,1e-09,0.5
Rb,Honeycomb,1e-06,50000.0,0.1,200,1e-09,1.0
Rb,Honeycomb,1e-06,50000.0,0.1,200,5e-09,0.1
Rb,Honeycomb,1e-06,50000.0,0.1,200,5e-09,0.5
Rb,Honeycomb,1e-06,50000.0,0.1,200,5e-09,1.0
Rb,Honeycomb,1e-06,50000.0,0.1,200,1e-08,0.1
Rb,Honeycomb,1e-06,50000.0,0.1,200,1e-08,0.5
Rb,Honeycomb,1e-06,50000.0,0.1,200,1e-08,1.0
Rb,Honeycomb,1e-06,50000.0,1.0,50,1e-09,0.1
Rb,Honeycomb,1e-06,50000.0,1.0,50,1e-09,0.5
Rb,Honeycomb,1e-06,50000.0,1.0,50,1e-09,1.0
Rb,Honeycomb,1e-06,50000.0,1.0,50,5e-09,0.1
Rb,Honeycomb,1e-06,50000.0,1.0,50,5e-09,0.5
Rb,Honeycomb,1e-06,50000.0,1.0,50,5e-09,1.0
Rb,Honeycomb,1e-06,50000.0,1.0,50,1e-08,0.1
Rb,Honeycomb,1e-06,50000.0,1.0,50,1e-08,0.5
Rb,Honeycomb,1e-06,50000.0,1.0,50,1e-08,1.0
Rb,Honeycomb,1e-06,50000.0,1.0,100,1e-09,0.1
Rb,Honeycomb,1e-06,50000.0,1.0,100,1e-09,0.5
Rb,Honeycomb,1e-06,50000.0,1.0,100,1e-09,1.0
Rb,Honeycomb,1e-06,50000.0,1.0,100,5e-09,0.1
Rb,Honeycomb,1e-06,50000.0,1.0,100,5e-09,0.5
Rb,Honeycomb,1e-06,50000.0,1.0,100,5e-09,1.0
Rb,Honeycomb,1e-06,50000.0,1.0,100,1e-08,0.1
Rb,Honeycomb,1e-06,50000.0,1.0,100,1e-08,0.5
Rb,Honeycomb,1e-06,50000.0,1.0,100,1e-08,1.0
Rb,Honeycomb,1e-06,50000.0,1.0,200,1e-09,0.1
Rb,Honeycomb,1e-06,50000.0,1.0,200,1e-09,0.5
Rb,Honeycomb,1e-06,50000.0,1.0,200,1e-09,1.0
Rb,Honeycomb,1e-06,50000.0,1.0,200,5e-09,0.1
Rb,Honeycomb,1e-06,50000.0,1.0,200,5e-09,0.5
Rb,Honeycomb,1e-06,50000.0,1.0,200,5e-09,1.0
Rb,Honeycomb,1e-06,50000.0,1.0,200,1e-08,0.1
Rb,Honeycomb,1e-06,50000.0,1.0,200,1e-08,0.5
Rb,Honeycomb,1e-06,50000.0,1.0,200,1e-08,1.0
Rb,Honeycomb,1e-06,50000.0,10.0,50,1e-09,0.1
Rb,Honeycomb,1e-06,50000.0,10.0,50,1e-09,0.5
Rb,Honeycomb,1e-06,50000.0,10.0,50,1e-09,1.0
Rb,Honeycomb,1e-06,50000.0,10.0,50,5e-09,0.1
Rb,Honeycomb,1e-06,50000.0,10.0,50,5e-09,0.5
Rb,Honeycomb,1e-06,50000.0,10.0,50,5e-09,1.0
Rb,Honeycomb,1e-06,50000.0,10.0,50,1e-08,0.1
Rb,Honeycomb,1e-06,50000.0,10.0,50,1e-08,0.5
Rb,Honeycomb,1e-06,50000.0,10.0,50,1e-08,1.0
Rb,Honeycomb,1e-06,50000.0,10.0,100,1e-09,0.1
Rb,Honeycomb,1e-06,50000.0,10.0,100,1e-09,0.5
Rb,Honeycomb,1e-06,50000.0,10.0,100,1e-09,1.0
Rb,Honeycomb,1e-06,50000.0,10.0,100,5e-09,0.1
Rb,Honeycomb,1e-06,50000.0,10.0,100,5e-09,0.5
Rb,Honeycomb,1e-06,50000.0,10.0,100,5e-09,1.0
Rb,Honeycomb,1e-06,50000.0,10.0,100,1e-08,0.1
Rb,Honeycomb,1e-06,50000.0,10.0,100,1e-08,0.5
Rb,Honeycomb,1e-06,50000.0,10.0,100,1e-08,1.0
Rb,Honeycomb,1e-06,50000.0,10.0,200,1e-09,0.1
Rb,Honeycomb,1e-06,50000.0,10.0,200,1e-09,0.5
Rb,Honeycomb,1e-06,50000.0,10.0,200,1e-09,1.0
Rb,Honeycomb,1e-06,50000.0,10.0,200,5e-09,0.1
Rb,Honeycomb,1e-06,50000.0,10.0,200,5e-09,0.5
Rb,Honeycomb,1e-06,50000.0,10.0,200,5e-09,1.0
Rb,Honeycomb,1e-06,50000.0,10.0,200,1e-08,0.1
Rb,Honeycomb,1e-06,50000.0,10.0,200,1e-08,0.5
Rb,Honeycomb,1e-06,50000.0,10.0,200,1e-08,1.0
Rb,Honeycomb,1e-06,100000.0,0.1,50,1e-09,0.1
Rb,Honeycomb,1e-06,100000.0,0.1,50,1e-09,0.5
Rb,Honeycomb,1e-06,100000.0,0.1,50,1e-09,1.0
Rb,Honeycomb,1e-06,100000.0,0.1,50,5e-09,0.1
Rb,Honeycomb,1e-06,100000.0,0.1,50,5e-09,0.5
Rb,Honeycomb,1e-06,100000.0,0.1,50,5e-09,1.0
Rb,Honeycomb,1e-06,100000.0,0.1,50,1e-08,0.1
Rb,Honeycomb,1e-06,100000.0,0.1,50,1e-08,0.5
Rb,Honeycomb,1e-06,100000.0,0.1,50,1e-08,1.0
Rb,Honeycomb,1e-06,100000.0,0.1,100,1e-09,0.1
Rb,Honeycomb,1e-06,100000.0,0.1,100,1e-09,0.5
Rb,Honeycomb,1e-06,100000.0,0.1,100,1e-09,1.0
Rb,Honeycomb,1e-06,100000.0,0.1,100,5e-09,0.1
Rb,Honeycomb,1e-06,100000.0,0.1,100,5e-09,0.5
Rb,Honeycomb,1e-06,100000.0,0.1,100,5e-09,1.0
Rb,Honeycomb,1e-06,100000.0,0.1,100,1e-08,0.1
Rb,Honeycomb,1e-06,100000.0,0.1,100,1e-08,0.5
Rb,Honeycomb,1e-06,100000.0,0.1,100,1e-08,1.0
Rb,Honeycomb,1e-06,100000.0,0.1,200,1e-09,0.1
Rb,Honeycomb,1e-06,100000.0,0.1,200,1e-09,0.5
Rb,Honeycomb,1e-06,100000.0,0.1,200,1e-09,1.0
Rb,Honeycomb,1e-06,100000.0,0.1,200,5e-09,0.1
Rb,Honeycomb,1e-06,100000.0,0.1,200,5e-09,0.5
Rb,Honeycomb,1e-06,100000.0,0.1,200,5e-09,1.0
Rb,Honeycomb,1e-06,100000.0,0.1,200,1e-08,0.1
Rb,Honeycomb,1e-06,100000.0,0.1,200,1e-08,0.5
Rb,Honeycomb,1e-06,100000.0,0.1,200,1e-08,1.0
Rb,Honeycomb,1e-06,100000.0,1.0,50,1e-09,0.1
Rb,Honeycomb,1e-06,100000.0,1.0,50,1e-09,0.5
Rb,Honeycomb,1e-06,100000.0,1.0,50,1e-09,1.0
Rb,Honeycomb,1e-06,100000.0,1.0,50,5e-09,0.1
Rb,Honeycomb,1e-06,100000.0,1.0,50,5e-09,0.5
Rb,Honeycomb,1e-06,100000.0,1.0,50,5e-09,1.0
Rb,Honeycomb,1e-06,100000.0,1.0,50,1e-08,0.1
Rb,Honeycomb,1e-06,100000.0,1.0,50,1e-08,0.5
Rb,Honeycomb,1e-06,100000.0,1.0,50,1e-08,1.0
Rb,Honeycomb,1e-06,100000.0,1.0,100,1e-09,0.1
Rb,Honeycomb,1e-06,100000.0,1.0,100,1e-09,0.5
Rb,Honeycomb,1e-06,100000.0,1.0,100,1e-09,1.0
Rb,Honeycomb,1e-06,100000.0,1.0,100,5e-09,0.1
Rb,Honeycomb,1e-06,100000.0,1.0,100,5e-09,0.5
Rb,Honeycomb,1e-06,100000.0,1.0,100,5e-09,1.0
Rb,Honeycomb,1e-06,100000.0,1.0,100,1e-08,0.1
Rb,Honeycomb,1e-06,100000.0,1.0,100,1e-08,0.5
Rb,Honeycomb,1e-06,100000.0,1.0,100,1e-08,1.0
Rb,Honeycomb,1e-06,100000.0,1.0,200,1e-09,0.1
Rb,Honeycomb,1e-06,100000.0,1.0,200,1e-09,0.5
Rb,Honeycomb,1e-06,100000.0,1.0,200,1e-09,1.0
Rb,Honeycomb,1e-06,100000.0,1.0,200,5e-09,0.1
Rb,Honeycomb,1e-06,100000.0,1.0,200,5e-09,0.5
Rb,Honeycomb,1e-06,100000.0,1.0,200,5e-09,1.0
Rb,Honeycomb,1e-06,100000.0,1.0,200,1e-08,0.1
Rb,Honeycomb,1e-06,100000.0,1.0,200,1e-08,0.5
Rb,Honeycomb,1e-06,100000.0,1.0,200,1e-08,1.0
Rb,Honeycomb,1e-06,100000.0,10.0,50,1e-09,0.1
Rb,Honeycomb,1e-06,100000.0,10.0,50,1e-09,0.5
Rb,Honeycomb,1e-06,100000.0,10.0,50,1e-09,1.0
Rb,Honeycomb,1e-06,100000.0,10.0,50,5e-09,0.1
Rb,Honeycomb,1e-06,100000.0,10.0,50,5e-09,0.5
Rb,Honeycomb,1e-06,100000.0,10.0,50,5e-09,1.0
Rb,Honeycomb,1e-06,100000.0,10.0,50,1e-08,0.1
Rb,Honeycomb,1e-06,100000.0,10.0,50,1e-08,0.5
Rb,Honeycomb,1e-06,100000.0,10.0,50,1e-08,1.0
Rb,Honeycomb,1e-06,100000.0,10.0,100,1e-09,0.1
Rb,Honeycomb,1e-06,100000.0,10.0,100,1e-09,0.5
Rb,Honeycomb,1e-06,100000.0,10.0,100,1e-09,1.0
Rb,Honeycomb,1e-06,100000.0,10.0,100,5e-09,0.1
Rb,Honeycomb,1e-06,100000.0,10.0,100,5e-09,0.5
Rb,Honeycomb,1e-06,100000.0,10.0,100,5e-09,1.0
Rb,Honeycomb,1e-06,100000.0,10.0,100,1e-08,0.1
Rb,Honeycomb,1e-06,100000.0,10.0,100,1e-08,0.5
Rb,Honeycomb,1e-06,100000.0,10.0,100,1e-08,1.0
Rb,Honeycomb,1e-06,100000.0,10.0,200,1e-09,0.1
Rb,Honeycomb,1e-06,100000.0,10.0,200,1e-09,0.5
Rb,Honeycomb,1e-06,100000.0,10.0,200,1e-09,1.0
Rb,Honeycomb,1e-06,100000.0,10.0,200,5e-09,0.1
Rb,Honeycomb,1e-06,100000.0,10.0,200,5e-09,0.5
Rb,Honeycomb,1e-06,100000.0,10.0,200,5e-09,1.0
Rb,Honeycomb,1e-06,100000.0,10.0,200,1e-08,0.1
Rb,Honeycomb,1e-06,100000.0,10.0,200,1e-08,0.5
Rb,Honeycomb,1e-06,100000.0,10.0,200,1e-08,1.0
Rb,Triangular,5e-07,10000.0,0.1,50,1e-09,0.1
Rb,Triangular,5e-07,10000.0,0.1,50,1e-09,0.5
Rb,Triangular,5e-07,10000.0,0.1,50,1e-09,1.0
Rb,Triangular,5e-07,10000.0,0.1,50,5e-09,0.1
Rb,Triangular,5e-07,10000.0,0.1,50,5e-09,0.5
Rb,Triangular,5e-07,10000.0,0.1,50,5e-09,1.0
Rb,Triangular,5e-07,10000.0,0.1,50,1e-08,0.1
Rb,Triangular,5e-07,10000.0,0.1,50,1e-08,0.5
Rb,Triangular,5e-07,10000.0,0.1,50,1e-08,1.0
Rb,Triangular,5e-07,10000.0,0.1,100,1e-09,0.1
Rb,Triangular,5e-07,10000.0,0.1,100,1e-09,0.5
Rb,Triangular,5e-07,10000.0,0.1,100,1e-09,1.0
Rb,Triangular,5e-07,10000.0,0.1,100,5e-09,0.1
Rb,Triangular,5e-07,10000.0,0.1,100,5e-09,0.5
Rb,Triangular,5e-07,10000.0,0.1,100,5e-09,1.0
Rb,Triangular,5e-07,10000.0,0.1,100,1e-08,0.1
Rb,Triangular,5e-07,10000.0,0.1,100,1e-08,0.5
Rb,Triangular,5e-07,10000.0,0.1,100,1e-08,1.0
Rb,Triangular,5e-07,10000.0,0.1,200,1e-09,0.1
Rb,Triangular,5e-07,10000.0,0.1,200,1e-09,0.5
Rb,Triangular,5e-07,10000.0,0.1,200,1e-09,1.0
Rb,Triangular,5e-07,10000.0,0.1,200,5e-09,0.1
Rb,Triangular,5e-07,10000.0,0.1,200,5e-09,0.5
Rb,Triangular,5e-07,10000.0,0.1,200,5e-09,1.0
Rb,Triangular,5e-07,10000.0,0.1,200,1e-08,0.1
Rb,Triangular,5e-07,10000.0,0.1,200,1e-08,0.5
Rb,Triangular,5e-07,10000.0,0.1,200,1e-08,1.0
Rb,Triangular,5e-07,10000.0,1.0,50,1e-09,0.1
Rb,Triangular,5e-07,10000.0,1.0,50,1e-09,0.5
Rb,Triangular,5e-07,10000.0,1.0,50,1e-09,1.0
Rb,Triangular,5e-07,10000.0,1.0,50,5e-09,0.1
Rb,Triangular,5e-07,10000.0,1.0,50,5e-09,0.5
Rb,Triangular,5e-07,10000.0,1.0,50,5e-09,1.0
Rb,Triangular,5e-07,10000.0,1.0,50,1e-08,0.1
Rb,Triangular,5e-07,10000.0,1.0,50,1e-08,0.5
Rb,Triangular,5e-07,10000.0,1.0,50,1e-08,1.0
Rb,Triangular,5e-07,10000.0,1.0,100,1e-09,0.1
Rb,Triangular,5e-07,10000.0,1.0,100,1e-09,0.5
Rb,Triangular,5e-07,10000.0,1.0,100,1e-09,1.0
Rb,Triangular,5e-07,10000.0,1.0,100,5e-09,0.1
Rb,Triangular,5e-07,10000.0,1.0,100,5e-09,0.5
Rb,Triangular,5e-07,10000.0,1.0,100,5e-09,1.0
Rb,Triangular,5e-07,10000.0,1.0,100,1e-08,0.1
Rb,Triangular,5e-07,10000.0,1.0,100,1e-08,0.5
Rb,Triangular,5e-07,10000.0,1.0,100,1e-08,1.0
Rb,Triangular,5e-07,10000.0,1.0,200,1e-09,0.1
Rb,Triangular,5e-07,10000.0,1.0,200,1e-09,0.5
Rb,Triangular,5e-07,10000.0,1.0,200,1e-09,1.0
Rb,Triangular,5e-07,10000.0,1.0,200,5e-09,0.1
Rb,Triangular,5e-07,10000.0,1.0,200,5e-09,0.5
Rb,Triangular,5e-07,10000.0,1.0,200,5e-09,1.0
Rb,Triangular,5e-07,10000.0,1.0,200,1e-08,0.1
Rb,Triangular,5e-07,10000.0,1.0,200,1e-08,0.5
Rb,Triangular,5e-07,10000.0,1.0,200,1e-08,1.0
Rb,Triangular,5e-07,10000.0,10.0,50,1e-09,0.1
Rb,Triangular,5e-07,10000.0,10.0,50,1e-09,0.5
Rb,Triangular,5e-07,10000.0,10.0,50,1e-09,1.0
Rb,Triangular,5e-07,10000.0,10.0,50,5e-09,0.1
Rb,Triangular,5e-07,10000.0,10.0,50,5e-09,0.5
Rb,Triangular,5e-07,10000.0,10.0,50,5e-09,1.0
Rb,Triangular,5e-07,10000.0,10.0,50,1e-08,0.1
Rb,Triangular,5e-07,10000.0,10.0,50,1e-08,0.5
Rb,Triangular,5e-07,10000.0,10.0,50,1e-08,1.0
Rb,Triangular,5e-07,10000.0,10.0,100,1e-09,0.1
Rb,Triangular,5e-07,10000.0,10.0,100,1e-09,0.5
Rb,Triangular,5e-07,10000.0,10.0,100,1e-09,1.0
Rb,Triangular,5e-07,10000.0,10.0,100,5e-09,0.1
Rb,Triangular,5e-07,10000.0,10.0,100,5e-09,0.5
Rb,Triangular,5e-07,10000.0,10.0,100,5e-09,1.0
Rb,Triangular,5e-07,10000.0,10.0,100,1e-08,0.1
Rb,Triangular,5e-07,10000.0,10.0,100,1e-08,0.5
Rb,Triangular,5e-07,10000.0,10.0,100,1e-08,1.0
Rb,Triangular,5e-07,10000.0,10.0,200,1e-09,0.1
Rb,Triangular,5e-07,10000.0,10.0,200,1e-09,0.5
Rb,Triangular,5e-07,10000.0,10.0,200,1e-09,1.0
Rb,Triangular,5e-07,10000.0,10.0,200,5e-09,0.1
Rb,Triangular,5e-07,10000.0,10.0,200,5e-09,0.5
Rb,Triangular,5e-07,10000.0,10.0,200,5e-09,1.0
Rb,Triangular,5e-07,10000.0,10.0,200,1e-08,0.1
Rb,Triangular,5e-07,10000.0,10.0,200,1e-08,0.5
Rb,Triangular,5e-07,10000.0,10.0,200,1e-08,1.0
Rb,Triangular,5e-07,50000.0,0.1,50,1e-09,0.1
Rb,Triangular,5e-07,50000.0,0.1,50,1e-09,0.5
Rb,Triangular,5e-07,50000.0,0.1,50,1e-09,1.0
Rb,Triangular,5e-07,50000.0,0.1,50,5e-09,0.1
Rb,Triangular,5e-07,50000.0,0.1,50,5e-09,0.5
Rb,Triangular,5e-07,50000.0,0.1,50,5e-09,1.0
Rb,Triangular,5e-07,50000.0,0.1,50,1e-08,0.1
Rb,Triangular,5e-07,50000.0,0.1,50,1e-08,0.5
Rb,Triangular,5e-07,50000.0,0.1,50,1e-08,1.0
Rb,Triangular,5e-07,50000.0,0.1,100,1e-09,0.1
Rb,Triangular,5e-07,50000.0,0.1,100,1e-09,0.5
Rb,Triangular,5e-07,50000.0,0.1,100,1e-09,1.0
Rb,Triangular,5e-07,50000.0,0.1,100,5e-09,0.1
Rb,Triangular,5e-07,50000.0,0.1,100,5e-09,0.5
Rb,Triangular,5e-07,50000.0,0.1,100,5e-09,1.0
Rb,Triangular,5e-07,50000.0,0.1,100,1e-08,0.1
Rb,Triangular,5e-07,50000.0,0.1,100,1e-08,0.5
Rb,Triangular,5e-07,50000.0,0.1,100,1e-08,1.0
Rb,Triangular,5e-07,50000.0,0.1,200,1e-09,0.1
Rb,Triangular,5e-07,50000.0,0.1,200,1e-09,0.5
Rb,Triangular,5e-07,50000.0,0.1,200,1e-09,1.0
Rb,Triangular,5e-07,50000.0,0.1,200,5e-09,0.1
Rb,Triangular,5e-07,50000.0,0.1,200,5e-09,0.5
Rb,Triangular,5e-07,50000.0,0.1,200,5e-09,1.0
Rb,Triangular,5e-07,50000.0,0.1,200,1e-08,0.1
Rb,Triangular,5e-07,50000.0,0.1,200,1e-08,0.5
Rb,Triangular,5e-07,50000.0,0.1,200,1e-08,1.0
Rb,Triangular,5e-07,50000.0,1.0,50,1e-09,0.1
Rb,Triangular,5e-07,50000.0,1.0,50,1e-09,0.5
Rb,Triangular,5e-07,50000.0,1.0,50,1e-09,1.0
Rb,Triangular,5e-07,50000.0,1.0,50,5e-09,0.1
Rb,Triangular,5e-07,50000.0,1.0,50,5e-09,0.5
Rb,Triangular,5e-07,50000.0,1.0,50,5e-09,1.0
Rb,Triangular,5e-07,50000.0,1.0,50,1e-08,0.1
Rb,Triangular,5e-07,50000.0,1.0,50,1e-08,0.5
Rb,Triangular,5e-07,50000.0,1.0,50,1e-08,1.0
Rb,Triangular,5e-07,50000.0,1.0,100,1e-09,0.1
Rb,Triangular,5e-07,50000.0,1.0,100,1e-09,0.5
Rb,Triangular,5e-07,50000.0,1.0,100,1e-09,1.0
Rb,Triangular,5e-07,50000.0,1.0,100,5e-09,0.1
Rb,Triangular,5e-07,50000.0,1.0,100,5e-09,0.5
Rb,Triangular,5e-07,50000.0,1.0,100,5e-09,1.0
Rb,Triangular,5e-07,50000.0,1.0,100,1e-08,0.1
Rb,Triangular,5e-07,50000.0,1.0,100,1e-08,0.5
Rb,Triangular,5e-07,50000.0,1.0,100,1e-08,1.0
Rb,Triangular,5e-07,50000.0,1.0,200,1e-09,0.1
Rb,Triangular,5e-07,50000.0,1.0,200,1e-09,0.5
Rb,Triangular,5e-07,50000.0,1.0,200,1e-09,1.0
Rb,Triangular,5e-07,50000.0,1.0,200,5e-09,0.1
Rb,Triangular,5e-07,50000.0,1.0,200,5e-09,0.5
Rb,Triangular,5e-07,50000.0,1.0,200,5e-09,1.0
Rb,Triangular,5e-07,50000.0,1.0,200,1e-08,0.1
Rb,Triangular,5e-07,50000.0,1.0,200,1e-08,0.5
Rb,Triangular,5e-07,50000.0,1.0,200,1e-08,1.0
Rb,Triangular,5e-07,50000.0,10.0,50,1e-09,0.1
Rb,Triangular,5e-07,50000.0,10.0,50,1e-09,0.5
Rb,Triangular,5e-07,50000.0,10.0,50,1e-09,1.0
Rb,Triangular,5e-07,50000.0,10.0,50,5e-09,0.1
Rb,Triangular,5e-07,50000.0,10.0,50,5e-09,0.5
Rb,Triangular,5e-07,50000.0,10.0,50,5e-09,1.0
Rb,Triangular,5e-07,50000.0,10.0,50,1e-08,0.1
Rb,Triangular,5e-07,50000.0,10.0,50,1e-08,0.5
Rb,Triangular,5e-07,50000.0,10.0,50,1e-08,1.0
Rb,Triangular,5e-07,50000.0,10.0,100,1e-09,0.1
Rb,Triangular,5e-07,50000.0,10.0,100,1e-09,0.5
Rb,Triangular,5e-07,50000.0,10.0,100,1e-09,1.0
Rb,Triangular,5e-07,50000.0,10.0,100,5e-09,0.1
Rb,Triangular,5e-07,50000.0,10.0,100,5e-09,0.5
Rb,Triangular,5e-07,50000.0,10.0,100,5e-09,1.0
Rb,Triangular,5e-07,50000.0,10.0,100,1e-08,0.1
Rb,Triangular,5e-07,50000.0,10.0,100,1e-08,0.5
Rb,Triangular,5e-07,50000.0,10.0,100,1e-08,1.0
Rb,Triangular,5e-07,50000.0,10.0,200,1e-09,0.1
Rb,Triangular,5e-07,50000.0,10.0,200,1e-09,0.5
Rb,Triangular,5e-07,50000.0,10.0,200,1e-09,1.0
Rb,Triangular,5e-07,50000.0,10.0,200,5e-09,0.1
Rb,Triangular,5e-07,50000.0,10.0,200,5e-09,0.5
Rb,Triangular,5e-07,50000.0,10.0,200,5e-09,1.0
Rb,Triangular,5e-07,50000.0,10.0,200,1e-08,0.1
Rb,Triangular,5e-07,50000.0,10.0,200,1e-08,0.5
Rb,Triangular,5e-07,50000.0,10.0,200,1e-08,1.0
Rb,Triangular,5e-07,100000.0,0.1,50,1e-09,0.1
Rb,Triangular,5e-07,100000.0,0.1,50,1e-09,0.5
Rb,Triangular,5e-07,100000.0,0.1,50,1e-09,1.0
Rb,Triangular,5e-07,100000.0,0.1,50,5e-09,0.1
Rb,Triangular,5e-07,100000.0,0.1,50,5e-09,0.5
Rb,Triangular,5e-07,100000.0,0.1,50,5e-09,1.0
Rb,Triangular,5e-07,100000.0,0.1,50,1e-08,0.1
Rb,Triangular,5e-07,100000.0,0.1,50,1e-08,0.5
Rb,Triangular,5e-07,100000.0,0.1,50,1e-08,1.0
Rb,Triangular,5e-07,100000.0,0.1,100,1e-09,0.1
Rb,Triangular,5e-07,100000.0,0.1,100,1e-09,0.5
Rb,Triangular,5e-07,100000.0,0.1,100,1e-09,1.0
Rb,Triangular,5e-07,100000.0,0.1,100,5e-09,0.1
Rb,Triangular,5e-07,100000.0,0.1,100,5e-09,0.5
Rb,Triangular,5e-07,100000.0,0.1,100,5e-09,1.0
Rb,Triangular,5e-07,100000.0,0.1,100,1e-08,0.1
Rb,Triangular,5e-07,100000.0,0.1,100,1e-08,0.5
Rb,Triangular,5e-07,100000.0,0.1,100,1e-08,1.0
Rb,Triangular,5e-07,100000.0,0.1,200,1e-09,0.1
Rb,Triangular,5e-07,100000.0,0.1,200,1e-09,0.5
Rb,Triangular,5e-07,100000.0,0.1,200,1e-09,1.0
Rb,Triangular,5e-07,100000.0,0.1,200,5e-09,0.1
Rb,Triangular,5e-07,100000.0,0.1,200,5e-09,0.5
Rb,Triangular,5e-07,100000.0,0.1,200,5e-09,1.0
Rb,Triangular,5e-07,100000.0,0.1,200,1e-08,0.1
Rb,Triangular,5e-07,100000.0,0.1,200,1e-08,0.5
Rb,Triangular,5e-07,100000.0,0.1,200,1e-08,1.0
Rb,Triangular,5e-07,100000.0,1.0,50,1e-09,0.1
Rb,Triangular,5e-07,100000.0,1.0,50,1e-09,0.5
Rb,Triangular,5e-07,100000.0,1.0,50,1e-09,1.0
Rb,Triangular,5e-07,100000.0,1.0,50,5e-09,0.1
Rb,Triangular,5e-07,100000.0,1.0,50,5e-09,0.5
Rb,Triangular,5e-07,100000.0,1.0,50,5e-09,1.0
Rb,Triangular,5e-07,100000.0,1.0,50,1e-08,0.1
Rb,Triangular,5e-07,100000.0,1.0,50,1e-08,0.5
Rb,Triangular,5e-07,100000.0,1.0,50,1e-08,1.0
Rb,Triangular,5e-07,100000.0,1.0,100,1e-09,0.1
Rb,Triangular,5e-07,100000.0,1.0,100,1e-09,0.5
Rb,Triangular,5e-07,100000.0,1.0,100,1e-09,1.0
Rb,Triangular,5e-07,100000.0,1.0,100,5e-09,0.1
Rb,Triangular,5e-07,100000.0,1.0,100,5e-09,0.5
Rb,Triangular,5e-07,100000.0,1.0,100,5e-09,1.0
Rb,Triangular,5e-07,100000.0,1.0,100,1e-08,0.1
Rb,Triangular,5e-07,100000.0,1.0,100,1e-08,0.5
Rb,Triangular,5e-07,100000.0,1.0,100,1e-08,1.0
Rb,Triangular,5e-07,100000.0,1.0,200,1e-09,0.1
Rb,Triangular,5e-07,100000.0,1.0,200,1e-09,0.5
Rb,Triangular,5e-07,100000.0,1.0,200,1e-09,1.0
Rb,Triangular,5e-07,100000.0,1.0,200,5e-09,0.1
Rb,Triangular,5e-07,100000.0,1.0,200,5e-09,0.5
Rb,Triangular,5e-07,100000.0,1.0,200,5e-09,1.0
Rb,Triangular,5e-07,100000.0,1.0,200,1e-08,0.1
Rb,Triangular,5e-07,100000.0,1.0,200,1e-08,0.5
Rb,Triangular,5e-07,100000.0,1.0,200,1e-08,1.0
Rb,Triangular,5e-07,100000.0,10.0,50,1e-09,0.1
Rb,Triangular,5e-07,100000.0,10.0,50,1e-09,0.5
Rb,Triangular,5e-07,100000.0,10.0,50,1e-09,1.0
Rb,Triangular,5e-07,100000.0,10.0,50,5e-09,0.1
Rb,Triangular,5e-07,100000.0,10.0,50,5e-09,0.5
Rb,Triangular,5e-07,100000.0,10.0,50,5e-09,1.0
Rb,Triangular,5e-07,100000.0,10.0,50,1e-08,0.1
Rb,Triangular,5e-07,100000.0,10.0,50,1e-08,0.5
Rb,Triangular,5e-07,100000.0,10.0,50,1e-08,1.0
Rb,Triangular,5e-07,100000.0,10.0,100,1e-09,0.1
Rb,Triangular,5e-07,100000.0,10.0,100,1e-09,0.5
Rb,Triangular,5e-07,100000.0,10.0,100,1e-09,1.0
Rb,Triangular,5e-07,100000.0,10.0,100,5e-09,0.1
Rb,Triangular,5e-07,100000.0,10.0,100,5e-09,0.5
Rb,Triangular,5e-07,100000.0,10.0,100,5e-09,1.0
Rb,Triangular,5e-07,100000.0,10.0,100,1e-08,0.1
Rb,Triangular,5e-07,100000.0,10.0,100,1e-08,0.5
Rb,Triangular,5e-07,100000.0,10.0,100,1e-08,1.0
Rb,Triangular,5e-07,100000.0,10.0,200,1e-09,0.1
Rb,Triangular,5e-07,100000.0,10.0,200,1e-09,0.5
Rb,Triangular,5e-07,100000.0,10.0,200,1e-09,1.0
Rb,Triangular,5e-07,100000.0,10.0,200,5e-09,0.1
Rb,Triangular,5e-07,100000.0,10.0,200,5e-09,0.5
Rb,Triangular,5e-07,100000.0,10.0,200,5e-09,1.0
Rb,Triangular,5e-07,100000.0,10.0,200,1e-08,0.1
Rb,Triangular,5e-07,100000.0,10.0,200,1e-08,0.5
Rb,Triangular,5e-07,100000.0,10.0,200,1e-08,1.0
Rb,Triangular,7e-07,10000.0,0.1,50,1e-09,0.1
Rb,Triangular,7e-07,10000.0,0.1,50,1e-09,0.5
Rb,Triangular,7e-07,10000.0,0.1,50,1e-09,1.0
Rb,Triangular,7e-07,10000.0,0.1,50,5e-09,0.1
Rb,Triangular,7e-07,10000.0,0.1,50,5e-09,0.5
Rb,Triangular,7e-07,10000.0,0.1,50,5e-09,1.0
Rb,Triangular,7e-07,10000.0,0.1,50,1e-08,0.1
Rb,Triangular,7e-07,10000.0,0.1,50,1e-08,0.5
Rb,Triangular,7e-07,10000.0,0.1,50,1e-08,1.0
Rb,Triangular,7e-07,10000.0,0.1,100,1e-09,0.1
Rb,Triangular,7e-07,10000.0,0.1,100,1e-09,0.5
Rb,Triangular,7e-07,10000.0,0.1,100,1e-09,1.0
Rb,Triangular,7e-07,10000.0,0.1,100,5e-09,0.1
Rb,Triangular,7e-07,10000.0,0.1,100,5e-09,0.5
Rb,Triangular,7e-07,10000.0,0.1,100,5e-09,1.0
Rb,Triangular,7e-07,10000.0,0.1,100,1e-08,0.1
Rb,Triangular,7e-07,10000.0,0.1,100,1e-08,0.5
Rb,Triangular,7e-07,10000.0,0.1,100,1e-08,1.0
Rb,Triangular,7e-07,10000.0,0.1,200,1e-09,0.1
Rb,Triangular,7e-07,10000.0,0.1,200,1e-09,0.5
Rb,Triangular,7e-07,10000.0,0.1,200,1e-09,1.0
Rb,Triangular,7e-07,10000.0,0.1,200,5e-09,0.1
Rb,Triangular,7e-07,10000.0,0.1,200,5e-09,0.5
Rb,Triangular,7e-07,10000.0,0.1,200,5e-09,1.0
Rb,Triangular,7e-07,10000.0,0.1,200,1e-08,0.1
Rb,Triangular,7e-07,10000.0,0.1,200,1e-08,0.5
Rb,Triangular,7e-07,10000.0,0.1,200,1e-08,1.0
Rb,Triangular,7e-07,10000.0,1.0,50,1e-09,0.1
Rb,Triangular,7e-07,10000.0,1.0,50,1e-09,0.5
Rb,Triangular,7e-07,10000.0,1.0,50,1e-09,1.0
Rb,Triangular,7e-07,10000.0,1.0,50,5e-09,0.1
Rb,Triangular,7e-07,10000.0,1.0,50,5e-09,0.5
Rb,Triangular,7e-07,10000.0,1.0,50,5e-09,1.0
Rb,Triangular,7e-07,10000.0,1.0,50,1e-08,0.1
Rb,Triangular,7e-07,10000.0,1.0,50,1e-08,0.5
Rb,Triangular,7e-07,10000.0,1.0,50,1e-08,1.0
Rb,Triangular,7e-07,10000.0,1.0,100,1e-09,0.1
Rb,Triangular,7e-07,10000.0,1.0,100,1e-09,0.5
Rb,Triangular,7e-07,10000.0,1.0,100,1e-09,1.0
Rb,Triangular,7e-07,10000.0,1.0,100,5e-09,0.1
Rb,Triangular,7e-07,10000.0,1.0,100,5e-09,0.5
Rb,Triangular,7e-07,10000.0,1.0,100,5e-09,1.0
Rb,Triangular,7e-07,10000.0,1.0,100,1e-08,0.1
Rb,Triangular,7e-07,10000.0,1.0,100,1e-08,0.5
Rb,Triangular,7e-07,10000.0,1.0,100,1e-08,1.0
Rb,Triangular,7e-07,10000.0,1.0,200,1e-09,0.1
Rb,Triangular,7e-07,10000.0,1.0,200,1e-09,0.5
Rb,Triangular,7e-07,10000.0,1.0,200,1e-09,1.0
Rb,Triangular,7e-07,10000.0,1.0,200,5e-09,0.1
Rb,Triangular,7e-07,10000.0,1.0,200,5e-09,0.5
Rb,Triangular,7e-07,10000.0,1.0,200,5e-09,1.0
Rb,Triangular,7e-07,10000.0,1.0,200,1e-08,0.1
Rb,Triangular,7e-07,10000.0,1.0,200,1e-08,0.5
Rb,Triangular,7e-07,10000.0,1.0,200,1e-08,1.0
Rb,Triangular,7e-07,10000.0,10.0,50,1e-09,0.1
Rb,Triangular,7e-07,10000.0,10.0,50,1e-09,0.5
Rb,Triangular,7e-07,10000.0,10.0,50,1e-09,1.0
Rb,Triangular,7e-07,10000.0,10.0,50,5e-09,0.1
Rb,Triangular,7e-07,10000.0,10.0,50,5e-09,0.5
Rb,Triangular,7e-07,10000.0,10.0,50,5e-09,1.0
Rb,Triangular,7e-07,10000.0,10.0,50,1e-08,0.1
Rb,Triangular,7e-07,10000.0,10.0,50,1e-08,0.5
Rb,Triangular,7e-07,10000.0,10.0,50,1e-08,1.0
Rb,Triangular,7e-07,10000.0,10.0,100,1e-09,0.1
Rb,Triangular,7e-07,10000.0,10.0,100,1e-09,0.5
Rb,Triangular,7e-07,10000.0,10.0,100,1e-09,1.0
Rb,Triangular,7e-07,10000.0,10.0,100,5e-09,0.1
Rb,Triangular,7e-07,10000.0,10.0,100,5e-09,0.5
Rb,Triangular,7e-07,10000.0,10.0,100,5e-09,1.0
Rb,Triangular,7e-07,10000.0,10.0,100,1e-08,0.1
Rb,Triangular,7e-07,10000.0,10.0,100,1e-08,0.5
Rb,Triangular,7e-07,10000.0,10.0,100,1e-08,1.0
Rb,Triangular,7e-07,10000.0,10.0,200,1e-09,0.1
Rb,Triangular,7e-07,10000.0,10.0,200,1e-09,0.5
Rb,Triangular,7e-07,10000.0,10.0,200,1e-09,1.0
Rb,Triangular,7e-07,10000.0,10.0,200,5e-09,0.1
Rb,Triangular,7e-07,10000.0,10.0,200,5e-09,0.5
Rb,Triangular,7e-07,10000.0,10.0,200,5e-09,1.0
Rb,Triangular,7e-07,10000.0,10.0,200,1e-08,0.1
Rb,Triangular,7e-07,10000.0,10.0,200,1e-08,0.5
Rb,Triangular,7e-07,10000.0,10.0,200,1e-08,1.0
Rb,Triangular,7e-07,50000.0,0.1,50,1e-09,0.1
Rb,Triangular,7e-07,50000.0,0.1,50,1e-09,0.5
Rb,Triangular,7e-07,50000.0,0.1,50,1e-09,1.0
Rb,Triangular,7e-07,50000.0,0.1,50,5e-09,0.1
Rb,Triangular,7e-07,50000.0,0.1,50,5e-09,0.5
Rb,Triangular,7e-07,50000.0,0.1,50,5e-09,1.0
Rb,Triangular,7e-07,50000.0,0.1,50,1e-08,0.1
Rb,Triangular,7e-07,50000.0,0.1,50,1e-08,0.5
Rb,Triangular,7e-07,50000.0,0.1,50,1e-08,1.0
Rb,Triangular,7e-07,50000.0,0.1,100,1e-09,0.1
Rb,Triangular,7e-07,50000.0,0.1,100,1e-09,0.5
Rb,Triangular,7e-07,50000.0,0.1,100,1e-09,1.0
Rb,Triangular,7e-07,50000.0,0.1,100,5e-09,0.1
Rb,Triangular,7e-07,50000.0,0.1,100,5e-09,0.5
Rb,Triangular,7e-07,50000.0,0.1,100,5e-09,1.0
Rb,Triangular,7e-07,50000.0,0.1,100,1e-08,0.1
Rb,Triangular,7e-07,50000.0,0.1,100,1e-08,0.5
Rb,Triangular,7e-07,50000.0,0.1,100,1e-08,1.0
Rb,Triangular,7e-07,50000.0,0.1,200,1e-09,0.1
Rb,Triangular,7e-07,50000.0,0.1,200,1e-09,0.5
Rb,Triangular,7e-07,50000.0,0.1,200,1e-09,1.0
Rb,Triangular,7e-07,50000.0,0.1,200,5e-09,0.1
Rb,Triangular,7e-07,50000.0,0.1,200,5e-09,0.5
Rb,Triangular,7e-07,50000.0,0.1,200,5e-09,1.0
Rb,Triangular,7e-07,50000.0,0.1,200,1e-08,0.1
Rb,Triangular,7e-07,50000.0,0.1,200,1e-08,0.5
Rb,Triangular,7e-07,50000.0,0.1,200,1e-08,1.0
Rb,Triangular,7e-07,50000.0,1.0,50,1e-09,0.1
Rb,Triangular,7e-07,50000.0,1.0,50,1e-09,0.5
Rb,Triangular,7e-07,50000.0,1.0,50,1e-09,1.0
Rb,Triangular,7e-07,50000.0,1.0,50,5e-09,0.1
Rb,Triangular,7e-07,50000.0,1.0,50,5e-09,0.5
Rb,Triangular,7e-07,50000.0,1.0,50,5e-09,1.0
Rb,Triangular,7e-07,50000.0,1.0,50,1e-08,0.1
Rb,Triangular,7e-07,50000.0,1.0,50,1e-08,0.5
Rb,Triangular,7e-07,50000.0,1.0,50,1e-08,1.0
Rb,Triangular,7e-07,50000.0,1.0,100,1e-09,0.1
Rb,Triangular,7e-07,50000.0,1.0,100,1e-09,0.5
Rb,Triangular,7e-07,50000.0,1.0,100,1e-09,1.0
Rb,Triangular,7e-07,50000.0,1.0,100,5e-09,0.1
Rb,Triangular,7e-07,50000.0,1.0,100,5e-09,0.5
Rb,Triangular,7e-07,50000.0,1.0,100,5e-09,1.0
Rb,Triangular,7e-07,50000.0,1.0,100,1e-08,0.1
Rb,Triangular,7e-07,50000.0,1.0,100,1e-08,0.5
Rb,Triangular,7e-07,50000.0,1.0,100,1e-08,1.0
Rb,Triangular,7e-07,50000.0,1.0,200,1e-09,0.1
Rb,Triangular,7e-07,50000.0,1.0,200,1e-09,0.5
Rb,Triangular,7e-07,50000.0,1.0,200,1e-09,1.0
Rb,Triangular,7e-07,50000.0,1.0,200,5e-09,0.1
Rb,Triangular,7e-07,50000.0,1.0,200,5e-09,0.5
Rb,Triangular,7e-07,50000.0,1.0,200,5e-09,1.0
Rb,Triangular,7e-07,50000.0,1.0,200,1e-08,0.1
Rb,Triangular,7e-07,50000.0,1.0,200,1e-08,0.5
Rb,Triangular,7e-07,50000.0,1.0,200,1e-08,1.0
Rb,Triangular,7e-07,50000.0,10.0,50,1e-09,0.1
Rb,Triangular,7e-07,50000.0,10.0,50,1e-09,0.5
Rb,Triangular,7e-07,50000.0,10.0,50,1e-09,1.0
Rb,Triangular,7e-07,50000.0,10.0,50,5e-09,0.1
Rb,Triangular,7e-07,50000.0,10.0,50,5e-09,0.5
Rb,Triangular,7e-07,50000.0,10.0,50,5e-09,1.0
Rb,Triangular,7e-07,50000.0,10.0,50,1e-08,0.1
Rb,Triangular,7e-07,50000.0,10.0,50,1e-08,0.5
Rb,Triangular,7e-07,50000.0,10.0,50,1e-08,1.0
Rb,Triangular,7e-07,50000.0,10.0,100,1e-09,0.1
Rb,Triangular,7e-07,50000.0,10.0,100,1e-09,0.5
Rb,Triangular,7e-07,50000.0,10.0,100,1e-09,1.0
Rb,Triangular,7e-07,50000.0,10.0,100,5e-09,0.1
Rb,Triangular,7e-07,50000.0,10.0,100,5e-09,0.5
Rb,Triangular,7e-07,50000.0,10.0,100,5e-09,1.0
Rb,Triangular,7e-07,50000.0,10.0,100,1e-08,0.1
Rb,Triangular,7e-07,50000.0,10.0,100,1e-08,0.5
Rb,Triangular,7e-07,50000.0,10.0,100,1e-08,1.0
Rb,Triangular,7e-07,50000.0,10.0,200,1e-09,0.1
Rb,Triangular,7e-07,50000.0,10.0,200,1e-09,0.5
Rb,Triangular,7e-07,50000.0,10.0,200,1e-09,1.0
Rb,Triangular,7e-07,50000.0,10.0,200,5e-09,0.1
Rb,Triangular,7e-07,50000.0,10.0,200,5e-09,0.5
Rb,Triangular,7e-07,50000.0,10.0,200,5e-09,1.0
Rb,Triangular,7e-07,50000.0,10.0,200,1e-08,0.1
Rb,Triangular,7e-07,50000.0,10.0,200,1e-08,0.5
Rb,Triangular,7e-07,50000.0,10.0,200,1e-08,1.0
Rb,Triangular,7e-07,100000.0,0.1,50,1e-09,0.1
Rb,Triangular,7e-07,100000.0,0.1,50,1e-09,0.5
Rb,Triangular,7e-07,100000.0,0.1,50,1e-09,1.0
Rb,Triangular,7e-07,100000.0,0.1,50,5e-09,0.1
Rb,Triangular,7e-07,100000.0,0.1,50,5e-09,0.5
Rb,Triangular,7e-07,100000.0,0.1,50,5e-09,1.0
Rb,Triangular,7e-07,100000.0,0.1,50,1e-08,0.1
Rb,Triangular,7e-07,100000.0,0.1,50,1e-08,0.5
Rb,Triangular,7e-07,100000.0,0.1,50,1e-08,1.0
Rb,Triangular,7e-07,100000.0,0.1,100,1e-09,0.1
Rb,Triangular,7e-07,100000.0,0.1,100,1e-09,0.5
Rb,Triangular,7e-07,100000.0,0.1,100,1e-09,1.0
Rb,Triangular,7e-07,100000.0,0.1,100,5e-09,0.1
Rb,Triangular,7e-07,100000.0,0.1,100,5e-09,0.5
Rb,Triangular,7e-07,100000.0,0.1,100,5e-09,1.0
Rb,Triangular,7e-07,100000.0,0.1,100,1e-08,0.1
Rb,Triangular,7e-07,100000.0,0.1,100,1e-08,0.5
Rb,Triangular,7e-07,100000.0,0.1,100,1e-08,1.0
Rb,Triangular,7e-07,100000.0,0.1,200,1e-09,0.1
Rb,Triangular,7e-07,100000.0,0.1,200,1e-09,0.5
Rb,Triangular,7e-07,100000.0,0.1,200,1e-09,1.0
Rb,Triangular,7e-07,100000.0,0.1,200,5e-09,0.1
Rb,Triangular,7e-07,100000.0,0.1,200,5e-09,0.5
Rb,Triangular,7e-07,100000.0,0.1,200,5e-09,1.0
Rb,Triangular,7e-07,100000.0,0.1,200,1e-08,0.1
Rb,Triangular,7e-07,100000.0,0.1,200,1e-08,0.5
Rb,Triangular,7e-07,100000.0,0.1,200,1e-08,1.0
Rb,Triangular,7e-07,100000.0,1.0,50,1e-09,0.1
Rb,Triangular,7e-07,100000.0,1.0,50,1e-09,0.5
Rb,Triangular,7e-07,100000.0,1.0,50,1e-09,1.0
Rb,Triangular,7e-07,100000.0,1.0,50,5e-09,0.1
Rb,Triangular,7e-07,100000.0,1.0,50,5e-09,0.5
Rb,Triangular,7e-07,100000.0,1.0,50,5e-09,1.0
Rb,Triangular,7e-07,100000.0,1.0,50,1e-08,0.1
Rb,Triangular,7e-07,100000.0,1.0,50,1e-08,0.5
Rb,Triangular,7e-07,100000.0,1.0,50,1e-08,1.0
Rb,Triangular,7e-07,100000.0,1.0,100,1e-09,0.1
Rb,Triangular,7e-07,100000.0,1.0,100,1e-09,0.5
Rb,Triangular,7e-07,100000.0,1.0,100,1e-09,1.0
Rb,Triangular,7e-07,100000.0,1.0,100,5e-09,0.1
Rb,Triangular,7e-07,100000.0,1.0,100,5e-09,0.5
Rb,Triangular,7e-07,100000.0,1.0,100,5e-09,1.0
Rb,Triangular,7e-07,100000.0,1.0,100,1e-08,0.1
Rb,Triangular,7e-07,100000.0,1.0,100,1e-08,0.5
Rb,Triangular,7e-07,100000.0,1.0,100,1e-08,1.0
Rb,Triangular,7e-07,100000.0,1.0,200,1e-09,0.1
Rb,Triangular,7e-07,100000.0,1.0,200,1e-09,0.5
Rb,Triangular,7e-07,100000.0,1.0,200,1e-09,1.0
Rb,Triangular,7e-07,100000.0,1.0,200,5e-09,0.1
Rb,Triangular,7e-07,100000.0,1.0,200,5e-09,0.5
Rb,Triangular,7e-07,100000.0,1.0,200,5e-09,1.0
Rb,Triangular,7e-07,100000.0,1.0,200,1e-08,0.1
Rb,Triangular,7e-07,100000.0,1.0,200,1e-08,0.5
Rb,Triangular,7e-07,100000.0,1.0,200,1e-08,1.0
Rb,Triangular,7e-07,100000.0,10.0,50,1e-09,0.1
Rb,Triangular,7e-07,100000.0,10.0,50,1e-09,0.5
Rb,Triangular,7e-07,100000.0,10.0,50,1e-09,1.0
Rb,Triangular,7e-07,100000.0,10.0,50,5e-09,0.1
Rb,Triangular,7e-07,100000.0,10.0,50,5e-09,0.5
Rb,Triangular,7e-07,100000.0,10.0,50,5e-09,1.0
Rb,Triangular,7e-07,100000.0,10.0,50,1e-08,0.1
Rb,Triangular,7e-07,100000.0,10.0,50,1e-08,0.5
Rb,Triangular,7e-07,100000.0,10.0,50,1e-08,1.0
Rb,Triangular,7e-07,100000.0,10.0,100,1e-09,0.1
Rb,Triangular,7e-07,100000.0,10.0,100,1e-09,0.5
Rb,Triangular,7e-07,100000.0,10.0,100,1e-09,1.0
Rb,Triangular,7e-07,100000.0,10.0,100,5e-09,0.1
Rb,Triangular,7e-07,100000.0,10.0,100,5e-09,0.5
Rb,Triangular,7e-07,100000.0,10.0,100,5e-09,1.0
Rb,Triangular,7e-07,100000.0,10.0,100,1e-08,0.1
Rb,Triangular,7e-07,100000.0,10.0,100,1e-08,0.5
Rb,Triangular,7e-07,100000.0,10.0,100,1e-08,1.0
Rb,Triangular,7e-07,100000.0,10.0,200,1e-09,0.1
Rb,Triangular,7e-07,100000.0,10.0,200,1e-09,0.5
Rb,Triangular,7e-07,100000.0,10.0,200,1e-09,1.0
Rb,Triangular,7e-07,100000.0,10.0,200,5e-09,0.1
Rb,Triangular,7e-07,100000.0,10.0,200,5e-09,0.5
Rb,Triangular,7e-07,100000.0,10.0,200,5e-09,1.0
Rb,Triangular,7e-07,100000.0,10.0,200,1e-08,0.1
Rb,Triangular,7e-07,100000.0,10.0,200,1e-08,0.5
Rb,Triangular,7e-07,100000.0,10.0,200,1e-08,1.0
Rb,Triangular,1e-06,10000.0,0.1,50,1e-09,0.1
Rb,Triangular,1e-06,10000.0,0.1,50,1e-09,0.5
Rb,Triangular,1e-06,10000.0,0.1,50,1e-09,1.0
Rb,Triangular,1e-06,10000.0,0.1,50,5e-09,0.1
Rb,Triangular,1e-06,10000.0,0.1,50,5e-09,0.5
Rb,Triangular,1e-06,10000.0,0.1,50,5e-09,1.0
Rb,Triangular,1e-06,10000.0,0.1,50,1e-08,0.1
Rb,Triangular,1e-06,10000.0,0.1,50,1e-08,0.5
Rb,Triangular,1e-06,10000.0,0.1,50,1e-08,1.0
Rb,Triangular,1e-06,10000.0,0.1,100,1e-09,0.1
Rb,Triangular,1e-06,10000.0,0.1,100,1e-09,0.5
Rb,Triangular,1e-06,10000.0,0.1,100,1e-09,1.0
Rb,Triangular,1e-06,10000.0,0.1,100,5e-09,0.1
Rb,Triangular,1e-06,10000.0,0.1,100,5e-09,0.5
Rb,Triangular,1e-06,10000.0,0.1,100,5e-09,1.0
Rb,Triangular,1e-06,10000.0,0.1,100,1e-08,0.1
Rb,Triangular,1e-06,10000.0,0.1,100,1e-08,0.5
Rb,Triangular,1e-06,10000.0,0.1,100,1e-08,1.0
Rb,Triangular,1e-06,10000.0,0.1,200,1e-09,0.1
Rb,Triangular,1e-06,10000.0,0.1,200,1e-09,0.5
Rb,Triangular,1e-06,10000.0,0.1,200,1e-09,1.0
Rb,Triangular,1e-06,10000.0,0.1,200,5e-09,0.1
Rb,Triangular,1e-06,10000.0,0.1,200,5e-09,0.5
Rb,Triangular,1e-06,10000.0,0.1,200,5e-09,1.0
Rb,Triangular,1e-06,10000.0,0.1,200,1e-08,0.1
Rb,Triangular,1e-06,10000.0,0.1,200,1e-08,0.5
Rb,Triangular,1e-06,10000.0,0.1,200,1e-08,1.0
Rb,Triangular,1e-06,10000.0,1.0,50,1e-09,0.1
Rb,Triangular,1e-06,10000.0,1.0,50,1e-09,0.5
Rb,Triangular,1e-06,10000.0,1.0,50,1e-09,1.0
Rb,Triangular,1e-06,10000.0,1.0,50,5e-09,0.1
Rb,Triangular,1e-06,10000.0,1.0,50,5e-09,0.5
Rb,Triangular,1e-06,10000.0,1.0,50,5e-09,1.0
Rb,Triangular,1e-06,10000.0,1.0,50,1e-08,0.1
Rb,Triangular,1e-06,10000.0,1.0,50,1e-08,0.5
Rb,Triangular,1e-06,10000.0,1.0,50,1e-08,1.0
Rb,Triangular,1e-06,10000.0,1.0,100,1e-09,0.1
Rb,Triangular,1e-06,10000.0,1.0,100,1e-09,0.5
Rb,Triangular,1e-06,10000.0,1.0,100,1e-09,1.0
Rb,Triangular,1e-06,10000.0,1.0,100,5e-09,0.1
Rb,Triangular,1e-06,10000.0,1.0,100,5e-09,0.5
Rb,Triangular,1e-06,10000.0,1.0,100,5e-09,1.0
Rb,Triangular,1e-06,10000.0,1.0,100,1e-08,0.1
Rb,Triangular,1e-06,10000.0,1.0,100,1e-08,0.5
Rb,Triangular,1e-06,10000.0,1.0,100,1e-08,1.0
Rb,Triangular,1e-06,10000.0,1.0,200,1e-09,0.1
Rb,Triangular,1e-06,10000.0,1.0,200,1e-09,0.5
Rb,Triangular,1e-06,10000.0,1.0,200,1e-09,1.0
Rb,Triangular,1e-06,10000.0,1.0,200,5e-09,0.1
Rb,Triangular,1e-06,10000.0,1.0,200,5e-09,0.5
Rb,Triangular,1e-06,10000.0,1.0,200,5e-09,1.0
Rb,Triangular,1e-06,10000.0,1.0,200,1e-08,0.1
Rb,Triangular,1e-06,10000.0,1.0,200,1e-08,0.5
Rb,Triangular,1e-06,10000.0,1.0,200,1e-08,1.0
Rb,Triangular,1e-06,10000.0,10.0,50,1e-09,0.1
Rb,Triangular,1e-06,10000.0,10.0,50,1e-09,0.5
Rb,Triangular,1e-06,10000.0,10.0,50,1e-09,1.0
Rb,Triangular,1e-06,10000.0,10.0,50,5e-09,0.1
Rb,Triangular,1e-06,10000.0,10.0,50,5e-09,0.5
Rb,Triangular,1e-06,10000.0,10.0,50,5e-09,1.0
Rb,Triangular,1e-06,10000.0,10.0,50,1e-08,0.1
Rb,Triangular,1e-06,10000.0,10.0,50,1e-08,0.5
Rb,Triangular,1e-06,10000.0,10.0,50,1e-08,1.0
Rb,Triangular,1e-06,10000.0,10.0,100,1e-09,0.1
Rb,Triangular,1e-06,10000.0,10.0,100,1e-09,0.5
Rb,Triangular,1e-06,10000.0,10.0,100,1e-09,1.0
Rb,Triangular,1e-06,10000.0,10.0,100,5e-09,0.1
Rb,Triangular,1e-06,10000.0,10.0,100,5e-09,0.5
Rb,Triangular,1e-06,10000.0,10.0,100,5e-09,1.0
Rb,Triangular,1e-06,10000.0,10.0,100,1e-08,0.1
Rb,Triangular,1e-06,10000.0,10.0,100,1e-08,0.5
Rb,Triangular,1e-06,10000.0,10.0,100,1e-08,1.0
Rb,Triangular,1e-06,10000.0,10.0,200,1e-09,0.1
Rb,Triangular,1e-06,10000.0,10.0,200,1e-09,0.5
Rb,Triangular,1e-06,10000.0,10.0,200,1e-09,1.0
Rb,Triangular,1e-06,10000.0,10.0,200,5e-09,0.1
Rb,Triangular,1e-06,10000.0,10.0,200,5e-09,0.5
Rb,Triangular,1e-06,10000.0,10.0,200,5e-09,1.0
Rb,Triangular,1e-06,10000.0,10.0,200,1e-08,0.1
Rb,Triangular,1e-06,10000.0,10.0,200,1e-08,0.5
Rb,Triangular,1e-06,10000.0,10.0,200,1e-08,1.0
Rb,Triangular,1e-06,50000.0,0.1,50,1e-09,0.1
Rb,Triangular,1e-06,50000.0,0.1,50,1e-09,0.5
Rb,Triangular,1e-06,50000.0,0.1,50,1e-09,1.0
Rb,Triangular,1e-06,50000.0,0.1,50,5e-09,0.1
Rb,Triangular,1e-06,50000.0,0.1,50,5e-09,0.5
Rb,Triangular,1e-06,50000.0,0.1,50,5e-09,1.0
Rb,Triangular,1e-06,50000.0,0.1,50,1e-08,0.1
Rb,Triangular,1e-06,50000.0,0.1,50,1e-08,0.5
Rb,Triangular,1e-06,50000.0,0.1,50,1e-08,1.0
Rb,Triangular,1e-06,50000.0,0.1,100,1e-09,0.1
Rb,Triangular,1e-06,50000.0,0.1,100,1e-09,0.5
Rb,Triangular,1e-06,50000.0,0.1,100,1e-09,1.0
Rb,Triangular,1e-06,50000.0,0.1,100,5e-09,0.1
Rb,Triangular,1e-06,50000.0,0.1,100,5e-09,0.5
Rb,Triangular,1e-06,50000.0,0.1,100,5e-09,1.0
Rb,Triangular,1e-06,50000.0,0.1,100,1e-08,0.1
Rb,Triangular,1e-06,50000.0,0.1,100,1e-08,0.5
Rb,Triangular,1e-06,50000.0,0.1,100,1e-08,1.0
Rb,Triangular,1e-06,50000.0,0.1,200,1e-09,0.1
Rb,Triangular,1e-06,50000.0,0.1,200,1e-09,0.5
Rb,Triangular,1e-06,50000.0,0.1,200,1e-09,1.0
Rb,Triangular,1e-06,50000.0,0.1,200,5e-09,0.1
Rb,Triangular,1e-06,50000.0,0.1,200,5e-09,0.5
Rb,Triangular,1e-06,50000.0,0.1,200,5e-09,1.0
Rb,Triangular,1e-06,50000.0,0.1,200,1e-08,0.1
Rb,Triangular,1e-06,50000.0,0.1,200,1e-08,0.5
Rb,Triangular,1e-06,50000.0,0.1,200,1e-08,1.0
Rb,Triangular,1e-06,50000.0,1.0,50,1e-09,0.1
Rb,Triangular,1e-06,50000.0,1.0,50,1e-09,0.5
Rb,Triangular,1e-06,50000.0,1.0,50,1e-09,1.0
Rb,Triangular,1e-06,50000.0,1.0,50,5e-09,0.1
Rb,Triangular,1e-06,50000.0,1.0,50,5e-09,0.5
Rb,Triangular,1e-06,50000.0,1.0,50,5e-09,1.0
Rb,Triangular,1e-06,50000.0,1.0,50,1e-08,0.1
Rb,Triangular,1e-06,50000.0,1.0,50,1e-08,0.5
Rb,Triangular,1e-06,50000.0,1.0,50,1e-08,1.0
Rb,Triangular,1e-06,50000.0,1.0,100,1e-09,0.1
Rb,Triangular,1e-06,50000.0,1.0,100,1e-09,0.5
Rb,Triangular,1e-06,50000.0,1.0,100,1e-09,1.0
Rb,Triangular,1e-06,50000.0,1.0,100,5e-09,0.1
Rb,Triangular,1e-06,50000.0,1.0,100,5e-09,0.5
Rb,Triangular,1e-06,50000.0,1.0,100,5e-09,1.0
Rb,Triangular,1e-06,50000.0,1.0,100,1e-08,0.1
Rb,Triangular,1e-06,50000.0,1.0,100,1e-08,0.5
Rb,Triangular,1e-06,50000.0,1.0,100,1e-08,1.0
Rb,Triangular,1e-06,50000.0,1.0,200,1e-09,0.1
Rb,Triangular,1e-06,50000.0,1.0,200,1e-09,0.5
Rb,Triangular,1e-06,50000.0,1.0,200,1e-09,1.0
Rb,Triangular,1e-06,50000.0,1.0,200,5e-09,0.1
Rb,Triangular,1e-06,50000.0,1.0,200,5e-09,0.5
Rb,Triangular,1e-06,50000.0,1.0,200,5e-09,1.0
Rb,Triangular,1e-06,50000.0,1.0,200,1e-08,0.1
Rb,Triangular,1e-06,50000.0,1.0,200,1e-08,0.5
Rb,Triangular,1e-06,50000.0,1.0,200,1e-08,1.0
Rb,Triangular,1e-06,50000.0,10.0,50,1e-09,0.1
Rb,Triangular,1e-06,50000.0,10.0,50,1e-09,0.5
Rb,Triangular,1e-06,50000.0,10.0,50,1e-09,1.0
Rb,Triangular,1e-06,50000.0,10.0,50,5e-09,0.1
Rb,Triangular,1e-06,50000.0,10.0,50,5e-09,0.5
Rb,Triangular,1e-06,50000.0,10.0,50,5e-09,1.0
Rb,Triangular,1e-06,50000.0,10.0,50,1e-08,0.1
Rb,Triangular,1e-06,50000.0,10.0,50,1e-08,0.5
Rb,Triangular,1e-06,50000.0,10.0,50,1e-08,1.0
Rb,Triangular,1e-06,50000.0,10.0,100,1e-09,0.1
Rb,Triangular,1e-06,50000.0,10.0,100,1e-09,0.5
Rb,Triangular,1e-06,50000.0,10.0,100,1e-09,1.0
Rb,Triangular,1e-06,50000.0,10.0,100,5e-09,0.1
Rb,Triangular,1e-06,50000.0,10.0,100,5e-09,0.5
Rb,Triangular,1e-06,50000.0,10.0,100,5e-09,1.0
Rb,Triangular,1e-06,50000.0,10.0,100,1e-08,0.1
Rb,Triangular,1e-06,50000.0,10.0,100,1e-08,0.5
Rb,Triangular,1e-06,50000.0,10.0,100,1e-08,1.0
Rb,Triangular,1e-06,50000.0,10.0,200,1e-09,0.1
Rb,Triangular,1e-06,50000.0,10.0,200,1e-09,0.5
Rb,Triangular,1e-06,50000.0,10.0,200,1e-09,1.0
Rb,Triangular,1e-06,50000.0,10.0,200,5e-09,0.1
Rb,Triangular,1e-06,50000.0,10.0,200,5e-09,0.5
Rb,Triangular,1e-06,50000.0,10.0,200,5e-09,1.0
Rb,Triangular,1e-06,50000.0,10.0,200,1e-08,0.1
Rb,Triangular,1e-06,50000.0,10.0,200,1e-08,0.5
Rb,Triangular,1e-06,50000.0,10.0,200,1e-08,1.0
Rb,Triangular,1e-06,100000.0,0.1,50,1e-09,0.1
Rb,Triangular,1e-06,100000.0,0.1,50,1e-09,0.5
Rb,Triangular,1e-06,100000.0,0.1,50,1e-09,1.0
Rb,Triangular,1e-06,100000.0,0.1,50,5e-09,0.1
Rb,Triangular,1e-06,100000.0,0.1,50,5e-09,0.5
Rb,Triangular,1e-06,100000.0,0.1,50,5e-09,1.0
Rb,Triangular,1e-06,100000.0,0.1,50,1e-08,0.1
Rb,Triangular,1e-06,100000.0,0.1,50,1e-08,0.5
Rb,Triangular,1e-06,100000.0,0.1,50,1e-08,1.0
Rb,Triangular,1e-06,100000.0,0.1,100,1e-09,0.1
Rb,Triangular,1e-06,100000.0,0.1,100,1e-09,0.5
Rb,Triangular,1e-06,100000.0,0.1,100,1e-09,1.0
Rb,Triangular,1e-06,100000.0,0.1,100,5e-09,0.1
Rb,Triangular,1e-06,100000.0,0.1,100,5e-09,0.5
Rb,Triangular,1e-06,100000.0,0.1,100,5e-09,1.0
Rb,Triangular,1e-06,100000.0,0.1,100,1e-08,0.1
Rb,Triangular,1e-06,100000.0,0.1,100,1e-08,0.5
Rb,Triangular,1e-06,100000.0,0.1,100,1e-08,1.0
Rb,Triangular,1e-06,100000.0,0.1,200,1e-09,0.1
Rb,Triangular,1e-06,100000.0,0.1,200,1e-09,0.5
Rb,Triangular,1e-06,100000.0,0.1,200,1e-09,1.0
Rb,Triangular,1e-06,100000.0,0.1,200,5e-09,0.1
Rb,Triangular,1e-06,100000.0,0.1,200,5e-09,0.5
Rb,Triangular,1e-06,100000.0,0.1,200,5e-09,1.0
Rb,Triangular,1e-06,100000.0,0.1,200,1e-08,0.1
Rb,Triangular,1e-06,100000.0,0.1,200,1e-08,0.5
Rb,Triangular,1e-06,100000.0,0.1,200,1e-08,1.0
Rb,Triangular,1e-06,100000.0,1.0,50,1e-09,0.1
Rb,Triangular,1e-06,100000.0,1.0,50,1e-09,0.5
Rb,Triangular,1e-06,100000.0,1.0,50,1e-09,1.0
Rb,Triangular,1e-06,100000.0,1.0,50,5e-09,0.1
Rb,Triangular,1e-06,100000.0,1.0,50,5e-09,0.5
Rb,Triangular,1e-06,100000.0,1.0,50,5e-09,1.0
Rb,Triangular,1e-06,100000.0,1.0,50,1e-08,0.1
Rb,Triangular,1e-06,100000.0,1.0,50,1e-08,0.5
Rb,Triangular,1e-06,100000.0,1.0,50,1e-08,1.0
Rb,Triangular,1e-06,100000.0,1.0,100,1e-09,0.1
Rb,Triangular,1e-06,100000.0,1.0,100,1e-09,0.5
Rb,Triangular,1e-06,100000.0,1.0,100,1e-09,1.0
Rb,Triangular,1e-06,100000.0,1.0,100,5e-09,0.1
Rb,Triangular,1e-06,100000.0,1.0,100,5e-09,0.5
Rb,Triangular,1e-06,100000.0,1.0,100,5e-09,1.0
Rb,Triangular,1e-06,100000.0,1.0,100,1e-08,0.1
Rb,Triangular,1e-06,100000.0,1.0,100,1e-08,0.5
Rb,Triangular,1e-06,100000.0,1.0,100,1e-08,1.0
Rb,Triangular,1e-06,100000.0,1.0,200,1e-09,0.1
Rb,Triangular,1e-06,100000.0,1.0,200,1e-09,0.5
Rb,Triangular,1e-06,100000.0,1.0,200,1e-09,1.0
Rb,Triangular,1e-06,100000.0,1.0,200,5e-09,0.1
Rb,Triangular,1e-06,100000.0,1.0,200,5e-09,0.5
Rb,Triangular,1e-06,100000.0,1.0,200,5e-09,1.0
Rb,Triangular,1e-06,100000.0,1.0,200,1e-08,0.1
Rb,Triangular,1e-06,100000.0,1.0,200,1e-08,0.5
Rb,Triangular,1e-06,100000.0,1.0,200,1e-08,1.0
Rb,Triangular,1e-06,100000.0,10.0,50,1e-09,0.1
Rb,Triangular,1e-06,100000.0,10.0,50,1e-09,0.5
Rb,Triangular,1e-06,100000.0,10.0,50,1e-09,1.0
Rb,Triangular,1e-06,100000.0,10.0,50,5e-09,0.1
Rb,Triangular,1e-06,100000.0,10.0,50,5e-09,0.5
Rb,Triangular,1e-06,100000.0,10.0,50,5e-09,1.0
Rb,Triangular,1e-06,100000.0,10.0,50,1e-08,0.1
Rb,Triangular,1e-06,100000.0,10.0,50,1e-08,0.5
Rb,Triangular,1e-06,100000.0,10.0,50,1e-08,1.0
Rb,Triangular,1e-06,100000.0,10.0,100,1e-09,0.1
Rb,Triangular,1e-06,100000.0,10.0,100,1e-09,0.5
Rb,Triangular,1e-06,100000.0,10.0,100,1e-09,1.0
Rb,Triangular,1e-06,100000.0,10.0,100,5e-09,0.1
Rb,Triangular,1e-06,100000.0,10.0,100,5e-09,0.5
Rb,Triangular,1e-06,100000.0,10.0,100,5e-09,1.0
Rb,Triangular,1e-06,100000.0,10.0,100,1e-08,0.1
Rb,Triangular,1e-06,100000.0,10.0,100,1e-08,0.5
Rb,Triangular,1e-06,100000.0,10.0,100,1e-08,1.0
Rb,Triangular,1e-06,100000.0,10.0,200,1e-09,0.1
Rb,Triangular,1e-06,100000.0,10.0,200,1e-09,0.5
Rb,Triangular,1e-06,100000.0,10.0,200,1e-09,1.0
Rb,Triangular,1e-06,100000.0,10.0,200,5e-09,0.1
Rb,Triangular,1e-06,100000.0,10.0,200,5e-09,0.5
Rb,Triangular,1e-06,100000.0,10.0,200,5e-09,1.0
Rb,Triangular,1e-06,100000.0,10.0,200,1e-08,0.1
Rb,Triangular,1e-06,100000.0,10.0,200,1e-08,0.5
Rb,Triangular,1e-06,100000.0,10.0,200,1e-08,1.0
Cs,Square,5e-07,10000.0,0.1,50,1e-09,0.1
Cs,Square,5e-07,10000.0,0.1,50,1e-09,0.5
Cs,Square,5e-07,10000.0,0.1,50,1e-09,1.0
Cs,Square,5e-07,10000.0,0.1,50,5e-09,0.1
Cs,Square,5e-07,10000.0,0.1,50,5e-09,0.5
Cs,Square,5e-07,10000.0,0.1,50,5e-09,1.0
Cs,Square,5e-07,10000.0,0.1,50,1e-08,0.1
Cs,Square,5e-07,10000.0,0.1,50,1e-08,0.5
Cs,Square,5e-07,10000.0,0.1,50,1e-08,1.0
Cs,Square,5e-07,10000.0,0.1,100,1e-09,0.1
Cs,Square,5e-07,10000.0,0.1,100,1e-09,0.5
Cs,Square,5e-07,10000.0,0.1,100,1e-09,1.0
Cs,Square,5e-07,10000.0,0.1,100,5e-09,0.1
Cs,Square,5e-07,10000.0,0.1,100,5e-09,0.5
Cs,Square,5e-07,10000.0,0.1,100,5e-09,1.0
Cs,Square,5e-07,10000.0,0.1,100,1e-08,0.1
Cs,Square,5e-07,10000.0,0.1,100,1e-08,0.5
Cs,Square,5e-07,10000.0,0.1,100,1e-08,1.0
Cs,Square,5e-07,10000.0,0.1,200,1e-09,0.1
Cs,Square,5e-07,10000.0,0.1,200,1e-09,0.5
Cs,Square,5e-07,10000.0,0.1,200,1e-09,1.0
Cs,Square,5e-07,10000.0,0.1,200,5e-09,0.1
Cs,Square,5e-07,10000.0,0.1,200,5e-09,0.5
Cs,Square,5e-07,10000.0,0.1,200,5e-09,1.0
Cs,Square,5e-07,10000.0,0.1,200,1e-08,0.1
Cs,Square,5e-07,10000.0,0.1,200,1e-08,0.5
Cs,Square,5e-07,10000.0,0.1,200,1e-08,1.0
Cs,Square,5e-07,10000.0,1.0,50,1e-09,0.1
Cs,Square,5e-07,10000.0,1.0,50,1e-09,0.5
Cs,Square,5e-07,10000.0,1.0,50,1e-09,1.0
Cs,Square,5e-07,10000.0,1.0,50,5e-09,0.1
Cs,Square,5e-07,10000.0,1.0,50,5e-09,0.5
Cs,Square,5e-07,10000.0,1.0,50,5e-09,1.0
Cs,Square,5e-07,10000.0,1.0,50,1e-08,0.1
Cs,Square,5e-07,10000.0,1.0,50,1e-08,0.5
Cs,Square,5e-07,10000.0,1.0,50,1e-08,1.0
Cs,Square,5e-07,10000.0,1.0,100,1e-09,0.1
Cs,Square,5e-07,10000.0,1.0,100,1e-09,0.5
Cs,Square,5e-07,10000.0,1.0,100,1e-09,1.0
Cs,Square,5e-07,10000.0,1.0,100,5e-09,0.1
Cs,Square,5e-07,10000.0,1.0,100,5e-09,0.5
Cs,Square,5e-07,10000.0,1.0,100,5e-09,1.0
Cs,Square,5e-07,10000.0,1.0,100,1e-08,0.1
Cs,Square,5e-07,10000.0,1.0,100,1e-08,0.5
Cs,Square,5e-07,10000.0,1.0,100,1e-08,1.0
Cs,Square,5e-07,10000.0,1.0,200,1e-09,0.1
Cs,Square,5e-07,10000.0,1.0,200,1e-09,0.5
Cs,Square,5e-07,10000.0,1.0,200,1e-09,1.0
Cs,Square,5e-07,10000.0,1.0,200,5e-09,0.1
Cs,Square,5e-07,10000.0,1.0,200,5e-09,0.5
Cs,Square,5e-07,10000.0,1.0,200,5e-09,1.0
Cs,Square,5e-07,10000.0,1.0,200,1e-08,0.1
Cs,Square,5e-07,10000.0,1.0,200,1e-08,0.5
Cs,Square,5e-07,10000.0,1.0,200,1e-08,1.0
Cs,Square,5e-07,10000.0,10.0,50,1e-09,0.1
Cs,Square,5e-07,10000.0,10.0,50,1e-09,0.5
Cs,Square,5e-07,10000.0,10.0,50,1e-09,1.0
Cs,Square,5e-07,10000.0,10.0,50,5e-09,0.1
Cs,Square,5e-07,10000.0,10.0,50,5e-09,0.5
Cs,Square,5e-07,10000.0,10.0,50,5e-09,1.0
Cs,Square,5e-07,10000.0,10.0,50,1e-08,0.1
Cs,Square,5e-07,10000.0,10.0,50,1e-08,0.5
Cs,Square,5e-07,10000.0,10.0,50,1e-08,1.0
Cs,Square,5e-07,10000.0,10.0,100,1e-09,0.1
Cs,Square,5e-07,10000.0,10.0,100,1e-09,0.5
Cs,Square,5e-07,10000.0,10.0,100,1e-09,1.0
Cs,Square,5e-07,10000.0,10.0,100,5e-09,0.1
Cs,Square,5e-07,10000.0,10.0,100,5e-09,0.5
Cs,Square,5e-07,10000.0,10.0,100,5e-09,1.0
Cs,Square,5e-07,10000.0,10.0,100,1e-08,0.1
Cs,Square,5e-07,10000.0,10.0,100,1e-08,0.5
Cs,Square,5e-07,10000.0,10.0,100,1e-08,1.0
Cs,Square,5e-07,10000.0,10.0,200,1e-09,0.1
Cs,Square,5e-07,10000.0,10.0,200,1e-09,0.5
Cs,Square,5e-07,10000.0,10.0,200,1e-09,1.0
Cs,Square,5e-07,10000.0,10.0,200,5e-09,0.1
Cs,Square,5e-07,10000.0,10.0,200,5e-09,0.5
Cs,Square,5e-07,10000.0,10.0,200,5e-09,1.0
Cs,Square,5e-07,10000.0,10.0,200,1e-08,0.1
Cs,Square,5e-07,10000.0,10.0,200,1e-08,0.5
Cs,Square,5e-07,10000.0,10.0,200,1e-08,1.0
Cs,Square,5e-07,50000.0,0.1,50,1e-09,0.1
Cs,Square,5e-07,50000.0,0.1,50,1e-09,0.5
Cs,Square,5e-07,50000.0,0.1,50,1e-09,1.0
Cs,Square,5e-07,50000.0,0.1,50,5e-09,0.1
Cs,Square,5e-07,50000.0,0.1,50,5e-09,0.5
Cs,Square,5e-07,50000.0,0.1,50,5e-09,1.0
Cs,Square,5e-07,50000.0,0.1,50,1e-08,0.1
Cs,Square,5e-07,50000.0,0.1,50,1e-08,0.5
Cs,Square,5e-07,50000.0,0.1,50,1e-08,1.0
Cs,Square,5e-07,50000.0,0.1,100,1e-09,0.1
Cs,Square,5e-07,50000.0,0.1,100,1e-09,0.5
Cs,Square,5e-07,50000.0,0.1,100,1e-09,1.0
Cs,Square,5e-07,50000.0,0.1,100,5e-09,0.1
Cs,Square,5e-07,50000.0,0.1,100,5e-09,0.5
Cs,Square,5e-07,50000.0,0.1,100,5e-09,1.0
Cs,Square,5e-07,50000.0,0.1,100,1e-08,0.1
Cs,Square,5e-07,50000.0,0.1,100,1e-08,0.5
Cs,Square,5e-07,50000.0,0.1,100,1e-08,1.0
Cs,Square,5e-07,50000.0,0.1,200,1e-09,0.1
Cs,Square,5e-07,50000.0,0.1,200,1e-09,0.5
Cs,Square,5e-07,50000.0,0.1,200,1e-09,1.0
Cs,Square,5e-07,50000.0,0.1,200,5e-09,0.1
Cs,Square,5e-07,50000.0,0.1,200,5e-09,0.5
Cs,Square,5e-07,50000.0,0.1,200,5e-09,1.0
Cs,Square,5e-07,50000.0,0.1,200,1e-08,0.1
Cs,Square,5e-07,50000.0,0.1,200,1e-08,0.5
Cs,Square,5e-07,50000.0,0.1,200,1e-08,1.0
Cs,Square,5e-07,50000.0,1.0,50,1e-09,0.1
Cs,Square,5e-07,50000.0,1.0,50,1e-09,0.5
Cs,Square,5e-07,50000.0,1.0,50,1e-09,1.0
Cs,Square,5e-07,50000.0,1.0,50,5e-09,0.1
Cs,Square,5e-07,50000.0,1.0,50,5e-09,0.5
Cs,Square,5e-07,50000.0,1.0,50,5e-09,1.0
Cs,Square,5e-07,50000.0,1.0,50,1e-08,0.1
Cs,Square,5e-07,50000.0,1.0,50,1e-08,0.5
Cs,Square,5e-07,50000.0,1.0,50,1e-08,1.0
Cs,Square,5e-07,50000.0,1.0,100,1e-09,0.1
Cs,Square,5e-07,50000.0,1.0,100,1e-09,0.5
Cs,Square,5e-07,50000.0,1.0,100,1e-09,1.0
Cs,Square,5e-07,50000.0,1.0,100,5e-09,0.1
Cs,Square,5e-07,50000.0,1.0,100,5e-09,0.5
Cs,Square,5e-07,50000.0,1.0,100,5e-09,1.0
Cs,Square,5e-07,50000.0,1.0,100,1e-08,0.1
Cs,Square,5e-07,50000.0,1.0,100,1e-08,0.5
Cs,Square,5e-07,50000.0,1.0,100,1e-08,1.0
Cs,Square,5e-07,50000.0,1.0,200,1e-09,0.1
Cs,Square,5e-07,50000.0,1.0,200,1e-09,0.5
Cs,Square,5e-07,50000.0,1.0,200,1e-09,1.0
Cs,Square,5e-07,50000.0,1.0,200,5e-09,0.1
Cs,Square,5e-07,50000.0,1.0,200,5e-09,0.5
Cs,Square,5e-07,50000.0,1.0,200,5e-09,1.0
Cs,Square,5e-07,50000.0,1.0,200,1e-08,0.1
Cs,Square,5e-07,50000.0,1.0,200,1e-08,0.5
Cs,Square,5e-07,50000.0,1.0,200,1e-08,1.0
Cs,Square,5e-07,50000.0,10.0,50,1e-09,0.1
Cs,Square,5e-07,50000.0,10.0,50,1e-09,0.5
Cs,Square,5e-07,50000.0,10.0,50,1e-09,1.0
Cs,Square,5e-07,50000.0,10.0,50,5e-09,0.1
Cs,Square,5e-07,50000.0,10.0,50,5e-09,0.5
Cs,Square,5e-07,50000.0,10.0,50,5e-09,1.0
Cs,Square,5e-07,50000.0,10.0,50,1e-08,0.1
Cs,Square,5e-07,50000.0,10.0,50,1e-08,0.5
Cs,Square,5e-07,50000.0,10.0,50,1e-08,1.0
Cs,Square,5e-07,50000.0,10.0,100,1e-09,0.1
Cs,Square,5e-07,50000.0,10.0,100,1e-09,0.5
Cs,Square,5e-07,50000.0,10.0,100,1e-09,1.0
Cs,Square,5e-07,50000.0,10.0,100,5e-09,0.1
Cs,Square,5e-07,50000.0,10.0,100,5e-09,0.5
Cs,Square,5e-07,50000.0,10.0,100,5e-09,1.0
Cs,Square,5e-07,50000.0,10.0,100,1e-08,0.1
Cs,Square,5e-07,50000.0,10.0,100,1e-08,0.5
Cs,Square,5e-07,50000.0,10.0,100,1e-08,1.0
Cs,Square,5e-07,50000.0,10.0,200,1e-09,0.1
Cs,Square,5e-07,50000.0,10.0,200,1e-09,0.5
Cs,Square,5e-07,50000.0,10.0,200,1e-09,1.0
Cs,Square,5e-07,50000.0,10.0,200,5e-09,0.1
Cs,Square,5e-07,50000.0,10.0,200,5e-09,0.5
Cs,Square,5e-07,50000.0,10.0,200,5e-09,1.0
Cs,Square,5e-07,50000.0,10.0,200,1e-08,0.1
Cs,Square,5e-07,50000.0,10.0,200,1e-08,0.5
Cs,Square,5e-07,50000.0,10.0,200,1e-08,1.0
Cs,Square,5e-07,100000.0,0.1,50,1e-09,0.1
Cs,Square,5e-07,100000.0,0.1,50,1e-09,0.5
Cs,Square,5e-07,100000.0,0.1,50,1e-09,1.0
Cs,Square,5e-07,100000.0,0.1,50,5e-09,0.1
Cs,Square,5e-07,100000.0,0.1,50,5e-09,0.5
Cs,Square,5e-07,100000.0,0.1,50,5e-09,1.0
Cs,Square,5e-07,100000.0,0.1,50,1e-08,0.1
Cs,Square,5e-07,100000.0,0.1,50,1e-08,0.5
Cs,Square,5e-07,100000.0,0.1,50,1e-08,1.0
Cs,Square,5e-07,100000.0,0.1,100,1e-09,0.1
Cs,Square,5e-07,100000.0,0.1,100,1e-09,0.5
Cs,Square,5e-07,100000.0,0.1,100,1e-09,1.0
Cs,Square,5e-07,100000.0,0.1,100,5e-09,0.1
Cs,Square,5e-07,100000.0,0.1,100,5e-09,0.5
Cs,Square,5e-07,100000.0,0.1,100,5e-09,1.0
Cs,Square,5e-07,100000.0,0.1,100,1e-08,0.1
Cs,Square,5e-07,100000.0,0.1,100,1e-08,0.5
Cs,Square,5e-07,100000.0,0.1,100,1e-08,1.0
Cs,Square,5e-07,100000.0,0.1,200,1e-09,0.1
Cs,Square,5e-07,100000.0,0.1,200,1e-09,0.5
Cs,Square,5e-07,100000.0,0.1,200,1e-09,1.0
Cs,Square,5e-07,100000.0,0.1,200,5e-09,0.1
Cs,Square,5e-07,100000.0,0.1,200,5e-09,0.5
Cs,Square,5e-07,100000.0,0.1,200,5e-09,1.0
Cs,Square,5e-07,100000.0,0.1,200,1e-08,0.1
Cs,Square,5e-07,100000.0,0.1,200,1e-08,0.5
Cs,Square,5e-07,100000.0,0.1,200,1e-08,1.0
Cs,Square,5e-07,100000.0,1.0,50,1e-09,0.1
Cs,Square,5e-07,100000.0,1.0,50,1e-09,0.5
Cs,Square,5e-07,100000.0,1.0,50,1e-09,1.0
Cs,Square,5e-07,100000.0,1.0,50,5e-09,0.1
Cs,Square,5e-07,100000.0,1.0,50,5e-09,0.5
Cs,Square,5e-07,100000.0,1.0,50,5e-09,1.0
Cs,Square,5e-07,100000.0,1.0,50,1e-08,0.1
Cs,Square,5e-07,100000.0,1.0,50,1e-08,0.5
Cs,Square,5e-07,100000.0,1.0,50,1e-08,1.0
Cs,Square,5e-07,100000.0,1.0,100,1e-09,0.1
Cs,Square,5e-07,100000.0,1.0,100,1e-09,0.5
Cs,Square,5e-07,100000.0,1.0,100,1e-09,1.0
Cs,Square,5e-07,100000.0,1.0,100,5e-09,0.1
Cs,Square,5e-07,100000.0,1.0,100,5e-09,0.5
Cs,Square,5e-07,100000.0,1.0,100,5e-09,1.0
Cs,Square,5e-07,100000.0,1.0,100,1e-08,0.1
Cs,Square,5e-07,100000.0,1.0,100,1e-08,0.5
Cs,Square,5e-07,100000.0,1.0,100,1e-08,1.0
Cs,Square,5e-07,100000.0,1.0,200,1e-09,0.1
Cs,Square,5e-07,100000.0,1.0,200,1e-09,0.5
Cs,Square,5e-07,100000.0,1.0,200,1e-09,1.0
Cs,Square,5e-07,100000.0,1.0,200,5e-09,0.1
Cs,Square,5e-07,100000.0,1.0,200,5e-09,0.5
Cs,Square,5e-07,100000.0,1.0,200,5e-09,1.0
Cs,Square,5e-07,100000.0,1.0,200,1e-08,0.1
Cs,Square,5e-07,100000.0,1.0,200,1e-08,0.5
Cs,Square,5e-07,100000.0,1.0,200,1e-08,1.0
Cs,Square,5e-07,100000.0,10.0,50,1e-09,0.1
Cs,Square,5e-07,100000.0,10.0,50,1e-09,0.5
Cs,Square,5e-07,100000.0,10.0,50,1e-09,1.0
Cs,Square,5e-07,100000.0,10.0,50,5e-09,0.1
Cs,Square,5e-07,100000.0,10.0,50,5e-09,0.5
Cs,Square,5e-07,100000.0,10.0,50,5e-09,1.0
Cs,Square,5e-07,100000.0,10.0,50,1e-08,0.1
Cs,Square,5e-07,100000.0,10.0,50,1e-08,0.5
Cs,Square,5e-07,100000.0,10.0,50,1e-08,1.0
Cs,Square,5e-07,100000.0,10.0,100,1e-09,0.1
Cs,Square,5e-07,100000.0,10.0,100,1e-09,0.5
Cs,Square,5e-07,100000.0,10.0,100,1e-09,1.0
Cs,Square,5e-07,100000.0,10.0,100,5e-09,0.1
Cs,Square,5e-07,100000.0,10.0,100,5e-09,0.5
Cs,Square,5e-07,100000.0,10.0,100,5e-09,1.0
Cs,Square,5e-07,100000.0,10.0,100,1e-08,0.1
Cs,Square,5e-07,100000.0,10.0,100,1e-08,0.5
Cs,Square,5e-07,100000.0,10.0,100,1e-08,1.0
Cs,Square,5e-07,100000.0,10.0,200,1e-09,0.1
Cs,Square,5e-07,100000.0,10.0,200,1e-09,0.5
Cs,Square,5e-07,100000.0,10.0,200,1e-09,1.0
Cs,Square,5e-07,100000.0,10.0,200,5e-09,0.1
Cs,Square,5e-07,100000.0,10.0,200,5e-09,0.5
Cs,Square,5e-07,100000.0,10.0,200,5e-09,1.0
Cs,Square,5e-07,100000.0,10.0,200,1e-08,0.1
Cs,Square,5e-07,100000.0,10.0,200,1e-08,0.5
Cs,Square,5e-07,100000.0,10.0,200,1e-08,1.0
Cs,Square,7e-07,10000.0,0.1,50,1e-09,0.1
Cs,Square,7e-07,10000.0,0.1,50,1e-09,0.5
Cs,Square,7e-07,10000.0,0.1,50,1e-09,1.0
Cs,Square,7e-07,10000.0,0.1,50,5e-09,0.1
Cs,Square,7e-07,10000.0,0.1,50,5e-09,0.5
Cs,Square,7e-07,10000.0,0.1,50,5e-09,1.0
Cs,Square,7e-07,10000.0,0.1,50,1e-08,0.1
Cs,Square,7e-07,10000.0,0.1,50,1e-08,0.5
Cs,Square,7e-07,10000.0,0.1,50,1e-08,1.0
Cs,Square,7e-07,10000.0,0.1,100,1e-09,0.1
Cs,Square,7e-07,10000.0,0.1,100,1e-09,0.5
Cs,Square,7e-07,10000.0,0.1,100,1e-09,1.0
Cs,Square,7e-07,10000.0,0.1,100,5e-09,0.1
Cs,Square,7e-07,10000.0,0.1,100,5e-09,0.5
Cs,Square,7e-07,10000.0,0.1,100,5e-09,1.0
Cs,Square,7e-07,10000.0,0.1,100,1e-08,0.1
Cs,Square,7e-07,10000.0,0.1,100,1e-08,0.5
Cs,Square,7e-07,10000.0,0.1,100,1e-08,1.0
Cs,Square,7e-07,10000.0,0.1,200,1e-09,0.1
Cs,Square,7e-07,10000.0,0.1,200,1e-09,0.5
Cs,Square,7e-07,10000.0,0.1,200,1e-09,1.0
Cs,Square,7e-07,10000.0,0.1,200,5e-09,0.1
Cs,Square,7e-07,10000.0,0.1,200,5e-09,0.5
Cs,Square,7e-07,10000.0,0.1,200,5e-09,1.0
Cs,Square,7e-07,10000.0,0.1,200,1e-08,0.1
Cs,Square,7e-07,10000.0,0.1,200,1e-08,0.5
Cs,Square,7e-07,10000.0,0.1,200,1e-08,1.0
Cs,Square,7e-07,10000.0,1.0,50,1e-09,0.1
Cs,Square,7e-07,10000.0,1.0,50,1e-09,0.5
Cs,Square,7e-07,10000.0,1.0,50,1e-09,1.0
Cs,Square,7e-07,10000.0,1.0,50,5e-09,0.1
Cs,Square,7e-07,10000.0,1.0,50,5e-09,0.5
Cs,Square,7e-07,10000.0,1.0,50,5e-09,1.0
Cs,Square,7e-07,10000.0,1.0,50,1e-08,0.1
Cs,Square,7e-07,10000.0,1.0,50,1e-08,0.5
Cs,Square,7e-07,10000.0,1.0,50,1e-08,1.0
Cs,Square,7e-07,10000.0,1.0,100,1e-09,0.1
Cs,Square,7e-07,10000.0,1.0,100,1e-09,0.5
Cs,Square,7e-07,10000.0,1.0,100,1e-09,1.0
Cs,Square,7e-07,10000.0,1.0,100,5e-09,0.1
Cs,Square,7e-07,10000.0,1.0,100,5e-09,0.5
Cs,Square,7e-07,10000.0,1.0,100,5e-09,1.0
Cs,Square,7e-07,10000.0,1.0,100,1e-08,0.1
Cs,Square,7e-07,10000.0,1.0,100,1e-08,0.5
Cs,Square,7e-07,10000.0,1.0,100,1e-08,1.0
Cs,Square,7e-07,10000.0,1.0,200,1e-09,0.1
Cs,Square,7e-07,10000.0,1.0,200,1e-09,0.5
Cs,Square,7e-07,10000.0,1.0,200,1e-09,1.0
Cs,Square,7e-07,10000.0,1.0,200,5e-09,0.1
Cs,Square,7e-07,10000.0,1.0,200,5e-09,0.5
Cs,Square,7e-07,10000.0,1.0,200,5e-09,1.0
Cs,Square,7e-07,10000.0,1.0,200,1e-08,0.1
Cs,Square,7e-07,10000.0,1.0,200,1e-08,0.5
Cs,Square,7e-07,10000.0,1.0,200,1e-08,1.0
Cs,Square,7e-07,10000.0,10.0,50,1e-09,0.1
Cs,Square,7e-07,10000.0,10.0,50,1e-09,0.5
Cs,Square,7e-07,10000.0,10.0,50,1e-09,1.0
Cs,Square,7e-07,10000.0,10.0,50,5e-09,0.1
Cs,Square,7e-07,10000.0,10.0,50,5e-09,0.5
Cs,Square,7e-07,10000.0,10.0,50,5e-09,1.0
Cs,Square,7e-07,10000.0,10.0,50,1e-08,0.1
Cs,Square,7e-07,10000.0,10.0,50,1e-08,0.5
Cs,Square,7e-07,10000.0,10.0,50,1e-08,1.0
Cs,Square,7e-07,10000.0,10.0,100,1e-09,0.1
Cs,Square,7e-07,10000.0,10.0,100,1e-09,0.5
Cs,Square,7e-07,10000.0,10.0,100,1e-09,1.0
Cs,Square,7e-07,10000.0,10.0,100,5e-09,0.1
Cs,Square,7e-07,10000.0,10.0,100,5e-09,0.5
Cs,Square,7e-07,10000.0,10.0,100,5e-09,1.0
Cs,Square,7e-07,10000.0,10.0,100,1e-08,0.1
Cs,Square,7e-07,10000.0,10.0,100,1e-08,0.5
Cs,Square,7e-07,10000.0,10.0,100,1e-08,1.0
Cs,Square,7e-07,10000.0,10.0,200,1e-09,0.1
Cs,Square,7e-07,10000.0,10.0,200,1e-09,0.5
Cs,Square,7e-07,10000.0,10.0,200,1e-09,1.0
Cs,Square,7e-07,10000.0,10.0,200,5e-09,0.1
Cs,Square,7e-07,10000.0,10.0,200,5e-09,0.5
Cs,Square,7e-07,10000.0,10.0,200,5e-09,1.0
Cs,Square,7e-07,10000.0,10.0,200,1e-08,0.1
Cs,Square,7e-07,10000.0,10.0,200,1e-08,0.5
Cs,Square,7e-07,10000.0,10.0,200,1e-08,1.0
Cs,Square,7e-07,50000.0,0.1,50,1e-09,0.1
Cs,Square,7e-07,50000.0,0.1,50,1e-09,0.5
Cs,Square,7e-07,50000.0,0.1,50,1e-09,1.0
Cs,Square,7e-07,50000.0,0.1,50,5e-09,0.1
Cs,Square,7e-07,50000.0,0.1,50,5e-09,0.5
Cs,Square,7e-07,50000.0,0.1,50,5e-09,1.0
Cs,Square,7e-07,50000.0,0.1,50,1e-08,0.1
Cs,Square,7e-07,50000.0,0.1,50,1e-08,0.5
Cs,Square,7e-07,50000.0,0.1,50,1e-08,1.0
Cs,Square,7e-07,50000.0,0.1,100,1e-09,0.1
Cs,Square,7e-07,50000.0,0.1,100,1e-09,0.5
Cs,Square,7e-07,50000.0,0.1,100,1e-09,1.0
Cs,Square,7e-07,50000.0,0.1,100,5e-09,0.1
Cs,Square,7e-07,50000.0,0.1,100,5e-09,0.5
Cs,Square,7e-07,50000.0,0.1,100,5e-09,1.0
Cs,Square,7e-07,50000.0,0.1,100,1e-08,0.1
Cs,Square,7e-07,50000.0,0.1,100,1e-08,0.5
Cs,Square,7e-07,50000.0,0.1,100,1e-08,1.0
Cs,Square,7e-07,50000.0,0.1,200,1e-09,0.1
Cs,Square,7e-07,50000.0,0.1,200,1e-09,0.5
Cs,Square,7e-07,50000.0,0.1,200,1e-09,1.0
Cs,Square,7e-07,50000.0,0.1,200,5e-09,0.1
Cs,Square,7e-07,50000.0,0.1,200,5e-09,0.5
Cs,Square,7e-07,50000.0,0.1,200,5e-09,1.0
Cs,Square,7e-07,50000.0,0.1,200,1e-08,0.1
Cs,Square,7e-07,50000.0,0.1,200,1e-08,0.5
Cs,Square,7e-07,50000.0,0.1,200,1e-08,1.0
Cs,Square,7e-07,50000.0,1.0,50,1e-09,0.1
Cs,Square,7e-07,50000.0,1.0,50,1e-09,0.5
Cs,Square,7e-07,50000.0,1.0,50,1e-09,1.0
Cs,Square,7e-07,50000.0,1.0,50,5e-09,0.1
Cs,Square,7e-07,50000.0,1.0,50,5e-09,0.5
Cs,Square,7e-07,50000.0,1.0,50,5e-09,1.0
Cs,Square,7e-07,50000.0,1.0,50,1e-08,0.1
Cs,Square,7e-07,50000.0,1.0,50,1e-08,0.5
Cs,Square,7e-07,50000.0,1.0,50,1e-08,1.0
Cs,Square,7e-07,50000.0,1.0,100,1e-09,0.1
Cs,Square,7e-07,50000.0,1.0,100,1e-09,0.5
Cs,Square,7e-07,50000.0,1.0,100,1e-09,1.0
Cs,Square,7e-07,50000.0,1.0,100,5e-09,0.1
Cs,Square,7e-07,50000.0,1.0,100,5e-09,0.5
Cs,Square,7e-07,50000.0,1.0,100,5e-09,1.0
Cs,Square,7e-07,50000.0,1.0,100,1e-08,0.1
Cs,Square,7e-07,50000.0,1.0,100,1e-08,0.5
Cs,Square,7e-07,50000.0,1.0,100,1e-08,1.0
Cs,Square,7e-07,50000.0,1.0,200,1e-09,0.1
Cs,Square,7e-07,50000.0,1.0,200,1e-09,0.5
Cs,Square,7e-07,50000.0,1.0,200,1e-09,1.0
Cs,Square,7e-07,50000.0,1.0,200,5e-09,0.1
Cs,Square,7e-07,50000.0,1.0,200,5e-09,0.5
Cs,Square,7e-07,50000.0,1.0,200,5e-09,1.0
Cs,Square,7e-07,50000.0,1.0,200,1e-08,0.1
Cs,Square,7e-07,50000.0,1.0,200,1e-08,0.5
Cs,Square,7e-07,50000.0,1.0,200,1e-08,1.0
Cs,Square,7e-07,50000.0,10.0,50,1e-09,0.1
Cs,Square,7e-07,50000.0,10.0,50,1e-09,0.5
Cs,Square,7e-07,50000.0,10.0,50,1e-09,1.0
Cs,Square,7e-07,50000.0,10.0,50,5e-09,0.1
Cs,Square,7e-07,50000.0,10.0,50,5e-09,0.5
Cs,Square,7e-07,50000.0,10.0,50,5e-09,1.0
Cs,Square,7e-07,50000.0,10.0,50,1e-08,0.1
Cs,Square,7e-07,50000.0,10.0,50,1e-08,0.5
Cs,Square,7e-07,50000.0,10.0,50,1e-08,1.0
Cs,Square,7e-07,50000.0,10.0,100,1e-09,0.1
Cs,Square,7e-07,50000.0,10.0,100,1e-09,0.5
Cs,Square,7e-07,50000.0,10.0,100,1e-09,1.0
Cs,Square,7e-07,50000.0,10.0,100,5e-09,0.1
Cs,Square,7e-07,50000.0,10.0,100,5e-09,0.5
Cs,Square,7e-07,50000.0,10.0,100,5e-09,1.0
Cs,Square,7e-07,50000.0,10.0,100,1e-08,0.1
Cs,Square,7e-07,50000.0,10.0,100,1e-08,0.5
Cs,Square,7e-07,50000.0,10.0,100,1e-08,1.0
Cs,Square,7e-07,50000.0,10.0,200,1e-09,0.1
Cs,Square,7e-07,50000.0,10.0,200,1e-09,0.5
Cs,Square,7e-07,50000.0,10.0,200,1e-09,1.0
Cs,Square,7e-07,50000.0,10.0,200,5e-09,0.1
Cs,Square,7e-07,50000.0,10.0,200,5e-09,0.5
Cs,Square,7e-07,50000.0,10.0,200,5e-09,1.0
Cs,Square,7e-07,50000.0,10.0,200,1e-08,0.1
Cs,Square,7e-07,50000.0,10.0,200,1e-08,0.5
Cs,Square,7e-07,50000.0,10.0,200,1e-08,1.0
Cs,Square,7e-07,100000.0,0.1,50,1e-09,0.1
Cs,Square,7e-07,100000.0,0.1,50,1e-09,0.5
Cs,Square,7e-07,100000.0,0.1,50,1e-09,1.0
Cs,Square,7e-07,100000.0,0.1,50,5e-09,0.1
Cs,Square,7e-07,100000.0,0.1,50,5e-09,0.5
Cs,Square,7e-07,100000.0,0.1,50,5e-09,1.0
Cs,Square,7e-07,100000.0,0.1,50,1e-08,0.1
Cs,Square,7e-07,100000.0,0.1,50,1e-08,0.5
Cs,Square,7e-07,100000.0,0.1,50,1e-08,1.0
Cs,Square,7e-07,100000.0,0.1,100,1e-09,0.1
Cs,Square,7e-07,100000.0,0.1,100,1e-09,0.5
Cs,Square,7e-07,100000.0,0.1,100,1e-09,1.0
Cs,Square,7e-07,100000.0,0.1,100,5e-09,0.1
Cs,Square,7e-07,100000.0,0.1,100,5e-09,0.5
Cs,Square,7e-07,100000.0,0.1,100,5e-09,1.0
Cs,Square,7e-07,100000.0,0.1,100,1e-08,0.1
Cs,Square,7e-07,100000.0,0.1,100,1e-08,0.5
Cs,Square,7e-07,100000.0,0.1,100,1e-08,1.0
Cs,Square,7e-07,100000.0,0.1,200,1e-09,0.1
Cs,Square,7e-07,100000.0,0.1,200,1e-09,0.5
Cs,Square,7e-07,100000.0,0.1,200,1e-09,1.0
Cs,Square,7e-07,100000.0,0.1,200,5e-09,0.1
Cs,Square,7e-07,100000.0,0.1,200,5e-09,0.5
Cs,Square,7e-07,100000.0,0.1,200,5e-09,1.0
Cs,Square,7e-07,100000.0,0.1,200,1e-08,0.1
Cs,Square,7e-07,100000.0,0.1,200,1e-08,0.5
Cs,Square,7e-07,100000.0,0.1,200,1e-08,1.0
Cs,Square,7e-07,100000.0,1.0,50,1e-09,0.1
Cs,Square,7e-07,100000.0,1.0,50,1e-09,0.5
Cs,Square,7e-07,100000.0,1.0,50,1e-09,1.0
Cs,Square,7e-07,100000.0,1.0,50,5e-09,0.1
Cs,Square,7e-07,100000.0,1.0,50,5e-09,0.5
Cs,Square,7e-07,100000.0,1.0,50,5e-09,1.0
Cs,Square,7e-07,100000.0,1.0,50,1e-08,0.1
Cs,Square,7e-07,100000.0,1.0,50,1e-08,0.5
Cs,Square,7e-07,100000.0,1.0,50,1e-08,1.0
Cs,Square,7e-07,100000.0,1.0,100,1e-09,0.1
Cs,Square,7e-07,100000.0,1.0,100,1e-09,0.5
Cs,Square,7e-07,100000.0,1.0,100,1e-09,1.0
Cs,Square,7e-07,100000.0,1.0,100,5e-09,0.1
Cs,Square,7e-07,100000.0,1.0,100,5e-09,0.5
Cs,Square,7e-07,100000.0,1.0,100,5e-09,1.0
Cs,Square,7e-07,100000.0,1.0,100,1e-08,0.1
Cs,Square,7e-07,100000.0,1.0,100,1e-08,0.5
Cs,Square,7e-07,100000.0,1.0,100,1e-08,1.0
Cs,Square,7e-07,100000.0,1.0,200,1e-09,0.1
Cs,Square,7e-07,100000.0,1.0,200,1e-09,0.5
Cs,Square,7e-07,100000.0,1.0,200,1e-09,1.0
Cs,Square,7e-07,100000.0,1.0,200,5e-09,0.1
Cs,Square,7e-07,100000.0,1.0,200,5e-09,0.5
Cs,Square,7e-07,100000.0,1.0,200,5e-09,1.0
Cs,Square,7e-07,100000.0,1.0,200,1e-08,0.1
Cs,Square,7e-07,100000.0,1.0,200,1e-08,0.5
Cs,Square,7e-07,100000.0,1.0,200,1e-08,1.0
Cs,Square,7e-07,100000.0,10.0,50,1e-09,0.1
Cs,Square,7e-07,100000.0,10.0,50,1e-09,0.5
Cs,Square,7e-07,100000.0,10.0,50,1e-09,1.0
Cs,Square,7e-07,100000.0,10.0,50,5e-09,0.1
Cs,Square,7e-07,100000.0,10.0,50,5e-09,0.5
Cs,Square,7e-07,100000.0,10.0,50,5e-09,1.0
Cs,Square,7e-07,100000.0,10.0,50,1e-08,0.1
Cs,Square,7e-07,100000.0,10.0,50,1e-08,0.5
Cs,Square,7e-07,100000.0,10.0,50,1e-08,1.0
Cs,Square,7e-07,100000.0,10.0,100,1e-09,0.1
Cs,Square,7e-07,100000.0,10.0,100,1e-09,0.5
Cs,Square,7e-07,100000.0,10.0,100,1e-09,1.0
Cs,Square,7e-07,100000.0,10.0,100,5e-09,0.1
Cs,Square,7e-07,100000.0,10.0,100,5e-09,0.5
Cs,Square,7e-07,100000.0,10.0,100,5e-09,1.0
Cs,Square,7e-07,100000.0,10.0,100,1e-08,0.1
Cs,Square,7e-07,100000.0,10.0,100,1e-08,0.5
Cs,Square,7e-07,100000.0,10.0,100,1e-08,1.0
Cs,Square,7e-07,100000.0,10.0,200,1e-09,0.1
Cs,Square,7e-07,100000.0,10.0,200,1e-09,0.5
Cs,Square,7e-07,100000.0,10.0,200,1e-09,1.0
Cs,Square,7e-07,100000.0,10.0,200,5e-09,0.1
Cs,Square,7e-07,100000.0,10.0,200,5e-09,0.5
Cs,Square,7e-07,100000.0,10.0,200,5e-09,1.0
Cs,Square,7e-07,100000.0,10.0,200,1e-08,0.1
Cs,Square,7e-07,100000.0,10.0,200,1e-08,0.5
Cs,Square,7e-07,100000.0,10.0,200,1e-08,1.0
Cs,Square,1e-06,10000.0,0.1,50,1e-09,0.1
Cs,Square,1e-06,10000.0,0.1,50,1e-09,0.5
Cs,Square,1e-06,10000.0,0.1,50,1e-09,1.0
Cs,Square,1e-06,10000.0,0.1,50,5e-09,0.1
Cs,Square,1e-06,10000.0,0.1,50,5e-09,0.5
Cs,Square,1e-06,10000.0,0.1,50,5e-09,1.0
Cs,Square,1e-06,10000.0,0.1,50,1e-08,0.1
Cs,Square,1e-06,10000.0,0.1,50,1e-08,0.5
Cs,Square,1e-06,10000.0,0.1,50,1e-08,1.0
Cs,Square,1e-06,10000.0,0.1,100,1e-09,0.1
Cs,Square,1e-06,10000.0,0.1,100,1e-09,0.5
Cs,Square,1e-06,10000.0,0.1,100,1e-09,1.0
Cs,Square,1e-06,10000.0,0.1,100,5e-09,0.1
Cs,Square,1e-06,10000.0,0.1,100,5e-09,0.5
Cs,Square,1e-06,10000.0,0.1,100,5e-09,1.0
Cs,Square,1e-06,10000.0,0.1,100,1e-08,0.1
Cs,Square,1e-06,10000.0,0.1,100,1e-08,0.5
Cs,Square,1e-06,10000.0,0.1,100,1e-08,1.0
Cs,Square,1e-06,10000.0,0.1,200,1e-09,0.1
Cs,Square,1e-06,10000.0,0.1,200,1e-09,0.5
Cs,Square,1e-06,10000.0,0.1,200,1e-09,1.0
Cs,Square,1e-06,10000.0,0.1,200,5e-09,0.1
Cs,Square,1e-06,10000.0,0.1,200,5e-09,0.5
Cs,Square,1e-06,10000.0,0.1,200,5e-09,1.0
Cs,Square,1e-06,10000.0,0.1,200,1e-08,0.1
Cs,Square,1e-06,10000.0,0.1,200,1e-08,0.5
Cs,Square,1e-06,10000.0,0.1,200,1e-08,1.0
Cs,Square,1e-06,10000.0,1.0,50,1e-09,0.1
Cs,Square,1e-06,10000.0,1.0,50,1e-09,0.5
Cs,Square,1e-06,10000.0,1.0,50,1e-09,1.0
Cs,Square,1e-06,10000.0,1.0,50,5e-09,0.1
Cs,Square,1e-06,10000.0,1.0,50,5e-09,0.5
Cs,Square,1e-06,10000.0,1.0,50,5e-09,1.0
Cs,Square,1e-06,10000.0,1.0,50,1e-08,0.1
Cs,Square,1e-06,10000.0,1.0,50,1e-08,0.5
Cs,Square,1e-06,10000.0,1.0,50,1e-08,1.0
Cs,Square,1e-06,10000.0,1.0,100,1e-09,0.1
Cs,Square,1e-06,10000.0,1.0,100,1e-09,0.5
Cs,Square,1e-06,10000.0,1.0,100,1e-09,1.0
Cs,Square,1e-06,10000.0,1.0,100,5e-09,0.1
Cs,Square,1e-06,10000.0,1.0,100,5e-09,0.5
Cs,Square,1e-06,10000.0,1.0,100,5e-09,1.0
Cs,Square,1e-06,10000.0,1.0,100,1e-08,0.1
Cs,Square,1e-06,10000.0,1.0,100,1e-08,0.5
Cs,Square,1e-06,10000.0,1.0,100,1e-08,1.0
Cs,Square,1e-06,10000.0,1.0,200,1e-09,0.1
Cs,Square,1e-06,10000.0,1.0,200,1e-09,0.5
Cs,Square,1e-06,10000.0,1.0,200,1e-09,1.0
Cs,Square,1e-06,10000.0,1.0,200,5e-09,0.1
Cs,Square,1e-06,10000.0,1.0,200,5e-09,0.5
Cs,Square,1e-06,10000.0,1.0,200,5e-09,1.0
Cs,Square,1e-06,10000.0,1.0,200,1e-08,0.1
Cs,Square,1e-06,10000.0,1.0,200,1e-08,0.5
Cs,Square,1e-06,10000.0,1.0,200,1e-08,1.0
Cs,Square,1e-06,10000.0,10.0,50,1e-09,0.1
Cs,Square,1e-06,10000.0,10.0,50,1e-09,0.5
Cs,Square,1e-06,10000.0,10.0,50,1e-09,1.0
Cs,Square,1e-06,10000.0,10.0,50,5e-09,0.1
Cs,Square,1e-06,10000.0,10.0,50,5e-09,0.5
Cs,Square,1e-06,10000.0,10.0,50,5e-09,1.0
Cs,Square,1e-06,10000.0,10.0,50,1e-08,0.1
Cs,Square,1e-06,10000.0,10.0,50,1e-08,0.5
Cs,Square,1e-06,10000.0,10.0,50,1e-08,1.0
Cs,Square,1e-06,10000.0,10.0,100,1e-09,0.1
Cs,Square,1e-06,10000.0,10.0,100,1e-09,0.5
Cs,Square,1e-06,10000.0,10.0,100,1e-09,1.0
Cs,Square,1e-06,10000.0,10.0,100,5e-09,0.1
Cs,Square,1e-06,10000.0,10.0,100,5e-09,0.5
Cs,Square,1e-06,10000.0,10.0,100,5e-09,1.0
Cs,Square,1e-06,10000.0,10.0,100,1e-08,0.1
Cs,Square,1e-06,10000.0,10.0,100,1e-08,0.5
Cs,Square,1e-06,10000.0,10.0,100,1e-08,1.0
Cs,Square,1e-06,10000.0,10.0,200,1e-09,0.1
Cs,Square,1e-06,10000.0,10.0,200,1e-09,0.5
Cs,Square,1e-06,10000.0,10.0,200,1e-09,1.0
Cs,Square,1e-06,10000.0,10.0,200,5e-09,0.1
Cs,Square,1e-06,10000.0,10.0,200,5e-09,0.5
Cs,Square,1e-06,10000.0,10.0,200,5e-09,1.0
Cs,Square,1e-06,10000.0,10.0,200,1e-08,0.1
Cs,Square,1e-06,10000.0,10.0,200,1e-08,0.5
Cs,Square,1e-06,10000.0,10.0,200,1e-08,1.0
Cs,Square,1e-06,50000.0,0.1,50,1e-09,0.1
Cs,Square,1e-06,50000.0,0.1,50,1e-09,0.5
Cs,Square,1e-06,50000.0,0.1,50,1e-09,1.0
Cs,Square,1e-06,50000.0,0.1,50,5e-09,0.1
Cs,Square,1e-06,50000.0,0.1,50,5e-09,0.5
Cs,Square,1e-06,50000.0,0.1,50,5e-09,1.0
Cs,Square,1e-06,50000.0,0.1,50,1e-08,0.1
Cs,Square,1e-06,50000.0,0.1,50,1e-08,0.5
Cs,Square,1e-06,50000.0,0.1,50,1e-08,1.0
Cs,Square,1e-06,50000.0,0.1,100,1e-09,0.1
Cs,Square,1e-06,50000.0,0.1,100,1e-09,0.5
Cs,Square,1e-06,50000.0,0.1,100,1e-09,1.0
Cs,Square,1e-06,50000.0,0.1,100,5e-09,0.1
Cs,Square,1e-06,50000.0,0.1,100,5e-09,0.5
Cs,Square,1e-06,50000.0,0.1,100,5e-09,1.0
Cs,Square,1e-06,50000.0,0.1,100,1e-08,0.1
Cs,Square,1e-06,50000.0,0.1,100,1e-08,0.5
Cs,Square,1e-06,50000.0,0.1,100,1e-08,1.0
Cs,Square,1e-06,50000.0,0.1,200,1e-09,0.1
Cs,Square,1e-06,50000.0,0.1,200,1e-09,0.5
Cs,Square,1e-06,50000.0,0.1,200,1e-09,1.0
Cs,Square,1e-06,50000.0,0.1,200,5e-09,0.1
Cs,Square,1e-06,50000.0,0.1,200,5e-09,0.5
Cs,Square,1e-06,50000.0,0.1,200,5e-09,1.0
Cs,Square,1e-06,50000.0,0.1,200,1e-08,0.1
Cs,Square,1e-06,50000.0,0.1,200,1e-08,0.5
Cs,Square,1e-06,50000.0,0.1,200,1e-08,1.0
Cs,Square,1e-06,50000.0,1.0,50,1e-09,0.1
Cs,Square,1e-06,50000.0,1.0,50,1e-09,0.5
Cs,Square,1e-06,50000.0,1.0,50,1e-09,1.0
Cs,Square,1e-06,50000.0,1.0,50,5e-09,0.1
Cs,Square,1e-06,50000.0,1.0,50,5e-09,0.5
Cs,Square,1e-06,50000.0,1.0,50,5e-09,1.0
Cs,Square,1e-06,50000.0,1.0,50,1e-08,0.1
Cs,Square,1e-06,50000.0,1.0,50,1e-08,0.5
Cs,Square,1e-06,50000.0,1.0,50,1e-08,1.0
Cs,Square,1e-06,50000.0,1.0,100,1e-09,0.1
Cs,Square,1e-06,50000.0,1.0,100,1e-09,0.5
Cs,Square,1e-06,50000.0,1.0,100,1e-09,1.0
Cs,Square,1e-06,50000.0,1.0,100,5e-09,0.1
Cs,Square,1e-06,50000.0,1.0,100,5e-09,0.5
Cs,Square,1e-06,50000.0,1.0,100,5e-09,1.0
Cs,Square,1e-06,50000.0,1.0,100,1e-08,0.1
Cs,Square,1e-06,50000.0,1.0,100,1e-08,0.5
Cs,Square,1e-06,50000.0,1.0,100,1e-08,1.0
Cs,Square,1e-06,50000.0,1.0,200,1e-09,0.1
Cs,Square,1e-06,50000.0,1.0,200,1e-09,0.5
Cs,Square,1e-06,50000.0,1.0,200,1e-09,1.0
Cs,Square,1e-06,50000.0,1.0,200,5e-09,0.1
Cs,Square,1e-06,50000.0,1.0,200,5e-09,0.5
Cs,Square,1e-06,50000.0,1.0,200,5e-09,1.0
Cs,Square,1e-06,50000.0,1.0,200,1e-08,0.1
Cs,Square,1e-06,50000.0,1.0,200,1e-08,0.5
Cs,Square,1e-06,50000.0,1.0,200,1e-08,1.0
Cs,Square,1e-06,50000.0,10.0,50,1e-09,0.1
Cs,Square,1e-06,50000.0,10.0,50,1e-09,0.5
Cs,Square,1e-06,50000.0,10.0,50,1e-09,1.0
Cs,Square,1e-06,50000.0,10.0,50,5e-09,0.1
Cs,Square,1e-06,50000.0,10.0,50,5e-09,0.5
Cs,Square,1e-06,50000.0,10.0,50,5e-09,1.0
Cs,Square,1e-06,50000.0,10.0,50,1e-08,0.1
Cs,Square,1e-06,50000.0,10.0,50,1e-08,0.5
Cs,Square,1e-06,50000.0,10.0,50,1e-08,1.0
Cs,Square,1e-06,50000.0,10.0,100,1e-09,0.1
Cs,Square,1e-06,50000.0,10.0,100,1e-09,0.5
Cs,Square,1e-06,50000.0,10.0,100,1e-09,1.0
Cs,Square,1e-06,50000.0,10.0,100,5e-09,0.1
Cs,Square,1e-06,50000.0,10.0,100,5e-09,0.5
Cs,Square,1e-06,50000.0,10.0,100,5e-09,1.0
Cs,Square,1e-06,50000.0,10.0,100,1e-08,0.1
Cs,Square,1e-06,50000.0,10.0,100,1e-08,0.5
Cs,Square,1e-06,50000.0,10.0,100,1e-08,1.0
Cs,Square,1e-06,50000.0,10.0,200,1e-09,0.1
Cs,Square,1e-06,50000.0,10.0,200,1e-09,0.5
Cs,Square,1e-06,50000.0,10.0,200,1e-09,1.0
Cs,Square,1e-06,50000.0,10.0,200,5e-09,0.1
Cs,Square,1e-06,50000.0,10.0,200,5e-09,0.5
Cs,Square,1e-06,50000.0,10.0,200,5e-09,1.0
Cs,Square,1e-06,50000.0,10.0,200,1e-08,0.1
Cs,Square,1e-06,50000.0,10.0,200,1e-08,0.5
Cs,Square,1e-06,50000.0,10.0,200,1e-08,1.0
Cs,Square,1e-06,100000.0,0.1,50,1e-09,0.1
Cs,Square,1e-06,100000.0,0.1,50,1e-09,0.5
Cs,Square,1e-06,100000.0,0.1,50,1e-09,1.0
Cs,Square,1e-06,100000.0,0.1,50,5e-09,0.1
Cs,Square,1e-06,100000.0,0.1,50,5e-09,0.5
Cs,Square,1e-06,100000.0,0.1,50,5e-09,1.0
Cs,Square,1e-06,100000.0,0.1,50,1e-08,0.1
Cs,Square,1e-06,100000.0,0.1,50,1e-08,0.5
Cs,Square,1e-06,100000.0,0.1,50,1e-08,1.0
Cs,Square,1e-06,100000.0,0.1,100,1e-09,0.1
Cs,Square,1e-06,100000.0,0.1,100,1e-09,0.5
Cs,Square,1e-06,100000.0,0.1,100,1e-09,1.0
Cs,Square,1e-06,100000.0,0.1,100,5e-09,0.1
Cs,Square,1e-06,100000.0,0.1,100,5e-09,0.5
Cs,Square,1e-06,100000.0,0.1,100,5e-09,1.0
Cs,Square,1e-06,100000.0,0.1,100,1e-08,0.1
Cs,Square,1e-06,100000.0,0.1,100,1e-08,0.5
Cs,Square,1e-06,100000.0,0.1,100,1e-08,1.0
Cs,Square,1e-06,100000.0,0.1,200,1e-09,0.1
Cs,Square,1e-06,100000.0,0.1,200,1e-09,0.5
Cs,Square,1e-06,100000.0,0.1,200,1e-09,1.0
Cs,Square,1e-06,100000.0,0.1,200,5e-09,0.1
Cs,Square,1e-06,100000.0,0.1,200,5e-09,0.5
Cs,Square,1e-06,100000.0,0.1,200,5e-09,1.0
Cs,Square,1e-06,100000.0,0.1,200,1e-08,0.1
Cs,Square,1e-06,100000.0,0.1,200,1e-08,0.5
Cs,Square,1e-06,100000.0,0.1,200,1e-08,1.0
Cs,Square,1e-06,100000.0,1.0,50,1e-09,0.1
Cs,Square,1e-06,100000.0,1.0,50,1e-09,0.5
Cs,Square,1e-06,100000.0,1.0,50,1e-09,1.0
Cs,Square,1e-06,100000.0,1.0,50,5e-09,0.1
Cs,Square,1e-06,100000.0,1.0,50,5e-09,0.5
Cs,Square,1e-06,100000.0,1.0,50,5e-09,1.0
Cs,Square,1e-06,100000.0,1.0,50,1e-08,0.1
Cs,Square,1e-06,100000.0,1.0,50,1e-08,0.5
Cs,Square,1e-06,100000.0,1.0,50,1e-08,1.0
Cs,Square,1e-06,100000.0,1.0,100,1e-09,0.1
Cs,Square,1e-06,100000.0,1.0,100,1e-09,0.5
Cs,Square,1e-06,100000.0,1.0,100,1e-09,1.0
Cs,Square,1e-06,100000.0,1.0,100,5e-09,0.1
Cs,Square,1e-06,100000.0,1.0,100,5e-09,0.5
Cs,Square,1e-06,100000.0,1.0,100,5e-09,1.0
Cs,Square,1e-06,100000.0,1.0,100,1e-08,0.1
Cs,Square,1e-06,100000.0,1.0,100,1e-08,0.5
Cs,Square,1e-06,100000.0,1.0,100,1e-08,1.0
Cs,Square,1e-06,100000.0,1.0,200,1e-09,0.1
Cs,Square,1e-06,100000.0,1.0,200,1e-09,0.5
Cs,Square,1e-06,100000.0,1.0,200,1e-09,1.0
Cs,Square,1e-06,100000.0,1.0,200,5e-09,0.1
Cs,Square,1e-06,100000.0,1.0,200,5e-09,0.5
Cs,Square,1e-06,100000.0,1.0,200,5e-09,1.0
Cs,Square,1e-06,100000.0,1.0,200,1e-08,0.1
Cs,Square,1e-06,100000.0,1.0,200,1e-08,0.5
Cs,Square,1e-06,100000.0,1.0,200,1e-08,1.0
Cs,Square,1e-06,100000.0,10.0,50,1e-09,0.1
Cs,Square,1e-06,100000.0,10.0,50,1e-09,0.5
Cs,Square,1e-06,100000.0,10.0,50,1e-09,1.0
Cs,Square,1e-06,100000.0,10.0,50,5e-09,0.1
Cs,Square,1e-06,100000.0,10.0,50,5e-09,0.5
Cs,Square,1e-06,100000.0,10.0,50,5e-09,1.0
Cs,Square,1e-06,100000.0,10.0,50,1e-08,0.1
Cs,Square,1e-06,100000.0,10.0,50,1e-08,0.5
Cs,Square,1e-06,100000.0,10.0,50,1e-08,1.0
Cs,Square,1e-06,100000.0,10.0,100,1e-09,0.1
Cs,Square,1e-06,100000.0,10.0,100,1e-09,0.5
Cs,Square,1e-06,100000.0,10.0,100,1e-09,1.0
Cs,Square,1e-06,100000.0,10.0,100,5e-09,0.1
Cs,Square,1e-06,100000.0,10.0,100,5e-09,0.5
Cs,Square,1e-06,100000.0,10.0,100,5e-09,1.0
Cs,Square,1e-06,100000.0,10.0,100,1e-08,0.1
Cs,Square,1e-06,100000.0,10.0,100,1e-08,0.5
Cs,Square,1e-06,100000.0,10.0,100,1e-08,1.0
Cs,Square,1e-06,100000.0,10.0,200,1e-09,0.1
Cs,Square,1e-06,100000.0,10.0,200,1e-09,0.5
Cs,Square,1e-06,100000.0,10.0,200,1e-09,1.0
Cs,Square,1e-06,100000.0,10.0,200,5e-09,0.1
Cs,Square,1e-06,100000.0,10.0,200,5e-09,0.5
Cs,Square,1e-06,100000.0,10.0,200,5e-09,1.0
Cs,Square,1e-06,100000.0,10.0,200,1e-08,0.1
Cs,Square,1e-06,100000.0,10.0,200,1e-08,0.5
Cs,Square,1e-06,100000.0,10.0,200,1e-08,1.0
Cs,Honeycomb,5e-07,10000.0,0.1,50,1e-09,0.1
Cs,Honeycomb,5e-07,10000.0,0.1,50,1e-09,0.5
Cs,Honeycomb,5e-07,10000.0,0.1,50,1e-09,1.0
Cs,Honeycomb,5e-07,10000.0,0.1,50,5e-09,0.1
Cs,Honeycomb,5e-07,10000.0,0.1,50,5e-09,0.5
Cs,Honeycomb,5e-07,10000.0,0.1,50,5e-09,1.0
Cs,Honeycomb,5e-07,10000.0,0.1,50,1e-08,0.1
Cs,Honeycomb,5e-07,10000.0,0.1,50,1e-08,0.5
Cs,Honeycomb,5e-07,10000.0,0.1,50,1e-08,1.0
Cs,Honeycomb,5e-07,10000.0,0.1,100,1e-09,0.1
Cs,Honeycomb,5e-07,10000.0,0.1,100,1e-09,0.5
Cs,Honeycomb,5e-07,10000.0,0.1,100,1e-09,1.0
Cs,Honeycomb,5e-07,10000.0,0.1,100,5e-09,0.1
Cs,Honeycomb,5e-07,10000.0,0.1,100,5e-09,0.5
Cs,Honeycomb,5e-07,10000.0,0.1,100,5e-09,1.0
Cs,Honeycomb,5e-07,10000.0,0.1,100,1e-08,0.1
Cs,Honeycomb,5e-07,10000.0,0.1,100,1e-08,0.5
Cs,Honeycomb,5e-07,10000.0,0.1,100,1e-08,1.0
Cs,Honeycomb,5e-07,10000.0,0.1,200,1e-09,0.1
Cs,Honeycomb,5e-07,10000.0,0.1,200,1e-09,0.5
Cs,Honeycomb,5e-07,10000.0,0.1,200,1e-09,1.0
Cs,Honeycomb,5e-07,10000.0,0.1,200,5e-09,0.1
Cs,Honeycomb,5e-07,10000.0,0.1,200,5e-09,0.5
Cs,Honeycomb,5e-07,10000.0,0.1,200,5e-09,1.0
Cs,Honeycomb,5e-07,10000.0,0.1,200,1e-08,0.1
Cs,Honeycomb,5e-07,10000.0,0.1,200,1e-08,0.5
Cs,Honeycomb,5e-07,10000.0,0.1,200,1e-08,1.0
Cs,Honeycomb,5e-07,10000.0,1.0,50,1e-09,0.1
Cs,Honeycomb,5e-07,10000.0,1.0,50,1e-09,0.5
Cs,Honeycomb,5e-07,10000.0,1.0,50,1e-09,1.0
Cs,Honeycomb,5e-07,10000.0,1.0,50,5e-09,0.1
Cs,Honeycomb,5e-07,10000.0,1.0,50,5e-09,0.5
Cs,Honeycomb,5e-07,10000.0,1.0,50,5e-09,1.0
Cs,Honeycomb,5e-07,10000.0,1.0,50,1e-08,0.1
Cs,Honeycomb,5e-07,10000.0,1.0,50,1e-08,0.5
Cs,Honeycomb,5e-07,10000.0,1.0,50,1e-08,1.0
Cs,Honeycomb,5e-07,10000.0,1.0,100,1e-09,0.1
Cs,Honeycomb,5e-07,10000.0,1.0,100,1e-09,0.5
Cs,Honeycomb,5e-07,10000.0,1.0,100,1e-09,1.0
Cs,Honeycomb,5e-07,10000.0,1.0,100,5e-09,0.1
Cs,Honeycomb,5e-07,10000.0,1.0,100,5e-09,0.5
Cs,Honeycomb,5e-07,10000.0,1.0,100,5e-09,1.0
Cs,Honeycomb,5e-07,10000.0,1.0,100,1e-08,0.1
Cs,Honeycomb,5e-07,10000.0,1.0,100,1e-08,0.5
Cs,Honeycomb,5e-07,10000.0,1.0,100,1e-08,1.0
Cs,Honeycomb,5e-07,10000.0,1.0,200,1e-09,0.1
Cs,Honeycomb,5e-07,10000.0,1.0,200,1e-09,0.5
Cs,Honeycomb,5e-07,10000.0,1.0,200,1e-09,1.0
Cs,Honeycomb,5e-07,10000.0,1.0,200,5e-09,0.1
Cs,Honeycomb,5e-07,10000.0,1.0,200,5e-09,0.5
Cs,Honeycomb,5e-07,10000.0,1.0,200,5e-09,1.0
Cs,Honeycomb,5e-07,10000.0,1.0,200,1e-08,0.1
Cs,Honeycomb,5e-07,10000.0,1.0,200,1e-08,0.5
Cs,Honeycomb,5e-07,10000.0,1.0,200,1e-08,1.0
Cs,Honeycomb,5e-07,10000.0,10.0,50,1e-09,0.1
Cs,Honeycomb,5e-07,10000.0,10.0,50,1e-09,0.5
Cs,Honeycomb,5e-07,10000.0,10.0,50,1e-09,1.0
Cs,Honeycomb,5e-07,10000.0,10.0,50,5e-09,0.1
Cs,Honeycomb,5e-07,10000.0,10.0,50,5e-09,0.5
Cs,Honeycomb,5e-07,10000.0,10.0,50,5e-09,1.0
Cs,Honeycomb,5e-07,10000.0,10.0,50,1e-08,0.1
Cs,Honeycomb,5e-07,10000.0,10.0,50,1e-08,0.5
Cs,Honeycomb,5e-07,10000.0,10.0,50,1e-08,1.0
Cs,Honeycomb,5e-07,10000.0,10.0,100,1e-09,0.1
Cs,Honeycomb,5e-07,10000.0,10.0,100,1e-09,0.5
Cs,Honeycomb,5e-07,10000.0,10.0,100,1e-09,1.0
Cs,Honeycomb,5e-07,10000.0,10.0,100,5e-09,0.1
Cs,Honeycomb,5e-07,10000.0,10.0,100,5e-09,0.5
Cs,Honeycomb,5e-07,10000.0,10.0,100,5e-09,1.0
Cs,Honeycomb,5e-07,10000.0,10.0,100,1e-08,0.1
Cs,Honeycomb,5e-07,10000.0,10.0,100,1e-08,0.5
Cs,Honeycomb,5e-07,10000.0,10.0,100,1e-08,1.0
Cs,Honeycomb,5e-07,10000.0,10.0,200,1e-09,0.1
Cs,Honeycomb,5e-07,10000.0,10.0,200,1e-09,0.5
Cs,Honeycomb,5e-07,10000.0,10.0,200,1e-09,1.0
Cs,Honeycomb,5e-07,10000.0,10.0,200,5e-09,0.1
Cs,Honeycomb,5e-07,10000.0,10.0,200,5e-09,0.5
Cs,Honeycomb,5e-07,10000.0,10.0,200,5e-09,1.0
Cs,Honeycomb,5e-07,10000.0,10.0,200,1e-08,0.1
Cs,Honeycomb,5e-07,10000.0,10.0,200,1e-08,0.5
Cs,Honeycomb,5e-07,10000.0,10.0,200,1e-08,1.0
Cs,Honeycomb,5e-07,50000.0,0.1,50,1e-09,0.1
Cs,Honeycomb,5e-07,50000.0,0.1,50,1e-09,0.5
Cs,Honeycomb,5e-07,50000.0,0.1,50,1e-09,1.0
Cs,Honeycomb,5e-07,50000.0,0.1,50,5e-09,0.1
Cs,Honeycomb,5e-07,50000.0,0.1,50,5e-09,0.5
Cs,Honeycomb,5e-07,50000.0,0.1,50,5e-09,1.0
Cs,Honeycomb,5e-07,50000.0,0.1,50,1e-08,0.1
Cs,Honeycomb,5e-07,50000.0,0.1,50,1e-08,0.5
Cs,Honeycomb,5e-07,50000.0,0.1,50,1e-08,1.0
Cs,Honeycomb,5e-07,50000.0,0.1,100,1e-09,0.1
Cs,Honeycomb,5e-07,50000.0,0.1,100,1e-09,0.5
Cs,Honeycomb,5e-07,50000.0,0.1,100,1e-09,1.0
Cs,Honeycomb,5e-07,50000.0,0.1,100,5e-09,0.1
Cs,Honeycomb,5e-07,50000.0,0.1,100,5e-09,0.5
Cs,Honeycomb,5e-07,50000.0,0.1,100,5e-09,1.0
Cs,Honeycomb,5e-07,50000.0,0.1,100,1e-08,0.1
Cs,Honeycomb,5e-07,50000.0,0.1,100,1e-08,0.5
Cs,Honeycomb,5e-07,50000.0,0.1,100,1e-08,1.0
Cs,Honeycomb,5e-07,50000.0,0.1,200,1e-09,0.1
Cs,Honeycomb,5e-07,50000.0,0.1,200,1e-09,0.5
Cs,Honeycomb,5e-07,50000.0,0.1,200,1e-09,1.0
Cs,Honeycomb,5e-07,50000.0,0.1,200,5e-09,0.1
Cs,Honeycomb,5e-07,50000.0,0.1,200,5e-09,0.5
Cs,Honeycomb,5e-07,50000.0,0.1,200,5e-09,1.0
Cs,Honeycomb,5e-07,50000.0,0.1,200,1e-08,0.1
Cs,Honeycomb,5e-07,50000.0,0.1,200,1e-08,0.5
Cs,Honeycomb,5e-07,50000.0,0.1,200,1e-08,1.0
Cs,Honeycomb,5e-07,50000.0,1.0,50,1e-09,0.1
Cs,Honeycomb,5e-07,50000.0,1.0,50,1e-09,0.5
Cs,Honeycomb,5e-07,50000.0,1.0,50,1e-09,1.0
Cs,Honeycomb,5e-07,50000.0,1.0,50,5e-09,0.1
Cs,Honeycomb,5e-07,50000.0,1.0,50,5e-09,0.5
Cs,Honeycomb,5e-07,50000.0,1.0,50,5e-09,1.0
Cs,Honeycomb,5e-07,50000.0,1.0,50,1e-08,0.1
Cs,Honeycomb,5e-07,50000.0,1.0,50,1e-08,0.5
Cs,Honeycomb,5e-07,50000.0,1.0,50,1e-08,1.0
Cs,Honeycomb,5e-07,50000.0,1.0,100,1e-09,0.1
Cs,Honeycomb,5e-07,50000.0,1.0,100,1e-09,0.5
Cs,Honeycomb,5e-07,50000.0,1.0,100,1e-09,1.0
Cs,Honeycomb,5e-07,50000.0,1.0,100,5e-09,0.1
Cs,Honeycomb,5e-07,50000.0,1.0,100,5e-09,0.5
Cs,Honeycomb,5e-07,50000.0,1.0,100,5e-09,1.0
Cs,Honeycomb,5e-07,50000.0,1.0,100,1e-08,0.1
Cs,Honeycomb,5e-07,50000.0,1.0,100,1e-08,0.5
Cs,Honeycomb,5e-07,50000.0,1.0,100,1e-08,1.0
Cs,Honeycomb,5e-07,50000.0,1.0,200,1e-09,0.1
Cs,Honeycomb,5e-07,50000.0,1.0,200,1e-09,0.5
Cs,Honeycomb,5e-07,50000.0,1.0,200,1e-09,1.0
Cs,Honeycomb,5e-07,50000.0,1.0,200,5e-09,0.1
Cs,Honeycomb,5e-07,50000.0,1.0,200,5e-09,0.5
Cs,Honeycomb,5e-07,50000.0,1.0,200,5e-09,1.0
Cs,Honeycomb,5e-07,50000.0,1.0,200,1e-08,0.1
Cs,Honeycomb,5e-07,50000.0,1.0,200,1e-08,0.5
Cs,Honeycomb,5e-07,50000.0,1.0,200,1e-08,1.0
Cs,Honeycomb,5e-07,50000.0,10.0,50,1e-09,0.1
Cs,Honeycomb,5e-07,50000.0,10.0,50,1e-09,0.5
Cs,Honeycomb,5e-07,50000.0,10.0,50,1e-09,1.0
Cs,Honeycomb,5e-07,50000.0,10.0,50,5e-09,0.1
Cs,Honeycomb,5e-07,50000.0,10.0,50,5e-09,0.5
Cs,Honeycomb,5e-07,50000.0,10.0,50,5e-09,1.0
Cs,Honeycomb,5e-07,50000.0,10.0,50,1e-08,0.1
Cs,Honeycomb,5e-07,50000.0,10.0,50,1e-08,0.5
Cs,Honeycomb,5e-07,50000.0,10.0,50,1e-08,1.0
Cs,Honeycomb,5e-07,50000.0,10.0,100,1e-09,0.1
Cs,Honeycomb,5e-07,50000.0,10.0,100,1e-09,0.5
Cs,Honeycomb,5e-07,50000.0,10.0,100,1e-09,1.0
Cs,Honeycomb,5e-07,50000.0,10.0,100,5e-09,0.1
Cs,Honeycomb,5e-07,50000.0,10.0,100,5e-09,0.5
Cs,Honeycomb,5e-07,50000.0,10.0,100,5e-09,1.0
Cs,Honeycomb,5e-07,50000.0,10.0,100,1e-08,0.1
Cs,Honeycomb,5e-07,50000.0,10.0,100,1e-08,0.5
Cs,Honeycomb,5e-07,50000.0,10.0,100,1e-08,1.0
Cs,Honeycomb,5e-07,50000.0,10.0,200,1e-09,0.1
Cs,Honeycomb,5e-07,50000.0,10.0,200,1e-09,0.5
Cs,Honeycomb,5e-07,50000.0,10.0,200,1e-09,1.0
Cs,Honeycomb,5e-07,50000.0,10.0,200,5e-09,0.1
Cs,Honeycomb,5e-07,50000.0,10.0,200,5e-09,0.5
Cs,Honeycomb,5e-07,50000.0,10.0,200,5e-09,1.0
Cs,Honeycomb,5e-07,50000.0,10.0,200,1e-08,0.1
Cs,Honeycomb,5e-07,50000.0,10.0,200,1e-08,0.5
Cs,Honeycomb,5e-07,50000.0,10.0,200,1e-08,1.0
Cs,Honeycomb,5e-07,100000.0,0.1,50,1e-09,0.1
Cs,Honeycomb,5e-07,100000.0,0.1,50,1e-09,0.5
Cs,Honeycomb,5e-07,100000.0,0.1,50,1e-09,1.0
Cs,Honeycomb,5e-07,100000.0,0.1,50,5e-09,0.1
Cs,Honeycomb,5e-07,100000.0,0.1,50,5e-09,0.5
Cs,Honeycomb,5e-07,100000.0,0.1,50,5e-09,1.0
Cs,Honeycomb,5e-07,100000.0,0.1,50,1e-08,0.1
Cs,Honeycomb,5e-07,100000.0,0.1,50,1e-08,0.5
Cs,Honeycomb,5e-07,100000.0,0.1,50,1e-08,1.0
Cs,Honeycomb,5e-07,100000.0,0.1,100,1e-09,0.1
Cs,Honeycomb,5e-07,100000.0,0.1,100,1e-09,0.5
Cs,Honeycomb,5e-07,100000.0,0.1,100,1e-09,1.0
Cs,Honeycomb,5e-07,100000.0,0.1,100,5e-09,0.1
Cs,Honeycomb,5e-07,100000.0,0.1,100,5e-09,0.5
Cs,Honeycomb,5e-07,100000.0,0.1,100,5e-09,1.0
Cs,Honeycomb,5e-07,100000.0,0.1,100,1e-08,0.1
Cs,Honeycomb,5e-07,100000.0,0.1,100,1e-08,0.5
Cs,Honeycomb,5e-07,100000.0,0.1,100,1e-08,1.0
Cs,Honeycomb,5e-07,100000.0,0.1,200,1e-09,0.1
Cs,Honeycomb,5e-07,100000.0,0.1,200,1e-09,0.5
Cs,Honeycomb,5e-07,100000.0,0.1,200,1e-09,1.0
Cs,Honeycomb,5e-07,100000.0,0.1,200,5e-09,0.1
Cs,Honeycomb,5e-07,100000.0,0.1,200,5e-09,0.5
Cs,Honeycomb,5e-07,100000.0,0.1,200,5e-09,1.0
Cs,Honeycomb,5e-07,100000.0,0.1,200,1e-08,0.1
Cs,Honeycomb,5e-07,100000.0,0.1,200,1e-08,0.5
Cs,Honeycomb,5e-07,100000.0,0.1,200,1e-08,1.0
Cs,Honeycomb,5e-07,100000.0,1.0,50,1e-09,0.1
Cs,Honeycomb,5e-07,100000.0,1.0,50,1e-09,0.5
Cs,Honeycomb,5e-07,100000.0,1.0,50,1e-09,1.0
Cs,Honeycomb,5e-07,100000.0,1.0,50,5e-09,0.1
Cs,Honeycomb,5e-07,100000.0,1.0,50,5e-09,0.5
Cs,Honeycomb,5e-07,100000.0,1.0,50,5e-09,1.0
Cs,Honeycomb,5e-07,100000.0,1.0,50,1e-08,0.1
Cs,Honeycomb,5e-07,100000.0,1.0,50,1e-08,0.5
Cs,Honeycomb,5e-07,100000.0,1.0,50,1e-08,1.0
Cs,Honeycomb,5e-07,100000.0,1.0,100,1e-09,0.1
Cs,Honeycomb,5e-07,100000.0,1.0,100,1e-09,0.5
Cs,Honeycomb,5e-07,100000.0,1.0,100,1e-09,1.0
Cs,Honeycomb,5e-07,100000.0,1.0,100,5e-09,0.1
Cs,Honeycomb,5e-07,100000.0,1.0,100,5e-09,0.5
Cs,Honeycomb,5e-07,100000.0,1.0,100,5e-09,1.0
Cs,Honeycomb,5e-07,100000.0,1.0,100,1e-08,0.1
Cs,Honeycomb,5e-07,100000.0,1.0,100,1e-08,0.5
Cs,Honeycomb,5e-07,100000.0,1.0,100,1e-08,1.0
Cs,Honeycomb,5e-07,100000.0,1.0,200,1e-09,0.1
Cs,Honeycomb,5e-07,100000.0,1.0,200,1e-09,0.5
Cs,Honeycomb,5e-07,100000.0,1.0,200,1e-09,1.0
Cs,Honeycomb,5e-07,100000.0,1.0,200,5e-09,0.1
Cs,Honeycomb,5e-07,100000.0,1.0,200,5e-09,0.5
Cs,Honeycomb,5e-07,100000.0,1.0,200,5e-09,1.0
Cs,Honeycomb,5e-07,100000.0,1.0,200,1e-08,0.1
Cs,Honeycomb,5e-07,100000.0,1.0,200,1e-08,0.5
Cs,Honeycomb,5e-07,100000.0,1.0,200,1e-08,1.0
Cs,Honeycomb,5e-07,100000.0,10.0,50,1e-09,0.1
Cs,Honeycomb,5e-07,100000.0,10.0,50,1e-09,0.5
Cs,Honeycomb,5e-07,100000.0,10.0,50,1e-09,1.0
Cs,Honeycomb,5e-07,100000.0,10.0,50,5e-09,0.1
Cs,Honeycomb,5e-07,100000.0,10.0,50,5e-09,0.5
Cs,Honeycomb,5e-07,100000.0,10.0,50,5e-09,1.0
Cs,Honeycomb,5e-07,100000.0,10.0,50,1e-08,0.1
Cs,Honeycomb,5e-07,100000.0,10.0,50,1e-08,0.5
Cs,Honeycomb,5e-07,100000.0,10.0,50,1e-08,1.0
Cs,Honeycomb,5e-07,100000.0,10.0,100,1e-09,0.1
Cs,Honeycomb,5e-07,100000.0,10.0,100,1e-09,0.5
Cs,Honeycomb,5e-07,100000.0,10.0,100,1e-09,1.0
Cs,Honeycomb,5e-07,100000.0,10.0,100,5e-09,0.1
Cs,Honeycomb,5e-07,100000.0,10.0,100,5e-09,0.5
Cs,Honeycomb,5e-07,100000.0,10.0,100,5e-09,1.0
Cs,Honeycomb,5e-07,100000.0,10.0,100,1e-08,0.1
Cs,Honeycomb,5e-07,100000.0,10.0,100,1e-08,0.5
Cs,Honeycomb,5e-07,100000.0,10.0,100,1e-08,1.0
Cs,Honeycomb,5e-07,100000.0,10.0,200,1e-09,0.1
Cs,Honeycomb,5e-07,100000.0,10.0,200,1e-09,0.5
Cs,Honeycomb,5e-07,100000.0,10.0,200,1e-09,1.0
Cs,Honeycomb,5e-07,100000.0,10.0,200,5e-09,0.1
Cs,Honeycomb,5e-07,100000.0,10.0,200,5e-09,0.5
Cs,Honeycomb,5e-07,100000.0,10.0,200,5e-09,1.0
Cs,Honeycomb,5e-07,100000.0,10.0,200,1e-08,0.1
Cs,Honeycomb,5e-07,100000.0,10.0,200,1e-08,0.5
Cs,Honeycomb,5e-07,100000.0,10.0,200,1e-08,1.0
Cs,Honeycomb,7e-07,10000.0,0.1,50,1e-09,0.1
Cs,Honeycomb,7e-07,10000.0,0.1,50,1e-09,0.5
Cs,Honeycomb,7e-07,10000.0,0.1,50,1e-09,1.0
Cs,Honeycomb,7e-07,10000.0,0.1,50,5e-09,0.1
Cs,Honeycomb,7e-07,10000.0,0.1,50,5e-09,0.5
Cs,Honeycomb,7e-07,10000.0,0.1,50,5e-09,1.0
Cs,Honeycomb,7e-07,10000.0,0.1,50,1e-08,0.1
Cs,Honeycomb,7e-07,10000.0,0.1,50,1e-08,0.5
Cs,Honeycomb,7e-07,10000.0,0.1,50,1e-08,1.0
Cs,Honeycomb,7e-07,10000.0,0.1,100,1e-09,0.1
Cs,Honeycomb,7e-07,10000.0,0.1,100,1e-09,0.5
Cs,Honeycomb,7e-07,10000.0,0.1,100,1e-09,1.0
Cs,Honeycomb,7e-07,10000.0,0.1,100,5e-09,0.1
Cs,Honeycomb,7e-07,10000.0,0.1,100,5e-09,0.5
Cs,Honeycomb,7e-07,10000.0,0.1,100,5e-09,1.0
Cs,Honeycomb,7e-07,10000.0,0.1,100,1e-08,0.1
Cs,Honeycomb,7e-07,10000.0,0.1,100,1e-08,0.5
Cs,Honeycomb,7e-07,10000.0,0.1,100,1e-08,1.0
Cs,Honeycomb,7e-07,10000.0,0.1,200,1e-09,0.1
Cs,Honeycomb,7e-07,10000.0,0.1,200,1e-09,0.5
Cs,Honeycomb,7e-07,10000.0,0.1,200,1e-09,1.0
Cs,Honeycomb,7e-07,10000.0,0.1,200,5e-09,0.1
Cs,Honeycomb,7e-07,10000.0,0.1,200,5e-09,0.5
Cs,Honeycomb,7e-07,10000.0,0.1,200,5e-09,1.0
Cs,Honeycomb,7e-07,10000.0,0.1,200,1e-08,0.1
Cs,Honeycomb,7e-07,10000.0,0.1,200,1e-08,0.5
Cs,Honeycomb,7e-07,10000.0,0.1,200,1e-08,1.0
Cs,Honeycomb,7e-07,10000.0,1.0,50,1e-09,0.1
Cs,Honeycomb,7e-07,10000.0,1.0,50,1e-09,0.5
Cs,Honeycomb,7e-07,10000.0,1.0,50,1e-09,1.0
Cs,Honeycomb,7e-07,10000.0,1.0,50,5e-09,0.1
Cs,Honeycomb,7e-07,10000.0,1.0,50,5e-09,0.5
Cs,Honeycomb,7e-07,10000.0,1.0,50,5e-09,1.0
Cs,Honeycomb,7e-07,10000.0,1.0,50,1e-08,0.1
Cs,Honeycomb,7e-07,10000.0,1.0,50,1e-08,0.5
Cs,Honeycomb,7e-07,10000.0,1.0,50,1e-08,1.0
Cs,Honeycomb,7e-07,10000.0,1.0,100,1e-09,0.1
Cs,Honeycomb,7e-07,10000.0,1.0,100,1e-09,0.5
Cs,Honeycomb,7e-07,10000.0,1.0,100,1e-09,1.0
Cs,Honeycomb,7e-07,10000.0,1.0,100,5e-09,0.1
Cs,Honeycomb,7e-07,10000.0,1.0,100,5e-09,0.5
Cs,Honeycomb,7e-07,10000.0,1.0,100,5e-09,1.0
Cs,Honeycomb,7e-07,10000.0,1.0,100,1e-08,0.1
Cs,Honeycomb,7e-07,10000.0,1.0,100,1e-08,0.5
Cs,Honeycomb,7e-07,10000.0,1.0,100,1e-08,1.0
Cs,Honeycomb,7e-07,10000.0,1.0,200,1e-09,0.1
Cs,Honeycomb,7e-07,10000.0,1.0,200,1e-09,0.5
Cs,Honeycomb,7e-07,10000.0,1.0,200,1e-09,1.0
Cs,Honeycomb,7e-07,10000.0,1.0,200,5e-09,0.1
Cs,Honeycomb,7e-07,10000.0,1.0,200,5e-09,0.5
Cs,Honeycomb,7e-07,10000.0,1.0,200,5e-09,1.0
Cs,Honeycomb,7e-07,10000.0,1.0,200,1e-08,0.1
Cs,Honeycomb,7e-07,10000.0,1.0,200,1e-08,0.5
Cs,Honeycomb,7e-07,10000.0,1.0,200,1e-08,1.0
Cs,Honeycomb,7e-07,10000.0,10.0,50,1e-09,0.1
Cs,Honeycomb,7e-07,10000.0,10.0,50,1e-09,0.5
Cs,Honeycomb,7e-07,10000.0,10.0,50,1e-09,1.0
Cs,Honeycomb,7e-07,10000.0,10.0,50,5e-09,0.1
Cs,Honeycomb,7e-07,10000.0,10.0,50,5e-09,0.5
Cs,Honeycomb,7e-07,10000.0,10.0,50,5e-09,1.0
Cs,Honeycomb,7e-07,10000.0,10.0,50,1e-08,0.1
Cs,Honeycomb,7e-07,10000.0,10.0,50,1e-08,0.5
Cs,Honeycomb,7e-07,10000.0,10.0,50,1e-08,1.0
Cs,Honeycomb,7e-07,10000.0,10.0,100,1e-09,0.1
Cs,Honeycomb,7e-07,10000.0,10.0,100,1e-09,0.5
Cs,Honeycomb,7e-07,10000.0,10.0,100,1e-09,1.0
Cs,Honeycomb,7e-07,10000.0,10.0,100,5e-09,0.1
Cs,Honeycomb,7e-07,10000.0,10.0,100,5e-09,0.5
Cs,Honeycomb,7e-07,10000.0,10.0,100,5e-09,1.0
Cs,Honeycomb,7e-07,10000.0,10.0,100,1e-08,0.1
Cs,Honeycomb,7e-07,10000.0,10.0,100,1e-08,0.5
Cs,Honeycomb,7e-07,10000.0,10.0,100,1e-08,1.0
Cs,Honeycomb,7e-07,10000.0,10.0,200,1e-09,0.1
Cs,Honeycomb,7e-07,10000.0,10.0,200,1e-09,0.5
Cs,Honeycomb,7e-07,10000.0,10.0,200,1e-09,1.0
Cs,Honeycomb,7e-07,10000.0,10.0,200,5e-09,0.1
Cs,Honeycomb,7e-07,10000.0,10.0,200,5e-09,0.5
Cs,Honeycomb,7e-07,10000.0,10.0,200,5e-09,1.0
Cs,Honeycomb,7e-07,10000.0,10.0,200,1e-08,0.1
Cs,Honeycomb,7e-07,10000.0,10.0,200,1e-08,0.5
Cs,Honeycomb,7e-07,10000.0,10.0,200,1e-08,1.0
Cs,Honeycomb,7e-07,50000.0,0.1,50,1e-09,0.1
Cs,Honeycomb,7e-07,50000.0,0.1,50,1e-09,0.5
Cs,Honeycomb,7e-07,50000.0,0.1,50,1e-09,1.0
Cs,Honeycomb,7e-07,50000.0,0.1,50,5e-09,0.1
Cs,Honeycomb,7e-07,50000.0,0.1,50,5e-09,0.5
Cs,Honeycomb,7e-07,50000.0,0.1,50,5e-09,1.0
Cs,Honeycomb,7e-07,50000.0,0.1,50,1e-08,0.1
Cs,Honeycomb,7e-07,50000.0,0.1,50,1e-08,0.5
Cs,Honeycomb,7e-07,50000.0,0.1,50,1e-08,1.0
Cs,Honeycomb,7e-07,50000.0,0.1,100,1e-09,0.1
Cs,Honeycomb,7e-07,50000.0,0.1,100,1e-09,0.5
Cs,Honeycomb,7e-07,50000.0,0.1,100,1e-09,1.0
Cs,Honeycomb,7e-07,50000.0,0.1,100,5e-09,0.1
Cs,Honeycomb,7e-07,50000.0,0.1,100,5e-09,0.5
Cs,Honeycomb,7e-07,50000.0,0.1,100,5e-09,1.0
Cs,Honeycomb,7e-07,50000.0,0.1,100,1e-08,0.1
Cs,Honeycomb,7e-07,50000.0,0.1,100,1e-08,0.5
Cs,Honeycomb,7e-07,50000.0,0.1,100,1e-08,1.0
Cs,Honeycomb,7e-07,50000.0,0.1,200,1e-09,0.1
Cs,Honeycomb,7e-07,50000.0,0.1,200,1e-09,0.5
Cs,Honeycomb,7e-07,50000.0,0.1,200,1e-09,1.0
Cs,Honeycomb,7e-07,50000.0,0.1,200,5e-09,0.1
Cs,Honeycomb,7e-07,50000.0,0.1,200,5e-09,0.5
Cs,Honeycomb,7e-07,50000.0,0.1,200,5e-09,1.0
Cs,Honeycomb,7e-07,50000.0,0.1,200,1e-08,0.1
Cs,Honeycomb,7e-07,50000.0,0.1,200,1e-08,0.5
Cs,Honeycomb,7e-07,50000.0,0.1,200,1e-08,1.0
Cs,Honeycomb,7e-07,50000.0,1.0,50,1e-09,0.1
Cs,Honeycomb,7e-07,50000.0,1.0,50,1e-09,0.5
Cs,Honeycomb,7e-07,50000.0,1.0,50,1e-09,1.0
Cs,Honeycomb,7e-07,50000.0,1.0,50,5e-09,0.1
Cs,Honeycomb,7e-07,50000.0,1.0,50,5e-09,0.5
Cs,Honeycomb,7e-07,50000.0,1.0,50,5e-09,1.0
Cs,Honeycomb,7e-07,50000.0,1.0,50,1e-08,0.1
Cs,Honeycomb,7e-07,50000.0,1.0,50,1e-08,0.5
Cs,Honeycomb,7e-07,50000.0,1.0,50,1e-08,1.0
Cs,Honeycomb,7e-07,50000.0,1.0,100,1e-09,0.1
Cs,Honeycomb,7e-07,50000.0,1.0,100,1e-09,0.5
Cs,Honeycomb,7e-07,50000.0,1.0,100,1e-09,1.0
Cs,Honeycomb,7e-07,50000.0,1.0,100,5e-09,0.1
Cs,Honeycomb,7e-07,50000.0,1.0,100,5e-09,0.5
Cs,Honeycomb,7e-07,50000.0,1.0,100,5e-09,1.0
Cs,Honeycomb,7e-07,50000.0,1.0,100,1e-08,0.1
Cs,Honeycomb,7e-07,50000.0,1.0,100,1e-08,0.5
Cs,Honeycomb,7e-07,50000.0,1.0,100,1e-08,1.0
Cs,Honeycomb,7e-07,50000.0,1.0,200,1e-09,0.1
Cs,Honeycomb,7e-07,50000.0,1.0,200,1e-09,0.5
Cs,Honeycomb,7e-07,50000.0,1.0,200,1e-09,1.0
Cs,Honeycomb,7e-07,50000.0,1.0,200,5e-09,0.1
Cs,Honeycomb,7e-07,50000.0,1.0,200,5e-09,0.5
Cs,Honeycomb,7e-07,50000.0,1.0,200,5e-09,1.0
Cs,Honeycomb,7e-07,50000.0,1.0,200,1e-08,0.1
Cs,Honeycomb,7e-07,50000.0,1.0,200,1e-08,0.5
Cs,Honeycomb,7e-07,50000.0,1.0,200,1e-08,1.0
Cs,Honeycomb,7e-07,50000.0,10.0,50,1e-09,0.1
Cs,Honeycomb,7e-07,50000.0,10.0,50,1e-09,0.5
Cs,Honeycomb,7e-07,50000.0,10.0,50,1e-09,1.0
Cs,Honeycomb,7e-07,50000.0,10.0,50,5e-09,0.1
Cs,Honeycomb,7e-07,50000.0,10.0,50,5e-09,0.5
Cs,Honeycomb,7e-07,50000.0,10.0,50,5e-09,1.0
Cs,Honeycomb,7e-07,50000.0,10.0,50,1e-08,0.1
Cs,Honeycomb,7e-07,50000.0,10.0,50,1e-08,0.5
Cs,Honeycomb,7e-07,50000.0,10.0,50,1e-08,1.0
Cs,Honeycomb,7e-07,50000.0,10.0,100,1e-09,0.1
Cs,Honeycomb,7e-07,50000.0,10.0,100,1e-09,0.5
Cs,Honeycomb,7e-07,50000.0,10.0,100,1e-09,1.0
Cs,Honeycomb,7e-07,50000.0,10.0,100,5e-09,0.1
Cs,Honeycomb,7e-07,50000.0,10.0,100,5e-09,0.5
Cs,Honeycomb,7e-07,50000.0,10.0,100,5e-09,1.0
Cs,Honeycomb,7e-07,50000.0,10.0,100,1e-08,0.1
Cs,Honeycomb,7e-07,50000.0,10.0,100,1e-08,0.5
Cs,Honeycomb,7e-07,50000.0,10.0,100,1e-08,1.0
Cs,Honeycomb,7e-07,50000.0,10.0,200,1e-09,0.1
Cs,Honeycomb,7e-07,50000.0,10.0,200,1e-09,0.5
Cs,Honeycomb,7e-07,50000.0,10.0,200,1e-09,1.0
Cs,Honeycomb,7e-07,50000.0,10.0,200,5e-09,0.1
Cs,Honeycomb,7e-07,50000.0,10.0,200,5e-09,0.5
Cs,Honeycomb,7e-07,50000.0,10.0,200,5e-09,1.0
Cs,Honeycomb,7e-07,50000.0,10.0,200,1e-08,0.1
Cs,Honeycomb,7e-07,50000.0,10.0,200,1e-08,0.5
Cs,Honeycomb,7e-07,50000.0,10.0,200,1e-08,1.0
Cs,Honeycomb,7e-07,100000.0,0.1,50,1e-09,0.1
Cs,Honeycomb,7e-07,100000.0,0.1,50,1e-09,0.5
Cs,Honeycomb,7e-07,100000.0,0.1,50,1e-09,1.0
Cs,Honeycomb,7e-07,100000.0,0.1,50,5e-09,0.1
Cs,Honeycomb,7e-07,100000.0,0.1,50,5e-09,0.5
Cs,Honeycomb,7e-07,100000.0,0.1,50,5e-09,1.0
Cs,Honeycomb,7e-07,100000.0,0.1,50,1e-08,0.1
Cs,Honeycomb,7e-07,100000.0,0.1,50,1e-08,0.5
Cs,Honeycomb,7e-07,100000.0,0.1,50,1e-08,1.0
Cs,Honeycomb,7e-07,100000.0,0.1,100,1e-09,0.1
Cs,Honeycomb,7e-07,100000.0,0.1,100,1e-09,0.5
Cs,Honeycomb,7e-07,100000.0,0.1,100,1e-09,1.0
Cs,Honeycomb,7e-07,100000.0,0.1,100,5e-09,0.1
Cs,Honeycomb,7e-07,100000.0,0.1,100,5e-09,0.5
Cs,Honeycomb,7e-07,100000.0,0.1,100,5e-09,1.0
Cs,Honeycomb,7e-07,100000.0,0.1,100,1e-08,0.1
Cs,Honeycomb,7e-07,100000.0,0.1,100,1e-08,0.5
Cs,Honeycomb,7e-07,100000.0,0.1,100,1e-08,1.0
Cs,Honeycomb,7e-07,100000.0,0.1,200,1e-09,0.1
Cs,Honeycomb,7e-07,100000.0,0.1,200,1e-09,0.5
Cs,Honeycomb,7e-07,100000.0,0.1,200,1e-09,1.0
Cs,Honeycomb,7e-07,100000.0,0.1,200,5e-09,0.1
Cs,Honeycomb,7e-07,100000.0,0.1,200,5e-09,0.5
Cs,Honeycomb,7e-07,100000.0,0.1,200,5e-09,1.0
Cs,Honeycomb,7e-07,100000.0,0.1,200,1e-08,0.1
Cs,Honeycomb,7e-07,100000.0,0.1,200,1e-08,0.5
Cs,Honeycomb,7e-07,100000.0,0.1,200,1e-08,1.0
Cs,Honeycomb,7e-07,100000.0,1.0,50,1e-09,0.1
Cs,Honeycomb,7e-07,100000.0,1.0,50,1e-09,0.5
Cs,Honeycomb,7e-07,100000.0,1.0,50,1e-09,1.0
Cs,Honeycomb,7e-07,100000.0,1.0,50,5e-09,0.1
Cs,Honeycomb,7e-07,100000.0,1.0,50,5e-09,0.5
Cs,Honeycomb,7e-07,100000.0,1.0,50,5e-09,1.0
Cs,Honeycomb,7e-07,100000.0,1.0,50,1e-08,0.1
Cs,Honeycomb,7e-07,100000.0,1.0,50,1e-08,0.5
Cs,Honeycomb,7e-07,100000.0,1.0,50,1e-08,1.0
Cs,Honeycomb,7e-07,100000.0,1.0,100,1e-09,0.1
Cs,Honeycomb,7e-07,100000.0,1.0,100,1e-09,0.5
Cs,Honeycomb,7e-07,100000.0,1.0,100,1e-09,1.0
Cs,Honeycomb,7e-07,100000.0,1.0,100,5e-09,0.1
Cs,Honeycomb,7e-07,100000.0,1.0,100,5e-09,0.5
Cs,Honeycomb,7e-07,100000.0,1.0,100,5e-09,1.0
Cs,Honeycomb,7e-07,100000.0,1.0,100,1e-08,0.1
Cs,Honeycomb,7e-07,100000.0,1.0,100,1e-08,0.5
Cs,Honeycomb,7e-07,100000.0,1.0,100,1e-08,1.0
Cs,Honeycomb,7e-07,100000.0,1.0,200,1e-09,0.1
Cs,Honeycomb,7e-07,100000.0,1.0,200,1e-09,0.5
Cs,Honeycomb,7e-07,100000.0,1.0,200,1e-09,1.0
Cs,Honeycomb,7e-07,100000.0,1.0,200,5e-09,0.1
Cs,Honeycomb,7e-07,100000.0,1.0,200,5e-09,0.5
Cs,Honeycomb,7e-07,100000.0,1.0,200,5e-09,1.0
Cs,Honeycomb,7e-07,100000.0,1.0,200,1e-08,0.1
Cs,Honeycomb,7e-07,100000.0,1.0,200,1e-08,0.5
Cs,Honeycomb,7e-07,100000.0,1.0,200,1e-08,1.0
Cs,Honeycomb,7e-07,100000.0,10.0,50,1e-09,0.1
Cs,Honeycomb,7e-07,100000.0,10.0,50,1e-09,0.5
Cs,Honeycomb,7e-07,100000.0,10.0,50,1e-09,1.0
Cs,Honeycomb,7e-07,100000.0,10.0,50,5e-09,0.1
Cs,Honeycomb,7e-07,100000.0,10.0,50,5e-09,0.5
Cs,Honeycomb,7e-07,100000.0,10.0,50,5e-09,1.0
Cs,Honeycomb,7e-07,100000.0,10.0,50,1e-08,0.1
Cs,Honeycomb,7e-07,100000.0,10.0,50,1e-08,0.5
Cs,Honeycomb,7e-07,100000.0,10.0,50,1e-08,1.0
Cs,Honeycomb,7e-07,100000.0,10.0,100,1e-09,0.1
Cs,Honeycomb,7e-07,100000.0,10.0,100,1e-09,0.5
Cs,Honeycomb,7e-07,100000.0,10.0,100,1e-09,1.0
Cs,Honeycomb,7e-07,100000.0,10.0,100,5e-09,0.1
Cs,Honeycomb,7e-07,100000.0,10.0,100,5e-09,0.5
Cs,Honeycomb,7e-07,100000.0,10.0,100,5e-09,1.0
Cs,Honeycomb,7e-07,100000.0,10.0,100,1e-08,0.1
Cs,Honeycomb,7e-07,100000.0,10.0,100,1e-08,0.5
Cs,Honeycomb,7e-07,100000.0,10.0,100,1e-08,1.0
Cs,Honeycomb,7e-07,100000.0,10.0,200,1e-09,0.1
Cs,Honeycomb,7e-07,100000.0,10.0,200,1e-09,0.5
Cs,Honeycomb,7e-07,100000.0,10.0,200,1e-09,1.0
Cs,Honeycomb,7e-07,100000.0,10.0,200,5e-09,0.1
Cs,Honeycomb,7e-07,100000.0,10.0,200,5e-09,0.5
Cs,Honeycomb,7e-07,100000.0,10.0,200,5e-09,1.0
Cs,Honeycomb,7e-07,100000.0,10.0,200,1e-08,0.1
Cs,Honeycomb,7e-07,100000.0,10.0,200,1e-08,0.5
Cs,Honeycomb,7e-07,100000.0,10.0,200,1e-08,1.0
Cs,Honeycomb,1e-06,10000.0,0.1,50,1e-09,0.1
Cs,Honeycomb,1e-06,10000.0,0.1,50,1e-09,0.5
Cs,Honeycomb,1e-06,10000.0,0.1,50,1e-09,1.0
Cs,Honeycomb,1e-06,10000.0,0.1,50,5e-09,0.1
Cs,Honeycomb,1e-06,10000.0,0.1,50,5e-09,0.5
Cs,Honeycomb,1e-06,10000.0,0.1,50,5e-09,1.0
Cs,Honeycomb,1e-06,10000.0,0.1,50,1e-08,0.1
Cs,Honeycomb,1e-06,10000.0,0.1,50,1e-08,0.5
Cs,Honeycomb,1e-06,10000.0,0.1,50,1e-08,1.0
Cs,Honeycomb,1e-06,10000.0,0.1,100,1e-09,0.1
Cs,Honeycomb,1e-06,10000.0,0.1,100,1e-09,0.5
Cs,Honeycomb,1e-06,10000.0,0.1,100,1e-09,1.0
Cs,Honeycomb,1e-06,10000.0,0.1,100,5e-09,0.1
Cs,Honeycomb,1e-06,10000.0,0.1,100,5e-09,0.5
Cs,Honeycomb,1e-06,10000.0,0.1,100,5e-09,1.0
Cs,Honeycomb,1e-06,10000.0,0.1,100,1e-08,0.1
Cs,Honeycomb,1e-06,10000.0,0.1,100,1e-08,0.5
Cs,Honeycomb,1e-06,10000.0,0.1,100,1e-08,1.0
Cs,Honeycomb,1e-06,10000.0,0.1,200,1e-09,0.1
Cs,Honeycomb,1e-06,10000.0,0.1,200,1e-09,0.5
Cs,Honeycomb,1e-06,10000.0,0.1,200,1e-09,1.0
Cs,Honeycomb,1e-06,10000.0,0.1,200,5e-09,0.1
Cs,Honeycomb,1e-06,10000.0,0.1,200,5e-09,0.5
Cs,Honeycomb,1e-06,10000.0,0.1,200,5e-09,1.0
Cs,Honeycomb,1e-06,10000.0,0.1,200,1e-08,0.1
Cs,Honeycomb,1e-06,10000.0,0.1,200,1e-08,0.5
Cs,Honeycomb,1e-06,10000.0,0.1,200,1e-08,1.0
Cs,Honeycomb,1e-06,10000.0,1.0,50,1e-09,0.1
Cs,Honeycomb,1e-06,10000.0,1.0,50,1e-09,0.5
Cs,Honeycomb,1e-06,10000.0,1.0,50,1e-09,1.0
Cs,Honeycomb,1e-06,10000.0,1.0,50,5e-09,0.1
Cs,Honeycomb,1e-06,10000.0,1.0,50,5e-09,0.5
Cs,Honeycomb,1e-06,10000.0,1.0,50,5e-09,1.0
Cs,Honeycomb,1e-06,10000.0,1.0,50,1e-08,0.1
Cs,Honeycomb,1e-06,10000.0,1.0,50,1e-08,0.5
Cs,Honeycomb,1e-06,10000.0,1.0,50,1e-08,1.0
Cs,Honeycomb,1e-06,10000.0,1.0,100,1e-09,0.1
Cs,Honeycomb,1e-06,10000.0,1.0,100,1e-09,0.5
Cs,Honeycomb,1e-06,10000.0,1.0,100,1e-09,1.0
Cs,Honeycomb,1e-06,10000.0,1.0,100,5e-09,0.1
Cs,Honeycomb,1e-06,10000.0,1.0,100,5e-09,0.5
Cs,Honeycomb,1e-06,10000.0,1.0,100,5e-09,1.0
Cs,Honeycomb,1e-06,10000.0,1.0,100,1e-08,0.1
Cs,Honeycomb,1e-06,10000.0,1.0,100,1e-08,0.5
Cs,Honeycomb,1e-06,10000.0,1.0,100,1e-08,1.0
Cs,Honeycomb,1e-06,10000.0,1.0,200,1e-09,0.1
Cs,Honeycomb,1e-06,10000.0,1.0,200,1e-09,0.5
Cs,Honeycomb,1e-06,10000.0,1.0,200,1e-09,1.0
Cs,Honeycomb,1e-06,10000.0,1.0,200,5e-09,0.1
Cs,Honeycomb,1e-06,10000.0,1.0,200,5e-09,0.5
Cs,Honeycomb,1e-06,10000.0,1.0,200,5e-09,1.0
Cs,Honeycomb,1e-06,10000.0,1.0,200,1e-08,0.1
Cs,Honeycomb,1e-06,10000.0,1.0,200,1e-08,0.5
Cs,Honeycomb,1e-06,10000.0,1.0,200,1e-08,1.0
Cs,Honeycomb,1e-06,10000.0,10.0,50,1e-09,0.1
Cs,Honeycomb,1e-06,10000.0,10.0,50,1e-09,0.5
Cs,Honeycomb,1e-06,10000.0,10.0,50,1e-09,1.0
Cs,Honeycomb,1e-06,10000.0,10.0,50,5e-09,0.1
Cs,Honeycomb,1e-06,10000.0,10.0,50,5e-09,0.5
Cs,Honeycomb,1e-06,10000.0,10.0,50,5e-09,1.0
Cs,Honeycomb,1e-06,10000.0,10.0,50,1e-08,0.1
Cs,Honeycomb,1e-06,10000.0,10.0,50,1e-08,0.5
Cs,Honeycomb,1e-06,10000.0,10.0,50,1e-08,1.0
Cs,Honeycomb,1e-06,10000.0,10.0,100,1e-09,0.1
Cs,Honeycomb,1e-06,10000.0,10.0,100,1e-09,0.5
Cs,Honeycomb,1e-06,10000.0,10.0,100,1e-09,1.0
Cs,Honeycomb,1e-06,10000.0,10.0,100,5e-09,0.1
Cs,Honeycomb,1e-06,10000.0,10.0,100,5e-09,0.5
Cs,Honeycomb,1e-06,10000.0,10.0,100,5e-09,1.0
Cs,Honeycomb,1e-06,10000.0,10.0,100,1e-08,0.1
Cs,Honeycomb,1e-06,10000.0,10.0,100,1e-08,0.5
Cs,Honeycomb,1e-06,10000.0,10.0,100,1e-08,1.0
Cs,Honeycomb,1e-06,10000.0,10.0,200,1e-09,0.1
Cs,Honeycomb,1e-06,10000.0,10.0,200,1e-09,0.5
Cs,Honeycomb,1e-06,10000.0,10.0,200,1e-09,1.0
Cs,Honeycomb,1e-06,10000.0,10.0,200,5e-09,0.1
Cs,Honeycomb,1e-06,10000.0,10.0,200,5e-09,0.5
Cs,Honeycomb,1e-06,10000.0,10.0,200,5e-09,1.0
Cs,Honeycomb,1e-06,10000.0,10.0,200,1e-08,0.1
Cs,Honeycomb,1e-06,10000.0,10.0,200,1e-08,0.5
Cs,Honeycomb,1e-06,10000.0,10.0,200,1e-08,1.0
Cs,Honeycomb,1e-06,50000.0,0.1,50,1e-09,0.1
Cs,Honeycomb,1e-06,50000.0,0.1,50,1e-09,0.5
Cs,Honeycomb,1e-06,50000.0,0.1,50,1e-09,1.0
Cs,Honeycomb,1e-06,50000.0,0.1,50,5e-09,0.1
Cs,Honeycomb,1e-06,50000.0,0.1,50,5e-09,0.5
Cs,Honeycomb,1e-06,50000.0,0.1,50,5e-09,1.0
Cs,Honeycomb,1e-06,50000.0,0.1,50,1e-08,0.1
Cs,Honeycomb,1e-06,50000.0,0.1,50,1e-08,0.5
Cs,Honeycomb,1e-06,50000.0,0.1,50,1e-08,1.0
Cs,Honeycomb,1e-06,50000.0,0.1,100,1e-09,0.1
Cs,Honeycomb,1e-06,50000.0,0.1,100,1e-09,0.5
Cs,Honeycomb,1e-06,50000.0,0.1,100,1e-09,1.0
Cs,Honeycomb,1e-06,50000.0,0.1,100,5e-09,0.1
Cs,Honeycomb,1e-06,50000.0,0.1,100,5e-09,0.5
Cs,Honeycomb,1e-06,50000.0,0.1,100,5e-09,1.0
Cs,Honeycomb,1e-06,50000.0,0.1,100,1e-08,0.1
Cs,Honeycomb,1e-06,50000.0,0.1,100,1e-08,0.5
Cs,Honeycomb,1e-06,50000.0,0.1,100,1e-08,1.0
Cs,Honeycomb,1e-06,50000.0,0.1,200,1e-09,0.1
Cs,Honeycomb,1e-06,50000.0,0.1,200,1e-09,0.5
Cs,Honeycomb,1e-06,50000.0,0.1,200,1e-09,1.0
Cs,Honeycomb,1e-06,50000.0,0.1,200,5e-09,0.1
Cs,Honeycomb,1e-06,50000.0,0.1,200,5e-09,0.5
Cs,Honeycomb,1e-06,50000.0,0.1,200,5e-09,1.0
Cs,Honeycomb,1e-06,50000.0,0.1,200,1e-08,0.1
Cs,Honeycomb,1e-06,50000.0,0.1,200,1e-08,0.5
Cs,Honeycomb,1e-06,50000.0,0.1,200,1e-08,1.0
Cs,Honeycomb,1e-06,50000.0,1.0,50,1e-09,0.1
Cs,Honeycomb,1e-06,50000.0,1.0,50,1e-09,0.5
Cs,Honeycomb,1e-06,50000.0,1.0,50,1e-09,1.0
Cs,Honeycomb,1e-06,50000.0,1.0,50,5e-09,0.1
Cs,Honeycomb,1e-06,50000.0,1.0,50,5e-09,0.5
Cs,Honeycomb,1e-06,50000.0,1.0,50,5e-09,1.0
Cs,Honeycomb,1e-06,50000.0,1.0,50,1e-08,0.1
Cs,Honeycomb,1e-06,50000.0,1.0,50,1e-08,0.5
Cs,Honeycomb,1e-06,50000.0,1.0,50,1e-08,1.0
Cs,Honeycomb,1e-06,50000.0,1.0,100,1e-09,0.1
Cs,Honeycomb,1e-06,50000.0,1.0,100,1e-09,0.5
Cs,Honeycomb,1e-06,50000.0,1.0,100,1e-09,1.0
Cs,Honeycomb,1e-06,50000.0,1.0,100,5e-09,0.1
Cs,Honeycomb,1e-06,50000.0,1.0,100,5e-09,0.5
Cs,Honeycomb,1e-06,50000.0,1.0,100,5e-09,1.0
Cs,Honeycomb,1e-06,50000.0,1.0,100,1e-08,0.1
Cs,Honeycomb,1e-06,50000.0,1.0,100,1e-08,0.5
Cs,Honeycomb,1e-06,50000.0,1.0,100,1e-08,1.0
Cs,Honeycomb,1e-06,50000.0,1.0,200,1e-09,0.1
Cs,Honeycomb,1e-06,50000.0,1.0,200,1e-09,0.5
Cs,Honeycomb,1e-06,50000.0,1.0,200,1e-09,1.0
Cs,Honeycomb,1e-06,50000.0,1.0,200,5e-09,0.1
Cs,Honeycomb,1e-06,50000.0,1.0,200,5e-09,0.5
Cs,Honeycomb,1e-06,50000.0,1.0,200,5e-09,1.0
Cs,Honeycomb,1e-06,50000.0,1.0,200,1e-08,0.1
Cs,Honeycomb,1e-06,50000.0,1.0,200,1e-08,0.5
Cs,Honeycomb,1e-06,50000.0,1.0,200,1e-08,1.0
Cs,Honeycomb,1e-06,50000.0,10.0,50,1e-09,0.1
Cs,Honeycomb,1e-06,50000.0,10.0,50,1e-09,0.5
Cs,Honeycomb,1e-06,50000.0,10.0,50,1e-09,1.0
Cs,Honeycomb,1e-06,50000.0,10.0,50,5e-09,0.1
Cs,Honeycomb,1e-06,50000.0,10.0,50,5e-09,0.5
Cs,Honeycomb,1e-06,50000.0,10.0,50,5e-09,1.0
Cs,Honeycomb,1e-06,50000.0,10.0,50,1e-08,0.1
Cs,Honeycomb,1e-06,50000.0,10.0,50,1e-08,0.5
Cs,Honeycomb,1e-06,50000.0,10.0,50,1e-08,1.0
Cs,Honeycomb,1e-06,50000.0,10.0,100,1e-09,0.1
Cs,Honeycomb,1e-06,50000.0,10.0,100,1e-09,0.5
Cs,Honeycomb,1e-06,50000.0,10.0,100,1e-09,1.0
Cs,Honeycomb,1e-06,50000.0,10.0,100,5e-09,0.1
Cs,Honeycomb,1e-06,50000.0,10.0,100,5e-09,0.5
Cs,Honeycomb,1e-06,50000.0,10.0,100,5e-09,1.0
Cs,Honeycomb,1e-06,50000.0,10.0,100,1e-08,0.1
Cs,Honeycomb,1e-06,50000.0,10.0,100,1e-08,0.5
Cs,Honeycomb,1e-06,50000.0,10.0,100,1e-08,1.0
Cs,Honeycomb,1e-06,50000.0,10.0,200,1e-09,0.1
Cs,Honeycomb,1e-06,50000.0,10.0,200,1e-09,0.5
Cs,Honeycomb,1e-06,50000.0,10.0,200,1e-09,1.0
Cs,Honeycomb,1e-06,50000.0,10.0,200,5e-09,0.1
Cs,Honeycomb,1e-06,50000.0,10.0,200,5e-09,0.5
Cs,Honeycomb,1e-06,50000.0,10.0,200,5e-09,1.0
Cs,Honeycomb,1e-06,50000.0,10.0,200,1e-08,0.1
Cs,Honeycomb,1e-06,50000.0,10.0,200,1e-08,0.5
Cs,Honeycomb,1e-06,50000.0,10.0,200,1e-08,1.0
Cs,Honeycomb,1e-06,100000.0,0.1,50,1e-09,0.1
Cs,Honeycomb,1e-06,100000.0,0.1,50,1e-09,0.5
Cs,Honeycomb,1e-06,100000.0,0.1,50,1e-09,1.0
Cs,Honeycomb,1e-06,100000.0,0.1,50,5e-09,0.1
Cs,Honeycomb,1e-06,100000.0,0.1,50,5e-09,0.5
Cs,Honeycomb,1e-06,100000.0,0.1,50,5e-09,1.0
Cs,Honeycomb,1e-06,100000.0,0.1,50,1e-08,0.1
Cs,Honeycomb,1e-06,100000.0,0.1,50,1e-08,0.5
Cs,Honeycomb,1e-06,100000.0,0.1,50,1e-08,1.0
Cs,Honeycomb,1e-06,100000.0,0.1,100,1e-09,0.1
Cs,Honeycomb,1e-06,100000.0,0.1,100,1e-09,0.5
Cs,Honeycomb,1e-06,100000.0,0.1,100,1e-09,1.0
Cs,Honeycomb,1e-06,100000.0,0.1,100,5e-09,0.1
Cs,Honeycomb,1e-06,100000.0,0.1,100,5e-09,0.5
Cs,Honeycomb,1e-06,100000.0,0.1,100,5e-09,1.0
Cs,Honeycomb,1e-06,100000.0,0.1,100,1e-08,0.1
Cs,Honeycomb,1e-06,100000.0,0.1,100,1e-08,0.5
Cs,Honeycomb,1e-06,100000.0,0.1,100,1e-08,1.0
Cs,Honeycomb,1e-06,100000.0,0.1,200,1e-09,0.1
Cs,Honeycomb,1e-06,100000.0,0.1,200,1e-09,0.5
Cs,Honeycomb,1e-06,100000.0,0.1,200,1e-09,1.0
Cs,Honeycomb,1e-06,100000.0,0.1,200,5e-09,0.1
Cs,Honeycomb,1e-06,100000.0,0.1,200,5e-09,0.5
Cs,Honeycomb,1e-06,100000.0,0.1,200,5e-09,1.0
Cs,Honeycomb,1e-06,100000.0,0.1,200,1e-08,0.1
Cs,Honeycomb,1e-06,100000.0,0.1,200,1e-08,0.5
Cs,Honeycomb,1e-06,100000.0,0.1,200,1e-08,1.0
Cs,Honeycomb,1e-06,100000.0,1.0,50,1e-09,0.1
Cs,Honeycomb,1e-06,100000.0,1.0,50,1e-09,0.5
Cs,Honeycomb,1e-06,100000.0,1.0,50,1e-09,1.0
Cs,Honeycomb,1e-06,100000.0,1.0,50,5e-09,0.1
Cs,Honeycomb,1e-06,100000.0,1.0,50,5e-09,0.5
Cs,Honeycomb,1e-06,100000.0,1.0,50,5e-09,1.0
Cs,Honeycomb,1e-06,100000.0,1.0,50,1e-08,0.1
Cs,Honeycomb,1e-06,100000.0,1.0,50,1e-08,0.5
Cs,Honeycomb,1e-06,100000.0,1.0,50,1e-08,1.0
Cs,Honeycomb,1e-06,100000.0,1.0,100,1e-09,0.1
Cs,Honeycomb,1e-06,100000.0,1.0,100,1e-09,0.5
Cs,Honeycomb,1e-06,100000.0,1.0,100,1e-09,1.0
Cs,Honeycomb,1e-06,100000.0,1.0,100,5e-09,0.1
Cs,Honeycomb,1e-06,100000.0,1.0,100,5e-09,0.5
Cs,Honeycomb,1e-06,100000.0,1.0,100,5e-09,1.0
Cs,Honeycomb,1e-06,100000.0,1.0,100,1e-08,0.1
Cs,Honeycomb,1e-06,100000.0,1.0,100,1e-08,0.5
Cs,Honeycomb,1e-06,100000.0,1.0,100,1e-08,1.0
Cs,Honeycomb,1e-06,100000.0,1.0,200,1e-09,0.1
Cs,Honeycomb,1e-06,100000.0,1.0,200,1e-09,0.5
Cs,Honeycomb,1e-06,100000.0,1.0,200,1e-09,1.0
Cs,Honeycomb,1e-06,100000.0,1.0,200,5e-09,0.1
Cs,Honeycomb,1e-06,100000.0,1.0,200,5e-09,0.5
Cs,Honeycomb,1e-06,100000.0,1.0,200,5e-09,1.0
Cs,Honeycomb,1e-06,100000.0,1.0,200,1e-08,0.1
Cs,Honeycomb,1e-06,100000.0,1.0,200,1e-08,0.5
Cs,Honeycomb,1e-06,100000.0,1.0,200,1e-08,1.0
Cs,Honeycomb,1e-06,100000.0,10.0,50,1e-09,0.1
Cs,Honeycomb,1e-06,100000.0,10.0,50,1e-09,0.5
Cs,Honeycomb,1e-06,100000.0,10.0,50,1e-09,1.0
Cs,Honeycomb,1e-06,100000.0,10.0,50,5e-09,0.1
Cs,Honeycomb,1e-06,100000.0,10.0,50,5e-09,0.5
Cs,Honeycomb,1e-06,100000.0,10.0,50,5e-09,1.0
Cs,Honeycomb,1e-06,100000.0,10.0,50,1e-08,0.1
Cs,Honeycomb,1e-06,100000.0,10.0,50,1e-08,0.5
Cs,Honeycomb,1e-06,100000.0,10.0,50,1e-08,1.0
Cs,Honeycomb,1e-06,100000.0,10.0,100,1e-09,0.1
Cs,Honeycomb,1e-06,100000.0,10.0,100,1e-09,0.5
Cs,Honeycomb,1e-06,100000.0,10.0,100,1e-09,1.0
Cs,Honeycomb,1e-06,100000.0,10.0,100,5e-09,0.1
Cs,Honeycomb,1e-06,100000.0,10.0,100,5e-09,0.5
Cs,Honeycomb,1e-06,100000.0,10.0,100,5e-09,1.0
Cs,Honeycomb,1e-06,100000.0,10.0,100,1e-08,0.1
Cs,Honeycomb,1e-06,100000.0,10.0,100,1e-08,0.5
Cs,Honeycomb,1e-06,100000.0,10.0,100,1e-08,1.0
Cs,Honeycomb,1e-06,100000.0,10.0,200,1e-09,0.1
Cs,Honeycomb,1e-06,100000.0,10.0,200,1e-09,0.5
Cs,Honeycomb,1e-06,100000.0,10.0,200,1e-09,1.0
Cs,Honeycomb,1e-06,100000.0,10.0,200,5e-09,0.1
Cs,Honeycomb,1e-06,100000.0,10.0,200,5e-09,0.5
Cs,Honeycomb,1e-06,100000.0,10.0,200,5e-09,1.0
Cs,Honeycomb,1e-06,100000.0,10.0,200,1e-08,0.1
Cs,Honeycomb,1e-06,100000.0,10.0,200,1e-08,0.5
Cs,Honeycomb,1e-06,100000.0,10.0,200,1e-08,1.0
Cs,Triangular,5e-07,10000.0,0.1,50,1e-09,0.1
Cs,Triangular,5e-07,10000.0,0.1,50,1e-09,0.5
Cs,Triangular,5e-07,10000.0,0.1,50,1e-09,1.0
Cs,Triangular,5e-07,10000.0,0.1,50,5e-09,0.1
Cs,Triangular,5e-07,10000.0,0.1,50,5e-09,0.5
Cs,Triangular,5e-07,10000.0,0.1,50,5e-09,1.0
Cs,Triangular,5e-07,10000.0,0.1,50,1e-08,0.1
Cs,Triangular,5e-07,10000.0,0.1,50,1e-08,0.5
Cs,Triangular,5e-07,10000.0,0.1,50,1e-08,1.0
Cs,Triangular,5e-07,10000.0,0.1,100,1e-09,0.1
Cs,Triangular,5e-07,10000.0,0.1,100,1e-09,0.5
Cs,Triangular,5e-07,10000.0,0.1,100,1e-09,1.0
Cs,Triangular,5e-07,10000.0,0.1,100,5e-09,0.1
Cs,Triangular,5e-07,10000.0,0.1,100,5e-09,0.5
Cs,Triangular,5e-07,10000.0,0.1,100,5e-09,1.0
Cs,Triangular,5e-07,10000.0,0.1,100,1e-08,0.1
Cs,Triangular,5e-07,10000.0,0.1,100,1e-08,0.5
Cs,Triangular,5e-07,10000.0,0.1,100,1e-08,1.0
Cs,Triangular,5e-07,10000.0,0.1,200,1e-09,0.1
Cs,Triangular,5e-07,10000.0,0.1,200,1e-09,0.5
Cs,Triangular,5e-07,10000.0,0.1,200,1e-09,1.0
Cs,Triangular,5e-07,10000.0,0.1,200,5e-09,0.1
Cs,Triangular,5e-07,10000.0,0.1,200,5e-09,0.5
Cs,Triangular,5e-07,10000.0,0.1,200,5e-09,1.0
Cs,Triangular,5e-07,10000.0,0.1,200,1e-08,0.1
Cs,Triangular,5e-07,10000.0,0.1,200,1e-08,0.5
Cs,Triangular,5e-07,10000.0,0.1,200,1e-08,1.0
Cs,Triangular,5e-07,10000.0,1.0,50,1e-09,0.1
Cs,Triangular,5e-07,10000.0,1.0,50,1e-09,0.5
Cs,Triangular,5e-07,10000.0,1.0,50,1e-09,1.0
Cs,Triangular,5e-07,10000.0,1.0,50,5e-09,0.1
Cs,Triangular,5e-07,10000.0,1.0,50,5e-09,0.5
Cs,Triangular,5e-07,10000.0,1.0,50,5e-09,1.0
Cs,Triangular,5e-07,10000.0,1.0,50,1e-08,0.1
Cs,Triangular,5e-07,10000.0,1.0,50,1e-08,0.5
Cs,Triangular,5e-07,10000.0,1.0,50,1e-08,1.0
Cs,Triangular,5e-07,10000.0,1.0,100,1e-09,0.1
Cs,Triangular,5e-07,10000.0,1.0,100,1e-09,0.5
Cs,Triangular,5e-07,10000.0,1.0,100,1e-09,1.0
Cs,Triangular,5e-07,10000.0,1.0,100,5e-09,0.1
Cs,Triangular,5e-07,10000.0,1.0,100,5e-09,0.5
Cs,Triangular,5e-07,10000.0,1.0,100,5e-09,1.0
Cs,Triangular,5e-07,10000.0,1.0,100,1e-08,0.1
Cs,Triangular,5e-07,10000.0,1.0,100,1e-08,0.5
Cs,Triangular,5e-07,10000.0,1.0,100,1e-08,1.0
Cs,Triangular,5e-07,10000.0,1.0,200,1e-09,0.1
Cs,Triangular,5e-07,10000.0,1.0,200,1e-09,0.5
Cs,Triangular,5e-07,10000.0,1.0,200,1e-09,1.0
Cs,Triangular,5e-07,10000.0,1.0,200,5e-09,0.1
Cs,Triangular,5e-07,10000.0,1.0,200,5e-09,0.5
Cs,Triangular,5e-07,10000.0,1.0,200,5e-09,1.0
Cs,Triangular,5e-07,10000.0,1.0,200,1e-08,0.1
Cs,Triangular,5e-07,10000.0,1.0,200,1e-08,0.5
Cs,Triangular,5e-07,10000.0,1.0,200,1e-08,1.0
Cs,Triangular,5e-07,10000.0,10.0,50,1e-09,0.1
Cs,Triangular,5e-07,10000.0,10.0,50,1e-09,0.5
Cs,Triangular,5e-07,10000.0,10.0,50,1e-09,1.0
Cs,Triangular,5e-07,10000.0,10.0,50,5e-09,0.1
Cs,Triangular,5e-07,10000.0,10.0,50,5e-09,0.5
Cs,Triangular,5e-07,10000.0,10.0,50,5e-09,1.0
Cs,Triangular,5e-07,10000.0,10.0,50,1e-08,0.1
Cs,Triangular,5e-07,10000.0,10.0,50,1e-08,0.5
Cs,Triangular,5e-07,10000.0,10.0,50,1e-08,1.0
Cs,Triangular,5e-07,10000.0,10.0,100,1e-09,0.1
Cs,Triangular,5e-07,10000.0,10.0,100,1e-09,0.5
Cs,Triangular,5e-07,10000.0,10.0,100,1e-09,1.0
Cs,Triangular,5e-07,10000.0,10.0,100,5e-09,0.1
Cs,Triangular,5e-07,10000.0,10.0,100,5e-09,0.5
Cs,Triangular,5e-07,10000.0,10.0,100,5e-09,1.0
Cs,Triangular,5e-07,10000.0,10.0,100,1e-08,0.1
Cs,Triangular,5e-07,10000.0,10.0,100,1e-08,0.5
Cs,Triangular,5e-07,10000.0,10.0,100,1e-08,1.0
Cs,Triangular,5e-07,10000.0,10.0,200,1e-09,0.1
Cs,Triangular,5e-07,10000.0,10.0,200,1e-09,0.5
Cs,Triangular,5e-07,10000.0,10.0,200,1e-09,1.0
Cs,Triangular,5e-07,10000.0,10.0,200,5e-09,0.1
Cs,Triangular,5e-07,10000.0,10.0,200,5e-09,0.5
Cs,Triangular,5e-07,10000.0,10.0,200,5e-09,1.0
Cs,Triangular,5e-07,10000.0,10.0,200,1e-08,0.1
Cs,Triangular,5e-07,10000.0,10.0,200,1e-08,0.5
Cs,Triangular,5e-07,10000.0,10.0,200,1e-08,1.0
Cs,Triangular,5e-07,50000.0,0.1,50,1e-09,0.1
Cs,Triangular,5e-07,50000.0,0.1,50,1e-09,0.5
Cs,Triangular,5e-07,50000.0,0.1,50,1e-09,1.0
Cs,Triangular,5e-07,50000.0,0.1,50,5e-09,0.1
Cs,Triangular,5e-07,50000.0,0.1,50,5e-09,0.5
Cs,Triangular,5e-07,50000.0,0.1,50,5e-09,1.0
Cs,Triangular,5e-07,50000.0,0.1,50,1e-08,0.1
Cs,Triangular,5e-07,50000.0,0.1,50,1e-08,0.5
Cs,Triangular,5e-07,50000.0,0.1,50,1e-08,1.0
Cs,Triangular,5e-07,50000.0,0.1,100,1e-09,0.1
Cs,Triangular,5e-07,50000.0,0.1,100,1e-09,0.5
Cs,Triangular,5e-07,50000.0,0.1,100,1e-09,1.0
Cs,Triangular,5e-07,50000.0,0.1,100,5e-09,0.1
Cs,Triangular,5e-07,50000.0,0.1,100,5e-09,0.5
Cs,Triangular,5e-07,50000.0,0.1,100,5e-09,1.0
Cs,Triangular,5e-07,50000.0,0.1,100,1e-08,0.1
Cs,Triangular,5e-07,50000.0,0.1,100,1e-08,0.5
Cs,Triangular,5e-07,50000.0,0.1,100,1e-08,1.0
Cs,Triangular,5e-07,50000.0,0.1,200,1e-09,0.1
Cs,Triangular,5e-07,50000.0,0.1,200,1e-09,0.5
Cs,Triangular,5e-07,50000.0,0.1,200,1e-09,1.0
Cs,Triangular,5e-07,50000.0,0.1,200,5e-09,0.1
Cs,Triangular,5e-07,50000.0,0.1,200,5e-09,0.5
Cs,Triangular,5e-07,50000.0,0.1,200,5e-09,1.0
Cs,Triangular,5e-07,50000.0,0.1,200,1e-08,0.1
Cs,Triangular,5e-07,50000.0,0.1,200,1e-08,0.5
Cs,Triangular,5e-07,50000.0,0.1,200,1e-08,1.0
Cs,Triangular,5e-07,50000.0,1.0,50,1e-09,0.1
Cs,Triangular,5e-07,50000.0,1.0,50,1e-09,0.5
Cs,Triangular,5e-07,50000.0,1.0,50,1e-09,1.0
Cs,Triangular,5e-07,50000.0,1.0,50,5e-09,0.1
Cs,Triangular,5e-07,50000.0,1.0,50,5e-09,0.5
Cs,Triangular,5e-07,50000.0,1.0,50,5e-09,1.0
Cs,Triangular,5e-07,50000.0,1.0,50,1e-08,0.1
Cs,Triangular,5e-07,50000.0,1.0,50,1e-08,0.5
Cs,Triangular,5e-07,50000.0,1.0,50,1e-08,1.0
Cs,Triangular,5e-07,50000.0,1.0,100,1e-09,0.1
Cs,Triangular,5e-07,50000.0,1.0,100,1e-09,0.5
Cs,Triangular,5e-07,50000.0,1.0,100,1e-09,1.0
Cs,Triangular,5e-07,50000.0,1.0,100,5e-09,0.1
Cs,Triangular,5e-07,50000.0,1.0,100,5e-09,0.5
Cs,Triangular,5e-07,50000.0,1.0,100,5e-09,1.0
Cs,Triangular,5e-07,50000.0,1.0,100,1e-08,0.1
Cs,Triangular,5e-07,50000.0,1.0,100,1e-08,0.5
Cs,Triangular,5e-07,50000.0,1.0,100,1e-08,1.0
Cs,Triangular,5e-07,50000.0,1.0,200,1e-09,0.1
Cs,Triangular,5e-07,50000.0,1.0,200,1e-09,0.5
Cs,Triangular,5e-07,50000.0,1.0,200,1e-09,1.0
Cs,Triangular,5e-07,50000.0,1.0,200,5e-09,0.1
Cs,Triangular,5e-07,50000.0,1.0,200,5e-09,0.5
Cs,Triangular,5e-07,50000.0,1.0,200,5e-09,1.0
Cs,Triangular,5e-07,50000.0,1.0,200,1e-08,0.1
Cs,Triangular,5e-07,50000.0,1.0,200,1e-08,0.5
Cs,Triangular,5e-07,50000.0,1.0,200,1e-08,1.0
Cs,Triangular,5e-07,50000.0,10.0,50,1e-09,0.1
Cs,Triangular,5e-07,50000.0,10.0,50,1e-09,0.5
Cs,Triangular,5e-07,50000.0,10.0,50,1e-09,1.0
Cs,Triangular,5e-07,50000.0,10.0,50,5e-09,0.1
Cs,Triangular,5e-07,50000.0,10.0,50,5e-09,0.5
Cs,Triangular,5e-07,50000.0,10.0,50,5e-09,1.0
Cs,Triangular,5e-07,50000.0,10.0,50,1e-08,0.1
Cs,Triangular,5e-07,50000.0,10.0,50,1e-08,0.5
Cs,Triangular,5e-07,50000.0,10.0,50,1e-08,1.0
Cs,Triangular,5e-07,50000.0,10.0,100,1e-09,0.1
Cs,Triangular,5e-07,50000.0,10.0,100,1e-09,0.5
Cs,Triangular,5e-07,50000.0,10.0,100,1e-09,1.0
Cs,Triangular,5e-07,50000.0,10.0,100,5e-09,0.1
Cs,Triangular,5e-07,50000.0,10.0,100,5e-09,0.5
Cs,Triangular,5e-07,50000.0,10.0,100,5e-09,1.0
Cs,Triangular,5e-07,50000.0,10.0,100,1e-08,0.1
Cs,Triangular,5e-07,50000.0,10.0,100,1e-08,0.5
Cs,Triangular,5e-07,50000.0,10.0,100,1e-08,1.0
Cs,Triangular,5e-07,50000.0,10.0,200,1e-09,0.1
Cs,Triangular,5e-07,50000.0,10.0,200,1e-09,0.5
Cs,Triangular,5e-07,50000.0,10.0,200,1e-09,1.0
Cs,Triangular,5e-07,50000.0,10.0,200,5e-09,0.1
Cs,Triangular,5e-07,50000.0,10.0,200,5e-09,0.5
Cs,Triangular,5e-07,50000.0,10.0,200,5e-09,1.0
Cs,Triangular,5e-07,50000.0,10.0,200,1e-08,0.1
Cs,Triangular,5e-07,50000.0,10.0,200,1e-08,0.5
Cs,Triangular,5e-07,50000.0,10.0,200,1e-08,1.0
Cs,Triangular,5e-07,100000.0,0.1,50,1e-09,0.1
Cs,Triangular,5e-07,100000.0,0.1,50,1e-09,0.5
Cs,Triangular,5e-07,100000.0,0.1,50,1e-09,1.0
Cs,Triangular,5e-07,100000.0,0.1,50,5e-09,0.1
Cs,Triangular,5e-07,100000.0,0.1,50,5e-09,0.5
Cs,Triangular,5e-07,100000.0,0.1,50,5e-09,1.0
Cs,Triangular,5e-07,100000.0,0.1,50,1e-08,0.1
Cs,Triangular,5e-07,100000.0,0.1,50,1e-08,0.5
Cs,Triangular,5e-07,100000.0,0.1,50,1e-08,1.0
Cs,Triangular,5e-07,100000.0,0.1,100,1e-09,0.1
Cs,Triangular,5e-07,100000.0,0.1,100,1e-09,0.5
Cs,Triangular,5e-07,100000.0,0.1,100,1e-09,1.0
Cs,Triangular,5e-07,100000.0,0.1,100,5e-09,0.1
Cs,Triangular,5e-07,100000.0,0.1,100,5e-09,0.5
Cs,Triangular,5e-07,100000.0,0.1,100,5e-09,1.0
Cs,Triangular,5e-07,100000.0,0.1,100,1e-08,0.1
Cs,Triangular,5e-07,100000.0,0.1,100,1e-08,0.5
Cs,Triangular,5e-07,100000.0,0.1,100,1e-08,1.0
Cs,Triangular,5e-07,100000.0,0.1,200,1e-09,0.1
Cs,Triangular,5e-07,100000.0,0.1,200,1e-09,0.5
Cs,Triangular,5e-07,100000.0,0.1,200,1e-09,1.0
Cs,Triangular,5e-07,100000.0,0.1,200,5e-09,0.1
Cs,Triangular,5e-07,100000.0,0.1,200,5e-09,0.5
Cs,Triangular,5e-07,100000.0,0.1,200,5e-09,1.0
Cs,Triangular,5e-07,100000.0,0.1,200,1e-08,0.1
Cs,Triangular,5e-07,100000.0,0.1,200,1e-08,0.5
Cs,Triangular,5e-07,100000.0,0.1,200,1e-08,1.0
Cs,Triangular,5e-07,100000.0,1.0,50,1e-09,0.1
Cs,Triangular,5e-07,100000.0,1.0,50,1e-09,0.5
Cs,Triangular,5e-07,100000.0,1.0,50,1e-09,1.0
Cs,Triangular,5e-07,100000.0,1.0,50,5e-09,0.1
Cs,Triangular,5e-07,100000.0,1.0,50,5e-09,0.5
Cs,Triangular,5e-07,100000.0,1.0,50,5e-09,1.0
Cs,Triangular,5e-07,100000.0,1.0,50,1e-08,0.1
Cs,Triangular,5e-07,100000.0,1.0,50,1e-08,0.5
Cs,Triangular,5e-07,100000.0,1.0,50,1e-08,1.0
Cs,Triangular,5e-07,100000.0,1.0,100,1e-09,0.1
Cs,Triangular,5e-07,100000.0,1.0,100,1e-09,0.5
Cs,Triangular,5e-07,100000.0,1.0,100,1e-09,1.0
Cs,Triangular,5e-07,100000.0,1.0,100,5e-09,0.1
Cs,Triangular,5e-07,100000.0,1.0,100,5e-09,0.5
Cs,Triangular,5e-07,100000.0,1.0,100,5e-09,1.0
Cs,Triangular,5e-07,100000.0,1.0,100,1e-08,0.1
Cs,Triangular,5e-07,100000.0,1.0,100,1e-08,0.5
Cs,Triangular,5e-07,100000.0,1.0,100,1e-08,1.0
Cs,Triangular,5e-07,100000.0,1.0,200,1e-09,0.1
Cs,Triangular,5e-07,100000.0,1.0,200,1e-09,0.5
Cs,Triangular,5e-07,100000.0,1.0,200,1e-09,1.0
Cs,Triangular,5e-07,100000.0,1.0,200,5e-09,0.1
Cs,Triangular,5e-07,100000.0,1.0,200,5e-09,0.5
Cs,Triangular,5e-07,100000.0,1.0,200,5e-09,1.0
Cs,Triangular,5e-07,100000.0,1.0,200,1e-08,0.1
Cs,Triangular,5e-07,100000.0,1.0,200,1e-08,0.5
Cs,Triangular,5e-07,100000.0,1.0,200,1e-08,1.0
Cs,Triangular,5e-07,100000.0,10.0,50,1e-09,0.1
Cs,Triangular,5e-07,100000.0,10.0,50,1e-09,0.5
Cs,Triangular,5e-07,100000.0,10.0,50,1e-09,1.0
Cs,Triangular,5e-07,100000.0,10.0,50,5e-09,0.1
Cs,Triangular,5e-07,100000.0,10.0,50,5e-09,0.5
Cs,Triangular,5e-07,100000.0,10.0,50,5e-09,1.0
Cs,Triangular,5e-07,100000.0,10.0,50,1e-08,0.1
Cs,Triangular,5e-07,100000.0,10.0,50,1e-08,0.5
Cs,Triangular,5e-07,100000.0,10.0,50,1e-08,1.0
Cs,Triangular,5e-07,100000.0,10.0,100,1e-09,0.1
Cs,Triangular,5e-07,100000.0,10.0,100,1e-09,0.5
Cs,Triangular,5e-07,100000.0,10.0,100,1e-09,1.0
Cs,Triangular,5e-07,100000.0,10.0,100,5e-09,0.1
Cs,Triangular,5e-07,100000.0,10.0,100,5e-09,0.5
Cs,Triangular,5e-07,100000.0,10.0,100,5e-09,1.0
Cs,Triangular,5e-07,100000.0,10.0,100,1e-08,0.1
Cs,Triangular,5e-07,100000.0,10.0,100,1e-08,0.5
Cs,Triangular,5e-07,100000.0,10.0,100,1e-08,1.0
Cs,Triangular,5e-07,100000.0,10.0,200,1e-09,0.1
Cs,Triangular,5e-07,100000.0,10.0,200,1e-09,0.5
Cs,Triangular,5e-07,100000.0,10.0,200,1e-09,1.0
Cs,Triangular,5e-07,100000.0,10.0,200,5e-09,0.1
Cs,Triangular,5e-07,100000.0,10.0,200,5e-09,0.5
Cs,Triangular,5e-07,100000.0,10.0,200,5e-09,1.0
Cs,Triangular,5e-07,100000.0,10.0,200,1e-08,0.1
Cs,Triangular,5e-07,100000.0,10.0,200,1e-08,0.5
Cs,Triangular,5e-07,100000.0,10.0,200,1e-08,1.0
Cs,Triangular,7e-07,10000.0,0.1,50,1e-09,0.1
Cs,Triangular,7e-07,10000.0,0.1,50,1e-09,0.5
Cs,Triangular,7e-07,10000.0,0.1,50,1e-09,1.0
Cs,Triangular,7e-07,10000.0,0.1,50,5e-09,0.1
Cs,Triangular,7e-07,10000.0,0.1,50,5e-09,0.5
Cs,Triangular,7e-07,10000.0,0.1,50,5e-09,1.0
Cs,Triangular,7e-07,10000.0,0.1,50,1e-08,0.1
Cs,Triangular,7e-07,10000.0,0.1,50,1e-08,0.5
Cs,Triangular,7e-07,10000.0,0.1,50,1e-08,1.0
Cs,Triangular,7e-07,10000.0,0.1,100,1e-09,0.1
Cs,Triangular,7e-07,10000.0,0.1,100,1e-09,0.5
Cs,Triangular,7e-07,10000.0,0.1,100,1e-09,1.0
Cs,Triangular,7e-07,10000.0,0.1,100,5e-09,0.1
Cs,Triangular,7e-07,10000.0,0.1,100,5e-09,0.5
Cs,Triangular,7e-07,10000.0,0.1,100,5e-09,1.0
Cs,Triangular,7e-07,10000.0,0.1,100,1e-08,0.1
Cs,Triangular,7e-07,10000.0,0.1,100,1e-08,0.5
Cs,Triangular,7e-07,10000.0,0.1,100,1e-08,1.0
Cs,Triangular,7e-07,10000.0,0.1,200,1e-09,0.1
Cs,Triangular,7e-07,10000.0,0.1,200,1e-09,0.5
Cs,Triangular,7e-07,10000.0,0.1,200,1e-09,1.0
Cs,Triangular,7e-07,10000.0,0.1,200,5e-09,0.1
Cs,Triangular,7e-07,10000.0,0.1,200,5e-09,0.5
Cs,Triangular,7e-07,10000.0,0.1,200,5e-09,1.0
Cs,Triangular,7e-07,10000.0,0.1,200,1e-08,0.1
Cs,Triangular,7e-07,10000.0,0.1,200,1e-08,0.5
Cs,Triangular,7e-07,10000.0,0.1,200,1e-08,1.0
Cs,Triangular,7e-07,10000.0,1.0,50,1e-09,0.1
Cs,Triangular,7e-07,10000.0,1.0,50,1e-09,0.5
Cs,Triangular,7e-07,10000.0,1.0,50,1e-09,1.0
Cs,Triangular,7e-07,10000.0,1.0,50,5e-09,0.1
Cs,Triangular,7e-07,10000.0,1.0,50,5e-09,0.5
Cs,Triangular,7e-07,10000.0,1.0,50,5e-09,1.0
Cs,Triangular,7e-07,10000.0,1.0,50,1e-08,0.1
Cs,Triangular,7e-07,10000.0,1.0,50,1e-08,0.5
Cs,Triangular,7e-07,10000.0,1.0,50,1e-08,1.0
Cs,Triangular,7e-07,10000.0,1.0,100,1e-09,0.1
Cs,Triangular,7e-07,10000.0,1.0,100,1e-09,0.5
Cs,Triangular,7e-07,10000.0,1.0,100,1e-09,1.0
Cs,Triangular,7e-07,10000.0,1.0,100,5e-09,0.1
Cs,Triangular,7e-07,10000.0,1.0,100,5e-09,0.5
Cs,Triangular,7e-07,10000.0,1.0,100,5e-09,1.0
Cs,Triangular,7e-07,10000.0,1.0,100,1e-08,0.1
Cs,Triangular,7e-07,10000.0,1.0,100,1e-08,0.5
Cs,Triangular,7e-07,10000.0,1.0,100,1e-08,1.0
Cs,Triangular,7e-07,10000.0,1.0,200,1e-09,0.1
Cs,Triangular,7e-07,10000.0,1.0,200,1e-09,0.5
Cs,Triangular,7e-07,10000.0,1.0,200,1e-09,1.0
Cs,Triangular,7e-07,10000.0,1.0,200,5e-09,0.1
Cs,Triangular,7e-07,10000.0,1.0,200,5e-09,0.5
Cs,Triangular,7e-07,10000.0,1.0,200,5e-09,1.0
Cs,Triangular,7e-07,10000.0,1.0,200,1e-08,0.1
Cs,Triangular,7e-07,10000.0,1.0,200,1e-08,0.5
Cs,Triangular,7e-07,10000.0,1.0,200,1e-08,1.0
Cs,Triangular,7e-07,10000.0,10.0,50,1e-09,0.1
Cs,Triangular,7e-07,10000.0,10.0,50,1e-09,0.5
Cs,Triangular,7e-07,10000.0,10.0,50,1e-09,1.0
Cs,Triangular,7e-07,10000.0,10.0,50,5e-09,0.1
Cs,Triangular,7e-07,10000.0,10.0,50,5e-09,0.5
Cs,Triangular,7e-07,10000.0,10.0,50,5e-09,1.0
Cs,Triangular,7e-07,10000.0,10.0,50,1e-08,0.1
Cs,Triangular,7e-07,10000.0,10.0,50,1e-08,0.5
Cs,Triangular,7e-07,10000.0,10.0,50,1e-08,1.0
Cs,Triangular,7e-07,10000.0,10.0,100,1e-09,0.1
Cs,Triangular,7e-07,10000.0,10.0,100,1e-09,0.5
Cs,Triangular,7e-07,10000.0,10.0,100,1e-09,1.0
Cs,Triangular,7e-07,10000.0,10.0,100,5e-09,0.1
Cs,Triangular,7e-07,10000.0,10.0,100,5e-09,0.5
Cs,Triangular,7e-07,10000.0,10.0,100,5e-09,1.0
Cs,Triangular,7e-07,10000.0,10.0,100,1e-08,0.1
Cs,Triangular,7e-07,10000.0,10.0,100,1e-08,0.5
Cs,Triangular,7e-07,10000.0,10.0,100,1e-08,1.0
Cs,Triangular,7e-07,10000.0,10.0,200,1e-09,0.1
Cs,Triangular,7e-07,10000.0,10.0,200,1e-09,0.5
Cs,Triangular,7e-07,10000.0,10.0,200,1e-09,1.0
Cs,Triangular,7e-07,10000.0,10.0,200,5e-09,0.1
Cs,Triangular,7e-07,10000.0,10.0,200,5e-09,0.5
Cs,Triangular,7e-07,10000.0,10.0,200,5e-09,1.0
Cs,Triangular,7e-07,10000.0,10.0,200,1e-08,0.1
Cs,Triangular,7e-07,10000.0,10.0,200,1e-08,0.5
Cs,Triangular,7e-07,10000.0,10.0,200,1e-08,1.0
Cs,Triangular,7e-07,50000.0,0.1,50,1e-09,0.1
Cs,Triangular,7e-07,50000.0,0.1,50,1e-09,0.5
Cs,Triangular,7e-07,50000.0,0.1,50,1e-09,1.0
Cs,Triangular,7e-07,50000.0,0.1,50,5e-09,0.1
Cs,Triangular,7e-07,50000.0,0.1,50,5e-09,0.5
Cs,Triangular,7e-07,50000.0,0.1,50,5e-09,1.0
Cs,Triangular,7e-07,50000.0,0.1,50,1e-08,0.1
Cs,Triangular,7e-07,50000.0,0.1,50,1e-08,0.5
Cs,Triangular,7e-07,50000.0,0.1,50,1e-08,1.0
Cs,Triangular,7e-07,50000.0,0.1,100,1e-09,0.1
Cs,Triangular,7e-07,50000.0,0.1,100,1e-09,0.5
Cs,Triangular,7e-07,50000.0,0.1,100,1e-09,1.0
Cs,Triangular,7e-07,50000.0,0.1,100,5e-09,0.1
Cs,Triangular,7e-07,50000.0,0.1,100,5e-09,0.5
Cs,Triangular,7e-07,50000.0,0.1,100,5e-09,1.0
Cs,Triangular,7e-07,50000.0,0.1,100,1e-08,0.1
Cs,Triangular,7e-07,50000.0,0.1,100,1e-08,0.5
Cs,Triangular,7e-07,50000.0,0.1,100,1e-08,1.0
Cs,Triangular,7e-07,50000.0,0.1,200,1e-09,0.1
Cs,Triangular,7e-07,50000.0,0.1,200,1e-09,0.5
Cs,Triangular,7e-07,50000.0,0.1,200,1e-09,1.0
Cs,Triangular,7e-07,50000.0,0.1,200,5e-09,0.1
Cs,Triangular,7e-07,50000.0,0.1,200,5e-09,0.5
Cs,Triangular,7e-07,50000.0,0.1,200,5e-09,1.0
Cs,Triangular,7e-07,50000.0,0.1,200,1e-08,0.1
Cs,Triangular,7e-07,50000.0,0.1,200,1e-08,0.5
Cs,Triangular,7e-07,50000.0,0.1,200,1e-08,1.0
Cs,Triangular,7e-07,50000.0,1.0,50,1e-09,0.1
Cs,Triangular,7e-07,50000.0,1.0,50,1e-09,0.5
Cs,Triangular,7e-07,50000.0,1.0,50,1e-09,1.0
Cs,Triangular,7e-07,50000.0,1.0,50,5e-09,0.1
Cs,Triangular,7e-07,50000.0,1.0,50,5e-09,0.5
Cs,Triangular,7e-07,50000.0,1.0,50,5e-09,1.0
Cs,Triangular,7e-07,50000.0,1.0,50,1e-08,0.1
Cs,Triangular,7e-07,50000.0,1.0,50,1e-08,0.5
Cs,Triangular,7e-07,50000.0,1.0,50,1e-08,1.0
Cs,Triangular,7e-07,50000.0,1.0,100,1e-09,0.1
Cs,Triangular,7e-07,50000.0,1.0,100,1e-09,0.5
Cs,Triangular,7e-07,50000.0,1.0,100,1e-09,1.0
Cs,Triangular,7e-07,50000.0,1.0,100,5e-09,0.1
Cs,Triangular,7e-07,50000.0,1.0,100,5e-09,0.5
Cs,Triangular,7e-07,50000.0,1.0,100,5e-09,1.0
Cs,Triangular,7e-07,50000.0,1.0,100,1e-08,0.1
Cs,Triangular,7e-07,50000.0,1.0,100,1e-08,0.5
Cs,Triangular,7e-07,50000.0,1.0,100,1e-08,1.0
Cs,Triangular,7e-07,50000.0,1.0,200,1e-09,0.1
Cs,Triangular,7e-07,50000.0,1.0,200,1e-09,0.5
Cs,Triangular,7e-07,50000.0,1.0,200,1e-09,1.0
Cs,Triangular,7e-07,50000.0,1.0,200,5e-09,0.1
Cs,Triangular,7e-07,50000.0,1.0,200,5e-09,0.5
Cs,Triangular,7e-07,50000.0,1.0,200,5e-09,1.0
Cs,Triangular,7e-07,50000.0,1.0,200,1e-08,0.1
Cs,Triangular,7e-07,50000.0,1.0,200,1e-08,0.5
Cs,Triangular,7e-07,50000.0,1.0,200,1e-08,1.0
Cs,Triangular,7e-07,50000.0,10.0,50,1e-09,0.1
Cs,Triangular,7e-07,50000.0,10.0,50,1e-09,0.5
Cs,Triangular,7e-07,50000.0,10.0,50,1e-09,1.0
Cs,Triangular,7e-07,50000.0,10.0,50,5e-09,0.1
Cs,Triangular,7e-07,50000.0,10.0,50,5e-09,0.5
Cs,Triangular,7e-07,50000.0,10.0,50,5e-09,1.0
Cs,Triangular,7e-07,50000.0,10.0,50,1e-08,0.1
Cs,Triangular,7e-07,50000.0,10.0,50,1e-08,0.5
Cs,Triangular,7e-07,50000.0,10.0,50,1e-08,1.0
Cs,Triangular,7e-07,50000.0,10.0,100,1e-09,0.1
Cs,Triangular,7e-07,50000.0,10.0,100,1e-09,0.5
Cs,Triangular,7e-07,50000.0,10.0,100,1e-09,1.0
Cs,Triangular,7e-07,50000.0,10.0,100,5e-09,0.1
Cs,Triangular,7e-07,50000.0,10.0,100,5e-09,0.5
Cs,Triangular,7e-07,50000.0,10.0,100,5e-09,1.0
Cs,Triangular,7e-07,50000.0,10.0,100,1e-08,0.1
Cs,Triangular,7e-07,50000.0,10.0,100,1e-08,0.5
Cs,Triangular,7e-07,50000.0,10.0,100,1e-08,1.0
Cs,Triangular,7e-07,50000.0,10.0,200,1e-09,0.1
Cs,Triangular,7e-07,50000.0,10.0,200,1e-09,0.5
Cs,Triangular,7e-07,50000.0,10.0,200,1e-09,1.0
Cs,Triangular,7e-07,50000.0,10.0,200,5e-09,0.1
Cs,Triangular,7e-07,50000.0,10.0,200,5e-09,0.5
Cs,Triangular,7e-07,50000.0,10.0,200,5e-09,1.0
Cs,Triangular,7e-07,50000.0,10.0,200,1e-08,0.1
Cs,Triangular,7e-07,50000.0,10.0,200,1e-08,0.5
Cs,Triangular,7e-07,50000.0,10.0,200,1e-08,1.0
Cs,Triangular,7e-07,100000.0,0.1,50,1e-09,0.1
Cs,Triangular,7e-07,100000.0,0.1,50,1e-09,0.5
Cs,Triangular,7e-07,100000.0,0.1,50,1e-09,1.0
Cs,Triangular,7e-07,100000.0,0.1,50,5e-09,0.1
Cs,Triangular,7e-07,100000.0,0.1,50,5e-09,0.5
Cs,Triangular,7e-07,100000.0,0.1,50,5e-09,1.0
Cs,Triangular,7e-07,100000.0,0.1,50,1e-08,0.1
Cs,Triangular,7e-07,100000.0,0.1,50,1e-08,0.5
Cs,Triangular,7e-07,100000.0,0.1,50,1e-08,1.0
Cs,Triangular,7e-07,100000.0,0.1,100,1e-09,0.1
Cs,Triangular,7e-07,100000.0,0.1,100,1e-09,0.5
Cs,Triangular,7e-07,100000.0,0.1,100,1e-09,1.0
Cs,Triangular,7e-07,100000.0,0.1,100,5e-09,0.1
Cs,Triangular,7e-07,100000.0,0.1,100,5e-09,0.5
Cs,Triangular,7e-07,100000.0,0.1,100,5e-09,1.0
Cs,Triangular,7e-07,100000.0,0.1,100,1e-08,0.1
Cs,Triangular,7e-07,100000.0,0.1,100,1e-08,0.5
Cs,Triangular,7e-07,100000.0,0.1,100,1e-08,1.0
Cs,Triangular,7e-07,100000.0,0.1,200,1e-09,0.1
Cs,Triangular,7e-07,100000.0,0.1,200,1e-09,0.5
Cs,Triangular,7e-07,100000.0,0.1,200,1e-09,1.0
Cs,Triangular,7e-07,100000.0,0.1,200,5e-09,0.1
Cs,Triangular,7e-07,100000.0,0.1,200,5e-09,0.5
Cs,Triangular,7e-07,100000.0,0.1,200,5e-09,1.0
Cs,Triangular,7e-07,100000.0,0.1,200,1e-08,0.1
Cs,Triangular,7e-07,100000.0,0.1,200,1e-08,0.5
Cs,Triangular,7e-07,100000.0,0.1,200,1e-08,1.0
Cs,Triangular,7e-07,100000.0,1.0,50,1e-09,0.1
Cs,Triangular,7e-07,100000.0,1.0,50,1e-09,0.5
Cs,Triangular,7e-07,100000.0,1.0,50,1e-09,1.0
Cs,Triangular,7e-07,100000.0,1.0,50,5e-09,0.1
Cs,Triangular,7e-07,100000.0,1.0,50,5e-09,0.5
Cs,Triangular,7e-07,100000.0,1.0,50,5e-09,1.0
Cs,Triangular,7e-07,100000.0,1.0,50,1e-08,0.1
Cs,Triangular,7e-07,100000.0,1.0,50,1e-08,0.5
Cs,Triangular,7e-07,100000.0,1.0,50,1e-08,1.0
Cs,Triangular,7e-07,100000.0,1.0,100,1e-09,0.1
Cs,Triangular,7e-07,100000.0,1.0,100,1e-09,0.5
Cs,Triangular,7e-07,100000.0,1.0,100,1e-09,1.0
Cs,Triangular,7e-07,100000.0,1.0,100,5e-09,0.1
Cs,Triangular,7e-07,100000.0,1.0,100,5e-09,0.5
Cs,Triangular,7e-07,100000.0,1.0,100,5e-09,1.0
Cs,Triangular,7e-07,100000.0,1.0,100,1e-08,0.1
Cs,Triangular,7e-07,100000.0,1.0,100,1e-08,0.5
Cs,Triangular,7e-07,100000.0,1.0,100,1e-08,1.0
Cs,Triangular,7e-07,100000.0,1.0,200,1e-09,0.1
Cs,Triangular,7e-07,100000.0,1.0,200,1e-09,0.5
Cs,Triangular,7e-07,100000.0,1.0,200,1e-09,1.0
Cs,Triangular,7e-07,100000.0,1.0,200,5e-09,0.1
Cs,Triangular,7e-07,100000.0,1.0,200,5e-09,0.5
Cs,Triangular,7e-07,100000.0,1.0,200,5e-09,1.0
Cs,Triangular,7e-07,100000.0,1.0,200,1e-08,0.1
Cs,Triangular,7e-07,100000.0,1.0,200,1e-08,0.5
Cs,Triangular,7e-07,100000.0,1.0,200,1e-08,1.0
Cs,Triangular,7e-07,100000.0,10.0,50,1e-09,0.1
Cs,Triangular,7e-07,100000.0,10.0,50,1e-09,0.5
Cs,Triangular,7e-07,100000.0,10.0,50,1e-09,1.0
Cs,Triangular,7e-07,100000.0,10.0,50,5e-09,0.1
Cs,Triangular,7e-07,100000.0,10.0,50,5e-09,0.5
Cs,Triangular,7e-07,100000.0,10.0,50,5e-09,1.0
Cs,Triangular,7e-07,100000.0,10.0,50,1e-08,0.1
Cs,Triangular,7e-07,100000.0,10.0,50,1e-08,0.5
Cs,Triangular,7e-07,100000.0,10.0,50,1e-08,1.0
Cs,Triangular,7e-07,100000.0,10.0,100,1e-09,0.1
Cs,Triangular,7e-07,100000.0,10.0,100,1e-09,0.5
Cs,Triangular,7e-07,100000.0,10.0,100,1e-09,1.0
Cs,Triangular,7e-07,100000.0,10.0,100,5e-09,0.1
Cs,Triangular,7e-07,100000.0,10.0,100,5e-09,0.5
Cs,Triangular,7e-07,100000.0,10.0,100,5e-09,1.0
Cs,Triangular,7e-07,100000.0,10.0,100,1e-08,0.1
Cs,Triangular,7e-07,100000.0,10.0,100,1e-08,0.5
Cs,Triangular,7e-07,100000.0,10.0,100,1e-08,1.0
Cs,Triangular,7e-07,100000.0,10.0,200,1e-09,0.1
Cs,Triangular,7e-07,100000.0,10.0,200,1e-09,0.5
Cs,Triangular,7e-07,100000.0,10.0,200,1e-09,1.0
Cs,Triangular,7e-07,100000.0,10.0,200,5e-09,0.1
Cs,Triangular,7e-07,100000.0,10.0,200,5e-09,0.5
Cs,Triangular,7e-07,100000.0,10.0,200,5e-09,1.0
Cs,Triangular,7e-07,100000.0,10.0,200,1e-08,0.1
Cs,Triangular,7e-07,100000.0,10.0,200,1e-08,0.5
Cs,Triangular,7e-07,100000.0,10.0,200,1e-08,1.0
Cs,Triangular,1e-06,10000.0,0.1,50,1e-09,0.1
Cs,Triangular,1e-06,10000.0,0.1,50,1e-09,0.5
Cs,Triangular,1e-06,10000.0,0.1,50,1e-09,1.0
Cs,Triangular,1e-06,10000.0,0.1,50,5e-09,0.1
Cs,Triangular,1e-06,10000.0,0.1,50,5e-09,0.5
Cs,Triangular,1e-06,10000.0,0.1,50,5e-09,1.0
Cs,Triangular,1e-06,10000.0,0.1,50,1e-08,0.1
Cs,Triangular,1e-06,10000.0,0.1,50,1e-08,0.5
Cs,Triangular,1e-06,10000.0,0.1,50,1e-08,1.0
Cs,Triangular,1e-06,10000.0,0.1,100,1e-09,0.1
Cs,Triangular,1e-06,10000.0,0.1,100,1e-09,0.5
Cs,Triangular,1e-06,10000.0,0.1,100,1e-09,1.0
Cs,Triangular,1e-06,10000.0,0.1,100,5e-09,0.1
Cs,Triangular,1e-06,10000.0,0.1,100,5e-09,0.5
Cs,Triangular,1e-06,10000.0,0.1,100,5e-09,1.0
Cs,Triangular,1e-06,10000.0,0.1,100,1e-08,0.1
Cs,Triangular,1e-06,10000.0,0.1,100,1e-08,0.5
Cs,Triangular,1e-06,10000.0,0.1,100,1e-08,1.0
Cs,Triangular,1e-06,10000.0,0.1,200,1e-09,0.1
Cs,Triangular,1e-06,10000.0,0.1,200,1e-09,0.5
Cs,Triangular,1e-06,10000.0,0.1,200,1e-09,1.0
Cs,Triangular,1e-06,10000.0,0.1,200,5e-09,0.1
Cs,Triangular,1e-06,10000.0,0.1,200,5e-09,0.5
Cs,Triangular,1e-06,10000.0,0.1,200,5e-09,1.0
Cs,Triangular,1e-06,10000.0,0.1,200,1e-08,0.1
Cs,Triangular,1e-06,10000.0,0.1,200,1e-08,0.5
Cs,Triangular,1e-06,10000.0,0.1,200,1e-08,1.0
Cs,Triangular,1e-06,10000.0,1.0,50,1e-09,0.1
Cs,Triangular,1e-06,10000.0,1.0,50,1e-09,0.5
Cs,Triangular,1e-06,10000.0,1.0,50,1e-09,1.0
Cs,Triangular,1e-06,10000.0,1.0,50,5e-09,0.1
Cs,Triangular,1e-06,10000.0,1.0,50,5e-09,0.5
Cs,Triangular,1e-06,10000.0,1.0,50,5e-09,1.0
Cs,Triangular,1e-06,10000.0,1.0,50,1e-08,0.1
Cs,Triangular,1e-06,10000.0,1.0,50,1e-08,0.5
Cs,Triangular,1e-06,10000.0,1.0,50,1e-08,1.0
Cs,Triangular,1e-06,10000.0,1.0,100,1e-09,0.1
Cs,Triangular,1e-06,10000.0,1.0,100,1e-09,0.5
Cs,Triangular,1e-06,10000.0,1.0,100,1e-09,1.0
Cs,Triangular,1e-06,10000.0,1.0,100,5e-09,0.1
Cs,Triangular,1e-06,10000.0,1.0,100,5e-09,0.5
Cs,Triangular,1e-06,10000.0,1.0,100,5e-09,1.0
Cs,Triangular,1e-06,10000.0,1.0,100,1e-08,0.1
Cs,Triangular,1e-06,10000.0,1.0,100,1e-08,0.5
Cs,Triangular,1e-06,10000.0,1.0,100,1e-08,1.0
Cs,Triangular,1e-06,10000.0,1.0,200,1e-09,0.1
Cs,Triangular,1e-06,10000.0,1.0,200,1e-09,0.5
Cs,Triangular,1e-06,10000.0,1.0,200,1e-09,1.0
Cs,Triangular,1e-06,10000.0,1.0,200,5e-09,0.1
Cs,Triangular,1e-06,10000.0,1.0,200,5e-09,0.5
Cs,Triangular,1e-06,10000.0,1.0,200,5e-09,1.0
Cs,Triangular,1e-06,10000.0,1.0,200,1e-08,0.1
Cs,Triangular,1e-06,10000.0,1.0,200,1e-08,0.5
Cs,Triangular,1e-06,10000.0,1.0,200,1e-08,1.0
Cs,Triangular,1e-06,10000.0,10.0,50,1e-09,0.1
Cs,Triangular,1e-06,10000.0,10.0,50,1e-09,0.5
Cs,Triangular,1e-06,10000.0,10.0,50,1e-09,1.0
Cs,Triangular,1e-06,10000.0,10.0,50,5e-09,0.1
Cs,Triangular,1e-06,10000.0,10.0,50,5e-09,0.5
Cs,Triangular,1e-06,10000.0,10.0,50,5e-09,1.0
Cs,Triangular,1e-06,10000.0,10.0,50,1e-08,0.1
Cs,Triangular,1e-06,10000.0,10.0,50,1e-08,0.5
Cs,Triangular,1e-06,10000.0,10.0,50,1e-08,1.0
Cs,Triangular,1e-06,10000.0,10.0,100,1e-09,0.1
Cs,Triangular,1e-06,10000.0,10.0,100,1e-09,0.5
Cs,Triangular,1e-06,10000.0,10.0,100,1e-09,1.0
Cs,Triangular,1e-06,10000.0,10.0,100,5e-09,0.1
Cs,Triangular,1e-06,10000.0,10.0,100,5e-09,0.5
Cs,Triangular,1e-06,10000.0,10.0,100,5e-09,1.0
Cs,Triangular,1e-06,10000.0,10.0,100,1e-08,0.1
Cs,Triangular,1e-06,10000.0,10.0,100,1e-08,0.5
Cs,Triangular,1e-06,10000.0,10.0,100,1e-08,1.0
Cs,Triangular,1e-06,10000.0,10.0,200,1e-09,0.1
Cs,Triangular,1e-06,10000.0,10.0,200,1e-09,0.5
Cs,Triangular,1e-06,10000.0,10.0,200,1e-09,1.0
Cs,Triangular,1e-06,10000.0,10.0,200,5e-09,0.1
Cs,Triangular,1e-06,10000.0,10.0,200,5e-09,0.5
Cs,Triangular,1e-06,10000.0,10.0,200,5e-09,1.0
Cs,Triangular,1e-06,10000.0,10.0,200,1e-08,0.1
Cs,Triangular,1e-06,10000.0,10.0,200,1e-08,0.5
Cs,Triangular,1e-06,10000.0,10.0,200,1e-08,1.0
Cs,Triangular,1e-06,50000.0,0.1,50,1e-09,0.1
Cs,Triangular,1e-06,50000.0,0.1,50,1e-09,0.5
Cs,Triangular,1e-06,50000.0,0.1,50,1e-09,1.0
Cs,Triangular,1e-06,50000.0,0.1,50,5e-09,0.1
Cs,Triangular,1e-06,50000.0,0.1,50,5e-09,0.5
Cs,Triangular,1e-06,50000.0,0.1,50,5e-09,1.0
Cs,Triangular,1e-06,50000.0,0.1,50,1e-08,0.1
Cs,Triangular,1e-06,50000.0,0.1,50,1e-08,0.5
Cs,Triangular,1e-06,50000.0,0.1,50,1e-08,1.0
Cs,Triangular,1e-06,50000.0,0.1,100,1e-09,0.1
Cs,Triangular,1e-06,50000.0,0.1,100,1e-09,0.5
Cs,Triangular,1e-06,50000.0,0.1,100,1e-09,1.0
Cs,Triangular,1e-06,50000.0,0.1,100,5e-09,0.1
Cs,Triangular,1e-06,50000.0,0.1,100,5e-09,0.5
Cs,Triangular,1e-06,50000.0,0.1,100,5e-09,1.0
Cs,Triangular,1e-06,50000.0,0.1,100,1e-08,0.1
Cs,Triangular,1e-06,50000.0,0.1,100,1e-08,0.5
Cs,Triangular,1e-06,50000.0,0.1,100,1e-08,1.0
Cs,Triangular,1e-06,50000.0,0.1,200,1e-09,0.1
Cs,Triangular,1e-06,50000.0,0.1,200,1e-09,0.5
Cs,Triangular,1e-06,50000.0,0.1,200,1e-09,1.0
Cs,Triangular,1e-06,50000.0,0.1,200,5e-09,0.1
Cs,Triangular,1e-06,50000.0,0.1,200,5e-09,0.5
Cs,Triangular,1e-06,50000.0,0.1,200,5e-09,1.0
Cs,Triangular,1e-06,50000.0,0.1,200,1e-08,0.1
Cs,Triangular,1e-06,50000.0,0.1,200,1e-08,0.5
Cs,Triangular,1e-06,50000.0,0.1,200,1e-08,1.0
Cs,Triangular,1e-06,50000.0,1.0,50,1e-09,0.1
Cs,Triangular,1e-06,50000.0,1.0,50,1e-09,0.5
Cs,Triangular,1e-06,50000.0,1.0,50,1e-09,1.0
Cs,Triangular,1e-06,50000.0,1.0,50,5e-09,0.1
Cs,Triangular,1e-06,50000.0,1.0,50,5e-09,0.5
Cs,Triangular,1e-06,50000.0,1.0,50,5e-09,1.0
Cs,Triangular,1e-06,50000.0,1.0,50,1e-08,0.1
Cs,Triangular,1e-06,50000.0,1.0,50,1e-08,0.5
Cs,Triangular,1e-06,50000.0,1.0,50,1e-08,1.0
Cs,Triangular,1e-06,50000.0,1.0,100,1e-09,0.1
Cs,Triangular,1e-06,50000.0,1.0,100,1e-09,0.5
Cs,Triangular,1e-06,50000.0,1.0,100,1e-09,1.0
Cs,Triangular,1e-06,50000.0,1.0,100,5e-09,0.1
Cs,Triangular,1e-06,50000.0,1.0,100,5e-09,0.5
Cs,Triangular,1e-06,50000.0,1.0,100,5e-09,1.0
Cs,Triangular,1e-06,50000.0,1.0,100,1e-08,0.1
Cs,Triangular,1e-06,50000.0,1.0,100,1e-08,0.5
Cs,Triangular,1e-06,50000.0,1.0,100,1e-08,1.0
Cs,Triangular,1e-06,50000.0,1.0,200,1e-09,0.1
Cs,Triangular,1e-06,50000.0,1.0,200,1e-09,0.5
Cs,Triangular,1e-06,50000.0,1.0,200,1e-09,1.0
Cs,Triangular,1e-06,50000.0,1.0,200,5e-09,0.1
Cs,Triangular,1e-06,50000.0,1.0,200,5e-09,0.5
Cs,Triangular,1e-06,50000.0,1.0,200,5e-09,1.0
Cs,Triangular,1e-06,50000.0,1.0,200,1e-08,0.1
Cs,Triangular,1e-06,50000.0,1.0,200,1e-08,0.5
Cs,Triangular,1e-06,50000.0,1.0,200,1e-08,1.0
Cs,Triangular,1e-06,50000.0,10.0,50,1e-09,0.1
Cs,Triangular,1e-06,50000.0,10.0,50,1e-09,0.5
Cs,Triangular,1e-06,50000.0,10.0,50,1e-09,1.0
Cs,Triangular,1e-06,50000.0,10.0,50,5e-09,0.1
Cs,Triangular,1e-06,50000.0,10.0,50,5e-09,0.5
Cs,Triangular,1e-06,50000.0,10.0,50,5e-09,1.0
Cs,Triangular,1e-06,50000.0,10.0,50,1e-08,0.1
Cs,Triangular,1e-06,50000.0,10.0,50,1e-08,0.5
Cs,Triangular,1e-06,50000.0,10.0,50,1e-08,1.0
Cs,Triangular,1e-06,50000.0,10.0,100,1e-09,0.1
Cs,Triangular,1e-06,50000.0,10.0,100,1e-09,0.5
Cs,Triangular,1e-06,50000.0,10.0,100,1e-09,1.0
Cs,Triangular,1e-06,50000.0,10.0,100,5e-09,0.1
Cs,Triangular,1e-06,50000.0,10.0,100,5e-09,0.5
Cs,Triangular,1e-06,50000.0,10.0,100,5e-09,1.0
Cs,Triangular,1e-06,50000.0,10.0,100,1e-08,0.1
Cs,Triangular,1e-06,50000.0,10.0,100,1e-08,0.5
Cs,Triangular,1e-06,50000.0,10.0,100,1e-08,1.0
Cs,Triangular,1e-06,50000.0,10.0,200,1e-09,0.1
Cs,Triangular,1e-06,50000.0,10.0,200,1e-09,0.5
Cs,Triangular,1e-06,50000.0,10.0,200,1e-09,1.0
Cs,Triangular,1e-06,50000.0,10.0,200,5e-09,0.1
Cs,Triangular,1e-06,50000.0,10.0,200,5e-09,0.5
Cs,Triangular,1e-06,50000.0,10.0,200,5e-09,1.0
Cs,Triangular,1e-06,50000.0,10.0,200,1e-08,0.1
Cs,Triangular,1e-06,50000.0,10.0,200,1e-08,0.5
Cs,Triangular,1e-06,50000.0,10.0,200,1e-08,1.0
Cs,Triangular,1e-06,100000.0,0.1,50,1e-09,0.1
Cs,Triangular,1e-06,100000.0,0.1,50,1e-09,0.5
Cs,Triangular,1e-06,100000.0,0.1,50,1e-09,1.0
Cs,Triangular,1e-06,100000.0,0.1,50,5e-09,0.1
Cs,Triangular,1e-06,100000.0,0.1,50,5e-09,0.5
Cs,Triangular,1e-06,100000.0,0.1,50,5e-09,1.0
Cs,Triangular,1e-06,100000.0,0.1,50,1e-08,0.1
Cs,Triangular,1e-06,100000.0,0.1,50,1e-08,0.5
Cs,Triangular,1e-06,100000.0,0.1,50,1e-08,1.0
Cs,Triangular,1e-06,100000.0,0.1,100,1e-09,0.1
Cs,Triangular,1e-06,100000.0,0.1,100,1e-09,0.5
Cs,Triangular,1e-06,100000.0,0.1,100,1e-09,1.0
Cs,Triangular,1e-06,100000.0,0.1,100,5e-09,0.1
Cs,Triangular,1e-06,100000.0,0.1,100,5e-09,0.5
Cs,Triangular,1e-06,100000.0,0.1,100,5e-09,1.0
Cs,Triangular,1e-06,100000.0,0.1,100,1e-08,0.1
Cs,Triangular,1e-06,100000.0,0.1,100,1e-08,0.5
Cs,Triangular,1e-06,100000.0,0.1,100,1e-08,1.0
Cs,Triangular,1e-06,100000.0,0.1,200,1e-09,0.1
Cs,Triangular,1e-06,100000.0,0.1,200,1e-09,0.5
Cs,Triangular,1e-06,100000.0,0.1,200,1e-09,1.0
Cs,Triangular,1e-06,100000.0,0.1,200,5e-09,0.1
Cs,Triangular,1e-06,100000.0,0.1,200,5e-09,0.5
Cs,Triangular,1e-06,100000.0,0.1,200,5e-09,1.0
Cs,Triangular,1e-06,100000.0,0.1,200,1e-08,0.1
Cs,Triangular,1e-06,100000.0,0.1,200,1e-08,0.5
Cs,Triangular,1e-06,100000.0,0.1,200,1e-08,1.0
Cs,Triangular,1e-06,100000.0,1.0,50,1e-09,0.1
Cs,Triangular,1e-06,100000.0,1.0,50,1e-09,0.5
Cs,Triangular,1e-06,100000.0,1.0,50,1e-09,1.0
Cs,Triangular,1e-06,100000.0,1.0,50,5e-09,0.1
Cs,Triangular,1e-06,100000.0,1.0,50,5e-09,0.5
Cs,Triangular,1e-06,100000.0,1.0,50,5e-09,1.0
Cs,Triangular,1e-06,100000.0,1.0,50,1e-08,0.1
Cs,Triangular,1e-06,100000.0,1.0,50,1e-08,0.5
Cs,Triangular,1e-06,100000.0,1.0,50,1e-08,1.0
Cs,Triangular,1e-06,100000.0,1.0,100,1e-09,0.1
Cs,Triangular,1e-06,100000.0,1.0,100,1e-09,0.5
Cs,Triangular,1e-06,100000.0,1.0,100,1e-09,1.0
Cs,Triangular,1e-06,100000.0,1.0,100,5e-09,0.1
Cs,Triangular,1e-06,100000.0,1.0,100,5e-09,0.5
Cs,Triangular,1e-06,100000.0,1.0,100,5e-09,1.0
Cs,Triangular,1e-06,100000.0,1.0,100,1e-08,0.1
Cs,Triangular,1e-06,100000.0,1.0,100,1e-08,0.5
Cs,Triangular,1e-06,100000.0,1.0,100,1e-08,1.0
Cs,Triangular,1e-06,100000.0,1.0,200,1e-09,0.1
Cs,Triangular,1e-06,100000.0,1.0,200,1e-09,0.5
Cs,Triangular,1e-06,100000.0,1.0,200,1e-09,1.0
Cs,Triangular,1e-06,100000.0,1.0,200,5e-09,0.1
Cs,Triangular,1e-06,100000.0,1.0,200,5e-09,0.5
Cs,Triangular,1e-06,100000.0,1.0,200,5e-09,1.0
Cs,Triangular,1e-06,100000.0,1.0,200,1e-08,0.1
Cs,Triangular,1e-06,100000.0,1.0,200,1e-08,0.5
Cs,Triangular,1e-06,100000.0,1.0,200,1e-08,1.0
Cs,Triangular,1e-06,100000.0,10.0,50,1e-09,0.1
Cs,Triangular,1e-06,100000.0,10.0,50,1e-09,0.5
Cs,Triangular,1e-06,100000.0,10.0,50,1e-09,1.0
Cs,Triangular,1e-06,100000.0,10.0,50,5e-09,0.1
Cs,Triangular,1e-06,100000.0,10.0,50,5e-09,0.5
Cs,Triangular,1e-06,100000.0,10.0,50,5e-09,1.0
Cs,Triangular,1e-06,100000.0,10.0,50,1e-08,0.1
Cs,Triangular,1e-06,100000.0,10.0,50,1e-08,0.5
Cs,Triangular,1e-06,100000.0,10.0,50,1e-08,1.0
Cs,Triangular,1e-06,100000.0,10.0,100,1e-09,0.1
Cs,Triangular,1e-06,100000.0,10.0,100,1e-09,0.5
Cs,Triangular,1e-06,100000.0,10.0,100,1e-09,1.0
Cs,Triangular,1e-06,100000.0,10.0,100,5e-09,0.1
Cs,Triangular,1e-06,100000.0,10.0,100,5e-09,0.5
Cs,Triangular,1e-06,100000.0,10.0,100,5e-09,1.0
Cs,Triangular,1e-06,100000.0,10.0,100,1e-08,0.1
Cs,Triangular,1e-06,100000.0,10.0,100,1e-08,0.5
Cs,Triangular,1e-06,100000.0,10.0,100,1e-08,1.0
Cs,Triangular,1e-06,100000.0,10.0,200,1e-09,0.1
Cs,Triangular,1e-06,100000.0,10.0,200,1e-09,0.5
Cs,Triangular,1e-06,100000.0,10.0,200,1e-09,1.0
Cs,Triangular,1e-06,100000.0,10.0,200,5e-09,0.1
Cs,Triangular,1e-06,100000.0,10.0,200,5e-09,0.5
Cs,Triangular,1e-06,100000.0,10.0,200,5e-09,1.0
Cs,Triangular,1e-06,100000.0,10.0,200,1e-08,0.1
Cs,Triangular,1e-06,100000.0,10.0,200,1e-08,0.5
Cs,Triangular,1e-06,100000.0,10.0,200,1e-08,1.0
