epsilon,mean_frustration,b_0,b_1,b_2
0.100000,0.481815,50,0,0
0.575000,0.481815,1,0,7195
1.050000,0.481815,1,0,18424
1.525000,0.481815,1,0,18424
2.000000,0.481815,1,0,18424
